"evidence_intake_row_id","blocker_row_id","checklist_row_id","request_row_id","preflight_row_id","candidate_form_id","source_form_id","term_id","language_lane","english_concept","mathematical_domain","priority","candidate_note_values_sha256","blocker_class","missing_precondition","required_resolution_kind","evidence_intake_status","blank_evidence_fields_per_row","evidence_source_pointer_blank","evidence_date_blank","evidence_route_label_blank","evidence_owner_role_blank","evidence_dispatch_medium_blank","evidence_local_standard_route_blank","evidence_license_context_blank","evidence_decision_note_blank","evidence_values_filled","evidence_source_pointers_filled","evidence_reviewed","blocker_resolution_allowed_now","route_assignment_allowed_now","dispatch_allowed_now","return_ingestion_allowed_now","confirmation_application_allowed_now","reviewer_packet_population_allowed_now","source_text_copy_absent","source_language_terms_copy_absent","personal_contact_details_copy_absent"
"fj-dispatch-blocker-evidence-intake-0001","dispatch-blocker-fj-0001","dispatch-check-request-preflight-confirm-apply-candidate-filled-note-form-term-fr-0006","request-preflight-confirm-apply-candidate-filled-note-form-term-fr-0006","preflight-confirm-apply-candidate-filled-note-form-term-fr-0006","candidate-filled-note-form-term-fr-0006","note-form-term-fr-0006","term-fr-0006","french","module","module_theory","high","8B3207E61F62712347A122991E35F0D0ED69E72B176C1E1619F31BD0F624305E","route_label_filled","route_label_filled","fill_non_personal_route_label","blank_unfilled","8","True","True","True","True","True","True","True","True","0","0","False","False","False","False","False","False","False","True","True","True"
"fj-dispatch-blocker-evidence-intake-0002","dispatch-blocker-fj-0002","dispatch-check-request-preflight-confirm-apply-candidate-filled-note-form-term-fr-0006","request-preflight-confirm-apply-candidate-filled-note-form-term-fr-0006","preflight-confirm-apply-candidate-filled-note-form-term-fr-0006","candidate-filled-note-form-term-fr-0006","note-form-term-fr-0006","term-fr-0006","french","module","module_theory","high","8B3207E61F62712347A122991E35F0D0ED69E72B176C1E1619F31BD0F624305E","addressee_or_owner_role_filled","addressee_or_owner_role_filled","fill_non_personal_addressee_or_owner_role","blank_unfilled","8","True","True","True","True","True","True","True","True","0","0","False","False","False","False","False","False","False","True","True","True"
"fj-dispatch-blocker-evidence-intake-0003","dispatch-blocker-fj-0003","dispatch-check-request-preflight-confirm-apply-candidate-filled-note-form-term-fr-0006","request-preflight-confirm-apply-candidate-filled-note-form-term-fr-0006","preflight-confirm-apply-candidate-filled-note-form-term-fr-0006","candidate-filled-note-form-term-fr-0006","note-form-term-fr-0006","term-fr-0006","french","module","module_theory","high","8B3207E61F62712347A122991E35F0D0ED69E72B176C1E1619F31BD0F624305E","dispatch_medium_filled","dispatch_medium_filled","fill_dispatch_medium","blank_unfilled","8","True","True","True","True","True","True","True","True","0","0","False","False","False","False","False","False","False","True","True","True"
"fj-dispatch-blocker-evidence-intake-0004","dispatch-blocker-fj-0004","dispatch-check-request-preflight-confirm-apply-candidate-filled-note-form-term-fr-0006","request-preflight-confirm-apply-candidate-filled-note-form-term-fr-0006","preflight-confirm-apply-candidate-filled-note-form-term-fr-0006","candidate-filled-note-form-term-fr-0006","note-form-term-fr-0006","term-fr-0006","french","module","module_theory","high","8B3207E61F62712347A122991E35F0D0ED69E72B176C1E1619F31BD0F624305E","local_standard_route_filled","local_standard_route_filled","fill_local_standard_route","blank_unfilled","8","True","True","True","True","True","True","True","True","0","0","False","False","False","False","False","False","False","True","True","True"
"fj-dispatch-blocker-evidence-intake-0005","dispatch-blocker-fj-0005","dispatch-check-request-preflight-confirm-apply-candidate-filled-note-form-term-fr-0006","request-preflight-confirm-apply-candidate-filled-note-form-term-fr-0006","preflight-confirm-apply-candidate-filled-note-form-term-fr-0006","candidate-filled-note-form-term-fr-0006","note-form-term-fr-0006","term-fr-0006","french","module","module_theory","high","8B3207E61F62712347A122991E35F0D0ED69E72B176C1E1619F31BD0F624305E","license_context_note_filled","license_context_note_filled","fill_license_context_note","blank_unfilled","8","True","True","True","True","True","True","True","True","0","0","False","False","False","False","False","False","False","True","True","True"
"fj-dispatch-blocker-evidence-intake-0006","dispatch-blocker-fj-0006","dispatch-check-request-preflight-confirm-apply-candidate-filled-note-form-term-fr-0007","request-preflight-confirm-apply-candidate-filled-note-form-term-fr-0007","preflight-confirm-apply-candidate-filled-note-form-term-fr-0007","candidate-filled-note-form-term-fr-0007","note-form-term-fr-0007","term-fr-0007","french","quotient module","module_theory","high","87443B72CA955BDF33299EBCE42599CDE8A17BA363F27DB7CBCF73596B87C333","route_label_filled","route_label_filled","fill_non_personal_route_label","blank_unfilled","8","True","True","True","True","True","True","True","True","0","0","False","False","False","False","False","False","False","True","True","True"
"fj-dispatch-blocker-evidence-intake-0007","dispatch-blocker-fj-0007","dispatch-check-request-preflight-confirm-apply-candidate-filled-note-form-term-fr-0007","request-preflight-confirm-apply-candidate-filled-note-form-term-fr-0007","preflight-confirm-apply-candidate-filled-note-form-term-fr-0007","candidate-filled-note-form-term-fr-0007","note-form-term-fr-0007","term-fr-0007","french","quotient module","module_theory","high","87443B72CA955BDF33299EBCE42599CDE8A17BA363F27DB7CBCF73596B87C333","addressee_or_owner_role_filled","addressee_or_owner_role_filled","fill_non_personal_addressee_or_owner_role","blank_unfilled","8","True","True","True","True","True","True","True","True","0","0","False","False","False","False","False","False","False","True","True","True"
"fj-dispatch-blocker-evidence-intake-0008","dispatch-blocker-fj-0008","dispatch-check-request-preflight-confirm-apply-candidate-filled-note-form-term-fr-0007","request-preflight-confirm-apply-candidate-filled-note-form-term-fr-0007","preflight-confirm-apply-candidate-filled-note-form-term-fr-0007","candidate-filled-note-form-term-fr-0007","note-form-term-fr-0007","term-fr-0007","french","quotient module","module_theory","high","87443B72CA955BDF33299EBCE42599CDE8A17BA363F27DB7CBCF73596B87C333","dispatch_medium_filled","dispatch_medium_filled","fill_dispatch_medium","blank_unfilled","8","True","True","True","True","True","True","True","True","0","0","False","False","False","False","False","False","False","True","True","True"
"fj-dispatch-blocker-evidence-intake-0009","dispatch-blocker-fj-0009","dispatch-check-request-preflight-confirm-apply-candidate-filled-note-form-term-fr-0007","request-preflight-confirm-apply-candidate-filled-note-form-term-fr-0007","preflight-confirm-apply-candidate-filled-note-form-term-fr-0007","candidate-filled-note-form-term-fr-0007","note-form-term-fr-0007","term-fr-0007","french","quotient module","module_theory","high","87443B72CA955BDF33299EBCE42599CDE8A17BA363F27DB7CBCF73596B87C333","local_standard_route_filled","local_standard_route_filled","fill_local_standard_route","blank_unfilled","8","True","True","True","True","True","True","True","True","0","0","False","False","False","False","False","False","False","True","True","True"
"fj-dispatch-blocker-evidence-intake-0010","dispatch-blocker-fj-0010","dispatch-check-request-preflight-confirm-apply-candidate-filled-note-form-term-fr-0007","request-preflight-confirm-apply-candidate-filled-note-form-term-fr-0007","preflight-confirm-apply-candidate-filled-note-form-term-fr-0007","candidate-filled-note-form-term-fr-0007","note-form-term-fr-0007","term-fr-0007","french","quotient module","module_theory","high","87443B72CA955BDF33299EBCE42599CDE8A17BA363F27DB7CBCF73596B87C333","license_context_note_filled","license_context_note_filled","fill_license_context_note","blank_unfilled","8","True","True","True","True","True","True","True","True","0","0","False","False","False","False","False","False","False","True","True","True"
"fj-dispatch-blocker-evidence-intake-0011","dispatch-blocker-fj-0011","dispatch-check-request-preflight-confirm-apply-candidate-filled-note-form-term-fr-0008","request-preflight-confirm-apply-candidate-filled-note-form-term-fr-0008","preflight-confirm-apply-candidate-filled-note-form-term-fr-0008","candidate-filled-note-form-term-fr-0008","note-form-term-fr-0008","term-fr-0008","french","tensor product","module_theory","high","963DA8A85AA8CD7735F73ADBF8F688780641605789FB4F47831E84CFEF28DFC9","route_label_filled","route_label_filled","fill_non_personal_route_label","blank_unfilled","8","True","True","True","True","True","True","True","True","0","0","False","False","False","False","False","False","False","True","True","True"
"fj-dispatch-blocker-evidence-intake-0012","dispatch-blocker-fj-0012","dispatch-check-request-preflight-confirm-apply-candidate-filled-note-form-term-fr-0008","request-preflight-confirm-apply-candidate-filled-note-form-term-fr-0008","preflight-confirm-apply-candidate-filled-note-form-term-fr-0008","candidate-filled-note-form-term-fr-0008","note-form-term-fr-0008","term-fr-0008","french","tensor product","module_theory","high","963DA8A85AA8CD7735F73ADBF8F688780641605789FB4F47831E84CFEF28DFC9","addressee_or_owner_role_filled","addressee_or_owner_role_filled","fill_non_personal_addressee_or_owner_role","blank_unfilled","8","True","True","True","True","True","True","True","True","0","0","False","False","False","False","False","False","False","True","True","True"
"fj-dispatch-blocker-evidence-intake-0013","dispatch-blocker-fj-0013","dispatch-check-request-preflight-confirm-apply-candidate-filled-note-form-term-fr-0008","request-preflight-confirm-apply-candidate-filled-note-form-term-fr-0008","preflight-confirm-apply-candidate-filled-note-form-term-fr-0008","candidate-filled-note-form-term-fr-0008","note-form-term-fr-0008","term-fr-0008","french","tensor product","module_theory","high","963DA8A85AA8CD7735F73ADBF8F688780641605789FB4F47831E84CFEF28DFC9","dispatch_medium_filled","dispatch_medium_filled","fill_dispatch_medium","blank_unfilled","8","True","True","True","True","True","True","True","True","0","0","False","False","False","False","False","False","False","True","True","True"
"fj-dispatch-blocker-evidence-intake-0014","dispatch-blocker-fj-0014","dispatch-check-request-preflight-confirm-apply-candidate-filled-note-form-term-fr-0008","request-preflight-confirm-apply-candidate-filled-note-form-term-fr-0008","preflight-confirm-apply-candidate-filled-note-form-term-fr-0008","candidate-filled-note-form-term-fr-0008","note-form-term-fr-0008","term-fr-0008","french","tensor product","module_theory","high","963DA8A85AA8CD7735F73ADBF8F688780641605789FB4F47831E84CFEF28DFC9","local_standard_route_filled","local_standard_route_filled","fill_local_standard_route","blank_unfilled","8","True","True","True","True","True","True","True","True","0","0","False","False","False","False","False","False","False","True","True","True"
"fj-dispatch-blocker-evidence-intake-0015","dispatch-blocker-fj-0015","dispatch-check-request-preflight-confirm-apply-candidate-filled-note-form-term-fr-0008","request-preflight-confirm-apply-candidate-filled-note-form-term-fr-0008","preflight-confirm-apply-candidate-filled-note-form-term-fr-0008","candidate-filled-note-form-term-fr-0008","note-form-term-fr-0008","term-fr-0008","french","tensor product","module_theory","high","963DA8A85AA8CD7735F73ADBF8F688780641605789FB4F47831E84CFEF28DFC9","license_context_note_filled","license_context_note_filled","fill_license_context_note","blank_unfilled","8","True","True","True","True","True","True","True","True","0","0","False","False","False","False","False","False","False","True","True","True"
"fj-dispatch-blocker-evidence-intake-0016","dispatch-blocker-fj-0016","dispatch-check-request-preflight-confirm-apply-candidate-filled-note-form-term-fr-0009","request-preflight-confirm-apply-candidate-filled-note-form-term-fr-0009","preflight-confirm-apply-candidate-filled-note-form-term-fr-0009","candidate-filled-note-form-term-fr-0009","note-form-term-fr-0009","term-fr-0009","french","submodule","module_theory","high","D107A6BEDB8FA22A09F19BDCC807116FC5EAAC7C48F319523A9B318F67DCE1EB","route_label_filled","route_label_filled","fill_non_personal_route_label","blank_unfilled","8","True","True","True","True","True","True","True","True","0","0","False","False","False","False","False","False","False","True","True","True"
"fj-dispatch-blocker-evidence-intake-0017","dispatch-blocker-fj-0017","dispatch-check-request-preflight-confirm-apply-candidate-filled-note-form-term-fr-0009","request-preflight-confirm-apply-candidate-filled-note-form-term-fr-0009","preflight-confirm-apply-candidate-filled-note-form-term-fr-0009","candidate-filled-note-form-term-fr-0009","note-form-term-fr-0009","term-fr-0009","french","submodule","module_theory","high","D107A6BEDB8FA22A09F19BDCC807116FC5EAAC7C48F319523A9B318F67DCE1EB","addressee_or_owner_role_filled","addressee_or_owner_role_filled","fill_non_personal_addressee_or_owner_role","blank_unfilled","8","True","True","True","True","True","True","True","True","0","0","False","False","False","False","False","False","False","True","True","True"
"fj-dispatch-blocker-evidence-intake-0018","dispatch-blocker-fj-0018","dispatch-check-request-preflight-confirm-apply-candidate-filled-note-form-term-fr-0009","request-preflight-confirm-apply-candidate-filled-note-form-term-fr-0009","preflight-confirm-apply-candidate-filled-note-form-term-fr-0009","candidate-filled-note-form-term-fr-0009","note-form-term-fr-0009","term-fr-0009","french","submodule","module_theory","high","D107A6BEDB8FA22A09F19BDCC807116FC5EAAC7C48F319523A9B318F67DCE1EB","dispatch_medium_filled","dispatch_medium_filled","fill_dispatch_medium","blank_unfilled","8","True","True","True","True","True","True","True","True","0","0","False","False","False","False","False","False","False","True","True","True"
"fj-dispatch-blocker-evidence-intake-0019","dispatch-blocker-fj-0019","dispatch-check-request-preflight-confirm-apply-candidate-filled-note-form-term-fr-0009","request-preflight-confirm-apply-candidate-filled-note-form-term-fr-0009","preflight-confirm-apply-candidate-filled-note-form-term-fr-0009","candidate-filled-note-form-term-fr-0009","note-form-term-fr-0009","term-fr-0009","french","submodule","module_theory","high","D107A6BEDB8FA22A09F19BDCC807116FC5EAAC7C48F319523A9B318F67DCE1EB","local_standard_route_filled","local_standard_route_filled","fill_local_standard_route","blank_unfilled","8","True","True","True","True","True","True","True","True","0","0","False","False","False","False","False","False","False","True","True","True"
"fj-dispatch-blocker-evidence-intake-0020","dispatch-blocker-fj-0020","dispatch-check-request-preflight-confirm-apply-candidate-filled-note-form-term-fr-0009","request-preflight-confirm-apply-candidate-filled-note-form-term-fr-0009","preflight-confirm-apply-candidate-filled-note-form-term-fr-0009","candidate-filled-note-form-term-fr-0009","note-form-term-fr-0009","term-fr-0009","french","submodule","module_theory","high","D107A6BEDB8FA22A09F19BDCC807116FC5EAAC7C48F319523A9B318F67DCE1EB","license_context_note_filled","license_context_note_filled","fill_license_context_note","blank_unfilled","8","True","True","True","True","True","True","True","True","0","0","False","False","False","False","False","False","False","True","True","True"
"fj-dispatch-blocker-evidence-intake-0021","dispatch-blocker-fj-0021","dispatch-check-request-preflight-confirm-apply-candidate-filled-note-form-term-fr-0014","request-preflight-confirm-apply-candidate-filled-note-form-term-fr-0014","preflight-confirm-apply-candidate-filled-note-form-term-fr-0014","candidate-filled-note-form-term-fr-0014","note-form-term-fr-0014","term-fr-0014","french","Noetherian ring","noetherian","high","8FD04BB73BF83ECE84983742AD7B84A112CFC61E442FE10441D0DE8DC5CABC91","route_label_filled","route_label_filled","fill_non_personal_route_label","blank_unfilled","8","True","True","True","True","True","True","True","True","0","0","False","False","False","False","False","False","False","True","True","True"
"fj-dispatch-blocker-evidence-intake-0022","dispatch-blocker-fj-0022","dispatch-check-request-preflight-confirm-apply-candidate-filled-note-form-term-fr-0014","request-preflight-confirm-apply-candidate-filled-note-form-term-fr-0014","preflight-confirm-apply-candidate-filled-note-form-term-fr-0014","candidate-filled-note-form-term-fr-0014","note-form-term-fr-0014","term-fr-0014","french","Noetherian ring","noetherian","high","8FD04BB73BF83ECE84983742AD7B84A112CFC61E442FE10441D0DE8DC5CABC91","addressee_or_owner_role_filled","addressee_or_owner_role_filled","fill_non_personal_addressee_or_owner_role","blank_unfilled","8","True","True","True","True","True","True","True","True","0","0","False","False","False","False","False","False","False","True","True","True"
"fj-dispatch-blocker-evidence-intake-0023","dispatch-blocker-fj-0023","dispatch-check-request-preflight-confirm-apply-candidate-filled-note-form-term-fr-0014","request-preflight-confirm-apply-candidate-filled-note-form-term-fr-0014","preflight-confirm-apply-candidate-filled-note-form-term-fr-0014","candidate-filled-note-form-term-fr-0014","note-form-term-fr-0014","term-fr-0014","french","Noetherian ring","noetherian","high","8FD04BB73BF83ECE84983742AD7B84A112CFC61E442FE10441D0DE8DC5CABC91","dispatch_medium_filled","dispatch_medium_filled","fill_dispatch_medium","blank_unfilled","8","True","True","True","True","True","True","True","True","0","0","False","False","False","False","False","False","False","True","True","True"
"fj-dispatch-blocker-evidence-intake-0024","dispatch-blocker-fj-0024","dispatch-check-request-preflight-confirm-apply-candidate-filled-note-form-term-fr-0014","request-preflight-confirm-apply-candidate-filled-note-form-term-fr-0014","preflight-confirm-apply-candidate-filled-note-form-term-fr-0014","candidate-filled-note-form-term-fr-0014","note-form-term-fr-0014","term-fr-0014","french","Noetherian ring","noetherian","high","8FD04BB73BF83ECE84983742AD7B84A112CFC61E442FE10441D0DE8DC5CABC91","local_standard_route_filled","local_standard_route_filled","fill_local_standard_route","blank_unfilled","8","True","True","True","True","True","True","True","True","0","0","False","False","False","False","False","False","False","True","True","True"
"fj-dispatch-blocker-evidence-intake-0025","dispatch-blocker-fj-0025","dispatch-check-request-preflight-confirm-apply-candidate-filled-note-form-term-fr-0014","request-preflight-confirm-apply-candidate-filled-note-form-term-fr-0014","preflight-confirm-apply-candidate-filled-note-form-term-fr-0014","candidate-filled-note-form-term-fr-0014","note-form-term-fr-0014","term-fr-0014","french","Noetherian ring","noetherian","high","8FD04BB73BF83ECE84983742AD7B84A112CFC61E442FE10441D0DE8DC5CABC91","license_context_note_filled","license_context_note_filled","fill_license_context_note","blank_unfilled","8","True","True","True","True","True","True","True","True","0","0","False","False","False","False","False","False","False","True","True","True"
"fj-dispatch-blocker-evidence-intake-0026","dispatch-blocker-fj-0026","dispatch-check-request-preflight-confirm-apply-candidate-filled-note-form-term-fr-0015","request-preflight-confirm-apply-candidate-filled-note-form-term-fr-0015","preflight-confirm-apply-candidate-filled-note-form-term-fr-0015","candidate-filled-note-form-term-fr-0015","note-form-term-fr-0015","term-fr-0015","french","Noetherian","noetherian","high","847C406A9D5E05F4B0464E39FEC70567B36C14143E4644C2301D7EFE58D61F72","route_label_filled","route_label_filled","fill_non_personal_route_label","blank_unfilled","8","True","True","True","True","True","True","True","True","0","0","False","False","False","False","False","False","False","True","True","True"
"fj-dispatch-blocker-evidence-intake-0027","dispatch-blocker-fj-0027","dispatch-check-request-preflight-confirm-apply-candidate-filled-note-form-term-fr-0015","request-preflight-confirm-apply-candidate-filled-note-form-term-fr-0015","preflight-confirm-apply-candidate-filled-note-form-term-fr-0015","candidate-filled-note-form-term-fr-0015","note-form-term-fr-0015","term-fr-0015","french","Noetherian","noetherian","high","847C406A9D5E05F4B0464E39FEC70567B36C14143E4644C2301D7EFE58D61F72","addressee_or_owner_role_filled","addressee_or_owner_role_filled","fill_non_personal_addressee_or_owner_role","blank_unfilled","8","True","True","True","True","True","True","True","True","0","0","False","False","False","False","False","False","False","True","True","True"
"fj-dispatch-blocker-evidence-intake-0028","dispatch-blocker-fj-0028","dispatch-check-request-preflight-confirm-apply-candidate-filled-note-form-term-fr-0015","request-preflight-confirm-apply-candidate-filled-note-form-term-fr-0015","preflight-confirm-apply-candidate-filled-note-form-term-fr-0015","candidate-filled-note-form-term-fr-0015","note-form-term-fr-0015","term-fr-0015","french","Noetherian","noetherian","high","847C406A9D5E05F4B0464E39FEC70567B36C14143E4644C2301D7EFE58D61F72","dispatch_medium_filled","dispatch_medium_filled","fill_dispatch_medium","blank_unfilled","8","True","True","True","True","True","True","True","True","0","0","False","False","False","False","False","False","False","True","True","True"
"fj-dispatch-blocker-evidence-intake-0029","dispatch-blocker-fj-0029","dispatch-check-request-preflight-confirm-apply-candidate-filled-note-form-term-fr-0015","request-preflight-confirm-apply-candidate-filled-note-form-term-fr-0015","preflight-confirm-apply-candidate-filled-note-form-term-fr-0015","candidate-filled-note-form-term-fr-0015","note-form-term-fr-0015","term-fr-0015","french","Noetherian","noetherian","high","847C406A9D5E05F4B0464E39FEC70567B36C14143E4644C2301D7EFE58D61F72","local_standard_route_filled","local_standard_route_filled","fill_local_standard_route","blank_unfilled","8","True","True","True","True","True","True","True","True","0","0","False","False","False","False","False","False","False","True","True","True"
"fj-dispatch-blocker-evidence-intake-0030","dispatch-blocker-fj-0030","dispatch-check-request-preflight-confirm-apply-candidate-filled-note-form-term-fr-0015","request-preflight-confirm-apply-candidate-filled-note-form-term-fr-0015","preflight-confirm-apply-candidate-filled-note-form-term-fr-0015","candidate-filled-note-form-term-fr-0015","note-form-term-fr-0015","term-fr-0015","french","Noetherian","noetherian","high","847C406A9D5E05F4B0464E39FEC70567B36C14143E4644C2301D7EFE58D61F72","license_context_note_filled","license_context_note_filled","fill_license_context_note","blank_unfilled","8","True","True","True","True","True","True","True","True","0","0","False","False","False","False","False","False","False","True","True","True"
"fj-dispatch-blocker-evidence-intake-0031","dispatch-blocker-fj-0031","dispatch-check-request-preflight-confirm-apply-candidate-filled-note-form-term-fr-0016","request-preflight-confirm-apply-candidate-filled-note-form-term-fr-0016","preflight-confirm-apply-candidate-filled-note-form-term-fr-0016","candidate-filled-note-form-term-fr-0016","note-form-term-fr-0016","term-fr-0016","french","irreducible","representation_theory","high","4CEEE4F8BD849F5582D3A63A6D677EA152245E640FBE9BF35F63168CBD4C1E12","route_label_filled","route_label_filled","fill_non_personal_route_label","blank_unfilled","8","True","True","True","True","True","True","True","True","0","0","False","False","False","False","False","False","False","True","True","True"
"fj-dispatch-blocker-evidence-intake-0032","dispatch-blocker-fj-0032","dispatch-check-request-preflight-confirm-apply-candidate-filled-note-form-term-fr-0016","request-preflight-confirm-apply-candidate-filled-note-form-term-fr-0016","preflight-confirm-apply-candidate-filled-note-form-term-fr-0016","candidate-filled-note-form-term-fr-0016","note-form-term-fr-0016","term-fr-0016","french","irreducible","representation_theory","high","4CEEE4F8BD849F5582D3A63A6D677EA152245E640FBE9BF35F63168CBD4C1E12","addressee_or_owner_role_filled","addressee_or_owner_role_filled","fill_non_personal_addressee_or_owner_role","blank_unfilled","8","True","True","True","True","True","True","True","True","0","0","False","False","False","False","False","False","False","True","True","True"
"fj-dispatch-blocker-evidence-intake-0033","dispatch-blocker-fj-0033","dispatch-check-request-preflight-confirm-apply-candidate-filled-note-form-term-fr-0016","request-preflight-confirm-apply-candidate-filled-note-form-term-fr-0016","preflight-confirm-apply-candidate-filled-note-form-term-fr-0016","candidate-filled-note-form-term-fr-0016","note-form-term-fr-0016","term-fr-0016","french","irreducible","representation_theory","high","4CEEE4F8BD849F5582D3A63A6D677EA152245E640FBE9BF35F63168CBD4C1E12","dispatch_medium_filled","dispatch_medium_filled","fill_dispatch_medium","blank_unfilled","8","True","True","True","True","True","True","True","True","0","0","False","False","False","False","False","False","False","True","True","True"
"fj-dispatch-blocker-evidence-intake-0034","dispatch-blocker-fj-0034","dispatch-check-request-preflight-confirm-apply-candidate-filled-note-form-term-fr-0016","request-preflight-confirm-apply-candidate-filled-note-form-term-fr-0016","preflight-confirm-apply-candidate-filled-note-form-term-fr-0016","candidate-filled-note-form-term-fr-0016","note-form-term-fr-0016","term-fr-0016","french","irreducible","representation_theory","high","4CEEE4F8BD849F5582D3A63A6D677EA152245E640FBE9BF35F63168CBD4C1E12","local_standard_route_filled","local_standard_route_filled","fill_local_standard_route","blank_unfilled","8","True","True","True","True","True","True","True","True","0","0","False","False","False","False","False","False","False","True","True","True"
"fj-dispatch-blocker-evidence-intake-0035","dispatch-blocker-fj-0035","dispatch-check-request-preflight-confirm-apply-candidate-filled-note-form-term-fr-0016","request-preflight-confirm-apply-candidate-filled-note-form-term-fr-0016","preflight-confirm-apply-candidate-filled-note-form-term-fr-0016","candidate-filled-note-form-term-fr-0016","note-form-term-fr-0016","term-fr-0016","french","irreducible","representation_theory","high","4CEEE4F8BD849F5582D3A63A6D677EA152245E640FBE9BF35F63168CBD4C1E12","license_context_note_filled","license_context_note_filled","fill_license_context_note","blank_unfilled","8","True","True","True","True","True","True","True","True","0","0","False","False","False","False","False","False","False","True","True","True"
"fj-dispatch-blocker-evidence-intake-0036","dispatch-blocker-fj-0036","dispatch-check-request-preflight-confirm-apply-candidate-filled-note-form-term-fr-0017","request-preflight-confirm-apply-candidate-filled-note-form-term-fr-0017","preflight-confirm-apply-candidate-filled-note-form-term-fr-0017","candidate-filled-note-form-term-fr-0017","note-form-term-fr-0017","term-fr-0017","french","representation","representation_theory","high","A49C12E2E71C67AD1B5AE149A6AE6570BEA099593261A6902B4786E769FB020B","route_label_filled","route_label_filled","fill_non_personal_route_label","blank_unfilled","8","True","True","True","True","True","True","True","True","0","0","False","False","False","False","False","False","False","True","True","True"
"fj-dispatch-blocker-evidence-intake-0037","dispatch-blocker-fj-0037","dispatch-check-request-preflight-confirm-apply-candidate-filled-note-form-term-fr-0017","request-preflight-confirm-apply-candidate-filled-note-form-term-fr-0017","preflight-confirm-apply-candidate-filled-note-form-term-fr-0017","candidate-filled-note-form-term-fr-0017","note-form-term-fr-0017","term-fr-0017","french","representation","representation_theory","high","A49C12E2E71C67AD1B5AE149A6AE6570BEA099593261A6902B4786E769FB020B","addressee_or_owner_role_filled","addressee_or_owner_role_filled","fill_non_personal_addressee_or_owner_role","blank_unfilled","8","True","True","True","True","True","True","True","True","0","0","False","False","False","False","False","False","False","True","True","True"
"fj-dispatch-blocker-evidence-intake-0038","dispatch-blocker-fj-0038","dispatch-check-request-preflight-confirm-apply-candidate-filled-note-form-term-fr-0017","request-preflight-confirm-apply-candidate-filled-note-form-term-fr-0017","preflight-confirm-apply-candidate-filled-note-form-term-fr-0017","candidate-filled-note-form-term-fr-0017","note-form-term-fr-0017","term-fr-0017","french","representation","representation_theory","high","A49C12E2E71C67AD1B5AE149A6AE6570BEA099593261A6902B4786E769FB020B","dispatch_medium_filled","dispatch_medium_filled","fill_dispatch_medium","blank_unfilled","8","True","True","True","True","True","True","True","True","0","0","False","False","False","False","False","False","False","True","True","True"
"fj-dispatch-blocker-evidence-intake-0039","dispatch-blocker-fj-0039","dispatch-check-request-preflight-confirm-apply-candidate-filled-note-form-term-fr-0017","request-preflight-confirm-apply-candidate-filled-note-form-term-fr-0017","preflight-confirm-apply-candidate-filled-note-form-term-fr-0017","candidate-filled-note-form-term-fr-0017","note-form-term-fr-0017","term-fr-0017","french","representation","representation_theory","high","A49C12E2E71C67AD1B5AE149A6AE6570BEA099593261A6902B4786E769FB020B","local_standard_route_filled","local_standard_route_filled","fill_local_standard_route","blank_unfilled","8","True","True","True","True","True","True","True","True","0","0","False","False","False","False","False","False","False","True","True","True"
"fj-dispatch-blocker-evidence-intake-0040","dispatch-blocker-fj-0040","dispatch-check-request-preflight-confirm-apply-candidate-filled-note-form-term-fr-0017","request-preflight-confirm-apply-candidate-filled-note-form-term-fr-0017","preflight-confirm-apply-candidate-filled-note-form-term-fr-0017","candidate-filled-note-form-term-fr-0017","note-form-term-fr-0017","term-fr-0017","french","representation","representation_theory","high","A49C12E2E71C67AD1B5AE149A6AE6570BEA099593261A6902B4786E769FB020B","license_context_note_filled","license_context_note_filled","fill_license_context_note","blank_unfilled","8","True","True","True","True","True","True","True","True","0","0","False","False","False","False","False","False","False","True","True","True"
"fj-dispatch-blocker-evidence-intake-0041","dispatch-blocker-fj-0041","dispatch-check-request-preflight-confirm-apply-candidate-filled-note-form-term-fr-0018","request-preflight-confirm-apply-candidate-filled-note-form-term-fr-0018","preflight-confirm-apply-candidate-filled-note-form-term-fr-0018","candidate-filled-note-form-term-fr-0018","note-form-term-fr-0018","term-fr-0018","french","ring","ring_theory","medium","569D91249C13447635D4144DEA9C6AAE5BF21E3E5A3916CB9B7FEBEF3BBA47FC","route_label_filled","route_label_filled","fill_non_personal_route_label","blank_unfilled","8","True","True","True","True","True","True","True","True","0","0","False","False","False","False","False","False","False","True","True","True"
"fj-dispatch-blocker-evidence-intake-0042","dispatch-blocker-fj-0042","dispatch-check-request-preflight-confirm-apply-candidate-filled-note-form-term-fr-0018","request-preflight-confirm-apply-candidate-filled-note-form-term-fr-0018","preflight-confirm-apply-candidate-filled-note-form-term-fr-0018","candidate-filled-note-form-term-fr-0018","note-form-term-fr-0018","term-fr-0018","french","ring","ring_theory","medium","569D91249C13447635D4144DEA9C6AAE5BF21E3E5A3916CB9B7FEBEF3BBA47FC","addressee_or_owner_role_filled","addressee_or_owner_role_filled","fill_non_personal_addressee_or_owner_role","blank_unfilled","8","True","True","True","True","True","True","True","True","0","0","False","False","False","False","False","False","False","True","True","True"
"fj-dispatch-blocker-evidence-intake-0043","dispatch-blocker-fj-0043","dispatch-check-request-preflight-confirm-apply-candidate-filled-note-form-term-fr-0018","request-preflight-confirm-apply-candidate-filled-note-form-term-fr-0018","preflight-confirm-apply-candidate-filled-note-form-term-fr-0018","candidate-filled-note-form-term-fr-0018","note-form-term-fr-0018","term-fr-0018","french","ring","ring_theory","medium","569D91249C13447635D4144DEA9C6AAE5BF21E3E5A3916CB9B7FEBEF3BBA47FC","dispatch_medium_filled","dispatch_medium_filled","fill_dispatch_medium","blank_unfilled","8","True","True","True","True","True","True","True","True","0","0","False","False","False","False","False","False","False","True","True","True"
"fj-dispatch-blocker-evidence-intake-0044","dispatch-blocker-fj-0044","dispatch-check-request-preflight-confirm-apply-candidate-filled-note-form-term-fr-0018","request-preflight-confirm-apply-candidate-filled-note-form-term-fr-0018","preflight-confirm-apply-candidate-filled-note-form-term-fr-0018","candidate-filled-note-form-term-fr-0018","note-form-term-fr-0018","term-fr-0018","french","ring","ring_theory","medium","569D91249C13447635D4144DEA9C6AAE5BF21E3E5A3916CB9B7FEBEF3BBA47FC","local_standard_route_filled","local_standard_route_filled","fill_local_standard_route","blank_unfilled","8","True","True","True","True","True","True","True","True","0","0","False","False","False","False","False","False","False","True","True","True"
"fj-dispatch-blocker-evidence-intake-0045","dispatch-blocker-fj-0045","dispatch-check-request-preflight-confirm-apply-candidate-filled-note-form-term-fr-0018","request-preflight-confirm-apply-candidate-filled-note-form-term-fr-0018","preflight-confirm-apply-candidate-filled-note-form-term-fr-0018","candidate-filled-note-form-term-fr-0018","note-form-term-fr-0018","term-fr-0018","french","ring","ring_theory","medium","569D91249C13447635D4144DEA9C6AAE5BF21E3E5A3916CB9B7FEBEF3BBA47FC","license_context_note_filled","license_context_note_filled","fill_license_context_note","blank_unfilled","8","True","True","True","True","True","True","True","True","0","0","False","False","False","False","False","False","False","True","True","True"
"fj-dispatch-blocker-evidence-intake-0046","dispatch-blocker-fj-0046","dispatch-check-request-preflight-confirm-apply-candidate-filled-note-form-term-fr-0019","request-preflight-confirm-apply-candidate-filled-note-form-term-fr-0019","preflight-confirm-apply-candidate-filled-note-form-term-fr-0019","candidate-filled-note-form-term-fr-0019","note-form-term-fr-0019","term-fr-0019","french","ideal","ring_theory","medium","494F420850562C05F080E959B6ABD6B9F2F79CC85A4921977C8D6A9D792777D2","route_label_filled","route_label_filled","fill_non_personal_route_label","blank_unfilled","8","True","True","True","True","True","True","True","True","0","0","False","False","False","False","False","False","False","True","True","True"
"fj-dispatch-blocker-evidence-intake-0047","dispatch-blocker-fj-0047","dispatch-check-request-preflight-confirm-apply-candidate-filled-note-form-term-fr-0019","request-preflight-confirm-apply-candidate-filled-note-form-term-fr-0019","preflight-confirm-apply-candidate-filled-note-form-term-fr-0019","candidate-filled-note-form-term-fr-0019","note-form-term-fr-0019","term-fr-0019","french","ideal","ring_theory","medium","494F420850562C05F080E959B6ABD6B9F2F79CC85A4921977C8D6A9D792777D2","addressee_or_owner_role_filled","addressee_or_owner_role_filled","fill_non_personal_addressee_or_owner_role","blank_unfilled","8","True","True","True","True","True","True","True","True","0","0","False","False","False","False","False","False","False","True","True","True"
"fj-dispatch-blocker-evidence-intake-0048","dispatch-blocker-fj-0048","dispatch-check-request-preflight-confirm-apply-candidate-filled-note-form-term-fr-0019","request-preflight-confirm-apply-candidate-filled-note-form-term-fr-0019","preflight-confirm-apply-candidate-filled-note-form-term-fr-0019","candidate-filled-note-form-term-fr-0019","note-form-term-fr-0019","term-fr-0019","french","ideal","ring_theory","medium","494F420850562C05F080E959B6ABD6B9F2F79CC85A4921977C8D6A9D792777D2","dispatch_medium_filled","dispatch_medium_filled","fill_dispatch_medium","blank_unfilled","8","True","True","True","True","True","True","True","True","0","0","False","False","False","False","False","False","False","True","True","True"
"fj-dispatch-blocker-evidence-intake-0049","dispatch-blocker-fj-0049","dispatch-check-request-preflight-confirm-apply-candidate-filled-note-form-term-fr-0019","request-preflight-confirm-apply-candidate-filled-note-form-term-fr-0019","preflight-confirm-apply-candidate-filled-note-form-term-fr-0019","candidate-filled-note-form-term-fr-0019","note-form-term-fr-0019","term-fr-0019","french","ideal","ring_theory","medium","494F420850562C05F080E959B6ABD6B9F2F79CC85A4921977C8D6A9D792777D2","local_standard_route_filled","local_standard_route_filled","fill_local_standard_route","blank_unfilled","8","True","True","True","True","True","True","True","True","0","0","False","False","False","False","False","False","False","True","True","True"
"fj-dispatch-blocker-evidence-intake-0050","dispatch-blocker-fj-0050","dispatch-check-request-preflight-confirm-apply-candidate-filled-note-form-term-fr-0019","request-preflight-confirm-apply-candidate-filled-note-form-term-fr-0019","preflight-confirm-apply-candidate-filled-note-form-term-fr-0019","candidate-filled-note-form-term-fr-0019","note-form-term-fr-0019","term-fr-0019","french","ideal","ring_theory","medium","494F420850562C05F080E959B6ABD6B9F2F79CC85A4921977C8D6A9D792777D2","license_context_note_filled","license_context_note_filled","fill_license_context_note","blank_unfilled","8","True","True","True","True","True","True","True","True","0","0","False","False","False","False","False","False","False","True","True","True"
"fj-dispatch-blocker-evidence-intake-0051","dispatch-blocker-fj-0051","dispatch-check-request-preflight-confirm-apply-candidate-filled-note-form-term-fr-0020","request-preflight-confirm-apply-candidate-filled-note-form-term-fr-0020","preflight-confirm-apply-candidate-filled-note-form-term-fr-0020","candidate-filled-note-form-term-fr-0020","note-form-term-fr-0020","term-fr-0020","french","maximal ideal","ring_theory","medium","9962BCD4341FE81C94B577FF7CE816D79ADFE311F589ADC91BB5C744FBC0DFFA","route_label_filled","route_label_filled","fill_non_personal_route_label","blank_unfilled","8","True","True","True","True","True","True","True","True","0","0","False","False","False","False","False","False","False","True","True","True"
"fj-dispatch-blocker-evidence-intake-0052","dispatch-blocker-fj-0052","dispatch-check-request-preflight-confirm-apply-candidate-filled-note-form-term-fr-0020","request-preflight-confirm-apply-candidate-filled-note-form-term-fr-0020","preflight-confirm-apply-candidate-filled-note-form-term-fr-0020","candidate-filled-note-form-term-fr-0020","note-form-term-fr-0020","term-fr-0020","french","maximal ideal","ring_theory","medium","9962BCD4341FE81C94B577FF7CE816D79ADFE311F589ADC91BB5C744FBC0DFFA","addressee_or_owner_role_filled","addressee_or_owner_role_filled","fill_non_personal_addressee_or_owner_role","blank_unfilled","8","True","True","True","True","True","True","True","True","0","0","False","False","False","False","False","False","False","True","True","True"
"fj-dispatch-blocker-evidence-intake-0053","dispatch-blocker-fj-0053","dispatch-check-request-preflight-confirm-apply-candidate-filled-note-form-term-fr-0020","request-preflight-confirm-apply-candidate-filled-note-form-term-fr-0020","preflight-confirm-apply-candidate-filled-note-form-term-fr-0020","candidate-filled-note-form-term-fr-0020","note-form-term-fr-0020","term-fr-0020","french","maximal ideal","ring_theory","medium","9962BCD4341FE81C94B577FF7CE816D79ADFE311F589ADC91BB5C744FBC0DFFA","dispatch_medium_filled","dispatch_medium_filled","fill_dispatch_medium","blank_unfilled","8","True","True","True","True","True","True","True","True","0","0","False","False","False","False","False","False","False","True","True","True"
"fj-dispatch-blocker-evidence-intake-0054","dispatch-blocker-fj-0054","dispatch-check-request-preflight-confirm-apply-candidate-filled-note-form-term-fr-0020","request-preflight-confirm-apply-candidate-filled-note-form-term-fr-0020","preflight-confirm-apply-candidate-filled-note-form-term-fr-0020","candidate-filled-note-form-term-fr-0020","note-form-term-fr-0020","term-fr-0020","french","maximal ideal","ring_theory","medium","9962BCD4341FE81C94B577FF7CE816D79ADFE311F589ADC91BB5C744FBC0DFFA","local_standard_route_filled","local_standard_route_filled","fill_local_standard_route","blank_unfilled","8","True","True","True","True","True","True","True","True","0","0","False","False","False","False","False","False","False","True","True","True"
"fj-dispatch-blocker-evidence-intake-0055","dispatch-blocker-fj-0055","dispatch-check-request-preflight-confirm-apply-candidate-filled-note-form-term-fr-0020","request-preflight-confirm-apply-candidate-filled-note-form-term-fr-0020","preflight-confirm-apply-candidate-filled-note-form-term-fr-0020","candidate-filled-note-form-term-fr-0020","note-form-term-fr-0020","term-fr-0020","french","maximal ideal","ring_theory","medium","9962BCD4341FE81C94B577FF7CE816D79ADFE311F589ADC91BB5C744FBC0DFFA","license_context_note_filled","license_context_note_filled","fill_license_context_note","blank_unfilled","8","True","True","True","True","True","True","True","True","0","0","False","False","False","False","False","False","False","True","True","True"
"fj-dispatch-blocker-evidence-intake-0056","dispatch-blocker-fj-0056","dispatch-check-request-preflight-confirm-apply-candidate-filled-note-form-term-fr-0021","request-preflight-confirm-apply-candidate-filled-note-form-term-fr-0021","preflight-confirm-apply-candidate-filled-note-form-term-fr-0021","candidate-filled-note-form-term-fr-0021","note-form-term-fr-0021","term-fr-0021","french","prime ideal","ring_theory","medium","0F298044D438BE4D0D6F3DF7409F49DC5FF958AE7EC3F8530FFEB361C5826237","route_label_filled","route_label_filled","fill_non_personal_route_label","blank_unfilled","8","True","True","True","True","True","True","True","True","0","0","False","False","False","False","False","False","False","True","True","True"
"fj-dispatch-blocker-evidence-intake-0057","dispatch-blocker-fj-0057","dispatch-check-request-preflight-confirm-apply-candidate-filled-note-form-term-fr-0021","request-preflight-confirm-apply-candidate-filled-note-form-term-fr-0021","preflight-confirm-apply-candidate-filled-note-form-term-fr-0021","candidate-filled-note-form-term-fr-0021","note-form-term-fr-0021","term-fr-0021","french","prime ideal","ring_theory","medium","0F298044D438BE4D0D6F3DF7409F49DC5FF958AE7EC3F8530FFEB361C5826237","addressee_or_owner_role_filled","addressee_or_owner_role_filled","fill_non_personal_addressee_or_owner_role","blank_unfilled","8","True","True","True","True","True","True","True","True","0","0","False","False","False","False","False","False","False","True","True","True"
"fj-dispatch-blocker-evidence-intake-0058","dispatch-blocker-fj-0058","dispatch-check-request-preflight-confirm-apply-candidate-filled-note-form-term-fr-0021","request-preflight-confirm-apply-candidate-filled-note-form-term-fr-0021","preflight-confirm-apply-candidate-filled-note-form-term-fr-0021","candidate-filled-note-form-term-fr-0021","note-form-term-fr-0021","term-fr-0021","french","prime ideal","ring_theory","medium","0F298044D438BE4D0D6F3DF7409F49DC5FF958AE7EC3F8530FFEB361C5826237","dispatch_medium_filled","dispatch_medium_filled","fill_dispatch_medium","blank_unfilled","8","True","True","True","True","True","True","True","True","0","0","False","False","False","False","False","False","False","True","True","True"
"fj-dispatch-blocker-evidence-intake-0059","dispatch-blocker-fj-0059","dispatch-check-request-preflight-confirm-apply-candidate-filled-note-form-term-fr-0021","request-preflight-confirm-apply-candidate-filled-note-form-term-fr-0021","preflight-confirm-apply-candidate-filled-note-form-term-fr-0021","candidate-filled-note-form-term-fr-0021","note-form-term-fr-0021","term-fr-0021","french","prime ideal","ring_theory","medium","0F298044D438BE4D0D6F3DF7409F49DC5FF958AE7EC3F8530FFEB361C5826237","local_standard_route_filled","local_standard_route_filled","fill_local_standard_route","blank_unfilled","8","True","True","True","True","True","True","True","True","0","0","False","False","False","False","False","False","False","True","True","True"
"fj-dispatch-blocker-evidence-intake-0060","dispatch-blocker-fj-0060","dispatch-check-request-preflight-confirm-apply-candidate-filled-note-form-term-fr-0021","request-preflight-confirm-apply-candidate-filled-note-form-term-fr-0021","preflight-confirm-apply-candidate-filled-note-form-term-fr-0021","candidate-filled-note-form-term-fr-0021","note-form-term-fr-0021","term-fr-0021","french","prime ideal","ring_theory","medium","0F298044D438BE4D0D6F3DF7409F49DC5FF958AE7EC3F8530FFEB361C5826237","license_context_note_filled","license_context_note_filled","fill_license_context_note","blank_unfilled","8","True","True","True","True","True","True","True","True","0","0","False","False","False","False","False","False","False","True","True","True"
"fj-dispatch-blocker-evidence-intake-0061","dispatch-blocker-fj-0061","dispatch-check-request-preflight-confirm-apply-candidate-filled-note-form-term-fr-0001","request-preflight-confirm-apply-candidate-filled-note-form-term-fr-0001","preflight-confirm-apply-candidate-filled-note-form-term-fr-0001","candidate-filled-note-form-term-fr-0001","note-form-term-fr-0001","term-fr-0001","french","algebra","algebra_core","normal","532914E27A49A591C8139B267A4A49A497C57EB2CF8469582E0C7905DD0B2FE7","route_label_filled","route_label_filled","fill_non_personal_route_label","blank_unfilled","8","True","True","True","True","True","True","True","True","0","0","False","False","False","False","False","False","False","True","True","True"
"fj-dispatch-blocker-evidence-intake-0062","dispatch-blocker-fj-0062","dispatch-check-request-preflight-confirm-apply-candidate-filled-note-form-term-fr-0001","request-preflight-confirm-apply-candidate-filled-note-form-term-fr-0001","preflight-confirm-apply-candidate-filled-note-form-term-fr-0001","candidate-filled-note-form-term-fr-0001","note-form-term-fr-0001","term-fr-0001","french","algebra","algebra_core","normal","532914E27A49A591C8139B267A4A49A497C57EB2CF8469582E0C7905DD0B2FE7","addressee_or_owner_role_filled","addressee_or_owner_role_filled","fill_non_personal_addressee_or_owner_role","blank_unfilled","8","True","True","True","True","True","True","True","True","0","0","False","False","False","False","False","False","False","True","True","True"
"fj-dispatch-blocker-evidence-intake-0063","dispatch-blocker-fj-0063","dispatch-check-request-preflight-confirm-apply-candidate-filled-note-form-term-fr-0001","request-preflight-confirm-apply-candidate-filled-note-form-term-fr-0001","preflight-confirm-apply-candidate-filled-note-form-term-fr-0001","candidate-filled-note-form-term-fr-0001","note-form-term-fr-0001","term-fr-0001","french","algebra","algebra_core","normal","532914E27A49A591C8139B267A4A49A497C57EB2CF8469582E0C7905DD0B2FE7","dispatch_medium_filled","dispatch_medium_filled","fill_dispatch_medium","blank_unfilled","8","True","True","True","True","True","True","True","True","0","0","False","False","False","False","False","False","False","True","True","True"
"fj-dispatch-blocker-evidence-intake-0064","dispatch-blocker-fj-0064","dispatch-check-request-preflight-confirm-apply-candidate-filled-note-form-term-fr-0001","request-preflight-confirm-apply-candidate-filled-note-form-term-fr-0001","preflight-confirm-apply-candidate-filled-note-form-term-fr-0001","candidate-filled-note-form-term-fr-0001","note-form-term-fr-0001","term-fr-0001","french","algebra","algebra_core","normal","532914E27A49A591C8139B267A4A49A497C57EB2CF8469582E0C7905DD0B2FE7","local_standard_route_filled","local_standard_route_filled","fill_local_standard_route","blank_unfilled","8","True","True","True","True","True","True","True","True","0","0","False","False","False","False","False","False","False","True","True","True"
"fj-dispatch-blocker-evidence-intake-0065","dispatch-blocker-fj-0065","dispatch-check-request-preflight-confirm-apply-candidate-filled-note-form-term-fr-0001","request-preflight-confirm-apply-candidate-filled-note-form-term-fr-0001","preflight-confirm-apply-candidate-filled-note-form-term-fr-0001","candidate-filled-note-form-term-fr-0001","note-form-term-fr-0001","term-fr-0001","french","algebra","algebra_core","normal","532914E27A49A591C8139B267A4A49A497C57EB2CF8469582E0C7905DD0B2FE7","license_context_note_filled","license_context_note_filled","fill_license_context_note","blank_unfilled","8","True","True","True","True","True","True","True","True","0","0","False","False","False","False","False","False","False","True","True","True"
"fj-dispatch-blocker-evidence-intake-0066","dispatch-blocker-fj-0066","dispatch-check-request-preflight-confirm-apply-candidate-filled-note-form-term-fr-0002","request-preflight-confirm-apply-candidate-filled-note-form-term-fr-0002","preflight-confirm-apply-candidate-filled-note-form-term-fr-0002","candidate-filled-note-form-term-fr-0002","note-form-term-fr-0002","term-fr-0002","french","commutative algebra","commutative_algebra","normal","E19A47FBC7229CE7BD157F4A14599E0BEA967F47F9EC818756DFC8AB44D61189","route_label_filled","route_label_filled","fill_non_personal_route_label","blank_unfilled","8","True","True","True","True","True","True","True","True","0","0","False","False","False","False","False","False","False","True","True","True"
"fj-dispatch-blocker-evidence-intake-0067","dispatch-blocker-fj-0067","dispatch-check-request-preflight-confirm-apply-candidate-filled-note-form-term-fr-0002","request-preflight-confirm-apply-candidate-filled-note-form-term-fr-0002","preflight-confirm-apply-candidate-filled-note-form-term-fr-0002","candidate-filled-note-form-term-fr-0002","note-form-term-fr-0002","term-fr-0002","french","commutative algebra","commutative_algebra","normal","E19A47FBC7229CE7BD157F4A14599E0BEA967F47F9EC818756DFC8AB44D61189","addressee_or_owner_role_filled","addressee_or_owner_role_filled","fill_non_personal_addressee_or_owner_role","blank_unfilled","8","True","True","True","True","True","True","True","True","0","0","False","False","False","False","False","False","False","True","True","True"
"fj-dispatch-blocker-evidence-intake-0068","dispatch-blocker-fj-0068","dispatch-check-request-preflight-confirm-apply-candidate-filled-note-form-term-fr-0002","request-preflight-confirm-apply-candidate-filled-note-form-term-fr-0002","preflight-confirm-apply-candidate-filled-note-form-term-fr-0002","candidate-filled-note-form-term-fr-0002","note-form-term-fr-0002","term-fr-0002","french","commutative algebra","commutative_algebra","normal","E19A47FBC7229CE7BD157F4A14599E0BEA967F47F9EC818756DFC8AB44D61189","dispatch_medium_filled","dispatch_medium_filled","fill_dispatch_medium","blank_unfilled","8","True","True","True","True","True","True","True","True","0","0","False","False","False","False","False","False","False","True","True","True"
"fj-dispatch-blocker-evidence-intake-0069","dispatch-blocker-fj-0069","dispatch-check-request-preflight-confirm-apply-candidate-filled-note-form-term-fr-0002","request-preflight-confirm-apply-candidate-filled-note-form-term-fr-0002","preflight-confirm-apply-candidate-filled-note-form-term-fr-0002","candidate-filled-note-form-term-fr-0002","note-form-term-fr-0002","term-fr-0002","french","commutative algebra","commutative_algebra","normal","E19A47FBC7229CE7BD157F4A14599E0BEA967F47F9EC818756DFC8AB44D61189","local_standard_route_filled","local_standard_route_filled","fill_local_standard_route","blank_unfilled","8","True","True","True","True","True","True","True","True","0","0","False","False","False","False","False","False","False","True","True","True"
"fj-dispatch-blocker-evidence-intake-0070","dispatch-blocker-fj-0070","dispatch-check-request-preflight-confirm-apply-candidate-filled-note-form-term-fr-0002","request-preflight-confirm-apply-candidate-filled-note-form-term-fr-0002","preflight-confirm-apply-candidate-filled-note-form-term-fr-0002","candidate-filled-note-form-term-fr-0002","note-form-term-fr-0002","term-fr-0002","french","commutative algebra","commutative_algebra","normal","E19A47FBC7229CE7BD157F4A14599E0BEA967F47F9EC818756DFC8AB44D61189","license_context_note_filled","license_context_note_filled","fill_license_context_note","blank_unfilled","8","True","True","True","True","True","True","True","True","0","0","False","False","False","False","False","False","False","True","True","True"
"fj-dispatch-blocker-evidence-intake-0071","dispatch-blocker-fj-0071","dispatch-check-request-preflight-confirm-apply-candidate-filled-note-form-term-fr-0003","request-preflight-confirm-apply-candidate-filled-note-form-term-fr-0003","preflight-confirm-apply-candidate-filled-note-form-term-fr-0003","candidate-filled-note-form-term-fr-0003","note-form-term-fr-0003","term-fr-0003","french","Hilbert basis","commutative_algebra","normal","3B2F3836D8C4B6FB7B4D7CE78999158C5303AB0F667CFF06335338A61BFAE225","route_label_filled","route_label_filled","fill_non_personal_route_label","blank_unfilled","8","True","True","True","True","True","True","True","True","0","0","False","False","False","False","False","False","False","True","True","True"
"fj-dispatch-blocker-evidence-intake-0072","dispatch-blocker-fj-0072","dispatch-check-request-preflight-confirm-apply-candidate-filled-note-form-term-fr-0003","request-preflight-confirm-apply-candidate-filled-note-form-term-fr-0003","preflight-confirm-apply-candidate-filled-note-form-term-fr-0003","candidate-filled-note-form-term-fr-0003","note-form-term-fr-0003","term-fr-0003","french","Hilbert basis","commutative_algebra","normal","3B2F3836D8C4B6FB7B4D7CE78999158C5303AB0F667CFF06335338A61BFAE225","addressee_or_owner_role_filled","addressee_or_owner_role_filled","fill_non_personal_addressee_or_owner_role","blank_unfilled","8","True","True","True","True","True","True","True","True","0","0","False","False","False","False","False","False","False","True","True","True"
"fj-dispatch-blocker-evidence-intake-0073","dispatch-blocker-fj-0073","dispatch-check-request-preflight-confirm-apply-candidate-filled-note-form-term-fr-0003","request-preflight-confirm-apply-candidate-filled-note-form-term-fr-0003","preflight-confirm-apply-candidate-filled-note-form-term-fr-0003","candidate-filled-note-form-term-fr-0003","note-form-term-fr-0003","term-fr-0003","french","Hilbert basis","commutative_algebra","normal","3B2F3836D8C4B6FB7B4D7CE78999158C5303AB0F667CFF06335338A61BFAE225","dispatch_medium_filled","dispatch_medium_filled","fill_dispatch_medium","blank_unfilled","8","True","True","True","True","True","True","True","True","0","0","False","False","False","False","False","False","False","True","True","True"
"fj-dispatch-blocker-evidence-intake-0074","dispatch-blocker-fj-0074","dispatch-check-request-preflight-confirm-apply-candidate-filled-note-form-term-fr-0003","request-preflight-confirm-apply-candidate-filled-note-form-term-fr-0003","preflight-confirm-apply-candidate-filled-note-form-term-fr-0003","candidate-filled-note-form-term-fr-0003","note-form-term-fr-0003","term-fr-0003","french","Hilbert basis","commutative_algebra","normal","3B2F3836D8C4B6FB7B4D7CE78999158C5303AB0F667CFF06335338A61BFAE225","local_standard_route_filled","local_standard_route_filled","fill_local_standard_route","blank_unfilled","8","True","True","True","True","True","True","True","True","0","0","False","False","False","False","False","False","False","True","True","True"
"fj-dispatch-blocker-evidence-intake-0075","dispatch-blocker-fj-0075","dispatch-check-request-preflight-confirm-apply-candidate-filled-note-form-term-fr-0003","request-preflight-confirm-apply-candidate-filled-note-form-term-fr-0003","preflight-confirm-apply-candidate-filled-note-form-term-fr-0003","candidate-filled-note-form-term-fr-0003","note-form-term-fr-0003","term-fr-0003","french","Hilbert basis","commutative_algebra","normal","3B2F3836D8C4B6FB7B4D7CE78999158C5303AB0F667CFF06335338A61BFAE225","license_context_note_filled","license_context_note_filled","fill_license_context_note","blank_unfilled","8","True","True","True","True","True","True","True","True","0","0","False","False","False","False","False","False","False","True","True","True"
"fj-dispatch-blocker-evidence-intake-0076","dispatch-blocker-fj-0076","dispatch-check-request-preflight-confirm-apply-candidate-filled-note-form-term-fr-0004","request-preflight-confirm-apply-candidate-filled-note-form-term-fr-0004","preflight-confirm-apply-candidate-filled-note-form-term-fr-0004","candidate-filled-note-form-term-fr-0004","note-form-term-fr-0004","term-fr-0004","french","localization","commutative_algebra","normal","6B79C1A895B82ADCAB4FAE877F3B88CD8B75746F6BECC74D6867FF94488541DA","route_label_filled","route_label_filled","fill_non_personal_route_label","blank_unfilled","8","True","True","True","True","True","True","True","True","0","0","False","False","False","False","False","False","False","True","True","True"
"fj-dispatch-blocker-evidence-intake-0077","dispatch-blocker-fj-0077","dispatch-check-request-preflight-confirm-apply-candidate-filled-note-form-term-fr-0004","request-preflight-confirm-apply-candidate-filled-note-form-term-fr-0004","preflight-confirm-apply-candidate-filled-note-form-term-fr-0004","candidate-filled-note-form-term-fr-0004","note-form-term-fr-0004","term-fr-0004","french","localization","commutative_algebra","normal","6B79C1A895B82ADCAB4FAE877F3B88CD8B75746F6BECC74D6867FF94488541DA","addressee_or_owner_role_filled","addressee_or_owner_role_filled","fill_non_personal_addressee_or_owner_role","blank_unfilled","8","True","True","True","True","True","True","True","True","0","0","False","False","False","False","False","False","False","True","True","True"
"fj-dispatch-blocker-evidence-intake-0078","dispatch-blocker-fj-0078","dispatch-check-request-preflight-confirm-apply-candidate-filled-note-form-term-fr-0004","request-preflight-confirm-apply-candidate-filled-note-form-term-fr-0004","preflight-confirm-apply-candidate-filled-note-form-term-fr-0004","candidate-filled-note-form-term-fr-0004","note-form-term-fr-0004","term-fr-0004","french","localization","commutative_algebra","normal","6B79C1A895B82ADCAB4FAE877F3B88CD8B75746F6BECC74D6867FF94488541DA","dispatch_medium_filled","dispatch_medium_filled","fill_dispatch_medium","blank_unfilled","8","True","True","True","True","True","True","True","True","0","0","False","False","False","False","False","False","False","True","True","True"
"fj-dispatch-blocker-evidence-intake-0079","dispatch-blocker-fj-0079","dispatch-check-request-preflight-confirm-apply-candidate-filled-note-form-term-fr-0004","request-preflight-confirm-apply-candidate-filled-note-form-term-fr-0004","preflight-confirm-apply-candidate-filled-note-form-term-fr-0004","candidate-filled-note-form-term-fr-0004","note-form-term-fr-0004","term-fr-0004","french","localization","commutative_algebra","normal","6B79C1A895B82ADCAB4FAE877F3B88CD8B75746F6BECC74D6867FF94488541DA","local_standard_route_filled","local_standard_route_filled","fill_local_standard_route","blank_unfilled","8","True","True","True","True","True","True","True","True","0","0","False","False","False","False","False","False","False","True","True","True"
"fj-dispatch-blocker-evidence-intake-0080","dispatch-blocker-fj-0080","dispatch-check-request-preflight-confirm-apply-candidate-filled-note-form-term-fr-0004","request-preflight-confirm-apply-candidate-filled-note-form-term-fr-0004","preflight-confirm-apply-candidate-filled-note-form-term-fr-0004","candidate-filled-note-form-term-fr-0004","note-form-term-fr-0004","term-fr-0004","french","localization","commutative_algebra","normal","6B79C1A895B82ADCAB4FAE877F3B88CD8B75746F6BECC74D6867FF94488541DA","license_context_note_filled","license_context_note_filled","fill_license_context_note","blank_unfilled","8","True","True","True","True","True","True","True","True","0","0","False","False","False","False","False","False","False","True","True","True"
"fj-dispatch-blocker-evidence-intake-0081","dispatch-blocker-fj-0081","dispatch-check-request-preflight-confirm-apply-candidate-filled-note-form-term-fr-0005","request-preflight-confirm-apply-candidate-filled-note-form-term-fr-0005","preflight-confirm-apply-candidate-filled-note-form-term-fr-0005","candidate-filled-note-form-term-fr-0005","note-form-term-fr-0005","term-fr-0005","french","field","field_theory","normal","D94D26ECC11A56F60DBB89CDC234D2160F9A49B5170EA22AC5AE698B5DBF1229","route_label_filled","route_label_filled","fill_non_personal_route_label","blank_unfilled","8","True","True","True","True","True","True","True","True","0","0","False","False","False","False","False","False","False","True","True","True"
"fj-dispatch-blocker-evidence-intake-0082","dispatch-blocker-fj-0082","dispatch-check-request-preflight-confirm-apply-candidate-filled-note-form-term-fr-0005","request-preflight-confirm-apply-candidate-filled-note-form-term-fr-0005","preflight-confirm-apply-candidate-filled-note-form-term-fr-0005","candidate-filled-note-form-term-fr-0005","note-form-term-fr-0005","term-fr-0005","french","field","field_theory","normal","D94D26ECC11A56F60DBB89CDC234D2160F9A49B5170EA22AC5AE698B5DBF1229","addressee_or_owner_role_filled","addressee_or_owner_role_filled","fill_non_personal_addressee_or_owner_role","blank_unfilled","8","True","True","True","True","True","True","True","True","0","0","False","False","False","False","False","False","False","True","True","True"
"fj-dispatch-blocker-evidence-intake-0083","dispatch-blocker-fj-0083","dispatch-check-request-preflight-confirm-apply-candidate-filled-note-form-term-fr-0005","request-preflight-confirm-apply-candidate-filled-note-form-term-fr-0005","preflight-confirm-apply-candidate-filled-note-form-term-fr-0005","candidate-filled-note-form-term-fr-0005","note-form-term-fr-0005","term-fr-0005","french","field","field_theory","normal","D94D26ECC11A56F60DBB89CDC234D2160F9A49B5170EA22AC5AE698B5DBF1229","dispatch_medium_filled","dispatch_medium_filled","fill_dispatch_medium","blank_unfilled","8","True","True","True","True","True","True","True","True","0","0","False","False","False","False","False","False","False","True","True","True"
"fj-dispatch-blocker-evidence-intake-0084","dispatch-blocker-fj-0084","dispatch-check-request-preflight-confirm-apply-candidate-filled-note-form-term-fr-0005","request-preflight-confirm-apply-candidate-filled-note-form-term-fr-0005","preflight-confirm-apply-candidate-filled-note-form-term-fr-0005","candidate-filled-note-form-term-fr-0005","note-form-term-fr-0005","term-fr-0005","french","field","field_theory","normal","D94D26ECC11A56F60DBB89CDC234D2160F9A49B5170EA22AC5AE698B5DBF1229","local_standard_route_filled","local_standard_route_filled","fill_local_standard_route","blank_unfilled","8","True","True","True","True","True","True","True","True","0","0","False","False","False","False","False","False","False","True","True","True"
"fj-dispatch-blocker-evidence-intake-0085","dispatch-blocker-fj-0085","dispatch-check-request-preflight-confirm-apply-candidate-filled-note-form-term-fr-0005","request-preflight-confirm-apply-candidate-filled-note-form-term-fr-0005","preflight-confirm-apply-candidate-filled-note-form-term-fr-0005","candidate-filled-note-form-term-fr-0005","note-form-term-fr-0005","term-fr-0005","french","field","field_theory","normal","D94D26ECC11A56F60DBB89CDC234D2160F9A49B5170EA22AC5AE698B5DBF1229","license_context_note_filled","license_context_note_filled","fill_license_context_note","blank_unfilled","8","True","True","True","True","True","True","True","True","0","0","False","False","False","False","False","False","False","True","True","True"
"fj-dispatch-blocker-evidence-intake-0086","dispatch-blocker-fj-0086","dispatch-check-request-preflight-confirm-apply-candidate-filled-note-form-term-fr-0010","request-preflight-confirm-apply-candidate-filled-note-form-term-fr-0010","preflight-confirm-apply-candidate-filled-note-form-term-fr-0010","candidate-filled-note-form-term-fr-0010","note-form-term-fr-0010","term-fr-0010","french","automorphism","morphism","normal","05E2CB6AEA37F568596C10CC2A6372ECB5E5BE066B828D97EDCD9C14B0547218","route_label_filled","route_label_filled","fill_non_personal_route_label","blank_unfilled","8","True","True","True","True","True","True","True","True","0","0","False","False","False","False","False","False","False","True","True","True"
"fj-dispatch-blocker-evidence-intake-0087","dispatch-blocker-fj-0087","dispatch-check-request-preflight-confirm-apply-candidate-filled-note-form-term-fr-0010","request-preflight-confirm-apply-candidate-filled-note-form-term-fr-0010","preflight-confirm-apply-candidate-filled-note-form-term-fr-0010","candidate-filled-note-form-term-fr-0010","note-form-term-fr-0010","term-fr-0010","french","automorphism","morphism","normal","05E2CB6AEA37F568596C10CC2A6372ECB5E5BE066B828D97EDCD9C14B0547218","addressee_or_owner_role_filled","addressee_or_owner_role_filled","fill_non_personal_addressee_or_owner_role","blank_unfilled","8","True","True","True","True","True","True","True","True","0","0","False","False","False","False","False","False","False","True","True","True"
"fj-dispatch-blocker-evidence-intake-0088","dispatch-blocker-fj-0088","dispatch-check-request-preflight-confirm-apply-candidate-filled-note-form-term-fr-0010","request-preflight-confirm-apply-candidate-filled-note-form-term-fr-0010","preflight-confirm-apply-candidate-filled-note-form-term-fr-0010","candidate-filled-note-form-term-fr-0010","note-form-term-fr-0010","term-fr-0010","french","automorphism","morphism","normal","05E2CB6AEA37F568596C10CC2A6372ECB5E5BE066B828D97EDCD9C14B0547218","dispatch_medium_filled","dispatch_medium_filled","fill_dispatch_medium","blank_unfilled","8","True","True","True","True","True","True","True","True","0","0","False","False","False","False","False","False","False","True","True","True"
"fj-dispatch-blocker-evidence-intake-0089","dispatch-blocker-fj-0089","dispatch-check-request-preflight-confirm-apply-candidate-filled-note-form-term-fr-0010","request-preflight-confirm-apply-candidate-filled-note-form-term-fr-0010","preflight-confirm-apply-candidate-filled-note-form-term-fr-0010","candidate-filled-note-form-term-fr-0010","note-form-term-fr-0010","term-fr-0010","french","automorphism","morphism","normal","05E2CB6AEA37F568596C10CC2A6372ECB5E5BE066B828D97EDCD9C14B0547218","local_standard_route_filled","local_standard_route_filled","fill_local_standard_route","blank_unfilled","8","True","True","True","True","True","True","True","True","0","0","False","False","False","False","False","False","False","True","True","True"
"fj-dispatch-blocker-evidence-intake-0090","dispatch-blocker-fj-0090","dispatch-check-request-preflight-confirm-apply-candidate-filled-note-form-term-fr-0010","request-preflight-confirm-apply-candidate-filled-note-form-term-fr-0010","preflight-confirm-apply-candidate-filled-note-form-term-fr-0010","candidate-filled-note-form-term-fr-0010","note-form-term-fr-0010","term-fr-0010","french","automorphism","morphism","normal","05E2CB6AEA37F568596C10CC2A6372ECB5E5BE066B828D97EDCD9C14B0547218","license_context_note_filled","license_context_note_filled","fill_license_context_note","blank_unfilled","8","True","True","True","True","True","True","True","True","0","0","False","False","False","False","False","False","False","True","True","True"
"fj-dispatch-blocker-evidence-intake-0091","dispatch-blocker-fj-0091","dispatch-check-request-preflight-confirm-apply-candidate-filled-note-form-term-fr-0011","request-preflight-confirm-apply-candidate-filled-note-form-term-fr-0011","preflight-confirm-apply-candidate-filled-note-form-term-fr-0011","candidate-filled-note-form-term-fr-0011","note-form-term-fr-0011","term-fr-0011","french","endomorphism","morphism","normal","454FDA8E676F45E84253AF1AC206483AF092F4985AE2F048152B35109CB349F7","route_label_filled","route_label_filled","fill_non_personal_route_label","blank_unfilled","8","True","True","True","True","True","True","True","True","0","0","False","False","False","False","False","False","False","True","True","True"
"fj-dispatch-blocker-evidence-intake-0092","dispatch-blocker-fj-0092","dispatch-check-request-preflight-confirm-apply-candidate-filled-note-form-term-fr-0011","request-preflight-confirm-apply-candidate-filled-note-form-term-fr-0011","preflight-confirm-apply-candidate-filled-note-form-term-fr-0011","candidate-filled-note-form-term-fr-0011","note-form-term-fr-0011","term-fr-0011","french","endomorphism","morphism","normal","454FDA8E676F45E84253AF1AC206483AF092F4985AE2F048152B35109CB349F7","addressee_or_owner_role_filled","addressee_or_owner_role_filled","fill_non_personal_addressee_or_owner_role","blank_unfilled","8","True","True","True","True","True","True","True","True","0","0","False","False","False","False","False","False","False","True","True","True"
"fj-dispatch-blocker-evidence-intake-0093","dispatch-blocker-fj-0093","dispatch-check-request-preflight-confirm-apply-candidate-filled-note-form-term-fr-0011","request-preflight-confirm-apply-candidate-filled-note-form-term-fr-0011","preflight-confirm-apply-candidate-filled-note-form-term-fr-0011","candidate-filled-note-form-term-fr-0011","note-form-term-fr-0011","term-fr-0011","french","endomorphism","morphism","normal","454FDA8E676F45E84253AF1AC206483AF092F4985AE2F048152B35109CB349F7","dispatch_medium_filled","dispatch_medium_filled","fill_dispatch_medium","blank_unfilled","8","True","True","True","True","True","True","True","True","0","0","False","False","False","False","False","False","False","True","True","True"
"fj-dispatch-blocker-evidence-intake-0094","dispatch-blocker-fj-0094","dispatch-check-request-preflight-confirm-apply-candidate-filled-note-form-term-fr-0011","request-preflight-confirm-apply-candidate-filled-note-form-term-fr-0011","preflight-confirm-apply-candidate-filled-note-form-term-fr-0011","candidate-filled-note-form-term-fr-0011","note-form-term-fr-0011","term-fr-0011","french","endomorphism","morphism","normal","454FDA8E676F45E84253AF1AC206483AF092F4985AE2F048152B35109CB349F7","local_standard_route_filled","local_standard_route_filled","fill_local_standard_route","blank_unfilled","8","True","True","True","True","True","True","True","True","0","0","False","False","False","False","False","False","False","True","True","True"
"fj-dispatch-blocker-evidence-intake-0095","dispatch-blocker-fj-0095","dispatch-check-request-preflight-confirm-apply-candidate-filled-note-form-term-fr-0011","request-preflight-confirm-apply-candidate-filled-note-form-term-fr-0011","preflight-confirm-apply-candidate-filled-note-form-term-fr-0011","candidate-filled-note-form-term-fr-0011","note-form-term-fr-0011","term-fr-0011","french","endomorphism","morphism","normal","454FDA8E676F45E84253AF1AC206483AF092F4985AE2F048152B35109CB349F7","license_context_note_filled","license_context_note_filled","fill_license_context_note","blank_unfilled","8","True","True","True","True","True","True","True","True","0","0","False","False","False","False","False","False","False","True","True","True"
"fj-dispatch-blocker-evidence-intake-0096","dispatch-blocker-fj-0096","dispatch-check-request-preflight-confirm-apply-candidate-filled-note-form-term-fr-0012","request-preflight-confirm-apply-candidate-filled-note-form-term-fr-0012","preflight-confirm-apply-candidate-filled-note-form-term-fr-0012","candidate-filled-note-form-term-fr-0012","note-form-term-fr-0012","term-fr-0012","french","homomorphism","morphism","normal","6763878D4B18C5A27FBB188ED0376B6967292E013B2D04D571AF03D20DAE0D47","route_label_filled","route_label_filled","fill_non_personal_route_label","blank_unfilled","8","True","True","True","True","True","True","True","True","0","0","False","False","False","False","False","False","False","True","True","True"
"fj-dispatch-blocker-evidence-intake-0097","dispatch-blocker-fj-0097","dispatch-check-request-preflight-confirm-apply-candidate-filled-note-form-term-fr-0012","request-preflight-confirm-apply-candidate-filled-note-form-term-fr-0012","preflight-confirm-apply-candidate-filled-note-form-term-fr-0012","candidate-filled-note-form-term-fr-0012","note-form-term-fr-0012","term-fr-0012","french","homomorphism","morphism","normal","6763878D4B18C5A27FBB188ED0376B6967292E013B2D04D571AF03D20DAE0D47","addressee_or_owner_role_filled","addressee_or_owner_role_filled","fill_non_personal_addressee_or_owner_role","blank_unfilled","8","True","True","True","True","True","True","True","True","0","0","False","False","False","False","False","False","False","True","True","True"
"fj-dispatch-blocker-evidence-intake-0098","dispatch-blocker-fj-0098","dispatch-check-request-preflight-confirm-apply-candidate-filled-note-form-term-fr-0012","request-preflight-confirm-apply-candidate-filled-note-form-term-fr-0012","preflight-confirm-apply-candidate-filled-note-form-term-fr-0012","candidate-filled-note-form-term-fr-0012","note-form-term-fr-0012","term-fr-0012","french","homomorphism","morphism","normal","6763878D4B18C5A27FBB188ED0376B6967292E013B2D04D571AF03D20DAE0D47","dispatch_medium_filled","dispatch_medium_filled","fill_dispatch_medium","blank_unfilled","8","True","True","True","True","True","True","True","True","0","0","False","False","False","False","False","False","False","True","True","True"
"fj-dispatch-blocker-evidence-intake-0099","dispatch-blocker-fj-0099","dispatch-check-request-preflight-confirm-apply-candidate-filled-note-form-term-fr-0012","request-preflight-confirm-apply-candidate-filled-note-form-term-fr-0012","preflight-confirm-apply-candidate-filled-note-form-term-fr-0012","candidate-filled-note-form-term-fr-0012","note-form-term-fr-0012","term-fr-0012","french","homomorphism","morphism","normal","6763878D4B18C5A27FBB188ED0376B6967292E013B2D04D571AF03D20DAE0D47","local_standard_route_filled","local_standard_route_filled","fill_local_standard_route","blank_unfilled","8","True","True","True","True","True","True","True","True","0","0","False","False","False","False","False","False","False","True","True","True"
"fj-dispatch-blocker-evidence-intake-0100","dispatch-blocker-fj-0100","dispatch-check-request-preflight-confirm-apply-candidate-filled-note-form-term-fr-0012","request-preflight-confirm-apply-candidate-filled-note-form-term-fr-0012","preflight-confirm-apply-candidate-filled-note-form-term-fr-0012","candidate-filled-note-form-term-fr-0012","note-form-term-fr-0012","term-fr-0012","french","homomorphism","morphism","normal","6763878D4B18C5A27FBB188ED0376B6967292E013B2D04D571AF03D20DAE0D47","license_context_note_filled","license_context_note_filled","fill_license_context_note","blank_unfilled","8","True","True","True","True","True","True","True","True","0","0","False","False","False","False","False","False","False","True","True","True"
"fj-dispatch-blocker-evidence-intake-0101","dispatch-blocker-fj-0101","dispatch-check-request-preflight-confirm-apply-candidate-filled-note-form-term-fr-0013","request-preflight-confirm-apply-candidate-filled-note-form-term-fr-0013","preflight-confirm-apply-candidate-filled-note-form-term-fr-0013","candidate-filled-note-form-term-fr-0013","note-form-term-fr-0013","term-fr-0013","french","isomorphism","morphism","normal","CCCAA90749467FB267A4E9F2A0E9597AB52024E4F398ED026922B4D27D32DB65","route_label_filled","route_label_filled","fill_non_personal_route_label","blank_unfilled","8","True","True","True","True","True","True","True","True","0","0","False","False","False","False","False","False","False","True","True","True"
"fj-dispatch-blocker-evidence-intake-0102","dispatch-blocker-fj-0102","dispatch-check-request-preflight-confirm-apply-candidate-filled-note-form-term-fr-0013","request-preflight-confirm-apply-candidate-filled-note-form-term-fr-0013","preflight-confirm-apply-candidate-filled-note-form-term-fr-0013","candidate-filled-note-form-term-fr-0013","note-form-term-fr-0013","term-fr-0013","french","isomorphism","morphism","normal","CCCAA90749467FB267A4E9F2A0E9597AB52024E4F398ED026922B4D27D32DB65","addressee_or_owner_role_filled","addressee_or_owner_role_filled","fill_non_personal_addressee_or_owner_role","blank_unfilled","8","True","True","True","True","True","True","True","True","0","0","False","False","False","False","False","False","False","True","True","True"
"fj-dispatch-blocker-evidence-intake-0103","dispatch-blocker-fj-0103","dispatch-check-request-preflight-confirm-apply-candidate-filled-note-form-term-fr-0013","request-preflight-confirm-apply-candidate-filled-note-form-term-fr-0013","preflight-confirm-apply-candidate-filled-note-form-term-fr-0013","candidate-filled-note-form-term-fr-0013","note-form-term-fr-0013","term-fr-0013","french","isomorphism","morphism","normal","CCCAA90749467FB267A4E9F2A0E9597AB52024E4F398ED026922B4D27D32DB65","dispatch_medium_filled","dispatch_medium_filled","fill_dispatch_medium","blank_unfilled","8","True","True","True","True","True","True","True","True","0","0","False","False","False","False","False","False","False","True","True","True"
"fj-dispatch-blocker-evidence-intake-0104","dispatch-blocker-fj-0104","dispatch-check-request-preflight-confirm-apply-candidate-filled-note-form-term-fr-0013","request-preflight-confirm-apply-candidate-filled-note-form-term-fr-0013","preflight-confirm-apply-candidate-filled-note-form-term-fr-0013","candidate-filled-note-form-term-fr-0013","note-form-term-fr-0013","term-fr-0013","french","isomorphism","morphism","normal","CCCAA90749467FB267A4E9F2A0E9597AB52024E4F398ED026922B4D27D32DB65","local_standard_route_filled","local_standard_route_filled","fill_local_standard_route","blank_unfilled","8","True","True","True","True","True","True","True","True","0","0","False","False","False","False","False","False","False","True","True","True"
"fj-dispatch-blocker-evidence-intake-0105","dispatch-blocker-fj-0105","dispatch-check-request-preflight-confirm-apply-candidate-filled-note-form-term-fr-0013","request-preflight-confirm-apply-candidate-filled-note-form-term-fr-0013","preflight-confirm-apply-candidate-filled-note-form-term-fr-0013","candidate-filled-note-form-term-fr-0013","note-form-term-fr-0013","term-fr-0013","french","isomorphism","morphism","normal","CCCAA90749467FB267A4E9F2A0E9597AB52024E4F398ED026922B4D27D32DB65","license_context_note_filled","license_context_note_filled","fill_license_context_note","blank_unfilled","8","True","True","True","True","True","True","True","True","0","0","False","False","False","False","False","False","False","True","True","True"
"fj-dispatch-blocker-evidence-intake-0106","dispatch-blocker-fj-0106","dispatch-check-request-preflight-confirm-apply-candidate-filled-note-form-term-ja-0009","request-preflight-confirm-apply-candidate-filled-note-form-term-ja-0009","preflight-confirm-apply-candidate-filled-note-form-term-ja-0009","candidate-filled-note-form-term-ja-0009","note-form-term-ja-0009","term-ja-0009","japanese","tensor product","module_theory","high","9F5417705E498A03118A6E90C17D7684F3C11B9D248EF4D75DF25B3E7E38C2F7","route_label_filled","route_label_filled","fill_non_personal_route_label","blank_unfilled","8","True","True","True","True","True","True","True","True","0","0","False","False","False","False","False","False","False","True","True","True"
"fj-dispatch-blocker-evidence-intake-0107","dispatch-blocker-fj-0107","dispatch-check-request-preflight-confirm-apply-candidate-filled-note-form-term-ja-0009","request-preflight-confirm-apply-candidate-filled-note-form-term-ja-0009","preflight-confirm-apply-candidate-filled-note-form-term-ja-0009","candidate-filled-note-form-term-ja-0009","note-form-term-ja-0009","term-ja-0009","japanese","tensor product","module_theory","high","9F5417705E498A03118A6E90C17D7684F3C11B9D248EF4D75DF25B3E7E38C2F7","addressee_or_owner_role_filled","addressee_or_owner_role_filled","fill_non_personal_addressee_or_owner_role","blank_unfilled","8","True","True","True","True","True","True","True","True","0","0","False","False","False","False","False","False","False","True","True","True"
"fj-dispatch-blocker-evidence-intake-0108","dispatch-blocker-fj-0108","dispatch-check-request-preflight-confirm-apply-candidate-filled-note-form-term-ja-0009","request-preflight-confirm-apply-candidate-filled-note-form-term-ja-0009","preflight-confirm-apply-candidate-filled-note-form-term-ja-0009","candidate-filled-note-form-term-ja-0009","note-form-term-ja-0009","term-ja-0009","japanese","tensor product","module_theory","high","9F5417705E498A03118A6E90C17D7684F3C11B9D248EF4D75DF25B3E7E38C2F7","dispatch_medium_filled","dispatch_medium_filled","fill_dispatch_medium","blank_unfilled","8","True","True","True","True","True","True","True","True","0","0","False","False","False","False","False","False","False","True","True","True"
"fj-dispatch-blocker-evidence-intake-0109","dispatch-blocker-fj-0109","dispatch-check-request-preflight-confirm-apply-candidate-filled-note-form-term-ja-0009","request-preflight-confirm-apply-candidate-filled-note-form-term-ja-0009","preflight-confirm-apply-candidate-filled-note-form-term-ja-0009","candidate-filled-note-form-term-ja-0009","note-form-term-ja-0009","term-ja-0009","japanese","tensor product","module_theory","high","9F5417705E498A03118A6E90C17D7684F3C11B9D248EF4D75DF25B3E7E38C2F7","local_standard_route_filled","local_standard_route_filled","fill_local_standard_route","blank_unfilled","8","True","True","True","True","True","True","True","True","0","0","False","False","False","False","False","False","False","True","True","True"
"fj-dispatch-blocker-evidence-intake-0110","dispatch-blocker-fj-0110","dispatch-check-request-preflight-confirm-apply-candidate-filled-note-form-term-ja-0009","request-preflight-confirm-apply-candidate-filled-note-form-term-ja-0009","preflight-confirm-apply-candidate-filled-note-form-term-ja-0009","candidate-filled-note-form-term-ja-0009","note-form-term-ja-0009","term-ja-0009","japanese","tensor product","module_theory","high","9F5417705E498A03118A6E90C17D7684F3C11B9D248EF4D75DF25B3E7E38C2F7","license_context_note_filled","license_context_note_filled","fill_license_context_note","blank_unfilled","8","True","True","True","True","True","True","True","True","0","0","False","False","False","False","False","False","False","True","True","True"
"fj-dispatch-blocker-evidence-intake-0111","dispatch-blocker-fj-0111","dispatch-check-request-preflight-confirm-apply-candidate-filled-note-form-term-ja-0010","request-preflight-confirm-apply-candidate-filled-note-form-term-ja-0010","preflight-confirm-apply-candidate-filled-note-form-term-ja-0010","candidate-filled-note-form-term-ja-0010","note-form-term-ja-0010","term-ja-0010","japanese","module","module_theory","high","08C1C646A6F8047A34A289CCCAD9B71AFEFACFF6756E8698E3318491A7CF807F","route_label_filled","route_label_filled","fill_non_personal_route_label","blank_unfilled","8","True","True","True","True","True","True","True","True","0","0","False","False","False","False","False","False","False","True","True","True"
"fj-dispatch-blocker-evidence-intake-0112","dispatch-blocker-fj-0112","dispatch-check-request-preflight-confirm-apply-candidate-filled-note-form-term-ja-0010","request-preflight-confirm-apply-candidate-filled-note-form-term-ja-0010","preflight-confirm-apply-candidate-filled-note-form-term-ja-0010","candidate-filled-note-form-term-ja-0010","note-form-term-ja-0010","term-ja-0010","japanese","module","module_theory","high","08C1C646A6F8047A34A289CCCAD9B71AFEFACFF6756E8698E3318491A7CF807F","addressee_or_owner_role_filled","addressee_or_owner_role_filled","fill_non_personal_addressee_or_owner_role","blank_unfilled","8","True","True","True","True","True","True","True","True","0","0","False","False","False","False","False","False","False","True","True","True"
"fj-dispatch-blocker-evidence-intake-0113","dispatch-blocker-fj-0113","dispatch-check-request-preflight-confirm-apply-candidate-filled-note-form-term-ja-0010","request-preflight-confirm-apply-candidate-filled-note-form-term-ja-0010","preflight-confirm-apply-candidate-filled-note-form-term-ja-0010","candidate-filled-note-form-term-ja-0010","note-form-term-ja-0010","term-ja-0010","japanese","module","module_theory","high","08C1C646A6F8047A34A289CCCAD9B71AFEFACFF6756E8698E3318491A7CF807F","dispatch_medium_filled","dispatch_medium_filled","fill_dispatch_medium","blank_unfilled","8","True","True","True","True","True","True","True","True","0","0","False","False","False","False","False","False","False","True","True","True"
"fj-dispatch-blocker-evidence-intake-0114","dispatch-blocker-fj-0114","dispatch-check-request-preflight-confirm-apply-candidate-filled-note-form-term-ja-0010","request-preflight-confirm-apply-candidate-filled-note-form-term-ja-0010","preflight-confirm-apply-candidate-filled-note-form-term-ja-0010","candidate-filled-note-form-term-ja-0010","note-form-term-ja-0010","term-ja-0010","japanese","module","module_theory","high","08C1C646A6F8047A34A289CCCAD9B71AFEFACFF6756E8698E3318491A7CF807F","local_standard_route_filled","local_standard_route_filled","fill_local_standard_route","blank_unfilled","8","True","True","True","True","True","True","True","True","0","0","False","False","False","False","False","False","False","True","True","True"
"fj-dispatch-blocker-evidence-intake-0115","dispatch-blocker-fj-0115","dispatch-check-request-preflight-confirm-apply-candidate-filled-note-form-term-ja-0010","request-preflight-confirm-apply-candidate-filled-note-form-term-ja-0010","preflight-confirm-apply-candidate-filled-note-form-term-ja-0010","candidate-filled-note-form-term-ja-0010","note-form-term-ja-0010","term-ja-0010","japanese","module","module_theory","high","08C1C646A6F8047A34A289CCCAD9B71AFEFACFF6756E8698E3318491A7CF807F","license_context_note_filled","license_context_note_filled","fill_license_context_note","blank_unfilled","8","True","True","True","True","True","True","True","True","0","0","False","False","False","False","False","False","False","True","True","True"
"fj-dispatch-blocker-evidence-intake-0116","dispatch-blocker-fj-0116","dispatch-check-request-preflight-confirm-apply-candidate-filled-note-form-term-ja-0011","request-preflight-confirm-apply-candidate-filled-note-form-term-ja-0011","preflight-confirm-apply-candidate-filled-note-form-term-ja-0011","candidate-filled-note-form-term-ja-0011","note-form-term-ja-0011","term-ja-0011","japanese","simple module","module_theory","high","E1FEDD7372C48D2665AD2D629A2CFDA3F59140AD3DBBAD7B6DFC7C19EE6C4B28","route_label_filled","route_label_filled","fill_non_personal_route_label","blank_unfilled","8","True","True","True","True","True","True","True","True","0","0","False","False","False","False","False","False","False","True","True","True"
"fj-dispatch-blocker-evidence-intake-0117","dispatch-blocker-fj-0117","dispatch-check-request-preflight-confirm-apply-candidate-filled-note-form-term-ja-0011","request-preflight-confirm-apply-candidate-filled-note-form-term-ja-0011","preflight-confirm-apply-candidate-filled-note-form-term-ja-0011","candidate-filled-note-form-term-ja-0011","note-form-term-ja-0011","term-ja-0011","japanese","simple module","module_theory","high","E1FEDD7372C48D2665AD2D629A2CFDA3F59140AD3DBBAD7B6DFC7C19EE6C4B28","addressee_or_owner_role_filled","addressee_or_owner_role_filled","fill_non_personal_addressee_or_owner_role","blank_unfilled","8","True","True","True","True","True","True","True","True","0","0","False","False","False","False","False","False","False","True","True","True"
"fj-dispatch-blocker-evidence-intake-0118","dispatch-blocker-fj-0118","dispatch-check-request-preflight-confirm-apply-candidate-filled-note-form-term-ja-0011","request-preflight-confirm-apply-candidate-filled-note-form-term-ja-0011","preflight-confirm-apply-candidate-filled-note-form-term-ja-0011","candidate-filled-note-form-term-ja-0011","note-form-term-ja-0011","term-ja-0011","japanese","simple module","module_theory","high","E1FEDD7372C48D2665AD2D629A2CFDA3F59140AD3DBBAD7B6DFC7C19EE6C4B28","dispatch_medium_filled","dispatch_medium_filled","fill_dispatch_medium","blank_unfilled","8","True","True","True","True","True","True","True","True","0","0","False","False","False","False","False","False","False","True","True","True"
"fj-dispatch-blocker-evidence-intake-0119","dispatch-blocker-fj-0119","dispatch-check-request-preflight-confirm-apply-candidate-filled-note-form-term-ja-0011","request-preflight-confirm-apply-candidate-filled-note-form-term-ja-0011","preflight-confirm-apply-candidate-filled-note-form-term-ja-0011","candidate-filled-note-form-term-ja-0011","note-form-term-ja-0011","term-ja-0011","japanese","simple module","module_theory","high","E1FEDD7372C48D2665AD2D629A2CFDA3F59140AD3DBBAD7B6DFC7C19EE6C4B28","local_standard_route_filled","local_standard_route_filled","fill_local_standard_route","blank_unfilled","8","True","True","True","True","True","True","True","True","0","0","False","False","False","False","False","False","False","True","True","True"
"fj-dispatch-blocker-evidence-intake-0120","dispatch-blocker-fj-0120","dispatch-check-request-preflight-confirm-apply-candidate-filled-note-form-term-ja-0011","request-preflight-confirm-apply-candidate-filled-note-form-term-ja-0011","preflight-confirm-apply-candidate-filled-note-form-term-ja-0011","candidate-filled-note-form-term-ja-0011","note-form-term-ja-0011","term-ja-0011","japanese","simple module","module_theory","high","E1FEDD7372C48D2665AD2D629A2CFDA3F59140AD3DBBAD7B6DFC7C19EE6C4B28","license_context_note_filled","license_context_note_filled","fill_license_context_note","blank_unfilled","8","True","True","True","True","True","True","True","True","0","0","False","False","False","False","False","False","False","True","True","True"
"fj-dispatch-blocker-evidence-intake-0121","dispatch-blocker-fj-0121","dispatch-check-request-preflight-confirm-apply-candidate-filled-note-form-term-ja-0012","request-preflight-confirm-apply-candidate-filled-note-form-term-ja-0012","preflight-confirm-apply-candidate-filled-note-form-term-ja-0012","candidate-filled-note-form-term-ja-0012","note-form-term-ja-0012","term-ja-0012","japanese","free module","module_theory","high","1ABEC7BBBF0B4DF36B043BC48982D321F1A9BD9A8CC7670F4930FBFE9371A0C9","route_label_filled","route_label_filled","fill_non_personal_route_label","blank_unfilled","8","True","True","True","True","True","True","True","True","0","0","False","False","False","False","False","False","False","True","True","True"
"fj-dispatch-blocker-evidence-intake-0122","dispatch-blocker-fj-0122","dispatch-check-request-preflight-confirm-apply-candidate-filled-note-form-term-ja-0012","request-preflight-confirm-apply-candidate-filled-note-form-term-ja-0012","preflight-confirm-apply-candidate-filled-note-form-term-ja-0012","candidate-filled-note-form-term-ja-0012","note-form-term-ja-0012","term-ja-0012","japanese","free module","module_theory","high","1ABEC7BBBF0B4DF36B043BC48982D321F1A9BD9A8CC7670F4930FBFE9371A0C9","addressee_or_owner_role_filled","addressee_or_owner_role_filled","fill_non_personal_addressee_or_owner_role","blank_unfilled","8","True","True","True","True","True","True","True","True","0","0","False","False","False","False","False","False","False","True","True","True"
"fj-dispatch-blocker-evidence-intake-0123","dispatch-blocker-fj-0123","dispatch-check-request-preflight-confirm-apply-candidate-filled-note-form-term-ja-0012","request-preflight-confirm-apply-candidate-filled-note-form-term-ja-0012","preflight-confirm-apply-candidate-filled-note-form-term-ja-0012","candidate-filled-note-form-term-ja-0012","note-form-term-ja-0012","term-ja-0012","japanese","free module","module_theory","high","1ABEC7BBBF0B4DF36B043BC48982D321F1A9BD9A8CC7670F4930FBFE9371A0C9","dispatch_medium_filled","dispatch_medium_filled","fill_dispatch_medium","blank_unfilled","8","True","True","True","True","True","True","True","True","0","0","False","False","False","False","False","False","False","True","True","True"
"fj-dispatch-blocker-evidence-intake-0124","dispatch-blocker-fj-0124","dispatch-check-request-preflight-confirm-apply-candidate-filled-note-form-term-ja-0012","request-preflight-confirm-apply-candidate-filled-note-form-term-ja-0012","preflight-confirm-apply-candidate-filled-note-form-term-ja-0012","candidate-filled-note-form-term-ja-0012","note-form-term-ja-0012","term-ja-0012","japanese","free module","module_theory","high","1ABEC7BBBF0B4DF36B043BC48982D321F1A9BD9A8CC7670F4930FBFE9371A0C9","local_standard_route_filled","local_standard_route_filled","fill_local_standard_route","blank_unfilled","8","True","True","True","True","True","True","True","True","0","0","False","False","False","False","False","False","False","True","True","True"
"fj-dispatch-blocker-evidence-intake-0125","dispatch-blocker-fj-0125","dispatch-check-request-preflight-confirm-apply-candidate-filled-note-form-term-ja-0012","request-preflight-confirm-apply-candidate-filled-note-form-term-ja-0012","preflight-confirm-apply-candidate-filled-note-form-term-ja-0012","candidate-filled-note-form-term-ja-0012","note-form-term-ja-0012","term-ja-0012","japanese","free module","module_theory","high","1ABEC7BBBF0B4DF36B043BC48982D321F1A9BD9A8CC7670F4930FBFE9371A0C9","license_context_note_filled","license_context_note_filled","fill_license_context_note","blank_unfilled","8","True","True","True","True","True","True","True","True","0","0","False","False","False","False","False","False","False","True","True","True"
"fj-dispatch-blocker-evidence-intake-0126","dispatch-blocker-fj-0126","dispatch-check-request-preflight-confirm-apply-candidate-filled-note-form-term-ja-0013","request-preflight-confirm-apply-candidate-filled-note-form-term-ja-0013","preflight-confirm-apply-candidate-filled-note-form-term-ja-0013","candidate-filled-note-form-term-ja-0013","note-form-term-ja-0013","term-ja-0013","japanese","submodule","module_theory","high","AB778DF8BD6AC668DB911F88B1B2DB90FE75913CDCD4998EA64BD5AF8DBAAE58","route_label_filled","route_label_filled","fill_non_personal_route_label","blank_unfilled","8","True","True","True","True","True","True","True","True","0","0","False","False","False","False","False","False","False","True","True","True"
"fj-dispatch-blocker-evidence-intake-0127","dispatch-blocker-fj-0127","dispatch-check-request-preflight-confirm-apply-candidate-filled-note-form-term-ja-0013","request-preflight-confirm-apply-candidate-filled-note-form-term-ja-0013","preflight-confirm-apply-candidate-filled-note-form-term-ja-0013","candidate-filled-note-form-term-ja-0013","note-form-term-ja-0013","term-ja-0013","japanese","submodule","module_theory","high","AB778DF8BD6AC668DB911F88B1B2DB90FE75913CDCD4998EA64BD5AF8DBAAE58","addressee_or_owner_role_filled","addressee_or_owner_role_filled","fill_non_personal_addressee_or_owner_role","blank_unfilled","8","True","True","True","True","True","True","True","True","0","0","False","False","False","False","False","False","False","True","True","True"
"fj-dispatch-blocker-evidence-intake-0128","dispatch-blocker-fj-0128","dispatch-check-request-preflight-confirm-apply-candidate-filled-note-form-term-ja-0013","request-preflight-confirm-apply-candidate-filled-note-form-term-ja-0013","preflight-confirm-apply-candidate-filled-note-form-term-ja-0013","candidate-filled-note-form-term-ja-0013","note-form-term-ja-0013","term-ja-0013","japanese","submodule","module_theory","high","AB778DF8BD6AC668DB911F88B1B2DB90FE75913CDCD4998EA64BD5AF8DBAAE58","dispatch_medium_filled","dispatch_medium_filled","fill_dispatch_medium","blank_unfilled","8","True","True","True","True","True","True","True","True","0","0","False","False","False","False","False","False","False","True","True","True"
"fj-dispatch-blocker-evidence-intake-0129","dispatch-blocker-fj-0129","dispatch-check-request-preflight-confirm-apply-candidate-filled-note-form-term-ja-0013","request-preflight-confirm-apply-candidate-filled-note-form-term-ja-0013","preflight-confirm-apply-candidate-filled-note-form-term-ja-0013","candidate-filled-note-form-term-ja-0013","note-form-term-ja-0013","term-ja-0013","japanese","submodule","module_theory","high","AB778DF8BD6AC668DB911F88B1B2DB90FE75913CDCD4998EA64BD5AF8DBAAE58","local_standard_route_filled","local_standard_route_filled","fill_local_standard_route","blank_unfilled","8","True","True","True","True","True","True","True","True","0","0","False","False","False","False","False","False","False","True","True","True"
"fj-dispatch-blocker-evidence-intake-0130","dispatch-blocker-fj-0130","dispatch-check-request-preflight-confirm-apply-candidate-filled-note-form-term-ja-0013","request-preflight-confirm-apply-candidate-filled-note-form-term-ja-0013","preflight-confirm-apply-candidate-filled-note-form-term-ja-0013","candidate-filled-note-form-term-ja-0013","note-form-term-ja-0013","term-ja-0013","japanese","submodule","module_theory","high","AB778DF8BD6AC668DB911F88B1B2DB90FE75913CDCD4998EA64BD5AF8DBAAE58","license_context_note_filled","license_context_note_filled","fill_license_context_note","blank_unfilled","8","True","True","True","True","True","True","True","True","0","0","False","False","False","False","False","False","False","True","True","True"
"fj-dispatch-blocker-evidence-intake-0131","dispatch-blocker-fj-0131","dispatch-check-request-preflight-confirm-apply-candidate-filled-note-form-term-ja-0018","request-preflight-confirm-apply-candidate-filled-note-form-term-ja-0018","preflight-confirm-apply-candidate-filled-note-form-term-ja-0018","candidate-filled-note-form-term-ja-0018","note-form-term-ja-0018","term-ja-0018","japanese","Noether/Noetherian","noetherian","high","BE28FBF145A4076153C35912F25A9807E3C737235493A52A519FFB8CD947E646","route_label_filled","route_label_filled","fill_non_personal_route_label","blank_unfilled","8","True","True","True","True","True","True","True","True","0","0","False","False","False","False","False","False","False","True","True","True"
"fj-dispatch-blocker-evidence-intake-0132","dispatch-blocker-fj-0132","dispatch-check-request-preflight-confirm-apply-candidate-filled-note-form-term-ja-0018","request-preflight-confirm-apply-candidate-filled-note-form-term-ja-0018","preflight-confirm-apply-candidate-filled-note-form-term-ja-0018","candidate-filled-note-form-term-ja-0018","note-form-term-ja-0018","term-ja-0018","japanese","Noether/Noetherian","noetherian","high","BE28FBF145A4076153C35912F25A9807E3C737235493A52A519FFB8CD947E646","addressee_or_owner_role_filled","addressee_or_owner_role_filled","fill_non_personal_addressee_or_owner_role","blank_unfilled","8","True","True","True","True","True","True","True","True","0","0","False","False","False","False","False","False","False","True","True","True"
"fj-dispatch-blocker-evidence-intake-0133","dispatch-blocker-fj-0133","dispatch-check-request-preflight-confirm-apply-candidate-filled-note-form-term-ja-0018","request-preflight-confirm-apply-candidate-filled-note-form-term-ja-0018","preflight-confirm-apply-candidate-filled-note-form-term-ja-0018","candidate-filled-note-form-term-ja-0018","note-form-term-ja-0018","term-ja-0018","japanese","Noether/Noetherian","noetherian","high","BE28FBF145A4076153C35912F25A9807E3C737235493A52A519FFB8CD947E646","dispatch_medium_filled","dispatch_medium_filled","fill_dispatch_medium","blank_unfilled","8","True","True","True","True","True","True","True","True","0","0","False","False","False","False","False","False","False","True","True","True"
"fj-dispatch-blocker-evidence-intake-0134","dispatch-blocker-fj-0134","dispatch-check-request-preflight-confirm-apply-candidate-filled-note-form-term-ja-0018","request-preflight-confirm-apply-candidate-filled-note-form-term-ja-0018","preflight-confirm-apply-candidate-filled-note-form-term-ja-0018","candidate-filled-note-form-term-ja-0018","note-form-term-ja-0018","term-ja-0018","japanese","Noether/Noetherian","noetherian","high","BE28FBF145A4076153C35912F25A9807E3C737235493A52A519FFB8CD947E646","local_standard_route_filled","local_standard_route_filled","fill_local_standard_route","blank_unfilled","8","True","True","True","True","True","True","True","True","0","0","False","False","False","False","False","False","False","True","True","True"
"fj-dispatch-blocker-evidence-intake-0135","dispatch-blocker-fj-0135","dispatch-check-request-preflight-confirm-apply-candidate-filled-note-form-term-ja-0018","request-preflight-confirm-apply-candidate-filled-note-form-term-ja-0018","preflight-confirm-apply-candidate-filled-note-form-term-ja-0018","candidate-filled-note-form-term-ja-0018","note-form-term-ja-0018","term-ja-0018","japanese","Noether/Noetherian","noetherian","high","BE28FBF145A4076153C35912F25A9807E3C737235493A52A519FFB8CD947E646","license_context_note_filled","license_context_note_filled","fill_license_context_note","blank_unfilled","8","True","True","True","True","True","True","True","True","0","0","False","False","False","False","False","False","False","True","True","True"
"fj-dispatch-blocker-evidence-intake-0136","dispatch-blocker-fj-0136","dispatch-check-request-preflight-confirm-apply-candidate-filled-note-form-term-ja-0019","request-preflight-confirm-apply-candidate-filled-note-form-term-ja-0019","preflight-confirm-apply-candidate-filled-note-form-term-ja-0019","candidate-filled-note-form-term-ja-0019","note-form-term-ja-0019","term-ja-0019","japanese","Noetherian","noetherian","high","2FC2ED2B19819897D47FA10E1C0255AB996AC8E05DBE4F8508834A220F3A0303","route_label_filled","route_label_filled","fill_non_personal_route_label","blank_unfilled","8","True","True","True","True","True","True","True","True","0","0","False","False","False","False","False","False","False","True","True","True"
"fj-dispatch-blocker-evidence-intake-0137","dispatch-blocker-fj-0137","dispatch-check-request-preflight-confirm-apply-candidate-filled-note-form-term-ja-0019","request-preflight-confirm-apply-candidate-filled-note-form-term-ja-0019","preflight-confirm-apply-candidate-filled-note-form-term-ja-0019","candidate-filled-note-form-term-ja-0019","note-form-term-ja-0019","term-ja-0019","japanese","Noetherian","noetherian","high","2FC2ED2B19819897D47FA10E1C0255AB996AC8E05DBE4F8508834A220F3A0303","addressee_or_owner_role_filled","addressee_or_owner_role_filled","fill_non_personal_addressee_or_owner_role","blank_unfilled","8","True","True","True","True","True","True","True","True","0","0","False","False","False","False","False","False","False","True","True","True"
"fj-dispatch-blocker-evidence-intake-0138","dispatch-blocker-fj-0138","dispatch-check-request-preflight-confirm-apply-candidate-filled-note-form-term-ja-0019","request-preflight-confirm-apply-candidate-filled-note-form-term-ja-0019","preflight-confirm-apply-candidate-filled-note-form-term-ja-0019","candidate-filled-note-form-term-ja-0019","note-form-term-ja-0019","term-ja-0019","japanese","Noetherian","noetherian","high","2FC2ED2B19819897D47FA10E1C0255AB996AC8E05DBE4F8508834A220F3A0303","dispatch_medium_filled","dispatch_medium_filled","fill_dispatch_medium","blank_unfilled","8","True","True","True","True","True","True","True","True","0","0","False","False","False","False","False","False","False","True","True","True"
"fj-dispatch-blocker-evidence-intake-0139","dispatch-blocker-fj-0139","dispatch-check-request-preflight-confirm-apply-candidate-filled-note-form-term-ja-0019","request-preflight-confirm-apply-candidate-filled-note-form-term-ja-0019","preflight-confirm-apply-candidate-filled-note-form-term-ja-0019","candidate-filled-note-form-term-ja-0019","note-form-term-ja-0019","term-ja-0019","japanese","Noetherian","noetherian","high","2FC2ED2B19819897D47FA10E1C0255AB996AC8E05DBE4F8508834A220F3A0303","local_standard_route_filled","local_standard_route_filled","fill_local_standard_route","blank_unfilled","8","True","True","True","True","True","True","True","True","0","0","False","False","False","False","False","False","False","True","True","True"
"fj-dispatch-blocker-evidence-intake-0140","dispatch-blocker-fj-0140","dispatch-check-request-preflight-confirm-apply-candidate-filled-note-form-term-ja-0019","request-preflight-confirm-apply-candidate-filled-note-form-term-ja-0019","preflight-confirm-apply-candidate-filled-note-form-term-ja-0019","candidate-filled-note-form-term-ja-0019","note-form-term-ja-0019","term-ja-0019","japanese","Noetherian","noetherian","high","2FC2ED2B19819897D47FA10E1C0255AB996AC8E05DBE4F8508834A220F3A0303","license_context_note_filled","license_context_note_filled","fill_license_context_note","blank_unfilled","8","True","True","True","True","True","True","True","True","0","0","False","False","False","False","False","False","False","True","True","True"
"fj-dispatch-blocker-evidence-intake-0141","dispatch-blocker-fj-0141","dispatch-check-request-preflight-confirm-apply-candidate-filled-note-form-term-ja-0020","request-preflight-confirm-apply-candidate-filled-note-form-term-ja-0020","preflight-confirm-apply-candidate-filled-note-form-term-ja-0020","candidate-filled-note-form-term-ja-0020","note-form-term-ja-0020","term-ja-0020","japanese","Noetherian/Noether","noetherian","high","D7A54DE3A722C7B963753B205D6CAB724BFCC3250DAFDA23791C977FA6DCCCE5","route_label_filled","route_label_filled","fill_non_personal_route_label","blank_unfilled","8","True","True","True","True","True","True","True","True","0","0","False","False","False","False","False","False","False","True","True","True"
"fj-dispatch-blocker-evidence-intake-0142","dispatch-blocker-fj-0142","dispatch-check-request-preflight-confirm-apply-candidate-filled-note-form-term-ja-0020","request-preflight-confirm-apply-candidate-filled-note-form-term-ja-0020","preflight-confirm-apply-candidate-filled-note-form-term-ja-0020","candidate-filled-note-form-term-ja-0020","note-form-term-ja-0020","term-ja-0020","japanese","Noetherian/Noether","noetherian","high","D7A54DE3A722C7B963753B205D6CAB724BFCC3250DAFDA23791C977FA6DCCCE5","addressee_or_owner_role_filled","addressee_or_owner_role_filled","fill_non_personal_addressee_or_owner_role","blank_unfilled","8","True","True","True","True","True","True","True","True","0","0","False","False","False","False","False","False","False","True","True","True"
"fj-dispatch-blocker-evidence-intake-0143","dispatch-blocker-fj-0143","dispatch-check-request-preflight-confirm-apply-candidate-filled-note-form-term-ja-0020","request-preflight-confirm-apply-candidate-filled-note-form-term-ja-0020","preflight-confirm-apply-candidate-filled-note-form-term-ja-0020","candidate-filled-note-form-term-ja-0020","note-form-term-ja-0020","term-ja-0020","japanese","Noetherian/Noether","noetherian","high","D7A54DE3A722C7B963753B205D6CAB724BFCC3250DAFDA23791C977FA6DCCCE5","dispatch_medium_filled","dispatch_medium_filled","fill_dispatch_medium","blank_unfilled","8","True","True","True","True","True","True","True","True","0","0","False","False","False","False","False","False","False","True","True","True"
"fj-dispatch-blocker-evidence-intake-0144","dispatch-blocker-fj-0144","dispatch-check-request-preflight-confirm-apply-candidate-filled-note-form-term-ja-0020","request-preflight-confirm-apply-candidate-filled-note-form-term-ja-0020","preflight-confirm-apply-candidate-filled-note-form-term-ja-0020","candidate-filled-note-form-term-ja-0020","note-form-term-ja-0020","term-ja-0020","japanese","Noetherian/Noether","noetherian","high","D7A54DE3A722C7B963753B205D6CAB724BFCC3250DAFDA23791C977FA6DCCCE5","local_standard_route_filled","local_standard_route_filled","fill_local_standard_route","blank_unfilled","8","True","True","True","True","True","True","True","True","0","0","False","False","False","False","False","False","False","True","True","True"
"fj-dispatch-blocker-evidence-intake-0145","dispatch-blocker-fj-0145","dispatch-check-request-preflight-confirm-apply-candidate-filled-note-form-term-ja-0020","request-preflight-confirm-apply-candidate-filled-note-form-term-ja-0020","preflight-confirm-apply-candidate-filled-note-form-term-ja-0020","candidate-filled-note-form-term-ja-0020","note-form-term-ja-0020","term-ja-0020","japanese","Noetherian/Noether","noetherian","high","D7A54DE3A722C7B963753B205D6CAB724BFCC3250DAFDA23791C977FA6DCCCE5","license_context_note_filled","license_context_note_filled","fill_license_context_note","blank_unfilled","8","True","True","True","True","True","True","True","True","0","0","False","False","False","False","False","False","False","True","True","True"
"fj-dispatch-blocker-evidence-intake-0146","dispatch-blocker-fj-0146","dispatch-check-request-preflight-confirm-apply-candidate-filled-note-form-term-ja-0025","request-preflight-confirm-apply-candidate-filled-note-form-term-ja-0025","preflight-confirm-apply-candidate-filled-note-form-term-ja-0025","candidate-filled-note-form-term-ja-0025","note-form-term-ja-0025","term-ja-0025","japanese","Harish-Chandra","representation_theory","high","282AD494D6FD8EFFEC20C850960B7D5F86386693BD8B582BED17101469CF5A93","route_label_filled","route_label_filled","fill_non_personal_route_label","blank_unfilled","8","True","True","True","True","True","True","True","True","0","0","False","False","False","False","False","False","False","True","True","True"
"fj-dispatch-blocker-evidence-intake-0147","dispatch-blocker-fj-0147","dispatch-check-request-preflight-confirm-apply-candidate-filled-note-form-term-ja-0025","request-preflight-confirm-apply-candidate-filled-note-form-term-ja-0025","preflight-confirm-apply-candidate-filled-note-form-term-ja-0025","candidate-filled-note-form-term-ja-0025","note-form-term-ja-0025","term-ja-0025","japanese","Harish-Chandra","representation_theory","high","282AD494D6FD8EFFEC20C850960B7D5F86386693BD8B582BED17101469CF5A93","addressee_or_owner_role_filled","addressee_or_owner_role_filled","fill_non_personal_addressee_or_owner_role","blank_unfilled","8","True","True","True","True","True","True","True","True","0","0","False","False","False","False","False","False","False","True","True","True"
"fj-dispatch-blocker-evidence-intake-0148","dispatch-blocker-fj-0148","dispatch-check-request-preflight-confirm-apply-candidate-filled-note-form-term-ja-0025","request-preflight-confirm-apply-candidate-filled-note-form-term-ja-0025","preflight-confirm-apply-candidate-filled-note-form-term-ja-0025","candidate-filled-note-form-term-ja-0025","note-form-term-ja-0025","term-ja-0025","japanese","Harish-Chandra","representation_theory","high","282AD494D6FD8EFFEC20C850960B7D5F86386693BD8B582BED17101469CF5A93","dispatch_medium_filled","dispatch_medium_filled","fill_dispatch_medium","blank_unfilled","8","True","True","True","True","True","True","True","True","0","0","False","False","False","False","False","False","False","True","True","True"
"fj-dispatch-blocker-evidence-intake-0149","dispatch-blocker-fj-0149","dispatch-check-request-preflight-confirm-apply-candidate-filled-note-form-term-ja-0025","request-preflight-confirm-apply-candidate-filled-note-form-term-ja-0025","preflight-confirm-apply-candidate-filled-note-form-term-ja-0025","candidate-filled-note-form-term-ja-0025","note-form-term-ja-0025","term-ja-0025","japanese","Harish-Chandra","representation_theory","high","282AD494D6FD8EFFEC20C850960B7D5F86386693BD8B582BED17101469CF5A93","local_standard_route_filled","local_standard_route_filled","fill_local_standard_route","blank_unfilled","8","True","True","True","True","True","True","True","True","0","0","False","False","False","False","False","False","False","True","True","True"
"fj-dispatch-blocker-evidence-intake-0150","dispatch-blocker-fj-0150","dispatch-check-request-preflight-confirm-apply-candidate-filled-note-form-term-ja-0025","request-preflight-confirm-apply-candidate-filled-note-form-term-ja-0025","preflight-confirm-apply-candidate-filled-note-form-term-ja-0025","candidate-filled-note-form-term-ja-0025","note-form-term-ja-0025","term-ja-0025","japanese","Harish-Chandra","representation_theory","high","282AD494D6FD8EFFEC20C850960B7D5F86386693BD8B582BED17101469CF5A93","license_context_note_filled","license_context_note_filled","fill_license_context_note","blank_unfilled","8","True","True","True","True","True","True","True","True","0","0","False","False","False","False","False","False","False","True","True","True"
"fj-dispatch-blocker-evidence-intake-0151","dispatch-blocker-fj-0151","dispatch-check-request-preflight-confirm-apply-candidate-filled-note-form-term-ja-0026","request-preflight-confirm-apply-candidate-filled-note-form-term-ja-0026","preflight-confirm-apply-candidate-filled-note-form-term-ja-0026","candidate-filled-note-form-term-ja-0026","note-form-term-ja-0026","term-ja-0026","japanese","Lie group","representation_theory","high","BEE9C958478584A91288E124D4F9A19CD3A5F7A9E03C2E2F533AE96AE4906C4C","route_label_filled","route_label_filled","fill_non_personal_route_label","blank_unfilled","8","True","True","True","True","True","True","True","True","0","0","False","False","False","False","False","False","False","True","True","True"
"fj-dispatch-blocker-evidence-intake-0152","dispatch-blocker-fj-0152","dispatch-check-request-preflight-confirm-apply-candidate-filled-note-form-term-ja-0026","request-preflight-confirm-apply-candidate-filled-note-form-term-ja-0026","preflight-confirm-apply-candidate-filled-note-form-term-ja-0026","candidate-filled-note-form-term-ja-0026","note-form-term-ja-0026","term-ja-0026","japanese","Lie group","representation_theory","high","BEE9C958478584A91288E124D4F9A19CD3A5F7A9E03C2E2F533AE96AE4906C4C","addressee_or_owner_role_filled","addressee_or_owner_role_filled","fill_non_personal_addressee_or_owner_role","blank_unfilled","8","True","True","True","True","True","True","True","True","0","0","False","False","False","False","False","False","False","True","True","True"
"fj-dispatch-blocker-evidence-intake-0153","dispatch-blocker-fj-0153","dispatch-check-request-preflight-confirm-apply-candidate-filled-note-form-term-ja-0026","request-preflight-confirm-apply-candidate-filled-note-form-term-ja-0026","preflight-confirm-apply-candidate-filled-note-form-term-ja-0026","candidate-filled-note-form-term-ja-0026","note-form-term-ja-0026","term-ja-0026","japanese","Lie group","representation_theory","high","BEE9C958478584A91288E124D4F9A19CD3A5F7A9E03C2E2F533AE96AE4906C4C","dispatch_medium_filled","dispatch_medium_filled","fill_dispatch_medium","blank_unfilled","8","True","True","True","True","True","True","True","True","0","0","False","False","False","False","False","False","False","True","True","True"
"fj-dispatch-blocker-evidence-intake-0154","dispatch-blocker-fj-0154","dispatch-check-request-preflight-confirm-apply-candidate-filled-note-form-term-ja-0026","request-preflight-confirm-apply-candidate-filled-note-form-term-ja-0026","preflight-confirm-apply-candidate-filled-note-form-term-ja-0026","candidate-filled-note-form-term-ja-0026","note-form-term-ja-0026","term-ja-0026","japanese","Lie group","representation_theory","high","BEE9C958478584A91288E124D4F9A19CD3A5F7A9E03C2E2F533AE96AE4906C4C","local_standard_route_filled","local_standard_route_filled","fill_local_standard_route","blank_unfilled","8","True","True","True","True","True","True","True","True","0","0","False","False","False","False","False","False","False","True","True","True"
"fj-dispatch-blocker-evidence-intake-0155","dispatch-blocker-fj-0155","dispatch-check-request-preflight-confirm-apply-candidate-filled-note-form-term-ja-0026","request-preflight-confirm-apply-candidate-filled-note-form-term-ja-0026","preflight-confirm-apply-candidate-filled-note-form-term-ja-0026","candidate-filled-note-form-term-ja-0026","note-form-term-ja-0026","term-ja-0026","japanese","Lie group","representation_theory","high","BEE9C958478584A91288E124D4F9A19CD3A5F7A9E03C2E2F533AE96AE4906C4C","license_context_note_filled","license_context_note_filled","fill_license_context_note","blank_unfilled","8","True","True","True","True","True","True","True","True","0","0","False","False","False","False","False","False","False","True","True","True"
"fj-dispatch-blocker-evidence-intake-0156","dispatch-blocker-fj-0156","dispatch-check-request-preflight-confirm-apply-candidate-filled-note-form-term-ja-0027","request-preflight-confirm-apply-candidate-filled-note-form-term-ja-0027","preflight-confirm-apply-candidate-filled-note-form-term-ja-0027","candidate-filled-note-form-term-ja-0027","note-form-term-ja-0027","term-ja-0027","japanese","semisimple","representation_theory","high","892BD8F164B76A6A5281674B79ECF14C4211541213EA32D7E83975C620FD4C1C","route_label_filled","route_label_filled","fill_non_personal_route_label","blank_unfilled","8","True","True","True","True","True","True","True","True","0","0","False","False","False","False","False","False","False","True","True","True"
"fj-dispatch-blocker-evidence-intake-0157","dispatch-blocker-fj-0157","dispatch-check-request-preflight-confirm-apply-candidate-filled-note-form-term-ja-0027","request-preflight-confirm-apply-candidate-filled-note-form-term-ja-0027","preflight-confirm-apply-candidate-filled-note-form-term-ja-0027","candidate-filled-note-form-term-ja-0027","note-form-term-ja-0027","term-ja-0027","japanese","semisimple","representation_theory","high","892BD8F164B76A6A5281674B79ECF14C4211541213EA32D7E83975C620FD4C1C","addressee_or_owner_role_filled","addressee_or_owner_role_filled","fill_non_personal_addressee_or_owner_role","blank_unfilled","8","True","True","True","True","True","True","True","True","0","0","False","False","False","False","False","False","False","True","True","True"
"fj-dispatch-blocker-evidence-intake-0158","dispatch-blocker-fj-0158","dispatch-check-request-preflight-confirm-apply-candidate-filled-note-form-term-ja-0027","request-preflight-confirm-apply-candidate-filled-note-form-term-ja-0027","preflight-confirm-apply-candidate-filled-note-form-term-ja-0027","candidate-filled-note-form-term-ja-0027","note-form-term-ja-0027","term-ja-0027","japanese","semisimple","representation_theory","high","892BD8F164B76A6A5281674B79ECF14C4211541213EA32D7E83975C620FD4C1C","dispatch_medium_filled","dispatch_medium_filled","fill_dispatch_medium","blank_unfilled","8","True","True","True","True","True","True","True","True","0","0","False","False","False","False","False","False","False","True","True","True"
"fj-dispatch-blocker-evidence-intake-0159","dispatch-blocker-fj-0159","dispatch-check-request-preflight-confirm-apply-candidate-filled-note-form-term-ja-0027","request-preflight-confirm-apply-candidate-filled-note-form-term-ja-0027","preflight-confirm-apply-candidate-filled-note-form-term-ja-0027","candidate-filled-note-form-term-ja-0027","note-form-term-ja-0027","term-ja-0027","japanese","semisimple","representation_theory","high","892BD8F164B76A6A5281674B79ECF14C4211541213EA32D7E83975C620FD4C1C","local_standard_route_filled","local_standard_route_filled","fill_local_standard_route","blank_unfilled","8","True","True","True","True","True","True","True","True","0","0","False","False","False","False","False","False","False","True","True","True"
"fj-dispatch-blocker-evidence-intake-0160","dispatch-blocker-fj-0160","dispatch-check-request-preflight-confirm-apply-candidate-filled-note-form-term-ja-0027","request-preflight-confirm-apply-candidate-filled-note-form-term-ja-0027","preflight-confirm-apply-candidate-filled-note-form-term-ja-0027","candidate-filled-note-form-term-ja-0027","note-form-term-ja-0027","term-ja-0027","japanese","semisimple","representation_theory","high","892BD8F164B76A6A5281674B79ECF14C4211541213EA32D7E83975C620FD4C1C","license_context_note_filled","license_context_note_filled","fill_license_context_note","blank_unfilled","8","True","True","True","True","True","True","True","True","0","0","False","False","False","False","False","False","False","True","True","True"
"fj-dispatch-blocker-evidence-intake-0161","dispatch-blocker-fj-0161","dispatch-check-request-preflight-confirm-apply-candidate-filled-note-form-term-ja-0028","request-preflight-confirm-apply-candidate-filled-note-form-term-ja-0028","preflight-confirm-apply-candidate-filled-note-form-term-ja-0028","candidate-filled-note-form-term-ja-0028","note-form-term-ja-0028","term-ja-0028","japanese","completely reducible","representation_theory","high","BD7E7D144E6AC5325750930EFC777C141D027EC355132E6C0C042A3C7259F49A","route_label_filled","route_label_filled","fill_non_personal_route_label","blank_unfilled","8","True","True","True","True","True","True","True","True","0","0","False","False","False","False","False","False","False","True","True","True"
"fj-dispatch-blocker-evidence-intake-0162","dispatch-blocker-fj-0162","dispatch-check-request-preflight-confirm-apply-candidate-filled-note-form-term-ja-0028","request-preflight-confirm-apply-candidate-filled-note-form-term-ja-0028","preflight-confirm-apply-candidate-filled-note-form-term-ja-0028","candidate-filled-note-form-term-ja-0028","note-form-term-ja-0028","term-ja-0028","japanese","completely reducible","representation_theory","high","BD7E7D144E6AC5325750930EFC777C141D027EC355132E6C0C042A3C7259F49A","addressee_or_owner_role_filled","addressee_or_owner_role_filled","fill_non_personal_addressee_or_owner_role","blank_unfilled","8","True","True","True","True","True","True","True","True","0","0","False","False","False","False","False","False","False","True","True","True"
"fj-dispatch-blocker-evidence-intake-0163","dispatch-blocker-fj-0163","dispatch-check-request-preflight-confirm-apply-candidate-filled-note-form-term-ja-0028","request-preflight-confirm-apply-candidate-filled-note-form-term-ja-0028","preflight-confirm-apply-candidate-filled-note-form-term-ja-0028","candidate-filled-note-form-term-ja-0028","note-form-term-ja-0028","term-ja-0028","japanese","completely reducible","representation_theory","high","BD7E7D144E6AC5325750930EFC777C141D027EC355132E6C0C042A3C7259F49A","dispatch_medium_filled","dispatch_medium_filled","fill_dispatch_medium","blank_unfilled","8","True","True","True","True","True","True","True","True","0","0","False","False","False","False","False","False","False","True","True","True"
"fj-dispatch-blocker-evidence-intake-0164","dispatch-blocker-fj-0164","dispatch-check-request-preflight-confirm-apply-candidate-filled-note-form-term-ja-0028","request-preflight-confirm-apply-candidate-filled-note-form-term-ja-0028","preflight-confirm-apply-candidate-filled-note-form-term-ja-0028","candidate-filled-note-form-term-ja-0028","note-form-term-ja-0028","term-ja-0028","japanese","completely reducible","representation_theory","high","BD7E7D144E6AC5325750930EFC777C141D027EC355132E6C0C042A3C7259F49A","local_standard_route_filled","local_standard_route_filled","fill_local_standard_route","blank_unfilled","8","True","True","True","True","True","True","True","True","0","0","False","False","False","False","False","False","False","True","True","True"
"fj-dispatch-blocker-evidence-intake-0165","dispatch-blocker-fj-0165","dispatch-check-request-preflight-confirm-apply-candidate-filled-note-form-term-ja-0028","request-preflight-confirm-apply-candidate-filled-note-form-term-ja-0028","preflight-confirm-apply-candidate-filled-note-form-term-ja-0028","candidate-filled-note-form-term-ja-0028","note-form-term-ja-0028","term-ja-0028","japanese","completely reducible","representation_theory","high","BD7E7D144E6AC5325750930EFC777C141D027EC355132E6C0C042A3C7259F49A","license_context_note_filled","license_context_note_filled","fill_license_context_note","blank_unfilled","8","True","True","True","True","True","True","True","True","0","0","False","False","False","False","False","False","False","True","True","True"
"fj-dispatch-blocker-evidence-intake-0166","dispatch-blocker-fj-0166","dispatch-check-request-preflight-confirm-apply-candidate-filled-note-form-term-ja-0029","request-preflight-confirm-apply-candidate-filled-note-form-term-ja-0029","preflight-confirm-apply-candidate-filled-note-form-term-ja-0029","candidate-filled-note-form-term-ja-0029","note-form-term-ja-0029","term-ja-0029","japanese","character","representation_theory","high","BCC250E69C7C511D0BBD0100917860FC27D70EFEEF5C433EDC1CF26FCFE72CF3","route_label_filled","route_label_filled","fill_non_personal_route_label","blank_unfilled","8","True","True","True","True","True","True","True","True","0","0","False","False","False","False","False","False","False","True","True","True"
"fj-dispatch-blocker-evidence-intake-0167","dispatch-blocker-fj-0167","dispatch-check-request-preflight-confirm-apply-candidate-filled-note-form-term-ja-0029","request-preflight-confirm-apply-candidate-filled-note-form-term-ja-0029","preflight-confirm-apply-candidate-filled-note-form-term-ja-0029","candidate-filled-note-form-term-ja-0029","note-form-term-ja-0029","term-ja-0029","japanese","character","representation_theory","high","BCC250E69C7C511D0BBD0100917860FC27D70EFEEF5C433EDC1CF26FCFE72CF3","addressee_or_owner_role_filled","addressee_or_owner_role_filled","fill_non_personal_addressee_or_owner_role","blank_unfilled","8","True","True","True","True","True","True","True","True","0","0","False","False","False","False","False","False","False","True","True","True"
"fj-dispatch-blocker-evidence-intake-0168","dispatch-blocker-fj-0168","dispatch-check-request-preflight-confirm-apply-candidate-filled-note-form-term-ja-0029","request-preflight-confirm-apply-candidate-filled-note-form-term-ja-0029","preflight-confirm-apply-candidate-filled-note-form-term-ja-0029","candidate-filled-note-form-term-ja-0029","note-form-term-ja-0029","term-ja-0029","japanese","character","representation_theory","high","BCC250E69C7C511D0BBD0100917860FC27D70EFEEF5C433EDC1CF26FCFE72CF3","dispatch_medium_filled","dispatch_medium_filled","fill_dispatch_medium","blank_unfilled","8","True","True","True","True","True","True","True","True","0","0","False","False","False","False","False","False","False","True","True","True"
"fj-dispatch-blocker-evidence-intake-0169","dispatch-blocker-fj-0169","dispatch-check-request-preflight-confirm-apply-candidate-filled-note-form-term-ja-0029","request-preflight-confirm-apply-candidate-filled-note-form-term-ja-0029","preflight-confirm-apply-candidate-filled-note-form-term-ja-0029","candidate-filled-note-form-term-ja-0029","note-form-term-ja-0029","term-ja-0029","japanese","character","representation_theory","high","BCC250E69C7C511D0BBD0100917860FC27D70EFEEF5C433EDC1CF26FCFE72CF3","local_standard_route_filled","local_standard_route_filled","fill_local_standard_route","blank_unfilled","8","True","True","True","True","True","True","True","True","0","0","False","False","False","False","False","False","False","True","True","True"
"fj-dispatch-blocker-evidence-intake-0170","dispatch-blocker-fj-0170","dispatch-check-request-preflight-confirm-apply-candidate-filled-note-form-term-ja-0029","request-preflight-confirm-apply-candidate-filled-note-form-term-ja-0029","preflight-confirm-apply-candidate-filled-note-form-term-ja-0029","candidate-filled-note-form-term-ja-0029","note-form-term-ja-0029","term-ja-0029","japanese","character","representation_theory","high","BCC250E69C7C511D0BBD0100917860FC27D70EFEEF5C433EDC1CF26FCFE72CF3","license_context_note_filled","license_context_note_filled","fill_license_context_note","blank_unfilled","8","True","True","True","True","True","True","True","True","0","0","False","False","False","False","False","False","False","True","True","True"
"fj-dispatch-blocker-evidence-intake-0171","dispatch-blocker-fj-0171","dispatch-check-request-preflight-confirm-apply-candidate-filled-note-form-term-ja-0030","request-preflight-confirm-apply-candidate-filled-note-form-term-ja-0030","preflight-confirm-apply-candidate-filled-note-form-term-ja-0030","candidate-filled-note-form-term-ja-0030","note-form-term-ja-0030","term-ja-0030","japanese","irreducible representation","representation_theory","high","A165D12F0C8FAC56AF3931BDCCCE9BF1A97E9B8D5AC594DD16807C3461AE3731","route_label_filled","route_label_filled","fill_non_personal_route_label","blank_unfilled","8","True","True","True","True","True","True","True","True","0","0","False","False","False","False","False","False","False","True","True","True"
"fj-dispatch-blocker-evidence-intake-0172","dispatch-blocker-fj-0172","dispatch-check-request-preflight-confirm-apply-candidate-filled-note-form-term-ja-0030","request-preflight-confirm-apply-candidate-filled-note-form-term-ja-0030","preflight-confirm-apply-candidate-filled-note-form-term-ja-0030","candidate-filled-note-form-term-ja-0030","note-form-term-ja-0030","term-ja-0030","japanese","irreducible representation","representation_theory","high","A165D12F0C8FAC56AF3931BDCCCE9BF1A97E9B8D5AC594DD16807C3461AE3731","addressee_or_owner_role_filled","addressee_or_owner_role_filled","fill_non_personal_addressee_or_owner_role","blank_unfilled","8","True","True","True","True","True","True","True","True","0","0","False","False","False","False","False","False","False","True","True","True"
"fj-dispatch-blocker-evidence-intake-0173","dispatch-blocker-fj-0173","dispatch-check-request-preflight-confirm-apply-candidate-filled-note-form-term-ja-0030","request-preflight-confirm-apply-candidate-filled-note-form-term-ja-0030","preflight-confirm-apply-candidate-filled-note-form-term-ja-0030","candidate-filled-note-form-term-ja-0030","note-form-term-ja-0030","term-ja-0030","japanese","irreducible representation","representation_theory","high","A165D12F0C8FAC56AF3931BDCCCE9BF1A97E9B8D5AC594DD16807C3461AE3731","dispatch_medium_filled","dispatch_medium_filled","fill_dispatch_medium","blank_unfilled","8","True","True","True","True","True","True","True","True","0","0","False","False","False","False","False","False","False","True","True","True"
"fj-dispatch-blocker-evidence-intake-0174","dispatch-blocker-fj-0174","dispatch-check-request-preflight-confirm-apply-candidate-filled-note-form-term-ja-0030","request-preflight-confirm-apply-candidate-filled-note-form-term-ja-0030","preflight-confirm-apply-candidate-filled-note-form-term-ja-0030","candidate-filled-note-form-term-ja-0030","note-form-term-ja-0030","term-ja-0030","japanese","irreducible representation","representation_theory","high","A165D12F0C8FAC56AF3931BDCCCE9BF1A97E9B8D5AC594DD16807C3461AE3731","local_standard_route_filled","local_standard_route_filled","fill_local_standard_route","blank_unfilled","8","True","True","True","True","True","True","True","True","0","0","False","False","False","False","False","False","False","True","True","True"
"fj-dispatch-blocker-evidence-intake-0175","dispatch-blocker-fj-0175","dispatch-check-request-preflight-confirm-apply-candidate-filled-note-form-term-ja-0030","request-preflight-confirm-apply-candidate-filled-note-form-term-ja-0030","preflight-confirm-apply-candidate-filled-note-form-term-ja-0030","candidate-filled-note-form-term-ja-0030","note-form-term-ja-0030","term-ja-0030","japanese","irreducible representation","representation_theory","high","A165D12F0C8FAC56AF3931BDCCCE9BF1A97E9B8D5AC594DD16807C3461AE3731","license_context_note_filled","license_context_note_filled","fill_license_context_note","blank_unfilled","8","True","True","True","True","True","True","True","True","0","0","False","False","False","False","False","False","False","True","True","True"
"fj-dispatch-blocker-evidence-intake-0176","dispatch-blocker-fj-0176","dispatch-check-request-preflight-confirm-apply-candidate-filled-note-form-term-ja-0031","request-preflight-confirm-apply-candidate-filled-note-form-term-ja-0031","preflight-confirm-apply-candidate-filled-note-form-term-ja-0031","candidate-filled-note-form-term-ja-0031","note-form-term-ja-0031","term-ja-0031","japanese","group ring/group algebra","representation_theory","high","837C74DD2A0BCC16A4899D8784A1CC75C004684AC9FC9E47E529576F727466A0","route_label_filled","route_label_filled","fill_non_personal_route_label","blank_unfilled","8","True","True","True","True","True","True","True","True","0","0","False","False","False","False","False","False","False","True","True","True"
"fj-dispatch-blocker-evidence-intake-0177","dispatch-blocker-fj-0177","dispatch-check-request-preflight-confirm-apply-candidate-filled-note-form-term-ja-0031","request-preflight-confirm-apply-candidate-filled-note-form-term-ja-0031","preflight-confirm-apply-candidate-filled-note-form-term-ja-0031","candidate-filled-note-form-term-ja-0031","note-form-term-ja-0031","term-ja-0031","japanese","group ring/group algebra","representation_theory","high","837C74DD2A0BCC16A4899D8784A1CC75C004684AC9FC9E47E529576F727466A0","addressee_or_owner_role_filled","addressee_or_owner_role_filled","fill_non_personal_addressee_or_owner_role","blank_unfilled","8","True","True","True","True","True","True","True","True","0","0","False","False","False","False","False","False","False","True","True","True"
"fj-dispatch-blocker-evidence-intake-0178","dispatch-blocker-fj-0178","dispatch-check-request-preflight-confirm-apply-candidate-filled-note-form-term-ja-0031","request-preflight-confirm-apply-candidate-filled-note-form-term-ja-0031","preflight-confirm-apply-candidate-filled-note-form-term-ja-0031","candidate-filled-note-form-term-ja-0031","note-form-term-ja-0031","term-ja-0031","japanese","group ring/group algebra","representation_theory","high","837C74DD2A0BCC16A4899D8784A1CC75C004684AC9FC9E47E529576F727466A0","dispatch_medium_filled","dispatch_medium_filled","fill_dispatch_medium","blank_unfilled","8","True","True","True","True","True","True","True","True","0","0","False","False","False","False","False","False","False","True","True","True"
"fj-dispatch-blocker-evidence-intake-0179","dispatch-blocker-fj-0179","dispatch-check-request-preflight-confirm-apply-candidate-filled-note-form-term-ja-0031","request-preflight-confirm-apply-candidate-filled-note-form-term-ja-0031","preflight-confirm-apply-candidate-filled-note-form-term-ja-0031","candidate-filled-note-form-term-ja-0031","note-form-term-ja-0031","term-ja-0031","japanese","group ring/group algebra","representation_theory","high","837C74DD2A0BCC16A4899D8784A1CC75C004684AC9FC9E47E529576F727466A0","local_standard_route_filled","local_standard_route_filled","fill_local_standard_route","blank_unfilled","8","True","True","True","True","True","True","True","True","0","0","False","False","False","False","False","False","False","True","True","True"
"fj-dispatch-blocker-evidence-intake-0180","dispatch-blocker-fj-0180","dispatch-check-request-preflight-confirm-apply-candidate-filled-note-form-term-ja-0031","request-preflight-confirm-apply-candidate-filled-note-form-term-ja-0031","preflight-confirm-apply-candidate-filled-note-form-term-ja-0031","candidate-filled-note-form-term-ja-0031","note-form-term-ja-0031","term-ja-0031","japanese","group ring/group algebra","representation_theory","high","837C74DD2A0BCC16A4899D8784A1CC75C004684AC9FC9E47E529576F727466A0","license_context_note_filled","license_context_note_filled","fill_license_context_note","blank_unfilled","8","True","True","True","True","True","True","True","True","0","0","False","False","False","False","False","False","False","True","True","True"
"fj-dispatch-blocker-evidence-intake-0181","dispatch-blocker-fj-0181","dispatch-check-request-preflight-confirm-apply-candidate-filled-note-form-term-ja-0032","request-preflight-confirm-apply-candidate-filled-note-form-term-ja-0032","preflight-confirm-apply-candidate-filled-note-form-term-ja-0032","candidate-filled-note-form-term-ja-0032","note-form-term-ja-0032","term-ja-0032","japanese","representation","representation_theory","high","E8A66F7B9B38BD488CA744EBE75B61F6E6318A89BF0A2FE69782E8A9F3DE45F5","route_label_filled","route_label_filled","fill_non_personal_route_label","blank_unfilled","8","True","True","True","True","True","True","True","True","0","0","False","False","False","False","False","False","False","True","True","True"
"fj-dispatch-blocker-evidence-intake-0182","dispatch-blocker-fj-0182","dispatch-check-request-preflight-confirm-apply-candidate-filled-note-form-term-ja-0032","request-preflight-confirm-apply-candidate-filled-note-form-term-ja-0032","preflight-confirm-apply-candidate-filled-note-form-term-ja-0032","candidate-filled-note-form-term-ja-0032","note-form-term-ja-0032","term-ja-0032","japanese","representation","representation_theory","high","E8A66F7B9B38BD488CA744EBE75B61F6E6318A89BF0A2FE69782E8A9F3DE45F5","addressee_or_owner_role_filled","addressee_or_owner_role_filled","fill_non_personal_addressee_or_owner_role","blank_unfilled","8","True","True","True","True","True","True","True","True","0","0","False","False","False","False","False","False","False","True","True","True"
"fj-dispatch-blocker-evidence-intake-0183","dispatch-blocker-fj-0183","dispatch-check-request-preflight-confirm-apply-candidate-filled-note-form-term-ja-0032","request-preflight-confirm-apply-candidate-filled-note-form-term-ja-0032","preflight-confirm-apply-candidate-filled-note-form-term-ja-0032","candidate-filled-note-form-term-ja-0032","note-form-term-ja-0032","term-ja-0032","japanese","representation","representation_theory","high","E8A66F7B9B38BD488CA744EBE75B61F6E6318A89BF0A2FE69782E8A9F3DE45F5","dispatch_medium_filled","dispatch_medium_filled","fill_dispatch_medium","blank_unfilled","8","True","True","True","True","True","True","True","True","0","0","False","False","False","False","False","False","False","True","True","True"
"fj-dispatch-blocker-evidence-intake-0184","dispatch-blocker-fj-0184","dispatch-check-request-preflight-confirm-apply-candidate-filled-note-form-term-ja-0032","request-preflight-confirm-apply-candidate-filled-note-form-term-ja-0032","preflight-confirm-apply-candidate-filled-note-form-term-ja-0032","candidate-filled-note-form-term-ja-0032","note-form-term-ja-0032","term-ja-0032","japanese","representation","representation_theory","high","E8A66F7B9B38BD488CA744EBE75B61F6E6318A89BF0A2FE69782E8A9F3DE45F5","local_standard_route_filled","local_standard_route_filled","fill_local_standard_route","blank_unfilled","8","True","True","True","True","True","True","True","True","0","0","False","False","False","False","False","False","False","True","True","True"
"fj-dispatch-blocker-evidence-intake-0185","dispatch-blocker-fj-0185","dispatch-check-request-preflight-confirm-apply-candidate-filled-note-form-term-ja-0032","request-preflight-confirm-apply-candidate-filled-note-form-term-ja-0032","preflight-confirm-apply-candidate-filled-note-form-term-ja-0032","candidate-filled-note-form-term-ja-0032","note-form-term-ja-0032","term-ja-0032","japanese","representation","representation_theory","high","E8A66F7B9B38BD488CA744EBE75B61F6E6318A89BF0A2FE69782E8A9F3DE45F5","license_context_note_filled","license_context_note_filled","fill_license_context_note","blank_unfilled","8","True","True","True","True","True","True","True","True","0","0","False","False","False","False","False","False","False","True","True","True"
"fj-dispatch-blocker-evidence-intake-0186","dispatch-blocker-fj-0186","dispatch-check-request-preflight-confirm-apply-candidate-filled-note-form-term-ja-0033","request-preflight-confirm-apply-candidate-filled-note-form-term-ja-0033","preflight-confirm-apply-candidate-filled-note-form-term-ja-0033","candidate-filled-note-form-term-ja-0033","note-form-term-ja-0033","term-ja-0033","japanese","representation theory","representation_theory","high","233D8D0F0840C74C19E0D30146281FA18A0DEEA99E7966DFB7FC1E4BEBF4B0C8","route_label_filled","route_label_filled","fill_non_personal_route_label","blank_unfilled","8","True","True","True","True","True","True","True","True","0","0","False","False","False","False","False","False","False","True","True","True"
"fj-dispatch-blocker-evidence-intake-0187","dispatch-blocker-fj-0187","dispatch-check-request-preflight-confirm-apply-candidate-filled-note-form-term-ja-0033","request-preflight-confirm-apply-candidate-filled-note-form-term-ja-0033","preflight-confirm-apply-candidate-filled-note-form-term-ja-0033","candidate-filled-note-form-term-ja-0033","note-form-term-ja-0033","term-ja-0033","japanese","representation theory","representation_theory","high","233D8D0F0840C74C19E0D30146281FA18A0DEEA99E7966DFB7FC1E4BEBF4B0C8","addressee_or_owner_role_filled","addressee_or_owner_role_filled","fill_non_personal_addressee_or_owner_role","blank_unfilled","8","True","True","True","True","True","True","True","True","0","0","False","False","False","False","False","False","False","True","True","True"
"fj-dispatch-blocker-evidence-intake-0188","dispatch-blocker-fj-0188","dispatch-check-request-preflight-confirm-apply-candidate-filled-note-form-term-ja-0033","request-preflight-confirm-apply-candidate-filled-note-form-term-ja-0033","preflight-confirm-apply-candidate-filled-note-form-term-ja-0033","candidate-filled-note-form-term-ja-0033","note-form-term-ja-0033","term-ja-0033","japanese","representation theory","representation_theory","high","233D8D0F0840C74C19E0D30146281FA18A0DEEA99E7966DFB7FC1E4BEBF4B0C8","dispatch_medium_filled","dispatch_medium_filled","fill_dispatch_medium","blank_unfilled","8","True","True","True","True","True","True","True","True","0","0","False","False","False","False","False","False","False","True","True","True"
"fj-dispatch-blocker-evidence-intake-0189","dispatch-blocker-fj-0189","dispatch-check-request-preflight-confirm-apply-candidate-filled-note-form-term-ja-0033","request-preflight-confirm-apply-candidate-filled-note-form-term-ja-0033","preflight-confirm-apply-candidate-filled-note-form-term-ja-0033","candidate-filled-note-form-term-ja-0033","note-form-term-ja-0033","term-ja-0033","japanese","representation theory","representation_theory","high","233D8D0F0840C74C19E0D30146281FA18A0DEEA99E7966DFB7FC1E4BEBF4B0C8","local_standard_route_filled","local_standard_route_filled","fill_local_standard_route","blank_unfilled","8","True","True","True","True","True","True","True","True","0","0","False","False","False","False","False","False","False","True","True","True"
"fj-dispatch-blocker-evidence-intake-0190","dispatch-blocker-fj-0190","dispatch-check-request-preflight-confirm-apply-candidate-filled-note-form-term-ja-0033","request-preflight-confirm-apply-candidate-filled-note-form-term-ja-0033","preflight-confirm-apply-candidate-filled-note-form-term-ja-0033","candidate-filled-note-form-term-ja-0033","note-form-term-ja-0033","term-ja-0033","japanese","representation theory","representation_theory","high","233D8D0F0840C74C19E0D30146281FA18A0DEEA99E7966DFB7FC1E4BEBF4B0C8","license_context_note_filled","license_context_note_filled","fill_license_context_note","blank_unfilled","8","True","True","True","True","True","True","True","True","0","0","False","False","False","False","False","False","False","True","True","True"
"fj-dispatch-blocker-evidence-intake-0191","dispatch-blocker-fj-0191","dispatch-check-request-preflight-confirm-apply-candidate-filled-note-form-term-ja-0005","request-preflight-confirm-apply-candidate-filled-note-form-term-ja-0005","preflight-confirm-apply-candidate-filled-note-form-term-ja-0005","candidate-filled-note-form-term-ja-0005","note-form-term-ja-0005","term-ja-0005","japanese","Artin/Artinian","finiteness","medium","D07943958BD6425720299BC92940390DCE1ED79B76FEE2C7DA38F874B8D30AB1","route_label_filled","route_label_filled","fill_non_personal_route_label","blank_unfilled","8","True","True","True","True","True","True","True","True","0","0","False","False","False","False","False","False","False","True","True","True"
"fj-dispatch-blocker-evidence-intake-0192","dispatch-blocker-fj-0192","dispatch-check-request-preflight-confirm-apply-candidate-filled-note-form-term-ja-0005","request-preflight-confirm-apply-candidate-filled-note-form-term-ja-0005","preflight-confirm-apply-candidate-filled-note-form-term-ja-0005","candidate-filled-note-form-term-ja-0005","note-form-term-ja-0005","term-ja-0005","japanese","Artin/Artinian","finiteness","medium","D07943958BD6425720299BC92940390DCE1ED79B76FEE2C7DA38F874B8D30AB1","addressee_or_owner_role_filled","addressee_or_owner_role_filled","fill_non_personal_addressee_or_owner_role","blank_unfilled","8","True","True","True","True","True","True","True","True","0","0","False","False","False","False","False","False","False","True","True","True"
"fj-dispatch-blocker-evidence-intake-0193","dispatch-blocker-fj-0193","dispatch-check-request-preflight-confirm-apply-candidate-filled-note-form-term-ja-0005","request-preflight-confirm-apply-candidate-filled-note-form-term-ja-0005","preflight-confirm-apply-candidate-filled-note-form-term-ja-0005","candidate-filled-note-form-term-ja-0005","note-form-term-ja-0005","term-ja-0005","japanese","Artin/Artinian","finiteness","medium","D07943958BD6425720299BC92940390DCE1ED79B76FEE2C7DA38F874B8D30AB1","dispatch_medium_filled","dispatch_medium_filled","fill_dispatch_medium","blank_unfilled","8","True","True","True","True","True","True","True","True","0","0","False","False","False","False","False","False","False","True","True","True"
"fj-dispatch-blocker-evidence-intake-0194","dispatch-blocker-fj-0194","dispatch-check-request-preflight-confirm-apply-candidate-filled-note-form-term-ja-0005","request-preflight-confirm-apply-candidate-filled-note-form-term-ja-0005","preflight-confirm-apply-candidate-filled-note-form-term-ja-0005","candidate-filled-note-form-term-ja-0005","note-form-term-ja-0005","term-ja-0005","japanese","Artin/Artinian","finiteness","medium","D07943958BD6425720299BC92940390DCE1ED79B76FEE2C7DA38F874B8D30AB1","local_standard_route_filled","local_standard_route_filled","fill_local_standard_route","blank_unfilled","8","True","True","True","True","True","True","True","True","0","0","False","False","False","False","False","False","False","True","True","True"
"fj-dispatch-blocker-evidence-intake-0195","dispatch-blocker-fj-0195","dispatch-check-request-preflight-confirm-apply-candidate-filled-note-form-term-ja-0005","request-preflight-confirm-apply-candidate-filled-note-form-term-ja-0005","preflight-confirm-apply-candidate-filled-note-form-term-ja-0005","candidate-filled-note-form-term-ja-0005","note-form-term-ja-0005","term-ja-0005","japanese","Artin/Artinian","finiteness","medium","D07943958BD6425720299BC92940390DCE1ED79B76FEE2C7DA38F874B8D30AB1","license_context_note_filled","license_context_note_filled","fill_license_context_note","blank_unfilled","8","True","True","True","True","True","True","True","True","0","0","False","False","False","False","False","False","False","True","True","True"
"fj-dispatch-blocker-evidence-intake-0196","dispatch-blocker-fj-0196","dispatch-check-request-preflight-confirm-apply-candidate-filled-note-form-term-ja-0006","request-preflight-confirm-apply-candidate-filled-note-form-term-ja-0006","preflight-confirm-apply-candidate-filled-note-form-term-ja-0006","candidate-filled-note-form-term-ja-0006","note-form-term-ja-0006","term-ja-0006","japanese","Artinian/Artin","finiteness","medium","3BDC40E4E05BB53CB468B474236FAA937A52E6B6DA875C8126A24D1FE11B88CD","route_label_filled","route_label_filled","fill_non_personal_route_label","blank_unfilled","8","True","True","True","True","True","True","True","True","0","0","False","False","False","False","False","False","False","True","True","True"
"fj-dispatch-blocker-evidence-intake-0197","dispatch-blocker-fj-0197","dispatch-check-request-preflight-confirm-apply-candidate-filled-note-form-term-ja-0006","request-preflight-confirm-apply-candidate-filled-note-form-term-ja-0006","preflight-confirm-apply-candidate-filled-note-form-term-ja-0006","candidate-filled-note-form-term-ja-0006","note-form-term-ja-0006","term-ja-0006","japanese","Artinian/Artin","finiteness","medium","3BDC40E4E05BB53CB468B474236FAA937A52E6B6DA875C8126A24D1FE11B88CD","addressee_or_owner_role_filled","addressee_or_owner_role_filled","fill_non_personal_addressee_or_owner_role","blank_unfilled","8","True","True","True","True","True","True","True","True","0","0","False","False","False","False","False","False","False","True","True","True"
"fj-dispatch-blocker-evidence-intake-0198","dispatch-blocker-fj-0198","dispatch-check-request-preflight-confirm-apply-candidate-filled-note-form-term-ja-0006","request-preflight-confirm-apply-candidate-filled-note-form-term-ja-0006","preflight-confirm-apply-candidate-filled-note-form-term-ja-0006","candidate-filled-note-form-term-ja-0006","note-form-term-ja-0006","term-ja-0006","japanese","Artinian/Artin","finiteness","medium","3BDC40E4E05BB53CB468B474236FAA937A52E6B6DA875C8126A24D1FE11B88CD","dispatch_medium_filled","dispatch_medium_filled","fill_dispatch_medium","blank_unfilled","8","True","True","True","True","True","True","True","True","0","0","False","False","False","False","False","False","False","True","True","True"
"fj-dispatch-blocker-evidence-intake-0199","dispatch-blocker-fj-0199","dispatch-check-request-preflight-confirm-apply-candidate-filled-note-form-term-ja-0006","request-preflight-confirm-apply-candidate-filled-note-form-term-ja-0006","preflight-confirm-apply-candidate-filled-note-form-term-ja-0006","candidate-filled-note-form-term-ja-0006","note-form-term-ja-0006","term-ja-0006","japanese","Artinian/Artin","finiteness","medium","3BDC40E4E05BB53CB468B474236FAA937A52E6B6DA875C8126A24D1FE11B88CD","local_standard_route_filled","local_standard_route_filled","fill_local_standard_route","blank_unfilled","8","True","True","True","True","True","True","True","True","0","0","False","False","False","False","False","False","False","True","True","True"
"fj-dispatch-blocker-evidence-intake-0200","dispatch-blocker-fj-0200","dispatch-check-request-preflight-confirm-apply-candidate-filled-note-form-term-ja-0006","request-preflight-confirm-apply-candidate-filled-note-form-term-ja-0006","preflight-confirm-apply-candidate-filled-note-form-term-ja-0006","candidate-filled-note-form-term-ja-0006","note-form-term-ja-0006","term-ja-0006","japanese","Artinian/Artin","finiteness","medium","3BDC40E4E05BB53CB468B474236FAA937A52E6B6DA875C8126A24D1FE11B88CD","license_context_note_filled","license_context_note_filled","fill_license_context_note","blank_unfilled","8","True","True","True","True","True","True","True","True","0","0","False","False","False","False","False","False","False","True","True","True"
"fj-dispatch-blocker-evidence-intake-0201","dispatch-blocker-fj-0201","dispatch-check-request-preflight-confirm-apply-candidate-filled-note-form-term-ja-0007","request-preflight-confirm-apply-candidate-filled-note-form-term-ja-0007","preflight-confirm-apply-candidate-filled-note-form-term-ja-0007","candidate-filled-note-form-term-ja-0007","note-form-term-ja-0007","term-ja-0007","japanese","finite-dimensional","finiteness","medium","31EFAEADE7646F09E8ABF3FA073148BD2A1E6DF73F46E487B1920D60EC031F8B","route_label_filled","route_label_filled","fill_non_personal_route_label","blank_unfilled","8","True","True","True","True","True","True","True","True","0","0","False","False","False","False","False","False","False","True","True","True"
"fj-dispatch-blocker-evidence-intake-0202","dispatch-blocker-fj-0202","dispatch-check-request-preflight-confirm-apply-candidate-filled-note-form-term-ja-0007","request-preflight-confirm-apply-candidate-filled-note-form-term-ja-0007","preflight-confirm-apply-candidate-filled-note-form-term-ja-0007","candidate-filled-note-form-term-ja-0007","note-form-term-ja-0007","term-ja-0007","japanese","finite-dimensional","finiteness","medium","31EFAEADE7646F09E8ABF3FA073148BD2A1E6DF73F46E487B1920D60EC031F8B","addressee_or_owner_role_filled","addressee_or_owner_role_filled","fill_non_personal_addressee_or_owner_role","blank_unfilled","8","True","True","True","True","True","True","True","True","0","0","False","False","False","False","False","False","False","True","True","True"
"fj-dispatch-blocker-evidence-intake-0203","dispatch-blocker-fj-0203","dispatch-check-request-preflight-confirm-apply-candidate-filled-note-form-term-ja-0007","request-preflight-confirm-apply-candidate-filled-note-form-term-ja-0007","preflight-confirm-apply-candidate-filled-note-form-term-ja-0007","candidate-filled-note-form-term-ja-0007","note-form-term-ja-0007","term-ja-0007","japanese","finite-dimensional","finiteness","medium","31EFAEADE7646F09E8ABF3FA073148BD2A1E6DF73F46E487B1920D60EC031F8B","dispatch_medium_filled","dispatch_medium_filled","fill_dispatch_medium","blank_unfilled","8","True","True","True","True","True","True","True","True","0","0","False","False","False","False","False","False","False","True","True","True"
"fj-dispatch-blocker-evidence-intake-0204","dispatch-blocker-fj-0204","dispatch-check-request-preflight-confirm-apply-candidate-filled-note-form-term-ja-0007","request-preflight-confirm-apply-candidate-filled-note-form-term-ja-0007","preflight-confirm-apply-candidate-filled-note-form-term-ja-0007","candidate-filled-note-form-term-ja-0007","note-form-term-ja-0007","term-ja-0007","japanese","finite-dimensional","finiteness","medium","31EFAEADE7646F09E8ABF3FA073148BD2A1E6DF73F46E487B1920D60EC031F8B","local_standard_route_filled","local_standard_route_filled","fill_local_standard_route","blank_unfilled","8","True","True","True","True","True","True","True","True","0","0","False","False","False","False","False","False","False","True","True","True"
"fj-dispatch-blocker-evidence-intake-0205","dispatch-blocker-fj-0205","dispatch-check-request-preflight-confirm-apply-candidate-filled-note-form-term-ja-0007","request-preflight-confirm-apply-candidate-filled-note-form-term-ja-0007","preflight-confirm-apply-candidate-filled-note-form-term-ja-0007","candidate-filled-note-form-term-ja-0007","note-form-term-ja-0007","term-ja-0007","japanese","finite-dimensional","finiteness","medium","31EFAEADE7646F09E8ABF3FA073148BD2A1E6DF73F46E487B1920D60EC031F8B","license_context_note_filled","license_context_note_filled","fill_license_context_note","blank_unfilled","8","True","True","True","True","True","True","True","True","0","0","False","False","False","False","False","False","False","True","True","True"
"fj-dispatch-blocker-evidence-intake-0206","dispatch-blocker-fj-0206","dispatch-check-request-preflight-confirm-apply-candidate-filled-note-form-term-ja-0008","request-preflight-confirm-apply-candidate-filled-note-form-term-ja-0008","preflight-confirm-apply-candidate-filled-note-form-term-ja-0008","candidate-filled-note-form-term-ja-0008","note-form-term-ja-0008","term-ja-0008","japanese","finitely generated","finiteness","medium","BA12D0C1045A365EC07E980880A05D358C6700EDA4A53260569FE75D8734DABD","route_label_filled","route_label_filled","fill_non_personal_route_label","blank_unfilled","8","True","True","True","True","True","True","True","True","0","0","False","False","False","False","False","False","False","True","True","True"
"fj-dispatch-blocker-evidence-intake-0207","dispatch-blocker-fj-0207","dispatch-check-request-preflight-confirm-apply-candidate-filled-note-form-term-ja-0008","request-preflight-confirm-apply-candidate-filled-note-form-term-ja-0008","preflight-confirm-apply-candidate-filled-note-form-term-ja-0008","candidate-filled-note-form-term-ja-0008","note-form-term-ja-0008","term-ja-0008","japanese","finitely generated","finiteness","medium","BA12D0C1045A365EC07E980880A05D358C6700EDA4A53260569FE75D8734DABD","addressee_or_owner_role_filled","addressee_or_owner_role_filled","fill_non_personal_addressee_or_owner_role","blank_unfilled","8","True","True","True","True","True","True","True","True","0","0","False","False","False","False","False","False","False","True","True","True"
"fj-dispatch-blocker-evidence-intake-0208","dispatch-blocker-fj-0208","dispatch-check-request-preflight-confirm-apply-candidate-filled-note-form-term-ja-0008","request-preflight-confirm-apply-candidate-filled-note-form-term-ja-0008","preflight-confirm-apply-candidate-filled-note-form-term-ja-0008","candidate-filled-note-form-term-ja-0008","note-form-term-ja-0008","term-ja-0008","japanese","finitely generated","finiteness","medium","BA12D0C1045A365EC07E980880A05D358C6700EDA4A53260569FE75D8734DABD","dispatch_medium_filled","dispatch_medium_filled","fill_dispatch_medium","blank_unfilled","8","True","True","True","True","True","True","True","True","0","0","False","False","False","False","False","False","False","True","True","True"
"fj-dispatch-blocker-evidence-intake-0209","dispatch-blocker-fj-0209","dispatch-check-request-preflight-confirm-apply-candidate-filled-note-form-term-ja-0008","request-preflight-confirm-apply-candidate-filled-note-form-term-ja-0008","preflight-confirm-apply-candidate-filled-note-form-term-ja-0008","candidate-filled-note-form-term-ja-0008","note-form-term-ja-0008","term-ja-0008","japanese","finitely generated","finiteness","medium","BA12D0C1045A365EC07E980880A05D358C6700EDA4A53260569FE75D8734DABD","local_standard_route_filled","local_standard_route_filled","fill_local_standard_route","blank_unfilled","8","True","True","True","True","True","True","True","True","0","0","False","False","False","False","False","False","False","True","True","True"
"fj-dispatch-blocker-evidence-intake-0210","dispatch-blocker-fj-0210","dispatch-check-request-preflight-confirm-apply-candidate-filled-note-form-term-ja-0008","request-preflight-confirm-apply-candidate-filled-note-form-term-ja-0008","preflight-confirm-apply-candidate-filled-note-form-term-ja-0008","candidate-filled-note-form-term-ja-0008","note-form-term-ja-0008","term-ja-0008","japanese","finitely generated","finiteness","medium","BA12D0C1045A365EC07E980880A05D358C6700EDA4A53260569FE75D8734DABD","license_context_note_filled","license_context_note_filled","fill_license_context_note","blank_unfilled","8","True","True","True","True","True","True","True","True","0","0","False","False","False","False","False","False","False","True","True","True"
"fj-dispatch-blocker-evidence-intake-0211","dispatch-blocker-fj-0211","dispatch-check-request-preflight-confirm-apply-candidate-filled-note-form-term-ja-0034","request-preflight-confirm-apply-candidate-filled-note-form-term-ja-0034","preflight-confirm-apply-candidate-filled-note-form-term-ja-0034","candidate-filled-note-form-term-ja-0034","note-form-term-ja-0034","term-ja-0034","japanese","ideal","ring_theory","medium","B302D0472BEB9BA9FB6A42119479E64593213F3284DB48A99FA01CD302EF24BC","route_label_filled","route_label_filled","fill_non_personal_route_label","blank_unfilled","8","True","True","True","True","True","True","True","True","0","0","False","False","False","False","False","False","False","True","True","True"
"fj-dispatch-blocker-evidence-intake-0212","dispatch-blocker-fj-0212","dispatch-check-request-preflight-confirm-apply-candidate-filled-note-form-term-ja-0034","request-preflight-confirm-apply-candidate-filled-note-form-term-ja-0034","preflight-confirm-apply-candidate-filled-note-form-term-ja-0034","candidate-filled-note-form-term-ja-0034","note-form-term-ja-0034","term-ja-0034","japanese","ideal","ring_theory","medium","B302D0472BEB9BA9FB6A42119479E64593213F3284DB48A99FA01CD302EF24BC","addressee_or_owner_role_filled","addressee_or_owner_role_filled","fill_non_personal_addressee_or_owner_role","blank_unfilled","8","True","True","True","True","True","True","True","True","0","0","False","False","False","False","False","False","False","True","True","True"
"fj-dispatch-blocker-evidence-intake-0213","dispatch-blocker-fj-0213","dispatch-check-request-preflight-confirm-apply-candidate-filled-note-form-term-ja-0034","request-preflight-confirm-apply-candidate-filled-note-form-term-ja-0034","preflight-confirm-apply-candidate-filled-note-form-term-ja-0034","candidate-filled-note-form-term-ja-0034","note-form-term-ja-0034","term-ja-0034","japanese","ideal","ring_theory","medium","B302D0472BEB9BA9FB6A42119479E64593213F3284DB48A99FA01CD302EF24BC","dispatch_medium_filled","dispatch_medium_filled","fill_dispatch_medium","blank_unfilled","8","True","True","True","True","True","True","True","True","0","0","False","False","False","False","False","False","False","True","True","True"
"fj-dispatch-blocker-evidence-intake-0214","dispatch-blocker-fj-0214","dispatch-check-request-preflight-confirm-apply-candidate-filled-note-form-term-ja-0034","request-preflight-confirm-apply-candidate-filled-note-form-term-ja-0034","preflight-confirm-apply-candidate-filled-note-form-term-ja-0034","candidate-filled-note-form-term-ja-0034","note-form-term-ja-0034","term-ja-0034","japanese","ideal","ring_theory","medium","B302D0472BEB9BA9FB6A42119479E64593213F3284DB48A99FA01CD302EF24BC","local_standard_route_filled","local_standard_route_filled","fill_local_standard_route","blank_unfilled","8","True","True","True","True","True","True","True","True","0","0","False","False","False","False","False","False","False","True","True","True"
"fj-dispatch-blocker-evidence-intake-0215","dispatch-blocker-fj-0215","dispatch-check-request-preflight-confirm-apply-candidate-filled-note-form-term-ja-0034","request-preflight-confirm-apply-candidate-filled-note-form-term-ja-0034","preflight-confirm-apply-candidate-filled-note-form-term-ja-0034","candidate-filled-note-form-term-ja-0034","note-form-term-ja-0034","term-ja-0034","japanese","ideal","ring_theory","medium","B302D0472BEB9BA9FB6A42119479E64593213F3284DB48A99FA01CD302EF24BC","license_context_note_filled","license_context_note_filled","fill_license_context_note","blank_unfilled","8","True","True","True","True","True","True","True","True","0","0","False","False","False","False","False","False","False","True","True","True"
"fj-dispatch-blocker-evidence-intake-0216","dispatch-blocker-fj-0216","dispatch-check-request-preflight-confirm-apply-candidate-filled-note-form-term-ja-0035","request-preflight-confirm-apply-candidate-filled-note-form-term-ja-0035","preflight-confirm-apply-candidate-filled-note-form-term-ja-0035","candidate-filled-note-form-term-ja-0035","note-form-term-ja-0035","term-ja-0035","japanese","semisimple ring","ring_theory","medium","EE6D80983A48BF655E07CB35DEFAAA9D91B4024D98E3A0CB8EBA75E546F8A648","route_label_filled","route_label_filled","fill_non_personal_route_label","blank_unfilled","8","True","True","True","True","True","True","True","True","0","0","False","False","False","False","False","False","False","True","True","True"
"fj-dispatch-blocker-evidence-intake-0217","dispatch-blocker-fj-0217","dispatch-check-request-preflight-confirm-apply-candidate-filled-note-form-term-ja-0035","request-preflight-confirm-apply-candidate-filled-note-form-term-ja-0035","preflight-confirm-apply-candidate-filled-note-form-term-ja-0035","candidate-filled-note-form-term-ja-0035","note-form-term-ja-0035","term-ja-0035","japanese","semisimple ring","ring_theory","medium","EE6D80983A48BF655E07CB35DEFAAA9D91B4024D98E3A0CB8EBA75E546F8A648","addressee_or_owner_role_filled","addressee_or_owner_role_filled","fill_non_personal_addressee_or_owner_role","blank_unfilled","8","True","True","True","True","True","True","True","True","0","0","False","False","False","False","False","False","False","True","True","True"
"fj-dispatch-blocker-evidence-intake-0218","dispatch-blocker-fj-0218","dispatch-check-request-preflight-confirm-apply-candidate-filled-note-form-term-ja-0035","request-preflight-confirm-apply-candidate-filled-note-form-term-ja-0035","preflight-confirm-apply-candidate-filled-note-form-term-ja-0035","candidate-filled-note-form-term-ja-0035","note-form-term-ja-0035","term-ja-0035","japanese","semisimple ring","ring_theory","medium","EE6D80983A48BF655E07CB35DEFAAA9D91B4024D98E3A0CB8EBA75E546F8A648","dispatch_medium_filled","dispatch_medium_filled","fill_dispatch_medium","blank_unfilled","8","True","True","True","True","True","True","True","True","0","0","False","False","False","False","False","False","False","True","True","True"
"fj-dispatch-blocker-evidence-intake-0219","dispatch-blocker-fj-0219","dispatch-check-request-preflight-confirm-apply-candidate-filled-note-form-term-ja-0035","request-preflight-confirm-apply-candidate-filled-note-form-term-ja-0035","preflight-confirm-apply-candidate-filled-note-form-term-ja-0035","candidate-filled-note-form-term-ja-0035","note-form-term-ja-0035","term-ja-0035","japanese","semisimple ring","ring_theory","medium","EE6D80983A48BF655E07CB35DEFAAA9D91B4024D98E3A0CB8EBA75E546F8A648","local_standard_route_filled","local_standard_route_filled","fill_local_standard_route","blank_unfilled","8","True","True","True","True","True","True","True","True","0","0","False","False","False","False","False","False","False","True","True","True"
"fj-dispatch-blocker-evidence-intake-0220","dispatch-blocker-fj-0220","dispatch-check-request-preflight-confirm-apply-candidate-filled-note-form-term-ja-0035","request-preflight-confirm-apply-candidate-filled-note-form-term-ja-0035","preflight-confirm-apply-candidate-filled-note-form-term-ja-0035","candidate-filled-note-form-term-ja-0035","note-form-term-ja-0035","term-ja-0035","japanese","semisimple ring","ring_theory","medium","EE6D80983A48BF655E07CB35DEFAAA9D91B4024D98E3A0CB8EBA75E546F8A648","license_context_note_filled","license_context_note_filled","fill_license_context_note","blank_unfilled","8","True","True","True","True","True","True","True","True","0","0","False","False","False","False","False","False","False","True","True","True"
"fj-dispatch-blocker-evidence-intake-0221","dispatch-blocker-fj-0221","dispatch-check-request-preflight-confirm-apply-candidate-filled-note-form-term-ja-0036","request-preflight-confirm-apply-candidate-filled-note-form-term-ja-0036","preflight-confirm-apply-candidate-filled-note-form-term-ja-0036","candidate-filled-note-form-term-ja-0036","note-form-term-ja-0036","term-ja-0036","japanese","principal ideal","ring_theory","medium","7DC72AE79D36507BE1B48F225D441C962AB55B3F86F16A7A3B43DC11176079EC","route_label_filled","route_label_filled","fill_non_personal_route_label","blank_unfilled","8","True","True","True","True","True","True","True","True","0","0","False","False","False","False","False","False","False","True","True","True"
"fj-dispatch-blocker-evidence-intake-0222","dispatch-blocker-fj-0222","dispatch-check-request-preflight-confirm-apply-candidate-filled-note-form-term-ja-0036","request-preflight-confirm-apply-candidate-filled-note-form-term-ja-0036","preflight-confirm-apply-candidate-filled-note-form-term-ja-0036","candidate-filled-note-form-term-ja-0036","note-form-term-ja-0036","term-ja-0036","japanese","principal ideal","ring_theory","medium","7DC72AE79D36507BE1B48F225D441C962AB55B3F86F16A7A3B43DC11176079EC","addressee_or_owner_role_filled","addressee_or_owner_role_filled","fill_non_personal_addressee_or_owner_role","blank_unfilled","8","True","True","True","True","True","True","True","True","0","0","False","False","False","False","False","False","False","True","True","True"
"fj-dispatch-blocker-evidence-intake-0223","dispatch-blocker-fj-0223","dispatch-check-request-preflight-confirm-apply-candidate-filled-note-form-term-ja-0036","request-preflight-confirm-apply-candidate-filled-note-form-term-ja-0036","preflight-confirm-apply-candidate-filled-note-form-term-ja-0036","candidate-filled-note-form-term-ja-0036","note-form-term-ja-0036","term-ja-0036","japanese","principal ideal","ring_theory","medium","7DC72AE79D36507BE1B48F225D441C962AB55B3F86F16A7A3B43DC11176079EC","dispatch_medium_filled","dispatch_medium_filled","fill_dispatch_medium","blank_unfilled","8","True","True","True","True","True","True","True","True","0","0","False","False","False","False","False","False","False","True","True","True"
"fj-dispatch-blocker-evidence-intake-0224","dispatch-blocker-fj-0224","dispatch-check-request-preflight-confirm-apply-candidate-filled-note-form-term-ja-0036","request-preflight-confirm-apply-candidate-filled-note-form-term-ja-0036","preflight-confirm-apply-candidate-filled-note-form-term-ja-0036","candidate-filled-note-form-term-ja-0036","note-form-term-ja-0036","term-ja-0036","japanese","principal ideal","ring_theory","medium","7DC72AE79D36507BE1B48F225D441C962AB55B3F86F16A7A3B43DC11176079EC","local_standard_route_filled","local_standard_route_filled","fill_local_standard_route","blank_unfilled","8","True","True","True","True","True","True","True","True","0","0","False","False","False","False","False","False","False","True","True","True"
"fj-dispatch-blocker-evidence-intake-0225","dispatch-blocker-fj-0225","dispatch-check-request-preflight-confirm-apply-candidate-filled-note-form-term-ja-0036","request-preflight-confirm-apply-candidate-filled-note-form-term-ja-0036","preflight-confirm-apply-candidate-filled-note-form-term-ja-0036","candidate-filled-note-form-term-ja-0036","note-form-term-ja-0036","term-ja-0036","japanese","principal ideal","ring_theory","medium","7DC72AE79D36507BE1B48F225D441C962AB55B3F86F16A7A3B43DC11176079EC","license_context_note_filled","license_context_note_filled","fill_license_context_note","blank_unfilled","8","True","True","True","True","True","True","True","True","0","0","False","False","False","False","False","False","False","True","True","True"
"fj-dispatch-blocker-evidence-intake-0226","dispatch-blocker-fj-0226","dispatch-check-request-preflight-confirm-apply-candidate-filled-note-form-term-ja-0037","request-preflight-confirm-apply-candidate-filled-note-form-term-ja-0037","preflight-confirm-apply-candidate-filled-note-form-term-ja-0037","candidate-filled-note-form-term-ja-0037","note-form-term-ja-0037","term-ja-0037","japanese","commutative ring","ring_theory","medium","0C68E8F2C2ECD86804B88F57ACA827308ECF632F3AD720B2701CB46608C7F210","route_label_filled","route_label_filled","fill_non_personal_route_label","blank_unfilled","8","True","True","True","True","True","True","True","True","0","0","False","False","False","False","False","False","False","True","True","True"
"fj-dispatch-blocker-evidence-intake-0227","dispatch-blocker-fj-0227","dispatch-check-request-preflight-confirm-apply-candidate-filled-note-form-term-ja-0037","request-preflight-confirm-apply-candidate-filled-note-form-term-ja-0037","preflight-confirm-apply-candidate-filled-note-form-term-ja-0037","candidate-filled-note-form-term-ja-0037","note-form-term-ja-0037","term-ja-0037","japanese","commutative ring","ring_theory","medium","0C68E8F2C2ECD86804B88F57ACA827308ECF632F3AD720B2701CB46608C7F210","addressee_or_owner_role_filled","addressee_or_owner_role_filled","fill_non_personal_addressee_or_owner_role","blank_unfilled","8","True","True","True","True","True","True","True","True","0","0","False","False","False","False","False","False","False","True","True","True"
"fj-dispatch-blocker-evidence-intake-0228","dispatch-blocker-fj-0228","dispatch-check-request-preflight-confirm-apply-candidate-filled-note-form-term-ja-0037","request-preflight-confirm-apply-candidate-filled-note-form-term-ja-0037","preflight-confirm-apply-candidate-filled-note-form-term-ja-0037","candidate-filled-note-form-term-ja-0037","note-form-term-ja-0037","term-ja-0037","japanese","commutative ring","ring_theory","medium","0C68E8F2C2ECD86804B88F57ACA827308ECF632F3AD720B2701CB46608C7F210","dispatch_medium_filled","dispatch_medium_filled","fill_dispatch_medium","blank_unfilled","8","True","True","True","True","True","True","True","True","0","0","False","False","False","False","False","False","False","True","True","True"
"fj-dispatch-blocker-evidence-intake-0229","dispatch-blocker-fj-0229","dispatch-check-request-preflight-confirm-apply-candidate-filled-note-form-term-ja-0037","request-preflight-confirm-apply-candidate-filled-note-form-term-ja-0037","preflight-confirm-apply-candidate-filled-note-form-term-ja-0037","candidate-filled-note-form-term-ja-0037","note-form-term-ja-0037","term-ja-0037","japanese","commutative ring","ring_theory","medium","0C68E8F2C2ECD86804B88F57ACA827308ECF632F3AD720B2701CB46608C7F210","local_standard_route_filled","local_standard_route_filled","fill_local_standard_route","blank_unfilled","8","True","True","True","True","True","True","True","True","0","0","False","False","False","False","False","False","False","True","True","True"
"fj-dispatch-blocker-evidence-intake-0230","dispatch-blocker-fj-0230","dispatch-check-request-preflight-confirm-apply-candidate-filled-note-form-term-ja-0037","request-preflight-confirm-apply-candidate-filled-note-form-term-ja-0037","preflight-confirm-apply-candidate-filled-note-form-term-ja-0037","candidate-filled-note-form-term-ja-0037","note-form-term-ja-0037","term-ja-0037","japanese","commutative ring","ring_theory","medium","0C68E8F2C2ECD86804B88F57ACA827308ECF632F3AD720B2701CB46608C7F210","license_context_note_filled","license_context_note_filled","fill_license_context_note","blank_unfilled","8","True","True","True","True","True","True","True","True","0","0","False","False","False","False","False","False","False","True","True","True"
"fj-dispatch-blocker-evidence-intake-0231","dispatch-blocker-fj-0231","dispatch-check-request-preflight-confirm-apply-candidate-filled-note-form-term-ja-0038","request-preflight-confirm-apply-candidate-filled-note-form-term-ja-0038","preflight-confirm-apply-candidate-filled-note-form-term-ja-0038","candidate-filled-note-form-term-ja-0038","note-form-term-ja-0038","term-ja-0038","japanese","quotient ring","ring_theory","medium","E15D0A214F72C5736257B105A8831C956F2329EF063D5E8E31F6664409D3F669","route_label_filled","route_label_filled","fill_non_personal_route_label","blank_unfilled","8","True","True","True","True","True","True","True","True","0","0","False","False","False","False","False","False","False","True","True","True"
"fj-dispatch-blocker-evidence-intake-0232","dispatch-blocker-fj-0232","dispatch-check-request-preflight-confirm-apply-candidate-filled-note-form-term-ja-0038","request-preflight-confirm-apply-candidate-filled-note-form-term-ja-0038","preflight-confirm-apply-candidate-filled-note-form-term-ja-0038","candidate-filled-note-form-term-ja-0038","note-form-term-ja-0038","term-ja-0038","japanese","quotient ring","ring_theory","medium","E15D0A214F72C5736257B105A8831C956F2329EF063D5E8E31F6664409D3F669","addressee_or_owner_role_filled","addressee_or_owner_role_filled","fill_non_personal_addressee_or_owner_role","blank_unfilled","8","True","True","True","True","True","True","True","True","0","0","False","False","False","False","False","False","False","True","True","True"
"fj-dispatch-blocker-evidence-intake-0233","dispatch-blocker-fj-0233","dispatch-check-request-preflight-confirm-apply-candidate-filled-note-form-term-ja-0038","request-preflight-confirm-apply-candidate-filled-note-form-term-ja-0038","preflight-confirm-apply-candidate-filled-note-form-term-ja-0038","candidate-filled-note-form-term-ja-0038","note-form-term-ja-0038","term-ja-0038","japanese","quotient ring","ring_theory","medium","E15D0A214F72C5736257B105A8831C956F2329EF063D5E8E31F6664409D3F669","dispatch_medium_filled","dispatch_medium_filled","fill_dispatch_medium","blank_unfilled","8","True","True","True","True","True","True","True","True","0","0","False","False","False","False","False","False","False","True","True","True"
"fj-dispatch-blocker-evidence-intake-0234","dispatch-blocker-fj-0234","dispatch-check-request-preflight-confirm-apply-candidate-filled-note-form-term-ja-0038","request-preflight-confirm-apply-candidate-filled-note-form-term-ja-0038","preflight-confirm-apply-candidate-filled-note-form-term-ja-0038","candidate-filled-note-form-term-ja-0038","note-form-term-ja-0038","term-ja-0038","japanese","quotient ring","ring_theory","medium","E15D0A214F72C5736257B105A8831C956F2329EF063D5E8E31F6664409D3F669","local_standard_route_filled","local_standard_route_filled","fill_local_standard_route","blank_unfilled","8","True","True","True","True","True","True","True","True","0","0","False","False","False","False","False","False","False","True","True","True"
"fj-dispatch-blocker-evidence-intake-0235","dispatch-blocker-fj-0235","dispatch-check-request-preflight-confirm-apply-candidate-filled-note-form-term-ja-0038","request-preflight-confirm-apply-candidate-filled-note-form-term-ja-0038","preflight-confirm-apply-candidate-filled-note-form-term-ja-0038","candidate-filled-note-form-term-ja-0038","note-form-term-ja-0038","term-ja-0038","japanese","quotient ring","ring_theory","medium","E15D0A214F72C5736257B105A8831C956F2329EF063D5E8E31F6664409D3F669","license_context_note_filled","license_context_note_filled","fill_license_context_note","blank_unfilled","8","True","True","True","True","True","True","True","True","0","0","False","False","False","False","False","False","False","True","True","True"
"fj-dispatch-blocker-evidence-intake-0236","dispatch-blocker-fj-0236","dispatch-check-request-preflight-confirm-apply-candidate-filled-note-form-term-ja-0039","request-preflight-confirm-apply-candidate-filled-note-form-term-ja-0039","preflight-confirm-apply-candidate-filled-note-form-term-ja-0039","candidate-filled-note-form-term-ja-0039","note-form-term-ja-0039","term-ja-0039","japanese","maximal ideal","ring_theory","medium","A3D274FBA3DEADE3EC75A7EAEDC412862D1651BDCDE505FC83C4F49D9C277149","route_label_filled","route_label_filled","fill_non_personal_route_label","blank_unfilled","8","True","True","True","True","True","True","True","True","0","0","False","False","False","False","False","False","False","True","True","True"
"fj-dispatch-blocker-evidence-intake-0237","dispatch-blocker-fj-0237","dispatch-check-request-preflight-confirm-apply-candidate-filled-note-form-term-ja-0039","request-preflight-confirm-apply-candidate-filled-note-form-term-ja-0039","preflight-confirm-apply-candidate-filled-note-form-term-ja-0039","candidate-filled-note-form-term-ja-0039","note-form-term-ja-0039","term-ja-0039","japanese","maximal ideal","ring_theory","medium","A3D274FBA3DEADE3EC75A7EAEDC412862D1651BDCDE505FC83C4F49D9C277149","addressee_or_owner_role_filled","addressee_or_owner_role_filled","fill_non_personal_addressee_or_owner_role","blank_unfilled","8","True","True","True","True","True","True","True","True","0","0","False","False","False","False","False","False","False","True","True","True"
"fj-dispatch-blocker-evidence-intake-0238","dispatch-blocker-fj-0238","dispatch-check-request-preflight-confirm-apply-candidate-filled-note-form-term-ja-0039","request-preflight-confirm-apply-candidate-filled-note-form-term-ja-0039","preflight-confirm-apply-candidate-filled-note-form-term-ja-0039","candidate-filled-note-form-term-ja-0039","note-form-term-ja-0039","term-ja-0039","japanese","maximal ideal","ring_theory","medium","A3D274FBA3DEADE3EC75A7EAEDC412862D1651BDCDE505FC83C4F49D9C277149","dispatch_medium_filled","dispatch_medium_filled","fill_dispatch_medium","blank_unfilled","8","True","True","True","True","True","True","True","True","0","0","False","False","False","False","False","False","False","True","True","True"
"fj-dispatch-blocker-evidence-intake-0239","dispatch-blocker-fj-0239","dispatch-check-request-preflight-confirm-apply-candidate-filled-note-form-term-ja-0039","request-preflight-confirm-apply-candidate-filled-note-form-term-ja-0039","preflight-confirm-apply-candidate-filled-note-form-term-ja-0039","candidate-filled-note-form-term-ja-0039","note-form-term-ja-0039","term-ja-0039","japanese","maximal ideal","ring_theory","medium","A3D274FBA3DEADE3EC75A7EAEDC412862D1651BDCDE505FC83C4F49D9C277149","local_standard_route_filled","local_standard_route_filled","fill_local_standard_route","blank_unfilled","8","True","True","True","True","True","True","True","True","0","0","False","False","False","False","False","False","False","True","True","True"
"fj-dispatch-blocker-evidence-intake-0240","dispatch-blocker-fj-0240","dispatch-check-request-preflight-confirm-apply-candidate-filled-note-form-term-ja-0039","request-preflight-confirm-apply-candidate-filled-note-form-term-ja-0039","preflight-confirm-apply-candidate-filled-note-form-term-ja-0039","candidate-filled-note-form-term-ja-0039","note-form-term-ja-0039","term-ja-0039","japanese","maximal ideal","ring_theory","medium","A3D274FBA3DEADE3EC75A7EAEDC412862D1651BDCDE505FC83C4F49D9C277149","license_context_note_filled","license_context_note_filled","fill_license_context_note","blank_unfilled","8","True","True","True","True","True","True","True","True","0","0","False","False","False","False","False","False","False","True","True","True"
"fj-dispatch-blocker-evidence-intake-0241","dispatch-blocker-fj-0241","dispatch-check-request-preflight-confirm-apply-candidate-filled-note-form-term-ja-0040","request-preflight-confirm-apply-candidate-filled-note-form-term-ja-0040","preflight-confirm-apply-candidate-filled-note-form-term-ja-0040","candidate-filled-note-form-term-ja-0040","note-form-term-ja-0040","term-ja-0040","japanese","ring","ring_theory","medium","36248FEE1127AEB1F817DA0105B9057536422DCEF294168A333B3A203122FFF7","route_label_filled","route_label_filled","fill_non_personal_route_label","blank_unfilled","8","True","True","True","True","True","True","True","True","0","0","False","False","False","False","False","False","False","True","True","True"
"fj-dispatch-blocker-evidence-intake-0242","dispatch-blocker-fj-0242","dispatch-check-request-preflight-confirm-apply-candidate-filled-note-form-term-ja-0040","request-preflight-confirm-apply-candidate-filled-note-form-term-ja-0040","preflight-confirm-apply-candidate-filled-note-form-term-ja-0040","candidate-filled-note-form-term-ja-0040","note-form-term-ja-0040","term-ja-0040","japanese","ring","ring_theory","medium","36248FEE1127AEB1F817DA0105B9057536422DCEF294168A333B3A203122FFF7","addressee_or_owner_role_filled","addressee_or_owner_role_filled","fill_non_personal_addressee_or_owner_role","blank_unfilled","8","True","True","True","True","True","True","True","True","0","0","False","False","False","False","False","False","False","True","True","True"
"fj-dispatch-blocker-evidence-intake-0243","dispatch-blocker-fj-0243","dispatch-check-request-preflight-confirm-apply-candidate-filled-note-form-term-ja-0040","request-preflight-confirm-apply-candidate-filled-note-form-term-ja-0040","preflight-confirm-apply-candidate-filled-note-form-term-ja-0040","candidate-filled-note-form-term-ja-0040","note-form-term-ja-0040","term-ja-0040","japanese","ring","ring_theory","medium","36248FEE1127AEB1F817DA0105B9057536422DCEF294168A333B3A203122FFF7","dispatch_medium_filled","dispatch_medium_filled","fill_dispatch_medium","blank_unfilled","8","True","True","True","True","True","True","True","True","0","0","False","False","False","False","False","False","False","True","True","True"
"fj-dispatch-blocker-evidence-intake-0244","dispatch-blocker-fj-0244","dispatch-check-request-preflight-confirm-apply-candidate-filled-note-form-term-ja-0040","request-preflight-confirm-apply-candidate-filled-note-form-term-ja-0040","preflight-confirm-apply-candidate-filled-note-form-term-ja-0040","candidate-filled-note-form-term-ja-0040","note-form-term-ja-0040","term-ja-0040","japanese","ring","ring_theory","medium","36248FEE1127AEB1F817DA0105B9057536422DCEF294168A333B3A203122FFF7","local_standard_route_filled","local_standard_route_filled","fill_local_standard_route","blank_unfilled","8","True","True","True","True","True","True","True","True","0","0","False","False","False","False","False","False","False","True","True","True"
"fj-dispatch-blocker-evidence-intake-0245","dispatch-blocker-fj-0245","dispatch-check-request-preflight-confirm-apply-candidate-filled-note-form-term-ja-0040","request-preflight-confirm-apply-candidate-filled-note-form-term-ja-0040","preflight-confirm-apply-candidate-filled-note-form-term-ja-0040","candidate-filled-note-form-term-ja-0040","note-form-term-ja-0040","term-ja-0040","japanese","ring","ring_theory","medium","36248FEE1127AEB1F817DA0105B9057536422DCEF294168A333B3A203122FFF7","license_context_note_filled","license_context_note_filled","fill_license_context_note","blank_unfilled","8","True","True","True","True","True","True","True","True","0","0","False","False","False","False","False","False","False","True","True","True"
"fj-dispatch-blocker-evidence-intake-0246","dispatch-blocker-fj-0246","dispatch-check-request-preflight-confirm-apply-candidate-filled-note-form-term-ja-0041","request-preflight-confirm-apply-candidate-filled-note-form-term-ja-0041","preflight-confirm-apply-candidate-filled-note-form-term-ja-0041","candidate-filled-note-form-term-ja-0041","note-form-term-ja-0041","term-ja-0041","japanese","prime ideal","ring_theory","medium","76101EACD3617D373E7F3A028EF33852404B0DFA63125EACA060CFBD6A2D13CC","route_label_filled","route_label_filled","fill_non_personal_route_label","blank_unfilled","8","True","True","True","True","True","True","True","True","0","0","False","False","False","False","False","False","False","True","True","True"
"fj-dispatch-blocker-evidence-intake-0247","dispatch-blocker-fj-0247","dispatch-check-request-preflight-confirm-apply-candidate-filled-note-form-term-ja-0041","request-preflight-confirm-apply-candidate-filled-note-form-term-ja-0041","preflight-confirm-apply-candidate-filled-note-form-term-ja-0041","candidate-filled-note-form-term-ja-0041","note-form-term-ja-0041","term-ja-0041","japanese","prime ideal","ring_theory","medium","76101EACD3617D373E7F3A028EF33852404B0DFA63125EACA060CFBD6A2D13CC","addressee_or_owner_role_filled","addressee_or_owner_role_filled","fill_non_personal_addressee_or_owner_role","blank_unfilled","8","True","True","True","True","True","True","True","True","0","0","False","False","False","False","False","False","False","True","True","True"
"fj-dispatch-blocker-evidence-intake-0248","dispatch-blocker-fj-0248","dispatch-check-request-preflight-confirm-apply-candidate-filled-note-form-term-ja-0041","request-preflight-confirm-apply-candidate-filled-note-form-term-ja-0041","preflight-confirm-apply-candidate-filled-note-form-term-ja-0041","candidate-filled-note-form-term-ja-0041","note-form-term-ja-0041","term-ja-0041","japanese","prime ideal","ring_theory","medium","76101EACD3617D373E7F3A028EF33852404B0DFA63125EACA060CFBD6A2D13CC","dispatch_medium_filled","dispatch_medium_filled","fill_dispatch_medium","blank_unfilled","8","True","True","True","True","True","True","True","True","0","0","False","False","False","False","False","False","False","True","True","True"
"fj-dispatch-blocker-evidence-intake-0249","dispatch-blocker-fj-0249","dispatch-check-request-preflight-confirm-apply-candidate-filled-note-form-term-ja-0041","request-preflight-confirm-apply-candidate-filled-note-form-term-ja-0041","preflight-confirm-apply-candidate-filled-note-form-term-ja-0041","candidate-filled-note-form-term-ja-0041","note-form-term-ja-0041","term-ja-0041","japanese","prime ideal","ring_theory","medium","76101EACD3617D373E7F3A028EF33852404B0DFA63125EACA060CFBD6A2D13CC","local_standard_route_filled","local_standard_route_filled","fill_local_standard_route","blank_unfilled","8","True","True","True","True","True","True","True","True","0","0","False","False","False","False","False","False","False","True","True","True"
"fj-dispatch-blocker-evidence-intake-0250","dispatch-blocker-fj-0250","dispatch-check-request-preflight-confirm-apply-candidate-filled-note-form-term-ja-0041","request-preflight-confirm-apply-candidate-filled-note-form-term-ja-0041","preflight-confirm-apply-candidate-filled-note-form-term-ja-0041","candidate-filled-note-form-term-ja-0041","note-form-term-ja-0041","term-ja-0041","japanese","prime ideal","ring_theory","medium","76101EACD3617D373E7F3A028EF33852404B0DFA63125EACA060CFBD6A2D13CC","license_context_note_filled","license_context_note_filled","fill_license_context_note","blank_unfilled","8","True","True","True","True","True","True","True","True","0","0","False","False","False","False","False","False","False","True","True","True"
"fj-dispatch-blocker-evidence-intake-0251","dispatch-blocker-fj-0251","dispatch-check-request-preflight-confirm-apply-candidate-filled-note-form-term-ja-0001","request-preflight-confirm-apply-candidate-filled-note-form-term-ja-0001","preflight-confirm-apply-candidate-filled-note-form-term-ja-0001","candidate-filled-note-form-term-ja-0001","note-form-term-ja-0001","term-ja-0001","japanese","algebra","algebra_core","normal","130DE30BC9791B495F6B8F55719EDA1DF44505A1A4DF0796E3EAF3E1F068652B","route_label_filled","route_label_filled","fill_non_personal_route_label","blank_unfilled","8","True","True","True","True","True","True","True","True","0","0","False","False","False","False","False","False","False","True","True","True"
"fj-dispatch-blocker-evidence-intake-0252","dispatch-blocker-fj-0252","dispatch-check-request-preflight-confirm-apply-candidate-filled-note-form-term-ja-0001","request-preflight-confirm-apply-candidate-filled-note-form-term-ja-0001","preflight-confirm-apply-candidate-filled-note-form-term-ja-0001","candidate-filled-note-form-term-ja-0001","note-form-term-ja-0001","term-ja-0001","japanese","algebra","algebra_core","normal","130DE30BC9791B495F6B8F55719EDA1DF44505A1A4DF0796E3EAF3E1F068652B","addressee_or_owner_role_filled","addressee_or_owner_role_filled","fill_non_personal_addressee_or_owner_role","blank_unfilled","8","True","True","True","True","True","True","True","True","0","0","False","False","False","False","False","False","False","True","True","True"
"fj-dispatch-blocker-evidence-intake-0253","dispatch-blocker-fj-0253","dispatch-check-request-preflight-confirm-apply-candidate-filled-note-form-term-ja-0001","request-preflight-confirm-apply-candidate-filled-note-form-term-ja-0001","preflight-confirm-apply-candidate-filled-note-form-term-ja-0001","candidate-filled-note-form-term-ja-0001","note-form-term-ja-0001","term-ja-0001","japanese","algebra","algebra_core","normal","130DE30BC9791B495F6B8F55719EDA1DF44505A1A4DF0796E3EAF3E1F068652B","dispatch_medium_filled","dispatch_medium_filled","fill_dispatch_medium","blank_unfilled","8","True","True","True","True","True","True","True","True","0","0","False","False","False","False","False","False","False","True","True","True"
"fj-dispatch-blocker-evidence-intake-0254","dispatch-blocker-fj-0254","dispatch-check-request-preflight-confirm-apply-candidate-filled-note-form-term-ja-0001","request-preflight-confirm-apply-candidate-filled-note-form-term-ja-0001","preflight-confirm-apply-candidate-filled-note-form-term-ja-0001","candidate-filled-note-form-term-ja-0001","note-form-term-ja-0001","term-ja-0001","japanese","algebra","algebra_core","normal","130DE30BC9791B495F6B8F55719EDA1DF44505A1A4DF0796E3EAF3E1F068652B","local_standard_route_filled","local_standard_route_filled","fill_local_standard_route","blank_unfilled","8","True","True","True","True","True","True","True","True","0","0","False","False","False","False","False","False","False","True","True","True"
"fj-dispatch-blocker-evidence-intake-0255","dispatch-blocker-fj-0255","dispatch-check-request-preflight-confirm-apply-candidate-filled-note-form-term-ja-0001","request-preflight-confirm-apply-candidate-filled-note-form-term-ja-0001","preflight-confirm-apply-candidate-filled-note-form-term-ja-0001","candidate-filled-note-form-term-ja-0001","note-form-term-ja-0001","term-ja-0001","japanese","algebra","algebra_core","normal","130DE30BC9791B495F6B8F55719EDA1DF44505A1A4DF0796E3EAF3E1F068652B","license_context_note_filled","license_context_note_filled","fill_license_context_note","blank_unfilled","8","True","True","True","True","True","True","True","True","0","0","False","False","False","False","False","False","False","True","True","True"
"fj-dispatch-blocker-evidence-intake-0256","dispatch-blocker-fj-0256","dispatch-check-request-preflight-confirm-apply-candidate-filled-note-form-term-ja-0002","request-preflight-confirm-apply-candidate-filled-note-form-term-ja-0002","preflight-confirm-apply-candidate-filled-note-form-term-ja-0002","candidate-filled-note-form-term-ja-0002","note-form-term-ja-0002","term-ja-0002","japanese","basis theorem","commutative_algebra","normal","1CF8FB6923BF635A3E3C820248B723366AC5A8911D273BE310C153CDBB8CE568","route_label_filled","route_label_filled","fill_non_personal_route_label","blank_unfilled","8","True","True","True","True","True","True","True","True","0","0","False","False","False","False","False","False","False","True","True","True"
"fj-dispatch-blocker-evidence-intake-0257","dispatch-blocker-fj-0257","dispatch-check-request-preflight-confirm-apply-candidate-filled-note-form-term-ja-0002","request-preflight-confirm-apply-candidate-filled-note-form-term-ja-0002","preflight-confirm-apply-candidate-filled-note-form-term-ja-0002","candidate-filled-note-form-term-ja-0002","note-form-term-ja-0002","term-ja-0002","japanese","basis theorem","commutative_algebra","normal","1CF8FB6923BF635A3E3C820248B723366AC5A8911D273BE310C153CDBB8CE568","addressee_or_owner_role_filled","addressee_or_owner_role_filled","fill_non_personal_addressee_or_owner_role","blank_unfilled","8","True","True","True","True","True","True","True","True","0","0","False","False","False","False","False","False","False","True","True","True"
"fj-dispatch-blocker-evidence-intake-0258","dispatch-blocker-fj-0258","dispatch-check-request-preflight-confirm-apply-candidate-filled-note-form-term-ja-0002","request-preflight-confirm-apply-candidate-filled-note-form-term-ja-0002","preflight-confirm-apply-candidate-filled-note-form-term-ja-0002","candidate-filled-note-form-term-ja-0002","note-form-term-ja-0002","term-ja-0002","japanese","basis theorem","commutative_algebra","normal","1CF8FB6923BF635A3E3C820248B723366AC5A8911D273BE310C153CDBB8CE568","dispatch_medium_filled","dispatch_medium_filled","fill_dispatch_medium","blank_unfilled","8","True","True","True","True","True","True","True","True","0","0","False","False","False","False","False","False","False","True","True","True"
"fj-dispatch-blocker-evidence-intake-0259","dispatch-blocker-fj-0259","dispatch-check-request-preflight-confirm-apply-candidate-filled-note-form-term-ja-0002","request-preflight-confirm-apply-candidate-filled-note-form-term-ja-0002","preflight-confirm-apply-candidate-filled-note-form-term-ja-0002","candidate-filled-note-form-term-ja-0002","note-form-term-ja-0002","term-ja-0002","japanese","basis theorem","commutative_algebra","normal","1CF8FB6923BF635A3E3C820248B723366AC5A8911D273BE310C153CDBB8CE568","local_standard_route_filled","local_standard_route_filled","fill_local_standard_route","blank_unfilled","8","True","True","True","True","True","True","True","True","0","0","False","False","False","False","False","False","False","True","True","True"
"fj-dispatch-blocker-evidence-intake-0260","dispatch-blocker-fj-0260","dispatch-check-request-preflight-confirm-apply-candidate-filled-note-form-term-ja-0002","request-preflight-confirm-apply-candidate-filled-note-form-term-ja-0002","preflight-confirm-apply-candidate-filled-note-form-term-ja-0002","candidate-filled-note-form-term-ja-0002","note-form-term-ja-0002","term-ja-0002","japanese","basis theorem","commutative_algebra","normal","1CF8FB6923BF635A3E3C820248B723366AC5A8911D273BE310C153CDBB8CE568","license_context_note_filled","license_context_note_filled","fill_license_context_note","blank_unfilled","8","True","True","True","True","True","True","True","True","0","0","False","False","False","False","False","False","False","True","True","True"
"fj-dispatch-blocker-evidence-intake-0261","dispatch-blocker-fj-0261","dispatch-check-request-preflight-confirm-apply-candidate-filled-note-form-term-ja-0003","request-preflight-confirm-apply-candidate-filled-note-form-term-ja-0003","preflight-confirm-apply-candidate-filled-note-form-term-ja-0003","candidate-filled-note-form-term-ja-0003","note-form-term-ja-0003","term-ja-0003","japanese","localization","commutative_algebra","normal","AECBAB329F1EA138D038A40A527E69B40C6C7BB9F92C8EBDE7EDBD5CDD5EF83D","route_label_filled","route_label_filled","fill_non_personal_route_label","blank_unfilled","8","True","True","True","True","True","True","True","True","0","0","False","False","False","False","False","False","False","True","True","True"
"fj-dispatch-blocker-evidence-intake-0262","dispatch-blocker-fj-0262","dispatch-check-request-preflight-confirm-apply-candidate-filled-note-form-term-ja-0003","request-preflight-confirm-apply-candidate-filled-note-form-term-ja-0003","preflight-confirm-apply-candidate-filled-note-form-term-ja-0003","candidate-filled-note-form-term-ja-0003","note-form-term-ja-0003","term-ja-0003","japanese","localization","commutative_algebra","normal","AECBAB329F1EA138D038A40A527E69B40C6C7BB9F92C8EBDE7EDBD5CDD5EF83D","addressee_or_owner_role_filled","addressee_or_owner_role_filled","fill_non_personal_addressee_or_owner_role","blank_unfilled","8","True","True","True","True","True","True","True","True","0","0","False","False","False","False","False","False","False","True","True","True"
"fj-dispatch-blocker-evidence-intake-0263","dispatch-blocker-fj-0263","dispatch-check-request-preflight-confirm-apply-candidate-filled-note-form-term-ja-0003","request-preflight-confirm-apply-candidate-filled-note-form-term-ja-0003","preflight-confirm-apply-candidate-filled-note-form-term-ja-0003","candidate-filled-note-form-term-ja-0003","note-form-term-ja-0003","term-ja-0003","japanese","localization","commutative_algebra","normal","AECBAB329F1EA138D038A40A527E69B40C6C7BB9F92C8EBDE7EDBD5CDD5EF83D","dispatch_medium_filled","dispatch_medium_filled","fill_dispatch_medium","blank_unfilled","8","True","True","True","True","True","True","True","True","0","0","False","False","False","False","False","False","False","True","True","True"
"fj-dispatch-blocker-evidence-intake-0264","dispatch-blocker-fj-0264","dispatch-check-request-preflight-confirm-apply-candidate-filled-note-form-term-ja-0003","request-preflight-confirm-apply-candidate-filled-note-form-term-ja-0003","preflight-confirm-apply-candidate-filled-note-form-term-ja-0003","candidate-filled-note-form-term-ja-0003","note-form-term-ja-0003","term-ja-0003","japanese","localization","commutative_algebra","normal","AECBAB329F1EA138D038A40A527E69B40C6C7BB9F92C8EBDE7EDBD5CDD5EF83D","local_standard_route_filled","local_standard_route_filled","fill_local_standard_route","blank_unfilled","8","True","True","True","True","True","True","True","True","0","0","False","False","False","False","False","False","False","True","True","True"
"fj-dispatch-blocker-evidence-intake-0265","dispatch-blocker-fj-0265","dispatch-check-request-preflight-confirm-apply-candidate-filled-note-form-term-ja-0003","request-preflight-confirm-apply-candidate-filled-note-form-term-ja-0003","preflight-confirm-apply-candidate-filled-note-form-term-ja-0003","candidate-filled-note-form-term-ja-0003","note-form-term-ja-0003","term-ja-0003","japanese","localization","commutative_algebra","normal","AECBAB329F1EA138D038A40A527E69B40C6C7BB9F92C8EBDE7EDBD5CDD5EF83D","license_context_note_filled","license_context_note_filled","fill_license_context_note","blank_unfilled","8","True","True","True","True","True","True","True","True","0","0","False","False","False","False","False","False","False","True","True","True"
"fj-dispatch-blocker-evidence-intake-0266","dispatch-blocker-fj-0266","dispatch-check-request-preflight-confirm-apply-candidate-filled-note-form-term-ja-0004","request-preflight-confirm-apply-candidate-filled-note-form-term-ja-0004","preflight-confirm-apply-candidate-filled-note-form-term-ja-0004","candidate-filled-note-form-term-ja-0004","note-form-term-ja-0004","term-ja-0004","japanese","field","field_theory","normal","EC2BC26FF466D53773750C4911E6901DA2FA68D3F63771AB417458225D5BA19C","route_label_filled","route_label_filled","fill_non_personal_route_label","blank_unfilled","8","True","True","True","True","True","True","True","True","0","0","False","False","False","False","False","False","False","True","True","True"
"fj-dispatch-blocker-evidence-intake-0267","dispatch-blocker-fj-0267","dispatch-check-request-preflight-confirm-apply-candidate-filled-note-form-term-ja-0004","request-preflight-confirm-apply-candidate-filled-note-form-term-ja-0004","preflight-confirm-apply-candidate-filled-note-form-term-ja-0004","candidate-filled-note-form-term-ja-0004","note-form-term-ja-0004","term-ja-0004","japanese","field","field_theory","normal","EC2BC26FF466D53773750C4911E6901DA2FA68D3F63771AB417458225D5BA19C","addressee_or_owner_role_filled","addressee_or_owner_role_filled","fill_non_personal_addressee_or_owner_role","blank_unfilled","8","True","True","True","True","True","True","True","True","0","0","False","False","False","False","False","False","False","True","True","True"
"fj-dispatch-blocker-evidence-intake-0268","dispatch-blocker-fj-0268","dispatch-check-request-preflight-confirm-apply-candidate-filled-note-form-term-ja-0004","request-preflight-confirm-apply-candidate-filled-note-form-term-ja-0004","preflight-confirm-apply-candidate-filled-note-form-term-ja-0004","candidate-filled-note-form-term-ja-0004","note-form-term-ja-0004","term-ja-0004","japanese","field","field_theory","normal","EC2BC26FF466D53773750C4911E6901DA2FA68D3F63771AB417458225D5BA19C","dispatch_medium_filled","dispatch_medium_filled","fill_dispatch_medium","blank_unfilled","8","True","True","True","True","True","True","True","True","0","0","False","False","False","False","False","False","False","True","True","True"
"fj-dispatch-blocker-evidence-intake-0269","dispatch-blocker-fj-0269","dispatch-check-request-preflight-confirm-apply-candidate-filled-note-form-term-ja-0004","request-preflight-confirm-apply-candidate-filled-note-form-term-ja-0004","preflight-confirm-apply-candidate-filled-note-form-term-ja-0004","candidate-filled-note-form-term-ja-0004","note-form-term-ja-0004","term-ja-0004","japanese","field","field_theory","normal","EC2BC26FF466D53773750C4911E6901DA2FA68D3F63771AB417458225D5BA19C","local_standard_route_filled","local_standard_route_filled","fill_local_standard_route","blank_unfilled","8","True","True","True","True","True","True","True","True","0","0","False","False","False","False","False","False","False","True","True","True"
"fj-dispatch-blocker-evidence-intake-0270","dispatch-blocker-fj-0270","dispatch-check-request-preflight-confirm-apply-candidate-filled-note-form-term-ja-0004","request-preflight-confirm-apply-candidate-filled-note-form-term-ja-0004","preflight-confirm-apply-candidate-filled-note-form-term-ja-0004","candidate-filled-note-form-term-ja-0004","note-form-term-ja-0004","term-ja-0004","japanese","field","field_theory","normal","EC2BC26FF466D53773750C4911E6901DA2FA68D3F63771AB417458225D5BA19C","license_context_note_filled","license_context_note_filled","fill_license_context_note","blank_unfilled","8","True","True","True","True","True","True","True","True","0","0","False","False","False","False","False","False","False","True","True","True"
"fj-dispatch-blocker-evidence-intake-0271","dispatch-blocker-fj-0271","dispatch-check-request-preflight-confirm-apply-candidate-filled-note-form-term-ja-0014","request-preflight-confirm-apply-candidate-filled-note-form-term-ja-0014","preflight-confirm-apply-candidate-filled-note-form-term-ja-0014","candidate-filled-note-form-term-ja-0014","note-form-term-ja-0014","term-ja-0014","japanese","isomorphism","morphism","normal","233F88197AD1EAA1734F7895615AC61DBC89CA11E67A5D886B806E0C63AAB511","route_label_filled","route_label_filled","fill_non_personal_route_label","blank_unfilled","8","True","True","True","True","True","True","True","True","0","0","False","False","False","False","False","False","False","True","True","True"
"fj-dispatch-blocker-evidence-intake-0272","dispatch-blocker-fj-0272","dispatch-check-request-preflight-confirm-apply-candidate-filled-note-form-term-ja-0014","request-preflight-confirm-apply-candidate-filled-note-form-term-ja-0014","preflight-confirm-apply-candidate-filled-note-form-term-ja-0014","candidate-filled-note-form-term-ja-0014","note-form-term-ja-0014","term-ja-0014","japanese","isomorphism","morphism","normal","233F88197AD1EAA1734F7895615AC61DBC89CA11E67A5D886B806E0C63AAB511","addressee_or_owner_role_filled","addressee_or_owner_role_filled","fill_non_personal_addressee_or_owner_role","blank_unfilled","8","True","True","True","True","True","True","True","True","0","0","False","False","False","False","False","False","False","True","True","True"
"fj-dispatch-blocker-evidence-intake-0273","dispatch-blocker-fj-0273","dispatch-check-request-preflight-confirm-apply-candidate-filled-note-form-term-ja-0014","request-preflight-confirm-apply-candidate-filled-note-form-term-ja-0014","preflight-confirm-apply-candidate-filled-note-form-term-ja-0014","candidate-filled-note-form-term-ja-0014","note-form-term-ja-0014","term-ja-0014","japanese","isomorphism","morphism","normal","233F88197AD1EAA1734F7895615AC61DBC89CA11E67A5D886B806E0C63AAB511","dispatch_medium_filled","dispatch_medium_filled","fill_dispatch_medium","blank_unfilled","8","True","True","True","True","True","True","True","True","0","0","False","False","False","False","False","False","False","True","True","True"
"fj-dispatch-blocker-evidence-intake-0274","dispatch-blocker-fj-0274","dispatch-check-request-preflight-confirm-apply-candidate-filled-note-form-term-ja-0014","request-preflight-confirm-apply-candidate-filled-note-form-term-ja-0014","preflight-confirm-apply-candidate-filled-note-form-term-ja-0014","candidate-filled-note-form-term-ja-0014","note-form-term-ja-0014","term-ja-0014","japanese","isomorphism","morphism","normal","233F88197AD1EAA1734F7895615AC61DBC89CA11E67A5D886B806E0C63AAB511","local_standard_route_filled","local_standard_route_filled","fill_local_standard_route","blank_unfilled","8","True","True","True","True","True","True","True","True","0","0","False","False","False","False","False","False","False","True","True","True"
"fj-dispatch-blocker-evidence-intake-0275","dispatch-blocker-fj-0275","dispatch-check-request-preflight-confirm-apply-candidate-filled-note-form-term-ja-0014","request-preflight-confirm-apply-candidate-filled-note-form-term-ja-0014","preflight-confirm-apply-candidate-filled-note-form-term-ja-0014","candidate-filled-note-form-term-ja-0014","note-form-term-ja-0014","term-ja-0014","japanese","isomorphism","morphism","normal","233F88197AD1EAA1734F7895615AC61DBC89CA11E67A5D886B806E0C63AAB511","license_context_note_filled","license_context_note_filled","fill_license_context_note","blank_unfilled","8","True","True","True","True","True","True","True","True","0","0","False","False","False","False","False","False","False","True","True","True"
"fj-dispatch-blocker-evidence-intake-0276","dispatch-blocker-fj-0276","dispatch-check-request-preflight-confirm-apply-candidate-filled-note-form-term-ja-0015","request-preflight-confirm-apply-candidate-filled-note-form-term-ja-0015","preflight-confirm-apply-candidate-filled-note-form-term-ja-0015","candidate-filled-note-form-term-ja-0015","note-form-term-ja-0015","term-ja-0015","japanese","homomorphism","morphism","normal","4AFBB2DDEB879A57EAC1690F0B684C0E9865810DCC82159E45CA5F50AC1BC41E","route_label_filled","route_label_filled","fill_non_personal_route_label","blank_unfilled","8","True","True","True","True","True","True","True","True","0","0","False","False","False","False","False","False","False","True","True","True"
"fj-dispatch-blocker-evidence-intake-0277","dispatch-blocker-fj-0277","dispatch-check-request-preflight-confirm-apply-candidate-filled-note-form-term-ja-0015","request-preflight-confirm-apply-candidate-filled-note-form-term-ja-0015","preflight-confirm-apply-candidate-filled-note-form-term-ja-0015","candidate-filled-note-form-term-ja-0015","note-form-term-ja-0015","term-ja-0015","japanese","homomorphism","morphism","normal","4AFBB2DDEB879A57EAC1690F0B684C0E9865810DCC82159E45CA5F50AC1BC41E","addressee_or_owner_role_filled","addressee_or_owner_role_filled","fill_non_personal_addressee_or_owner_role","blank_unfilled","8","True","True","True","True","True","True","True","True","0","0","False","False","False","False","False","False","False","True","True","True"
"fj-dispatch-blocker-evidence-intake-0278","dispatch-blocker-fj-0278","dispatch-check-request-preflight-confirm-apply-candidate-filled-note-form-term-ja-0015","request-preflight-confirm-apply-candidate-filled-note-form-term-ja-0015","preflight-confirm-apply-candidate-filled-note-form-term-ja-0015","candidate-filled-note-form-term-ja-0015","note-form-term-ja-0015","term-ja-0015","japanese","homomorphism","morphism","normal","4AFBB2DDEB879A57EAC1690F0B684C0E9865810DCC82159E45CA5F50AC1BC41E","dispatch_medium_filled","dispatch_medium_filled","fill_dispatch_medium","blank_unfilled","8","True","True","True","True","True","True","True","True","0","0","False","False","False","False","False","False","False","True","True","True"
"fj-dispatch-blocker-evidence-intake-0279","dispatch-blocker-fj-0279","dispatch-check-request-preflight-confirm-apply-candidate-filled-note-form-term-ja-0015","request-preflight-confirm-apply-candidate-filled-note-form-term-ja-0015","preflight-confirm-apply-candidate-filled-note-form-term-ja-0015","candidate-filled-note-form-term-ja-0015","note-form-term-ja-0015","term-ja-0015","japanese","homomorphism","morphism","normal","4AFBB2DDEB879A57EAC1690F0B684C0E9865810DCC82159E45CA5F50AC1BC41E","local_standard_route_filled","local_standard_route_filled","fill_local_standard_route","blank_unfilled","8","True","True","True","True","True","True","True","True","0","0","False","False","False","False","False","False","False","True","True","True"
"fj-dispatch-blocker-evidence-intake-0280","dispatch-blocker-fj-0280","dispatch-check-request-preflight-confirm-apply-candidate-filled-note-form-term-ja-0015","request-preflight-confirm-apply-candidate-filled-note-form-term-ja-0015","preflight-confirm-apply-candidate-filled-note-form-term-ja-0015","candidate-filled-note-form-term-ja-0015","note-form-term-ja-0015","term-ja-0015","japanese","homomorphism","morphism","normal","4AFBB2DDEB879A57EAC1690F0B684C0E9865810DCC82159E45CA5F50AC1BC41E","license_context_note_filled","license_context_note_filled","fill_license_context_note","blank_unfilled","8","True","True","True","True","True","True","True","True","0","0","False","False","False","False","False","False","False","True","True","True"
"fj-dispatch-blocker-evidence-intake-0281","dispatch-blocker-fj-0281","dispatch-check-request-preflight-confirm-apply-candidate-filled-note-form-term-ja-0016","request-preflight-confirm-apply-candidate-filled-note-form-term-ja-0016","preflight-confirm-apply-candidate-filled-note-form-term-ja-0016","candidate-filled-note-form-term-ja-0016","note-form-term-ja-0016","term-ja-0016","japanese","automorphism","morphism","normal","6AA7B9AFEDA8A803CC1106324A56812F77BFADC00504F7E6AC172DFEEEE0D7A1","route_label_filled","route_label_filled","fill_non_personal_route_label","blank_unfilled","8","True","True","True","True","True","True","True","True","0","0","False","False","False","False","False","False","False","True","True","True"
"fj-dispatch-blocker-evidence-intake-0282","dispatch-blocker-fj-0282","dispatch-check-request-preflight-confirm-apply-candidate-filled-note-form-term-ja-0016","request-preflight-confirm-apply-candidate-filled-note-form-term-ja-0016","preflight-confirm-apply-candidate-filled-note-form-term-ja-0016","candidate-filled-note-form-term-ja-0016","note-form-term-ja-0016","term-ja-0016","japanese","automorphism","morphism","normal","6AA7B9AFEDA8A803CC1106324A56812F77BFADC00504F7E6AC172DFEEEE0D7A1","addressee_or_owner_role_filled","addressee_or_owner_role_filled","fill_non_personal_addressee_or_owner_role","blank_unfilled","8","True","True","True","True","True","True","True","True","0","0","False","False","False","False","False","False","False","True","True","True"
"fj-dispatch-blocker-evidence-intake-0283","dispatch-blocker-fj-0283","dispatch-check-request-preflight-confirm-apply-candidate-filled-note-form-term-ja-0016","request-preflight-confirm-apply-candidate-filled-note-form-term-ja-0016","preflight-confirm-apply-candidate-filled-note-form-term-ja-0016","candidate-filled-note-form-term-ja-0016","note-form-term-ja-0016","term-ja-0016","japanese","automorphism","morphism","normal","6AA7B9AFEDA8A803CC1106324A56812F77BFADC00504F7E6AC172DFEEEE0D7A1","dispatch_medium_filled","dispatch_medium_filled","fill_dispatch_medium","blank_unfilled","8","True","True","True","True","True","True","True","True","0","0","False","False","False","False","False","False","False","True","True","True"
"fj-dispatch-blocker-evidence-intake-0284","dispatch-blocker-fj-0284","dispatch-check-request-preflight-confirm-apply-candidate-filled-note-form-term-ja-0016","request-preflight-confirm-apply-candidate-filled-note-form-term-ja-0016","preflight-confirm-apply-candidate-filled-note-form-term-ja-0016","candidate-filled-note-form-term-ja-0016","note-form-term-ja-0016","term-ja-0016","japanese","automorphism","morphism","normal","6AA7B9AFEDA8A803CC1106324A56812F77BFADC00504F7E6AC172DFEEEE0D7A1","local_standard_route_filled","local_standard_route_filled","fill_local_standard_route","blank_unfilled","8","True","True","True","True","True","True","True","True","0","0","False","False","False","False","False","False","False","True","True","True"
"fj-dispatch-blocker-evidence-intake-0285","dispatch-blocker-fj-0285","dispatch-check-request-preflight-confirm-apply-candidate-filled-note-form-term-ja-0016","request-preflight-confirm-apply-candidate-filled-note-form-term-ja-0016","preflight-confirm-apply-candidate-filled-note-form-term-ja-0016","candidate-filled-note-form-term-ja-0016","note-form-term-ja-0016","term-ja-0016","japanese","automorphism","morphism","normal","6AA7B9AFEDA8A803CC1106324A56812F77BFADC00504F7E6AC172DFEEEE0D7A1","license_context_note_filled","license_context_note_filled","fill_license_context_note","blank_unfilled","8","True","True","True","True","True","True","True","True","0","0","False","False","False","False","False","False","False","True","True","True"
"fj-dispatch-blocker-evidence-intake-0286","dispatch-blocker-fj-0286","dispatch-check-request-preflight-confirm-apply-candidate-filled-note-form-term-ja-0017","request-preflight-confirm-apply-candidate-filled-note-form-term-ja-0017","preflight-confirm-apply-candidate-filled-note-form-term-ja-0017","candidate-filled-note-form-term-ja-0017","note-form-term-ja-0017","term-ja-0017","japanese","endomorphism","morphism","normal","4C79EB5E19CAA5FDE1F1DD949BB70471E468717590C5D4C95844810CC33C3C54","route_label_filled","route_label_filled","fill_non_personal_route_label","blank_unfilled","8","True","True","True","True","True","True","True","True","0","0","False","False","False","False","False","False","False","True","True","True"
"fj-dispatch-blocker-evidence-intake-0287","dispatch-blocker-fj-0287","dispatch-check-request-preflight-confirm-apply-candidate-filled-note-form-term-ja-0017","request-preflight-confirm-apply-candidate-filled-note-form-term-ja-0017","preflight-confirm-apply-candidate-filled-note-form-term-ja-0017","candidate-filled-note-form-term-ja-0017","note-form-term-ja-0017","term-ja-0017","japanese","endomorphism","morphism","normal","4C79EB5E19CAA5FDE1F1DD949BB70471E468717590C5D4C95844810CC33C3C54","addressee_or_owner_role_filled","addressee_or_owner_role_filled","fill_non_personal_addressee_or_owner_role","blank_unfilled","8","True","True","True","True","True","True","True","True","0","0","False","False","False","False","False","False","False","True","True","True"
"fj-dispatch-blocker-evidence-intake-0288","dispatch-blocker-fj-0288","dispatch-check-request-preflight-confirm-apply-candidate-filled-note-form-term-ja-0017","request-preflight-confirm-apply-candidate-filled-note-form-term-ja-0017","preflight-confirm-apply-candidate-filled-note-form-term-ja-0017","candidate-filled-note-form-term-ja-0017","note-form-term-ja-0017","term-ja-0017","japanese","endomorphism","morphism","normal","4C79EB5E19CAA5FDE1F1DD949BB70471E468717590C5D4C95844810CC33C3C54","dispatch_medium_filled","dispatch_medium_filled","fill_dispatch_medium","blank_unfilled","8","True","True","True","True","True","True","True","True","0","0","False","False","False","False","False","False","False","True","True","True"
"fj-dispatch-blocker-evidence-intake-0289","dispatch-blocker-fj-0289","dispatch-check-request-preflight-confirm-apply-candidate-filled-note-form-term-ja-0017","request-preflight-confirm-apply-candidate-filled-note-form-term-ja-0017","preflight-confirm-apply-candidate-filled-note-form-term-ja-0017","candidate-filled-note-form-term-ja-0017","note-form-term-ja-0017","term-ja-0017","japanese","endomorphism","morphism","normal","4C79EB5E19CAA5FDE1F1DD949BB70471E468717590C5D4C95844810CC33C3C54","local_standard_route_filled","local_standard_route_filled","fill_local_standard_route","blank_unfilled","8","True","True","True","True","True","True","True","True","0","0","False","False","False","False","False","False","False","True","True","True"
"fj-dispatch-blocker-evidence-intake-0290","dispatch-blocker-fj-0290","dispatch-check-request-preflight-confirm-apply-candidate-filled-note-form-term-ja-0017","request-preflight-confirm-apply-candidate-filled-note-form-term-ja-0017","preflight-confirm-apply-candidate-filled-note-form-term-ja-0017","candidate-filled-note-form-term-ja-0017","note-form-term-ja-0017","term-ja-0017","japanese","endomorphism","morphism","normal","4C79EB5E19CAA5FDE1F1DD949BB70471E468717590C5D4C95844810CC33C3C54","license_context_note_filled","license_context_note_filled","fill_license_context_note","blank_unfilled","8","True","True","True","True","True","True","True","True","0","0","False","False","False","False","False","False","False","True","True","True"
"fj-dispatch-blocker-evidence-intake-0291","dispatch-blocker-fj-0291","dispatch-check-request-preflight-confirm-apply-candidate-filled-note-form-term-ja-0021","request-preflight-confirm-apply-candidate-filled-note-form-term-ja-0021","preflight-confirm-apply-candidate-filled-note-form-term-ja-0021","candidate-filled-note-form-term-ja-0021","note-form-term-ja-0021","term-ja-0021","japanese","norm","number_theory","normal","6B3D628B958EBD07256FF35B2B47858C6A89BE3A176CAA14D4EC9A010CE650E7","route_label_filled","route_label_filled","fill_non_personal_route_label","blank_unfilled","8","True","True","True","True","True","True","True","True","0","0","False","False","False","False","False","False","False","True","True","True"
"fj-dispatch-blocker-evidence-intake-0292","dispatch-blocker-fj-0292","dispatch-check-request-preflight-confirm-apply-candidate-filled-note-form-term-ja-0021","request-preflight-confirm-apply-candidate-filled-note-form-term-ja-0021","preflight-confirm-apply-candidate-filled-note-form-term-ja-0021","candidate-filled-note-form-term-ja-0021","note-form-term-ja-0021","term-ja-0021","japanese","norm","number_theory","normal","6B3D628B958EBD07256FF35B2B47858C6A89BE3A176CAA14D4EC9A010CE650E7","addressee_or_owner_role_filled","addressee_or_owner_role_filled","fill_non_personal_addressee_or_owner_role","blank_unfilled","8","True","True","True","True","True","True","True","True","0","0","False","False","False","False","False","False","False","True","True","True"
"fj-dispatch-blocker-evidence-intake-0293","dispatch-blocker-fj-0293","dispatch-check-request-preflight-confirm-apply-candidate-filled-note-form-term-ja-0021","request-preflight-confirm-apply-candidate-filled-note-form-term-ja-0021","preflight-confirm-apply-candidate-filled-note-form-term-ja-0021","candidate-filled-note-form-term-ja-0021","note-form-term-ja-0021","term-ja-0021","japanese","norm","number_theory","normal","6B3D628B958EBD07256FF35B2B47858C6A89BE3A176CAA14D4EC9A010CE650E7","dispatch_medium_filled","dispatch_medium_filled","fill_dispatch_medium","blank_unfilled","8","True","True","True","True","True","True","True","True","0","0","False","False","False","False","False","False","False","True","True","True"
"fj-dispatch-blocker-evidence-intake-0294","dispatch-blocker-fj-0294","dispatch-check-request-preflight-confirm-apply-candidate-filled-note-form-term-ja-0021","request-preflight-confirm-apply-candidate-filled-note-form-term-ja-0021","preflight-confirm-apply-candidate-filled-note-form-term-ja-0021","candidate-filled-note-form-term-ja-0021","note-form-term-ja-0021","term-ja-0021","japanese","norm","number_theory","normal","6B3D628B958EBD07256FF35B2B47858C6A89BE3A176CAA14D4EC9A010CE650E7","local_standard_route_filled","local_standard_route_filled","fill_local_standard_route","blank_unfilled","8","True","True","True","True","True","True","True","True","0","0","False","False","False","False","False","False","False","True","True","True"
"fj-dispatch-blocker-evidence-intake-0295","dispatch-blocker-fj-0295","dispatch-check-request-preflight-confirm-apply-candidate-filled-note-form-term-ja-0021","request-preflight-confirm-apply-candidate-filled-note-form-term-ja-0021","preflight-confirm-apply-candidate-filled-note-form-term-ja-0021","candidate-filled-note-form-term-ja-0021","note-form-term-ja-0021","term-ja-0021","japanese","norm","number_theory","normal","6B3D628B958EBD07256FF35B2B47858C6A89BE3A176CAA14D4EC9A010CE650E7","license_context_note_filled","license_context_note_filled","fill_license_context_note","blank_unfilled","8","True","True","True","True","True","True","True","True","0","0","False","False","False","False","False","False","False","True","True","True"
"fj-dispatch-blocker-evidence-intake-0296","dispatch-blocker-fj-0296","dispatch-check-request-preflight-confirm-apply-candidate-filled-note-form-term-ja-0022","request-preflight-confirm-apply-candidate-filled-note-form-term-ja-0022","preflight-confirm-apply-candidate-filled-note-form-term-ja-0022","candidate-filled-note-form-term-ja-0022","note-form-term-ja-0022","term-ja-0022","japanese","ring of integers","number_theory","normal","4F3CDC4E0B354231372AF90C80FF0DA745ED5AA7A1C01FEEB68499AF871EA5D1","route_label_filled","route_label_filled","fill_non_personal_route_label","blank_unfilled","8","True","True","True","True","True","True","True","True","0","0","False","False","False","False","False","False","False","True","True","True"
"fj-dispatch-blocker-evidence-intake-0297","dispatch-blocker-fj-0297","dispatch-check-request-preflight-confirm-apply-candidate-filled-note-form-term-ja-0022","request-preflight-confirm-apply-candidate-filled-note-form-term-ja-0022","preflight-confirm-apply-candidate-filled-note-form-term-ja-0022","candidate-filled-note-form-term-ja-0022","note-form-term-ja-0022","term-ja-0022","japanese","ring of integers","number_theory","normal","4F3CDC4E0B354231372AF90C80FF0DA745ED5AA7A1C01FEEB68499AF871EA5D1","addressee_or_owner_role_filled","addressee_or_owner_role_filled","fill_non_personal_addressee_or_owner_role","blank_unfilled","8","True","True","True","True","True","True","True","True","0","0","False","False","False","False","False","False","False","True","True","True"
"fj-dispatch-blocker-evidence-intake-0298","dispatch-blocker-fj-0298","dispatch-check-request-preflight-confirm-apply-candidate-filled-note-form-term-ja-0022","request-preflight-confirm-apply-candidate-filled-note-form-term-ja-0022","preflight-confirm-apply-candidate-filled-note-form-term-ja-0022","candidate-filled-note-form-term-ja-0022","note-form-term-ja-0022","term-ja-0022","japanese","ring of integers","number_theory","normal","4F3CDC4E0B354231372AF90C80FF0DA745ED5AA7A1C01FEEB68499AF871EA5D1","dispatch_medium_filled","dispatch_medium_filled","fill_dispatch_medium","blank_unfilled","8","True","True","True","True","True","True","True","True","0","0","False","False","False","False","False","False","False","True","True","True"
"fj-dispatch-blocker-evidence-intake-0299","dispatch-blocker-fj-0299","dispatch-check-request-preflight-confirm-apply-candidate-filled-note-form-term-ja-0022","request-preflight-confirm-apply-candidate-filled-note-form-term-ja-0022","preflight-confirm-apply-candidate-filled-note-form-term-ja-0022","candidate-filled-note-form-term-ja-0022","note-form-term-ja-0022","term-ja-0022","japanese","ring of integers","number_theory","normal","4F3CDC4E0B354231372AF90C80FF0DA745ED5AA7A1C01FEEB68499AF871EA5D1","local_standard_route_filled","local_standard_route_filled","fill_local_standard_route","blank_unfilled","8","True","True","True","True","True","True","True","True","0","0","False","False","False","False","False","False","False","True","True","True"
"fj-dispatch-blocker-evidence-intake-0300","dispatch-blocker-fj-0300","dispatch-check-request-preflight-confirm-apply-candidate-filled-note-form-term-ja-0022","request-preflight-confirm-apply-candidate-filled-note-form-term-ja-0022","preflight-confirm-apply-candidate-filled-note-form-term-ja-0022","candidate-filled-note-form-term-ja-0022","note-form-term-ja-0022","term-ja-0022","japanese","ring of integers","number_theory","normal","4F3CDC4E0B354231372AF90C80FF0DA745ED5AA7A1C01FEEB68499AF871EA5D1","license_context_note_filled","license_context_note_filled","fill_license_context_note","blank_unfilled","8","True","True","True","True","True","True","True","True","0","0","False","False","False","False","False","False","False","True","True","True"
"fj-dispatch-blocker-evidence-intake-0301","dispatch-blocker-fj-0301","dispatch-check-request-preflight-confirm-apply-candidate-filled-note-form-term-ja-0023","request-preflight-confirm-apply-candidate-filled-note-form-term-ja-0023","preflight-confirm-apply-candidate-filled-note-form-term-ja-0023","candidate-filled-note-form-term-ja-0023","note-form-term-ja-0023","term-ja-0023","japanese","decomposition of primes","number_theory","normal","9CBEC99A641759E5BFBDB9E0C14E07BB0B29BFB55B29460C2CDA19814109665F","route_label_filled","route_label_filled","fill_non_personal_route_label","blank_unfilled","8","True","True","True","True","True","True","True","True","0","0","False","False","False","False","False","False","False","True","True","True"
"fj-dispatch-blocker-evidence-intake-0302","dispatch-blocker-fj-0302","dispatch-check-request-preflight-confirm-apply-candidate-filled-note-form-term-ja-0023","request-preflight-confirm-apply-candidate-filled-note-form-term-ja-0023","preflight-confirm-apply-candidate-filled-note-form-term-ja-0023","candidate-filled-note-form-term-ja-0023","note-form-term-ja-0023","term-ja-0023","japanese","decomposition of primes","number_theory","normal","9CBEC99A641759E5BFBDB9E0C14E07BB0B29BFB55B29460C2CDA19814109665F","addressee_or_owner_role_filled","addressee_or_owner_role_filled","fill_non_personal_addressee_or_owner_role","blank_unfilled","8","True","True","True","True","True","True","True","True","0","0","False","False","False","False","False","False","False","True","True","True"
"fj-dispatch-blocker-evidence-intake-0303","dispatch-blocker-fj-0303","dispatch-check-request-preflight-confirm-apply-candidate-filled-note-form-term-ja-0023","request-preflight-confirm-apply-candidate-filled-note-form-term-ja-0023","preflight-confirm-apply-candidate-filled-note-form-term-ja-0023","candidate-filled-note-form-term-ja-0023","note-form-term-ja-0023","term-ja-0023","japanese","decomposition of primes","number_theory","normal","9CBEC99A641759E5BFBDB9E0C14E07BB0B29BFB55B29460C2CDA19814109665F","dispatch_medium_filled","dispatch_medium_filled","fill_dispatch_medium","blank_unfilled","8","True","True","True","True","True","True","True","True","0","0","False","False","False","False","False","False","False","True","True","True"
"fj-dispatch-blocker-evidence-intake-0304","dispatch-blocker-fj-0304","dispatch-check-request-preflight-confirm-apply-candidate-filled-note-form-term-ja-0023","request-preflight-confirm-apply-candidate-filled-note-form-term-ja-0023","preflight-confirm-apply-candidate-filled-note-form-term-ja-0023","candidate-filled-note-form-term-ja-0023","note-form-term-ja-0023","term-ja-0023","japanese","decomposition of primes","number_theory","normal","9CBEC99A641759E5BFBDB9E0C14E07BB0B29BFB55B29460C2CDA19814109665F","local_standard_route_filled","local_standard_route_filled","fill_local_standard_route","blank_unfilled","8","True","True","True","True","True","True","True","True","0","0","False","False","False","False","False","False","False","True","True","True"
"fj-dispatch-blocker-evidence-intake-0305","dispatch-blocker-fj-0305","dispatch-check-request-preflight-confirm-apply-candidate-filled-note-form-term-ja-0023","request-preflight-confirm-apply-candidate-filled-note-form-term-ja-0023","preflight-confirm-apply-candidate-filled-note-form-term-ja-0023","candidate-filled-note-form-term-ja-0023","note-form-term-ja-0023","term-ja-0023","japanese","decomposition of primes","number_theory","normal","9CBEC99A641759E5BFBDB9E0C14E07BB0B29BFB55B29460C2CDA19814109665F","license_context_note_filled","license_context_note_filled","fill_license_context_note","blank_unfilled","8","True","True","True","True","True","True","True","True","0","0","False","False","False","False","False","False","False","True","True","True"
"fj-dispatch-blocker-evidence-intake-0306","dispatch-blocker-fj-0306","dispatch-check-request-preflight-confirm-apply-candidate-filled-note-form-term-ja-0024","request-preflight-confirm-apply-candidate-filled-note-form-term-ja-0024","preflight-confirm-apply-candidate-filled-note-form-term-ja-0024","candidate-filled-note-form-term-ja-0024","note-form-term-ja-0024","term-ja-0024","japanese","class number","number_theory","normal","CC58B7FC4C8FB1D98CC7B67FBDABEC2843D6A0A9CE3934186487E6FB813A4BFC","route_label_filled","route_label_filled","fill_non_personal_route_label","blank_unfilled","8","True","True","True","True","True","True","True","True","0","0","False","False","False","False","False","False","False","True","True","True"
"fj-dispatch-blocker-evidence-intake-0307","dispatch-blocker-fj-0307","dispatch-check-request-preflight-confirm-apply-candidate-filled-note-form-term-ja-0024","request-preflight-confirm-apply-candidate-filled-note-form-term-ja-0024","preflight-confirm-apply-candidate-filled-note-form-term-ja-0024","candidate-filled-note-form-term-ja-0024","note-form-term-ja-0024","term-ja-0024","japanese","class number","number_theory","normal","CC58B7FC4C8FB1D98CC7B67FBDABEC2843D6A0A9CE3934186487E6FB813A4BFC","addressee_or_owner_role_filled","addressee_or_owner_role_filled","fill_non_personal_addressee_or_owner_role","blank_unfilled","8","True","True","True","True","True","True","True","True","0","0","False","False","False","False","False","False","False","True","True","True"
"fj-dispatch-blocker-evidence-intake-0308","dispatch-blocker-fj-0308","dispatch-check-request-preflight-confirm-apply-candidate-filled-note-form-term-ja-0024","request-preflight-confirm-apply-candidate-filled-note-form-term-ja-0024","preflight-confirm-apply-candidate-filled-note-form-term-ja-0024","candidate-filled-note-form-term-ja-0024","note-form-term-ja-0024","term-ja-0024","japanese","class number","number_theory","normal","CC58B7FC4C8FB1D98CC7B67FBDABEC2843D6A0A9CE3934186487E6FB813A4BFC","dispatch_medium_filled","dispatch_medium_filled","fill_dispatch_medium","blank_unfilled","8","True","True","True","True","True","True","True","True","0","0","False","False","False","False","False","False","False","True","True","True"
"fj-dispatch-blocker-evidence-intake-0309","dispatch-blocker-fj-0309","dispatch-check-request-preflight-confirm-apply-candidate-filled-note-form-term-ja-0024","request-preflight-confirm-apply-candidate-filled-note-form-term-ja-0024","preflight-confirm-apply-candidate-filled-note-form-term-ja-0024","candidate-filled-note-form-term-ja-0024","note-form-term-ja-0024","term-ja-0024","japanese","class number","number_theory","normal","CC58B7FC4C8FB1D98CC7B67FBDABEC2843D6A0A9CE3934186487E6FB813A4BFC","local_standard_route_filled","local_standard_route_filled","fill_local_standard_route","blank_unfilled","8","True","True","True","True","True","True","True","True","0","0","False","False","False","False","False","False","False","True","True","True"
"fj-dispatch-blocker-evidence-intake-0310","dispatch-blocker-fj-0310","dispatch-check-request-preflight-confirm-apply-candidate-filled-note-form-term-ja-0024","request-preflight-confirm-apply-candidate-filled-note-form-term-ja-0024","preflight-confirm-apply-candidate-filled-note-form-term-ja-0024","candidate-filled-note-form-term-ja-0024","note-form-term-ja-0024","term-ja-0024","japanese","class number","number_theory","normal","CC58B7FC4C8FB1D98CC7B67FBDABEC2843D6A0A9CE3934186487E6FB813A4BFC","license_context_note_filled","license_context_note_filled","fill_license_context_note","blank_unfilled","8","True","True","True","True","True","True","True","True","0","0","False","False","False","False","False","False","False","True","True","True"
