lexeme_id,row_id,language_id,language_label,english_concept,draft_form,script_or_codepoint_scope,source_status,source_basis,formula_neighboring_usage_note,term_alternatives_or_register_note,codepoint_tex_pdf_note,status
cjklex-0001,term-ja-0010,ja,Japanese,module,加群,Japanese kana+kanji,source-canon-sufficient-for-scoped-draft,ja-src-001 Matsumura commutative-ring TeX source | ja-pdf-002 Ando algebra lecture-note PDF set | ja-pdf-003 Nagai invariant-theory PDF witness | ja-pdf-004 Ryoya Ando commutative-algebra PDF witness | CJK-native source-support/codepoint ledgers,"Use near formulas only with the exact source anchor already present in the row packet; keep TeX variables, ideals/modules/rings, and arrows/macros unchanged. Use UTF-8 and a CJK-capable TeX/PDF path. Do not split the target term across inline math; check punctuation, CJK/Latin spacing, and line breaks around formulas.",,"Use UTF-8 and a CJK-capable TeX/PDF path. Do not split the target term across inline math; check punctuation, CJK/Latin spacing, and line breaks around formulas.",generated-draft/non-canonical/not native reviewed/not approved/not accepted terminology/not gate-promoted/not complete
cjklex-0001,term-zh-hans-0014,zh-Hans,Simplified Chinese,module,模,Simplified Han,source-canon-sufficient-for-scoped-draft,zh-Hans-src-001 AlJabr-1 TeX source repository | zh-Hans-src-002 AlJabr-2 TeX source repository | CJK-native source-support/codepoint ledgers,"Use near formulas only with the exact source anchor already present in the row packet; keep TeX variables, ideals/modules/rings, and arrows/macros unchanged. Use UTF-8 and a CJK-capable TeX/PDF path. Do not split the target term across inline math; check punctuation, CJK/Latin spacing, and line breaks around formulas.",,"Use UTF-8 and a CJK-capable TeX/PDF path. Do not split the target term across inline math; check punctuation, CJK/Latin spacing, and line breaks around formulas.",generated-draft/non-canonical/not native reviewed/not approved/not accepted terminology/not gate-promoted/not complete
cjklex-0001,ko-source-attestation::ko-wiki-abstract-algebra::가군,ko,Korean addendum,module,가군,Hangul with possible Hanja,fallback-source-body-term-attestation-not-row-draft,ko-wiki-abstract-algebra 추상대수학 rev 41744985 count 4; native-source-bodies/ko/wiki-bodies/ko-wiki-abstract-algebra_추상대수학_wikitext_20260705.txt,Korean source-body term observation only; do not insert into Noether corpus prose without a row-level Korean queue and source-context check.,literal substring count over saved Korean wikitext; no morphological disambiguation; no source snippets copied,UTF-8 Hangul/Hanja fallback source term; keep outside TeX math; verify Korean font path before any generated draft use.,generated-draft/non-canonical/not native reviewed/not approved/not accepted terminology/not gate-promoted/not complete
cjklex-0001,ko-source-attestation::ko-wiki-ring-theory::가군,ko,Korean addendum,module,가군,Hangul with possible Hanja,fallback-source-body-term-attestation-not-row-draft,ko-wiki-ring-theory 환론 rev 39056267 count 1; native-source-bodies/ko/wiki-bodies/ko-wiki-ring-theory_환론_wikitext_20260705.txt,Korean source-body term observation only; do not insert into Noether corpus prose without a row-level Korean queue and source-context check.,literal substring count over saved Korean wikitext; no morphological disambiguation; no source snippets copied,UTF-8 Hangul/Hanja fallback source term; keep outside TeX math; verify Korean font path before any generated draft use.,generated-draft/non-canonical/not native reviewed/not approved/not accepted terminology/not gate-promoted/not complete
cjklex-0001,ko-source-attestation::ko-wiki-module::가군,ko,Korean addendum,module,가군,Hangul with possible Hanja,fallback-source-body-term-attestation-not-row-draft,ko-wiki-module 가군 rev 41652760 count 82; native-source-bodies/ko/wiki-bodies/ko-wiki-module_가군_wikitext_20260705.txt,Korean source-body term observation only; do not insert into Noether corpus prose without a row-level Korean queue and source-context check.,literal substring count over saved Korean wikitext; no morphological disambiguation; no source snippets copied,UTF-8 Hangul/Hanja fallback source term; keep outside TeX math; verify Korean font path before any generated draft use.,generated-draft/non-canonical/not native reviewed/not approved/not accepted terminology/not gate-promoted/not complete
cjklex-0001,ko-source-attestation::ko-wiki-field::가군,ko,Korean addendum,module,가군,Hangul with possible Hanja,fallback-source-body-term-attestation-not-row-draft,ko-wiki-field 체 (수학) rev 41649269 count 3; native-source-bodies/ko/wiki-bodies/ko-wiki-field_체_수학_wikitext_20260705.txt,Korean source-body term observation only; do not insert into Noether corpus prose without a row-level Korean queue and source-context check.,literal substring count over saved Korean wikitext; no morphological disambiguation; no source snippets copied,UTF-8 Hangul/Hanja fallback source term; keep outside TeX math; verify Korean font path before any generated draft use.,generated-draft/non-canonical/not native reviewed/not approved/not accepted terminology/not gate-promoted/not complete
cjklex-0001,ko-source-attestation::ko-wiki-ideal::가군,ko,Korean addendum,module,가군,Hangul with possible Hanja,fallback-source-body-term-attestation-not-row-draft,ko-wiki-ideal 아이디얼 rev 39160743 count 6; native-source-bodies/ko/wiki-bodies/ko-wiki-ideal_아이디얼_wikitext_20260705.txt,Korean source-body term observation only; do not insert into Noether corpus prose without a row-level Korean queue and source-context check.,literal substring count over saved Korean wikitext; no morphological disambiguation; no source snippets copied,UTF-8 Hangul/Hanja fallback source term; keep outside TeX math; verify Korean font path before any generated draft use.,generated-draft/non-canonical/not native reviewed/not approved/not accepted terminology/not gate-promoted/not complete
cjklex-0001,ko-source-attestation::ko-wiki-commutative-algebra::가군,ko,Korean addendum,module,가군,Hangul with possible Hanja,fallback-source-body-term-attestation-not-row-draft,ko-wiki-commutative-algebra 가환대수학 rev 41811027 count 5; native-source-bodies/ko/wiki-bodies/ko-wiki-commutative-algebra_가환대수학_wikitext_20260705.txt,Korean source-body term observation only; do not insert into Noether corpus prose without a row-level Korean queue and source-context check.,literal substring count over saved Korean wikitext; no morphological disambiguation; no source snippets copied,UTF-8 Hangul/Hanja fallback source term; keep outside TeX math; verify Korean font path before any generated draft use.,generated-draft/non-canonical/not native reviewed/not approved/not accepted terminology/not gate-promoted/not complete
cjklex-0001,ko-source-attestation::ko-wiki-linear-algebra::가군,ko,Korean addendum,module,가군,Hangul with possible Hanja,fallback-source-body-term-attestation-not-row-draft,ko-wiki-linear-algebra 선형대수학 rev 41811221 count 16; native-source-bodies/ko/wiki-bodies/ko-wiki-linear-algebra_선형대수학_wikitext_20260705.txt,Korean source-body term observation only; do not insert into Noether corpus prose without a row-level Korean queue and source-context check.,literal substring count over saved Korean wikitext; no morphological disambiguation; no source snippets copied,UTF-8 Hangul/Hanja fallback source term; keep outside TeX math; verify Korean font path before any generated draft use.,generated-draft/non-canonical/not native reviewed/not approved/not accepted terminology/not gate-promoted/not complete
cjklex-0001,ko-source-attestation::ko-wiki-backfill-irreducible-representation::가군,ko,Korean addendum,module,가군,Hangul with possible Hanja,fallback-source-body-term-attestation-not-row-draft,ko-wiki-backfill-irreducible-representation 기약표현 rev 41663389 count 2; native-source-bodies/ko/wiki-bodies/backfill-20260705/ko-wiki-backfill-irreducible-representation_기약표현_raw_wikitext_20260705.txt,Korean source-body term observation only; do not insert into Noether corpus prose without a row-level Korean queue and source-context check.,literal substring count over saved Korean wikitext; no morphological disambiguation; no source snippets copied,UTF-8 Hangul/Hanja fallback source term; keep outside TeX math; verify Korean font path before any generated draft use.,generated-draft/non-canonical/not native reviewed/not approved/not accepted terminology/not gate-promoted/not complete
cjklex-0001,ko-source-attestation::ko-wiki-backfill-semisimple-ring::가군,ko,Korean addendum,module,가군,Hangul with possible Hanja,fallback-source-body-term-attestation-not-row-draft,ko-wiki-backfill-semisimple-ring 반단순환 rev 39375212 count 15; native-source-bodies/ko/wiki-bodies/backfill-20260705/ko-wiki-backfill-semisimple-ring_반단순환_raw_wikitext_20260705.txt,Korean source-body term observation only; do not insert into Noether corpus prose without a row-level Korean queue and source-context check.,literal substring count over saved Korean wikitext; no morphological disambiguation; no source snippets copied,UTF-8 Hangul/Hanja fallback source term; keep outside TeX math; verify Korean font path before any generated draft use.,generated-draft/non-canonical/not native reviewed/not approved/not accepted terminology/not gate-promoted/not complete
cjklex-0001,ko-source-attestation::ko-wiki-backfill-hopf-algebra::가군,ko,Korean addendum,module,가군,Hangul with possible Hanja,fallback-source-body-term-attestation-not-row-draft,ko-wiki-backfill-hopf-algebra 호프 대수 rev 41657185 count 1; native-source-bodies/ko/wiki-bodies/backfill-20260705/ko-wiki-backfill-hopf-algebra_호프_대수_raw_wikitext_20260705.txt,Korean source-body term observation only; do not insert into Noether corpus prose without a row-level Korean queue and source-context check.,literal substring count over saved Korean wikitext; no morphological disambiguation; no source snippets copied,UTF-8 Hangul/Hanja fallback source term; keep outside TeX math; verify Korean font path before any generated draft use.,generated-draft/non-canonical/not native reviewed/not approved/not accepted terminology/not gate-promoted/not complete
cjklex-0001,ko-source-attestation::ko-wiki-backfill-decomposition-algebra::가군,ko,Korean addendum,module,가군,Hangul with possible Hanja,fallback-source-body-term-attestation-not-row-draft,ko-wiki-backfill-decomposition-algebra 분해 (대수학) rev 39792326 count 51; native-source-bodies/ko/wiki-bodies/backfill-20260705/ko-wiki-backfill-decomposition-algebra_분해_대수학_raw_wikitext_20260705.txt,Korean source-body term observation only; do not insert into Noether corpus prose without a row-level Korean queue and source-context check.,literal substring count over saved Korean wikitext; no morphological disambiguation; no source snippets copied,UTF-8 Hangul/Hanja fallback source term; keep outside TeX math; verify Korean font path before any generated draft use.,generated-draft/non-canonical/not native reviewed/not approved/not accepted terminology/not gate-promoted/not complete
cjklex-0001,ko-source-attestation::ko-wiki-backfill-noetherian-ring::가군,ko,Korean addendum,module,가군,Hangul with possible Hanja,fallback-source-body-term-attestation-not-row-draft,ko-wiki-backfill-noetherian-ring 뇌터 환 rev 39051386 count 44; native-source-bodies/ko/wiki-bodies/backfill-20260705/ko-wiki-backfill-noetherian-ring_뇌터_환_raw_wikitext_20260705.txt,Korean source-body term observation only; do not insert into Noether corpus prose without a row-level Korean queue and source-context check.,literal substring count over saved Korean wikitext; no morphological disambiguation; no source snippets copied,UTF-8 Hangul/Hanja fallback source term; keep outside TeX math; verify Korean font path before any generated draft use.,generated-draft/non-canonical/not native reviewed/not approved/not accepted terminology/not gate-promoted/not complete
cjklex-0001,ko-source-attestation::ko-wiki-backfill-localization::가군,ko,Korean addendum,module,가군,Hangul with possible Hanja,fallback-source-body-term-attestation-not-row-draft,ko-wiki-backfill-localization 국소화 (환론) rev 41904060 count 8; native-source-bodies/ko/wiki-bodies/backfill-20260705/ko-wiki-backfill-localization_국소화_환론_raw_wikitext_20260705.txt,Korean source-body term observation only; do not insert into Noether corpus prose without a row-level Korean queue and source-context check.,literal substring count over saved Korean wikitext; no morphological disambiguation; no source snippets copied,UTF-8 Hangul/Hanja fallback source term; keep outside TeX math; verify Korean font path before any generated draft use.,generated-draft/non-canonical/not native reviewed/not approved/not accepted terminology/not gate-promoted/not complete
cjklex-0001,ko-source-attestation::ko-wiki-backfill-weierstrass-preparation::가군,ko,Korean addendum,module,가군,Hangul with possible Hanja,fallback-source-body-term-attestation-not-row-draft,ko-wiki-backfill-weierstrass-preparation 바이어스트라스 준비 정리 rev 39731383 count 1; native-source-bodies/ko/wiki-bodies/backfill-20260705/ko-wiki-backfill-weierstrass-preparation_바이어스트라스_준비_정리_raw_wikitext_20260705.txt,Korean source-body term observation only; do not insert into Noether corpus prose without a row-level Korean queue and source-context check.,literal substring count over saved Korean wikitext; no morphological disambiguation; no source snippets copied,UTF-8 Hangul/Hanja fallback source term; keep outside TeX math; verify Korean font path before any generated draft use.,generated-draft/non-canonical/not native reviewed/not approved/not accepted terminology/not gate-promoted/not complete
cjklex-0001,ko-source-attestation::ko-wiki-backfill-galois-cohomology::가군,ko,Korean addendum,module,가군,Hangul with possible Hanja,fallback-source-body-term-attestation-not-row-draft,ko-wiki-backfill-galois-cohomology 갈루아 코호몰로지 rev 39593007 count 2; native-source-bodies/ko/wiki-bodies/backfill-20260705/ko-wiki-backfill-galois-cohomology_갈루아_코호몰로지_raw_wikitext_20260705.txt,Korean source-body term observation only; do not insert into Noether corpus prose without a row-level Korean queue and source-context check.,literal substring count over saved Korean wikitext; no morphological disambiguation; no source snippets copied,UTF-8 Hangul/Hanja fallback source term; keep outside TeX math; verify Korean font path before any generated draft use.,generated-draft/non-canonical/not native reviewed/not approved/not accepted terminology/not gate-promoted/not complete
cjklex-0001,ko-source-attestation::ko-wiki-backfill-homomorphism-theorem::가군,ko,Korean addendum,module,가군,Hangul with possible Hanja,fallback-source-body-term-attestation-not-row-draft,ko-wiki-backfill-homomorphism-theorem 준동형 정리 rev 39209009 count 5; native-source-bodies/ko/wiki-bodies/backfill-20260705/ko-wiki-backfill-homomorphism-theorem_준동형_정리_raw_wikitext_20260705.txt,Korean source-body term observation only; do not insert into Noether corpus prose without a row-level Korean queue and source-context check.,literal substring count over saved Korean wikitext; no morphological disambiguation; no source snippets copied,UTF-8 Hangul/Hanja fallback source term; keep outside TeX math; verify Korean font path before any generated draft use.,generated-draft/non-canonical/not native reviewed/not approved/not accepted terminology/not gate-promoted/not complete
cjklex-0001,ko-source-attestation::ko-wiki-backfill-flat-module::가군,ko,Korean addendum,module,가군,Hangul with possible Hanja,fallback-source-body-term-attestation-not-row-draft,ko-wiki-backfill-flat-module 평탄 가군 rev 39344899 count 65; native-source-bodies/ko/wiki-bodies/backfill-20260705/ko-wiki-backfill-flat-module_평탄_가군_raw_wikitext_20260705.txt,Korean source-body term observation only; do not insert into Noether corpus prose without a row-level Korean queue and source-context check.,literal substring count over saved Korean wikitext; no morphological disambiguation; no source snippets copied,UTF-8 Hangul/Hanja fallback source term; keep outside TeX math; verify Korean font path before any generated draft use.,generated-draft/non-canonical/not native reviewed/not approved/not accepted terminology/not gate-promoted/not complete
cjklex-0001,ko-source-attestation::ko-wiki-backfill-quiver-representation::가군,ko,Korean addendum,module,가군,Hangul with possible Hanja,fallback-source-body-term-attestation-not-row-draft,ko-wiki-backfill-quiver-representation 화살집 표현 rev 39479528 count 15; native-source-bodies/ko/wiki-bodies/backfill-20260705/ko-wiki-backfill-quiver-representation_화살집_표현_raw_wikitext_20260705.txt,Korean source-body term observation only; do not insert into Noether corpus prose without a row-level Korean queue and source-context check.,literal substring count over saved Korean wikitext; no morphological disambiguation; no source snippets copied,UTF-8 Hangul/Hanja fallback source term; keep outside TeX math; verify Korean font path before any generated draft use.,generated-draft/non-canonical/not native reviewed/not approved/not accepted terminology/not gate-promoted/not complete
cjklex-0001,ko-source-attestation::ko-wiki-backfill-prime-ideal::가군,ko,Korean addendum,module,가군,Hangul with possible Hanja,fallback-source-body-term-attestation-not-row-draft,ko-wiki-backfill-prime-ideal 소 아이디얼 rev 41653113 count 3; native-source-bodies/ko/wiki-bodies/backfill-20260705/ko-wiki-backfill-prime-ideal_소_아이디얼_raw_wikitext_20260705.txt,Korean source-body term observation only; do not insert into Noether corpus prose without a row-level Korean queue and source-context check.,literal substring count over saved Korean wikitext; no morphological disambiguation; no source snippets copied,UTF-8 Hangul/Hanja fallback source term; keep outside TeX math; verify Korean font path before any generated draft use.,generated-draft/non-canonical/not native reviewed/not approved/not accepted terminology/not gate-promoted/not complete
cjklex-0001,ko-source-attestation::ko-wiki-backfill-primary-ideal::가군,ko,Korean addendum,module,가군,Hangul with possible Hanja,fallback-source-body-term-attestation-not-row-draft,ko-wiki-backfill-primary-ideal 으뜸 아이디얼 rev 39160791 count 39; native-source-bodies/ko/wiki-bodies/backfill-20260705/ko-wiki-backfill-primary-ideal_으뜸_아이디얼_raw_wikitext_20260705.txt,Korean source-body term observation only; do not insert into Noether corpus prose without a row-level Korean queue and source-context check.,literal substring count over saved Korean wikitext; no morphological disambiguation; no source snippets copied,UTF-8 Hangul/Hanja fallback source term; keep outside TeX math; verify Korean font path before any generated draft use.,generated-draft/non-canonical/not native reviewed/not approved/not accepted terminology/not gate-promoted/not complete
cjklex-0002,term-ja-0011,ja,Japanese,simple module,単純加群,Japanese kana+kanji,source-canon-sufficient-for-scoped-draft,ja-src-001 Matsumura commutative-ring TeX source | ja-pdf-002 Ando algebra lecture-note PDF set | ja-pdf-003 Nagai invariant-theory PDF witness | ja-pdf-004 Ryoya Ando commutative-algebra PDF witness | CJK-native source-support/codepoint ledgers,"Use near formulas only with the exact source anchor already present in the row packet; keep TeX variables, ideals/modules/rings, and arrows/macros unchanged. Use UTF-8 and a CJK-capable TeX/PDF path. Do not split the target term across inline math; check punctuation, CJK/Latin spacing, and line breaks around formulas.",,"Use UTF-8 and a CJK-capable TeX/PDF path. Do not split the target term across inline math; check punctuation, CJK/Latin spacing, and line breaks around formulas.",generated-draft/non-canonical/not native reviewed/not approved/not accepted terminology/not gate-promoted/not complete
cjklex-0002,ko-source-attestation::ko-wiki-module::단순 가군,ko,Korean addendum,simple module,단순 가군,Hangul with possible Hanja,fallback-source-body-term-attestation-not-row-draft,ko-wiki-module 가군 rev 41652760 count 1; native-source-bodies/ko/wiki-bodies/ko-wiki-module_가군_wikitext_20260705.txt,Korean source-body term observation only; do not insert into Noether corpus prose without a row-level Korean queue and source-context check.,literal substring count over saved Korean wikitext; no morphological disambiguation; no source snippets copied,UTF-8 Hangul/Hanja fallback source term; keep outside TeX math; verify Korean font path before any generated draft use.,generated-draft/non-canonical/not native reviewed/not approved/not accepted terminology/not gate-promoted/not complete
cjklex-0002,ko-source-attestation::ko-wiki-backfill-irreducible-representation::단순 가군,ko,Korean addendum,simple module,단순 가군,Hangul with possible Hanja,fallback-source-body-term-attestation-not-row-draft,ko-wiki-backfill-irreducible-representation 기약표현 rev 41663389 count 2; native-source-bodies/ko/wiki-bodies/backfill-20260705/ko-wiki-backfill-irreducible-representation_기약표현_raw_wikitext_20260705.txt,Korean source-body term observation only; do not insert into Noether corpus prose without a row-level Korean queue and source-context check.,literal substring count over saved Korean wikitext; no morphological disambiguation; no source snippets copied,UTF-8 Hangul/Hanja fallback source term; keep outside TeX math; verify Korean font path before any generated draft use.,generated-draft/non-canonical/not native reviewed/not approved/not accepted terminology/not gate-promoted/not complete
cjklex-0002,ko-source-attestation::ko-wiki-backfill-semisimple-ring::단순 가군,ko,Korean addendum,simple module,단순 가군,Hangul with possible Hanja,fallback-source-body-term-attestation-not-row-draft,ko-wiki-backfill-semisimple-ring 반단순환 rev 39375212 count 8; native-source-bodies/ko/wiki-bodies/backfill-20260705/ko-wiki-backfill-semisimple-ring_반단순환_raw_wikitext_20260705.txt,Korean source-body term observation only; do not insert into Noether corpus prose without a row-level Korean queue and source-context check.,literal substring count over saved Korean wikitext; no morphological disambiguation; no source snippets copied,UTF-8 Hangul/Hanja fallback source term; keep outside TeX math; verify Korean font path before any generated draft use.,generated-draft/non-canonical/not native reviewed/not approved/not accepted terminology/not gate-promoted/not complete
cjklex-0002,ko-source-attestation::ko-wiki-backfill-decomposition-algebra::단순 가군,ko,Korean addendum,simple module,단순 가군,Hangul with possible Hanja,fallback-source-body-term-attestation-not-row-draft,ko-wiki-backfill-decomposition-algebra 분해 (대수학) rev 39792326 count 1; native-source-bodies/ko/wiki-bodies/backfill-20260705/ko-wiki-backfill-decomposition-algebra_분해_대수학_raw_wikitext_20260705.txt,Korean source-body term observation only; do not insert into Noether corpus prose without a row-level Korean queue and source-context check.,literal substring count over saved Korean wikitext; no morphological disambiguation; no source snippets copied,UTF-8 Hangul/Hanja fallback source term; keep outside TeX math; verify Korean font path before any generated draft use.,generated-draft/non-canonical/not native reviewed/not approved/not accepted terminology/not gate-promoted/not complete
cjklex-0002,ko-source-attestation::ko-wiki-backfill-noetherian-ring::단순 가군,ko,Korean addendum,simple module,단순 가군,Hangul with possible Hanja,fallback-source-body-term-attestation-not-row-draft,ko-wiki-backfill-noetherian-ring 뇌터 환 rev 39051386 count 1; native-source-bodies/ko/wiki-bodies/backfill-20260705/ko-wiki-backfill-noetherian-ring_뇌터_환_raw_wikitext_20260705.txt,Korean source-body term observation only; do not insert into Noether corpus prose without a row-level Korean queue and source-context check.,literal substring count over saved Korean wikitext; no morphological disambiguation; no source snippets copied,UTF-8 Hangul/Hanja fallback source term; keep outside TeX math; verify Korean font path before any generated draft use.,generated-draft/non-canonical/not native reviewed/not approved/not accepted terminology/not gate-promoted/not complete
cjklex-0003,term-ja-0012,ja,Japanese,free module,自由加群,Japanese kana+kanji,source-canon-sufficient-for-scoped-draft,ja-src-001 Matsumura commutative-ring TeX source | ja-pdf-002 Ando algebra lecture-note PDF set | ja-pdf-003 Nagai invariant-theory PDF witness | ja-pdf-004 Ryoya Ando commutative-algebra PDF witness | CJK-native source-support/codepoint ledgers,"Use near formulas only with the exact source anchor already present in the row packet; keep TeX variables, ideals/modules/rings, and arrows/macros unchanged. Use UTF-8 and a CJK-capable TeX/PDF path. Do not split the target term across inline math; check punctuation, CJK/Latin spacing, and line breaks around formulas.",,"Use UTF-8 and a CJK-capable TeX/PDF path. Do not split the target term across inline math; check punctuation, CJK/Latin spacing, and line breaks around formulas.",generated-draft/non-canonical/not native reviewed/not approved/not accepted terminology/not gate-promoted/not complete
cjklex-0003,ko-source-attestation::ko-wiki-module::자유 가군,ko,Korean addendum,free module,자유 가군,Hangul with possible Hanja,fallback-source-body-term-attestation-not-row-draft,ko-wiki-module 가군 rev 41652760 count 4; native-source-bodies/ko/wiki-bodies/ko-wiki-module_가군_wikitext_20260705.txt,Korean source-body term observation only; do not insert into Noether corpus prose without a row-level Korean queue and source-context check.,literal substring count over saved Korean wikitext; no morphological disambiguation; no source snippets copied,UTF-8 Hangul/Hanja fallback source term; keep outside TeX math; verify Korean font path before any generated draft use.,generated-draft/non-canonical/not native reviewed/not approved/not accepted terminology/not gate-promoted/not complete
cjklex-0003,ko-source-attestation::ko-wiki-field::자유 가군,ko,Korean addendum,free module,자유 가군,Hangul with possible Hanja,fallback-source-body-term-attestation-not-row-draft,ko-wiki-field 체 (수학) rev 41649269 count 1; native-source-bodies/ko/wiki-bodies/ko-wiki-field_체_수학_wikitext_20260705.txt,Korean source-body term observation only; do not insert into Noether corpus prose without a row-level Korean queue and source-context check.,literal substring count over saved Korean wikitext; no morphological disambiguation; no source snippets copied,UTF-8 Hangul/Hanja fallback source term; keep outside TeX math; verify Korean font path before any generated draft use.,generated-draft/non-canonical/not native reviewed/not approved/not accepted terminology/not gate-promoted/not complete
cjklex-0003,ko-source-attestation::ko-wiki-linear-algebra::자유 가군,ko,Korean addendum,free module,자유 가군,Hangul with possible Hanja,fallback-source-body-term-attestation-not-row-draft,ko-wiki-linear-algebra 선형대수학 rev 41811221 count 1; native-source-bodies/ko/wiki-bodies/ko-wiki-linear-algebra_선형대수학_wikitext_20260705.txt,Korean source-body term observation only; do not insert into Noether corpus prose without a row-level Korean queue and source-context check.,literal substring count over saved Korean wikitext; no morphological disambiguation; no source snippets copied,UTF-8 Hangul/Hanja fallback source term; keep outside TeX math; verify Korean font path before any generated draft use.,generated-draft/non-canonical/not native reviewed/not approved/not accepted terminology/not gate-promoted/not complete
cjklex-0003,ko-source-attestation::ko-wiki-backfill-decomposition-algebra::자유 가군,ko,Korean addendum,free module,자유 가군,Hangul with possible Hanja,fallback-source-body-term-attestation-not-row-draft,ko-wiki-backfill-decomposition-algebra 분해 (대수학) rev 39792326 count 2; native-source-bodies/ko/wiki-bodies/backfill-20260705/ko-wiki-backfill-decomposition-algebra_분해_대수학_raw_wikitext_20260705.txt,Korean source-body term observation only; do not insert into Noether corpus prose without a row-level Korean queue and source-context check.,literal substring count over saved Korean wikitext; no morphological disambiguation; no source snippets copied,UTF-8 Hangul/Hanja fallback source term; keep outside TeX math; verify Korean font path before any generated draft use.,generated-draft/non-canonical/not native reviewed/not approved/not accepted terminology/not gate-promoted/not complete
cjklex-0003,ko-source-attestation::ko-wiki-backfill-quiver-representation::자유 가군,ko,Korean addendum,free module,자유 가군,Hangul with possible Hanja,fallback-source-body-term-attestation-not-row-draft,ko-wiki-backfill-quiver-representation 화살집 표현 rev 39479528 count 1; native-source-bodies/ko/wiki-bodies/backfill-20260705/ko-wiki-backfill-quiver-representation_화살집_표현_raw_wikitext_20260705.txt,Korean source-body term observation only; do not insert into Noether corpus prose without a row-level Korean queue and source-context check.,literal substring count over saved Korean wikitext; no morphological disambiguation; no source snippets copied,UTF-8 Hangul/Hanja fallback source term; keep outside TeX math; verify Korean font path before any generated draft use.,generated-draft/non-canonical/not native reviewed/not approved/not accepted terminology/not gate-promoted/not complete
cjklex-0004,term-ja-0013,ja,Japanese,submodule,部分加群,Japanese kana+kanji,source-canon-sufficient-for-scoped-draft,ja-src-001 Matsumura commutative-ring TeX source | ja-pdf-002 Ando algebra lecture-note PDF set | ja-pdf-003 Nagai invariant-theory PDF witness | ja-pdf-004 Ryoya Ando commutative-algebra PDF witness | CJK-native source-support/codepoint ledgers,"Use near formulas only with the exact source anchor already present in the row packet; keep TeX variables, ideals/modules/rings, and arrows/macros unchanged. Use UTF-8 and a CJK-capable TeX/PDF path. Do not split the target term across inline math; check punctuation, CJK/Latin spacing, and line breaks around formulas.",,"Use UTF-8 and a CJK-capable TeX/PDF path. Do not split the target term across inline math; check punctuation, CJK/Latin spacing, and line breaks around formulas.",generated-draft/non-canonical/not native reviewed/not approved/not accepted terminology/not gate-promoted/not complete
cjklex-0004,term-zh-hans-0012,zh-Hans,Simplified Chinese,submodule,子模,Simplified Han,source-canon-sufficient-for-scoped-draft,zh-Hans-src-001 AlJabr-1 TeX source repository | zh-Hans-src-002 AlJabr-2 TeX source repository | CJK-native source-support/codepoint ledgers,"Use near formulas only with the exact source anchor already present in the row packet; keep TeX variables, ideals/modules/rings, and arrows/macros unchanged. Use UTF-8 and a CJK-capable TeX/PDF path. Do not split the target term across inline math; check punctuation, CJK/Latin spacing, and line breaks around formulas.",,"Use UTF-8 and a CJK-capable TeX/PDF path. Do not split the target term across inline math; check punctuation, CJK/Latin spacing, and line breaks around formulas.",generated-draft/non-canonical/not native reviewed/not approved/not accepted terminology/not gate-promoted/not complete
cjklex-0004,ko-source-attestation::ko-wiki-module::부분 가군,ko,Korean addendum,submodule,부분 가군,Hangul with possible Hanja,fallback-source-body-term-attestation-not-row-draft,ko-wiki-module 가군 rev 41652760 count 2; native-source-bodies/ko/wiki-bodies/ko-wiki-module_가군_wikitext_20260705.txt,Korean source-body term observation only; do not insert into Noether corpus prose without a row-level Korean queue and source-context check.,literal substring count over saved Korean wikitext; no morphological disambiguation; no source snippets copied,UTF-8 Hangul/Hanja fallback source term; keep outside TeX math; verify Korean font path before any generated draft use.,generated-draft/non-canonical/not native reviewed/not approved/not accepted terminology/not gate-promoted/not complete
cjklex-0004,ko-source-attestation::ko-wiki-ideal::부분 가군,ko,Korean addendum,submodule,부분 가군,Hangul with possible Hanja,fallback-source-body-term-attestation-not-row-draft,ko-wiki-ideal 아이디얼 rev 39160743 count 2; native-source-bodies/ko/wiki-bodies/ko-wiki-ideal_아이디얼_wikitext_20260705.txt,Korean source-body term observation only; do not insert into Noether corpus prose without a row-level Korean queue and source-context check.,literal substring count over saved Korean wikitext; no morphological disambiguation; no source snippets copied,UTF-8 Hangul/Hanja fallback source term; keep outside TeX math; verify Korean font path before any generated draft use.,generated-draft/non-canonical/not native reviewed/not approved/not accepted terminology/not gate-promoted/not complete
cjklex-0004,ko-source-attestation::ko-wiki-backfill-noetherian-ring::부분 가군,ko,Korean addendum,submodule,부분 가군,Hangul with possible Hanja,fallback-source-body-term-attestation-not-row-draft,ko-wiki-backfill-noetherian-ring 뇌터 환 rev 39051386 count 4; native-source-bodies/ko/wiki-bodies/backfill-20260705/ko-wiki-backfill-noetherian-ring_뇌터_환_raw_wikitext_20260705.txt,Korean source-body term observation only; do not insert into Noether corpus prose without a row-level Korean queue and source-context check.,literal substring count over saved Korean wikitext; no morphological disambiguation; no source snippets copied,UTF-8 Hangul/Hanja fallback source term; keep outside TeX math; verify Korean font path before any generated draft use.,generated-draft/non-canonical/not native reviewed/not approved/not accepted terminology/not gate-promoted/not complete
cjklex-0004,ko-source-attestation::ko-wiki-backfill-homomorphism-theorem::부분 가군,ko,Korean addendum,submodule,부분 가군,Hangul with possible Hanja,fallback-source-body-term-attestation-not-row-draft,ko-wiki-backfill-homomorphism-theorem 준동형 정리 rev 39209009 count 1; native-source-bodies/ko/wiki-bodies/backfill-20260705/ko-wiki-backfill-homomorphism-theorem_준동형_정리_raw_wikitext_20260705.txt,Korean source-body term observation only; do not insert into Noether corpus prose without a row-level Korean queue and source-context check.,literal substring count over saved Korean wikitext; no morphological disambiguation; no source snippets copied,UTF-8 Hangul/Hanja fallback source term; keep outside TeX math; verify Korean font path before any generated draft use.,generated-draft/non-canonical/not native reviewed/not approved/not accepted terminology/not gate-promoted/not complete
cjklex-0004,ko-source-attestation::ko-wiki-backfill-primary-ideal::부분 가군,ko,Korean addendum,submodule,부분 가군,Hangul with possible Hanja,fallback-source-body-term-attestation-not-row-draft,ko-wiki-backfill-primary-ideal 으뜸 아이디얼 rev 39160791 count 16; native-source-bodies/ko/wiki-bodies/backfill-20260705/ko-wiki-backfill-primary-ideal_으뜸_아이디얼_raw_wikitext_20260705.txt,Korean source-body term observation only; do not insert into Noether corpus prose without a row-level Korean queue and source-context check.,literal substring count over saved Korean wikitext; no morphological disambiguation; no source snippets copied,UTF-8 Hangul/Hanja fallback source term; keep outside TeX math; verify Korean font path before any generated draft use.,generated-draft/non-canonical/not native reviewed/not approved/not accepted terminology/not gate-promoted/not complete
cjklex-0004,ko-source-attestation::ko-wiki-ideal::부분가군,ko,Korean addendum,submodule,부분가군,Hangul with possible Hanja,fallback-source-body-term-attestation-not-row-draft,ko-wiki-ideal 아이디얼 rev 39160743 count 1; native-source-bodies/ko/wiki-bodies/ko-wiki-ideal_아이디얼_wikitext_20260705.txt,Korean source-body term observation only; do not insert into Noether corpus prose without a row-level Korean queue and source-context check.,literal substring count over saved Korean wikitext; no morphological disambiguation; no source snippets copied,UTF-8 Hangul/Hanja fallback source term; keep outside TeX math; verify Korean font path before any generated draft use.,generated-draft/non-canonical/not native reviewed/not approved/not accepted terminology/not gate-promoted/not complete
cjklex-0005,term-ja-0026,ja,Japanese,Lie group,リー群,Japanese kana+kanji,source-canon-sufficient-for-scoped-draft,ja-src-001 Matsumura commutative-ring TeX source | ja-pdf-002 Ando algebra lecture-note PDF set | ja-pdf-003 Nagai invariant-theory PDF witness | ja-pdf-004 Ryoya Ando commutative-algebra PDF witness | CJK-native source-support/codepoint ledgers,"Formula-neighboring note: preserve source TeX/math notation and do not upgrade the draft term beyond the cited source context. Use UTF-8 and a CJK-capable TeX/PDF path. Do not split the target term across inline math; check punctuation, CJK/Latin spacing, and line breaks around formulas.",,"Use UTF-8 and a CJK-capable TeX/PDF path. Do not split the target term across inline math; check punctuation, CJK/Latin spacing, and line breaks around formulas.",generated-draft/non-canonical/not native reviewed/not approved/not accepted terminology/not gate-promoted/not complete
cjklex-0005,ko-source-attestation::ko-wiki-group-theory::리 군,ko,Korean addendum,Lie group,리 군,Hangul with possible Hanja,fallback-source-body-term-attestation-not-row-draft,ko-wiki-group-theory 군론 rev 41776557 count 1; native-source-bodies/ko/wiki-bodies/ko-wiki-group-theory_군론_wikitext_20260705.txt,Korean source-body term observation only; do not insert into Noether corpus prose without a row-level Korean queue and source-context check.,literal substring count over saved Korean wikitext; no morphological disambiguation; no source snippets copied,UTF-8 Hangul/Hanja fallback source term; keep outside TeX math; verify Korean font path before any generated draft use.,generated-draft/non-canonical/not native reviewed/not approved/not accepted terminology/not gate-promoted/not complete
cjklex-0005,ko-source-attestation::ko-wiki-linear-algebra::리 군,ko,Korean addendum,Lie group,리 군,Hangul with possible Hanja,fallback-source-body-term-attestation-not-row-draft,ko-wiki-linear-algebra 선형대수학 rev 41811221 count 1; native-source-bodies/ko/wiki-bodies/ko-wiki-linear-algebra_선형대수학_wikitext_20260705.txt,Korean source-body term observation only; do not insert into Noether corpus prose without a row-level Korean queue and source-context check.,literal substring count over saved Korean wikitext; no morphological disambiguation; no source snippets copied,UTF-8 Hangul/Hanja fallback source term; keep outside TeX math; verify Korean font path before any generated draft use.,generated-draft/non-canonical/not native reviewed/not approved/not accepted terminology/not gate-promoted/not complete
cjklex-0005,ko-source-attestation::ko-wiki-backfill-irreducible-representation::리 군,ko,Korean addendum,Lie group,리 군,Hangul with possible Hanja,fallback-source-body-term-attestation-not-row-draft,ko-wiki-backfill-irreducible-representation 기약표현 rev 41663389 count 3; native-source-bodies/ko/wiki-bodies/backfill-20260705/ko-wiki-backfill-irreducible-representation_기약표현_raw_wikitext_20260705.txt,Korean source-body term observation only; do not insert into Noether corpus prose without a row-level Korean queue and source-context check.,literal substring count over saved Korean wikitext; no morphological disambiguation; no source snippets copied,UTF-8 Hangul/Hanja fallback source term; keep outside TeX math; verify Korean font path before any generated draft use.,generated-draft/non-canonical/not native reviewed/not approved/not accepted terminology/not gate-promoted/not complete
cjklex-0005,ko-source-attestation::ko-wiki-backfill-hopf-algebra::리 군,ko,Korean addendum,Lie group,리 군,Hangul with possible Hanja,fallback-source-body-term-attestation-not-row-draft,ko-wiki-backfill-hopf-algebra 호프 대수 rev 41657185 count 1; native-source-bodies/ko/wiki-bodies/backfill-20260705/ko-wiki-backfill-hopf-algebra_호프_대수_raw_wikitext_20260705.txt,Korean source-body term observation only; do not insert into Noether corpus prose without a row-level Korean queue and source-context check.,literal substring count over saved Korean wikitext; no morphological disambiguation; no source snippets copied,UTF-8 Hangul/Hanja fallback source term; keep outside TeX math; verify Korean font path before any generated draft use.,generated-draft/non-canonical/not native reviewed/not approved/not accepted terminology/not gate-promoted/not complete
cjklex-0005,ko-source-attestation::ko-wiki-backfill-su2-representation::리 군,ko,Korean addendum,Lie group,리 군,Hangul with possible Hanja,fallback-source-body-term-attestation-not-row-draft,ko-wiki-backfill-su2-representation SU(2)의 표현론 rev 39766810 count 5; native-source-bodies/ko/wiki-bodies/backfill-20260705/ko-wiki-backfill-su2-representation_SU_2_의_표현론_raw_wikitext_20260705.txt,Korean source-body term observation only; do not insert into Noether corpus prose without a row-level Korean queue and source-context check.,literal substring count over saved Korean wikitext; no morphological disambiguation; no source snippets copied,UTF-8 Hangul/Hanja fallback source term; keep outside TeX math; verify Korean font path before any generated draft use.,generated-draft/non-canonical/not native reviewed/not approved/not accepted terminology/not gate-promoted/not complete
cjklex-0005,ko-source-attestation::ko-wiki-backfill-reductive-lie-algebra::리 군,ko,Korean addendum,Lie group,리 군,Hangul with possible Hanja,fallback-source-body-term-attestation-not-row-draft,ko-wiki-backfill-reductive-lie-algebra 가약 리 대수 rev 39482473 count 1; native-source-bodies/ko/wiki-bodies/backfill-20260705/ko-wiki-backfill-reductive-lie-algebra_가약_리_대수_raw_wikitext_20260705.txt,Korean source-body term observation only; do not insert into Noether corpus prose without a row-level Korean queue and source-context check.,literal substring count over saved Korean wikitext; no morphological disambiguation; no source snippets copied,UTF-8 Hangul/Hanja fallback source term; keep outside TeX math; verify Korean font path before any generated draft use.,generated-draft/non-canonical/not native reviewed/not approved/not accepted terminology/not gate-promoted/not complete
cjklex-0006,term-ja-0027,ja,Japanese,semisimple,半単純,Japanese kana+kanji,source-canon-sufficient-for-scoped-draft,ja-src-001 Matsumura commutative-ring TeX source | ja-pdf-002 Ando algebra lecture-note PDF set | ja-pdf-003 Nagai invariant-theory PDF witness | ja-pdf-004 Ryoya Ando commutative-algebra PDF witness | CJK-native source-support/codepoint ledgers,"Formula-neighboring note: preserve source TeX/math notation and do not upgrade the draft term beyond the cited source context. Use UTF-8 and a CJK-capable TeX/PDF path. Do not split the target term across inline math; check punctuation, CJK/Latin spacing, and line breaks around formulas.",,"Use UTF-8 and a CJK-capable TeX/PDF path. Do not split the target term across inline math; check punctuation, CJK/Latin spacing, and line breaks around formulas.",generated-draft/non-canonical/not native reviewed/not approved/not accepted terminology/not gate-promoted/not complete
cjklex-0006,term-zh-hans-0023,zh-Hans,Simplified Chinese,semisimple,半单,Simplified Han,source-canon-sufficient-for-scoped-draft,zh-Hans-src-001 AlJabr-1 TeX source repository | zh-Hans-src-002 AlJabr-2 TeX source repository | CJK-native source-support/codepoint ledgers,"Formula-neighboring note: preserve source TeX/math notation and do not upgrade the draft term beyond the cited source context. Use UTF-8 and a CJK-capable TeX/PDF path. Do not split the target term across inline math; check punctuation, CJK/Latin spacing, and line breaks around formulas.",半单的 | 半单表示 when representation context is explicit,"Use UTF-8 and a CJK-capable TeX/PDF path. Do not split the target term across inline math; check punctuation, CJK/Latin spacing, and line breaks around formulas.",generated-draft/non-canonical/not native reviewed/not approved/not accepted terminology/not gate-promoted/not complete
cjklex-0006,ko-source-attestation::ko-wiki-backfill-semisimple-ring::반단순,ko,Korean addendum,semisimple,반단순,Hangul with possible Hanja,fallback-source-body-term-attestation-not-row-draft,ko-wiki-backfill-semisimple-ring 반단순환 rev 39375212 count 24; native-source-bodies/ko/wiki-bodies/backfill-20260705/ko-wiki-backfill-semisimple-ring_반단순환_raw_wikitext_20260705.txt,Korean source-body term observation only; do not insert into Noether corpus prose without a row-level Korean queue and source-context check.,literal substring count over saved Korean wikitext; no morphological disambiguation; no source snippets copied,UTF-8 Hangul/Hanja fallback source term; keep outside TeX math; verify Korean font path before any generated draft use.,generated-draft/non-canonical/not native reviewed/not approved/not accepted terminology/not gate-promoted/not complete
cjklex-0006,ko-source-attestation::ko-wiki-backfill-decomposition-algebra::반단순,ko,Korean addendum,semisimple,반단순,Hangul with possible Hanja,fallback-source-body-term-attestation-not-row-draft,ko-wiki-backfill-decomposition-algebra 분해 (대수학) rev 39792326 count 2; native-source-bodies/ko/wiki-bodies/backfill-20260705/ko-wiki-backfill-decomposition-algebra_분해_대수학_raw_wikitext_20260705.txt,Korean source-body term observation only; do not insert into Noether corpus prose without a row-level Korean queue and source-context check.,literal substring count over saved Korean wikitext; no morphological disambiguation; no source snippets copied,UTF-8 Hangul/Hanja fallback source term; keep outside TeX math; verify Korean font path before any generated draft use.,generated-draft/non-canonical/not native reviewed/not approved/not accepted terminology/not gate-promoted/not complete
cjklex-0006,ko-source-attestation::ko-wiki-backfill-su2-representation::반단순,ko,Korean addendum,semisimple,반단순,Hangul with possible Hanja,fallback-source-body-term-attestation-not-row-draft,ko-wiki-backfill-su2-representation SU(2)의 표현론 rev 39766810 count 3; native-source-bodies/ko/wiki-bodies/backfill-20260705/ko-wiki-backfill-su2-representation_SU_2_의_표현론_raw_wikitext_20260705.txt,Korean source-body term observation only; do not insert into Noether corpus prose without a row-level Korean queue and source-context check.,literal substring count over saved Korean wikitext; no morphological disambiguation; no source snippets copied,UTF-8 Hangul/Hanja fallback source term; keep outside TeX math; verify Korean font path before any generated draft use.,generated-draft/non-canonical/not native reviewed/not approved/not accepted terminology/not gate-promoted/not complete
cjklex-0006,ko-source-attestation::ko-wiki-backfill-reductive-lie-algebra::반단순,ko,Korean addendum,semisimple,반단순,Hangul with possible Hanja,fallback-source-body-term-attestation-not-row-draft,ko-wiki-backfill-reductive-lie-algebra 가약 리 대수 rev 39482473 count 1; native-source-bodies/ko/wiki-bodies/backfill-20260705/ko-wiki-backfill-reductive-lie-algebra_가약_리_대수_raw_wikitext_20260705.txt,Korean source-body term observation only; do not insert into Noether corpus prose without a row-level Korean queue and source-context check.,literal substring count over saved Korean wikitext; no morphological disambiguation; no source snippets copied,UTF-8 Hangul/Hanja fallback source term; keep outside TeX math; verify Korean font path before any generated draft use.,generated-draft/non-canonical/not native reviewed/not approved/not accepted terminology/not gate-promoted/not complete
cjklex-0007,term-ja-0028,ja,Japanese,completely reducible,完全可約,Japanese kana+kanji,source-canon-sufficient-for-scoped-draft,ja-src-001 Matsumura commutative-ring TeX source | ja-pdf-002 Ando algebra lecture-note PDF set | ja-pdf-003 Nagai invariant-theory PDF witness | ja-pdf-004 Ryoya Ando commutative-algebra PDF witness | CJK-native source-support/codepoint ledgers,"Formula-neighboring note: preserve source TeX/math notation and do not upgrade the draft term beyond the cited source context. Use UTF-8 and a CJK-capable TeX/PDF path. Do not split the target term across inline math; check punctuation, CJK/Latin spacing, and line breaks around formulas.",,"Use UTF-8 and a CJK-capable TeX/PDF path. Do not split the target term across inline math; check punctuation, CJK/Latin spacing, and line breaks around formulas.",generated-draft/non-canonical/not native reviewed/not approved/not accepted terminology/not gate-promoted/not complete
cjklex-0007,term-zh-hans-0024,zh-Hans,Simplified Chinese,completely reducible,完全可约,Simplified Han,source-canon-sufficient-for-scoped-draft,zh-Hans-src-001 AlJabr-1 TeX source repository | zh-Hans-src-002 AlJabr-2 TeX source repository | CJK-native source-support/codepoint ledgers,"Formula-neighboring note: preserve source TeX/math notation and do not upgrade the draft term beyond the cited source context. Use UTF-8 and a CJK-capable TeX/PDF path. Do not split the target term across inline math; check punctuation, CJK/Latin spacing, and line breaks around formulas.",,"Use UTF-8 and a CJK-capable TeX/PDF path. Do not split the target term across inline math; check punctuation, CJK/Latin spacing, and line breaks around formulas.",generated-draft/non-canonical/not native reviewed/not approved/not accepted terminology/not gate-promoted/not complete
cjklex-0007,ko-source-attestation::ko-wiki-backfill-reductive-lie-algebra::완전 가약,ko,Korean addendum,completely reducible,완전 가약,Hangul with possible Hanja,fallback-source-body-term-attestation-not-row-draft,ko-wiki-backfill-reductive-lie-algebra 가약 리 대수 rev 39482473 count 5; native-source-bodies/ko/wiki-bodies/backfill-20260705/ko-wiki-backfill-reductive-lie-algebra_가약_리_대수_raw_wikitext_20260705.txt,Korean source-body term observation only; do not insert into Noether corpus prose without a row-level Korean queue and source-context check.,literal substring count over saved Korean wikitext; no morphological disambiguation; no source snippets copied,UTF-8 Hangul/Hanja fallback source term; keep outside TeX math; verify Korean font path before any generated draft use.,generated-draft/non-canonical/not native reviewed/not approved/not accepted terminology/not gate-promoted/not complete
cjklex-0008,term-ja-0029,ja,Japanese,character,指標,Japanese kana+kanji,source-canon-sufficient-for-scoped-draft,ja-src-001 Matsumura commutative-ring TeX source | ja-pdf-002 Ando algebra lecture-note PDF set | ja-pdf-003 Nagai invariant-theory PDF witness | ja-pdf-004 Ryoya Ando commutative-algebra PDF witness | CJK-native source-support/codepoint ledgers,"Formula-neighboring note: preserve source TeX/math notation and do not upgrade the draft term beyond the cited source context. Use UTF-8 and a CJK-capable TeX/PDF path. Do not split the target term across inline math; check punctuation, CJK/Latin spacing, and line breaks around formulas.",,"Use UTF-8 and a CJK-capable TeX/PDF path. Do not split the target term across inline math; check punctuation, CJK/Latin spacing, and line breaks around formulas.",generated-draft/non-canonical/not native reviewed/not approved/not accepted terminology/not gate-promoted/not complete
cjklex-0008,term-zh-hans-0025,zh-Hans,Simplified Chinese,character,特征标,Simplified Han,source-canon-sufficient-for-scoped-draft,zh-Hans-src-001 AlJabr-1 TeX source repository | zh-Hans-src-002 AlJabr-2 TeX source repository | CJK-native source-support/codepoint ledgers,"Formula-neighboring note: preserve source TeX/math notation and do not upgrade the draft term beyond the cited source context. Use UTF-8 and a CJK-capable TeX/PDF path. Do not split the target term across inline math; check punctuation, CJK/Latin spacing, and line breaks around formulas.",character in other contexts may require 特征,"Use UTF-8 and a CJK-capable TeX/PDF path. Do not split the target term across inline math; check punctuation, CJK/Latin spacing, and line breaks around formulas.",generated-draft/non-canonical/not native reviewed/not approved/not accepted terminology/not gate-promoted/not complete
cjklex-0008,ko-source-attestation::ko-wiki-linear-algebra::지표,ko,Korean addendum,character,지표,Hangul with possible Hanja,fallback-source-body-term-attestation-not-row-draft,ko-wiki-linear-algebra 선형대수학 rev 41811221 count 2; native-source-bodies/ko/wiki-bodies/ko-wiki-linear-algebra_선형대수학_wikitext_20260705.txt,Korean source-body term observation only; do not insert into Noether corpus prose without a row-level Korean queue and source-context check.,literal substring count over saved Korean wikitext; no morphological disambiguation; no source snippets copied,UTF-8 Hangul/Hanja fallback source term; keep outside TeX math; verify Korean font path before any generated draft use.,generated-draft/non-canonical/not native reviewed/not approved/not accepted terminology/not gate-promoted/not complete
cjklex-0008,ko-source-attestation::ko-wiki-backfill-irreducible-representation::지표,ko,Korean addendum,character,지표,Hangul with possible Hanja,fallback-source-body-term-attestation-not-row-draft,ko-wiki-backfill-irreducible-representation 기약표현 rev 41663389 count 2; native-source-bodies/ko/wiki-bodies/backfill-20260705/ko-wiki-backfill-irreducible-representation_기약표현_raw_wikitext_20260705.txt,Korean source-body term observation only; do not insert into Noether corpus prose without a row-level Korean queue and source-context check.,literal substring count over saved Korean wikitext; no morphological disambiguation; no source snippets copied,UTF-8 Hangul/Hanja fallback source term; keep outside TeX math; verify Korean font path before any generated draft use.,generated-draft/non-canonical/not native reviewed/not approved/not accepted terminology/not gate-promoted/not complete
cjklex-0008,ko-source-attestation::ko-wiki-backfill-su2-representation::지표,ko,Korean addendum,character,지표,Hangul with possible Hanja,fallback-source-body-term-attestation-not-row-draft,ko-wiki-backfill-su2-representation SU(2)의 표현론 rev 39766810 count 2; native-source-bodies/ko/wiki-bodies/backfill-20260705/ko-wiki-backfill-su2-representation_SU_2_의_표현론_raw_wikitext_20260705.txt,Korean source-body term observation only; do not insert into Noether corpus prose without a row-level Korean queue and source-context check.,literal substring count over saved Korean wikitext; no morphological disambiguation; no source snippets copied,UTF-8 Hangul/Hanja fallback source term; keep outside TeX math; verify Korean font path before any generated draft use.,generated-draft/non-canonical/not native reviewed/not approved/not accepted terminology/not gate-promoted/not complete
cjklex-0008,ko-source-attestation::ko-wiki-backfill-algebraic-number-field::지표,ko,Korean addendum,character,지표,Hangul with possible Hanja,fallback-source-body-term-attestation-not-row-draft,ko-wiki-backfill-algebraic-number-field 대수적 수체 rev 41743364 count 1; native-source-bodies/ko/wiki-bodies/backfill-20260705/ko-wiki-backfill-algebraic-number-field_대수적_수체_raw_wikitext_20260705.txt,Korean source-body term observation only; do not insert into Noether corpus prose without a row-level Korean queue and source-context check.,literal substring count over saved Korean wikitext; no morphological disambiguation; no source snippets copied,UTF-8 Hangul/Hanja fallback source term; keep outside TeX math; verify Korean font path before any generated draft use.,generated-draft/non-canonical/not native reviewed/not approved/not accepted terminology/not gate-promoted/not complete
cjklex-0009,term-ja-0030,ja,Japanese,irreducible representation,既約表現,Japanese kana+kanji,source-canon-sufficient-for-scoped-draft,ja-src-001 Matsumura commutative-ring TeX source | ja-pdf-002 Ando algebra lecture-note PDF set | ja-pdf-003 Nagai invariant-theory PDF witness | ja-pdf-004 Ryoya Ando commutative-algebra PDF witness | CJK-native source-support/codepoint ledgers,"Formula-neighboring note: preserve source TeX/math notation and do not upgrade the draft term beyond the cited source context. Use UTF-8 and a CJK-capable TeX/PDF path. Do not split the target term across inline math; check punctuation, CJK/Latin spacing, and line breaks around formulas.",,"Use UTF-8 and a CJK-capable TeX/PDF path. Do not split the target term across inline math; check punctuation, CJK/Latin spacing, and line breaks around formulas.",generated-draft/non-canonical/not native reviewed/not approved/not accepted terminology/not gate-promoted/not complete
cjklex-0009,term-zh-hans-0022,zh-Hans,Simplified Chinese,irreducible representation,不可约表示,Simplified Han,source-canon-sufficient-for-scoped-draft,zh-Hans-src-001 AlJabr-1 TeX source repository | zh-Hans-src-002 AlJabr-2 TeX source repository | CJK-native source-support/codepoint ledgers,"Formula-neighboring note: preserve source TeX/math notation and do not upgrade the draft term beyond the cited source context. Use UTF-8 and a CJK-capable TeX/PDF path. Do not split the target term across inline math; check punctuation, CJK/Latin spacing, and line breaks around formulas.",,"Use UTF-8 and a CJK-capable TeX/PDF path. Do not split the target term across inline math; check punctuation, CJK/Latin spacing, and line breaks around formulas.",generated-draft/non-canonical/not native reviewed/not approved/not accepted terminology/not gate-promoted/not complete
cjklex-0009,ko-source-attestation::ko-wiki-backfill-irreducible-representation::기약 표현,ko,Korean addendum,irreducible representation,기약 표현,Hangul with possible Hanja,fallback-source-body-term-attestation-not-row-draft,ko-wiki-backfill-irreducible-representation 기약표현 rev 41663389 count 18; native-source-bodies/ko/wiki-bodies/backfill-20260705/ko-wiki-backfill-irreducible-representation_기약표현_raw_wikitext_20260705.txt,Korean source-body term observation only; do not insert into Noether corpus prose without a row-level Korean queue and source-context check.,literal substring count over saved Korean wikitext; no morphological disambiguation; no source snippets copied,UTF-8 Hangul/Hanja fallback source term; keep outside TeX math; verify Korean font path before any generated draft use.,generated-draft/non-canonical/not native reviewed/not approved/not accepted terminology/not gate-promoted/not complete
cjklex-0009,ko-source-attestation::ko-wiki-backfill-su2-representation::기약 표현,ko,Korean addendum,irreducible representation,기약 표현,Hangul with possible Hanja,fallback-source-body-term-attestation-not-row-draft,ko-wiki-backfill-su2-representation SU(2)의 표현론 rev 39766810 count 9; native-source-bodies/ko/wiki-bodies/backfill-20260705/ko-wiki-backfill-su2-representation_SU_2_의_표현론_raw_wikitext_20260705.txt,Korean source-body term observation only; do not insert into Noether corpus prose without a row-level Korean queue and source-context check.,literal substring count over saved Korean wikitext; no morphological disambiguation; no source snippets copied,UTF-8 Hangul/Hanja fallback source term; keep outside TeX math; verify Korean font path before any generated draft use.,generated-draft/non-canonical/not native reviewed/not approved/not accepted terminology/not gate-promoted/not complete
cjklex-0009,ko-source-attestation::ko-wiki-backfill-reductive-lie-algebra::기약 표현,ko,Korean addendum,irreducible representation,기약 표현,Hangul with possible Hanja,fallback-source-body-term-attestation-not-row-draft,ko-wiki-backfill-reductive-lie-algebra 가약 리 대수 rev 39482473 count 1; native-source-bodies/ko/wiki-bodies/backfill-20260705/ko-wiki-backfill-reductive-lie-algebra_가약_리_대수_raw_wikitext_20260705.txt,Korean source-body term observation only; do not insert into Noether corpus prose without a row-level Korean queue and source-context check.,literal substring count over saved Korean wikitext; no morphological disambiguation; no source snippets copied,UTF-8 Hangul/Hanja fallback source term; keep outside TeX math; verify Korean font path before any generated draft use.,generated-draft/non-canonical/not native reviewed/not approved/not accepted terminology/not gate-promoted/not complete
cjklex-0009,ko-source-attestation::ko-wiki-backfill-su2-representation::기약표현,ko,Korean addendum,irreducible representation,기약표현,Hangul with possible Hanja,fallback-source-body-term-attestation-not-row-draft,ko-wiki-backfill-su2-representation SU(2)의 표현론 rev 39766810 count 1; native-source-bodies/ko/wiki-bodies/backfill-20260705/ko-wiki-backfill-su2-representation_SU_2_의_표현론_raw_wikitext_20260705.txt,Korean source-body term observation only; do not insert into Noether corpus prose without a row-level Korean queue and source-context check.,literal substring count over saved Korean wikitext; no morphological disambiguation; no source snippets copied,UTF-8 Hangul/Hanja fallback source term; keep outside TeX math; verify Korean font path before any generated draft use.,generated-draft/non-canonical/not native reviewed/not approved/not accepted terminology/not gate-promoted/not complete
cjklex-0010,term-ja-0031,ja,Japanese,group ring/group algebra,群環／群代数,Japanese kana+kanji,source-canon-sufficient-for-scoped-draft,ja-src-001 Matsumura commutative-ring TeX source | ja-pdf-002 Ando algebra lecture-note PDF set | ja-pdf-003 Nagai invariant-theory PDF witness | ja-pdf-004 Ryoya Ando commutative-algebra PDF witness | CJK-native source-support/codepoint ledgers,"Use near formulas only with the exact source anchor already present in the row packet; keep TeX variables, ideals/modules/rings, and arrows/macros unchanged. Use UTF-8 and a CJK-capable TeX/PDF path. Do not split the target term across inline math; check punctuation, CJK/Latin spacing, and line breaks around formulas.",use 群環 for group ring; 群代数 for group algebra,"Use UTF-8 and a CJK-capable TeX/PDF path. Do not split the target term across inline math; check punctuation, CJK/Latin spacing, and line breaks around formulas.",generated-draft/non-canonical/not native reviewed/not approved/not accepted terminology/not gate-promoted/not complete
cjklex-0010,ko-source-attestation::ko-wiki-ring-theory::군환,ko,Korean addendum,group ring/group algebra,군환,Hangul with possible Hanja,fallback-source-body-term-attestation-not-row-draft,ko-wiki-ring-theory 환론 rev 39056267 count 1; native-source-bodies/ko/wiki-bodies/ko-wiki-ring-theory_환론_wikitext_20260705.txt,Korean source-body term observation only; do not insert into Noether corpus prose without a row-level Korean queue and source-context check.,literal substring count over saved Korean wikitext; no morphological disambiguation; no source snippets copied,UTF-8 Hangul/Hanja fallback source term; keep outside TeX math; verify Korean font path before any generated draft use.,generated-draft/non-canonical/not native reviewed/not approved/not accepted terminology/not gate-promoted/not complete
cjklex-0010,ko-source-attestation::ko-wiki-module::군환,ko,Korean addendum,group ring/group algebra,군환,Hangul with possible Hanja,fallback-source-body-term-attestation-not-row-draft,ko-wiki-module 가군 rev 41652760 count 1; native-source-bodies/ko/wiki-bodies/ko-wiki-module_가군_wikitext_20260705.txt,Korean source-body term observation only; do not insert into Noether corpus prose without a row-level Korean queue and source-context check.,literal substring count over saved Korean wikitext; no morphological disambiguation; no source snippets copied,UTF-8 Hangul/Hanja fallback source term; keep outside TeX math; verify Korean font path before any generated draft use.,generated-draft/non-canonical/not native reviewed/not approved/not accepted terminology/not gate-promoted/not complete
cjklex-0010,ko-source-attestation::ko-wiki-backfill-semisimple-ring::군환,ko,Korean addendum,group ring/group algebra,군환,Hangul with possible Hanja,fallback-source-body-term-attestation-not-row-draft,ko-wiki-backfill-semisimple-ring 반단순환 rev 39375212 count 2; native-source-bodies/ko/wiki-bodies/backfill-20260705/ko-wiki-backfill-semisimple-ring_반단순환_raw_wikitext_20260705.txt,Korean source-body term observation only; do not insert into Noether corpus prose without a row-level Korean queue and source-context check.,literal substring count over saved Korean wikitext; no morphological disambiguation; no source snippets copied,UTF-8 Hangul/Hanja fallback source term; keep outside TeX math; verify Korean font path before any generated draft use.,generated-draft/non-canonical/not native reviewed/not approved/not accepted terminology/not gate-promoted/not complete
cjklex-0010,ko-source-attestation::ko-wiki-backfill-hopf-algebra::군환,ko,Korean addendum,group ring/group algebra,군환,Hangul with possible Hanja,fallback-source-body-term-attestation-not-row-draft,ko-wiki-backfill-hopf-algebra 호프 대수 rev 41657185 count 1; native-source-bodies/ko/wiki-bodies/backfill-20260705/ko-wiki-backfill-hopf-algebra_호프_대수_raw_wikitext_20260705.txt,Korean source-body term observation only; do not insert into Noether corpus prose without a row-level Korean queue and source-context check.,literal substring count over saved Korean wikitext; no morphological disambiguation; no source snippets copied,UTF-8 Hangul/Hanja fallback source term; keep outside TeX math; verify Korean font path before any generated draft use.,generated-draft/non-canonical/not native reviewed/not approved/not accepted terminology/not gate-promoted/not complete
cjklex-0010,ko-source-attestation::ko-wiki-backfill-decomposition-algebra::군환,ko,Korean addendum,group ring/group algebra,군환,Hangul with possible Hanja,fallback-source-body-term-attestation-not-row-draft,ko-wiki-backfill-decomposition-algebra 분해 (대수학) rev 39792326 count 1; native-source-bodies/ko/wiki-bodies/backfill-20260705/ko-wiki-backfill-decomposition-algebra_분해_대수학_raw_wikitext_20260705.txt,Korean source-body term observation only; do not insert into Noether corpus prose without a row-level Korean queue and source-context check.,literal substring count over saved Korean wikitext; no morphological disambiguation; no source snippets copied,UTF-8 Hangul/Hanja fallback source term; keep outside TeX math; verify Korean font path before any generated draft use.,generated-draft/non-canonical/not native reviewed/not approved/not accepted terminology/not gate-promoted/not complete
cjklex-0010,ko-source-attestation::ko-wiki-backfill-noetherian-ring::군환,ko,Korean addendum,group ring/group algebra,군환,Hangul with possible Hanja,fallback-source-body-term-attestation-not-row-draft,ko-wiki-backfill-noetherian-ring 뇌터 환 rev 39051386 count 6; native-source-bodies/ko/wiki-bodies/backfill-20260705/ko-wiki-backfill-noetherian-ring_뇌터_환_raw_wikitext_20260705.txt,Korean source-body term observation only; do not insert into Noether corpus prose without a row-level Korean queue and source-context check.,literal substring count over saved Korean wikitext; no morphological disambiguation; no source snippets copied,UTF-8 Hangul/Hanja fallback source term; keep outside TeX math; verify Korean font path before any generated draft use.,generated-draft/non-canonical/not native reviewed/not approved/not accepted terminology/not gate-promoted/not complete
cjklex-0010,ko-source-attestation::ko-wiki-backfill-hopf-algebra::군대수,ko,Korean addendum,group ring/group algebra,군대수,Hangul with possible Hanja,fallback-source-body-term-attestation-not-row-draft,ko-wiki-backfill-hopf-algebra 호프 대수 rev 41657185 count 1; native-source-bodies/ko/wiki-bodies/backfill-20260705/ko-wiki-backfill-hopf-algebra_호프_대수_raw_wikitext_20260705.txt,Korean source-body term observation only; do not insert into Noether corpus prose without a row-level Korean queue and source-context check.,literal substring count over saved Korean wikitext; no morphological disambiguation; no source snippets copied,UTF-8 Hangul/Hanja fallback source term; keep outside TeX math; verify Korean font path before any generated draft use.,generated-draft/non-canonical/not native reviewed/not approved/not accepted terminology/not gate-promoted/not complete
cjklex-0011,term-ja-0032,ja,Japanese,representation,表現,Japanese kana+kanji,source-canon-sufficient-for-scoped-draft,ja-src-001 Matsumura commutative-ring TeX source | ja-pdf-002 Ando algebra lecture-note PDF set | ja-pdf-003 Nagai invariant-theory PDF witness | ja-pdf-004 Ryoya Ando commutative-algebra PDF witness | CJK-native source-support/codepoint ledgers,"Formula-neighboring note: preserve source TeX/math notation and do not upgrade the draft term beyond the cited source context. Use UTF-8 and a CJK-capable TeX/PDF path. Do not split the target term across inline math; check punctuation, CJK/Latin spacing, and line breaks around formulas.",,"Use UTF-8 and a CJK-capable TeX/PDF path. Do not split the target term across inline math; check punctuation, CJK/Latin spacing, and line breaks around formulas.",generated-draft/non-canonical/not native reviewed/not approved/not accepted terminology/not gate-promoted/not complete
cjklex-0011,term-zh-hans-0027,zh-Hans,Simplified Chinese,representation,表示,Simplified Han,source-canon-sufficient-for-scoped-draft,zh-Hans-src-001 AlJabr-1 TeX source repository | zh-Hans-src-002 AlJabr-2 TeX source repository | CJK-native source-support/codepoint ledgers,"Formula-neighboring note: preserve source TeX/math notation and do not upgrade the draft term beyond the cited source context. Use UTF-8 and a CJK-capable TeX/PDF path. Do not split the target term across inline math; check punctuation, CJK/Latin spacing, and line breaks around formulas.",,"Use UTF-8 and a CJK-capable TeX/PDF path. Do not split the target term across inline math; check punctuation, CJK/Latin spacing, and line breaks around formulas.",generated-draft/non-canonical/not native reviewed/not approved/not accepted terminology/not gate-promoted/not complete
cjklex-0011,ko-source-attestation::ko-wiki-abstract-algebra::표현,ko,Korean addendum,representation,표현,Hangul with possible Hanja,fallback-source-body-term-attestation-not-row-draft,ko-wiki-abstract-algebra 추상대수학 rev 41744985 count 2; native-source-bodies/ko/wiki-bodies/ko-wiki-abstract-algebra_추상대수학_wikitext_20260705.txt,Korean source-body term observation only; do not insert into Noether corpus prose without a row-level Korean queue and source-context check.,literal substring count over saved Korean wikitext; no morphological disambiguation; no source snippets copied,UTF-8 Hangul/Hanja fallback source term; keep outside TeX math; verify Korean font path before any generated draft use.,generated-draft/non-canonical/not native reviewed/not approved/not accepted terminology/not gate-promoted/not complete
cjklex-0011,ko-source-attestation::ko-wiki-algebra::표현,ko,Korean addendum,representation,표현,Hangul with possible Hanja,fallback-source-body-term-attestation-not-row-draft,ko-wiki-algebra 대수학 rev 41960238 count 5; native-source-bodies/ko/wiki-bodies/ko-wiki-algebra_대수학_wikitext_20260705.txt,Korean source-body term observation only; do not insert into Noether corpus prose without a row-level Korean queue and source-context check.,literal substring count over saved Korean wikitext; no morphological disambiguation; no source snippets copied,UTF-8 Hangul/Hanja fallback source term; keep outside TeX math; verify Korean font path before any generated draft use.,generated-draft/non-canonical/not native reviewed/not approved/not accepted terminology/not gate-promoted/not complete
cjklex-0011,ko-source-attestation::ko-wiki-ring-theory::표현,ko,Korean addendum,representation,표현,Hangul with possible Hanja,fallback-source-body-term-attestation-not-row-draft,ko-wiki-ring-theory 환론 rev 39056267 count 1; native-source-bodies/ko/wiki-bodies/ko-wiki-ring-theory_환론_wikitext_20260705.txt,Korean source-body term observation only; do not insert into Noether corpus prose without a row-level Korean queue and source-context check.,literal substring count over saved Korean wikitext; no morphological disambiguation; no source snippets copied,UTF-8 Hangul/Hanja fallback source term; keep outside TeX math; verify Korean font path before any generated draft use.,generated-draft/non-canonical/not native reviewed/not approved/not accepted terminology/not gate-promoted/not complete
cjklex-0011,ko-source-attestation::ko-wiki-module::표현,ko,Korean addendum,representation,표현,Hangul with possible Hanja,fallback-source-body-term-attestation-not-row-draft,ko-wiki-module 가군 rev 41652760 count 2; native-source-bodies/ko/wiki-bodies/ko-wiki-module_가군_wikitext_20260705.txt,Korean source-body term observation only; do not insert into Noether corpus prose without a row-level Korean queue and source-context check.,literal substring count over saved Korean wikitext; no morphological disambiguation; no source snippets copied,UTF-8 Hangul/Hanja fallback source term; keep outside TeX math; verify Korean font path before any generated draft use.,generated-draft/non-canonical/not native reviewed/not approved/not accepted terminology/not gate-promoted/not complete
cjklex-0011,ko-source-attestation::ko-wiki-group-theory::표현,ko,Korean addendum,representation,표현,Hangul with possible Hanja,fallback-source-body-term-attestation-not-row-draft,ko-wiki-group-theory 군론 rev 41776557 count 6; native-source-bodies/ko/wiki-bodies/ko-wiki-group-theory_군론_wikitext_20260705.txt,Korean source-body term observation only; do not insert into Noether corpus prose without a row-level Korean queue and source-context check.,literal substring count over saved Korean wikitext; no morphological disambiguation; no source snippets copied,UTF-8 Hangul/Hanja fallback source term; keep outside TeX math; verify Korean font path before any generated draft use.,generated-draft/non-canonical/not native reviewed/not approved/not accepted terminology/not gate-promoted/not complete
cjklex-0011,ko-source-attestation::ko-wiki-ideal::표현,ko,Korean addendum,representation,표현,Hangul with possible Hanja,fallback-source-body-term-attestation-not-row-draft,ko-wiki-ideal 아이디얼 rev 39160743 count 1; native-source-bodies/ko/wiki-bodies/ko-wiki-ideal_아이디얼_wikitext_20260705.txt,Korean source-body term observation only; do not insert into Noether corpus prose without a row-level Korean queue and source-context check.,literal substring count over saved Korean wikitext; no morphological disambiguation; no source snippets copied,UTF-8 Hangul/Hanja fallback source term; keep outside TeX math; verify Korean font path before any generated draft use.,generated-draft/non-canonical/not native reviewed/not approved/not accepted terminology/not gate-promoted/not complete
cjklex-0011,ko-source-attestation::ko-wiki-commutative-algebra::표현,ko,Korean addendum,representation,표현,Hangul with possible Hanja,fallback-source-body-term-attestation-not-row-draft,ko-wiki-commutative-algebra 가환대수학 rev 41811027 count 2; native-source-bodies/ko/wiki-bodies/ko-wiki-commutative-algebra_가환대수학_wikitext_20260705.txt,Korean source-body term observation only; do not insert into Noether corpus prose without a row-level Korean queue and source-context check.,literal substring count over saved Korean wikitext; no morphological disambiguation; no source snippets copied,UTF-8 Hangul/Hanja fallback source term; keep outside TeX math; verify Korean font path before any generated draft use.,generated-draft/non-canonical/not native reviewed/not approved/not accepted terminology/not gate-promoted/not complete
cjklex-0011,ko-source-attestation::ko-wiki-linear-algebra::표현,ko,Korean addendum,representation,표현,Hangul with possible Hanja,fallback-source-body-term-attestation-not-row-draft,ko-wiki-linear-algebra 선형대수학 rev 41811221 count 68; native-source-bodies/ko/wiki-bodies/ko-wiki-linear-algebra_선형대수학_wikitext_20260705.txt,Korean source-body term observation only; do not insert into Noether corpus prose without a row-level Korean queue and source-context check.,literal substring count over saved Korean wikitext; no morphological disambiguation; no source snippets copied,UTF-8 Hangul/Hanja fallback source term; keep outside TeX math; verify Korean font path before any generated draft use.,generated-draft/non-canonical/not native reviewed/not approved/not accepted terminology/not gate-promoted/not complete
cjklex-0011,ko-source-attestation::ko-wiki-backfill-irreducible-representation::표현,ko,Korean addendum,representation,표현,Hangul with possible Hanja,fallback-source-body-term-attestation-not-row-draft,ko-wiki-backfill-irreducible-representation 기약표현 rev 41663389 count 96; native-source-bodies/ko/wiki-bodies/backfill-20260705/ko-wiki-backfill-irreducible-representation_기약표현_raw_wikitext_20260705.txt,Korean source-body term observation only; do not insert into Noether corpus prose without a row-level Korean queue and source-context check.,literal substring count over saved Korean wikitext; no morphological disambiguation; no source snippets copied,UTF-8 Hangul/Hanja fallback source term; keep outside TeX math; verify Korean font path before any generated draft use.,generated-draft/non-canonical/not native reviewed/not approved/not accepted terminology/not gate-promoted/not complete
cjklex-0011,ko-source-attestation::ko-wiki-backfill-decomposition-algebra::표현,ko,Korean addendum,representation,표현,Hangul with possible Hanja,fallback-source-body-term-attestation-not-row-draft,ko-wiki-backfill-decomposition-algebra 분해 (대수학) rev 39792326 count 1; native-source-bodies/ko/wiki-bodies/backfill-20260705/ko-wiki-backfill-decomposition-algebra_분해_대수학_raw_wikitext_20260705.txt,Korean source-body term observation only; do not insert into Noether corpus prose without a row-level Korean queue and source-context check.,literal substring count over saved Korean wikitext; no morphological disambiguation; no source snippets copied,UTF-8 Hangul/Hanja fallback source term; keep outside TeX math; verify Korean font path before any generated draft use.,generated-draft/non-canonical/not native reviewed/not approved/not accepted terminology/not gate-promoted/not complete
cjklex-0011,ko-source-attestation::ko-wiki-backfill-su2-representation::표현,ko,Korean addendum,representation,표현,Hangul with possible Hanja,fallback-source-body-term-attestation-not-row-draft,ko-wiki-backfill-su2-representation SU(2)의 표현론 rev 39766810 count 74; native-source-bodies/ko/wiki-bodies/backfill-20260705/ko-wiki-backfill-su2-representation_SU_2_의_표현론_raw_wikitext_20260705.txt,Korean source-body term observation only; do not insert into Noether corpus prose without a row-level Korean queue and source-context check.,literal substring count over saved Korean wikitext; no morphological disambiguation; no source snippets copied,UTF-8 Hangul/Hanja fallback source term; keep outside TeX math; verify Korean font path before any generated draft use.,generated-draft/non-canonical/not native reviewed/not approved/not accepted terminology/not gate-promoted/not complete
cjklex-0011,ko-source-attestation::ko-wiki-backfill-localization::표현,ko,Korean addendum,representation,표현,Hangul with possible Hanja,fallback-source-body-term-attestation-not-row-draft,ko-wiki-backfill-localization 국소화 (환론) rev 41904060 count 2; native-source-bodies/ko/wiki-bodies/backfill-20260705/ko-wiki-backfill-localization_국소화_환론_raw_wikitext_20260705.txt,Korean source-body term observation only; do not insert into Noether corpus prose without a row-level Korean queue and source-context check.,literal substring count over saved Korean wikitext; no morphological disambiguation; no source snippets copied,UTF-8 Hangul/Hanja fallback source term; keep outside TeX math; verify Korean font path before any generated draft use.,generated-draft/non-canonical/not native reviewed/not approved/not accepted terminology/not gate-promoted/not complete
cjklex-0011,ko-source-attestation::ko-wiki-backfill-galois-cohomology::표현,ko,Korean addendum,representation,표현,Hangul with possible Hanja,fallback-source-body-term-attestation-not-row-draft,ko-wiki-backfill-galois-cohomology 갈루아 코호몰로지 rev 39593007 count 2; native-source-bodies/ko/wiki-bodies/backfill-20260705/ko-wiki-backfill-galois-cohomology_갈루아_코호몰로지_raw_wikitext_20260705.txt,Korean source-body term observation only; do not insert into Noether corpus prose without a row-level Korean queue and source-context check.,literal substring count over saved Korean wikitext; no morphological disambiguation; no source snippets copied,UTF-8 Hangul/Hanja fallback source term; keep outside TeX math; verify Korean font path before any generated draft use.,generated-draft/non-canonical/not native reviewed/not approved/not accepted terminology/not gate-promoted/not complete
cjklex-0011,ko-source-attestation::ko-wiki-backfill-reductive-lie-algebra::표현,ko,Korean addendum,representation,표현,Hangul with possible Hanja,fallback-source-body-term-attestation-not-row-draft,ko-wiki-backfill-reductive-lie-algebra 가약 리 대수 rev 39482473 count 11; native-source-bodies/ko/wiki-bodies/backfill-20260705/ko-wiki-backfill-reductive-lie-algebra_가약_리_대수_raw_wikitext_20260705.txt,Korean source-body term observation only; do not insert into Noether corpus prose without a row-level Korean queue and source-context check.,literal substring count over saved Korean wikitext; no morphological disambiguation; no source snippets copied,UTF-8 Hangul/Hanja fallback source term; keep outside TeX math; verify Korean font path before any generated draft use.,generated-draft/non-canonical/not native reviewed/not approved/not accepted terminology/not gate-promoted/not complete
cjklex-0011,ko-source-attestation::ko-wiki-backfill-quiver-representation::표현,ko,Korean addendum,representation,표현,Hangul with possible Hanja,fallback-source-body-term-attestation-not-row-draft,ko-wiki-backfill-quiver-representation 화살집 표현 rev 39479528 count 29; native-source-bodies/ko/wiki-bodies/backfill-20260705/ko-wiki-backfill-quiver-representation_화살집_표현_raw_wikitext_20260705.txt,Korean source-body term observation only; do not insert into Noether corpus prose without a row-level Korean queue and source-context check.,literal substring count over saved Korean wikitext; no morphological disambiguation; no source snippets copied,UTF-8 Hangul/Hanja fallback source term; keep outside TeX math; verify Korean font path before any generated draft use.,generated-draft/non-canonical/not native reviewed/not approved/not accepted terminology/not gate-promoted/not complete
cjklex-0011,ko-source-attestation::ko-wiki-backfill-algebraic-number-field::표현,ko,Korean addendum,representation,표현,Hangul with possible Hanja,fallback-source-body-term-attestation-not-row-draft,ko-wiki-backfill-algebraic-number-field 대수적 수체 rev 41743364 count 2; native-source-bodies/ko/wiki-bodies/backfill-20260705/ko-wiki-backfill-algebraic-number-field_대수적_수체_raw_wikitext_20260705.txt,Korean source-body term observation only; do not insert into Noether corpus prose without a row-level Korean queue and source-context check.,literal substring count over saved Korean wikitext; no morphological disambiguation; no source snippets copied,UTF-8 Hangul/Hanja fallback source term; keep outside TeX math; verify Korean font path before any generated draft use.,generated-draft/non-canonical/not native reviewed/not approved/not accepted terminology/not gate-promoted/not complete
cjklex-0012,term-ja-0033,ja,Japanese,representation theory,表現論,Japanese kana+kanji,source-canon-sufficient-for-scoped-draft,ja-src-001 Matsumura commutative-ring TeX source | ja-pdf-002 Ando algebra lecture-note PDF set | ja-pdf-003 Nagai invariant-theory PDF witness | ja-pdf-004 Ryoya Ando commutative-algebra PDF witness | CJK-native source-support/codepoint ledgers,"Formula-neighboring note: preserve source TeX/math notation and do not upgrade the draft term beyond the cited source context. Use UTF-8 and a CJK-capable TeX/PDF path. Do not split the target term across inline math; check punctuation, CJK/Latin spacing, and line breaks around formulas.",,"Use UTF-8 and a CJK-capable TeX/PDF path. Do not split the target term across inline math; check punctuation, CJK/Latin spacing, and line breaks around formulas.",generated-draft/non-canonical/not native reviewed/not approved/not accepted terminology/not gate-promoted/not complete
cjklex-0012,term-zh-hans-0028,zh-Hans,Simplified Chinese,representation theory,表示论,Simplified Han,source-canon-sufficient-for-scoped-draft,zh-Hans-src-001 AlJabr-1 TeX source repository | zh-Hans-src-002 AlJabr-2 TeX source repository | CJK-native source-support/codepoint ledgers,"Formula-neighboring note: preserve source TeX/math notation and do not upgrade the draft term beyond the cited source context. Use UTF-8 and a CJK-capable TeX/PDF path. Do not split the target term across inline math; check punctuation, CJK/Latin spacing, and line breaks around formulas.",,"Use UTF-8 and a CJK-capable TeX/PDF path. Do not split the target term across inline math; check punctuation, CJK/Latin spacing, and line breaks around formulas.",generated-draft/non-canonical/not native reviewed/not approved/not accepted terminology/not gate-promoted/not complete
cjklex-0012,ko-source-attestation::ko-wiki-abstract-algebra::표현론,ko,Korean addendum,representation theory,표현론,Hangul with possible Hanja,fallback-source-body-term-attestation-not-row-draft,ko-wiki-abstract-algebra 추상대수학 rev 41744985 count 1; native-source-bodies/ko/wiki-bodies/ko-wiki-abstract-algebra_추상대수학_wikitext_20260705.txt,Korean source-body term observation only; do not insert into Noether corpus prose without a row-level Korean queue and source-context check.,literal substring count over saved Korean wikitext; no morphological disambiguation; no source snippets copied,UTF-8 Hangul/Hanja fallback source term; keep outside TeX math; verify Korean font path before any generated draft use.,generated-draft/non-canonical/not native reviewed/not approved/not accepted terminology/not gate-promoted/not complete
cjklex-0012,ko-source-attestation::ko-wiki-algebra::표현론,ko,Korean addendum,representation theory,표현론,Hangul with possible Hanja,fallback-source-body-term-attestation-not-row-draft,ko-wiki-algebra 대수학 rev 41960238 count 1; native-source-bodies/ko/wiki-bodies/ko-wiki-algebra_대수학_wikitext_20260705.txt,Korean source-body term observation only; do not insert into Noether corpus prose without a row-level Korean queue and source-context check.,literal substring count over saved Korean wikitext; no morphological disambiguation; no source snippets copied,UTF-8 Hangul/Hanja fallback source term; keep outside TeX math; verify Korean font path before any generated draft use.,generated-draft/non-canonical/not native reviewed/not approved/not accepted terminology/not gate-promoted/not complete
cjklex-0012,ko-source-attestation::ko-wiki-module::표현론,ko,Korean addendum,representation theory,표현론,Hangul with possible Hanja,fallback-source-body-term-attestation-not-row-draft,ko-wiki-module 가군 rev 41652760 count 2; native-source-bodies/ko/wiki-bodies/ko-wiki-module_가군_wikitext_20260705.txt,Korean source-body term observation only; do not insert into Noether corpus prose without a row-level Korean queue and source-context check.,literal substring count over saved Korean wikitext; no morphological disambiguation; no source snippets copied,UTF-8 Hangul/Hanja fallback source term; keep outside TeX math; verify Korean font path before any generated draft use.,generated-draft/non-canonical/not native reviewed/not approved/not accepted terminology/not gate-promoted/not complete
cjklex-0012,ko-source-attestation::ko-wiki-group-theory::표현론,ko,Korean addendum,representation theory,표현론,Hangul with possible Hanja,fallback-source-body-term-attestation-not-row-draft,ko-wiki-group-theory 군론 rev 41776557 count 2; native-source-bodies/ko/wiki-bodies/ko-wiki-group-theory_군론_wikitext_20260705.txt,Korean source-body term observation only; do not insert into Noether corpus prose without a row-level Korean queue and source-context check.,literal substring count over saved Korean wikitext; no morphological disambiguation; no source snippets copied,UTF-8 Hangul/Hanja fallback source term; keep outside TeX math; verify Korean font path before any generated draft use.,generated-draft/non-canonical/not native reviewed/not approved/not accepted terminology/not gate-promoted/not complete
cjklex-0012,ko-source-attestation::ko-wiki-commutative-algebra::표현론,ko,Korean addendum,representation theory,표현론,Hangul with possible Hanja,fallback-source-body-term-attestation-not-row-draft,ko-wiki-commutative-algebra 가환대수학 rev 41811027 count 2; native-source-bodies/ko/wiki-bodies/ko-wiki-commutative-algebra_가환대수학_wikitext_20260705.txt,Korean source-body term observation only; do not insert into Noether corpus prose without a row-level Korean queue and source-context check.,literal substring count over saved Korean wikitext; no morphological disambiguation; no source snippets copied,UTF-8 Hangul/Hanja fallback source term; keep outside TeX math; verify Korean font path before any generated draft use.,generated-draft/non-canonical/not native reviewed/not approved/not accepted terminology/not gate-promoted/not complete
cjklex-0012,ko-source-attestation::ko-wiki-linear-algebra::표현론,ko,Korean addendum,representation theory,표현론,Hangul with possible Hanja,fallback-source-body-term-attestation-not-row-draft,ko-wiki-linear-algebra 선형대수학 rev 41811221 count 8; native-source-bodies/ko/wiki-bodies/ko-wiki-linear-algebra_선형대수학_wikitext_20260705.txt,Korean source-body term observation only; do not insert into Noether corpus prose without a row-level Korean queue and source-context check.,literal substring count over saved Korean wikitext; no morphological disambiguation; no source snippets copied,UTF-8 Hangul/Hanja fallback source term; keep outside TeX math; verify Korean font path before any generated draft use.,generated-draft/non-canonical/not native reviewed/not approved/not accepted terminology/not gate-promoted/not complete
cjklex-0012,ko-source-attestation::ko-wiki-backfill-irreducible-representation::표현론,ko,Korean addendum,representation theory,표현론,Hangul with possible Hanja,fallback-source-body-term-attestation-not-row-draft,ko-wiki-backfill-irreducible-representation 기약표현 rev 41663389 count 13; native-source-bodies/ko/wiki-bodies/backfill-20260705/ko-wiki-backfill-irreducible-representation_기약표현_raw_wikitext_20260705.txt,Korean source-body term observation only; do not insert into Noether corpus prose without a row-level Korean queue and source-context check.,literal substring count over saved Korean wikitext; no morphological disambiguation; no source snippets copied,UTF-8 Hangul/Hanja fallback source term; keep outside TeX math; verify Korean font path before any generated draft use.,generated-draft/non-canonical/not native reviewed/not approved/not accepted terminology/not gate-promoted/not complete
cjklex-0012,ko-source-attestation::ko-wiki-backfill-su2-representation::표현론,ko,Korean addendum,representation theory,표현론,Hangul with possible Hanja,fallback-source-body-term-attestation-not-row-draft,ko-wiki-backfill-su2-representation SU(2)의 표현론 rev 39766810 count 9; native-source-bodies/ko/wiki-bodies/backfill-20260705/ko-wiki-backfill-su2-representation_SU_2_의_표현론_raw_wikitext_20260705.txt,Korean source-body term observation only; do not insert into Noether corpus prose without a row-level Korean queue and source-context check.,literal substring count over saved Korean wikitext; no morphological disambiguation; no source snippets copied,UTF-8 Hangul/Hanja fallback source term; keep outside TeX math; verify Korean font path before any generated draft use.,generated-draft/non-canonical/not native reviewed/not approved/not accepted terminology/not gate-promoted/not complete
cjklex-0012,ko-source-attestation::ko-wiki-backfill-quiver-representation::표현론,ko,Korean addendum,representation theory,표현론,Hangul with possible Hanja,fallback-source-body-term-attestation-not-row-draft,ko-wiki-backfill-quiver-representation 화살집 표현 rev 39479528 count 2; native-source-bodies/ko/wiki-bodies/backfill-20260705/ko-wiki-backfill-quiver-representation_화살집_표현_raw_wikitext_20260705.txt,Korean source-body term observation only; do not insert into Noether corpus prose without a row-level Korean queue and source-context check.,literal substring count over saved Korean wikitext; no morphological disambiguation; no source snippets copied,UTF-8 Hangul/Hanja fallback source term; keep outside TeX math; verify Korean font path before any generated draft use.,generated-draft/non-canonical/not native reviewed/not approved/not accepted terminology/not gate-promoted/not complete
cjklex-0012,ko-source-attestation::ko-wiki-backfill-su2-representation::표현 이론,ko,Korean addendum,representation theory,표현 이론,Hangul with possible Hanja,fallback-source-body-term-attestation-not-row-draft,ko-wiki-backfill-su2-representation SU(2)의 표현론 rev 39766810 count 1; native-source-bodies/ko/wiki-bodies/backfill-20260705/ko-wiki-backfill-su2-representation_SU_2_의_표현론_raw_wikitext_20260705.txt,Korean source-body term observation only; do not insert into Noether corpus prose without a row-level Korean queue and source-context check.,literal substring count over saved Korean wikitext; no morphological disambiguation; no source snippets copied,UTF-8 Hangul/Hanja fallback source term; keep outside TeX math; verify Korean font path before any generated draft use.,generated-draft/non-canonical/not native reviewed/not approved/not accepted terminology/not gate-promoted/not complete
cjklex-0013,term-ja-0005,ja,Japanese,Artin/Artinian,アルティン／アルティン的,Japanese kana+kanji,source-canon-sufficient-for-scoped-draft,ja-src-001 Matsumura commutative-ring TeX source | ja-pdf-002 Ando algebra lecture-note PDF set | ja-pdf-003 Nagai invariant-theory PDF witness | ja-pdf-004 Ryoya Ando commutative-algebra PDF witness | CJK-native source-support/codepoint ledgers,"Formula-neighboring note: preserve source TeX/math notation and do not upgrade the draft term beyond the cited source context. Use UTF-8 and a CJK-capable TeX/PDF path. Do not split the target term across inline math; check punctuation, CJK/Latin spacing, and line breaks around formulas.",Artin | Artinian,"Use UTF-8 and a CJK-capable TeX/PDF path. Do not split the target term across inline math; check punctuation, CJK/Latin spacing, and line breaks around formulas.",generated-draft/non-canonical/not native reviewed/not approved/not accepted terminology/not gate-promoted/not complete
cjklex-0013,ko-source-attestation::ko-wiki-module::아르틴,ko,Korean addendum,Artin/Artinian,아르틴,Hangul with possible Hanja,fallback-source-body-term-attestation-not-row-draft,ko-wiki-module 가군 rev 41652760 count 1; native-source-bodies/ko/wiki-bodies/ko-wiki-module_가군_wikitext_20260705.txt,Korean source-body term observation only; do not insert into Noether corpus prose without a row-level Korean queue and source-context check.,literal substring count over saved Korean wikitext; no morphological disambiguation; no source snippets copied,UTF-8 Hangul/Hanja fallback source term; keep outside TeX math; verify Korean font path before any generated draft use.,generated-draft/non-canonical/not native reviewed/not approved/not accepted terminology/not gate-promoted/not complete
cjklex-0013,ko-source-attestation::ko-wiki-galois-theory::아르틴,ko,Korean addendum,Artin/Artinian,아르틴,Hangul with possible Hanja,fallback-source-body-term-attestation-not-row-draft,ko-wiki-galois-theory 갈루아 이론 rev 41742964 count 2; native-source-bodies/ko/wiki-bodies/ko-wiki-galois-theory_갈루아_이론_wikitext_20260705.txt,Korean source-body term observation only; do not insert into Noether corpus prose without a row-level Korean queue and source-context check.,literal substring count over saved Korean wikitext; no morphological disambiguation; no source snippets copied,UTF-8 Hangul/Hanja fallback source term; keep outside TeX math; verify Korean font path before any generated draft use.,generated-draft/non-canonical/not native reviewed/not approved/not accepted terminology/not gate-promoted/not complete
cjklex-0013,ko-source-attestation::ko-wiki-backfill-semisimple-ring::아르틴,ko,Korean addendum,Artin/Artinian,아르틴,Hangul with possible Hanja,fallback-source-body-term-attestation-not-row-draft,ko-wiki-backfill-semisimple-ring 반단순환 rev 39375212 count 23; native-source-bodies/ko/wiki-bodies/backfill-20260705/ko-wiki-backfill-semisimple-ring_반단순환_raw_wikitext_20260705.txt,Korean source-body term observation only; do not insert into Noether corpus prose without a row-level Korean queue and source-context check.,literal substring count over saved Korean wikitext; no morphological disambiguation; no source snippets copied,UTF-8 Hangul/Hanja fallback source term; keep outside TeX math; verify Korean font path before any generated draft use.,generated-draft/non-canonical/not native reviewed/not approved/not accepted terminology/not gate-promoted/not complete
cjklex-0013,ko-source-attestation::ko-wiki-backfill-noetherian-ring::아르틴,ko,Korean addendum,Artin/Artinian,아르틴,Hangul with possible Hanja,fallback-source-body-term-attestation-not-row-draft,ko-wiki-backfill-noetherian-ring 뇌터 환 rev 39051386 count 9; native-source-bodies/ko/wiki-bodies/backfill-20260705/ko-wiki-backfill-noetherian-ring_뇌터_환_raw_wikitext_20260705.txt,Korean source-body term observation only; do not insert into Noether corpus prose without a row-level Korean queue and source-context check.,literal substring count over saved Korean wikitext; no morphological disambiguation; no source snippets copied,UTF-8 Hangul/Hanja fallback source term; keep outside TeX math; verify Korean font path before any generated draft use.,generated-draft/non-canonical/not native reviewed/not approved/not accepted terminology/not gate-promoted/not complete
cjklex-0013,ko-source-attestation::ko-wiki-backfill-galois-cohomology::아르틴,ko,Korean addendum,Artin/Artinian,아르틴,Hangul with possible Hanja,fallback-source-body-term-attestation-not-row-draft,ko-wiki-backfill-galois-cohomology 갈루아 코호몰로지 rev 39593007 count 1; native-source-bodies/ko/wiki-bodies/backfill-20260705/ko-wiki-backfill-galois-cohomology_갈루아_코호몰로지_raw_wikitext_20260705.txt,Korean source-body term observation only; do not insert into Noether corpus prose without a row-level Korean queue and source-context check.,literal substring count over saved Korean wikitext; no morphological disambiguation; no source snippets copied,UTF-8 Hangul/Hanja fallback source term; keep outside TeX math; verify Korean font path before any generated draft use.,generated-draft/non-canonical/not native reviewed/not approved/not accepted terminology/not gate-promoted/not complete
cjklex-0013,ko-source-attestation::ko-wiki-backfill-prime-ideal::아르틴,ko,Korean addendum,Artin/Artinian,아르틴,Hangul with possible Hanja,fallback-source-body-term-attestation-not-row-draft,ko-wiki-backfill-prime-ideal 소 아이디얼 rev 41653113 count 1; native-source-bodies/ko/wiki-bodies/backfill-20260705/ko-wiki-backfill-prime-ideal_소_아이디얼_raw_wikitext_20260705.txt,Korean source-body term observation only; do not insert into Noether corpus prose without a row-level Korean queue and source-context check.,literal substring count over saved Korean wikitext; no morphological disambiguation; no source snippets copied,UTF-8 Hangul/Hanja fallback source term; keep outside TeX math; verify Korean font path before any generated draft use.,generated-draft/non-canonical/not native reviewed/not approved/not accepted terminology/not gate-promoted/not complete
cjklex-0013,ko-source-attestation::ko-wiki-module::아르틴 환,ko,Korean addendum,Artin/Artinian,아르틴 환,Hangul with possible Hanja,fallback-source-body-term-attestation-not-row-draft,ko-wiki-module 가군 rev 41652760 count 1; native-source-bodies/ko/wiki-bodies/ko-wiki-module_가군_wikitext_20260705.txt,Korean source-body term observation only; do not insert into Noether corpus prose without a row-level Korean queue and source-context check.,literal substring count over saved Korean wikitext; no morphological disambiguation; no source snippets copied,UTF-8 Hangul/Hanja fallback source term; keep outside TeX math; verify Korean font path before any generated draft use.,generated-draft/non-canonical/not native reviewed/not approved/not accepted terminology/not gate-promoted/not complete
cjklex-0013,ko-source-attestation::ko-wiki-backfill-semisimple-ring::아르틴 환,ko,Korean addendum,Artin/Artinian,아르틴 환,Hangul with possible Hanja,fallback-source-body-term-attestation-not-row-draft,ko-wiki-backfill-semisimple-ring 반단순환 rev 39375212 count 12; native-source-bodies/ko/wiki-bodies/backfill-20260705/ko-wiki-backfill-semisimple-ring_반단순환_raw_wikitext_20260705.txt,Korean source-body term observation only; do not insert into Noether corpus prose without a row-level Korean queue and source-context check.,literal substring count over saved Korean wikitext; no morphological disambiguation; no source snippets copied,UTF-8 Hangul/Hanja fallback source term; keep outside TeX math; verify Korean font path before any generated draft use.,generated-draft/non-canonical/not native reviewed/not approved/not accepted terminology/not gate-promoted/not complete
cjklex-0013,ko-source-attestation::ko-wiki-backfill-noetherian-ring::아르틴 환,ko,Korean addendum,Artin/Artinian,아르틴 환,Hangul with possible Hanja,fallback-source-body-term-attestation-not-row-draft,ko-wiki-backfill-noetherian-ring 뇌터 환 rev 39051386 count 5; native-source-bodies/ko/wiki-bodies/backfill-20260705/ko-wiki-backfill-noetherian-ring_뇌터_환_raw_wikitext_20260705.txt,Korean source-body term observation only; do not insert into Noether corpus prose without a row-level Korean queue and source-context check.,literal substring count over saved Korean wikitext; no morphological disambiguation; no source snippets copied,UTF-8 Hangul/Hanja fallback source term; keep outside TeX math; verify Korean font path before any generated draft use.,generated-draft/non-canonical/not native reviewed/not approved/not accepted terminology/not gate-promoted/not complete
cjklex-0013,ko-source-attestation::ko-wiki-backfill-prime-ideal::아르틴 환,ko,Korean addendum,Artin/Artinian,아르틴 환,Hangul with possible Hanja,fallback-source-body-term-attestation-not-row-draft,ko-wiki-backfill-prime-ideal 소 아이디얼 rev 41653113 count 1; native-source-bodies/ko/wiki-bodies/backfill-20260705/ko-wiki-backfill-prime-ideal_소_아이디얼_raw_wikitext_20260705.txt,Korean source-body term observation only; do not insert into Noether corpus prose without a row-level Korean queue and source-context check.,literal substring count over saved Korean wikitext; no morphological disambiguation; no source snippets copied,UTF-8 Hangul/Hanja fallback source term; keep outside TeX math; verify Korean font path before any generated draft use.,generated-draft/non-canonical/not native reviewed/not approved/not accepted terminology/not gate-promoted/not complete
cjklex-0014,term-ja-0006,ja,Japanese,Artinian/Artin,アルティン的／アルティン,Japanese kana+kanji,source-canon-sufficient-for-scoped-draft,ja-src-001 Matsumura commutative-ring TeX source | ja-pdf-002 Ando algebra lecture-note PDF set | ja-pdf-003 Nagai invariant-theory PDF witness | ja-pdf-004 Ryoya Ando commutative-algebra PDF witness | CJK-native source-support/codepoint ledgers,"Formula-neighboring note: preserve source TeX/math notation and do not upgrade the draft term beyond the cited source context. Use UTF-8 and a CJK-capable TeX/PDF path. Do not split the target term across inline math; check punctuation, CJK/Latin spacing, and line breaks around formulas.",Artinian | Artin,"Use UTF-8 and a CJK-capable TeX/PDF path. Do not split the target term across inline math; check punctuation, CJK/Latin spacing, and line breaks around formulas.",generated-draft/non-canonical/not native reviewed/not approved/not accepted terminology/not gate-promoted/not complete
cjklex-0014,ko-source-attestation::ko-wiki-module::아르틴,ko,Korean addendum,Artinian/Artin,아르틴,Hangul with possible Hanja,fallback-source-body-term-attestation-not-row-draft,ko-wiki-module 가군 rev 41652760 count 1; native-source-bodies/ko/wiki-bodies/ko-wiki-module_가군_wikitext_20260705.txt,Korean source-body term observation only; do not insert into Noether corpus prose without a row-level Korean queue and source-context check.,literal substring count over saved Korean wikitext; no morphological disambiguation; no source snippets copied,UTF-8 Hangul/Hanja fallback source term; keep outside TeX math; verify Korean font path before any generated draft use.,generated-draft/non-canonical/not native reviewed/not approved/not accepted terminology/not gate-promoted/not complete
cjklex-0014,ko-source-attestation::ko-wiki-galois-theory::아르틴,ko,Korean addendum,Artinian/Artin,아르틴,Hangul with possible Hanja,fallback-source-body-term-attestation-not-row-draft,ko-wiki-galois-theory 갈루아 이론 rev 41742964 count 2; native-source-bodies/ko/wiki-bodies/ko-wiki-galois-theory_갈루아_이론_wikitext_20260705.txt,Korean source-body term observation only; do not insert into Noether corpus prose without a row-level Korean queue and source-context check.,literal substring count over saved Korean wikitext; no morphological disambiguation; no source snippets copied,UTF-8 Hangul/Hanja fallback source term; keep outside TeX math; verify Korean font path before any generated draft use.,generated-draft/non-canonical/not native reviewed/not approved/not accepted terminology/not gate-promoted/not complete
cjklex-0014,ko-source-attestation::ko-wiki-backfill-semisimple-ring::아르틴,ko,Korean addendum,Artinian/Artin,아르틴,Hangul with possible Hanja,fallback-source-body-term-attestation-not-row-draft,ko-wiki-backfill-semisimple-ring 반단순환 rev 39375212 count 23; native-source-bodies/ko/wiki-bodies/backfill-20260705/ko-wiki-backfill-semisimple-ring_반단순환_raw_wikitext_20260705.txt,Korean source-body term observation only; do not insert into Noether corpus prose without a row-level Korean queue and source-context check.,literal substring count over saved Korean wikitext; no morphological disambiguation; no source snippets copied,UTF-8 Hangul/Hanja fallback source term; keep outside TeX math; verify Korean font path before any generated draft use.,generated-draft/non-canonical/not native reviewed/not approved/not accepted terminology/not gate-promoted/not complete
cjklex-0014,ko-source-attestation::ko-wiki-backfill-noetherian-ring::아르틴,ko,Korean addendum,Artinian/Artin,아르틴,Hangul with possible Hanja,fallback-source-body-term-attestation-not-row-draft,ko-wiki-backfill-noetherian-ring 뇌터 환 rev 39051386 count 9; native-source-bodies/ko/wiki-bodies/backfill-20260705/ko-wiki-backfill-noetherian-ring_뇌터_환_raw_wikitext_20260705.txt,Korean source-body term observation only; do not insert into Noether corpus prose without a row-level Korean queue and source-context check.,literal substring count over saved Korean wikitext; no morphological disambiguation; no source snippets copied,UTF-8 Hangul/Hanja fallback source term; keep outside TeX math; verify Korean font path before any generated draft use.,generated-draft/non-canonical/not native reviewed/not approved/not accepted terminology/not gate-promoted/not complete
cjklex-0014,ko-source-attestation::ko-wiki-backfill-galois-cohomology::아르틴,ko,Korean addendum,Artinian/Artin,아르틴,Hangul with possible Hanja,fallback-source-body-term-attestation-not-row-draft,ko-wiki-backfill-galois-cohomology 갈루아 코호몰로지 rev 39593007 count 1; native-source-bodies/ko/wiki-bodies/backfill-20260705/ko-wiki-backfill-galois-cohomology_갈루아_코호몰로지_raw_wikitext_20260705.txt,Korean source-body term observation only; do not insert into Noether corpus prose without a row-level Korean queue and source-context check.,literal substring count over saved Korean wikitext; no morphological disambiguation; no source snippets copied,UTF-8 Hangul/Hanja fallback source term; keep outside TeX math; verify Korean font path before any generated draft use.,generated-draft/non-canonical/not native reviewed/not approved/not accepted terminology/not gate-promoted/not complete
cjklex-0014,ko-source-attestation::ko-wiki-backfill-prime-ideal::아르틴,ko,Korean addendum,Artinian/Artin,아르틴,Hangul with possible Hanja,fallback-source-body-term-attestation-not-row-draft,ko-wiki-backfill-prime-ideal 소 아이디얼 rev 41653113 count 1; native-source-bodies/ko/wiki-bodies/backfill-20260705/ko-wiki-backfill-prime-ideal_소_아이디얼_raw_wikitext_20260705.txt,Korean source-body term observation only; do not insert into Noether corpus prose without a row-level Korean queue and source-context check.,literal substring count over saved Korean wikitext; no morphological disambiguation; no source snippets copied,UTF-8 Hangul/Hanja fallback source term; keep outside TeX math; verify Korean font path before any generated draft use.,generated-draft/non-canonical/not native reviewed/not approved/not accepted terminology/not gate-promoted/not complete
cjklex-0014,ko-source-attestation::ko-wiki-module::아르틴 환,ko,Korean addendum,Artinian/Artin,아르틴 환,Hangul with possible Hanja,fallback-source-body-term-attestation-not-row-draft,ko-wiki-module 가군 rev 41652760 count 1; native-source-bodies/ko/wiki-bodies/ko-wiki-module_가군_wikitext_20260705.txt,Korean source-body term observation only; do not insert into Noether corpus prose without a row-level Korean queue and source-context check.,literal substring count over saved Korean wikitext; no morphological disambiguation; no source snippets copied,UTF-8 Hangul/Hanja fallback source term; keep outside TeX math; verify Korean font path before any generated draft use.,generated-draft/non-canonical/not native reviewed/not approved/not accepted terminology/not gate-promoted/not complete
cjklex-0014,ko-source-attestation::ko-wiki-backfill-semisimple-ring::아르틴 환,ko,Korean addendum,Artinian/Artin,아르틴 환,Hangul with possible Hanja,fallback-source-body-term-attestation-not-row-draft,ko-wiki-backfill-semisimple-ring 반단순환 rev 39375212 count 12; native-source-bodies/ko/wiki-bodies/backfill-20260705/ko-wiki-backfill-semisimple-ring_반단순환_raw_wikitext_20260705.txt,Korean source-body term observation only; do not insert into Noether corpus prose without a row-level Korean queue and source-context check.,literal substring count over saved Korean wikitext; no morphological disambiguation; no source snippets copied,UTF-8 Hangul/Hanja fallback source term; keep outside TeX math; verify Korean font path before any generated draft use.,generated-draft/non-canonical/not native reviewed/not approved/not accepted terminology/not gate-promoted/not complete
cjklex-0014,ko-source-attestation::ko-wiki-backfill-noetherian-ring::아르틴 환,ko,Korean addendum,Artinian/Artin,아르틴 환,Hangul with possible Hanja,fallback-source-body-term-attestation-not-row-draft,ko-wiki-backfill-noetherian-ring 뇌터 환 rev 39051386 count 5; native-source-bodies/ko/wiki-bodies/backfill-20260705/ko-wiki-backfill-noetherian-ring_뇌터_환_raw_wikitext_20260705.txt,Korean source-body term observation only; do not insert into Noether corpus prose without a row-level Korean queue and source-context check.,literal substring count over saved Korean wikitext; no morphological disambiguation; no source snippets copied,UTF-8 Hangul/Hanja fallback source term; keep outside TeX math; verify Korean font path before any generated draft use.,generated-draft/non-canonical/not native reviewed/not approved/not accepted terminology/not gate-promoted/not complete
cjklex-0014,ko-source-attestation::ko-wiki-backfill-prime-ideal::아르틴 환,ko,Korean addendum,Artinian/Artin,아르틴 환,Hangul with possible Hanja,fallback-source-body-term-attestation-not-row-draft,ko-wiki-backfill-prime-ideal 소 아이디얼 rev 41653113 count 1; native-source-bodies/ko/wiki-bodies/backfill-20260705/ko-wiki-backfill-prime-ideal_소_아이디얼_raw_wikitext_20260705.txt,Korean source-body term observation only; do not insert into Noether corpus prose without a row-level Korean queue and source-context check.,literal substring count over saved Korean wikitext; no morphological disambiguation; no source snippets copied,UTF-8 Hangul/Hanja fallback source term; keep outside TeX math; verify Korean font path before any generated draft use.,generated-draft/non-canonical/not native reviewed/not approved/not accepted terminology/not gate-promoted/not complete
cjklex-0015,term-ja-0007,ja,Japanese,finite-dimensional,有限次元,Japanese kana+kanji,source-canon-sufficient-for-scoped-draft,ja-src-001 Matsumura commutative-ring TeX source | ja-pdf-002 Ando algebra lecture-note PDF set | ja-pdf-003 Nagai invariant-theory PDF witness | ja-pdf-004 Ryoya Ando commutative-algebra PDF witness | CJK-native source-support/codepoint ledgers,"Formula-neighboring note: preserve source TeX/math notation and do not upgrade the draft term beyond the cited source context. Use UTF-8 and a CJK-capable TeX/PDF path. Do not split the target term across inline math; check punctuation, CJK/Latin spacing, and line breaks around formulas.",,"Use UTF-8 and a CJK-capable TeX/PDF path. Do not split the target term across inline math; check punctuation, CJK/Latin spacing, and line breaks around formulas.",generated-draft/non-canonical/not native reviewed/not approved/not accepted terminology/not gate-promoted/not complete
cjklex-0015,term-zh-hans-0010,zh-Hans,Simplified Chinese,finite-dimensional,有限维,Simplified Han,source-canon-sufficient-for-scoped-draft,zh-Hans-src-001 AlJabr-1 TeX source repository | zh-Hans-src-002 AlJabr-2 TeX source repository | CJK-native source-support/codepoint ledgers,"Formula-neighboring note: preserve source TeX/math notation and do not upgrade the draft term beyond the cited source context. Use UTF-8 and a CJK-capable TeX/PDF path. Do not split the target term across inline math; check punctuation, CJK/Latin spacing, and line breaks around formulas.",,"Use UTF-8 and a CJK-capable TeX/PDF path. Do not split the target term across inline math; check punctuation, CJK/Latin spacing, and line breaks around formulas.",generated-draft/non-canonical/not native reviewed/not approved/not accepted terminology/not gate-promoted/not complete
cjklex-0015,ko-source-attestation::ko-wiki-module::유한 차원,ko,Korean addendum,finite-dimensional,유한 차원,Hangul with possible Hanja,fallback-source-body-term-attestation-not-row-draft,ko-wiki-module 가군 rev 41652760 count 1; native-source-bodies/ko/wiki-bodies/ko-wiki-module_가군_wikitext_20260705.txt,Korean source-body term observation only; do not insert into Noether corpus prose without a row-level Korean queue and source-context check.,literal substring count over saved Korean wikitext; no morphological disambiguation; no source snippets copied,UTF-8 Hangul/Hanja fallback source term; keep outside TeX math; verify Korean font path before any generated draft use.,generated-draft/non-canonical/not native reviewed/not approved/not accepted terminology/not gate-promoted/not complete
cjklex-0015,ko-source-attestation::ko-wiki-linear-algebra::유한 차원,ko,Korean addendum,finite-dimensional,유한 차원,Hangul with possible Hanja,fallback-source-body-term-attestation-not-row-draft,ko-wiki-linear-algebra 선형대수학 rev 41811221 count 16; native-source-bodies/ko/wiki-bodies/ko-wiki-linear-algebra_선형대수학_wikitext_20260705.txt,Korean source-body term observation only; do not insert into Noether corpus prose without a row-level Korean queue and source-context check.,literal substring count over saved Korean wikitext; no morphological disambiguation; no source snippets copied,UTF-8 Hangul/Hanja fallback source term; keep outside TeX math; verify Korean font path before any generated draft use.,generated-draft/non-canonical/not native reviewed/not approved/not accepted terminology/not gate-promoted/not complete
cjklex-0015,ko-source-attestation::ko-wiki-backfill-irreducible-representation::유한 차원,ko,Korean addendum,finite-dimensional,유한 차원,Hangul with possible Hanja,fallback-source-body-term-attestation-not-row-draft,ko-wiki-backfill-irreducible-representation 기약표현 rev 41663389 count 2; native-source-bodies/ko/wiki-bodies/backfill-20260705/ko-wiki-backfill-irreducible-representation_기약표현_raw_wikitext_20260705.txt,Korean source-body term observation only; do not insert into Noether corpus prose without a row-level Korean queue and source-context check.,literal substring count over saved Korean wikitext; no morphological disambiguation; no source snippets copied,UTF-8 Hangul/Hanja fallback source term; keep outside TeX math; verify Korean font path before any generated draft use.,generated-draft/non-canonical/not native reviewed/not approved/not accepted terminology/not gate-promoted/not complete
cjklex-0015,ko-source-attestation::ko-wiki-backfill-semisimple-ring::유한 차원,ko,Korean addendum,finite-dimensional,유한 차원,Hangul with possible Hanja,fallback-source-body-term-attestation-not-row-draft,ko-wiki-backfill-semisimple-ring 반단순환 rev 39375212 count 3; native-source-bodies/ko/wiki-bodies/backfill-20260705/ko-wiki-backfill-semisimple-ring_반단순환_raw_wikitext_20260705.txt,Korean source-body term observation only; do not insert into Noether corpus prose without a row-level Korean queue and source-context check.,literal substring count over saved Korean wikitext; no morphological disambiguation; no source snippets copied,UTF-8 Hangul/Hanja fallback source term; keep outside TeX math; verify Korean font path before any generated draft use.,generated-draft/non-canonical/not native reviewed/not approved/not accepted terminology/not gate-promoted/not complete
cjklex-0015,ko-source-attestation::ko-wiki-backfill-noetherian-ring::유한 차원,ko,Korean addendum,finite-dimensional,유한 차원,Hangul with possible Hanja,fallback-source-body-term-attestation-not-row-draft,ko-wiki-backfill-noetherian-ring 뇌터 환 rev 39051386 count 1; native-source-bodies/ko/wiki-bodies/backfill-20260705/ko-wiki-backfill-noetherian-ring_뇌터_환_raw_wikitext_20260705.txt,Korean source-body term observation only; do not insert into Noether corpus prose without a row-level Korean queue and source-context check.,literal substring count over saved Korean wikitext; no morphological disambiguation; no source snippets copied,UTF-8 Hangul/Hanja fallback source term; keep outside TeX math; verify Korean font path before any generated draft use.,generated-draft/non-canonical/not native reviewed/not approved/not accepted terminology/not gate-promoted/not complete
cjklex-0015,ko-source-attestation::ko-wiki-backfill-reductive-lie-algebra::유한 차원,ko,Korean addendum,finite-dimensional,유한 차원,Hangul with possible Hanja,fallback-source-body-term-attestation-not-row-draft,ko-wiki-backfill-reductive-lie-algebra 가약 리 대수 rev 39482473 count 3; native-source-bodies/ko/wiki-bodies/backfill-20260705/ko-wiki-backfill-reductive-lie-algebra_가약_리_대수_raw_wikitext_20260705.txt,Korean source-body term observation only; do not insert into Noether corpus prose without a row-level Korean queue and source-context check.,literal substring count over saved Korean wikitext; no morphological disambiguation; no source snippets copied,UTF-8 Hangul/Hanja fallback source term; keep outside TeX math; verify Korean font path before any generated draft use.,generated-draft/non-canonical/not native reviewed/not approved/not accepted terminology/not gate-promoted/not complete
cjklex-0015,ko-source-attestation::ko-wiki-backfill-su2-representation::유한차원,ko,Korean addendum,finite-dimensional,유한차원,Hangul with possible Hanja,fallback-source-body-term-attestation-not-row-draft,ko-wiki-backfill-su2-representation SU(2)의 표현론 rev 39766810 count 1; native-source-bodies/ko/wiki-bodies/backfill-20260705/ko-wiki-backfill-su2-representation_SU_2_의_표현론_raw_wikitext_20260705.txt,Korean source-body term observation only; do not insert into Noether corpus prose without a row-level Korean queue and source-context check.,literal substring count over saved Korean wikitext; no morphological disambiguation; no source snippets copied,UTF-8 Hangul/Hanja fallback source term; keep outside TeX math; verify Korean font path before any generated draft use.,generated-draft/non-canonical/not native reviewed/not approved/not accepted terminology/not gate-promoted/not complete
cjklex-0016,term-ja-0008,ja,Japanese,finitely generated,有限生成,Japanese kana+kanji,source-canon-sufficient-for-scoped-draft,ja-src-001 Matsumura commutative-ring TeX source | ja-pdf-002 Ando algebra lecture-note PDF set | ja-pdf-003 Nagai invariant-theory PDF witness | ja-pdf-004 Ryoya Ando commutative-algebra PDF witness | CJK-native source-support/codepoint ledgers,"Formula-neighboring note: preserve source TeX/math notation and do not upgrade the draft term beyond the cited source context. Use UTF-8 and a CJK-capable TeX/PDF path. Do not split the target term across inline math; check punctuation, CJK/Latin spacing, and line breaks around formulas.",,"Use UTF-8 and a CJK-capable TeX/PDF path. Do not split the target term across inline math; check punctuation, CJK/Latin spacing, and line breaks around formulas.",generated-draft/non-canonical/not native reviewed/not approved/not accepted terminology/not gate-promoted/not complete
cjklex-0016,term-zh-hans-0009,zh-Hans,Simplified Chinese,finitely generated,有限生成,Simplified Han,source-canon-sufficient-for-scoped-draft,zh-Hans-src-001 AlJabr-1 TeX source repository | zh-Hans-src-002 AlJabr-2 TeX source repository | CJK-native source-support/codepoint ledgers,"Formula-neighboring note: preserve source TeX/math notation and do not upgrade the draft term beyond the cited source context. Use UTF-8 and a CJK-capable TeX/PDF path. Do not split the target term across inline math; check punctuation, CJK/Latin spacing, and line breaks around formulas.",,"Use UTF-8 and a CJK-capable TeX/PDF path. Do not split the target term across inline math; check punctuation, CJK/Latin spacing, and line breaks around formulas.",generated-draft/non-canonical/not native reviewed/not approved/not accepted terminology/not gate-promoted/not complete
cjklex-0016,ko-source-attestation::ko-wiki-module::유한 생성,ko,Korean addendum,finitely generated,유한 생성,Hangul with possible Hanja,fallback-source-body-term-attestation-not-row-draft,ko-wiki-module 가군 rev 41652760 count 5; native-source-bodies/ko/wiki-bodies/ko-wiki-module_가군_wikitext_20260705.txt,Korean source-body term observation only; do not insert into Noether corpus prose without a row-level Korean queue and source-context check.,literal substring count over saved Korean wikitext; no morphological disambiguation; no source snippets copied,UTF-8 Hangul/Hanja fallback source term; keep outside TeX math; verify Korean font path before any generated draft use.,generated-draft/non-canonical/not native reviewed/not approved/not accepted terminology/not gate-promoted/not complete
cjklex-0016,ko-source-attestation::ko-wiki-linear-algebra::유한 생성,ko,Korean addendum,finitely generated,유한 생성,Hangul with possible Hanja,fallback-source-body-term-attestation-not-row-draft,ko-wiki-linear-algebra 선형대수학 rev 41811221 count 1; native-source-bodies/ko/wiki-bodies/ko-wiki-linear-algebra_선형대수학_wikitext_20260705.txt,Korean source-body term observation only; do not insert into Noether corpus prose without a row-level Korean queue and source-context check.,literal substring count over saved Korean wikitext; no morphological disambiguation; no source snippets copied,UTF-8 Hangul/Hanja fallback source term; keep outside TeX math; verify Korean font path before any generated draft use.,generated-draft/non-canonical/not native reviewed/not approved/not accepted terminology/not gate-promoted/not complete
cjklex-0016,ko-source-attestation::ko-wiki-backfill-decomposition-algebra::유한 생성,ko,Korean addendum,finitely generated,유한 생성,Hangul with possible Hanja,fallback-source-body-term-attestation-not-row-draft,ko-wiki-backfill-decomposition-algebra 분해 (대수학) rev 39792326 count 1; native-source-bodies/ko/wiki-bodies/backfill-20260705/ko-wiki-backfill-decomposition-algebra_분해_대수학_raw_wikitext_20260705.txt,Korean source-body term observation only; do not insert into Noether corpus prose without a row-level Korean queue and source-context check.,literal substring count over saved Korean wikitext; no morphological disambiguation; no source snippets copied,UTF-8 Hangul/Hanja fallback source term; keep outside TeX math; verify Korean font path before any generated draft use.,generated-draft/non-canonical/not native reviewed/not approved/not accepted terminology/not gate-promoted/not complete
cjklex-0016,ko-source-attestation::ko-wiki-backfill-noetherian-ring::유한 생성,ko,Korean addendum,finitely generated,유한 생성,Hangul with possible Hanja,fallback-source-body-term-attestation-not-row-draft,ko-wiki-backfill-noetherian-ring 뇌터 환 rev 39051386 count 8; native-source-bodies/ko/wiki-bodies/backfill-20260705/ko-wiki-backfill-noetherian-ring_뇌터_환_raw_wikitext_20260705.txt,Korean source-body term observation only; do not insert into Noether corpus prose without a row-level Korean queue and source-context check.,literal substring count over saved Korean wikitext; no morphological disambiguation; no source snippets copied,UTF-8 Hangul/Hanja fallback source term; keep outside TeX math; verify Korean font path before any generated draft use.,generated-draft/non-canonical/not native reviewed/not approved/not accepted terminology/not gate-promoted/not complete
cjklex-0016,ko-source-attestation::ko-wiki-backfill-flat-module::유한 생성,ko,Korean addendum,finitely generated,유한 생성,Hangul with possible Hanja,fallback-source-body-term-attestation-not-row-draft,ko-wiki-backfill-flat-module 평탄 가군 rev 39344899 count 10; native-source-bodies/ko/wiki-bodies/backfill-20260705/ko-wiki-backfill-flat-module_평탄_가군_raw_wikitext_20260705.txt,Korean source-body term observation only; do not insert into Noether corpus prose without a row-level Korean queue and source-context check.,literal substring count over saved Korean wikitext; no morphological disambiguation; no source snippets copied,UTF-8 Hangul/Hanja fallback source term; keep outside TeX math; verify Korean font path before any generated draft use.,generated-draft/non-canonical/not native reviewed/not approved/not accepted terminology/not gate-promoted/not complete
cjklex-0016,ko-source-attestation::ko-wiki-backfill-prime-ideal::유한 생성,ko,Korean addendum,finitely generated,유한 생성,Hangul with possible Hanja,fallback-source-body-term-attestation-not-row-draft,ko-wiki-backfill-prime-ideal 소 아이디얼 rev 41653113 count 2; native-source-bodies/ko/wiki-bodies/backfill-20260705/ko-wiki-backfill-prime-ideal_소_아이디얼_raw_wikitext_20260705.txt,Korean source-body term observation only; do not insert into Noether corpus prose without a row-level Korean queue and source-context check.,literal substring count over saved Korean wikitext; no morphological disambiguation; no source snippets copied,UTF-8 Hangul/Hanja fallback source term; keep outside TeX math; verify Korean font path before any generated draft use.,generated-draft/non-canonical/not native reviewed/not approved/not accepted terminology/not gate-promoted/not complete
cjklex-0016,ko-source-attestation::ko-wiki-backfill-primary-ideal::유한 생성,ko,Korean addendum,finitely generated,유한 생성,Hangul with possible Hanja,fallback-source-body-term-attestation-not-row-draft,ko-wiki-backfill-primary-ideal 으뜸 아이디얼 rev 39160791 count 4; native-source-bodies/ko/wiki-bodies/backfill-20260705/ko-wiki-backfill-primary-ideal_으뜸_아이디얼_raw_wikitext_20260705.txt,Korean source-body term observation only; do not insert into Noether corpus prose without a row-level Korean queue and source-context check.,literal substring count over saved Korean wikitext; no morphological disambiguation; no source snippets copied,UTF-8 Hangul/Hanja fallback source term; keep outside TeX math; verify Korean font path before any generated draft use.,generated-draft/non-canonical/not native reviewed/not approved/not accepted terminology/not gate-promoted/not complete
cjklex-0016,ko-source-attestation::ko-wiki-backfill-algebraic-number-field::유한 생성,ko,Korean addendum,finitely generated,유한 생성,Hangul with possible Hanja,fallback-source-body-term-attestation-not-row-draft,ko-wiki-backfill-algebraic-number-field 대수적 수체 rev 41743364 count 3; native-source-bodies/ko/wiki-bodies/backfill-20260705/ko-wiki-backfill-algebraic-number-field_대수적_수체_raw_wikitext_20260705.txt,Korean source-body term observation only; do not insert into Noether corpus prose without a row-level Korean queue and source-context check.,literal substring count over saved Korean wikitext; no morphological disambiguation; no source snippets copied,UTF-8 Hangul/Hanja fallback source term; keep outside TeX math; verify Korean font path before any generated draft use.,generated-draft/non-canonical/not native reviewed/not approved/not accepted terminology/not gate-promoted/not complete
cjklex-0016,ko-source-attestation::ko-wiki-backfill-hilbert-basis::유한생성,ko,Korean addendum,finitely generated,유한생성,Hangul with possible Hanja,fallback-source-body-term-attestation-not-row-draft,ko-wiki-backfill-hilbert-basis 힐베르트 기저 정리 rev 39344425 count 1; native-source-bodies/ko/wiki-bodies/backfill-20260705/ko-wiki-backfill-hilbert-basis_힐베르트_기저_정리_raw_wikitext_20260705.txt,Korean source-body term observation only; do not insert into Noether corpus prose without a row-level Korean queue and source-context check.,literal substring count over saved Korean wikitext; no morphological disambiguation; no source snippets copied,UTF-8 Hangul/Hanja fallback source term; keep outside TeX math; verify Korean font path before any generated draft use.,generated-draft/non-canonical/not native reviewed/not approved/not accepted terminology/not gate-promoted/not complete
cjklex-0017,term-ja-0034,ja,Japanese,ideal,イデアル,Japanese kana+kanji,source-canon-sufficient-for-scoped-draft,ja-src-001 Matsumura commutative-ring TeX source | ja-pdf-002 Ando algebra lecture-note PDF set | ja-pdf-003 Nagai invariant-theory PDF witness | ja-pdf-004 Ryoya Ando commutative-algebra PDF witness | CJK-native source-support/codepoint ledgers,"Use near formulas only with the exact source anchor already present in the row packet; keep TeX variables, ideals/modules/rings, and arrows/macros unchanged. Use UTF-8 and a CJK-capable TeX/PDF path. Do not split the target term across inline math; check punctuation, CJK/Latin spacing, and line breaks around formulas.",,"Use UTF-8 and a CJK-capable TeX/PDF path. Do not split the target term across inline math; check punctuation, CJK/Latin spacing, and line breaks around formulas.",generated-draft/non-canonical/not native reviewed/not approved/not accepted terminology/not gate-promoted/not complete
cjklex-0017,term-zh-hans-0033,zh-Hans,Simplified Chinese,ideal,理想,Simplified Han,source-canon-sufficient-for-scoped-draft,zh-Hans-src-001 AlJabr-1 TeX source repository | zh-Hans-src-002 AlJabr-2 TeX source repository | CJK-native source-support/codepoint ledgers,"Use near formulas only with the exact source anchor already present in the row packet; keep TeX variables, ideals/modules/rings, and arrows/macros unchanged. Use UTF-8 and a CJK-capable TeX/PDF path. Do not split the target term across inline math; check punctuation, CJK/Latin spacing, and line breaks around formulas.",,"Use UTF-8 and a CJK-capable TeX/PDF path. Do not split the target term across inline math; check punctuation, CJK/Latin spacing, and line breaks around formulas.",generated-draft/non-canonical/not native reviewed/not approved/not accepted terminology/not gate-promoted/not complete
cjklex-0017,ko-source-attestation::ko-wiki-abstract-algebra::아이디얼,ko,Korean addendum,ideal,아이디얼,Hangul with possible Hanja,fallback-source-body-term-attestation-not-row-draft,ko-wiki-abstract-algebra 추상대수학 rev 41744985 count 1; native-source-bodies/ko/wiki-bodies/ko-wiki-abstract-algebra_추상대수학_wikitext_20260705.txt,Korean source-body term observation only; do not insert into Noether corpus prose without a row-level Korean queue and source-context check.,literal substring count over saved Korean wikitext; no morphological disambiguation; no source snippets copied,UTF-8 Hangul/Hanja fallback source term; keep outside TeX math; verify Korean font path before any generated draft use.,generated-draft/non-canonical/not native reviewed/not approved/not accepted terminology/not gate-promoted/not complete
cjklex-0017,ko-source-attestation::ko-wiki-algebra::아이디얼,ko,Korean addendum,ideal,아이디얼,Hangul with possible Hanja,fallback-source-body-term-attestation-not-row-draft,ko-wiki-algebra 대수학 rev 41960238 count 1; native-source-bodies/ko/wiki-bodies/ko-wiki-algebra_대수학_wikitext_20260705.txt,Korean source-body term observation only; do not insert into Noether corpus prose without a row-level Korean queue and source-context check.,literal substring count over saved Korean wikitext; no morphological disambiguation; no source snippets copied,UTF-8 Hangul/Hanja fallback source term; keep outside TeX math; verify Korean font path before any generated draft use.,generated-draft/non-canonical/not native reviewed/not approved/not accepted terminology/not gate-promoted/not complete
cjklex-0017,ko-source-attestation::ko-wiki-module::아이디얼,ko,Korean addendum,ideal,아이디얼,Hangul with possible Hanja,fallback-source-body-term-attestation-not-row-draft,ko-wiki-module 가군 rev 41652760 count 2; native-source-bodies/ko/wiki-bodies/ko-wiki-module_가군_wikitext_20260705.txt,Korean source-body term observation only; do not insert into Noether corpus prose without a row-level Korean queue and source-context check.,literal substring count over saved Korean wikitext; no morphological disambiguation; no source snippets copied,UTF-8 Hangul/Hanja fallback source term; keep outside TeX math; verify Korean font path before any generated draft use.,generated-draft/non-canonical/not native reviewed/not approved/not accepted terminology/not gate-promoted/not complete
cjklex-0017,ko-source-attestation::ko-wiki-field::아이디얼,ko,Korean addendum,ideal,아이디얼,Hangul with possible Hanja,fallback-source-body-term-attestation-not-row-draft,ko-wiki-field 체 (수학) rev 41649269 count 6; native-source-bodies/ko/wiki-bodies/ko-wiki-field_체_수학_wikitext_20260705.txt,Korean source-body term observation only; do not insert into Noether corpus prose without a row-level Korean queue and source-context check.,literal substring count over saved Korean wikitext; no morphological disambiguation; no source snippets copied,UTF-8 Hangul/Hanja fallback source term; keep outside TeX math; verify Korean font path before any generated draft use.,generated-draft/non-canonical/not native reviewed/not approved/not accepted terminology/not gate-promoted/not complete
cjklex-0017,ko-source-attestation::ko-wiki-ideal::아이디얼,ko,Korean addendum,ideal,아이디얼,Hangul with possible Hanja,fallback-source-body-term-attestation-not-row-draft,ko-wiki-ideal 아이디얼 rev 39160743 count 55; native-source-bodies/ko/wiki-bodies/ko-wiki-ideal_아이디얼_wikitext_20260705.txt,Korean source-body term observation only; do not insert into Noether corpus prose without a row-level Korean queue and source-context check.,literal substring count over saved Korean wikitext; no morphological disambiguation; no source snippets copied,UTF-8 Hangul/Hanja fallback source term; keep outside TeX math; verify Korean font path before any generated draft use.,generated-draft/non-canonical/not native reviewed/not approved/not accepted terminology/not gate-promoted/not complete
cjklex-0017,ko-source-attestation::ko-wiki-commutative-algebra::아이디얼,ko,Korean addendum,ideal,아이디얼,Hangul with possible Hanja,fallback-source-body-term-attestation-not-row-draft,ko-wiki-commutative-algebra 가환대수학 rev 41811027 count 9; native-source-bodies/ko/wiki-bodies/ko-wiki-commutative-algebra_가환대수학_wikitext_20260705.txt,Korean source-body term observation only; do not insert into Noether corpus prose without a row-level Korean queue and source-context check.,literal substring count over saved Korean wikitext; no morphological disambiguation; no source snippets copied,UTF-8 Hangul/Hanja fallback source term; keep outside TeX math; verify Korean font path before any generated draft use.,generated-draft/non-canonical/not native reviewed/not approved/not accepted terminology/not gate-promoted/not complete
cjklex-0017,ko-source-attestation::ko-wiki-backfill-semisimple-ring::아이디얼,ko,Korean addendum,ideal,아이디얼,Hangul with possible Hanja,fallback-source-body-term-attestation-not-row-draft,ko-wiki-backfill-semisimple-ring 반단순환 rev 39375212 count 1; native-source-bodies/ko/wiki-bodies/backfill-20260705/ko-wiki-backfill-semisimple-ring_반단순환_raw_wikitext_20260705.txt,Korean source-body term observation only; do not insert into Noether corpus prose without a row-level Korean queue and source-context check.,literal substring count over saved Korean wikitext; no morphological disambiguation; no source snippets copied,UTF-8 Hangul/Hanja fallback source term; keep outside TeX math; verify Korean font path before any generated draft use.,generated-draft/non-canonical/not native reviewed/not approved/not accepted terminology/not gate-promoted/not complete
cjklex-0017,ko-source-attestation::ko-wiki-backfill-noetherian-ring::아이디얼,ko,Korean addendum,ideal,아이디얼,Hangul with possible Hanja,fallback-source-body-term-attestation-not-row-draft,ko-wiki-backfill-noetherian-ring 뇌터 환 rev 39051386 count 20; native-source-bodies/ko/wiki-bodies/backfill-20260705/ko-wiki-backfill-noetherian-ring_뇌터_환_raw_wikitext_20260705.txt,Korean source-body term observation only; do not insert into Noether corpus prose without a row-level Korean queue and source-context check.,literal substring count over saved Korean wikitext; no morphological disambiguation; no source snippets copied,UTF-8 Hangul/Hanja fallback source term; keep outside TeX math; verify Korean font path before any generated draft use.,generated-draft/non-canonical/not native reviewed/not approved/not accepted terminology/not gate-promoted/not complete
cjklex-0017,ko-source-attestation::ko-wiki-backfill-localization::아이디얼,ko,Korean addendum,ideal,아이디얼,Hangul with possible Hanja,fallback-source-body-term-attestation-not-row-draft,ko-wiki-backfill-localization 국소화 (환론) rev 41904060 count 12; native-source-bodies/ko/wiki-bodies/backfill-20260705/ko-wiki-backfill-localization_국소화_환론_raw_wikitext_20260705.txt,Korean source-body term observation only; do not insert into Noether corpus prose without a row-level Korean queue and source-context check.,literal substring count over saved Korean wikitext; no morphological disambiguation; no source snippets copied,UTF-8 Hangul/Hanja fallback source term; keep outside TeX math; verify Korean font path before any generated draft use.,generated-draft/non-canonical/not native reviewed/not approved/not accepted terminology/not gate-promoted/not complete
cjklex-0017,ko-source-attestation::ko-wiki-backfill-hilbert-basis::아이디얼,ko,Korean addendum,ideal,아이디얼,Hangul with possible Hanja,fallback-source-body-term-attestation-not-row-draft,ko-wiki-backfill-hilbert-basis 힐베르트 기저 정리 rev 39344425 count 2; native-source-bodies/ko/wiki-bodies/backfill-20260705/ko-wiki-backfill-hilbert-basis_힐베르트_기저_정리_raw_wikitext_20260705.txt,Korean source-body term observation only; do not insert into Noether corpus prose without a row-level Korean queue and source-context check.,literal substring count over saved Korean wikitext; no morphological disambiguation; no source snippets copied,UTF-8 Hangul/Hanja fallback source term; keep outside TeX math; verify Korean font path before any generated draft use.,generated-draft/non-canonical/not native reviewed/not approved/not accepted terminology/not gate-promoted/not complete
cjklex-0017,ko-source-attestation::ko-wiki-backfill-weierstrass-preparation::아이디얼,ko,Korean addendum,ideal,아이디얼,Hangul with possible Hanja,fallback-source-body-term-attestation-not-row-draft,ko-wiki-backfill-weierstrass-preparation 바이어스트라스 준비 정리 rev 39731383 count 1; native-source-bodies/ko/wiki-bodies/backfill-20260705/ko-wiki-backfill-weierstrass-preparation_바이어스트라스_준비_정리_raw_wikitext_20260705.txt,Korean source-body term observation only; do not insert into Noether corpus prose without a row-level Korean queue and source-context check.,literal substring count over saved Korean wikitext; no morphological disambiguation; no source snippets copied,UTF-8 Hangul/Hanja fallback source term; keep outside TeX math; verify Korean font path before any generated draft use.,generated-draft/non-canonical/not native reviewed/not approved/not accepted terminology/not gate-promoted/not complete
cjklex-0017,ko-source-attestation::ko-wiki-backfill-galois-cohomology::아이디얼,ko,Korean addendum,ideal,아이디얼,Hangul with possible Hanja,fallback-source-body-term-attestation-not-row-draft,ko-wiki-backfill-galois-cohomology 갈루아 코호몰로지 rev 39593007 count 1; native-source-bodies/ko/wiki-bodies/backfill-20260705/ko-wiki-backfill-galois-cohomology_갈루아_코호몰로지_raw_wikitext_20260705.txt,Korean source-body term observation only; do not insert into Noether corpus prose without a row-level Korean queue and source-context check.,literal substring count over saved Korean wikitext; no morphological disambiguation; no source snippets copied,UTF-8 Hangul/Hanja fallback source term; keep outside TeX math; verify Korean font path before any generated draft use.,generated-draft/non-canonical/not native reviewed/not approved/not accepted terminology/not gate-promoted/not complete
cjklex-0017,ko-source-attestation::ko-wiki-backfill-homomorphism-theorem::아이디얼,ko,Korean addendum,ideal,아이디얼,Hangul with possible Hanja,fallback-source-body-term-attestation-not-row-draft,ko-wiki-backfill-homomorphism-theorem 준동형 정리 rev 39209009 count 1; native-source-bodies/ko/wiki-bodies/backfill-20260705/ko-wiki-backfill-homomorphism-theorem_준동형_정리_raw_wikitext_20260705.txt,Korean source-body term observation only; do not insert into Noether corpus prose without a row-level Korean queue and source-context check.,literal substring count over saved Korean wikitext; no morphological disambiguation; no source snippets copied,UTF-8 Hangul/Hanja fallback source term; keep outside TeX math; verify Korean font path before any generated draft use.,generated-draft/non-canonical/not native reviewed/not approved/not accepted terminology/not gate-promoted/not complete
cjklex-0017,ko-source-attestation::ko-wiki-backfill-flat-module::아이디얼,ko,Korean addendum,ideal,아이디얼,Hangul with possible Hanja,fallback-source-body-term-attestation-not-row-draft,ko-wiki-backfill-flat-module 평탄 가군 rev 39344899 count 8; native-source-bodies/ko/wiki-bodies/backfill-20260705/ko-wiki-backfill-flat-module_평탄_가군_raw_wikitext_20260705.txt,Korean source-body term observation only; do not insert into Noether corpus prose without a row-level Korean queue and source-context check.,literal substring count over saved Korean wikitext; no morphological disambiguation; no source snippets copied,UTF-8 Hangul/Hanja fallback source term; keep outside TeX math; verify Korean font path before any generated draft use.,generated-draft/non-canonical/not native reviewed/not approved/not accepted terminology/not gate-promoted/not complete
cjklex-0017,ko-source-attestation::ko-wiki-backfill-prime-ideal::아이디얼,ko,Korean addendum,ideal,아이디얼,Hangul with possible Hanja,fallback-source-body-term-attestation-not-row-draft,ko-wiki-backfill-prime-ideal 소 아이디얼 rev 41653113 count 103; native-source-bodies/ko/wiki-bodies/backfill-20260705/ko-wiki-backfill-prime-ideal_소_아이디얼_raw_wikitext_20260705.txt,Korean source-body term observation only; do not insert into Noether corpus prose without a row-level Korean queue and source-context check.,literal substring count over saved Korean wikitext; no morphological disambiguation; no source snippets copied,UTF-8 Hangul/Hanja fallback source term; keep outside TeX math; verify Korean font path before any generated draft use.,generated-draft/non-canonical/not native reviewed/not approved/not accepted terminology/not gate-promoted/not complete
cjklex-0017,ko-source-attestation::ko-wiki-backfill-primary-ideal::아이디얼,ko,Korean addendum,ideal,아이디얼,Hangul with possible Hanja,fallback-source-body-term-attestation-not-row-draft,ko-wiki-backfill-primary-ideal 으뜸 아이디얼 rev 39160791 count 55; native-source-bodies/ko/wiki-bodies/backfill-20260705/ko-wiki-backfill-primary-ideal_으뜸_아이디얼_raw_wikitext_20260705.txt,Korean source-body term observation only; do not insert into Noether corpus prose without a row-level Korean queue and source-context check.,literal substring count over saved Korean wikitext; no morphological disambiguation; no source snippets copied,UTF-8 Hangul/Hanja fallback source term; keep outside TeX math; verify Korean font path before any generated draft use.,generated-draft/non-canonical/not native reviewed/not approved/not accepted terminology/not gate-promoted/not complete
cjklex-0017,ko-source-attestation::ko-wiki-backfill-algebraic-number-field::아이디얼,ko,Korean addendum,ideal,아이디얼,Hangul with possible Hanja,fallback-source-body-term-attestation-not-row-draft,ko-wiki-backfill-algebraic-number-field 대수적 수체 rev 41743364 count 16; native-source-bodies/ko/wiki-bodies/backfill-20260705/ko-wiki-backfill-algebraic-number-field_대수적_수체_raw_wikitext_20260705.txt,Korean source-body term observation only; do not insert into Noether corpus prose without a row-level Korean queue and source-context check.,literal substring count over saved Korean wikitext; no morphological disambiguation; no source snippets copied,UTF-8 Hangul/Hanja fallback source term; keep outside TeX math; verify Korean font path before any generated draft use.,generated-draft/non-canonical/not native reviewed/not approved/not accepted terminology/not gate-promoted/not complete
cjklex-0017,ko-source-attestation::ko-wiki-backfill-heegner-number::아이디얼,ko,Korean addendum,ideal,아이디얼,Hangul with possible Hanja,fallback-source-body-term-attestation-not-row-draft,ko-wiki-backfill-heegner-number 헤그너 수 rev 39041736 count 1; native-source-bodies/ko/wiki-bodies/backfill-20260705/ko-wiki-backfill-heegner-number_헤그너_수_raw_wikitext_20260705.txt,Korean source-body term observation only; do not insert into Noether corpus prose without a row-level Korean queue and source-context check.,literal substring count over saved Korean wikitext; no morphological disambiguation; no source snippets copied,UTF-8 Hangul/Hanja fallback source term; keep outside TeX math; verify Korean font path before any generated draft use.,generated-draft/non-canonical/not native reviewed/not approved/not accepted terminology/not gate-promoted/not complete
cjklex-0017,ko-source-attestation::ko-wiki-ideal::이데알,ko,Korean addendum,ideal,이데알,Hangul with possible Hanja,fallback-source-body-term-attestation-not-row-draft,ko-wiki-ideal 아이디얼 rev 39160743 count 1; native-source-bodies/ko/wiki-bodies/ko-wiki-ideal_아이디얼_wikitext_20260705.txt,Korean source-body term observation only; do not insert into Noether corpus prose without a row-level Korean queue and source-context check.,literal substring count over saved Korean wikitext; no morphological disambiguation; no source snippets copied,UTF-8 Hangul/Hanja fallback source term; keep outside TeX math; verify Korean font path before any generated draft use.,generated-draft/non-canonical/not native reviewed/not approved/not accepted terminology/not gate-promoted/not complete
cjklex-0017,ko-source-attestation::ko-wiki-backfill-decomposition-algebra::이데알,ko,Korean addendum,ideal,이데알,Hangul with possible Hanja,fallback-source-body-term-attestation-not-row-draft,ko-wiki-backfill-decomposition-algebra 분해 (대수학) rev 39792326 count 1; native-source-bodies/ko/wiki-bodies/backfill-20260705/ko-wiki-backfill-decomposition-algebra_분해_대수학_raw_wikitext_20260705.txt,Korean source-body term observation only; do not insert into Noether corpus prose without a row-level Korean queue and source-context check.,literal substring count over saved Korean wikitext; no morphological disambiguation; no source snippets copied,UTF-8 Hangul/Hanja fallback source term; keep outside TeX math; verify Korean font path before any generated draft use.,generated-draft/non-canonical/not native reviewed/not approved/not accepted terminology/not gate-promoted/not complete
cjklex-0017,ko-source-attestation::ko-wiki-backfill-weierstrass-preparation::이데알,ko,Korean addendum,ideal,이데알,Hangul with possible Hanja,fallback-source-body-term-attestation-not-row-draft,ko-wiki-backfill-weierstrass-preparation 바이어스트라스 준비 정리 rev 39731383 count 2; native-source-bodies/ko/wiki-bodies/backfill-20260705/ko-wiki-backfill-weierstrass-preparation_바이어스트라스_준비_정리_raw_wikitext_20260705.txt,Korean source-body term observation only; do not insert into Noether corpus prose without a row-level Korean queue and source-context check.,literal substring count over saved Korean wikitext; no morphological disambiguation; no source snippets copied,UTF-8 Hangul/Hanja fallback source term; keep outside TeX math; verify Korean font path before any generated draft use.,generated-draft/non-canonical/not native reviewed/not approved/not accepted terminology/not gate-promoted/not complete
cjklex-0017,ko-source-attestation::ko-wiki-backfill-galois-cohomology::이데알,ko,Korean addendum,ideal,이데알,Hangul with possible Hanja,fallback-source-body-term-attestation-not-row-draft,ko-wiki-backfill-galois-cohomology 갈루아 코호몰로지 rev 39593007 count 1; native-source-bodies/ko/wiki-bodies/backfill-20260705/ko-wiki-backfill-galois-cohomology_갈루아_코호몰로지_raw_wikitext_20260705.txt,Korean source-body term observation only; do not insert into Noether corpus prose without a row-level Korean queue and source-context check.,literal substring count over saved Korean wikitext; no morphological disambiguation; no source snippets copied,UTF-8 Hangul/Hanja fallback source term; keep outside TeX math; verify Korean font path before any generated draft use.,generated-draft/non-canonical/not native reviewed/not approved/not accepted terminology/not gate-promoted/not complete
cjklex-0018,term-ja-0035,ja,Japanese,semisimple ring,半単純環,Japanese kana+kanji,source-canon-sufficient-for-scoped-draft,ja-src-001 Matsumura commutative-ring TeX source | ja-pdf-002 Ando algebra lecture-note PDF set | ja-pdf-003 Nagai invariant-theory PDF witness | ja-pdf-004 Ryoya Ando commutative-algebra PDF witness | CJK-native source-support/codepoint ledgers,"Use near formulas only with the exact source anchor already present in the row packet; keep TeX variables, ideals/modules/rings, and arrows/macros unchanged. Use UTF-8 and a CJK-capable TeX/PDF path. Do not split the target term across inline math; check punctuation, CJK/Latin spacing, and line breaks around formulas.",,"Use UTF-8 and a CJK-capable TeX/PDF path. Do not split the target term across inline math; check punctuation, CJK/Latin spacing, and line breaks around formulas.",generated-draft/non-canonical/not native reviewed/not approved/not accepted terminology/not gate-promoted/not complete
cjklex-0018,ko-source-attestation::ko-wiki-backfill-decomposition-algebra::반단순 환,ko,Korean addendum,semisimple ring,반단순 환,Hangul with possible Hanja,fallback-source-body-term-attestation-not-row-draft,ko-wiki-backfill-decomposition-algebra 분해 (대수학) rev 39792326 count 1; native-source-bodies/ko/wiki-bodies/backfill-20260705/ko-wiki-backfill-decomposition-algebra_분해_대수학_raw_wikitext_20260705.txt,Korean source-body term observation only; do not insert into Noether corpus prose without a row-level Korean queue and source-context check.,literal substring count over saved Korean wikitext; no morphological disambiguation; no source snippets copied,UTF-8 Hangul/Hanja fallback source term; keep outside TeX math; verify Korean font path before any generated draft use.,generated-draft/non-canonical/not native reviewed/not approved/not accepted terminology/not gate-promoted/not complete
cjklex-0019,term-ja-0036,ja,Japanese,principal ideal,主イデアル,Japanese kana+kanji,source-canon-sufficient-for-scoped-draft,ja-src-001 Matsumura commutative-ring TeX source | ja-pdf-002 Ando algebra lecture-note PDF set | ja-pdf-003 Nagai invariant-theory PDF witness | ja-pdf-004 Ryoya Ando commutative-algebra PDF witness | CJK-native source-support/codepoint ledgers,"Use near formulas only with the exact source anchor already present in the row packet; keep TeX variables, ideals/modules/rings, and arrows/macros unchanged. Use UTF-8 and a CJK-capable TeX/PDF path. Do not split the target term across inline math; check punctuation, CJK/Latin spacing, and line breaks around formulas.",,"Use UTF-8 and a CJK-capable TeX/PDF path. Do not split the target term across inline math; check punctuation, CJK/Latin spacing, and line breaks around formulas.",generated-draft/non-canonical/not native reviewed/not approved/not accepted terminology/not gate-promoted/not complete
cjklex-0019,term-zh-hans-0029,zh-Hans,Simplified Chinese,principal ideal,主理想,Simplified Han,source-canon-sufficient-for-scoped-draft,zh-Hans-src-001 AlJabr-1 TeX source repository | zh-Hans-src-002 AlJabr-2 TeX source repository | CJK-native source-support/codepoint ledgers,"Use near formulas only with the exact source anchor already present in the row packet; keep TeX variables, ideals/modules/rings, and arrows/macros unchanged. Use UTF-8 and a CJK-capable TeX/PDF path. Do not split the target term across inline math; check punctuation, CJK/Latin spacing, and line breaks around formulas.",,"Use UTF-8 and a CJK-capable TeX/PDF path. Do not split the target term across inline math; check punctuation, CJK/Latin spacing, and line breaks around formulas.",generated-draft/non-canonical/not native reviewed/not approved/not accepted terminology/not gate-promoted/not complete
cjklex-0019,ko-source-attestation::ko-wiki-module::주 아이디얼,ko,Korean addendum,principal ideal,주 아이디얼,Hangul with possible Hanja,fallback-source-body-term-attestation-not-row-draft,ko-wiki-module 가군 rev 41652760 count 1; native-source-bodies/ko/wiki-bodies/ko-wiki-module_가군_wikitext_20260705.txt,Korean source-body term observation only; do not insert into Noether corpus prose without a row-level Korean queue and source-context check.,literal substring count over saved Korean wikitext; no morphological disambiguation; no source snippets copied,UTF-8 Hangul/Hanja fallback source term; keep outside TeX math; verify Korean font path before any generated draft use.,generated-draft/non-canonical/not native reviewed/not approved/not accepted terminology/not gate-promoted/not complete
cjklex-0019,ko-source-attestation::ko-wiki-field::주 아이디얼,ko,Korean addendum,principal ideal,주 아이디얼,Hangul with possible Hanja,fallback-source-body-term-attestation-not-row-draft,ko-wiki-field 체 (수학) rev 41649269 count 1; native-source-bodies/ko/wiki-bodies/ko-wiki-field_체_수학_wikitext_20260705.txt,Korean source-body term observation only; do not insert into Noether corpus prose without a row-level Korean queue and source-context check.,literal substring count over saved Korean wikitext; no morphological disambiguation; no source snippets copied,UTF-8 Hangul/Hanja fallback source term; keep outside TeX math; verify Korean font path before any generated draft use.,generated-draft/non-canonical/not native reviewed/not approved/not accepted terminology/not gate-promoted/not complete
cjklex-0019,ko-source-attestation::ko-wiki-ideal::주 아이디얼,ko,Korean addendum,principal ideal,주 아이디얼,Hangul with possible Hanja,fallback-source-body-term-attestation-not-row-draft,ko-wiki-ideal 아이디얼 rev 39160743 count 6; native-source-bodies/ko/wiki-bodies/ko-wiki-ideal_아이디얼_wikitext_20260705.txt,Korean source-body term observation only; do not insert into Noether corpus prose without a row-level Korean queue and source-context check.,literal substring count over saved Korean wikitext; no morphological disambiguation; no source snippets copied,UTF-8 Hangul/Hanja fallback source term; keep outside TeX math; verify Korean font path before any generated draft use.,generated-draft/non-canonical/not native reviewed/not approved/not accepted terminology/not gate-promoted/not complete
cjklex-0019,ko-source-attestation::ko-wiki-commutative-algebra::주 아이디얼,ko,Korean addendum,principal ideal,주 아이디얼,Hangul with possible Hanja,fallback-source-body-term-attestation-not-row-draft,ko-wiki-commutative-algebra 가환대수학 rev 41811027 count 1; native-source-bodies/ko/wiki-bodies/ko-wiki-commutative-algebra_가환대수학_wikitext_20260705.txt,Korean source-body term observation only; do not insert into Noether corpus prose without a row-level Korean queue and source-context check.,literal substring count over saved Korean wikitext; no morphological disambiguation; no source snippets copied,UTF-8 Hangul/Hanja fallback source term; keep outside TeX math; verify Korean font path before any generated draft use.,generated-draft/non-canonical/not native reviewed/not approved/not accepted terminology/not gate-promoted/not complete
cjklex-0019,ko-source-attestation::ko-wiki-backfill-noetherian-ring::주 아이디얼,ko,Korean addendum,principal ideal,주 아이디얼,Hangul with possible Hanja,fallback-source-body-term-attestation-not-row-draft,ko-wiki-backfill-noetherian-ring 뇌터 환 rev 39051386 count 1; native-source-bodies/ko/wiki-bodies/backfill-20260705/ko-wiki-backfill-noetherian-ring_뇌터_환_raw_wikitext_20260705.txt,Korean source-body term observation only; do not insert into Noether corpus prose without a row-level Korean queue and source-context check.,literal substring count over saved Korean wikitext; no morphological disambiguation; no source snippets copied,UTF-8 Hangul/Hanja fallback source term; keep outside TeX math; verify Korean font path before any generated draft use.,generated-draft/non-canonical/not native reviewed/not approved/not accepted terminology/not gate-promoted/not complete
cjklex-0019,ko-source-attestation::ko-wiki-backfill-localization::주 아이디얼,ko,Korean addendum,principal ideal,주 아이디얼,Hangul with possible Hanja,fallback-source-body-term-attestation-not-row-draft,ko-wiki-backfill-localization 국소화 (환론) rev 41904060 count 1; native-source-bodies/ko/wiki-bodies/backfill-20260705/ko-wiki-backfill-localization_국소화_환론_raw_wikitext_20260705.txt,Korean source-body term observation only; do not insert into Noether corpus prose without a row-level Korean queue and source-context check.,literal substring count over saved Korean wikitext; no morphological disambiguation; no source snippets copied,UTF-8 Hangul/Hanja fallback source term; keep outside TeX math; verify Korean font path before any generated draft use.,generated-draft/non-canonical/not native reviewed/not approved/not accepted terminology/not gate-promoted/not complete
cjklex-0019,ko-source-attestation::ko-wiki-backfill-prime-ideal::주 아이디얼,ko,Korean addendum,principal ideal,주 아이디얼,Hangul with possible Hanja,fallback-source-body-term-attestation-not-row-draft,ko-wiki-backfill-prime-ideal 소 아이디얼 rev 41653113 count 2; native-source-bodies/ko/wiki-bodies/backfill-20260705/ko-wiki-backfill-prime-ideal_소_아이디얼_raw_wikitext_20260705.txt,Korean source-body term observation only; do not insert into Noether corpus prose without a row-level Korean queue and source-context check.,literal substring count over saved Korean wikitext; no morphological disambiguation; no source snippets copied,UTF-8 Hangul/Hanja fallback source term; keep outside TeX math; verify Korean font path before any generated draft use.,generated-draft/non-canonical/not native reviewed/not approved/not accepted terminology/not gate-promoted/not complete
cjklex-0019,ko-source-attestation::ko-wiki-backfill-primary-ideal::주 아이디얼,ko,Korean addendum,principal ideal,주 아이디얼,Hangul with possible Hanja,fallback-source-body-term-attestation-not-row-draft,ko-wiki-backfill-primary-ideal 으뜸 아이디얼 rev 39160791 count 4; native-source-bodies/ko/wiki-bodies/backfill-20260705/ko-wiki-backfill-primary-ideal_으뜸_아이디얼_raw_wikitext_20260705.txt,Korean source-body term observation only; do not insert into Noether corpus prose without a row-level Korean queue and source-context check.,literal substring count over saved Korean wikitext; no morphological disambiguation; no source snippets copied,UTF-8 Hangul/Hanja fallback source term; keep outside TeX math; verify Korean font path before any generated draft use.,generated-draft/non-canonical/not native reviewed/not approved/not accepted terminology/not gate-promoted/not complete
cjklex-0019,ko-source-attestation::ko-wiki-backfill-algebraic-number-field::주 아이디얼,ko,Korean addendum,principal ideal,주 아이디얼,Hangul with possible Hanja,fallback-source-body-term-attestation-not-row-draft,ko-wiki-backfill-algebraic-number-field 대수적 수체 rev 41743364 count 5; native-source-bodies/ko/wiki-bodies/backfill-20260705/ko-wiki-backfill-algebraic-number-field_대수적_수체_raw_wikitext_20260705.txt,Korean source-body term observation only; do not insert into Noether corpus prose without a row-level Korean queue and source-context check.,literal substring count over saved Korean wikitext; no morphological disambiguation; no source snippets copied,UTF-8 Hangul/Hanja fallback source term; keep outside TeX math; verify Korean font path before any generated draft use.,generated-draft/non-canonical/not native reviewed/not approved/not accepted terminology/not gate-promoted/not complete
cjklex-0020,term-ja-0037,ja,Japanese,commutative ring,可換環,Japanese kana+kanji,source-canon-sufficient-for-scoped-draft,ja-src-001 Matsumura commutative-ring TeX source | ja-pdf-002 Ando algebra lecture-note PDF set | ja-pdf-003 Nagai invariant-theory PDF witness | ja-pdf-004 Ryoya Ando commutative-algebra PDF witness | CJK-native source-support/codepoint ledgers,"Use near formulas only with the exact source anchor already present in the row packet; keep TeX variables, ideals/modules/rings, and arrows/macros unchanged. Use UTF-8 and a CJK-capable TeX/PDF path. Do not split the target term across inline math; check punctuation, CJK/Latin spacing, and line breaks around formulas.",,"Use UTF-8 and a CJK-capable TeX/PDF path. Do not split the target term across inline math; check punctuation, CJK/Latin spacing, and line breaks around formulas.",generated-draft/non-canonical/not native reviewed/not approved/not accepted terminology/not gate-promoted/not complete
cjklex-0020,term-zh-hans-0030,zh-Hans,Simplified Chinese,commutative ring,交换环,Simplified Han,source-canon-sufficient-for-scoped-draft,zh-Hans-src-001 AlJabr-1 TeX source repository | zh-Hans-src-002 AlJabr-2 TeX source repository | CJK-native source-support/codepoint ledgers,"Use near formulas only with the exact source anchor already present in the row packet; keep TeX variables, ideals/modules/rings, and arrows/macros unchanged. Use UTF-8 and a CJK-capable TeX/PDF path. Do not split the target term across inline math; check punctuation, CJK/Latin spacing, and line breaks around formulas.",可交换环,"Use UTF-8 and a CJK-capable TeX/PDF path. Do not split the target term across inline math; check punctuation, CJK/Latin spacing, and line breaks around formulas.",generated-draft/non-canonical/not native reviewed/not approved/not accepted terminology/not gate-promoted/not complete
cjklex-0020,ko-source-attestation::ko-wiki-abstract-algebra::가환환,ko,Korean addendum,commutative ring,가환환,Hangul with possible Hanja,fallback-source-body-term-attestation-not-row-draft,ko-wiki-abstract-algebra 추상대수학 rev 41744985 count 1; native-source-bodies/ko/wiki-bodies/ko-wiki-abstract-algebra_추상대수학_wikitext_20260705.txt,Korean source-body term observation only; do not insert into Noether corpus prose without a row-level Korean queue and source-context check.,literal substring count over saved Korean wikitext; no morphological disambiguation; no source snippets copied,UTF-8 Hangul/Hanja fallback source term; keep outside TeX math; verify Korean font path before any generated draft use.,generated-draft/non-canonical/not native reviewed/not approved/not accepted terminology/not gate-promoted/not complete
cjklex-0020,ko-source-attestation::ko-wiki-algebra::가환환,ko,Korean addendum,commutative ring,가환환,Hangul with possible Hanja,fallback-source-body-term-attestation-not-row-draft,ko-wiki-algebra 대수학 rev 41960238 count 1; native-source-bodies/ko/wiki-bodies/ko-wiki-algebra_대수학_wikitext_20260705.txt,Korean source-body term observation only; do not insert into Noether corpus prose without a row-level Korean queue and source-context check.,literal substring count over saved Korean wikitext; no morphological disambiguation; no source snippets copied,UTF-8 Hangul/Hanja fallback source term; keep outside TeX math; verify Korean font path before any generated draft use.,generated-draft/non-canonical/not native reviewed/not approved/not accepted terminology/not gate-promoted/not complete
cjklex-0020,ko-source-attestation::ko-wiki-ring-theory::가환환,ko,Korean addendum,commutative ring,가환환,Hangul with possible Hanja,fallback-source-body-term-attestation-not-row-draft,ko-wiki-ring-theory 환론 rev 39056267 count 4; native-source-bodies/ko/wiki-bodies/ko-wiki-ring-theory_환론_wikitext_20260705.txt,Korean source-body term observation only; do not insert into Noether corpus prose without a row-level Korean queue and source-context check.,literal substring count over saved Korean wikitext; no morphological disambiguation; no source snippets copied,UTF-8 Hangul/Hanja fallback source term; keep outside TeX math; verify Korean font path before any generated draft use.,generated-draft/non-canonical/not native reviewed/not approved/not accepted terminology/not gate-promoted/not complete
cjklex-0020,ko-source-attestation::ko-wiki-module::가환환,ko,Korean addendum,commutative ring,가환환,Hangul with possible Hanja,fallback-source-body-term-attestation-not-row-draft,ko-wiki-module 가군 rev 41652760 count 7; native-source-bodies/ko/wiki-bodies/ko-wiki-module_가군_wikitext_20260705.txt,Korean source-body term observation only; do not insert into Noether corpus prose without a row-level Korean queue and source-context check.,literal substring count over saved Korean wikitext; no morphological disambiguation; no source snippets copied,UTF-8 Hangul/Hanja fallback source term; keep outside TeX math; verify Korean font path before any generated draft use.,generated-draft/non-canonical/not native reviewed/not approved/not accepted terminology/not gate-promoted/not complete
cjklex-0020,ko-source-attestation::ko-wiki-field::가환환,ko,Korean addendum,commutative ring,가환환,Hangul with possible Hanja,fallback-source-body-term-attestation-not-row-draft,ko-wiki-field 체 (수학) rev 41649269 count 9; native-source-bodies/ko/wiki-bodies/ko-wiki-field_체_수학_wikitext_20260705.txt,Korean source-body term observation only; do not insert into Noether corpus prose without a row-level Korean queue and source-context check.,literal substring count over saved Korean wikitext; no morphological disambiguation; no source snippets copied,UTF-8 Hangul/Hanja fallback source term; keep outside TeX math; verify Korean font path before any generated draft use.,generated-draft/non-canonical/not native reviewed/not approved/not accepted terminology/not gate-promoted/not complete
cjklex-0020,ko-source-attestation::ko-wiki-ideal::가환환,ko,Korean addendum,commutative ring,가환환,Hangul with possible Hanja,fallback-source-body-term-attestation-not-row-draft,ko-wiki-ideal 아이디얼 rev 39160743 count 1; native-source-bodies/ko/wiki-bodies/ko-wiki-ideal_아이디얼_wikitext_20260705.txt,Korean source-body term observation only; do not insert into Noether corpus prose without a row-level Korean queue and source-context check.,literal substring count over saved Korean wikitext; no morphological disambiguation; no source snippets copied,UTF-8 Hangul/Hanja fallback source term; keep outside TeX math; verify Korean font path before any generated draft use.,generated-draft/non-canonical/not native reviewed/not approved/not accepted terminology/not gate-promoted/not complete
cjklex-0020,ko-source-attestation::ko-wiki-commutative-algebra::가환환,ko,Korean addendum,commutative ring,가환환,Hangul with possible Hanja,fallback-source-body-term-attestation-not-row-draft,ko-wiki-commutative-algebra 가환대수학 rev 41811027 count 5; native-source-bodies/ko/wiki-bodies/ko-wiki-commutative-algebra_가환대수학_wikitext_20260705.txt,Korean source-body term observation only; do not insert into Noether corpus prose without a row-level Korean queue and source-context check.,literal substring count over saved Korean wikitext; no morphological disambiguation; no source snippets copied,UTF-8 Hangul/Hanja fallback source term; keep outside TeX math; verify Korean font path before any generated draft use.,generated-draft/non-canonical/not native reviewed/not approved/not accepted terminology/not gate-promoted/not complete
cjklex-0020,ko-source-attestation::ko-wiki-backfill-semisimple-ring::가환환,ko,Korean addendum,commutative ring,가환환,Hangul with possible Hanja,fallback-source-body-term-attestation-not-row-draft,ko-wiki-backfill-semisimple-ring 반단순환 rev 39375212 count 1; native-source-bodies/ko/wiki-bodies/backfill-20260705/ko-wiki-backfill-semisimple-ring_반단순환_raw_wikitext_20260705.txt,Korean source-body term observation only; do not insert into Noether corpus prose without a row-level Korean queue and source-context check.,literal substring count over saved Korean wikitext; no morphological disambiguation; no source snippets copied,UTF-8 Hangul/Hanja fallback source term; keep outside TeX math; verify Korean font path before any generated draft use.,generated-draft/non-canonical/not native reviewed/not approved/not accepted terminology/not gate-promoted/not complete
cjklex-0020,ko-source-attestation::ko-wiki-backfill-hopf-algebra::가환환,ko,Korean addendum,commutative ring,가환환,Hangul with possible Hanja,fallback-source-body-term-attestation-not-row-draft,ko-wiki-backfill-hopf-algebra 호프 대수 rev 41657185 count 1; native-source-bodies/ko/wiki-bodies/backfill-20260705/ko-wiki-backfill-hopf-algebra_호프_대수_raw_wikitext_20260705.txt,Korean source-body term observation only; do not insert into Noether corpus prose without a row-level Korean queue and source-context check.,literal substring count over saved Korean wikitext; no morphological disambiguation; no source snippets copied,UTF-8 Hangul/Hanja fallback source term; keep outside TeX math; verify Korean font path before any generated draft use.,generated-draft/non-canonical/not native reviewed/not approved/not accepted terminology/not gate-promoted/not complete
cjklex-0020,ko-source-attestation::ko-wiki-backfill-noetherian-ring::가환환,ko,Korean addendum,commutative ring,가환환,Hangul with possible Hanja,fallback-source-body-term-attestation-not-row-draft,ko-wiki-backfill-noetherian-ring 뇌터 환 rev 39051386 count 25; native-source-bodies/ko/wiki-bodies/backfill-20260705/ko-wiki-backfill-noetherian-ring_뇌터_환_raw_wikitext_20260705.txt,Korean source-body term observation only; do not insert into Noether corpus prose without a row-level Korean queue and source-context check.,literal substring count over saved Korean wikitext; no morphological disambiguation; no source snippets copied,UTF-8 Hangul/Hanja fallback source term; keep outside TeX math; verify Korean font path before any generated draft use.,generated-draft/non-canonical/not native reviewed/not approved/not accepted terminology/not gate-promoted/not complete
cjklex-0020,ko-source-attestation::ko-wiki-backfill-localization::가환환,ko,Korean addendum,commutative ring,가환환,Hangul with possible Hanja,fallback-source-body-term-attestation-not-row-draft,ko-wiki-backfill-localization 국소화 (환론) rev 41904060 count 30; native-source-bodies/ko/wiki-bodies/backfill-20260705/ko-wiki-backfill-localization_국소화_환론_raw_wikitext_20260705.txt,Korean source-body term observation only; do not insert into Noether corpus prose without a row-level Korean queue and source-context check.,literal substring count over saved Korean wikitext; no morphological disambiguation; no source snippets copied,UTF-8 Hangul/Hanja fallback source term; keep outside TeX math; verify Korean font path before any generated draft use.,generated-draft/non-canonical/not native reviewed/not approved/not accepted terminology/not gate-promoted/not complete
cjklex-0020,ko-source-attestation::ko-wiki-backfill-hilbert-basis::가환환,ko,Korean addendum,commutative ring,가환환,Hangul with possible Hanja,fallback-source-body-term-attestation-not-row-draft,ko-wiki-backfill-hilbert-basis 힐베르트 기저 정리 rev 39344425 count 1; native-source-bodies/ko/wiki-bodies/backfill-20260705/ko-wiki-backfill-hilbert-basis_힐베르트_기저_정리_raw_wikitext_20260705.txt,Korean source-body term observation only; do not insert into Noether corpus prose without a row-level Korean queue and source-context check.,literal substring count over saved Korean wikitext; no morphological disambiguation; no source snippets copied,UTF-8 Hangul/Hanja fallback source term; keep outside TeX math; verify Korean font path before any generated draft use.,generated-draft/non-canonical/not native reviewed/not approved/not accepted terminology/not gate-promoted/not complete
cjklex-0020,ko-source-attestation::ko-wiki-backfill-flat-module::가환환,ko,Korean addendum,commutative ring,가환환,Hangul with possible Hanja,fallback-source-body-term-attestation-not-row-draft,ko-wiki-backfill-flat-module 평탄 가군 rev 39344899 count 4; native-source-bodies/ko/wiki-bodies/backfill-20260705/ko-wiki-backfill-flat-module_평탄_가군_raw_wikitext_20260705.txt,Korean source-body term observation only; do not insert into Noether corpus prose without a row-level Korean queue and source-context check.,literal substring count over saved Korean wikitext; no morphological disambiguation; no source snippets copied,UTF-8 Hangul/Hanja fallback source term; keep outside TeX math; verify Korean font path before any generated draft use.,generated-draft/non-canonical/not native reviewed/not approved/not accepted terminology/not gate-promoted/not complete
cjklex-0020,ko-source-attestation::ko-wiki-backfill-quiver-representation::가환환,ko,Korean addendum,commutative ring,가환환,Hangul with possible Hanja,fallback-source-body-term-attestation-not-row-draft,ko-wiki-backfill-quiver-representation 화살집 표현 rev 39479528 count 3; native-source-bodies/ko/wiki-bodies/backfill-20260705/ko-wiki-backfill-quiver-representation_화살집_표현_raw_wikitext_20260705.txt,Korean source-body term observation only; do not insert into Noether corpus prose without a row-level Korean queue and source-context check.,literal substring count over saved Korean wikitext; no morphological disambiguation; no source snippets copied,UTF-8 Hangul/Hanja fallback source term; keep outside TeX math; verify Korean font path before any generated draft use.,generated-draft/non-canonical/not native reviewed/not approved/not accepted terminology/not gate-promoted/not complete
cjklex-0020,ko-source-attestation::ko-wiki-backfill-prime-ideal::가환환,ko,Korean addendum,commutative ring,가환환,Hangul with possible Hanja,fallback-source-body-term-attestation-not-row-draft,ko-wiki-backfill-prime-ideal 소 아이디얼 rev 41653113 count 21; native-source-bodies/ko/wiki-bodies/backfill-20260705/ko-wiki-backfill-prime-ideal_소_아이디얼_raw_wikitext_20260705.txt,Korean source-body term observation only; do not insert into Noether corpus prose without a row-level Korean queue and source-context check.,literal substring count over saved Korean wikitext; no morphological disambiguation; no source snippets copied,UTF-8 Hangul/Hanja fallback source term; keep outside TeX math; verify Korean font path before any generated draft use.,generated-draft/non-canonical/not native reviewed/not approved/not accepted terminology/not gate-promoted/not complete
cjklex-0020,ko-source-attestation::ko-wiki-backfill-primary-ideal::가환환,ko,Korean addendum,commutative ring,가환환,Hangul with possible Hanja,fallback-source-body-term-attestation-not-row-draft,ko-wiki-backfill-primary-ideal 으뜸 아이디얼 rev 39160791 count 14; native-source-bodies/ko/wiki-bodies/backfill-20260705/ko-wiki-backfill-primary-ideal_으뜸_아이디얼_raw_wikitext_20260705.txt,Korean source-body term observation only; do not insert into Noether corpus prose without a row-level Korean queue and source-context check.,literal substring count over saved Korean wikitext; no morphological disambiguation; no source snippets copied,UTF-8 Hangul/Hanja fallback source term; keep outside TeX math; verify Korean font path before any generated draft use.,generated-draft/non-canonical/not native reviewed/not approved/not accepted terminology/not gate-promoted/not complete
cjklex-0020,ko-source-attestation::ko-wiki-backfill-weierstrass-preparation::가환 환,ko,Korean addendum,commutative ring,가환 환,Hangul with possible Hanja,fallback-source-body-term-attestation-not-row-draft,ko-wiki-backfill-weierstrass-preparation 바이어스트라스 준비 정리 rev 39731383 count 1; native-source-bodies/ko/wiki-bodies/backfill-20260705/ko-wiki-backfill-weierstrass-preparation_바이어스트라스_준비_정리_raw_wikitext_20260705.txt,Korean source-body term observation only; do not insert into Noether corpus prose without a row-level Korean queue and source-context check.,literal substring count over saved Korean wikitext; no morphological disambiguation; no source snippets copied,UTF-8 Hangul/Hanja fallback source term; keep outside TeX math; verify Korean font path before any generated draft use.,generated-draft/non-canonical/not native reviewed/not approved/not accepted terminology/not gate-promoted/not complete
cjklex-0021,term-ja-0038,ja,Japanese,quotient ring,商環,Japanese kana+kanji,source-canon-sufficient-for-scoped-draft,ja-src-001 Matsumura commutative-ring TeX source | ja-pdf-002 Ando algebra lecture-note PDF set | ja-pdf-003 Nagai invariant-theory PDF witness | ja-pdf-004 Ryoya Ando commutative-algebra PDF witness | CJK-native source-support/codepoint ledgers,"Use near formulas only with the exact source anchor already present in the row packet; keep TeX variables, ideals/modules/rings, and arrows/macros unchanged. Use UTF-8 and a CJK-capable TeX/PDF path. Do not split the target term across inline math; check punctuation, CJK/Latin spacing, and line breaks around formulas.",,"Use UTF-8 and a CJK-capable TeX/PDF path. Do not split the target term across inline math; check punctuation, CJK/Latin spacing, and line breaks around formulas.",generated-draft/non-canonical/not native reviewed/not approved/not accepted terminology/not gate-promoted/not complete
cjklex-0021,term-zh-hans-0031,zh-Hans,Simplified Chinese,quotient ring,商环,Simplified Han,source-canon-sufficient-for-scoped-draft,zh-Hans-src-001 AlJabr-1 TeX source repository | zh-Hans-src-002 AlJabr-2 TeX source repository | CJK-native source-support/codepoint ledgers,"Use near formulas only with the exact source anchor already present in the row packet; keep TeX variables, ideals/modules/rings, and arrows/macros unchanged. Use UTF-8 and a CJK-capable TeX/PDF path. Do not split the target term across inline math; check punctuation, CJK/Latin spacing, and line breaks around formulas.",,"Use UTF-8 and a CJK-capable TeX/PDF path. Do not split the target term across inline math; check punctuation, CJK/Latin spacing, and line breaks around formulas.",generated-draft/non-canonical/not native reviewed/not approved/not accepted terminology/not gate-promoted/not complete
cjklex-0021,ko-source-attestation::ko-wiki-module::몫환,ko,Korean addendum,quotient ring,몫환,Hangul with possible Hanja,fallback-source-body-term-attestation-not-row-draft,ko-wiki-module 가군 rev 41652760 count 1; native-source-bodies/ko/wiki-bodies/ko-wiki-module_가군_wikitext_20260705.txt,Korean source-body term observation only; do not insert into Noether corpus prose without a row-level Korean queue and source-context check.,literal substring count over saved Korean wikitext; no morphological disambiguation; no source snippets copied,UTF-8 Hangul/Hanja fallback source term; keep outside TeX math; verify Korean font path before any generated draft use.,generated-draft/non-canonical/not native reviewed/not approved/not accepted terminology/not gate-promoted/not complete
cjklex-0021,ko-source-attestation::ko-wiki-ideal::몫환,ko,Korean addendum,quotient ring,몫환,Hangul with possible Hanja,fallback-source-body-term-attestation-not-row-draft,ko-wiki-ideal 아이디얼 rev 39160743 count 1; native-source-bodies/ko/wiki-bodies/ko-wiki-ideal_아이디얼_wikitext_20260705.txt,Korean source-body term observation only; do not insert into Noether corpus prose without a row-level Korean queue and source-context check.,literal substring count over saved Korean wikitext; no morphological disambiguation; no source snippets copied,UTF-8 Hangul/Hanja fallback source term; keep outside TeX math; verify Korean font path before any generated draft use.,generated-draft/non-canonical/not native reviewed/not approved/not accepted terminology/not gate-promoted/not complete
cjklex-0021,ko-source-attestation::ko-wiki-backfill-noetherian-ring::몫환,ko,Korean addendum,quotient ring,몫환,Hangul with possible Hanja,fallback-source-body-term-attestation-not-row-draft,ko-wiki-backfill-noetherian-ring 뇌터 환 rev 39051386 count 2; native-source-bodies/ko/wiki-bodies/backfill-20260705/ko-wiki-backfill-noetherian-ring_뇌터_환_raw_wikitext_20260705.txt,Korean source-body term observation only; do not insert into Noether corpus prose without a row-level Korean queue and source-context check.,literal substring count over saved Korean wikitext; no morphological disambiguation; no source snippets copied,UTF-8 Hangul/Hanja fallback source term; keep outside TeX math; verify Korean font path before any generated draft use.,generated-draft/non-canonical/not native reviewed/not approved/not accepted terminology/not gate-promoted/not complete
cjklex-0021,ko-source-attestation::ko-wiki-backfill-localization::몫환,ko,Korean addendum,quotient ring,몫환,Hangul with possible Hanja,fallback-source-body-term-attestation-not-row-draft,ko-wiki-backfill-localization 국소화 (환론) rev 41904060 count 2; native-source-bodies/ko/wiki-bodies/backfill-20260705/ko-wiki-backfill-localization_국소화_환론_raw_wikitext_20260705.txt,Korean source-body term observation only; do not insert into Noether corpus prose without a row-level Korean queue and source-context check.,literal substring count over saved Korean wikitext; no morphological disambiguation; no source snippets copied,UTF-8 Hangul/Hanja fallback source term; keep outside TeX math; verify Korean font path before any generated draft use.,generated-draft/non-canonical/not native reviewed/not approved/not accepted terminology/not gate-promoted/not complete
cjklex-0021,ko-source-attestation::ko-wiki-backfill-prime-ideal::몫환,ko,Korean addendum,quotient ring,몫환,Hangul with possible Hanja,fallback-source-body-term-attestation-not-row-draft,ko-wiki-backfill-prime-ideal 소 아이디얼 rev 41653113 count 2; native-source-bodies/ko/wiki-bodies/backfill-20260705/ko-wiki-backfill-prime-ideal_소_아이디얼_raw_wikitext_20260705.txt,Korean source-body term observation only; do not insert into Noether corpus prose without a row-level Korean queue and source-context check.,literal substring count over saved Korean wikitext; no morphological disambiguation; no source snippets copied,UTF-8 Hangul/Hanja fallback source term; keep outside TeX math; verify Korean font path before any generated draft use.,generated-draft/non-canonical/not native reviewed/not approved/not accepted terminology/not gate-promoted/not complete
cjklex-0021,ko-source-attestation::ko-wiki-backfill-algebraic-number-field::상환,ko,Korean addendum,quotient ring,상환,Hangul with possible Hanja,fallback-source-body-term-attestation-not-row-draft,ko-wiki-backfill-algebraic-number-field 대수적 수체 rev 41743364 count 1; native-source-bodies/ko/wiki-bodies/backfill-20260705/ko-wiki-backfill-algebraic-number-field_대수적_수체_raw_wikitext_20260705.txt,Korean source-body term observation only; do not insert into Noether corpus prose without a row-level Korean queue and source-context check.,literal substring count over saved Korean wikitext; no morphological disambiguation; no source snippets copied,UTF-8 Hangul/Hanja fallback source term; keep outside TeX math; verify Korean font path before any generated draft use.,generated-draft/non-canonical/not native reviewed/not approved/not accepted terminology/not gate-promoted/not complete
cjklex-0022,term-ja-0039,ja,Japanese,maximal ideal,極大イデアル,Japanese kana+kanji,source-canon-sufficient-for-scoped-draft,ja-src-001 Matsumura commutative-ring TeX source | ja-pdf-002 Ando algebra lecture-note PDF set | ja-pdf-003 Nagai invariant-theory PDF witness | ja-pdf-004 Ryoya Ando commutative-algebra PDF witness | CJK-native source-support/codepoint ledgers,"Use near formulas only with the exact source anchor already present in the row packet; keep TeX variables, ideals/modules/rings, and arrows/macros unchanged. Use UTF-8 and a CJK-capable TeX/PDF path. Do not split the target term across inline math; check punctuation, CJK/Latin spacing, and line breaks around formulas.",,"Use UTF-8 and a CJK-capable TeX/PDF path. Do not split the target term across inline math; check punctuation, CJK/Latin spacing, and line breaks around formulas.",generated-draft/non-canonical/not native reviewed/not approved/not accepted terminology/not gate-promoted/not complete
cjklex-0022,term-zh-hans-0032,zh-Hans,Simplified Chinese,maximal ideal,极大理想,Simplified Han,source-canon-sufficient-for-scoped-draft,zh-Hans-src-001 AlJabr-1 TeX source repository | zh-Hans-src-002 AlJabr-2 TeX source repository | CJK-native source-support/codepoint ledgers,"Use near formulas only with the exact source anchor already present in the row packet; keep TeX variables, ideals/modules/rings, and arrows/macros unchanged. Use UTF-8 and a CJK-capable TeX/PDF path. Do not split the target term across inline math; check punctuation, CJK/Latin spacing, and line breaks around formulas.",,"Use UTF-8 and a CJK-capable TeX/PDF path. Do not split the target term across inline math; check punctuation, CJK/Latin spacing, and line breaks around formulas.",generated-draft/non-canonical/not native reviewed/not approved/not accepted terminology/not gate-promoted/not complete
cjklex-0022,ko-source-attestation::ko-wiki-field::극대 아이디얼,ko,Korean addendum,maximal ideal,극대 아이디얼,Hangul with possible Hanja,fallback-source-body-term-attestation-not-row-draft,ko-wiki-field 체 (수학) rev 41649269 count 1; native-source-bodies/ko/wiki-bodies/ko-wiki-field_체_수학_wikitext_20260705.txt,Korean source-body term observation only; do not insert into Noether corpus prose without a row-level Korean queue and source-context check.,literal substring count over saved Korean wikitext; no morphological disambiguation; no source snippets copied,UTF-8 Hangul/Hanja fallback source term; keep outside TeX math; verify Korean font path before any generated draft use.,generated-draft/non-canonical/not native reviewed/not approved/not accepted terminology/not gate-promoted/not complete
cjklex-0022,ko-source-attestation::ko-wiki-ideal::극대 아이디얼,ko,Korean addendum,maximal ideal,극대 아이디얼,Hangul with possible Hanja,fallback-source-body-term-attestation-not-row-draft,ko-wiki-ideal 아이디얼 rev 39160743 count 2; native-source-bodies/ko/wiki-bodies/ko-wiki-ideal_아이디얼_wikitext_20260705.txt,Korean source-body term observation only; do not insert into Noether corpus prose without a row-level Korean queue and source-context check.,literal substring count over saved Korean wikitext; no morphological disambiguation; no source snippets copied,UTF-8 Hangul/Hanja fallback source term; keep outside TeX math; verify Korean font path before any generated draft use.,generated-draft/non-canonical/not native reviewed/not approved/not accepted terminology/not gate-promoted/not complete
cjklex-0022,ko-source-attestation::ko-wiki-commutative-algebra::극대 아이디얼,ko,Korean addendum,maximal ideal,극대 아이디얼,Hangul with possible Hanja,fallback-source-body-term-attestation-not-row-draft,ko-wiki-commutative-algebra 가환대수학 rev 41811027 count 1; native-source-bodies/ko/wiki-bodies/ko-wiki-commutative-algebra_가환대수학_wikitext_20260705.txt,Korean source-body term observation only; do not insert into Noether corpus prose without a row-level Korean queue and source-context check.,literal substring count over saved Korean wikitext; no morphological disambiguation; no source snippets copied,UTF-8 Hangul/Hanja fallback source term; keep outside TeX math; verify Korean font path before any generated draft use.,generated-draft/non-canonical/not native reviewed/not approved/not accepted terminology/not gate-promoted/not complete
cjklex-0022,ko-source-attestation::ko-wiki-backfill-localization::극대 아이디얼,ko,Korean addendum,maximal ideal,극대 아이디얼,Hangul with possible Hanja,fallback-source-body-term-attestation-not-row-draft,ko-wiki-backfill-localization 국소화 (환론) rev 41904060 count 2; native-source-bodies/ko/wiki-bodies/backfill-20260705/ko-wiki-backfill-localization_국소화_환론_raw_wikitext_20260705.txt,Korean source-body term observation only; do not insert into Noether corpus prose without a row-level Korean queue and source-context check.,literal substring count over saved Korean wikitext; no morphological disambiguation; no source snippets copied,UTF-8 Hangul/Hanja fallback source term; keep outside TeX math; verify Korean font path before any generated draft use.,generated-draft/non-canonical/not native reviewed/not approved/not accepted terminology/not gate-promoted/not complete
cjklex-0022,ko-source-attestation::ko-wiki-backfill-weierstrass-preparation::극대 아이디얼,ko,Korean addendum,maximal ideal,극대 아이디얼,Hangul with possible Hanja,fallback-source-body-term-attestation-not-row-draft,ko-wiki-backfill-weierstrass-preparation 바이어스트라스 준비 정리 rev 39731383 count 1; native-source-bodies/ko/wiki-bodies/backfill-20260705/ko-wiki-backfill-weierstrass-preparation_바이어스트라스_준비_정리_raw_wikitext_20260705.txt,Korean source-body term observation only; do not insert into Noether corpus prose without a row-level Korean queue and source-context check.,literal substring count over saved Korean wikitext; no morphological disambiguation; no source snippets copied,UTF-8 Hangul/Hanja fallback source term; keep outside TeX math; verify Korean font path before any generated draft use.,generated-draft/non-canonical/not native reviewed/not approved/not accepted terminology/not gate-promoted/not complete
cjklex-0022,ko-source-attestation::ko-wiki-backfill-prime-ideal::극대 아이디얼,ko,Korean addendum,maximal ideal,극대 아이디얼,Hangul with possible Hanja,fallback-source-body-term-attestation-not-row-draft,ko-wiki-backfill-prime-ideal 소 아이디얼 rev 41653113 count 7; native-source-bodies/ko/wiki-bodies/backfill-20260705/ko-wiki-backfill-prime-ideal_소_아이디얼_raw_wikitext_20260705.txt,Korean source-body term observation only; do not insert into Noether corpus prose without a row-level Korean queue and source-context check.,literal substring count over saved Korean wikitext; no morphological disambiguation; no source snippets copied,UTF-8 Hangul/Hanja fallback source term; keep outside TeX math; verify Korean font path before any generated draft use.,generated-draft/non-canonical/not native reviewed/not approved/not accepted terminology/not gate-promoted/not complete
cjklex-0022,ko-source-attestation::ko-wiki-backfill-primary-ideal::극대 아이디얼,ko,Korean addendum,maximal ideal,극대 아이디얼,Hangul with possible Hanja,fallback-source-body-term-attestation-not-row-draft,ko-wiki-backfill-primary-ideal 으뜸 아이디얼 rev 39160791 count 2; native-source-bodies/ko/wiki-bodies/backfill-20260705/ko-wiki-backfill-primary-ideal_으뜸_아이디얼_raw_wikitext_20260705.txt,Korean source-body term observation only; do not insert into Noether corpus prose without a row-level Korean queue and source-context check.,literal substring count over saved Korean wikitext; no morphological disambiguation; no source snippets copied,UTF-8 Hangul/Hanja fallback source term; keep outside TeX math; verify Korean font path before any generated draft use.,generated-draft/non-canonical/not native reviewed/not approved/not accepted terminology/not gate-promoted/not complete
cjklex-0022,ko-source-attestation::ko-wiki-backfill-algebraic-number-field::극대 아이디얼,ko,Korean addendum,maximal ideal,극대 아이디얼,Hangul with possible Hanja,fallback-source-body-term-attestation-not-row-draft,ko-wiki-backfill-algebraic-number-field 대수적 수체 rev 41743364 count 1; native-source-bodies/ko/wiki-bodies/backfill-20260705/ko-wiki-backfill-algebraic-number-field_대수적_수체_raw_wikitext_20260705.txt,Korean source-body term observation only; do not insert into Noether corpus prose without a row-level Korean queue and source-context check.,literal substring count over saved Korean wikitext; no morphological disambiguation; no source snippets copied,UTF-8 Hangul/Hanja fallback source term; keep outside TeX math; verify Korean font path before any generated draft use.,generated-draft/non-canonical/not native reviewed/not approved/not accepted terminology/not gate-promoted/not complete
cjklex-0022,ko-source-attestation::ko-wiki-backfill-weierstrass-preparation::극대 이데알,ko,Korean addendum,maximal ideal,극대 이데알,Hangul with possible Hanja,fallback-source-body-term-attestation-not-row-draft,ko-wiki-backfill-weierstrass-preparation 바이어스트라스 준비 정리 rev 39731383 count 2; native-source-bodies/ko/wiki-bodies/backfill-20260705/ko-wiki-backfill-weierstrass-preparation_바이어스트라스_준비_정리_raw_wikitext_20260705.txt,Korean source-body term observation only; do not insert into Noether corpus prose without a row-level Korean queue and source-context check.,literal substring count over saved Korean wikitext; no morphological disambiguation; no source snippets copied,UTF-8 Hangul/Hanja fallback source term; keep outside TeX math; verify Korean font path before any generated draft use.,generated-draft/non-canonical/not native reviewed/not approved/not accepted terminology/not gate-promoted/not complete
cjklex-0023,term-ja-0040,ja,Japanese,ring,環,Japanese kana+kanji,source-canon-sufficient-for-scoped-draft,ja-src-001 Matsumura commutative-ring TeX source | ja-pdf-002 Ando algebra lecture-note PDF set | ja-pdf-003 Nagai invariant-theory PDF witness | ja-pdf-004 Ryoya Ando commutative-algebra PDF witness | CJK-native source-support/codepoint ledgers,"Use near formulas only with the exact source anchor already present in the row packet; keep TeX variables, ideals/modules/rings, and arrows/macros unchanged. Use UTF-8 and a CJK-capable TeX/PDF path. Do not split the target term across inline math; check punctuation, CJK/Latin spacing, and line breaks around formulas.",,"Use UTF-8 and a CJK-capable TeX/PDF path. Do not split the target term across inline math; check punctuation, CJK/Latin spacing, and line breaks around formulas.",generated-draft/non-canonical/not native reviewed/not approved/not accepted terminology/not gate-promoted/not complete
cjklex-0023,ko-source-attestation::ko-wiki-abstract-algebra::환,ko,Korean addendum,ring,환,Hangul with possible Hanja,fallback-source-body-term-attestation-not-row-draft,ko-wiki-abstract-algebra 추상대수학 rev 41744985 count 16; native-source-bodies/ko/wiki-bodies/ko-wiki-abstract-algebra_추상대수학_wikitext_20260705.txt,Korean source-body term observation only; do not insert into Noether corpus prose without a row-level Korean queue and source-context check.,literal substring count over saved Korean wikitext; no morphological disambiguation; no source snippets copied,UTF-8 Hangul/Hanja fallback source term; keep outside TeX math; verify Korean font path before any generated draft use.,generated-draft/non-canonical/not native reviewed/not approved/not accepted terminology/not gate-promoted/not complete
cjklex-0023,ko-source-attestation::ko-wiki-algebra::환,ko,Korean addendum,ring,환,Hangul with possible Hanja,fallback-source-body-term-attestation-not-row-draft,ko-wiki-algebra 대수학 rev 41960238 count 30; native-source-bodies/ko/wiki-bodies/ko-wiki-algebra_대수학_wikitext_20260705.txt,Korean source-body term observation only; do not insert into Noether corpus prose without a row-level Korean queue and source-context check.,literal substring count over saved Korean wikitext; no morphological disambiguation; no source snippets copied,UTF-8 Hangul/Hanja fallback source term; keep outside TeX math; verify Korean font path before any generated draft use.,generated-draft/non-canonical/not native reviewed/not approved/not accepted terminology/not gate-promoted/not complete
cjklex-0023,ko-source-attestation::ko-wiki-ring-theory::환,ko,Korean addendum,ring,환,Hangul with possible Hanja,fallback-source-body-term-attestation-not-row-draft,ko-wiki-ring-theory 환론 rev 39056267 count 24; native-source-bodies/ko/wiki-bodies/ko-wiki-ring-theory_환론_wikitext_20260705.txt,Korean source-body term observation only; do not insert into Noether corpus prose without a row-level Korean queue and source-context check.,literal substring count over saved Korean wikitext; no morphological disambiguation; no source snippets copied,UTF-8 Hangul/Hanja fallback source term; keep outside TeX math; verify Korean font path before any generated draft use.,generated-draft/non-canonical/not native reviewed/not approved/not accepted terminology/not gate-promoted/not complete
cjklex-0023,ko-source-attestation::ko-wiki-module::환,ko,Korean addendum,ring,환,Hangul with possible Hanja,fallback-source-body-term-attestation-not-row-draft,ko-wiki-module 가군 rev 41652760 count 48; native-source-bodies/ko/wiki-bodies/ko-wiki-module_가군_wikitext_20260705.txt,Korean source-body term observation only; do not insert into Noether corpus prose without a row-level Korean queue and source-context check.,literal substring count over saved Korean wikitext; no morphological disambiguation; no source snippets copied,UTF-8 Hangul/Hanja fallback source term; keep outside TeX math; verify Korean font path before any generated draft use.,generated-draft/non-canonical/not native reviewed/not approved/not accepted terminology/not gate-promoted/not complete
cjklex-0023,ko-source-attestation::ko-wiki-galois-theory::환,ko,Korean addendum,ring,환,Hangul with possible Hanja,fallback-source-body-term-attestation-not-row-draft,ko-wiki-galois-theory 갈루아 이론 rev 41742964 count 3; native-source-bodies/ko/wiki-bodies/ko-wiki-galois-theory_갈루아_이론_wikitext_20260705.txt,Korean source-body term observation only; do not insert into Noether corpus prose without a row-level Korean queue and source-context check.,literal substring count over saved Korean wikitext; no morphological disambiguation; no source snippets copied,UTF-8 Hangul/Hanja fallback source term; keep outside TeX math; verify Korean font path before any generated draft use.,generated-draft/non-canonical/not native reviewed/not approved/not accepted terminology/not gate-promoted/not complete
cjklex-0023,ko-source-attestation::ko-wiki-group-theory::환,ko,Korean addendum,ring,환,Hangul with possible Hanja,fallback-source-body-term-attestation-not-row-draft,ko-wiki-group-theory 군론 rev 41776557 count 7; native-source-bodies/ko/wiki-bodies/ko-wiki-group-theory_군론_wikitext_20260705.txt,Korean source-body term observation only; do not insert into Noether corpus prose without a row-level Korean queue and source-context check.,literal substring count over saved Korean wikitext; no morphological disambiguation; no source snippets copied,UTF-8 Hangul/Hanja fallback source term; keep outside TeX math; verify Korean font path before any generated draft use.,generated-draft/non-canonical/not native reviewed/not approved/not accepted terminology/not gate-promoted/not complete
cjklex-0023,ko-source-attestation::ko-wiki-field::환,ko,Korean addendum,ring,환,Hangul with possible Hanja,fallback-source-body-term-attestation-not-row-draft,ko-wiki-field 체 (수학) rev 41649269 count 30; native-source-bodies/ko/wiki-bodies/ko-wiki-field_체_수학_wikitext_20260705.txt,Korean source-body term observation only; do not insert into Noether corpus prose without a row-level Korean queue and source-context check.,literal substring count over saved Korean wikitext; no morphological disambiguation; no source snippets copied,UTF-8 Hangul/Hanja fallback source term; keep outside TeX math; verify Korean font path before any generated draft use.,generated-draft/non-canonical/not native reviewed/not approved/not accepted terminology/not gate-promoted/not complete
cjklex-0023,ko-source-attestation::ko-wiki-ideal::환,ko,Korean addendum,ring,환,Hangul with possible Hanja,fallback-source-body-term-attestation-not-row-draft,ko-wiki-ideal 아이디얼 rev 39160743 count 29; native-source-bodies/ko/wiki-bodies/ko-wiki-ideal_아이디얼_wikitext_20260705.txt,Korean source-body term observation only; do not insert into Noether corpus prose without a row-level Korean queue and source-context check.,literal substring count over saved Korean wikitext; no morphological disambiguation; no source snippets copied,UTF-8 Hangul/Hanja fallback source term; keep outside TeX math; verify Korean font path before any generated draft use.,generated-draft/non-canonical/not native reviewed/not approved/not accepted terminology/not gate-promoted/not complete
cjklex-0023,ko-source-attestation::ko-wiki-commutative-algebra::환,ko,Korean addendum,ring,환,Hangul with possible Hanja,fallback-source-body-term-attestation-not-row-draft,ko-wiki-commutative-algebra 가환대수학 rev 41811027 count 47; native-source-bodies/ko/wiki-bodies/ko-wiki-commutative-algebra_가환대수학_wikitext_20260705.txt,Korean source-body term observation only; do not insert into Noether corpus prose without a row-level Korean queue and source-context check.,literal substring count over saved Korean wikitext; no morphological disambiguation; no source snippets copied,UTF-8 Hangul/Hanja fallback source term; keep outside TeX math; verify Korean font path before any generated draft use.,generated-draft/non-canonical/not native reviewed/not approved/not accepted terminology/not gate-promoted/not complete
cjklex-0023,ko-source-attestation::ko-wiki-linear-algebra::환,ko,Korean addendum,ring,환,Hangul with possible Hanja,fallback-source-body-term-attestation-not-row-draft,ko-wiki-linear-algebra 선형대수학 rev 41811221 count 89; native-source-bodies/ko/wiki-bodies/ko-wiki-linear-algebra_선형대수학_wikitext_20260705.txt,Korean source-body term observation only; do not insert into Noether corpus prose without a row-level Korean queue and source-context check.,literal substring count over saved Korean wikitext; no morphological disambiguation; no source snippets copied,UTF-8 Hangul/Hanja fallback source term; keep outside TeX math; verify Korean font path before any generated draft use.,generated-draft/non-canonical/not native reviewed/not approved/not accepted terminology/not gate-promoted/not complete
cjklex-0023,ko-source-attestation::ko-wiki-backfill-irreducible-representation::환,ko,Korean addendum,ring,환,Hangul with possible Hanja,fallback-source-body-term-attestation-not-row-draft,ko-wiki-backfill-irreducible-representation 기약표현 rev 41663389 count 6; native-source-bodies/ko/wiki-bodies/backfill-20260705/ko-wiki-backfill-irreducible-representation_기약표현_raw_wikitext_20260705.txt,Korean source-body term observation only; do not insert into Noether corpus prose without a row-level Korean queue and source-context check.,literal substring count over saved Korean wikitext; no morphological disambiguation; no source snippets copied,UTF-8 Hangul/Hanja fallback source term; keep outside TeX math; verify Korean font path before any generated draft use.,generated-draft/non-canonical/not native reviewed/not approved/not accepted terminology/not gate-promoted/not complete
cjklex-0023,ko-source-attestation::ko-wiki-backfill-semisimple-ring::환,ko,Korean addendum,ring,환,Hangul with possible Hanja,fallback-source-body-term-attestation-not-row-draft,ko-wiki-backfill-semisimple-ring 반단순환 rev 39375212 count 75; native-source-bodies/ko/wiki-bodies/backfill-20260705/ko-wiki-backfill-semisimple-ring_반단순환_raw_wikitext_20260705.txt,Korean source-body term observation only; do not insert into Noether corpus prose without a row-level Korean queue and source-context check.,literal substring count over saved Korean wikitext; no morphological disambiguation; no source snippets copied,UTF-8 Hangul/Hanja fallback source term; keep outside TeX math; verify Korean font path before any generated draft use.,generated-draft/non-canonical/not native reviewed/not approved/not accepted terminology/not gate-promoted/not complete
cjklex-0023,ko-source-attestation::ko-wiki-backfill-hopf-algebra::환,ko,Korean addendum,ring,환,Hangul with possible Hanja,fallback-source-body-term-attestation-not-row-draft,ko-wiki-backfill-hopf-algebra 호프 대수 rev 41657185 count 12; native-source-bodies/ko/wiki-bodies/backfill-20260705/ko-wiki-backfill-hopf-algebra_호프_대수_raw_wikitext_20260705.txt,Korean source-body term observation only; do not insert into Noether corpus prose without a row-level Korean queue and source-context check.,literal substring count over saved Korean wikitext; no morphological disambiguation; no source snippets copied,UTF-8 Hangul/Hanja fallback source term; keep outside TeX math; verify Korean font path before any generated draft use.,generated-draft/non-canonical/not native reviewed/not approved/not accepted terminology/not gate-promoted/not complete
cjklex-0023,ko-source-attestation::ko-wiki-backfill-decomposition-algebra::환,ko,Korean addendum,ring,환,Hangul with possible Hanja,fallback-source-body-term-attestation-not-row-draft,ko-wiki-backfill-decomposition-algebra 분해 (대수학) rev 39792326 count 26; native-source-bodies/ko/wiki-bodies/backfill-20260705/ko-wiki-backfill-decomposition-algebra_분해_대수학_raw_wikitext_20260705.txt,Korean source-body term observation only; do not insert into Noether corpus prose without a row-level Korean queue and source-context check.,literal substring count over saved Korean wikitext; no morphological disambiguation; no source snippets copied,UTF-8 Hangul/Hanja fallback source term; keep outside TeX math; verify Korean font path before any generated draft use.,generated-draft/non-canonical/not native reviewed/not approved/not accepted terminology/not gate-promoted/not complete
cjklex-0023,ko-source-attestation::ko-wiki-backfill-su2-representation::환,ko,Korean addendum,ring,환,Hangul with possible Hanja,fallback-source-body-term-attestation-not-row-draft,ko-wiki-backfill-su2-representation SU(2)의 표현론 rev 39766810 count 6; native-source-bodies/ko/wiki-bodies/backfill-20260705/ko-wiki-backfill-su2-representation_SU_2_의_표현론_raw_wikitext_20260705.txt,Korean source-body term observation only; do not insert into Noether corpus prose without a row-level Korean queue and source-context check.,literal substring count over saved Korean wikitext; no morphological disambiguation; no source snippets copied,UTF-8 Hangul/Hanja fallback source term; keep outside TeX math; verify Korean font path before any generated draft use.,generated-draft/non-canonical/not native reviewed/not approved/not accepted terminology/not gate-promoted/not complete
cjklex-0023,ko-source-attestation::ko-wiki-backfill-noetherian-ring::환,ko,Korean addendum,ring,환,Hangul with possible Hanja,fallback-source-body-term-attestation-not-row-draft,ko-wiki-backfill-noetherian-ring 뇌터 환 rev 39051386 count 166; native-source-bodies/ko/wiki-bodies/backfill-20260705/ko-wiki-backfill-noetherian-ring_뇌터_환_raw_wikitext_20260705.txt,Korean source-body term observation only; do not insert into Noether corpus prose without a row-level Korean queue and source-context check.,literal substring count over saved Korean wikitext; no morphological disambiguation; no source snippets copied,UTF-8 Hangul/Hanja fallback source term; keep outside TeX math; verify Korean font path before any generated draft use.,generated-draft/non-canonical/not native reviewed/not approved/not accepted terminology/not gate-promoted/not complete
cjklex-0023,ko-source-attestation::ko-wiki-backfill-localization::환,ko,Korean addendum,ring,환,Hangul with possible Hanja,fallback-source-body-term-attestation-not-row-draft,ko-wiki-backfill-localization 국소화 (환론) rev 41904060 count 126; native-source-bodies/ko/wiki-bodies/backfill-20260705/ko-wiki-backfill-localization_국소화_환론_raw_wikitext_20260705.txt,Korean source-body term observation only; do not insert into Noether corpus prose without a row-level Korean queue and source-context check.,literal substring count over saved Korean wikitext; no morphological disambiguation; no source snippets copied,UTF-8 Hangul/Hanja fallback source term; keep outside TeX math; verify Korean font path before any generated draft use.,generated-draft/non-canonical/not native reviewed/not approved/not accepted terminology/not gate-promoted/not complete
cjklex-0023,ko-source-attestation::ko-wiki-backfill-hilbert-basis::환,ko,Korean addendum,ring,환,Hangul with possible Hanja,fallback-source-body-term-attestation-not-row-draft,ko-wiki-backfill-hilbert-basis 힐베르트 기저 정리 rev 39344425 count 16; native-source-bodies/ko/wiki-bodies/backfill-20260705/ko-wiki-backfill-hilbert-basis_힐베르트_기저_정리_raw_wikitext_20260705.txt,Korean source-body term observation only; do not insert into Noether corpus prose without a row-level Korean queue and source-context check.,literal substring count over saved Korean wikitext; no morphological disambiguation; no source snippets copied,UTF-8 Hangul/Hanja fallback source term; keep outside TeX math; verify Korean font path before any generated draft use.,generated-draft/non-canonical/not native reviewed/not approved/not accepted terminology/not gate-promoted/not complete
cjklex-0023,ko-source-attestation::ko-wiki-backfill-weierstrass-preparation::환,ko,Korean addendum,ring,환,Hangul with possible Hanja,fallback-source-body-term-attestation-not-row-draft,ko-wiki-backfill-weierstrass-preparation 바이어스트라스 준비 정리 rev 39731383 count 20; native-source-bodies/ko/wiki-bodies/backfill-20260705/ko-wiki-backfill-weierstrass-preparation_바이어스트라스_준비_정리_raw_wikitext_20260705.txt,Korean source-body term observation only; do not insert into Noether corpus prose without a row-level Korean queue and source-context check.,literal substring count over saved Korean wikitext; no morphological disambiguation; no source snippets copied,UTF-8 Hangul/Hanja fallback source term; keep outside TeX math; verify Korean font path before any generated draft use.,generated-draft/non-canonical/not native reviewed/not approved/not accepted terminology/not gate-promoted/not complete
cjklex-0023,ko-source-attestation::ko-wiki-backfill-galois-cohomology::환,ko,Korean addendum,ring,환,Hangul with possible Hanja,fallback-source-body-term-attestation-not-row-draft,ko-wiki-backfill-galois-cohomology 갈루아 코호몰로지 rev 39593007 count 4; native-source-bodies/ko/wiki-bodies/backfill-20260705/ko-wiki-backfill-galois-cohomology_갈루아_코호몰로지_raw_wikitext_20260705.txt,Korean source-body term observation only; do not insert into Noether corpus prose without a row-level Korean queue and source-context check.,literal substring count over saved Korean wikitext; no morphological disambiguation; no source snippets copied,UTF-8 Hangul/Hanja fallback source term; keep outside TeX math; verify Korean font path before any generated draft use.,generated-draft/non-canonical/not native reviewed/not approved/not accepted terminology/not gate-promoted/not complete
cjklex-0023,ko-source-attestation::ko-wiki-backfill-homomorphism-theorem::환,ko,Korean addendum,ring,환,Hangul with possible Hanja,fallback-source-body-term-attestation-not-row-draft,ko-wiki-backfill-homomorphism-theorem 준동형 정리 rev 39209009 count 5; native-source-bodies/ko/wiki-bodies/backfill-20260705/ko-wiki-backfill-homomorphism-theorem_준동형_정리_raw_wikitext_20260705.txt,Korean source-body term observation only; do not insert into Noether corpus prose without a row-level Korean queue and source-context check.,literal substring count over saved Korean wikitext; no morphological disambiguation; no source snippets copied,UTF-8 Hangul/Hanja fallback source term; keep outside TeX math; verify Korean font path before any generated draft use.,generated-draft/non-canonical/not native reviewed/not approved/not accepted terminology/not gate-promoted/not complete
cjklex-0023,ko-source-attestation::ko-wiki-backfill-flat-module::환,ko,Korean addendum,ring,환,Hangul with possible Hanja,fallback-source-body-term-attestation-not-row-draft,ko-wiki-backfill-flat-module 평탄 가군 rev 39344899 count 27; native-source-bodies/ko/wiki-bodies/backfill-20260705/ko-wiki-backfill-flat-module_평탄_가군_raw_wikitext_20260705.txt,Korean source-body term observation only; do not insert into Noether corpus prose without a row-level Korean queue and source-context check.,literal substring count over saved Korean wikitext; no morphological disambiguation; no source snippets copied,UTF-8 Hangul/Hanja fallback source term; keep outside TeX math; verify Korean font path before any generated draft use.,generated-draft/non-canonical/not native reviewed/not approved/not accepted terminology/not gate-promoted/not complete
cjklex-0023,ko-source-attestation::ko-wiki-backfill-quiver-representation::환,ko,Korean addendum,ring,환,Hangul with possible Hanja,fallback-source-body-term-attestation-not-row-draft,ko-wiki-backfill-quiver-representation 화살집 표현 rev 39479528 count 14; native-source-bodies/ko/wiki-bodies/backfill-20260705/ko-wiki-backfill-quiver-representation_화살집_표현_raw_wikitext_20260705.txt,Korean source-body term observation only; do not insert into Noether corpus prose without a row-level Korean queue and source-context check.,literal substring count over saved Korean wikitext; no morphological disambiguation; no source snippets copied,UTF-8 Hangul/Hanja fallback source term; keep outside TeX math; verify Korean font path before any generated draft use.,generated-draft/non-canonical/not native reviewed/not approved/not accepted terminology/not gate-promoted/not complete
cjklex-0023,ko-source-attestation::ko-wiki-backfill-complex-multiplication::환,ko,Korean addendum,ring,환,Hangul with possible Hanja,fallback-source-body-term-attestation-not-row-draft,ko-wiki-backfill-complex-multiplication 복소 곱셈 rev 39316675 count 14; native-source-bodies/ko/wiki-bodies/backfill-20260705/ko-wiki-backfill-complex-multiplication_복소_곱셈_raw_wikitext_20260705.txt,Korean source-body term observation only; do not insert into Noether corpus prose without a row-level Korean queue and source-context check.,literal substring count over saved Korean wikitext; no morphological disambiguation; no source snippets copied,UTF-8 Hangul/Hanja fallback source term; keep outside TeX math; verify Korean font path before any generated draft use.,generated-draft/non-canonical/not native reviewed/not approved/not accepted terminology/not gate-promoted/not complete
cjklex-0023,ko-source-attestation::ko-wiki-backfill-prime-ideal::환,ko,Korean addendum,ring,환,Hangul with possible Hanja,fallback-source-body-term-attestation-not-row-draft,ko-wiki-backfill-prime-ideal 소 아이디얼 rev 41653113 count 107; native-source-bodies/ko/wiki-bodies/backfill-20260705/ko-wiki-backfill-prime-ideal_소_아이디얼_raw_wikitext_20260705.txt,Korean source-body term observation only; do not insert into Noether corpus prose without a row-level Korean queue and source-context check.,literal substring count over saved Korean wikitext; no morphological disambiguation; no source snippets copied,UTF-8 Hangul/Hanja fallback source term; keep outside TeX math; verify Korean font path before any generated draft use.,generated-draft/non-canonical/not native reviewed/not approved/not accepted terminology/not gate-promoted/not complete
cjklex-0023,ko-source-attestation::ko-wiki-backfill-primary-ideal::환,ko,Korean addendum,ring,환,Hangul with possible Hanja,fallback-source-body-term-attestation-not-row-draft,ko-wiki-backfill-primary-ideal 으뜸 아이디얼 rev 39160791 count 52; native-source-bodies/ko/wiki-bodies/backfill-20260705/ko-wiki-backfill-primary-ideal_으뜸_아이디얼_raw_wikitext_20260705.txt,Korean source-body term observation only; do not insert into Noether corpus prose without a row-level Korean queue and source-context check.,literal substring count over saved Korean wikitext; no morphological disambiguation; no source snippets copied,UTF-8 Hangul/Hanja fallback source term; keep outside TeX math; verify Korean font path before any generated draft use.,generated-draft/non-canonical/not native reviewed/not approved/not accepted terminology/not gate-promoted/not complete
cjklex-0023,ko-source-attestation::ko-wiki-backfill-algebraic-number-field::환,ko,Korean addendum,ring,환,Hangul with possible Hanja,fallback-source-body-term-attestation-not-row-draft,ko-wiki-backfill-algebraic-number-field 대수적 수체 rev 41743364 count 38; native-source-bodies/ko/wiki-bodies/backfill-20260705/ko-wiki-backfill-algebraic-number-field_대수적_수체_raw_wikitext_20260705.txt,Korean source-body term observation only; do not insert into Noether corpus prose without a row-level Korean queue and source-context check.,literal substring count over saved Korean wikitext; no morphological disambiguation; no source snippets copied,UTF-8 Hangul/Hanja fallback source term; keep outside TeX math; verify Korean font path before any generated draft use.,generated-draft/non-canonical/not native reviewed/not approved/not accepted terminology/not gate-promoted/not complete
cjklex-0023,ko-source-attestation::ko-wiki-backfill-heegner-number::환,ko,Korean addendum,ring,환,Hangul with possible Hanja,fallback-source-body-term-attestation-not-row-draft,ko-wiki-backfill-heegner-number 헤그너 수 rev 39041736 count 1; native-source-bodies/ko/wiki-bodies/backfill-20260705/ko-wiki-backfill-heegner-number_헤그너_수_raw_wikitext_20260705.txt,Korean source-body term observation only; do not insert into Noether corpus prose without a row-level Korean queue and source-context check.,literal substring count over saved Korean wikitext; no morphological disambiguation; no source snippets copied,UTF-8 Hangul/Hanja fallback source term; keep outside TeX math; verify Korean font path before any generated draft use.,generated-draft/non-canonical/not native reviewed/not approved/not accepted terminology/not gate-promoted/not complete
cjklex-0023,ko-source-attestation::ko-wiki-abstract-algebra::환론,ko,Korean addendum,ring,환론,Hangul with possible Hanja,fallback-source-body-term-attestation-not-row-draft,ko-wiki-abstract-algebra 추상대수학 rev 41744985 count 1; native-source-bodies/ko/wiki-bodies/ko-wiki-abstract-algebra_추상대수학_wikitext_20260705.txt,Korean source-body term observation only; do not insert into Noether corpus prose without a row-level Korean queue and source-context check.,literal substring count over saved Korean wikitext; no morphological disambiguation; no source snippets copied,UTF-8 Hangul/Hanja fallback source term; keep outside TeX math; verify Korean font path before any generated draft use.,generated-draft/non-canonical/not native reviewed/not approved/not accepted terminology/not gate-promoted/not complete
cjklex-0023,ko-source-attestation::ko-wiki-ring-theory::환론,ko,Korean addendum,ring,환론,Hangul with possible Hanja,fallback-source-body-term-attestation-not-row-draft,ko-wiki-ring-theory 환론 rev 39056267 count 3; native-source-bodies/ko/wiki-bodies/ko-wiki-ring-theory_환론_wikitext_20260705.txt,Korean source-body term observation only; do not insert into Noether corpus prose without a row-level Korean queue and source-context check.,literal substring count over saved Korean wikitext; no morphological disambiguation; no source snippets copied,UTF-8 Hangul/Hanja fallback source term; keep outside TeX math; verify Korean font path before any generated draft use.,generated-draft/non-canonical/not native reviewed/not approved/not accepted terminology/not gate-promoted/not complete
cjklex-0023,ko-source-attestation::ko-wiki-module::환론,ko,Korean addendum,ring,환론,Hangul with possible Hanja,fallback-source-body-term-attestation-not-row-draft,ko-wiki-module 가군 rev 41652760 count 2; native-source-bodies/ko/wiki-bodies/ko-wiki-module_가군_wikitext_20260705.txt,Korean source-body term observation only; do not insert into Noether corpus prose without a row-level Korean queue and source-context check.,literal substring count over saved Korean wikitext; no morphological disambiguation; no source snippets copied,UTF-8 Hangul/Hanja fallback source term; keep outside TeX math; verify Korean font path before any generated draft use.,generated-draft/non-canonical/not native reviewed/not approved/not accepted terminology/not gate-promoted/not complete
cjklex-0023,ko-source-attestation::ko-wiki-group-theory::환론,ko,Korean addendum,ring,환론,Hangul with possible Hanja,fallback-source-body-term-attestation-not-row-draft,ko-wiki-group-theory 군론 rev 41776557 count 1; native-source-bodies/ko/wiki-bodies/ko-wiki-group-theory_군론_wikitext_20260705.txt,Korean source-body term observation only; do not insert into Noether corpus prose without a row-level Korean queue and source-context check.,literal substring count over saved Korean wikitext; no morphological disambiguation; no source snippets copied,UTF-8 Hangul/Hanja fallback source term; keep outside TeX math; verify Korean font path before any generated draft use.,generated-draft/non-canonical/not native reviewed/not approved/not accepted terminology/not gate-promoted/not complete
cjklex-0023,ko-source-attestation::ko-wiki-field::환론,ko,Korean addendum,ring,환론,Hangul with possible Hanja,fallback-source-body-term-attestation-not-row-draft,ko-wiki-field 체 (수학) rev 41649269 count 1; native-source-bodies/ko/wiki-bodies/ko-wiki-field_체_수학_wikitext_20260705.txt,Korean source-body term observation only; do not insert into Noether corpus prose without a row-level Korean queue and source-context check.,literal substring count over saved Korean wikitext; no morphological disambiguation; no source snippets copied,UTF-8 Hangul/Hanja fallback source term; keep outside TeX math; verify Korean font path before any generated draft use.,generated-draft/non-canonical/not native reviewed/not approved/not accepted terminology/not gate-promoted/not complete
cjklex-0023,ko-source-attestation::ko-wiki-ideal::환론,ko,Korean addendum,ring,환론,Hangul with possible Hanja,fallback-source-body-term-attestation-not-row-draft,ko-wiki-ideal 아이디얼 rev 39160743 count 1; native-source-bodies/ko/wiki-bodies/ko-wiki-ideal_아이디얼_wikitext_20260705.txt,Korean source-body term observation only; do not insert into Noether corpus prose without a row-level Korean queue and source-context check.,literal substring count over saved Korean wikitext; no morphological disambiguation; no source snippets copied,UTF-8 Hangul/Hanja fallback source term; keep outside TeX math; verify Korean font path before any generated draft use.,generated-draft/non-canonical/not native reviewed/not approved/not accepted terminology/not gate-promoted/not complete
cjklex-0023,ko-source-attestation::ko-wiki-commutative-algebra::환론,ko,Korean addendum,ring,환론,Hangul with possible Hanja,fallback-source-body-term-attestation-not-row-draft,ko-wiki-commutative-algebra 가환대수학 rev 41811027 count 5; native-source-bodies/ko/wiki-bodies/ko-wiki-commutative-algebra_가환대수학_wikitext_20260705.txt,Korean source-body term observation only; do not insert into Noether corpus prose without a row-level Korean queue and source-context check.,literal substring count over saved Korean wikitext; no morphological disambiguation; no source snippets copied,UTF-8 Hangul/Hanja fallback source term; keep outside TeX math; verify Korean font path before any generated draft use.,generated-draft/non-canonical/not native reviewed/not approved/not accepted terminology/not gate-promoted/not complete
cjklex-0023,ko-source-attestation::ko-wiki-linear-algebra::환론,ko,Korean addendum,ring,환론,Hangul with possible Hanja,fallback-source-body-term-attestation-not-row-draft,ko-wiki-linear-algebra 선형대수학 rev 41811221 count 2; native-source-bodies/ko/wiki-bodies/ko-wiki-linear-algebra_선형대수학_wikitext_20260705.txt,Korean source-body term observation only; do not insert into Noether corpus prose without a row-level Korean queue and source-context check.,literal substring count over saved Korean wikitext; no morphological disambiguation; no source snippets copied,UTF-8 Hangul/Hanja fallback source term; keep outside TeX math; verify Korean font path before any generated draft use.,generated-draft/non-canonical/not native reviewed/not approved/not accepted terminology/not gate-promoted/not complete
cjklex-0023,ko-source-attestation::ko-wiki-backfill-semisimple-ring::환론,ko,Korean addendum,ring,환론,Hangul with possible Hanja,fallback-source-body-term-attestation-not-row-draft,ko-wiki-backfill-semisimple-ring 반단순환 rev 39375212 count 5; native-source-bodies/ko/wiki-bodies/backfill-20260705/ko-wiki-backfill-semisimple-ring_반단순환_raw_wikitext_20260705.txt,Korean source-body term observation only; do not insert into Noether corpus prose without a row-level Korean queue and source-context check.,literal substring count over saved Korean wikitext; no morphological disambiguation; no source snippets copied,UTF-8 Hangul/Hanja fallback source term; keep outside TeX math; verify Korean font path before any generated draft use.,generated-draft/non-canonical/not native reviewed/not approved/not accepted terminology/not gate-promoted/not complete
cjklex-0023,ko-source-attestation::ko-wiki-backfill-hopf-algebra::환론,ko,Korean addendum,ring,환론,Hangul with possible Hanja,fallback-source-body-term-attestation-not-row-draft,ko-wiki-backfill-hopf-algebra 호프 대수 rev 41657185 count 1; native-source-bodies/ko/wiki-bodies/backfill-20260705/ko-wiki-backfill-hopf-algebra_호프_대수_raw_wikitext_20260705.txt,Korean source-body term observation only; do not insert into Noether corpus prose without a row-level Korean queue and source-context check.,literal substring count over saved Korean wikitext; no morphological disambiguation; no source snippets copied,UTF-8 Hangul/Hanja fallback source term; keep outside TeX math; verify Korean font path before any generated draft use.,generated-draft/non-canonical/not native reviewed/not approved/not accepted terminology/not gate-promoted/not complete
cjklex-0023,ko-source-attestation::ko-wiki-backfill-noetherian-ring::환론,ko,Korean addendum,ring,환론,Hangul with possible Hanja,fallback-source-body-term-attestation-not-row-draft,ko-wiki-backfill-noetherian-ring 뇌터 환 rev 39051386 count 4; native-source-bodies/ko/wiki-bodies/backfill-20260705/ko-wiki-backfill-noetherian-ring_뇌터_환_raw_wikitext_20260705.txt,Korean source-body term observation only; do not insert into Noether corpus prose without a row-level Korean queue and source-context check.,literal substring count over saved Korean wikitext; no morphological disambiguation; no source snippets copied,UTF-8 Hangul/Hanja fallback source term; keep outside TeX math; verify Korean font path before any generated draft use.,generated-draft/non-canonical/not native reviewed/not approved/not accepted terminology/not gate-promoted/not complete
cjklex-0023,ko-source-attestation::ko-wiki-backfill-localization::환론,ko,Korean addendum,ring,환론,Hangul with possible Hanja,fallback-source-body-term-attestation-not-row-draft,ko-wiki-backfill-localization 국소화 (환론) rev 41904060 count 3; native-source-bodies/ko/wiki-bodies/backfill-20260705/ko-wiki-backfill-localization_국소화_환론_raw_wikitext_20260705.txt,Korean source-body term observation only; do not insert into Noether corpus prose without a row-level Korean queue and source-context check.,literal substring count over saved Korean wikitext; no morphological disambiguation; no source snippets copied,UTF-8 Hangul/Hanja fallback source term; keep outside TeX math; verify Korean font path before any generated draft use.,generated-draft/non-canonical/not native reviewed/not approved/not accepted terminology/not gate-promoted/not complete
cjklex-0023,ko-source-attestation::ko-wiki-backfill-weierstrass-preparation::환론,ko,Korean addendum,ring,환론,Hangul with possible Hanja,fallback-source-body-term-attestation-not-row-draft,ko-wiki-backfill-weierstrass-preparation 바이어스트라스 준비 정리 rev 39731383 count 1; native-source-bodies/ko/wiki-bodies/backfill-20260705/ko-wiki-backfill-weierstrass-preparation_바이어스트라스_준비_정리_raw_wikitext_20260705.txt,Korean source-body term observation only; do not insert into Noether corpus prose without a row-level Korean queue and source-context check.,literal substring count over saved Korean wikitext; no morphological disambiguation; no source snippets copied,UTF-8 Hangul/Hanja fallback source term; keep outside TeX math; verify Korean font path before any generated draft use.,generated-draft/non-canonical/not native reviewed/not approved/not accepted terminology/not gate-promoted/not complete
cjklex-0023,ko-source-attestation::ko-wiki-backfill-flat-module::환론,ko,Korean addendum,ring,환론,Hangul with possible Hanja,fallback-source-body-term-attestation-not-row-draft,ko-wiki-backfill-flat-module 평탄 가군 rev 39344899 count 3; native-source-bodies/ko/wiki-bodies/backfill-20260705/ko-wiki-backfill-flat-module_평탄_가군_raw_wikitext_20260705.txt,Korean source-body term observation only; do not insert into Noether corpus prose without a row-level Korean queue and source-context check.,literal substring count over saved Korean wikitext; no morphological disambiguation; no source snippets copied,UTF-8 Hangul/Hanja fallback source term; keep outside TeX math; verify Korean font path before any generated draft use.,generated-draft/non-canonical/not native reviewed/not approved/not accepted terminology/not gate-promoted/not complete
cjklex-0023,ko-source-attestation::ko-wiki-backfill-quiver-representation::환론,ko,Korean addendum,ring,환론,Hangul with possible Hanja,fallback-source-body-term-attestation-not-row-draft,ko-wiki-backfill-quiver-representation 화살집 표현 rev 39479528 count 3; native-source-bodies/ko/wiki-bodies/backfill-20260705/ko-wiki-backfill-quiver-representation_화살집_표현_raw_wikitext_20260705.txt,Korean source-body term observation only; do not insert into Noether corpus prose without a row-level Korean queue and source-context check.,literal substring count over saved Korean wikitext; no morphological disambiguation; no source snippets copied,UTF-8 Hangul/Hanja fallback source term; keep outside TeX math; verify Korean font path before any generated draft use.,generated-draft/non-canonical/not native reviewed/not approved/not accepted terminology/not gate-promoted/not complete
cjklex-0023,ko-source-attestation::ko-wiki-backfill-complex-multiplication::환론,ko,Korean addendum,ring,환론,Hangul with possible Hanja,fallback-source-body-term-attestation-not-row-draft,ko-wiki-backfill-complex-multiplication 복소 곱셈 rev 39316675 count 2; native-source-bodies/ko/wiki-bodies/backfill-20260705/ko-wiki-backfill-complex-multiplication_복소_곱셈_raw_wikitext_20260705.txt,Korean source-body term observation only; do not insert into Noether corpus prose without a row-level Korean queue and source-context check.,literal substring count over saved Korean wikitext; no morphological disambiguation; no source snippets copied,UTF-8 Hangul/Hanja fallback source term; keep outside TeX math; verify Korean font path before any generated draft use.,generated-draft/non-canonical/not native reviewed/not approved/not accepted terminology/not gate-promoted/not complete
cjklex-0023,ko-source-attestation::ko-wiki-backfill-prime-ideal::환론,ko,Korean addendum,ring,환론,Hangul with possible Hanja,fallback-source-body-term-attestation-not-row-draft,ko-wiki-backfill-prime-ideal 소 아이디얼 rev 41653113 count 9; native-source-bodies/ko/wiki-bodies/backfill-20260705/ko-wiki-backfill-prime-ideal_소_아이디얼_raw_wikitext_20260705.txt,Korean source-body term observation only; do not insert into Noether corpus prose without a row-level Korean queue and source-context check.,literal substring count over saved Korean wikitext; no morphological disambiguation; no source snippets copied,UTF-8 Hangul/Hanja fallback source term; keep outside TeX math; verify Korean font path before any generated draft use.,generated-draft/non-canonical/not native reviewed/not approved/not accepted terminology/not gate-promoted/not complete
cjklex-0023,ko-source-attestation::ko-wiki-backfill-primary-ideal::환론,ko,Korean addendum,ring,환론,Hangul with possible Hanja,fallback-source-body-term-attestation-not-row-draft,ko-wiki-backfill-primary-ideal 으뜸 아이디얼 rev 39160791 count 1; native-source-bodies/ko/wiki-bodies/backfill-20260705/ko-wiki-backfill-primary-ideal_으뜸_아이디얼_raw_wikitext_20260705.txt,Korean source-body term observation only; do not insert into Noether corpus prose without a row-level Korean queue and source-context check.,literal substring count over saved Korean wikitext; no morphological disambiguation; no source snippets copied,UTF-8 Hangul/Hanja fallback source term; keep outside TeX math; verify Korean font path before any generated draft use.,generated-draft/non-canonical/not native reviewed/not approved/not accepted terminology/not gate-promoted/not complete
cjklex-0023,ko-source-attestation::ko-wiki-abstract-algebra::환,ko,Korean addendum,ring,환,Hangul with possible Hanja,fallback-source-body-term-attestation-not-row-draft,ko-wiki-abstract-algebra 추상대수학 rev 41744985 count 16; native-source-bodies/ko/wiki-bodies/ko-wiki-abstract-algebra_추상대수학_wikitext_20260705.txt,Korean source-body term observation only; do not insert into Noether corpus prose without a row-level Korean queue and source-context check.,literal substring count over saved Korean wikitext; no morphological disambiguation; no source snippets copied,UTF-8 Hangul/Hanja fallback source term; keep outside TeX math; verify Korean font path before any generated draft use.,generated-draft/non-canonical/not native reviewed/not approved/not accepted terminology/not gate-promoted/not complete
cjklex-0023,ko-source-attestation::ko-wiki-algebra::환,ko,Korean addendum,ring,환,Hangul with possible Hanja,fallback-source-body-term-attestation-not-row-draft,ko-wiki-algebra 대수학 rev 41960238 count 30; native-source-bodies/ko/wiki-bodies/ko-wiki-algebra_대수학_wikitext_20260705.txt,Korean source-body term observation only; do not insert into Noether corpus prose without a row-level Korean queue and source-context check.,literal substring count over saved Korean wikitext; no morphological disambiguation; no source snippets copied,UTF-8 Hangul/Hanja fallback source term; keep outside TeX math; verify Korean font path before any generated draft use.,generated-draft/non-canonical/not native reviewed/not approved/not accepted terminology/not gate-promoted/not complete
cjklex-0023,ko-source-attestation::ko-wiki-ring-theory::환,ko,Korean addendum,ring,환,Hangul with possible Hanja,fallback-source-body-term-attestation-not-row-draft,ko-wiki-ring-theory 환론 rev 39056267 count 24; native-source-bodies/ko/wiki-bodies/ko-wiki-ring-theory_환론_wikitext_20260705.txt,Korean source-body term observation only; do not insert into Noether corpus prose without a row-level Korean queue and source-context check.,literal substring count over saved Korean wikitext; no morphological disambiguation; no source snippets copied,UTF-8 Hangul/Hanja fallback source term; keep outside TeX math; verify Korean font path before any generated draft use.,generated-draft/non-canonical/not native reviewed/not approved/not accepted terminology/not gate-promoted/not complete
cjklex-0023,ko-source-attestation::ko-wiki-module::환,ko,Korean addendum,ring,환,Hangul with possible Hanja,fallback-source-body-term-attestation-not-row-draft,ko-wiki-module 가군 rev 41652760 count 48; native-source-bodies/ko/wiki-bodies/ko-wiki-module_가군_wikitext_20260705.txt,Korean source-body term observation only; do not insert into Noether corpus prose without a row-level Korean queue and source-context check.,literal substring count over saved Korean wikitext; no morphological disambiguation; no source snippets copied,UTF-8 Hangul/Hanja fallback source term; keep outside TeX math; verify Korean font path before any generated draft use.,generated-draft/non-canonical/not native reviewed/not approved/not accepted terminology/not gate-promoted/not complete
cjklex-0023,ko-source-attestation::ko-wiki-galois-theory::환,ko,Korean addendum,ring,환,Hangul with possible Hanja,fallback-source-body-term-attestation-not-row-draft,ko-wiki-galois-theory 갈루아 이론 rev 41742964 count 3; native-source-bodies/ko/wiki-bodies/ko-wiki-galois-theory_갈루아_이론_wikitext_20260705.txt,Korean source-body term observation only; do not insert into Noether corpus prose without a row-level Korean queue and source-context check.,literal substring count over saved Korean wikitext; no morphological disambiguation; no source snippets copied,UTF-8 Hangul/Hanja fallback source term; keep outside TeX math; verify Korean font path before any generated draft use.,generated-draft/non-canonical/not native reviewed/not approved/not accepted terminology/not gate-promoted/not complete
cjklex-0023,ko-source-attestation::ko-wiki-group-theory::환,ko,Korean addendum,ring,환,Hangul with possible Hanja,fallback-source-body-term-attestation-not-row-draft,ko-wiki-group-theory 군론 rev 41776557 count 7; native-source-bodies/ko/wiki-bodies/ko-wiki-group-theory_군론_wikitext_20260705.txt,Korean source-body term observation only; do not insert into Noether corpus prose without a row-level Korean queue and source-context check.,literal substring count over saved Korean wikitext; no morphological disambiguation; no source snippets copied,UTF-8 Hangul/Hanja fallback source term; keep outside TeX math; verify Korean font path before any generated draft use.,generated-draft/non-canonical/not native reviewed/not approved/not accepted terminology/not gate-promoted/not complete
cjklex-0023,ko-source-attestation::ko-wiki-field::환,ko,Korean addendum,ring,환,Hangul with possible Hanja,fallback-source-body-term-attestation-not-row-draft,ko-wiki-field 체 (수학) rev 41649269 count 30; native-source-bodies/ko/wiki-bodies/ko-wiki-field_체_수학_wikitext_20260705.txt,Korean source-body term observation only; do not insert into Noether corpus prose without a row-level Korean queue and source-context check.,literal substring count over saved Korean wikitext; no morphological disambiguation; no source snippets copied,UTF-8 Hangul/Hanja fallback source term; keep outside TeX math; verify Korean font path before any generated draft use.,generated-draft/non-canonical/not native reviewed/not approved/not accepted terminology/not gate-promoted/not complete
cjklex-0023,ko-source-attestation::ko-wiki-ideal::환,ko,Korean addendum,ring,환,Hangul with possible Hanja,fallback-source-body-term-attestation-not-row-draft,ko-wiki-ideal 아이디얼 rev 39160743 count 29; native-source-bodies/ko/wiki-bodies/ko-wiki-ideal_아이디얼_wikitext_20260705.txt,Korean source-body term observation only; do not insert into Noether corpus prose without a row-level Korean queue and source-context check.,literal substring count over saved Korean wikitext; no morphological disambiguation; no source snippets copied,UTF-8 Hangul/Hanja fallback source term; keep outside TeX math; verify Korean font path before any generated draft use.,generated-draft/non-canonical/not native reviewed/not approved/not accepted terminology/not gate-promoted/not complete
cjklex-0023,ko-source-attestation::ko-wiki-commutative-algebra::환,ko,Korean addendum,ring,환,Hangul with possible Hanja,fallback-source-body-term-attestation-not-row-draft,ko-wiki-commutative-algebra 가환대수학 rev 41811027 count 47; native-source-bodies/ko/wiki-bodies/ko-wiki-commutative-algebra_가환대수학_wikitext_20260705.txt,Korean source-body term observation only; do not insert into Noether corpus prose without a row-level Korean queue and source-context check.,literal substring count over saved Korean wikitext; no morphological disambiguation; no source snippets copied,UTF-8 Hangul/Hanja fallback source term; keep outside TeX math; verify Korean font path before any generated draft use.,generated-draft/non-canonical/not native reviewed/not approved/not accepted terminology/not gate-promoted/not complete
cjklex-0023,ko-source-attestation::ko-wiki-linear-algebra::환,ko,Korean addendum,ring,환,Hangul with possible Hanja,fallback-source-body-term-attestation-not-row-draft,ko-wiki-linear-algebra 선형대수학 rev 41811221 count 89; native-source-bodies/ko/wiki-bodies/ko-wiki-linear-algebra_선형대수학_wikitext_20260705.txt,Korean source-body term observation only; do not insert into Noether corpus prose without a row-level Korean queue and source-context check.,literal substring count over saved Korean wikitext; no morphological disambiguation; no source snippets copied,UTF-8 Hangul/Hanja fallback source term; keep outside TeX math; verify Korean font path before any generated draft use.,generated-draft/non-canonical/not native reviewed/not approved/not accepted terminology/not gate-promoted/not complete
cjklex-0023,ko-source-attestation::ko-wiki-backfill-irreducible-representation::환,ko,Korean addendum,ring,환,Hangul with possible Hanja,fallback-source-body-term-attestation-not-row-draft,ko-wiki-backfill-irreducible-representation 기약표현 rev 41663389 count 6; native-source-bodies/ko/wiki-bodies/backfill-20260705/ko-wiki-backfill-irreducible-representation_기약표현_raw_wikitext_20260705.txt,Korean source-body term observation only; do not insert into Noether corpus prose without a row-level Korean queue and source-context check.,literal substring count over saved Korean wikitext; no morphological disambiguation; no source snippets copied,UTF-8 Hangul/Hanja fallback source term; keep outside TeX math; verify Korean font path before any generated draft use.,generated-draft/non-canonical/not native reviewed/not approved/not accepted terminology/not gate-promoted/not complete
cjklex-0023,ko-source-attestation::ko-wiki-backfill-semisimple-ring::환,ko,Korean addendum,ring,환,Hangul with possible Hanja,fallback-source-body-term-attestation-not-row-draft,ko-wiki-backfill-semisimple-ring 반단순환 rev 39375212 count 75; native-source-bodies/ko/wiki-bodies/backfill-20260705/ko-wiki-backfill-semisimple-ring_반단순환_raw_wikitext_20260705.txt,Korean source-body term observation only; do not insert into Noether corpus prose without a row-level Korean queue and source-context check.,literal substring count over saved Korean wikitext; no morphological disambiguation; no source snippets copied,UTF-8 Hangul/Hanja fallback source term; keep outside TeX math; verify Korean font path before any generated draft use.,generated-draft/non-canonical/not native reviewed/not approved/not accepted terminology/not gate-promoted/not complete
cjklex-0023,ko-source-attestation::ko-wiki-backfill-hopf-algebra::환,ko,Korean addendum,ring,환,Hangul with possible Hanja,fallback-source-body-term-attestation-not-row-draft,ko-wiki-backfill-hopf-algebra 호프 대수 rev 41657185 count 12; native-source-bodies/ko/wiki-bodies/backfill-20260705/ko-wiki-backfill-hopf-algebra_호프_대수_raw_wikitext_20260705.txt,Korean source-body term observation only; do not insert into Noether corpus prose without a row-level Korean queue and source-context check.,literal substring count over saved Korean wikitext; no morphological disambiguation; no source snippets copied,UTF-8 Hangul/Hanja fallback source term; keep outside TeX math; verify Korean font path before any generated draft use.,generated-draft/non-canonical/not native reviewed/not approved/not accepted terminology/not gate-promoted/not complete
cjklex-0023,ko-source-attestation::ko-wiki-backfill-decomposition-algebra::환,ko,Korean addendum,ring,환,Hangul with possible Hanja,fallback-source-body-term-attestation-not-row-draft,ko-wiki-backfill-decomposition-algebra 분해 (대수학) rev 39792326 count 26; native-source-bodies/ko/wiki-bodies/backfill-20260705/ko-wiki-backfill-decomposition-algebra_분해_대수학_raw_wikitext_20260705.txt,Korean source-body term observation only; do not insert into Noether corpus prose without a row-level Korean queue and source-context check.,literal substring count over saved Korean wikitext; no morphological disambiguation; no source snippets copied,UTF-8 Hangul/Hanja fallback source term; keep outside TeX math; verify Korean font path before any generated draft use.,generated-draft/non-canonical/not native reviewed/not approved/not accepted terminology/not gate-promoted/not complete
cjklex-0023,ko-source-attestation::ko-wiki-backfill-su2-representation::환,ko,Korean addendum,ring,환,Hangul with possible Hanja,fallback-source-body-term-attestation-not-row-draft,ko-wiki-backfill-su2-representation SU(2)의 표현론 rev 39766810 count 6; native-source-bodies/ko/wiki-bodies/backfill-20260705/ko-wiki-backfill-su2-representation_SU_2_의_표현론_raw_wikitext_20260705.txt,Korean source-body term observation only; do not insert into Noether corpus prose without a row-level Korean queue and source-context check.,literal substring count over saved Korean wikitext; no morphological disambiguation; no source snippets copied,UTF-8 Hangul/Hanja fallback source term; keep outside TeX math; verify Korean font path before any generated draft use.,generated-draft/non-canonical/not native reviewed/not approved/not accepted terminology/not gate-promoted/not complete
cjklex-0023,ko-source-attestation::ko-wiki-backfill-noetherian-ring::환,ko,Korean addendum,ring,환,Hangul with possible Hanja,fallback-source-body-term-attestation-not-row-draft,ko-wiki-backfill-noetherian-ring 뇌터 환 rev 39051386 count 166; native-source-bodies/ko/wiki-bodies/backfill-20260705/ko-wiki-backfill-noetherian-ring_뇌터_환_raw_wikitext_20260705.txt,Korean source-body term observation only; do not insert into Noether corpus prose without a row-level Korean queue and source-context check.,literal substring count over saved Korean wikitext; no morphological disambiguation; no source snippets copied,UTF-8 Hangul/Hanja fallback source term; keep outside TeX math; verify Korean font path before any generated draft use.,generated-draft/non-canonical/not native reviewed/not approved/not accepted terminology/not gate-promoted/not complete
cjklex-0023,ko-source-attestation::ko-wiki-backfill-localization::환,ko,Korean addendum,ring,환,Hangul with possible Hanja,fallback-source-body-term-attestation-not-row-draft,ko-wiki-backfill-localization 국소화 (환론) rev 41904060 count 126; native-source-bodies/ko/wiki-bodies/backfill-20260705/ko-wiki-backfill-localization_국소화_환론_raw_wikitext_20260705.txt,Korean source-body term observation only; do not insert into Noether corpus prose without a row-level Korean queue and source-context check.,literal substring count over saved Korean wikitext; no morphological disambiguation; no source snippets copied,UTF-8 Hangul/Hanja fallback source term; keep outside TeX math; verify Korean font path before any generated draft use.,generated-draft/non-canonical/not native reviewed/not approved/not accepted terminology/not gate-promoted/not complete
cjklex-0023,ko-source-attestation::ko-wiki-backfill-hilbert-basis::환,ko,Korean addendum,ring,환,Hangul with possible Hanja,fallback-source-body-term-attestation-not-row-draft,ko-wiki-backfill-hilbert-basis 힐베르트 기저 정리 rev 39344425 count 16; native-source-bodies/ko/wiki-bodies/backfill-20260705/ko-wiki-backfill-hilbert-basis_힐베르트_기저_정리_raw_wikitext_20260705.txt,Korean source-body term observation only; do not insert into Noether corpus prose without a row-level Korean queue and source-context check.,literal substring count over saved Korean wikitext; no morphological disambiguation; no source snippets copied,UTF-8 Hangul/Hanja fallback source term; keep outside TeX math; verify Korean font path before any generated draft use.,generated-draft/non-canonical/not native reviewed/not approved/not accepted terminology/not gate-promoted/not complete
cjklex-0023,ko-source-attestation::ko-wiki-backfill-weierstrass-preparation::환,ko,Korean addendum,ring,환,Hangul with possible Hanja,fallback-source-body-term-attestation-not-row-draft,ko-wiki-backfill-weierstrass-preparation 바이어스트라스 준비 정리 rev 39731383 count 20; native-source-bodies/ko/wiki-bodies/backfill-20260705/ko-wiki-backfill-weierstrass-preparation_바이어스트라스_준비_정리_raw_wikitext_20260705.txt,Korean source-body term observation only; do not insert into Noether corpus prose without a row-level Korean queue and source-context check.,literal substring count over saved Korean wikitext; no morphological disambiguation; no source snippets copied,UTF-8 Hangul/Hanja fallback source term; keep outside TeX math; verify Korean font path before any generated draft use.,generated-draft/non-canonical/not native reviewed/not approved/not accepted terminology/not gate-promoted/not complete
cjklex-0023,ko-source-attestation::ko-wiki-backfill-galois-cohomology::환,ko,Korean addendum,ring,환,Hangul with possible Hanja,fallback-source-body-term-attestation-not-row-draft,ko-wiki-backfill-galois-cohomology 갈루아 코호몰로지 rev 39593007 count 4; native-source-bodies/ko/wiki-bodies/backfill-20260705/ko-wiki-backfill-galois-cohomology_갈루아_코호몰로지_raw_wikitext_20260705.txt,Korean source-body term observation only; do not insert into Noether corpus prose without a row-level Korean queue and source-context check.,literal substring count over saved Korean wikitext; no morphological disambiguation; no source snippets copied,UTF-8 Hangul/Hanja fallback source term; keep outside TeX math; verify Korean font path before any generated draft use.,generated-draft/non-canonical/not native reviewed/not approved/not accepted terminology/not gate-promoted/not complete
cjklex-0023,ko-source-attestation::ko-wiki-backfill-homomorphism-theorem::환,ko,Korean addendum,ring,환,Hangul with possible Hanja,fallback-source-body-term-attestation-not-row-draft,ko-wiki-backfill-homomorphism-theorem 준동형 정리 rev 39209009 count 5; native-source-bodies/ko/wiki-bodies/backfill-20260705/ko-wiki-backfill-homomorphism-theorem_준동형_정리_raw_wikitext_20260705.txt,Korean source-body term observation only; do not insert into Noether corpus prose without a row-level Korean queue and source-context check.,literal substring count over saved Korean wikitext; no morphological disambiguation; no source snippets copied,UTF-8 Hangul/Hanja fallback source term; keep outside TeX math; verify Korean font path before any generated draft use.,generated-draft/non-canonical/not native reviewed/not approved/not accepted terminology/not gate-promoted/not complete
cjklex-0023,ko-source-attestation::ko-wiki-backfill-flat-module::환,ko,Korean addendum,ring,환,Hangul with possible Hanja,fallback-source-body-term-attestation-not-row-draft,ko-wiki-backfill-flat-module 평탄 가군 rev 39344899 count 27; native-source-bodies/ko/wiki-bodies/backfill-20260705/ko-wiki-backfill-flat-module_평탄_가군_raw_wikitext_20260705.txt,Korean source-body term observation only; do not insert into Noether corpus prose without a row-level Korean queue and source-context check.,literal substring count over saved Korean wikitext; no morphological disambiguation; no source snippets copied,UTF-8 Hangul/Hanja fallback source term; keep outside TeX math; verify Korean font path before any generated draft use.,generated-draft/non-canonical/not native reviewed/not approved/not accepted terminology/not gate-promoted/not complete
cjklex-0023,ko-source-attestation::ko-wiki-backfill-quiver-representation::환,ko,Korean addendum,ring,환,Hangul with possible Hanja,fallback-source-body-term-attestation-not-row-draft,ko-wiki-backfill-quiver-representation 화살집 표현 rev 39479528 count 14; native-source-bodies/ko/wiki-bodies/backfill-20260705/ko-wiki-backfill-quiver-representation_화살집_표현_raw_wikitext_20260705.txt,Korean source-body term observation only; do not insert into Noether corpus prose without a row-level Korean queue and source-context check.,literal substring count over saved Korean wikitext; no morphological disambiguation; no source snippets copied,UTF-8 Hangul/Hanja fallback source term; keep outside TeX math; verify Korean font path before any generated draft use.,generated-draft/non-canonical/not native reviewed/not approved/not accepted terminology/not gate-promoted/not complete
cjklex-0023,ko-source-attestation::ko-wiki-backfill-complex-multiplication::환,ko,Korean addendum,ring,환,Hangul with possible Hanja,fallback-source-body-term-attestation-not-row-draft,ko-wiki-backfill-complex-multiplication 복소 곱셈 rev 39316675 count 14; native-source-bodies/ko/wiki-bodies/backfill-20260705/ko-wiki-backfill-complex-multiplication_복소_곱셈_raw_wikitext_20260705.txt,Korean source-body term observation only; do not insert into Noether corpus prose without a row-level Korean queue and source-context check.,literal substring count over saved Korean wikitext; no morphological disambiguation; no source snippets copied,UTF-8 Hangul/Hanja fallback source term; keep outside TeX math; verify Korean font path before any generated draft use.,generated-draft/non-canonical/not native reviewed/not approved/not accepted terminology/not gate-promoted/not complete
cjklex-0023,ko-source-attestation::ko-wiki-backfill-prime-ideal::환,ko,Korean addendum,ring,환,Hangul with possible Hanja,fallback-source-body-term-attestation-not-row-draft,ko-wiki-backfill-prime-ideal 소 아이디얼 rev 41653113 count 107; native-source-bodies/ko/wiki-bodies/backfill-20260705/ko-wiki-backfill-prime-ideal_소_아이디얼_raw_wikitext_20260705.txt,Korean source-body term observation only; do not insert into Noether corpus prose without a row-level Korean queue and source-context check.,literal substring count over saved Korean wikitext; no morphological disambiguation; no source snippets copied,UTF-8 Hangul/Hanja fallback source term; keep outside TeX math; verify Korean font path before any generated draft use.,generated-draft/non-canonical/not native reviewed/not approved/not accepted terminology/not gate-promoted/not complete
cjklex-0023,ko-source-attestation::ko-wiki-backfill-primary-ideal::환,ko,Korean addendum,ring,환,Hangul with possible Hanja,fallback-source-body-term-attestation-not-row-draft,ko-wiki-backfill-primary-ideal 으뜸 아이디얼 rev 39160791 count 52; native-source-bodies/ko/wiki-bodies/backfill-20260705/ko-wiki-backfill-primary-ideal_으뜸_아이디얼_raw_wikitext_20260705.txt,Korean source-body term observation only; do not insert into Noether corpus prose without a row-level Korean queue and source-context check.,literal substring count over saved Korean wikitext; no morphological disambiguation; no source snippets copied,UTF-8 Hangul/Hanja fallback source term; keep outside TeX math; verify Korean font path before any generated draft use.,generated-draft/non-canonical/not native reviewed/not approved/not accepted terminology/not gate-promoted/not complete
cjklex-0023,ko-source-attestation::ko-wiki-backfill-algebraic-number-field::환,ko,Korean addendum,ring,환,Hangul with possible Hanja,fallback-source-body-term-attestation-not-row-draft,ko-wiki-backfill-algebraic-number-field 대수적 수체 rev 41743364 count 38; native-source-bodies/ko/wiki-bodies/backfill-20260705/ko-wiki-backfill-algebraic-number-field_대수적_수체_raw_wikitext_20260705.txt,Korean source-body term observation only; do not insert into Noether corpus prose without a row-level Korean queue and source-context check.,literal substring count over saved Korean wikitext; no morphological disambiguation; no source snippets copied,UTF-8 Hangul/Hanja fallback source term; keep outside TeX math; verify Korean font path before any generated draft use.,generated-draft/non-canonical/not native reviewed/not approved/not accepted terminology/not gate-promoted/not complete
cjklex-0023,ko-source-attestation::ko-wiki-backfill-heegner-number::환,ko,Korean addendum,ring,환,Hangul with possible Hanja,fallback-source-body-term-attestation-not-row-draft,ko-wiki-backfill-heegner-number 헤그너 수 rev 39041736 count 1; native-source-bodies/ko/wiki-bodies/backfill-20260705/ko-wiki-backfill-heegner-number_헤그너_수_raw_wikitext_20260705.txt,Korean source-body term observation only; do not insert into Noether corpus prose without a row-level Korean queue and source-context check.,literal substring count over saved Korean wikitext; no morphological disambiguation; no source snippets copied,UTF-8 Hangul/Hanja fallback source term; keep outside TeX math; verify Korean font path before any generated draft use.,generated-draft/non-canonical/not native reviewed/not approved/not accepted terminology/not gate-promoted/not complete
cjklex-0023,ko-source-attestation::ko-wiki-abstract-algebra::환론,ko,Korean addendum,ring,환론,Hangul with possible Hanja,fallback-source-body-term-attestation-not-row-draft,ko-wiki-abstract-algebra 추상대수학 rev 41744985 count 1; native-source-bodies/ko/wiki-bodies/ko-wiki-abstract-algebra_추상대수학_wikitext_20260705.txt,Korean source-body term observation only; do not insert into Noether corpus prose without a row-level Korean queue and source-context check.,literal substring count over saved Korean wikitext; no morphological disambiguation; no source snippets copied,UTF-8 Hangul/Hanja fallback source term; keep outside TeX math; verify Korean font path before any generated draft use.,generated-draft/non-canonical/not native reviewed/not approved/not accepted terminology/not gate-promoted/not complete
cjklex-0023,ko-source-attestation::ko-wiki-ring-theory::환론,ko,Korean addendum,ring,환론,Hangul with possible Hanja,fallback-source-body-term-attestation-not-row-draft,ko-wiki-ring-theory 환론 rev 39056267 count 3; native-source-bodies/ko/wiki-bodies/ko-wiki-ring-theory_환론_wikitext_20260705.txt,Korean source-body term observation only; do not insert into Noether corpus prose without a row-level Korean queue and source-context check.,literal substring count over saved Korean wikitext; no morphological disambiguation; no source snippets copied,UTF-8 Hangul/Hanja fallback source term; keep outside TeX math; verify Korean font path before any generated draft use.,generated-draft/non-canonical/not native reviewed/not approved/not accepted terminology/not gate-promoted/not complete
cjklex-0023,ko-source-attestation::ko-wiki-module::환론,ko,Korean addendum,ring,환론,Hangul with possible Hanja,fallback-source-body-term-attestation-not-row-draft,ko-wiki-module 가군 rev 41652760 count 2; native-source-bodies/ko/wiki-bodies/ko-wiki-module_가군_wikitext_20260705.txt,Korean source-body term observation only; do not insert into Noether corpus prose without a row-level Korean queue and source-context check.,literal substring count over saved Korean wikitext; no morphological disambiguation; no source snippets copied,UTF-8 Hangul/Hanja fallback source term; keep outside TeX math; verify Korean font path before any generated draft use.,generated-draft/non-canonical/not native reviewed/not approved/not accepted terminology/not gate-promoted/not complete
cjklex-0023,ko-source-attestation::ko-wiki-group-theory::환론,ko,Korean addendum,ring,환론,Hangul with possible Hanja,fallback-source-body-term-attestation-not-row-draft,ko-wiki-group-theory 군론 rev 41776557 count 1; native-source-bodies/ko/wiki-bodies/ko-wiki-group-theory_군론_wikitext_20260705.txt,Korean source-body term observation only; do not insert into Noether corpus prose without a row-level Korean queue and source-context check.,literal substring count over saved Korean wikitext; no morphological disambiguation; no source snippets copied,UTF-8 Hangul/Hanja fallback source term; keep outside TeX math; verify Korean font path before any generated draft use.,generated-draft/non-canonical/not native reviewed/not approved/not accepted terminology/not gate-promoted/not complete
cjklex-0023,ko-source-attestation::ko-wiki-field::환론,ko,Korean addendum,ring,환론,Hangul with possible Hanja,fallback-source-body-term-attestation-not-row-draft,ko-wiki-field 체 (수학) rev 41649269 count 1; native-source-bodies/ko/wiki-bodies/ko-wiki-field_체_수학_wikitext_20260705.txt,Korean source-body term observation only; do not insert into Noether corpus prose without a row-level Korean queue and source-context check.,literal substring count over saved Korean wikitext; no morphological disambiguation; no source snippets copied,UTF-8 Hangul/Hanja fallback source term; keep outside TeX math; verify Korean font path before any generated draft use.,generated-draft/non-canonical/not native reviewed/not approved/not accepted terminology/not gate-promoted/not complete
cjklex-0023,ko-source-attestation::ko-wiki-ideal::환론,ko,Korean addendum,ring,환론,Hangul with possible Hanja,fallback-source-body-term-attestation-not-row-draft,ko-wiki-ideal 아이디얼 rev 39160743 count 1; native-source-bodies/ko/wiki-bodies/ko-wiki-ideal_아이디얼_wikitext_20260705.txt,Korean source-body term observation only; do not insert into Noether corpus prose without a row-level Korean queue and source-context check.,literal substring count over saved Korean wikitext; no morphological disambiguation; no source snippets copied,UTF-8 Hangul/Hanja fallback source term; keep outside TeX math; verify Korean font path before any generated draft use.,generated-draft/non-canonical/not native reviewed/not approved/not accepted terminology/not gate-promoted/not complete
cjklex-0023,ko-source-attestation::ko-wiki-commutative-algebra::환론,ko,Korean addendum,ring,환론,Hangul with possible Hanja,fallback-source-body-term-attestation-not-row-draft,ko-wiki-commutative-algebra 가환대수학 rev 41811027 count 5; native-source-bodies/ko/wiki-bodies/ko-wiki-commutative-algebra_가환대수학_wikitext_20260705.txt,Korean source-body term observation only; do not insert into Noether corpus prose without a row-level Korean queue and source-context check.,literal substring count over saved Korean wikitext; no morphological disambiguation; no source snippets copied,UTF-8 Hangul/Hanja fallback source term; keep outside TeX math; verify Korean font path before any generated draft use.,generated-draft/non-canonical/not native reviewed/not approved/not accepted terminology/not gate-promoted/not complete
cjklex-0023,ko-source-attestation::ko-wiki-linear-algebra::환론,ko,Korean addendum,ring,환론,Hangul with possible Hanja,fallback-source-body-term-attestation-not-row-draft,ko-wiki-linear-algebra 선형대수학 rev 41811221 count 2; native-source-bodies/ko/wiki-bodies/ko-wiki-linear-algebra_선형대수학_wikitext_20260705.txt,Korean source-body term observation only; do not insert into Noether corpus prose without a row-level Korean queue and source-context check.,literal substring count over saved Korean wikitext; no morphological disambiguation; no source snippets copied,UTF-8 Hangul/Hanja fallback source term; keep outside TeX math; verify Korean font path before any generated draft use.,generated-draft/non-canonical/not native reviewed/not approved/not accepted terminology/not gate-promoted/not complete
cjklex-0023,ko-source-attestation::ko-wiki-backfill-semisimple-ring::환론,ko,Korean addendum,ring,환론,Hangul with possible Hanja,fallback-source-body-term-attestation-not-row-draft,ko-wiki-backfill-semisimple-ring 반단순환 rev 39375212 count 5; native-source-bodies/ko/wiki-bodies/backfill-20260705/ko-wiki-backfill-semisimple-ring_반단순환_raw_wikitext_20260705.txt,Korean source-body term observation only; do not insert into Noether corpus prose without a row-level Korean queue and source-context check.,literal substring count over saved Korean wikitext; no morphological disambiguation; no source snippets copied,UTF-8 Hangul/Hanja fallback source term; keep outside TeX math; verify Korean font path before any generated draft use.,generated-draft/non-canonical/not native reviewed/not approved/not accepted terminology/not gate-promoted/not complete
cjklex-0023,ko-source-attestation::ko-wiki-backfill-hopf-algebra::환론,ko,Korean addendum,ring,환론,Hangul with possible Hanja,fallback-source-body-term-attestation-not-row-draft,ko-wiki-backfill-hopf-algebra 호프 대수 rev 41657185 count 1; native-source-bodies/ko/wiki-bodies/backfill-20260705/ko-wiki-backfill-hopf-algebra_호프_대수_raw_wikitext_20260705.txt,Korean source-body term observation only; do not insert into Noether corpus prose without a row-level Korean queue and source-context check.,literal substring count over saved Korean wikitext; no morphological disambiguation; no source snippets copied,UTF-8 Hangul/Hanja fallback source term; keep outside TeX math; verify Korean font path before any generated draft use.,generated-draft/non-canonical/not native reviewed/not approved/not accepted terminology/not gate-promoted/not complete
cjklex-0023,ko-source-attestation::ko-wiki-backfill-noetherian-ring::환론,ko,Korean addendum,ring,환론,Hangul with possible Hanja,fallback-source-body-term-attestation-not-row-draft,ko-wiki-backfill-noetherian-ring 뇌터 환 rev 39051386 count 4; native-source-bodies/ko/wiki-bodies/backfill-20260705/ko-wiki-backfill-noetherian-ring_뇌터_환_raw_wikitext_20260705.txt,Korean source-body term observation only; do not insert into Noether corpus prose without a row-level Korean queue and source-context check.,literal substring count over saved Korean wikitext; no morphological disambiguation; no source snippets copied,UTF-8 Hangul/Hanja fallback source term; keep outside TeX math; verify Korean font path before any generated draft use.,generated-draft/non-canonical/not native reviewed/not approved/not accepted terminology/not gate-promoted/not complete
cjklex-0023,ko-source-attestation::ko-wiki-backfill-localization::환론,ko,Korean addendum,ring,환론,Hangul with possible Hanja,fallback-source-body-term-attestation-not-row-draft,ko-wiki-backfill-localization 국소화 (환론) rev 41904060 count 3; native-source-bodies/ko/wiki-bodies/backfill-20260705/ko-wiki-backfill-localization_국소화_환론_raw_wikitext_20260705.txt,Korean source-body term observation only; do not insert into Noether corpus prose without a row-level Korean queue and source-context check.,literal substring count over saved Korean wikitext; no morphological disambiguation; no source snippets copied,UTF-8 Hangul/Hanja fallback source term; keep outside TeX math; verify Korean font path before any generated draft use.,generated-draft/non-canonical/not native reviewed/not approved/not accepted terminology/not gate-promoted/not complete
cjklex-0023,ko-source-attestation::ko-wiki-backfill-weierstrass-preparation::환론,ko,Korean addendum,ring,환론,Hangul with possible Hanja,fallback-source-body-term-attestation-not-row-draft,ko-wiki-backfill-weierstrass-preparation 바이어스트라스 준비 정리 rev 39731383 count 1; native-source-bodies/ko/wiki-bodies/backfill-20260705/ko-wiki-backfill-weierstrass-preparation_바이어스트라스_준비_정리_raw_wikitext_20260705.txt,Korean source-body term observation only; do not insert into Noether corpus prose without a row-level Korean queue and source-context check.,literal substring count over saved Korean wikitext; no morphological disambiguation; no source snippets copied,UTF-8 Hangul/Hanja fallback source term; keep outside TeX math; verify Korean font path before any generated draft use.,generated-draft/non-canonical/not native reviewed/not approved/not accepted terminology/not gate-promoted/not complete
cjklex-0023,ko-source-attestation::ko-wiki-backfill-flat-module::환론,ko,Korean addendum,ring,환론,Hangul with possible Hanja,fallback-source-body-term-attestation-not-row-draft,ko-wiki-backfill-flat-module 평탄 가군 rev 39344899 count 3; native-source-bodies/ko/wiki-bodies/backfill-20260705/ko-wiki-backfill-flat-module_평탄_가군_raw_wikitext_20260705.txt,Korean source-body term observation only; do not insert into Noether corpus prose without a row-level Korean queue and source-context check.,literal substring count over saved Korean wikitext; no morphological disambiguation; no source snippets copied,UTF-8 Hangul/Hanja fallback source term; keep outside TeX math; verify Korean font path before any generated draft use.,generated-draft/non-canonical/not native reviewed/not approved/not accepted terminology/not gate-promoted/not complete
cjklex-0023,ko-source-attestation::ko-wiki-backfill-quiver-representation::환론,ko,Korean addendum,ring,환론,Hangul with possible Hanja,fallback-source-body-term-attestation-not-row-draft,ko-wiki-backfill-quiver-representation 화살집 표현 rev 39479528 count 3; native-source-bodies/ko/wiki-bodies/backfill-20260705/ko-wiki-backfill-quiver-representation_화살집_표현_raw_wikitext_20260705.txt,Korean source-body term observation only; do not insert into Noether corpus prose without a row-level Korean queue and source-context check.,literal substring count over saved Korean wikitext; no morphological disambiguation; no source snippets copied,UTF-8 Hangul/Hanja fallback source term; keep outside TeX math; verify Korean font path before any generated draft use.,generated-draft/non-canonical/not native reviewed/not approved/not accepted terminology/not gate-promoted/not complete
cjklex-0023,ko-source-attestation::ko-wiki-backfill-complex-multiplication::환론,ko,Korean addendum,ring,환론,Hangul with possible Hanja,fallback-source-body-term-attestation-not-row-draft,ko-wiki-backfill-complex-multiplication 복소 곱셈 rev 39316675 count 2; native-source-bodies/ko/wiki-bodies/backfill-20260705/ko-wiki-backfill-complex-multiplication_복소_곱셈_raw_wikitext_20260705.txt,Korean source-body term observation only; do not insert into Noether corpus prose without a row-level Korean queue and source-context check.,literal substring count over saved Korean wikitext; no morphological disambiguation; no source snippets copied,UTF-8 Hangul/Hanja fallback source term; keep outside TeX math; verify Korean font path before any generated draft use.,generated-draft/non-canonical/not native reviewed/not approved/not accepted terminology/not gate-promoted/not complete
cjklex-0023,ko-source-attestation::ko-wiki-backfill-prime-ideal::환론,ko,Korean addendum,ring,환론,Hangul with possible Hanja,fallback-source-body-term-attestation-not-row-draft,ko-wiki-backfill-prime-ideal 소 아이디얼 rev 41653113 count 9; native-source-bodies/ko/wiki-bodies/backfill-20260705/ko-wiki-backfill-prime-ideal_소_아이디얼_raw_wikitext_20260705.txt,Korean source-body term observation only; do not insert into Noether corpus prose without a row-level Korean queue and source-context check.,literal substring count over saved Korean wikitext; no morphological disambiguation; no source snippets copied,UTF-8 Hangul/Hanja fallback source term; keep outside TeX math; verify Korean font path before any generated draft use.,generated-draft/non-canonical/not native reviewed/not approved/not accepted terminology/not gate-promoted/not complete
cjklex-0023,ko-source-attestation::ko-wiki-backfill-primary-ideal::환론,ko,Korean addendum,ring,환론,Hangul with possible Hanja,fallback-source-body-term-attestation-not-row-draft,ko-wiki-backfill-primary-ideal 으뜸 아이디얼 rev 39160791 count 1; native-source-bodies/ko/wiki-bodies/backfill-20260705/ko-wiki-backfill-primary-ideal_으뜸_아이디얼_raw_wikitext_20260705.txt,Korean source-body term observation only; do not insert into Noether corpus prose without a row-level Korean queue and source-context check.,literal substring count over saved Korean wikitext; no morphological disambiguation; no source snippets copied,UTF-8 Hangul/Hanja fallback source term; keep outside TeX math; verify Korean font path before any generated draft use.,generated-draft/non-canonical/not native reviewed/not approved/not accepted terminology/not gate-promoted/not complete
cjklex-0024,term-ja-0041,ja,Japanese,prime ideal,素イデアル,Japanese kana+kanji,source-canon-sufficient-for-scoped-draft,ja-src-001 Matsumura commutative-ring TeX source | ja-pdf-002 Ando algebra lecture-note PDF set | ja-pdf-003 Nagai invariant-theory PDF witness | ja-pdf-004 Ryoya Ando commutative-algebra PDF witness | CJK-native source-support/codepoint ledgers,"Use near formulas only with the exact source anchor already present in the row packet; keep TeX variables, ideals/modules/rings, and arrows/macros unchanged. Use UTF-8 and a CJK-capable TeX/PDF path. Do not split the target term across inline math; check punctuation, CJK/Latin spacing, and line breaks around formulas.",,"Use UTF-8 and a CJK-capable TeX/PDF path. Do not split the target term across inline math; check punctuation, CJK/Latin spacing, and line breaks around formulas.",generated-draft/non-canonical/not native reviewed/not approved/not accepted terminology/not gate-promoted/not complete
cjklex-0024,term-zh-hans-0034,zh-Hans,Simplified Chinese,prime ideal,素理想,Simplified Han,source-canon-sufficient-for-scoped-draft,zh-Hans-src-001 AlJabr-1 TeX source repository | zh-Hans-src-002 AlJabr-2 TeX source repository | CJK-native source-support/codepoint ledgers,"Use near formulas only with the exact source anchor already present in the row packet; keep TeX variables, ideals/modules/rings, and arrows/macros unchanged. Use UTF-8 and a CJK-capable TeX/PDF path. Do not split the target term across inline math; check punctuation, CJK/Latin spacing, and line breaks around formulas.",,"Use UTF-8 and a CJK-capable TeX/PDF path. Do not split the target term across inline math; check punctuation, CJK/Latin spacing, and line breaks around formulas.",generated-draft/non-canonical/not native reviewed/not approved/not accepted terminology/not gate-promoted/not complete
cjklex-0024,ko-source-attestation::ko-wiki-module::소 아이디얼,ko,Korean addendum,prime ideal,소 아이디얼,Hangul with possible Hanja,fallback-source-body-term-attestation-not-row-draft,ko-wiki-module 가군 rev 41652760 count 1; native-source-bodies/ko/wiki-bodies/ko-wiki-module_가군_wikitext_20260705.txt,Korean source-body term observation only; do not insert into Noether corpus prose without a row-level Korean queue and source-context check.,literal substring count over saved Korean wikitext; no morphological disambiguation; no source snippets copied,UTF-8 Hangul/Hanja fallback source term; keep outside TeX math; verify Korean font path before any generated draft use.,generated-draft/non-canonical/not native reviewed/not approved/not accepted terminology/not gate-promoted/not complete
cjklex-0024,ko-source-attestation::ko-wiki-ideal::소 아이디얼,ko,Korean addendum,prime ideal,소 아이디얼,Hangul with possible Hanja,fallback-source-body-term-attestation-not-row-draft,ko-wiki-ideal 아이디얼 rev 39160743 count 4; native-source-bodies/ko/wiki-bodies/ko-wiki-ideal_아이디얼_wikitext_20260705.txt,Korean source-body term observation only; do not insert into Noether corpus prose without a row-level Korean queue and source-context check.,literal substring count over saved Korean wikitext; no morphological disambiguation; no source snippets copied,UTF-8 Hangul/Hanja fallback source term; keep outside TeX math; verify Korean font path before any generated draft use.,generated-draft/non-canonical/not native reviewed/not approved/not accepted terminology/not gate-promoted/not complete
cjklex-0024,ko-source-attestation::ko-wiki-commutative-algebra::소 아이디얼,ko,Korean addendum,prime ideal,소 아이디얼,Hangul with possible Hanja,fallback-source-body-term-attestation-not-row-draft,ko-wiki-commutative-algebra 가환대수학 rev 41811027 count 5; native-source-bodies/ko/wiki-bodies/ko-wiki-commutative-algebra_가환대수학_wikitext_20260705.txt,Korean source-body term observation only; do not insert into Noether corpus prose without a row-level Korean queue and source-context check.,literal substring count over saved Korean wikitext; no morphological disambiguation; no source snippets copied,UTF-8 Hangul/Hanja fallback source term; keep outside TeX math; verify Korean font path before any generated draft use.,generated-draft/non-canonical/not native reviewed/not approved/not accepted terminology/not gate-promoted/not complete
cjklex-0024,ko-source-attestation::ko-wiki-backfill-noetherian-ring::소 아이디얼,ko,Korean addendum,prime ideal,소 아이디얼,Hangul with possible Hanja,fallback-source-body-term-attestation-not-row-draft,ko-wiki-backfill-noetherian-ring 뇌터 환 rev 39051386 count 3; native-source-bodies/ko/wiki-bodies/backfill-20260705/ko-wiki-backfill-noetherian-ring_뇌터_환_raw_wikitext_20260705.txt,Korean source-body term observation only; do not insert into Noether corpus prose without a row-level Korean queue and source-context check.,literal substring count over saved Korean wikitext; no morphological disambiguation; no source snippets copied,UTF-8 Hangul/Hanja fallback source term; keep outside TeX math; verify Korean font path before any generated draft use.,generated-draft/non-canonical/not native reviewed/not approved/not accepted terminology/not gate-promoted/not complete
cjklex-0024,ko-source-attestation::ko-wiki-backfill-localization::소 아이디얼,ko,Korean addendum,prime ideal,소 아이디얼,Hangul with possible Hanja,fallback-source-body-term-attestation-not-row-draft,ko-wiki-backfill-localization 국소화 (환론) rev 41904060 count 8; native-source-bodies/ko/wiki-bodies/backfill-20260705/ko-wiki-backfill-localization_국소화_환론_raw_wikitext_20260705.txt,Korean source-body term observation only; do not insert into Noether corpus prose without a row-level Korean queue and source-context check.,literal substring count over saved Korean wikitext; no morphological disambiguation; no source snippets copied,UTF-8 Hangul/Hanja fallback source term; keep outside TeX math; verify Korean font path before any generated draft use.,generated-draft/non-canonical/not native reviewed/not approved/not accepted terminology/not gate-promoted/not complete
cjklex-0024,ko-source-attestation::ko-wiki-backfill-flat-module::소 아이디얼,ko,Korean addendum,prime ideal,소 아이디얼,Hangul with possible Hanja,fallback-source-body-term-attestation-not-row-draft,ko-wiki-backfill-flat-module 평탄 가군 rev 39344899 count 1; native-source-bodies/ko/wiki-bodies/backfill-20260705/ko-wiki-backfill-flat-module_평탄_가군_raw_wikitext_20260705.txt,Korean source-body term observation only; do not insert into Noether corpus prose without a row-level Korean queue and source-context check.,literal substring count over saved Korean wikitext; no morphological disambiguation; no source snippets copied,UTF-8 Hangul/Hanja fallback source term; keep outside TeX math; verify Korean font path before any generated draft use.,generated-draft/non-canonical/not native reviewed/not approved/not accepted terminology/not gate-promoted/not complete
cjklex-0024,ko-source-attestation::ko-wiki-backfill-prime-ideal::소 아이디얼,ko,Korean addendum,prime ideal,소 아이디얼,Hangul with possible Hanja,fallback-source-body-term-attestation-not-row-draft,ko-wiki-backfill-prime-ideal 소 아이디얼 rev 41653113 count 59; native-source-bodies/ko/wiki-bodies/backfill-20260705/ko-wiki-backfill-prime-ideal_소_아이디얼_raw_wikitext_20260705.txt,Korean source-body term observation only; do not insert into Noether corpus prose without a row-level Korean queue and source-context check.,literal substring count over saved Korean wikitext; no morphological disambiguation; no source snippets copied,UTF-8 Hangul/Hanja fallback source term; keep outside TeX math; verify Korean font path before any generated draft use.,generated-draft/non-canonical/not native reviewed/not approved/not accepted terminology/not gate-promoted/not complete
cjklex-0024,ko-source-attestation::ko-wiki-backfill-primary-ideal::소 아이디얼,ko,Korean addendum,prime ideal,소 아이디얼,Hangul with possible Hanja,fallback-source-body-term-attestation-not-row-draft,ko-wiki-backfill-primary-ideal 으뜸 아이디얼 rev 39160791 count 19; native-source-bodies/ko/wiki-bodies/backfill-20260705/ko-wiki-backfill-primary-ideal_으뜸_아이디얼_raw_wikitext_20260705.txt,Korean source-body term observation only; do not insert into Noether corpus prose without a row-level Korean queue and source-context check.,literal substring count over saved Korean wikitext; no morphological disambiguation; no source snippets copied,UTF-8 Hangul/Hanja fallback source term; keep outside TeX math; verify Korean font path before any generated draft use.,generated-draft/non-canonical/not native reviewed/not approved/not accepted terminology/not gate-promoted/not complete
cjklex-0024,ko-source-attestation::ko-wiki-backfill-algebraic-number-field::소 아이디얼,ko,Korean addendum,prime ideal,소 아이디얼,Hangul with possible Hanja,fallback-source-body-term-attestation-not-row-draft,ko-wiki-backfill-algebraic-number-field 대수적 수체 rev 41743364 count 5; native-source-bodies/ko/wiki-bodies/backfill-20260705/ko-wiki-backfill-algebraic-number-field_대수적_수체_raw_wikitext_20260705.txt,Korean source-body term observation only; do not insert into Noether corpus prose without a row-level Korean queue and source-context check.,literal substring count over saved Korean wikitext; no morphological disambiguation; no source snippets copied,UTF-8 Hangul/Hanja fallback source term; keep outside TeX math; verify Korean font path before any generated draft use.,generated-draft/non-canonical/not native reviewed/not approved/not accepted terminology/not gate-promoted/not complete
cjklex-0025,term-ja-0001,ja,Japanese,algebra,代数,Japanese kana+kanji,source-canon-sufficient-for-scoped-draft,ja-src-001 Matsumura commutative-ring TeX source | ja-pdf-002 Ando algebra lecture-note PDF set | ja-pdf-003 Nagai invariant-theory PDF witness | ja-pdf-004 Ryoya Ando commutative-algebra PDF witness | CJK-native source-support/codepoint ledgers,"Formula-neighboring note: preserve source TeX/math notation and do not upgrade the draft term beyond the cited source context. Use UTF-8 and a CJK-capable TeX/PDF path. Do not split the target term across inline math; check punctuation, CJK/Latin spacing, and line breaks around formulas.",代数学,"Use UTF-8 and a CJK-capable TeX/PDF path. Do not split the target term across inline math; check punctuation, CJK/Latin spacing, and line breaks around formulas.",generated-draft/non-canonical/not native reviewed/not approved/not accepted terminology/not gate-promoted/not complete
cjklex-0025,ko-source-attestation::ko-wiki-abstract-algebra::대수,ko,Korean addendum,algebra,대수,Hangul with possible Hanja,fallback-source-body-term-attestation-not-row-draft,ko-wiki-abstract-algebra 추상대수학 rev 41744985 count 57; native-source-bodies/ko/wiki-bodies/ko-wiki-abstract-algebra_추상대수학_wikitext_20260705.txt,Korean source-body term observation only; do not insert into Noether corpus prose without a row-level Korean queue and source-context check.,literal substring count over saved Korean wikitext; no morphological disambiguation; no source snippets copied,UTF-8 Hangul/Hanja fallback source term; keep outside TeX math; verify Korean font path before any generated draft use.,generated-draft/non-canonical/not native reviewed/not approved/not accepted terminology/not gate-promoted/not complete
cjklex-0025,ko-source-attestation::ko-wiki-algebra::대수,ko,Korean addendum,algebra,대수,Hangul with possible Hanja,fallback-source-body-term-attestation-not-row-draft,ko-wiki-algebra 대수학 rev 41960238 count 70; native-source-bodies/ko/wiki-bodies/ko-wiki-algebra_대수학_wikitext_20260705.txt,Korean source-body term observation only; do not insert into Noether corpus prose without a row-level Korean queue and source-context check.,literal substring count over saved Korean wikitext; no morphological disambiguation; no source snippets copied,UTF-8 Hangul/Hanja fallback source term; keep outside TeX math; verify Korean font path before any generated draft use.,generated-draft/non-canonical/not native reviewed/not approved/not accepted terminology/not gate-promoted/not complete
cjklex-0025,ko-source-attestation::ko-wiki-ring-theory::대수,ko,Korean addendum,algebra,대수,Hangul with possible Hanja,fallback-source-body-term-attestation-not-row-draft,ko-wiki-ring-theory 환론 rev 39056267 count 6; native-source-bodies/ko/wiki-bodies/ko-wiki-ring-theory_환론_wikitext_20260705.txt,Korean source-body term observation only; do not insert into Noether corpus prose without a row-level Korean queue and source-context check.,literal substring count over saved Korean wikitext; no morphological disambiguation; no source snippets copied,UTF-8 Hangul/Hanja fallback source term; keep outside TeX math; verify Korean font path before any generated draft use.,generated-draft/non-canonical/not native reviewed/not approved/not accepted terminology/not gate-promoted/not complete
cjklex-0025,ko-source-attestation::ko-wiki-module::대수,ko,Korean addendum,algebra,대수,Hangul with possible Hanja,fallback-source-body-term-attestation-not-row-draft,ko-wiki-module 가군 rev 41652760 count 17; native-source-bodies/ko/wiki-bodies/ko-wiki-module_가군_wikitext_20260705.txt,Korean source-body term observation only; do not insert into Noether corpus prose without a row-level Korean queue and source-context check.,literal substring count over saved Korean wikitext; no morphological disambiguation; no source snippets copied,UTF-8 Hangul/Hanja fallback source term; keep outside TeX math; verify Korean font path before any generated draft use.,generated-draft/non-canonical/not native reviewed/not approved/not accepted terminology/not gate-promoted/not complete
cjklex-0025,ko-source-attestation::ko-wiki-galois-theory::대수,ko,Korean addendum,algebra,대수,Hangul with possible Hanja,fallback-source-body-term-attestation-not-row-draft,ko-wiki-galois-theory 갈루아 이론 rev 41742964 count 5; native-source-bodies/ko/wiki-bodies/ko-wiki-galois-theory_갈루아_이론_wikitext_20260705.txt,Korean source-body term observation only; do not insert into Noether corpus prose without a row-level Korean queue and source-context check.,literal substring count over saved Korean wikitext; no morphological disambiguation; no source snippets copied,UTF-8 Hangul/Hanja fallback source term; keep outside TeX math; verify Korean font path before any generated draft use.,generated-draft/non-canonical/not native reviewed/not approved/not accepted terminology/not gate-promoted/not complete
cjklex-0025,ko-source-attestation::ko-wiki-group-theory::대수,ko,Korean addendum,algebra,대수,Hangul with possible Hanja,fallback-source-body-term-attestation-not-row-draft,ko-wiki-group-theory 군론 rev 41776557 count 10; native-source-bodies/ko/wiki-bodies/ko-wiki-group-theory_군론_wikitext_20260705.txt,Korean source-body term observation only; do not insert into Noether corpus prose without a row-level Korean queue and source-context check.,literal substring count over saved Korean wikitext; no morphological disambiguation; no source snippets copied,UTF-8 Hangul/Hanja fallback source term; keep outside TeX math; verify Korean font path before any generated draft use.,generated-draft/non-canonical/not native reviewed/not approved/not accepted terminology/not gate-promoted/not complete
cjklex-0025,ko-source-attestation::ko-wiki-field::대수,ko,Korean addendum,algebra,대수,Hangul with possible Hanja,fallback-source-body-term-attestation-not-row-draft,ko-wiki-field 체 (수학) rev 41649269 count 26; native-source-bodies/ko/wiki-bodies/ko-wiki-field_체_수학_wikitext_20260705.txt,Korean source-body term observation only; do not insert into Noether corpus prose without a row-level Korean queue and source-context check.,literal substring count over saved Korean wikitext; no morphological disambiguation; no source snippets copied,UTF-8 Hangul/Hanja fallback source term; keep outside TeX math; verify Korean font path before any generated draft use.,generated-draft/non-canonical/not native reviewed/not approved/not accepted terminology/not gate-promoted/not complete
cjklex-0025,ko-source-attestation::ko-wiki-ideal::대수,ko,Korean addendum,algebra,대수,Hangul with possible Hanja,fallback-source-body-term-attestation-not-row-draft,ko-wiki-ideal 아이디얼 rev 39160743 count 1; native-source-bodies/ko/wiki-bodies/ko-wiki-ideal_아이디얼_wikitext_20260705.txt,Korean source-body term observation only; do not insert into Noether corpus prose without a row-level Korean queue and source-context check.,literal substring count over saved Korean wikitext; no morphological disambiguation; no source snippets copied,UTF-8 Hangul/Hanja fallback source term; keep outside TeX math; verify Korean font path before any generated draft use.,generated-draft/non-canonical/not native reviewed/not approved/not accepted terminology/not gate-promoted/not complete
cjklex-0025,ko-source-attestation::ko-wiki-commutative-algebra::대수,ko,Korean addendum,algebra,대수,Hangul with possible Hanja,fallback-source-body-term-attestation-not-row-draft,ko-wiki-commutative-algebra 가환대수학 rev 41811027 count 23; native-source-bodies/ko/wiki-bodies/ko-wiki-commutative-algebra_가환대수학_wikitext_20260705.txt,Korean source-body term observation only; do not insert into Noether corpus prose without a row-level Korean queue and source-context check.,literal substring count over saved Korean wikitext; no morphological disambiguation; no source snippets copied,UTF-8 Hangul/Hanja fallback source term; keep outside TeX math; verify Korean font path before any generated draft use.,generated-draft/non-canonical/not native reviewed/not approved/not accepted terminology/not gate-promoted/not complete
cjklex-0025,ko-source-attestation::ko-wiki-linear-algebra::대수,ko,Korean addendum,algebra,대수,Hangul with possible Hanja,fallback-source-body-term-attestation-not-row-draft,ko-wiki-linear-algebra 선형대수학 rev 41811221 count 147; native-source-bodies/ko/wiki-bodies/ko-wiki-linear-algebra_선형대수학_wikitext_20260705.txt,Korean source-body term observation only; do not insert into Noether corpus prose without a row-level Korean queue and source-context check.,literal substring count over saved Korean wikitext; no morphological disambiguation; no source snippets copied,UTF-8 Hangul/Hanja fallback source term; keep outside TeX math; verify Korean font path before any generated draft use.,generated-draft/non-canonical/not native reviewed/not approved/not accepted terminology/not gate-promoted/not complete
cjklex-0025,ko-source-attestation::ko-wiki-backfill-irreducible-representation::대수,ko,Korean addendum,algebra,대수,Hangul with possible Hanja,fallback-source-body-term-attestation-not-row-draft,ko-wiki-backfill-irreducible-representation 기약표현 rev 41663389 count 5; native-source-bodies/ko/wiki-bodies/backfill-20260705/ko-wiki-backfill-irreducible-representation_기약표현_raw_wikitext_20260705.txt,Korean source-body term observation only; do not insert into Noether corpus prose without a row-level Korean queue and source-context check.,literal substring count over saved Korean wikitext; no morphological disambiguation; no source snippets copied,UTF-8 Hangul/Hanja fallback source term; keep outside TeX math; verify Korean font path before any generated draft use.,generated-draft/non-canonical/not native reviewed/not approved/not accepted terminology/not gate-promoted/not complete
cjklex-0025,ko-source-attestation::ko-wiki-backfill-semisimple-ring::대수,ko,Korean addendum,algebra,대수,Hangul with possible Hanja,fallback-source-body-term-attestation-not-row-draft,ko-wiki-backfill-semisimple-ring 반단순환 rev 39375212 count 6; native-source-bodies/ko/wiki-bodies/backfill-20260705/ko-wiki-backfill-semisimple-ring_반단순환_raw_wikitext_20260705.txt,Korean source-body term observation only; do not insert into Noether corpus prose without a row-level Korean queue and source-context check.,literal substring count over saved Korean wikitext; no morphological disambiguation; no source snippets copied,UTF-8 Hangul/Hanja fallback source term; keep outside TeX math; verify Korean font path before any generated draft use.,generated-draft/non-canonical/not native reviewed/not approved/not accepted terminology/not gate-promoted/not complete
cjklex-0025,ko-source-attestation::ko-wiki-backfill-hopf-algebra::대수,ko,Korean addendum,algebra,대수,Hangul with possible Hanja,fallback-source-body-term-attestation-not-row-draft,ko-wiki-backfill-hopf-algebra 호프 대수 rev 41657185 count 17; native-source-bodies/ko/wiki-bodies/backfill-20260705/ko-wiki-backfill-hopf-algebra_호프_대수_raw_wikitext_20260705.txt,Korean source-body term observation only; do not insert into Noether corpus prose without a row-level Korean queue and source-context check.,literal substring count over saved Korean wikitext; no morphological disambiguation; no source snippets copied,UTF-8 Hangul/Hanja fallback source term; keep outside TeX math; verify Korean font path before any generated draft use.,generated-draft/non-canonical/not native reviewed/not approved/not accepted terminology/not gate-promoted/not complete
cjklex-0025,ko-source-attestation::ko-wiki-backfill-decomposition-algebra::대수,ko,Korean addendum,algebra,대수,Hangul with possible Hanja,fallback-source-body-term-attestation-not-row-draft,ko-wiki-backfill-decomposition-algebra 분해 (대수학) rev 39792326 count 9; native-source-bodies/ko/wiki-bodies/backfill-20260705/ko-wiki-backfill-decomposition-algebra_분해_대수학_raw_wikitext_20260705.txt,Korean source-body term observation only; do not insert into Noether corpus prose without a row-level Korean queue and source-context check.,literal substring count over saved Korean wikitext; no morphological disambiguation; no source snippets copied,UTF-8 Hangul/Hanja fallback source term; keep outside TeX math; verify Korean font path before any generated draft use.,generated-draft/non-canonical/not native reviewed/not approved/not accepted terminology/not gate-promoted/not complete
cjklex-0025,ko-source-attestation::ko-wiki-backfill-su2-representation::대수,ko,Korean addendum,algebra,대수,Hangul with possible Hanja,fallback-source-body-term-attestation-not-row-draft,ko-wiki-backfill-su2-representation SU(2)의 표현론 rev 39766810 count 21; native-source-bodies/ko/wiki-bodies/backfill-20260705/ko-wiki-backfill-su2-representation_SU_2_의_표현론_raw_wikitext_20260705.txt,Korean source-body term observation only; do not insert into Noether corpus prose without a row-level Korean queue and source-context check.,literal substring count over saved Korean wikitext; no morphological disambiguation; no source snippets copied,UTF-8 Hangul/Hanja fallback source term; keep outside TeX math; verify Korean font path before any generated draft use.,generated-draft/non-canonical/not native reviewed/not approved/not accepted terminology/not gate-promoted/not complete
cjklex-0025,ko-source-attestation::ko-wiki-backfill-noetherian-ring::대수,ko,Korean addendum,algebra,대수,Hangul with possible Hanja,fallback-source-body-term-attestation-not-row-draft,ko-wiki-backfill-noetherian-ring 뇌터 환 rev 39051386 count 4; native-source-bodies/ko/wiki-bodies/backfill-20260705/ko-wiki-backfill-noetherian-ring_뇌터_환_raw_wikitext_20260705.txt,Korean source-body term observation only; do not insert into Noether corpus prose without a row-level Korean queue and source-context check.,literal substring count over saved Korean wikitext; no morphological disambiguation; no source snippets copied,UTF-8 Hangul/Hanja fallback source term; keep outside TeX math; verify Korean font path before any generated draft use.,generated-draft/non-canonical/not native reviewed/not approved/not accepted terminology/not gate-promoted/not complete
cjklex-0025,ko-source-attestation::ko-wiki-backfill-localization::대수,ko,Korean addendum,algebra,대수,Hangul with possible Hanja,fallback-source-body-term-attestation-not-row-draft,ko-wiki-backfill-localization 국소화 (환론) rev 41904060 count 4; native-source-bodies/ko/wiki-bodies/backfill-20260705/ko-wiki-backfill-localization_국소화_환론_raw_wikitext_20260705.txt,Korean source-body term observation only; do not insert into Noether corpus prose without a row-level Korean queue and source-context check.,literal substring count over saved Korean wikitext; no morphological disambiguation; no source snippets copied,UTF-8 Hangul/Hanja fallback source term; keep outside TeX math; verify Korean font path before any generated draft use.,generated-draft/non-canonical/not native reviewed/not approved/not accepted terminology/not gate-promoted/not complete
cjklex-0025,ko-source-attestation::ko-wiki-backfill-hilbert-basis::대수,ko,Korean addendum,algebra,대수,Hangul with possible Hanja,fallback-source-body-term-attestation-not-row-draft,ko-wiki-backfill-hilbert-basis 힐베르트 기저 정리 rev 39344425 count 10; native-source-bodies/ko/wiki-bodies/backfill-20260705/ko-wiki-backfill-hilbert-basis_힐베르트_기저_정리_raw_wikitext_20260705.txt,Korean source-body term observation only; do not insert into Noether corpus prose without a row-level Korean queue and source-context check.,literal substring count over saved Korean wikitext; no morphological disambiguation; no source snippets copied,UTF-8 Hangul/Hanja fallback source term; keep outside TeX math; verify Korean font path before any generated draft use.,generated-draft/non-canonical/not native reviewed/not approved/not accepted terminology/not gate-promoted/not complete
cjklex-0025,ko-source-attestation::ko-wiki-backfill-weierstrass-preparation::대수,ko,Korean addendum,algebra,대수,Hangul with possible Hanja,fallback-source-body-term-attestation-not-row-draft,ko-wiki-backfill-weierstrass-preparation 바이어스트라스 준비 정리 rev 39731383 count 5; native-source-bodies/ko/wiki-bodies/backfill-20260705/ko-wiki-backfill-weierstrass-preparation_바이어스트라스_준비_정리_raw_wikitext_20260705.txt,Korean source-body term observation only; do not insert into Noether corpus prose without a row-level Korean queue and source-context check.,literal substring count over saved Korean wikitext; no morphological disambiguation; no source snippets copied,UTF-8 Hangul/Hanja fallback source term; keep outside TeX math; verify Korean font path before any generated draft use.,generated-draft/non-canonical/not native reviewed/not approved/not accepted terminology/not gate-promoted/not complete
cjklex-0025,ko-source-attestation::ko-wiki-backfill-galois-cohomology::대수,ko,Korean addendum,algebra,대수,Hangul with possible Hanja,fallback-source-body-term-attestation-not-row-draft,ko-wiki-backfill-galois-cohomology 갈루아 코호몰로지 rev 39593007 count 12; native-source-bodies/ko/wiki-bodies/backfill-20260705/ko-wiki-backfill-galois-cohomology_갈루아_코호몰로지_raw_wikitext_20260705.txt,Korean source-body term observation only; do not insert into Noether corpus prose without a row-level Korean queue and source-context check.,literal substring count over saved Korean wikitext; no morphological disambiguation; no source snippets copied,UTF-8 Hangul/Hanja fallback source term; keep outside TeX math; verify Korean font path before any generated draft use.,generated-draft/non-canonical/not native reviewed/not approved/not accepted terminology/not gate-promoted/not complete
cjklex-0025,ko-source-attestation::ko-wiki-backfill-reductive-lie-algebra::대수,ko,Korean addendum,algebra,대수,Hangul with possible Hanja,fallback-source-body-term-attestation-not-row-draft,ko-wiki-backfill-reductive-lie-algebra 가약 리 대수 rev 39482473 count 13; native-source-bodies/ko/wiki-bodies/backfill-20260705/ko-wiki-backfill-reductive-lie-algebra_가약_리_대수_raw_wikitext_20260705.txt,Korean source-body term observation only; do not insert into Noether corpus prose without a row-level Korean queue and source-context check.,literal substring count over saved Korean wikitext; no morphological disambiguation; no source snippets copied,UTF-8 Hangul/Hanja fallback source term; keep outside TeX math; verify Korean font path before any generated draft use.,generated-draft/non-canonical/not native reviewed/not approved/not accepted terminology/not gate-promoted/not complete
cjklex-0025,ko-source-attestation::ko-wiki-backfill-homomorphism-theorem::대수,ko,Korean addendum,algebra,대수,Hangul with possible Hanja,fallback-source-body-term-attestation-not-row-draft,ko-wiki-backfill-homomorphism-theorem 준동형 정리 rev 39209009 count 6; native-source-bodies/ko/wiki-bodies/backfill-20260705/ko-wiki-backfill-homomorphism-theorem_준동형_정리_raw_wikitext_20260705.txt,Korean source-body term observation only; do not insert into Noether corpus prose without a row-level Korean queue and source-context check.,literal substring count over saved Korean wikitext; no morphological disambiguation; no source snippets copied,UTF-8 Hangul/Hanja fallback source term; keep outside TeX math; verify Korean font path before any generated draft use.,generated-draft/non-canonical/not native reviewed/not approved/not accepted terminology/not gate-promoted/not complete
cjklex-0025,ko-source-attestation::ko-wiki-backfill-flat-module::대수,ko,Korean addendum,algebra,대수,Hangul with possible Hanja,fallback-source-body-term-attestation-not-row-draft,ko-wiki-backfill-flat-module 평탄 가군 rev 39344899 count 15; native-source-bodies/ko/wiki-bodies/backfill-20260705/ko-wiki-backfill-flat-module_평탄_가군_raw_wikitext_20260705.txt,Korean source-body term observation only; do not insert into Noether corpus prose without a row-level Korean queue and source-context check.,literal substring count over saved Korean wikitext; no morphological disambiguation; no source snippets copied,UTF-8 Hangul/Hanja fallback source term; keep outside TeX math; verify Korean font path before any generated draft use.,generated-draft/non-canonical/not native reviewed/not approved/not accepted terminology/not gate-promoted/not complete
cjklex-0025,ko-source-attestation::ko-wiki-backfill-quiver-representation::대수,ko,Korean addendum,algebra,대수,Hangul with possible Hanja,fallback-source-body-term-attestation-not-row-draft,ko-wiki-backfill-quiver-representation 화살집 표현 rev 39479528 count 3; native-source-bodies/ko/wiki-bodies/backfill-20260705/ko-wiki-backfill-quiver-representation_화살집_표현_raw_wikitext_20260705.txt,Korean source-body term observation only; do not insert into Noether corpus prose without a row-level Korean queue and source-context check.,literal substring count over saved Korean wikitext; no morphological disambiguation; no source snippets copied,UTF-8 Hangul/Hanja fallback source term; keep outside TeX math; verify Korean font path before any generated draft use.,generated-draft/non-canonical/not native reviewed/not approved/not accepted terminology/not gate-promoted/not complete
cjklex-0025,ko-source-attestation::ko-wiki-backfill-complex-multiplication::대수,ko,Korean addendum,algebra,대수,Hangul with possible Hanja,fallback-source-body-term-attestation-not-row-draft,ko-wiki-backfill-complex-multiplication 복소 곱셈 rev 39316675 count 3; native-source-bodies/ko/wiki-bodies/backfill-20260705/ko-wiki-backfill-complex-multiplication_복소_곱셈_raw_wikitext_20260705.txt,Korean source-body term observation only; do not insert into Noether corpus prose without a row-level Korean queue and source-context check.,literal substring count over saved Korean wikitext; no morphological disambiguation; no source snippets copied,UTF-8 Hangul/Hanja fallback source term; keep outside TeX math; verify Korean font path before any generated draft use.,generated-draft/non-canonical/not native reviewed/not approved/not accepted terminology/not gate-promoted/not complete
cjklex-0025,ko-source-attestation::ko-wiki-backfill-prime-ideal::대수,ko,Korean addendum,algebra,대수,Hangul with possible Hanja,fallback-source-body-term-attestation-not-row-draft,ko-wiki-backfill-prime-ideal 소 아이디얼 rev 41653113 count 6; native-source-bodies/ko/wiki-bodies/backfill-20260705/ko-wiki-backfill-prime-ideal_소_아이디얼_raw_wikitext_20260705.txt,Korean source-body term observation only; do not insert into Noether corpus prose without a row-level Korean queue and source-context check.,literal substring count over saved Korean wikitext; no morphological disambiguation; no source snippets copied,UTF-8 Hangul/Hanja fallback source term; keep outside TeX math; verify Korean font path before any generated draft use.,generated-draft/non-canonical/not native reviewed/not approved/not accepted terminology/not gate-promoted/not complete
cjklex-0025,ko-source-attestation::ko-wiki-backfill-primary-ideal::대수,ko,Korean addendum,algebra,대수,Hangul with possible Hanja,fallback-source-body-term-attestation-not-row-draft,ko-wiki-backfill-primary-ideal 으뜸 아이디얼 rev 39160791 count 5; native-source-bodies/ko/wiki-bodies/backfill-20260705/ko-wiki-backfill-primary-ideal_으뜸_아이디얼_raw_wikitext_20260705.txt,Korean source-body term observation only; do not insert into Noether corpus prose without a row-level Korean queue and source-context check.,literal substring count over saved Korean wikitext; no morphological disambiguation; no source snippets copied,UTF-8 Hangul/Hanja fallback source term; keep outside TeX math; verify Korean font path before any generated draft use.,generated-draft/non-canonical/not native reviewed/not approved/not accepted terminology/not gate-promoted/not complete
cjklex-0025,ko-source-attestation::ko-wiki-backfill-algebraic-number-field::대수,ko,Korean addendum,algebra,대수,Hangul with possible Hanja,fallback-source-body-term-attestation-not-row-draft,ko-wiki-backfill-algebraic-number-field 대수적 수체 rev 41743364 count 56; native-source-bodies/ko/wiki-bodies/backfill-20260705/ko-wiki-backfill-algebraic-number-field_대수적_수체_raw_wikitext_20260705.txt,Korean source-body term observation only; do not insert into Noether corpus prose without a row-level Korean queue and source-context check.,literal substring count over saved Korean wikitext; no morphological disambiguation; no source snippets copied,UTF-8 Hangul/Hanja fallback source term; keep outside TeX math; verify Korean font path before any generated draft use.,generated-draft/non-canonical/not native reviewed/not approved/not accepted terminology/not gate-promoted/not complete
cjklex-0025,ko-source-attestation::ko-wiki-backfill-heegner-number::대수,ko,Korean addendum,algebra,대수,Hangul with possible Hanja,fallback-source-body-term-attestation-not-row-draft,ko-wiki-backfill-heegner-number 헤그너 수 rev 39041736 count 2; native-source-bodies/ko/wiki-bodies/backfill-20260705/ko-wiki-backfill-heegner-number_헤그너_수_raw_wikitext_20260705.txt,Korean source-body term observation only; do not insert into Noether corpus prose without a row-level Korean queue and source-context check.,literal substring count over saved Korean wikitext; no morphological disambiguation; no source snippets copied,UTF-8 Hangul/Hanja fallback source term; keep outside TeX math; verify Korean font path before any generated draft use.,generated-draft/non-canonical/not native reviewed/not approved/not accepted terminology/not gate-promoted/not complete
cjklex-0025,ko-source-attestation::ko-wiki-abstract-algebra::대수학,ko,Korean addendum,algebra,대수학,Hangul with possible Hanja,fallback-source-body-term-attestation-not-row-draft,ko-wiki-abstract-algebra 추상대수학 rev 41744985 count 34; native-source-bodies/ko/wiki-bodies/ko-wiki-abstract-algebra_추상대수학_wikitext_20260705.txt,Korean source-body term observation only; do not insert into Noether corpus prose without a row-level Korean queue and source-context check.,literal substring count over saved Korean wikitext; no morphological disambiguation; no source snippets copied,UTF-8 Hangul/Hanja fallback source term; keep outside TeX math; verify Korean font path before any generated draft use.,generated-draft/non-canonical/not native reviewed/not approved/not accepted terminology/not gate-promoted/not complete
cjklex-0025,ko-source-attestation::ko-wiki-algebra::대수학,ko,Korean addendum,algebra,대수학,Hangul with possible Hanja,fallback-source-body-term-attestation-not-row-draft,ko-wiki-algebra 대수학 rev 41960238 count 51; native-source-bodies/ko/wiki-bodies/ko-wiki-algebra_대수학_wikitext_20260705.txt,Korean source-body term observation only; do not insert into Noether corpus prose without a row-level Korean queue and source-context check.,literal substring count over saved Korean wikitext; no morphological disambiguation; no source snippets copied,UTF-8 Hangul/Hanja fallback source term; keep outside TeX math; verify Korean font path before any generated draft use.,generated-draft/non-canonical/not native reviewed/not approved/not accepted terminology/not gate-promoted/not complete
cjklex-0025,ko-source-attestation::ko-wiki-ring-theory::대수학,ko,Korean addendum,algebra,대수학,Hangul with possible Hanja,fallback-source-body-term-attestation-not-row-draft,ko-wiki-ring-theory 환론 rev 39056267 count 2; native-source-bodies/ko/wiki-bodies/ko-wiki-ring-theory_환론_wikitext_20260705.txt,Korean source-body term observation only; do not insert into Noether corpus prose without a row-level Korean queue and source-context check.,literal substring count over saved Korean wikitext; no morphological disambiguation; no source snippets copied,UTF-8 Hangul/Hanja fallback source term; keep outside TeX math; verify Korean font path before any generated draft use.,generated-draft/non-canonical/not native reviewed/not approved/not accepted terminology/not gate-promoted/not complete
cjklex-0025,ko-source-attestation::ko-wiki-module::대수학,ko,Korean addendum,algebra,대수학,Hangul with possible Hanja,fallback-source-body-term-attestation-not-row-draft,ko-wiki-module 가군 rev 41652760 count 3; native-source-bodies/ko/wiki-bodies/ko-wiki-module_가군_wikitext_20260705.txt,Korean source-body term observation only; do not insert into Noether corpus prose without a row-level Korean queue and source-context check.,literal substring count over saved Korean wikitext; no morphological disambiguation; no source snippets copied,UTF-8 Hangul/Hanja fallback source term; keep outside TeX math; verify Korean font path before any generated draft use.,generated-draft/non-canonical/not native reviewed/not approved/not accepted terminology/not gate-promoted/not complete
cjklex-0025,ko-source-attestation::ko-wiki-galois-theory::대수학,ko,Korean addendum,algebra,대수학,Hangul with possible Hanja,fallback-source-body-term-attestation-not-row-draft,ko-wiki-galois-theory 갈루아 이론 rev 41742964 count 1; native-source-bodies/ko/wiki-bodies/ko-wiki-galois-theory_갈루아_이론_wikitext_20260705.txt,Korean source-body term observation only; do not insert into Noether corpus prose without a row-level Korean queue and source-context check.,literal substring count over saved Korean wikitext; no morphological disambiguation; no source snippets copied,UTF-8 Hangul/Hanja fallback source term; keep outside TeX math; verify Korean font path before any generated draft use.,generated-draft/non-canonical/not native reviewed/not approved/not accepted terminology/not gate-promoted/not complete
cjklex-0025,ko-source-attestation::ko-wiki-group-theory::대수학,ko,Korean addendum,algebra,대수학,Hangul with possible Hanja,fallback-source-body-term-attestation-not-row-draft,ko-wiki-group-theory 군론 rev 41776557 count 3; native-source-bodies/ko/wiki-bodies/ko-wiki-group-theory_군론_wikitext_20260705.txt,Korean source-body term observation only; do not insert into Noether corpus prose without a row-level Korean queue and source-context check.,literal substring count over saved Korean wikitext; no morphological disambiguation; no source snippets copied,UTF-8 Hangul/Hanja fallback source term; keep outside TeX math; verify Korean font path before any generated draft use.,generated-draft/non-canonical/not native reviewed/not approved/not accepted terminology/not gate-promoted/not complete
cjklex-0025,ko-source-attestation::ko-wiki-field::대수학,ko,Korean addendum,algebra,대수학,Hangul with possible Hanja,fallback-source-body-term-attestation-not-row-draft,ko-wiki-field 체 (수학) rev 41649269 count 2; native-source-bodies/ko/wiki-bodies/ko-wiki-field_체_수학_wikitext_20260705.txt,Korean source-body term observation only; do not insert into Noether corpus prose without a row-level Korean queue and source-context check.,literal substring count over saved Korean wikitext; no morphological disambiguation; no source snippets copied,UTF-8 Hangul/Hanja fallback source term; keep outside TeX math; verify Korean font path before any generated draft use.,generated-draft/non-canonical/not native reviewed/not approved/not accepted terminology/not gate-promoted/not complete
cjklex-0025,ko-source-attestation::ko-wiki-commutative-algebra::대수학,ko,Korean addendum,algebra,대수학,Hangul with possible Hanja,fallback-source-body-term-attestation-not-row-draft,ko-wiki-commutative-algebra 가환대수학 rev 41811027 count 10; native-source-bodies/ko/wiki-bodies/ko-wiki-commutative-algebra_가환대수학_wikitext_20260705.txt,Korean source-body term observation only; do not insert into Noether corpus prose without a row-level Korean queue and source-context check.,literal substring count over saved Korean wikitext; no morphological disambiguation; no source snippets copied,UTF-8 Hangul/Hanja fallback source term; keep outside TeX math; verify Korean font path before any generated draft use.,generated-draft/non-canonical/not native reviewed/not approved/not accepted terminology/not gate-promoted/not complete
cjklex-0025,ko-source-attestation::ko-wiki-linear-algebra::대수학,ko,Korean addendum,algebra,대수학,Hangul with possible Hanja,fallback-source-body-term-attestation-not-row-draft,ko-wiki-linear-algebra 선형대수학 rev 41811221 count 112; native-source-bodies/ko/wiki-bodies/ko-wiki-linear-algebra_선형대수학_wikitext_20260705.txt,Korean source-body term observation only; do not insert into Noether corpus prose without a row-level Korean queue and source-context check.,literal substring count over saved Korean wikitext; no morphological disambiguation; no source snippets copied,UTF-8 Hangul/Hanja fallback source term; keep outside TeX math; verify Korean font path before any generated draft use.,generated-draft/non-canonical/not native reviewed/not approved/not accepted terminology/not gate-promoted/not complete
cjklex-0025,ko-source-attestation::ko-wiki-backfill-decomposition-algebra::대수학,ko,Korean addendum,algebra,대수학,Hangul with possible Hanja,fallback-source-body-term-attestation-not-row-draft,ko-wiki-backfill-decomposition-algebra 분해 (대수학) rev 39792326 count 3; native-source-bodies/ko/wiki-bodies/backfill-20260705/ko-wiki-backfill-decomposition-algebra_분해_대수학_raw_wikitext_20260705.txt,Korean source-body term observation only; do not insert into Noether corpus prose without a row-level Korean queue and source-context check.,literal substring count over saved Korean wikitext; no morphological disambiguation; no source snippets copied,UTF-8 Hangul/Hanja fallback source term; keep outside TeX math; verify Korean font path before any generated draft use.,generated-draft/non-canonical/not native reviewed/not approved/not accepted terminology/not gate-promoted/not complete
cjklex-0025,ko-source-attestation::ko-wiki-backfill-localization::대수학,ko,Korean addendum,algebra,대수학,Hangul with possible Hanja,fallback-source-body-term-attestation-not-row-draft,ko-wiki-backfill-localization 국소화 (환론) rev 41904060 count 1; native-source-bodies/ko/wiki-bodies/backfill-20260705/ko-wiki-backfill-localization_국소화_환론_raw_wikitext_20260705.txt,Korean source-body term observation only; do not insert into Noether corpus prose without a row-level Korean queue and source-context check.,literal substring count over saved Korean wikitext; no morphological disambiguation; no source snippets copied,UTF-8 Hangul/Hanja fallback source term; keep outside TeX math; verify Korean font path before any generated draft use.,generated-draft/non-canonical/not native reviewed/not approved/not accepted terminology/not gate-promoted/not complete
cjklex-0025,ko-source-attestation::ko-wiki-backfill-hilbert-basis::대수학,ko,Korean addendum,algebra,대수학,Hangul with possible Hanja,fallback-source-body-term-attestation-not-row-draft,ko-wiki-backfill-hilbert-basis 힐베르트 기저 정리 rev 39344425 count 3; native-source-bodies/ko/wiki-bodies/backfill-20260705/ko-wiki-backfill-hilbert-basis_힐베르트_기저_정리_raw_wikitext_20260705.txt,Korean source-body term observation only; do not insert into Noether corpus prose without a row-level Korean queue and source-context check.,literal substring count over saved Korean wikitext; no morphological disambiguation; no source snippets copied,UTF-8 Hangul/Hanja fallback source term; keep outside TeX math; verify Korean font path before any generated draft use.,generated-draft/non-canonical/not native reviewed/not approved/not accepted terminology/not gate-promoted/not complete
cjklex-0025,ko-source-attestation::ko-wiki-backfill-weierstrass-preparation::대수학,ko,Korean addendum,algebra,대수학,Hangul with possible Hanja,fallback-source-body-term-attestation-not-row-draft,ko-wiki-backfill-weierstrass-preparation 바이어스트라스 준비 정리 rev 39731383 count 1; native-source-bodies/ko/wiki-bodies/backfill-20260705/ko-wiki-backfill-weierstrass-preparation_바이어스트라스_준비_정리_raw_wikitext_20260705.txt,Korean source-body term observation only; do not insert into Noether corpus prose without a row-level Korean queue and source-context check.,literal substring count over saved Korean wikitext; no morphological disambiguation; no source snippets copied,UTF-8 Hangul/Hanja fallback source term; keep outside TeX math; verify Korean font path before any generated draft use.,generated-draft/non-canonical/not native reviewed/not approved/not accepted terminology/not gate-promoted/not complete
cjklex-0025,ko-source-attestation::ko-wiki-backfill-galois-cohomology::대수학,ko,Korean addendum,algebra,대수학,Hangul with possible Hanja,fallback-source-body-term-attestation-not-row-draft,ko-wiki-backfill-galois-cohomology 갈루아 코호몰로지 rev 39593007 count 3; native-source-bodies/ko/wiki-bodies/backfill-20260705/ko-wiki-backfill-galois-cohomology_갈루아_코호몰로지_raw_wikitext_20260705.txt,Korean source-body term observation only; do not insert into Noether corpus prose without a row-level Korean queue and source-context check.,literal substring count over saved Korean wikitext; no morphological disambiguation; no source snippets copied,UTF-8 Hangul/Hanja fallback source term; keep outside TeX math; verify Korean font path before any generated draft use.,generated-draft/non-canonical/not native reviewed/not approved/not accepted terminology/not gate-promoted/not complete
cjklex-0025,ko-source-attestation::ko-wiki-backfill-homomorphism-theorem::대수학,ko,Korean addendum,algebra,대수학,Hangul with possible Hanja,fallback-source-body-term-attestation-not-row-draft,ko-wiki-backfill-homomorphism-theorem 준동형 정리 rev 39209009 count 3; native-source-bodies/ko/wiki-bodies/backfill-20260705/ko-wiki-backfill-homomorphism-theorem_준동형_정리_raw_wikitext_20260705.txt,Korean source-body term observation only; do not insert into Noether corpus prose without a row-level Korean queue and source-context check.,literal substring count over saved Korean wikitext; no morphological disambiguation; no source snippets copied,UTF-8 Hangul/Hanja fallback source term; keep outside TeX math; verify Korean font path before any generated draft use.,generated-draft/non-canonical/not native reviewed/not approved/not accepted terminology/not gate-promoted/not complete
cjklex-0025,ko-source-attestation::ko-wiki-backfill-flat-module::대수학,ko,Korean addendum,algebra,대수학,Hangul with possible Hanja,fallback-source-body-term-attestation-not-row-draft,ko-wiki-backfill-flat-module 평탄 가군 rev 39344899 count 2; native-source-bodies/ko/wiki-bodies/backfill-20260705/ko-wiki-backfill-flat-module_평탄_가군_raw_wikitext_20260705.txt,Korean source-body term observation only; do not insert into Noether corpus prose without a row-level Korean queue and source-context check.,literal substring count over saved Korean wikitext; no morphological disambiguation; no source snippets copied,UTF-8 Hangul/Hanja fallback source term; keep outside TeX math; verify Korean font path before any generated draft use.,generated-draft/non-canonical/not native reviewed/not approved/not accepted terminology/not gate-promoted/not complete
cjklex-0025,ko-source-attestation::ko-wiki-backfill-quiver-representation::대수학,ko,Korean addendum,algebra,대수학,Hangul with possible Hanja,fallback-source-body-term-attestation-not-row-draft,ko-wiki-backfill-quiver-representation 화살집 표현 rev 39479528 count 1; native-source-bodies/ko/wiki-bodies/backfill-20260705/ko-wiki-backfill-quiver-representation_화살집_표현_raw_wikitext_20260705.txt,Korean source-body term observation only; do not insert into Noether corpus prose without a row-level Korean queue and source-context check.,literal substring count over saved Korean wikitext; no morphological disambiguation; no source snippets copied,UTF-8 Hangul/Hanja fallback source term; keep outside TeX math; verify Korean font path before any generated draft use.,generated-draft/non-canonical/not native reviewed/not approved/not accepted terminology/not gate-promoted/not complete
cjklex-0025,ko-source-attestation::ko-wiki-backfill-primary-ideal::대수학,ko,Korean addendum,algebra,대수학,Hangul with possible Hanja,fallback-source-body-term-attestation-not-row-draft,ko-wiki-backfill-primary-ideal 으뜸 아이디얼 rev 39160791 count 2; native-source-bodies/ko/wiki-bodies/backfill-20260705/ko-wiki-backfill-primary-ideal_으뜸_아이디얼_raw_wikitext_20260705.txt,Korean source-body term observation only; do not insert into Noether corpus prose without a row-level Korean queue and source-context check.,literal substring count over saved Korean wikitext; no morphological disambiguation; no source snippets copied,UTF-8 Hangul/Hanja fallback source term; keep outside TeX math; verify Korean font path before any generated draft use.,generated-draft/non-canonical/not native reviewed/not approved/not accepted terminology/not gate-promoted/not complete
cjklex-0025,ko-source-attestation::ko-wiki-backfill-algebraic-number-field::대수학,ko,Korean addendum,algebra,대수학,Hangul with possible Hanja,fallback-source-body-term-attestation-not-row-draft,ko-wiki-backfill-algebraic-number-field 대수적 수체 rev 41743364 count 1; native-source-bodies/ko/wiki-bodies/backfill-20260705/ko-wiki-backfill-algebraic-number-field_대수적_수체_raw_wikitext_20260705.txt,Korean source-body term observation only; do not insert into Noether corpus prose without a row-level Korean queue and source-context check.,literal substring count over saved Korean wikitext; no morphological disambiguation; no source snippets copied,UTF-8 Hangul/Hanja fallback source term; keep outside TeX math; verify Korean font path before any generated draft use.,generated-draft/non-canonical/not native reviewed/not approved/not accepted terminology/not gate-promoted/not complete
cjklex-0026,term-ja-0002,ja,Japanese,basis theorem,基底定理,Japanese kana+kanji,source-canon-sufficient-for-scoped-draft,ja-src-001 Matsumura commutative-ring TeX source | ja-pdf-002 Ando algebra lecture-note PDF set | ja-pdf-003 Nagai invariant-theory PDF witness | ja-pdf-004 Ryoya Ando commutative-algebra PDF witness | CJK-native source-support/codepoint ledgers,"Formula-neighboring note: preserve source TeX/math notation and do not upgrade the draft term beyond the cited source context. Use UTF-8 and a CJK-capable TeX/PDF path. Do not split the target term across inline math; check punctuation, CJK/Latin spacing, and line breaks around formulas.",ヒルベルトの基底定理 when Hilbert context is explicit,"Use UTF-8 and a CJK-capable TeX/PDF path. Do not split the target term across inline math; check punctuation, CJK/Latin spacing, and line breaks around formulas.",generated-draft/non-canonical/not native reviewed/not approved/not accepted terminology/not gate-promoted/not complete
cjklex-0026,term-zh-hans-0003,zh-Hans,Simplified Chinese,basis theorem,基定理,Simplified Han,source-canon-sufficient-for-scoped-draft,zh-Hans-src-001 AlJabr-1 TeX source repository | zh-Hans-src-002 AlJabr-2 TeX source repository | CJK-native source-support/codepoint ledgers,"Formula-neighboring note: preserve source TeX/math notation and do not upgrade the draft term beyond the cited source context. Use UTF-8 and a CJK-capable TeX/PDF path. Do not split the target term across inline math; check punctuation, CJK/Latin spacing, and line breaks around formulas.",希尔伯特基定理 when Hilbert context is explicit,"Use UTF-8 and a CJK-capable TeX/PDF path. Do not split the target term across inline math; check punctuation, CJK/Latin spacing, and line breaks around formulas.",generated-draft/non-canonical/not native reviewed/not approved/not accepted terminology/not gate-promoted/not complete
cjklex-0026,ko-source-attestation::ko-wiki-backfill-noetherian-ring::기저 정리,ko,Korean addendum,basis theorem,기저 정리,Hangul with possible Hanja,fallback-source-body-term-attestation-not-row-draft,ko-wiki-backfill-noetherian-ring 뇌터 환 rev 39051386 count 1; native-source-bodies/ko/wiki-bodies/backfill-20260705/ko-wiki-backfill-noetherian-ring_뇌터_환_raw_wikitext_20260705.txt,Korean source-body term observation only; do not insert into Noether corpus prose without a row-level Korean queue and source-context check.,literal substring count over saved Korean wikitext; no morphological disambiguation; no source snippets copied,UTF-8 Hangul/Hanja fallback source term; keep outside TeX math; verify Korean font path before any generated draft use.,generated-draft/non-canonical/not native reviewed/not approved/not accepted terminology/not gate-promoted/not complete
cjklex-0026,ko-source-attestation::ko-wiki-backfill-hilbert-basis::기저 정리,ko,Korean addendum,basis theorem,기저 정리,Hangul with possible Hanja,fallback-source-body-term-attestation-not-row-draft,ko-wiki-backfill-hilbert-basis 힐베르트 기저 정리 rev 39344425 count 6; native-source-bodies/ko/wiki-bodies/backfill-20260705/ko-wiki-backfill-hilbert-basis_힐베르트_기저_정리_raw_wikitext_20260705.txt,Korean source-body term observation only; do not insert into Noether corpus prose without a row-level Korean queue and source-context check.,literal substring count over saved Korean wikitext; no morphological disambiguation; no source snippets copied,UTF-8 Hangul/Hanja fallback source term; keep outside TeX math; verify Korean font path before any generated draft use.,generated-draft/non-canonical/not native reviewed/not approved/not accepted terminology/not gate-promoted/not complete
cjklex-0026,ko-source-attestation::ko-wiki-backfill-weierstrass-preparation::기저 정리,ko,Korean addendum,basis theorem,기저 정리,Hangul with possible Hanja,fallback-source-body-term-attestation-not-row-draft,ko-wiki-backfill-weierstrass-preparation 바이어스트라스 준비 정리 rev 39731383 count 1; native-source-bodies/ko/wiki-bodies/backfill-20260705/ko-wiki-backfill-weierstrass-preparation_바이어스트라스_준비_정리_raw_wikitext_20260705.txt,Korean source-body term observation only; do not insert into Noether corpus prose without a row-level Korean queue and source-context check.,literal substring count over saved Korean wikitext; no morphological disambiguation; no source snippets copied,UTF-8 Hangul/Hanja fallback source term; keep outside TeX math; verify Korean font path before any generated draft use.,generated-draft/non-canonical/not native reviewed/not approved/not accepted terminology/not gate-promoted/not complete
cjklex-0026,ko-source-attestation::ko-wiki-backfill-galois-cohomology::기저 정리,ko,Korean addendum,basis theorem,기저 정리,Hangul with possible Hanja,fallback-source-body-term-attestation-not-row-draft,ko-wiki-backfill-galois-cohomology 갈루아 코호몰로지 rev 39593007 count 1; native-source-bodies/ko/wiki-bodies/backfill-20260705/ko-wiki-backfill-galois-cohomology_갈루아_코호몰로지_raw_wikitext_20260705.txt,Korean source-body term observation only; do not insert into Noether corpus prose without a row-level Korean queue and source-context check.,literal substring count over saved Korean wikitext; no morphological disambiguation; no source snippets copied,UTF-8 Hangul/Hanja fallback source term; keep outside TeX math; verify Korean font path before any generated draft use.,generated-draft/non-canonical/not native reviewed/not approved/not accepted terminology/not gate-promoted/not complete
cjklex-0027,term-ja-0004,ja,Japanese,field,体,Japanese kana+kanji,source-canon-sufficient-for-scoped-draft,ja-src-001 Matsumura commutative-ring TeX source | ja-pdf-002 Ando algebra lecture-note PDF set | ja-pdf-003 Nagai invariant-theory PDF witness | ja-pdf-004 Ryoya Ando commutative-algebra PDF witness | CJK-native source-support/codepoint ledgers,"Use near formulas only with the exact source anchor already present in the row packet; keep TeX variables, ideals/modules/rings, and arrows/macros unchanged. Use UTF-8 and a CJK-capable TeX/PDF path. Do not split the target term across inline math; check punctuation, CJK/Latin spacing, and line breaks around formulas.",,"Use UTF-8 and a CJK-capable TeX/PDF path. Do not split the target term across inline math; check punctuation, CJK/Latin spacing, and line breaks around formulas.",generated-draft/non-canonical/not native reviewed/not approved/not accepted terminology/not gate-promoted/not complete
cjklex-0027,term-zh-hans-0007,zh-Hans,Simplified Chinese,field,域,Simplified Han,source-canon-sufficient-for-scoped-draft,zh-Hans-src-001 AlJabr-1 TeX source repository | zh-Hans-src-002 AlJabr-2 TeX source repository | CJK-native source-support/codepoint ledgers,"Use near formulas only with the exact source anchor already present in the row packet; keep TeX variables, ideals/modules/rings, and arrows/macros unchanged. Use UTF-8 and a CJK-capable TeX/PDF path. Do not split the target term across inline math; check punctuation, CJK/Latin spacing, and line breaks around formulas.",体 appears in some contexts; 域 is the safer field-theory default,"Use UTF-8 and a CJK-capable TeX/PDF path. Do not split the target term across inline math; check punctuation, CJK/Latin spacing, and line breaks around formulas.",generated-draft/non-canonical/not native reviewed/not approved/not accepted terminology/not gate-promoted/not complete
cjklex-0027,ko-source-attestation::ko-wiki-abstract-algebra::체,ko,Korean addendum,field,체,Hangul with possible Hanja,fallback-source-body-term-attestation-not-row-draft,ko-wiki-abstract-algebra 추상대수학 rev 41744985 count 10; native-source-bodies/ko/wiki-bodies/ko-wiki-abstract-algebra_추상대수학_wikitext_20260705.txt,Korean source-body term observation only; do not insert into Noether corpus prose without a row-level Korean queue and source-context check.,literal substring count over saved Korean wikitext; no morphological disambiguation; no source snippets copied,UTF-8 Hangul/Hanja fallback source term; keep outside TeX math; verify Korean font path before any generated draft use.,generated-draft/non-canonical/not native reviewed/not approved/not accepted terminology/not gate-promoted/not complete
cjklex-0027,ko-source-attestation::ko-wiki-algebra::체,ko,Korean addendum,field,체,Hangul with possible Hanja,fallback-source-body-term-attestation-not-row-draft,ko-wiki-algebra 대수학 rev 41960238 count 23; native-source-bodies/ko/wiki-bodies/ko-wiki-algebra_대수학_wikitext_20260705.txt,Korean source-body term observation only; do not insert into Noether corpus prose without a row-level Korean queue and source-context check.,literal substring count over saved Korean wikitext; no morphological disambiguation; no source snippets copied,UTF-8 Hangul/Hanja fallback source term; keep outside TeX math; verify Korean font path before any generated draft use.,generated-draft/non-canonical/not native reviewed/not approved/not accepted terminology/not gate-promoted/not complete
cjklex-0027,ko-source-attestation::ko-wiki-module::체,ko,Korean addendum,field,체,Hangul with possible Hanja,fallback-source-body-term-attestation-not-row-draft,ko-wiki-module 가군 rev 41652760 count 12; native-source-bodies/ko/wiki-bodies/ko-wiki-module_가군_wikitext_20260705.txt,Korean source-body term observation only; do not insert into Noether corpus prose without a row-level Korean queue and source-context check.,literal substring count over saved Korean wikitext; no morphological disambiguation; no source snippets copied,UTF-8 Hangul/Hanja fallback source term; keep outside TeX math; verify Korean font path before any generated draft use.,generated-draft/non-canonical/not native reviewed/not approved/not accepted terminology/not gate-promoted/not complete
cjklex-0027,ko-source-attestation::ko-wiki-galois-theory::체,ko,Korean addendum,field,체,Hangul with possible Hanja,fallback-source-body-term-attestation-not-row-draft,ko-wiki-galois-theory 갈루아 이론 rev 41742964 count 16; native-source-bodies/ko/wiki-bodies/ko-wiki-galois-theory_갈루아_이론_wikitext_20260705.txt,Korean source-body term observation only; do not insert into Noether corpus prose without a row-level Korean queue and source-context check.,literal substring count over saved Korean wikitext; no morphological disambiguation; no source snippets copied,UTF-8 Hangul/Hanja fallback source term; keep outside TeX math; verify Korean font path before any generated draft use.,generated-draft/non-canonical/not native reviewed/not approved/not accepted terminology/not gate-promoted/not complete
cjklex-0027,ko-source-attestation::ko-wiki-group-theory::체,ko,Korean addendum,field,체,Hangul with possible Hanja,fallback-source-body-term-attestation-not-row-draft,ko-wiki-group-theory 군론 rev 41776557 count 7; native-source-bodies/ko/wiki-bodies/ko-wiki-group-theory_군론_wikitext_20260705.txt,Korean source-body term observation only; do not insert into Noether corpus prose without a row-level Korean queue and source-context check.,literal substring count over saved Korean wikitext; no morphological disambiguation; no source snippets copied,UTF-8 Hangul/Hanja fallback source term; keep outside TeX math; verify Korean font path before any generated draft use.,generated-draft/non-canonical/not native reviewed/not approved/not accepted terminology/not gate-promoted/not complete
cjklex-0027,ko-source-attestation::ko-wiki-field::체,ko,Korean addendum,field,체,Hangul with possible Hanja,fallback-source-body-term-attestation-not-row-draft,ko-wiki-field 체 (수학) rev 41649269 count 99; native-source-bodies/ko/wiki-bodies/ko-wiki-field_체_수학_wikitext_20260705.txt,Korean source-body term observation only; do not insert into Noether corpus prose without a row-level Korean queue and source-context check.,literal substring count over saved Korean wikitext; no morphological disambiguation; no source snippets copied,UTF-8 Hangul/Hanja fallback source term; keep outside TeX math; verify Korean font path before any generated draft use.,generated-draft/non-canonical/not native reviewed/not approved/not accepted terminology/not gate-promoted/not complete
cjklex-0027,ko-source-attestation::ko-wiki-ideal::체,ko,Korean addendum,field,체,Hangul with possible Hanja,fallback-source-body-term-attestation-not-row-draft,ko-wiki-ideal 아이디얼 rev 39160743 count 4; native-source-bodies/ko/wiki-bodies/ko-wiki-ideal_아이디얼_wikitext_20260705.txt,Korean source-body term observation only; do not insert into Noether corpus prose without a row-level Korean queue and source-context check.,literal substring count over saved Korean wikitext; no morphological disambiguation; no source snippets copied,UTF-8 Hangul/Hanja fallback source term; keep outside TeX math; verify Korean font path before any generated draft use.,generated-draft/non-canonical/not native reviewed/not approved/not accepted terminology/not gate-promoted/not complete
cjklex-0027,ko-source-attestation::ko-wiki-commutative-algebra::체,ko,Korean addendum,field,체,Hangul with possible Hanja,fallback-source-body-term-attestation-not-row-draft,ko-wiki-commutative-algebra 가환대수학 rev 41811027 count 9; native-source-bodies/ko/wiki-bodies/ko-wiki-commutative-algebra_가환대수학_wikitext_20260705.txt,Korean source-body term observation only; do not insert into Noether corpus prose without a row-level Korean queue and source-context check.,literal substring count over saved Korean wikitext; no morphological disambiguation; no source snippets copied,UTF-8 Hangul/Hanja fallback source term; keep outside TeX math; verify Korean font path before any generated draft use.,generated-draft/non-canonical/not native reviewed/not approved/not accepted terminology/not gate-promoted/not complete
cjklex-0027,ko-source-attestation::ko-wiki-linear-algebra::체,ko,Korean addendum,field,체,Hangul with possible Hanja,fallback-source-body-term-attestation-not-row-draft,ko-wiki-linear-algebra 선형대수학 rev 41811221 count 58; native-source-bodies/ko/wiki-bodies/ko-wiki-linear-algebra_선형대수학_wikitext_20260705.txt,Korean source-body term observation only; do not insert into Noether corpus prose without a row-level Korean queue and source-context check.,literal substring count over saved Korean wikitext; no morphological disambiguation; no source snippets copied,UTF-8 Hangul/Hanja fallback source term; keep outside TeX math; verify Korean font path before any generated draft use.,generated-draft/non-canonical/not native reviewed/not approved/not accepted terminology/not gate-promoted/not complete
cjklex-0027,ko-source-attestation::ko-wiki-backfill-irreducible-representation::체,ko,Korean addendum,field,체,Hangul with possible Hanja,fallback-source-body-term-attestation-not-row-draft,ko-wiki-backfill-irreducible-representation 기약표현 rev 41663389 count 7; native-source-bodies/ko/wiki-bodies/backfill-20260705/ko-wiki-backfill-irreducible-representation_기약표현_raw_wikitext_20260705.txt,Korean source-body term observation only; do not insert into Noether corpus prose without a row-level Korean queue and source-context check.,literal substring count over saved Korean wikitext; no morphological disambiguation; no source snippets copied,UTF-8 Hangul/Hanja fallback source term; keep outside TeX math; verify Korean font path before any generated draft use.,generated-draft/non-canonical/not native reviewed/not approved/not accepted terminology/not gate-promoted/not complete
cjklex-0027,ko-source-attestation::ko-wiki-backfill-semisimple-ring::체,ko,Korean addendum,field,체,Hangul with possible Hanja,fallback-source-body-term-attestation-not-row-draft,ko-wiki-backfill-semisimple-ring 반단순환 rev 39375212 count 7; native-source-bodies/ko/wiki-bodies/backfill-20260705/ko-wiki-backfill-semisimple-ring_반단순환_raw_wikitext_20260705.txt,Korean source-body term observation only; do not insert into Noether corpus prose without a row-level Korean queue and source-context check.,literal substring count over saved Korean wikitext; no morphological disambiguation; no source snippets copied,UTF-8 Hangul/Hanja fallback source term; keep outside TeX math; verify Korean font path before any generated draft use.,generated-draft/non-canonical/not native reviewed/not approved/not accepted terminology/not gate-promoted/not complete
cjklex-0027,ko-source-attestation::ko-wiki-backfill-decomposition-algebra::체,ko,Korean addendum,field,체,Hangul with possible Hanja,fallback-source-body-term-attestation-not-row-draft,ko-wiki-backfill-decomposition-algebra 분해 (대수학) rev 39792326 count 15; native-source-bodies/ko/wiki-bodies/backfill-20260705/ko-wiki-backfill-decomposition-algebra_분해_대수학_raw_wikitext_20260705.txt,Korean source-body term observation only; do not insert into Noether corpus prose without a row-level Korean queue and source-context check.,literal substring count over saved Korean wikitext; no morphological disambiguation; no source snippets copied,UTF-8 Hangul/Hanja fallback source term; keep outside TeX math; verify Korean font path before any generated draft use.,generated-draft/non-canonical/not native reviewed/not approved/not accepted terminology/not gate-promoted/not complete
cjklex-0027,ko-source-attestation::ko-wiki-backfill-su2-representation::체,ko,Korean addendum,field,체,Hangul with possible Hanja,fallback-source-body-term-attestation-not-row-draft,ko-wiki-backfill-su2-representation SU(2)의 표현론 rev 39766810 count 2; native-source-bodies/ko/wiki-bodies/backfill-20260705/ko-wiki-backfill-su2-representation_SU_2_의_표현론_raw_wikitext_20260705.txt,Korean source-body term observation only; do not insert into Noether corpus prose without a row-level Korean queue and source-context check.,literal substring count over saved Korean wikitext; no morphological disambiguation; no source snippets copied,UTF-8 Hangul/Hanja fallback source term; keep outside TeX math; verify Korean font path before any generated draft use.,generated-draft/non-canonical/not native reviewed/not approved/not accepted terminology/not gate-promoted/not complete
cjklex-0027,ko-source-attestation::ko-wiki-backfill-noetherian-ring::체,ko,Korean addendum,field,체,Hangul with possible Hanja,fallback-source-body-term-attestation-not-row-draft,ko-wiki-backfill-noetherian-ring 뇌터 환 rev 39051386 count 16; native-source-bodies/ko/wiki-bodies/backfill-20260705/ko-wiki-backfill-noetherian-ring_뇌터_환_raw_wikitext_20260705.txt,Korean source-body term observation only; do not insert into Noether corpus prose without a row-level Korean queue and source-context check.,literal substring count over saved Korean wikitext; no morphological disambiguation; no source snippets copied,UTF-8 Hangul/Hanja fallback source term; keep outside TeX math; verify Korean font path before any generated draft use.,generated-draft/non-canonical/not native reviewed/not approved/not accepted terminology/not gate-promoted/not complete
cjklex-0027,ko-source-attestation::ko-wiki-backfill-localization::체,ko,Korean addendum,field,체,Hangul with possible Hanja,fallback-source-body-term-attestation-not-row-draft,ko-wiki-backfill-localization 국소화 (환론) rev 41904060 count 21; native-source-bodies/ko/wiki-bodies/backfill-20260705/ko-wiki-backfill-localization_국소화_환론_raw_wikitext_20260705.txt,Korean source-body term observation only; do not insert into Noether corpus prose without a row-level Korean queue and source-context check.,literal substring count over saved Korean wikitext; no morphological disambiguation; no source snippets copied,UTF-8 Hangul/Hanja fallback source term; keep outside TeX math; verify Korean font path before any generated draft use.,generated-draft/non-canonical/not native reviewed/not approved/not accepted terminology/not gate-promoted/not complete
cjklex-0027,ko-source-attestation::ko-wiki-backfill-hilbert-basis::체,ko,Korean addendum,field,체,Hangul with possible Hanja,fallback-source-body-term-attestation-not-row-draft,ko-wiki-backfill-hilbert-basis 힐베르트 기저 정리 rev 39344425 count 5; native-source-bodies/ko/wiki-bodies/backfill-20260705/ko-wiki-backfill-hilbert-basis_힐베르트_기저_정리_raw_wikitext_20260705.txt,Korean source-body term observation only; do not insert into Noether corpus prose without a row-level Korean queue and source-context check.,literal substring count over saved Korean wikitext; no morphological disambiguation; no source snippets copied,UTF-8 Hangul/Hanja fallback source term; keep outside TeX math; verify Korean font path before any generated draft use.,generated-draft/non-canonical/not native reviewed/not approved/not accepted terminology/not gate-promoted/not complete
cjklex-0027,ko-source-attestation::ko-wiki-backfill-weierstrass-preparation::체,ko,Korean addendum,field,체,Hangul with possible Hanja,fallback-source-body-term-attestation-not-row-draft,ko-wiki-backfill-weierstrass-preparation 바이어스트라스 준비 정리 rev 39731383 count 3; native-source-bodies/ko/wiki-bodies/backfill-20260705/ko-wiki-backfill-weierstrass-preparation_바이어스트라스_준비_정리_raw_wikitext_20260705.txt,Korean source-body term observation only; do not insert into Noether corpus prose without a row-level Korean queue and source-context check.,literal substring count over saved Korean wikitext; no morphological disambiguation; no source snippets copied,UTF-8 Hangul/Hanja fallback source term; keep outside TeX math; verify Korean font path before any generated draft use.,generated-draft/non-canonical/not native reviewed/not approved/not accepted terminology/not gate-promoted/not complete
cjklex-0027,ko-source-attestation::ko-wiki-backfill-galois-cohomology::체,ko,Korean addendum,field,체,Hangul with possible Hanja,fallback-source-body-term-attestation-not-row-draft,ko-wiki-backfill-galois-cohomology 갈루아 코호몰로지 rev 39593007 count 9; native-source-bodies/ko/wiki-bodies/backfill-20260705/ko-wiki-backfill-galois-cohomology_갈루아_코호몰로지_raw_wikitext_20260705.txt,Korean source-body term observation only; do not insert into Noether corpus prose without a row-level Korean queue and source-context check.,literal substring count over saved Korean wikitext; no morphological disambiguation; no source snippets copied,UTF-8 Hangul/Hanja fallback source term; keep outside TeX math; verify Korean font path before any generated draft use.,generated-draft/non-canonical/not native reviewed/not approved/not accepted terminology/not gate-promoted/not complete
cjklex-0027,ko-source-attestation::ko-wiki-backfill-reductive-lie-algebra::체,ko,Korean addendum,field,체,Hangul with possible Hanja,fallback-source-body-term-attestation-not-row-draft,ko-wiki-backfill-reductive-lie-algebra 가약 리 대수 rev 39482473 count 4; native-source-bodies/ko/wiki-bodies/backfill-20260705/ko-wiki-backfill-reductive-lie-algebra_가약_리_대수_raw_wikitext_20260705.txt,Korean source-body term observation only; do not insert into Noether corpus prose without a row-level Korean queue and source-context check.,literal substring count over saved Korean wikitext; no morphological disambiguation; no source snippets copied,UTF-8 Hangul/Hanja fallback source term; keep outside TeX math; verify Korean font path before any generated draft use.,generated-draft/non-canonical/not native reviewed/not approved/not accepted terminology/not gate-promoted/not complete
cjklex-0027,ko-source-attestation::ko-wiki-backfill-flat-module::체,ko,Korean addendum,field,체,Hangul with possible Hanja,fallback-source-body-term-attestation-not-row-draft,ko-wiki-backfill-flat-module 평탄 가군 rev 39344899 count 9; native-source-bodies/ko/wiki-bodies/backfill-20260705/ko-wiki-backfill-flat-module_평탄_가군_raw_wikitext_20260705.txt,Korean source-body term observation only; do not insert into Noether corpus prose without a row-level Korean queue and source-context check.,literal substring count over saved Korean wikitext; no morphological disambiguation; no source snippets copied,UTF-8 Hangul/Hanja fallback source term; keep outside TeX math; verify Korean font path before any generated draft use.,generated-draft/non-canonical/not native reviewed/not approved/not accepted terminology/not gate-promoted/not complete
cjklex-0027,ko-source-attestation::ko-wiki-backfill-quiver-representation::체,ko,Korean addendum,field,체,Hangul with possible Hanja,fallback-source-body-term-attestation-not-row-draft,ko-wiki-backfill-quiver-representation 화살집 표현 rev 39479528 count 7; native-source-bodies/ko/wiki-bodies/backfill-20260705/ko-wiki-backfill-quiver-representation_화살집_표현_raw_wikitext_20260705.txt,Korean source-body term observation only; do not insert into Noether corpus prose without a row-level Korean queue and source-context check.,literal substring count over saved Korean wikitext; no morphological disambiguation; no source snippets copied,UTF-8 Hangul/Hanja fallback source term; keep outside TeX math; verify Korean font path before any generated draft use.,generated-draft/non-canonical/not native reviewed/not approved/not accepted terminology/not gate-promoted/not complete
cjklex-0027,ko-source-attestation::ko-wiki-backfill-complex-multiplication::체,ko,Korean addendum,field,체,Hangul with possible Hanja,fallback-source-body-term-attestation-not-row-draft,ko-wiki-backfill-complex-multiplication 복소 곱셈 rev 39316675 count 13; native-source-bodies/ko/wiki-bodies/backfill-20260705/ko-wiki-backfill-complex-multiplication_복소_곱셈_raw_wikitext_20260705.txt,Korean source-body term observation only; do not insert into Noether corpus prose without a row-level Korean queue and source-context check.,literal substring count over saved Korean wikitext; no morphological disambiguation; no source snippets copied,UTF-8 Hangul/Hanja fallback source term; keep outside TeX math; verify Korean font path before any generated draft use.,generated-draft/non-canonical/not native reviewed/not approved/not accepted terminology/not gate-promoted/not complete
cjklex-0027,ko-source-attestation::ko-wiki-backfill-prime-ideal::체,ko,Korean addendum,field,체,Hangul with possible Hanja,fallback-source-body-term-attestation-not-row-draft,ko-wiki-backfill-prime-ideal 소 아이디얼 rev 41653113 count 5; native-source-bodies/ko/wiki-bodies/backfill-20260705/ko-wiki-backfill-prime-ideal_소_아이디얼_raw_wikitext_20260705.txt,Korean source-body term observation only; do not insert into Noether corpus prose without a row-level Korean queue and source-context check.,literal substring count over saved Korean wikitext; no morphological disambiguation; no source snippets copied,UTF-8 Hangul/Hanja fallback source term; keep outside TeX math; verify Korean font path before any generated draft use.,generated-draft/non-canonical/not native reviewed/not approved/not accepted terminology/not gate-promoted/not complete
cjklex-0027,ko-source-attestation::ko-wiki-backfill-primary-ideal::체,ko,Korean addendum,field,체,Hangul with possible Hanja,fallback-source-body-term-attestation-not-row-draft,ko-wiki-backfill-primary-ideal 으뜸 아이디얼 rev 39160791 count 4; native-source-bodies/ko/wiki-bodies/backfill-20260705/ko-wiki-backfill-primary-ideal_으뜸_아이디얼_raw_wikitext_20260705.txt,Korean source-body term observation only; do not insert into Noether corpus prose without a row-level Korean queue and source-context check.,literal substring count over saved Korean wikitext; no morphological disambiguation; no source snippets copied,UTF-8 Hangul/Hanja fallback source term; keep outside TeX math; verify Korean font path before any generated draft use.,generated-draft/non-canonical/not native reviewed/not approved/not accepted terminology/not gate-promoted/not complete
cjklex-0027,ko-source-attestation::ko-wiki-backfill-algebraic-number-field::체,ko,Korean addendum,field,체,Hangul with possible Hanja,fallback-source-body-term-attestation-not-row-draft,ko-wiki-backfill-algebraic-number-field 대수적 수체 rev 41743364 count 132; native-source-bodies/ko/wiki-bodies/backfill-20260705/ko-wiki-backfill-algebraic-number-field_대수적_수체_raw_wikitext_20260705.txt,Korean source-body term observation only; do not insert into Noether corpus prose without a row-level Korean queue and source-context check.,literal substring count over saved Korean wikitext; no morphological disambiguation; no source snippets copied,UTF-8 Hangul/Hanja fallback source term; keep outside TeX math; verify Korean font path before any generated draft use.,generated-draft/non-canonical/not native reviewed/not approved/not accepted terminology/not gate-promoted/not complete
cjklex-0027,ko-source-attestation::ko-wiki-backfill-heegner-number::체,ko,Korean addendum,field,체,Hangul with possible Hanja,fallback-source-body-term-attestation-not-row-draft,ko-wiki-backfill-heegner-number 헤그너 수 rev 39041736 count 2; native-source-bodies/ko/wiki-bodies/backfill-20260705/ko-wiki-backfill-heegner-number_헤그너_수_raw_wikitext_20260705.txt,Korean source-body term observation only; do not insert into Noether corpus prose without a row-level Korean queue and source-context check.,literal substring count over saved Korean wikitext; no morphological disambiguation; no source snippets copied,UTF-8 Hangul/Hanja fallback source term; keep outside TeX math; verify Korean font path before any generated draft use.,generated-draft/non-canonical/not native reviewed/not approved/not accepted terminology/not gate-promoted/not complete
cjklex-0027,ko-source-attestation::ko-wiki-backfill-minkowski-theorem::체,ko,Korean addendum,field,체,Hangul with possible Hanja,fallback-source-body-term-attestation-not-row-draft,ko-wiki-backfill-minkowski-theorem 민코프스키 정리 rev 41656984 count 2; native-source-bodies/ko/wiki-bodies/backfill-20260705/ko-wiki-backfill-minkowski-theorem_민코프스키_정리_raw_wikitext_20260705.txt,Korean source-body term observation only; do not insert into Noether corpus prose without a row-level Korean queue and source-context check.,literal substring count over saved Korean wikitext; no morphological disambiguation; no source snippets copied,UTF-8 Hangul/Hanja fallback source term; keep outside TeX math; verify Korean font path before any generated draft use.,generated-draft/non-canonical/not native reviewed/not approved/not accepted terminology/not gate-promoted/not complete
cjklex-0027,ko-source-attestation::ko-wiki-abstract-algebra::체론,ko,Korean addendum,field,체론,Hangul with possible Hanja,fallback-source-body-term-attestation-not-row-draft,ko-wiki-abstract-algebra 추상대수학 rev 41744985 count 1; native-source-bodies/ko/wiki-bodies/ko-wiki-abstract-algebra_추상대수학_wikitext_20260705.txt,Korean source-body term observation only; do not insert into Noether corpus prose without a row-level Korean queue and source-context check.,literal substring count over saved Korean wikitext; no morphological disambiguation; no source snippets copied,UTF-8 Hangul/Hanja fallback source term; keep outside TeX math; verify Korean font path before any generated draft use.,generated-draft/non-canonical/not native reviewed/not approved/not accepted terminology/not gate-promoted/not complete
cjklex-0027,ko-source-attestation::ko-wiki-group-theory::체론,ko,Korean addendum,field,체론,Hangul with possible Hanja,fallback-source-body-term-attestation-not-row-draft,ko-wiki-group-theory 군론 rev 41776557 count 1; native-source-bodies/ko/wiki-bodies/ko-wiki-group-theory_군론_wikitext_20260705.txt,Korean source-body term observation only; do not insert into Noether corpus prose without a row-level Korean queue and source-context check.,literal substring count over saved Korean wikitext; no morphological disambiguation; no source snippets copied,UTF-8 Hangul/Hanja fallback source term; keep outside TeX math; verify Korean font path before any generated draft use.,generated-draft/non-canonical/not native reviewed/not approved/not accepted terminology/not gate-promoted/not complete
cjklex-0027,ko-source-attestation::ko-wiki-field::체론,ko,Korean addendum,field,체론,Hangul with possible Hanja,fallback-source-body-term-attestation-not-row-draft,ko-wiki-field 체 (수학) rev 41649269 count 3; native-source-bodies/ko/wiki-bodies/ko-wiki-field_체_수학_wikitext_20260705.txt,Korean source-body term observation only; do not insert into Noether corpus prose without a row-level Korean queue and source-context check.,literal substring count over saved Korean wikitext; no morphological disambiguation; no source snippets copied,UTF-8 Hangul/Hanja fallback source term; keep outside TeX math; verify Korean font path before any generated draft use.,generated-draft/non-canonical/not native reviewed/not approved/not accepted terminology/not gate-promoted/not complete
cjklex-0027,ko-source-attestation::ko-wiki-backfill-galois-cohomology::체론,ko,Korean addendum,field,체론,Hangul with possible Hanja,fallback-source-body-term-attestation-not-row-draft,ko-wiki-backfill-galois-cohomology 갈루아 코호몰로지 rev 39593007 count 4; native-source-bodies/ko/wiki-bodies/backfill-20260705/ko-wiki-backfill-galois-cohomology_갈루아_코호몰로지_raw_wikitext_20260705.txt,Korean source-body term observation only; do not insert into Noether corpus prose without a row-level Korean queue and source-context check.,literal substring count over saved Korean wikitext; no morphological disambiguation; no source snippets copied,UTF-8 Hangul/Hanja fallback source term; keep outside TeX math; verify Korean font path before any generated draft use.,generated-draft/non-canonical/not native reviewed/not approved/not accepted terminology/not gate-promoted/not complete
cjklex-0027,ko-source-attestation::ko-wiki-backfill-complex-multiplication::체론,ko,Korean addendum,field,체론,Hangul with possible Hanja,fallback-source-body-term-attestation-not-row-draft,ko-wiki-backfill-complex-multiplication 복소 곱셈 rev 39316675 count 1; native-source-bodies/ko/wiki-bodies/backfill-20260705/ko-wiki-backfill-complex-multiplication_복소_곱셈_raw_wikitext_20260705.txt,Korean source-body term observation only; do not insert into Noether corpus prose without a row-level Korean queue and source-context check.,literal substring count over saved Korean wikitext; no morphological disambiguation; no source snippets copied,UTF-8 Hangul/Hanja fallback source term; keep outside TeX math; verify Korean font path before any generated draft use.,generated-draft/non-canonical/not native reviewed/not approved/not accepted terminology/not gate-promoted/not complete
cjklex-0027,ko-source-attestation::ko-wiki-backfill-algebraic-number-field::체론,ko,Korean addendum,field,체론,Hangul with possible Hanja,fallback-source-body-term-attestation-not-row-draft,ko-wiki-backfill-algebraic-number-field 대수적 수체 rev 41743364 count 1; native-source-bodies/ko/wiki-bodies/backfill-20260705/ko-wiki-backfill-algebraic-number-field_대수적_수체_raw_wikitext_20260705.txt,Korean source-body term observation only; do not insert into Noether corpus prose without a row-level Korean queue and source-context check.,literal substring count over saved Korean wikitext; no morphological disambiguation; no source snippets copied,UTF-8 Hangul/Hanja fallback source term; keep outside TeX math; verify Korean font path before any generated draft use.,generated-draft/non-canonical/not native reviewed/not approved/not accepted terminology/not gate-promoted/not complete
cjklex-0028,term-ja-0014,ja,Japanese,isomorphism,同型,Japanese kana+kanji,source-canon-sufficient-for-scoped-draft,ja-src-001 Matsumura commutative-ring TeX source | ja-pdf-002 Ando algebra lecture-note PDF set | ja-pdf-003 Nagai invariant-theory PDF witness | ja-pdf-004 Ryoya Ando commutative-algebra PDF witness | CJK-native source-support/codepoint ledgers,"Use near formulas only with the exact source anchor already present in the row packet; keep TeX variables, ideals/modules/rings, and arrows/macros unchanged. Use UTF-8 and a CJK-capable TeX/PDF path. Do not split the target term across inline math; check punctuation, CJK/Latin spacing, and line breaks around formulas.",同型写像 when the morphism itself is foregrounded,"Use UTF-8 and a CJK-capable TeX/PDF path. Do not split the target term across inline math; check punctuation, CJK/Latin spacing, and line breaks around formulas.",generated-draft/non-canonical/not native reviewed/not approved/not accepted terminology/not gate-promoted/not complete
cjklex-0028,term-zh-hans-0017,zh-Hans,Simplified Chinese,isomorphism,同构,Simplified Han,source-canon-sufficient-for-scoped-draft,zh-Hans-src-001 AlJabr-1 TeX source repository | zh-Hans-src-002 AlJabr-2 TeX source repository | CJK-native source-support/codepoint ledgers,"Use near formulas only with the exact source anchor already present in the row packet; keep TeX variables, ideals/modules/rings, and arrows/macros unchanged. Use UTF-8 and a CJK-capable TeX/PDF path. Do not split the target term across inline math; check punctuation, CJK/Latin spacing, and line breaks around formulas.",,"Use UTF-8 and a CJK-capable TeX/PDF path. Do not split the target term across inline math; check punctuation, CJK/Latin spacing, and line breaks around formulas.",generated-draft/non-canonical/not native reviewed/not approved/not accepted terminology/not gate-promoted/not complete
cjklex-0028,ko-source-attestation::ko-wiki-module::동형,ko,Korean addendum,isomorphism,동형,Hangul with possible Hanja,fallback-source-body-term-attestation-not-row-draft,ko-wiki-module 가군 rev 41652760 count 5; native-source-bodies/ko/wiki-bodies/ko-wiki-module_가군_wikitext_20260705.txt,Korean source-body term observation only; do not insert into Noether corpus prose without a row-level Korean queue and source-context check.,literal substring count over saved Korean wikitext; no morphological disambiguation; no source snippets copied,UTF-8 Hangul/Hanja fallback source term; keep outside TeX math; verify Korean font path before any generated draft use.,generated-draft/non-canonical/not native reviewed/not approved/not accepted terminology/not gate-promoted/not complete
cjklex-0028,ko-source-attestation::ko-wiki-galois-theory::동형,ko,Korean addendum,isomorphism,동형,Hangul with possible Hanja,fallback-source-body-term-attestation-not-row-draft,ko-wiki-galois-theory 갈루아 이론 rev 41742964 count 9; native-source-bodies/ko/wiki-bodies/ko-wiki-galois-theory_갈루아_이론_wikitext_20260705.txt,Korean source-body term observation only; do not insert into Noether corpus prose without a row-level Korean queue and source-context check.,literal substring count over saved Korean wikitext; no morphological disambiguation; no source snippets copied,UTF-8 Hangul/Hanja fallback source term; keep outside TeX math; verify Korean font path before any generated draft use.,generated-draft/non-canonical/not native reviewed/not approved/not accepted terminology/not gate-promoted/not complete
cjklex-0028,ko-source-attestation::ko-wiki-group-theory::동형,ko,Korean addendum,isomorphism,동형,Hangul with possible Hanja,fallback-source-body-term-attestation-not-row-draft,ko-wiki-group-theory 군론 rev 41776557 count 4; native-source-bodies/ko/wiki-bodies/ko-wiki-group-theory_군론_wikitext_20260705.txt,Korean source-body term observation only; do not insert into Noether corpus prose without a row-level Korean queue and source-context check.,literal substring count over saved Korean wikitext; no morphological disambiguation; no source snippets copied,UTF-8 Hangul/Hanja fallback source term; keep outside TeX math; verify Korean font path before any generated draft use.,generated-draft/non-canonical/not native reviewed/not approved/not accepted terminology/not gate-promoted/not complete
cjklex-0028,ko-source-attestation::ko-wiki-field::동형,ko,Korean addendum,isomorphism,동형,Hangul with possible Hanja,fallback-source-body-term-attestation-not-row-draft,ko-wiki-field 체 (수학) rev 41649269 count 7; native-source-bodies/ko/wiki-bodies/ko-wiki-field_체_수학_wikitext_20260705.txt,Korean source-body term observation only; do not insert into Noether corpus prose without a row-level Korean queue and source-context check.,literal substring count over saved Korean wikitext; no morphological disambiguation; no source snippets copied,UTF-8 Hangul/Hanja fallback source term; keep outside TeX math; verify Korean font path before any generated draft use.,generated-draft/non-canonical/not native reviewed/not approved/not accepted terminology/not gate-promoted/not complete
cjklex-0028,ko-source-attestation::ko-wiki-linear-algebra::동형,ko,Korean addendum,isomorphism,동형,Hangul with possible Hanja,fallback-source-body-term-attestation-not-row-draft,ko-wiki-linear-algebra 선형대수학 rev 41811221 count 8; native-source-bodies/ko/wiki-bodies/ko-wiki-linear-algebra_선형대수학_wikitext_20260705.txt,Korean source-body term observation only; do not insert into Noether corpus prose without a row-level Korean queue and source-context check.,literal substring count over saved Korean wikitext; no morphological disambiguation; no source snippets copied,UTF-8 Hangul/Hanja fallback source term; keep outside TeX math; verify Korean font path before any generated draft use.,generated-draft/non-canonical/not native reviewed/not approved/not accepted terminology/not gate-promoted/not complete
cjklex-0028,ko-source-attestation::ko-wiki-backfill-irreducible-representation::동형,ko,Korean addendum,isomorphism,동형,Hangul with possible Hanja,fallback-source-body-term-attestation-not-row-draft,ko-wiki-backfill-irreducible-representation 기약표현 rev 41663389 count 5; native-source-bodies/ko/wiki-bodies/backfill-20260705/ko-wiki-backfill-irreducible-representation_기약표현_raw_wikitext_20260705.txt,Korean source-body term observation only; do not insert into Noether corpus prose without a row-level Korean queue and source-context check.,literal substring count over saved Korean wikitext; no morphological disambiguation; no source snippets copied,UTF-8 Hangul/Hanja fallback source term; keep outside TeX math; verify Korean font path before any generated draft use.,generated-draft/non-canonical/not native reviewed/not approved/not accepted terminology/not gate-promoted/not complete
cjklex-0028,ko-source-attestation::ko-wiki-backfill-semisimple-ring::동형,ko,Korean addendum,isomorphism,동형,Hangul with possible Hanja,fallback-source-body-term-attestation-not-row-draft,ko-wiki-backfill-semisimple-ring 반단순환 rev 39375212 count 3; native-source-bodies/ko/wiki-bodies/backfill-20260705/ko-wiki-backfill-semisimple-ring_반단순환_raw_wikitext_20260705.txt,Korean source-body term observation only; do not insert into Noether corpus prose without a row-level Korean queue and source-context check.,literal substring count over saved Korean wikitext; no morphological disambiguation; no source snippets copied,UTF-8 Hangul/Hanja fallback source term; keep outside TeX math; verify Korean font path before any generated draft use.,generated-draft/non-canonical/not native reviewed/not approved/not accepted terminology/not gate-promoted/not complete
cjklex-0028,ko-source-attestation::ko-wiki-backfill-decomposition-algebra::동형,ko,Korean addendum,isomorphism,동형,Hangul with possible Hanja,fallback-source-body-term-attestation-not-row-draft,ko-wiki-backfill-decomposition-algebra 분해 (대수학) rev 39792326 count 2; native-source-bodies/ko/wiki-bodies/backfill-20260705/ko-wiki-backfill-decomposition-algebra_분해_대수학_raw_wikitext_20260705.txt,Korean source-body term observation only; do not insert into Noether corpus prose without a row-level Korean queue and source-context check.,literal substring count over saved Korean wikitext; no morphological disambiguation; no source snippets copied,UTF-8 Hangul/Hanja fallback source term; keep outside TeX math; verify Korean font path before any generated draft use.,generated-draft/non-canonical/not native reviewed/not approved/not accepted terminology/not gate-promoted/not complete
cjklex-0028,ko-source-attestation::ko-wiki-backfill-su2-representation::동형,ko,Korean addendum,isomorphism,동형,Hangul with possible Hanja,fallback-source-body-term-attestation-not-row-draft,ko-wiki-backfill-su2-representation SU(2)의 표현론 rev 39766810 count 1; native-source-bodies/ko/wiki-bodies/backfill-20260705/ko-wiki-backfill-su2-representation_SU_2_의_표현론_raw_wikitext_20260705.txt,Korean source-body term observation only; do not insert into Noether corpus prose without a row-level Korean queue and source-context check.,literal substring count over saved Korean wikitext; no morphological disambiguation; no source snippets copied,UTF-8 Hangul/Hanja fallback source term; keep outside TeX math; verify Korean font path before any generated draft use.,generated-draft/non-canonical/not native reviewed/not approved/not accepted terminology/not gate-promoted/not complete
cjklex-0028,ko-source-attestation::ko-wiki-backfill-noetherian-ring::동형,ko,Korean addendum,isomorphism,동형,Hangul with possible Hanja,fallback-source-body-term-attestation-not-row-draft,ko-wiki-backfill-noetherian-ring 뇌터 환 rev 39051386 count 5; native-source-bodies/ko/wiki-bodies/backfill-20260705/ko-wiki-backfill-noetherian-ring_뇌터_환_raw_wikitext_20260705.txt,Korean source-body term observation only; do not insert into Noether corpus prose without a row-level Korean queue and source-context check.,literal substring count over saved Korean wikitext; no morphological disambiguation; no source snippets copied,UTF-8 Hangul/Hanja fallback source term; keep outside TeX math; verify Korean font path before any generated draft use.,generated-draft/non-canonical/not native reviewed/not approved/not accepted terminology/not gate-promoted/not complete
cjklex-0028,ko-source-attestation::ko-wiki-backfill-localization::동형,ko,Korean addendum,isomorphism,동형,Hangul with possible Hanja,fallback-source-body-term-attestation-not-row-draft,ko-wiki-backfill-localization 국소화 (환론) rev 41904060 count 15; native-source-bodies/ko/wiki-bodies/backfill-20260705/ko-wiki-backfill-localization_국소화_환론_raw_wikitext_20260705.txt,Korean source-body term observation only; do not insert into Noether corpus prose without a row-level Korean queue and source-context check.,literal substring count over saved Korean wikitext; no morphological disambiguation; no source snippets copied,UTF-8 Hangul/Hanja fallback source term; keep outside TeX math; verify Korean font path before any generated draft use.,generated-draft/non-canonical/not native reviewed/not approved/not accepted terminology/not gate-promoted/not complete
cjklex-0028,ko-source-attestation::ko-wiki-backfill-galois-cohomology::동형,ko,Korean addendum,isomorphism,동형,Hangul with possible Hanja,fallback-source-body-term-attestation-not-row-draft,ko-wiki-backfill-galois-cohomology 갈루아 코호몰로지 rev 39593007 count 2; native-source-bodies/ko/wiki-bodies/backfill-20260705/ko-wiki-backfill-galois-cohomology_갈루아_코호몰로지_raw_wikitext_20260705.txt,Korean source-body term observation only; do not insert into Noether corpus prose without a row-level Korean queue and source-context check.,literal substring count over saved Korean wikitext; no morphological disambiguation; no source snippets copied,UTF-8 Hangul/Hanja fallback source term; keep outside TeX math; verify Korean font path before any generated draft use.,generated-draft/non-canonical/not native reviewed/not approved/not accepted terminology/not gate-promoted/not complete
cjklex-0028,ko-source-attestation::ko-wiki-backfill-homomorphism-theorem::동형,ko,Korean addendum,isomorphism,동형,Hangul with possible Hanja,fallback-source-body-term-attestation-not-row-draft,ko-wiki-backfill-homomorphism-theorem 준동형 정리 rev 39209009 count 19; native-source-bodies/ko/wiki-bodies/backfill-20260705/ko-wiki-backfill-homomorphism-theorem_준동형_정리_raw_wikitext_20260705.txt,Korean source-body term observation only; do not insert into Noether corpus prose without a row-level Korean queue and source-context check.,literal substring count over saved Korean wikitext; no morphological disambiguation; no source snippets copied,UTF-8 Hangul/Hanja fallback source term; keep outside TeX math; verify Korean font path before any generated draft use.,generated-draft/non-canonical/not native reviewed/not approved/not accepted terminology/not gate-promoted/not complete
cjklex-0028,ko-source-attestation::ko-wiki-backfill-flat-module::동형,ko,Korean addendum,isomorphism,동형,Hangul with possible Hanja,fallback-source-body-term-attestation-not-row-draft,ko-wiki-backfill-flat-module 평탄 가군 rev 39344899 count 13; native-source-bodies/ko/wiki-bodies/backfill-20260705/ko-wiki-backfill-flat-module_평탄_가군_raw_wikitext_20260705.txt,Korean source-body term observation only; do not insert into Noether corpus prose without a row-level Korean queue and source-context check.,literal substring count over saved Korean wikitext; no morphological disambiguation; no source snippets copied,UTF-8 Hangul/Hanja fallback source term; keep outside TeX math; verify Korean font path before any generated draft use.,generated-draft/non-canonical/not native reviewed/not approved/not accepted terminology/not gate-promoted/not complete
cjklex-0028,ko-source-attestation::ko-wiki-backfill-quiver-representation::동형,ko,Korean addendum,isomorphism,동형,Hangul with possible Hanja,fallback-source-body-term-attestation-not-row-draft,ko-wiki-backfill-quiver-representation 화살집 표현 rev 39479528 count 8; native-source-bodies/ko/wiki-bodies/backfill-20260705/ko-wiki-backfill-quiver-representation_화살집_표현_raw_wikitext_20260705.txt,Korean source-body term observation only; do not insert into Noether corpus prose without a row-level Korean queue and source-context check.,literal substring count over saved Korean wikitext; no morphological disambiguation; no source snippets copied,UTF-8 Hangul/Hanja fallback source term; keep outside TeX math; verify Korean font path before any generated draft use.,generated-draft/non-canonical/not native reviewed/not approved/not accepted terminology/not gate-promoted/not complete
cjklex-0028,ko-source-attestation::ko-wiki-backfill-complex-multiplication::동형,ko,Korean addendum,isomorphism,동형,Hangul with possible Hanja,fallback-source-body-term-attestation-not-row-draft,ko-wiki-backfill-complex-multiplication 복소 곱셈 rev 39316675 count 7; native-source-bodies/ko/wiki-bodies/backfill-20260705/ko-wiki-backfill-complex-multiplication_복소_곱셈_raw_wikitext_20260705.txt,Korean source-body term observation only; do not insert into Noether corpus prose without a row-level Korean queue and source-context check.,literal substring count over saved Korean wikitext; no morphological disambiguation; no source snippets copied,UTF-8 Hangul/Hanja fallback source term; keep outside TeX math; verify Korean font path before any generated draft use.,generated-draft/non-canonical/not native reviewed/not approved/not accepted terminology/not gate-promoted/not complete
cjklex-0028,ko-source-attestation::ko-wiki-backfill-prime-ideal::동형,ko,Korean addendum,isomorphism,동형,Hangul with possible Hanja,fallback-source-body-term-attestation-not-row-draft,ko-wiki-backfill-prime-ideal 소 아이디얼 rev 41653113 count 5; native-source-bodies/ko/wiki-bodies/backfill-20260705/ko-wiki-backfill-prime-ideal_소_아이디얼_raw_wikitext_20260705.txt,Korean source-body term observation only; do not insert into Noether corpus prose without a row-level Korean queue and source-context check.,literal substring count over saved Korean wikitext; no morphological disambiguation; no source snippets copied,UTF-8 Hangul/Hanja fallback source term; keep outside TeX math; verify Korean font path before any generated draft use.,generated-draft/non-canonical/not native reviewed/not approved/not accepted terminology/not gate-promoted/not complete
cjklex-0028,ko-source-attestation::ko-wiki-backfill-algebraic-number-field::동형,ko,Korean addendum,isomorphism,동형,Hangul with possible Hanja,fallback-source-body-term-attestation-not-row-draft,ko-wiki-backfill-algebraic-number-field 대수적 수체 rev 41743364 count 1; native-source-bodies/ko/wiki-bodies/backfill-20260705/ko-wiki-backfill-algebraic-number-field_대수적_수체_raw_wikitext_20260705.txt,Korean source-body term observation only; do not insert into Noether corpus prose without a row-level Korean queue and source-context check.,literal substring count over saved Korean wikitext; no morphological disambiguation; no source snippets copied,UTF-8 Hangul/Hanja fallback source term; keep outside TeX math; verify Korean font path before any generated draft use.,generated-draft/non-canonical/not native reviewed/not approved/not accepted terminology/not gate-promoted/not complete
cjklex-0028,ko-source-attestation::ko-wiki-galois-theory::동형사상,ko,Korean addendum,isomorphism,동형사상,Hangul with possible Hanja,fallback-source-body-term-attestation-not-row-draft,ko-wiki-galois-theory 갈루아 이론 rev 41742964 count 3; native-source-bodies/ko/wiki-bodies/ko-wiki-galois-theory_갈루아_이론_wikitext_20260705.txt,Korean source-body term observation only; do not insert into Noether corpus prose without a row-level Korean queue and source-context check.,literal substring count over saved Korean wikitext; no morphological disambiguation; no source snippets copied,UTF-8 Hangul/Hanja fallback source term; keep outside TeX math; verify Korean font path before any generated draft use.,generated-draft/non-canonical/not native reviewed/not approved/not accepted terminology/not gate-promoted/not complete
cjklex-0028,ko-source-attestation::ko-wiki-group-theory::동형사상,ko,Korean addendum,isomorphism,동형사상,Hangul with possible Hanja,fallback-source-body-term-attestation-not-row-draft,ko-wiki-group-theory 군론 rev 41776557 count 2; native-source-bodies/ko/wiki-bodies/ko-wiki-group-theory_군론_wikitext_20260705.txt,Korean source-body term observation only; do not insert into Noether corpus prose without a row-level Korean queue and source-context check.,literal substring count over saved Korean wikitext; no morphological disambiguation; no source snippets copied,UTF-8 Hangul/Hanja fallback source term; keep outside TeX math; verify Korean font path before any generated draft use.,generated-draft/non-canonical/not native reviewed/not approved/not accepted terminology/not gate-promoted/not complete
cjklex-0028,ko-source-attestation::ko-wiki-backfill-irreducible-representation::동형사상,ko,Korean addendum,isomorphism,동형사상,Hangul with possible Hanja,fallback-source-body-term-attestation-not-row-draft,ko-wiki-backfill-irreducible-representation 기약표현 rev 41663389 count 2; native-source-bodies/ko/wiki-bodies/backfill-20260705/ko-wiki-backfill-irreducible-representation_기약표현_raw_wikitext_20260705.txt,Korean source-body term observation only; do not insert into Noether corpus prose without a row-level Korean queue and source-context check.,literal substring count over saved Korean wikitext; no morphological disambiguation; no source snippets copied,UTF-8 Hangul/Hanja fallback source term; keep outside TeX math; verify Korean font path before any generated draft use.,generated-draft/non-canonical/not native reviewed/not approved/not accepted terminology/not gate-promoted/not complete
cjklex-0028,ko-source-attestation::ko-wiki-backfill-decomposition-algebra::동형사상,ko,Korean addendum,isomorphism,동형사상,Hangul with possible Hanja,fallback-source-body-term-attestation-not-row-draft,ko-wiki-backfill-decomposition-algebra 분해 (대수학) rev 39792326 count 2; native-source-bodies/ko/wiki-bodies/backfill-20260705/ko-wiki-backfill-decomposition-algebra_분해_대수학_raw_wikitext_20260705.txt,Korean source-body term observation only; do not insert into Noether corpus prose without a row-level Korean queue and source-context check.,literal substring count over saved Korean wikitext; no morphological disambiguation; no source snippets copied,UTF-8 Hangul/Hanja fallback source term; keep outside TeX math; verify Korean font path before any generated draft use.,generated-draft/non-canonical/not native reviewed/not approved/not accepted terminology/not gate-promoted/not complete
cjklex-0028,ko-source-attestation::ko-wiki-backfill-su2-representation::동형사상,ko,Korean addendum,isomorphism,동형사상,Hangul with possible Hanja,fallback-source-body-term-attestation-not-row-draft,ko-wiki-backfill-su2-representation SU(2)의 표현론 rev 39766810 count 1; native-source-bodies/ko/wiki-bodies/backfill-20260705/ko-wiki-backfill-su2-representation_SU_2_의_표현론_raw_wikitext_20260705.txt,Korean source-body term observation only; do not insert into Noether corpus prose without a row-level Korean queue and source-context check.,literal substring count over saved Korean wikitext; no morphological disambiguation; no source snippets copied,UTF-8 Hangul/Hanja fallback source term; keep outside TeX math; verify Korean font path before any generated draft use.,generated-draft/non-canonical/not native reviewed/not approved/not accepted terminology/not gate-promoted/not complete
cjklex-0029,term-ja-0015,ja,Japanese,homomorphism,準同型,Japanese kana+kanji,source-canon-sufficient-for-scoped-draft,ja-src-001 Matsumura commutative-ring TeX source | ja-pdf-002 Ando algebra lecture-note PDF set | ja-pdf-003 Nagai invariant-theory PDF witness | ja-pdf-004 Ryoya Ando commutative-algebra PDF witness | CJK-native source-support/codepoint ledgers,"Use near formulas only with the exact source anchor already present in the row packet; keep TeX variables, ideals/modules/rings, and arrows/macros unchanged. Use UTF-8 and a CJK-capable TeX/PDF path. Do not split the target term across inline math; check punctuation, CJK/Latin spacing, and line breaks around formulas.",準同型写像,"Use UTF-8 and a CJK-capable TeX/PDF path. Do not split the target term across inline math; check punctuation, CJK/Latin spacing, and line breaks around formulas.",generated-draft/non-canonical/not native reviewed/not approved/not accepted terminology/not gate-promoted/not complete
cjklex-0029,term-zh-hans-0016,zh-Hans,Simplified Chinese,homomorphism,同态,Simplified Han,source-canon-sufficient-for-scoped-draft,zh-Hans-src-001 AlJabr-1 TeX source repository | zh-Hans-src-002 AlJabr-2 TeX source repository | CJK-native source-support/codepoint ledgers,"Use near formulas only with the exact source anchor already present in the row packet; keep TeX variables, ideals/modules/rings, and arrows/macros unchanged. Use UTF-8 and a CJK-capable TeX/PDF path. Do not split the target term across inline math; check punctuation, CJK/Latin spacing, and line breaks around formulas.",,"Use UTF-8 and a CJK-capable TeX/PDF path. Do not split the target term across inline math; check punctuation, CJK/Latin spacing, and line breaks around formulas.",generated-draft/non-canonical/not native reviewed/not approved/not accepted terminology/not gate-promoted/not complete
cjklex-0029,ko-source-attestation::ko-wiki-module::준동형,ko,Korean addendum,homomorphism,준동형,Hangul with possible Hanja,fallback-source-body-term-attestation-not-row-draft,ko-wiki-module 가군 rev 41652760 count 5; native-source-bodies/ko/wiki-bodies/ko-wiki-module_가군_wikitext_20260705.txt,Korean source-body term observation only; do not insert into Noether corpus prose without a row-level Korean queue and source-context check.,literal substring count over saved Korean wikitext; no morphological disambiguation; no source snippets copied,UTF-8 Hangul/Hanja fallback source term; keep outside TeX math; verify Korean font path before any generated draft use.,generated-draft/non-canonical/not native reviewed/not approved/not accepted terminology/not gate-promoted/not complete
cjklex-0029,ko-source-attestation::ko-wiki-field::준동형,ko,Korean addendum,homomorphism,준동형,Hangul with possible Hanja,fallback-source-body-term-attestation-not-row-draft,ko-wiki-field 체 (수학) rev 41649269 count 4; native-source-bodies/ko/wiki-bodies/ko-wiki-field_체_수학_wikitext_20260705.txt,Korean source-body term observation only; do not insert into Noether corpus prose without a row-level Korean queue and source-context check.,literal substring count over saved Korean wikitext; no morphological disambiguation; no source snippets copied,UTF-8 Hangul/Hanja fallback source term; keep outside TeX math; verify Korean font path before any generated draft use.,generated-draft/non-canonical/not native reviewed/not approved/not accepted terminology/not gate-promoted/not complete
cjklex-0029,ko-source-attestation::ko-wiki-backfill-irreducible-representation::준동형,ko,Korean addendum,homomorphism,준동형,Hangul with possible Hanja,fallback-source-body-term-attestation-not-row-draft,ko-wiki-backfill-irreducible-representation 기약표현 rev 41663389 count 3; native-source-bodies/ko/wiki-bodies/backfill-20260705/ko-wiki-backfill-irreducible-representation_기약표현_raw_wikitext_20260705.txt,Korean source-body term observation only; do not insert into Noether corpus prose without a row-level Korean queue and source-context check.,literal substring count over saved Korean wikitext; no morphological disambiguation; no source snippets copied,UTF-8 Hangul/Hanja fallback source term; keep outside TeX math; verify Korean font path before any generated draft use.,generated-draft/non-canonical/not native reviewed/not approved/not accepted terminology/not gate-promoted/not complete
cjklex-0029,ko-source-attestation::ko-wiki-backfill-decomposition-algebra::준동형,ko,Korean addendum,homomorphism,준동형,Hangul with possible Hanja,fallback-source-body-term-attestation-not-row-draft,ko-wiki-backfill-decomposition-algebra 분해 (대수학) rev 39792326 count 2; native-source-bodies/ko/wiki-bodies/backfill-20260705/ko-wiki-backfill-decomposition-algebra_분해_대수학_raw_wikitext_20260705.txt,Korean source-body term observation only; do not insert into Noether corpus prose without a row-level Korean queue and source-context check.,literal substring count over saved Korean wikitext; no morphological disambiguation; no source snippets copied,UTF-8 Hangul/Hanja fallback source term; keep outside TeX math; verify Korean font path before any generated draft use.,generated-draft/non-canonical/not native reviewed/not approved/not accepted terminology/not gate-promoted/not complete
cjklex-0029,ko-source-attestation::ko-wiki-backfill-su2-representation::준동형,ko,Korean addendum,homomorphism,준동형,Hangul with possible Hanja,fallback-source-body-term-attestation-not-row-draft,ko-wiki-backfill-su2-representation SU(2)의 표현론 rev 39766810 count 1; native-source-bodies/ko/wiki-bodies/backfill-20260705/ko-wiki-backfill-su2-representation_SU_2_의_표현론_raw_wikitext_20260705.txt,Korean source-body term observation only; do not insert into Noether corpus prose without a row-level Korean queue and source-context check.,literal substring count over saved Korean wikitext; no morphological disambiguation; no source snippets copied,UTF-8 Hangul/Hanja fallback source term; keep outside TeX math; verify Korean font path before any generated draft use.,generated-draft/non-canonical/not native reviewed/not approved/not accepted terminology/not gate-promoted/not complete
cjklex-0029,ko-source-attestation::ko-wiki-backfill-noetherian-ring::준동형,ko,Korean addendum,homomorphism,준동형,Hangul with possible Hanja,fallback-source-body-term-attestation-not-row-draft,ko-wiki-backfill-noetherian-ring 뇌터 환 rev 39051386 count 3; native-source-bodies/ko/wiki-bodies/backfill-20260705/ko-wiki-backfill-noetherian-ring_뇌터_환_raw_wikitext_20260705.txt,Korean source-body term observation only; do not insert into Noether corpus prose without a row-level Korean queue and source-context check.,literal substring count over saved Korean wikitext; no morphological disambiguation; no source snippets copied,UTF-8 Hangul/Hanja fallback source term; keep outside TeX math; verify Korean font path before any generated draft use.,generated-draft/non-canonical/not native reviewed/not approved/not accepted terminology/not gate-promoted/not complete
cjklex-0029,ko-source-attestation::ko-wiki-backfill-localization::준동형,ko,Korean addendum,homomorphism,준동형,Hangul with possible Hanja,fallback-source-body-term-attestation-not-row-draft,ko-wiki-backfill-localization 국소화 (환론) rev 41904060 count 13; native-source-bodies/ko/wiki-bodies/backfill-20260705/ko-wiki-backfill-localization_국소화_환론_raw_wikitext_20260705.txt,Korean source-body term observation only; do not insert into Noether corpus prose without a row-level Korean queue and source-context check.,literal substring count over saved Korean wikitext; no morphological disambiguation; no source snippets copied,UTF-8 Hangul/Hanja fallback source term; keep outside TeX math; verify Korean font path before any generated draft use.,generated-draft/non-canonical/not native reviewed/not approved/not accepted terminology/not gate-promoted/not complete
cjklex-0029,ko-source-attestation::ko-wiki-backfill-homomorphism-theorem::준동형,ko,Korean addendum,homomorphism,준동형,Hangul with possible Hanja,fallback-source-body-term-attestation-not-row-draft,ko-wiki-backfill-homomorphism-theorem 준동형 정리 rev 39209009 count 16; native-source-bodies/ko/wiki-bodies/backfill-20260705/ko-wiki-backfill-homomorphism-theorem_준동형_정리_raw_wikitext_20260705.txt,Korean source-body term observation only; do not insert into Noether corpus prose without a row-level Korean queue and source-context check.,literal substring count over saved Korean wikitext; no morphological disambiguation; no source snippets copied,UTF-8 Hangul/Hanja fallback source term; keep outside TeX math; verify Korean font path before any generated draft use.,generated-draft/non-canonical/not native reviewed/not approved/not accepted terminology/not gate-promoted/not complete
cjklex-0029,ko-source-attestation::ko-wiki-backfill-flat-module::준동형,ko,Korean addendum,homomorphism,준동형,Hangul with possible Hanja,fallback-source-body-term-attestation-not-row-draft,ko-wiki-backfill-flat-module 평탄 가군 rev 39344899 count 11; native-source-bodies/ko/wiki-bodies/backfill-20260705/ko-wiki-backfill-flat-module_평탄_가군_raw_wikitext_20260705.txt,Korean source-body term observation only; do not insert into Noether corpus prose without a row-level Korean queue and source-context check.,literal substring count over saved Korean wikitext; no morphological disambiguation; no source snippets copied,UTF-8 Hangul/Hanja fallback source term; keep outside TeX math; verify Korean font path before any generated draft use.,generated-draft/non-canonical/not native reviewed/not approved/not accepted terminology/not gate-promoted/not complete
cjklex-0029,ko-source-attestation::ko-wiki-backfill-quiver-representation::준동형,ko,Korean addendum,homomorphism,준동형,Hangul with possible Hanja,fallback-source-body-term-attestation-not-row-draft,ko-wiki-backfill-quiver-representation 화살집 표현 rev 39479528 count 6; native-source-bodies/ko/wiki-bodies/backfill-20260705/ko-wiki-backfill-quiver-representation_화살집_표현_raw_wikitext_20260705.txt,Korean source-body term observation only; do not insert into Noether corpus prose without a row-level Korean queue and source-context check.,literal substring count over saved Korean wikitext; no morphological disambiguation; no source snippets copied,UTF-8 Hangul/Hanja fallback source term; keep outside TeX math; verify Korean font path before any generated draft use.,generated-draft/non-canonical/not native reviewed/not approved/not accepted terminology/not gate-promoted/not complete
cjklex-0029,ko-source-attestation::ko-wiki-backfill-complex-multiplication::준동형,ko,Korean addendum,homomorphism,준동형,Hangul with possible Hanja,fallback-source-body-term-attestation-not-row-draft,ko-wiki-backfill-complex-multiplication 복소 곱셈 rev 39316675 count 4; native-source-bodies/ko/wiki-bodies/backfill-20260705/ko-wiki-backfill-complex-multiplication_복소_곱셈_raw_wikitext_20260705.txt,Korean source-body term observation only; do not insert into Noether corpus prose without a row-level Korean queue and source-context check.,literal substring count over saved Korean wikitext; no morphological disambiguation; no source snippets copied,UTF-8 Hangul/Hanja fallback source term; keep outside TeX math; verify Korean font path before any generated draft use.,generated-draft/non-canonical/not native reviewed/not approved/not accepted terminology/not gate-promoted/not complete
cjklex-0029,ko-source-attestation::ko-wiki-backfill-prime-ideal::준동형,ko,Korean addendum,homomorphism,준동형,Hangul with possible Hanja,fallback-source-body-term-attestation-not-row-draft,ko-wiki-backfill-prime-ideal 소 아이디얼 rev 41653113 count 5; native-source-bodies/ko/wiki-bodies/backfill-20260705/ko-wiki-backfill-prime-ideal_소_아이디얼_raw_wikitext_20260705.txt,Korean source-body term observation only; do not insert into Noether corpus prose without a row-level Korean queue and source-context check.,literal substring count over saved Korean wikitext; no morphological disambiguation; no source snippets copied,UTF-8 Hangul/Hanja fallback source term; keep outside TeX math; verify Korean font path before any generated draft use.,generated-draft/non-canonical/not native reviewed/not approved/not accepted terminology/not gate-promoted/not complete
cjklex-0029,ko-source-attestation::ko-wiki-backfill-irreducible-representation::준동형사상,ko,Korean addendum,homomorphism,준동형사상,Hangul with possible Hanja,fallback-source-body-term-attestation-not-row-draft,ko-wiki-backfill-irreducible-representation 기약표현 rev 41663389 count 1; native-source-bodies/ko/wiki-bodies/backfill-20260705/ko-wiki-backfill-irreducible-representation_기약표현_raw_wikitext_20260705.txt,Korean source-body term observation only; do not insert into Noether corpus prose without a row-level Korean queue and source-context check.,literal substring count over saved Korean wikitext; no morphological disambiguation; no source snippets copied,UTF-8 Hangul/Hanja fallback source term; keep outside TeX math; verify Korean font path before any generated draft use.,generated-draft/non-canonical/not native reviewed/not approved/not accepted terminology/not gate-promoted/not complete
cjklex-0029,ko-source-attestation::ko-wiki-backfill-decomposition-algebra::준동형사상,ko,Korean addendum,homomorphism,준동형사상,Hangul with possible Hanja,fallback-source-body-term-attestation-not-row-draft,ko-wiki-backfill-decomposition-algebra 분해 (대수학) rev 39792326 count 2; native-source-bodies/ko/wiki-bodies/backfill-20260705/ko-wiki-backfill-decomposition-algebra_분해_대수학_raw_wikitext_20260705.txt,Korean source-body term observation only; do not insert into Noether corpus prose without a row-level Korean queue and source-context check.,literal substring count over saved Korean wikitext; no morphological disambiguation; no source snippets copied,UTF-8 Hangul/Hanja fallback source term; keep outside TeX math; verify Korean font path before any generated draft use.,generated-draft/non-canonical/not native reviewed/not approved/not accepted terminology/not gate-promoted/not complete
cjklex-0029,ko-source-attestation::ko-wiki-backfill-su2-representation::준동형사상,ko,Korean addendum,homomorphism,준동형사상,Hangul with possible Hanja,fallback-source-body-term-attestation-not-row-draft,ko-wiki-backfill-su2-representation SU(2)의 표현론 rev 39766810 count 1; native-source-bodies/ko/wiki-bodies/backfill-20260705/ko-wiki-backfill-su2-representation_SU_2_의_표현론_raw_wikitext_20260705.txt,Korean source-body term observation only; do not insert into Noether corpus prose without a row-level Korean queue and source-context check.,literal substring count over saved Korean wikitext; no morphological disambiguation; no source snippets copied,UTF-8 Hangul/Hanja fallback source term; keep outside TeX math; verify Korean font path before any generated draft use.,generated-draft/non-canonical/not native reviewed/not approved/not accepted terminology/not gate-promoted/not complete
cjklex-0030,term-ja-0016,ja,Japanese,automorphism,自己同型,Japanese kana+kanji,source-canon-sufficient-for-scoped-draft,ja-src-001 Matsumura commutative-ring TeX source | ja-pdf-002 Ando algebra lecture-note PDF set | ja-pdf-003 Nagai invariant-theory PDF witness | ja-pdf-004 Ryoya Ando commutative-algebra PDF witness | CJK-native source-support/codepoint ledgers,"Use near formulas only with the exact source anchor already present in the row packet; keep TeX variables, ideals/modules/rings, and arrows/macros unchanged. Use UTF-8 and a CJK-capable TeX/PDF path. Do not split the target term across inline math; check punctuation, CJK/Latin spacing, and line breaks around formulas.",,"Use UTF-8 and a CJK-capable TeX/PDF path. Do not split the target term across inline math; check punctuation, CJK/Latin spacing, and line breaks around formulas.",generated-draft/non-canonical/not native reviewed/not approved/not accepted terminology/not gate-promoted/not complete
cjklex-0030,term-zh-hans-0019,zh-Hans,Simplified Chinese,automorphism,自同构,Simplified Han,source-canon-sufficient-for-scoped-draft,zh-Hans-src-001 AlJabr-1 TeX source repository | zh-Hans-src-002 AlJabr-2 TeX source repository | CJK-native source-support/codepoint ledgers,"Use near formulas only with the exact source anchor already present in the row packet; keep TeX variables, ideals/modules/rings, and arrows/macros unchanged. Use UTF-8 and a CJK-capable TeX/PDF path. Do not split the target term across inline math; check punctuation, CJK/Latin spacing, and line breaks around formulas.",,"Use UTF-8 and a CJK-capable TeX/PDF path. Do not split the target term across inline math; check punctuation, CJK/Latin spacing, and line breaks around formulas.",generated-draft/non-canonical/not native reviewed/not approved/not accepted terminology/not gate-promoted/not complete
cjklex-0030,ko-source-attestation::ko-wiki-galois-theory::자기동형,ko,Korean addendum,automorphism,자기동형,Hangul with possible Hanja,fallback-source-body-term-attestation-not-row-draft,ko-wiki-galois-theory 갈루아 이론 rev 41742964 count 3; native-source-bodies/ko/wiki-bodies/ko-wiki-galois-theory_갈루아_이론_wikitext_20260705.txt,Korean source-body term observation only; do not insert into Noether corpus prose without a row-level Korean queue and source-context check.,literal substring count over saved Korean wikitext; no morphological disambiguation; no source snippets copied,UTF-8 Hangul/Hanja fallback source term; keep outside TeX math; verify Korean font path before any generated draft use.,generated-draft/non-canonical/not native reviewed/not approved/not accepted terminology/not gate-promoted/not complete
cjklex-0031,term-ja-0017,ja,Japanese,endomorphism,自己準同型,Japanese kana+kanji,source-canon-sufficient-for-scoped-draft,ja-src-001 Matsumura commutative-ring TeX source | ja-pdf-002 Ando algebra lecture-note PDF set | ja-pdf-003 Nagai invariant-theory PDF witness | ja-pdf-004 Ryoya Ando commutative-algebra PDF witness | CJK-native source-support/codepoint ledgers,"Use near formulas only with the exact source anchor already present in the row packet; keep TeX variables, ideals/modules/rings, and arrows/macros unchanged. Use UTF-8 and a CJK-capable TeX/PDF path. Do not split the target term across inline math; check punctuation, CJK/Latin spacing, and line breaks around formulas.",,"Use UTF-8 and a CJK-capable TeX/PDF path. Do not split the target term across inline math; check punctuation, CJK/Latin spacing, and line breaks around formulas.",generated-draft/non-canonical/not native reviewed/not approved/not accepted terminology/not gate-promoted/not complete
cjklex-0031,term-zh-hans-0018,zh-Hans,Simplified Chinese,endomorphism,自同态,Simplified Han,source-canon-sufficient-for-scoped-draft,zh-Hans-src-001 AlJabr-1 TeX source repository | zh-Hans-src-002 AlJabr-2 TeX source repository | CJK-native source-support/codepoint ledgers,"Use near formulas only with the exact source anchor already present in the row packet; keep TeX variables, ideals/modules/rings, and arrows/macros unchanged. Use UTF-8 and a CJK-capable TeX/PDF path. Do not split the target term across inline math; check punctuation, CJK/Latin spacing, and line breaks around formulas.",,"Use UTF-8 and a CJK-capable TeX/PDF path. Do not split the target term across inline math; check punctuation, CJK/Latin spacing, and line breaks around formulas.",generated-draft/non-canonical/not native reviewed/not approved/not accepted terminology/not gate-promoted/not complete
cjklex-0031,ko-source-attestation::ko-wiki-backfill-complex-multiplication::자기준동형,ko,Korean addendum,endomorphism,자기준동형,Hangul with possible Hanja,fallback-source-body-term-attestation-not-row-draft,ko-wiki-backfill-complex-multiplication 복소 곱셈 rev 39316675 count 4; native-source-bodies/ko/wiki-bodies/backfill-20260705/ko-wiki-backfill-complex-multiplication_복소_곱셈_raw_wikitext_20260705.txt,Korean source-body term observation only; do not insert into Noether corpus prose without a row-level Korean queue and source-context check.,literal substring count over saved Korean wikitext; no morphological disambiguation; no source snippets copied,UTF-8 Hangul/Hanja fallback source term; keep outside TeX math; verify Korean font path before any generated draft use.,generated-draft/non-canonical/not native reviewed/not approved/not accepted terminology/not gate-promoted/not complete
cjklex-0032,term-ja-0021,ja,Japanese,norm,ノルム,Japanese kana+kanji,source-canon-sufficient-for-scoped-draft,ja-src-001 Matsumura commutative-ring TeX source | ja-pdf-002 Ando algebra lecture-note PDF set | ja-pdf-003 Nagai invariant-theory PDF witness | ja-pdf-004 Ryoya Ando commutative-algebra PDF witness | CJK-native source-support/codepoint ledgers,"Formula-neighboring note: preserve source TeX/math notation and do not upgrade the draft term beyond the cited source context. Use UTF-8 and a CJK-capable TeX/PDF path. Do not split the target term across inline math; check punctuation, CJK/Latin spacing, and line breaks around formulas.",,"Use UTF-8 and a CJK-capable TeX/PDF path. Do not split the target term across inline math; check punctuation, CJK/Latin spacing, and line breaks around formulas.",generated-draft/non-canonical/not native reviewed/not approved/not accepted terminology/not gate-promoted/not complete
cjklex-0032,ko-source-attestation::ko-wiki-linear-algebra::노름,ko,Korean addendum,norm,노름,Hangul with possible Hanja,fallback-source-body-term-attestation-not-row-draft,ko-wiki-linear-algebra 선형대수학 rev 41811221 count 13; native-source-bodies/ko/wiki-bodies/ko-wiki-linear-algebra_선형대수학_wikitext_20260705.txt,Korean source-body term observation only; do not insert into Noether corpus prose without a row-level Korean queue and source-context check.,literal substring count over saved Korean wikitext; no morphological disambiguation; no source snippets copied,UTF-8 Hangul/Hanja fallback source term; keep outside TeX math; verify Korean font path before any generated draft use.,generated-draft/non-canonical/not native reviewed/not approved/not accepted terminology/not gate-promoted/not complete
cjklex-0032,ko-source-attestation::ko-wiki-backfill-galois-cohomology::노름,ko,Korean addendum,norm,노름,Hangul with possible Hanja,fallback-source-body-term-attestation-not-row-draft,ko-wiki-backfill-galois-cohomology 갈루아 코호몰로지 rev 39593007 count 1; native-source-bodies/ko/wiki-bodies/backfill-20260705/ko-wiki-backfill-galois-cohomology_갈루아_코호몰로지_raw_wikitext_20260705.txt,Korean source-body term observation only; do not insert into Noether corpus prose without a row-level Korean queue and source-context check.,literal substring count over saved Korean wikitext; no morphological disambiguation; no source snippets copied,UTF-8 Hangul/Hanja fallback source term; keep outside TeX math; verify Korean font path before any generated draft use.,generated-draft/non-canonical/not native reviewed/not approved/not accepted terminology/not gate-promoted/not complete
cjklex-0032,ko-source-attestation::ko-wiki-backfill-algebraic-number-field::노름,ko,Korean addendum,norm,노름,Hangul with possible Hanja,fallback-source-body-term-attestation-not-row-draft,ko-wiki-backfill-algebraic-number-field 대수적 수체 rev 41743364 count 8; native-source-bodies/ko/wiki-bodies/backfill-20260705/ko-wiki-backfill-algebraic-number-field_대수적_수체_raw_wikitext_20260705.txt,Korean source-body term observation only; do not insert into Noether corpus prose without a row-level Korean queue and source-context check.,literal substring count over saved Korean wikitext; no morphological disambiguation; no source snippets copied,UTF-8 Hangul/Hanja fallback source term; keep outside TeX math; verify Korean font path before any generated draft use.,generated-draft/non-canonical/not native reviewed/not approved/not accepted terminology/not gate-promoted/not complete
cjklex-0032,ko-source-attestation::ko-wiki-group-theory::norm,ko,Korean addendum,norm,norm,Hangul with possible Hanja,fallback-source-body-term-attestation-not-row-draft,ko-wiki-group-theory 군론 rev 41776557 count 1; native-source-bodies/ko/wiki-bodies/ko-wiki-group-theory_군론_wikitext_20260705.txt,Korean source-body term observation only; do not insert into Noether corpus prose without a row-level Korean queue and source-context check.,literal substring count over saved Korean wikitext; no morphological disambiguation; no source snippets copied,UTF-8 Hangul/Hanja fallback source term; keep outside TeX math; verify Korean font path before any generated draft use.,generated-draft/non-canonical/not native reviewed/not approved/not accepted terminology/not gate-promoted/not complete
cjklex-0032,ko-source-attestation::ko-wiki-backfill-flat-module::norm,ko,Korean addendum,norm,norm,Hangul with possible Hanja,fallback-source-body-term-attestation-not-row-draft,ko-wiki-backfill-flat-module 평탄 가군 rev 39344899 count 2; native-source-bodies/ko/wiki-bodies/backfill-20260705/ko-wiki-backfill-flat-module_평탄_가군_raw_wikitext_20260705.txt,Korean source-body term observation only; do not insert into Noether corpus prose without a row-level Korean queue and source-context check.,literal substring count over saved Korean wikitext; no morphological disambiguation; no source snippets copied,UTF-8 Hangul/Hanja fallback source term; keep outside TeX math; verify Korean font path before any generated draft use.,generated-draft/non-canonical/not native reviewed/not approved/not accepted terminology/not gate-promoted/not complete
cjklex-0033,term-ja-0022,ja,Japanese,ring of integers,整数環,Japanese kana+kanji,source-canon-sufficient-for-scoped-draft,ja-src-001 Matsumura commutative-ring TeX source | ja-pdf-002 Ando algebra lecture-note PDF set | ja-pdf-003 Nagai invariant-theory PDF witness | ja-pdf-004 Ryoya Ando commutative-algebra PDF witness | CJK-native source-support/codepoint ledgers,"Use near formulas only with the exact source anchor already present in the row packet; keep TeX variables, ideals/modules/rings, and arrows/macros unchanged. Use UTF-8 and a CJK-capable TeX/PDF path. Do not split the target term across inline math; check punctuation, CJK/Latin spacing, and line breaks around formulas.",,"Use UTF-8 and a CJK-capable TeX/PDF path. Do not split the target term across inline math; check punctuation, CJK/Latin spacing, and line breaks around formulas.",generated-draft/non-canonical/not native reviewed/not approved/not accepted terminology/not gate-promoted/not complete
cjklex-0033,ko-source-attestation::ko-wiki-module::정수환,ko,Korean addendum,ring of integers,정수환,Hangul with possible Hanja,fallback-source-body-term-attestation-not-row-draft,ko-wiki-module 가군 rev 41652760 count 3; native-source-bodies/ko/wiki-bodies/ko-wiki-module_가군_wikitext_20260705.txt,Korean source-body term observation only; do not insert into Noether corpus prose without a row-level Korean queue and source-context check.,literal substring count over saved Korean wikitext; no morphological disambiguation; no source snippets copied,UTF-8 Hangul/Hanja fallback source term; keep outside TeX math; verify Korean font path before any generated draft use.,generated-draft/non-canonical/not native reviewed/not approved/not accepted terminology/not gate-promoted/not complete
cjklex-0033,ko-source-attestation::ko-wiki-ideal::정수환,ko,Korean addendum,ring of integers,정수환,Hangul with possible Hanja,fallback-source-body-term-attestation-not-row-draft,ko-wiki-ideal 아이디얼 rev 39160743 count 2; native-source-bodies/ko/wiki-bodies/ko-wiki-ideal_아이디얼_wikitext_20260705.txt,Korean source-body term observation only; do not insert into Noether corpus prose without a row-level Korean queue and source-context check.,literal substring count over saved Korean wikitext; no morphological disambiguation; no source snippets copied,UTF-8 Hangul/Hanja fallback source term; keep outside TeX math; verify Korean font path before any generated draft use.,generated-draft/non-canonical/not native reviewed/not approved/not accepted terminology/not gate-promoted/not complete
cjklex-0033,ko-source-attestation::ko-wiki-commutative-algebra::정수환,ko,Korean addendum,ring of integers,정수환,Hangul with possible Hanja,fallback-source-body-term-attestation-not-row-draft,ko-wiki-commutative-algebra 가환대수학 rev 41811027 count 3; native-source-bodies/ko/wiki-bodies/ko-wiki-commutative-algebra_가환대수학_wikitext_20260705.txt,Korean source-body term observation only; do not insert into Noether corpus prose without a row-level Korean queue and source-context check.,literal substring count over saved Korean wikitext; no morphological disambiguation; no source snippets copied,UTF-8 Hangul/Hanja fallback source term; keep outside TeX math; verify Korean font path before any generated draft use.,generated-draft/non-canonical/not native reviewed/not approved/not accepted terminology/not gate-promoted/not complete
cjklex-0033,ko-source-attestation::ko-wiki-linear-algebra::정수환,ko,Korean addendum,ring of integers,정수환,Hangul with possible Hanja,fallback-source-body-term-attestation-not-row-draft,ko-wiki-linear-algebra 선형대수학 rev 41811221 count 1; native-source-bodies/ko/wiki-bodies/ko-wiki-linear-algebra_선형대수학_wikitext_20260705.txt,Korean source-body term observation only; do not insert into Noether corpus prose without a row-level Korean queue and source-context check.,literal substring count over saved Korean wikitext; no morphological disambiguation; no source snippets copied,UTF-8 Hangul/Hanja fallback source term; keep outside TeX math; verify Korean font path before any generated draft use.,generated-draft/non-canonical/not native reviewed/not approved/not accepted terminology/not gate-promoted/not complete
cjklex-0033,ko-source-attestation::ko-wiki-backfill-semisimple-ring::정수환,ko,Korean addendum,ring of integers,정수환,Hangul with possible Hanja,fallback-source-body-term-attestation-not-row-draft,ko-wiki-backfill-semisimple-ring 반단순환 rev 39375212 count 2; native-source-bodies/ko/wiki-bodies/backfill-20260705/ko-wiki-backfill-semisimple-ring_반단순환_raw_wikitext_20260705.txt,Korean source-body term observation only; do not insert into Noether corpus prose without a row-level Korean queue and source-context check.,literal substring count over saved Korean wikitext; no morphological disambiguation; no source snippets copied,UTF-8 Hangul/Hanja fallback source term; keep outside TeX math; verify Korean font path before any generated draft use.,generated-draft/non-canonical/not native reviewed/not approved/not accepted terminology/not gate-promoted/not complete
cjklex-0033,ko-source-attestation::ko-wiki-backfill-localization::정수환,ko,Korean addendum,ring of integers,정수환,Hangul with possible Hanja,fallback-source-body-term-attestation-not-row-draft,ko-wiki-backfill-localization 국소화 (환론) rev 41904060 count 7; native-source-bodies/ko/wiki-bodies/backfill-20260705/ko-wiki-backfill-localization_국소화_환론_raw_wikitext_20260705.txt,Korean source-body term observation only; do not insert into Noether corpus prose without a row-level Korean queue and source-context check.,literal substring count over saved Korean wikitext; no morphological disambiguation; no source snippets copied,UTF-8 Hangul/Hanja fallback source term; keep outside TeX math; verify Korean font path before any generated draft use.,generated-draft/non-canonical/not native reviewed/not approved/not accepted terminology/not gate-promoted/not complete
cjklex-0033,ko-source-attestation::ko-wiki-backfill-flat-module::정수환,ko,Korean addendum,ring of integers,정수환,Hangul with possible Hanja,fallback-source-body-term-attestation-not-row-draft,ko-wiki-backfill-flat-module 평탄 가군 rev 39344899 count 1; native-source-bodies/ko/wiki-bodies/backfill-20260705/ko-wiki-backfill-flat-module_평탄_가군_raw_wikitext_20260705.txt,Korean source-body term observation only; do not insert into Noether corpus prose without a row-level Korean queue and source-context check.,literal substring count over saved Korean wikitext; no morphological disambiguation; no source snippets copied,UTF-8 Hangul/Hanja fallback source term; keep outside TeX math; verify Korean font path before any generated draft use.,generated-draft/non-canonical/not native reviewed/not approved/not accepted terminology/not gate-promoted/not complete
cjklex-0033,ko-source-attestation::ko-wiki-backfill-prime-ideal::정수환,ko,Korean addendum,ring of integers,정수환,Hangul with possible Hanja,fallback-source-body-term-attestation-not-row-draft,ko-wiki-backfill-prime-ideal 소 아이디얼 rev 41653113 count 4; native-source-bodies/ko/wiki-bodies/backfill-20260705/ko-wiki-backfill-prime-ideal_소_아이디얼_raw_wikitext_20260705.txt,Korean source-body term observation only; do not insert into Noether corpus prose without a row-level Korean queue and source-context check.,literal substring count over saved Korean wikitext; no morphological disambiguation; no source snippets copied,UTF-8 Hangul/Hanja fallback source term; keep outside TeX math; verify Korean font path before any generated draft use.,generated-draft/non-canonical/not native reviewed/not approved/not accepted terminology/not gate-promoted/not complete
cjklex-0033,ko-source-attestation::ko-wiki-backfill-primary-ideal::정수환,ko,Korean addendum,ring of integers,정수환,Hangul with possible Hanja,fallback-source-body-term-attestation-not-row-draft,ko-wiki-backfill-primary-ideal 으뜸 아이디얼 rev 39160791 count 4; native-source-bodies/ko/wiki-bodies/backfill-20260705/ko-wiki-backfill-primary-ideal_으뜸_아이디얼_raw_wikitext_20260705.txt,Korean source-body term observation only; do not insert into Noether corpus prose without a row-level Korean queue and source-context check.,literal substring count over saved Korean wikitext; no morphological disambiguation; no source snippets copied,UTF-8 Hangul/Hanja fallback source term; keep outside TeX math; verify Korean font path before any generated draft use.,generated-draft/non-canonical/not native reviewed/not approved/not accepted terminology/not gate-promoted/not complete
cjklex-0033,ko-source-attestation::ko-wiki-backfill-algebraic-number-field::정수환,ko,Korean addendum,ring of integers,정수환,Hangul with possible Hanja,fallback-source-body-term-attestation-not-row-draft,ko-wiki-backfill-algebraic-number-field 대수적 수체 rev 41743364 count 27; native-source-bodies/ko/wiki-bodies/backfill-20260705/ko-wiki-backfill-algebraic-number-field_대수적_수체_raw_wikitext_20260705.txt,Korean source-body term observation only; do not insert into Noether corpus prose without a row-level Korean queue and source-context check.,literal substring count over saved Korean wikitext; no morphological disambiguation; no source snippets copied,UTF-8 Hangul/Hanja fallback source term; keep outside TeX math; verify Korean font path before any generated draft use.,generated-draft/non-canonical/not native reviewed/not approved/not accepted terminology/not gate-promoted/not complete
cjklex-0033,ko-source-attestation::ko-wiki-backfill-heegner-number::정수환,ko,Korean addendum,ring of integers,정수환,Hangul with possible Hanja,fallback-source-body-term-attestation-not-row-draft,ko-wiki-backfill-heegner-number 헤그너 수 rev 39041736 count 1; native-source-bodies/ko/wiki-bodies/backfill-20260705/ko-wiki-backfill-heegner-number_헤그너_수_raw_wikitext_20260705.txt,Korean source-body term observation only; do not insert into Noether corpus prose without a row-level Korean queue and source-context check.,literal substring count over saved Korean wikitext; no morphological disambiguation; no source snippets copied,UTF-8 Hangul/Hanja fallback source term; keep outside TeX math; verify Korean font path before any generated draft use.,generated-draft/non-canonical/not native reviewed/not approved/not accepted terminology/not gate-promoted/not complete
cjklex-0034,term-ja-0023,ja,Japanese,decomposition of primes,素イデアル分解,Japanese kana+kanji,source-canon-sufficient-for-scoped-draft,ja-src-001 Matsumura commutative-ring TeX source | ja-pdf-002 Ando algebra lecture-note PDF set | ja-pdf-003 Nagai invariant-theory PDF witness | ja-pdf-004 Ryoya Ando commutative-algebra PDF witness | CJK-native source-support/codepoint ledgers,"Formula-neighboring note: preserve source TeX/math notation and do not upgrade the draft term beyond the cited source context. Use UTF-8 and a CJK-capable TeX/PDF path. Do not split the target term across inline math; check punctuation, CJK/Latin spacing, and line breaks around formulas.",素数の分解 when primes rather than prime ideals are foregrounded,"Use UTF-8 and a CJK-capable TeX/PDF path. Do not split the target term across inline math; check punctuation, CJK/Latin spacing, and line breaks around formulas.",generated-draft/non-canonical/not native reviewed/not approved/not accepted terminology/not gate-promoted/not complete
cjklex-0034,ko-source-attestation::ko-wiki-backfill-prime-ideal::아이디얼의 소인수 분해,ko,Korean addendum,decomposition of primes,아이디얼의 소인수 분해,Hangul with possible Hanja,fallback-source-body-term-attestation-not-row-draft,ko-wiki-backfill-prime-ideal 소 아이디얼 rev 41653113 count 1; native-source-bodies/ko/wiki-bodies/backfill-20260705/ko-wiki-backfill-prime-ideal_소_아이디얼_raw_wikitext_20260705.txt,Korean source-body term observation only; do not insert into Noether corpus prose without a row-level Korean queue and source-context check.,literal substring count over saved Korean wikitext; no morphological disambiguation; no source snippets copied,UTF-8 Hangul/Hanja fallback source term; keep outside TeX math; verify Korean font path before any generated draft use.,generated-draft/non-canonical/not native reviewed/not approved/not accepted terminology/not gate-promoted/not complete
cjklex-0035,term-ja-0024,ja,Japanese,class number,類数,Japanese kana+kanji,source-canon-sufficient-for-scoped-draft,ja-src-001 Matsumura commutative-ring TeX source | ja-pdf-002 Ando algebra lecture-note PDF set | ja-pdf-003 Nagai invariant-theory PDF witness | ja-pdf-004 Ryoya Ando commutative-algebra PDF witness | CJK-native source-support/codepoint ledgers,"Formula-neighboring note: preserve source TeX/math notation and do not upgrade the draft term beyond the cited source context. Use UTF-8 and a CJK-capable TeX/PDF path. Do not split the target term across inline math; check punctuation, CJK/Latin spacing, and line breaks around formulas.",,"Use UTF-8 and a CJK-capable TeX/PDF path. Do not split the target term across inline math; check punctuation, CJK/Latin spacing, and line breaks around formulas.",generated-draft/non-canonical/not native reviewed/not approved/not accepted terminology/not gate-promoted/not complete
cjklex-0035,ko-source-attestation::ko-wiki-backfill-prime-ideal::유수,ko,Korean addendum,class number,유수,Hangul with possible Hanja,fallback-source-body-term-attestation-not-row-draft,ko-wiki-backfill-prime-ideal 소 아이디얼 rev 41653113 count 2; native-source-bodies/ko/wiki-bodies/backfill-20260705/ko-wiki-backfill-prime-ideal_소_아이디얼_raw_wikitext_20260705.txt,Korean source-body term observation only; do not insert into Noether corpus prose without a row-level Korean queue and source-context check.,literal substring count over saved Korean wikitext; no morphological disambiguation; no source snippets copied,UTF-8 Hangul/Hanja fallback source term; keep outside TeX math; verify Korean font path before any generated draft use.,generated-draft/non-canonical/not native reviewed/not approved/not accepted terminology/not gate-promoted/not complete
cjklex-0035,ko-source-attestation::ko-wiki-backfill-algebraic-number-field::유수,ko,Korean addendum,class number,유수,Hangul with possible Hanja,fallback-source-body-term-attestation-not-row-draft,ko-wiki-backfill-algebraic-number-field 대수적 수체 rev 41743364 count 11; native-source-bodies/ko/wiki-bodies/backfill-20260705/ko-wiki-backfill-algebraic-number-field_대수적_수체_raw_wikitext_20260705.txt,Korean source-body term observation only; do not insert into Noether corpus prose without a row-level Korean queue and source-context check.,literal substring count over saved Korean wikitext; no morphological disambiguation; no source snippets copied,UTF-8 Hangul/Hanja fallback source term; keep outside TeX math; verify Korean font path before any generated draft use.,generated-draft/non-canonical/not native reviewed/not approved/not accepted terminology/not gate-promoted/not complete
cjklex-0035,ko-source-attestation::ko-wiki-backfill-heegner-number::유수,ko,Korean addendum,class number,유수,Hangul with possible Hanja,fallback-source-body-term-attestation-not-row-draft,ko-wiki-backfill-heegner-number 헤그너 수 rev 39041736 count 2; native-source-bodies/ko/wiki-bodies/backfill-20260705/ko-wiki-backfill-heegner-number_헤그너_수_raw_wikitext_20260705.txt,Korean source-body term observation only; do not insert into Noether corpus prose without a row-level Korean queue and source-context check.,literal substring count over saved Korean wikitext; no morphological disambiguation; no source snippets copied,UTF-8 Hangul/Hanja fallback source term; keep outside TeX math; verify Korean font path before any generated draft use.,generated-draft/non-canonical/not native reviewed/not approved/not accepted terminology/not gate-promoted/not complete
cjklex-0035,ko-source-attestation::ko-wiki-backfill-minkowski-theorem::유수,ko,Korean addendum,class number,유수,Hangul with possible Hanja,fallback-source-body-term-attestation-not-row-draft,ko-wiki-backfill-minkowski-theorem 민코프스키 정리 rev 41656984 count 2; native-source-bodies/ko/wiki-bodies/backfill-20260705/ko-wiki-backfill-minkowski-theorem_민코프스키_정리_raw_wikitext_20260705.txt,Korean source-body term observation only; do not insert into Noether corpus prose without a row-level Korean queue and source-context check.,literal substring count over saved Korean wikitext; no morphological disambiguation; no source snippets copied,UTF-8 Hangul/Hanja fallback source term; keep outside TeX math; verify Korean font path before any generated draft use.,generated-draft/non-canonical/not native reviewed/not approved/not accepted terminology/not gate-promoted/not complete
cjklex-0036,term-zh-hans-0011,zh-Hans,Simplified Chinese,right module,右模,Simplified Han,source-canon-sufficient-for-scoped-draft,zh-Hans-src-001 AlJabr-1 TeX source repository | zh-Hans-src-002 AlJabr-2 TeX source repository | CJK-native source-support/codepoint ledgers,"Use near formulas only with the exact source anchor already present in the row packet; keep TeX variables, ideals/modules/rings, and arrows/macros unchanged. Use UTF-8 and a CJK-capable TeX/PDF path. Do not split the target term across inline math; check punctuation, CJK/Latin spacing, and line breaks around formulas.",,"Use UTF-8 and a CJK-capable TeX/PDF path. Do not split the target term across inline math; check punctuation, CJK/Latin spacing, and line breaks around formulas.",generated-draft/non-canonical/not native reviewed/not approved/not accepted terminology/not gate-promoted/not complete
cjklex-0036,ko-source-attestation::ko-wiki-module::오른쪽 가군,ko,Korean addendum,right module,오른쪽 가군,Hangul with possible Hanja,fallback-source-body-term-attestation-not-row-draft,ko-wiki-module 가군 rev 41652760 count 6; native-source-bodies/ko/wiki-bodies/ko-wiki-module_가군_wikitext_20260705.txt,Korean source-body term observation only; do not insert into Noether corpus prose without a row-level Korean queue and source-context check.,literal substring count over saved Korean wikitext; no morphological disambiguation; no source snippets copied,UTF-8 Hangul/Hanja fallback source term; keep outside TeX math; verify Korean font path before any generated draft use.,generated-draft/non-canonical/not native reviewed/not approved/not accepted terminology/not gate-promoted/not complete
cjklex-0036,ko-source-attestation::ko-wiki-ideal::오른쪽 가군,ko,Korean addendum,right module,오른쪽 가군,Hangul with possible Hanja,fallback-source-body-term-attestation-not-row-draft,ko-wiki-ideal 아이디얼 rev 39160743 count 1; native-source-bodies/ko/wiki-bodies/ko-wiki-ideal_아이디얼_wikitext_20260705.txt,Korean source-body term observation only; do not insert into Noether corpus prose without a row-level Korean queue and source-context check.,literal substring count over saved Korean wikitext; no morphological disambiguation; no source snippets copied,UTF-8 Hangul/Hanja fallback source term; keep outside TeX math; verify Korean font path before any generated draft use.,generated-draft/non-canonical/not native reviewed/not approved/not accepted terminology/not gate-promoted/not complete
cjklex-0036,ko-source-attestation::ko-wiki-backfill-semisimple-ring::오른쪽 가군,ko,Korean addendum,right module,오른쪽 가군,Hangul with possible Hanja,fallback-source-body-term-attestation-not-row-draft,ko-wiki-backfill-semisimple-ring 반단순환 rev 39375212 count 3; native-source-bodies/ko/wiki-bodies/backfill-20260705/ko-wiki-backfill-semisimple-ring_반단순환_raw_wikitext_20260705.txt,Korean source-body term observation only; do not insert into Noether corpus prose without a row-level Korean queue and source-context check.,literal substring count over saved Korean wikitext; no morphological disambiguation; no source snippets copied,UTF-8 Hangul/Hanja fallback source term; keep outside TeX math; verify Korean font path before any generated draft use.,generated-draft/non-canonical/not native reviewed/not approved/not accepted terminology/not gate-promoted/not complete
cjklex-0036,ko-source-attestation::ko-wiki-backfill-noetherian-ring::오른쪽 가군,ko,Korean addendum,right module,오른쪽 가군,Hangul with possible Hanja,fallback-source-body-term-attestation-not-row-draft,ko-wiki-backfill-noetherian-ring 뇌터 환 rev 39051386 count 2; native-source-bodies/ko/wiki-bodies/backfill-20260705/ko-wiki-backfill-noetherian-ring_뇌터_환_raw_wikitext_20260705.txt,Korean source-body term observation only; do not insert into Noether corpus prose without a row-level Korean queue and source-context check.,literal substring count over saved Korean wikitext; no morphological disambiguation; no source snippets copied,UTF-8 Hangul/Hanja fallback source term; keep outside TeX math; verify Korean font path before any generated draft use.,generated-draft/non-canonical/not native reviewed/not approved/not accepted terminology/not gate-promoted/not complete
cjklex-0036,ko-source-attestation::ko-wiki-backfill-flat-module::오른쪽 가군,ko,Korean addendum,right module,오른쪽 가군,Hangul with possible Hanja,fallback-source-body-term-attestation-not-row-draft,ko-wiki-backfill-flat-module 평탄 가군 rev 39344899 count 7; native-source-bodies/ko/wiki-bodies/backfill-20260705/ko-wiki-backfill-flat-module_평탄_가군_raw_wikitext_20260705.txt,Korean source-body term observation only; do not insert into Noether corpus prose without a row-level Korean queue and source-context check.,literal substring count over saved Korean wikitext; no morphological disambiguation; no source snippets copied,UTF-8 Hangul/Hanja fallback source term; keep outside TeX math; verify Korean font path before any generated draft use.,generated-draft/non-canonical/not native reviewed/not approved/not accepted terminology/not gate-promoted/not complete
cjklex-0036,ko-source-attestation::ko-wiki-backfill-prime-ideal::오른쪽 가군,ko,Korean addendum,right module,오른쪽 가군,Hangul with possible Hanja,fallback-source-body-term-attestation-not-row-draft,ko-wiki-backfill-prime-ideal 소 아이디얼 rev 41653113 count 1; native-source-bodies/ko/wiki-bodies/backfill-20260705/ko-wiki-backfill-prime-ideal_소_아이디얼_raw_wikitext_20260705.txt,Korean source-body term observation only; do not insert into Noether corpus prose without a row-level Korean queue and source-context check.,literal substring count over saved Korean wikitext; no morphological disambiguation; no source snippets copied,UTF-8 Hangul/Hanja fallback source term; keep outside TeX math; verify Korean font path before any generated draft use.,generated-draft/non-canonical/not native reviewed/not approved/not accepted terminology/not gate-promoted/not complete
cjklex-0036,ko-source-attestation::ko-wiki-backfill-primary-ideal::오른쪽 가군,ko,Korean addendum,right module,오른쪽 가군,Hangul with possible Hanja,fallback-source-body-term-attestation-not-row-draft,ko-wiki-backfill-primary-ideal 으뜸 아이디얼 rev 39160791 count 1; native-source-bodies/ko/wiki-bodies/backfill-20260705/ko-wiki-backfill-primary-ideal_으뜸_아이디얼_raw_wikitext_20260705.txt,Korean source-body term observation only; do not insert into Noether corpus prose without a row-level Korean queue and source-context check.,literal substring count over saved Korean wikitext; no morphological disambiguation; no source snippets copied,UTF-8 Hangul/Hanja fallback source term; keep outside TeX math; verify Korean font path before any generated draft use.,generated-draft/non-canonical/not native reviewed/not approved/not accepted terminology/not gate-promoted/not complete
cjklex-0037,term-zh-hans-0015,zh-Hans,Simplified Chinese,module homomorphism,模同态,Simplified Han,source-canon-sufficient-for-scoped-draft,zh-Hans-src-001 AlJabr-1 TeX source repository | zh-Hans-src-002 AlJabr-2 TeX source repository | CJK-native source-support/codepoint ledgers,"Use near formulas only with the exact source anchor already present in the row packet; keep TeX variables, ideals/modules/rings, and arrows/macros unchanged. Use UTF-8 and a CJK-capable TeX/PDF path. Do not split the target term across inline math; check punctuation, CJK/Latin spacing, and line breaks around formulas.",,"Use UTF-8 and a CJK-capable TeX/PDF path. Do not split the target term across inline math; check punctuation, CJK/Latin spacing, and line breaks around formulas.",generated-draft/non-canonical/not native reviewed/not approved/not accepted terminology/not gate-promoted/not complete
cjklex-0037,ko-source-attestation::ko-wiki-backfill-homomorphism-theorem::가군 준동형,ko,Korean addendum,module homomorphism,가군 준동형,Hangul with possible Hanja,fallback-source-body-term-attestation-not-row-draft,ko-wiki-backfill-homomorphism-theorem 준동형 정리 rev 39209009 count 2; native-source-bodies/ko/wiki-bodies/backfill-20260705/ko-wiki-backfill-homomorphism-theorem_준동형_정리_raw_wikitext_20260705.txt,Korean source-body term observation only; do not insert into Noether corpus prose without a row-level Korean queue and source-context check.,literal substring count over saved Korean wikitext; no morphological disambiguation; no source snippets copied,UTF-8 Hangul/Hanja fallback source term; keep outside TeX math; verify Korean font path before any generated draft use.,generated-draft/non-canonical/not native reviewed/not approved/not accepted terminology/not gate-promoted/not complete
cjklex-0037,ko-source-attestation::ko-wiki-backfill-flat-module::가군 준동형,ko,Korean addendum,module homomorphism,가군 준동형,Hangul with possible Hanja,fallback-source-body-term-attestation-not-row-draft,ko-wiki-backfill-flat-module 평탄 가군 rev 39344899 count 5; native-source-bodies/ko/wiki-bodies/backfill-20260705/ko-wiki-backfill-flat-module_평탄_가군_raw_wikitext_20260705.txt,Korean source-body term observation only; do not insert into Noether corpus prose without a row-level Korean queue and source-context check.,literal substring count over saved Korean wikitext; no morphological disambiguation; no source snippets copied,UTF-8 Hangul/Hanja fallback source term; keep outside TeX math; verify Korean font path before any generated draft use.,generated-draft/non-canonical/not native reviewed/not approved/not accepted terminology/not gate-promoted/not complete
cjklex-0037,ko-source-attestation::ko-wiki-backfill-quiver-representation::가군 준동형,ko,Korean addendum,module homomorphism,가군 준동형,Hangul with possible Hanja,fallback-source-body-term-attestation-not-row-draft,ko-wiki-backfill-quiver-representation 화살집 표현 rev 39479528 count 6; native-source-bodies/ko/wiki-bodies/backfill-20260705/ko-wiki-backfill-quiver-representation_화살집_표현_raw_wikitext_20260705.txt,Korean source-body term observation only; do not insert into Noether corpus prose without a row-level Korean queue and source-context check.,literal substring count over saved Korean wikitext; no morphological disambiguation; no source snippets copied,UTF-8 Hangul/Hanja fallback source term; keep outside TeX math; verify Korean font path before any generated draft use.,generated-draft/non-canonical/not native reviewed/not approved/not accepted terminology/not gate-promoted/not complete
cjklex-0038,term-zh-hans-0026,zh-Hans,Simplified Chinese,group algebra,群代数,Simplified Han,source-canon-sufficient-for-scoped-draft,zh-Hans-src-001 AlJabr-1 TeX source repository | zh-Hans-src-002 AlJabr-2 TeX source repository | CJK-native source-support/codepoint ledgers,"Formula-neighboring note: preserve source TeX/math notation and do not upgrade the draft term beyond the cited source context. Use UTF-8 and a CJK-capable TeX/PDF path. Do not split the target term across inline math; check punctuation, CJK/Latin spacing, and line breaks around formulas.",group ring may require 群环,"Use UTF-8 and a CJK-capable TeX/PDF path. Do not split the target term across inline math; check punctuation, CJK/Latin spacing, and line breaks around formulas.",generated-draft/non-canonical/not native reviewed/not approved/not accepted terminology/not gate-promoted/not complete
cjklex-0038,ko-source-attestation::ko-wiki-backfill-hopf-algebra::군대수,ko,Korean addendum,group algebra,군대수,Hangul with possible Hanja,fallback-source-body-term-attestation-not-row-draft,ko-wiki-backfill-hopf-algebra 호프 대수 rev 41657185 count 1; native-source-bodies/ko/wiki-bodies/backfill-20260705/ko-wiki-backfill-hopf-algebra_호프_대수_raw_wikitext_20260705.txt,Korean source-body term observation only; do not insert into Noether corpus prose without a row-level Korean queue and source-context check.,literal substring count over saved Korean wikitext; no morphological disambiguation; no source snippets copied,UTF-8 Hangul/Hanja fallback source term; keep outside TeX math; verify Korean font path before any generated draft use.,generated-draft/non-canonical/not native reviewed/not approved/not accepted terminology/not gate-promoted/not complete
cjklex-0039,term-zh-hans-0001,zh-Hans,Simplified Chinese,ring,环,Simplified Han,source-canon-sufficient-for-scoped-draft,zh-Hans-src-001 AlJabr-1 TeX source repository | zh-Hans-src-002 AlJabr-2 TeX source repository | CJK-native source-support/codepoint ledgers,"Use near formulas only with the exact source anchor already present in the row packet; keep TeX variables, ideals/modules/rings, and arrows/macros unchanged. Use UTF-8 and a CJK-capable TeX/PDF path. Do not split the target term across inline math; check punctuation, CJK/Latin spacing, and line breaks around formulas.",,"Use UTF-8 and a CJK-capable TeX/PDF path. Do not split the target term across inline math; check punctuation, CJK/Latin spacing, and line breaks around formulas.",generated-draft/non-canonical/not native reviewed/not approved/not accepted terminology/not gate-promoted/not complete
cjklex-0039,ko-source-attestation::ko-wiki-abstract-algebra::환,ko,Korean addendum,ring,환,Hangul with possible Hanja,fallback-source-body-term-attestation-not-row-draft,ko-wiki-abstract-algebra 추상대수학 rev 41744985 count 16; native-source-bodies/ko/wiki-bodies/ko-wiki-abstract-algebra_추상대수학_wikitext_20260705.txt,Korean source-body term observation only; do not insert into Noether corpus prose without a row-level Korean queue and source-context check.,literal substring count over saved Korean wikitext; no morphological disambiguation; no source snippets copied,UTF-8 Hangul/Hanja fallback source term; keep outside TeX math; verify Korean font path before any generated draft use.,generated-draft/non-canonical/not native reviewed/not approved/not accepted terminology/not gate-promoted/not complete
cjklex-0039,ko-source-attestation::ko-wiki-algebra::환,ko,Korean addendum,ring,환,Hangul with possible Hanja,fallback-source-body-term-attestation-not-row-draft,ko-wiki-algebra 대수학 rev 41960238 count 30; native-source-bodies/ko/wiki-bodies/ko-wiki-algebra_대수학_wikitext_20260705.txt,Korean source-body term observation only; do not insert into Noether corpus prose without a row-level Korean queue and source-context check.,literal substring count over saved Korean wikitext; no morphological disambiguation; no source snippets copied,UTF-8 Hangul/Hanja fallback source term; keep outside TeX math; verify Korean font path before any generated draft use.,generated-draft/non-canonical/not native reviewed/not approved/not accepted terminology/not gate-promoted/not complete
cjklex-0039,ko-source-attestation::ko-wiki-ring-theory::환,ko,Korean addendum,ring,환,Hangul with possible Hanja,fallback-source-body-term-attestation-not-row-draft,ko-wiki-ring-theory 환론 rev 39056267 count 24; native-source-bodies/ko/wiki-bodies/ko-wiki-ring-theory_환론_wikitext_20260705.txt,Korean source-body term observation only; do not insert into Noether corpus prose without a row-level Korean queue and source-context check.,literal substring count over saved Korean wikitext; no morphological disambiguation; no source snippets copied,UTF-8 Hangul/Hanja fallback source term; keep outside TeX math; verify Korean font path before any generated draft use.,generated-draft/non-canonical/not native reviewed/not approved/not accepted terminology/not gate-promoted/not complete
cjklex-0039,ko-source-attestation::ko-wiki-module::환,ko,Korean addendum,ring,환,Hangul with possible Hanja,fallback-source-body-term-attestation-not-row-draft,ko-wiki-module 가군 rev 41652760 count 48; native-source-bodies/ko/wiki-bodies/ko-wiki-module_가군_wikitext_20260705.txt,Korean source-body term observation only; do not insert into Noether corpus prose without a row-level Korean queue and source-context check.,literal substring count over saved Korean wikitext; no morphological disambiguation; no source snippets copied,UTF-8 Hangul/Hanja fallback source term; keep outside TeX math; verify Korean font path before any generated draft use.,generated-draft/non-canonical/not native reviewed/not approved/not accepted terminology/not gate-promoted/not complete
cjklex-0039,ko-source-attestation::ko-wiki-galois-theory::환,ko,Korean addendum,ring,환,Hangul with possible Hanja,fallback-source-body-term-attestation-not-row-draft,ko-wiki-galois-theory 갈루아 이론 rev 41742964 count 3; native-source-bodies/ko/wiki-bodies/ko-wiki-galois-theory_갈루아_이론_wikitext_20260705.txt,Korean source-body term observation only; do not insert into Noether corpus prose without a row-level Korean queue and source-context check.,literal substring count over saved Korean wikitext; no morphological disambiguation; no source snippets copied,UTF-8 Hangul/Hanja fallback source term; keep outside TeX math; verify Korean font path before any generated draft use.,generated-draft/non-canonical/not native reviewed/not approved/not accepted terminology/not gate-promoted/not complete
cjklex-0039,ko-source-attestation::ko-wiki-group-theory::환,ko,Korean addendum,ring,환,Hangul with possible Hanja,fallback-source-body-term-attestation-not-row-draft,ko-wiki-group-theory 군론 rev 41776557 count 7; native-source-bodies/ko/wiki-bodies/ko-wiki-group-theory_군론_wikitext_20260705.txt,Korean source-body term observation only; do not insert into Noether corpus prose without a row-level Korean queue and source-context check.,literal substring count over saved Korean wikitext; no morphological disambiguation; no source snippets copied,UTF-8 Hangul/Hanja fallback source term; keep outside TeX math; verify Korean font path before any generated draft use.,generated-draft/non-canonical/not native reviewed/not approved/not accepted terminology/not gate-promoted/not complete
cjklex-0039,ko-source-attestation::ko-wiki-field::환,ko,Korean addendum,ring,환,Hangul with possible Hanja,fallback-source-body-term-attestation-not-row-draft,ko-wiki-field 체 (수학) rev 41649269 count 30; native-source-bodies/ko/wiki-bodies/ko-wiki-field_체_수학_wikitext_20260705.txt,Korean source-body term observation only; do not insert into Noether corpus prose without a row-level Korean queue and source-context check.,literal substring count over saved Korean wikitext; no morphological disambiguation; no source snippets copied,UTF-8 Hangul/Hanja fallback source term; keep outside TeX math; verify Korean font path before any generated draft use.,generated-draft/non-canonical/not native reviewed/not approved/not accepted terminology/not gate-promoted/not complete
cjklex-0039,ko-source-attestation::ko-wiki-ideal::환,ko,Korean addendum,ring,환,Hangul with possible Hanja,fallback-source-body-term-attestation-not-row-draft,ko-wiki-ideal 아이디얼 rev 39160743 count 29; native-source-bodies/ko/wiki-bodies/ko-wiki-ideal_아이디얼_wikitext_20260705.txt,Korean source-body term observation only; do not insert into Noether corpus prose without a row-level Korean queue and source-context check.,literal substring count over saved Korean wikitext; no morphological disambiguation; no source snippets copied,UTF-8 Hangul/Hanja fallback source term; keep outside TeX math; verify Korean font path before any generated draft use.,generated-draft/non-canonical/not native reviewed/not approved/not accepted terminology/not gate-promoted/not complete
cjklex-0039,ko-source-attestation::ko-wiki-commutative-algebra::환,ko,Korean addendum,ring,환,Hangul with possible Hanja,fallback-source-body-term-attestation-not-row-draft,ko-wiki-commutative-algebra 가환대수학 rev 41811027 count 47; native-source-bodies/ko/wiki-bodies/ko-wiki-commutative-algebra_가환대수학_wikitext_20260705.txt,Korean source-body term observation only; do not insert into Noether corpus prose without a row-level Korean queue and source-context check.,literal substring count over saved Korean wikitext; no morphological disambiguation; no source snippets copied,UTF-8 Hangul/Hanja fallback source term; keep outside TeX math; verify Korean font path before any generated draft use.,generated-draft/non-canonical/not native reviewed/not approved/not accepted terminology/not gate-promoted/not complete
cjklex-0039,ko-source-attestation::ko-wiki-linear-algebra::환,ko,Korean addendum,ring,환,Hangul with possible Hanja,fallback-source-body-term-attestation-not-row-draft,ko-wiki-linear-algebra 선형대수학 rev 41811221 count 89; native-source-bodies/ko/wiki-bodies/ko-wiki-linear-algebra_선형대수학_wikitext_20260705.txt,Korean source-body term observation only; do not insert into Noether corpus prose without a row-level Korean queue and source-context check.,literal substring count over saved Korean wikitext; no morphological disambiguation; no source snippets copied,UTF-8 Hangul/Hanja fallback source term; keep outside TeX math; verify Korean font path before any generated draft use.,generated-draft/non-canonical/not native reviewed/not approved/not accepted terminology/not gate-promoted/not complete
cjklex-0039,ko-source-attestation::ko-wiki-backfill-irreducible-representation::환,ko,Korean addendum,ring,환,Hangul with possible Hanja,fallback-source-body-term-attestation-not-row-draft,ko-wiki-backfill-irreducible-representation 기약표현 rev 41663389 count 6; native-source-bodies/ko/wiki-bodies/backfill-20260705/ko-wiki-backfill-irreducible-representation_기약표현_raw_wikitext_20260705.txt,Korean source-body term observation only; do not insert into Noether corpus prose without a row-level Korean queue and source-context check.,literal substring count over saved Korean wikitext; no morphological disambiguation; no source snippets copied,UTF-8 Hangul/Hanja fallback source term; keep outside TeX math; verify Korean font path before any generated draft use.,generated-draft/non-canonical/not native reviewed/not approved/not accepted terminology/not gate-promoted/not complete
cjklex-0039,ko-source-attestation::ko-wiki-backfill-semisimple-ring::환,ko,Korean addendum,ring,환,Hangul with possible Hanja,fallback-source-body-term-attestation-not-row-draft,ko-wiki-backfill-semisimple-ring 반단순환 rev 39375212 count 75; native-source-bodies/ko/wiki-bodies/backfill-20260705/ko-wiki-backfill-semisimple-ring_반단순환_raw_wikitext_20260705.txt,Korean source-body term observation only; do not insert into Noether corpus prose without a row-level Korean queue and source-context check.,literal substring count over saved Korean wikitext; no morphological disambiguation; no source snippets copied,UTF-8 Hangul/Hanja fallback source term; keep outside TeX math; verify Korean font path before any generated draft use.,generated-draft/non-canonical/not native reviewed/not approved/not accepted terminology/not gate-promoted/not complete
cjklex-0039,ko-source-attestation::ko-wiki-backfill-hopf-algebra::환,ko,Korean addendum,ring,환,Hangul with possible Hanja,fallback-source-body-term-attestation-not-row-draft,ko-wiki-backfill-hopf-algebra 호프 대수 rev 41657185 count 12; native-source-bodies/ko/wiki-bodies/backfill-20260705/ko-wiki-backfill-hopf-algebra_호프_대수_raw_wikitext_20260705.txt,Korean source-body term observation only; do not insert into Noether corpus prose without a row-level Korean queue and source-context check.,literal substring count over saved Korean wikitext; no morphological disambiguation; no source snippets copied,UTF-8 Hangul/Hanja fallback source term; keep outside TeX math; verify Korean font path before any generated draft use.,generated-draft/non-canonical/not native reviewed/not approved/not accepted terminology/not gate-promoted/not complete
cjklex-0039,ko-source-attestation::ko-wiki-backfill-decomposition-algebra::환,ko,Korean addendum,ring,환,Hangul with possible Hanja,fallback-source-body-term-attestation-not-row-draft,ko-wiki-backfill-decomposition-algebra 분해 (대수학) rev 39792326 count 26; native-source-bodies/ko/wiki-bodies/backfill-20260705/ko-wiki-backfill-decomposition-algebra_분해_대수학_raw_wikitext_20260705.txt,Korean source-body term observation only; do not insert into Noether corpus prose without a row-level Korean queue and source-context check.,literal substring count over saved Korean wikitext; no morphological disambiguation; no source snippets copied,UTF-8 Hangul/Hanja fallback source term; keep outside TeX math; verify Korean font path before any generated draft use.,generated-draft/non-canonical/not native reviewed/not approved/not accepted terminology/not gate-promoted/not complete
cjklex-0039,ko-source-attestation::ko-wiki-backfill-su2-representation::환,ko,Korean addendum,ring,환,Hangul with possible Hanja,fallback-source-body-term-attestation-not-row-draft,ko-wiki-backfill-su2-representation SU(2)의 표현론 rev 39766810 count 6; native-source-bodies/ko/wiki-bodies/backfill-20260705/ko-wiki-backfill-su2-representation_SU_2_의_표현론_raw_wikitext_20260705.txt,Korean source-body term observation only; do not insert into Noether corpus prose without a row-level Korean queue and source-context check.,literal substring count over saved Korean wikitext; no morphological disambiguation; no source snippets copied,UTF-8 Hangul/Hanja fallback source term; keep outside TeX math; verify Korean font path before any generated draft use.,generated-draft/non-canonical/not native reviewed/not approved/not accepted terminology/not gate-promoted/not complete
cjklex-0039,ko-source-attestation::ko-wiki-backfill-noetherian-ring::환,ko,Korean addendum,ring,환,Hangul with possible Hanja,fallback-source-body-term-attestation-not-row-draft,ko-wiki-backfill-noetherian-ring 뇌터 환 rev 39051386 count 166; native-source-bodies/ko/wiki-bodies/backfill-20260705/ko-wiki-backfill-noetherian-ring_뇌터_환_raw_wikitext_20260705.txt,Korean source-body term observation only; do not insert into Noether corpus prose without a row-level Korean queue and source-context check.,literal substring count over saved Korean wikitext; no morphological disambiguation; no source snippets copied,UTF-8 Hangul/Hanja fallback source term; keep outside TeX math; verify Korean font path before any generated draft use.,generated-draft/non-canonical/not native reviewed/not approved/not accepted terminology/not gate-promoted/not complete
cjklex-0039,ko-source-attestation::ko-wiki-backfill-localization::환,ko,Korean addendum,ring,환,Hangul with possible Hanja,fallback-source-body-term-attestation-not-row-draft,ko-wiki-backfill-localization 국소화 (환론) rev 41904060 count 126; native-source-bodies/ko/wiki-bodies/backfill-20260705/ko-wiki-backfill-localization_국소화_환론_raw_wikitext_20260705.txt,Korean source-body term observation only; do not insert into Noether corpus prose without a row-level Korean queue and source-context check.,literal substring count over saved Korean wikitext; no morphological disambiguation; no source snippets copied,UTF-8 Hangul/Hanja fallback source term; keep outside TeX math; verify Korean font path before any generated draft use.,generated-draft/non-canonical/not native reviewed/not approved/not accepted terminology/not gate-promoted/not complete
cjklex-0039,ko-source-attestation::ko-wiki-backfill-hilbert-basis::환,ko,Korean addendum,ring,환,Hangul with possible Hanja,fallback-source-body-term-attestation-not-row-draft,ko-wiki-backfill-hilbert-basis 힐베르트 기저 정리 rev 39344425 count 16; native-source-bodies/ko/wiki-bodies/backfill-20260705/ko-wiki-backfill-hilbert-basis_힐베르트_기저_정리_raw_wikitext_20260705.txt,Korean source-body term observation only; do not insert into Noether corpus prose without a row-level Korean queue and source-context check.,literal substring count over saved Korean wikitext; no morphological disambiguation; no source snippets copied,UTF-8 Hangul/Hanja fallback source term; keep outside TeX math; verify Korean font path before any generated draft use.,generated-draft/non-canonical/not native reviewed/not approved/not accepted terminology/not gate-promoted/not complete
cjklex-0039,ko-source-attestation::ko-wiki-backfill-weierstrass-preparation::환,ko,Korean addendum,ring,환,Hangul with possible Hanja,fallback-source-body-term-attestation-not-row-draft,ko-wiki-backfill-weierstrass-preparation 바이어스트라스 준비 정리 rev 39731383 count 20; native-source-bodies/ko/wiki-bodies/backfill-20260705/ko-wiki-backfill-weierstrass-preparation_바이어스트라스_준비_정리_raw_wikitext_20260705.txt,Korean source-body term observation only; do not insert into Noether corpus prose without a row-level Korean queue and source-context check.,literal substring count over saved Korean wikitext; no morphological disambiguation; no source snippets copied,UTF-8 Hangul/Hanja fallback source term; keep outside TeX math; verify Korean font path before any generated draft use.,generated-draft/non-canonical/not native reviewed/not approved/not accepted terminology/not gate-promoted/not complete
cjklex-0039,ko-source-attestation::ko-wiki-backfill-galois-cohomology::환,ko,Korean addendum,ring,환,Hangul with possible Hanja,fallback-source-body-term-attestation-not-row-draft,ko-wiki-backfill-galois-cohomology 갈루아 코호몰로지 rev 39593007 count 4; native-source-bodies/ko/wiki-bodies/backfill-20260705/ko-wiki-backfill-galois-cohomology_갈루아_코호몰로지_raw_wikitext_20260705.txt,Korean source-body term observation only; do not insert into Noether corpus prose without a row-level Korean queue and source-context check.,literal substring count over saved Korean wikitext; no morphological disambiguation; no source snippets copied,UTF-8 Hangul/Hanja fallback source term; keep outside TeX math; verify Korean font path before any generated draft use.,generated-draft/non-canonical/not native reviewed/not approved/not accepted terminology/not gate-promoted/not complete
cjklex-0039,ko-source-attestation::ko-wiki-backfill-homomorphism-theorem::환,ko,Korean addendum,ring,환,Hangul with possible Hanja,fallback-source-body-term-attestation-not-row-draft,ko-wiki-backfill-homomorphism-theorem 준동형 정리 rev 39209009 count 5; native-source-bodies/ko/wiki-bodies/backfill-20260705/ko-wiki-backfill-homomorphism-theorem_준동형_정리_raw_wikitext_20260705.txt,Korean source-body term observation only; do not insert into Noether corpus prose without a row-level Korean queue and source-context check.,literal substring count over saved Korean wikitext; no morphological disambiguation; no source snippets copied,UTF-8 Hangul/Hanja fallback source term; keep outside TeX math; verify Korean font path before any generated draft use.,generated-draft/non-canonical/not native reviewed/not approved/not accepted terminology/not gate-promoted/not complete
cjklex-0039,ko-source-attestation::ko-wiki-backfill-flat-module::환,ko,Korean addendum,ring,환,Hangul with possible Hanja,fallback-source-body-term-attestation-not-row-draft,ko-wiki-backfill-flat-module 평탄 가군 rev 39344899 count 27; native-source-bodies/ko/wiki-bodies/backfill-20260705/ko-wiki-backfill-flat-module_평탄_가군_raw_wikitext_20260705.txt,Korean source-body term observation only; do not insert into Noether corpus prose without a row-level Korean queue and source-context check.,literal substring count over saved Korean wikitext; no morphological disambiguation; no source snippets copied,UTF-8 Hangul/Hanja fallback source term; keep outside TeX math; verify Korean font path before any generated draft use.,generated-draft/non-canonical/not native reviewed/not approved/not accepted terminology/not gate-promoted/not complete
cjklex-0039,ko-source-attestation::ko-wiki-backfill-quiver-representation::환,ko,Korean addendum,ring,환,Hangul with possible Hanja,fallback-source-body-term-attestation-not-row-draft,ko-wiki-backfill-quiver-representation 화살집 표현 rev 39479528 count 14; native-source-bodies/ko/wiki-bodies/backfill-20260705/ko-wiki-backfill-quiver-representation_화살집_표현_raw_wikitext_20260705.txt,Korean source-body term observation only; do not insert into Noether corpus prose without a row-level Korean queue and source-context check.,literal substring count over saved Korean wikitext; no morphological disambiguation; no source snippets copied,UTF-8 Hangul/Hanja fallback source term; keep outside TeX math; verify Korean font path before any generated draft use.,generated-draft/non-canonical/not native reviewed/not approved/not accepted terminology/not gate-promoted/not complete
cjklex-0039,ko-source-attestation::ko-wiki-backfill-complex-multiplication::환,ko,Korean addendum,ring,환,Hangul with possible Hanja,fallback-source-body-term-attestation-not-row-draft,ko-wiki-backfill-complex-multiplication 복소 곱셈 rev 39316675 count 14; native-source-bodies/ko/wiki-bodies/backfill-20260705/ko-wiki-backfill-complex-multiplication_복소_곱셈_raw_wikitext_20260705.txt,Korean source-body term observation only; do not insert into Noether corpus prose without a row-level Korean queue and source-context check.,literal substring count over saved Korean wikitext; no morphological disambiguation; no source snippets copied,UTF-8 Hangul/Hanja fallback source term; keep outside TeX math; verify Korean font path before any generated draft use.,generated-draft/non-canonical/not native reviewed/not approved/not accepted terminology/not gate-promoted/not complete
cjklex-0039,ko-source-attestation::ko-wiki-backfill-prime-ideal::환,ko,Korean addendum,ring,환,Hangul with possible Hanja,fallback-source-body-term-attestation-not-row-draft,ko-wiki-backfill-prime-ideal 소 아이디얼 rev 41653113 count 107; native-source-bodies/ko/wiki-bodies/backfill-20260705/ko-wiki-backfill-prime-ideal_소_아이디얼_raw_wikitext_20260705.txt,Korean source-body term observation only; do not insert into Noether corpus prose without a row-level Korean queue and source-context check.,literal substring count over saved Korean wikitext; no morphological disambiguation; no source snippets copied,UTF-8 Hangul/Hanja fallback source term; keep outside TeX math; verify Korean font path before any generated draft use.,generated-draft/non-canonical/not native reviewed/not approved/not accepted terminology/not gate-promoted/not complete
cjklex-0039,ko-source-attestation::ko-wiki-backfill-primary-ideal::환,ko,Korean addendum,ring,환,Hangul with possible Hanja,fallback-source-body-term-attestation-not-row-draft,ko-wiki-backfill-primary-ideal 으뜸 아이디얼 rev 39160791 count 52; native-source-bodies/ko/wiki-bodies/backfill-20260705/ko-wiki-backfill-primary-ideal_으뜸_아이디얼_raw_wikitext_20260705.txt,Korean source-body term observation only; do not insert into Noether corpus prose without a row-level Korean queue and source-context check.,literal substring count over saved Korean wikitext; no morphological disambiguation; no source snippets copied,UTF-8 Hangul/Hanja fallback source term; keep outside TeX math; verify Korean font path before any generated draft use.,generated-draft/non-canonical/not native reviewed/not approved/not accepted terminology/not gate-promoted/not complete
cjklex-0039,ko-source-attestation::ko-wiki-backfill-algebraic-number-field::환,ko,Korean addendum,ring,환,Hangul with possible Hanja,fallback-source-body-term-attestation-not-row-draft,ko-wiki-backfill-algebraic-number-field 대수적 수체 rev 41743364 count 38; native-source-bodies/ko/wiki-bodies/backfill-20260705/ko-wiki-backfill-algebraic-number-field_대수적_수체_raw_wikitext_20260705.txt,Korean source-body term observation only; do not insert into Noether corpus prose without a row-level Korean queue and source-context check.,literal substring count over saved Korean wikitext; no morphological disambiguation; no source snippets copied,UTF-8 Hangul/Hanja fallback source term; keep outside TeX math; verify Korean font path before any generated draft use.,generated-draft/non-canonical/not native reviewed/not approved/not accepted terminology/not gate-promoted/not complete
cjklex-0039,ko-source-attestation::ko-wiki-backfill-heegner-number::환,ko,Korean addendum,ring,환,Hangul with possible Hanja,fallback-source-body-term-attestation-not-row-draft,ko-wiki-backfill-heegner-number 헤그너 수 rev 39041736 count 1; native-source-bodies/ko/wiki-bodies/backfill-20260705/ko-wiki-backfill-heegner-number_헤그너_수_raw_wikitext_20260705.txt,Korean source-body term observation only; do not insert into Noether corpus prose without a row-level Korean queue and source-context check.,literal substring count over saved Korean wikitext; no morphological disambiguation; no source snippets copied,UTF-8 Hangul/Hanja fallback source term; keep outside TeX math; verify Korean font path before any generated draft use.,generated-draft/non-canonical/not native reviewed/not approved/not accepted terminology/not gate-promoted/not complete
cjklex-0039,ko-source-attestation::ko-wiki-abstract-algebra::환론,ko,Korean addendum,ring,환론,Hangul with possible Hanja,fallback-source-body-term-attestation-not-row-draft,ko-wiki-abstract-algebra 추상대수학 rev 41744985 count 1; native-source-bodies/ko/wiki-bodies/ko-wiki-abstract-algebra_추상대수학_wikitext_20260705.txt,Korean source-body term observation only; do not insert into Noether corpus prose without a row-level Korean queue and source-context check.,literal substring count over saved Korean wikitext; no morphological disambiguation; no source snippets copied,UTF-8 Hangul/Hanja fallback source term; keep outside TeX math; verify Korean font path before any generated draft use.,generated-draft/non-canonical/not native reviewed/not approved/not accepted terminology/not gate-promoted/not complete
cjklex-0039,ko-source-attestation::ko-wiki-ring-theory::환론,ko,Korean addendum,ring,환론,Hangul with possible Hanja,fallback-source-body-term-attestation-not-row-draft,ko-wiki-ring-theory 환론 rev 39056267 count 3; native-source-bodies/ko/wiki-bodies/ko-wiki-ring-theory_환론_wikitext_20260705.txt,Korean source-body term observation only; do not insert into Noether corpus prose without a row-level Korean queue and source-context check.,literal substring count over saved Korean wikitext; no morphological disambiguation; no source snippets copied,UTF-8 Hangul/Hanja fallback source term; keep outside TeX math; verify Korean font path before any generated draft use.,generated-draft/non-canonical/not native reviewed/not approved/not accepted terminology/not gate-promoted/not complete
cjklex-0039,ko-source-attestation::ko-wiki-module::환론,ko,Korean addendum,ring,환론,Hangul with possible Hanja,fallback-source-body-term-attestation-not-row-draft,ko-wiki-module 가군 rev 41652760 count 2; native-source-bodies/ko/wiki-bodies/ko-wiki-module_가군_wikitext_20260705.txt,Korean source-body term observation only; do not insert into Noether corpus prose without a row-level Korean queue and source-context check.,literal substring count over saved Korean wikitext; no morphological disambiguation; no source snippets copied,UTF-8 Hangul/Hanja fallback source term; keep outside TeX math; verify Korean font path before any generated draft use.,generated-draft/non-canonical/not native reviewed/not approved/not accepted terminology/not gate-promoted/not complete
cjklex-0039,ko-source-attestation::ko-wiki-group-theory::환론,ko,Korean addendum,ring,환론,Hangul with possible Hanja,fallback-source-body-term-attestation-not-row-draft,ko-wiki-group-theory 군론 rev 41776557 count 1; native-source-bodies/ko/wiki-bodies/ko-wiki-group-theory_군론_wikitext_20260705.txt,Korean source-body term observation only; do not insert into Noether corpus prose without a row-level Korean queue and source-context check.,literal substring count over saved Korean wikitext; no morphological disambiguation; no source snippets copied,UTF-8 Hangul/Hanja fallback source term; keep outside TeX math; verify Korean font path before any generated draft use.,generated-draft/non-canonical/not native reviewed/not approved/not accepted terminology/not gate-promoted/not complete
cjklex-0039,ko-source-attestation::ko-wiki-field::환론,ko,Korean addendum,ring,환론,Hangul with possible Hanja,fallback-source-body-term-attestation-not-row-draft,ko-wiki-field 체 (수학) rev 41649269 count 1; native-source-bodies/ko/wiki-bodies/ko-wiki-field_체_수학_wikitext_20260705.txt,Korean source-body term observation only; do not insert into Noether corpus prose without a row-level Korean queue and source-context check.,literal substring count over saved Korean wikitext; no morphological disambiguation; no source snippets copied,UTF-8 Hangul/Hanja fallback source term; keep outside TeX math; verify Korean font path before any generated draft use.,generated-draft/non-canonical/not native reviewed/not approved/not accepted terminology/not gate-promoted/not complete
cjklex-0039,ko-source-attestation::ko-wiki-ideal::환론,ko,Korean addendum,ring,환론,Hangul with possible Hanja,fallback-source-body-term-attestation-not-row-draft,ko-wiki-ideal 아이디얼 rev 39160743 count 1; native-source-bodies/ko/wiki-bodies/ko-wiki-ideal_아이디얼_wikitext_20260705.txt,Korean source-body term observation only; do not insert into Noether corpus prose without a row-level Korean queue and source-context check.,literal substring count over saved Korean wikitext; no morphological disambiguation; no source snippets copied,UTF-8 Hangul/Hanja fallback source term; keep outside TeX math; verify Korean font path before any generated draft use.,generated-draft/non-canonical/not native reviewed/not approved/not accepted terminology/not gate-promoted/not complete
cjklex-0039,ko-source-attestation::ko-wiki-commutative-algebra::환론,ko,Korean addendum,ring,환론,Hangul with possible Hanja,fallback-source-body-term-attestation-not-row-draft,ko-wiki-commutative-algebra 가환대수학 rev 41811027 count 5; native-source-bodies/ko/wiki-bodies/ko-wiki-commutative-algebra_가환대수학_wikitext_20260705.txt,Korean source-body term observation only; do not insert into Noether corpus prose without a row-level Korean queue and source-context check.,literal substring count over saved Korean wikitext; no morphological disambiguation; no source snippets copied,UTF-8 Hangul/Hanja fallback source term; keep outside TeX math; verify Korean font path before any generated draft use.,generated-draft/non-canonical/not native reviewed/not approved/not accepted terminology/not gate-promoted/not complete
cjklex-0039,ko-source-attestation::ko-wiki-linear-algebra::환론,ko,Korean addendum,ring,환론,Hangul with possible Hanja,fallback-source-body-term-attestation-not-row-draft,ko-wiki-linear-algebra 선형대수학 rev 41811221 count 2; native-source-bodies/ko/wiki-bodies/ko-wiki-linear-algebra_선형대수학_wikitext_20260705.txt,Korean source-body term observation only; do not insert into Noether corpus prose without a row-level Korean queue and source-context check.,literal substring count over saved Korean wikitext; no morphological disambiguation; no source snippets copied,UTF-8 Hangul/Hanja fallback source term; keep outside TeX math; verify Korean font path before any generated draft use.,generated-draft/non-canonical/not native reviewed/not approved/not accepted terminology/not gate-promoted/not complete
cjklex-0039,ko-source-attestation::ko-wiki-backfill-semisimple-ring::환론,ko,Korean addendum,ring,환론,Hangul with possible Hanja,fallback-source-body-term-attestation-not-row-draft,ko-wiki-backfill-semisimple-ring 반단순환 rev 39375212 count 5; native-source-bodies/ko/wiki-bodies/backfill-20260705/ko-wiki-backfill-semisimple-ring_반단순환_raw_wikitext_20260705.txt,Korean source-body term observation only; do not insert into Noether corpus prose without a row-level Korean queue and source-context check.,literal substring count over saved Korean wikitext; no morphological disambiguation; no source snippets copied,UTF-8 Hangul/Hanja fallback source term; keep outside TeX math; verify Korean font path before any generated draft use.,generated-draft/non-canonical/not native reviewed/not approved/not accepted terminology/not gate-promoted/not complete
cjklex-0039,ko-source-attestation::ko-wiki-backfill-hopf-algebra::환론,ko,Korean addendum,ring,환론,Hangul with possible Hanja,fallback-source-body-term-attestation-not-row-draft,ko-wiki-backfill-hopf-algebra 호프 대수 rev 41657185 count 1; native-source-bodies/ko/wiki-bodies/backfill-20260705/ko-wiki-backfill-hopf-algebra_호프_대수_raw_wikitext_20260705.txt,Korean source-body term observation only; do not insert into Noether corpus prose without a row-level Korean queue and source-context check.,literal substring count over saved Korean wikitext; no morphological disambiguation; no source snippets copied,UTF-8 Hangul/Hanja fallback source term; keep outside TeX math; verify Korean font path before any generated draft use.,generated-draft/non-canonical/not native reviewed/not approved/not accepted terminology/not gate-promoted/not complete
cjklex-0039,ko-source-attestation::ko-wiki-backfill-noetherian-ring::환론,ko,Korean addendum,ring,환론,Hangul with possible Hanja,fallback-source-body-term-attestation-not-row-draft,ko-wiki-backfill-noetherian-ring 뇌터 환 rev 39051386 count 4; native-source-bodies/ko/wiki-bodies/backfill-20260705/ko-wiki-backfill-noetherian-ring_뇌터_환_raw_wikitext_20260705.txt,Korean source-body term observation only; do not insert into Noether corpus prose without a row-level Korean queue and source-context check.,literal substring count over saved Korean wikitext; no morphological disambiguation; no source snippets copied,UTF-8 Hangul/Hanja fallback source term; keep outside TeX math; verify Korean font path before any generated draft use.,generated-draft/non-canonical/not native reviewed/not approved/not accepted terminology/not gate-promoted/not complete
cjklex-0039,ko-source-attestation::ko-wiki-backfill-localization::환론,ko,Korean addendum,ring,환론,Hangul with possible Hanja,fallback-source-body-term-attestation-not-row-draft,ko-wiki-backfill-localization 국소화 (환론) rev 41904060 count 3; native-source-bodies/ko/wiki-bodies/backfill-20260705/ko-wiki-backfill-localization_국소화_환론_raw_wikitext_20260705.txt,Korean source-body term observation only; do not insert into Noether corpus prose without a row-level Korean queue and source-context check.,literal substring count over saved Korean wikitext; no morphological disambiguation; no source snippets copied,UTF-8 Hangul/Hanja fallback source term; keep outside TeX math; verify Korean font path before any generated draft use.,generated-draft/non-canonical/not native reviewed/not approved/not accepted terminology/not gate-promoted/not complete
cjklex-0039,ko-source-attestation::ko-wiki-backfill-weierstrass-preparation::환론,ko,Korean addendum,ring,환론,Hangul with possible Hanja,fallback-source-body-term-attestation-not-row-draft,ko-wiki-backfill-weierstrass-preparation 바이어스트라스 준비 정리 rev 39731383 count 1; native-source-bodies/ko/wiki-bodies/backfill-20260705/ko-wiki-backfill-weierstrass-preparation_바이어스트라스_준비_정리_raw_wikitext_20260705.txt,Korean source-body term observation only; do not insert into Noether corpus prose without a row-level Korean queue and source-context check.,literal substring count over saved Korean wikitext; no morphological disambiguation; no source snippets copied,UTF-8 Hangul/Hanja fallback source term; keep outside TeX math; verify Korean font path before any generated draft use.,generated-draft/non-canonical/not native reviewed/not approved/not accepted terminology/not gate-promoted/not complete
cjklex-0039,ko-source-attestation::ko-wiki-backfill-flat-module::환론,ko,Korean addendum,ring,환론,Hangul with possible Hanja,fallback-source-body-term-attestation-not-row-draft,ko-wiki-backfill-flat-module 평탄 가군 rev 39344899 count 3; native-source-bodies/ko/wiki-bodies/backfill-20260705/ko-wiki-backfill-flat-module_평탄_가군_raw_wikitext_20260705.txt,Korean source-body term observation only; do not insert into Noether corpus prose without a row-level Korean queue and source-context check.,literal substring count over saved Korean wikitext; no morphological disambiguation; no source snippets copied,UTF-8 Hangul/Hanja fallback source term; keep outside TeX math; verify Korean font path before any generated draft use.,generated-draft/non-canonical/not native reviewed/not approved/not accepted terminology/not gate-promoted/not complete
cjklex-0039,ko-source-attestation::ko-wiki-backfill-quiver-representation::환론,ko,Korean addendum,ring,환론,Hangul with possible Hanja,fallback-source-body-term-attestation-not-row-draft,ko-wiki-backfill-quiver-representation 화살집 표현 rev 39479528 count 3; native-source-bodies/ko/wiki-bodies/backfill-20260705/ko-wiki-backfill-quiver-representation_화살집_표현_raw_wikitext_20260705.txt,Korean source-body term observation only; do not insert into Noether corpus prose without a row-level Korean queue and source-context check.,literal substring count over saved Korean wikitext; no morphological disambiguation; no source snippets copied,UTF-8 Hangul/Hanja fallback source term; keep outside TeX math; verify Korean font path before any generated draft use.,generated-draft/non-canonical/not native reviewed/not approved/not accepted terminology/not gate-promoted/not complete
cjklex-0039,ko-source-attestation::ko-wiki-backfill-complex-multiplication::환론,ko,Korean addendum,ring,환론,Hangul with possible Hanja,fallback-source-body-term-attestation-not-row-draft,ko-wiki-backfill-complex-multiplication 복소 곱셈 rev 39316675 count 2; native-source-bodies/ko/wiki-bodies/backfill-20260705/ko-wiki-backfill-complex-multiplication_복소_곱셈_raw_wikitext_20260705.txt,Korean source-body term observation only; do not insert into Noether corpus prose without a row-level Korean queue and source-context check.,literal substring count over saved Korean wikitext; no morphological disambiguation; no source snippets copied,UTF-8 Hangul/Hanja fallback source term; keep outside TeX math; verify Korean font path before any generated draft use.,generated-draft/non-canonical/not native reviewed/not approved/not accepted terminology/not gate-promoted/not complete
cjklex-0039,ko-source-attestation::ko-wiki-backfill-prime-ideal::환론,ko,Korean addendum,ring,환론,Hangul with possible Hanja,fallback-source-body-term-attestation-not-row-draft,ko-wiki-backfill-prime-ideal 소 아이디얼 rev 41653113 count 9; native-source-bodies/ko/wiki-bodies/backfill-20260705/ko-wiki-backfill-prime-ideal_소_아이디얼_raw_wikitext_20260705.txt,Korean source-body term observation only; do not insert into Noether corpus prose without a row-level Korean queue and source-context check.,literal substring count over saved Korean wikitext; no morphological disambiguation; no source snippets copied,UTF-8 Hangul/Hanja fallback source term; keep outside TeX math; verify Korean font path before any generated draft use.,generated-draft/non-canonical/not native reviewed/not approved/not accepted terminology/not gate-promoted/not complete
cjklex-0039,ko-source-attestation::ko-wiki-backfill-primary-ideal::환론,ko,Korean addendum,ring,환론,Hangul with possible Hanja,fallback-source-body-term-attestation-not-row-draft,ko-wiki-backfill-primary-ideal 으뜸 아이디얼 rev 39160791 count 1; native-source-bodies/ko/wiki-bodies/backfill-20260705/ko-wiki-backfill-primary-ideal_으뜸_아이디얼_raw_wikitext_20260705.txt,Korean source-body term observation only; do not insert into Noether corpus prose without a row-level Korean queue and source-context check.,literal substring count over saved Korean wikitext; no morphological disambiguation; no source snippets copied,UTF-8 Hangul/Hanja fallback source term; keep outside TeX math; verify Korean font path before any generated draft use.,generated-draft/non-canonical/not native reviewed/not approved/not accepted terminology/not gate-promoted/not complete
cjklex-0039,ko-source-attestation::ko-wiki-abstract-algebra::환,ko,Korean addendum,ring,환,Hangul with possible Hanja,fallback-source-body-term-attestation-not-row-draft,ko-wiki-abstract-algebra 추상대수학 rev 41744985 count 16; native-source-bodies/ko/wiki-bodies/ko-wiki-abstract-algebra_추상대수학_wikitext_20260705.txt,Korean source-body term observation only; do not insert into Noether corpus prose without a row-level Korean queue and source-context check.,literal substring count over saved Korean wikitext; no morphological disambiguation; no source snippets copied,UTF-8 Hangul/Hanja fallback source term; keep outside TeX math; verify Korean font path before any generated draft use.,generated-draft/non-canonical/not native reviewed/not approved/not accepted terminology/not gate-promoted/not complete
cjklex-0039,ko-source-attestation::ko-wiki-algebra::환,ko,Korean addendum,ring,환,Hangul with possible Hanja,fallback-source-body-term-attestation-not-row-draft,ko-wiki-algebra 대수학 rev 41960238 count 30; native-source-bodies/ko/wiki-bodies/ko-wiki-algebra_대수학_wikitext_20260705.txt,Korean source-body term observation only; do not insert into Noether corpus prose without a row-level Korean queue and source-context check.,literal substring count over saved Korean wikitext; no morphological disambiguation; no source snippets copied,UTF-8 Hangul/Hanja fallback source term; keep outside TeX math; verify Korean font path before any generated draft use.,generated-draft/non-canonical/not native reviewed/not approved/not accepted terminology/not gate-promoted/not complete
cjklex-0039,ko-source-attestation::ko-wiki-ring-theory::환,ko,Korean addendum,ring,환,Hangul with possible Hanja,fallback-source-body-term-attestation-not-row-draft,ko-wiki-ring-theory 환론 rev 39056267 count 24; native-source-bodies/ko/wiki-bodies/ko-wiki-ring-theory_환론_wikitext_20260705.txt,Korean source-body term observation only; do not insert into Noether corpus prose without a row-level Korean queue and source-context check.,literal substring count over saved Korean wikitext; no morphological disambiguation; no source snippets copied,UTF-8 Hangul/Hanja fallback source term; keep outside TeX math; verify Korean font path before any generated draft use.,generated-draft/non-canonical/not native reviewed/not approved/not accepted terminology/not gate-promoted/not complete
cjklex-0039,ko-source-attestation::ko-wiki-module::환,ko,Korean addendum,ring,환,Hangul with possible Hanja,fallback-source-body-term-attestation-not-row-draft,ko-wiki-module 가군 rev 41652760 count 48; native-source-bodies/ko/wiki-bodies/ko-wiki-module_가군_wikitext_20260705.txt,Korean source-body term observation only; do not insert into Noether corpus prose without a row-level Korean queue and source-context check.,literal substring count over saved Korean wikitext; no morphological disambiguation; no source snippets copied,UTF-8 Hangul/Hanja fallback source term; keep outside TeX math; verify Korean font path before any generated draft use.,generated-draft/non-canonical/not native reviewed/not approved/not accepted terminology/not gate-promoted/not complete
cjklex-0039,ko-source-attestation::ko-wiki-galois-theory::환,ko,Korean addendum,ring,환,Hangul with possible Hanja,fallback-source-body-term-attestation-not-row-draft,ko-wiki-galois-theory 갈루아 이론 rev 41742964 count 3; native-source-bodies/ko/wiki-bodies/ko-wiki-galois-theory_갈루아_이론_wikitext_20260705.txt,Korean source-body term observation only; do not insert into Noether corpus prose without a row-level Korean queue and source-context check.,literal substring count over saved Korean wikitext; no morphological disambiguation; no source snippets copied,UTF-8 Hangul/Hanja fallback source term; keep outside TeX math; verify Korean font path before any generated draft use.,generated-draft/non-canonical/not native reviewed/not approved/not accepted terminology/not gate-promoted/not complete
cjklex-0039,ko-source-attestation::ko-wiki-group-theory::환,ko,Korean addendum,ring,환,Hangul with possible Hanja,fallback-source-body-term-attestation-not-row-draft,ko-wiki-group-theory 군론 rev 41776557 count 7; native-source-bodies/ko/wiki-bodies/ko-wiki-group-theory_군론_wikitext_20260705.txt,Korean source-body term observation only; do not insert into Noether corpus prose without a row-level Korean queue and source-context check.,literal substring count over saved Korean wikitext; no morphological disambiguation; no source snippets copied,UTF-8 Hangul/Hanja fallback source term; keep outside TeX math; verify Korean font path before any generated draft use.,generated-draft/non-canonical/not native reviewed/not approved/not accepted terminology/not gate-promoted/not complete
cjklex-0039,ko-source-attestation::ko-wiki-field::환,ko,Korean addendum,ring,환,Hangul with possible Hanja,fallback-source-body-term-attestation-not-row-draft,ko-wiki-field 체 (수학) rev 41649269 count 30; native-source-bodies/ko/wiki-bodies/ko-wiki-field_체_수학_wikitext_20260705.txt,Korean source-body term observation only; do not insert into Noether corpus prose without a row-level Korean queue and source-context check.,literal substring count over saved Korean wikitext; no morphological disambiguation; no source snippets copied,UTF-8 Hangul/Hanja fallback source term; keep outside TeX math; verify Korean font path before any generated draft use.,generated-draft/non-canonical/not native reviewed/not approved/not accepted terminology/not gate-promoted/not complete
cjklex-0039,ko-source-attestation::ko-wiki-ideal::환,ko,Korean addendum,ring,환,Hangul with possible Hanja,fallback-source-body-term-attestation-not-row-draft,ko-wiki-ideal 아이디얼 rev 39160743 count 29; native-source-bodies/ko/wiki-bodies/ko-wiki-ideal_아이디얼_wikitext_20260705.txt,Korean source-body term observation only; do not insert into Noether corpus prose without a row-level Korean queue and source-context check.,literal substring count over saved Korean wikitext; no morphological disambiguation; no source snippets copied,UTF-8 Hangul/Hanja fallback source term; keep outside TeX math; verify Korean font path before any generated draft use.,generated-draft/non-canonical/not native reviewed/not approved/not accepted terminology/not gate-promoted/not complete
cjklex-0039,ko-source-attestation::ko-wiki-commutative-algebra::환,ko,Korean addendum,ring,환,Hangul with possible Hanja,fallback-source-body-term-attestation-not-row-draft,ko-wiki-commutative-algebra 가환대수학 rev 41811027 count 47; native-source-bodies/ko/wiki-bodies/ko-wiki-commutative-algebra_가환대수학_wikitext_20260705.txt,Korean source-body term observation only; do not insert into Noether corpus prose without a row-level Korean queue and source-context check.,literal substring count over saved Korean wikitext; no morphological disambiguation; no source snippets copied,UTF-8 Hangul/Hanja fallback source term; keep outside TeX math; verify Korean font path before any generated draft use.,generated-draft/non-canonical/not native reviewed/not approved/not accepted terminology/not gate-promoted/not complete
cjklex-0039,ko-source-attestation::ko-wiki-linear-algebra::환,ko,Korean addendum,ring,환,Hangul with possible Hanja,fallback-source-body-term-attestation-not-row-draft,ko-wiki-linear-algebra 선형대수학 rev 41811221 count 89; native-source-bodies/ko/wiki-bodies/ko-wiki-linear-algebra_선형대수학_wikitext_20260705.txt,Korean source-body term observation only; do not insert into Noether corpus prose without a row-level Korean queue and source-context check.,literal substring count over saved Korean wikitext; no morphological disambiguation; no source snippets copied,UTF-8 Hangul/Hanja fallback source term; keep outside TeX math; verify Korean font path before any generated draft use.,generated-draft/non-canonical/not native reviewed/not approved/not accepted terminology/not gate-promoted/not complete
cjklex-0039,ko-source-attestation::ko-wiki-backfill-irreducible-representation::환,ko,Korean addendum,ring,환,Hangul with possible Hanja,fallback-source-body-term-attestation-not-row-draft,ko-wiki-backfill-irreducible-representation 기약표현 rev 41663389 count 6; native-source-bodies/ko/wiki-bodies/backfill-20260705/ko-wiki-backfill-irreducible-representation_기약표현_raw_wikitext_20260705.txt,Korean source-body term observation only; do not insert into Noether corpus prose without a row-level Korean queue and source-context check.,literal substring count over saved Korean wikitext; no morphological disambiguation; no source snippets copied,UTF-8 Hangul/Hanja fallback source term; keep outside TeX math; verify Korean font path before any generated draft use.,generated-draft/non-canonical/not native reviewed/not approved/not accepted terminology/not gate-promoted/not complete
cjklex-0039,ko-source-attestation::ko-wiki-backfill-semisimple-ring::환,ko,Korean addendum,ring,환,Hangul with possible Hanja,fallback-source-body-term-attestation-not-row-draft,ko-wiki-backfill-semisimple-ring 반단순환 rev 39375212 count 75; native-source-bodies/ko/wiki-bodies/backfill-20260705/ko-wiki-backfill-semisimple-ring_반단순환_raw_wikitext_20260705.txt,Korean source-body term observation only; do not insert into Noether corpus prose without a row-level Korean queue and source-context check.,literal substring count over saved Korean wikitext; no morphological disambiguation; no source snippets copied,UTF-8 Hangul/Hanja fallback source term; keep outside TeX math; verify Korean font path before any generated draft use.,generated-draft/non-canonical/not native reviewed/not approved/not accepted terminology/not gate-promoted/not complete
cjklex-0039,ko-source-attestation::ko-wiki-backfill-hopf-algebra::환,ko,Korean addendum,ring,환,Hangul with possible Hanja,fallback-source-body-term-attestation-not-row-draft,ko-wiki-backfill-hopf-algebra 호프 대수 rev 41657185 count 12; native-source-bodies/ko/wiki-bodies/backfill-20260705/ko-wiki-backfill-hopf-algebra_호프_대수_raw_wikitext_20260705.txt,Korean source-body term observation only; do not insert into Noether corpus prose without a row-level Korean queue and source-context check.,literal substring count over saved Korean wikitext; no morphological disambiguation; no source snippets copied,UTF-8 Hangul/Hanja fallback source term; keep outside TeX math; verify Korean font path before any generated draft use.,generated-draft/non-canonical/not native reviewed/not approved/not accepted terminology/not gate-promoted/not complete
cjklex-0039,ko-source-attestation::ko-wiki-backfill-decomposition-algebra::환,ko,Korean addendum,ring,환,Hangul with possible Hanja,fallback-source-body-term-attestation-not-row-draft,ko-wiki-backfill-decomposition-algebra 분해 (대수학) rev 39792326 count 26; native-source-bodies/ko/wiki-bodies/backfill-20260705/ko-wiki-backfill-decomposition-algebra_분해_대수학_raw_wikitext_20260705.txt,Korean source-body term observation only; do not insert into Noether corpus prose without a row-level Korean queue and source-context check.,literal substring count over saved Korean wikitext; no morphological disambiguation; no source snippets copied,UTF-8 Hangul/Hanja fallback source term; keep outside TeX math; verify Korean font path before any generated draft use.,generated-draft/non-canonical/not native reviewed/not approved/not accepted terminology/not gate-promoted/not complete
cjklex-0039,ko-source-attestation::ko-wiki-backfill-su2-representation::환,ko,Korean addendum,ring,환,Hangul with possible Hanja,fallback-source-body-term-attestation-not-row-draft,ko-wiki-backfill-su2-representation SU(2)의 표현론 rev 39766810 count 6; native-source-bodies/ko/wiki-bodies/backfill-20260705/ko-wiki-backfill-su2-representation_SU_2_의_표현론_raw_wikitext_20260705.txt,Korean source-body term observation only; do not insert into Noether corpus prose without a row-level Korean queue and source-context check.,literal substring count over saved Korean wikitext; no morphological disambiguation; no source snippets copied,UTF-8 Hangul/Hanja fallback source term; keep outside TeX math; verify Korean font path before any generated draft use.,generated-draft/non-canonical/not native reviewed/not approved/not accepted terminology/not gate-promoted/not complete
cjklex-0039,ko-source-attestation::ko-wiki-backfill-noetherian-ring::환,ko,Korean addendum,ring,환,Hangul with possible Hanja,fallback-source-body-term-attestation-not-row-draft,ko-wiki-backfill-noetherian-ring 뇌터 환 rev 39051386 count 166; native-source-bodies/ko/wiki-bodies/backfill-20260705/ko-wiki-backfill-noetherian-ring_뇌터_환_raw_wikitext_20260705.txt,Korean source-body term observation only; do not insert into Noether corpus prose without a row-level Korean queue and source-context check.,literal substring count over saved Korean wikitext; no morphological disambiguation; no source snippets copied,UTF-8 Hangul/Hanja fallback source term; keep outside TeX math; verify Korean font path before any generated draft use.,generated-draft/non-canonical/not native reviewed/not approved/not accepted terminology/not gate-promoted/not complete
cjklex-0039,ko-source-attestation::ko-wiki-backfill-localization::환,ko,Korean addendum,ring,환,Hangul with possible Hanja,fallback-source-body-term-attestation-not-row-draft,ko-wiki-backfill-localization 국소화 (환론) rev 41904060 count 126; native-source-bodies/ko/wiki-bodies/backfill-20260705/ko-wiki-backfill-localization_국소화_환론_raw_wikitext_20260705.txt,Korean source-body term observation only; do not insert into Noether corpus prose without a row-level Korean queue and source-context check.,literal substring count over saved Korean wikitext; no morphological disambiguation; no source snippets copied,UTF-8 Hangul/Hanja fallback source term; keep outside TeX math; verify Korean font path before any generated draft use.,generated-draft/non-canonical/not native reviewed/not approved/not accepted terminology/not gate-promoted/not complete
cjklex-0039,ko-source-attestation::ko-wiki-backfill-hilbert-basis::환,ko,Korean addendum,ring,환,Hangul with possible Hanja,fallback-source-body-term-attestation-not-row-draft,ko-wiki-backfill-hilbert-basis 힐베르트 기저 정리 rev 39344425 count 16; native-source-bodies/ko/wiki-bodies/backfill-20260705/ko-wiki-backfill-hilbert-basis_힐베르트_기저_정리_raw_wikitext_20260705.txt,Korean source-body term observation only; do not insert into Noether corpus prose without a row-level Korean queue and source-context check.,literal substring count over saved Korean wikitext; no morphological disambiguation; no source snippets copied,UTF-8 Hangul/Hanja fallback source term; keep outside TeX math; verify Korean font path before any generated draft use.,generated-draft/non-canonical/not native reviewed/not approved/not accepted terminology/not gate-promoted/not complete
cjklex-0039,ko-source-attestation::ko-wiki-backfill-weierstrass-preparation::환,ko,Korean addendum,ring,환,Hangul with possible Hanja,fallback-source-body-term-attestation-not-row-draft,ko-wiki-backfill-weierstrass-preparation 바이어스트라스 준비 정리 rev 39731383 count 20; native-source-bodies/ko/wiki-bodies/backfill-20260705/ko-wiki-backfill-weierstrass-preparation_바이어스트라스_준비_정리_raw_wikitext_20260705.txt,Korean source-body term observation only; do not insert into Noether corpus prose without a row-level Korean queue and source-context check.,literal substring count over saved Korean wikitext; no morphological disambiguation; no source snippets copied,UTF-8 Hangul/Hanja fallback source term; keep outside TeX math; verify Korean font path before any generated draft use.,generated-draft/non-canonical/not native reviewed/not approved/not accepted terminology/not gate-promoted/not complete
cjklex-0039,ko-source-attestation::ko-wiki-backfill-galois-cohomology::환,ko,Korean addendum,ring,환,Hangul with possible Hanja,fallback-source-body-term-attestation-not-row-draft,ko-wiki-backfill-galois-cohomology 갈루아 코호몰로지 rev 39593007 count 4; native-source-bodies/ko/wiki-bodies/backfill-20260705/ko-wiki-backfill-galois-cohomology_갈루아_코호몰로지_raw_wikitext_20260705.txt,Korean source-body term observation only; do not insert into Noether corpus prose without a row-level Korean queue and source-context check.,literal substring count over saved Korean wikitext; no morphological disambiguation; no source snippets copied,UTF-8 Hangul/Hanja fallback source term; keep outside TeX math; verify Korean font path before any generated draft use.,generated-draft/non-canonical/not native reviewed/not approved/not accepted terminology/not gate-promoted/not complete
cjklex-0039,ko-source-attestation::ko-wiki-backfill-homomorphism-theorem::환,ko,Korean addendum,ring,환,Hangul with possible Hanja,fallback-source-body-term-attestation-not-row-draft,ko-wiki-backfill-homomorphism-theorem 준동형 정리 rev 39209009 count 5; native-source-bodies/ko/wiki-bodies/backfill-20260705/ko-wiki-backfill-homomorphism-theorem_준동형_정리_raw_wikitext_20260705.txt,Korean source-body term observation only; do not insert into Noether corpus prose without a row-level Korean queue and source-context check.,literal substring count over saved Korean wikitext; no morphological disambiguation; no source snippets copied,UTF-8 Hangul/Hanja fallback source term; keep outside TeX math; verify Korean font path before any generated draft use.,generated-draft/non-canonical/not native reviewed/not approved/not accepted terminology/not gate-promoted/not complete
cjklex-0039,ko-source-attestation::ko-wiki-backfill-flat-module::환,ko,Korean addendum,ring,환,Hangul with possible Hanja,fallback-source-body-term-attestation-not-row-draft,ko-wiki-backfill-flat-module 평탄 가군 rev 39344899 count 27; native-source-bodies/ko/wiki-bodies/backfill-20260705/ko-wiki-backfill-flat-module_평탄_가군_raw_wikitext_20260705.txt,Korean source-body term observation only; do not insert into Noether corpus prose without a row-level Korean queue and source-context check.,literal substring count over saved Korean wikitext; no morphological disambiguation; no source snippets copied,UTF-8 Hangul/Hanja fallback source term; keep outside TeX math; verify Korean font path before any generated draft use.,generated-draft/non-canonical/not native reviewed/not approved/not accepted terminology/not gate-promoted/not complete
cjklex-0039,ko-source-attestation::ko-wiki-backfill-quiver-representation::환,ko,Korean addendum,ring,환,Hangul with possible Hanja,fallback-source-body-term-attestation-not-row-draft,ko-wiki-backfill-quiver-representation 화살집 표현 rev 39479528 count 14; native-source-bodies/ko/wiki-bodies/backfill-20260705/ko-wiki-backfill-quiver-representation_화살집_표현_raw_wikitext_20260705.txt,Korean source-body term observation only; do not insert into Noether corpus prose without a row-level Korean queue and source-context check.,literal substring count over saved Korean wikitext; no morphological disambiguation; no source snippets copied,UTF-8 Hangul/Hanja fallback source term; keep outside TeX math; verify Korean font path before any generated draft use.,generated-draft/non-canonical/not native reviewed/not approved/not accepted terminology/not gate-promoted/not complete
cjklex-0039,ko-source-attestation::ko-wiki-backfill-complex-multiplication::환,ko,Korean addendum,ring,환,Hangul with possible Hanja,fallback-source-body-term-attestation-not-row-draft,ko-wiki-backfill-complex-multiplication 복소 곱셈 rev 39316675 count 14; native-source-bodies/ko/wiki-bodies/backfill-20260705/ko-wiki-backfill-complex-multiplication_복소_곱셈_raw_wikitext_20260705.txt,Korean source-body term observation only; do not insert into Noether corpus prose without a row-level Korean queue and source-context check.,literal substring count over saved Korean wikitext; no morphological disambiguation; no source snippets copied,UTF-8 Hangul/Hanja fallback source term; keep outside TeX math; verify Korean font path before any generated draft use.,generated-draft/non-canonical/not native reviewed/not approved/not accepted terminology/not gate-promoted/not complete
cjklex-0039,ko-source-attestation::ko-wiki-backfill-prime-ideal::환,ko,Korean addendum,ring,환,Hangul with possible Hanja,fallback-source-body-term-attestation-not-row-draft,ko-wiki-backfill-prime-ideal 소 아이디얼 rev 41653113 count 107; native-source-bodies/ko/wiki-bodies/backfill-20260705/ko-wiki-backfill-prime-ideal_소_아이디얼_raw_wikitext_20260705.txt,Korean source-body term observation only; do not insert into Noether corpus prose without a row-level Korean queue and source-context check.,literal substring count over saved Korean wikitext; no morphological disambiguation; no source snippets copied,UTF-8 Hangul/Hanja fallback source term; keep outside TeX math; verify Korean font path before any generated draft use.,generated-draft/non-canonical/not native reviewed/not approved/not accepted terminology/not gate-promoted/not complete
cjklex-0039,ko-source-attestation::ko-wiki-backfill-primary-ideal::환,ko,Korean addendum,ring,환,Hangul with possible Hanja,fallback-source-body-term-attestation-not-row-draft,ko-wiki-backfill-primary-ideal 으뜸 아이디얼 rev 39160791 count 52; native-source-bodies/ko/wiki-bodies/backfill-20260705/ko-wiki-backfill-primary-ideal_으뜸_아이디얼_raw_wikitext_20260705.txt,Korean source-body term observation only; do not insert into Noether corpus prose without a row-level Korean queue and source-context check.,literal substring count over saved Korean wikitext; no morphological disambiguation; no source snippets copied,UTF-8 Hangul/Hanja fallback source term; keep outside TeX math; verify Korean font path before any generated draft use.,generated-draft/non-canonical/not native reviewed/not approved/not accepted terminology/not gate-promoted/not complete
cjklex-0039,ko-source-attestation::ko-wiki-backfill-algebraic-number-field::환,ko,Korean addendum,ring,환,Hangul with possible Hanja,fallback-source-body-term-attestation-not-row-draft,ko-wiki-backfill-algebraic-number-field 대수적 수체 rev 41743364 count 38; native-source-bodies/ko/wiki-bodies/backfill-20260705/ko-wiki-backfill-algebraic-number-field_대수적_수체_raw_wikitext_20260705.txt,Korean source-body term observation only; do not insert into Noether corpus prose without a row-level Korean queue and source-context check.,literal substring count over saved Korean wikitext; no morphological disambiguation; no source snippets copied,UTF-8 Hangul/Hanja fallback source term; keep outside TeX math; verify Korean font path before any generated draft use.,generated-draft/non-canonical/not native reviewed/not approved/not accepted terminology/not gate-promoted/not complete
cjklex-0039,ko-source-attestation::ko-wiki-backfill-heegner-number::환,ko,Korean addendum,ring,환,Hangul with possible Hanja,fallback-source-body-term-attestation-not-row-draft,ko-wiki-backfill-heegner-number 헤그너 수 rev 39041736 count 1; native-source-bodies/ko/wiki-bodies/backfill-20260705/ko-wiki-backfill-heegner-number_헤그너_수_raw_wikitext_20260705.txt,Korean source-body term observation only; do not insert into Noether corpus prose without a row-level Korean queue and source-context check.,literal substring count over saved Korean wikitext; no morphological disambiguation; no source snippets copied,UTF-8 Hangul/Hanja fallback source term; keep outside TeX math; verify Korean font path before any generated draft use.,generated-draft/non-canonical/not native reviewed/not approved/not accepted terminology/not gate-promoted/not complete
cjklex-0039,ko-source-attestation::ko-wiki-abstract-algebra::환론,ko,Korean addendum,ring,환론,Hangul with possible Hanja,fallback-source-body-term-attestation-not-row-draft,ko-wiki-abstract-algebra 추상대수학 rev 41744985 count 1; native-source-bodies/ko/wiki-bodies/ko-wiki-abstract-algebra_추상대수학_wikitext_20260705.txt,Korean source-body term observation only; do not insert into Noether corpus prose without a row-level Korean queue and source-context check.,literal substring count over saved Korean wikitext; no morphological disambiguation; no source snippets copied,UTF-8 Hangul/Hanja fallback source term; keep outside TeX math; verify Korean font path before any generated draft use.,generated-draft/non-canonical/not native reviewed/not approved/not accepted terminology/not gate-promoted/not complete
cjklex-0039,ko-source-attestation::ko-wiki-ring-theory::환론,ko,Korean addendum,ring,환론,Hangul with possible Hanja,fallback-source-body-term-attestation-not-row-draft,ko-wiki-ring-theory 환론 rev 39056267 count 3; native-source-bodies/ko/wiki-bodies/ko-wiki-ring-theory_환론_wikitext_20260705.txt,Korean source-body term observation only; do not insert into Noether corpus prose without a row-level Korean queue and source-context check.,literal substring count over saved Korean wikitext; no morphological disambiguation; no source snippets copied,UTF-8 Hangul/Hanja fallback source term; keep outside TeX math; verify Korean font path before any generated draft use.,generated-draft/non-canonical/not native reviewed/not approved/not accepted terminology/not gate-promoted/not complete
cjklex-0039,ko-source-attestation::ko-wiki-module::환론,ko,Korean addendum,ring,환론,Hangul with possible Hanja,fallback-source-body-term-attestation-not-row-draft,ko-wiki-module 가군 rev 41652760 count 2; native-source-bodies/ko/wiki-bodies/ko-wiki-module_가군_wikitext_20260705.txt,Korean source-body term observation only; do not insert into Noether corpus prose without a row-level Korean queue and source-context check.,literal substring count over saved Korean wikitext; no morphological disambiguation; no source snippets copied,UTF-8 Hangul/Hanja fallback source term; keep outside TeX math; verify Korean font path before any generated draft use.,generated-draft/non-canonical/not native reviewed/not approved/not accepted terminology/not gate-promoted/not complete
cjklex-0039,ko-source-attestation::ko-wiki-group-theory::환론,ko,Korean addendum,ring,환론,Hangul with possible Hanja,fallback-source-body-term-attestation-not-row-draft,ko-wiki-group-theory 군론 rev 41776557 count 1; native-source-bodies/ko/wiki-bodies/ko-wiki-group-theory_군론_wikitext_20260705.txt,Korean source-body term observation only; do not insert into Noether corpus prose without a row-level Korean queue and source-context check.,literal substring count over saved Korean wikitext; no morphological disambiguation; no source snippets copied,UTF-8 Hangul/Hanja fallback source term; keep outside TeX math; verify Korean font path before any generated draft use.,generated-draft/non-canonical/not native reviewed/not approved/not accepted terminology/not gate-promoted/not complete
cjklex-0039,ko-source-attestation::ko-wiki-field::환론,ko,Korean addendum,ring,환론,Hangul with possible Hanja,fallback-source-body-term-attestation-not-row-draft,ko-wiki-field 체 (수학) rev 41649269 count 1; native-source-bodies/ko/wiki-bodies/ko-wiki-field_체_수학_wikitext_20260705.txt,Korean source-body term observation only; do not insert into Noether corpus prose without a row-level Korean queue and source-context check.,literal substring count over saved Korean wikitext; no morphological disambiguation; no source snippets copied,UTF-8 Hangul/Hanja fallback source term; keep outside TeX math; verify Korean font path before any generated draft use.,generated-draft/non-canonical/not native reviewed/not approved/not accepted terminology/not gate-promoted/not complete
cjklex-0039,ko-source-attestation::ko-wiki-ideal::환론,ko,Korean addendum,ring,환론,Hangul with possible Hanja,fallback-source-body-term-attestation-not-row-draft,ko-wiki-ideal 아이디얼 rev 39160743 count 1; native-source-bodies/ko/wiki-bodies/ko-wiki-ideal_아이디얼_wikitext_20260705.txt,Korean source-body term observation only; do not insert into Noether corpus prose without a row-level Korean queue and source-context check.,literal substring count over saved Korean wikitext; no morphological disambiguation; no source snippets copied,UTF-8 Hangul/Hanja fallback source term; keep outside TeX math; verify Korean font path before any generated draft use.,generated-draft/non-canonical/not native reviewed/not approved/not accepted terminology/not gate-promoted/not complete
cjklex-0039,ko-source-attestation::ko-wiki-commutative-algebra::환론,ko,Korean addendum,ring,환론,Hangul with possible Hanja,fallback-source-body-term-attestation-not-row-draft,ko-wiki-commutative-algebra 가환대수학 rev 41811027 count 5; native-source-bodies/ko/wiki-bodies/ko-wiki-commutative-algebra_가환대수학_wikitext_20260705.txt,Korean source-body term observation only; do not insert into Noether corpus prose without a row-level Korean queue and source-context check.,literal substring count over saved Korean wikitext; no morphological disambiguation; no source snippets copied,UTF-8 Hangul/Hanja fallback source term; keep outside TeX math; verify Korean font path before any generated draft use.,generated-draft/non-canonical/not native reviewed/not approved/not accepted terminology/not gate-promoted/not complete
cjklex-0039,ko-source-attestation::ko-wiki-linear-algebra::환론,ko,Korean addendum,ring,환론,Hangul with possible Hanja,fallback-source-body-term-attestation-not-row-draft,ko-wiki-linear-algebra 선형대수학 rev 41811221 count 2; native-source-bodies/ko/wiki-bodies/ko-wiki-linear-algebra_선형대수학_wikitext_20260705.txt,Korean source-body term observation only; do not insert into Noether corpus prose without a row-level Korean queue and source-context check.,literal substring count over saved Korean wikitext; no morphological disambiguation; no source snippets copied,UTF-8 Hangul/Hanja fallback source term; keep outside TeX math; verify Korean font path before any generated draft use.,generated-draft/non-canonical/not native reviewed/not approved/not accepted terminology/not gate-promoted/not complete
cjklex-0039,ko-source-attestation::ko-wiki-backfill-semisimple-ring::환론,ko,Korean addendum,ring,환론,Hangul with possible Hanja,fallback-source-body-term-attestation-not-row-draft,ko-wiki-backfill-semisimple-ring 반단순환 rev 39375212 count 5; native-source-bodies/ko/wiki-bodies/backfill-20260705/ko-wiki-backfill-semisimple-ring_반단순환_raw_wikitext_20260705.txt,Korean source-body term observation only; do not insert into Noether corpus prose without a row-level Korean queue and source-context check.,literal substring count over saved Korean wikitext; no morphological disambiguation; no source snippets copied,UTF-8 Hangul/Hanja fallback source term; keep outside TeX math; verify Korean font path before any generated draft use.,generated-draft/non-canonical/not native reviewed/not approved/not accepted terminology/not gate-promoted/not complete
cjklex-0039,ko-source-attestation::ko-wiki-backfill-hopf-algebra::환론,ko,Korean addendum,ring,환론,Hangul with possible Hanja,fallback-source-body-term-attestation-not-row-draft,ko-wiki-backfill-hopf-algebra 호프 대수 rev 41657185 count 1; native-source-bodies/ko/wiki-bodies/backfill-20260705/ko-wiki-backfill-hopf-algebra_호프_대수_raw_wikitext_20260705.txt,Korean source-body term observation only; do not insert into Noether corpus prose without a row-level Korean queue and source-context check.,literal substring count over saved Korean wikitext; no morphological disambiguation; no source snippets copied,UTF-8 Hangul/Hanja fallback source term; keep outside TeX math; verify Korean font path before any generated draft use.,generated-draft/non-canonical/not native reviewed/not approved/not accepted terminology/not gate-promoted/not complete
cjklex-0039,ko-source-attestation::ko-wiki-backfill-noetherian-ring::환론,ko,Korean addendum,ring,환론,Hangul with possible Hanja,fallback-source-body-term-attestation-not-row-draft,ko-wiki-backfill-noetherian-ring 뇌터 환 rev 39051386 count 4; native-source-bodies/ko/wiki-bodies/backfill-20260705/ko-wiki-backfill-noetherian-ring_뇌터_환_raw_wikitext_20260705.txt,Korean source-body term observation only; do not insert into Noether corpus prose without a row-level Korean queue and source-context check.,literal substring count over saved Korean wikitext; no morphological disambiguation; no source snippets copied,UTF-8 Hangul/Hanja fallback source term; keep outside TeX math; verify Korean font path before any generated draft use.,generated-draft/non-canonical/not native reviewed/not approved/not accepted terminology/not gate-promoted/not complete
cjklex-0039,ko-source-attestation::ko-wiki-backfill-localization::환론,ko,Korean addendum,ring,환론,Hangul with possible Hanja,fallback-source-body-term-attestation-not-row-draft,ko-wiki-backfill-localization 국소화 (환론) rev 41904060 count 3; native-source-bodies/ko/wiki-bodies/backfill-20260705/ko-wiki-backfill-localization_국소화_환론_raw_wikitext_20260705.txt,Korean source-body term observation only; do not insert into Noether corpus prose without a row-level Korean queue and source-context check.,literal substring count over saved Korean wikitext; no morphological disambiguation; no source snippets copied,UTF-8 Hangul/Hanja fallback source term; keep outside TeX math; verify Korean font path before any generated draft use.,generated-draft/non-canonical/not native reviewed/not approved/not accepted terminology/not gate-promoted/not complete
cjklex-0039,ko-source-attestation::ko-wiki-backfill-weierstrass-preparation::환론,ko,Korean addendum,ring,환론,Hangul with possible Hanja,fallback-source-body-term-attestation-not-row-draft,ko-wiki-backfill-weierstrass-preparation 바이어스트라스 준비 정리 rev 39731383 count 1; native-source-bodies/ko/wiki-bodies/backfill-20260705/ko-wiki-backfill-weierstrass-preparation_바이어스트라스_준비_정리_raw_wikitext_20260705.txt,Korean source-body term observation only; do not insert into Noether corpus prose without a row-level Korean queue and source-context check.,literal substring count over saved Korean wikitext; no morphological disambiguation; no source snippets copied,UTF-8 Hangul/Hanja fallback source term; keep outside TeX math; verify Korean font path before any generated draft use.,generated-draft/non-canonical/not native reviewed/not approved/not accepted terminology/not gate-promoted/not complete
cjklex-0039,ko-source-attestation::ko-wiki-backfill-flat-module::환론,ko,Korean addendum,ring,환론,Hangul with possible Hanja,fallback-source-body-term-attestation-not-row-draft,ko-wiki-backfill-flat-module 평탄 가군 rev 39344899 count 3; native-source-bodies/ko/wiki-bodies/backfill-20260705/ko-wiki-backfill-flat-module_평탄_가군_raw_wikitext_20260705.txt,Korean source-body term observation only; do not insert into Noether corpus prose without a row-level Korean queue and source-context check.,literal substring count over saved Korean wikitext; no morphological disambiguation; no source snippets copied,UTF-8 Hangul/Hanja fallback source term; keep outside TeX math; verify Korean font path before any generated draft use.,generated-draft/non-canonical/not native reviewed/not approved/not accepted terminology/not gate-promoted/not complete
cjklex-0039,ko-source-attestation::ko-wiki-backfill-quiver-representation::환론,ko,Korean addendum,ring,환론,Hangul with possible Hanja,fallback-source-body-term-attestation-not-row-draft,ko-wiki-backfill-quiver-representation 화살집 표현 rev 39479528 count 3; native-source-bodies/ko/wiki-bodies/backfill-20260705/ko-wiki-backfill-quiver-representation_화살집_표현_raw_wikitext_20260705.txt,Korean source-body term observation only; do not insert into Noether corpus prose without a row-level Korean queue and source-context check.,literal substring count over saved Korean wikitext; no morphological disambiguation; no source snippets copied,UTF-8 Hangul/Hanja fallback source term; keep outside TeX math; verify Korean font path before any generated draft use.,generated-draft/non-canonical/not native reviewed/not approved/not accepted terminology/not gate-promoted/not complete
cjklex-0039,ko-source-attestation::ko-wiki-backfill-complex-multiplication::환론,ko,Korean addendum,ring,환론,Hangul with possible Hanja,fallback-source-body-term-attestation-not-row-draft,ko-wiki-backfill-complex-multiplication 복소 곱셈 rev 39316675 count 2; native-source-bodies/ko/wiki-bodies/backfill-20260705/ko-wiki-backfill-complex-multiplication_복소_곱셈_raw_wikitext_20260705.txt,Korean source-body term observation only; do not insert into Noether corpus prose without a row-level Korean queue and source-context check.,literal substring count over saved Korean wikitext; no morphological disambiguation; no source snippets copied,UTF-8 Hangul/Hanja fallback source term; keep outside TeX math; verify Korean font path before any generated draft use.,generated-draft/non-canonical/not native reviewed/not approved/not accepted terminology/not gate-promoted/not complete
cjklex-0039,ko-source-attestation::ko-wiki-backfill-prime-ideal::환론,ko,Korean addendum,ring,환론,Hangul with possible Hanja,fallback-source-body-term-attestation-not-row-draft,ko-wiki-backfill-prime-ideal 소 아이디얼 rev 41653113 count 9; native-source-bodies/ko/wiki-bodies/backfill-20260705/ko-wiki-backfill-prime-ideal_소_아이디얼_raw_wikitext_20260705.txt,Korean source-body term observation only; do not insert into Noether corpus prose without a row-level Korean queue and source-context check.,literal substring count over saved Korean wikitext; no morphological disambiguation; no source snippets copied,UTF-8 Hangul/Hanja fallback source term; keep outside TeX math; verify Korean font path before any generated draft use.,generated-draft/non-canonical/not native reviewed/not approved/not accepted terminology/not gate-promoted/not complete
cjklex-0039,ko-source-attestation::ko-wiki-backfill-primary-ideal::환론,ko,Korean addendum,ring,환론,Hangul with possible Hanja,fallback-source-body-term-attestation-not-row-draft,ko-wiki-backfill-primary-ideal 으뜸 아이디얼 rev 39160791 count 1; native-source-bodies/ko/wiki-bodies/backfill-20260705/ko-wiki-backfill-primary-ideal_으뜸_아이디얼_raw_wikitext_20260705.txt,Korean source-body term observation only; do not insert into Noether corpus prose without a row-level Korean queue and source-context check.,literal substring count over saved Korean wikitext; no morphological disambiguation; no source snippets copied,UTF-8 Hangul/Hanja fallback source term; keep outside TeX math; verify Korean font path before any generated draft use.,generated-draft/non-canonical/not native reviewed/not approved/not accepted terminology/not gate-promoted/not complete
cjklex-0040,term-zh-hans-0002,zh-Hans,Simplified Chinese,group,群,Simplified Han,source-canon-sufficient-for-scoped-draft,zh-Hans-src-001 AlJabr-1 TeX source repository | zh-Hans-src-002 AlJabr-2 TeX source repository | CJK-native source-support/codepoint ledgers,"Formula-neighboring note: preserve source TeX/math notation and do not upgrade the draft term beyond the cited source context. Use UTF-8 and a CJK-capable TeX/PDF path. Do not split the target term across inline math; check punctuation, CJK/Latin spacing, and line breaks around formulas.",,"Use UTF-8 and a CJK-capable TeX/PDF path. Do not split the target term across inline math; check punctuation, CJK/Latin spacing, and line breaks around formulas.",generated-draft/non-canonical/not native reviewed/not approved/not accepted terminology/not gate-promoted/not complete
cjklex-0040,ko-source-attestation::ko-wiki-abstract-algebra::군,ko,Korean addendum,group,군,Hangul with possible Hanja,fallback-source-body-term-attestation-not-row-draft,ko-wiki-abstract-algebra 추상대수학 rev 41744985 count 16; native-source-bodies/ko/wiki-bodies/ko-wiki-abstract-algebra_추상대수학_wikitext_20260705.txt,Korean source-body term observation only; do not insert into Noether corpus prose without a row-level Korean queue and source-context check.,literal substring count over saved Korean wikitext; no morphological disambiguation; no source snippets copied,UTF-8 Hangul/Hanja fallback source term; keep outside TeX math; verify Korean font path before any generated draft use.,generated-draft/non-canonical/not native reviewed/not approved/not accepted terminology/not gate-promoted/not complete
cjklex-0040,ko-source-attestation::ko-wiki-algebra::군,ko,Korean addendum,group,군,Hangul with possible Hanja,fallback-source-body-term-attestation-not-row-draft,ko-wiki-algebra 대수학 rev 41960238 count 15; native-source-bodies/ko/wiki-bodies/ko-wiki-algebra_대수학_wikitext_20260705.txt,Korean source-body term observation only; do not insert into Noether corpus prose without a row-level Korean queue and source-context check.,literal substring count over saved Korean wikitext; no morphological disambiguation; no source snippets copied,UTF-8 Hangul/Hanja fallback source term; keep outside TeX math; verify Korean font path before any generated draft use.,generated-draft/non-canonical/not native reviewed/not approved/not accepted terminology/not gate-promoted/not complete
cjklex-0040,ko-source-attestation::ko-wiki-ring-theory::군,ko,Korean addendum,group,군,Hangul with possible Hanja,fallback-source-body-term-attestation-not-row-draft,ko-wiki-ring-theory 환론 rev 39056267 count 3; native-source-bodies/ko/wiki-bodies/ko-wiki-ring-theory_환론_wikitext_20260705.txt,Korean source-body term observation only; do not insert into Noether corpus prose without a row-level Korean queue and source-context check.,literal substring count over saved Korean wikitext; no morphological disambiguation; no source snippets copied,UTF-8 Hangul/Hanja fallback source term; keep outside TeX math; verify Korean font path before any generated draft use.,generated-draft/non-canonical/not native reviewed/not approved/not accepted terminology/not gate-promoted/not complete
cjklex-0040,ko-source-attestation::ko-wiki-module::군,ko,Korean addendum,group,군,Hangul with possible Hanja,fallback-source-body-term-attestation-not-row-draft,ko-wiki-module 가군 rev 41652760 count 102; native-source-bodies/ko/wiki-bodies/ko-wiki-module_가군_wikitext_20260705.txt,Korean source-body term observation only; do not insert into Noether corpus prose without a row-level Korean queue and source-context check.,literal substring count over saved Korean wikitext; no morphological disambiguation; no source snippets copied,UTF-8 Hangul/Hanja fallback source term; keep outside TeX math; verify Korean font path before any generated draft use.,generated-draft/non-canonical/not native reviewed/not approved/not accepted terminology/not gate-promoted/not complete
cjklex-0040,ko-source-attestation::ko-wiki-galois-theory::군,ko,Korean addendum,group,군,Hangul with possible Hanja,fallback-source-body-term-attestation-not-row-draft,ko-wiki-galois-theory 갈루아 이론 rev 41742964 count 58; native-source-bodies/ko/wiki-bodies/ko-wiki-galois-theory_갈루아_이론_wikitext_20260705.txt,Korean source-body term observation only; do not insert into Noether corpus prose without a row-level Korean queue and source-context check.,literal substring count over saved Korean wikitext; no morphological disambiguation; no source snippets copied,UTF-8 Hangul/Hanja fallback source term; keep outside TeX math; verify Korean font path before any generated draft use.,generated-draft/non-canonical/not native reviewed/not approved/not accepted terminology/not gate-promoted/not complete
cjklex-0040,ko-source-attestation::ko-wiki-group-theory::군,ko,Korean addendum,group,군,Hangul with possible Hanja,fallback-source-body-term-attestation-not-row-draft,ko-wiki-group-theory 군론 rev 41776557 count 81; native-source-bodies/ko/wiki-bodies/ko-wiki-group-theory_군론_wikitext_20260705.txt,Korean source-body term observation only; do not insert into Noether corpus prose without a row-level Korean queue and source-context check.,literal substring count over saved Korean wikitext; no morphological disambiguation; no source snippets copied,UTF-8 Hangul/Hanja fallback source term; keep outside TeX math; verify Korean font path before any generated draft use.,generated-draft/non-canonical/not native reviewed/not approved/not accepted terminology/not gate-promoted/not complete
cjklex-0040,ko-source-attestation::ko-wiki-field::군,ko,Korean addendum,group,군,Hangul with possible Hanja,fallback-source-body-term-attestation-not-row-draft,ko-wiki-field 체 (수학) rev 41649269 count 3; native-source-bodies/ko/wiki-bodies/ko-wiki-field_체_수학_wikitext_20260705.txt,Korean source-body term observation only; do not insert into Noether corpus prose without a row-level Korean queue and source-context check.,literal substring count over saved Korean wikitext; no morphological disambiguation; no source snippets copied,UTF-8 Hangul/Hanja fallback source term; keep outside TeX math; verify Korean font path before any generated draft use.,generated-draft/non-canonical/not native reviewed/not approved/not accepted terminology/not gate-promoted/not complete
cjklex-0040,ko-source-attestation::ko-wiki-ideal::군,ko,Korean addendum,group,군,Hangul with possible Hanja,fallback-source-body-term-attestation-not-row-draft,ko-wiki-ideal 아이디얼 rev 39160743 count 11; native-source-bodies/ko/wiki-bodies/ko-wiki-ideal_아이디얼_wikitext_20260705.txt,Korean source-body term observation only; do not insert into Noether corpus prose without a row-level Korean queue and source-context check.,literal substring count over saved Korean wikitext; no morphological disambiguation; no source snippets copied,UTF-8 Hangul/Hanja fallback source term; keep outside TeX math; verify Korean font path before any generated draft use.,generated-draft/non-canonical/not native reviewed/not approved/not accepted terminology/not gate-promoted/not complete
cjklex-0040,ko-source-attestation::ko-wiki-commutative-algebra::군,ko,Korean addendum,group,군,Hangul with possible Hanja,fallback-source-body-term-attestation-not-row-draft,ko-wiki-commutative-algebra 가환대수학 rev 41811027 count 5; native-source-bodies/ko/wiki-bodies/ko-wiki-commutative-algebra_가환대수학_wikitext_20260705.txt,Korean source-body term observation only; do not insert into Noether corpus prose without a row-level Korean queue and source-context check.,literal substring count over saved Korean wikitext; no morphological disambiguation; no source snippets copied,UTF-8 Hangul/Hanja fallback source term; keep outside TeX math; verify Korean font path before any generated draft use.,generated-draft/non-canonical/not native reviewed/not approved/not accepted terminology/not gate-promoted/not complete
cjklex-0040,ko-source-attestation::ko-wiki-linear-algebra::군,ko,Korean addendum,group,군,Hangul with possible Hanja,fallback-source-body-term-attestation-not-row-draft,ko-wiki-linear-algebra 선형대수학 rev 41811221 count 30; native-source-bodies/ko/wiki-bodies/ko-wiki-linear-algebra_선형대수학_wikitext_20260705.txt,Korean source-body term observation only; do not insert into Noether corpus prose without a row-level Korean queue and source-context check.,literal substring count over saved Korean wikitext; no morphological disambiguation; no source snippets copied,UTF-8 Hangul/Hanja fallback source term; keep outside TeX math; verify Korean font path before any generated draft use.,generated-draft/non-canonical/not native reviewed/not approved/not accepted terminology/not gate-promoted/not complete
cjklex-0040,ko-source-attestation::ko-wiki-backfill-irreducible-representation::군,ko,Korean addendum,group,군,Hangul with possible Hanja,fallback-source-body-term-attestation-not-row-draft,ko-wiki-backfill-irreducible-representation 기약표현 rev 41663389 count 48; native-source-bodies/ko/wiki-bodies/backfill-20260705/ko-wiki-backfill-irreducible-representation_기약표현_raw_wikitext_20260705.txt,Korean source-body term observation only; do not insert into Noether corpus prose without a row-level Korean queue and source-context check.,literal substring count over saved Korean wikitext; no morphological disambiguation; no source snippets copied,UTF-8 Hangul/Hanja fallback source term; keep outside TeX math; verify Korean font path before any generated draft use.,generated-draft/non-canonical/not native reviewed/not approved/not accepted terminology/not gate-promoted/not complete
cjklex-0040,ko-source-attestation::ko-wiki-backfill-semisimple-ring::군,ko,Korean addendum,group,군,Hangul with possible Hanja,fallback-source-body-term-attestation-not-row-draft,ko-wiki-backfill-semisimple-ring 반단순환 rev 39375212 count 20; native-source-bodies/ko/wiki-bodies/backfill-20260705/ko-wiki-backfill-semisimple-ring_반단순환_raw_wikitext_20260705.txt,Korean source-body term observation only; do not insert into Noether corpus prose without a row-level Korean queue and source-context check.,literal substring count over saved Korean wikitext; no morphological disambiguation; no source snippets copied,UTF-8 Hangul/Hanja fallback source term; keep outside TeX math; verify Korean font path before any generated draft use.,generated-draft/non-canonical/not native reviewed/not approved/not accepted terminology/not gate-promoted/not complete
cjklex-0040,ko-source-attestation::ko-wiki-backfill-hopf-algebra::군,ko,Korean addendum,group,군,Hangul with possible Hanja,fallback-source-body-term-attestation-not-row-draft,ko-wiki-backfill-hopf-algebra 호프 대수 rev 41657185 count 6; native-source-bodies/ko/wiki-bodies/backfill-20260705/ko-wiki-backfill-hopf-algebra_호프_대수_raw_wikitext_20260705.txt,Korean source-body term observation only; do not insert into Noether corpus prose without a row-level Korean queue and source-context check.,literal substring count over saved Korean wikitext; no morphological disambiguation; no source snippets copied,UTF-8 Hangul/Hanja fallback source term; keep outside TeX math; verify Korean font path before any generated draft use.,generated-draft/non-canonical/not native reviewed/not approved/not accepted terminology/not gate-promoted/not complete
cjklex-0040,ko-source-attestation::ko-wiki-backfill-decomposition-algebra::군,ko,Korean addendum,group,군,Hangul with possible Hanja,fallback-source-body-term-attestation-not-row-draft,ko-wiki-backfill-decomposition-algebra 분해 (대수학) rev 39792326 count 52; native-source-bodies/ko/wiki-bodies/backfill-20260705/ko-wiki-backfill-decomposition-algebra_분해_대수학_raw_wikitext_20260705.txt,Korean source-body term observation only; do not insert into Noether corpus prose without a row-level Korean queue and source-context check.,literal substring count over saved Korean wikitext; no morphological disambiguation; no source snippets copied,UTF-8 Hangul/Hanja fallback source term; keep outside TeX math; verify Korean font path before any generated draft use.,generated-draft/non-canonical/not native reviewed/not approved/not accepted terminology/not gate-promoted/not complete
cjklex-0040,ko-source-attestation::ko-wiki-backfill-su2-representation::군,ko,Korean addendum,group,군,Hangul with possible Hanja,fallback-source-body-term-attestation-not-row-draft,ko-wiki-backfill-su2-representation SU(2)의 표현론 rev 39766810 count 32; native-source-bodies/ko/wiki-bodies/backfill-20260705/ko-wiki-backfill-su2-representation_SU_2_의_표현론_raw_wikitext_20260705.txt,Korean source-body term observation only; do not insert into Noether corpus prose without a row-level Korean queue and source-context check.,literal substring count over saved Korean wikitext; no morphological disambiguation; no source snippets copied,UTF-8 Hangul/Hanja fallback source term; keep outside TeX math; verify Korean font path before any generated draft use.,generated-draft/non-canonical/not native reviewed/not approved/not accepted terminology/not gate-promoted/not complete
cjklex-0040,ko-source-attestation::ko-wiki-backfill-noetherian-ring::군,ko,Korean addendum,group,군,Hangul with possible Hanja,fallback-source-body-term-attestation-not-row-draft,ko-wiki-backfill-noetherian-ring 뇌터 환 rev 39051386 count 75; native-source-bodies/ko/wiki-bodies/backfill-20260705/ko-wiki-backfill-noetherian-ring_뇌터_환_raw_wikitext_20260705.txt,Korean source-body term observation only; do not insert into Noether corpus prose without a row-level Korean queue and source-context check.,literal substring count over saved Korean wikitext; no morphological disambiguation; no source snippets copied,UTF-8 Hangul/Hanja fallback source term; keep outside TeX math; verify Korean font path before any generated draft use.,generated-draft/non-canonical/not native reviewed/not approved/not accepted terminology/not gate-promoted/not complete
cjklex-0040,ko-source-attestation::ko-wiki-backfill-localization::군,ko,Korean addendum,group,군,Hangul with possible Hanja,fallback-source-body-term-attestation-not-row-draft,ko-wiki-backfill-localization 국소화 (환론) rev 41904060 count 8; native-source-bodies/ko/wiki-bodies/backfill-20260705/ko-wiki-backfill-localization_국소화_환론_raw_wikitext_20260705.txt,Korean source-body term observation only; do not insert into Noether corpus prose without a row-level Korean queue and source-context check.,literal substring count over saved Korean wikitext; no morphological disambiguation; no source snippets copied,UTF-8 Hangul/Hanja fallback source term; keep outside TeX math; verify Korean font path before any generated draft use.,generated-draft/non-canonical/not native reviewed/not approved/not accepted terminology/not gate-promoted/not complete
cjklex-0040,ko-source-attestation::ko-wiki-backfill-weierstrass-preparation::군,ko,Korean addendum,group,군,Hangul with possible Hanja,fallback-source-body-term-attestation-not-row-draft,ko-wiki-backfill-weierstrass-preparation 바이어스트라스 준비 정리 rev 39731383 count 1; native-source-bodies/ko/wiki-bodies/backfill-20260705/ko-wiki-backfill-weierstrass-preparation_바이어스트라스_준비_정리_raw_wikitext_20260705.txt,Korean source-body term observation only; do not insert into Noether corpus prose without a row-level Korean queue and source-context check.,literal substring count over saved Korean wikitext; no morphological disambiguation; no source snippets copied,UTF-8 Hangul/Hanja fallback source term; keep outside TeX math; verify Korean font path before any generated draft use.,generated-draft/non-canonical/not native reviewed/not approved/not accepted terminology/not gate-promoted/not complete
cjklex-0040,ko-source-attestation::ko-wiki-backfill-galois-cohomology::군,ko,Korean addendum,group,군,Hangul with possible Hanja,fallback-source-body-term-attestation-not-row-draft,ko-wiki-backfill-galois-cohomology 갈루아 코호몰로지 rev 39593007 count 24; native-source-bodies/ko/wiki-bodies/backfill-20260705/ko-wiki-backfill-galois-cohomology_갈루아_코호몰로지_raw_wikitext_20260705.txt,Korean source-body term observation only; do not insert into Noether corpus prose without a row-level Korean queue and source-context check.,literal substring count over saved Korean wikitext; no morphological disambiguation; no source snippets copied,UTF-8 Hangul/Hanja fallback source term; keep outside TeX math; verify Korean font path before any generated draft use.,generated-draft/non-canonical/not native reviewed/not approved/not accepted terminology/not gate-promoted/not complete
cjklex-0040,ko-source-attestation::ko-wiki-backfill-reductive-lie-algebra::군,ko,Korean addendum,group,군,Hangul with possible Hanja,fallback-source-body-term-attestation-not-row-draft,ko-wiki-backfill-reductive-lie-algebra 가약 리 대수 rev 39482473 count 1; native-source-bodies/ko/wiki-bodies/backfill-20260705/ko-wiki-backfill-reductive-lie-algebra_가약_리_대수_raw_wikitext_20260705.txt,Korean source-body term observation only; do not insert into Noether corpus prose without a row-level Korean queue and source-context check.,literal substring count over saved Korean wikitext; no morphological disambiguation; no source snippets copied,UTF-8 Hangul/Hanja fallback source term; keep outside TeX math; verify Korean font path before any generated draft use.,generated-draft/non-canonical/not native reviewed/not approved/not accepted terminology/not gate-promoted/not complete
cjklex-0040,ko-source-attestation::ko-wiki-backfill-homomorphism-theorem::군,ko,Korean addendum,group,군,Hangul with possible Hanja,fallback-source-body-term-attestation-not-row-draft,ko-wiki-backfill-homomorphism-theorem 준동형 정리 rev 39209009 count 10; native-source-bodies/ko/wiki-bodies/backfill-20260705/ko-wiki-backfill-homomorphism-theorem_준동형_정리_raw_wikitext_20260705.txt,Korean source-body term observation only; do not insert into Noether corpus prose without a row-level Korean queue and source-context check.,literal substring count over saved Korean wikitext; no morphological disambiguation; no source snippets copied,UTF-8 Hangul/Hanja fallback source term; keep outside TeX math; verify Korean font path before any generated draft use.,generated-draft/non-canonical/not native reviewed/not approved/not accepted terminology/not gate-promoted/not complete
cjklex-0040,ko-source-attestation::ko-wiki-backfill-flat-module::군,ko,Korean addendum,group,군,Hangul with possible Hanja,fallback-source-body-term-attestation-not-row-draft,ko-wiki-backfill-flat-module 평탄 가군 rev 39344899 count 73; native-source-bodies/ko/wiki-bodies/backfill-20260705/ko-wiki-backfill-flat-module_평탄_가군_raw_wikitext_20260705.txt,Korean source-body term observation only; do not insert into Noether corpus prose without a row-level Korean queue and source-context check.,literal substring count over saved Korean wikitext; no morphological disambiguation; no source snippets copied,UTF-8 Hangul/Hanja fallback source term; keep outside TeX math; verify Korean font path before any generated draft use.,generated-draft/non-canonical/not native reviewed/not approved/not accepted terminology/not gate-promoted/not complete
cjklex-0040,ko-source-attestation::ko-wiki-backfill-quiver-representation::군,ko,Korean addendum,group,군,Hangul with possible Hanja,fallback-source-body-term-attestation-not-row-draft,ko-wiki-backfill-quiver-representation 화살집 표현 rev 39479528 count 15; native-source-bodies/ko/wiki-bodies/backfill-20260705/ko-wiki-backfill-quiver-representation_화살집_표현_raw_wikitext_20260705.txt,Korean source-body term observation only; do not insert into Noether corpus prose without a row-level Korean queue and source-context check.,literal substring count over saved Korean wikitext; no morphological disambiguation; no source snippets copied,UTF-8 Hangul/Hanja fallback source term; keep outside TeX math; verify Korean font path before any generated draft use.,generated-draft/non-canonical/not native reviewed/not approved/not accepted terminology/not gate-promoted/not complete
cjklex-0040,ko-source-attestation::ko-wiki-backfill-complex-multiplication::군,ko,Korean addendum,group,군,Hangul with possible Hanja,fallback-source-body-term-attestation-not-row-draft,ko-wiki-backfill-complex-multiplication 복소 곱셈 rev 39316675 count 2; native-source-bodies/ko/wiki-bodies/backfill-20260705/ko-wiki-backfill-complex-multiplication_복소_곱셈_raw_wikitext_20260705.txt,Korean source-body term observation only; do not insert into Noether corpus prose without a row-level Korean queue and source-context check.,literal substring count over saved Korean wikitext; no morphological disambiguation; no source snippets copied,UTF-8 Hangul/Hanja fallback source term; keep outside TeX math; verify Korean font path before any generated draft use.,generated-draft/non-canonical/not native reviewed/not approved/not accepted terminology/not gate-promoted/not complete
cjklex-0040,ko-source-attestation::ko-wiki-backfill-prime-ideal::군,ko,Korean addendum,group,군,Hangul with possible Hanja,fallback-source-body-term-attestation-not-row-draft,ko-wiki-backfill-prime-ideal 소 아이디얼 rev 41653113 count 4; native-source-bodies/ko/wiki-bodies/backfill-20260705/ko-wiki-backfill-prime-ideal_소_아이디얼_raw_wikitext_20260705.txt,Korean source-body term observation only; do not insert into Noether corpus prose without a row-level Korean queue and source-context check.,literal substring count over saved Korean wikitext; no morphological disambiguation; no source snippets copied,UTF-8 Hangul/Hanja fallback source term; keep outside TeX math; verify Korean font path before any generated draft use.,generated-draft/non-canonical/not native reviewed/not approved/not accepted terminology/not gate-promoted/not complete
cjklex-0040,ko-source-attestation::ko-wiki-backfill-primary-ideal::군,ko,Korean addendum,group,군,Hangul with possible Hanja,fallback-source-body-term-attestation-not-row-draft,ko-wiki-backfill-primary-ideal 으뜸 아이디얼 rev 39160791 count 39; native-source-bodies/ko/wiki-bodies/backfill-20260705/ko-wiki-backfill-primary-ideal_으뜸_아이디얼_raw_wikitext_20260705.txt,Korean source-body term observation only; do not insert into Noether corpus prose without a row-level Korean queue and source-context check.,literal substring count over saved Korean wikitext; no morphological disambiguation; no source snippets copied,UTF-8 Hangul/Hanja fallback source term; keep outside TeX math; verify Korean font path before any generated draft use.,generated-draft/non-canonical/not native reviewed/not approved/not accepted terminology/not gate-promoted/not complete
cjklex-0040,ko-source-attestation::ko-wiki-backfill-algebraic-number-field::군,ko,Korean addendum,group,군,Hangul with possible Hanja,fallback-source-body-term-attestation-not-row-draft,ko-wiki-backfill-algebraic-number-field 대수적 수체 rev 41743364 count 35; native-source-bodies/ko/wiki-bodies/backfill-20260705/ko-wiki-backfill-algebraic-number-field_대수적_수체_raw_wikitext_20260705.txt,Korean source-body term observation only; do not insert into Noether corpus prose without a row-level Korean queue and source-context check.,literal substring count over saved Korean wikitext; no morphological disambiguation; no source snippets copied,UTF-8 Hangul/Hanja fallback source term; keep outside TeX math; verify Korean font path before any generated draft use.,generated-draft/non-canonical/not native reviewed/not approved/not accepted terminology/not gate-promoted/not complete
cjklex-0040,ko-source-attestation::ko-wiki-backfill-heegner-number::군,ko,Korean addendum,group,군,Hangul with possible Hanja,fallback-source-body-term-attestation-not-row-draft,ko-wiki-backfill-heegner-number 헤그너 수 rev 39041736 count 1; native-source-bodies/ko/wiki-bodies/backfill-20260705/ko-wiki-backfill-heegner-number_헤그너_수_raw_wikitext_20260705.txt,Korean source-body term observation only; do not insert into Noether corpus prose without a row-level Korean queue and source-context check.,literal substring count over saved Korean wikitext; no morphological disambiguation; no source snippets copied,UTF-8 Hangul/Hanja fallback source term; keep outside TeX math; verify Korean font path before any generated draft use.,generated-draft/non-canonical/not native reviewed/not approved/not accepted terminology/not gate-promoted/not complete
cjklex-0040,ko-source-attestation::ko-wiki-abstract-algebra::군론,ko,Korean addendum,group,군론,Hangul with possible Hanja,fallback-source-body-term-attestation-not-row-draft,ko-wiki-abstract-algebra 추상대수학 rev 41744985 count 4; native-source-bodies/ko/wiki-bodies/ko-wiki-abstract-algebra_추상대수학_wikitext_20260705.txt,Korean source-body term observation only; do not insert into Noether corpus prose without a row-level Korean queue and source-context check.,literal substring count over saved Korean wikitext; no morphological disambiguation; no source snippets copied,UTF-8 Hangul/Hanja fallback source term; keep outside TeX math; verify Korean font path before any generated draft use.,generated-draft/non-canonical/not native reviewed/not approved/not accepted terminology/not gate-promoted/not complete
cjklex-0040,ko-source-attestation::ko-wiki-module::군론,ko,Korean addendum,group,군론,Hangul with possible Hanja,fallback-source-body-term-attestation-not-row-draft,ko-wiki-module 가군 rev 41652760 count 1; native-source-bodies/ko/wiki-bodies/ko-wiki-module_가군_wikitext_20260705.txt,Korean source-body term observation only; do not insert into Noether corpus prose without a row-level Korean queue and source-context check.,literal substring count over saved Korean wikitext; no morphological disambiguation; no source snippets copied,UTF-8 Hangul/Hanja fallback source term; keep outside TeX math; verify Korean font path before any generated draft use.,generated-draft/non-canonical/not native reviewed/not approved/not accepted terminology/not gate-promoted/not complete
cjklex-0040,ko-source-attestation::ko-wiki-galois-theory::군론,ko,Korean addendum,group,군론,Hangul with possible Hanja,fallback-source-body-term-attestation-not-row-draft,ko-wiki-galois-theory 갈루아 이론 rev 41742964 count 2; native-source-bodies/ko/wiki-bodies/ko-wiki-galois-theory_갈루아_이론_wikitext_20260705.txt,Korean source-body term observation only; do not insert into Noether corpus prose without a row-level Korean queue and source-context check.,literal substring count over saved Korean wikitext; no morphological disambiguation; no source snippets copied,UTF-8 Hangul/Hanja fallback source term; keep outside TeX math; verify Korean font path before any generated draft use.,generated-draft/non-canonical/not native reviewed/not approved/not accepted terminology/not gate-promoted/not complete
cjklex-0040,ko-source-attestation::ko-wiki-group-theory::군론,ko,Korean addendum,group,군론,Hangul with possible Hanja,fallback-source-body-term-attestation-not-row-draft,ko-wiki-group-theory 군론 rev 41776557 count 12; native-source-bodies/ko/wiki-bodies/ko-wiki-group-theory_군론_wikitext_20260705.txt,Korean source-body term observation only; do not insert into Noether corpus prose without a row-level Korean queue and source-context check.,literal substring count over saved Korean wikitext; no morphological disambiguation; no source snippets copied,UTF-8 Hangul/Hanja fallback source term; keep outside TeX math; verify Korean font path before any generated draft use.,generated-draft/non-canonical/not native reviewed/not approved/not accepted terminology/not gate-promoted/not complete
cjklex-0040,ko-source-attestation::ko-wiki-ideal::군론,ko,Korean addendum,group,군론,Hangul with possible Hanja,fallback-source-body-term-attestation-not-row-draft,ko-wiki-ideal 아이디얼 rev 39160743 count 1; native-source-bodies/ko/wiki-bodies/ko-wiki-ideal_아이디얼_wikitext_20260705.txt,Korean source-body term observation only; do not insert into Noether corpus prose without a row-level Korean queue and source-context check.,literal substring count over saved Korean wikitext; no morphological disambiguation; no source snippets copied,UTF-8 Hangul/Hanja fallback source term; keep outside TeX math; verify Korean font path before any generated draft use.,generated-draft/non-canonical/not native reviewed/not approved/not accepted terminology/not gate-promoted/not complete
cjklex-0040,ko-source-attestation::ko-wiki-backfill-irreducible-representation::군론,ko,Korean addendum,group,군론,Hangul with possible Hanja,fallback-source-body-term-attestation-not-row-draft,ko-wiki-backfill-irreducible-representation 기약표현 rev 41663389 count 2; native-source-bodies/ko/wiki-bodies/backfill-20260705/ko-wiki-backfill-irreducible-representation_기약표현_raw_wikitext_20260705.txt,Korean source-body term observation only; do not insert into Noether corpus prose without a row-level Korean queue and source-context check.,literal substring count over saved Korean wikitext; no morphological disambiguation; no source snippets copied,UTF-8 Hangul/Hanja fallback source term; keep outside TeX math; verify Korean font path before any generated draft use.,generated-draft/non-canonical/not native reviewed/not approved/not accepted terminology/not gate-promoted/not complete
cjklex-0040,ko-source-attestation::ko-wiki-backfill-decomposition-algebra::군론,ko,Korean addendum,group,군론,Hangul with possible Hanja,fallback-source-body-term-attestation-not-row-draft,ko-wiki-backfill-decomposition-algebra 분해 (대수학) rev 39792326 count 1; native-source-bodies/ko/wiki-bodies/backfill-20260705/ko-wiki-backfill-decomposition-algebra_분해_대수학_raw_wikitext_20260705.txt,Korean source-body term observation only; do not insert into Noether corpus prose without a row-level Korean queue and source-context check.,literal substring count over saved Korean wikitext; no morphological disambiguation; no source snippets copied,UTF-8 Hangul/Hanja fallback source term; keep outside TeX math; verify Korean font path before any generated draft use.,generated-draft/non-canonical/not native reviewed/not approved/not accepted terminology/not gate-promoted/not complete
cjklex-0040,ko-source-attestation::ko-wiki-backfill-su2-representation::군론,ko,Korean addendum,group,군론,Hangul with possible Hanja,fallback-source-body-term-attestation-not-row-draft,ko-wiki-backfill-su2-representation SU(2)의 표현론 rev 39766810 count 1; native-source-bodies/ko/wiki-bodies/backfill-20260705/ko-wiki-backfill-su2-representation_SU_2_의_표현론_raw_wikitext_20260705.txt,Korean source-body term observation only; do not insert into Noether corpus prose without a row-level Korean queue and source-context check.,literal substring count over saved Korean wikitext; no morphological disambiguation; no source snippets copied,UTF-8 Hangul/Hanja fallback source term; keep outside TeX math; verify Korean font path before any generated draft use.,generated-draft/non-canonical/not native reviewed/not approved/not accepted terminology/not gate-promoted/not complete
cjklex-0040,ko-source-attestation::ko-wiki-backfill-reductive-lie-algebra::군론,ko,Korean addendum,group,군론,Hangul with possible Hanja,fallback-source-body-term-attestation-not-row-draft,ko-wiki-backfill-reductive-lie-algebra 가약 리 대수 rev 39482473 count 1; native-source-bodies/ko/wiki-bodies/backfill-20260705/ko-wiki-backfill-reductive-lie-algebra_가약_리_대수_raw_wikitext_20260705.txt,Korean source-body term observation only; do not insert into Noether corpus prose without a row-level Korean queue and source-context check.,literal substring count over saved Korean wikitext; no morphological disambiguation; no source snippets copied,UTF-8 Hangul/Hanja fallback source term; keep outside TeX math; verify Korean font path before any generated draft use.,generated-draft/non-canonical/not native reviewed/not approved/not accepted terminology/not gate-promoted/not complete
cjklex-0040,ko-source-attestation::ko-wiki-backfill-homomorphism-theorem::군론,ko,Korean addendum,group,군론,Hangul with possible Hanja,fallback-source-body-term-attestation-not-row-draft,ko-wiki-backfill-homomorphism-theorem 준동형 정리 rev 39209009 count 1; native-source-bodies/ko/wiki-bodies/backfill-20260705/ko-wiki-backfill-homomorphism-theorem_준동형_정리_raw_wikitext_20260705.txt,Korean source-body term observation only; do not insert into Noether corpus prose without a row-level Korean queue and source-context check.,literal substring count over saved Korean wikitext; no morphological disambiguation; no source snippets copied,UTF-8 Hangul/Hanja fallback source term; keep outside TeX math; verify Korean font path before any generated draft use.,generated-draft/non-canonical/not native reviewed/not approved/not accepted terminology/not gate-promoted/not complete
cjklex-0040,ko-source-attestation::ko-wiki-backfill-flat-module::군론,ko,Korean addendum,group,군론,Hangul with possible Hanja,fallback-source-body-term-attestation-not-row-draft,ko-wiki-backfill-flat-module 평탄 가군 rev 39344899 count 1; native-source-bodies/ko/wiki-bodies/backfill-20260705/ko-wiki-backfill-flat-module_평탄_가군_raw_wikitext_20260705.txt,Korean source-body term observation only; do not insert into Noether corpus prose without a row-level Korean queue and source-context check.,literal substring count over saved Korean wikitext; no morphological disambiguation; no source snippets copied,UTF-8 Hangul/Hanja fallback source term; keep outside TeX math; verify Korean font path before any generated draft use.,generated-draft/non-canonical/not native reviewed/not approved/not accepted terminology/not gate-promoted/not complete
cjklex-0041,term-zh-hans-0008,zh-Hans,Simplified Chinese,division ring,除环,Simplified Han,source-canon-sufficient-for-scoped-draft,zh-Hans-src-001 AlJabr-1 TeX source repository | zh-Hans-src-002 AlJabr-2 TeX source repository | CJK-native source-support/codepoint ledgers,"Use near formulas only with the exact source anchor already present in the row packet; keep TeX variables, ideals/modules/rings, and arrows/macros unchanged. Use UTF-8 and a CJK-capable TeX/PDF path. Do not split the target term across inline math; check punctuation, CJK/Latin spacing, and line breaks around formulas.",,"Use UTF-8 and a CJK-capable TeX/PDF path. Do not split the target term across inline math; check punctuation, CJK/Latin spacing, and line breaks around formulas.",generated-draft/non-canonical/not native reviewed/not approved/not accepted terminology/not gate-promoted/not complete
cjklex-0041,ko-source-attestation::ko-wiki-ring-theory::나눗셈환,ko,Korean addendum,division ring,나눗셈환,Hangul with possible Hanja,fallback-source-body-term-attestation-not-row-draft,ko-wiki-ring-theory 환론 rev 39056267 count 1; native-source-bodies/ko/wiki-bodies/ko-wiki-ring-theory_환론_wikitext_20260705.txt,Korean source-body term observation only; do not insert into Noether corpus prose without a row-level Korean queue and source-context check.,literal substring count over saved Korean wikitext; no morphological disambiguation; no source snippets copied,UTF-8 Hangul/Hanja fallback source term; keep outside TeX math; verify Korean font path before any generated draft use.,generated-draft/non-canonical/not native reviewed/not approved/not accepted terminology/not gate-promoted/not complete
cjklex-0041,ko-source-attestation::ko-wiki-field::나눗셈환,ko,Korean addendum,division ring,나눗셈환,Hangul with possible Hanja,fallback-source-body-term-attestation-not-row-draft,ko-wiki-field 체 (수학) rev 41649269 count 4; native-source-bodies/ko/wiki-bodies/ko-wiki-field_체_수학_wikitext_20260705.txt,Korean source-body term observation only; do not insert into Noether corpus prose without a row-level Korean queue and source-context check.,literal substring count over saved Korean wikitext; no morphological disambiguation; no source snippets copied,UTF-8 Hangul/Hanja fallback source term; keep outside TeX math; verify Korean font path before any generated draft use.,generated-draft/non-canonical/not native reviewed/not approved/not accepted terminology/not gate-promoted/not complete
cjklex-0041,ko-source-attestation::ko-wiki-backfill-semisimple-ring::나눗셈환,ko,Korean addendum,division ring,나눗셈환,Hangul with possible Hanja,fallback-source-body-term-attestation-not-row-draft,ko-wiki-backfill-semisimple-ring 반단순환 rev 39375212 count 4; native-source-bodies/ko/wiki-bodies/backfill-20260705/ko-wiki-backfill-semisimple-ring_반단순환_raw_wikitext_20260705.txt,Korean source-body term observation only; do not insert into Noether corpus prose without a row-level Korean queue and source-context check.,literal substring count over saved Korean wikitext; no morphological disambiguation; no source snippets copied,UTF-8 Hangul/Hanja fallback source term; keep outside TeX math; verify Korean font path before any generated draft use.,generated-draft/non-canonical/not native reviewed/not approved/not accepted terminology/not gate-promoted/not complete
