archive_path,source_basename,bytes,sha256,width_px,height_px,color_mode,embedded_dpi_x,embedded_dpi_y,modified_utc,category,public_disposition,parent_pdf_index_0based,parent_pdf_page_1based,printed_page,expose,linked_tex_object,linked_audit_entry,generator_script_basename,generator_source_sha256,generator_timestamp,generator_tool_class,generator_candidate_count,bbox_coordinate_system,bbox_fx0,bbox_fy0,bbox_fx1,bbox_fy1,render_dpi,processing_profile,description,session_read_count,first_read_timestamp,last_read_timestamp,viewer_attachment_count,viewer_attachment_sha256,viewer_attachment_dimensions,viewer_source_lanczos_max_mean_absolute_error,viewer_source_lanczos_max_changed_fraction,viewer_attachment_correlation,replay_disposition,qa_disposition,parent_scan_sha256
images/targeted_ultradetail/z632_ref.png,z632_ref.png,33237,DEABAC2C5B13C0D20B6E0951D5E950FBB648F01FE8C70CE6FA39C447BB094235,12034,1258,L,,,2026-07-16T15:59:09.757568+00:00,targeted_symbol_formula_ultradetail_crop,public_targeted_source_audit_evidence_no_license_grant,632,633,619,XIII,sga6_fr_workpass.tex,1384,z632.py,1DB775B319B29A67933583A466E447939CCA60DBC1D50350CF0BB5A5B6A4D70B,2026-07-16T15:59:00.830Z,Write,1,fraction_of_parent_page,0.05,0.048,0.6,0.085,3600,grayscale;autocontrast_cutoff_1;contrast_2.0;sharpness_1.7,"a) ""Si n >= m, alors beta_n est surjectif par 2.3 (ii) ; donc alpha_{n+1}...""",1,2026-07-16T15:59:14.480Z,2026-07-16T15:59:14.480Z,1,2E40D7D3B4119DCA531A2101403AE3712999BA82B169E52682A4A1823CC12F9F,1999x209,0.010565091158,0.010414298058,PASS,dimensions_exact_renderer_version_pixel_drift_disclosed_source_identity_and_viewer_attachment_correlation_pass,opened_in_cold_source_reverification_not_translation_certification,73FBBAD41340C12ECCDCFCF6C3A1656953FE3D712AA8E391678458CCD17B4BAA
images/targeted_ultradetail/z632_strict.png,z632_strict.png,52245,58788EEA82D8AD63BCE5956D7C2123379EF31A0802C0633C2E66075B21E52A9B,13128,1360,L,,,2026-07-16T15:59:10.238820+00:00,targeted_symbol_formula_ultradetail_crop,public_targeted_source_audit_evidence_no_license_grant,632,633,619,XIII,sga6_fr_workpass.tex,1384,z632.py,1DB775B319B29A67933583A466E447939CCA60DBC1D50350CF0BB5A5B6A4D70B,2026-07-16T15:59:00.830Z,Write,1,fraction_of_parent_page,0.3,0.085,0.9,0.125,3600,grayscale;autocontrast_cutoff_1;contrast_2.0;sharpness_1.7,"b) ""donc |-> n^1(F(n)) est strictement decroissant""",1,2026-07-16T15:59:31.389Z,2026-07-16T15:59:31.389Z,1,1643CF771703CF291245D584D18040A4529181375606DDF19FF5E1CB76CCAAEC,1998x207,0.079840710275,0.033615741345,PASS,dimensions_exact_renderer_version_pixel_drift_disclosed_source_identity_and_viewer_attachment_correlation_pass,opened_in_cold_source_reverification_not_translation_certification,73FBBAD41340C12ECCDCFCF6C3A1656953FE3D712AA8E391678458CCD17B4BAA
images/targeted_ultradetail/z632b_mapsto.png,z632b_mapsto.png,58108,E9219B423A68C3754314FD6694A51D810E1C132938F6E18E299D2338605C6D28,15827,1587,L,,,2026-07-16T16:06:29.902446+00:00,targeted_symbol_formula_ultradetail_crop,public_targeted_source_audit_evidence_no_license_grant,632,633,619,XIII,sga6_fr_workpass.tex,1384,z632b.py,26133C4FFA375D4FD08FA3714C20E1A836BDC43F5ED7F84D52056BA928BB54E8,2026-07-16T16:06:20.586Z,Write,1,fraction_of_parent_page,0.3,0.125,0.92,0.165,4200,grayscale;autocontrast_cutoff_1;contrast_2.0;sharpness_1.7,"a) la ligne du mapsto : ""alors h^1(F(n-1)) > h^1(F(n)) ; donc |-> ?^1(F(n))""",1,2026-07-16T16:06:36.651Z,2026-07-16T16:06:36.651Z,1,6DBBD5498F5345A80066A8EE8F7B35A58A51D51299F7549F98300B7E9D102C6A,1995x200,0.042506265664,0.021481203008,PASS,dimensions_exact_renderer_version_pixel_drift_disclosed_source_identity_and_viewer_attachment_correlation_pass,opened_in_cold_source_reverification_not_translation_certification,73FBBAD41340C12ECCDCFCF6C3A1656953FE3D712AA8E391678458CCD17B4BAA
images/targeted_ultradetail/z632b_strict.png,z632b_strict.png,57843,69E2F7D637FAD4B2C5F0CC28FD8F9E335B468406740C9EC5ABE10C80EB0E9593,15317,1587,L,,,2026-07-16T16:06:30.536585+00:00,targeted_symbol_formula_ultradetail_crop,public_targeted_source_audit_evidence_no_license_grant,632,633,619,XIII,sga6_fr_workpass.tex,1384,z632b.py,26133C4FFA375D4FD08FA3714C20E1A836BDC43F5ED7F84D52056BA928BB54E8,2026-07-16T16:06:20.586Z,Write,1,fraction_of_parent_page,0.05,0.16,0.65,0.2,4200,grayscale;autocontrast_cutoff_1;contrast_2.0;sharpness_1.7,"b) la ligne ""est strictement decroissant depuis h^1(F(m-1))""",1,2026-07-16T16:07:01.241Z,2026-07-16T16:07:01.241Z,1,43C4315E05F90F0F55FCE26F2FA52C45421CBCF588F14C2D377F15154D6D1A51,1997x207,0.053202992895,0.024406174479,PASS,dimensions_exact_renderer_version_pixel_drift_disclosed_source_identity_and_viewer_attachment_correlation_pass,opened_in_cold_source_reverification_not_translation_certification,73FBBAD41340C12ECCDCFCF6C3A1656953FE3D712AA8E391678458CCD17B4BAA
images/targeted_ultradetail/z632c_dimsupp.png,z632c_dimsupp.png,44893,35D73D03FCA4AD446E8D2296599FA038DB1CED583A0908910925F01E1E610BE5,12764,1587,L,,,2026-07-16T16:08:55.500577+00:00,targeted_symbol_formula_ultradetail_crop,public_targeted_source_audit_evidence_no_license_grant,632,633,619,XIII,sga6_fr_workpass.tex,1384,z632c.py,E1A235F4E26203F02229394DE00B716E2A12F5406D01D9DA7F50C088A5CDB682,2026-07-16T16:08:45.663Z,Write,1,fraction_of_parent_page,0.05,0.245,0.55,0.285,4200,grayscale;autocontrast_cutoff_1;contrast_2.0;sharpness_1.7,"3) "">= dim.supp(F) et (b) = (b_o,...,b_r)"" -- b2, ligne 2 de la Def 1.5",1,2026-07-16T16:09:00.356Z,2026-07-16T16:09:00.356Z,1,966F55B1DFBC129452AABA576D6FE92CECB94059C37F6C3D38DF8C478101D23F,1995x248,0.070836365106,0.026564394858,PASS,dimensions_exact_renderer_version_pixel_drift_disclosed_source_identity_and_viewer_attachment_correlation_pass,opened_in_cold_source_reverification_not_translation_certification,73FBBAD41340C12ECCDCFCF6C3A1656953FE3D712AA8E391678458CCD17B4BAA
images/targeted_ultradetail/z632c_sigma.png,z632c_sigma.png,44953,5F83B73B2661AEF94881C0668BE3988AF79397C9B49003DB1667C5BEE0AC3749,14040,1587,L,,,2026-07-16T16:08:56.096011+00:00,targeted_symbol_formula_ultradetail_crop,public_targeted_source_audit_evidence_no_license_grant,632,633,619,XIII,sga6_fr_workpass.tex,1384,z632c.py,E1A235F4E26203F02229394DE00B716E2A12F5406D01D9DA7F50C088A5CDB682,2026-07-16T16:08:45.663Z,Write,1,fraction_of_parent_page,0.05,0.425,0.6,0.465,4200,grayscale;autocontrast_cutoff_1;contrast_2.0;sharpness_1.7,"4) ""des zeros de sigma_1,...,sigma_?, alors h^o(F_i(-1)) <= b_i."" -- fin du (1.5.2)",1,2026-07-16T16:09:13.251Z,2026-07-16T16:09:13.251Z,1,C920C3CBEC4D7DA7954A7251F59C5A966C326770031B92A9C50CAF3F1F45BE6D,1999x226,0.032604797974,0.015193437427,PASS,dimensions_exact_renderer_version_pixel_drift_disclosed_source_identity_and_viewer_attachment_correlation_pass,opened_in_cold_source_reverification_not_translation_certification,73FBBAD41340C12ECCDCFCF6C3A1656953FE3D712AA8E391678458CCD17B4BAA
images/targeted_ultradetail/z632d_sig_b.png,z632d_sig_b.png,50534,83B0BB55FA623FB1229AF530DA562BA1AE0B3CCA8B5CE6C7950301C63A2C1219,14551,1587,L,,,2026-07-16T16:09:53.788435+00:00,targeted_symbol_formula_ultradetail_crop,public_targeted_source_audit_evidence_no_license_grant,632,633,619,XIII,sga6_fr_workpass.tex,1384,z632d.py,0B54C86DEFB9B6FFE78136F6A8D1AFD4AF824249114F3C3E34DBC398E10AF072,2026-07-16T16:09:42.507Z,Write,1,fraction_of_parent_page,0.05,0.525,0.62,0.565,4200,grayscale;autocontrast_cutoff_1;contrast_2.0;sharpness_1.7,,1,2026-07-16T16:10:03.114Z,2026-07-16T16:10:03.114Z,1,FBE6D489CF2938F1BB4D2043D28960CB2BE0A02A71AB3998F02D96CC3A9C2A11,1998x218,0.078094149195,0.029974929057,PASS,dimensions_exact_renderer_version_pixel_drift_disclosed_source_identity_and_viewer_attachment_correlation_pass,opened_in_cold_source_reverification_not_translation_certification,73FBBAD41340C12ECCDCFCF6C3A1656953FE3D712AA8E391678458CCD17B4BAA
images/targeted_ultradetail/z632e_b.png,z632e_b.png,49660,1331F6E878C648B9548FD6B932E000A691B731B15C6630DF9DE3834B0FF9F281,14551,1586,L,,,2026-07-16T16:18:35.250477+00:00,targeted_symbol_formula_ultradetail_crop,public_targeted_source_audit_evidence_no_license_grant,632,633,619,XIII,sga6_fr_workpass.tex,1384,z632e.py,20BD7E4279A16C69DCB2EFB43110B3C32F3B72EDC36C2F1CA777BC9042E0F21A,2026-07-16T16:18:23.589Z,Write,1,fraction_of_parent_page,0.05,0.58,0.62,0.62,4200,grayscale;autocontrast_cutoff_1;contrast_2.0;sharpness_1.7,,1,2026-07-16T16:18:41.789Z,2026-07-16T16:18:41.789Z,1,EC19402E6C69326988255FF0C822C7C5F397E42DE3C93E418D88FC4A3E75A813,1991x217,0.042928199941,0.017792045773,PASS,dimensions_exact_renderer_version_pixel_drift_disclosed_source_identity_and_viewer_attachment_correlation_pass,opened_in_cold_source_reverification_not_translation_certification,73FBBAD41340C12ECCDCFCF6C3A1656953FE3D712AA8E391678458CCD17B4BAA
images/targeted_ultradetail/z632f_a.png,z632f_a.png,59191,6E819771CE436C98B1B7A91383C7D8A6A7C7565764B60A5B1A422631BA4A9753,16083,1587,L,,,2026-07-16T16:19:32.578607+00:00,targeted_symbol_formula_ultradetail_crop,public_targeted_source_audit_evidence_no_license_grant,632,633,619,XIII,sga6_fr_workpass.tex,1384,z632f.py,47D02AE66A9752DC70915ADB110773E171CDA5B36A8E2913E964AA24AE34CC7C,2026-07-16T16:19:21.394Z,Write,1,fraction_of_parent_page,0.05,0.71,0.68,0.75,4200,grayscale;autocontrast_cutoff_1;contrast_2.0;sharpness_1.7,"Prop 1.6 (i), 2e ligne : ""zeros de sigma_1,...,sigma_?, alors h^o(F_{sigma,i}(-1)) <= b_i, ou 0<=i<=r.""",1,2026-07-16T16:19:39.118Z,2026-07-16T16:19:39.118Z,1,BA2A6CA0C94FE0F2B5811CCDA4D6A675A6275B2013A6DB3CA2514B088E4B1647,1996x197,0.090928048991,0.032664313398,PASS,dimensions_exact_renderer_version_pixel_drift_disclosed_source_identity_and_viewer_attachment_correlation_pass,opened_in_cold_source_reverification_not_translation_certification,73FBBAD41340C12ECCDCFCF6C3A1656953FE3D712AA8E391678458CCD17B4BAA
images/targeted_ultradetail/z632g_d152.png,z632g_d152.png,19841,C0C9B77260C535B856F2C1A4487E044C3B928322147E492874BE3BB15AAE2CE0,5107,2010,L,,,2026-07-16T16:20:21.586959+00:00,targeted_symbol_formula_ultradetail_crop,public_targeted_source_audit_evidence_no_license_grant,632,633,619,XIII,sga6_fr_workpass.tex,1384,z632g.py,FA39DDB864141F2E7F42AC266C07D7D140F62DBCC962A2A98DD6C65B6C95799F,2026-07-16T16:20:11.740Z,Write,1,fraction_of_parent_page,0.19,0.58,0.34,0.618,5600,grayscale;autocontrast_cutoff_1;contrast_2.0;sharpness_1.7,"(1.5.2) : ""sigma_1,...,sigma_?"" -- TRES SERRE",1,2026-07-16T16:20:28.563Z,2026-07-16T16:20:28.563Z,1,51024FF5E25A0DC10E6ABC5EC9E9B23B969530C491C09B8F337CB1A1FFC76917,1999x787,0.004123408591,0.001875143417,PASS,dimensions_exact_renderer_version_pixel_drift_disclosed_source_identity_and_viewer_attachment_correlation_pass,opened_in_cold_source_reverification_not_translation_certification,73FBBAD41340C12ECCDCFCF6C3A1656953FE3D712AA8E391678458CCD17B4BAA
images/targeted_ultradetail/z632g_p16.png,z632g_p16.png,20287,5F016783DB57BAE3DD17D67EAE46AAB5B9AD78B806B4650121F8F6B1C916D990,5106,2009,L,,,2026-07-16T16:20:21.893056+00:00,targeted_symbol_formula_ultradetail_crop,public_targeted_source_audit_evidence_no_license_grant,632,633,619,XIII,sga6_fr_workpass.tex,1384,z632g.py,FA39DDB864141F2E7F42AC266C07D7D140F62DBCC962A2A98DD6C65B6C95799F,2026-07-16T16:20:11.740Z,Write,1,fraction_of_parent_page,0.13,0.71,0.28,0.748,5600,grayscale;autocontrast_cutoff_1;contrast_2.0;sharpness_1.7,"Prop 1.6 (i) : ""sigma_1,...,sigma_?"" -- MEME dpi, MEME hauteur (0.038)",1,2026-07-16T16:20:41.041Z,2026-07-16T16:20:41.041Z,1,4AE5D5C781632853C91271D97FA826D8A326BAB559763D93704E427115161AD9,1998x786,0.005953790941,0.002536251264,PASS,dimensions_exact_renderer_version_pixel_drift_disclosed_source_identity_and_viewer_attachment_correlation_pass,opened_in_cold_source_reverification_not_translation_certification,73FBBAD41340C12ECCDCFCF6C3A1656953FE3D712AA8E391678458CCD17B4BAA
images/targeted_ultradetail/z632n_mapsto.png,z632n_mapsto.png,67020,ACA51B56D52443C7AE4BBC1D2B550A29E65E931C6B0191935D0F05AC4136A708,14618,2701,L,,,2026-07-27T20:06:16.675153+00:00,targeted_symbol_formula_ultradetail_crop,public_targeted_source_audit_evidence_no_license_grant,632,633,619,XIII,sga6_fr_workpass.tex,1384,zoom632n.py,BF56B0486B67A2A516FC1A3DDC7B2D807E2CF518FCD9A2FB879B82AB79654752,2026-07-27T20:06:08.638295+00:00,retained_local_generator_script,2,fraction_of_parent_page,0.6,0.138,0.97,0.182,6500,grayscale;autocontrast_cutoff_1;contrast_2.4;sharpness_1.8,,1,2026-07-27T20:06:25.466Z,2026-07-27T20:06:25.466Z,1,E5389C669F779E6D2ECE0B679C173BABE9CC131727F8A15F9DED7069472936F8,1997x369,0.024544947503,0.01248349489,PASS,pixel_exact_and_png_byte_exact,opened_in_cold_source_reverification_not_translation_certification,73FBBAD41340C12ECCDCFCF6C3A1656953FE3D712AA8E391678458CCD17B4BAA
images/targeted_ultradetail/z632n_sig1a.png,z632n_sig1a.png,60469,D5DD4689775BFE46BF07CBD60916F4DA8ED3646340832AC1C7EEE8664E38809D,14618,2701,L,,,2026-07-27T20:06:18.318004+00:00,targeted_symbol_formula_ultradetail_crop,public_targeted_source_audit_evidence_no_license_grant,632,633,619,XIII,sga6_fr_workpass.tex,1384,zoom632n.py,BF56B0486B67A2A516FC1A3DDC7B2D807E2CF518FCD9A2FB879B82AB79654752,2026-07-27T20:06:08.638295+00:00,retained_local_generator_script,2,fraction_of_parent_page,0.05,0.572,0.42,0.616,6500,grayscale;autocontrast_cutoff_1;contrast_2.4;sharpness_1.8,,1,2026-07-27T20:06:26.968Z,2026-07-27T20:06:26.968Z,1,7B50315B9EF957D820D61A2B3EF231C7C36251DE4746DD843E848389DA5F975A,1997x369,0.021397950584,0.0093704242,PASS,pixel_exact_and_png_byte_exact,opened_in_cold_source_reverification_not_translation_certification,73FBBAD41340C12ECCDCFCF6C3A1656953FE3D712AA8E391678458CCD17B4BAA
images/targeted_ultradetail/z632n_sig1b.png,z632n_sig1b.png,63590,F2D4B7400741E2C4044C97D0506D223A1736F920AA47EF6F0DD4A06A7D2C5523,16198,2701,L,,,2026-07-27T20:06:21.103337+00:00,targeted_symbol_formula_ultradetail_crop,public_targeted_source_audit_evidence_no_license_grant,632,633,619,XIII,sga6_fr_workpass.tex,1384,zoom632n.py,BF56B0486B67A2A516FC1A3DDC7B2D807E2CF518FCD9A2FB879B82AB79654752,2026-07-27T20:06:08.638295+00:00,retained_local_generator_script,2,fraction_of_parent_page,0.03,0.7,0.44,0.744,6500,grayscale;autocontrast_cutoff_1;contrast_2.4;sharpness_1.8,,1,2026-07-27T20:06:27.783Z,2026-07-27T20:06:27.783Z,1,0B9DBAF7E2433415DBF351F4E6DB3839E68C484BE7A907FE7A195D4742751146,1997x333,0.02630071233,0.011024043573,PASS,pixel_exact_and_png_byte_exact,opened_in_cold_source_reverification_not_translation_certification,73FBBAD41340C12ECCDCFCF6C3A1656953FE3D712AA8E391678458CCD17B4BAA
images/targeted_ultradetail/z633_f1.png,z633_f1.png,38255,932127CB71B30C9605CCBE3401F420CDE61E5910AEBB773FF63E92E9F7A943BF,13615,2009,L,,,2026-07-16T16:29:52.988692+00:00,targeted_symbol_formula_ultradetail_crop,public_targeted_source_audit_evidence_no_license_grant,633,634,620,XIII,sga6_fr_workpass.tex,1385,z633.py,53CF8810ADA2D1342C21DBF4EBF61640ED76C7A8F6D424D85453B3248EEE0100,2026-07-16T16:29:37.852Z,Write,1,fraction_of_parent_page,0.05,0.28,0.45,0.318,5600,grayscale;autocontrast_cutoff_1;contrast_2.0;sharpness_1.7,"b) ""Lemme 1.7. Soit 0 -> F(1) -> F -> G -> 0""",1,2026-07-16T16:30:00.459Z,2026-07-16T16:30:00.459Z,1,965CCB636E4795E4EE246CC6D2DF9F4D6118B94B6612767B3E6882DA92AE30BA,1999x295,0.027476450089,0.010434030575,PASS,dimensions_exact_renderer_version_pixel_drift_disclosed_source_identity_and_viewer_attachment_correlation_pass,opened_in_cold_source_reverification_not_translation_certification,73FBBAD41340C12ECCDCFCF6C3A1656953FE3D712AA8E391678458CCD17B4BAA
images/targeted_ultradetail/z633_sprime.png,z633_sprime.png,41870,0BA95CF865DFA5BDC129DB2787F9BBB3F001E980D108F419613EF612A7664515,11913,1851,L,,,2026-07-16T16:29:51.667550+00:00,targeted_symbol_formula_ultradetail_crop,public_targeted_source_audit_evidence_no_license_grant,633,634,620,XIII,sga6_fr_workpass.tex,1385,z633.py,53CF8810ADA2D1342C21DBF4EBF61640ED76C7A8F6D424D85453B3248EEE0100,2026-07-16T16:29:37.852Z,Write,1,fraction_of_parent_page,0.1,0.095,0.45,0.13,5600,grayscale;autocontrast_cutoff_1;contrast_2.0;sharpness_1.7,"c) ""En effet, soient S' l'espace affine A^N_k"" -- 1ere ligne du corps",1,2026-07-16T16:30:28.471Z,2026-07-16T16:30:28.471Z,1,E425080145D7C95A61F26064AF62F195E20AC169583C398309D403349A7AFDC2,1995x310,0.022135985124,0.010752688172,PASS,dimensions_exact_renderer_version_pixel_drift_disclosed_source_identity_and_viewer_attachment_correlation_pass,opened_in_cold_source_reverification_not_translation_certification,73FBBAD41340C12ECCDCFCF6C3A1656953FE3D712AA8E391678458CCD17B4BAA
images/targeted_ultradetail/z633_un.png,z633_un.png,36529,29B8C5C71F1B2184A724EDABA64FC5A343D5A4388459637BB039D1679C7C0157,11914,2010,L,,,2026-07-16T16:29:52.285612+00:00,targeted_symbol_formula_ultradetail_crop,public_targeted_source_audit_evidence_no_license_grant,633,634,620,XIII,sga6_fr_workpass.tex,1385,z633.py,53CF8810ADA2D1342C21DBF4EBF61640ED76C7A8F6D424D85453B3248EEE0100,2026-07-16T16:29:37.852Z,Write,1,fraction_of_parent_page,0.05,0.19,0.4,0.228,5600,grayscale;autocontrast_cutoff_1;contrast_2.0;sharpness_1.7,"a) ""non-vide. Donc (1) resulte de la propriete"" -- ligne suivante",1,2026-07-16T16:30:11.302Z,2026-07-16T16:30:11.302Z,1,79258C5D050739D3CBD17DA46A7403EC7DEEAF302B865F55A272BC55FBD566FD,1997x337,0.020392606714,0.008248277461,PASS,dimensions_exact_renderer_version_pixel_drift_disclosed_source_identity_and_viewer_attachment_correlation_pass,opened_in_cold_source_reverification_not_translation_certification,73FBBAD41340C12ECCDCFCF6C3A1656953FE3D712AA8E391678458CCD17B4BAA
images/targeted_ultradetail/z633b_f1.png,z633b_f1.png,41142,323F0D6DF9E4134810846102ED5580FA06AECC60F9E8A81E7959A16441769FCA,13615,2115,L,,,2026-07-16T16:39:33.876969+00:00,targeted_symbol_formula_ultradetail_crop,public_targeted_source_audit_evidence_no_license_grant,633,634,620,XIII,sga6_fr_workpass.tex,1385,z633b.py,071F993AF62C4AE437E7F3AF4484207C122A08D24F639B918EB48592C29649E6,2026-07-16T16:39:22.167Z,Write,1,fraction_of_parent_page,0.05,0.32,0.45,0.36,5600,grayscale;autocontrast_cutoff_1;contrast_2.0;sharpness_1.7,"1) ""Lemme 1.7. Soit 0 -> F(?1) -> F -> G -> 0"" -- PLUS BAS",1,2026-07-16T16:39:57.529Z,2026-07-16T16:39:57.529Z,1,5D4CB45E5F4EA0BABEE0DAAB2DA2741CDC7268177F402AF401D9DAF7159F5716,1996x310,0.025281207576,0.009957010796,PASS,dimensions_exact_renderer_version_pixel_drift_disclosed_source_identity_and_viewer_attachment_correlation_pass,opened_in_cold_source_reverification_not_translation_certification,73FBBAD41340C12ECCDCFCF6C3A1656953FE3D712AA8E391678458CCD17B4BAA
images/targeted_ultradetail/z633b_sprime.png,z633b_sprime.png,49108,8E0DD4CAD0C27B150187E590F9709A3731EB046D72C28671FA7C8CF187222980,13615,2115,L,,,2026-07-16T16:39:33.131192+00:00,targeted_symbol_formula_ultradetail_crop,public_targeted_source_audit_evidence_no_license_grant,633,634,620,XIII,sga6_fr_workpass.tex,1385,z633b.py,071F993AF62C4AE437E7F3AF4484207C122A08D24F639B918EB48592C29649E6,2026-07-16T16:39:22.167Z,Write,1,fraction_of_parent_page,0.1,0.06,0.5,0.1,5600,grayscale;autocontrast_cutoff_1;contrast_2.0;sharpness_1.7,"2) ""En effet, soient S' l'espace affine A^N_k"" -- LIGNE 1 du corps, PLUS HAUT",1,2026-07-16T16:40:19.538Z,2026-07-16T16:40:19.538Z,1,5C26B9B05CD4B76EE4BD15E14CB91E036FF8EA8B8A88B020390A32864C364A2F,1996x310,0.01527409658,0.008218049001,PASS,dimensions_exact_renderer_version_pixel_drift_disclosed_source_identity_and_viewer_attachment_correlation_pass,opened_in_cold_source_reverification_not_translation_certification,73FBBAD41340C12ECCDCFCF6C3A1656953FE3D712AA8E391678458CCD17B4BAA
images/targeted_ultradetail/z633n_F1cand.png,z633n_F1cand.png,55723,A9FB37E9C3E177308D117786DBF54D93D5617D4E5A2B83B6B5492508C2251278,20544,2087,L,,,2026-07-27T20:14:07.039315+00:00,targeted_symbol_formula_ultradetail_crop,public_targeted_source_audit_evidence_no_license_grant,633,634,620,XIII,sga6_fr_workpass.tex,1385,zoom633n.py,1EE96AB6B4C211A7E58E86C6F85ABAD8E6CA48E65F3625FDE0DB5E0AAD3BD169,2026-07-27T20:14:00.052884+00:00,retained_local_generator_script,2,fraction_of_parent_page,0.03,0.318,0.55,0.352,6500,grayscale;autocontrast_cutoff_1;contrast_2.4;sharpness_1.8,,1,2026-07-27T20:14:13.100Z,2026-07-27T20:14:13.100Z,1,5F3B064C7ECE6E8DD9F98A37C770AEA56DFFFC3C47933CD65909EB20D1D0319B,1998x203,0.039211625419,0.014521911074,PASS,pixel_exact_and_png_byte_exact,opened_in_cold_source_reverification_not_translation_certification,73FBBAD41340C12ECCDCFCF6C3A1656953FE3D712AA8E391678458CCD17B4BAA
images/targeted_ultradetail/z633n_Fm1ref.png,z633n_Fm1ref.png,59407,80E76CA23D7797DD1FBFA3995933F816E211CA683821CE933AE2D306C9DE6AB8,20544,2455,L,,,2026-07-27T20:14:09.175190+00:00,targeted_symbol_formula_ultradetail_crop,public_targeted_source_audit_evidence_no_license_grant,633,634,620,XIII,sga6_fr_workpass.tex,1385,zoom633n.py,1EE96AB6B4C211A7E58E86C6F85ABAD8E6CA48E65F3625FDE0DB5E0AAD3BD169,2026-07-27T20:14:00.052884+00:00,retained_local_generator_script,2,fraction_of_parent_page,0.03,0.905,0.55,0.945,6500,grayscale;autocontrast_cutoff_1;contrast_2.4;sharpness_1.8,,1,2026-07-27T20:14:14.243Z,2026-07-27T20:14:14.243Z,1,5CDE5E51581E088E79DF3802135C0184A07E4F4C41E65D0BA8342EF287600C3D,1992x238,0.001449073605,0.001434308663,PASS,pixel_exact_and_png_byte_exact,opened_in_cold_source_reverification_not_translation_certification,73FBBAD41340C12ECCDCFCF6C3A1656953FE3D712AA8E391678458CCD17B4BAA
images/targeted_ultradetail/z634_bi.png,z634_bi.png,43296,5E921F88E7A1DB2C3E4448FD884D13A71B0DBCDC0C08A3C1A58718F9C162AAF3,15997,2116,L,,,2026-07-16T16:53:03.785664+00:00,targeted_symbol_formula_ultradetail_crop,public_targeted_source_audit_evidence_no_license_grant,634,635,621,XIII,sga6_fr_workpass.tex,1386,z634.py,8D0D47889666CF580EE77338AC3E0EDEA2875462CB181B566DAB99E43A4260D6,2026-07-16T16:52:28.629Z,Write,1,fraction_of_parent_page,0.45,0.22,0.92,0.26,5600,grayscale;autocontrast_cutoff_1;contrast_2.0;sharpness_1.7,"b) ""Enfin, par 1.7 et recurrence sur s, a_s<=b_s et G est un (b_?,...,b_{s-1},a_s)-""",1,2026-07-16T16:53:31.349Z,2026-07-16T16:53:31.349Z,1,FA077F0C1002AC86ECF63ACFB0D6E295FDD49FC7FE71A4862DAAD8C41EFBCE30,1996x264,0.027826486306,0.009932744276,PASS,dimensions_exact_renderer_version_pixel_drift_disclosed_source_identity_and_viewer_attachment_correlation_pass,opened_in_cold_source_reverification_not_translation_certification,73FBBAD41340C12ECCDCFCF6C3A1656953FE3D712AA8E391678458CCD17B4BAA
images/targeted_ultradetail/z634_br.png,z634_br.png,53288,5F3BFC5FDDDC1C2139E3DA04A3E77D03482E4E7CDF5EF46CEFEFBEE8E7B83F89,17019,2115,L,,,2026-07-16T16:53:02.925815+00:00,targeted_symbol_formula_ultradetail_crop,public_targeted_source_audit_evidence_no_license_grant,634,635,621,XIII,sga6_fr_workpass.tex,1386,z634.py,8D0D47889666CF580EE77338AC3E0EDEA2875462CB181B566DAB99E43A4260D6,2026-07-16T16:52:28.629Z,Write,1,fraction_of_parent_page,0.05,0.055,0.55,0.095,5600,grayscale;autocontrast_cutoff_1;contrast_2.0;sharpness_1.7,"a) ""avec G un (b_1,...,b_?)-faisceau et dim.supp(G)=s-1. Alors""",1,2026-07-16T16:53:11.284Z,2026-07-16T16:53:11.284Z,1,9312D67802445054E594BBD2306756AD0A8142DD9EBDAFBCC162D995E1A9C69D,1996x248,0.039268052233,0.014137145258,PASS,dimensions_exact_renderer_version_pixel_drift_disclosed_source_identity_and_viewer_attachment_correlation_pass,opened_in_cold_source_reverification_not_translation_certification,73FBBAD41340C12ECCDCFCF6C3A1656953FE3D712AA8E391678458CCD17B4BAA
images/targeted_ultradetail/z634b_sum_a.png,z634b_sum_a.png,42937,B89CA72D0A22FFE3EB9C1F1520FD58FF54D413D2F9A8067807AF1D2AEC7DAB68,13615,2116,L,,,2026-07-16T17:01:00.069956+00:00,targeted_symbol_formula_ultradetail_crop,public_targeted_source_audit_evidence_no_license_grant,634,635,621,XIII,sga6_fr_workpass.tex,1386,z634b.py,AEBFB2BE2878CB9B69C832E32830D4785EF07E31A94775D43E78842DEF876966,2026-07-16T16:59:47.384Z,Write,1,fraction_of_parent_page,0.05,0.31,0.6,0.35,5600,grayscale;autocontrast_cutoff_1;contrast_2.0;sharpness_1.7,"""un (b)-faisceau sur X et chi(F(n)) = Sum^?_{i=0} a_i(n+i/i) le polynome de Hilbert""",1,2026-07-16T17:01:09.336Z,2026-07-16T17:01:09.336Z,1,CE1E9DA17B405E9D677C20D24E46D2CC45136CEF4F4C8FAE88DD33C8C1DE9A1D,1995x310,0.029772819145,0.011559544021,PASS,renderer_version_geometry_and_pixel_drift_disclosed_source_identity_and_viewer_attachment_correlation_pass,opened_in_cold_source_reverification_not_translation_certification,73FBBAD41340C12ECCDCFCF6C3A1656953FE3D712AA8E391678458CCD17B4BAA
images/targeted_ultradetail/z634n_b1br.png,z634n_b1br.png,68687,06E9B152DAA3DE2F3A719BB163989A77714724EA85D9EED8FDCC1296A51B4B73,23309,2455,L,,,2026-07-27T20:22:35.015579+00:00,targeted_symbol_formula_ultradetail_crop,public_targeted_source_audit_evidence_no_license_grant,634,635,621,XIII,sga6_fr_workpass.tex,1386,zoom634n.py,B5F1503D647BB9D8E102C616B4F8165B8FC00496774824FA7A737B05DC6296E2,2026-07-27T20:22:27.013811+00:00,retained_local_generator_script,2,fraction_of_parent_page,0.03,0.095,0.62,0.135,6500,grayscale;autocontrast_cutoff_1;contrast_2.4;sharpness_1.8,,1,2026-07-27T20:22:39.373Z,2026-07-27T20:22:39.373Z,1,4E962CFE78C52567BA90227B64841674262AC4030272FA22D97901BC5EF2F03E,1994x210,0.047989205712,0.016143669103,PASS,pixel_exact_and_png_byte_exact,opened_in_cold_source_reverification_not_translation_certification,73FBBAD41340C12ECCDCFCF6C3A1656953FE3D712AA8E391678458CCD17B4BAA
images/targeted_ultradetail/z635_hq_a.png,z635_hq_a.png,87811,ED3402EDDCA74D88E45D35F998774B37ABEF39641013C3EFD95A9A78E91D7954,22124,2380,L,,,2026-07-16T17:10:27.849492+00:00,targeted_symbol_formula_ultradetail_crop,public_targeted_source_audit_evidence_no_license_grant,635,636,622,XIII,sga6_fr_workpass.tex,1387,z635.py,4F3BC3D9906FA0F7DA68EE9F2E84464D1D0BE40B07B71F3734D581ACB07C0E3A,2026-07-16T17:10:13.056Z,Write,1,fraction_of_parent_page,0.05,0.2,0.7,0.245,5600,grayscale;autocontrast_cutoff_1;contrast_2.0;sharpness_1.7,"""et h^q(F(n-1))=0 pour q >= 2. Donc, h^1(F(n-1))=h^o(F(n-1))-chi(F(n-1)), ce"" b2 => ~y 0.20-0.24. Marge en haut pour l'exposant.",1,2026-07-16T17:10:37.058Z,2026-07-16T17:10:37.058Z,1,0574E8D1D917E676E6FE22B67CB04C463B92930010F3696DDCBE4601AE4C0E60,1998x215,0.106099122378,0.039192681053,PASS,dimensions_exact_renderer_version_pixel_drift_disclosed_source_identity_and_viewer_attachment_correlation_pass,opened_in_cold_source_reverification_not_translation_certification,73FBBAD41340C12ECCDCFCF6C3A1656953FE3D712AA8E391678458CCD17B4BAA
images/targeted_ultradetail/z635b_otimes.png,z635b_otimes.png,55338,52B2CDA73CB19F88A656B414CA681E0CFE4F9928D498744A52BA64613B3CCCDA,15317,2379,L,,,2026-07-16T17:18:15.677501+00:00,targeted_symbol_formula_ultradetail_crop,public_targeted_source_audit_evidence_no_license_grant,635,636,622,XIII,sga6_fr_workpass.tex,1387,z635b.py,3E7F8CB95AF0090F3BEA44D4722AF4C287978C6CF27B84215C8D2B275D3ADA59,2026-07-16T17:17:23.693Z,Write,1,fraction_of_parent_page,0.05,0.445,0.55,0.49,5600,grayscale;autocontrast_cutoff_1;contrast_2.0;sharpness_1.7,"a) ""que F_{K''}(=F_K (x)_K K'') et F'_{K''} soient isomorphes sur X_{K''}.""",1,2026-07-16T17:18:25.704Z,2026-07-16T17:18:25.704Z,1,DE831D448E2348ED6CB4D34E5A34777690E0A4699BBF33513B82CD6C15CEC6E0,1996x310,0.06379210033,0.024670308359,PASS,renderer_version_geometry_and_pixel_drift_disclosed_source_identity_and_viewer_attachment_correlation_pass,opened_in_cold_source_reverification_not_translation_certification,73FBBAD41340C12ECCDCFCF6C3A1656953FE3D712AA8E391678458CCD17B4BAA
images/targeted_ultradetail/z635b_xxs.png,z635b_xxs.png,73054,E8976B003A6F5467367ACE4CCB5E12FA5191DA55296CBD8F494263A34AA46805,18721,2380,L,,,2026-07-16T17:18:16.804467+00:00,targeted_symbol_formula_ultradetail_crop,public_targeted_source_audit_evidence_no_license_grant,635,636,622,XIII,sga6_fr_workpass.tex,1387,z635b.py,3E7F8CB95AF0090F3BEA44D4722AF4C287978C6CF27B84215C8D2B275D3ADA59,2026-07-16T17:17:23.693Z,Write,1,fraction_of_parent_page,0.05,0.485,0.6,0.53,5600,grayscale;autocontrast_cutoff_1;contrast_2.0;sharpness_1.7,"a-bis) ""est dite limitee par le faisceau coherent F sur X_T = XX_S T ou T est de""",1,2026-07-16T17:19:36.513Z,2026-07-16T17:19:36.513Z,1,8031884C8A14EA17151778CEFE0F56BA50DB8EB74EB5B0687F50C14205A19AF4,1997x254,0.060366139761,0.02349193081,PASS,renderer_version_geometry_and_pixel_drift_disclosed_source_identity_and_viewer_attachment_correlation_pass,opened_in_cold_source_reverification_not_translation_certification,73FBBAD41340C12ECCDCFCF6C3A1656953FE3D712AA8E391678458CCD17B4BAA
images/targeted_ultradetail/z635d_A_dite_limitee.png,z635d_A_dite_limitee.png,44636,9A46876CE94329C6C1114C5FF7CCFFC545D61E6CA7AFCE000E5232BAAEF70CD0,17019,1692,L,,,2026-07-16T17:29:15.903461+00:00,targeted_symbol_formula_ultradetail_crop,public_targeted_source_audit_evidence_no_license_grant,635,636,622,XIII,sga6_fr_workpass.tex,1387,z635d.py,F7494BDF004B7B28CEBB1DEF96422446308C8BB4CDBCED636CCA54171E7BFB9A,2026-07-16T17:29:09.399Z,Write,1,fraction_of_parent_page,0.05,0.546,0.55,0.578,5600,grayscale;autocontrast_cutoff_1;contrast_2.0;sharpness_1.7,"A) calibration du souligne : ""F est dite limitee par le faisceau coherent F""",1,2026-07-16T17:30:37.523Z,2026-07-16T17:30:37.523Z,1,80E37EC7F905659D7CD89B9524B8890AF89D7C90D8731E2E5A65FC69D7629D05,1992x198,0.051739787433,0.019682264411,PASS,dimensions_exact_renderer_version_pixel_drift_disclosed_source_identity_and_viewer_attachment_correlation_pass,opened_in_cold_source_reverification_not_translation_certification,73FBBAD41340C12ECCDCFCF6C3A1656953FE3D712AA8E391678458CCD17B4BAA
images/targeted_ultradetail/z635d_B_xt_serre.png,z635d_B_xt_serre.png,16494,E6D1A1D81C0A99D55BE83863B930BB217576D09E1D237A35A71D6374D3F4AAD4,5787,1481,L,,,2026-07-16T17:29:16.586176+00:00,targeted_symbol_formula_ultradetail_crop,public_targeted_source_audit_evidence_no_license_grant,635,636,622,XIII,sga6_fr_workpass.tex,1387,z635d.py,F7494BDF004B7B28CEBB1DEF96422446308C8BB4CDBCED636CCA54171E7BFB9A,2026-07-16T17:29:09.399Z,Write,1,fraction_of_parent_page,0.56,0.55,0.73,0.578,5600,grayscale;autocontrast_cutoff_1;contrast_2.0;sharpness_1.7,,1,2026-07-16T17:29:21.171Z,2026-07-16T17:29:21.171Z,1,9D4856033D3F319927AD1263931F0080AAA785CFF26EABACB12B2C20E10B603F,1997x511,0.008810671977,0.003797281049,PASS,dimensions_exact_renderer_version_pixel_drift_disclosed_source_identity_and_viewer_attachment_correlation_pass,opened_in_cold_source_reverification_not_translation_certification,73FBBAD41340C12ECCDCFCF6C3A1656953FE3D712AA8E391678458CCD17B4BAA
images/targeted_ultradetail/z635d_C_bfamille.png,z635d_C_bfamille.png,45487,1521939A73D20E9F6523A7A6070A3E4869EC655A4C85F89B517621B5989B241E,12253,2221,L,,,2026-07-16T17:29:17.290790+00:00,targeted_symbol_formula_ultradetail_crop,public_targeted_source_audit_evidence_no_license_grant,635,636,622,XIII,sga6_fr_workpass.tex,1387,z635d.py,F7494BDF004B7B28CEBB1DEF96422446308C8BB4CDBCED636CCA54171E7BFB9A,2026-07-16T17:29:09.399Z,Write,1,fraction_of_parent_page,0.54,0.692,0.9,0.734,5600,grayscale;autocontrast_cutoff_1;contrast_2.0;sharpness_1.7,"C) ""est dite une (b)-famille,"" -- marge EN BAS pour le souligne",1,2026-07-16T17:29:56.266Z,2026-07-16T17:29:56.266Z,1,5DC9B53FC787938D645E7B56DD13E006F096002B8CA497C450A14BB8612B6959,1997x362,0.018031190432,0.008096398742,PASS,dimensions_exact_renderer_version_pixel_drift_disclosed_source_identity_and_viewer_attachment_correlation_pass,opened_in_cold_source_reverification_not_translation_certification,73FBBAD41340C12ECCDCFCF6C3A1656953FE3D712AA8E391678458CCD17B4BAA
images/targeted_ultradetail/z635d_D_vertu13.png,z635d_D_vertu13.png,21019,437937BD17F5FB964366B1DDE86A47BA827FDB9E50919169830A445902AB0E69,8510,1481,L,,,2026-07-16T17:29:17.632138+00:00,targeted_symbol_formula_ultradetail_crop,public_targeted_source_audit_evidence_no_license_grant,635,636,622,XIII,sga6_fr_workpass.tex,1387,z635d.py,F7494BDF004B7B28CEBB1DEF96422446308C8BB4CDBCED636CCA54171E7BFB9A,2026-07-16T17:29:09.399Z,Write,1,fraction_of_parent_page,0.38,0.276,0.63,0.304,5600,grayscale;autocontrast_cutoff_1;contrast_2.0;sharpness_1.7,"D) ""en vertu de 1.3 (i)"" -- marge EN HAUT (exposants) et assez large pour le ""(i)""",1,2026-07-16T17:30:11.227Z,2026-07-16T17:30:11.227Z,1,3116583B1E6BE5275E727CB7AC5564EBF6D160D16A2A48E8163AEF9ADFA98E99,1999x348,0.014544628636,0.005833376458,PASS,dimensions_exact_renderer_version_pixel_drift_disclosed_source_identity_and_viewer_attachment_correlation_pass,opened_in_cold_source_reverification_not_translation_certification,73FBBAD41340C12ECCDCFCF6C3A1656953FE3D712AA8E391678458CCD17B4BAA
images/targeted_ultradetail/z636b_A_iv_EK.png,z636b_A_iv_EK.png,34205,E2C54FF6D1FDDAB11A6455152CC87B019B87E9F36A363909034EAC71646A75C4,14977,1481,L,,,2026-07-16T17:41:09.801476+00:00,targeted_symbol_formula_ultradetail_crop,public_targeted_source_audit_evidence_no_license_grant,636,637,623,XIII,sga6_fr_workpass.tex,1388,z636b.py,77DA8D6AE7364A51EA5F3FA61A7F927A0204AE49DA852593032F5CACB1F1EDE4,2026-07-16T17:41:01.268Z,Write,1,fraction_of_parent_page,0.28,0.528,0.72,0.556,5600,grayscale;autocontrast_cutoff_1;contrast_2.0;sharpness_1.7,"A) les DEUX ""E"" de la meme ligne + la virgule de ""E_K, ou""",1,2026-07-16T17:42:37.113Z,2026-07-16T17:42:37.113Z,1,A9AF1C2045CE3F644B882990B19A8B802C209B3518533CCF9CF7ACB3457F0B8C,1992x197,0.051319491163,0.019422869142,PASS,dimensions_exact_renderer_version_pixel_drift_disclosed_source_identity_and_viewer_attachment_correlation_pass,opened_in_cold_source_reverification_not_translation_certification,73FBBAD41340C12ECCDCFCF6C3A1656953FE3D712AA8E391678458CCD17B4BAA
images/targeted_ultradetail/z636b_B_v_ou.png,z636b_B_v_ou.png,27306,FC382B40507AAFCF572B153583BA42B144ADB19A7E160B14C2115154E88686CF,11573,1481,L,,,2026-07-16T17:41:10.250935+00:00,targeted_symbol_formula_ultradetail_crop,public_targeted_source_audit_evidence_no_license_grant,636,637,623,XIII,sga6_fr_workpass.tex,1388,z636b.py,77DA8D6AE7364A51EA5F3FA61A7F927A0204AE49DA852593032F5CACB1F1EDE4,2026-07-16T17:41:01.268Z,Write,1,fraction_of_parent_page,0.36,0.616,0.7,0.644,5600,grayscale;autocontrast_cutoff_1;contrast_2.0;sharpness_1.7,"B) ""E_K ou E' et E sont"" -- virgule ou pas ?",1,2026-07-16T17:41:14.796Z,2026-07-16T17:41:14.796Z,1,AFE3400A595FC0086950A34788A056401249EA0873B40DA4CF29745A8D88660C,1993x255,0.03100065917,0.011776511909,PASS,dimensions_exact_renderer_version_pixel_drift_disclosed_source_identity_and_viewer_attachment_correlation_pass,opened_in_cold_source_reverification_not_translation_certification,73FBBAD41340C12ECCDCFCF6C3A1656953FE3D712AA8E391678458CCD17B4BAA
images/targeted_ultradetail/z636b_C_alors.png,z636b_C_alors.png,37504,29F79F903640642102975D0B1DB0F8FEEF0E3CAA681A254CF4C3CC7CCE47E278,13615,1693,L,,,2026-07-16T17:41:10.850636+00:00,targeted_symbol_formula_ultradetail_crop,public_targeted_source_audit_evidence_no_license_grant,636,637,623,XIII,sga6_fr_workpass.tex,1388,z636b.py,77DA8D6AE7364A51EA5F3FA61A7F927A0204AE49DA852593032F5CACB1F1EDE4,2026-07-16T17:41:01.268Z,Write,1,fraction_of_parent_page,0.55,0.774,0.95,0.806,5600,grayscale;autocontrast_cutoff_1;contrast_2.0;sharpness_1.7,"C) ""T. Alors,"" -- virgule ou pas ?",1,2026-07-16T17:41:38.438Z,2026-07-16T17:41:38.438Z,1,4E8DAC9F18FB9E22AA94ABC77A94CDCD1ED4374EC4C7B9BB3D73DAB24591ED1D,1994x248,0.019388811596,0.00893203805,PASS,dimensions_exact_renderer_version_pixel_drift_disclosed_source_identity_and_viewer_attachment_correlation_pass,opened_in_cold_source_reverification_not_translation_certification,73FBBAD41340C12ECCDCFCF6C3A1656953FE3D712AA8E391678458CCD17B4BAA
images/targeted_ultradetail/z637a_A_vertu16.png,z637a_A_vertu16.png,38495,F4FCFAE32733D6FF52219F43CB784B654151A5F4086D4C3323EC4D300FDB09A8,15998,1693,L,,,2026-07-16T17:54:13.462128+00:00,targeted_symbol_formula_ultradetail_crop,public_targeted_source_audit_evidence_no_license_grant,637,638,624,XIII,sga6_fr_workpass.tex,1389,z637a.py,FF548D62B37FB75EC7A4CA78E8F02827AB0017F322B7CC2A829A9F08E543FF8C,2026-07-16T17:54:06.125Z,Write,1,fraction_of_parent_page,0.05,0.678,0.52,0.71,5600,grayscale;autocontrast_cutoff_1;contrast_2.0;sharpness_1.7,A) le renvoi 1.5 / 1.6 -- resserre en x pour le detail,1,2026-07-16T17:54:18.612Z,2026-07-16T17:54:18.612Z,1,446AFF6D878CD2C8BE05B058CF9040A7B9F794C579C40FD75B25E5649493C5C7,1994x211,0.040804879092,0.01475754277,PASS,dimensions_exact_renderer_version_pixel_drift_disclosed_source_identity_and_viewer_attachment_correlation_pass,opened_in_cold_source_reverification_not_translation_certification,73FBBAD41340C12ECCDCFCF6C3A1656953FE3D712AA8E391678458CCD17B4BAA
images/targeted_ultradetail/z637a_B_clos.png,z637a_B_clos.png,63134,0139A4156ED95F54393558773CEA3A3E03C063067A38D04D85F862C40E8FD271,20762,1693,L,,,2026-07-16T17:54:14.371535+00:00,targeted_symbol_formula_ultradetail_crop,public_targeted_source_audit_evidence_no_license_grant,637,638,624,XIII,sga6_fr_workpass.tex,1389,z637a.py,FF548D62B37FB75EC7A4CA78E8F02827AB0017F322B7CC2A829A9F08E543FF8C,2026-07-16T17:54:06.125Z,Write,1,fraction_of_parent_page,0.34,0.628,0.95,0.66,5600,grayscale;autocontrast_cutoff_1;contrast_2.0;sharpness_1.7,"B) les parentheses ""(avec K algebriquement clos)""",1,2026-07-16T17:54:43.617Z,2026-07-16T17:54:43.617Z,1,2B30CE7BAC898F6CB2BDF6C893FE13D1EB59435EBD02AE707504AE8A5C06B9C5,1998x163,0.059590265112,0.025396562206,PASS,dimensions_exact_renderer_version_pixel_drift_disclosed_source_identity_and_viewer_attachment_correlation_pass,opened_in_cold_source_reverification_not_translation_certification,73FBBAD41340C12ECCDCFCF6C3A1656953FE3D712AA8E391678458CCD17B4BAA
images/targeted_ultradetail/z637b_C_795.png,z637b_C_795.png,60331,0709B2D399CC51B85FECD0ECEFE40071F8A3A28A855B2F1D9710D4EA876D0D67,19402,1798,L,,,2026-07-16T17:55:16.527031+00:00,targeted_symbol_formula_ultradetail_crop,public_targeted_source_audit_evidence_no_license_grant,637,638,624,XIII,sga6_fr_workpass.tex,1389,z637b.py,724DB0E130A794C031C66876330121D1AD9D08110470DF3D8FEFE50D5C724843,2026-07-16T17:55:08.676Z,Write,1,fraction_of_parent_page,0.05,0.108,0.62,0.142,5600,grayscale;autocontrast_cutoff_1;contrast_2.0;sharpness_1.7,"C) la ligne ""(EGA III 7.9.5) et c'est un petit lemme que si pour un t E T,"" -- porte le ""5"" et le ""9"" de reference + 2 virgules a verifier",1,2026-07-16T17:55:20.943Z,2026-07-16T17:55:20.943Z,1,B10D93D3E60339AB6CB53A4DFE9DAF19D44D9D6C5F5F781738940D81A162BCA3,1996x185,0.043484265829,0.020199859178,PASS,dimensions_exact_renderer_version_pixel_drift_disclosed_source_identity_and_viewer_attachment_correlation_pass,opened_in_cold_source_reverification_not_translation_certification,73FBBAD41340C12ECCDCFCF6C3A1656953FE3D712AA8E391678458CCD17B4BAA
images/targeted_ultradetail/z637b_D_quitte.png,z637b_D_quitte.png,47981,B087AB63349DEB41E0C925D80E7BC8CF0C3A8C1F797D92F7669BB424CC9C32DA,17018,1692,L,,,2026-07-16T17:55:17.267637+00:00,targeted_symbol_formula_ultradetail_crop,public_targeted_source_audit_evidence_no_license_grant,637,638,624,XIII,sga6_fr_workpass.tex,1389,z637b.py,724DB0E130A794C031C66876330121D1AD9D08110470DF3D8FEFE50D5C724843,2026-07-16T17:55:08.676Z,Write,1,fraction_of_parent_page,0.45,0.196,0.95,0.228,5600,grayscale;autocontrast_cutoff_1;contrast_2.0;sharpness_1.7,"D) ""que quitte a couper T"" (fin de b1 / debut de b2)",1,2026-07-16T17:55:42.534Z,2026-07-16T17:55:42.534Z,1,FF7298353EC1B6C0898DA102649D8003DD1EA89C7B170832ABD6B9247325C344,1991x198,0.033773191483,0.015838952052,PASS,dimensions_exact_renderer_version_pixel_drift_disclosed_source_identity_and_viewer_attachment_correlation_pass,opened_in_cold_source_reverification_not_translation_certification,73FBBAD41340C12ECCDCFCF6C3A1656953FE3D712AA8E391678458CCD17B4BAA
images/targeted_ultradetail/z637n_sigi.png,z637n_sigi.png,40110,506AF25AE356FD018DA6CEA476BD892C1416AE2CBE39252DBB182B16EB275B36,13190,2314,L,,,2026-07-27T20:42:26.082177+00:00,targeted_symbol_formula_ultradetail_crop,public_targeted_source_audit_evidence_no_license_grant,637,638,624,XIII,sga6_fr_workpass.tex,1389,zoom637n.py,41479206FDCAEE0FEED9D581B586ECBB2228F5C450C94B611B3AE9FC62263B75,2026-07-27T20:42:14.633224+00:00,retained_local_generator_script,2,fraction_of_parent_page,0.03,0.33,0.34,0.365,7000,grayscale;autocontrast_cutoff_1;contrast_2.4;sharpness_1.8,,1,2026-07-27T20:42:30.321Z,2026-07-27T20:42:30.321Z,1,527902C4B06E0336A47C1A80F0F58D9BBDBFD67AAE41A127E195E319B6B904DD,1995x350,0.018627998568,0.006711063373,PASS,pixel_exact_and_png_byte_exact,opened_in_cold_source_reverification_not_translation_certification,73FBBAD41340C12ECCDCFCF6C3A1656953FE3D712AA8E391678458CCD17B4BAA
images/targeted_ultradetail/z638a_A_LprimeK.png,z638a_A_LprimeK.png,32726,675B83303D7154E1CFD7829D319B5CADFFD70536DDD086DF23731B5700652426,10892,1904,L,,,2026-07-16T18:06:22.562280+00:00,targeted_symbol_formula_ultradetail_crop,public_targeted_source_audit_evidence_no_license_grant,638,639,625,XIII,sga6_fr_workpass.tex,1390,z638a.py,0D74D7E4A2038D9C431BC45A15997C4CEB334E9E6707CC06C8FC26CEFB7A65F5,2026-07-16T18:06:15.181Z,Write,1,fraction_of_parent_page,0.04,0.306,0.36,0.342,5600,grayscale;autocontrast_cutoff_1;contrast_2.0;sharpness_1.7,"la ligne ""L'_K --> E'_K --> E_K ; alors gamma provient d'un homomorphisme delta : L_{1,K} -> L_K,"" -- resserre a GAUCHE pour le ""L'_K""",1,2026-07-16T18:06:27.506Z,2026-07-16T18:06:27.506Z,1,BF8A7C3879FE8A15365C10181B7B9B01C4CB44349ED6C46FCAA357425CDD42E5,1996x349,0.016861803837,0.00650010623,PASS,dimensions_exact_renderer_version_pixel_drift_disclosed_source_identity_and_viewer_attachment_correlation_pass,opened_in_cold_source_reverification_not_translation_certification,73FBBAD41340C12ECCDCFCF6C3A1656953FE3D712AA8E391678458CCD17B4BAA
images/targeted_ultradetail/z638b_A_chern.png,z638b_A_chern.png,52133,4B3ECD73AC0D479FE57110F98B3B2733EE86C69DC1F4B2B90C4B25C4D4B1FED9,20422,2009,L,,,2026-07-16T18:15:34.110215+00:00,targeted_symbol_formula_ultradetail_crop,public_targeted_source_audit_evidence_no_license_grant,638,639,625,XIII,sga6_fr_workpass.tex,1390,z638b.py,3AF4D78C9B119090AAE117CDBB4F33DF1D4AC7D9D66CC5487A883A62ADF7037D,2026-07-16T18:15:23.312Z,Write,1,fraction_of_parent_page,0.3,0.766,0.9,0.804,5600,grayscale;autocontrast_cutoff_1;contrast_2.0;sharpness_1.7,"A) ""c_1(L_i) la classe de Chern de L_i et Y un"" -- 1/i + la virgule. Marge EN BAS (indices).",1,2026-07-16T18:15:38.596Z,2026-07-16T18:15:38.596Z,1,8222D78B82DD445A2DB649F5F44F0C495C9A000EB289601630EEF4AFABC2414D,1992x196,0.071264650438,0.022849049258,PASS,dimensions_exact_renderer_version_pixel_drift_disclosed_source_identity_and_viewer_attachment_correlation_pass,opened_in_cold_source_reverification_not_translation_certification,73FBBAD41340C12ECCDCFCF6C3A1656953FE3D712AA8E391678458CCD17B4BAA
images/targeted_ultradetail/z638b_B_m1.png,z638b_B_m1.png,44082,C3359A1E838A7C03C51A07052DE61273AF1B94D78B020AB7BA310AF2C9F6B11E,14296,2116,L,,,2026-07-16T18:15:34.894671+00:00,targeted_symbol_formula_ultradetail_crop,public_targeted_source_audit_evidence_no_license_grant,638,639,625,XIII,sga6_fr_workpass.tex,1390,z638b.py,3AF4D78C9B119090AAE117CDBB4F33DF1D4AC7D9D66CC5487A883A62ADF7037D,2026-07-16T18:15:23.312Z,Write,1,fraction_of_parent_page,0.2,0.192,0.62,0.232,5600,grayscale;autocontrast_cutoff_1;contrast_2.0;sharpness_1.7,"B) ""Ext^1(O_{X_K}(-m_1),I_K) = H^1(I_K(m_1))"" -- le m_1. Marge EN HAUT (exposants).",1,2026-07-16T18:15:51.993Z,2026-07-16T18:15:51.993Z,1,2D1CB1DEE1E6648A72DBA49A66C625C26597C6B006F6BC79CAFAE7AC6417D33B,1999x296,0.038351946243,0.014726958074,PASS,dimensions_exact_renderer_version_pixel_drift_disclosed_source_identity_and_viewer_attachment_correlation_pass,opened_in_cold_source_reverification_not_translation_certification,73FBBAD41340C12ECCDCFCF6C3A1656953FE3D712AA8E391678458CCD17B4BAA
images/targeted_ultradetail/z639a_A_signe.png,z639a_A_signe.png,37279,4BD33EF5EF9FB9E38ED719B5F594F43853E6738A8E32E1CE79B2A1BFA84E2474,12254,2010,L,,,2026-07-16T18:26:37.418597+00:00,targeted_symbol_formula_ultradetail_crop,public_targeted_source_audit_evidence_no_license_grant,639,640,626,XIII,sga6_fr_workpass.tex,1391,z639a.py,67682C3A1E4FC827B72649478103315957726AFBC97E0BC02E9A0FB56B65C1FE,2026-07-16T18:26:27.610Z,Write,1,fraction_of_parent_page,0.3,0.672,0.66,0.71,5600,grayscale;autocontrast_cutoff_1;contrast_2.0;sharpness_1.7,"le signe ""0>=<"" et le ""c(L)"" -- resserre a GAUCHE",1,2026-07-16T18:26:43.275Z,2026-07-16T18:26:43.275Z,1,77630E409925FAB9E56381FCA965537D1D7E859F958A556BD4FB61D9DB92BE57,1999x328,0.023537683476,0.00928513037,PASS,dimensions_exact_renderer_version_pixel_drift_disclosed_source_identity_and_viewer_attachment_correlation_pass,opened_in_cold_source_reverification_not_translation_certification,73FBBAD41340C12ECCDCFCF6C3A1656953FE3D712AA8E391678458CCD17B4BAA
images/targeted_ultradetail/z639b_A_degre.png,z639b_A_degre.png,48280,A7ED1DEEB4EA8CA04B1BDD4A7DDF50C07A64BE62D714B1AAAED63667F3E62D20,14976,2010,L,,,2026-07-16T18:33:26.514545+00:00,targeted_symbol_formula_ultradetail_crop,public_targeted_source_audit_evidence_no_license_grant,639,640,626,XIII,sga6_fr_workpass.tex,1391,z639b.py,5BC4104B6DE4DCCDDEA8386D8F26C9551ED35E7F66DBB9E1DC6CA07B3F4ED58D,2026-07-16T18:33:18.997Z,Write,1,fraction_of_parent_page,0.54,0.262,0.98,0.3,5600,grayscale;autocontrast_cutoff_1;contrast_2.0;sharpness_1.7,"""L'entier < c_1(L). c_1(H)^{r-1} >"" -- marge EN BAS pour les indices, EN HAUT pour l'exposant",1,2026-07-16T18:33:30.314Z,2026-07-16T18:33:30.314Z,1,E447DF252202FC9BF82D422A672D98199A464CB3F80076EE9C006F80F9971730,1996x268,0.024784643915,0.011410881464,PASS,dimensions_exact_renderer_version_pixel_drift_disclosed_source_identity_and_viewer_attachment_correlation_pass,opened_in_cold_source_reverification_not_translation_certification,73FBBAD41340C12ECCDCFCF6C3A1656953FE3D712AA8E391678458CCD17B4BAA
images/targeted_ultradetail/z640a_A_items.png,z640a_A_items.png,54444,C85BF41ED86378C6899BA5497E3FC17B8BB508A3A3042F344BB1E8A539D70572,15803,1376,L,,,2026-07-16T18:40:44.091760+00:00,targeted_symbol_formula_ultradetail_crop,public_targeted_source_audit_evidence_no_license_grant,640,641,627,XIII,sga6_fr_workpass.tex,1392,z640a.py,7F169335D50BD037B78879D088545938057F23FF987A75801BB4746522C74B0A,2026-07-16T18:40:30.712Z,Write,1,fraction_of_parent_page,0.0,0.316,1.0,0.372,2600,grayscale;autocontrast_cutoff_1;contrast_2.0;sharpness_1.7,PLEINE LARGEUR sur les DEUX items -- le point de (ii) sert de reference,1,2026-07-16T18:40:48.909Z,2026-07-16T18:40:48.909Z,1,390A1E6C71DEAA7D4744DD4AE2520CE11E118F37057B80889DD7722BC570D7C8,1998x174,0.057209508359,0.025502514008,PASS,dimensions_exact_renderer_version_pixel_drift_disclosed_source_identity_and_viewer_attachment_correlation_pass,opened_in_cold_source_reverification_not_translation_certification,73FBBAD41340C12ECCDCFCF6C3A1656953FE3D712AA8E391678458CCD17B4BAA
images/targeted_ultradetail/z641a_A_parens.png,z641a_A_parens.png,40626,B6CF0F2602E3342C174AB26A411888E2D74A7910B49DD03C2FD3F7E8FADD2253,12254,1904,L,,,2026-07-16T18:51:50.533892+00:00,targeted_symbol_formula_ultradetail_crop,public_targeted_source_audit_evidence_no_license_grant,641,642,628,XIII,sga6_fr_workpass.tex,1393,z641a.py,642A781F73D037B050CA85CC1E49740412339AB575F0DE57FBF2470A9237465C,2026-07-16T18:51:39.718Z,Write,1,fraction_of_parent_page,0.44,0.076,0.8,0.112,5600,grayscale;autocontrast_cutoff_1;contrast_2.0;sharpness_1.7,"A) ""h^2(L(-a_1-2) = 0 par 1.4"" -- la parenthese. Marge EN HAUT (exposant), EN BAS (indice).",1,2026-07-16T18:51:57.396Z,2026-07-16T18:51:57.396Z,1,52668B5C3D4D7343BA5B021689D0DDAD719A6265696C5E55EE0CD0E84B576E28,1995x310,0.021267685342,0.009030641119,PASS,dimensions_exact_renderer_version_pixel_drift_disclosed_source_identity_and_viewer_attachment_correlation_pass,opened_in_cold_source_reverification_not_translation_certification,73FBBAD41340C12ECCDCFCF6C3A1656953FE3D712AA8E391678458CCD17B4BAA
images/targeted_ultradetail/z641a_B_or.png,z641a_B_or.png,55342,FFAA0BCFA96F87D5AAF49C340A8083F8515AB109A573D7A5027613816DC52240,16338,1904,L,,,2026-07-16T18:51:51.335520+00:00,targeted_symbol_formula_ultradetail_crop,public_targeted_source_audit_evidence_no_license_grant,641,642,628,XIII,sga6_fr_workpass.tex,1393,z641a.py,642A781F73D037B050CA85CC1E49740412339AB575F0DE57FBF2470A9237465C,2026-07-16T18:51:39.718Z,Write,1,fraction_of_parent_page,0.46,0.108,0.94,0.144,5600,grayscale;autocontrast_cutoff_1;contrast_2.0;sharpness_1.7,"B) ""Or, h^o(L(-a_1-2))<=a_2(...)"" -- la virgule + la DOUBLE FERMANTE de reference",1,2026-07-16T18:52:18.512Z,2026-07-16T18:52:18.512Z,1,325FAA5C870311EAE6A453729D100C9EF766EB60659DC40C73D1724160C68C01,1999x233,0.029980655564,0.015342435166,PASS,dimensions_exact_renderer_version_pixel_drift_disclosed_source_identity_and_viewer_attachment_correlation_pass,opened_in_cold_source_reverification_not_translation_certification,73FBBAD41340C12ECCDCFCF6C3A1656953FE3D712AA8E391678458CCD17B4BAA
images/targeted_ultradetail/z641b_A_signe.png,z641b_A_signe.png,52092,F77B9D575BC228BB5BAB234DEC6CCBF2ACE76601CFBC6D0DF42D79A026588F84,15657,2221,L,,,2026-07-16T18:54:23.916161+00:00,targeted_symbol_formula_ultradetail_crop,public_targeted_source_audit_evidence_no_license_grant,641,642,628,XIII,sga6_fr_workpass.tex,1393,z641b.py,6F1A027FC4686054C492FFEEFDA1C85A6682A1E0C3753214A0E051E394DFE739,2026-07-16T18:54:13.956Z,Write,1,fraction_of_parent_page,0.44,0.306,0.9,0.348,5600,grayscale;autocontrast_cutoff_1;contrast_2.0;sharpness_1.7,"le ""+ beta(beta+1)"" a droite -- avec le ""(2e_i-a_i)"" de reference JUSTE AVANT",1,2026-07-16T18:54:29.535Z,2026-07-16T18:54:29.535Z,1,4FD4C5E925B309C7C2F683DD659B02E555AF8BB5DF9C866A7FD6A55954D7403A,1995x283,0.0255249431,0.010953177998,PASS,dimensions_exact_renderer_version_pixel_drift_disclosed_source_identity_and_viewer_attachment_correlation_pass,opened_in_cold_source_reverification_not_translation_certification,73FBBAD41340C12ECCDCFCF6C3A1656953FE3D712AA8E391678458CCD17B4BAA
images/targeted_ultradetail/z641c_A_items.png,z641c_A_items.png,88574,2735CD89337F0C424271CFDF9DBB726FCA3332A6C63EDF57F142997C2B556A2D,15803,2209,L,,,2026-07-16T19:10:46.261618+00:00,targeted_symbol_formula_ultradetail_crop,public_targeted_source_audit_evidence_no_license_grant,641,642,628,XIII,sga6_fr_workpass.tex,1393,z641c.py,6CFCB2B5C23D9F52444947BD2BD237FD2ACB7741FA3311EE3F316A276E272A78,2026-07-16T19:10:31.961Z,Write,1,fraction_of_parent_page,0.0,0.562,1.0,0.652,2600,grayscale;autocontrast_cutoff_1;contrast_2.0;sharpness_1.7,"LES 3 ITEMS EMPILES, PLEINE LARGEUR",1,2026-07-16T19:10:52.342Z,2026-07-16T19:10:52.342Z,1,D4A45C0E42408DF98B29A85E9543CE3887ADDB7BCCF6A4DD167D1C25C1E209B1,1996x279,0.085802429231,0.033190035986,PASS,dimensions_exact_renderer_version_pixel_drift_disclosed_source_identity_and_viewer_attachment_correlation_pass,opened_in_cold_source_reverification_not_translation_certification,73FBBAD41340C12ECCDCFCF6C3A1656953FE3D712AA8E391678458CCD17B4BAA
images/targeted_ultradetail/z641yy_A_aiii.png,z641yy_A_aiii.png,37351,79A9877742E0D99E54FA0192C5913DB32F5C2A247FAB00AB721233100EA01890,13615,1587,L,,,2026-07-16T19:47:29.857526+00:00,targeted_symbol_formula_ultradetail_crop,public_targeted_source_audit_evidence_no_license_grant,641,642,628,XIII,sga6_fr_workpass.tex,1393,z641yy.py,2C251E81E70CDE97638747DA4EEC735F9D6E9E064B7A94B9B75457F35F9397C0,2026-07-16T19:47:23.865Z,Write,1,fraction_of_parent_page,0.16,0.626,0.56,0.656,5600,grayscale;autocontrast_cutoff_1;contrast_2.0;sharpness_1.7,"item (iii) : ""|a_?| <= g_{r-?}(a_{r-2},a_{r-1},a_r) pour ? = 0,...,r,""",1,2026-07-16T19:47:32.483Z,2026-07-16T19:47:32.483Z,1,0D6DD824BCA1F26C6C2B6BD4D8CF96BF050D3A5EFEF58374E19E812F1F27DF0C,1998x233,0.035447464632,0.01332018714,PASS,dimensions_exact_renderer_version_pixel_drift_disclosed_source_identity_and_viewer_attachment_correlation_pass,opened_in_cold_source_reverification_not_translation_certification,73FBBAD41340C12ECCDCFCF6C3A1656953FE3D712AA8E391678458CCD17B4BAA
images/targeted_ultradetail/z641zz_b4.png,z641zz_b4.png,176690,9A50D8F92CC4CAEA30078576F664A5611964BA7514D9449C87B95B40CAE7527E,9117,3399,L,,,2026-07-16T19:46:55.644534+00:00,targeted_symbol_formula_ultradetail_crop,public_targeted_source_audit_evidence_no_license_grant,641,642,628,XIII,sga6_fr_workpass.tex,1393,z641zz.py,0CB835094E8339C18FF416F68376F14E45B062188D8BB47B37383D29344BB421,2026-07-16T19:46:48.119Z,Write,1,fraction_of_parent_page,0.0,0.58,1.0,0.82,1500,grayscale;autocontrast_cutoff_1;contrast_2.0;sharpness_1.7,,1,2026-07-16T19:46:58.997Z,2026-07-16T19:46:58.997Z,1,AA5E9B8B765854BF9A86CDA06B3AC72DF10FB0631E071D391823532517EB9C0C,1998x745,0.060432916138,0.025884945348,PASS,dimensions_exact_renderer_version_pixel_drift_disclosed_source_identity_and_viewer_attachment_correlation_pass,opened_in_cold_source_reverification_not_translation_certification,73FBBAD41340C12ECCDCFCF6C3A1656953FE3D712AA8E391678458CCD17B4BAA
images/targeted_ultradetail/z642a_A_prose1.png,z642a_A_prose1.png,57868,4EA0C87260DD07245FC22E4DC20A73F7AEC140E13953F92A1AFE27581D74FEF5,22124,1587,L,,,2026-07-16T19:19:47.461321+00:00,targeted_symbol_formula_ultradetail_crop,public_targeted_source_audit_evidence_no_license_grant,642,643,629,XIII,sga6_fr_workpass.tex,1394,z642a.py,B454097BE98DA7789BC231E6CDEDD163CBE35065C0D6F9C8FBCC136D7428506E,2026-07-16T19:19:36.743Z,Write,1,fraction_of_parent_page,0.05,0.074,0.7,0.104,5600,grayscale;autocontrast_cutoff_1;contrast_2.0;sharpness_1.7,"les 2 PREMIERES lignes de prose -- ""En effet, traitons d'abord le cas r = 2. Soient g_i...""",1,2026-07-16T19:19:54.666Z,2026-07-16T19:19:54.666Z,1,A50F053FB6F52CCC6BCEAB3613B93A89C5C191E23932DD5E1FA4FF1F2E912B14,1993x143,0.05492299973,0.024056224759,PASS,dimensions_exact_renderer_version_pixel_drift_disclosed_source_identity_and_viewer_attachment_correlation_pass,opened_in_cold_source_reverification_not_translation_certification,73FBBAD41340C12ECCDCFCF6C3A1656953FE3D712AA8E391678458CCD17B4BAA
images/targeted_ultradetail/z642a_B_prose2.png,z642a_B_prose2.png,44740,28F0009D7B39E1C6D49688AC644B80BA77613BD5450AF0062C0BD563C929430C,19401,1586,L,,,2026-07-16T19:19:48.251165+00:00,targeted_symbol_formula_ultradetail_crop,public_targeted_source_audit_evidence_no_license_grant,642,643,629,XIII,sga6_fr_workpass.tex,1394,z642a.py,B454097BE98DA7789BC231E6CDEDD163CBE35065C0D6F9C8FBCC136D7428506E,2026-07-16T19:19:36.743Z,Write,1,fraction_of_parent_page,0.03,0.132,0.6,0.162,5600,grayscale;autocontrast_cutoff_1;contrast_2.0;sharpness_1.7,"la 3e ligne -- ""et (ii) est 2.7 (i).""",1,2026-07-16T19:20:09.026Z,2026-07-16T19:20:09.026Z,1,C6F7390C900BBE8045C6FE14D338E5097C8EED0C53C77E4765B927ABA4848269,1993x163,0.023136191394,0.010860096226,PASS,dimensions_exact_renderer_version_pixel_drift_disclosed_source_identity_and_viewer_attachment_correlation_pass,opened_in_cold_source_reverification_not_translation_certification,73FBBAD41340C12ECCDCFCF6C3A1656953FE3D712AA8E391678458CCD17B4BAA
images/targeted_ultradetail/z642c_b3.png,z642c_b3.png,224004,FB8ECDF5A55EC661C4FCF27EABD48B088F07D10700C5A1B29A51716FE107F4EE,9117,3399,L,,,2026-07-16T19:31:58.097004+00:00,targeted_symbol_formula_ultradetail_crop,public_targeted_source_audit_evidence_no_license_grant,642,643,629,XIII,sga6_fr_workpass.tex,1394,z642c.py,C76BD9C0DB52C789D689B0DEEF8E56887EC20EED3C1DF70BC08F010BEFFC3867,2026-07-16T19:31:51.917Z,Write,1,fraction_of_parent_page,0.0,0.38,1.0,0.62,1500,grayscale;autocontrast_cutoff_1;contrast_2.0;sharpness_1.7,,1,2026-07-16T19:32:01.845Z,2026-07-16T19:32:01.845Z,1,78FDC62BB174BF7E5B281A060F0552E9F31639DA34213424223C5C8177BF379D,1998x745,0.088804240482,0.038238238238,PASS,dimensions_exact_renderer_version_pixel_drift_disclosed_source_identity_and_viewer_attachment_correlation_pass,opened_in_cold_source_reverification_not_translation_certification,73FBBAD41340C12ECCDCFCF6C3A1656953FE3D712AA8E391678458CCD17B4BAA
images/targeted_ultradetail/z642c_b4.png,z642c_b4.png,198139,2D2BDE993DB155493AB7B901496C6D6BF91767DB7D731A45176B35A8113065D1,9117,3399,L,,,2026-07-16T19:31:58.942017+00:00,targeted_symbol_formula_ultradetail_crop,public_targeted_source_audit_evidence_no_license_grant,642,643,629,XIII,sga6_fr_workpass.tex,1394,z642c.py,C76BD9C0DB52C789D689B0DEEF8E56887EC20EED3C1DF70BC08F010BEFFC3867,2026-07-16T19:31:51.917Z,Write,1,fraction_of_parent_page,0.0,0.58,1.0,0.82,1500,grayscale;autocontrast_cutoff_1;contrast_2.0;sharpness_1.7,,1,2026-07-16T19:32:15.114Z,2026-07-16T19:32:15.114Z,1,7A004A21F72D5C1C0D38B104EC8854B9C20168AACE5FD8CD7B82051E7A288C97,1998x745,0.093806558236,0.036669555462,PASS,dimensions_exact_renderer_version_pixel_drift_disclosed_source_identity_and_viewer_attachment_correlation_pass,opened_in_cold_source_reverification_not_translation_certification,73FBBAD41340C12ECCDCFCF6C3A1656953FE3D712AA8E391678458CCD17B4BAA
images/targeted_ultradetail/z642c_b5.png,z642c_b5.png,86518,BB0103DE4C055C8059563C4375B7CC4939F0A01B4C0392E56A5F3715220497C4,9117,3116,L,,,2026-07-16T19:31:59.688030+00:00,targeted_symbol_formula_ultradetail_crop,public_targeted_source_audit_evidence_no_license_grant,642,643,629,XIII,sga6_fr_workpass.tex,1394,z642c.py,C76BD9C0DB52C789D689B0DEEF8E56887EC20EED3C1DF70BC08F010BEFFC3867,2026-07-16T19:31:51.917Z,Write,1,fraction_of_parent_page,0.0,0.78,1.0,1.0,1500,grayscale;autocontrast_cutoff_1;contrast_2.0;sharpness_1.7,,1,2026-07-16T19:32:29.189Z,2026-07-16T19:32:29.189Z,1,2BCA5D2C67C16D693CE9AE34255245748B08A5FB183265738ECC3A882A5ED327,1998x683,0.006541680773,0.005612493899,PASS,dimensions_exact_renderer_version_pixel_drift_disclosed_source_identity_and_viewer_attachment_correlation_pass,opened_in_cold_source_reverification_not_translation_certification,73FBBAD41340C12ECCDCFCF6C3A1656953FE3D712AA8E391678458CCD17B4BAA
images/targeted_ultradetail/z642d_A_or.png,z642d_A_or.png,81411,BD0F9928E8F46E5A4FFFAFFEE6DF05EEB0CC90FC6E77FC35EC78F1B2575D09A6,27350,1700,L,,,2026-07-16T19:33:26.928774+00:00,targeted_symbol_formula_ultradetail_crop,public_targeted_source_audit_evidence_no_license_grant,642,643,629,XIII,sga6_fr_workpass.tex,1394,z642d.py,A5F3BF6DAE32F7CAB0926017328F8466B0216BBE742411AFCD6AFFFA027D2CBE,2026-07-16T19:33:20.425Z,Write,1,fraction_of_parent_page,0.0,0.335,1.0,0.375,4500,grayscale;autocontrast_cutoff_1;contrast_2.0;sharpness_1.7,"la ligne ""Or, h^1(Omega^1_{Y/k} (x) L_Y^{-1}(n)) = h^o(L_Y(-n)) pour tout n, et h^o(...)=0 pour"" -- pleine largeur, marge en haut (exposants) ET en bas (indices)",1,2026-07-16T19:33:30.746Z,2026-07-16T19:33:30.746Z,1,58E5A0DCA322A878BD29D986E6ED1EE0EA208CB0FB60B53710D70B322912A4B0,1994x124,0.090440676869,0.035982948847,PASS,dimensions_exact_renderer_version_pixel_drift_disclosed_source_identity_and_viewer_attachment_correlation_pass,opened_in_cold_source_reverification_not_translation_certification,73FBBAD41340C12ECCDCFCF6C3A1656953FE3D712AA8E391678458CCD17B4BAA
images/targeted_ultradetail/z642d_B_dou.png,z642d_B_dou.png,31331,80E85A0457ED978B4719367CC5FA3BE36280A822B04411AD0AD6C27F4D2D25EA,10892,1957,L,,,2026-07-16T19:33:27.486358+00:00,targeted_symbol_formula_ultradetail_crop,public_targeted_source_audit_evidence_no_license_grant,642,643,629,XIII,sga6_fr_workpass.tex,1394,z642d.py,A5F3BF6DAE32F7CAB0926017328F8466B0216BBE742411AFCD6AFFFA027D2CBE,2026-07-16T19:33:20.425Z,Write,1,fraction_of_parent_page,0.03,0.455,0.35,0.492,5600,grayscale;autocontrast_cutoff_1;contrast_2.0;sharpness_1.7,"la ligne ""n >= 2+h^1(L(-2)) ; d'ou (i)."" -- LE 1/i, x etroit, 5600",1,2026-07-16T19:33:38.423Z,2026-07-16T19:33:38.423Z,1,9ACCFC9CB82AEDD6CB58103483076F48DEA59B43811ABF5AA680C7FA0EC1EBCA,1998x359,0.014398799914,0.005760635287,PASS,dimensions_exact_renderer_version_pixel_drift_disclosed_source_identity_and_viewer_attachment_correlation_pass,opened_in_cold_source_reverification_not_translation_certification,73FBBAD41340C12ECCDCFCF6C3A1656953FE3D712AA8E391678458CCD17B4BAA
images/targeted_ultradetail/z642e_A_dou.png,z642e_A_dou.png,36841,0207BCB92204B7B964FAF932390B5FC4F317AAFEBBD91155D39D54584BDA2D11,9871,1851,L,,,2026-07-16T19:34:04.741676+00:00,targeted_symbol_formula_ultradetail_crop,public_targeted_source_audit_evidence_no_license_grant,642,643,629,XIII,sga6_fr_workpass.tex,1394,z642e.py,B9E1CB415891941088CD0EA479A25B088B69D3055702B516E314DE73616B7BCC,2026-07-16T19:33:58.954Z,Write,1,fraction_of_parent_page,0.03,0.43,0.32,0.465,5600,grayscale;autocontrast_cutoff_1;contrast_2.0;sharpness_1.7,"""n >= 2+h^1(L(-2)) ; d'ou (i)."" : marge en HAUT (l'exposant 1 de h^1)",1,2026-07-16T19:34:08.884Z,2026-07-16T19:34:08.884Z,1,E1625F970C29F9F253AF829B1F26E6250823978A48F7525C4BA1ACF052D04550,1999x375,0.016500250125,0.00683808571,PASS,dimensions_exact_renderer_version_pixel_drift_disclosed_source_identity_and_viewer_attachment_correlation_pass,opened_in_cold_source_reverification_not_translation_certification,73FBBAD41340C12ECCDCFCF6C3A1656953FE3D712AA8E391678458CCD17B4BAA
images/targeted_ultradetail/z642e_B_cons.png,z642e_B_cons.png,101485,4283CEA7C4CC433D93B25EBA5380D6882843FF2228D79B59304B178D034CCFDD,27350,1699,L,,,2026-07-16T19:34:05.941841+00:00,targeted_symbol_formula_ultradetail_crop,public_targeted_source_audit_evidence_no_license_grant,642,643,629,XIII,sga6_fr_workpass.tex,1394,z642e.py,B9E1CB415891941088CD0EA479A25B088B69D3055702B516E314DE73616B7BCC,2026-07-16T19:33:58.954Z,Write,1,fraction_of_parent_page,0.0,0.4,1.0,0.44,4500,grayscale;autocontrast_cutoff_1;contrast_2.0;sharpness_1.7,"la ligne du dessus, PLEINE LARGEUR : ""est [3+h^1(...)]-regulier. Par consequent, h^1(L(-n)) = 0 pour""",1,2026-07-16T19:37:28.696Z,2026-07-16T19:37:28.696Z,1,4FDDBA4E3DF3E85D6B9E2FF57AAC6A19C846A5C89DF957EF1A6C28446F4CCD20,1996x124,0.076863404228,0.039231689185,PASS,dimensions_exact_renderer_version_pixel_drift_disclosed_source_identity_and_viewer_attachment_correlation_pass,opened_in_cold_source_reverification_not_translation_certification,73FBBAD41340C12ECCDCFCF6C3A1656953FE3D712AA8E391678458CCD17B4BAA
images/targeted_ultradetail/z642f_A_i.png,z642f_A_i.png,23320,0BD940F5172681F2416F0356E1C3853495FB3711C05D46F289FCA35CC69E1438,5787,1851,L,,,2026-07-16T19:34:32.008663+00:00,targeted_symbol_formula_ultradetail_crop,public_targeted_source_audit_evidence_no_license_grant,642,643,629,XIII,sga6_fr_workpass.tex,1394,z642f.py,A6633E2AAAE25C5598A6E359182D431BCAEBCB3BCE60F05D383DFB04EBC7564A,2026-07-16T19:34:26.782Z,Write,1,fraction_of_parent_page,0.13,0.43,0.3,0.465,5600,grayscale;autocontrast_cutoff_1;contrast_2.0;sharpness_1.7,"""; d'ou (i)."" -- le glyphe a trancher, avec le ""1"" de h^1 dans le cadre pour calibrer",1,2026-07-16T19:34:35.048Z,2026-07-16T19:34:35.048Z,1,0671B6048B6642F857E35BF0CA42EC55117B1BB9D4008C4423436FBE18ADDF8E,1998x639,0.007716636825,0.00328419186,PASS,dimensions_exact_renderer_version_pixel_drift_disclosed_source_identity_and_viewer_attachment_correlation_pass,opened_in_cold_source_reverification_not_translation_certification,73FBBAD41340C12ECCDCFCF6C3A1656953FE3D712AA8E391678458CCD17B4BAA
images/targeted_ultradetail/z642g_A_i1.png,z642g_A_i1.png,24657,F5D6450692F690F23390E9EEF3E476F76D6A817B738B0F1A0D5F14FF5317A191,6808,2010,L,,,2026-07-16T19:35:20.712574+00:00,targeted_symbol_formula_ultradetail_crop,public_targeted_source_audit_evidence_no_license_grant,642,643,629,XIII,sga6_fr_workpass.tex,1394,z642g.py,42730C4887BFCC6ED07E5349B9CD31C44529E7F1C40F3DB0E4C72B7402384482,2026-07-16T19:35:14.745Z,Write,1,fraction_of_parent_page,0.22,0.43,0.42,0.468,5600,grayscale;autocontrast_cutoff_1;contrast_2.0;sharpness_1.7,"site 1 : ""; d'ou (?)."" de la fin du cas r=2",1,2026-07-16T19:35:23.680Z,2026-07-16T19:35:23.680Z,1,CFEEBD40F6231854C27E0C6B6D92161427056D40FA20E9BEA94BC4BC0DDF55E3,1998x590,0.005206901817,0.002403250708,PASS,dimensions_exact_renderer_version_pixel_drift_disclosed_source_identity_and_viewer_attachment_correlation_pass,opened_in_cold_source_reverification_not_translation_certification,73FBBAD41340C12ECCDCFCF6C3A1656953FE3D712AA8E391678458CCD17B4BAA
images/targeted_ultradetail/z642h_A_calib.png,z642h_A_calib.png,31897,6FBF17240AC5ADCB3CA694930E693B586D6F1B39C6F99FDDDC6DD7DFF778464C,7659,2221,L,,,2026-07-16T19:35:59.030423+00:00,targeted_symbol_formula_ultradetail_crop,public_targeted_source_audit_evidence_no_license_grant,642,643,629,XIII,sga6_fr_workpass.tex,1394,z642h.py,FD3F8D95A03CD2FBB673D1418183946B1DF86D19545496C720ADC86D3CE6239B,2026-07-16T19:35:52.332Z,Write,1,fraction_of_parent_page,0.135,0.428,0.36,0.47,5600,grayscale;autocontrast_cutoff_1;contrast_2.0;sharpness_1.7,"LES DEUX GLYPHES DANS UN SEUL CADRE : ""h^1(L(-2)) ; d'ou (?).""",1,2026-07-16T19:36:02.399Z,2026-07-16T19:36:02.399Z,1,8C68C0C1F3DBC616E156FC11A30C843518DFCF8479D2DD34E31AE492CD61DE36,1997x579,0.01020615552,0.004088170252,PASS,dimensions_exact_renderer_version_pixel_drift_disclosed_source_identity_and_viewer_attachment_correlation_pass,opened_in_cold_source_reverification_not_translation_certification,73FBBAD41340C12ECCDCFCF6C3A1656953FE3D712AA8E391678458CCD17B4BAA
images/targeted_ultradetail/z642i_A_un_known.png,z642i_A_un_known.png,7104,F268C48756F357A75B2A93DCDCD7E86733BFEF00573A04194374E086FC35A25F,1284,1451,L,,,2026-07-16T19:36:43.024890+00:00,targeted_symbol_formula_ultradetail_crop,public_targeted_source_audit_evidence_no_license_grant,642,643,629,XIII,sga6_fr_workpass.tex,1394,z642i.py,314C32EA074DD672D238CCA4D83B7029DE168624550EA1ABF95F427B8C01A52A,2026-07-16T19:36:37.402Z,Write,1,fraction_of_parent_page,0.13,0.43,0.152,0.446,9600,grayscale;autocontrast_cutoff_1;contrast_2.0;sharpness_1.7,"A : le ""1"" exposant KNOWN de h^1",1,2026-07-16T19:36:46.040Z,2026-07-16T19:36:46.040Z,1,F268C48756F357A75B2A93DCDCD7E86733BFEF00573A04194374E086FC35A25F,1284x1451,0.0,0.0,PASS,dimensions_exact_renderer_version_pixel_drift_disclosed_source_identity_and_viewer_attachment_correlation_pass,opened_in_cold_source_reverification_not_translation_certification,73FBBAD41340C12ECCDCFCF6C3A1656953FE3D712AA8E391678458CCD17B4BAA
images/targeted_ultradetail/z642i_B_glyphe.png,z642i_B_glyphe.png,8647,CF8522C8CC6BEFBB97652AAC2E291A72A47243371A68593EAF26E01D8344F36E,1985,1723,L,,,2026-07-16T19:36:43.130135+00:00,targeted_symbol_formula_ultradetail_crop,public_targeted_source_audit_evidence_no_license_grant,642,643,629,XIII,sga6_fr_workpass.tex,1394,z642i.py,314C32EA074DD672D238CCA4D83B7029DE168624550EA1ABF95F427B8C01A52A,2026-07-16T19:36:37.402Z,Write,1,fraction_of_parent_page,0.314,0.436,0.348,0.455,9600,grayscale;autocontrast_cutoff_1;contrast_2.0;sharpness_1.7,"B : le glyphe a trancher, ""(?)""",1,2026-07-16T19:36:53.225Z,2026-07-16T19:36:53.225Z,1,CF8522C8CC6BEFBB97652AAC2E291A72A47243371A68593EAF26E01D8344F36E,1985x1723,0.0,0.0,PASS,dimensions_exact_renderer_version_pixel_drift_disclosed_source_identity_and_viewer_attachment_correlation_pass,opened_in_cold_source_reverification_not_translation_certification,73FBBAD41340C12ECCDCFCF6C3A1656953FE3D712AA8E391678458CCD17B4BAA
images/targeted_ultradetail/z642j_A_sum.png,z642j_A_sum.png,28379,F54D7B2DBF3D1A302149099D4C403D94A0B293A5A512C790639635DAA08BF83E,9531,1586,L,,,2026-07-16T19:41:12.047909+00:00,targeted_symbol_formula_ultradetail_crop,public_targeted_source_audit_evidence_no_license_grant,642,643,629,XIII,sga6_fr_workpass.tex,1394,z642j.py,1DD9FA0B9BF9050571CE4E1A2BAD3AEE9F2BC89B2899FAF9C7F36178EA7432BE,2026-07-16T19:41:06.370Z,Write,1,fraction_of_parent_page,0.24,0.59,0.52,0.62,5600,grayscale;autocontrast_cutoff_1;contrast_2.0;sharpness_1.7,"""Sum r-1 / i=0 a_{?+1} (n+i / i)"" -- tout dans un cadre",1,2026-07-16T19:41:16.788Z,2026-07-16T19:41:16.788Z,1,2A622B145FF48958342172D1C74BC01D9EEF92A9DC3B0357FE6C34F56C476FFA,1995x332,0.021664100009,0.008225382734,PASS,dimensions_exact_renderer_version_pixel_drift_disclosed_source_identity_and_viewer_attachment_correlation_pass,opened_in_cold_source_reverification_not_translation_certification,73FBBAD41340C12ECCDCFCF6C3A1656953FE3D712AA8E391678458CCD17B4BAA
images/targeted_ultradetail/z642l_A_P.png,z642l_A_P.png,37643,9B49516790DFB9DF694418A70011AC2761729411854F4DDC263115473F6F2B79,8510,1481,L,,,2026-07-16T19:42:16.760818+00:00,targeted_symbol_formula_ultradetail_crop,public_targeted_source_audit_evidence_no_license_grant,642,643,629,XIII,sga6_fr_workpass.tex,1394,z642l.py,85A93164F7FC6C801E32C94DB7B3990E699470BF53BC031B70F2F16CAD064032,2026-07-16T19:42:10.501Z,Write,1,fraction_of_parent_page,0.24,0.156,0.49,0.184,5600,grayscale;autocontrast_cutoff_1;contrast_2.0;sharpness_1.7,"A : ""X dans P = P^N_k et omega =""",1,2026-07-16T19:42:55.338Z,2026-07-16T19:42:55.338Z,1,D4F465F67DCCF1D9100460FCE0B7D43958742C5476F98285198A0868DB40918F,1999x348,0.018346817087,0.007178876795,PASS,dimensions_exact_renderer_version_pixel_drift_disclosed_source_identity_and_viewer_attachment_correlation_pass,opened_in_cold_source_reverification_not_translation_certification,73FBBAD41340C12ECCDCFCF6C3A1656953FE3D712AA8E391678458CCD17B4BAA
images/targeted_ultradetail/z642l_B_Ext.png,z642l_B_Ext.png,22480,613E259B89EA304D59DC2B59865DCDD98B79C435E09482AE6FDF0B076E9C3767,8680,1693,L,,,2026-07-16T19:42:17.155217+00:00,targeted_symbol_formula_ultradetail_crop,public_targeted_source_audit_evidence_no_license_grant,642,643,629,XIII,sga6_fr_workpass.tex,1394,z642l.py,85A93164F7FC6C801E32C94DB7B3990E699470BF53BC031B70F2F16CAD064032,2026-07-16T19:42:10.501Z,Write,1,fraction_of_parent_page,0.465,0.156,0.72,0.188,5600,grayscale;autocontrast_cutoff_1;contrast_2.0;sharpness_1.7,"B : ""Ext^{N-2}_{O_P}(O_X, Omega^N_{P/k})"" -- MARGE EN BAS pour voir le trait",1,2026-07-16T19:42:20.114Z,2026-07-16T19:42:20.114Z,1,B1A9725BA423219352FE502B8D7185245BD07FA6701D848C5A8E72ED919C5FBF,1999x390,0.022529213325,0.008068136632,PASS,dimensions_exact_renderer_version_pixel_drift_disclosed_source_identity_and_viewer_attachment_correlation_pass,opened_in_cold_source_reverification_not_translation_certification,73FBBAD41340C12ECCDCFCF6C3A1656953FE3D712AA8E391678458CCD17B4BAA
images/targeted_ultradetail/z643a_b1.png,z643a_b1.png,134127,5BF9FCF1EDD9EB93B4B15FCE62D7A5A5190D904EDCF4128872CAFF414BD44CF8,9117,3115,L,,,2026-07-16T19:54:18.781492+00:00,targeted_symbol_formula_ultradetail_crop,public_targeted_source_audit_evidence_no_license_grant,643,644,630,XIII,sga6_fr_workpass.tex,1395,z643a.py,9C8BD81603EF74EDF0A238565B6D82A9CA2C35C2BD25758363C7F0ADD8F2BF1B,2026-07-16T19:54:12.196Z,Write,1,fraction_of_parent_page,0.0,0.0,1.0,0.22,1500,grayscale;autocontrast_cutoff_1;contrast_2.0;sharpness_1.7,,1,2026-07-16T19:54:27.337Z,2026-07-16T19:54:27.337Z,1,09EE1DD558D92C7C62A3FE96D7C87659014B0935C3188CF5210BE19824B47AC0,1999x683,0.060990231573,0.024580372177,PASS,dimensions_exact_renderer_version_pixel_drift_disclosed_source_identity_and_viewer_attachment_correlation_pass,opened_in_cold_source_reverification_not_translation_certification,73FBBAD41340C12ECCDCFCF6C3A1656953FE3D712AA8E391678458CCD17B4BAA
images/targeted_ultradetail/z643a_b2.png,z643a_b2.png,159187,F68FA96BE3D5367E20A6AF8552029CFC14C8587B583CC7440880859EE78808FD,9117,3399,L,,,2026-07-16T19:54:19.620283+00:00,targeted_symbol_formula_ultradetail_crop,public_targeted_source_audit_evidence_no_license_grant,643,644,630,XIII,sga6_fr_workpass.tex,1395,z643a.py,9C8BD81603EF74EDF0A238565B6D82A9CA2C35C2BD25758363C7F0ADD8F2BF1B,2026-07-16T19:54:12.196Z,Write,1,fraction_of_parent_page,0.0,0.18,1.0,0.42,1500,grayscale;autocontrast_cutoff_1;contrast_2.0;sharpness_1.7,,1,2026-07-16T19:55:02.199Z,2026-07-16T19:55:02.199Z,1,F87E223FFECBF085E07D831ADCEFF7265A3D2466C9338F6F8DE09ABC8A3B3ED4,1998x745,0.108009351634,0.038920799995,PASS,dimensions_exact_renderer_version_pixel_drift_disclosed_source_identity_and_viewer_attachment_correlation_pass,opened_in_cold_source_reverification_not_translation_certification,73FBBAD41340C12ECCDCFCF6C3A1656953FE3D712AA8E391678458CCD17B4BAA
images/targeted_ultradetail/z643a_b3.png,z643a_b3.png,163179,AFD833F9A0300F408D271F5A6891F67F1DCC2B615303670A339FC618082906DF,9117,3399,L,,,2026-07-16T19:54:20.457436+00:00,targeted_symbol_formula_ultradetail_crop,public_targeted_source_audit_evidence_no_license_grant,643,644,630,XIII,sga6_fr_workpass.tex,1395,z643a.py,9C8BD81603EF74EDF0A238565B6D82A9CA2C35C2BD25758363C7F0ADD8F2BF1B,2026-07-16T19:54:12.196Z,Write,1,fraction_of_parent_page,0.0,0.38,1.0,0.62,1500,grayscale;autocontrast_cutoff_1;contrast_2.0;sharpness_1.7,,1,2026-07-16T19:55:35.381Z,2026-07-16T19:55:35.381Z,1,825CB591B23356D725F4715A704A26D7D6CD9E86E75678EDFBAB649D58F5FBBC,1998x745,0.073525874868,0.029149955324,PASS,dimensions_exact_renderer_version_pixel_drift_disclosed_source_identity_and_viewer_attachment_correlation_pass,opened_in_cold_source_reverification_not_translation_certification,73FBBAD41340C12ECCDCFCF6C3A1656953FE3D712AA8E391678458CCD17B4BAA
images/targeted_ultradetail/z643a_b4.png,z643a_b4.png,174363,097CDBD5823FB892C52B6ADF8F6DBB1E4746CF9C2C402B4896E0119D66E073D4,9117,3399,L,,,2026-07-16T19:54:21.933813+00:00,targeted_symbol_formula_ultradetail_crop,public_targeted_source_audit_evidence_no_license_grant,643,644,630,XIII,sga6_fr_workpass.tex,1395,z643a.py,9C8BD81603EF74EDF0A238565B6D82A9CA2C35C2BD25758363C7F0ADD8F2BF1B,2026-07-16T19:54:12.196Z,Write,1,fraction_of_parent_page,0.0,0.58,1.0,0.82,1500,grayscale;autocontrast_cutoff_1;contrast_2.0;sharpness_1.7,,1,2026-07-16T19:55:48.400Z,2026-07-16T19:55:48.400Z,1,1A1E6C605D29B9E71A9F4FE1D5761F5986D24ED5633E0DB41B6FFDF0E981A2C7,1998x745,0.057203512237,0.024672995143,PASS,dimensions_exact_renderer_version_pixel_drift_disclosed_source_identity_and_viewer_attachment_correlation_pass,opened_in_cold_source_reverification_not_translation_certification,73FBBAD41340C12ECCDCFCF6C3A1656953FE3D712AA8E391678458CCD17B4BAA
images/targeted_ultradetail/z643a_b5.png,z643a_b5.png,81472,ACB3E03DBB9AB181196937E3A43D9ED3CF076590E61F32D50A6F4A7F19E471D1,9117,3116,L,,,2026-07-16T19:54:23.425148+00:00,targeted_symbol_formula_ultradetail_crop,public_targeted_source_audit_evidence_no_license_grant,643,644,630,XIII,sga6_fr_workpass.tex,1395,z643a.py,9C8BD81603EF74EDF0A238565B6D82A9CA2C35C2BD25758363C7F0ADD8F2BF1B,2026-07-16T19:54:12.196Z,Write,1,fraction_of_parent_page,0.0,0.78,1.0,1.0,1500,grayscale;autocontrast_cutoff_1;contrast_2.0;sharpness_1.7,,1,2026-07-16T19:55:57.709Z,2026-07-16T19:55:57.709Z,1,B71F65C0596DA73E8DBFF1F718F8156AB63FF5927E099B838AF70E292593B1F7,1998x683,0.006890492249,0.006698499378,PASS,dimensions_exact_renderer_version_pixel_drift_disclosed_source_identity_and_viewer_attachment_correlation_pass,opened_in_cold_source_reverification_not_translation_certification,73FBBAD41340C12ECCDCFCF6C3A1656953FE3D712AA8E391678458CCD17B4BAA
images/targeted_ultradetail/z643c_A_quelque.png,z643c_A_quelque.png,13991,485DC26284C30D613751E6F18FC7BED220D89378A33DFE60F99FBFF1809ADB42,7489,1217,L,,,2026-07-16T19:58:24.197641+00:00,targeted_symbol_formula_ultradetail_crop,public_targeted_source_audit_evidence_no_license_grant,643,644,630,XIII,sga6_fr_workpass.tex,1395,z643c.py,23EAAEA72362E51F315DC5532C69400EE9C16CFBDDC5FA63E67CB3A20DA9BB60,2026-07-16T19:58:05.255Z,Write,1,fraction_of_parent_page,0.38,0.05,0.6,0.073,5600,grayscale;autocontrast_cutoff_1;contrast_2.0;sharpness_1.7,"A : ""que quelque soit m >= -2,"" -- ""quelque soit"" EN UN OU DEUX MOTS ? ""quel que"" ou ""quelque"" ?",1,2026-07-16T19:58:29.479Z,2026-07-16T19:58:29.479Z,1,D16839BF052DD667A1CA0FA5EE4AC73A92E1CB2D2EA77D6119A183B1505871FF,1999x325,0.017348674337,0.006478623927,PASS,dimensions_exact_renderer_version_pixel_drift_disclosed_source_identity_and_viewer_attachment_correlation_pass,opened_in_cold_source_reverification_not_translation_certification,73FBBAD41340C12ECCDCFCF6C3A1656953FE3D712AA8E391678458CCD17B4BAA
images/targeted_ultradetail/z643c_B_ci.png,z643c_B_ci.png,32578,3313279187E833C698CD7B183E9DA1EB4B64EA4EE8A90EC0884B18256990030D,12253,1376,L,,,2026-07-16T19:58:24.651525+00:00,targeted_symbol_formula_ultradetail_crop,public_targeted_source_audit_evidence_no_license_grant,643,644,630,XIII,sga6_fr_workpass.tex,1395,z643c.py,23EAAEA72362E51F315DC5532C69400EE9C16CFBDDC5FA63E67CB3A20DA9BB60,2026-07-16T19:58:05.255Z,Write,1,fraction_of_parent_page,0.06,0.176,0.42,0.202,5600,grayscale;autocontrast_cutoff_1;contrast_2.0;sharpness_1.7,"B : ""c_i=g_{r-?}(a_{r-2},a_{r-1},a_r) pour i=1,...,r"" -- LE 1/i + la calibration sur la ligne",1,2026-07-16T19:58:42.152Z,2026-07-16T19:58:42.152Z,1,B2850D82089A8A1A3974E430C0E1AB2B8702A6BA623968827F69AC917E9886C5,1995x224,0.031740064447,0.011179735052,PASS,dimensions_exact_renderer_version_pixel_drift_disclosed_source_identity_and_viewer_attachment_correlation_pass,opened_in_cold_source_reverification_not_translation_certification,73FBBAD41340C12ECCDCFCF6C3A1656953FE3D712AA8E391678458CCD17B4BAA
images/targeted_ultradetail/z643d_A_gri.png,z643d_A_gri.png,27768,EBC77BB68BF36BBAA1C01D5B956F0D29498A27735C6315BCCA6E1CBEB72227D4,6419,2720,L,,,2026-07-16T19:59:22.471902+00:00,targeted_symbol_formula_ultradetail_crop,public_targeted_source_audit_evidence_no_license_grant,643,644,630,XIII,sga6_fr_workpass.tex,1395,z643d.py,6318F1CF5C895BE1A5C6292387B900ABC9BD0936DDFC9DF78DB48EE3D9BBD38A,2026-07-16T19:59:14.172Z,Write,1,fraction_of_parent_page,0.065,0.176,0.175,0.206,9600,grayscale;autocontrast_cutoff_1;contrast_2.0;sharpness_1.7,"A : ""c_i=g_{r-?}("" -- le glyphe a trancher + le ""i"" KNOWN de c_i dans le meme cadre",1,2026-07-16T19:59:36.095Z,2026-07-16T19:59:36.095Z,1,B2204E0C7F5B10133B41BB264BED4F1CF276950C530BB525EAF683F827F36AE1,1996x846,0.003861742397,0.001537945868,PASS,dimensions_exact_renderer_version_pixel_drift_disclosed_source_identity_and_viewer_attachment_correlation_pass,opened_in_cold_source_reverification_not_translation_certification,73FBBAD41340C12ECCDCFCF6C3A1656953FE3D712AA8E391678458CCD17B4BAA
images/targeted_ultradetail/z643d_B_known.png,z643d_B_known.png,26156,BCDFA76F7CF18171E1FD7909A35B6CA22DA565A01FB78E8852A99BE34DCAD9D4,5835,2720,L,,,2026-07-16T19:59:22.893589+00:00,targeted_symbol_formula_ultradetail_crop,public_targeted_source_audit_evidence_no_license_grant,643,644,630,XIII,sga6_fr_workpass.tex,1395,z643d.py,6318F1CF5C895BE1A5C6292387B900ABC9BD0936DDFC9DF78DB48EE3D9BBD38A,2026-07-16T19:59:14.172Z,Write,1,fraction_of_parent_page,0.3,0.176,0.4,0.206,9600,grayscale;autocontrast_cutoff_1;contrast_2.0;sharpness_1.7,"B : ""pour i=1,"" -- le couple KNOWN i / KNOWN 1",1,2026-07-16T19:59:26.277Z,2026-07-16T19:59:26.277Z,1,CCFC36CE47351D41AF03EF2750345CFFD3696C4F1AB6172561C3819BA065E3C4,1997x931,0.00271997685,0.00114833905,PASS,dimensions_exact_renderer_version_pixel_drift_disclosed_source_identity_and_viewer_attachment_correlation_pass,opened_in_cold_source_reverification_not_translation_certification,73FBBAD41340C12ECCDCFCF6C3A1656953FE3D712AA8E391678458CCD17B4BAA
images/targeted_ultradetail/z644a_b1.png,z644a_b1.png,199752,E7490B6DF3C4D09721D7E626493397C9BF0CD943A3EA2FD160C0EC09FBA04BDD,9117,3115,L,,,2026-07-16T20:09:24.517674+00:00,targeted_symbol_formula_ultradetail_crop,public_targeted_source_audit_evidence_no_license_grant,644,645,631,XIII,sga6_fr_workpass.tex,1396,z644a.py,396098D9AEA80FE21C602DD487CBD3DAE1312C60A07C1118C1F3A2816D2C4347,2026-07-16T20:09:16.518Z,Write,1,fraction_of_parent_page,0.0,0.0,1.0,0.22,1500,grayscale;autocontrast_cutoff_1;contrast_2.0;sharpness_1.7,,1,2026-07-16T20:09:38.044Z,2026-07-16T20:09:38.044Z,1,E397CEA83F8776AD1C12449435E9087D5B9308E85928935D34F2A5496B084068,1999x683,0.073173482788,0.032168353576,PASS,dimensions_exact_renderer_version_pixel_drift_disclosed_source_identity_and_viewer_attachment_correlation_pass,opened_in_cold_source_reverification_not_translation_certification,73FBBAD41340C12ECCDCFCF6C3A1656953FE3D712AA8E391678458CCD17B4BAA
images/targeted_ultradetail/z644a_b2.png,z644a_b2.png,272541,516C3851F4875E7BED422FC3BD0258BD5DF10184235D58FEF7666AF3569FD19B,9117,3399,L,,,2026-07-16T20:09:25.370360+00:00,targeted_symbol_formula_ultradetail_crop,public_targeted_source_audit_evidence_no_license_grant,644,645,631,XIII,sga6_fr_workpass.tex,1396,z644a.py,396098D9AEA80FE21C602DD487CBD3DAE1312C60A07C1118C1F3A2816D2C4347,2026-07-16T20:09:16.518Z,Write,1,fraction_of_parent_page,0.0,0.18,1.0,0.42,1500,grayscale;autocontrast_cutoff_1;contrast_2.0;sharpness_1.7,,1,2026-07-16T20:10:10.941Z,2026-07-16T20:10:10.941Z,1,3C868A5147B7136F0354863D3A5360D664F8F359CC3350DAE6D7CEFBE08B413A,1998x745,0.118529267523,0.04790696737,PASS,dimensions_exact_renderer_version_pixel_drift_disclosed_source_identity_and_viewer_attachment_correlation_pass,opened_in_cold_source_reverification_not_translation_certification,73FBBAD41340C12ECCDCFCF6C3A1656953FE3D712AA8E391678458CCD17B4BAA
images/targeted_ultradetail/z644a_b3.png,z644a_b3.png,231728,EF005150E3B08255610ED11D1741B573FC693AC4EBAB9D27FA3DDBDAB575943B,9117,3399,L,,,2026-07-16T20:09:26.223641+00:00,targeted_symbol_formula_ultradetail_crop,public_targeted_source_audit_evidence_no_license_grant,644,645,631,XIII,sga6_fr_workpass.tex,1396,z644a.py,396098D9AEA80FE21C602DD487CBD3DAE1312C60A07C1118C1F3A2816D2C4347,2026-07-16T20:09:16.518Z,Write,1,fraction_of_parent_page,0.0,0.38,1.0,0.62,1500,grayscale;autocontrast_cutoff_1;contrast_2.0;sharpness_1.7,,1,2026-07-16T20:10:49.060Z,2026-07-16T20:10:49.060Z,1,A68ED14A845004189964148DB988D9914F52902C796F2A6C292A4D94B5DC903A,1998x745,0.08022653526,0.03595877757,PASS,dimensions_exact_renderer_version_pixel_drift_disclosed_source_identity_and_viewer_attachment_correlation_pass,opened_in_cold_source_reverification_not_translation_certification,73FBBAD41340C12ECCDCFCF6C3A1656953FE3D712AA8E391678458CCD17B4BAA
images/targeted_ultradetail/z644a_b4.png,z644a_b4.png,222121,494C1BF37B0F736E0EDD5D99E053C36C8BAB745026851F912A4EC99EC39E530F,9117,3399,L,,,2026-07-16T20:09:27.614784+00:00,targeted_symbol_formula_ultradetail_crop,public_targeted_source_audit_evidence_no_license_grant,644,645,631,XIII,sga6_fr_workpass.tex,1396,z644a.py,396098D9AEA80FE21C602DD487CBD3DAE1312C60A07C1118C1F3A2816D2C4347,2026-07-16T20:09:16.518Z,Write,1,fraction_of_parent_page,0.0,0.58,1.0,0.82,1500,grayscale;autocontrast_cutoff_1;contrast_2.0;sharpness_1.7,,1,2026-07-16T20:11:15.232Z,2026-07-16T20:11:15.232Z,1,99A1068DDE62BECA855570BB0BA09A2B1D29079C541B079932A2F63B96E3C59D,1998x745,0.086468347542,0.036257062432,PASS,dimensions_exact_renderer_version_pixel_drift_disclosed_source_identity_and_viewer_attachment_correlation_pass,opened_in_cold_source_reverification_not_translation_certification,73FBBAD41340C12ECCDCFCF6C3A1656953FE3D712AA8E391678458CCD17B4BAA
images/targeted_ultradetail/z644a_b5.png,z644a_b5.png,141137,5FDCC5C5384466B8CA5BE4FAF025B4517D28BB247BCA39D8EC49E32F5309E10F,9117,3116,L,,,2026-07-16T20:09:29.052229+00:00,targeted_symbol_formula_ultradetail_crop,public_targeted_source_audit_evidence_no_license_grant,644,645,631,XIII,sga6_fr_workpass.tex,1396,z644a.py,396098D9AEA80FE21C602DD487CBD3DAE1312C60A07C1118C1F3A2816D2C4347,2026-07-16T20:09:16.518Z,Write,1,fraction_of_parent_page,0.0,0.78,1.0,1.0,1500,grayscale;autocontrast_cutoff_1;contrast_2.0;sharpness_1.7,,1,2026-07-16T20:11:39.023Z,2026-07-16T20:11:39.023Z,1,89F6D2CCD38B5C43E947797877CA636CD989F368E5E19D54CD5DCC5317A9264B,1998x683,0.031655374262,0.016345774765,PASS,dimensions_exact_renderer_version_pixel_drift_disclosed_source_identity_and_viewer_attachment_correlation_pass,opened_in_cold_source_reverification_not_translation_certification,73FBBAD41340C12ECCDCFCF6C3A1656953FE3D712AA8E391678458CCD17B4BAA
images/targeted_ultradetail/z644c_A_supp.png,z644c_A_supp.png,29153,CC309293786718325FE1D8AEBE100C62C555C9154CA7C16968025952CB2CF48E,12254,1481,L,,,2026-07-16T20:12:53.042070+00:00,targeted_symbol_formula_ultradetail_crop,public_targeted_source_audit_evidence_no_license_grant,644,645,631,XIII,sga6_fr_workpass.tex,1396,z644c.py,5D8C3115DB7FA1CB7ACEE91A71AF1CFF2C8C12D065CE2F151DC93587BA3AA38E,2026-07-16T20:12:45.837Z,Write,1,fraction_of_parent_page,0.16,0.38,0.52,0.408,5600,grayscale;autocontrast_cutoff_1;contrast_2.0;sharpness_1.7,"A : ""En effet, soit d = supp {d(L_K)}."" -- INDICE ⟹ marge en bas",1,2026-07-16T20:12:58.592Z,2026-07-16T20:12:58.592Z,1,2BA4DF9C438BFDD5B218F30FA1120716B2710A8AF3A6FE33769427989E23E8F8,1994x241,0.033890051898,0.012158883289,PASS,dimensions_exact_renderer_version_pixel_drift_disclosed_source_identity_and_viewer_attachment_correlation_pass,opened_in_cold_source_reverification_not_translation_certification,73FBBAD41340C12ECCDCFCF6C3A1656953FE3D712AA8E391678458CCD17B4BAA
images/targeted_ultradetail/z644c_B_Sschema211.png,z644c_B_Sschema211.png,21221,B352CF029E1F20099F7EEE84C2C961DDBB940FE18ADD4003AA2E284BB46675CA,9191,1375,L,,,2026-07-16T20:12:53.385141+00:00,targeted_symbol_formula_ultradetail_crop,public_targeted_source_audit_evidence_no_license_grant,644,645,631,XIII,sga6_fr_workpass.tex,1396,z644c.py,5D8C3115DB7FA1CB7ACEE91A71AF1CFF2C8C12D065CE2F151DC93587BA3AA38E,2026-07-16T20:12:45.837Z,Write,1,fraction_of_parent_page,0.55,0.115,0.82,0.141,5600,grayscale;autocontrast_cutoff_1;contrast_2.0;sharpness_1.7,"B : Lemme 2.11 -- ""et X un S schema projectif,"" -- TRAIT D'UNION ?",1,2026-07-16T20:13:14.063Z,2026-07-16T20:13:14.063Z,1,A925BCB40B9774E86C9667DD185D3E4B6ACCF054C6C620A657AA12412DE2C769,1998x299,0.027462244854,0.010105423149,PASS,dimensions_exact_renderer_version_pixel_drift_disclosed_source_identity_and_viewer_attachment_correlation_pass,opened_in_cold_source_reverification_not_translation_certification,73FBBAD41340C12ECCDCFCF6C3A1656953FE3D712AA8E391678458CCD17B4BAA
images/targeted_ultradetail/z644c_C_Sschema31.png,z644c_C_Sschema31.png,25044,3A27C59599A0EBF9CA44B2488082063C52FB11796559E27DF3C93988C459DD26,9872,1481,L,,,2026-07-16T20:12:53.772061+00:00,targeted_symbol_formula_ultradetail_crop,public_targeted_source_audit_evidence_no_license_grant,644,645,631,XIII,sga6_fr_workpass.tex,1396,z644c.py,5D8C3115DB7FA1CB7ACEE91A71AF1CFF2C8C12D065CE2F151DC93587BA3AA38E,2026-07-16T20:12:45.837Z,Write,1,fraction_of_parent_page,0.36,0.652,0.65,0.68,5600,grayscale;autocontrast_cutoff_1;contrast_2.0;sharpness_1.7,"C : Lemme 3.1 -- ""et X un S-schema quasi-"" -- LA CALIBRATION",1,2026-07-16T20:13:27.163Z,2026-07-16T20:13:27.163Z,1,270C22138E443C9C301D627EC5A36691C171DD55764EAEA5F903C45D529ABEA4,1999x300,0.02748040687,0.010858762715,PASS,dimensions_exact_renderer_version_pixel_drift_disclosed_source_identity_and_viewer_attachment_correlation_pass,opened_in_cold_source_reverification_not_translation_certification,73FBBAD41340C12ECCDCFCF6C3A1656953FE3D712AA8E391678458CCD17B4BAA
images/targeted_ultradetail/z644d_A_onait.png,z644d_A_onait.png,53037,CDFCB71D5B29A574961F897A34AEA1B239D2145B8FA7EE69C3E212C8256D3273,15317,2221,L,,,2026-07-16T20:19:19.263966+00:00,targeted_symbol_formula_ultradetail_crop,public_targeted_source_audit_evidence_no_license_grant,644,645,631,XIII,sga6_fr_workpass.tex,1396,z644d.py,74340FC8C60DF01BD4D34A6109EDD4A69BD1A4EB26245BFACBC71ECC369A5DED,2026-07-16T20:19:09.797Z,Write,1,fraction_of_parent_page,0.03,0.062,0.48,0.104,5600,grayscale;autocontrast_cutoff_1;contrast_2.0;sharpness_1.7,,1,2026-07-16T20:19:23.341Z,2026-07-16T20:19:23.341Z,1,7AA9C3CE55AE47F279E3389978299351AB9504BE92DFED1BF28DCE96672B3578,1999x290,0.021576305394,0.009597902399,PASS,dimensions_exact_renderer_version_pixel_drift_disclosed_source_identity_and_viewer_attachment_correlation_pass,opened_in_cold_source_reverification_not_translation_certification,73FBBAD41340C12ECCDCFCF6C3A1656953FE3D712AA8E391678458CCD17B4BAA
images/targeted_ultradetail/z645a_b1.png,z645a_b1.png,180982,E025FD339084AE56C13C5B88EF9FA2F20093F09CD039348A420C778E19700BA5,9117,3115,L,,,2026-07-16T20:27:26.872948+00:00,targeted_symbol_formula_ultradetail_crop,public_targeted_source_audit_evidence_no_license_grant,645,646,632,XIII,sga6_fr_workpass.tex,1397,z645a.py,B872BEE3313C4C0CE536228100DAB169FFB479F7DB78637D8EC2F0810A9B99D4,2026-07-16T20:27:17.338Z,Write,1,fraction_of_parent_page,0.0,0.0,1.0,0.22,1500,grayscale;autocontrast_cutoff_1;contrast_2.0;sharpness_1.7,,1,2026-07-16T20:27:36.499Z,2026-07-16T20:27:36.499Z,1,F9C4321096A94E82B8FE81F0B2CBD3EA89B151E71269C15CA3F47B62974E531E,1999x683,0.05196082668,0.024206832552,PASS,dimensions_exact_renderer_version_pixel_drift_disclosed_source_identity_and_viewer_attachment_correlation_pass,opened_in_cold_source_reverification_not_translation_certification,73FBBAD41340C12ECCDCFCF6C3A1656953FE3D712AA8E391678458CCD17B4BAA
images/targeted_ultradetail/z645a_b2.png,z645a_b2.png,243120,A50C55D0043ED40E2D4C2D339ADC4F2CF163CD27AE134BB021C2EF9CCE082AA7,9117,3399,L,,,2026-07-16T20:27:27.722995+00:00,targeted_symbol_formula_ultradetail_crop,public_targeted_source_audit_evidence_no_license_grant,645,646,632,XIII,sga6_fr_workpass.tex,1397,z645a.py,B872BEE3313C4C0CE536228100DAB169FFB479F7DB78637D8EC2F0810A9B99D4,2026-07-16T20:27:17.338Z,Write,1,fraction_of_parent_page,0.0,0.18,1.0,0.42,1500,grayscale;autocontrast_cutoff_1;contrast_2.0;sharpness_1.7,,1,2026-07-16T20:27:59.607Z,2026-07-16T20:27:59.607Z,1,D5C413D37A604AB1A4DD2044997D01F6C43F98F9D16D7DA441F5A5842920E94E,1998x745,0.096496496496,0.040448502193,PASS,dimensions_exact_renderer_version_pixel_drift_disclosed_source_identity_and_viewer_attachment_correlation_pass,opened_in_cold_source_reverification_not_translation_certification,73FBBAD41340C12ECCDCFCF6C3A1656953FE3D712AA8E391678458CCD17B4BAA
images/targeted_ultradetail/z645a_b3.png,z645a_b3.png,205926,F804A322BED4A82C6E9FDB9E5A50A215FF14CAADA81A3BC0A3DD69149C79D2A5,9117,3399,L,,,2026-07-16T20:27:28.574442+00:00,targeted_symbol_formula_ultradetail_crop,public_targeted_source_audit_evidence_no_license_grant,645,646,632,XIII,sga6_fr_workpass.tex,1397,z645a.py,B872BEE3313C4C0CE536228100DAB169FFB479F7DB78637D8EC2F0810A9B99D4,2026-07-16T20:27:17.338Z,Write,1,fraction_of_parent_page,0.0,0.38,1.0,0.62,1500,grayscale;autocontrast_cutoff_1;contrast_2.0;sharpness_1.7,,1,2026-07-16T20:28:45.117Z,2026-07-16T20:28:45.117Z,1,10A6EAAA7B924E776CF39C087A1533F9D043B6286A251D832005CE8E80B58C66,1998x745,0.110723475153,0.042062196425,PASS,dimensions_exact_renderer_version_pixel_drift_disclosed_source_identity_and_viewer_attachment_correlation_pass,opened_in_cold_source_reverification_not_translation_certification,73FBBAD41340C12ECCDCFCF6C3A1656953FE3D712AA8E391678458CCD17B4BAA
images/targeted_ultradetail/z645a_b4.png,z645a_b4.png,218565,B8EC21F1DDAD90FEF49F7BB0867BE053ED58B1994A385961CD010F40536ACB70,9117,3399,L,,,2026-07-16T20:27:30.003127+00:00,targeted_symbol_formula_ultradetail_crop,public_targeted_source_audit_evidence_no_license_grant,645,646,632,XIII,sga6_fr_workpass.tex,1397,z645a.py,B872BEE3313C4C0CE536228100DAB169FFB479F7DB78637D8EC2F0810A9B99D4,2026-07-16T20:27:17.338Z,Write,1,fraction_of_parent_page,0.0,0.58,1.0,0.82,1500,grayscale;autocontrast_cutoff_1;contrast_2.0;sharpness_1.7,,1,2026-07-16T20:29:04.232Z,2026-07-16T20:29:04.232Z,1,FBDB690B32C9F5F9152060EF85411A53B4EA77BED5ECF0ED06733E372554853D,1998x745,0.081588299709,0.034311492701,PASS,dimensions_exact_renderer_version_pixel_drift_disclosed_source_identity_and_viewer_attachment_correlation_pass,opened_in_cold_source_reverification_not_translation_certification,73FBBAD41340C12ECCDCFCF6C3A1656953FE3D712AA8E391678458CCD17B4BAA
images/targeted_ultradetail/z645a_b5.png,z645a_b5.png,104573,D51F807326EDB4748554C494B534C4CE4C51BCD3D9D382B590953E5F05A746BC,9117,3116,L,,,2026-07-16T20:27:31.516611+00:00,targeted_symbol_formula_ultradetail_crop,public_targeted_source_audit_evidence_no_license_grant,645,646,632,XIII,sga6_fr_workpass.tex,1397,z645a.py,B872BEE3313C4C0CE536228100DAB169FFB479F7DB78637D8EC2F0810A9B99D4,2026-07-16T20:27:17.338Z,Write,1,fraction_of_parent_page,0.0,0.78,1.0,1.0,1500,grayscale;autocontrast_cutoff_1;contrast_2.0;sharpness_1.7,,1,2026-07-16T20:29:28.237Z,2026-07-16T20:29:28.237Z,1,8173F75EF41ACC7C6DC48E95BDB6EF31F053D97DE114A0E9D7D048B7535BD6A9,1998x683,0.012485399015,0.011699840397,PASS,dimensions_exact_renderer_version_pixel_drift_disclosed_source_identity_and_viewer_attachment_correlation_pass,opened_in_cold_source_reverification_not_translation_certification,73FBBAD41340C12ECCDCFCF6C3A1656953FE3D712AA8E391678458CCD17B4BAA
images/targeted_ultradetail/z645c_A_prime.png,z645c_A_prime.png,62314,B4093EFF4FC89B1C0D1AC5E53147789DCDC298E1599B61B5B308E7E6E3B57BF5,23145,1587,L,,,2026-07-16T20:31:27.275204+00:00,targeted_symbol_formula_ultradetail_crop,public_targeted_source_audit_evidence_no_license_grant,645,646,632,XIII,sga6_fr_workpass.tex,1397,z645c.py,97AC46770EA3A2670C7269C66BF6D13E9BB52E9DFCC9CDEEE591BF0BE7E0E564,2026-07-16T20:31:16.944Z,Write,1,fraction_of_parent_page,0.1,0.382,0.78,0.412,5600,grayscale;autocontrast_cutoff_1;contrast_2.0;sharpness_1.7,"A : ""image inverse de L_?, ou Z' = ..."" -- LE PRIME. ★ ""inversible L'"" est sur la MEME ligne (a gauche) ⟹ le KNOWN prime est dans le cadre si j'ouvre assez large.",1,2026-07-16T20:31:32.338Z,2026-07-16T20:31:32.338Z,1,CFB1EFD78882AF12D8073B730DCB8DB9CEED046B6680A4A47664CDCD3AF70849,1998x137,0.06930653281,0.029836405749,PASS,dimensions_exact_renderer_version_pixel_drift_disclosed_source_identity_and_viewer_attachment_correlation_pass,opened_in_cold_source_reverification_not_translation_certification,73FBBAD41340C12ECCDCFCF6C3A1656953FE3D712AA8E391678458CCD17B4BAA
images/targeted_ultradetail/z645c_B_vertu.png,z645c_B_vertu.png,22394,89D83CE8D71DED53DA032C2A4462284A634FB011FD85B35B4103426495B49428,11573,1375,L,,,2026-07-16T20:31:27.698727+00:00,targeted_symbol_formula_ultradetail_crop,public_targeted_source_audit_evidence_no_license_grant,645,646,632,XIII,sga6_fr_workpass.tex,1397,z645c.py,97AC46770EA3A2670C7269C66BF6D13E9BB52E9DFCC9CDEEE591BF0BE7E0E564,2026-07-16T20:31:16.944Z,Write,1,fraction_of_parent_page,0.08,0.47,0.42,0.496,5600,grayscale;autocontrast_cutoff_1;contrast_2.0;sharpness_1.7,"B : ""En vertu de (EGA IV 8.8.2,"" -- LES PARENTHESES",1,2026-07-16T20:31:55.999Z,2026-07-16T20:31:55.999Z,1,AD55E917871A04E55FC0BBF5DC044356E9AC85173A04AEBA4D3D5CEFDE435A77,1995x237,0.034698560748,0.012068145046,PASS,dimensions_exact_renderer_version_pixel_drift_disclosed_source_identity_and_viewer_attachment_correlation_pass,opened_in_cold_source_reverification_not_translation_certification,73FBBAD41340C12ECCDCFCF6C3A1656953FE3D712AA8E391678458CCD17B4BAA
images/targeted_ultradetail/zoom645b_Lalpha.png,zoom645b_Lalpha.png,100944,D3C189E05C88C6D25E1617022F5F85061E3F85098F8DC5F6553F8140D2CDE5EF,26256,2974,L,,,2026-07-27T22:01:33.433019+00:00,targeted_symbol_formula_ultradetail_crop,public_targeted_source_audit_evidence_no_license_grant,645,646,632,XIII,sga6_fr_workpass.tex,1397,zoom645b.py,1A7B994EAE7B1A40ECFE08B500682BA56E9D2043A6B9E1AD555953CDC7AB9C60,2026-07-27T22:01:21.251256+00:00,retained_local_generator_script,2,fraction_of_parent_page,0.3,0.393,0.78,0.428,9000,grayscale;autocontrast_cutoff_1;contrast_2.4;sharpness_1.8,"band b spans fy 0.335..0.535; ""image inverse de L_alpha"" is ~line 3 of band b target the line: fy ~0.395..0.425, x fraction 0.30..0.75",1,2026-07-27T22:01:37.878Z,2026-07-27T22:01:37.878Z,1,FD2BF047113568E516BF14B54205B4C390972655BA9B040B77A14730067DF2BE,1995x226,0.031261782776,0.014818018498,PASS,pixel_exact_and_png_byte_exact,opened_in_cold_source_reverification_not_translation_certification,73FBBAD41340C12ECCDCFCF6C3A1656953FE3D712AA8E391678458CCD17B4BAA
images/targeted_ultradetail/z646a_b1.png,z646a_b1.png,218949,44DD3C5C9998E9A162965DCC960BE1FCF873472E726FBF09007BD35E4A1A6883,9117,3115,L,,,2026-07-17T15:16:41.709708+00:00,targeted_symbol_formula_ultradetail_crop,public_targeted_source_audit_evidence_no_license_grant,646,647,633,XIII,sga6_fr_workpass.tex,1398,z646a.py,23521776301F05CBA187B5FCD163079B8CB808B88639A786267282B8744A58E3,2026-07-17T15:16:19.586Z,Write,1,fraction_of_parent_page,0.0,0.0,1.0,0.22,1500,grayscale;autocontrast_cutoff_1;contrast_2.0;sharpness_1.7,,1,2026-07-17T15:16:54.163Z,2026-07-17T15:16:54.163Z,1,8EDFB3A83F93575A88EC54D5C383F8069A20C3ED2118941AE751686B150F18A0,1999x683,0.071495484199,0.033907876339,PASS,dimensions_exact_renderer_version_pixel_drift_disclosed_source_identity_and_viewer_attachment_correlation_pass,opened_in_cold_source_reverification_not_translation_certification,73FBBAD41340C12ECCDCFCF6C3A1656953FE3D712AA8E391678458CCD17B4BAA
images/targeted_ultradetail/z646a_b2.png,z646a_b2.png,258994,FE4A0565E98080B76A4CA977FD6D3C69282D56F94A6E82E2504E136DA96DD9CB,9117,3399,L,,,2026-07-17T15:16:42.607548+00:00,targeted_symbol_formula_ultradetail_crop,public_targeted_source_audit_evidence_no_license_grant,646,647,633,XIII,sga6_fr_workpass.tex,1398,z646a.py,23521776301F05CBA187B5FCD163079B8CB808B88639A786267282B8744A58E3,2026-07-17T15:16:19.586Z,Write,1,fraction_of_parent_page,0.0,0.18,1.0,0.42,1500,grayscale;autocontrast_cutoff_1;contrast_2.0;sharpness_1.7,,1,2026-07-17T15:17:11.007Z,2026-07-17T15:17:11.007Z,1,091990F405F7CB1BB0473309639028B06F00B9B49F84050A5C0EFE8F7A4F7DED,1998x745,0.115598148484,0.047663099341,PASS,dimensions_exact_renderer_version_pixel_drift_disclosed_source_identity_and_viewer_attachment_correlation_pass,opened_in_cold_source_reverification_not_translation_certification,73FBBAD41340C12ECCDCFCF6C3A1656953FE3D712AA8E391678458CCD17B4BAA
images/targeted_ultradetail/z646a_b3.png,z646a_b3.png,274283,DAA1463C744F4F500B945F05ABF097B0B0342B04FCC538F87AFC4EEDCE6DDED7,9117,3399,L,,,2026-07-17T15:16:43.585912+00:00,targeted_symbol_formula_ultradetail_crop,public_targeted_source_audit_evidence_no_license_grant,646,647,633,XIII,sga6_fr_workpass.tex,1398,z646a.py,23521776301F05CBA187B5FCD163079B8CB808B88639A786267282B8744A58E3,2026-07-17T15:16:19.586Z,Write,1,fraction_of_parent_page,0.0,0.38,1.0,0.62,1500,grayscale;autocontrast_cutoff_1;contrast_2.0;sharpness_1.7,,1,2026-07-17T15:17:21.441Z,2026-07-17T15:17:21.441Z,1,3B4117FB6CF31AC504F036EF25E3DCE88D47C9B0838367AFDAEEB7B7CAAF5010,1998x745,0.109731207718,0.04605679505,PASS,dimensions_exact_renderer_version_pixel_drift_disclosed_source_identity_and_viewer_attachment_correlation_pass,opened_in_cold_source_reverification_not_translation_certification,73FBBAD41340C12ECCDCFCF6C3A1656953FE3D712AA8E391678458CCD17B4BAA
images/targeted_ultradetail/z646a_b4.png,z646a_b4.png,222870,14109D8448380352EF30C9B8B06E8B479F0B0F640945FC77CF3672E87693397D,9117,3399,L,,,2026-07-17T15:16:44.912134+00:00,targeted_symbol_formula_ultradetail_crop,public_targeted_source_audit_evidence_no_license_grant,646,647,633,XIII,sga6_fr_workpass.tex,1398,z646a.py,23521776301F05CBA187B5FCD163079B8CB808B88639A786267282B8744A58E3,2026-07-17T15:16:19.586Z,Write,1,fraction_of_parent_page,0.0,0.58,1.0,0.82,1500,grayscale;autocontrast_cutoff_1;contrast_2.0;sharpness_1.7,,1,2026-07-17T15:17:31.639Z,2026-07-17T15:17:31.639Z,1,8FAD77DC04CF213363DEBA2EEDC3BA635C96518D2FF1A70BCEC1FF6899FD81C8,1998x745,0.062258231386,0.029897011105,PASS,dimensions_exact_renderer_version_pixel_drift_disclosed_source_identity_and_viewer_attachment_correlation_pass,opened_in_cold_source_reverification_not_translation_certification,73FBBAD41340C12ECCDCFCF6C3A1656953FE3D712AA8E391678458CCD17B4BAA
images/targeted_ultradetail/z646a_b5.png,z646a_b5.png,86162,13C93A1DFA020CEF9C06D0EE212318FE1AC710B3FF050E25E55FDE377965EEBF,9117,3116,L,,,2026-07-17T15:16:46.199104+00:00,targeted_symbol_formula_ultradetail_crop,public_targeted_source_audit_evidence_no_license_grant,646,647,633,XIII,sga6_fr_workpass.tex,1398,z646a.py,23521776301F05CBA187B5FCD163079B8CB808B88639A786267282B8744A58E3,2026-07-17T15:16:19.586Z,Write,1,fraction_of_parent_page,0.0,0.78,1.0,1.0,1500,grayscale;autocontrast_cutoff_1;contrast_2.0;sharpness_1.7,,1,2026-07-17T15:17:42.328Z,2026-07-17T15:17:42.328Z,1,70611211F4068C781283377F2C48D22F85F810294DF146328C58F8305027B2BC,1998x683,0.0060866137,0.00574146621,PASS,dimensions_exact_renderer_version_pixel_drift_disclosed_source_identity_and_viewer_attachment_correlation_pass,opened_in_cold_source_reverification_not_translation_certification,73FBBAD41340C12ECCDCFCF6C3A1656953FE3D712AA8E391678458CCD17B4BAA
images/targeted_ultradetail/z646c_A_effet.png,z646c_A_effet.png,42421,A66B93CD7574ADDEC81E0C70E40E9D203DB4FE877283B9D2C73282BA3BFB69FD,22124,1375,L,,,2026-07-17T15:20:26.300533+00:00,targeted_symbol_formula_ultradetail_crop,public_targeted_source_audit_evidence_no_license_grant,646,647,633,XIII,sga6_fr_workpass.tex,1398,z646c.py,C6432B68A6DE37072201E7795FE3F8BCEED9C0B26D620B6F2956CF7C1EA5433D,2026-07-17T15:20:09.529Z,Write,1,fraction_of_parent_page,0.15,0.2,0.8,0.226,5600,grayscale;autocontrast_cutoff_1;contrast_2.0;sharpness_1.7,"A : ""En effet, (i) resulte de (3.1) ; (ii), du fait suivant : si s""",1,2026-07-17T15:20:34.933Z,2026-07-17T15:20:34.933Z,1,085FE590D91678659D98E515FDF5AA726928A2A0E787B144679AC4BD6DF7856B,1995x124,0.098787290808,0.032411674347,PASS,dimensions_exact_renderer_version_pixel_drift_disclosed_source_identity_and_viewer_attachment_correlation_pass,opened_in_cold_source_reverification_not_translation_certification,73FBBAD41340C12ECCDCFCF6C3A1656953FE3D712AA8E391678458CCD17B4BAA
images/targeted_ultradetail/z646c_B_est.png,z646c_B_est.png,25846,88688D91BAD3D5E8DB909AB124C1768FC4887F34B368A1D35C691F436B45D4D3,10552,1269,L,,,2026-07-17T15:20:26.660361+00:00,targeted_symbol_formula_ultradetail_crop,public_targeted_source_audit_evidence_no_license_grant,646,647,633,XIII,sga6_fr_workpass.tex,1398,z646c.py,C6432B68A6DE37072201E7795FE3F8BCEED9C0B26D620B6F2956CF7C1EA5433D,2026-07-17T15:20:09.529Z,Write,1,fraction_of_parent_page,0.24,0.23,0.55,0.254,5600,grayscale;autocontrast_cutoff_1;contrast_2.0;sharpness_1.7,"B : ""...S et K est une extension..."" (le ""est"")",1,2026-07-17T15:20:48.825Z,2026-07-17T15:20:48.825Z,1,0567AD10A579AF377041AB593E1263B71C6749F401B45B24C20030DBEFC250AB,1996x240,0.031266700067,0.0125501002,PASS,dimensions_exact_renderer_version_pixel_drift_disclosed_source_identity_and_viewer_attachment_correlation_pass,opened_in_cold_source_reverification_not_translation_certification,73FBBAD41340C12ECCDCFCF6C3A1656953FE3D712AA8E391678458CCD17B4BAA
images/targeted_ultradetail/z646c_C_alors.png,z646c_C_alors.png,34392,017A1A257085F127C85F87F80F236415D6A4917222AB3432D3AF2ECC5FE309D9,13274,1269,L,,,2026-07-17T15:20:27.113738+00:00,targeted_symbol_formula_ultradetail_crop,public_targeted_source_audit_evidence_no_license_grant,646,647,633,XIII,sga6_fr_workpass.tex,1398,z646c.py,C6432B68A6DE37072201E7795FE3F8BCEED9C0B26D620B6F2956CF7C1EA5433D,2026-07-17T15:20:09.529Z,Write,1,fraction_of_parent_page,0.03,0.259,0.42,0.283,5600,grayscale;autocontrast_cutoff_1;contrast_2.0;sharpness_1.7,"C : ""de k(s), alors les K-points de Pic"" (le ""alors"")",1,2026-07-17T15:20:56.409Z,2026-07-17T15:20:56.409Z,1,793837FF4E95221D2E3E5ACB0A077727EF63468DA003B36AF8DD916747ECA24F,1997x191,0.041187435604,0.016501191578,PASS,dimensions_exact_renderer_version_pixel_drift_disclosed_source_identity_and_viewer_attachment_correlation_pass,opened_in_cold_source_reverification_not_translation_certification,73FBBAD41340C12ECCDCFCF6C3A1656953FE3D712AA8E391678458CCD17B4BAA
images/targeted_ultradetail/z646c_D_qc.png,z646c_D_qc.png,52967,71B27E178772F0A0377618AF556336E859FFD6EAA8DC51A1126E8E3CE00892E3,21103,1322,L,,,2026-07-17T15:20:27.857987+00:00,targeted_symbol_formula_ultradetail_crop,public_targeted_source_audit_evidence_no_license_grant,646,647,633,XIII,sga6_fr_workpass.tex,1398,z646c.py,C6432B68A6DE37072201E7795FE3F8BCEED9C0B26D620B6F2956CF7C1EA5433D,2026-07-17T15:20:09.529Z,Write,1,fraction_of_parent_page,0.16,0.575,0.78,0.6,5600,grayscale;autocontrast_cutoff_1;contrast_2.0;sharpness_1.7,"D : ""Par suite Lambda est quasi-compact(e) et on a (iii)."" -- le ""e"" final",1,2026-07-17T15:21:04.480Z,2026-07-17T15:21:04.480Z,1,6FB19CFE659EAC5F111245F5FC0303CAB832C4CE52DFFB0AC2321615B027971B,1995x125,0.062079197995,0.027063659148,PASS,dimensions_exact_renderer_version_pixel_drift_disclosed_source_identity_and_viewer_attachment_correlation_pass,opened_in_cold_source_reverification_not_translation_certification,73FBBAD41340C12ECCDCFCF6C3A1656953FE3D712AA8E391678458CCD17B4BAA
images/targeted_ultradetail/zoom646_ii_punct.png,zoom646_ii_punct.png,175949,A85AF18334854BBACA223DBEA5911F8B6E16257356B8BC0831DB82156DFAB88E,42120,3059,L,,,2026-07-27T22:10:46.518357+00:00,targeted_symbol_formula_ultradetail_crop,public_targeted_source_audit_evidence_no_license_grant,646,647,633,XIII,sga6_fr_workpass.tex,1398,zoom646.py,28C39AEFFBCE1142FBD21598CE32D0F1411352203B020697690259822E59109E,2026-07-27T22:10:34.612510+00:00,retained_local_generator_script,2,fraction_of_parent_page,0.03,0.112,0.8,0.148,9000,grayscale;autocontrast_cutoff_1;contrast_2.4;sharpness_1.8,"(ii) item line 2 : inter-band gap ~fy 0.113..0.145, terminal punctuation of ""...sur les fibres de X/S.""",1,2026-07-27T22:11:14.360Z,2026-07-27T22:11:14.360Z,1,81C1C6FBBE5A7116501A0FCFBAB3C208ADBDD7E860C863BF2947A2902B741A96,1996x145,0.100331697879,0.041389675904,PASS,pixel_exact_and_png_byte_exact,opened_in_cold_source_reverification_not_translation_certification,73FBBAD41340C12ECCDCFCF6C3A1656953FE3D712AA8E391678458CCD17B4BAA
images/targeted_ultradetail/zoom646_ii_terminal.png,zoom646_ii_terminal.png,90510,29C11AF4266E30CF84680F9CE29ABC18C32A7EBD1CEE233BA12C4C286FD66BCF,22974,3059,L,,,2026-07-27T22:12:03.442838+00:00,targeted_symbol_formula_ultradetail_crop,public_targeted_source_audit_evidence_no_license_grant,646,647,633,XIII,sga6_fr_workpass.tex,1398,zoom646b.py,C492ECC4C4CFF734ABDADE288C2D03C33C67EE1B763E25CE1209A1619347B1D1,2026-07-27T22:11:40.063302+00:00,retained_local_generator_script,1,fraction_of_parent_page,0.55,0.112,0.97,0.148,9000,grayscale;autocontrast_cutoff_2;contrast_2.8;sharpness_1.9,"(ii) terminal punctuation ""...sur les fibres de X/S."" — right end of the line",1,2026-07-27T22:12:09.251Z,2026-07-27T22:12:09.251Z,1,54F495C9FFEBD68617D56C3DAF891B7EAE25488006F301C27DC89C8A11378571,1997x266,0.020694575698,0.010476240677,PASS,dimensions_exact_renderer_version_pixel_drift_disclosed_source_identity_and_viewer_attachment_correlation_pass,opened_in_cold_source_reverification_not_translation_certification,73FBBAD41340C12ECCDCFCF6C3A1656953FE3D712AA8E391678458CCD17B4BAA
images/targeted_ultradetail/zoom646_tikzcd13.png,zoom646_tikzcd13.png,81212,B5F01C00DAFC282C282A9ADC59F1FED7095F3F5C2C4CC20E8A8964EDFA7BABDB,18174,3068,L,,,2026-07-27T22:11:59.619060+00:00,targeted_symbol_formula_ultradetail_crop,public_targeted_source_audit_evidence_no_license_grant,646,647,633,XIII,sga6_fr_workpass.tex,1398,zoom646b.py,C492ECC4C4CFF734ABDADE288C2D03C33C67EE1B763E25CE1209A1619347B1D1,2026-07-27T22:11:40.063302+00:00,retained_local_generator_script,4,fraction_of_parent_page,0.12,0.738,0.58,0.788,6500,grayscale;autocontrast_cutoff_2;contrast_2.8;sharpness_1.9,"tikzcd #13 : Pic_{Y/S} -> Pic_{X/S}, bottom-of-page ; narrower crop + safe dpi",1,2026-07-27T22:12:08.195Z,2026-07-27T22:12:08.195Z,1,5C602793A2CBEBB9F7F7FB0CDAAFE9817D2E6BE816DDCED81769DB2E3399D765,1996x337,0.01317620404,0.008017518717,PASS,pixel_exact_and_png_byte_exact,opened_in_cold_source_reverification_not_translation_certification,73FBBAD41340C12ECCDCFCF6C3A1656953FE3D712AA8E391678458CCD17B4BAA
images/targeted_ultradetail/z647a_b1.png,z647a_b1.png,177381,D517AA77E87E7644C56509839FB3E7FDE3C407B30616E5165A2E36FC11BCB93A,9117,3115,L,,,2026-07-17T15:29:38.798300+00:00,targeted_symbol_formula_ultradetail_crop,public_targeted_source_audit_evidence_no_license_grant,647,648,634,XIII,sga6_fr_workpass.tex,1399,z647a.py,748A9A4136674D5C7399C75EE9ADA98C37FF2AEE51872F7B8C9E952F64F5511C,2026-07-17T15:29:20.010Z,Write,1,fraction_of_parent_page,0.0,0.0,1.0,0.22,1500,grayscale;autocontrast_cutoff_1;contrast_2.0;sharpness_1.7,,1,2026-07-17T15:29:53.179Z,2026-07-17T15:29:53.179Z,1,459F214824C9861EEA0FA86DA427D853ADE82FB42B3A1341E830048CB97675C8,1999x683,0.062122569337,0.027287435812,PASS,dimensions_exact_renderer_version_pixel_drift_disclosed_source_identity_and_viewer_attachment_correlation_pass,opened_in_cold_source_reverification_not_translation_certification,73FBBAD41340C12ECCDCFCF6C3A1656953FE3D712AA8E391678458CCD17B4BAA
images/targeted_ultradetail/z647a_b2.png,z647a_b2.png,173554,D4EBB1F6E3E0888DFF6251F75B10C2081BA26E51DB40F3B175856B49FFC9B96A,9117,3399,L,,,2026-07-17T15:29:39.642697+00:00,targeted_symbol_formula_ultradetail_crop,public_targeted_source_audit_evidence_no_license_grant,647,648,634,XIII,sga6_fr_workpass.tex,1399,z647a.py,748A9A4136674D5C7399C75EE9ADA98C37FF2AEE51872F7B8C9E952F64F5511C,2026-07-17T15:29:20.010Z,Write,1,fraction_of_parent_page,0.0,0.18,1.0,0.42,1500,grayscale;autocontrast_cutoff_1;contrast_2.0;sharpness_1.7,,1,2026-07-17T15:30:06.054Z,2026-07-17T15:30:06.054Z,1,50A0B4A525DF4FA252D8D2301D7F80EBB7F3875044BBB4E5035F3CC17BEE5D6C,1998x745,0.076353534743,0.030316894075,PASS,dimensions_exact_renderer_version_pixel_drift_disclosed_source_identity_and_viewer_attachment_correlation_pass,opened_in_cold_source_reverification_not_translation_certification,73FBBAD41340C12ECCDCFCF6C3A1656953FE3D712AA8E391678458CCD17B4BAA
images/targeted_ultradetail/z647a_b3.png,z647a_b3.png,181552,F3916E6D68A0977B1DE72F13953D05C95E94E9C6A1FA35F648278ECA1884FB24,9117,3399,L,,,2026-07-17T15:29:40.490417+00:00,targeted_symbol_formula_ultradetail_crop,public_targeted_source_audit_evidence_no_license_grant,647,648,634,XIII,sga6_fr_workpass.tex,1399,z647a.py,748A9A4136674D5C7399C75EE9ADA98C37FF2AEE51872F7B8C9E952F64F5511C,2026-07-17T15:29:20.010Z,Write,1,fraction_of_parent_page,0.0,0.38,1.0,0.62,1500,grayscale;autocontrast_cutoff_1;contrast_2.0;sharpness_1.7,,1,2026-07-17T15:30:17.354Z,2026-07-17T15:30:17.354Z,1,421229B91D9F0EEADD475FF9012AF7C4DB9FDC0FA3497644436B55A44268E740,1998x745,0.085229524827,0.033612807438,PASS,dimensions_exact_renderer_version_pixel_drift_disclosed_source_identity_and_viewer_attachment_correlation_pass,opened_in_cold_source_reverification_not_translation_certification,73FBBAD41340C12ECCDCFCF6C3A1656953FE3D712AA8E391678458CCD17B4BAA
images/targeted_ultradetail/z647a_b4.png,z647a_b4.png,193055,8FDFB57D2458E71250B08B1CCCCDF8F0E4C9EE47A4604053D2560CDA11195014,9117,3399,L,,,2026-07-17T15:29:42.031814+00:00,targeted_symbol_formula_ultradetail_crop,public_targeted_source_audit_evidence_no_license_grant,647,648,634,XIII,sga6_fr_workpass.tex,1399,z647a.py,748A9A4136674D5C7399C75EE9ADA98C37FF2AEE51872F7B8C9E952F64F5511C,2026-07-17T15:29:20.010Z,Write,1,fraction_of_parent_page,0.0,0.58,1.0,0.82,1500,grayscale;autocontrast_cutoff_1;contrast_2.0;sharpness_1.7,,1,2026-07-17T15:30:32.749Z,2026-07-17T15:30:32.749Z,1,2E865B8E0AC80B78CC3F7B83D218D14714DDA72828AB7E123AFFFE0D736A34F7,1998x745,0.065630731403,0.02776736468,PASS,dimensions_exact_renderer_version_pixel_drift_disclosed_source_identity_and_viewer_attachment_correlation_pass,opened_in_cold_source_reverification_not_translation_certification,73FBBAD41340C12ECCDCFCF6C3A1656953FE3D712AA8E391678458CCD17B4BAA
images/targeted_ultradetail/z647a_b5.png,z647a_b5.png,81333,3F4E9F0894EA27C2B58CFB4803F6659A6506EFA6787F2BD1AAFD98765B1C360B,9117,3116,L,,,2026-07-17T15:29:43.545429+00:00,targeted_symbol_formula_ultradetail_crop,public_targeted_source_audit_evidence_no_license_grant,647,648,634,XIII,sga6_fr_workpass.tex,1399,z647a.py,748A9A4136674D5C7399C75EE9ADA98C37FF2AEE51872F7B8C9E952F64F5511C,2026-07-17T15:29:20.010Z,Write,1,fraction_of_parent_page,0.0,0.78,1.0,1.0,1500,grayscale;autocontrast_cutoff_1;contrast_2.0;sharpness_1.7,,1,2026-07-17T15:30:44.407Z,2026-07-17T15:30:44.407Z,1,0C2DE5A1D8CEFF05EFA820F8FD1D9EA857CB502D846CD37B24F7FD3A33638D5D,1998x683,0.008559804314,0.006570259865,PASS,dimensions_exact_renderer_version_pixel_drift_disclosed_source_identity_and_viewer_attachment_correlation_pass,opened_in_cold_source_reverification_not_translation_certification,73FBBAD41340C12ECCDCFCF6C3A1656953FE3D712AA8E391678458CCD17B4BAA
images/targeted_ultradetail/z647c_A_limite.png,z647c_A_limite.png,39409,A07E88FBE1E8FD02517AD1F3E90DA035F5045436CC01EC32BC42988B0557F732,14636,1587,L,,,2026-07-17T15:33:01.969789+00:00,targeted_symbol_formula_ultradetail_crop,public_targeted_source_audit_evidence_no_license_grant,647,648,634,XIII,sga6_fr_workpass.tex,1399,z647c.py,DC704CF84E904EEE1BD2A21ABE9F9E44DF9C6049813ED426D90AF5EDDF9F9A2B,2026-07-17T15:32:49.214Z,Write,1,fraction_of_parent_page,0.55,0.552,0.98,0.582,5600,grayscale;autocontrast_cutoff_1;contrast_2.0;sharpness_1.7,"""est limite(e) par un M sur un Y_Q"" -- le ""e"" (ou pas). marge en bas (indices Y_Q)",1,2026-07-17T15:33:11.980Z,2026-07-17T15:33:11.980Z,1,19CF6E6E0A9E5FCC3D84D41C3423A66F58ABEBAFFDAB42860C684D8A32A71280,1992x216,0.025369998513,0.011692603748,PASS,dimensions_exact_renderer_version_pixel_drift_disclosed_source_identity_and_viewer_attachment_correlation_pass,opened_in_cold_source_reverification_not_translation_certification,73FBBAD41340C12ECCDCFCF6C3A1656953FE3D712AA8E391678458CCD17B4BAA
images/targeted_ultradetail/z647d_A_limite2.png,z647d_A_limite2.png,32277,28A1553015F3EBF2455C1E5D6AE774E3A81369E874691E36B608E1C857F094CB,12935,1693,L,,,2026-07-17T15:33:55.147125+00:00,targeted_symbol_formula_ultradetail_crop,public_targeted_source_audit_evidence_no_license_grant,647,648,634,XIII,sga6_fr_workpass.tex,1399,z647d.py,77767F5FECE4D6B9FB7076A5540D8982582DAA9310FA32A151FC6DD6D616A1C3,2026-07-17T15:33:34.978Z,Write,1,fraction_of_parent_page,0.28,0.55,0.66,0.582,5600,grayscale;autocontrast_cutoff_1;contrast_2.0;sharpness_1.7,,1,2026-07-17T15:34:05.550Z,2026-07-17T15:34:05.550Z,1,9694F727FD77D7A7265B51A097AB3CF171AA2B8ABD48C3D77D87AAA9A7920153,1994x261,0.028710653032,0.011363592694,PASS,dimensions_exact_renderer_version_pixel_drift_disclosed_source_identity_and_viewer_attachment_correlation_pass,opened_in_cold_source_reverification_not_translation_certification,73FBBAD41340C12ECCDCFCF6C3A1656953FE3D712AA8E391678458CCD17B4BAA
images/targeted_ultradetail/zoom647_tikzcd14.png,zoom647_tikzcd14.png,161723,32625AA8D5BAEEF0C1727FAA4DD806B5BF953EAF377D19AA1489CF2F41FDC956,18599,6797,L,,,2026-07-27T22:21:15.323549+00:00,targeted_symbol_formula_ultradetail_crop,public_targeted_source_audit_evidence_no_license_grant,647,648,634,XIII,sga6_fr_workpass.tex,1399,zoom647.py,2FA1CDEE8AF40C28045F70D8D9879DB622891405281939DA33B210CFDD9BFD56,2026-07-27T22:21:02.567415+00:00,retained_local_generator_script,2,fraction_of_parent_page,0.13,0.342,0.64,0.462,6000,grayscale;autocontrast_cutoff_1;contrast_2.6;sharpness_1.9,"tikzcd #14 : commutative square, band b = fy 0.335..0.535 ; diagram occupies top ~55% of band b → fy ~0.345..0.455 ; x ~0.15..0.62",1,2026-07-27T22:21:19.753Z,2026-07-27T22:21:19.753Z,1,ABDAA6A19644F49EE71C5246009C13035E4CBD7AE49D995D82D321AF9A41F547,1998x730,0.031780410548,0.011493685466,PASS,pixel_exact_and_png_byte_exact,opened_in_cold_source_reverification_not_translation_certification,73FBBAD41340C12ECCDCFCF6C3A1656953FE3D712AA8E391678458CCD17B4BAA
images/targeted_ultradetail/z648a_b1.png,z648a_b1.png,181431,3BD32730BD52FFFDCB6817A24E13CB8A6A218A77582E0A16508B4CFCBDFF7B75,9117,3115,L,,,2026-07-17T15:43:31.391571+00:00,targeted_symbol_formula_ultradetail_crop,public_targeted_source_audit_evidence_no_license_grant,648,649,635,XIII,sga6_fr_workpass.tex,1400,z648a.py,D131C20EF60FE332CFBC40113F05022DA4E7894FC42E23ACFDDE1EA40E164592,2026-07-17T15:43:16.261Z,Write,1,fraction_of_parent_page,0.0,0.0,1.0,0.22,1500,grayscale;autocontrast_cutoff_1;contrast_2.0;sharpness_1.7,,1,2026-07-17T15:43:44.630Z,2026-07-17T15:43:44.630Z,1,B95CD0A86EBE095CD08F2E986C24F08CD9DEDF57B2D4A6F67F9944DCC8822DF9,1999x683,0.067206370389,0.030469846929,PASS,dimensions_exact_renderer_version_pixel_drift_disclosed_source_identity_and_viewer_attachment_correlation_pass,opened_in_cold_source_reverification_not_translation_certification,73FBBAD41340C12ECCDCFCF6C3A1656953FE3D712AA8E391678458CCD17B4BAA
images/targeted_ultradetail/z648a_b2.png,z648a_b2.png,238699,EBF4AA1F17085F8A79F05F08EE9DD027E58BB3992779E697BC98DD743478E751,9117,3399,L,,,2026-07-17T15:43:32.247571+00:00,targeted_symbol_formula_ultradetail_crop,public_targeted_source_audit_evidence_no_license_grant,648,649,635,XIII,sga6_fr_workpass.tex,1400,z648a.py,D131C20EF60FE332CFBC40113F05022DA4E7894FC42E23ACFDDE1EA40E164592,2026-07-17T15:43:16.261Z,Write,1,fraction_of_parent_page,0.0,0.18,1.0,0.42,1500,grayscale;autocontrast_cutoff_1;contrast_2.0;sharpness_1.7,,1,2026-07-17T15:44:06.311Z,2026-07-17T15:44:06.311Z,1,6428EBA796D051042483C77DA98037A1E4B8F817A41F6E4D8B251424399DE76E,1998x745,0.096976170802,0.040488810959,PASS,dimensions_exact_renderer_version_pixel_drift_disclosed_source_identity_and_viewer_attachment_correlation_pass,opened_in_cold_source_reverification_not_translation_certification,73FBBAD41340C12ECCDCFCF6C3A1656953FE3D712AA8E391678458CCD17B4BAA
images/targeted_ultradetail/z648a_b3.png,z648a_b3.png,208038,B8738F118383AB696A84278A5428A75072D73A54A51325C511C5E598CA78CE29,9117,3399,L,,,2026-07-17T15:43:33.263629+00:00,targeted_symbol_formula_ultradetail_crop,public_targeted_source_audit_evidence_no_license_grant,648,649,635,XIII,sga6_fr_workpass.tex,1400,z648a.py,D131C20EF60FE332CFBC40113F05022DA4E7894FC42E23ACFDDE1EA40E164592,2026-07-17T15:43:16.261Z,Write,1,fraction_of_parent_page,0.0,0.38,1.0,0.62,1500,grayscale;autocontrast_cutoff_1;contrast_2.0;sharpness_1.7,,1,2026-07-17T15:44:54.882Z,2026-07-17T15:44:54.882Z,1,6428E030D5450ACF449297D336556C34BED9A7C60CE3961B2C30F6042923014F,1998x745,0.084282268846,0.035079374677,PASS,dimensions_exact_renderer_version_pixel_drift_disclosed_source_identity_and_viewer_attachment_correlation_pass,opened_in_cold_source_reverification_not_translation_certification,73FBBAD41340C12ECCDCFCF6C3A1656953FE3D712AA8E391678458CCD17B4BAA
images/targeted_ultradetail/z648a_b4.png,z648a_b4.png,234133,015B4194FAD572B1EBC591EFAABAD23ED19C5EA273A2AEF42C1CD71D3A05CC89,9117,3399,L,,,2026-07-17T15:43:34.862632+00:00,targeted_symbol_formula_ultradetail_crop,public_targeted_source_audit_evidence_no_license_grant,648,649,635,XIII,sga6_fr_workpass.tex,1400,z648a.py,D131C20EF60FE332CFBC40113F05022DA4E7894FC42E23ACFDDE1EA40E164592,2026-07-17T15:43:16.261Z,Write,1,fraction_of_parent_page,0.0,0.58,1.0,0.82,1500,grayscale;autocontrast_cutoff_1;contrast_2.0;sharpness_1.7,,1,2026-07-17T15:45:21.471Z,2026-07-17T15:45:21.471Z,1,6E66ED806F7E538E28DCCCB093E6A013E91D7BC0D22E88BE94523AB8AB446470,1998x745,0.105824616563,0.042119972321,PASS,dimensions_exact_renderer_version_pixel_drift_disclosed_source_identity_and_viewer_attachment_correlation_pass,opened_in_cold_source_reverification_not_translation_certification,73FBBAD41340C12ECCDCFCF6C3A1656953FE3D712AA8E391678458CCD17B4BAA
images/targeted_ultradetail/z648a_b5.png,z648a_b5.png,119529,A5D48F0C257FD0FF3DCD0430CDB6563BE94A60D32DDC6ACC7CA566FFA371E225,9117,3116,L,,,2026-07-17T15:43:36.234486+00:00,targeted_symbol_formula_ultradetail_crop,public_targeted_source_audit_evidence_no_license_grant,648,649,635,XIII,sga6_fr_workpass.tex,1400,z648a.py,D131C20EF60FE332CFBC40113F05022DA4E7894FC42E23ACFDDE1EA40E164592,2026-07-17T15:43:16.261Z,Write,1,fraction_of_parent_page,0.0,0.78,1.0,1.0,1500,grayscale;autocontrast_cutoff_1;contrast_2.0;sharpness_1.7,,1,2026-07-17T15:45:50.570Z,2026-07-17T15:45:50.570Z,1,64DE43979BBCE85D228E48716A28686470597315FD75AA062555CE25C3917BB2,1998x683,0.012754335595,0.009613566715,PASS,dimensions_exact_renderer_version_pixel_drift_disclosed_source_identity_and_viewer_attachment_correlation_pass,opened_in_cold_source_reverification_not_translation_certification,73FBBAD41340C12ECCDCFCF6C3A1656953FE3D712AA8E391678458CCD17B4BAA
images/targeted_ultradetail/z648c_A_pic36.png,z648c_A_pic36.png,30936,20C0DFAB70F51E8027F8CF02DA2539800A3DB4E99A9F8C669F128E5CB0C072FB,10552,1692,L,,,2026-07-17T15:47:24.061161+00:00,targeted_symbol_formula_ultradetail_crop,public_targeted_source_audit_evidence_no_license_grant,648,649,635,XIII,sga6_fr_workpass.tex,1400,z648c.py,7BA09AFF16D2507CD5604440DE8D79C3B4F19587D2EB6241ADAD5B9E28013C16,2026-07-17T15:47:09.034Z,Write,1,fraction_of_parent_page,0.03,0.378,0.34,0.41,5600,grayscale;autocontrast_cutoff_1;contrast_2.0;sharpness_1.7,"A : ""Pic_{X/S} le foncteur de Picard"" -- le trait sous ""Pic"" ? (indice X/S ⟹ marge bas)",1,2026-07-17T15:47:35.543Z,2026-07-17T15:47:35.543Z,1,34FDFB5508CC877C88C313CEBF9D2EDA0EBC1E0EDE71BDD0E9275F8CDB9EE1D5,1996x320,0.024960859218,0.010211047094,PASS,dimensions_exact_renderer_version_pixel_drift_disclosed_source_identity_and_viewer_attachment_correlation_pass,opened_in_cold_source_reverification_not_translation_certification,73FBBAD41340C12ECCDCFCF6C3A1656953FE3D712AA8E391678458CCD17B4BAA
images/targeted_ultradetail/z648c_B_prime.png,z648c_B_prime.png,38508,65E8A438EC41F320BA4329E67F3C73A9FB9A0A106C75AEFB8D1851F9B83ABBB9,17019,1481,L,,,2026-07-17T15:47:24.726131+00:00,targeted_symbol_formula_ultradetail_crop,public_targeted_source_audit_evidence_no_license_grant,648,649,635,XIII,sga6_fr_workpass.tex,1400,z648c.py,7BA09AFF16D2507CD5604440DE8D79C3B4F19587D2EB6241ADAD5B9E28013C16,2026-07-17T15:47:09.034Z,Write,1,fraction_of_parent_page,0.3,0.772,0.8,0.8,5600,grayscale;autocontrast_cutoff_1;contrast_2.0;sharpness_1.7,"B : ""tous les X_i/S', il en resulte pour (X)X_i/S'"" -- le prime (indices ⟹ marge bas)",1,2026-07-17T15:48:04.244Z,2026-07-17T15:48:04.244Z,1,88DB0CF1BD4C717AA77DED11ABA3EB0755B0FF69D01D41A540C159D3A541E5AC,1999x174,0.048716887179,0.019233754808,PASS,dimensions_exact_renderer_version_pixel_drift_disclosed_source_identity_and_viewer_attachment_correlation_pass,opened_in_cold_source_reverification_not_translation_certification,73FBBAD41340C12ECCDCFCF6C3A1656953FE3D712AA8E391678458CCD17B4BAA
images/targeted_ultradetail/z648c_C_calib.png,z648c_C_calib.png,17976,5B9BA3C6C97DF19A442026950733F898474AC489043F70A0EB7511478F980FA3,7149,1587,L,,,2026-07-17T15:47:25.033505+00:00,targeted_symbol_formula_ultradetail_crop,public_targeted_source_audit_evidence_no_license_grant,648,649,635,XIII,sga6_fr_workpass.tex,1400,z648c.py,7BA09AFF16D2507CD5604440DE8D79C3B4F19587D2EB6241ADAD5B9E28013C16,2026-07-17T15:47:09.034Z,Write,1,fraction_of_parent_page,0.78,0.652,0.99,0.682,5600,grayscale;autocontrast_cutoff_1;contrast_2.0;sharpness_1.7,"C (calibration) : ""composante irreductible X'_i de X_{S'}"" -- le prime CONNU",1,2026-07-17T15:47:49.013Z,2026-07-17T15:47:49.013Z,1,2BB28D87F33FA3CA5D2CC2C5B6D97665FB19D12AF8EADBA66D8EAD2860C68A3A,1996x443,0.004406103403,0.001999484296,PASS,dimensions_exact_renderer_version_pixel_drift_disclosed_source_identity_and_viewer_attachment_correlation_pass,opened_in_cold_source_reverification_not_translation_certification,73FBBAD41340C12ECCDCFCF6C3A1656953FE3D712AA8E391678458CCD17B4BAA
images/targeted_ultradetail/z648d_A_Xprime.png,z648d_A_Xprime.png,34084,8D1E387770C1F01F48229F575B91C377B3BBEFC833324FE9DB33637584703396,12594,1692,L,,,2026-07-17T15:48:57.225085+00:00,targeted_symbol_formula_ultradetail_crop,public_targeted_source_audit_evidence_no_license_grant,648,649,635,XIII,sga6_fr_workpass.tex,1400,z648d.py,83772CB244851A686441EF07C6C54D7A542A05625C9CFA12AB80737F850B5B4C,2026-07-17T15:48:41.182Z,Write,1,fraction_of_parent_page,0.05,0.68,0.42,0.712,5600,grayscale;autocontrast_cutoff_1;contrast_2.0;sharpness_1.7,"""ductible X'_i de X_{S'}, munie"" -- debut de ligne b4 (y~0.688), le X'_i CALIBRANT",1,2026-07-17T15:49:07.167Z,2026-07-17T15:49:07.167Z,1,A873B55107CB7FF0FBDBA6293E1706677B2529D6AE4971ED0ACC321E6F21442D,1995x268,0.02657389743,0.010898514944,PASS,dimensions_exact_renderer_version_pixel_drift_disclosed_source_identity_and_viewer_attachment_correlation_pass,opened_in_cold_source_reverification_not_translation_certification,73FBBAD41340C12ECCDCFCF6C3A1656953FE3D712AA8E391678458CCD17B4BAA
images/targeted_ultradetail/z649a_b1.png,z649a_b1.png,173033,4B50697F390C26B90E73FEFE95EE21D08F2848F6DA0B2CE503D70C97CE780335,9117,3115,L,,,2026-07-17T16:41:32.253859+00:00,targeted_symbol_formula_ultradetail_crop,public_targeted_source_audit_evidence_no_license_grant,649,650,636,XIII,sga6_fr_workpass.tex,1401,z649a.py,2CED7C62E2F9E6D01F04562FD7705D8E4490078F0A5D38011E31D4BDB8F0C8CF,2026-07-17T16:41:16.801Z,Write,1,fraction_of_parent_page,0.0,0.0,1.0,0.22,1500,grayscale;autocontrast_cutoff_1;contrast_2.0;sharpness_1.7,,1,2026-07-17T16:41:45.733Z,2026-07-17T16:41:45.733Z,1,1ED0A892F7ED42C510110D6B3FAEEA2655CAF6AE1F2F9BCABF807A4995A24E32,1999x683,0.064709514347,0.028164887715,PASS,dimensions_exact_renderer_version_pixel_drift_disclosed_source_identity_and_viewer_attachment_correlation_pass,opened_in_cold_source_reverification_not_translation_certification,73FBBAD41340C12ECCDCFCF6C3A1656953FE3D712AA8E391678458CCD17B4BAA
images/targeted_ultradetail/z649a_b2.png,z649a_b2.png,203272,46AA6A38BD37A36CA9F03679C79CAFA30904F3C09D5FDE8CFD24293BFB44CBC4,9117,3399,L,,,2026-07-17T16:41:33.114365+00:00,targeted_symbol_formula_ultradetail_crop,public_targeted_source_audit_evidence_no_license_grant,649,650,636,XIII,sga6_fr_workpass.tex,1401,z649a.py,2CED7C62E2F9E6D01F04562FD7705D8E4490078F0A5D38011E31D4BDB8F0C8CF,2026-07-17T16:41:16.801Z,Write,1,fraction_of_parent_page,0.0,0.18,1.0,0.42,1500,grayscale;autocontrast_cutoff_1;contrast_2.0;sharpness_1.7,,1,2026-07-17T16:42:06.704Z,2026-07-17T16:42:06.704Z,1,8EEA00CC8EAFADAAC73952C6B2FB21348F6924E65E19FEC2B136D41CA1ED60FA,1998x745,0.123414018045,0.045431337378,PASS,dimensions_exact_renderer_version_pixel_drift_disclosed_source_identity_and_viewer_attachment_correlation_pass,opened_in_cold_source_reverification_not_translation_certification,73FBBAD41340C12ECCDCFCF6C3A1656953FE3D712AA8E391678458CCD17B4BAA
images/targeted_ultradetail/z649a_b3.png,z649a_b3.png,200655,9106606AA7E0DF8106BABE840F2452730D99C429DFC050A51399A59294B511E3,9117,3399,L,,,2026-07-17T16:41:34.247519+00:00,targeted_symbol_formula_ultradetail_crop,public_targeted_source_audit_evidence_no_license_grant,649,650,636,XIII,sga6_fr_workpass.tex,1401,z649a.py,2CED7C62E2F9E6D01F04562FD7705D8E4490078F0A5D38011E31D4BDB8F0C8CF,2026-07-17T16:41:16.801Z,Write,1,fraction_of_parent_page,0.0,0.38,1.0,0.62,1500,grayscale;autocontrast_cutoff_1;contrast_2.0;sharpness_1.7,,1,2026-07-17T16:42:23.091Z,2026-07-17T16:42:23.091Z,1,640097B787EECD127C549BBF7A6AFFB89FCAF3A9B92F82A7268EB2C1C20B6742,1998x745,0.129120395563,0.047485740774,PASS,dimensions_exact_renderer_version_pixel_drift_disclosed_source_identity_and_viewer_attachment_correlation_pass,opened_in_cold_source_reverification_not_translation_certification,73FBBAD41340C12ECCDCFCF6C3A1656953FE3D712AA8E391678458CCD17B4BAA
images/targeted_ultradetail/z649a_b4.png,z649a_b4.png,233047,7228F1536C54390188D0C810AFC1CD087EED6552384B267BB18B6F1E245A41EF,9117,3399,L,,,2026-07-17T16:41:35.875529+00:00,targeted_symbol_formula_ultradetail_crop,public_targeted_source_audit_evidence_no_license_grant,649,650,636,XIII,sga6_fr_workpass.tex,1401,z649a.py,2CED7C62E2F9E6D01F04562FD7705D8E4490078F0A5D38011E31D4BDB8F0C8CF,2026-07-17T16:41:16.801Z,Write,1,fraction_of_parent_page,0.0,0.58,1.0,0.82,1500,grayscale;autocontrast_cutoff_1;contrast_2.0;sharpness_1.7,,1,2026-07-17T16:42:44.258Z,2026-07-17T16:42:44.258Z,1,64081D180203B225938B69D96E2BC6FB48DDF4569D8987217945F797FDDD4EAE,1998x745,0.116767774486,0.044921431499,PASS,dimensions_exact_renderer_version_pixel_drift_disclosed_source_identity_and_viewer_attachment_correlation_pass,opened_in_cold_source_reverification_not_translation_certification,73FBBAD41340C12ECCDCFCF6C3A1656953FE3D712AA8E391678458CCD17B4BAA
images/targeted_ultradetail/z649a_b5.png,z649a_b5.png,102312,BE04F910A0E5E4D6341151A20C8A8575F1DC8BFC29B72CB35C3FF1EB2D0E15A7,9117,3116,L,,,2026-07-17T16:41:37.279356+00:00,targeted_symbol_formula_ultradetail_crop,public_targeted_source_audit_evidence_no_license_grant,649,650,636,XIII,sga6_fr_workpass.tex,1401,z649a.py,2CED7C62E2F9E6D01F04562FD7705D8E4490078F0A5D38011E31D4BDB8F0C8CF,2026-07-17T16:41:16.801Z,Write,1,fraction_of_parent_page,0.0,0.78,1.0,1.0,1500,grayscale;autocontrast_cutoff_1;contrast_2.0;sharpness_1.7,,1,2026-07-17T16:43:01.665Z,2026-07-17T16:43:01.665Z,1,C273454C72768A2A584739C031F5FA8689AE2565CEC2B9F0874D3632A84BBE93,1998x683,0.017168706041,0.009434031396,PASS,dimensions_exact_renderer_version_pixel_drift_disclosed_source_identity_and_viewer_attachment_correlation_pass,opened_in_cold_source_reverification_not_translation_certification,73FBBAD41340C12ECCDCFCF6C3A1656953FE3D712AA8E391678458CCD17B4BAA
images/targeted_ultradetail/z649c_A_famsym.png,z649c_A_famsym.png,22917,76E7E276CACE61E053D6D16E9CCB417F0A3A84594B11685776E6BF137305948B,10211,1481,L,,,2026-07-17T16:46:11.113343+00:00,targeted_symbol_formula_ultradetail_crop,public_targeted_source_audit_evidence_no_license_grant,649,650,636,XIII,sga6_fr_workpass.tex,1401,z649c.py,94D10D4E856227B05F24BCF7EAB9A8419EA503EF96C33625F1B93D0E3BD33D41,2026-07-17T16:45:55.540Z,Write,1,fraction_of_parent_page,0.62,0.15,0.92,0.178,5600,grayscale;autocontrast_cutoff_1;contrast_2.0;sharpness_1.7,"A : ""et [J/F] une famille de classes"" (Lemme 3.7, y~0.158)",1,2026-07-17T16:46:18.843Z,2026-07-17T16:46:18.843Z,1,2616CFDC146D5E195D6DA7BB1E616F4B32781C3F6FB0213DB91C43C4E51D7123,1999x290,0.02728088182,0.009863552466,PASS,dimensions_exact_renderer_version_pixel_drift_disclosed_source_identity_and_viewer_attachment_correlation_pass,opened_in_cold_source_reverification_not_translation_certification,73FBBAD41340C12ECCDCFCF6C3A1656953FE3D712AA8E391678458CCD17B4BAA
images/targeted_ultradetail/z649c_B_XT.png,z649c_B_XT.png,32021,6F60C941352E8C913543317A930574320959461BDAD222FEE3F8EBEB1EDC503C,10212,1481,L,,,2026-07-17T16:46:11.525451+00:00,targeted_symbol_formula_ultradetail_crop,public_targeted_source_audit_evidence_no_license_grant,649,650,636,XIII,sga6_fr_workpass.tex,1401,z649c.py,94D10D4E856227B05F24BCF7EAB9A8419EA503EF96C33625F1B93D0E3BD33D41,2026-07-17T16:45:55.540Z,Write,1,fraction_of_parent_page,0.5,0.36,0.8,0.388,5600,grayscale;autocontrast_cutoff_1;contrast_2.0;sharpness_1.7,"B : ""sur un X_T avec T de type"" (y~0.367)",1,2026-07-17T16:47:01.294Z,2026-07-17T16:47:01.294Z,1,2A985CC1F47888D0E07D7F4C6512CBF168CDD64E8E4E08ED953E9DDB61372691,1999x290,0.020091080023,0.010027427507,PASS,dimensions_exact_renderer_version_pixel_drift_disclosed_source_identity_and_viewer_attachment_correlation_pass,opened_in_cold_source_reverification_not_translation_certification,73FBBAD41340C12ECCDCFCF6C3A1656953FE3D712AA8E391678458CCD17B4BAA
images/targeted_ultradetail/z649c_C_disp.png,z649c_C_disp.png,30716,0F618CDAB4AFBA33D1053DEB3F280734D481DCA487F151F39CC0040099F87947,9117,482,L,,,2026-07-17T16:46:11.667656+00:00,targeted_symbol_formula_ultradetail_crop,public_targeted_source_audit_evidence_no_license_grant,649,650,636,XIII,sga6_fr_workpass.tex,1401,z649c.py,94D10D4E856227B05F24BCF7EAB9A8419EA503EF96C33625F1B93D0E3BD33D41,2026-07-17T16:45:55.540Z,Write,1,fraction_of_parent_page,0.0,0.558,1.0,0.592,1500,grayscale;autocontrast_cutoff_1;contrast_2.0;sharpness_1.7,"C sanity : la ligne ""chi(M_K^{p}(m)) = Sum ..., ou a_i(p) est"" (y~0.565) -- FER A GAUCHE ?",1,2026-07-17T16:47:17.604Z,2026-07-17T16:47:17.604Z,1,7D762F2D23541D01908416FC8762C403EEF4926643195302EB706502E8582051,1986x105,0.141854888985,0.051834268451,PASS,dimensions_exact_renderer_version_pixel_drift_disclosed_source_identity_and_viewer_attachment_correlation_pass,opened_in_cold_source_reverification_not_translation_certification,73FBBAD41340C12ECCDCFCF6C3A1656953FE3D712AA8E391678458CCD17B4BAA
images/targeted_ultradetail/z650a_b1.png,z650a_b1.png,203973,A48413F6237394570380DDBF4974C194BFFC5B90A1F3A237323F58682D07F1ED,9117,3115,L,,,2026-07-17T16:56:35.668536+00:00,targeted_symbol_formula_ultradetail_crop,public_targeted_source_audit_evidence_no_license_grant,650,651,637,XIII,sga6_fr_workpass.tex,1402,z650a.py,4B7E1A73CFC3B6893A6313DD17B0DC6ED681F15C2E02A775EBB1F1B7A55F529D,2026-07-17T16:56:18.705Z,Write,1,fraction_of_parent_page,0.0,0.0,1.0,0.22,1500,grayscale;autocontrast_cutoff_1;contrast_2.0;sharpness_1.7,,1,2026-07-17T16:56:48.418Z,2026-07-17T16:56:48.418Z,1,6E3AC822C1F4BB7B9D18BE2E9BD9C08AED3AE2F3EE9B82FDE7243465D4FA9AE3,1999x683,0.081208246876,0.035213800165,PASS,dimensions_exact_renderer_version_pixel_drift_disclosed_source_identity_and_viewer_attachment_correlation_pass,opened_in_cold_source_reverification_not_translation_certification,73FBBAD41340C12ECCDCFCF6C3A1656953FE3D712AA8E391678458CCD17B4BAA
images/targeted_ultradetail/z650a_b2.png,z650a_b2.png,208596,1739ACB98DCC47A77286290366DE5DA9CF92BD03F4B48DF7F0EF590892A1B093,9117,3399,L,,,2026-07-17T16:56:36.520319+00:00,targeted_symbol_formula_ultradetail_crop,public_targeted_source_audit_evidence_no_license_grant,650,651,637,XIII,sga6_fr_workpass.tex,1402,z650a.py,4B7E1A73CFC3B6893A6313DD17B0DC6ED681F15C2E02A775EBB1F1B7A55F529D,2026-07-17T16:56:18.705Z,Write,1,fraction_of_parent_page,0.0,0.18,1.0,0.42,1500,grayscale;autocontrast_cutoff_1;contrast_2.0;sharpness_1.7,,1,2026-07-17T16:57:21.925Z,2026-07-17T16:57:21.925Z,1,E0D3FCEA2C6CA5277C83C4B0C605BDE93AFCB4E948CB50DC1BCDEC8F5688E31B,1998x745,0.068043882809,0.030187234214,PASS,dimensions_exact_renderer_version_pixel_drift_disclosed_source_identity_and_viewer_attachment_correlation_pass,opened_in_cold_source_reverification_not_translation_certification,73FBBAD41340C12ECCDCFCF6C3A1656953FE3D712AA8E391678458CCD17B4BAA
images/targeted_ultradetail/z650a_b3.png,z650a_b3.png,232590,8AE1F8D01E95D587A6FD4CBC897257D4742E6E860251156D99328A2D5CE75D56,9117,3399,L,,,2026-07-17T16:56:37.641604+00:00,targeted_symbol_formula_ultradetail_crop,public_targeted_source_audit_evidence_no_license_grant,650,651,637,XIII,sga6_fr_workpass.tex,1402,z650a.py,4B7E1A73CFC3B6893A6313DD17B0DC6ED681F15C2E02A775EBB1F1B7A55F529D,2026-07-17T16:56:18.705Z,Write,1,fraction_of_parent_page,0.0,0.38,1.0,0.62,1500,grayscale;autocontrast_cutoff_1;contrast_2.0;sharpness_1.7,,1,2026-07-17T16:57:37.925Z,2026-07-17T16:57:37.925Z,1,61D7FC4B9BE545A3F430FA549A8CB02141E0A083AD3E2D066824E5FBB09ABDA7,1998x745,0.094618779854,0.039572458364,PASS,dimensions_exact_renderer_version_pixel_drift_disclosed_source_identity_and_viewer_attachment_correlation_pass,opened_in_cold_source_reverification_not_translation_certification,73FBBAD41340C12ECCDCFCF6C3A1656953FE3D712AA8E391678458CCD17B4BAA
images/targeted_ultradetail/z650a_b4.png,z650a_b4.png,237691,3D761974994C5406F4D73A061684CF02AD98188A7EEEB1DA136B183632BE8104,9117,3399,L,,,2026-07-17T16:56:39.189366+00:00,targeted_symbol_formula_ultradetail_crop,public_targeted_source_audit_evidence_no_license_grant,650,651,637,XIII,sga6_fr_workpass.tex,1402,z650a.py,4B7E1A73CFC3B6893A6313DD17B0DC6ED681F15C2E02A775EBB1F1B7A55F529D,2026-07-17T16:56:18.705Z,Write,1,fraction_of_parent_page,0.0,0.58,1.0,0.82,1500,grayscale;autocontrast_cutoff_1;contrast_2.0;sharpness_1.7,,1,2026-07-17T16:58:08.116Z,2026-07-17T16:58:08.116Z,1,209AB1E33B6D10389E7CB99F354E4336D4F62C772C980F12002B19B59060EC75,1998x745,0.083924864462,0.036591625182,PASS,dimensions_exact_renderer_version_pixel_drift_disclosed_source_identity_and_viewer_attachment_correlation_pass,opened_in_cold_source_reverification_not_translation_certification,73FBBAD41340C12ECCDCFCF6C3A1656953FE3D712AA8E391678458CCD17B4BAA
images/targeted_ultradetail/z650a_b5.png,z650a_b5.png,91534,99B4A39436675D8A357D4FA87F643D7F80407B526613AFB7984866381D62F138,9117,3116,L,,,2026-07-17T16:56:40.537497+00:00,targeted_symbol_formula_ultradetail_crop,public_targeted_source_audit_evidence_no_license_grant,650,651,637,XIII,sga6_fr_workpass.tex,1402,z650a.py,4B7E1A73CFC3B6893A6313DD17B0DC6ED681F15C2E02A775EBB1F1B7A55F529D,2026-07-17T16:56:18.705Z,Write,1,fraction_of_parent_page,0.0,0.78,1.0,1.0,1500,grayscale;autocontrast_cutoff_1;contrast_2.0;sharpness_1.7,,1,2026-07-17T16:58:37.254Z,2026-07-17T16:58:37.254Z,1,6429C2DD015E0110CF950D37FEB5BFB060EFCB285E19EBF8BFF8DC21BF1E61A0,1998x683,0.006817945325,0.00630791846,PASS,dimensions_exact_renderer_version_pixel_drift_disclosed_source_identity_and_viewer_attachment_correlation_pass,opened_in_cold_source_reverification_not_translation_certification,73FBBAD41340C12ECCDCFCF6C3A1656953FE3D712AA8E391678458CCD17B4BAA
images/targeted_ultradetail/z650c_A_Xs.png,z650c_A_Xs.png,33463,9270B274CE40C50C7EDA6628B6D726FD2FC06168E711D6295E9047AB8B2557E0,11232,1746,L,,,2026-07-17T17:01:30.518938+00:00,targeted_symbol_formula_ultradetail_crop,public_targeted_source_audit_evidence_no_license_grant,650,651,637,XIII,sga6_fr_workpass.tex,1402,z650c.py,0C3B29A3000F05D3BA27EE90CDC7E059031F37AF33107ADB9BEF9857DA9E4ED7,2026-07-17T17:01:16.110Z,Write,1,fraction_of_parent_page,0.62,0.135,0.95,0.168,5600,grayscale;autocontrast_cutoff_1;contrast_2.0;sharpness_1.7,"A : ""de X_s ∩ Y_s^i = V(phi|Y_s^i) soient"" -- l'indice s sur X (marge bas)",1,2026-07-17T17:01:39.520Z,2026-07-17T17:01:39.520Z,1,7521AE119599F5638DF954986A553D851FD8597E6731B2988FB8A3EA360C4423,1994x310,0.015651794092,0.007179603326,PASS,dimensions_exact_renderer_version_pixel_drift_disclosed_source_identity_and_viewer_attachment_correlation_pass,opened_in_cold_source_reverification_not_translation_certification,73FBBAD41340C12ECCDCFCF6C3A1656953FE3D712AA8E391678458CCD17B4BAA
images/targeted_ultradetail/z650d_A_line2.png,z650d_A_line2.png,52629,8BD0F30C98B652D8493D4A707D061386FEAFF7EAF08E54429E474E989D0F8AB4,12691,1598,L,,,2026-07-17T17:02:33.597610+00:00,targeted_symbol_formula_ultradetail_crop,public_targeted_source_audit_evidence_no_license_grant,650,651,637,XIII,sga6_fr_workpass.tex,1402,z650d.py,D9972DC0C587874063C73BA516EA1144E7C45E8DB6A5F537226397C05E0108A9,2026-07-17T17:02:19.092Z,Write,1,fraction_of_parent_page,0.4,0.128,0.98,0.175,3600,grayscale;autocontrast_cutoff_1;contrast_2.0;sharpness_1.7,la ligne 2 de b1 EN ENTIER (marge haut+bas pour l'exposant i et l'indice s),1,2026-07-17T17:02:42.835Z,2026-07-17T17:02:42.835Z,1,94A5C45147DBDD52F27E5DBD79DE3A5FFBBD4E5B90C6BDE5E7D5E4CFC54281D3,1993x251,0.037963549715,0.017593449584,PASS,dimensions_exact_renderer_version_pixel_drift_disclosed_source_identity_and_viewer_attachment_correlation_pass,opened_in_cold_source_reverification_not_translation_certification,73FBBAD41340C12ECCDCFCF6C3A1656953FE3D712AA8E391678458CCD17B4BAA
images/targeted_ultradetail/z650f_A_Xs.png,z650f_A_Xs.png,46941,1AD81D0C397A967DBA9DCBD1FDB40238D8DE757E7B5D034D4068B56662A29DE5,11232,2115,L,,,2026-07-17T17:04:06.957093+00:00,targeted_symbol_formula_ultradetail_crop,public_targeted_source_audit_evidence_no_license_grant,650,651,637,XIII,sga6_fr_workpass.tex,1402,z650f.py,D5B06AAB00B5580AE5EF287E833B4492116B619CE4CE1BAA031E7421D5D0F286,2026-07-17T17:03:51.147Z,Write,1,fraction_of_parent_page,0.4,0.088,0.73,0.128,5600,grayscale;autocontrast_cutoff_1;contrast_2.0;sharpness_1.7,"""X(_s) ∩ Y_s^i = V(phi|Y_s^i)"" -- marge haut (exposant i) + bas (indice s)",1,2026-07-17T17:04:18.164Z,2026-07-17T17:04:18.164Z,1,0A1F2C945E50BD33C528D720121C25F8F45340C82B5BCE1C215C56B08F049457,1997x376,0.047559370971,0.017102781832,PASS,dimensions_exact_renderer_version_pixel_drift_disclosed_source_identity_and_viewer_attachment_correlation_pass,opened_in_cold_source_reverification_not_translation_certification,73FBBAD41340C12ECCDCFCF6C3A1656953FE3D712AA8E391678458CCD17B4BAA
images/targeted_ultradetail/z650f_B_comma.png,z650f_B_comma.png,29656,7B750FB1797470CBCB0626A8F26BAE496C95C92E5F96D4F2626EFD835B5D2EA0,12253,1481,L,,,2026-07-17T17:04:07.443233+00:00,targeted_symbol_formula_ultradetail_crop,public_targeted_source_audit_evidence_no_license_grant,650,651,637,XIII,sga6_fr_workpass.tex,1402,z650f.py,D5B06AAB00B5580AE5EF287E833B4492116B619CE4CE1BAA031E7421D5D0F286,2026-07-17T17:03:51.147Z,Write,1,fraction_of_parent_page,0.06,0.138,0.42,0.166,5600,grayscale;autocontrast_cutoff_1;contrast_2.0;sharpness_1.7,"la virgule ""dimension ≥2, (ce qui"" -- ""dimension"" etait a (0.319, 0.172)? non, verifie : la ligne ""de dimension ≥2, (ce qui est le cas si les composantes irréductibles"" est y~0.143.",1,2026-07-17T17:05:38.922Z,2026-07-17T17:05:38.922Z,1,52F820C05031B90CDBE41C44D42025691DCF3754EF4667F06ED7C579CDE76F81,1994x241,0.03937122571,0.014668486788,PASS,dimensions_exact_renderer_version_pixel_drift_disclosed_source_identity_and_viewer_attachment_correlation_pass,opened_in_cold_source_reverification_not_translation_certification,73FBBAD41340C12ECCDCFCF6C3A1656953FE3D712AA8E391678458CCD17B4BAA
images/targeted_ultradetail/z650g_A_Xsub.png,z650g_A_Xsub.png,17740,1C1BE8F561F33271E4C053B6ACC7F7B4F7CAFF4560CF9289BEFFF7F2FB5BEB06,6128,1587,L,,,2026-07-17T17:05:06.091290+00:00,targeted_symbol_formula_ultradetail_crop,public_targeted_source_audit_evidence_no_license_grant,650,651,637,XIII,sga6_fr_workpass.tex,1402,z650g.py,2D8A4F0DBCFDD74C42A4A54D5F4BA206A0DCA65FC51822EA01249E47663EF470,2026-07-17T17:04:50.746Z,Write,1,fraction_of_parent_page,0.42,0.108,0.6,0.138,5600,grayscale;autocontrast_cutoff_1;contrast_2.0;sharpness_1.7,"""X_s ∩ Y_s^i"" -- centre sur X et son indice s (y decale bas)",1,2026-07-17T17:05:16.938Z,2026-07-17T17:05:16.938Z,1,880E8484EA405CED9DB0B51EBC20E66A84BD84996B202444AE2239A623D2F984,1996x517,0.011678095068,0.004663097956,PASS,dimensions_exact_renderer_version_pixel_drift_disclosed_source_identity_and_viewer_attachment_correlation_pass,opened_in_cold_source_reverification_not_translation_certification,73FBBAD41340C12ECCDCFCF6C3A1656953FE3D712AA8E391678458CCD17B4BAA
images/targeted_ultradetail/zoom650_Yprime_comma.png,zoom650_Yprime_comma.png,72527,7A4CBACC6AFE862853FC17E0422C9A09AF6BD0E380DC1292D3952904E023F084,18051,2975,L,,,2026-07-27T22:45:51.359815+00:00,targeted_symbol_formula_ultradetail_crop,public_targeted_source_audit_evidence_no_license_grant,650,651,637,XIII,sga6_fr_workpass.tex,1402,zoom650.py,38E66BABB5708E03249287A8114223F944BA5F19DD00F633B83AFC9024ED54B9,2026-07-27T22:45:41.663192+00:00,retained_local_generator_script,2,fraction_of_parent_page,0.66,0.543,0.99,0.578,9000,grayscale;autocontrast_cutoff_1;contrast_2.4;sharpness_1.8,"band c line 1 : ""...remplacant X par X x_Y Y'[,]"" at far right ; check comma after Y' band c = fy 0.535..0.735 ; line 1 ~ fy 0.545..0.575 ; x right ~0.70..0.98",1,2026-07-27T22:45:56.526Z,2026-07-27T22:45:56.526Z,1,2BFABEC6E6EC27797A7760299AB29626194A0807236AF876EC078CB449073D9A,1996x329,0.012791540528,0.006852610997,PASS,pixel_exact_and_png_byte_exact,opened_in_cold_source_reverification_not_translation_certification,73FBBAD41340C12ECCDCFCF6C3A1656953FE3D712AA8E391678458CCD17B4BAA
images/targeted_ultradetail/z651_A_prime.png,z651_A_prime.png,43515,9000213A0851C471CB1EEF5CFC7AD72475E9708348C376B760C3F146BB5F6477,11913,1798,L,,,2026-07-17T17:23:07.588762+00:00,targeted_symbol_formula_ultradetail_crop,public_targeted_source_audit_evidence_no_license_grant,651,652,638,XIII,sga6_fr_workpass.tex,1403,zoom651.py,0E5AE4345B8BF4C829F913F9CC55272F680BE5015D24CAA85849EE38B3166113,2026-07-17T17:23:00.307815+00:00,retained_local_generator_script,2,fraction_of_parent_page,0.34,0.376,0.69,0.41,5600,grayscale;autocontrast_cutoff_1;contrast_2.0;sharpness_1.7,"1. X'_K / X''_K : ""resolvant X'_K -> X_K"" avant ""(EGA IV 7.9.1)"" @ y~0.39",1,2026-07-17T17:23:17.560Z,2026-07-17T17:23:17.560Z,1,63171B3463C652AF05CA5C226C98700DCDC71A144BCD02B6D1337252687F3E55,1994x301,0.022787631999,0.011424639367,PASS,dimensions_exact_renderer_version_pixel_drift_disclosed_source_identity_and_viewer_attachment_correlation_pass,opened_in_cold_source_reverification_not_translation_certification,73FBBAD41340C12ECCDCFCF6C3A1656953FE3D712AA8E391678458CCD17B4BAA
images/targeted_ultradetail/z651_B_abh.png,z651_B_abh.png,42447,451EEEB3DC22B869CD51FC7EC9598C48BEF868793406DB3444EFDDCA6EB02E35,13955,1481,L,,,2026-07-17T17:23:08.191597+00:00,targeted_symbol_formula_ultradetail_crop,public_targeted_source_audit_evidence_no_license_grant,651,652,638,XIII,sga6_fr_workpass.tex,1403,zoom651.py,0E5AE4345B8BF4C829F913F9CC55272F680BE5015D24CAA85849EE38B3166113,2026-07-17T17:23:00.307815+00:00,retained_local_generator_script,2,fraction_of_parent_page,0.45,0.406,0.86,0.434,5600,grayscale;autocontrast_cutoff_1;contrast_2.0;sharpness_1.7,"2. Abhyankhar : ""d'apres Abhyankhar)"" @ y~0.413-0.427",1,2026-07-17T17:23:45.070Z,2026-07-17T17:23:45.070Z,1,C28695B500226BE95468F710DE56A66B6C5A562C5324DA986568C4EFC1891E7D,1997x212,0.036139114332,0.017523927401,PASS,dimensions_exact_renderer_version_pixel_drift_disclosed_source_identity_and_viewer_attachment_correlation_pass,opened_in_cold_source_reverification_not_translation_certification,73FBBAD41340C12ECCDCFCF6C3A1656953FE3D712AA8E391678458CCD17B4BAA
images/targeted_ultradetail/z651_C_reg.png,z651_C_reg.png,37578,1ED66DE81B7290E8B2A07057AEBA2B0B4C3727D63D97AEB7D2A5FDE0EA45D6CD,10212,1745,L,,,2026-07-17T17:23:08.703543+00:00,targeted_symbol_formula_ultradetail_crop,public_targeted_source_audit_evidence_no_license_grant,651,652,638,XIII,sga6_fr_workpass.tex,1403,zoom651.py,0E5AE4345B8BF4C829F913F9CC55272F680BE5015D24CAA85849EE38B3166113,2026-07-17T17:23:00.307815+00:00,retained_local_generator_script,2,fraction_of_parent_page,0.14,0.632,0.44,0.665,5600,grayscale;autocontrast_cutoff_1;contrast_2.0;sharpness_1.7,"3. regulier/reguliere : ""phi_s est O_{Y_s}-regulier et la"" @ y~0.646",1,2026-07-17T17:24:03.673Z,2026-07-17T17:24:03.673Z,1,30A9677E9C4B0909B6B226623DF8A071CCA8ACE988CB38215D4B666170DB102A,1996x341,0.021366780482,0.007905841008,PASS,dimensions_exact_renderer_version_pixel_drift_disclosed_source_identity_and_viewer_attachment_correlation_pass,opened_in_cold_source_reverification_not_translation_certification,73FBBAD41340C12ECCDCFCF6C3A1656953FE3D712AA8E391678458CCD17B4BAA
images/targeted_ultradetail/z651_D_cad.png,z651_D_cad.png,24264,D124811BDA4F3CF3B362D417B29FADD4B1EF76170A72A81FDAD3AACEE131DD3F,7830,1692,L,,,2026-07-17T17:23:09.079215+00:00,targeted_symbol_formula_ultradetail_crop,public_targeted_source_audit_evidence_no_license_grant,651,652,638,XIII,sga6_fr_workpass.tex,1403,zoom651.py,0E5AE4345B8BF4C829F913F9CC55272F680BE5015D24CAA85849EE38B3166113,2026-07-17T17:23:00.307815+00:00,retained_local_generator_script,2,fraction_of_parent_page,0.7,0.778,0.93,0.81,5600,grayscale;autocontrast_cutoff_1;contrast_2.0;sharpness_1.7,"4. c-a-d : ""(L), c-a-d la"" @ y~0.788-0.803",1,2026-07-17T17:24:26.302Z,2026-07-17T17:24:26.302Z,1,658ACD7B89DFB6BC958C2DD12450C3971990F6049DE71DBEFA0E9A02C7DB7360,1999x432,0.007281418487,0.003495960943,PASS,dimensions_exact_renderer_version_pixel_drift_disclosed_source_identity_and_viewer_attachment_correlation_pass,opened_in_cold_source_reverification_not_translation_certification,73FBBAD41340C12ECCDCFCF6C3A1656953FE3D712AA8E391678458CCD17B4BAA
images/targeted_ultradetail/z651_E_comma.png,z651_E_comma.png,59387,3826F764781A234B01FEC5709D4F1C02C1E74A1C5276439C989A435C8767B5BB,13616,1904,L,,,2026-07-17T17:23:09.936270+00:00,targeted_symbol_formula_ultradetail_crop,public_targeted_source_audit_evidence_no_license_grant,651,652,638,XIII,sga6_fr_workpass.tex,1403,zoom651.py,0E5AE4345B8BF4C829F913F9CC55272F680BE5015D24CAA85849EE38B3166113,2026-07-17T17:23:00.307815+00:00,retained_local_generator_script,2,fraction_of_parent_page,0.28,0.16,0.68,0.196,5600,grayscale;autocontrast_cutoff_1;contrast_2.0;sharpness_1.7,"5. U_alpha comma : ""U_alpha ou U_alpha"" @ y~0.176",1,2026-07-17T17:24:44.581Z,2026-07-17T17:24:44.581Z,1,F16ADC5A9D63DC9A89CAD3412661CE1B2719D679D2BD7BACBF45C765933F3D97,1995x279,0.026338247051,0.015055560047,PASS,dimensions_exact_renderer_version_pixel_drift_disclosed_source_identity_and_viewer_attachment_correlation_pass,opened_in_cold_source_reverification_not_translation_certification,73FBBAD41340C12ECCDCFCF6C3A1656953FE3D712AA8E391678458CCD17B4BAA
images/targeted_ultradetail/zoom651b_Sprime_alpha.png,zoom651b_Sprime_alpha.png,89001,8C80132DB9DC7CF8FC1729D6200C59DFE909659886A20DAC99F604FFCA61E8F1,20969,2691,L,,,2026-07-27T22:57:20.062337+00:00,targeted_symbol_formula_ultradetail_crop,public_targeted_source_audit_evidence_no_license_grant,651,652,638,XIII,sga6_fr_workpass.tex,1403,zoom651b.py,5C2D6DD018391B6F6666507179C8ABEAE5B4B287A56D5EC77313CAF18B2486AD,2026-07-27T22:57:09.149803+00:00,retained_local_generator_script,2,fraction_of_parent_page,0.38,0.23,0.84,0.268,7500,grayscale;autocontrast_cutoff_1;contrast_2.4;sharpness_1.8,"band a line 4 : ""X'_K -> X_K d'un S'_alpha -morphisme"" ; check prime on S'_alpha (+ first S_alpha-schema)",1,2026-07-27T22:57:25.993Z,2026-07-27T22:57:25.993Z,1,26536B17B824EC78125052423DD2F45AE10577030CF2355B5BA07C3CAC1303EE,1995x256,0.039820253759,0.019844533208,PASS,pixel_exact_and_png_byte_exact,opened_in_cold_source_reverification_not_translation_certification,73FBBAD41340C12ECCDCFCF6C3A1656953FE3D712AA8E391678458CCD17B4BAA
images/targeted_ultradetail/z652_P1_YS.png,z652_P1_YS.png,34575,3D9CB4563B5B35EE2E5282B5230101EDBF559D46C01FE9EB6F4049C782E32073,10212,1745,L,,,2026-07-17T17:39:28.373256+00:00,targeted_symbol_formula_ultradetail_crop,public_targeted_source_audit_evidence_no_license_grant,652,653,639,XIII,sga6_fr_workpass.tex,1404,zoom652.py,FD02A3DD7C37AA05B7F60AA9168C4507AC22BBFED85045F34A7903EDD722699E,2026-07-17T17:39:18.639549+00:00,retained_local_generator_script,2,fraction_of_parent_page,0.22,0.383,0.52,0.416,5600,grayscale;autocontrast_cutoff_1;contrast_2.0;sharpness_1.7,"P1 : L15031 ""le morphisme Pic_{Y/S} -> Pic_{X/S} soit quasi-affine"" (2e partie Th 3.8, sur S)",1,2026-07-17T17:39:39.458Z,2026-07-17T17:39:39.458Z,1,709A0D88D95F65C1AFC2E460608DDB2020DBDE8108A308EBA23C89044A150929,1996x341,0.019427417886,0.009019505286,PASS,dimensions_exact_renderer_version_pixel_drift_disclosed_source_identity_and_viewer_attachment_correlation_pass,opened_in_cold_source_reverification_not_translation_certification,73FBBAD41340C12ECCDCFCF6C3A1656953FE3D712AA8E391678458CCD17B4BAA
images/targeted_ultradetail/z652_P2_Yk.png,z652_P2_Yk.png,50490,12587F97539F4AC08407137E96B29FAE254065FFDD65709D5AA90117CB84B40B,14296,2168,L,,,2026-07-17T17:39:29.268215+00:00,targeted_symbol_formula_ultradetail_crop,public_targeted_source_audit_evidence_no_license_grant,652,653,639,XIII,sga6_fr_workpass.tex,1404,zoom652.py,FD02A3DD7C37AA05B7F60AA9168C4507AC22BBFED85045F34A7903EDD722699E,2026-07-17T17:39:18.639549+00:00,retained_local_generator_script,2,fraction_of_parent_page,0.1,0.566,0.52,0.607,5600,grayscale;autocontrast_cutoff_1;contrast_2.0;sharpness_1.7,"P2 : Lemme 3.11 display gauche ""Alors le morphisme Pic_{Y/k} -> Pic_{X/k}""",1,2026-07-17T17:42:21.082Z,2026-07-17T17:42:21.082Z,1,12B61D73337255F48D5E79F441350572E515DF2F4DF25A6B93CA010C0314FD02,1998x303,0.044671734441,0.017629841062,PASS,dimensions_exact_renderer_version_pixel_drift_disclosed_source_identity_and_viewer_attachment_correlation_pass,opened_in_cold_source_reverification_not_translation_certification,73FBBAD41340C12ECCDCFCF6C3A1656953FE3D712AA8E391678458CCD17B4BAA
images/targeted_ultradetail/z652_P3_Tk.png,z652_P3_Tk.png,59348,1F3241A7878FB07E15BC64B55A42612733E746F20479A52EACB696A8248C3B09,16679,2327,L,,,2026-07-17T17:39:30.324855+00:00,targeted_symbol_formula_ultradetail_crop,public_targeted_source_audit_evidence_no_license_grant,652,653,639,XIII,sga6_fr_workpass.tex,1404,zoom652.py,FD02A3DD7C37AA05B7F60AA9168C4507AC22BBFED85045F34A7903EDD722699E,2026-07-17T17:39:18.639549+00:00,retained_local_generator_script,2,fraction_of_parent_page,0.5,0.563,0.99,0.607,5600,grayscale;autocontrast_cutoff_1;contrast_2.0;sharpness_1.7,"P3 : Lemme 3.11 display droite ""(resp. le morphisme Pic^T_{Y/k} -> Pic^T_{X/k}""",1,2026-07-17T17:42:35.523Z,2026-07-17T17:42:35.523Z,1,12368EA267AE46DC5C9EE0F4EC4B73FE10F2177B89866826B6705DA53712C1D7,1999x279,0.036944995795,0.014785170363,PASS,dimensions_exact_renderer_version_pixel_drift_disclosed_source_identity_and_viewer_attachment_correlation_pass,opened_in_cold_source_reverification_not_translation_certification,73FBBAD41340C12ECCDCFCF6C3A1656953FE3D712AA8E391678458CCD17B4BAA
images/targeted_ultradetail/z652_P4_cont.png,z652_P4_cont.png,42589,F9239E14984F2E721658F6865F8BD91E8E7AC4CB145F13165BE41F4C5E1BA112,13275,2010,L,,,2026-07-17T17:39:31.204846+00:00,targeted_symbol_formula_ultradetail_crop,public_targeted_source_audit_evidence_no_license_grant,652,653,639,XIII,sga6_fr_workpass.tex,1404,zoom652.py,FD02A3DD7C37AA05B7F60AA9168C4507AC22BBFED85045F34A7903EDD722699E,2026-07-17T17:39:18.639549+00:00,retained_local_generator_script,2,fraction_of_parent_page,0.47,0.749,0.86,0.787,5600,grayscale;autocontrast_cutoff_1;contrast_2.0;sharpness_1.7,"P4 : preuve ""contenu dans Pic^T_{Y/k},""",1,2026-07-17T17:42:47.380Z,2026-07-17T17:42:47.380Z,1,C938D0180AF835E3DB1BC34BC9F92E8EADFABC7942F392E4315A76FCFFCA2BE6,1995x302,0.020873375492,0.009502232402,PASS,dimensions_exact_renderer_version_pixel_drift_disclosed_source_identity_and_viewer_attachment_correlation_pass,opened_in_cold_source_reverification_not_translation_certification,73FBBAD41340C12ECCDCFCF6C3A1656953FE3D712AA8E391678458CCD17B4BAA
images/targeted_ultradetail/z652_S1_semi211.png,z652_S1_semi211.png,24172,8533967FA931436A5EACC92B898E7DAF4202E442E416B48279C6261AB7FB5B59,8851,1692,L,,,2026-07-17T17:39:31.744632+00:00,targeted_symbol_formula_ultradetail_crop,public_targeted_source_audit_evidence_no_license_grant,652,653,639,XIII,sga6_fr_workpass.tex,1404,zoom652.py,FD02A3DD7C37AA05B7F60AA9168C4507AC22BBFED85045F34A7903EDD722699E,2026-07-17T17:39:18.639549+00:00,retained_local_generator_script,2,fraction_of_parent_page,0.7,0.215,0.96,0.247,5600,grayscale;autocontrast_cutoff_1;contrast_2.0;sharpness_1.7,"S1 : "";"" de ""en vertu de 2.11 ;""",1,2026-07-17T17:43:04.431Z,2026-07-17T17:43:04.431Z,1,076AE00D1F3751FBFEDB15DEAB694576F7D0622C347CFFCAF1EE9767246876E4,1998x382,0.00526442673,0.002578494725,PASS,dimensions_exact_renderer_version_pixel_drift_disclosed_source_identity_and_viewer_attachment_correlation_pass,opened_in_cold_source_reverification_not_translation_certification,73FBBAD41340C12ECCDCFCF6C3A1656953FE3D712AA8E391678458CCD17B4BAA
images/targeted_ultradetail/z652_S2_semiphi.png,z652_S2_semiphi.png,24274,19AF4AE99004D29D6A736F7A87260422F4D13CC1ADCDE440270C3BCB6DAF4484,9871,1692,L,,,2026-07-17T17:39:32.415659+00:00,targeted_symbol_formula_ultradetail_crop,public_targeted_source_audit_evidence_no_license_grant,652,653,639,XIII,sga6_fr_workpass.tex,1404,zoom652.py,FD02A3DD7C37AA05B7F60AA9168C4507AC22BBFED85045F34A7903EDD722699E,2026-07-17T17:39:18.639549+00:00,retained_local_generator_script,2,fraction_of_parent_page,0.57,0.665,0.86,0.697,5600,grayscale;autocontrast_cutoff_1;contrast_2.0;sharpness_1.7,"S2 : "";"" de ""supposer phi != 0 ;""",1,2026-07-17T17:43:15.791Z,2026-07-17T17:43:15.791Z,1,021E10AF72FDB0C1386B461DF028CEC97A1B74AACA2817F9243B88F4F04BC0F5,1995x342,0.021921763473,0.007929179674,PASS,dimensions_exact_renderer_version_pixel_drift_disclosed_source_identity_and_viewer_attachment_correlation_pass,opened_in_cold_source_reverification_not_translation_certification,73FBBAD41340C12ECCDCFCF6C3A1656953FE3D712AA8E391678458CCD17B4BAA
images/targeted_ultradetail/z652_S3_colon.png,z652_S3_colon.png,20784,082D1DD9F89E11AFE59BE6599F7B68B2EDF5A7E053B8C10262248A91FB963E0E,7489,1693,L,,,2026-07-17T17:39:32.993334+00:00,targeted_symbol_formula_ultradetail_crop,public_targeted_source_audit_evidence_no_license_grant,652,653,639,XIII,sga6_fr_workpass.tex,1404,zoom652.py,FD02A3DD7C37AA05B7F60AA9168C4507AC22BBFED85045F34A7903EDD722699E,2026-07-17T17:39:18.639549+00:00,retained_local_generator_script,2,fraction_of_parent_page,0.58,0.445,0.8,0.477,5600,grayscale;autocontrast_cutoff_1;contrast_2.0;sharpness_1.7,"S3 : "":"" de ""du lemme suivant :""",1,2026-07-17T17:43:34.838Z,2026-07-17T17:43:34.838Z,1,9BEF56CB766CC759E7A7862F87712D19F657DE028A35FD1F5FE073EC4B02367D,1999x452,0.005119816545,0.002403856796,PASS,dimensions_exact_renderer_version_pixel_drift_disclosed_source_identity_and_viewer_attachment_correlation_pass,opened_in_cold_source_reverification_not_translation_certification,73FBBAD41340C12ECCDCFCF6C3A1656953FE3D712AA8E391678458CCD17B4BAA
