precondition_blocker_resolution_return_row_id,parent_precondition_blocker_resolution_request_row_id,parent_precondition_blocker_row_id,blocker_class,blocker_owner_class,precondition_name,return_fields_filled,return_received,resolution_evidence_pointer_reviewed,source_text_prohibition_confirmed,true_precondition_update_allowed_after_return,precondition_blocker_resolved_after_return,query_execution_allowed_after_return,surface_gate_opened,translation_gate_opened
DMOI-RF-LSS-BCRPBEDPBRL-RET-0001,DMOI-RF-LSS-BCRPBEDPBRR-REQ-0001,DMOI-RF-LSS-BCRPBEDPBLK-BLOCK-0001,approved_query_term_present,query_term_return_owner,decision_row_linkage_validated,0,false,false,false,false,false,false,false,false
DMOI-RF-LSS-BCRPBEDPBRL-RET-0002,DMOI-RF-LSS-BCRPBEDPBRR-REQ-0002,DMOI-RF-LSS-BCRPBEDPBLK-BLOCK-0002,approved_query_term_present,query_term_return_owner,all_decision_fields_filled,0,false,false,false,false,false,false,false,false
DMOI-RF-LSS-BCRPBEDPBRL-RET-0003,DMOI-RF-LSS-BCRPBEDPBRR-REQ-0003,DMOI-RF-LSS-BCRPBEDPBLK-BLOCK-0003,approved_query_term_present,query_term_return_owner,all_criteria_decisions_recorded,0,false,false,false,false,false,false,false,false
DMOI-RF-LSS-BCRPBEDPBRL-RET-0004,DMOI-RF-LSS-BCRPBEDPBRR-REQ-0004,DMOI-RF-LSS-BCRPBEDPBLK-BLOCK-0004,approved_query_term_present,query_term_return_owner,all_criteria_passed,0,false,false,false,false,false,false,false,false
DMOI-RF-LSS-BCRPBEDPBRL-RET-0005,DMOI-RF-LSS-BCRPBEDPBRR-REQ-0005,DMOI-RF-LSS-BCRPBEDPBLK-BLOCK-0005,approved_query_term_present,query_term_return_owner,no_criteria_failed,0,false,false,false,false,false,false,false,false
DMOI-RF-LSS-BCRPBEDPBRL-RET-0006,DMOI-RF-LSS-BCRPBEDPBRR-REQ-0006,DMOI-RF-LSS-BCRPBEDPBLK-BLOCK-0006,approved_query_term_present,query_term_return_owner,evidence_values_reviewed,0,false,false,false,false,false,false,false,false
DMOI-RF-LSS-BCRPBEDPBRL-RET-0007,DMOI-RF-LSS-BCRPBEDPBRR-REQ-0007,DMOI-RF-LSS-BCRPBEDPBLK-BLOCK-0007,approved_query_term_present,query_term_return_owner,evidence_source_pointers_reviewed,0,false,false,false,false,false,false,false,false
DMOI-RF-LSS-BCRPBEDPBRL-RET-0008,DMOI-RF-LSS-BCRPBEDPBRR-REQ-0008,DMOI-RF-LSS-BCRPBEDPBLK-BLOCK-0008,approved_query_term_present,query_term_return_owner,source_text_prohibition_confirmed,0,false,false,false,false,false,false,false,false
DMOI-RF-LSS-BCRPBEDPBRL-RET-0009,DMOI-RF-LSS-BCRPBEDPBRR-REQ-0009,DMOI-RF-LSS-BCRPBEDPBLK-BLOCK-0009,approved_query_term_present,query_term_return_owner,allowed_true_precondition_update_bounded,0,false,false,false,false,false,false,false,false
DMOI-RF-LSS-BCRPBEDPBRL-RET-0010,DMOI-RF-LSS-BCRPBEDPBRR-REQ-0010,DMOI-RF-LSS-BCRPBEDPBLK-BLOCK-0010,approved_query_term_present,query_term_return_owner,authority_role_validated,0,false,false,false,false,false,false,false,false
DMOI-RF-LSS-BCRPBEDPBRL-RET-0011,DMOI-RF-LSS-BCRPBEDPBRR-REQ-0011,DMOI-RF-LSS-BCRPBEDPBLK-BLOCK-0011,approved_query_term_present,query_term_return_owner,downstream_query_gate_separate,0,false,false,false,false,false,false,false,false
DMOI-RF-LSS-BCRPBEDPBRL-RET-0012,DMOI-RF-LSS-BCRPBEDPBRR-REQ-0012,DMOI-RF-LSS-BCRPBEDPBLK-BLOCK-0012,approved_query_term_present,query_term_return_owner,downstream_surface_translation_gates_separate,0,false,false,false,false,false,false,false,false
DMOI-RF-LSS-BCRPBEDPBRL-RET-0013,DMOI-RF-LSS-BCRPBEDPBRR-REQ-0013,DMOI-RF-LSS-BCRPBEDPBLK-BLOCK-0013,approved_query_term_present,query_term_return_owner,decision_row_linkage_validated,0,false,false,false,false,false,false,false,false
DMOI-RF-LSS-BCRPBEDPBRL-RET-0014,DMOI-RF-LSS-BCRPBEDPBRR-REQ-0014,DMOI-RF-LSS-BCRPBEDPBLK-BLOCK-0014,approved_query_term_present,query_term_return_owner,all_decision_fields_filled,0,false,false,false,false,false,false,false,false
DMOI-RF-LSS-BCRPBEDPBRL-RET-0015,DMOI-RF-LSS-BCRPBEDPBRR-REQ-0015,DMOI-RF-LSS-BCRPBEDPBLK-BLOCK-0015,approved_query_term_present,query_term_return_owner,all_criteria_decisions_recorded,0,false,false,false,false,false,false,false,false
DMOI-RF-LSS-BCRPBEDPBRL-RET-0016,DMOI-RF-LSS-BCRPBEDPBRR-REQ-0016,DMOI-RF-LSS-BCRPBEDPBLK-BLOCK-0016,approved_query_term_present,query_term_return_owner,all_criteria_passed,0,false,false,false,false,false,false,false,false
DMOI-RF-LSS-BCRPBEDPBRL-RET-0017,DMOI-RF-LSS-BCRPBEDPBRR-REQ-0017,DMOI-RF-LSS-BCRPBEDPBLK-BLOCK-0017,approved_query_term_present,query_term_return_owner,no_criteria_failed,0,false,false,false,false,false,false,false,false
DMOI-RF-LSS-BCRPBEDPBRL-RET-0018,DMOI-RF-LSS-BCRPBEDPBRR-REQ-0018,DMOI-RF-LSS-BCRPBEDPBLK-BLOCK-0018,approved_query_term_present,query_term_return_owner,evidence_values_reviewed,0,false,false,false,false,false,false,false,false
DMOI-RF-LSS-BCRPBEDPBRL-RET-0019,DMOI-RF-LSS-BCRPBEDPBRR-REQ-0019,DMOI-RF-LSS-BCRPBEDPBLK-BLOCK-0019,approved_query_term_present,query_term_return_owner,evidence_source_pointers_reviewed,0,false,false,false,false,false,false,false,false
DMOI-RF-LSS-BCRPBEDPBRL-RET-0020,DMOI-RF-LSS-BCRPBEDPBRR-REQ-0020,DMOI-RF-LSS-BCRPBEDPBLK-BLOCK-0020,approved_query_term_present,query_term_return_owner,source_text_prohibition_confirmed,0,false,false,false,false,false,false,false,false
DMOI-RF-LSS-BCRPBEDPBRL-RET-0021,DMOI-RF-LSS-BCRPBEDPBRR-REQ-0021,DMOI-RF-LSS-BCRPBEDPBLK-BLOCK-0021,approved_query_term_present,query_term_return_owner,allowed_true_precondition_update_bounded,0,false,false,false,false,false,false,false,false
DMOI-RF-LSS-BCRPBEDPBRL-RET-0022,DMOI-RF-LSS-BCRPBEDPBRR-REQ-0022,DMOI-RF-LSS-BCRPBEDPBLK-BLOCK-0022,approved_query_term_present,query_term_return_owner,authority_role_validated,0,false,false,false,false,false,false,false,false
DMOI-RF-LSS-BCRPBEDPBRL-RET-0023,DMOI-RF-LSS-BCRPBEDPBRR-REQ-0023,DMOI-RF-LSS-BCRPBEDPBLK-BLOCK-0023,approved_query_term_present,query_term_return_owner,downstream_query_gate_separate,0,false,false,false,false,false,false,false,false
DMOI-RF-LSS-BCRPBEDPBRL-RET-0024,DMOI-RF-LSS-BCRPBEDPBRR-REQ-0024,DMOI-RF-LSS-BCRPBEDPBLK-BLOCK-0024,approved_query_term_present,query_term_return_owner,downstream_surface_translation_gates_separate,0,false,false,false,false,false,false,false,false
DMOI-RF-LSS-BCRPBEDPBRL-RET-0025,DMOI-RF-LSS-BCRPBEDPBRR-REQ-0025,DMOI-RF-LSS-BCRPBEDPBLK-BLOCK-0025,approved_query_term_present,query_term_return_owner,decision_row_linkage_validated,0,false,false,false,false,false,false,false,false
DMOI-RF-LSS-BCRPBEDPBRL-RET-0026,DMOI-RF-LSS-BCRPBEDPBRR-REQ-0026,DMOI-RF-LSS-BCRPBEDPBLK-BLOCK-0026,approved_query_term_present,query_term_return_owner,all_decision_fields_filled,0,false,false,false,false,false,false,false,false
DMOI-RF-LSS-BCRPBEDPBRL-RET-0027,DMOI-RF-LSS-BCRPBEDPBRR-REQ-0027,DMOI-RF-LSS-BCRPBEDPBLK-BLOCK-0027,approved_query_term_present,query_term_return_owner,all_criteria_decisions_recorded,0,false,false,false,false,false,false,false,false
DMOI-RF-LSS-BCRPBEDPBRL-RET-0028,DMOI-RF-LSS-BCRPBEDPBRR-REQ-0028,DMOI-RF-LSS-BCRPBEDPBLK-BLOCK-0028,approved_query_term_present,query_term_return_owner,all_criteria_passed,0,false,false,false,false,false,false,false,false
DMOI-RF-LSS-BCRPBEDPBRL-RET-0029,DMOI-RF-LSS-BCRPBEDPBRR-REQ-0029,DMOI-RF-LSS-BCRPBEDPBLK-BLOCK-0029,approved_query_term_present,query_term_return_owner,no_criteria_failed,0,false,false,false,false,false,false,false,false
DMOI-RF-LSS-BCRPBEDPBRL-RET-0030,DMOI-RF-LSS-BCRPBEDPBRR-REQ-0030,DMOI-RF-LSS-BCRPBEDPBLK-BLOCK-0030,approved_query_term_present,query_term_return_owner,evidence_values_reviewed,0,false,false,false,false,false,false,false,false
DMOI-RF-LSS-BCRPBEDPBRL-RET-0031,DMOI-RF-LSS-BCRPBEDPBRR-REQ-0031,DMOI-RF-LSS-BCRPBEDPBLK-BLOCK-0031,approved_query_term_present,query_term_return_owner,evidence_source_pointers_reviewed,0,false,false,false,false,false,false,false,false
DMOI-RF-LSS-BCRPBEDPBRL-RET-0032,DMOI-RF-LSS-BCRPBEDPBRR-REQ-0032,DMOI-RF-LSS-BCRPBEDPBLK-BLOCK-0032,approved_query_term_present,query_term_return_owner,source_text_prohibition_confirmed,0,false,false,false,false,false,false,false,false
DMOI-RF-LSS-BCRPBEDPBRL-RET-0033,DMOI-RF-LSS-BCRPBEDPBRR-REQ-0033,DMOI-RF-LSS-BCRPBEDPBLK-BLOCK-0033,approved_query_term_present,query_term_return_owner,allowed_true_precondition_update_bounded,0,false,false,false,false,false,false,false,false
DMOI-RF-LSS-BCRPBEDPBRL-RET-0034,DMOI-RF-LSS-BCRPBEDPBRR-REQ-0034,DMOI-RF-LSS-BCRPBEDPBLK-BLOCK-0034,approved_query_term_present,query_term_return_owner,authority_role_validated,0,false,false,false,false,false,false,false,false
DMOI-RF-LSS-BCRPBEDPBRL-RET-0035,DMOI-RF-LSS-BCRPBEDPBRR-REQ-0035,DMOI-RF-LSS-BCRPBEDPBLK-BLOCK-0035,approved_query_term_present,query_term_return_owner,downstream_query_gate_separate,0,false,false,false,false,false,false,false,false
DMOI-RF-LSS-BCRPBEDPBRL-RET-0036,DMOI-RF-LSS-BCRPBEDPBRR-REQ-0036,DMOI-RF-LSS-BCRPBEDPBLK-BLOCK-0036,approved_query_term_present,query_term_return_owner,downstream_surface_translation_gates_separate,0,false,false,false,false,false,false,false,false
DMOI-RF-LSS-BCRPBEDPBRL-RET-0037,DMOI-RF-LSS-BCRPBEDPBRR-REQ-0037,DMOI-RF-LSS-BCRPBEDPBLK-BLOCK-0037,approved_query_term_present,query_term_return_owner,decision_row_linkage_validated,0,false,false,false,false,false,false,false,false
DMOI-RF-LSS-BCRPBEDPBRL-RET-0038,DMOI-RF-LSS-BCRPBEDPBRR-REQ-0038,DMOI-RF-LSS-BCRPBEDPBLK-BLOCK-0038,approved_query_term_present,query_term_return_owner,all_decision_fields_filled,0,false,false,false,false,false,false,false,false
DMOI-RF-LSS-BCRPBEDPBRL-RET-0039,DMOI-RF-LSS-BCRPBEDPBRR-REQ-0039,DMOI-RF-LSS-BCRPBEDPBLK-BLOCK-0039,approved_query_term_present,query_term_return_owner,all_criteria_decisions_recorded,0,false,false,false,false,false,false,false,false
DMOI-RF-LSS-BCRPBEDPBRL-RET-0040,DMOI-RF-LSS-BCRPBEDPBRR-REQ-0040,DMOI-RF-LSS-BCRPBEDPBLK-BLOCK-0040,approved_query_term_present,query_term_return_owner,all_criteria_passed,0,false,false,false,false,false,false,false,false
DMOI-RF-LSS-BCRPBEDPBRL-RET-0041,DMOI-RF-LSS-BCRPBEDPBRR-REQ-0041,DMOI-RF-LSS-BCRPBEDPBLK-BLOCK-0041,approved_query_term_present,query_term_return_owner,no_criteria_failed,0,false,false,false,false,false,false,false,false
DMOI-RF-LSS-BCRPBEDPBRL-RET-0042,DMOI-RF-LSS-BCRPBEDPBRR-REQ-0042,DMOI-RF-LSS-BCRPBEDPBLK-BLOCK-0042,approved_query_term_present,query_term_return_owner,evidence_values_reviewed,0,false,false,false,false,false,false,false,false
DMOI-RF-LSS-BCRPBEDPBRL-RET-0043,DMOI-RF-LSS-BCRPBEDPBRR-REQ-0043,DMOI-RF-LSS-BCRPBEDPBLK-BLOCK-0043,approved_query_term_present,query_term_return_owner,evidence_source_pointers_reviewed,0,false,false,false,false,false,false,false,false
DMOI-RF-LSS-BCRPBEDPBRL-RET-0044,DMOI-RF-LSS-BCRPBEDPBRR-REQ-0044,DMOI-RF-LSS-BCRPBEDPBLK-BLOCK-0044,approved_query_term_present,query_term_return_owner,source_text_prohibition_confirmed,0,false,false,false,false,false,false,false,false
DMOI-RF-LSS-BCRPBEDPBRL-RET-0045,DMOI-RF-LSS-BCRPBEDPBRR-REQ-0045,DMOI-RF-LSS-BCRPBEDPBLK-BLOCK-0045,approved_query_term_present,query_term_return_owner,allowed_true_precondition_update_bounded,0,false,false,false,false,false,false,false,false
DMOI-RF-LSS-BCRPBEDPBRL-RET-0046,DMOI-RF-LSS-BCRPBEDPBRR-REQ-0046,DMOI-RF-LSS-BCRPBEDPBLK-BLOCK-0046,approved_query_term_present,query_term_return_owner,authority_role_validated,0,false,false,false,false,false,false,false,false
DMOI-RF-LSS-BCRPBEDPBRL-RET-0047,DMOI-RF-LSS-BCRPBEDPBRR-REQ-0047,DMOI-RF-LSS-BCRPBEDPBLK-BLOCK-0047,approved_query_term_present,query_term_return_owner,downstream_query_gate_separate,0,false,false,false,false,false,false,false,false
DMOI-RF-LSS-BCRPBEDPBRL-RET-0048,DMOI-RF-LSS-BCRPBEDPBRR-REQ-0048,DMOI-RF-LSS-BCRPBEDPBLK-BLOCK-0048,approved_query_term_present,query_term_return_owner,downstream_surface_translation_gates_separate,0,false,false,false,false,false,false,false,false
DMOI-RF-LSS-BCRPBEDPBRL-RET-0049,DMOI-RF-LSS-BCRPBEDPBRR-REQ-0049,DMOI-RF-LSS-BCRPBEDPBLK-BLOCK-0049,approved_query_term_present,query_term_return_owner,decision_row_linkage_validated,0,false,false,false,false,false,false,false,false
DMOI-RF-LSS-BCRPBEDPBRL-RET-0050,DMOI-RF-LSS-BCRPBEDPBRR-REQ-0050,DMOI-RF-LSS-BCRPBEDPBLK-BLOCK-0050,approved_query_term_present,query_term_return_owner,all_decision_fields_filled,0,false,false,false,false,false,false,false,false
DMOI-RF-LSS-BCRPBEDPBRL-RET-0051,DMOI-RF-LSS-BCRPBEDPBRR-REQ-0051,DMOI-RF-LSS-BCRPBEDPBLK-BLOCK-0051,approved_query_term_present,query_term_return_owner,all_criteria_decisions_recorded,0,false,false,false,false,false,false,false,false
DMOI-RF-LSS-BCRPBEDPBRL-RET-0052,DMOI-RF-LSS-BCRPBEDPBRR-REQ-0052,DMOI-RF-LSS-BCRPBEDPBLK-BLOCK-0052,approved_query_term_present,query_term_return_owner,all_criteria_passed,0,false,false,false,false,false,false,false,false
DMOI-RF-LSS-BCRPBEDPBRL-RET-0053,DMOI-RF-LSS-BCRPBEDPBRR-REQ-0053,DMOI-RF-LSS-BCRPBEDPBLK-BLOCK-0053,approved_query_term_present,query_term_return_owner,no_criteria_failed,0,false,false,false,false,false,false,false,false
DMOI-RF-LSS-BCRPBEDPBRL-RET-0054,DMOI-RF-LSS-BCRPBEDPBRR-REQ-0054,DMOI-RF-LSS-BCRPBEDPBLK-BLOCK-0054,approved_query_term_present,query_term_return_owner,evidence_values_reviewed,0,false,false,false,false,false,false,false,false
DMOI-RF-LSS-BCRPBEDPBRL-RET-0055,DMOI-RF-LSS-BCRPBEDPBRR-REQ-0055,DMOI-RF-LSS-BCRPBEDPBLK-BLOCK-0055,approved_query_term_present,query_term_return_owner,evidence_source_pointers_reviewed,0,false,false,false,false,false,false,false,false
DMOI-RF-LSS-BCRPBEDPBRL-RET-0056,DMOI-RF-LSS-BCRPBEDPBRR-REQ-0056,DMOI-RF-LSS-BCRPBEDPBLK-BLOCK-0056,approved_query_term_present,query_term_return_owner,source_text_prohibition_confirmed,0,false,false,false,false,false,false,false,false
DMOI-RF-LSS-BCRPBEDPBRL-RET-0057,DMOI-RF-LSS-BCRPBEDPBRR-REQ-0057,DMOI-RF-LSS-BCRPBEDPBLK-BLOCK-0057,approved_query_term_present,query_term_return_owner,allowed_true_precondition_update_bounded,0,false,false,false,false,false,false,false,false
DMOI-RF-LSS-BCRPBEDPBRL-RET-0058,DMOI-RF-LSS-BCRPBEDPBRR-REQ-0058,DMOI-RF-LSS-BCRPBEDPBLK-BLOCK-0058,approved_query_term_present,query_term_return_owner,authority_role_validated,0,false,false,false,false,false,false,false,false
DMOI-RF-LSS-BCRPBEDPBRL-RET-0059,DMOI-RF-LSS-BCRPBEDPBRR-REQ-0059,DMOI-RF-LSS-BCRPBEDPBLK-BLOCK-0059,approved_query_term_present,query_term_return_owner,downstream_query_gate_separate,0,false,false,false,false,false,false,false,false
DMOI-RF-LSS-BCRPBEDPBRL-RET-0060,DMOI-RF-LSS-BCRPBEDPBRR-REQ-0060,DMOI-RF-LSS-BCRPBEDPBLK-BLOCK-0060,approved_query_term_present,query_term_return_owner,downstream_surface_translation_gates_separate,0,false,false,false,false,false,false,false,false
DMOI-RF-LSS-BCRPBEDPBRL-RET-0061,DMOI-RF-LSS-BCRPBEDPBRR-REQ-0061,DMOI-RF-LSS-BCRPBEDPBLK-BLOCK-0061,approved_query_term_present,query_term_return_owner,decision_row_linkage_validated,0,false,false,false,false,false,false,false,false
DMOI-RF-LSS-BCRPBEDPBRL-RET-0062,DMOI-RF-LSS-BCRPBEDPBRR-REQ-0062,DMOI-RF-LSS-BCRPBEDPBLK-BLOCK-0062,approved_query_term_present,query_term_return_owner,all_decision_fields_filled,0,false,false,false,false,false,false,false,false
DMOI-RF-LSS-BCRPBEDPBRL-RET-0063,DMOI-RF-LSS-BCRPBEDPBRR-REQ-0063,DMOI-RF-LSS-BCRPBEDPBLK-BLOCK-0063,approved_query_term_present,query_term_return_owner,all_criteria_decisions_recorded,0,false,false,false,false,false,false,false,false
DMOI-RF-LSS-BCRPBEDPBRL-RET-0064,DMOI-RF-LSS-BCRPBEDPBRR-REQ-0064,DMOI-RF-LSS-BCRPBEDPBLK-BLOCK-0064,approved_query_term_present,query_term_return_owner,all_criteria_passed,0,false,false,false,false,false,false,false,false
DMOI-RF-LSS-BCRPBEDPBRL-RET-0065,DMOI-RF-LSS-BCRPBEDPBRR-REQ-0065,DMOI-RF-LSS-BCRPBEDPBLK-BLOCK-0065,approved_query_term_present,query_term_return_owner,no_criteria_failed,0,false,false,false,false,false,false,false,false
DMOI-RF-LSS-BCRPBEDPBRL-RET-0066,DMOI-RF-LSS-BCRPBEDPBRR-REQ-0066,DMOI-RF-LSS-BCRPBEDPBLK-BLOCK-0066,approved_query_term_present,query_term_return_owner,evidence_values_reviewed,0,false,false,false,false,false,false,false,false
DMOI-RF-LSS-BCRPBEDPBRL-RET-0067,DMOI-RF-LSS-BCRPBEDPBRR-REQ-0067,DMOI-RF-LSS-BCRPBEDPBLK-BLOCK-0067,approved_query_term_present,query_term_return_owner,evidence_source_pointers_reviewed,0,false,false,false,false,false,false,false,false
DMOI-RF-LSS-BCRPBEDPBRL-RET-0068,DMOI-RF-LSS-BCRPBEDPBRR-REQ-0068,DMOI-RF-LSS-BCRPBEDPBLK-BLOCK-0068,approved_query_term_present,query_term_return_owner,source_text_prohibition_confirmed,0,false,false,false,false,false,false,false,false
DMOI-RF-LSS-BCRPBEDPBRL-RET-0069,DMOI-RF-LSS-BCRPBEDPBRR-REQ-0069,DMOI-RF-LSS-BCRPBEDPBLK-BLOCK-0069,approved_query_term_present,query_term_return_owner,allowed_true_precondition_update_bounded,0,false,false,false,false,false,false,false,false
DMOI-RF-LSS-BCRPBEDPBRL-RET-0070,DMOI-RF-LSS-BCRPBEDPBRR-REQ-0070,DMOI-RF-LSS-BCRPBEDPBLK-BLOCK-0070,approved_query_term_present,query_term_return_owner,authority_role_validated,0,false,false,false,false,false,false,false,false
DMOI-RF-LSS-BCRPBEDPBRL-RET-0071,DMOI-RF-LSS-BCRPBEDPBRR-REQ-0071,DMOI-RF-LSS-BCRPBEDPBLK-BLOCK-0071,approved_query_term_present,query_term_return_owner,downstream_query_gate_separate,0,false,false,false,false,false,false,false,false
DMOI-RF-LSS-BCRPBEDPBRL-RET-0072,DMOI-RF-LSS-BCRPBEDPBRR-REQ-0072,DMOI-RF-LSS-BCRPBEDPBLK-BLOCK-0072,approved_query_term_present,query_term_return_owner,downstream_surface_translation_gates_separate,0,false,false,false,false,false,false,false,false
DMOI-RF-LSS-BCRPBEDPBRL-RET-0073,DMOI-RF-LSS-BCRPBEDPBRR-REQ-0073,DMOI-RF-LSS-BCRPBEDPBLK-BLOCK-0073,approved_query_term_present,query_term_return_owner,decision_row_linkage_validated,0,false,false,false,false,false,false,false,false
DMOI-RF-LSS-BCRPBEDPBRL-RET-0074,DMOI-RF-LSS-BCRPBEDPBRR-REQ-0074,DMOI-RF-LSS-BCRPBEDPBLK-BLOCK-0074,approved_query_term_present,query_term_return_owner,all_decision_fields_filled,0,false,false,false,false,false,false,false,false
DMOI-RF-LSS-BCRPBEDPBRL-RET-0075,DMOI-RF-LSS-BCRPBEDPBRR-REQ-0075,DMOI-RF-LSS-BCRPBEDPBLK-BLOCK-0075,approved_query_term_present,query_term_return_owner,all_criteria_decisions_recorded,0,false,false,false,false,false,false,false,false
DMOI-RF-LSS-BCRPBEDPBRL-RET-0076,DMOI-RF-LSS-BCRPBEDPBRR-REQ-0076,DMOI-RF-LSS-BCRPBEDPBLK-BLOCK-0076,approved_query_term_present,query_term_return_owner,all_criteria_passed,0,false,false,false,false,false,false,false,false
DMOI-RF-LSS-BCRPBEDPBRL-RET-0077,DMOI-RF-LSS-BCRPBEDPBRR-REQ-0077,DMOI-RF-LSS-BCRPBEDPBLK-BLOCK-0077,approved_query_term_present,query_term_return_owner,no_criteria_failed,0,false,false,false,false,false,false,false,false
DMOI-RF-LSS-BCRPBEDPBRL-RET-0078,DMOI-RF-LSS-BCRPBEDPBRR-REQ-0078,DMOI-RF-LSS-BCRPBEDPBLK-BLOCK-0078,approved_query_term_present,query_term_return_owner,evidence_values_reviewed,0,false,false,false,false,false,false,false,false
DMOI-RF-LSS-BCRPBEDPBRL-RET-0079,DMOI-RF-LSS-BCRPBEDPBRR-REQ-0079,DMOI-RF-LSS-BCRPBEDPBLK-BLOCK-0079,approved_query_term_present,query_term_return_owner,evidence_source_pointers_reviewed,0,false,false,false,false,false,false,false,false
DMOI-RF-LSS-BCRPBEDPBRL-RET-0080,DMOI-RF-LSS-BCRPBEDPBRR-REQ-0080,DMOI-RF-LSS-BCRPBEDPBLK-BLOCK-0080,approved_query_term_present,query_term_return_owner,source_text_prohibition_confirmed,0,false,false,false,false,false,false,false,false
DMOI-RF-LSS-BCRPBEDPBRL-RET-0081,DMOI-RF-LSS-BCRPBEDPBRR-REQ-0081,DMOI-RF-LSS-BCRPBEDPBLK-BLOCK-0081,approved_query_term_present,query_term_return_owner,allowed_true_precondition_update_bounded,0,false,false,false,false,false,false,false,false
DMOI-RF-LSS-BCRPBEDPBRL-RET-0082,DMOI-RF-LSS-BCRPBEDPBRR-REQ-0082,DMOI-RF-LSS-BCRPBEDPBLK-BLOCK-0082,approved_query_term_present,query_term_return_owner,authority_role_validated,0,false,false,false,false,false,false,false,false
DMOI-RF-LSS-BCRPBEDPBRL-RET-0083,DMOI-RF-LSS-BCRPBEDPBRR-REQ-0083,DMOI-RF-LSS-BCRPBEDPBLK-BLOCK-0083,approved_query_term_present,query_term_return_owner,downstream_query_gate_separate,0,false,false,false,false,false,false,false,false
DMOI-RF-LSS-BCRPBEDPBRL-RET-0084,DMOI-RF-LSS-BCRPBEDPBRR-REQ-0084,DMOI-RF-LSS-BCRPBEDPBLK-BLOCK-0084,approved_query_term_present,query_term_return_owner,downstream_surface_translation_gates_separate,0,false,false,false,false,false,false,false,false
DMOI-RF-LSS-BCRPBEDPBRL-RET-0085,DMOI-RF-LSS-BCRPBEDPBRR-REQ-0085,DMOI-RF-LSS-BCRPBEDPBLK-BLOCK-0085,approved_query_term_present,query_term_return_owner,decision_row_linkage_validated,0,false,false,false,false,false,false,false,false
DMOI-RF-LSS-BCRPBEDPBRL-RET-0086,DMOI-RF-LSS-BCRPBEDPBRR-REQ-0086,DMOI-RF-LSS-BCRPBEDPBLK-BLOCK-0086,approved_query_term_present,query_term_return_owner,all_decision_fields_filled,0,false,false,false,false,false,false,false,false
DMOI-RF-LSS-BCRPBEDPBRL-RET-0087,DMOI-RF-LSS-BCRPBEDPBRR-REQ-0087,DMOI-RF-LSS-BCRPBEDPBLK-BLOCK-0087,approved_query_term_present,query_term_return_owner,all_criteria_decisions_recorded,0,false,false,false,false,false,false,false,false
DMOI-RF-LSS-BCRPBEDPBRL-RET-0088,DMOI-RF-LSS-BCRPBEDPBRR-REQ-0088,DMOI-RF-LSS-BCRPBEDPBLK-BLOCK-0088,approved_query_term_present,query_term_return_owner,all_criteria_passed,0,false,false,false,false,false,false,false,false
DMOI-RF-LSS-BCRPBEDPBRL-RET-0089,DMOI-RF-LSS-BCRPBEDPBRR-REQ-0089,DMOI-RF-LSS-BCRPBEDPBLK-BLOCK-0089,approved_query_term_present,query_term_return_owner,no_criteria_failed,0,false,false,false,false,false,false,false,false
DMOI-RF-LSS-BCRPBEDPBRL-RET-0090,DMOI-RF-LSS-BCRPBEDPBRR-REQ-0090,DMOI-RF-LSS-BCRPBEDPBLK-BLOCK-0090,approved_query_term_present,query_term_return_owner,evidence_values_reviewed,0,false,false,false,false,false,false,false,false
DMOI-RF-LSS-BCRPBEDPBRL-RET-0091,DMOI-RF-LSS-BCRPBEDPBRR-REQ-0091,DMOI-RF-LSS-BCRPBEDPBLK-BLOCK-0091,approved_query_term_present,query_term_return_owner,evidence_source_pointers_reviewed,0,false,false,false,false,false,false,false,false
DMOI-RF-LSS-BCRPBEDPBRL-RET-0092,DMOI-RF-LSS-BCRPBEDPBRR-REQ-0092,DMOI-RF-LSS-BCRPBEDPBLK-BLOCK-0092,approved_query_term_present,query_term_return_owner,source_text_prohibition_confirmed,0,false,false,false,false,false,false,false,false
DMOI-RF-LSS-BCRPBEDPBRL-RET-0093,DMOI-RF-LSS-BCRPBEDPBRR-REQ-0093,DMOI-RF-LSS-BCRPBEDPBLK-BLOCK-0093,approved_query_term_present,query_term_return_owner,allowed_true_precondition_update_bounded,0,false,false,false,false,false,false,false,false
DMOI-RF-LSS-BCRPBEDPBRL-RET-0094,DMOI-RF-LSS-BCRPBEDPBRR-REQ-0094,DMOI-RF-LSS-BCRPBEDPBLK-BLOCK-0094,approved_query_term_present,query_term_return_owner,authority_role_validated,0,false,false,false,false,false,false,false,false
DMOI-RF-LSS-BCRPBEDPBRL-RET-0095,DMOI-RF-LSS-BCRPBEDPBRR-REQ-0095,DMOI-RF-LSS-BCRPBEDPBLK-BLOCK-0095,approved_query_term_present,query_term_return_owner,downstream_query_gate_separate,0,false,false,false,false,false,false,false,false
DMOI-RF-LSS-BCRPBEDPBRL-RET-0096,DMOI-RF-LSS-BCRPBEDPBRR-REQ-0096,DMOI-RF-LSS-BCRPBEDPBLK-BLOCK-0096,approved_query_term_present,query_term_return_owner,downstream_surface_translation_gates_separate,0,false,false,false,false,false,false,false,false
DMOI-RF-LSS-BCRPBEDPBRL-RET-0097,DMOI-RF-LSS-BCRPBEDPBRR-REQ-0097,DMOI-RF-LSS-BCRPBEDPBLK-BLOCK-0097,approved_query_term_present,query_term_return_owner,decision_row_linkage_validated,0,false,false,false,false,false,false,false,false
DMOI-RF-LSS-BCRPBEDPBRL-RET-0098,DMOI-RF-LSS-BCRPBEDPBRR-REQ-0098,DMOI-RF-LSS-BCRPBEDPBLK-BLOCK-0098,approved_query_term_present,query_term_return_owner,all_decision_fields_filled,0,false,false,false,false,false,false,false,false
DMOI-RF-LSS-BCRPBEDPBRL-RET-0099,DMOI-RF-LSS-BCRPBEDPBRR-REQ-0099,DMOI-RF-LSS-BCRPBEDPBLK-BLOCK-0099,approved_query_term_present,query_term_return_owner,all_criteria_decisions_recorded,0,false,false,false,false,false,false,false,false
DMOI-RF-LSS-BCRPBEDPBRL-RET-0100,DMOI-RF-LSS-BCRPBEDPBRR-REQ-0100,DMOI-RF-LSS-BCRPBEDPBLK-BLOCK-0100,approved_query_term_present,query_term_return_owner,all_criteria_passed,0,false,false,false,false,false,false,false,false
DMOI-RF-LSS-BCRPBEDPBRL-RET-0101,DMOI-RF-LSS-BCRPBEDPBRR-REQ-0101,DMOI-RF-LSS-BCRPBEDPBLK-BLOCK-0101,approved_query_term_present,query_term_return_owner,no_criteria_failed,0,false,false,false,false,false,false,false,false
DMOI-RF-LSS-BCRPBEDPBRL-RET-0102,DMOI-RF-LSS-BCRPBEDPBRR-REQ-0102,DMOI-RF-LSS-BCRPBEDPBLK-BLOCK-0102,approved_query_term_present,query_term_return_owner,evidence_values_reviewed,0,false,false,false,false,false,false,false,false
DMOI-RF-LSS-BCRPBEDPBRL-RET-0103,DMOI-RF-LSS-BCRPBEDPBRR-REQ-0103,DMOI-RF-LSS-BCRPBEDPBLK-BLOCK-0103,approved_query_term_present,query_term_return_owner,evidence_source_pointers_reviewed,0,false,false,false,false,false,false,false,false
DMOI-RF-LSS-BCRPBEDPBRL-RET-0104,DMOI-RF-LSS-BCRPBEDPBRR-REQ-0104,DMOI-RF-LSS-BCRPBEDPBLK-BLOCK-0104,approved_query_term_present,query_term_return_owner,source_text_prohibition_confirmed,0,false,false,false,false,false,false,false,false
DMOI-RF-LSS-BCRPBEDPBRL-RET-0105,DMOI-RF-LSS-BCRPBEDPBRR-REQ-0105,DMOI-RF-LSS-BCRPBEDPBLK-BLOCK-0105,approved_query_term_present,query_term_return_owner,allowed_true_precondition_update_bounded,0,false,false,false,false,false,false,false,false
DMOI-RF-LSS-BCRPBEDPBRL-RET-0106,DMOI-RF-LSS-BCRPBEDPBRR-REQ-0106,DMOI-RF-LSS-BCRPBEDPBLK-BLOCK-0106,approved_query_term_present,query_term_return_owner,authority_role_validated,0,false,false,false,false,false,false,false,false
DMOI-RF-LSS-BCRPBEDPBRL-RET-0107,DMOI-RF-LSS-BCRPBEDPBRR-REQ-0107,DMOI-RF-LSS-BCRPBEDPBLK-BLOCK-0107,approved_query_term_present,query_term_return_owner,downstream_query_gate_separate,0,false,false,false,false,false,false,false,false
DMOI-RF-LSS-BCRPBEDPBRL-RET-0108,DMOI-RF-LSS-BCRPBEDPBRR-REQ-0108,DMOI-RF-LSS-BCRPBEDPBLK-BLOCK-0108,approved_query_term_present,query_term_return_owner,downstream_surface_translation_gates_separate,0,false,false,false,false,false,false,false,false
DMOI-RF-LSS-BCRPBEDPBRL-RET-0109,DMOI-RF-LSS-BCRPBEDPBRR-REQ-0109,DMOI-RF-LSS-BCRPBEDPBLK-BLOCK-0109,approved_query_term_present,query_term_return_owner,decision_row_linkage_validated,0,false,false,false,false,false,false,false,false
DMOI-RF-LSS-BCRPBEDPBRL-RET-0110,DMOI-RF-LSS-BCRPBEDPBRR-REQ-0110,DMOI-RF-LSS-BCRPBEDPBLK-BLOCK-0110,approved_query_term_present,query_term_return_owner,all_decision_fields_filled,0,false,false,false,false,false,false,false,false
DMOI-RF-LSS-BCRPBEDPBRL-RET-0111,DMOI-RF-LSS-BCRPBEDPBRR-REQ-0111,DMOI-RF-LSS-BCRPBEDPBLK-BLOCK-0111,approved_query_term_present,query_term_return_owner,all_criteria_decisions_recorded,0,false,false,false,false,false,false,false,false
DMOI-RF-LSS-BCRPBEDPBRL-RET-0112,DMOI-RF-LSS-BCRPBEDPBRR-REQ-0112,DMOI-RF-LSS-BCRPBEDPBLK-BLOCK-0112,approved_query_term_present,query_term_return_owner,all_criteria_passed,0,false,false,false,false,false,false,false,false
DMOI-RF-LSS-BCRPBEDPBRL-RET-0113,DMOI-RF-LSS-BCRPBEDPBRR-REQ-0113,DMOI-RF-LSS-BCRPBEDPBLK-BLOCK-0113,approved_query_term_present,query_term_return_owner,no_criteria_failed,0,false,false,false,false,false,false,false,false
DMOI-RF-LSS-BCRPBEDPBRL-RET-0114,DMOI-RF-LSS-BCRPBEDPBRR-REQ-0114,DMOI-RF-LSS-BCRPBEDPBLK-BLOCK-0114,approved_query_term_present,query_term_return_owner,evidence_values_reviewed,0,false,false,false,false,false,false,false,false
DMOI-RF-LSS-BCRPBEDPBRL-RET-0115,DMOI-RF-LSS-BCRPBEDPBRR-REQ-0115,DMOI-RF-LSS-BCRPBEDPBLK-BLOCK-0115,approved_query_term_present,query_term_return_owner,evidence_source_pointers_reviewed,0,false,false,false,false,false,false,false,false
DMOI-RF-LSS-BCRPBEDPBRL-RET-0116,DMOI-RF-LSS-BCRPBEDPBRR-REQ-0116,DMOI-RF-LSS-BCRPBEDPBLK-BLOCK-0116,approved_query_term_present,query_term_return_owner,source_text_prohibition_confirmed,0,false,false,false,false,false,false,false,false
DMOI-RF-LSS-BCRPBEDPBRL-RET-0117,DMOI-RF-LSS-BCRPBEDPBRR-REQ-0117,DMOI-RF-LSS-BCRPBEDPBLK-BLOCK-0117,approved_query_term_present,query_term_return_owner,allowed_true_precondition_update_bounded,0,false,false,false,false,false,false,false,false
DMOI-RF-LSS-BCRPBEDPBRL-RET-0118,DMOI-RF-LSS-BCRPBEDPBRR-REQ-0118,DMOI-RF-LSS-BCRPBEDPBLK-BLOCK-0118,approved_query_term_present,query_term_return_owner,authority_role_validated,0,false,false,false,false,false,false,false,false
DMOI-RF-LSS-BCRPBEDPBRL-RET-0119,DMOI-RF-LSS-BCRPBEDPBRR-REQ-0119,DMOI-RF-LSS-BCRPBEDPBLK-BLOCK-0119,approved_query_term_present,query_term_return_owner,downstream_query_gate_separate,0,false,false,false,false,false,false,false,false
DMOI-RF-LSS-BCRPBEDPBRL-RET-0120,DMOI-RF-LSS-BCRPBEDPBRR-REQ-0120,DMOI-RF-LSS-BCRPBEDPBLK-BLOCK-0120,approved_query_term_present,query_term_return_owner,downstream_surface_translation_gates_separate,0,false,false,false,false,false,false,false,false
DMOI-RF-LSS-BCRPBEDPBRL-RET-0121,DMOI-RF-LSS-BCRPBEDPBRR-REQ-0121,DMOI-RF-LSS-BCRPBEDPBLK-BLOCK-0121,approved_query_term_present,query_term_return_owner,decision_row_linkage_validated,0,false,false,false,false,false,false,false,false
DMOI-RF-LSS-BCRPBEDPBRL-RET-0122,DMOI-RF-LSS-BCRPBEDPBRR-REQ-0122,DMOI-RF-LSS-BCRPBEDPBLK-BLOCK-0122,approved_query_term_present,query_term_return_owner,all_decision_fields_filled,0,false,false,false,false,false,false,false,false
DMOI-RF-LSS-BCRPBEDPBRL-RET-0123,DMOI-RF-LSS-BCRPBEDPBRR-REQ-0123,DMOI-RF-LSS-BCRPBEDPBLK-BLOCK-0123,approved_query_term_present,query_term_return_owner,all_criteria_decisions_recorded,0,false,false,false,false,false,false,false,false
DMOI-RF-LSS-BCRPBEDPBRL-RET-0124,DMOI-RF-LSS-BCRPBEDPBRR-REQ-0124,DMOI-RF-LSS-BCRPBEDPBLK-BLOCK-0124,approved_query_term_present,query_term_return_owner,all_criteria_passed,0,false,false,false,false,false,false,false,false
DMOI-RF-LSS-BCRPBEDPBRL-RET-0125,DMOI-RF-LSS-BCRPBEDPBRR-REQ-0125,DMOI-RF-LSS-BCRPBEDPBLK-BLOCK-0125,approved_query_term_present,query_term_return_owner,no_criteria_failed,0,false,false,false,false,false,false,false,false
DMOI-RF-LSS-BCRPBEDPBRL-RET-0126,DMOI-RF-LSS-BCRPBEDPBRR-REQ-0126,DMOI-RF-LSS-BCRPBEDPBLK-BLOCK-0126,approved_query_term_present,query_term_return_owner,evidence_values_reviewed,0,false,false,false,false,false,false,false,false
DMOI-RF-LSS-BCRPBEDPBRL-RET-0127,DMOI-RF-LSS-BCRPBEDPBRR-REQ-0127,DMOI-RF-LSS-BCRPBEDPBLK-BLOCK-0127,approved_query_term_present,query_term_return_owner,evidence_source_pointers_reviewed,0,false,false,false,false,false,false,false,false
DMOI-RF-LSS-BCRPBEDPBRL-RET-0128,DMOI-RF-LSS-BCRPBEDPBRR-REQ-0128,DMOI-RF-LSS-BCRPBEDPBLK-BLOCK-0128,approved_query_term_present,query_term_return_owner,source_text_prohibition_confirmed,0,false,false,false,false,false,false,false,false
DMOI-RF-LSS-BCRPBEDPBRL-RET-0129,DMOI-RF-LSS-BCRPBEDPBRR-REQ-0129,DMOI-RF-LSS-BCRPBEDPBLK-BLOCK-0129,approved_query_term_present,query_term_return_owner,allowed_true_precondition_update_bounded,0,false,false,false,false,false,false,false,false
DMOI-RF-LSS-BCRPBEDPBRL-RET-0130,DMOI-RF-LSS-BCRPBEDPBRR-REQ-0130,DMOI-RF-LSS-BCRPBEDPBLK-BLOCK-0130,approved_query_term_present,query_term_return_owner,authority_role_validated,0,false,false,false,false,false,false,false,false
DMOI-RF-LSS-BCRPBEDPBRL-RET-0131,DMOI-RF-LSS-BCRPBEDPBRR-REQ-0131,DMOI-RF-LSS-BCRPBEDPBLK-BLOCK-0131,approved_query_term_present,query_term_return_owner,downstream_query_gate_separate,0,false,false,false,false,false,false,false,false
DMOI-RF-LSS-BCRPBEDPBRL-RET-0132,DMOI-RF-LSS-BCRPBEDPBRR-REQ-0132,DMOI-RF-LSS-BCRPBEDPBLK-BLOCK-0132,approved_query_term_present,query_term_return_owner,downstream_surface_translation_gates_separate,0,false,false,false,false,false,false,false,false
DMOI-RF-LSS-BCRPBEDPBRL-RET-0133,DMOI-RF-LSS-BCRPBEDPBRR-REQ-0133,DMOI-RF-LSS-BCRPBEDPBLK-BLOCK-0133,approved_query_term_present,query_term_return_owner,decision_row_linkage_validated,0,false,false,false,false,false,false,false,false
DMOI-RF-LSS-BCRPBEDPBRL-RET-0134,DMOI-RF-LSS-BCRPBEDPBRR-REQ-0134,DMOI-RF-LSS-BCRPBEDPBLK-BLOCK-0134,approved_query_term_present,query_term_return_owner,all_decision_fields_filled,0,false,false,false,false,false,false,false,false
DMOI-RF-LSS-BCRPBEDPBRL-RET-0135,DMOI-RF-LSS-BCRPBEDPBRR-REQ-0135,DMOI-RF-LSS-BCRPBEDPBLK-BLOCK-0135,approved_query_term_present,query_term_return_owner,all_criteria_decisions_recorded,0,false,false,false,false,false,false,false,false
DMOI-RF-LSS-BCRPBEDPBRL-RET-0136,DMOI-RF-LSS-BCRPBEDPBRR-REQ-0136,DMOI-RF-LSS-BCRPBEDPBLK-BLOCK-0136,approved_query_term_present,query_term_return_owner,all_criteria_passed,0,false,false,false,false,false,false,false,false
DMOI-RF-LSS-BCRPBEDPBRL-RET-0137,DMOI-RF-LSS-BCRPBEDPBRR-REQ-0137,DMOI-RF-LSS-BCRPBEDPBLK-BLOCK-0137,approved_query_term_present,query_term_return_owner,no_criteria_failed,0,false,false,false,false,false,false,false,false
DMOI-RF-LSS-BCRPBEDPBRL-RET-0138,DMOI-RF-LSS-BCRPBEDPBRR-REQ-0138,DMOI-RF-LSS-BCRPBEDPBLK-BLOCK-0138,approved_query_term_present,query_term_return_owner,evidence_values_reviewed,0,false,false,false,false,false,false,false,false
DMOI-RF-LSS-BCRPBEDPBRL-RET-0139,DMOI-RF-LSS-BCRPBEDPBRR-REQ-0139,DMOI-RF-LSS-BCRPBEDPBLK-BLOCK-0139,approved_query_term_present,query_term_return_owner,evidence_source_pointers_reviewed,0,false,false,false,false,false,false,false,false
DMOI-RF-LSS-BCRPBEDPBRL-RET-0140,DMOI-RF-LSS-BCRPBEDPBRR-REQ-0140,DMOI-RF-LSS-BCRPBEDPBLK-BLOCK-0140,approved_query_term_present,query_term_return_owner,source_text_prohibition_confirmed,0,false,false,false,false,false,false,false,false
DMOI-RF-LSS-BCRPBEDPBRL-RET-0141,DMOI-RF-LSS-BCRPBEDPBRR-REQ-0141,DMOI-RF-LSS-BCRPBEDPBLK-BLOCK-0141,approved_query_term_present,query_term_return_owner,allowed_true_precondition_update_bounded,0,false,false,false,false,false,false,false,false
DMOI-RF-LSS-BCRPBEDPBRL-RET-0142,DMOI-RF-LSS-BCRPBEDPBRR-REQ-0142,DMOI-RF-LSS-BCRPBEDPBLK-BLOCK-0142,approved_query_term_present,query_term_return_owner,authority_role_validated,0,false,false,false,false,false,false,false,false
DMOI-RF-LSS-BCRPBEDPBRL-RET-0143,DMOI-RF-LSS-BCRPBEDPBRR-REQ-0143,DMOI-RF-LSS-BCRPBEDPBLK-BLOCK-0143,approved_query_term_present,query_term_return_owner,downstream_query_gate_separate,0,false,false,false,false,false,false,false,false
DMOI-RF-LSS-BCRPBEDPBRL-RET-0144,DMOI-RF-LSS-BCRPBEDPBRR-REQ-0144,DMOI-RF-LSS-BCRPBEDPBLK-BLOCK-0144,approved_query_term_present,query_term_return_owner,downstream_surface_translation_gates_separate,0,false,false,false,false,false,false,false,false
DMOI-RF-LSS-BCRPBEDPBRL-RET-0145,DMOI-RF-LSS-BCRPBEDPBRR-REQ-0145,DMOI-RF-LSS-BCRPBEDPBLK-BLOCK-0145,capture_policy_finalized,capture_policy_return_owner,decision_row_linkage_validated,0,false,false,false,false,false,false,false,false
DMOI-RF-LSS-BCRPBEDPBRL-RET-0146,DMOI-RF-LSS-BCRPBEDPBRR-REQ-0146,DMOI-RF-LSS-BCRPBEDPBLK-BLOCK-0146,capture_policy_finalized,capture_policy_return_owner,all_decision_fields_filled,0,false,false,false,false,false,false,false,false
DMOI-RF-LSS-BCRPBEDPBRL-RET-0147,DMOI-RF-LSS-BCRPBEDPBRR-REQ-0147,DMOI-RF-LSS-BCRPBEDPBLK-BLOCK-0147,capture_policy_finalized,capture_policy_return_owner,all_criteria_decisions_recorded,0,false,false,false,false,false,false,false,false
DMOI-RF-LSS-BCRPBEDPBRL-RET-0148,DMOI-RF-LSS-BCRPBEDPBRR-REQ-0148,DMOI-RF-LSS-BCRPBEDPBLK-BLOCK-0148,capture_policy_finalized,capture_policy_return_owner,all_criteria_passed,0,false,false,false,false,false,false,false,false
DMOI-RF-LSS-BCRPBEDPBRL-RET-0149,DMOI-RF-LSS-BCRPBEDPBRR-REQ-0149,DMOI-RF-LSS-BCRPBEDPBLK-BLOCK-0149,capture_policy_finalized,capture_policy_return_owner,no_criteria_failed,0,false,false,false,false,false,false,false,false
DMOI-RF-LSS-BCRPBEDPBRL-RET-0150,DMOI-RF-LSS-BCRPBEDPBRR-REQ-0150,DMOI-RF-LSS-BCRPBEDPBLK-BLOCK-0150,capture_policy_finalized,capture_policy_return_owner,evidence_values_reviewed,0,false,false,false,false,false,false,false,false
DMOI-RF-LSS-BCRPBEDPBRL-RET-0151,DMOI-RF-LSS-BCRPBEDPBRR-REQ-0151,DMOI-RF-LSS-BCRPBEDPBLK-BLOCK-0151,capture_policy_finalized,capture_policy_return_owner,evidence_source_pointers_reviewed,0,false,false,false,false,false,false,false,false
DMOI-RF-LSS-BCRPBEDPBRL-RET-0152,DMOI-RF-LSS-BCRPBEDPBRR-REQ-0152,DMOI-RF-LSS-BCRPBEDPBLK-BLOCK-0152,capture_policy_finalized,capture_policy_return_owner,source_text_prohibition_confirmed,0,false,false,false,false,false,false,false,false
DMOI-RF-LSS-BCRPBEDPBRL-RET-0153,DMOI-RF-LSS-BCRPBEDPBRR-REQ-0153,DMOI-RF-LSS-BCRPBEDPBLK-BLOCK-0153,capture_policy_finalized,capture_policy_return_owner,allowed_true_precondition_update_bounded,0,false,false,false,false,false,false,false,false
DMOI-RF-LSS-BCRPBEDPBRL-RET-0154,DMOI-RF-LSS-BCRPBEDPBRR-REQ-0154,DMOI-RF-LSS-BCRPBEDPBLK-BLOCK-0154,capture_policy_finalized,capture_policy_return_owner,authority_role_validated,0,false,false,false,false,false,false,false,false
DMOI-RF-LSS-BCRPBEDPBRL-RET-0155,DMOI-RF-LSS-BCRPBEDPBRR-REQ-0155,DMOI-RF-LSS-BCRPBEDPBLK-BLOCK-0155,capture_policy_finalized,capture_policy_return_owner,downstream_query_gate_separate,0,false,false,false,false,false,false,false,false
DMOI-RF-LSS-BCRPBEDPBRL-RET-0156,DMOI-RF-LSS-BCRPBEDPBRR-REQ-0156,DMOI-RF-LSS-BCRPBEDPBLK-BLOCK-0156,capture_policy_finalized,capture_policy_return_owner,downstream_surface_translation_gates_separate,0,false,false,false,false,false,false,false,false
DMOI-RF-LSS-BCRPBEDPBRL-RET-0157,DMOI-RF-LSS-BCRPBEDPBRR-REQ-0157,DMOI-RF-LSS-BCRPBEDPBLK-BLOCK-0157,capture_policy_finalized,capture_policy_return_owner,decision_row_linkage_validated,0,false,false,false,false,false,false,false,false
DMOI-RF-LSS-BCRPBEDPBRL-RET-0158,DMOI-RF-LSS-BCRPBEDPBRR-REQ-0158,DMOI-RF-LSS-BCRPBEDPBLK-BLOCK-0158,capture_policy_finalized,capture_policy_return_owner,all_decision_fields_filled,0,false,false,false,false,false,false,false,false
DMOI-RF-LSS-BCRPBEDPBRL-RET-0159,DMOI-RF-LSS-BCRPBEDPBRR-REQ-0159,DMOI-RF-LSS-BCRPBEDPBLK-BLOCK-0159,capture_policy_finalized,capture_policy_return_owner,all_criteria_decisions_recorded,0,false,false,false,false,false,false,false,false
DMOI-RF-LSS-BCRPBEDPBRL-RET-0160,DMOI-RF-LSS-BCRPBEDPBRR-REQ-0160,DMOI-RF-LSS-BCRPBEDPBLK-BLOCK-0160,capture_policy_finalized,capture_policy_return_owner,all_criteria_passed,0,false,false,false,false,false,false,false,false
DMOI-RF-LSS-BCRPBEDPBRL-RET-0161,DMOI-RF-LSS-BCRPBEDPBRR-REQ-0161,DMOI-RF-LSS-BCRPBEDPBLK-BLOCK-0161,capture_policy_finalized,capture_policy_return_owner,no_criteria_failed,0,false,false,false,false,false,false,false,false
DMOI-RF-LSS-BCRPBEDPBRL-RET-0162,DMOI-RF-LSS-BCRPBEDPBRR-REQ-0162,DMOI-RF-LSS-BCRPBEDPBLK-BLOCK-0162,capture_policy_finalized,capture_policy_return_owner,evidence_values_reviewed,0,false,false,false,false,false,false,false,false
DMOI-RF-LSS-BCRPBEDPBRL-RET-0163,DMOI-RF-LSS-BCRPBEDPBRR-REQ-0163,DMOI-RF-LSS-BCRPBEDPBLK-BLOCK-0163,capture_policy_finalized,capture_policy_return_owner,evidence_source_pointers_reviewed,0,false,false,false,false,false,false,false,false
DMOI-RF-LSS-BCRPBEDPBRL-RET-0164,DMOI-RF-LSS-BCRPBEDPBRR-REQ-0164,DMOI-RF-LSS-BCRPBEDPBLK-BLOCK-0164,capture_policy_finalized,capture_policy_return_owner,source_text_prohibition_confirmed,0,false,false,false,false,false,false,false,false
DMOI-RF-LSS-BCRPBEDPBRL-RET-0165,DMOI-RF-LSS-BCRPBEDPBRR-REQ-0165,DMOI-RF-LSS-BCRPBEDPBLK-BLOCK-0165,capture_policy_finalized,capture_policy_return_owner,allowed_true_precondition_update_bounded,0,false,false,false,false,false,false,false,false
DMOI-RF-LSS-BCRPBEDPBRL-RET-0166,DMOI-RF-LSS-BCRPBEDPBRR-REQ-0166,DMOI-RF-LSS-BCRPBEDPBLK-BLOCK-0166,capture_policy_finalized,capture_policy_return_owner,authority_role_validated,0,false,false,false,false,false,false,false,false
DMOI-RF-LSS-BCRPBEDPBRL-RET-0167,DMOI-RF-LSS-BCRPBEDPBRR-REQ-0167,DMOI-RF-LSS-BCRPBEDPBLK-BLOCK-0167,capture_policy_finalized,capture_policy_return_owner,downstream_query_gate_separate,0,false,false,false,false,false,false,false,false
DMOI-RF-LSS-BCRPBEDPBRL-RET-0168,DMOI-RF-LSS-BCRPBEDPBRR-REQ-0168,DMOI-RF-LSS-BCRPBEDPBLK-BLOCK-0168,capture_policy_finalized,capture_policy_return_owner,downstream_surface_translation_gates_separate,0,false,false,false,false,false,false,false,false
DMOI-RF-LSS-BCRPBEDPBRL-RET-0169,DMOI-RF-LSS-BCRPBEDPBRR-REQ-0169,DMOI-RF-LSS-BCRPBEDPBLK-BLOCK-0169,capture_policy_finalized,capture_policy_return_owner,decision_row_linkage_validated,0,false,false,false,false,false,false,false,false
DMOI-RF-LSS-BCRPBEDPBRL-RET-0170,DMOI-RF-LSS-BCRPBEDPBRR-REQ-0170,DMOI-RF-LSS-BCRPBEDPBLK-BLOCK-0170,capture_policy_finalized,capture_policy_return_owner,all_decision_fields_filled,0,false,false,false,false,false,false,false,false
DMOI-RF-LSS-BCRPBEDPBRL-RET-0171,DMOI-RF-LSS-BCRPBEDPBRR-REQ-0171,DMOI-RF-LSS-BCRPBEDPBLK-BLOCK-0171,capture_policy_finalized,capture_policy_return_owner,all_criteria_decisions_recorded,0,false,false,false,false,false,false,false,false
DMOI-RF-LSS-BCRPBEDPBRL-RET-0172,DMOI-RF-LSS-BCRPBEDPBRR-REQ-0172,DMOI-RF-LSS-BCRPBEDPBLK-BLOCK-0172,capture_policy_finalized,capture_policy_return_owner,all_criteria_passed,0,false,false,false,false,false,false,false,false
DMOI-RF-LSS-BCRPBEDPBRL-RET-0173,DMOI-RF-LSS-BCRPBEDPBRR-REQ-0173,DMOI-RF-LSS-BCRPBEDPBLK-BLOCK-0173,capture_policy_finalized,capture_policy_return_owner,no_criteria_failed,0,false,false,false,false,false,false,false,false
DMOI-RF-LSS-BCRPBEDPBRL-RET-0174,DMOI-RF-LSS-BCRPBEDPBRR-REQ-0174,DMOI-RF-LSS-BCRPBEDPBLK-BLOCK-0174,capture_policy_finalized,capture_policy_return_owner,evidence_values_reviewed,0,false,false,false,false,false,false,false,false
DMOI-RF-LSS-BCRPBEDPBRL-RET-0175,DMOI-RF-LSS-BCRPBEDPBRR-REQ-0175,DMOI-RF-LSS-BCRPBEDPBLK-BLOCK-0175,capture_policy_finalized,capture_policy_return_owner,evidence_source_pointers_reviewed,0,false,false,false,false,false,false,false,false
DMOI-RF-LSS-BCRPBEDPBRL-RET-0176,DMOI-RF-LSS-BCRPBEDPBRR-REQ-0176,DMOI-RF-LSS-BCRPBEDPBLK-BLOCK-0176,capture_policy_finalized,capture_policy_return_owner,source_text_prohibition_confirmed,0,false,false,false,false,false,false,false,false
DMOI-RF-LSS-BCRPBEDPBRL-RET-0177,DMOI-RF-LSS-BCRPBEDPBRR-REQ-0177,DMOI-RF-LSS-BCRPBEDPBLK-BLOCK-0177,capture_policy_finalized,capture_policy_return_owner,allowed_true_precondition_update_bounded,0,false,false,false,false,false,false,false,false
DMOI-RF-LSS-BCRPBEDPBRL-RET-0178,DMOI-RF-LSS-BCRPBEDPBRR-REQ-0178,DMOI-RF-LSS-BCRPBEDPBLK-BLOCK-0178,capture_policy_finalized,capture_policy_return_owner,authority_role_validated,0,false,false,false,false,false,false,false,false
DMOI-RF-LSS-BCRPBEDPBRL-RET-0179,DMOI-RF-LSS-BCRPBEDPBRR-REQ-0179,DMOI-RF-LSS-BCRPBEDPBLK-BLOCK-0179,capture_policy_finalized,capture_policy_return_owner,downstream_query_gate_separate,0,false,false,false,false,false,false,false,false
DMOI-RF-LSS-BCRPBEDPBRL-RET-0180,DMOI-RF-LSS-BCRPBEDPBRR-REQ-0180,DMOI-RF-LSS-BCRPBEDPBLK-BLOCK-0180,capture_policy_finalized,capture_policy_return_owner,downstream_surface_translation_gates_separate,0,false,false,false,false,false,false,false,false
DMOI-RF-LSS-BCRPBEDPBRL-RET-0181,DMOI-RF-LSS-BCRPBEDPBRR-REQ-0181,DMOI-RF-LSS-BCRPBEDPBLK-BLOCK-0181,capture_policy_finalized,capture_policy_return_owner,decision_row_linkage_validated,0,false,false,false,false,false,false,false,false
DMOI-RF-LSS-BCRPBEDPBRL-RET-0182,DMOI-RF-LSS-BCRPBEDPBRR-REQ-0182,DMOI-RF-LSS-BCRPBEDPBLK-BLOCK-0182,capture_policy_finalized,capture_policy_return_owner,all_decision_fields_filled,0,false,false,false,false,false,false,false,false
DMOI-RF-LSS-BCRPBEDPBRL-RET-0183,DMOI-RF-LSS-BCRPBEDPBRR-REQ-0183,DMOI-RF-LSS-BCRPBEDPBLK-BLOCK-0183,capture_policy_finalized,capture_policy_return_owner,all_criteria_decisions_recorded,0,false,false,false,false,false,false,false,false
DMOI-RF-LSS-BCRPBEDPBRL-RET-0184,DMOI-RF-LSS-BCRPBEDPBRR-REQ-0184,DMOI-RF-LSS-BCRPBEDPBLK-BLOCK-0184,capture_policy_finalized,capture_policy_return_owner,all_criteria_passed,0,false,false,false,false,false,false,false,false
DMOI-RF-LSS-BCRPBEDPBRL-RET-0185,DMOI-RF-LSS-BCRPBEDPBRR-REQ-0185,DMOI-RF-LSS-BCRPBEDPBLK-BLOCK-0185,capture_policy_finalized,capture_policy_return_owner,no_criteria_failed,0,false,false,false,false,false,false,false,false
DMOI-RF-LSS-BCRPBEDPBRL-RET-0186,DMOI-RF-LSS-BCRPBEDPBRR-REQ-0186,DMOI-RF-LSS-BCRPBEDPBLK-BLOCK-0186,capture_policy_finalized,capture_policy_return_owner,evidence_values_reviewed,0,false,false,false,false,false,false,false,false
DMOI-RF-LSS-BCRPBEDPBRL-RET-0187,DMOI-RF-LSS-BCRPBEDPBRR-REQ-0187,DMOI-RF-LSS-BCRPBEDPBLK-BLOCK-0187,capture_policy_finalized,capture_policy_return_owner,evidence_source_pointers_reviewed,0,false,false,false,false,false,false,false,false
DMOI-RF-LSS-BCRPBEDPBRL-RET-0188,DMOI-RF-LSS-BCRPBEDPBRR-REQ-0188,DMOI-RF-LSS-BCRPBEDPBLK-BLOCK-0188,capture_policy_finalized,capture_policy_return_owner,source_text_prohibition_confirmed,0,false,false,false,false,false,false,false,false
DMOI-RF-LSS-BCRPBEDPBRL-RET-0189,DMOI-RF-LSS-BCRPBEDPBRR-REQ-0189,DMOI-RF-LSS-BCRPBEDPBLK-BLOCK-0189,capture_policy_finalized,capture_policy_return_owner,allowed_true_precondition_update_bounded,0,false,false,false,false,false,false,false,false
DMOI-RF-LSS-BCRPBEDPBRL-RET-0190,DMOI-RF-LSS-BCRPBEDPBRR-REQ-0190,DMOI-RF-LSS-BCRPBEDPBLK-BLOCK-0190,capture_policy_finalized,capture_policy_return_owner,authority_role_validated,0,false,false,false,false,false,false,false,false
DMOI-RF-LSS-BCRPBEDPBRL-RET-0191,DMOI-RF-LSS-BCRPBEDPBRR-REQ-0191,DMOI-RF-LSS-BCRPBEDPBLK-BLOCK-0191,capture_policy_finalized,capture_policy_return_owner,downstream_query_gate_separate,0,false,false,false,false,false,false,false,false
DMOI-RF-LSS-BCRPBEDPBRL-RET-0192,DMOI-RF-LSS-BCRPBEDPBRR-REQ-0192,DMOI-RF-LSS-BCRPBEDPBLK-BLOCK-0192,capture_policy_finalized,capture_policy_return_owner,downstream_surface_translation_gates_separate,0,false,false,false,false,false,false,false,false
DMOI-RF-LSS-BCRPBEDPBRL-RET-0193,DMOI-RF-LSS-BCRPBEDPBRR-REQ-0193,DMOI-RF-LSS-BCRPBEDPBLK-BLOCK-0193,capture_policy_finalized,capture_policy_return_owner,decision_row_linkage_validated,0,false,false,false,false,false,false,false,false
DMOI-RF-LSS-BCRPBEDPBRL-RET-0194,DMOI-RF-LSS-BCRPBEDPBRR-REQ-0194,DMOI-RF-LSS-BCRPBEDPBLK-BLOCK-0194,capture_policy_finalized,capture_policy_return_owner,all_decision_fields_filled,0,false,false,false,false,false,false,false,false
DMOI-RF-LSS-BCRPBEDPBRL-RET-0195,DMOI-RF-LSS-BCRPBEDPBRR-REQ-0195,DMOI-RF-LSS-BCRPBEDPBLK-BLOCK-0195,capture_policy_finalized,capture_policy_return_owner,all_criteria_decisions_recorded,0,false,false,false,false,false,false,false,false
DMOI-RF-LSS-BCRPBEDPBRL-RET-0196,DMOI-RF-LSS-BCRPBEDPBRR-REQ-0196,DMOI-RF-LSS-BCRPBEDPBLK-BLOCK-0196,capture_policy_finalized,capture_policy_return_owner,all_criteria_passed,0,false,false,false,false,false,false,false,false
DMOI-RF-LSS-BCRPBEDPBRL-RET-0197,DMOI-RF-LSS-BCRPBEDPBRR-REQ-0197,DMOI-RF-LSS-BCRPBEDPBLK-BLOCK-0197,capture_policy_finalized,capture_policy_return_owner,no_criteria_failed,0,false,false,false,false,false,false,false,false
DMOI-RF-LSS-BCRPBEDPBRL-RET-0198,DMOI-RF-LSS-BCRPBEDPBRR-REQ-0198,DMOI-RF-LSS-BCRPBEDPBLK-BLOCK-0198,capture_policy_finalized,capture_policy_return_owner,evidence_values_reviewed,0,false,false,false,false,false,false,false,false
DMOI-RF-LSS-BCRPBEDPBRL-RET-0199,DMOI-RF-LSS-BCRPBEDPBRR-REQ-0199,DMOI-RF-LSS-BCRPBEDPBLK-BLOCK-0199,capture_policy_finalized,capture_policy_return_owner,evidence_source_pointers_reviewed,0,false,false,false,false,false,false,false,false
DMOI-RF-LSS-BCRPBEDPBRL-RET-0200,DMOI-RF-LSS-BCRPBEDPBRR-REQ-0200,DMOI-RF-LSS-BCRPBEDPBLK-BLOCK-0200,capture_policy_finalized,capture_policy_return_owner,source_text_prohibition_confirmed,0,false,false,false,false,false,false,false,false
DMOI-RF-LSS-BCRPBEDPBRL-RET-0201,DMOI-RF-LSS-BCRPBEDPBRR-REQ-0201,DMOI-RF-LSS-BCRPBEDPBLK-BLOCK-0201,capture_policy_finalized,capture_policy_return_owner,allowed_true_precondition_update_bounded,0,false,false,false,false,false,false,false,false
DMOI-RF-LSS-BCRPBEDPBRL-RET-0202,DMOI-RF-LSS-BCRPBEDPBRR-REQ-0202,DMOI-RF-LSS-BCRPBEDPBLK-BLOCK-0202,capture_policy_finalized,capture_policy_return_owner,authority_role_validated,0,false,false,false,false,false,false,false,false
DMOI-RF-LSS-BCRPBEDPBRL-RET-0203,DMOI-RF-LSS-BCRPBEDPBRR-REQ-0203,DMOI-RF-LSS-BCRPBEDPBLK-BLOCK-0203,capture_policy_finalized,capture_policy_return_owner,downstream_query_gate_separate,0,false,false,false,false,false,false,false,false
DMOI-RF-LSS-BCRPBEDPBRL-RET-0204,DMOI-RF-LSS-BCRPBEDPBRR-REQ-0204,DMOI-RF-LSS-BCRPBEDPBLK-BLOCK-0204,capture_policy_finalized,capture_policy_return_owner,downstream_surface_translation_gates_separate,0,false,false,false,false,false,false,false,false
DMOI-RF-LSS-BCRPBEDPBRL-RET-0205,DMOI-RF-LSS-BCRPBEDPBRR-REQ-0205,DMOI-RF-LSS-BCRPBEDPBLK-BLOCK-0205,capture_policy_finalized,capture_policy_return_owner,decision_row_linkage_validated,0,false,false,false,false,false,false,false,false
DMOI-RF-LSS-BCRPBEDPBRL-RET-0206,DMOI-RF-LSS-BCRPBEDPBRR-REQ-0206,DMOI-RF-LSS-BCRPBEDPBLK-BLOCK-0206,capture_policy_finalized,capture_policy_return_owner,all_decision_fields_filled,0,false,false,false,false,false,false,false,false
DMOI-RF-LSS-BCRPBEDPBRL-RET-0207,DMOI-RF-LSS-BCRPBEDPBRR-REQ-0207,DMOI-RF-LSS-BCRPBEDPBLK-BLOCK-0207,capture_policy_finalized,capture_policy_return_owner,all_criteria_decisions_recorded,0,false,false,false,false,false,false,false,false
DMOI-RF-LSS-BCRPBEDPBRL-RET-0208,DMOI-RF-LSS-BCRPBEDPBRR-REQ-0208,DMOI-RF-LSS-BCRPBEDPBLK-BLOCK-0208,capture_policy_finalized,capture_policy_return_owner,all_criteria_passed,0,false,false,false,false,false,false,false,false
DMOI-RF-LSS-BCRPBEDPBRL-RET-0209,DMOI-RF-LSS-BCRPBEDPBRR-REQ-0209,DMOI-RF-LSS-BCRPBEDPBLK-BLOCK-0209,capture_policy_finalized,capture_policy_return_owner,no_criteria_failed,0,false,false,false,false,false,false,false,false
DMOI-RF-LSS-BCRPBEDPBRL-RET-0210,DMOI-RF-LSS-BCRPBEDPBRR-REQ-0210,DMOI-RF-LSS-BCRPBEDPBLK-BLOCK-0210,capture_policy_finalized,capture_policy_return_owner,evidence_values_reviewed,0,false,false,false,false,false,false,false,false
DMOI-RF-LSS-BCRPBEDPBRL-RET-0211,DMOI-RF-LSS-BCRPBEDPBRR-REQ-0211,DMOI-RF-LSS-BCRPBEDPBLK-BLOCK-0211,capture_policy_finalized,capture_policy_return_owner,evidence_source_pointers_reviewed,0,false,false,false,false,false,false,false,false
DMOI-RF-LSS-BCRPBEDPBRL-RET-0212,DMOI-RF-LSS-BCRPBEDPBRR-REQ-0212,DMOI-RF-LSS-BCRPBEDPBLK-BLOCK-0212,capture_policy_finalized,capture_policy_return_owner,source_text_prohibition_confirmed,0,false,false,false,false,false,false,false,false
DMOI-RF-LSS-BCRPBEDPBRL-RET-0213,DMOI-RF-LSS-BCRPBEDPBRR-REQ-0213,DMOI-RF-LSS-BCRPBEDPBLK-BLOCK-0213,capture_policy_finalized,capture_policy_return_owner,allowed_true_precondition_update_bounded,0,false,false,false,false,false,false,false,false
DMOI-RF-LSS-BCRPBEDPBRL-RET-0214,DMOI-RF-LSS-BCRPBEDPBRR-REQ-0214,DMOI-RF-LSS-BCRPBEDPBLK-BLOCK-0214,capture_policy_finalized,capture_policy_return_owner,authority_role_validated,0,false,false,false,false,false,false,false,false
DMOI-RF-LSS-BCRPBEDPBRL-RET-0215,DMOI-RF-LSS-BCRPBEDPBRR-REQ-0215,DMOI-RF-LSS-BCRPBEDPBLK-BLOCK-0215,capture_policy_finalized,capture_policy_return_owner,downstream_query_gate_separate,0,false,false,false,false,false,false,false,false
DMOI-RF-LSS-BCRPBEDPBRL-RET-0216,DMOI-RF-LSS-BCRPBEDPBRR-REQ-0216,DMOI-RF-LSS-BCRPBEDPBLK-BLOCK-0216,capture_policy_finalized,capture_policy_return_owner,downstream_surface_translation_gates_separate,0,false,false,false,false,false,false,false,false
DMOI-RF-LSS-BCRPBEDPBRL-RET-0217,DMOI-RF-LSS-BCRPBEDPBRR-REQ-0217,DMOI-RF-LSS-BCRPBEDPBLK-BLOCK-0217,capture_policy_finalized,capture_policy_return_owner,decision_row_linkage_validated,0,false,false,false,false,false,false,false,false
DMOI-RF-LSS-BCRPBEDPBRL-RET-0218,DMOI-RF-LSS-BCRPBEDPBRR-REQ-0218,DMOI-RF-LSS-BCRPBEDPBLK-BLOCK-0218,capture_policy_finalized,capture_policy_return_owner,all_decision_fields_filled,0,false,false,false,false,false,false,false,false
DMOI-RF-LSS-BCRPBEDPBRL-RET-0219,DMOI-RF-LSS-BCRPBEDPBRR-REQ-0219,DMOI-RF-LSS-BCRPBEDPBLK-BLOCK-0219,capture_policy_finalized,capture_policy_return_owner,all_criteria_decisions_recorded,0,false,false,false,false,false,false,false,false
DMOI-RF-LSS-BCRPBEDPBRL-RET-0220,DMOI-RF-LSS-BCRPBEDPBRR-REQ-0220,DMOI-RF-LSS-BCRPBEDPBLK-BLOCK-0220,capture_policy_finalized,capture_policy_return_owner,all_criteria_passed,0,false,false,false,false,false,false,false,false
DMOI-RF-LSS-BCRPBEDPBRL-RET-0221,DMOI-RF-LSS-BCRPBEDPBRR-REQ-0221,DMOI-RF-LSS-BCRPBEDPBLK-BLOCK-0221,capture_policy_finalized,capture_policy_return_owner,no_criteria_failed,0,false,false,false,false,false,false,false,false
DMOI-RF-LSS-BCRPBEDPBRL-RET-0222,DMOI-RF-LSS-BCRPBEDPBRR-REQ-0222,DMOI-RF-LSS-BCRPBEDPBLK-BLOCK-0222,capture_policy_finalized,capture_policy_return_owner,evidence_values_reviewed,0,false,false,false,false,false,false,false,false
DMOI-RF-LSS-BCRPBEDPBRL-RET-0223,DMOI-RF-LSS-BCRPBEDPBRR-REQ-0223,DMOI-RF-LSS-BCRPBEDPBLK-BLOCK-0223,capture_policy_finalized,capture_policy_return_owner,evidence_source_pointers_reviewed,0,false,false,false,false,false,false,false,false
DMOI-RF-LSS-BCRPBEDPBRL-RET-0224,DMOI-RF-LSS-BCRPBEDPBRR-REQ-0224,DMOI-RF-LSS-BCRPBEDPBLK-BLOCK-0224,capture_policy_finalized,capture_policy_return_owner,source_text_prohibition_confirmed,0,false,false,false,false,false,false,false,false
DMOI-RF-LSS-BCRPBEDPBRL-RET-0225,DMOI-RF-LSS-BCRPBEDPBRR-REQ-0225,DMOI-RF-LSS-BCRPBEDPBLK-BLOCK-0225,capture_policy_finalized,capture_policy_return_owner,allowed_true_precondition_update_bounded,0,false,false,false,false,false,false,false,false
DMOI-RF-LSS-BCRPBEDPBRL-RET-0226,DMOI-RF-LSS-BCRPBEDPBRR-REQ-0226,DMOI-RF-LSS-BCRPBEDPBLK-BLOCK-0226,capture_policy_finalized,capture_policy_return_owner,authority_role_validated,0,false,false,false,false,false,false,false,false
DMOI-RF-LSS-BCRPBEDPBRL-RET-0227,DMOI-RF-LSS-BCRPBEDPBRR-REQ-0227,DMOI-RF-LSS-BCRPBEDPBLK-BLOCK-0227,capture_policy_finalized,capture_policy_return_owner,downstream_query_gate_separate,0,false,false,false,false,false,false,false,false
DMOI-RF-LSS-BCRPBEDPBRL-RET-0228,DMOI-RF-LSS-BCRPBEDPBRR-REQ-0228,DMOI-RF-LSS-BCRPBEDPBLK-BLOCK-0228,capture_policy_finalized,capture_policy_return_owner,downstream_surface_translation_gates_separate,0,false,false,false,false,false,false,false,false
DMOI-RF-LSS-BCRPBEDPBRL-RET-0229,DMOI-RF-LSS-BCRPBEDPBRR-REQ-0229,DMOI-RF-LSS-BCRPBEDPBLK-BLOCK-0229,capture_policy_finalized,capture_policy_return_owner,decision_row_linkage_validated,0,false,false,false,false,false,false,false,false
DMOI-RF-LSS-BCRPBEDPBRL-RET-0230,DMOI-RF-LSS-BCRPBEDPBRR-REQ-0230,DMOI-RF-LSS-BCRPBEDPBLK-BLOCK-0230,capture_policy_finalized,capture_policy_return_owner,all_decision_fields_filled,0,false,false,false,false,false,false,false,false
DMOI-RF-LSS-BCRPBEDPBRL-RET-0231,DMOI-RF-LSS-BCRPBEDPBRR-REQ-0231,DMOI-RF-LSS-BCRPBEDPBLK-BLOCK-0231,capture_policy_finalized,capture_policy_return_owner,all_criteria_decisions_recorded,0,false,false,false,false,false,false,false,false
DMOI-RF-LSS-BCRPBEDPBRL-RET-0232,DMOI-RF-LSS-BCRPBEDPBRR-REQ-0232,DMOI-RF-LSS-BCRPBEDPBLK-BLOCK-0232,capture_policy_finalized,capture_policy_return_owner,all_criteria_passed,0,false,false,false,false,false,false,false,false
DMOI-RF-LSS-BCRPBEDPBRL-RET-0233,DMOI-RF-LSS-BCRPBEDPBRR-REQ-0233,DMOI-RF-LSS-BCRPBEDPBLK-BLOCK-0233,capture_policy_finalized,capture_policy_return_owner,no_criteria_failed,0,false,false,false,false,false,false,false,false
DMOI-RF-LSS-BCRPBEDPBRL-RET-0234,DMOI-RF-LSS-BCRPBEDPBRR-REQ-0234,DMOI-RF-LSS-BCRPBEDPBLK-BLOCK-0234,capture_policy_finalized,capture_policy_return_owner,evidence_values_reviewed,0,false,false,false,false,false,false,false,false
DMOI-RF-LSS-BCRPBEDPBRL-RET-0235,DMOI-RF-LSS-BCRPBEDPBRR-REQ-0235,DMOI-RF-LSS-BCRPBEDPBLK-BLOCK-0235,capture_policy_finalized,capture_policy_return_owner,evidence_source_pointers_reviewed,0,false,false,false,false,false,false,false,false
DMOI-RF-LSS-BCRPBEDPBRL-RET-0236,DMOI-RF-LSS-BCRPBEDPBRR-REQ-0236,DMOI-RF-LSS-BCRPBEDPBLK-BLOCK-0236,capture_policy_finalized,capture_policy_return_owner,source_text_prohibition_confirmed,0,false,false,false,false,false,false,false,false
DMOI-RF-LSS-BCRPBEDPBRL-RET-0237,DMOI-RF-LSS-BCRPBEDPBRR-REQ-0237,DMOI-RF-LSS-BCRPBEDPBLK-BLOCK-0237,capture_policy_finalized,capture_policy_return_owner,allowed_true_precondition_update_bounded,0,false,false,false,false,false,false,false,false
DMOI-RF-LSS-BCRPBEDPBRL-RET-0238,DMOI-RF-LSS-BCRPBEDPBRR-REQ-0238,DMOI-RF-LSS-BCRPBEDPBLK-BLOCK-0238,capture_policy_finalized,capture_policy_return_owner,authority_role_validated,0,false,false,false,false,false,false,false,false
DMOI-RF-LSS-BCRPBEDPBRL-RET-0239,DMOI-RF-LSS-BCRPBEDPBRR-REQ-0239,DMOI-RF-LSS-BCRPBEDPBLK-BLOCK-0239,capture_policy_finalized,capture_policy_return_owner,downstream_query_gate_separate,0,false,false,false,false,false,false,false,false
DMOI-RF-LSS-BCRPBEDPBRL-RET-0240,DMOI-RF-LSS-BCRPBEDPBRR-REQ-0240,DMOI-RF-LSS-BCRPBEDPBLK-BLOCK-0240,capture_policy_finalized,capture_policy_return_owner,downstream_surface_translation_gates_separate,0,false,false,false,false,false,false,false,false
DMOI-RF-LSS-BCRPBEDPBRL-RET-0241,DMOI-RF-LSS-BCRPBEDPBRR-REQ-0241,DMOI-RF-LSS-BCRPBEDPBLK-BLOCK-0241,capture_policy_finalized,capture_policy_return_owner,decision_row_linkage_validated,0,false,false,false,false,false,false,false,false
DMOI-RF-LSS-BCRPBEDPBRL-RET-0242,DMOI-RF-LSS-BCRPBEDPBRR-REQ-0242,DMOI-RF-LSS-BCRPBEDPBLK-BLOCK-0242,capture_policy_finalized,capture_policy_return_owner,all_decision_fields_filled,0,false,false,false,false,false,false,false,false
DMOI-RF-LSS-BCRPBEDPBRL-RET-0243,DMOI-RF-LSS-BCRPBEDPBRR-REQ-0243,DMOI-RF-LSS-BCRPBEDPBLK-BLOCK-0243,capture_policy_finalized,capture_policy_return_owner,all_criteria_decisions_recorded,0,false,false,false,false,false,false,false,false
DMOI-RF-LSS-BCRPBEDPBRL-RET-0244,DMOI-RF-LSS-BCRPBEDPBRR-REQ-0244,DMOI-RF-LSS-BCRPBEDPBLK-BLOCK-0244,capture_policy_finalized,capture_policy_return_owner,all_criteria_passed,0,false,false,false,false,false,false,false,false
DMOI-RF-LSS-BCRPBEDPBRL-RET-0245,DMOI-RF-LSS-BCRPBEDPBRR-REQ-0245,DMOI-RF-LSS-BCRPBEDPBLK-BLOCK-0245,capture_policy_finalized,capture_policy_return_owner,no_criteria_failed,0,false,false,false,false,false,false,false,false
DMOI-RF-LSS-BCRPBEDPBRL-RET-0246,DMOI-RF-LSS-BCRPBEDPBRR-REQ-0246,DMOI-RF-LSS-BCRPBEDPBLK-BLOCK-0246,capture_policy_finalized,capture_policy_return_owner,evidence_values_reviewed,0,false,false,false,false,false,false,false,false
DMOI-RF-LSS-BCRPBEDPBRL-RET-0247,DMOI-RF-LSS-BCRPBEDPBRR-REQ-0247,DMOI-RF-LSS-BCRPBEDPBLK-BLOCK-0247,capture_policy_finalized,capture_policy_return_owner,evidence_source_pointers_reviewed,0,false,false,false,false,false,false,false,false
DMOI-RF-LSS-BCRPBEDPBRL-RET-0248,DMOI-RF-LSS-BCRPBEDPBRR-REQ-0248,DMOI-RF-LSS-BCRPBEDPBLK-BLOCK-0248,capture_policy_finalized,capture_policy_return_owner,source_text_prohibition_confirmed,0,false,false,false,false,false,false,false,false
DMOI-RF-LSS-BCRPBEDPBRL-RET-0249,DMOI-RF-LSS-BCRPBEDPBRR-REQ-0249,DMOI-RF-LSS-BCRPBEDPBLK-BLOCK-0249,capture_policy_finalized,capture_policy_return_owner,allowed_true_precondition_update_bounded,0,false,false,false,false,false,false,false,false
DMOI-RF-LSS-BCRPBEDPBRL-RET-0250,DMOI-RF-LSS-BCRPBEDPBRR-REQ-0250,DMOI-RF-LSS-BCRPBEDPBLK-BLOCK-0250,capture_policy_finalized,capture_policy_return_owner,authority_role_validated,0,false,false,false,false,false,false,false,false
DMOI-RF-LSS-BCRPBEDPBRL-RET-0251,DMOI-RF-LSS-BCRPBEDPBRR-REQ-0251,DMOI-RF-LSS-BCRPBEDPBLK-BLOCK-0251,capture_policy_finalized,capture_policy_return_owner,downstream_query_gate_separate,0,false,false,false,false,false,false,false,false
DMOI-RF-LSS-BCRPBEDPBRL-RET-0252,DMOI-RF-LSS-BCRPBEDPBRR-REQ-0252,DMOI-RF-LSS-BCRPBEDPBLK-BLOCK-0252,capture_policy_finalized,capture_policy_return_owner,downstream_surface_translation_gates_separate,0,false,false,false,false,false,false,false,false
DMOI-RF-LSS-BCRPBEDPBRL-RET-0253,DMOI-RF-LSS-BCRPBEDPBRR-REQ-0253,DMOI-RF-LSS-BCRPBEDPBLK-BLOCK-0253,capture_policy_finalized,capture_policy_return_owner,decision_row_linkage_validated,0,false,false,false,false,false,false,false,false
DMOI-RF-LSS-BCRPBEDPBRL-RET-0254,DMOI-RF-LSS-BCRPBEDPBRR-REQ-0254,DMOI-RF-LSS-BCRPBEDPBLK-BLOCK-0254,capture_policy_finalized,capture_policy_return_owner,all_decision_fields_filled,0,false,false,false,false,false,false,false,false
DMOI-RF-LSS-BCRPBEDPBRL-RET-0255,DMOI-RF-LSS-BCRPBEDPBRR-REQ-0255,DMOI-RF-LSS-BCRPBEDPBLK-BLOCK-0255,capture_policy_finalized,capture_policy_return_owner,all_criteria_decisions_recorded,0,false,false,false,false,false,false,false,false
DMOI-RF-LSS-BCRPBEDPBRL-RET-0256,DMOI-RF-LSS-BCRPBEDPBRR-REQ-0256,DMOI-RF-LSS-BCRPBEDPBLK-BLOCK-0256,capture_policy_finalized,capture_policy_return_owner,all_criteria_passed,0,false,false,false,false,false,false,false,false
DMOI-RF-LSS-BCRPBEDPBRL-RET-0257,DMOI-RF-LSS-BCRPBEDPBRR-REQ-0257,DMOI-RF-LSS-BCRPBEDPBLK-BLOCK-0257,capture_policy_finalized,capture_policy_return_owner,no_criteria_failed,0,false,false,false,false,false,false,false,false
DMOI-RF-LSS-BCRPBEDPBRL-RET-0258,DMOI-RF-LSS-BCRPBEDPBRR-REQ-0258,DMOI-RF-LSS-BCRPBEDPBLK-BLOCK-0258,capture_policy_finalized,capture_policy_return_owner,evidence_values_reviewed,0,false,false,false,false,false,false,false,false
DMOI-RF-LSS-BCRPBEDPBRL-RET-0259,DMOI-RF-LSS-BCRPBEDPBRR-REQ-0259,DMOI-RF-LSS-BCRPBEDPBLK-BLOCK-0259,capture_policy_finalized,capture_policy_return_owner,evidence_source_pointers_reviewed,0,false,false,false,false,false,false,false,false
DMOI-RF-LSS-BCRPBEDPBRL-RET-0260,DMOI-RF-LSS-BCRPBEDPBRR-REQ-0260,DMOI-RF-LSS-BCRPBEDPBLK-BLOCK-0260,capture_policy_finalized,capture_policy_return_owner,source_text_prohibition_confirmed,0,false,false,false,false,false,false,false,false
DMOI-RF-LSS-BCRPBEDPBRL-RET-0261,DMOI-RF-LSS-BCRPBEDPBRR-REQ-0261,DMOI-RF-LSS-BCRPBEDPBLK-BLOCK-0261,capture_policy_finalized,capture_policy_return_owner,allowed_true_precondition_update_bounded,0,false,false,false,false,false,false,false,false
DMOI-RF-LSS-BCRPBEDPBRL-RET-0262,DMOI-RF-LSS-BCRPBEDPBRR-REQ-0262,DMOI-RF-LSS-BCRPBEDPBLK-BLOCK-0262,capture_policy_finalized,capture_policy_return_owner,authority_role_validated,0,false,false,false,false,false,false,false,false
DMOI-RF-LSS-BCRPBEDPBRL-RET-0263,DMOI-RF-LSS-BCRPBEDPBRR-REQ-0263,DMOI-RF-LSS-BCRPBEDPBLK-BLOCK-0263,capture_policy_finalized,capture_policy_return_owner,downstream_query_gate_separate,0,false,false,false,false,false,false,false,false
DMOI-RF-LSS-BCRPBEDPBRL-RET-0264,DMOI-RF-LSS-BCRPBEDPBRR-REQ-0264,DMOI-RF-LSS-BCRPBEDPBLK-BLOCK-0264,capture_policy_finalized,capture_policy_return_owner,downstream_surface_translation_gates_separate,0,false,false,false,false,false,false,false,false
DMOI-RF-LSS-BCRPBEDPBRL-RET-0265,DMOI-RF-LSS-BCRPBEDPBRR-REQ-0265,DMOI-RF-LSS-BCRPBEDPBLK-BLOCK-0265,capture_policy_finalized,capture_policy_return_owner,decision_row_linkage_validated,0,false,false,false,false,false,false,false,false
DMOI-RF-LSS-BCRPBEDPBRL-RET-0266,DMOI-RF-LSS-BCRPBEDPBRR-REQ-0266,DMOI-RF-LSS-BCRPBEDPBLK-BLOCK-0266,capture_policy_finalized,capture_policy_return_owner,all_decision_fields_filled,0,false,false,false,false,false,false,false,false
DMOI-RF-LSS-BCRPBEDPBRL-RET-0267,DMOI-RF-LSS-BCRPBEDPBRR-REQ-0267,DMOI-RF-LSS-BCRPBEDPBLK-BLOCK-0267,capture_policy_finalized,capture_policy_return_owner,all_criteria_decisions_recorded,0,false,false,false,false,false,false,false,false
DMOI-RF-LSS-BCRPBEDPBRL-RET-0268,DMOI-RF-LSS-BCRPBEDPBRR-REQ-0268,DMOI-RF-LSS-BCRPBEDPBLK-BLOCK-0268,capture_policy_finalized,capture_policy_return_owner,all_criteria_passed,0,false,false,false,false,false,false,false,false
DMOI-RF-LSS-BCRPBEDPBRL-RET-0269,DMOI-RF-LSS-BCRPBEDPBRR-REQ-0269,DMOI-RF-LSS-BCRPBEDPBLK-BLOCK-0269,capture_policy_finalized,capture_policy_return_owner,no_criteria_failed,0,false,false,false,false,false,false,false,false
DMOI-RF-LSS-BCRPBEDPBRL-RET-0270,DMOI-RF-LSS-BCRPBEDPBRR-REQ-0270,DMOI-RF-LSS-BCRPBEDPBLK-BLOCK-0270,capture_policy_finalized,capture_policy_return_owner,evidence_values_reviewed,0,false,false,false,false,false,false,false,false
DMOI-RF-LSS-BCRPBEDPBRL-RET-0271,DMOI-RF-LSS-BCRPBEDPBRR-REQ-0271,DMOI-RF-LSS-BCRPBEDPBLK-BLOCK-0271,capture_policy_finalized,capture_policy_return_owner,evidence_source_pointers_reviewed,0,false,false,false,false,false,false,false,false
DMOI-RF-LSS-BCRPBEDPBRL-RET-0272,DMOI-RF-LSS-BCRPBEDPBRR-REQ-0272,DMOI-RF-LSS-BCRPBEDPBLK-BLOCK-0272,capture_policy_finalized,capture_policy_return_owner,source_text_prohibition_confirmed,0,false,false,false,false,false,false,false,false
DMOI-RF-LSS-BCRPBEDPBRL-RET-0273,DMOI-RF-LSS-BCRPBEDPBRR-REQ-0273,DMOI-RF-LSS-BCRPBEDPBLK-BLOCK-0273,capture_policy_finalized,capture_policy_return_owner,allowed_true_precondition_update_bounded,0,false,false,false,false,false,false,false,false
DMOI-RF-LSS-BCRPBEDPBRL-RET-0274,DMOI-RF-LSS-BCRPBEDPBRR-REQ-0274,DMOI-RF-LSS-BCRPBEDPBLK-BLOCK-0274,capture_policy_finalized,capture_policy_return_owner,authority_role_validated,0,false,false,false,false,false,false,false,false
DMOI-RF-LSS-BCRPBEDPBRL-RET-0275,DMOI-RF-LSS-BCRPBEDPBRR-REQ-0275,DMOI-RF-LSS-BCRPBEDPBLK-BLOCK-0275,capture_policy_finalized,capture_policy_return_owner,downstream_query_gate_separate,0,false,false,false,false,false,false,false,false
DMOI-RF-LSS-BCRPBEDPBRL-RET-0276,DMOI-RF-LSS-BCRPBEDPBRR-REQ-0276,DMOI-RF-LSS-BCRPBEDPBLK-BLOCK-0276,capture_policy_finalized,capture_policy_return_owner,downstream_surface_translation_gates_separate,0,false,false,false,false,false,false,false,false
DMOI-RF-LSS-BCRPBEDPBRL-RET-0277,DMOI-RF-LSS-BCRPBEDPBRR-REQ-0277,DMOI-RF-LSS-BCRPBEDPBLK-BLOCK-0277,capture_policy_finalized,capture_policy_return_owner,decision_row_linkage_validated,0,false,false,false,false,false,false,false,false
DMOI-RF-LSS-BCRPBEDPBRL-RET-0278,DMOI-RF-LSS-BCRPBEDPBRR-REQ-0278,DMOI-RF-LSS-BCRPBEDPBLK-BLOCK-0278,capture_policy_finalized,capture_policy_return_owner,all_decision_fields_filled,0,false,false,false,false,false,false,false,false
DMOI-RF-LSS-BCRPBEDPBRL-RET-0279,DMOI-RF-LSS-BCRPBEDPBRR-REQ-0279,DMOI-RF-LSS-BCRPBEDPBLK-BLOCK-0279,capture_policy_finalized,capture_policy_return_owner,all_criteria_decisions_recorded,0,false,false,false,false,false,false,false,false
DMOI-RF-LSS-BCRPBEDPBRL-RET-0280,DMOI-RF-LSS-BCRPBEDPBRR-REQ-0280,DMOI-RF-LSS-BCRPBEDPBLK-BLOCK-0280,capture_policy_finalized,capture_policy_return_owner,all_criteria_passed,0,false,false,false,false,false,false,false,false
DMOI-RF-LSS-BCRPBEDPBRL-RET-0281,DMOI-RF-LSS-BCRPBEDPBRR-REQ-0281,DMOI-RF-LSS-BCRPBEDPBLK-BLOCK-0281,capture_policy_finalized,capture_policy_return_owner,no_criteria_failed,0,false,false,false,false,false,false,false,false
DMOI-RF-LSS-BCRPBEDPBRL-RET-0282,DMOI-RF-LSS-BCRPBEDPBRR-REQ-0282,DMOI-RF-LSS-BCRPBEDPBLK-BLOCK-0282,capture_policy_finalized,capture_policy_return_owner,evidence_values_reviewed,0,false,false,false,false,false,false,false,false
DMOI-RF-LSS-BCRPBEDPBRL-RET-0283,DMOI-RF-LSS-BCRPBEDPBRR-REQ-0283,DMOI-RF-LSS-BCRPBEDPBLK-BLOCK-0283,capture_policy_finalized,capture_policy_return_owner,evidence_source_pointers_reviewed,0,false,false,false,false,false,false,false,false
DMOI-RF-LSS-BCRPBEDPBRL-RET-0284,DMOI-RF-LSS-BCRPBEDPBRR-REQ-0284,DMOI-RF-LSS-BCRPBEDPBLK-BLOCK-0284,capture_policy_finalized,capture_policy_return_owner,source_text_prohibition_confirmed,0,false,false,false,false,false,false,false,false
DMOI-RF-LSS-BCRPBEDPBRL-RET-0285,DMOI-RF-LSS-BCRPBEDPBRR-REQ-0285,DMOI-RF-LSS-BCRPBEDPBLK-BLOCK-0285,capture_policy_finalized,capture_policy_return_owner,allowed_true_precondition_update_bounded,0,false,false,false,false,false,false,false,false
DMOI-RF-LSS-BCRPBEDPBRL-RET-0286,DMOI-RF-LSS-BCRPBEDPBRR-REQ-0286,DMOI-RF-LSS-BCRPBEDPBLK-BLOCK-0286,capture_policy_finalized,capture_policy_return_owner,authority_role_validated,0,false,false,false,false,false,false,false,false
DMOI-RF-LSS-BCRPBEDPBRL-RET-0287,DMOI-RF-LSS-BCRPBEDPBRR-REQ-0287,DMOI-RF-LSS-BCRPBEDPBLK-BLOCK-0287,capture_policy_finalized,capture_policy_return_owner,downstream_query_gate_separate,0,false,false,false,false,false,false,false,false
DMOI-RF-LSS-BCRPBEDPBRL-RET-0288,DMOI-RF-LSS-BCRPBEDPBRR-REQ-0288,DMOI-RF-LSS-BCRPBEDPBLK-BLOCK-0288,capture_policy_finalized,capture_policy_return_owner,downstream_surface_translation_gates_separate,0,false,false,false,false,false,false,false,false
DMOI-RF-LSS-BCRPBEDPBRL-RET-0289,DMOI-RF-LSS-BCRPBEDPBRR-REQ-0289,DMOI-RF-LSS-BCRPBEDPBLK-BLOCK-0289,capture_policy_return_received,capture_policy_return_owner,decision_row_linkage_validated,0,false,false,false,false,false,false,false,false
DMOI-RF-LSS-BCRPBEDPBRL-RET-0290,DMOI-RF-LSS-BCRPBEDPBRR-REQ-0290,DMOI-RF-LSS-BCRPBEDPBLK-BLOCK-0290,capture_policy_return_received,capture_policy_return_owner,all_decision_fields_filled,0,false,false,false,false,false,false,false,false
DMOI-RF-LSS-BCRPBEDPBRL-RET-0291,DMOI-RF-LSS-BCRPBEDPBRR-REQ-0291,DMOI-RF-LSS-BCRPBEDPBLK-BLOCK-0291,capture_policy_return_received,capture_policy_return_owner,all_criteria_decisions_recorded,0,false,false,false,false,false,false,false,false
DMOI-RF-LSS-BCRPBEDPBRL-RET-0292,DMOI-RF-LSS-BCRPBEDPBRR-REQ-0292,DMOI-RF-LSS-BCRPBEDPBLK-BLOCK-0292,capture_policy_return_received,capture_policy_return_owner,all_criteria_passed,0,false,false,false,false,false,false,false,false
DMOI-RF-LSS-BCRPBEDPBRL-RET-0293,DMOI-RF-LSS-BCRPBEDPBRR-REQ-0293,DMOI-RF-LSS-BCRPBEDPBLK-BLOCK-0293,capture_policy_return_received,capture_policy_return_owner,no_criteria_failed,0,false,false,false,false,false,false,false,false
DMOI-RF-LSS-BCRPBEDPBRL-RET-0294,DMOI-RF-LSS-BCRPBEDPBRR-REQ-0294,DMOI-RF-LSS-BCRPBEDPBLK-BLOCK-0294,capture_policy_return_received,capture_policy_return_owner,evidence_values_reviewed,0,false,false,false,false,false,false,false,false
DMOI-RF-LSS-BCRPBEDPBRL-RET-0295,DMOI-RF-LSS-BCRPBEDPBRR-REQ-0295,DMOI-RF-LSS-BCRPBEDPBLK-BLOCK-0295,capture_policy_return_received,capture_policy_return_owner,evidence_source_pointers_reviewed,0,false,false,false,false,false,false,false,false
DMOI-RF-LSS-BCRPBEDPBRL-RET-0296,DMOI-RF-LSS-BCRPBEDPBRR-REQ-0296,DMOI-RF-LSS-BCRPBEDPBLK-BLOCK-0296,capture_policy_return_received,capture_policy_return_owner,source_text_prohibition_confirmed,0,false,false,false,false,false,false,false,false
DMOI-RF-LSS-BCRPBEDPBRL-RET-0297,DMOI-RF-LSS-BCRPBEDPBRR-REQ-0297,DMOI-RF-LSS-BCRPBEDPBLK-BLOCK-0297,capture_policy_return_received,capture_policy_return_owner,allowed_true_precondition_update_bounded,0,false,false,false,false,false,false,false,false
DMOI-RF-LSS-BCRPBEDPBRL-RET-0298,DMOI-RF-LSS-BCRPBEDPBRR-REQ-0298,DMOI-RF-LSS-BCRPBEDPBLK-BLOCK-0298,capture_policy_return_received,capture_policy_return_owner,authority_role_validated,0,false,false,false,false,false,false,false,false
DMOI-RF-LSS-BCRPBEDPBRL-RET-0299,DMOI-RF-LSS-BCRPBEDPBRR-REQ-0299,DMOI-RF-LSS-BCRPBEDPBLK-BLOCK-0299,capture_policy_return_received,capture_policy_return_owner,downstream_query_gate_separate,0,false,false,false,false,false,false,false,false
DMOI-RF-LSS-BCRPBEDPBRL-RET-0300,DMOI-RF-LSS-BCRPBEDPBRR-REQ-0300,DMOI-RF-LSS-BCRPBEDPBLK-BLOCK-0300,capture_policy_return_received,capture_policy_return_owner,downstream_surface_translation_gates_separate,0,false,false,false,false,false,false,false,false
DMOI-RF-LSS-BCRPBEDPBRL-RET-0301,DMOI-RF-LSS-BCRPBEDPBRR-REQ-0301,DMOI-RF-LSS-BCRPBEDPBLK-BLOCK-0301,capture_policy_return_received,capture_policy_return_owner,decision_row_linkage_validated,0,false,false,false,false,false,false,false,false
DMOI-RF-LSS-BCRPBEDPBRL-RET-0302,DMOI-RF-LSS-BCRPBEDPBRR-REQ-0302,DMOI-RF-LSS-BCRPBEDPBLK-BLOCK-0302,capture_policy_return_received,capture_policy_return_owner,all_decision_fields_filled,0,false,false,false,false,false,false,false,false
DMOI-RF-LSS-BCRPBEDPBRL-RET-0303,DMOI-RF-LSS-BCRPBEDPBRR-REQ-0303,DMOI-RF-LSS-BCRPBEDPBLK-BLOCK-0303,capture_policy_return_received,capture_policy_return_owner,all_criteria_decisions_recorded,0,false,false,false,false,false,false,false,false
DMOI-RF-LSS-BCRPBEDPBRL-RET-0304,DMOI-RF-LSS-BCRPBEDPBRR-REQ-0304,DMOI-RF-LSS-BCRPBEDPBLK-BLOCK-0304,capture_policy_return_received,capture_policy_return_owner,all_criteria_passed,0,false,false,false,false,false,false,false,false
DMOI-RF-LSS-BCRPBEDPBRL-RET-0305,DMOI-RF-LSS-BCRPBEDPBRR-REQ-0305,DMOI-RF-LSS-BCRPBEDPBLK-BLOCK-0305,capture_policy_return_received,capture_policy_return_owner,no_criteria_failed,0,false,false,false,false,false,false,false,false
DMOI-RF-LSS-BCRPBEDPBRL-RET-0306,DMOI-RF-LSS-BCRPBEDPBRR-REQ-0306,DMOI-RF-LSS-BCRPBEDPBLK-BLOCK-0306,capture_policy_return_received,capture_policy_return_owner,evidence_values_reviewed,0,false,false,false,false,false,false,false,false
DMOI-RF-LSS-BCRPBEDPBRL-RET-0307,DMOI-RF-LSS-BCRPBEDPBRR-REQ-0307,DMOI-RF-LSS-BCRPBEDPBLK-BLOCK-0307,capture_policy_return_received,capture_policy_return_owner,evidence_source_pointers_reviewed,0,false,false,false,false,false,false,false,false
DMOI-RF-LSS-BCRPBEDPBRL-RET-0308,DMOI-RF-LSS-BCRPBEDPBRR-REQ-0308,DMOI-RF-LSS-BCRPBEDPBLK-BLOCK-0308,capture_policy_return_received,capture_policy_return_owner,source_text_prohibition_confirmed,0,false,false,false,false,false,false,false,false
DMOI-RF-LSS-BCRPBEDPBRL-RET-0309,DMOI-RF-LSS-BCRPBEDPBRR-REQ-0309,DMOI-RF-LSS-BCRPBEDPBLK-BLOCK-0309,capture_policy_return_received,capture_policy_return_owner,allowed_true_precondition_update_bounded,0,false,false,false,false,false,false,false,false
DMOI-RF-LSS-BCRPBEDPBRL-RET-0310,DMOI-RF-LSS-BCRPBEDPBRR-REQ-0310,DMOI-RF-LSS-BCRPBEDPBLK-BLOCK-0310,capture_policy_return_received,capture_policy_return_owner,authority_role_validated,0,false,false,false,false,false,false,false,false
DMOI-RF-LSS-BCRPBEDPBRL-RET-0311,DMOI-RF-LSS-BCRPBEDPBRR-REQ-0311,DMOI-RF-LSS-BCRPBEDPBLK-BLOCK-0311,capture_policy_return_received,capture_policy_return_owner,downstream_query_gate_separate,0,false,false,false,false,false,false,false,false
DMOI-RF-LSS-BCRPBEDPBRL-RET-0312,DMOI-RF-LSS-BCRPBEDPBRR-REQ-0312,DMOI-RF-LSS-BCRPBEDPBLK-BLOCK-0312,capture_policy_return_received,capture_policy_return_owner,downstream_surface_translation_gates_separate,0,false,false,false,false,false,false,false,false
DMOI-RF-LSS-BCRPBEDPBRL-RET-0313,DMOI-RF-LSS-BCRPBEDPBRR-REQ-0313,DMOI-RF-LSS-BCRPBEDPBLK-BLOCK-0313,capture_policy_return_received,capture_policy_return_owner,decision_row_linkage_validated,0,false,false,false,false,false,false,false,false
DMOI-RF-LSS-BCRPBEDPBRL-RET-0314,DMOI-RF-LSS-BCRPBEDPBRR-REQ-0314,DMOI-RF-LSS-BCRPBEDPBLK-BLOCK-0314,capture_policy_return_received,capture_policy_return_owner,all_decision_fields_filled,0,false,false,false,false,false,false,false,false
DMOI-RF-LSS-BCRPBEDPBRL-RET-0315,DMOI-RF-LSS-BCRPBEDPBRR-REQ-0315,DMOI-RF-LSS-BCRPBEDPBLK-BLOCK-0315,capture_policy_return_received,capture_policy_return_owner,all_criteria_decisions_recorded,0,false,false,false,false,false,false,false,false
DMOI-RF-LSS-BCRPBEDPBRL-RET-0316,DMOI-RF-LSS-BCRPBEDPBRR-REQ-0316,DMOI-RF-LSS-BCRPBEDPBLK-BLOCK-0316,capture_policy_return_received,capture_policy_return_owner,all_criteria_passed,0,false,false,false,false,false,false,false,false
DMOI-RF-LSS-BCRPBEDPBRL-RET-0317,DMOI-RF-LSS-BCRPBEDPBRR-REQ-0317,DMOI-RF-LSS-BCRPBEDPBLK-BLOCK-0317,capture_policy_return_received,capture_policy_return_owner,no_criteria_failed,0,false,false,false,false,false,false,false,false
DMOI-RF-LSS-BCRPBEDPBRL-RET-0318,DMOI-RF-LSS-BCRPBEDPBRR-REQ-0318,DMOI-RF-LSS-BCRPBEDPBLK-BLOCK-0318,capture_policy_return_received,capture_policy_return_owner,evidence_values_reviewed,0,false,false,false,false,false,false,false,false
DMOI-RF-LSS-BCRPBEDPBRL-RET-0319,DMOI-RF-LSS-BCRPBEDPBRR-REQ-0319,DMOI-RF-LSS-BCRPBEDPBLK-BLOCK-0319,capture_policy_return_received,capture_policy_return_owner,evidence_source_pointers_reviewed,0,false,false,false,false,false,false,false,false
DMOI-RF-LSS-BCRPBEDPBRL-RET-0320,DMOI-RF-LSS-BCRPBEDPBRR-REQ-0320,DMOI-RF-LSS-BCRPBEDPBLK-BLOCK-0320,capture_policy_return_received,capture_policy_return_owner,source_text_prohibition_confirmed,0,false,false,false,false,false,false,false,false
DMOI-RF-LSS-BCRPBEDPBRL-RET-0321,DMOI-RF-LSS-BCRPBEDPBRR-REQ-0321,DMOI-RF-LSS-BCRPBEDPBLK-BLOCK-0321,capture_policy_return_received,capture_policy_return_owner,allowed_true_precondition_update_bounded,0,false,false,false,false,false,false,false,false
DMOI-RF-LSS-BCRPBEDPBRL-RET-0322,DMOI-RF-LSS-BCRPBEDPBRR-REQ-0322,DMOI-RF-LSS-BCRPBEDPBLK-BLOCK-0322,capture_policy_return_received,capture_policy_return_owner,authority_role_validated,0,false,false,false,false,false,false,false,false
DMOI-RF-LSS-BCRPBEDPBRL-RET-0323,DMOI-RF-LSS-BCRPBEDPBRR-REQ-0323,DMOI-RF-LSS-BCRPBEDPBLK-BLOCK-0323,capture_policy_return_received,capture_policy_return_owner,downstream_query_gate_separate,0,false,false,false,false,false,false,false,false
DMOI-RF-LSS-BCRPBEDPBRL-RET-0324,DMOI-RF-LSS-BCRPBEDPBRR-REQ-0324,DMOI-RF-LSS-BCRPBEDPBLK-BLOCK-0324,capture_policy_return_received,capture_policy_return_owner,downstream_surface_translation_gates_separate,0,false,false,false,false,false,false,false,false
DMOI-RF-LSS-BCRPBEDPBRL-RET-0325,DMOI-RF-LSS-BCRPBEDPBRR-REQ-0325,DMOI-RF-LSS-BCRPBEDPBLK-BLOCK-0325,capture_policy_return_received,capture_policy_return_owner,decision_row_linkage_validated,0,false,false,false,false,false,false,false,false
DMOI-RF-LSS-BCRPBEDPBRL-RET-0326,DMOI-RF-LSS-BCRPBEDPBRR-REQ-0326,DMOI-RF-LSS-BCRPBEDPBLK-BLOCK-0326,capture_policy_return_received,capture_policy_return_owner,all_decision_fields_filled,0,false,false,false,false,false,false,false,false
DMOI-RF-LSS-BCRPBEDPBRL-RET-0327,DMOI-RF-LSS-BCRPBEDPBRR-REQ-0327,DMOI-RF-LSS-BCRPBEDPBLK-BLOCK-0327,capture_policy_return_received,capture_policy_return_owner,all_criteria_decisions_recorded,0,false,false,false,false,false,false,false,false
DMOI-RF-LSS-BCRPBEDPBRL-RET-0328,DMOI-RF-LSS-BCRPBEDPBRR-REQ-0328,DMOI-RF-LSS-BCRPBEDPBLK-BLOCK-0328,capture_policy_return_received,capture_policy_return_owner,all_criteria_passed,0,false,false,false,false,false,false,false,false
DMOI-RF-LSS-BCRPBEDPBRL-RET-0329,DMOI-RF-LSS-BCRPBEDPBRR-REQ-0329,DMOI-RF-LSS-BCRPBEDPBLK-BLOCK-0329,capture_policy_return_received,capture_policy_return_owner,no_criteria_failed,0,false,false,false,false,false,false,false,false
DMOI-RF-LSS-BCRPBEDPBRL-RET-0330,DMOI-RF-LSS-BCRPBEDPBRR-REQ-0330,DMOI-RF-LSS-BCRPBEDPBLK-BLOCK-0330,capture_policy_return_received,capture_policy_return_owner,evidence_values_reviewed,0,false,false,false,false,false,false,false,false
DMOI-RF-LSS-BCRPBEDPBRL-RET-0331,DMOI-RF-LSS-BCRPBEDPBRR-REQ-0331,DMOI-RF-LSS-BCRPBEDPBLK-BLOCK-0331,capture_policy_return_received,capture_policy_return_owner,evidence_source_pointers_reviewed,0,false,false,false,false,false,false,false,false
DMOI-RF-LSS-BCRPBEDPBRL-RET-0332,DMOI-RF-LSS-BCRPBEDPBRR-REQ-0332,DMOI-RF-LSS-BCRPBEDPBLK-BLOCK-0332,capture_policy_return_received,capture_policy_return_owner,source_text_prohibition_confirmed,0,false,false,false,false,false,false,false,false
DMOI-RF-LSS-BCRPBEDPBRL-RET-0333,DMOI-RF-LSS-BCRPBEDPBRR-REQ-0333,DMOI-RF-LSS-BCRPBEDPBLK-BLOCK-0333,capture_policy_return_received,capture_policy_return_owner,allowed_true_precondition_update_bounded,0,false,false,false,false,false,false,false,false
DMOI-RF-LSS-BCRPBEDPBRL-RET-0334,DMOI-RF-LSS-BCRPBEDPBRR-REQ-0334,DMOI-RF-LSS-BCRPBEDPBLK-BLOCK-0334,capture_policy_return_received,capture_policy_return_owner,authority_role_validated,0,false,false,false,false,false,false,false,false
DMOI-RF-LSS-BCRPBEDPBRL-RET-0335,DMOI-RF-LSS-BCRPBEDPBRR-REQ-0335,DMOI-RF-LSS-BCRPBEDPBLK-BLOCK-0335,capture_policy_return_received,capture_policy_return_owner,downstream_query_gate_separate,0,false,false,false,false,false,false,false,false
DMOI-RF-LSS-BCRPBEDPBRL-RET-0336,DMOI-RF-LSS-BCRPBEDPBRR-REQ-0336,DMOI-RF-LSS-BCRPBEDPBLK-BLOCK-0336,capture_policy_return_received,capture_policy_return_owner,downstream_surface_translation_gates_separate,0,false,false,false,false,false,false,false,false
DMOI-RF-LSS-BCRPBEDPBRL-RET-0337,DMOI-RF-LSS-BCRPBEDPBRR-REQ-0337,DMOI-RF-LSS-BCRPBEDPBLK-BLOCK-0337,capture_policy_return_received,capture_policy_return_owner,decision_row_linkage_validated,0,false,false,false,false,false,false,false,false
DMOI-RF-LSS-BCRPBEDPBRL-RET-0338,DMOI-RF-LSS-BCRPBEDPBRR-REQ-0338,DMOI-RF-LSS-BCRPBEDPBLK-BLOCK-0338,capture_policy_return_received,capture_policy_return_owner,all_decision_fields_filled,0,false,false,false,false,false,false,false,false
DMOI-RF-LSS-BCRPBEDPBRL-RET-0339,DMOI-RF-LSS-BCRPBEDPBRR-REQ-0339,DMOI-RF-LSS-BCRPBEDPBLK-BLOCK-0339,capture_policy_return_received,capture_policy_return_owner,all_criteria_decisions_recorded,0,false,false,false,false,false,false,false,false
DMOI-RF-LSS-BCRPBEDPBRL-RET-0340,DMOI-RF-LSS-BCRPBEDPBRR-REQ-0340,DMOI-RF-LSS-BCRPBEDPBLK-BLOCK-0340,capture_policy_return_received,capture_policy_return_owner,all_criteria_passed,0,false,false,false,false,false,false,false,false
DMOI-RF-LSS-BCRPBEDPBRL-RET-0341,DMOI-RF-LSS-BCRPBEDPBRR-REQ-0341,DMOI-RF-LSS-BCRPBEDPBLK-BLOCK-0341,capture_policy_return_received,capture_policy_return_owner,no_criteria_failed,0,false,false,false,false,false,false,false,false
DMOI-RF-LSS-BCRPBEDPBRL-RET-0342,DMOI-RF-LSS-BCRPBEDPBRR-REQ-0342,DMOI-RF-LSS-BCRPBEDPBLK-BLOCK-0342,capture_policy_return_received,capture_policy_return_owner,evidence_values_reviewed,0,false,false,false,false,false,false,false,false
DMOI-RF-LSS-BCRPBEDPBRL-RET-0343,DMOI-RF-LSS-BCRPBEDPBRR-REQ-0343,DMOI-RF-LSS-BCRPBEDPBLK-BLOCK-0343,capture_policy_return_received,capture_policy_return_owner,evidence_source_pointers_reviewed,0,false,false,false,false,false,false,false,false
DMOI-RF-LSS-BCRPBEDPBRL-RET-0344,DMOI-RF-LSS-BCRPBEDPBRR-REQ-0344,DMOI-RF-LSS-BCRPBEDPBLK-BLOCK-0344,capture_policy_return_received,capture_policy_return_owner,source_text_prohibition_confirmed,0,false,false,false,false,false,false,false,false
DMOI-RF-LSS-BCRPBEDPBRL-RET-0345,DMOI-RF-LSS-BCRPBEDPBRR-REQ-0345,DMOI-RF-LSS-BCRPBEDPBLK-BLOCK-0345,capture_policy_return_received,capture_policy_return_owner,allowed_true_precondition_update_bounded,0,false,false,false,false,false,false,false,false
DMOI-RF-LSS-BCRPBEDPBRL-RET-0346,DMOI-RF-LSS-BCRPBEDPBRR-REQ-0346,DMOI-RF-LSS-BCRPBEDPBLK-BLOCK-0346,capture_policy_return_received,capture_policy_return_owner,authority_role_validated,0,false,false,false,false,false,false,false,false
DMOI-RF-LSS-BCRPBEDPBRL-RET-0347,DMOI-RF-LSS-BCRPBEDPBRR-REQ-0347,DMOI-RF-LSS-BCRPBEDPBLK-BLOCK-0347,capture_policy_return_received,capture_policy_return_owner,downstream_query_gate_separate,0,false,false,false,false,false,false,false,false
DMOI-RF-LSS-BCRPBEDPBRL-RET-0348,DMOI-RF-LSS-BCRPBEDPBRR-REQ-0348,DMOI-RF-LSS-BCRPBEDPBLK-BLOCK-0348,capture_policy_return_received,capture_policy_return_owner,downstream_surface_translation_gates_separate,0,false,false,false,false,false,false,false,false
DMOI-RF-LSS-BCRPBEDPBRL-RET-0349,DMOI-RF-LSS-BCRPBEDPBRR-REQ-0349,DMOI-RF-LSS-BCRPBEDPBLK-BLOCK-0349,capture_policy_return_received,capture_policy_return_owner,decision_row_linkage_validated,0,false,false,false,false,false,false,false,false
DMOI-RF-LSS-BCRPBEDPBRL-RET-0350,DMOI-RF-LSS-BCRPBEDPBRR-REQ-0350,DMOI-RF-LSS-BCRPBEDPBLK-BLOCK-0350,capture_policy_return_received,capture_policy_return_owner,all_decision_fields_filled,0,false,false,false,false,false,false,false,false
DMOI-RF-LSS-BCRPBEDPBRL-RET-0351,DMOI-RF-LSS-BCRPBEDPBRR-REQ-0351,DMOI-RF-LSS-BCRPBEDPBLK-BLOCK-0351,capture_policy_return_received,capture_policy_return_owner,all_criteria_decisions_recorded,0,false,false,false,false,false,false,false,false
DMOI-RF-LSS-BCRPBEDPBRL-RET-0352,DMOI-RF-LSS-BCRPBEDPBRR-REQ-0352,DMOI-RF-LSS-BCRPBEDPBLK-BLOCK-0352,capture_policy_return_received,capture_policy_return_owner,all_criteria_passed,0,false,false,false,false,false,false,false,false
DMOI-RF-LSS-BCRPBEDPBRL-RET-0353,DMOI-RF-LSS-BCRPBEDPBRR-REQ-0353,DMOI-RF-LSS-BCRPBEDPBLK-BLOCK-0353,capture_policy_return_received,capture_policy_return_owner,no_criteria_failed,0,false,false,false,false,false,false,false,false
DMOI-RF-LSS-BCRPBEDPBRL-RET-0354,DMOI-RF-LSS-BCRPBEDPBRR-REQ-0354,DMOI-RF-LSS-BCRPBEDPBLK-BLOCK-0354,capture_policy_return_received,capture_policy_return_owner,evidence_values_reviewed,0,false,false,false,false,false,false,false,false
DMOI-RF-LSS-BCRPBEDPBRL-RET-0355,DMOI-RF-LSS-BCRPBEDPBRR-REQ-0355,DMOI-RF-LSS-BCRPBEDPBLK-BLOCK-0355,capture_policy_return_received,capture_policy_return_owner,evidence_source_pointers_reviewed,0,false,false,false,false,false,false,false,false
DMOI-RF-LSS-BCRPBEDPBRL-RET-0356,DMOI-RF-LSS-BCRPBEDPBRR-REQ-0356,DMOI-RF-LSS-BCRPBEDPBLK-BLOCK-0356,capture_policy_return_received,capture_policy_return_owner,source_text_prohibition_confirmed,0,false,false,false,false,false,false,false,false
DMOI-RF-LSS-BCRPBEDPBRL-RET-0357,DMOI-RF-LSS-BCRPBEDPBRR-REQ-0357,DMOI-RF-LSS-BCRPBEDPBLK-BLOCK-0357,capture_policy_return_received,capture_policy_return_owner,allowed_true_precondition_update_bounded,0,false,false,false,false,false,false,false,false
DMOI-RF-LSS-BCRPBEDPBRL-RET-0358,DMOI-RF-LSS-BCRPBEDPBRR-REQ-0358,DMOI-RF-LSS-BCRPBEDPBLK-BLOCK-0358,capture_policy_return_received,capture_policy_return_owner,authority_role_validated,0,false,false,false,false,false,false,false,false
DMOI-RF-LSS-BCRPBEDPBRL-RET-0359,DMOI-RF-LSS-BCRPBEDPBRR-REQ-0359,DMOI-RF-LSS-BCRPBEDPBLK-BLOCK-0359,capture_policy_return_received,capture_policy_return_owner,downstream_query_gate_separate,0,false,false,false,false,false,false,false,false
DMOI-RF-LSS-BCRPBEDPBRL-RET-0360,DMOI-RF-LSS-BCRPBEDPBRR-REQ-0360,DMOI-RF-LSS-BCRPBEDPBLK-BLOCK-0360,capture_policy_return_received,capture_policy_return_owner,downstream_surface_translation_gates_separate,0,false,false,false,false,false,false,false,false
DMOI-RF-LSS-BCRPBEDPBRL-RET-0361,DMOI-RF-LSS-BCRPBEDPBRR-REQ-0361,DMOI-RF-LSS-BCRPBEDPBLK-BLOCK-0361,capture_policy_return_received,capture_policy_return_owner,decision_row_linkage_validated,0,false,false,false,false,false,false,false,false
DMOI-RF-LSS-BCRPBEDPBRL-RET-0362,DMOI-RF-LSS-BCRPBEDPBRR-REQ-0362,DMOI-RF-LSS-BCRPBEDPBLK-BLOCK-0362,capture_policy_return_received,capture_policy_return_owner,all_decision_fields_filled,0,false,false,false,false,false,false,false,false
DMOI-RF-LSS-BCRPBEDPBRL-RET-0363,DMOI-RF-LSS-BCRPBEDPBRR-REQ-0363,DMOI-RF-LSS-BCRPBEDPBLK-BLOCK-0363,capture_policy_return_received,capture_policy_return_owner,all_criteria_decisions_recorded,0,false,false,false,false,false,false,false,false
DMOI-RF-LSS-BCRPBEDPBRL-RET-0364,DMOI-RF-LSS-BCRPBEDPBRR-REQ-0364,DMOI-RF-LSS-BCRPBEDPBLK-BLOCK-0364,capture_policy_return_received,capture_policy_return_owner,all_criteria_passed,0,false,false,false,false,false,false,false,false
DMOI-RF-LSS-BCRPBEDPBRL-RET-0365,DMOI-RF-LSS-BCRPBEDPBRR-REQ-0365,DMOI-RF-LSS-BCRPBEDPBLK-BLOCK-0365,capture_policy_return_received,capture_policy_return_owner,no_criteria_failed,0,false,false,false,false,false,false,false,false
DMOI-RF-LSS-BCRPBEDPBRL-RET-0366,DMOI-RF-LSS-BCRPBEDPBRR-REQ-0366,DMOI-RF-LSS-BCRPBEDPBLK-BLOCK-0366,capture_policy_return_received,capture_policy_return_owner,evidence_values_reviewed,0,false,false,false,false,false,false,false,false
DMOI-RF-LSS-BCRPBEDPBRL-RET-0367,DMOI-RF-LSS-BCRPBEDPBRR-REQ-0367,DMOI-RF-LSS-BCRPBEDPBLK-BLOCK-0367,capture_policy_return_received,capture_policy_return_owner,evidence_source_pointers_reviewed,0,false,false,false,false,false,false,false,false
DMOI-RF-LSS-BCRPBEDPBRL-RET-0368,DMOI-RF-LSS-BCRPBEDPBRR-REQ-0368,DMOI-RF-LSS-BCRPBEDPBLK-BLOCK-0368,capture_policy_return_received,capture_policy_return_owner,source_text_prohibition_confirmed,0,false,false,false,false,false,false,false,false
DMOI-RF-LSS-BCRPBEDPBRL-RET-0369,DMOI-RF-LSS-BCRPBEDPBRR-REQ-0369,DMOI-RF-LSS-BCRPBEDPBLK-BLOCK-0369,capture_policy_return_received,capture_policy_return_owner,allowed_true_precondition_update_bounded,0,false,false,false,false,false,false,false,false
DMOI-RF-LSS-BCRPBEDPBRL-RET-0370,DMOI-RF-LSS-BCRPBEDPBRR-REQ-0370,DMOI-RF-LSS-BCRPBEDPBLK-BLOCK-0370,capture_policy_return_received,capture_policy_return_owner,authority_role_validated,0,false,false,false,false,false,false,false,false
DMOI-RF-LSS-BCRPBEDPBRL-RET-0371,DMOI-RF-LSS-BCRPBEDPBRR-REQ-0371,DMOI-RF-LSS-BCRPBEDPBLK-BLOCK-0371,capture_policy_return_received,capture_policy_return_owner,downstream_query_gate_separate,0,false,false,false,false,false,false,false,false
DMOI-RF-LSS-BCRPBEDPBRL-RET-0372,DMOI-RF-LSS-BCRPBEDPBRR-REQ-0372,DMOI-RF-LSS-BCRPBEDPBLK-BLOCK-0372,capture_policy_return_received,capture_policy_return_owner,downstream_surface_translation_gates_separate,0,false,false,false,false,false,false,false,false
DMOI-RF-LSS-BCRPBEDPBRL-RET-0373,DMOI-RF-LSS-BCRPBEDPBRR-REQ-0373,DMOI-RF-LSS-BCRPBEDPBLK-BLOCK-0373,capture_policy_return_received,capture_policy_return_owner,decision_row_linkage_validated,0,false,false,false,false,false,false,false,false
DMOI-RF-LSS-BCRPBEDPBRL-RET-0374,DMOI-RF-LSS-BCRPBEDPBRR-REQ-0374,DMOI-RF-LSS-BCRPBEDPBLK-BLOCK-0374,capture_policy_return_received,capture_policy_return_owner,all_decision_fields_filled,0,false,false,false,false,false,false,false,false
DMOI-RF-LSS-BCRPBEDPBRL-RET-0375,DMOI-RF-LSS-BCRPBEDPBRR-REQ-0375,DMOI-RF-LSS-BCRPBEDPBLK-BLOCK-0375,capture_policy_return_received,capture_policy_return_owner,all_criteria_decisions_recorded,0,false,false,false,false,false,false,false,false
DMOI-RF-LSS-BCRPBEDPBRL-RET-0376,DMOI-RF-LSS-BCRPBEDPBRR-REQ-0376,DMOI-RF-LSS-BCRPBEDPBLK-BLOCK-0376,capture_policy_return_received,capture_policy_return_owner,all_criteria_passed,0,false,false,false,false,false,false,false,false
DMOI-RF-LSS-BCRPBEDPBRL-RET-0377,DMOI-RF-LSS-BCRPBEDPBRR-REQ-0377,DMOI-RF-LSS-BCRPBEDPBLK-BLOCK-0377,capture_policy_return_received,capture_policy_return_owner,no_criteria_failed,0,false,false,false,false,false,false,false,false
DMOI-RF-LSS-BCRPBEDPBRL-RET-0378,DMOI-RF-LSS-BCRPBEDPBRR-REQ-0378,DMOI-RF-LSS-BCRPBEDPBLK-BLOCK-0378,capture_policy_return_received,capture_policy_return_owner,evidence_values_reviewed,0,false,false,false,false,false,false,false,false
DMOI-RF-LSS-BCRPBEDPBRL-RET-0379,DMOI-RF-LSS-BCRPBEDPBRR-REQ-0379,DMOI-RF-LSS-BCRPBEDPBLK-BLOCK-0379,capture_policy_return_received,capture_policy_return_owner,evidence_source_pointers_reviewed,0,false,false,false,false,false,false,false,false
DMOI-RF-LSS-BCRPBEDPBRL-RET-0380,DMOI-RF-LSS-BCRPBEDPBRR-REQ-0380,DMOI-RF-LSS-BCRPBEDPBLK-BLOCK-0380,capture_policy_return_received,capture_policy_return_owner,source_text_prohibition_confirmed,0,false,false,false,false,false,false,false,false
DMOI-RF-LSS-BCRPBEDPBRL-RET-0381,DMOI-RF-LSS-BCRPBEDPBRR-REQ-0381,DMOI-RF-LSS-BCRPBEDPBLK-BLOCK-0381,capture_policy_return_received,capture_policy_return_owner,allowed_true_precondition_update_bounded,0,false,false,false,false,false,false,false,false
DMOI-RF-LSS-BCRPBEDPBRL-RET-0382,DMOI-RF-LSS-BCRPBEDPBRR-REQ-0382,DMOI-RF-LSS-BCRPBEDPBLK-BLOCK-0382,capture_policy_return_received,capture_policy_return_owner,authority_role_validated,0,false,false,false,false,false,false,false,false
DMOI-RF-LSS-BCRPBEDPBRL-RET-0383,DMOI-RF-LSS-BCRPBEDPBRR-REQ-0383,DMOI-RF-LSS-BCRPBEDPBLK-BLOCK-0383,capture_policy_return_received,capture_policy_return_owner,downstream_query_gate_separate,0,false,false,false,false,false,false,false,false
DMOI-RF-LSS-BCRPBEDPBRL-RET-0384,DMOI-RF-LSS-BCRPBEDPBRR-REQ-0384,DMOI-RF-LSS-BCRPBEDPBLK-BLOCK-0384,capture_policy_return_received,capture_policy_return_owner,downstream_surface_translation_gates_separate,0,false,false,false,false,false,false,false,false
DMOI-RF-LSS-BCRPBEDPBRL-RET-0385,DMOI-RF-LSS-BCRPBEDPBRR-REQ-0385,DMOI-RF-LSS-BCRPBEDPBLK-BLOCK-0385,capture_policy_return_received,capture_policy_return_owner,decision_row_linkage_validated,0,false,false,false,false,false,false,false,false
DMOI-RF-LSS-BCRPBEDPBRL-RET-0386,DMOI-RF-LSS-BCRPBEDPBRR-REQ-0386,DMOI-RF-LSS-BCRPBEDPBLK-BLOCK-0386,capture_policy_return_received,capture_policy_return_owner,all_decision_fields_filled,0,false,false,false,false,false,false,false,false
DMOI-RF-LSS-BCRPBEDPBRL-RET-0387,DMOI-RF-LSS-BCRPBEDPBRR-REQ-0387,DMOI-RF-LSS-BCRPBEDPBLK-BLOCK-0387,capture_policy_return_received,capture_policy_return_owner,all_criteria_decisions_recorded,0,false,false,false,false,false,false,false,false
DMOI-RF-LSS-BCRPBEDPBRL-RET-0388,DMOI-RF-LSS-BCRPBEDPBRR-REQ-0388,DMOI-RF-LSS-BCRPBEDPBLK-BLOCK-0388,capture_policy_return_received,capture_policy_return_owner,all_criteria_passed,0,false,false,false,false,false,false,false,false
DMOI-RF-LSS-BCRPBEDPBRL-RET-0389,DMOI-RF-LSS-BCRPBEDPBRR-REQ-0389,DMOI-RF-LSS-BCRPBEDPBLK-BLOCK-0389,capture_policy_return_received,capture_policy_return_owner,no_criteria_failed,0,false,false,false,false,false,false,false,false
DMOI-RF-LSS-BCRPBEDPBRL-RET-0390,DMOI-RF-LSS-BCRPBEDPBRR-REQ-0390,DMOI-RF-LSS-BCRPBEDPBLK-BLOCK-0390,capture_policy_return_received,capture_policy_return_owner,evidence_values_reviewed,0,false,false,false,false,false,false,false,false
DMOI-RF-LSS-BCRPBEDPBRL-RET-0391,DMOI-RF-LSS-BCRPBEDPBRR-REQ-0391,DMOI-RF-LSS-BCRPBEDPBLK-BLOCK-0391,capture_policy_return_received,capture_policy_return_owner,evidence_source_pointers_reviewed,0,false,false,false,false,false,false,false,false
DMOI-RF-LSS-BCRPBEDPBRL-RET-0392,DMOI-RF-LSS-BCRPBEDPBRR-REQ-0392,DMOI-RF-LSS-BCRPBEDPBLK-BLOCK-0392,capture_policy_return_received,capture_policy_return_owner,source_text_prohibition_confirmed,0,false,false,false,false,false,false,false,false
DMOI-RF-LSS-BCRPBEDPBRL-RET-0393,DMOI-RF-LSS-BCRPBEDPBRR-REQ-0393,DMOI-RF-LSS-BCRPBEDPBLK-BLOCK-0393,capture_policy_return_received,capture_policy_return_owner,allowed_true_precondition_update_bounded,0,false,false,false,false,false,false,false,false
DMOI-RF-LSS-BCRPBEDPBRL-RET-0394,DMOI-RF-LSS-BCRPBEDPBRR-REQ-0394,DMOI-RF-LSS-BCRPBEDPBLK-BLOCK-0394,capture_policy_return_received,capture_policy_return_owner,authority_role_validated,0,false,false,false,false,false,false,false,false
DMOI-RF-LSS-BCRPBEDPBRL-RET-0395,DMOI-RF-LSS-BCRPBEDPBRR-REQ-0395,DMOI-RF-LSS-BCRPBEDPBLK-BLOCK-0395,capture_policy_return_received,capture_policy_return_owner,downstream_query_gate_separate,0,false,false,false,false,false,false,false,false
DMOI-RF-LSS-BCRPBEDPBRL-RET-0396,DMOI-RF-LSS-BCRPBEDPBRR-REQ-0396,DMOI-RF-LSS-BCRPBEDPBLK-BLOCK-0396,capture_policy_return_received,capture_policy_return_owner,downstream_surface_translation_gates_separate,0,false,false,false,false,false,false,false,false
DMOI-RF-LSS-BCRPBEDPBRL-RET-0397,DMOI-RF-LSS-BCRPBEDPBRR-REQ-0397,DMOI-RF-LSS-BCRPBEDPBLK-BLOCK-0397,capture_policy_return_received,capture_policy_return_owner,decision_row_linkage_validated,0,false,false,false,false,false,false,false,false
DMOI-RF-LSS-BCRPBEDPBRL-RET-0398,DMOI-RF-LSS-BCRPBEDPBRR-REQ-0398,DMOI-RF-LSS-BCRPBEDPBLK-BLOCK-0398,capture_policy_return_received,capture_policy_return_owner,all_decision_fields_filled,0,false,false,false,false,false,false,false,false
DMOI-RF-LSS-BCRPBEDPBRL-RET-0399,DMOI-RF-LSS-BCRPBEDPBRR-REQ-0399,DMOI-RF-LSS-BCRPBEDPBLK-BLOCK-0399,capture_policy_return_received,capture_policy_return_owner,all_criteria_decisions_recorded,0,false,false,false,false,false,false,false,false
DMOI-RF-LSS-BCRPBEDPBRL-RET-0400,DMOI-RF-LSS-BCRPBEDPBRR-REQ-0400,DMOI-RF-LSS-BCRPBEDPBLK-BLOCK-0400,capture_policy_return_received,capture_policy_return_owner,all_criteria_passed,0,false,false,false,false,false,false,false,false
DMOI-RF-LSS-BCRPBEDPBRL-RET-0401,DMOI-RF-LSS-BCRPBEDPBRR-REQ-0401,DMOI-RF-LSS-BCRPBEDPBLK-BLOCK-0401,capture_policy_return_received,capture_policy_return_owner,no_criteria_failed,0,false,false,false,false,false,false,false,false
DMOI-RF-LSS-BCRPBEDPBRL-RET-0402,DMOI-RF-LSS-BCRPBEDPBRR-REQ-0402,DMOI-RF-LSS-BCRPBEDPBLK-BLOCK-0402,capture_policy_return_received,capture_policy_return_owner,evidence_values_reviewed,0,false,false,false,false,false,false,false,false
DMOI-RF-LSS-BCRPBEDPBRL-RET-0403,DMOI-RF-LSS-BCRPBEDPBRR-REQ-0403,DMOI-RF-LSS-BCRPBEDPBLK-BLOCK-0403,capture_policy_return_received,capture_policy_return_owner,evidence_source_pointers_reviewed,0,false,false,false,false,false,false,false,false
DMOI-RF-LSS-BCRPBEDPBRL-RET-0404,DMOI-RF-LSS-BCRPBEDPBRR-REQ-0404,DMOI-RF-LSS-BCRPBEDPBLK-BLOCK-0404,capture_policy_return_received,capture_policy_return_owner,source_text_prohibition_confirmed,0,false,false,false,false,false,false,false,false
DMOI-RF-LSS-BCRPBEDPBRL-RET-0405,DMOI-RF-LSS-BCRPBEDPBRR-REQ-0405,DMOI-RF-LSS-BCRPBEDPBLK-BLOCK-0405,capture_policy_return_received,capture_policy_return_owner,allowed_true_precondition_update_bounded,0,false,false,false,false,false,false,false,false
DMOI-RF-LSS-BCRPBEDPBRL-RET-0406,DMOI-RF-LSS-BCRPBEDPBRR-REQ-0406,DMOI-RF-LSS-BCRPBEDPBLK-BLOCK-0406,capture_policy_return_received,capture_policy_return_owner,authority_role_validated,0,false,false,false,false,false,false,false,false
DMOI-RF-LSS-BCRPBEDPBRL-RET-0407,DMOI-RF-LSS-BCRPBEDPBRR-REQ-0407,DMOI-RF-LSS-BCRPBEDPBLK-BLOCK-0407,capture_policy_return_received,capture_policy_return_owner,downstream_query_gate_separate,0,false,false,false,false,false,false,false,false
DMOI-RF-LSS-BCRPBEDPBRL-RET-0408,DMOI-RF-LSS-BCRPBEDPBRR-REQ-0408,DMOI-RF-LSS-BCRPBEDPBLK-BLOCK-0408,capture_policy_return_received,capture_policy_return_owner,downstream_surface_translation_gates_separate,0,false,false,false,false,false,false,false,false
DMOI-RF-LSS-BCRPBEDPBRL-RET-0409,DMOI-RF-LSS-BCRPBEDPBRR-REQ-0409,DMOI-RF-LSS-BCRPBEDPBLK-BLOCK-0409,capture_policy_return_received,capture_policy_return_owner,decision_row_linkage_validated,0,false,false,false,false,false,false,false,false
DMOI-RF-LSS-BCRPBEDPBRL-RET-0410,DMOI-RF-LSS-BCRPBEDPBRR-REQ-0410,DMOI-RF-LSS-BCRPBEDPBLK-BLOCK-0410,capture_policy_return_received,capture_policy_return_owner,all_decision_fields_filled,0,false,false,false,false,false,false,false,false
DMOI-RF-LSS-BCRPBEDPBRL-RET-0411,DMOI-RF-LSS-BCRPBEDPBRR-REQ-0411,DMOI-RF-LSS-BCRPBEDPBLK-BLOCK-0411,capture_policy_return_received,capture_policy_return_owner,all_criteria_decisions_recorded,0,false,false,false,false,false,false,false,false
DMOI-RF-LSS-BCRPBEDPBRL-RET-0412,DMOI-RF-LSS-BCRPBEDPBRR-REQ-0412,DMOI-RF-LSS-BCRPBEDPBLK-BLOCK-0412,capture_policy_return_received,capture_policy_return_owner,all_criteria_passed,0,false,false,false,false,false,false,false,false
DMOI-RF-LSS-BCRPBEDPBRL-RET-0413,DMOI-RF-LSS-BCRPBEDPBRR-REQ-0413,DMOI-RF-LSS-BCRPBEDPBLK-BLOCK-0413,capture_policy_return_received,capture_policy_return_owner,no_criteria_failed,0,false,false,false,false,false,false,false,false
DMOI-RF-LSS-BCRPBEDPBRL-RET-0414,DMOI-RF-LSS-BCRPBEDPBRR-REQ-0414,DMOI-RF-LSS-BCRPBEDPBLK-BLOCK-0414,capture_policy_return_received,capture_policy_return_owner,evidence_values_reviewed,0,false,false,false,false,false,false,false,false
DMOI-RF-LSS-BCRPBEDPBRL-RET-0415,DMOI-RF-LSS-BCRPBEDPBRR-REQ-0415,DMOI-RF-LSS-BCRPBEDPBLK-BLOCK-0415,capture_policy_return_received,capture_policy_return_owner,evidence_source_pointers_reviewed,0,false,false,false,false,false,false,false,false
DMOI-RF-LSS-BCRPBEDPBRL-RET-0416,DMOI-RF-LSS-BCRPBEDPBRR-REQ-0416,DMOI-RF-LSS-BCRPBEDPBLK-BLOCK-0416,capture_policy_return_received,capture_policy_return_owner,source_text_prohibition_confirmed,0,false,false,false,false,false,false,false,false
DMOI-RF-LSS-BCRPBEDPBRL-RET-0417,DMOI-RF-LSS-BCRPBEDPBRR-REQ-0417,DMOI-RF-LSS-BCRPBEDPBLK-BLOCK-0417,capture_policy_return_received,capture_policy_return_owner,allowed_true_precondition_update_bounded,0,false,false,false,false,false,false,false,false
DMOI-RF-LSS-BCRPBEDPBRL-RET-0418,DMOI-RF-LSS-BCRPBEDPBRR-REQ-0418,DMOI-RF-LSS-BCRPBEDPBLK-BLOCK-0418,capture_policy_return_received,capture_policy_return_owner,authority_role_validated,0,false,false,false,false,false,false,false,false
DMOI-RF-LSS-BCRPBEDPBRL-RET-0419,DMOI-RF-LSS-BCRPBEDPBRR-REQ-0419,DMOI-RF-LSS-BCRPBEDPBLK-BLOCK-0419,capture_policy_return_received,capture_policy_return_owner,downstream_query_gate_separate,0,false,false,false,false,false,false,false,false
DMOI-RF-LSS-BCRPBEDPBRL-RET-0420,DMOI-RF-LSS-BCRPBEDPBRR-REQ-0420,DMOI-RF-LSS-BCRPBEDPBLK-BLOCK-0420,capture_policy_return_received,capture_policy_return_owner,downstream_surface_translation_gates_separate,0,false,false,false,false,false,false,false,false
DMOI-RF-LSS-BCRPBEDPBRL-RET-0421,DMOI-RF-LSS-BCRPBEDPBRR-REQ-0421,DMOI-RF-LSS-BCRPBEDPBLK-BLOCK-0421,capture_policy_return_received,capture_policy_return_owner,decision_row_linkage_validated,0,false,false,false,false,false,false,false,false
DMOI-RF-LSS-BCRPBEDPBRL-RET-0422,DMOI-RF-LSS-BCRPBEDPBRR-REQ-0422,DMOI-RF-LSS-BCRPBEDPBLK-BLOCK-0422,capture_policy_return_received,capture_policy_return_owner,all_decision_fields_filled,0,false,false,false,false,false,false,false,false
DMOI-RF-LSS-BCRPBEDPBRL-RET-0423,DMOI-RF-LSS-BCRPBEDPBRR-REQ-0423,DMOI-RF-LSS-BCRPBEDPBLK-BLOCK-0423,capture_policy_return_received,capture_policy_return_owner,all_criteria_decisions_recorded,0,false,false,false,false,false,false,false,false
DMOI-RF-LSS-BCRPBEDPBRL-RET-0424,DMOI-RF-LSS-BCRPBEDPBRR-REQ-0424,DMOI-RF-LSS-BCRPBEDPBLK-BLOCK-0424,capture_policy_return_received,capture_policy_return_owner,all_criteria_passed,0,false,false,false,false,false,false,false,false
DMOI-RF-LSS-BCRPBEDPBRL-RET-0425,DMOI-RF-LSS-BCRPBEDPBRR-REQ-0425,DMOI-RF-LSS-BCRPBEDPBLK-BLOCK-0425,capture_policy_return_received,capture_policy_return_owner,no_criteria_failed,0,false,false,false,false,false,false,false,false
DMOI-RF-LSS-BCRPBEDPBRL-RET-0426,DMOI-RF-LSS-BCRPBEDPBRR-REQ-0426,DMOI-RF-LSS-BCRPBEDPBLK-BLOCK-0426,capture_policy_return_received,capture_policy_return_owner,evidence_values_reviewed,0,false,false,false,false,false,false,false,false
DMOI-RF-LSS-BCRPBEDPBRL-RET-0427,DMOI-RF-LSS-BCRPBEDPBRR-REQ-0427,DMOI-RF-LSS-BCRPBEDPBLK-BLOCK-0427,capture_policy_return_received,capture_policy_return_owner,evidence_source_pointers_reviewed,0,false,false,false,false,false,false,false,false
DMOI-RF-LSS-BCRPBEDPBRL-RET-0428,DMOI-RF-LSS-BCRPBEDPBRR-REQ-0428,DMOI-RF-LSS-BCRPBEDPBLK-BLOCK-0428,capture_policy_return_received,capture_policy_return_owner,source_text_prohibition_confirmed,0,false,false,false,false,false,false,false,false
DMOI-RF-LSS-BCRPBEDPBRL-RET-0429,DMOI-RF-LSS-BCRPBEDPBRR-REQ-0429,DMOI-RF-LSS-BCRPBEDPBLK-BLOCK-0429,capture_policy_return_received,capture_policy_return_owner,allowed_true_precondition_update_bounded,0,false,false,false,false,false,false,false,false
DMOI-RF-LSS-BCRPBEDPBRL-RET-0430,DMOI-RF-LSS-BCRPBEDPBRR-REQ-0430,DMOI-RF-LSS-BCRPBEDPBLK-BLOCK-0430,capture_policy_return_received,capture_policy_return_owner,authority_role_validated,0,false,false,false,false,false,false,false,false
DMOI-RF-LSS-BCRPBEDPBRL-RET-0431,DMOI-RF-LSS-BCRPBEDPBRR-REQ-0431,DMOI-RF-LSS-BCRPBEDPBLK-BLOCK-0431,capture_policy_return_received,capture_policy_return_owner,downstream_query_gate_separate,0,false,false,false,false,false,false,false,false
DMOI-RF-LSS-BCRPBEDPBRL-RET-0432,DMOI-RF-LSS-BCRPBEDPBRR-REQ-0432,DMOI-RF-LSS-BCRPBEDPBLK-BLOCK-0432,capture_policy_return_received,capture_policy_return_owner,downstream_surface_translation_gates_separate,0,false,false,false,false,false,false,false,false
DMOI-RF-LSS-BCRPBEDPBRL-RET-0433,DMOI-RF-LSS-BCRPBEDPBRR-REQ-0433,DMOI-RF-LSS-BCRPBEDPBLK-BLOCK-0433,evidence_intake_gate_reviewed,evidence_governance_owner,decision_row_linkage_validated,0,false,false,false,false,false,false,false,false
DMOI-RF-LSS-BCRPBEDPBRL-RET-0434,DMOI-RF-LSS-BCRPBEDPBRR-REQ-0434,DMOI-RF-LSS-BCRPBEDPBLK-BLOCK-0434,evidence_intake_gate_reviewed,evidence_governance_owner,all_decision_fields_filled,0,false,false,false,false,false,false,false,false
DMOI-RF-LSS-BCRPBEDPBRL-RET-0435,DMOI-RF-LSS-BCRPBEDPBRR-REQ-0435,DMOI-RF-LSS-BCRPBEDPBLK-BLOCK-0435,evidence_intake_gate_reviewed,evidence_governance_owner,all_criteria_decisions_recorded,0,false,false,false,false,false,false,false,false
DMOI-RF-LSS-BCRPBEDPBRL-RET-0436,DMOI-RF-LSS-BCRPBEDPBRR-REQ-0436,DMOI-RF-LSS-BCRPBEDPBLK-BLOCK-0436,evidence_intake_gate_reviewed,evidence_governance_owner,all_criteria_passed,0,false,false,false,false,false,false,false,false
DMOI-RF-LSS-BCRPBEDPBRL-RET-0437,DMOI-RF-LSS-BCRPBEDPBRR-REQ-0437,DMOI-RF-LSS-BCRPBEDPBLK-BLOCK-0437,evidence_intake_gate_reviewed,evidence_governance_owner,no_criteria_failed,0,false,false,false,false,false,false,false,false
DMOI-RF-LSS-BCRPBEDPBRL-RET-0438,DMOI-RF-LSS-BCRPBEDPBRR-REQ-0438,DMOI-RF-LSS-BCRPBEDPBLK-BLOCK-0438,evidence_intake_gate_reviewed,evidence_governance_owner,evidence_values_reviewed,0,false,false,false,false,false,false,false,false
DMOI-RF-LSS-BCRPBEDPBRL-RET-0439,DMOI-RF-LSS-BCRPBEDPBRR-REQ-0439,DMOI-RF-LSS-BCRPBEDPBLK-BLOCK-0439,evidence_intake_gate_reviewed,evidence_governance_owner,evidence_source_pointers_reviewed,0,false,false,false,false,false,false,false,false
DMOI-RF-LSS-BCRPBEDPBRL-RET-0440,DMOI-RF-LSS-BCRPBEDPBRR-REQ-0440,DMOI-RF-LSS-BCRPBEDPBLK-BLOCK-0440,evidence_intake_gate_reviewed,evidence_governance_owner,source_text_prohibition_confirmed,0,false,false,false,false,false,false,false,false
DMOI-RF-LSS-BCRPBEDPBRL-RET-0441,DMOI-RF-LSS-BCRPBEDPBRR-REQ-0441,DMOI-RF-LSS-BCRPBEDPBLK-BLOCK-0441,evidence_intake_gate_reviewed,evidence_governance_owner,allowed_true_precondition_update_bounded,0,false,false,false,false,false,false,false,false
DMOI-RF-LSS-BCRPBEDPBRL-RET-0442,DMOI-RF-LSS-BCRPBEDPBRR-REQ-0442,DMOI-RF-LSS-BCRPBEDPBLK-BLOCK-0442,evidence_intake_gate_reviewed,evidence_governance_owner,authority_role_validated,0,false,false,false,false,false,false,false,false
DMOI-RF-LSS-BCRPBEDPBRL-RET-0443,DMOI-RF-LSS-BCRPBEDPBRR-REQ-0443,DMOI-RF-LSS-BCRPBEDPBLK-BLOCK-0443,evidence_intake_gate_reviewed,evidence_governance_owner,downstream_query_gate_separate,0,false,false,false,false,false,false,false,false
DMOI-RF-LSS-BCRPBEDPBRL-RET-0444,DMOI-RF-LSS-BCRPBEDPBRR-REQ-0444,DMOI-RF-LSS-BCRPBEDPBLK-BLOCK-0444,evidence_intake_gate_reviewed,evidence_governance_owner,downstream_surface_translation_gates_separate,0,false,false,false,false,false,false,false,false
DMOI-RF-LSS-BCRPBEDPBRL-RET-0445,DMOI-RF-LSS-BCRPBEDPBRR-REQ-0445,DMOI-RF-LSS-BCRPBEDPBLK-BLOCK-0445,evidence_intake_gate_reviewed,evidence_governance_owner,decision_row_linkage_validated,0,false,false,false,false,false,false,false,false
DMOI-RF-LSS-BCRPBEDPBRL-RET-0446,DMOI-RF-LSS-BCRPBEDPBRR-REQ-0446,DMOI-RF-LSS-BCRPBEDPBLK-BLOCK-0446,evidence_intake_gate_reviewed,evidence_governance_owner,all_decision_fields_filled,0,false,false,false,false,false,false,false,false
DMOI-RF-LSS-BCRPBEDPBRL-RET-0447,DMOI-RF-LSS-BCRPBEDPBRR-REQ-0447,DMOI-RF-LSS-BCRPBEDPBLK-BLOCK-0447,evidence_intake_gate_reviewed,evidence_governance_owner,all_criteria_decisions_recorded,0,false,false,false,false,false,false,false,false
DMOI-RF-LSS-BCRPBEDPBRL-RET-0448,DMOI-RF-LSS-BCRPBEDPBRR-REQ-0448,DMOI-RF-LSS-BCRPBEDPBLK-BLOCK-0448,evidence_intake_gate_reviewed,evidence_governance_owner,all_criteria_passed,0,false,false,false,false,false,false,false,false
DMOI-RF-LSS-BCRPBEDPBRL-RET-0449,DMOI-RF-LSS-BCRPBEDPBRR-REQ-0449,DMOI-RF-LSS-BCRPBEDPBLK-BLOCK-0449,evidence_intake_gate_reviewed,evidence_governance_owner,no_criteria_failed,0,false,false,false,false,false,false,false,false
DMOI-RF-LSS-BCRPBEDPBRL-RET-0450,DMOI-RF-LSS-BCRPBEDPBRR-REQ-0450,DMOI-RF-LSS-BCRPBEDPBLK-BLOCK-0450,evidence_intake_gate_reviewed,evidence_governance_owner,evidence_values_reviewed,0,false,false,false,false,false,false,false,false
DMOI-RF-LSS-BCRPBEDPBRL-RET-0451,DMOI-RF-LSS-BCRPBEDPBRR-REQ-0451,DMOI-RF-LSS-BCRPBEDPBLK-BLOCK-0451,evidence_intake_gate_reviewed,evidence_governance_owner,evidence_source_pointers_reviewed,0,false,false,false,false,false,false,false,false
DMOI-RF-LSS-BCRPBEDPBRL-RET-0452,DMOI-RF-LSS-BCRPBEDPBRR-REQ-0452,DMOI-RF-LSS-BCRPBEDPBLK-BLOCK-0452,evidence_intake_gate_reviewed,evidence_governance_owner,source_text_prohibition_confirmed,0,false,false,false,false,false,false,false,false
DMOI-RF-LSS-BCRPBEDPBRL-RET-0453,DMOI-RF-LSS-BCRPBEDPBRR-REQ-0453,DMOI-RF-LSS-BCRPBEDPBLK-BLOCK-0453,evidence_intake_gate_reviewed,evidence_governance_owner,allowed_true_precondition_update_bounded,0,false,false,false,false,false,false,false,false
DMOI-RF-LSS-BCRPBEDPBRL-RET-0454,DMOI-RF-LSS-BCRPBEDPBRR-REQ-0454,DMOI-RF-LSS-BCRPBEDPBLK-BLOCK-0454,evidence_intake_gate_reviewed,evidence_governance_owner,authority_role_validated,0,false,false,false,false,false,false,false,false
DMOI-RF-LSS-BCRPBEDPBRL-RET-0455,DMOI-RF-LSS-BCRPBEDPBRR-REQ-0455,DMOI-RF-LSS-BCRPBEDPBLK-BLOCK-0455,evidence_intake_gate_reviewed,evidence_governance_owner,downstream_query_gate_separate,0,false,false,false,false,false,false,false,false
DMOI-RF-LSS-BCRPBEDPBRL-RET-0456,DMOI-RF-LSS-BCRPBEDPBRR-REQ-0456,DMOI-RF-LSS-BCRPBEDPBLK-BLOCK-0456,evidence_intake_gate_reviewed,evidence_governance_owner,downstream_surface_translation_gates_separate,0,false,false,false,false,false,false,false,false
DMOI-RF-LSS-BCRPBEDPBRL-RET-0457,DMOI-RF-LSS-BCRPBEDPBRR-REQ-0457,DMOI-RF-LSS-BCRPBEDPBLK-BLOCK-0457,evidence_intake_gate_reviewed,evidence_governance_owner,decision_row_linkage_validated,0,false,false,false,false,false,false,false,false
DMOI-RF-LSS-BCRPBEDPBRL-RET-0458,DMOI-RF-LSS-BCRPBEDPBRR-REQ-0458,DMOI-RF-LSS-BCRPBEDPBLK-BLOCK-0458,evidence_intake_gate_reviewed,evidence_governance_owner,all_decision_fields_filled,0,false,false,false,false,false,false,false,false
DMOI-RF-LSS-BCRPBEDPBRL-RET-0459,DMOI-RF-LSS-BCRPBEDPBRR-REQ-0459,DMOI-RF-LSS-BCRPBEDPBLK-BLOCK-0459,evidence_intake_gate_reviewed,evidence_governance_owner,all_criteria_decisions_recorded,0,false,false,false,false,false,false,false,false
DMOI-RF-LSS-BCRPBEDPBRL-RET-0460,DMOI-RF-LSS-BCRPBEDPBRR-REQ-0460,DMOI-RF-LSS-BCRPBEDPBLK-BLOCK-0460,evidence_intake_gate_reviewed,evidence_governance_owner,all_criteria_passed,0,false,false,false,false,false,false,false,false
DMOI-RF-LSS-BCRPBEDPBRL-RET-0461,DMOI-RF-LSS-BCRPBEDPBRR-REQ-0461,DMOI-RF-LSS-BCRPBEDPBLK-BLOCK-0461,evidence_intake_gate_reviewed,evidence_governance_owner,no_criteria_failed,0,false,false,false,false,false,false,false,false
DMOI-RF-LSS-BCRPBEDPBRL-RET-0462,DMOI-RF-LSS-BCRPBEDPBRR-REQ-0462,DMOI-RF-LSS-BCRPBEDPBLK-BLOCK-0462,evidence_intake_gate_reviewed,evidence_governance_owner,evidence_values_reviewed,0,false,false,false,false,false,false,false,false
DMOI-RF-LSS-BCRPBEDPBRL-RET-0463,DMOI-RF-LSS-BCRPBEDPBRR-REQ-0463,DMOI-RF-LSS-BCRPBEDPBLK-BLOCK-0463,evidence_intake_gate_reviewed,evidence_governance_owner,evidence_source_pointers_reviewed,0,false,false,false,false,false,false,false,false
DMOI-RF-LSS-BCRPBEDPBRL-RET-0464,DMOI-RF-LSS-BCRPBEDPBRR-REQ-0464,DMOI-RF-LSS-BCRPBEDPBLK-BLOCK-0464,evidence_intake_gate_reviewed,evidence_governance_owner,source_text_prohibition_confirmed,0,false,false,false,false,false,false,false,false
DMOI-RF-LSS-BCRPBEDPBRL-RET-0465,DMOI-RF-LSS-BCRPBEDPBRR-REQ-0465,DMOI-RF-LSS-BCRPBEDPBLK-BLOCK-0465,evidence_intake_gate_reviewed,evidence_governance_owner,allowed_true_precondition_update_bounded,0,false,false,false,false,false,false,false,false
DMOI-RF-LSS-BCRPBEDPBRL-RET-0466,DMOI-RF-LSS-BCRPBEDPBRR-REQ-0466,DMOI-RF-LSS-BCRPBEDPBLK-BLOCK-0466,evidence_intake_gate_reviewed,evidence_governance_owner,authority_role_validated,0,false,false,false,false,false,false,false,false
DMOI-RF-LSS-BCRPBEDPBRL-RET-0467,DMOI-RF-LSS-BCRPBEDPBRR-REQ-0467,DMOI-RF-LSS-BCRPBEDPBLK-BLOCK-0467,evidence_intake_gate_reviewed,evidence_governance_owner,downstream_query_gate_separate,0,false,false,false,false,false,false,false,false
DMOI-RF-LSS-BCRPBEDPBRL-RET-0468,DMOI-RF-LSS-BCRPBEDPBRR-REQ-0468,DMOI-RF-LSS-BCRPBEDPBLK-BLOCK-0468,evidence_intake_gate_reviewed,evidence_governance_owner,downstream_surface_translation_gates_separate,0,false,false,false,false,false,false,false,false
DMOI-RF-LSS-BCRPBEDPBRL-RET-0469,DMOI-RF-LSS-BCRPBEDPBRR-REQ-0469,DMOI-RF-LSS-BCRPBEDPBLK-BLOCK-0469,evidence_intake_gate_reviewed,evidence_governance_owner,decision_row_linkage_validated,0,false,false,false,false,false,false,false,false
DMOI-RF-LSS-BCRPBEDPBRL-RET-0470,DMOI-RF-LSS-BCRPBEDPBRR-REQ-0470,DMOI-RF-LSS-BCRPBEDPBLK-BLOCK-0470,evidence_intake_gate_reviewed,evidence_governance_owner,all_decision_fields_filled,0,false,false,false,false,false,false,false,false
DMOI-RF-LSS-BCRPBEDPBRL-RET-0471,DMOI-RF-LSS-BCRPBEDPBRR-REQ-0471,DMOI-RF-LSS-BCRPBEDPBLK-BLOCK-0471,evidence_intake_gate_reviewed,evidence_governance_owner,all_criteria_decisions_recorded,0,false,false,false,false,false,false,false,false
DMOI-RF-LSS-BCRPBEDPBRL-RET-0472,DMOI-RF-LSS-BCRPBEDPBRR-REQ-0472,DMOI-RF-LSS-BCRPBEDPBLK-BLOCK-0472,evidence_intake_gate_reviewed,evidence_governance_owner,all_criteria_passed,0,false,false,false,false,false,false,false,false
DMOI-RF-LSS-BCRPBEDPBRL-RET-0473,DMOI-RF-LSS-BCRPBEDPBRR-REQ-0473,DMOI-RF-LSS-BCRPBEDPBLK-BLOCK-0473,evidence_intake_gate_reviewed,evidence_governance_owner,no_criteria_failed,0,false,false,false,false,false,false,false,false
DMOI-RF-LSS-BCRPBEDPBRL-RET-0474,DMOI-RF-LSS-BCRPBEDPBRR-REQ-0474,DMOI-RF-LSS-BCRPBEDPBLK-BLOCK-0474,evidence_intake_gate_reviewed,evidence_governance_owner,evidence_values_reviewed,0,false,false,false,false,false,false,false,false
DMOI-RF-LSS-BCRPBEDPBRL-RET-0475,DMOI-RF-LSS-BCRPBEDPBRR-REQ-0475,DMOI-RF-LSS-BCRPBEDPBLK-BLOCK-0475,evidence_intake_gate_reviewed,evidence_governance_owner,evidence_source_pointers_reviewed,0,false,false,false,false,false,false,false,false
DMOI-RF-LSS-BCRPBEDPBRL-RET-0476,DMOI-RF-LSS-BCRPBEDPBRR-REQ-0476,DMOI-RF-LSS-BCRPBEDPBLK-BLOCK-0476,evidence_intake_gate_reviewed,evidence_governance_owner,source_text_prohibition_confirmed,0,false,false,false,false,false,false,false,false
DMOI-RF-LSS-BCRPBEDPBRL-RET-0477,DMOI-RF-LSS-BCRPBEDPBRR-REQ-0477,DMOI-RF-LSS-BCRPBEDPBLK-BLOCK-0477,evidence_intake_gate_reviewed,evidence_governance_owner,allowed_true_precondition_update_bounded,0,false,false,false,false,false,false,false,false
DMOI-RF-LSS-BCRPBEDPBRL-RET-0478,DMOI-RF-LSS-BCRPBEDPBRR-REQ-0478,DMOI-RF-LSS-BCRPBEDPBLK-BLOCK-0478,evidence_intake_gate_reviewed,evidence_governance_owner,authority_role_validated,0,false,false,false,false,false,false,false,false
DMOI-RF-LSS-BCRPBEDPBRL-RET-0479,DMOI-RF-LSS-BCRPBEDPBRR-REQ-0479,DMOI-RF-LSS-BCRPBEDPBLK-BLOCK-0479,evidence_intake_gate_reviewed,evidence_governance_owner,downstream_query_gate_separate,0,false,false,false,false,false,false,false,false
DMOI-RF-LSS-BCRPBEDPBRL-RET-0480,DMOI-RF-LSS-BCRPBEDPBRR-REQ-0480,DMOI-RF-LSS-BCRPBEDPBLK-BLOCK-0480,evidence_intake_gate_reviewed,evidence_governance_owner,downstream_surface_translation_gates_separate,0,false,false,false,false,false,false,false,false
DMOI-RF-LSS-BCRPBEDPBRL-RET-0481,DMOI-RF-LSS-BCRPBEDPBRR-REQ-0481,DMOI-RF-LSS-BCRPBEDPBLK-BLOCK-0481,evidence_intake_gate_reviewed,evidence_governance_owner,decision_row_linkage_validated,0,false,false,false,false,false,false,false,false
DMOI-RF-LSS-BCRPBEDPBRL-RET-0482,DMOI-RF-LSS-BCRPBEDPBRR-REQ-0482,DMOI-RF-LSS-BCRPBEDPBLK-BLOCK-0482,evidence_intake_gate_reviewed,evidence_governance_owner,all_decision_fields_filled,0,false,false,false,false,false,false,false,false
DMOI-RF-LSS-BCRPBEDPBRL-RET-0483,DMOI-RF-LSS-BCRPBEDPBRR-REQ-0483,DMOI-RF-LSS-BCRPBEDPBLK-BLOCK-0483,evidence_intake_gate_reviewed,evidence_governance_owner,all_criteria_decisions_recorded,0,false,false,false,false,false,false,false,false
DMOI-RF-LSS-BCRPBEDPBRL-RET-0484,DMOI-RF-LSS-BCRPBEDPBRR-REQ-0484,DMOI-RF-LSS-BCRPBEDPBLK-BLOCK-0484,evidence_intake_gate_reviewed,evidence_governance_owner,all_criteria_passed,0,false,false,false,false,false,false,false,false
DMOI-RF-LSS-BCRPBEDPBRL-RET-0485,DMOI-RF-LSS-BCRPBEDPBRR-REQ-0485,DMOI-RF-LSS-BCRPBEDPBLK-BLOCK-0485,evidence_intake_gate_reviewed,evidence_governance_owner,no_criteria_failed,0,false,false,false,false,false,false,false,false
DMOI-RF-LSS-BCRPBEDPBRL-RET-0486,DMOI-RF-LSS-BCRPBEDPBRR-REQ-0486,DMOI-RF-LSS-BCRPBEDPBLK-BLOCK-0486,evidence_intake_gate_reviewed,evidence_governance_owner,evidence_values_reviewed,0,false,false,false,false,false,false,false,false
DMOI-RF-LSS-BCRPBEDPBRL-RET-0487,DMOI-RF-LSS-BCRPBEDPBRR-REQ-0487,DMOI-RF-LSS-BCRPBEDPBLK-BLOCK-0487,evidence_intake_gate_reviewed,evidence_governance_owner,evidence_source_pointers_reviewed,0,false,false,false,false,false,false,false,false
DMOI-RF-LSS-BCRPBEDPBRL-RET-0488,DMOI-RF-LSS-BCRPBEDPBRR-REQ-0488,DMOI-RF-LSS-BCRPBEDPBLK-BLOCK-0488,evidence_intake_gate_reviewed,evidence_governance_owner,source_text_prohibition_confirmed,0,false,false,false,false,false,false,false,false
DMOI-RF-LSS-BCRPBEDPBRL-RET-0489,DMOI-RF-LSS-BCRPBEDPBRR-REQ-0489,DMOI-RF-LSS-BCRPBEDPBLK-BLOCK-0489,evidence_intake_gate_reviewed,evidence_governance_owner,allowed_true_precondition_update_bounded,0,false,false,false,false,false,false,false,false
DMOI-RF-LSS-BCRPBEDPBRL-RET-0490,DMOI-RF-LSS-BCRPBEDPBRR-REQ-0490,DMOI-RF-LSS-BCRPBEDPBLK-BLOCK-0490,evidence_intake_gate_reviewed,evidence_governance_owner,authority_role_validated,0,false,false,false,false,false,false,false,false
DMOI-RF-LSS-BCRPBEDPBRL-RET-0491,DMOI-RF-LSS-BCRPBEDPBRR-REQ-0491,DMOI-RF-LSS-BCRPBEDPBLK-BLOCK-0491,evidence_intake_gate_reviewed,evidence_governance_owner,downstream_query_gate_separate,0,false,false,false,false,false,false,false,false
DMOI-RF-LSS-BCRPBEDPBRL-RET-0492,DMOI-RF-LSS-BCRPBEDPBRR-REQ-0492,DMOI-RF-LSS-BCRPBEDPBLK-BLOCK-0492,evidence_intake_gate_reviewed,evidence_governance_owner,downstream_surface_translation_gates_separate,0,false,false,false,false,false,false,false,false
DMOI-RF-LSS-BCRPBEDPBRL-RET-0493,DMOI-RF-LSS-BCRPBEDPBRR-REQ-0493,DMOI-RF-LSS-BCRPBEDPBLK-BLOCK-0493,evidence_intake_gate_reviewed,evidence_governance_owner,decision_row_linkage_validated,0,false,false,false,false,false,false,false,false
DMOI-RF-LSS-BCRPBEDPBRL-RET-0494,DMOI-RF-LSS-BCRPBEDPBRR-REQ-0494,DMOI-RF-LSS-BCRPBEDPBLK-BLOCK-0494,evidence_intake_gate_reviewed,evidence_governance_owner,all_decision_fields_filled,0,false,false,false,false,false,false,false,false
DMOI-RF-LSS-BCRPBEDPBRL-RET-0495,DMOI-RF-LSS-BCRPBEDPBRR-REQ-0495,DMOI-RF-LSS-BCRPBEDPBLK-BLOCK-0495,evidence_intake_gate_reviewed,evidence_governance_owner,all_criteria_decisions_recorded,0,false,false,false,false,false,false,false,false
DMOI-RF-LSS-BCRPBEDPBRL-RET-0496,DMOI-RF-LSS-BCRPBEDPBRR-REQ-0496,DMOI-RF-LSS-BCRPBEDPBLK-BLOCK-0496,evidence_intake_gate_reviewed,evidence_governance_owner,all_criteria_passed,0,false,false,false,false,false,false,false,false
DMOI-RF-LSS-BCRPBEDPBRL-RET-0497,DMOI-RF-LSS-BCRPBEDPBRR-REQ-0497,DMOI-RF-LSS-BCRPBEDPBLK-BLOCK-0497,evidence_intake_gate_reviewed,evidence_governance_owner,no_criteria_failed,0,false,false,false,false,false,false,false,false
DMOI-RF-LSS-BCRPBEDPBRL-RET-0498,DMOI-RF-LSS-BCRPBEDPBRR-REQ-0498,DMOI-RF-LSS-BCRPBEDPBLK-BLOCK-0498,evidence_intake_gate_reviewed,evidence_governance_owner,evidence_values_reviewed,0,false,false,false,false,false,false,false,false
DMOI-RF-LSS-BCRPBEDPBRL-RET-0499,DMOI-RF-LSS-BCRPBEDPBRR-REQ-0499,DMOI-RF-LSS-BCRPBEDPBLK-BLOCK-0499,evidence_intake_gate_reviewed,evidence_governance_owner,evidence_source_pointers_reviewed,0,false,false,false,false,false,false,false,false
DMOI-RF-LSS-BCRPBEDPBRL-RET-0500,DMOI-RF-LSS-BCRPBEDPBRR-REQ-0500,DMOI-RF-LSS-BCRPBEDPBLK-BLOCK-0500,evidence_intake_gate_reviewed,evidence_governance_owner,source_text_prohibition_confirmed,0,false,false,false,false,false,false,false,false
DMOI-RF-LSS-BCRPBEDPBRL-RET-0501,DMOI-RF-LSS-BCRPBEDPBRR-REQ-0501,DMOI-RF-LSS-BCRPBEDPBLK-BLOCK-0501,evidence_intake_gate_reviewed,evidence_governance_owner,allowed_true_precondition_update_bounded,0,false,false,false,false,false,false,false,false
DMOI-RF-LSS-BCRPBEDPBRL-RET-0502,DMOI-RF-LSS-BCRPBEDPBRR-REQ-0502,DMOI-RF-LSS-BCRPBEDPBLK-BLOCK-0502,evidence_intake_gate_reviewed,evidence_governance_owner,authority_role_validated,0,false,false,false,false,false,false,false,false
DMOI-RF-LSS-BCRPBEDPBRL-RET-0503,DMOI-RF-LSS-BCRPBEDPBRR-REQ-0503,DMOI-RF-LSS-BCRPBEDPBLK-BLOCK-0503,evidence_intake_gate_reviewed,evidence_governance_owner,downstream_query_gate_separate,0,false,false,false,false,false,false,false,false
DMOI-RF-LSS-BCRPBEDPBRL-RET-0504,DMOI-RF-LSS-BCRPBEDPBRR-REQ-0504,DMOI-RF-LSS-BCRPBEDPBLK-BLOCK-0504,evidence_intake_gate_reviewed,evidence_governance_owner,downstream_surface_translation_gates_separate,0,false,false,false,false,false,false,false,false
DMOI-RF-LSS-BCRPBEDPBRL-RET-0505,DMOI-RF-LSS-BCRPBEDPBRR-REQ-0505,DMOI-RF-LSS-BCRPBEDPBLK-BLOCK-0505,evidence_intake_gate_reviewed,evidence_governance_owner,decision_row_linkage_validated,0,false,false,false,false,false,false,false,false
DMOI-RF-LSS-BCRPBEDPBRL-RET-0506,DMOI-RF-LSS-BCRPBEDPBRR-REQ-0506,DMOI-RF-LSS-BCRPBEDPBLK-BLOCK-0506,evidence_intake_gate_reviewed,evidence_governance_owner,all_decision_fields_filled,0,false,false,false,false,false,false,false,false
DMOI-RF-LSS-BCRPBEDPBRL-RET-0507,DMOI-RF-LSS-BCRPBEDPBRR-REQ-0507,DMOI-RF-LSS-BCRPBEDPBLK-BLOCK-0507,evidence_intake_gate_reviewed,evidence_governance_owner,all_criteria_decisions_recorded,0,false,false,false,false,false,false,false,false
DMOI-RF-LSS-BCRPBEDPBRL-RET-0508,DMOI-RF-LSS-BCRPBEDPBRR-REQ-0508,DMOI-RF-LSS-BCRPBEDPBLK-BLOCK-0508,evidence_intake_gate_reviewed,evidence_governance_owner,all_criteria_passed,0,false,false,false,false,false,false,false,false
DMOI-RF-LSS-BCRPBEDPBRL-RET-0509,DMOI-RF-LSS-BCRPBEDPBRR-REQ-0509,DMOI-RF-LSS-BCRPBEDPBLK-BLOCK-0509,evidence_intake_gate_reviewed,evidence_governance_owner,no_criteria_failed,0,false,false,false,false,false,false,false,false
DMOI-RF-LSS-BCRPBEDPBRL-RET-0510,DMOI-RF-LSS-BCRPBEDPBRR-REQ-0510,DMOI-RF-LSS-BCRPBEDPBLK-BLOCK-0510,evidence_intake_gate_reviewed,evidence_governance_owner,evidence_values_reviewed,0,false,false,false,false,false,false,false,false
DMOI-RF-LSS-BCRPBEDPBRL-RET-0511,DMOI-RF-LSS-BCRPBEDPBRR-REQ-0511,DMOI-RF-LSS-BCRPBEDPBLK-BLOCK-0511,evidence_intake_gate_reviewed,evidence_governance_owner,evidence_source_pointers_reviewed,0,false,false,false,false,false,false,false,false
DMOI-RF-LSS-BCRPBEDPBRL-RET-0512,DMOI-RF-LSS-BCRPBEDPBRR-REQ-0512,DMOI-RF-LSS-BCRPBEDPBLK-BLOCK-0512,evidence_intake_gate_reviewed,evidence_governance_owner,source_text_prohibition_confirmed,0,false,false,false,false,false,false,false,false
DMOI-RF-LSS-BCRPBEDPBRL-RET-0513,DMOI-RF-LSS-BCRPBEDPBRR-REQ-0513,DMOI-RF-LSS-BCRPBEDPBLK-BLOCK-0513,evidence_intake_gate_reviewed,evidence_governance_owner,allowed_true_precondition_update_bounded,0,false,false,false,false,false,false,false,false
DMOI-RF-LSS-BCRPBEDPBRL-RET-0514,DMOI-RF-LSS-BCRPBEDPBRR-REQ-0514,DMOI-RF-LSS-BCRPBEDPBLK-BLOCK-0514,evidence_intake_gate_reviewed,evidence_governance_owner,authority_role_validated,0,false,false,false,false,false,false,false,false
DMOI-RF-LSS-BCRPBEDPBRL-RET-0515,DMOI-RF-LSS-BCRPBEDPBRR-REQ-0515,DMOI-RF-LSS-BCRPBEDPBLK-BLOCK-0515,evidence_intake_gate_reviewed,evidence_governance_owner,downstream_query_gate_separate,0,false,false,false,false,false,false,false,false
DMOI-RF-LSS-BCRPBEDPBRL-RET-0516,DMOI-RF-LSS-BCRPBEDPBRR-REQ-0516,DMOI-RF-LSS-BCRPBEDPBLK-BLOCK-0516,evidence_intake_gate_reviewed,evidence_governance_owner,downstream_surface_translation_gates_separate,0,false,false,false,false,false,false,false,false
DMOI-RF-LSS-BCRPBEDPBRL-RET-0517,DMOI-RF-LSS-BCRPBEDPBRR-REQ-0517,DMOI-RF-LSS-BCRPBEDPBLK-BLOCK-0517,evidence_intake_gate_reviewed,evidence_governance_owner,decision_row_linkage_validated,0,false,false,false,false,false,false,false,false
DMOI-RF-LSS-BCRPBEDPBRL-RET-0518,DMOI-RF-LSS-BCRPBEDPBRR-REQ-0518,DMOI-RF-LSS-BCRPBEDPBLK-BLOCK-0518,evidence_intake_gate_reviewed,evidence_governance_owner,all_decision_fields_filled,0,false,false,false,false,false,false,false,false
DMOI-RF-LSS-BCRPBEDPBRL-RET-0519,DMOI-RF-LSS-BCRPBEDPBRR-REQ-0519,DMOI-RF-LSS-BCRPBEDPBLK-BLOCK-0519,evidence_intake_gate_reviewed,evidence_governance_owner,all_criteria_decisions_recorded,0,false,false,false,false,false,false,false,false
DMOI-RF-LSS-BCRPBEDPBRL-RET-0520,DMOI-RF-LSS-BCRPBEDPBRR-REQ-0520,DMOI-RF-LSS-BCRPBEDPBLK-BLOCK-0520,evidence_intake_gate_reviewed,evidence_governance_owner,all_criteria_passed,0,false,false,false,false,false,false,false,false
DMOI-RF-LSS-BCRPBEDPBRL-RET-0521,DMOI-RF-LSS-BCRPBEDPBRR-REQ-0521,DMOI-RF-LSS-BCRPBEDPBLK-BLOCK-0521,evidence_intake_gate_reviewed,evidence_governance_owner,no_criteria_failed,0,false,false,false,false,false,false,false,false
DMOI-RF-LSS-BCRPBEDPBRL-RET-0522,DMOI-RF-LSS-BCRPBEDPBRR-REQ-0522,DMOI-RF-LSS-BCRPBEDPBLK-BLOCK-0522,evidence_intake_gate_reviewed,evidence_governance_owner,evidence_values_reviewed,0,false,false,false,false,false,false,false,false
DMOI-RF-LSS-BCRPBEDPBRL-RET-0523,DMOI-RF-LSS-BCRPBEDPBRR-REQ-0523,DMOI-RF-LSS-BCRPBEDPBLK-BLOCK-0523,evidence_intake_gate_reviewed,evidence_governance_owner,evidence_source_pointers_reviewed,0,false,false,false,false,false,false,false,false
DMOI-RF-LSS-BCRPBEDPBRL-RET-0524,DMOI-RF-LSS-BCRPBEDPBRR-REQ-0524,DMOI-RF-LSS-BCRPBEDPBLK-BLOCK-0524,evidence_intake_gate_reviewed,evidence_governance_owner,source_text_prohibition_confirmed,0,false,false,false,false,false,false,false,false
DMOI-RF-LSS-BCRPBEDPBRL-RET-0525,DMOI-RF-LSS-BCRPBEDPBRR-REQ-0525,DMOI-RF-LSS-BCRPBEDPBLK-BLOCK-0525,evidence_intake_gate_reviewed,evidence_governance_owner,allowed_true_precondition_update_bounded,0,false,false,false,false,false,false,false,false
DMOI-RF-LSS-BCRPBEDPBRL-RET-0526,DMOI-RF-LSS-BCRPBEDPBRR-REQ-0526,DMOI-RF-LSS-BCRPBEDPBLK-BLOCK-0526,evidence_intake_gate_reviewed,evidence_governance_owner,authority_role_validated,0,false,false,false,false,false,false,false,false
DMOI-RF-LSS-BCRPBEDPBRL-RET-0527,DMOI-RF-LSS-BCRPBEDPBRR-REQ-0527,DMOI-RF-LSS-BCRPBEDPBLK-BLOCK-0527,evidence_intake_gate_reviewed,evidence_governance_owner,downstream_query_gate_separate,0,false,false,false,false,false,false,false,false
DMOI-RF-LSS-BCRPBEDPBRL-RET-0528,DMOI-RF-LSS-BCRPBEDPBRR-REQ-0528,DMOI-RF-LSS-BCRPBEDPBLK-BLOCK-0528,evidence_intake_gate_reviewed,evidence_governance_owner,downstream_surface_translation_gates_separate,0,false,false,false,false,false,false,false,false
DMOI-RF-LSS-BCRPBEDPBRL-RET-0529,DMOI-RF-LSS-BCRPBEDPBRR-REQ-0529,DMOI-RF-LSS-BCRPBEDPBLK-BLOCK-0529,evidence_intake_gate_reviewed,evidence_governance_owner,decision_row_linkage_validated,0,false,false,false,false,false,false,false,false
DMOI-RF-LSS-BCRPBEDPBRL-RET-0530,DMOI-RF-LSS-BCRPBEDPBRR-REQ-0530,DMOI-RF-LSS-BCRPBEDPBLK-BLOCK-0530,evidence_intake_gate_reviewed,evidence_governance_owner,all_decision_fields_filled,0,false,false,false,false,false,false,false,false
DMOI-RF-LSS-BCRPBEDPBRL-RET-0531,DMOI-RF-LSS-BCRPBEDPBRR-REQ-0531,DMOI-RF-LSS-BCRPBEDPBLK-BLOCK-0531,evidence_intake_gate_reviewed,evidence_governance_owner,all_criteria_decisions_recorded,0,false,false,false,false,false,false,false,false
DMOI-RF-LSS-BCRPBEDPBRL-RET-0532,DMOI-RF-LSS-BCRPBEDPBRR-REQ-0532,DMOI-RF-LSS-BCRPBEDPBLK-BLOCK-0532,evidence_intake_gate_reviewed,evidence_governance_owner,all_criteria_passed,0,false,false,false,false,false,false,false,false
DMOI-RF-LSS-BCRPBEDPBRL-RET-0533,DMOI-RF-LSS-BCRPBEDPBRR-REQ-0533,DMOI-RF-LSS-BCRPBEDPBLK-BLOCK-0533,evidence_intake_gate_reviewed,evidence_governance_owner,no_criteria_failed,0,false,false,false,false,false,false,false,false
DMOI-RF-LSS-BCRPBEDPBRL-RET-0534,DMOI-RF-LSS-BCRPBEDPBRR-REQ-0534,DMOI-RF-LSS-BCRPBEDPBLK-BLOCK-0534,evidence_intake_gate_reviewed,evidence_governance_owner,evidence_values_reviewed,0,false,false,false,false,false,false,false,false
DMOI-RF-LSS-BCRPBEDPBRL-RET-0535,DMOI-RF-LSS-BCRPBEDPBRR-REQ-0535,DMOI-RF-LSS-BCRPBEDPBLK-BLOCK-0535,evidence_intake_gate_reviewed,evidence_governance_owner,evidence_source_pointers_reviewed,0,false,false,false,false,false,false,false,false
DMOI-RF-LSS-BCRPBEDPBRL-RET-0536,DMOI-RF-LSS-BCRPBEDPBRR-REQ-0536,DMOI-RF-LSS-BCRPBEDPBLK-BLOCK-0536,evidence_intake_gate_reviewed,evidence_governance_owner,source_text_prohibition_confirmed,0,false,false,false,false,false,false,false,false
DMOI-RF-LSS-BCRPBEDPBRL-RET-0537,DMOI-RF-LSS-BCRPBEDPBRR-REQ-0537,DMOI-RF-LSS-BCRPBEDPBLK-BLOCK-0537,evidence_intake_gate_reviewed,evidence_governance_owner,allowed_true_precondition_update_bounded,0,false,false,false,false,false,false,false,false
DMOI-RF-LSS-BCRPBEDPBRL-RET-0538,DMOI-RF-LSS-BCRPBEDPBRR-REQ-0538,DMOI-RF-LSS-BCRPBEDPBLK-BLOCK-0538,evidence_intake_gate_reviewed,evidence_governance_owner,authority_role_validated,0,false,false,false,false,false,false,false,false
DMOI-RF-LSS-BCRPBEDPBRL-RET-0539,DMOI-RF-LSS-BCRPBEDPBRR-REQ-0539,DMOI-RF-LSS-BCRPBEDPBLK-BLOCK-0539,evidence_intake_gate_reviewed,evidence_governance_owner,downstream_query_gate_separate,0,false,false,false,false,false,false,false,false
DMOI-RF-LSS-BCRPBEDPBRL-RET-0540,DMOI-RF-LSS-BCRPBEDPBRR-REQ-0540,DMOI-RF-LSS-BCRPBEDPBLK-BLOCK-0540,evidence_intake_gate_reviewed,evidence_governance_owner,downstream_surface_translation_gates_separate,0,false,false,false,false,false,false,false,false
DMOI-RF-LSS-BCRPBEDPBRL-RET-0541,DMOI-RF-LSS-BCRPBEDPBRR-REQ-0541,DMOI-RF-LSS-BCRPBEDPBLK-BLOCK-0541,evidence_intake_gate_reviewed,evidence_governance_owner,decision_row_linkage_validated,0,false,false,false,false,false,false,false,false
DMOI-RF-LSS-BCRPBEDPBRL-RET-0542,DMOI-RF-LSS-BCRPBEDPBRR-REQ-0542,DMOI-RF-LSS-BCRPBEDPBLK-BLOCK-0542,evidence_intake_gate_reviewed,evidence_governance_owner,all_decision_fields_filled,0,false,false,false,false,false,false,false,false
DMOI-RF-LSS-BCRPBEDPBRL-RET-0543,DMOI-RF-LSS-BCRPBEDPBRR-REQ-0543,DMOI-RF-LSS-BCRPBEDPBLK-BLOCK-0543,evidence_intake_gate_reviewed,evidence_governance_owner,all_criteria_decisions_recorded,0,false,false,false,false,false,false,false,false
DMOI-RF-LSS-BCRPBEDPBRL-RET-0544,DMOI-RF-LSS-BCRPBEDPBRR-REQ-0544,DMOI-RF-LSS-BCRPBEDPBLK-BLOCK-0544,evidence_intake_gate_reviewed,evidence_governance_owner,all_criteria_passed,0,false,false,false,false,false,false,false,false
DMOI-RF-LSS-BCRPBEDPBRL-RET-0545,DMOI-RF-LSS-BCRPBEDPBRR-REQ-0545,DMOI-RF-LSS-BCRPBEDPBLK-BLOCK-0545,evidence_intake_gate_reviewed,evidence_governance_owner,no_criteria_failed,0,false,false,false,false,false,false,false,false
DMOI-RF-LSS-BCRPBEDPBRL-RET-0546,DMOI-RF-LSS-BCRPBEDPBRR-REQ-0546,DMOI-RF-LSS-BCRPBEDPBLK-BLOCK-0546,evidence_intake_gate_reviewed,evidence_governance_owner,evidence_values_reviewed,0,false,false,false,false,false,false,false,false
DMOI-RF-LSS-BCRPBEDPBRL-RET-0547,DMOI-RF-LSS-BCRPBEDPBRR-REQ-0547,DMOI-RF-LSS-BCRPBEDPBLK-BLOCK-0547,evidence_intake_gate_reviewed,evidence_governance_owner,evidence_source_pointers_reviewed,0,false,false,false,false,false,false,false,false
DMOI-RF-LSS-BCRPBEDPBRL-RET-0548,DMOI-RF-LSS-BCRPBEDPBRR-REQ-0548,DMOI-RF-LSS-BCRPBEDPBLK-BLOCK-0548,evidence_intake_gate_reviewed,evidence_governance_owner,source_text_prohibition_confirmed,0,false,false,false,false,false,false,false,false
DMOI-RF-LSS-BCRPBEDPBRL-RET-0549,DMOI-RF-LSS-BCRPBEDPBRR-REQ-0549,DMOI-RF-LSS-BCRPBEDPBLK-BLOCK-0549,evidence_intake_gate_reviewed,evidence_governance_owner,allowed_true_precondition_update_bounded,0,false,false,false,false,false,false,false,false
DMOI-RF-LSS-BCRPBEDPBRL-RET-0550,DMOI-RF-LSS-BCRPBEDPBRR-REQ-0550,DMOI-RF-LSS-BCRPBEDPBLK-BLOCK-0550,evidence_intake_gate_reviewed,evidence_governance_owner,authority_role_validated,0,false,false,false,false,false,false,false,false
DMOI-RF-LSS-BCRPBEDPBRL-RET-0551,DMOI-RF-LSS-BCRPBEDPBRR-REQ-0551,DMOI-RF-LSS-BCRPBEDPBLK-BLOCK-0551,evidence_intake_gate_reviewed,evidence_governance_owner,downstream_query_gate_separate,0,false,false,false,false,false,false,false,false
DMOI-RF-LSS-BCRPBEDPBRL-RET-0552,DMOI-RF-LSS-BCRPBEDPBRR-REQ-0552,DMOI-RF-LSS-BCRPBEDPBLK-BLOCK-0552,evidence_intake_gate_reviewed,evidence_governance_owner,downstream_surface_translation_gates_separate,0,false,false,false,false,false,false,false,false
DMOI-RF-LSS-BCRPBEDPBRL-RET-0553,DMOI-RF-LSS-BCRPBEDPBRR-REQ-0553,DMOI-RF-LSS-BCRPBEDPBLK-BLOCK-0553,evidence_intake_gate_reviewed,evidence_governance_owner,decision_row_linkage_validated,0,false,false,false,false,false,false,false,false
DMOI-RF-LSS-BCRPBEDPBRL-RET-0554,DMOI-RF-LSS-BCRPBEDPBRR-REQ-0554,DMOI-RF-LSS-BCRPBEDPBLK-BLOCK-0554,evidence_intake_gate_reviewed,evidence_governance_owner,all_decision_fields_filled,0,false,false,false,false,false,false,false,false
DMOI-RF-LSS-BCRPBEDPBRL-RET-0555,DMOI-RF-LSS-BCRPBEDPBRR-REQ-0555,DMOI-RF-LSS-BCRPBEDPBLK-BLOCK-0555,evidence_intake_gate_reviewed,evidence_governance_owner,all_criteria_decisions_recorded,0,false,false,false,false,false,false,false,false
DMOI-RF-LSS-BCRPBEDPBRL-RET-0556,DMOI-RF-LSS-BCRPBEDPBRR-REQ-0556,DMOI-RF-LSS-BCRPBEDPBLK-BLOCK-0556,evidence_intake_gate_reviewed,evidence_governance_owner,all_criteria_passed,0,false,false,false,false,false,false,false,false
DMOI-RF-LSS-BCRPBEDPBRL-RET-0557,DMOI-RF-LSS-BCRPBEDPBRR-REQ-0557,DMOI-RF-LSS-BCRPBEDPBLK-BLOCK-0557,evidence_intake_gate_reviewed,evidence_governance_owner,no_criteria_failed,0,false,false,false,false,false,false,false,false
DMOI-RF-LSS-BCRPBEDPBRL-RET-0558,DMOI-RF-LSS-BCRPBEDPBRR-REQ-0558,DMOI-RF-LSS-BCRPBEDPBLK-BLOCK-0558,evidence_intake_gate_reviewed,evidence_governance_owner,evidence_values_reviewed,0,false,false,false,false,false,false,false,false
DMOI-RF-LSS-BCRPBEDPBRL-RET-0559,DMOI-RF-LSS-BCRPBEDPBRR-REQ-0559,DMOI-RF-LSS-BCRPBEDPBLK-BLOCK-0559,evidence_intake_gate_reviewed,evidence_governance_owner,evidence_source_pointers_reviewed,0,false,false,false,false,false,false,false,false
DMOI-RF-LSS-BCRPBEDPBRL-RET-0560,DMOI-RF-LSS-BCRPBEDPBRR-REQ-0560,DMOI-RF-LSS-BCRPBEDPBLK-BLOCK-0560,evidence_intake_gate_reviewed,evidence_governance_owner,source_text_prohibition_confirmed,0,false,false,false,false,false,false,false,false
DMOI-RF-LSS-BCRPBEDPBRL-RET-0561,DMOI-RF-LSS-BCRPBEDPBRR-REQ-0561,DMOI-RF-LSS-BCRPBEDPBLK-BLOCK-0561,evidence_intake_gate_reviewed,evidence_governance_owner,allowed_true_precondition_update_bounded,0,false,false,false,false,false,false,false,false
DMOI-RF-LSS-BCRPBEDPBRL-RET-0562,DMOI-RF-LSS-BCRPBEDPBRR-REQ-0562,DMOI-RF-LSS-BCRPBEDPBLK-BLOCK-0562,evidence_intake_gate_reviewed,evidence_governance_owner,authority_role_validated,0,false,false,false,false,false,false,false,false
DMOI-RF-LSS-BCRPBEDPBRL-RET-0563,DMOI-RF-LSS-BCRPBEDPBRR-REQ-0563,DMOI-RF-LSS-BCRPBEDPBLK-BLOCK-0563,evidence_intake_gate_reviewed,evidence_governance_owner,downstream_query_gate_separate,0,false,false,false,false,false,false,false,false
DMOI-RF-LSS-BCRPBEDPBRL-RET-0564,DMOI-RF-LSS-BCRPBEDPBRR-REQ-0564,DMOI-RF-LSS-BCRPBEDPBLK-BLOCK-0564,evidence_intake_gate_reviewed,evidence_governance_owner,downstream_surface_translation_gates_separate,0,false,false,false,false,false,false,false,false
DMOI-RF-LSS-BCRPBEDPBRL-RET-0565,DMOI-RF-LSS-BCRPBEDPBRR-REQ-0565,DMOI-RF-LSS-BCRPBEDPBLK-BLOCK-0565,evidence_intake_gate_reviewed,evidence_governance_owner,decision_row_linkage_validated,0,false,false,false,false,false,false,false,false
DMOI-RF-LSS-BCRPBEDPBRL-RET-0566,DMOI-RF-LSS-BCRPBEDPBRR-REQ-0566,DMOI-RF-LSS-BCRPBEDPBLK-BLOCK-0566,evidence_intake_gate_reviewed,evidence_governance_owner,all_decision_fields_filled,0,false,false,false,false,false,false,false,false
DMOI-RF-LSS-BCRPBEDPBRL-RET-0567,DMOI-RF-LSS-BCRPBEDPBRR-REQ-0567,DMOI-RF-LSS-BCRPBEDPBLK-BLOCK-0567,evidence_intake_gate_reviewed,evidence_governance_owner,all_criteria_decisions_recorded,0,false,false,false,false,false,false,false,false
DMOI-RF-LSS-BCRPBEDPBRL-RET-0568,DMOI-RF-LSS-BCRPBEDPBRR-REQ-0568,DMOI-RF-LSS-BCRPBEDPBLK-BLOCK-0568,evidence_intake_gate_reviewed,evidence_governance_owner,all_criteria_passed,0,false,false,false,false,false,false,false,false
DMOI-RF-LSS-BCRPBEDPBRL-RET-0569,DMOI-RF-LSS-BCRPBEDPBRR-REQ-0569,DMOI-RF-LSS-BCRPBEDPBLK-BLOCK-0569,evidence_intake_gate_reviewed,evidence_governance_owner,no_criteria_failed,0,false,false,false,false,false,false,false,false
DMOI-RF-LSS-BCRPBEDPBRL-RET-0570,DMOI-RF-LSS-BCRPBEDPBRR-REQ-0570,DMOI-RF-LSS-BCRPBEDPBLK-BLOCK-0570,evidence_intake_gate_reviewed,evidence_governance_owner,evidence_values_reviewed,0,false,false,false,false,false,false,false,false
DMOI-RF-LSS-BCRPBEDPBRL-RET-0571,DMOI-RF-LSS-BCRPBEDPBRR-REQ-0571,DMOI-RF-LSS-BCRPBEDPBLK-BLOCK-0571,evidence_intake_gate_reviewed,evidence_governance_owner,evidence_source_pointers_reviewed,0,false,false,false,false,false,false,false,false
DMOI-RF-LSS-BCRPBEDPBRL-RET-0572,DMOI-RF-LSS-BCRPBEDPBRR-REQ-0572,DMOI-RF-LSS-BCRPBEDPBLK-BLOCK-0572,evidence_intake_gate_reviewed,evidence_governance_owner,source_text_prohibition_confirmed,0,false,false,false,false,false,false,false,false
DMOI-RF-LSS-BCRPBEDPBRL-RET-0573,DMOI-RF-LSS-BCRPBEDPBRR-REQ-0573,DMOI-RF-LSS-BCRPBEDPBLK-BLOCK-0573,evidence_intake_gate_reviewed,evidence_governance_owner,allowed_true_precondition_update_bounded,0,false,false,false,false,false,false,false,false
DMOI-RF-LSS-BCRPBEDPBRL-RET-0574,DMOI-RF-LSS-BCRPBEDPBRR-REQ-0574,DMOI-RF-LSS-BCRPBEDPBLK-BLOCK-0574,evidence_intake_gate_reviewed,evidence_governance_owner,authority_role_validated,0,false,false,false,false,false,false,false,false
DMOI-RF-LSS-BCRPBEDPBRL-RET-0575,DMOI-RF-LSS-BCRPBEDPBRR-REQ-0575,DMOI-RF-LSS-BCRPBEDPBLK-BLOCK-0575,evidence_intake_gate_reviewed,evidence_governance_owner,downstream_query_gate_separate,0,false,false,false,false,false,false,false,false
DMOI-RF-LSS-BCRPBEDPBRL-RET-0576,DMOI-RF-LSS-BCRPBEDPBRR-REQ-0576,DMOI-RF-LSS-BCRPBEDPBLK-BLOCK-0576,evidence_intake_gate_reviewed,evidence_governance_owner,downstream_surface_translation_gates_separate,0,false,false,false,false,false,false,false,false
DMOI-RF-LSS-BCRPBEDPBRL-RET-0577,DMOI-RF-LSS-BCRPBEDPBRR-REQ-0577,DMOI-RF-LSS-BCRPBEDPBLK-BLOCK-0577,forbidden_source_text_confirmed,evidence_governance_owner,decision_row_linkage_validated,0,false,false,false,false,false,false,false,false
DMOI-RF-LSS-BCRPBEDPBRL-RET-0578,DMOI-RF-LSS-BCRPBEDPBRR-REQ-0578,DMOI-RF-LSS-BCRPBEDPBLK-BLOCK-0578,forbidden_source_text_confirmed,evidence_governance_owner,all_decision_fields_filled,0,false,false,false,false,false,false,false,false
DMOI-RF-LSS-BCRPBEDPBRL-RET-0579,DMOI-RF-LSS-BCRPBEDPBRR-REQ-0579,DMOI-RF-LSS-BCRPBEDPBLK-BLOCK-0579,forbidden_source_text_confirmed,evidence_governance_owner,all_criteria_decisions_recorded,0,false,false,false,false,false,false,false,false
DMOI-RF-LSS-BCRPBEDPBRL-RET-0580,DMOI-RF-LSS-BCRPBEDPBRR-REQ-0580,DMOI-RF-LSS-BCRPBEDPBLK-BLOCK-0580,forbidden_source_text_confirmed,evidence_governance_owner,all_criteria_passed,0,false,false,false,false,false,false,false,false
DMOI-RF-LSS-BCRPBEDPBRL-RET-0581,DMOI-RF-LSS-BCRPBEDPBRR-REQ-0581,DMOI-RF-LSS-BCRPBEDPBLK-BLOCK-0581,forbidden_source_text_confirmed,evidence_governance_owner,no_criteria_failed,0,false,false,false,false,false,false,false,false
DMOI-RF-LSS-BCRPBEDPBRL-RET-0582,DMOI-RF-LSS-BCRPBEDPBRR-REQ-0582,DMOI-RF-LSS-BCRPBEDPBLK-BLOCK-0582,forbidden_source_text_confirmed,evidence_governance_owner,evidence_values_reviewed,0,false,false,false,false,false,false,false,false
DMOI-RF-LSS-BCRPBEDPBRL-RET-0583,DMOI-RF-LSS-BCRPBEDPBRR-REQ-0583,DMOI-RF-LSS-BCRPBEDPBLK-BLOCK-0583,forbidden_source_text_confirmed,evidence_governance_owner,evidence_source_pointers_reviewed,0,false,false,false,false,false,false,false,false
DMOI-RF-LSS-BCRPBEDPBRL-RET-0584,DMOI-RF-LSS-BCRPBEDPBRR-REQ-0584,DMOI-RF-LSS-BCRPBEDPBLK-BLOCK-0584,forbidden_source_text_confirmed,evidence_governance_owner,source_text_prohibition_confirmed,0,false,false,false,false,false,false,false,false
DMOI-RF-LSS-BCRPBEDPBRL-RET-0585,DMOI-RF-LSS-BCRPBEDPBRR-REQ-0585,DMOI-RF-LSS-BCRPBEDPBLK-BLOCK-0585,forbidden_source_text_confirmed,evidence_governance_owner,allowed_true_precondition_update_bounded,0,false,false,false,false,false,false,false,false
DMOI-RF-LSS-BCRPBEDPBRL-RET-0586,DMOI-RF-LSS-BCRPBEDPBRR-REQ-0586,DMOI-RF-LSS-BCRPBEDPBLK-BLOCK-0586,forbidden_source_text_confirmed,evidence_governance_owner,authority_role_validated,0,false,false,false,false,false,false,false,false
DMOI-RF-LSS-BCRPBEDPBRL-RET-0587,DMOI-RF-LSS-BCRPBEDPBRR-REQ-0587,DMOI-RF-LSS-BCRPBEDPBLK-BLOCK-0587,forbidden_source_text_confirmed,evidence_governance_owner,downstream_query_gate_separate,0,false,false,false,false,false,false,false,false
DMOI-RF-LSS-BCRPBEDPBRL-RET-0588,DMOI-RF-LSS-BCRPBEDPBRR-REQ-0588,DMOI-RF-LSS-BCRPBEDPBLK-BLOCK-0588,forbidden_source_text_confirmed,evidence_governance_owner,downstream_surface_translation_gates_separate,0,false,false,false,false,false,false,false,false
DMOI-RF-LSS-BCRPBEDPBRL-RET-0589,DMOI-RF-LSS-BCRPBEDPBRR-REQ-0589,DMOI-RF-LSS-BCRPBEDPBLK-BLOCK-0589,forbidden_source_text_confirmed,evidence_governance_owner,decision_row_linkage_validated,0,false,false,false,false,false,false,false,false
DMOI-RF-LSS-BCRPBEDPBRL-RET-0590,DMOI-RF-LSS-BCRPBEDPBRR-REQ-0590,DMOI-RF-LSS-BCRPBEDPBLK-BLOCK-0590,forbidden_source_text_confirmed,evidence_governance_owner,all_decision_fields_filled,0,false,false,false,false,false,false,false,false
DMOI-RF-LSS-BCRPBEDPBRL-RET-0591,DMOI-RF-LSS-BCRPBEDPBRR-REQ-0591,DMOI-RF-LSS-BCRPBEDPBLK-BLOCK-0591,forbidden_source_text_confirmed,evidence_governance_owner,all_criteria_decisions_recorded,0,false,false,false,false,false,false,false,false
DMOI-RF-LSS-BCRPBEDPBRL-RET-0592,DMOI-RF-LSS-BCRPBEDPBRR-REQ-0592,DMOI-RF-LSS-BCRPBEDPBLK-BLOCK-0592,forbidden_source_text_confirmed,evidence_governance_owner,all_criteria_passed,0,false,false,false,false,false,false,false,false
DMOI-RF-LSS-BCRPBEDPBRL-RET-0593,DMOI-RF-LSS-BCRPBEDPBRR-REQ-0593,DMOI-RF-LSS-BCRPBEDPBLK-BLOCK-0593,forbidden_source_text_confirmed,evidence_governance_owner,no_criteria_failed,0,false,false,false,false,false,false,false,false
DMOI-RF-LSS-BCRPBEDPBRL-RET-0594,DMOI-RF-LSS-BCRPBEDPBRR-REQ-0594,DMOI-RF-LSS-BCRPBEDPBLK-BLOCK-0594,forbidden_source_text_confirmed,evidence_governance_owner,evidence_values_reviewed,0,false,false,false,false,false,false,false,false
DMOI-RF-LSS-BCRPBEDPBRL-RET-0595,DMOI-RF-LSS-BCRPBEDPBRR-REQ-0595,DMOI-RF-LSS-BCRPBEDPBLK-BLOCK-0595,forbidden_source_text_confirmed,evidence_governance_owner,evidence_source_pointers_reviewed,0,false,false,false,false,false,false,false,false
DMOI-RF-LSS-BCRPBEDPBRL-RET-0596,DMOI-RF-LSS-BCRPBEDPBRR-REQ-0596,DMOI-RF-LSS-BCRPBEDPBLK-BLOCK-0596,forbidden_source_text_confirmed,evidence_governance_owner,source_text_prohibition_confirmed,0,false,false,false,false,false,false,false,false
DMOI-RF-LSS-BCRPBEDPBRL-RET-0597,DMOI-RF-LSS-BCRPBEDPBRR-REQ-0597,DMOI-RF-LSS-BCRPBEDPBLK-BLOCK-0597,forbidden_source_text_confirmed,evidence_governance_owner,allowed_true_precondition_update_bounded,0,false,false,false,false,false,false,false,false
DMOI-RF-LSS-BCRPBEDPBRL-RET-0598,DMOI-RF-LSS-BCRPBEDPBRR-REQ-0598,DMOI-RF-LSS-BCRPBEDPBLK-BLOCK-0598,forbidden_source_text_confirmed,evidence_governance_owner,authority_role_validated,0,false,false,false,false,false,false,false,false
DMOI-RF-LSS-BCRPBEDPBRL-RET-0599,DMOI-RF-LSS-BCRPBEDPBRR-REQ-0599,DMOI-RF-LSS-BCRPBEDPBLK-BLOCK-0599,forbidden_source_text_confirmed,evidence_governance_owner,downstream_query_gate_separate,0,false,false,false,false,false,false,false,false
DMOI-RF-LSS-BCRPBEDPBRL-RET-0600,DMOI-RF-LSS-BCRPBEDPBRR-REQ-0600,DMOI-RF-LSS-BCRPBEDPBLK-BLOCK-0600,forbidden_source_text_confirmed,evidence_governance_owner,downstream_surface_translation_gates_separate,0,false,false,false,false,false,false,false,false
DMOI-RF-LSS-BCRPBEDPBRL-RET-0601,DMOI-RF-LSS-BCRPBEDPBRR-REQ-0601,DMOI-RF-LSS-BCRPBEDPBLK-BLOCK-0601,forbidden_source_text_confirmed,evidence_governance_owner,decision_row_linkage_validated,0,false,false,false,false,false,false,false,false
DMOI-RF-LSS-BCRPBEDPBRL-RET-0602,DMOI-RF-LSS-BCRPBEDPBRR-REQ-0602,DMOI-RF-LSS-BCRPBEDPBLK-BLOCK-0602,forbidden_source_text_confirmed,evidence_governance_owner,all_decision_fields_filled,0,false,false,false,false,false,false,false,false
DMOI-RF-LSS-BCRPBEDPBRL-RET-0603,DMOI-RF-LSS-BCRPBEDPBRR-REQ-0603,DMOI-RF-LSS-BCRPBEDPBLK-BLOCK-0603,forbidden_source_text_confirmed,evidence_governance_owner,all_criteria_decisions_recorded,0,false,false,false,false,false,false,false,false
DMOI-RF-LSS-BCRPBEDPBRL-RET-0604,DMOI-RF-LSS-BCRPBEDPBRR-REQ-0604,DMOI-RF-LSS-BCRPBEDPBLK-BLOCK-0604,forbidden_source_text_confirmed,evidence_governance_owner,all_criteria_passed,0,false,false,false,false,false,false,false,false
DMOI-RF-LSS-BCRPBEDPBRL-RET-0605,DMOI-RF-LSS-BCRPBEDPBRR-REQ-0605,DMOI-RF-LSS-BCRPBEDPBLK-BLOCK-0605,forbidden_source_text_confirmed,evidence_governance_owner,no_criteria_failed,0,false,false,false,false,false,false,false,false
DMOI-RF-LSS-BCRPBEDPBRL-RET-0606,DMOI-RF-LSS-BCRPBEDPBRR-REQ-0606,DMOI-RF-LSS-BCRPBEDPBLK-BLOCK-0606,forbidden_source_text_confirmed,evidence_governance_owner,evidence_values_reviewed,0,false,false,false,false,false,false,false,false
DMOI-RF-LSS-BCRPBEDPBRL-RET-0607,DMOI-RF-LSS-BCRPBEDPBRR-REQ-0607,DMOI-RF-LSS-BCRPBEDPBLK-BLOCK-0607,forbidden_source_text_confirmed,evidence_governance_owner,evidence_source_pointers_reviewed,0,false,false,false,false,false,false,false,false
DMOI-RF-LSS-BCRPBEDPBRL-RET-0608,DMOI-RF-LSS-BCRPBEDPBRR-REQ-0608,DMOI-RF-LSS-BCRPBEDPBLK-BLOCK-0608,forbidden_source_text_confirmed,evidence_governance_owner,source_text_prohibition_confirmed,0,false,false,false,false,false,false,false,false
DMOI-RF-LSS-BCRPBEDPBRL-RET-0609,DMOI-RF-LSS-BCRPBEDPBRR-REQ-0609,DMOI-RF-LSS-BCRPBEDPBLK-BLOCK-0609,forbidden_source_text_confirmed,evidence_governance_owner,allowed_true_precondition_update_bounded,0,false,false,false,false,false,false,false,false
DMOI-RF-LSS-BCRPBEDPBRL-RET-0610,DMOI-RF-LSS-BCRPBEDPBRR-REQ-0610,DMOI-RF-LSS-BCRPBEDPBLK-BLOCK-0610,forbidden_source_text_confirmed,evidence_governance_owner,authority_role_validated,0,false,false,false,false,false,false,false,false
DMOI-RF-LSS-BCRPBEDPBRL-RET-0611,DMOI-RF-LSS-BCRPBEDPBRR-REQ-0611,DMOI-RF-LSS-BCRPBEDPBLK-BLOCK-0611,forbidden_source_text_confirmed,evidence_governance_owner,downstream_query_gate_separate,0,false,false,false,false,false,false,false,false
DMOI-RF-LSS-BCRPBEDPBRL-RET-0612,DMOI-RF-LSS-BCRPBEDPBRR-REQ-0612,DMOI-RF-LSS-BCRPBEDPBLK-BLOCK-0612,forbidden_source_text_confirmed,evidence_governance_owner,downstream_surface_translation_gates_separate,0,false,false,false,false,false,false,false,false
DMOI-RF-LSS-BCRPBEDPBRL-RET-0613,DMOI-RF-LSS-BCRPBEDPBRR-REQ-0613,DMOI-RF-LSS-BCRPBEDPBLK-BLOCK-0613,forbidden_source_text_confirmed,evidence_governance_owner,decision_row_linkage_validated,0,false,false,false,false,false,false,false,false
DMOI-RF-LSS-BCRPBEDPBRL-RET-0614,DMOI-RF-LSS-BCRPBEDPBRR-REQ-0614,DMOI-RF-LSS-BCRPBEDPBLK-BLOCK-0614,forbidden_source_text_confirmed,evidence_governance_owner,all_decision_fields_filled,0,false,false,false,false,false,false,false,false
DMOI-RF-LSS-BCRPBEDPBRL-RET-0615,DMOI-RF-LSS-BCRPBEDPBRR-REQ-0615,DMOI-RF-LSS-BCRPBEDPBLK-BLOCK-0615,forbidden_source_text_confirmed,evidence_governance_owner,all_criteria_decisions_recorded,0,false,false,false,false,false,false,false,false
DMOI-RF-LSS-BCRPBEDPBRL-RET-0616,DMOI-RF-LSS-BCRPBEDPBRR-REQ-0616,DMOI-RF-LSS-BCRPBEDPBLK-BLOCK-0616,forbidden_source_text_confirmed,evidence_governance_owner,all_criteria_passed,0,false,false,false,false,false,false,false,false
DMOI-RF-LSS-BCRPBEDPBRL-RET-0617,DMOI-RF-LSS-BCRPBEDPBRR-REQ-0617,DMOI-RF-LSS-BCRPBEDPBLK-BLOCK-0617,forbidden_source_text_confirmed,evidence_governance_owner,no_criteria_failed,0,false,false,false,false,false,false,false,false
DMOI-RF-LSS-BCRPBEDPBRL-RET-0618,DMOI-RF-LSS-BCRPBEDPBRR-REQ-0618,DMOI-RF-LSS-BCRPBEDPBLK-BLOCK-0618,forbidden_source_text_confirmed,evidence_governance_owner,evidence_values_reviewed,0,false,false,false,false,false,false,false,false
DMOI-RF-LSS-BCRPBEDPBRL-RET-0619,DMOI-RF-LSS-BCRPBEDPBRR-REQ-0619,DMOI-RF-LSS-BCRPBEDPBLK-BLOCK-0619,forbidden_source_text_confirmed,evidence_governance_owner,evidence_source_pointers_reviewed,0,false,false,false,false,false,false,false,false
DMOI-RF-LSS-BCRPBEDPBRL-RET-0620,DMOI-RF-LSS-BCRPBEDPBRR-REQ-0620,DMOI-RF-LSS-BCRPBEDPBLK-BLOCK-0620,forbidden_source_text_confirmed,evidence_governance_owner,source_text_prohibition_confirmed,0,false,false,false,false,false,false,false,false
DMOI-RF-LSS-BCRPBEDPBRL-RET-0621,DMOI-RF-LSS-BCRPBEDPBRR-REQ-0621,DMOI-RF-LSS-BCRPBEDPBLK-BLOCK-0621,forbidden_source_text_confirmed,evidence_governance_owner,allowed_true_precondition_update_bounded,0,false,false,false,false,false,false,false,false
DMOI-RF-LSS-BCRPBEDPBRL-RET-0622,DMOI-RF-LSS-BCRPBEDPBRR-REQ-0622,DMOI-RF-LSS-BCRPBEDPBLK-BLOCK-0622,forbidden_source_text_confirmed,evidence_governance_owner,authority_role_validated,0,false,false,false,false,false,false,false,false
DMOI-RF-LSS-BCRPBEDPBRL-RET-0623,DMOI-RF-LSS-BCRPBEDPBRR-REQ-0623,DMOI-RF-LSS-BCRPBEDPBLK-BLOCK-0623,forbidden_source_text_confirmed,evidence_governance_owner,downstream_query_gate_separate,0,false,false,false,false,false,false,false,false
DMOI-RF-LSS-BCRPBEDPBRL-RET-0624,DMOI-RF-LSS-BCRPBEDPBRR-REQ-0624,DMOI-RF-LSS-BCRPBEDPBLK-BLOCK-0624,forbidden_source_text_confirmed,evidence_governance_owner,downstream_surface_translation_gates_separate,0,false,false,false,false,false,false,false,false
DMOI-RF-LSS-BCRPBEDPBRL-RET-0625,DMOI-RF-LSS-BCRPBEDPBRR-REQ-0625,DMOI-RF-LSS-BCRPBEDPBLK-BLOCK-0625,forbidden_source_text_confirmed,evidence_governance_owner,decision_row_linkage_validated,0,false,false,false,false,false,false,false,false
DMOI-RF-LSS-BCRPBEDPBRL-RET-0626,DMOI-RF-LSS-BCRPBEDPBRR-REQ-0626,DMOI-RF-LSS-BCRPBEDPBLK-BLOCK-0626,forbidden_source_text_confirmed,evidence_governance_owner,all_decision_fields_filled,0,false,false,false,false,false,false,false,false
DMOI-RF-LSS-BCRPBEDPBRL-RET-0627,DMOI-RF-LSS-BCRPBEDPBRR-REQ-0627,DMOI-RF-LSS-BCRPBEDPBLK-BLOCK-0627,forbidden_source_text_confirmed,evidence_governance_owner,all_criteria_decisions_recorded,0,false,false,false,false,false,false,false,false
DMOI-RF-LSS-BCRPBEDPBRL-RET-0628,DMOI-RF-LSS-BCRPBEDPBRR-REQ-0628,DMOI-RF-LSS-BCRPBEDPBLK-BLOCK-0628,forbidden_source_text_confirmed,evidence_governance_owner,all_criteria_passed,0,false,false,false,false,false,false,false,false
DMOI-RF-LSS-BCRPBEDPBRL-RET-0629,DMOI-RF-LSS-BCRPBEDPBRR-REQ-0629,DMOI-RF-LSS-BCRPBEDPBLK-BLOCK-0629,forbidden_source_text_confirmed,evidence_governance_owner,no_criteria_failed,0,false,false,false,false,false,false,false,false
DMOI-RF-LSS-BCRPBEDPBRL-RET-0630,DMOI-RF-LSS-BCRPBEDPBRR-REQ-0630,DMOI-RF-LSS-BCRPBEDPBLK-BLOCK-0630,forbidden_source_text_confirmed,evidence_governance_owner,evidence_values_reviewed,0,false,false,false,false,false,false,false,false
DMOI-RF-LSS-BCRPBEDPBRL-RET-0631,DMOI-RF-LSS-BCRPBEDPBRR-REQ-0631,DMOI-RF-LSS-BCRPBEDPBLK-BLOCK-0631,forbidden_source_text_confirmed,evidence_governance_owner,evidence_source_pointers_reviewed,0,false,false,false,false,false,false,false,false
DMOI-RF-LSS-BCRPBEDPBRL-RET-0632,DMOI-RF-LSS-BCRPBEDPBRR-REQ-0632,DMOI-RF-LSS-BCRPBEDPBLK-BLOCK-0632,forbidden_source_text_confirmed,evidence_governance_owner,source_text_prohibition_confirmed,0,false,false,false,false,false,false,false,false
DMOI-RF-LSS-BCRPBEDPBRL-RET-0633,DMOI-RF-LSS-BCRPBEDPBRR-REQ-0633,DMOI-RF-LSS-BCRPBEDPBLK-BLOCK-0633,forbidden_source_text_confirmed,evidence_governance_owner,allowed_true_precondition_update_bounded,0,false,false,false,false,false,false,false,false
DMOI-RF-LSS-BCRPBEDPBRL-RET-0634,DMOI-RF-LSS-BCRPBEDPBRR-REQ-0634,DMOI-RF-LSS-BCRPBEDPBLK-BLOCK-0634,forbidden_source_text_confirmed,evidence_governance_owner,authority_role_validated,0,false,false,false,false,false,false,false,false
DMOI-RF-LSS-BCRPBEDPBRL-RET-0635,DMOI-RF-LSS-BCRPBEDPBRR-REQ-0635,DMOI-RF-LSS-BCRPBEDPBLK-BLOCK-0635,forbidden_source_text_confirmed,evidence_governance_owner,downstream_query_gate_separate,0,false,false,false,false,false,false,false,false
DMOI-RF-LSS-BCRPBEDPBRL-RET-0636,DMOI-RF-LSS-BCRPBEDPBRR-REQ-0636,DMOI-RF-LSS-BCRPBEDPBLK-BLOCK-0636,forbidden_source_text_confirmed,evidence_governance_owner,downstream_surface_translation_gates_separate,0,false,false,false,false,false,false,false,false
DMOI-RF-LSS-BCRPBEDPBRL-RET-0637,DMOI-RF-LSS-BCRPBEDPBRR-REQ-0637,DMOI-RF-LSS-BCRPBEDPBLK-BLOCK-0637,forbidden_source_text_confirmed,evidence_governance_owner,decision_row_linkage_validated,0,false,false,false,false,false,false,false,false
DMOI-RF-LSS-BCRPBEDPBRL-RET-0638,DMOI-RF-LSS-BCRPBEDPBRR-REQ-0638,DMOI-RF-LSS-BCRPBEDPBLK-BLOCK-0638,forbidden_source_text_confirmed,evidence_governance_owner,all_decision_fields_filled,0,false,false,false,false,false,false,false,false
DMOI-RF-LSS-BCRPBEDPBRL-RET-0639,DMOI-RF-LSS-BCRPBEDPBRR-REQ-0639,DMOI-RF-LSS-BCRPBEDPBLK-BLOCK-0639,forbidden_source_text_confirmed,evidence_governance_owner,all_criteria_decisions_recorded,0,false,false,false,false,false,false,false,false
DMOI-RF-LSS-BCRPBEDPBRL-RET-0640,DMOI-RF-LSS-BCRPBEDPBRR-REQ-0640,DMOI-RF-LSS-BCRPBEDPBLK-BLOCK-0640,forbidden_source_text_confirmed,evidence_governance_owner,all_criteria_passed,0,false,false,false,false,false,false,false,false
DMOI-RF-LSS-BCRPBEDPBRL-RET-0641,DMOI-RF-LSS-BCRPBEDPBRR-REQ-0641,DMOI-RF-LSS-BCRPBEDPBLK-BLOCK-0641,forbidden_source_text_confirmed,evidence_governance_owner,no_criteria_failed,0,false,false,false,false,false,false,false,false
DMOI-RF-LSS-BCRPBEDPBRL-RET-0642,DMOI-RF-LSS-BCRPBEDPBRR-REQ-0642,DMOI-RF-LSS-BCRPBEDPBLK-BLOCK-0642,forbidden_source_text_confirmed,evidence_governance_owner,evidence_values_reviewed,0,false,false,false,false,false,false,false,false
DMOI-RF-LSS-BCRPBEDPBRL-RET-0643,DMOI-RF-LSS-BCRPBEDPBRR-REQ-0643,DMOI-RF-LSS-BCRPBEDPBLK-BLOCK-0643,forbidden_source_text_confirmed,evidence_governance_owner,evidence_source_pointers_reviewed,0,false,false,false,false,false,false,false,false
DMOI-RF-LSS-BCRPBEDPBRL-RET-0644,DMOI-RF-LSS-BCRPBEDPBRR-REQ-0644,DMOI-RF-LSS-BCRPBEDPBLK-BLOCK-0644,forbidden_source_text_confirmed,evidence_governance_owner,source_text_prohibition_confirmed,0,false,false,false,false,false,false,false,false
DMOI-RF-LSS-BCRPBEDPBRL-RET-0645,DMOI-RF-LSS-BCRPBEDPBRR-REQ-0645,DMOI-RF-LSS-BCRPBEDPBLK-BLOCK-0645,forbidden_source_text_confirmed,evidence_governance_owner,allowed_true_precondition_update_bounded,0,false,false,false,false,false,false,false,false
DMOI-RF-LSS-BCRPBEDPBRL-RET-0646,DMOI-RF-LSS-BCRPBEDPBRR-REQ-0646,DMOI-RF-LSS-BCRPBEDPBLK-BLOCK-0646,forbidden_source_text_confirmed,evidence_governance_owner,authority_role_validated,0,false,false,false,false,false,false,false,false
DMOI-RF-LSS-BCRPBEDPBRL-RET-0647,DMOI-RF-LSS-BCRPBEDPBRR-REQ-0647,DMOI-RF-LSS-BCRPBEDPBLK-BLOCK-0647,forbidden_source_text_confirmed,evidence_governance_owner,downstream_query_gate_separate,0,false,false,false,false,false,false,false,false
DMOI-RF-LSS-BCRPBEDPBRL-RET-0648,DMOI-RF-LSS-BCRPBEDPBRR-REQ-0648,DMOI-RF-LSS-BCRPBEDPBLK-BLOCK-0648,forbidden_source_text_confirmed,evidence_governance_owner,downstream_surface_translation_gates_separate,0,false,false,false,false,false,false,false,false
DMOI-RF-LSS-BCRPBEDPBRL-RET-0649,DMOI-RF-LSS-BCRPBEDPBRR-REQ-0649,DMOI-RF-LSS-BCRPBEDPBLK-BLOCK-0649,forbidden_source_text_confirmed,evidence_governance_owner,decision_row_linkage_validated,0,false,false,false,false,false,false,false,false
DMOI-RF-LSS-BCRPBEDPBRL-RET-0650,DMOI-RF-LSS-BCRPBEDPBRR-REQ-0650,DMOI-RF-LSS-BCRPBEDPBLK-BLOCK-0650,forbidden_source_text_confirmed,evidence_governance_owner,all_decision_fields_filled,0,false,false,false,false,false,false,false,false
DMOI-RF-LSS-BCRPBEDPBRL-RET-0651,DMOI-RF-LSS-BCRPBEDPBRR-REQ-0651,DMOI-RF-LSS-BCRPBEDPBLK-BLOCK-0651,forbidden_source_text_confirmed,evidence_governance_owner,all_criteria_decisions_recorded,0,false,false,false,false,false,false,false,false
DMOI-RF-LSS-BCRPBEDPBRL-RET-0652,DMOI-RF-LSS-BCRPBEDPBRR-REQ-0652,DMOI-RF-LSS-BCRPBEDPBLK-BLOCK-0652,forbidden_source_text_confirmed,evidence_governance_owner,all_criteria_passed,0,false,false,false,false,false,false,false,false
DMOI-RF-LSS-BCRPBEDPBRL-RET-0653,DMOI-RF-LSS-BCRPBEDPBRR-REQ-0653,DMOI-RF-LSS-BCRPBEDPBLK-BLOCK-0653,forbidden_source_text_confirmed,evidence_governance_owner,no_criteria_failed,0,false,false,false,false,false,false,false,false
DMOI-RF-LSS-BCRPBEDPBRL-RET-0654,DMOI-RF-LSS-BCRPBEDPBRR-REQ-0654,DMOI-RF-LSS-BCRPBEDPBLK-BLOCK-0654,forbidden_source_text_confirmed,evidence_governance_owner,evidence_values_reviewed,0,false,false,false,false,false,false,false,false
DMOI-RF-LSS-BCRPBEDPBRL-RET-0655,DMOI-RF-LSS-BCRPBEDPBRR-REQ-0655,DMOI-RF-LSS-BCRPBEDPBLK-BLOCK-0655,forbidden_source_text_confirmed,evidence_governance_owner,evidence_source_pointers_reviewed,0,false,false,false,false,false,false,false,false
DMOI-RF-LSS-BCRPBEDPBRL-RET-0656,DMOI-RF-LSS-BCRPBEDPBRR-REQ-0656,DMOI-RF-LSS-BCRPBEDPBLK-BLOCK-0656,forbidden_source_text_confirmed,evidence_governance_owner,source_text_prohibition_confirmed,0,false,false,false,false,false,false,false,false
DMOI-RF-LSS-BCRPBEDPBRL-RET-0657,DMOI-RF-LSS-BCRPBEDPBRR-REQ-0657,DMOI-RF-LSS-BCRPBEDPBLK-BLOCK-0657,forbidden_source_text_confirmed,evidence_governance_owner,allowed_true_precondition_update_bounded,0,false,false,false,false,false,false,false,false
DMOI-RF-LSS-BCRPBEDPBRL-RET-0658,DMOI-RF-LSS-BCRPBEDPBRR-REQ-0658,DMOI-RF-LSS-BCRPBEDPBLK-BLOCK-0658,forbidden_source_text_confirmed,evidence_governance_owner,authority_role_validated,0,false,false,false,false,false,false,false,false
DMOI-RF-LSS-BCRPBEDPBRL-RET-0659,DMOI-RF-LSS-BCRPBEDPBRR-REQ-0659,DMOI-RF-LSS-BCRPBEDPBLK-BLOCK-0659,forbidden_source_text_confirmed,evidence_governance_owner,downstream_query_gate_separate,0,false,false,false,false,false,false,false,false
DMOI-RF-LSS-BCRPBEDPBRL-RET-0660,DMOI-RF-LSS-BCRPBEDPBRR-REQ-0660,DMOI-RF-LSS-BCRPBEDPBLK-BLOCK-0660,forbidden_source_text_confirmed,evidence_governance_owner,downstream_surface_translation_gates_separate,0,false,false,false,false,false,false,false,false
DMOI-RF-LSS-BCRPBEDPBRL-RET-0661,DMOI-RF-LSS-BCRPBEDPBRR-REQ-0661,DMOI-RF-LSS-BCRPBEDPBLK-BLOCK-0661,forbidden_source_text_confirmed,evidence_governance_owner,decision_row_linkage_validated,0,false,false,false,false,false,false,false,false
DMOI-RF-LSS-BCRPBEDPBRL-RET-0662,DMOI-RF-LSS-BCRPBEDPBRR-REQ-0662,DMOI-RF-LSS-BCRPBEDPBLK-BLOCK-0662,forbidden_source_text_confirmed,evidence_governance_owner,all_decision_fields_filled,0,false,false,false,false,false,false,false,false
DMOI-RF-LSS-BCRPBEDPBRL-RET-0663,DMOI-RF-LSS-BCRPBEDPBRR-REQ-0663,DMOI-RF-LSS-BCRPBEDPBLK-BLOCK-0663,forbidden_source_text_confirmed,evidence_governance_owner,all_criteria_decisions_recorded,0,false,false,false,false,false,false,false,false
DMOI-RF-LSS-BCRPBEDPBRL-RET-0664,DMOI-RF-LSS-BCRPBEDPBRR-REQ-0664,DMOI-RF-LSS-BCRPBEDPBLK-BLOCK-0664,forbidden_source_text_confirmed,evidence_governance_owner,all_criteria_passed,0,false,false,false,false,false,false,false,false
DMOI-RF-LSS-BCRPBEDPBRL-RET-0665,DMOI-RF-LSS-BCRPBEDPBRR-REQ-0665,DMOI-RF-LSS-BCRPBEDPBLK-BLOCK-0665,forbidden_source_text_confirmed,evidence_governance_owner,no_criteria_failed,0,false,false,false,false,false,false,false,false
DMOI-RF-LSS-BCRPBEDPBRL-RET-0666,DMOI-RF-LSS-BCRPBEDPBRR-REQ-0666,DMOI-RF-LSS-BCRPBEDPBLK-BLOCK-0666,forbidden_source_text_confirmed,evidence_governance_owner,evidence_values_reviewed,0,false,false,false,false,false,false,false,false
DMOI-RF-LSS-BCRPBEDPBRL-RET-0667,DMOI-RF-LSS-BCRPBEDPBRR-REQ-0667,DMOI-RF-LSS-BCRPBEDPBLK-BLOCK-0667,forbidden_source_text_confirmed,evidence_governance_owner,evidence_source_pointers_reviewed,0,false,false,false,false,false,false,false,false
DMOI-RF-LSS-BCRPBEDPBRL-RET-0668,DMOI-RF-LSS-BCRPBEDPBRR-REQ-0668,DMOI-RF-LSS-BCRPBEDPBLK-BLOCK-0668,forbidden_source_text_confirmed,evidence_governance_owner,source_text_prohibition_confirmed,0,false,false,false,false,false,false,false,false
DMOI-RF-LSS-BCRPBEDPBRL-RET-0669,DMOI-RF-LSS-BCRPBEDPBRR-REQ-0669,DMOI-RF-LSS-BCRPBEDPBLK-BLOCK-0669,forbidden_source_text_confirmed,evidence_governance_owner,allowed_true_precondition_update_bounded,0,false,false,false,false,false,false,false,false
DMOI-RF-LSS-BCRPBEDPBRL-RET-0670,DMOI-RF-LSS-BCRPBEDPBRR-REQ-0670,DMOI-RF-LSS-BCRPBEDPBLK-BLOCK-0670,forbidden_source_text_confirmed,evidence_governance_owner,authority_role_validated,0,false,false,false,false,false,false,false,false
DMOI-RF-LSS-BCRPBEDPBRL-RET-0671,DMOI-RF-LSS-BCRPBEDPBRR-REQ-0671,DMOI-RF-LSS-BCRPBEDPBLK-BLOCK-0671,forbidden_source_text_confirmed,evidence_governance_owner,downstream_query_gate_separate,0,false,false,false,false,false,false,false,false
DMOI-RF-LSS-BCRPBEDPBRL-RET-0672,DMOI-RF-LSS-BCRPBEDPBRR-REQ-0672,DMOI-RF-LSS-BCRPBEDPBLK-BLOCK-0672,forbidden_source_text_confirmed,evidence_governance_owner,downstream_surface_translation_gates_separate,0,false,false,false,false,false,false,false,false
DMOI-RF-LSS-BCRPBEDPBRL-RET-0673,DMOI-RF-LSS-BCRPBEDPBRR-REQ-0673,DMOI-RF-LSS-BCRPBEDPBLK-BLOCK-0673,forbidden_source_text_confirmed,evidence_governance_owner,decision_row_linkage_validated,0,false,false,false,false,false,false,false,false
DMOI-RF-LSS-BCRPBEDPBRL-RET-0674,DMOI-RF-LSS-BCRPBEDPBRR-REQ-0674,DMOI-RF-LSS-BCRPBEDPBLK-BLOCK-0674,forbidden_source_text_confirmed,evidence_governance_owner,all_decision_fields_filled,0,false,false,false,false,false,false,false,false
DMOI-RF-LSS-BCRPBEDPBRL-RET-0675,DMOI-RF-LSS-BCRPBEDPBRR-REQ-0675,DMOI-RF-LSS-BCRPBEDPBLK-BLOCK-0675,forbidden_source_text_confirmed,evidence_governance_owner,all_criteria_decisions_recorded,0,false,false,false,false,false,false,false,false
DMOI-RF-LSS-BCRPBEDPBRL-RET-0676,DMOI-RF-LSS-BCRPBEDPBRR-REQ-0676,DMOI-RF-LSS-BCRPBEDPBLK-BLOCK-0676,forbidden_source_text_confirmed,evidence_governance_owner,all_criteria_passed,0,false,false,false,false,false,false,false,false
DMOI-RF-LSS-BCRPBEDPBRL-RET-0677,DMOI-RF-LSS-BCRPBEDPBRR-REQ-0677,DMOI-RF-LSS-BCRPBEDPBLK-BLOCK-0677,forbidden_source_text_confirmed,evidence_governance_owner,no_criteria_failed,0,false,false,false,false,false,false,false,false
DMOI-RF-LSS-BCRPBEDPBRL-RET-0678,DMOI-RF-LSS-BCRPBEDPBRR-REQ-0678,DMOI-RF-LSS-BCRPBEDPBLK-BLOCK-0678,forbidden_source_text_confirmed,evidence_governance_owner,evidence_values_reviewed,0,false,false,false,false,false,false,false,false
DMOI-RF-LSS-BCRPBEDPBRL-RET-0679,DMOI-RF-LSS-BCRPBEDPBRR-REQ-0679,DMOI-RF-LSS-BCRPBEDPBLK-BLOCK-0679,forbidden_source_text_confirmed,evidence_governance_owner,evidence_source_pointers_reviewed,0,false,false,false,false,false,false,false,false
DMOI-RF-LSS-BCRPBEDPBRL-RET-0680,DMOI-RF-LSS-BCRPBEDPBRR-REQ-0680,DMOI-RF-LSS-BCRPBEDPBLK-BLOCK-0680,forbidden_source_text_confirmed,evidence_governance_owner,source_text_prohibition_confirmed,0,false,false,false,false,false,false,false,false
DMOI-RF-LSS-BCRPBEDPBRL-RET-0681,DMOI-RF-LSS-BCRPBEDPBRR-REQ-0681,DMOI-RF-LSS-BCRPBEDPBLK-BLOCK-0681,forbidden_source_text_confirmed,evidence_governance_owner,allowed_true_precondition_update_bounded,0,false,false,false,false,false,false,false,false
DMOI-RF-LSS-BCRPBEDPBRL-RET-0682,DMOI-RF-LSS-BCRPBEDPBRR-REQ-0682,DMOI-RF-LSS-BCRPBEDPBLK-BLOCK-0682,forbidden_source_text_confirmed,evidence_governance_owner,authority_role_validated,0,false,false,false,false,false,false,false,false
DMOI-RF-LSS-BCRPBEDPBRL-RET-0683,DMOI-RF-LSS-BCRPBEDPBRR-REQ-0683,DMOI-RF-LSS-BCRPBEDPBLK-BLOCK-0683,forbidden_source_text_confirmed,evidence_governance_owner,downstream_query_gate_separate,0,false,false,false,false,false,false,false,false
DMOI-RF-LSS-BCRPBEDPBRL-RET-0684,DMOI-RF-LSS-BCRPBEDPBRR-REQ-0684,DMOI-RF-LSS-BCRPBEDPBLK-BLOCK-0684,forbidden_source_text_confirmed,evidence_governance_owner,downstream_surface_translation_gates_separate,0,false,false,false,false,false,false,false,false
DMOI-RF-LSS-BCRPBEDPBRL-RET-0685,DMOI-RF-LSS-BCRPBEDPBRR-REQ-0685,DMOI-RF-LSS-BCRPBEDPBLK-BLOCK-0685,forbidden_source_text_confirmed,evidence_governance_owner,decision_row_linkage_validated,0,false,false,false,false,false,false,false,false
DMOI-RF-LSS-BCRPBEDPBRL-RET-0686,DMOI-RF-LSS-BCRPBEDPBRR-REQ-0686,DMOI-RF-LSS-BCRPBEDPBLK-BLOCK-0686,forbidden_source_text_confirmed,evidence_governance_owner,all_decision_fields_filled,0,false,false,false,false,false,false,false,false
DMOI-RF-LSS-BCRPBEDPBRL-RET-0687,DMOI-RF-LSS-BCRPBEDPBRR-REQ-0687,DMOI-RF-LSS-BCRPBEDPBLK-BLOCK-0687,forbidden_source_text_confirmed,evidence_governance_owner,all_criteria_decisions_recorded,0,false,false,false,false,false,false,false,false
DMOI-RF-LSS-BCRPBEDPBRL-RET-0688,DMOI-RF-LSS-BCRPBEDPBRR-REQ-0688,DMOI-RF-LSS-BCRPBEDPBLK-BLOCK-0688,forbidden_source_text_confirmed,evidence_governance_owner,all_criteria_passed,0,false,false,false,false,false,false,false,false
DMOI-RF-LSS-BCRPBEDPBRL-RET-0689,DMOI-RF-LSS-BCRPBEDPBRR-REQ-0689,DMOI-RF-LSS-BCRPBEDPBLK-BLOCK-0689,forbidden_source_text_confirmed,evidence_governance_owner,no_criteria_failed,0,false,false,false,false,false,false,false,false
DMOI-RF-LSS-BCRPBEDPBRL-RET-0690,DMOI-RF-LSS-BCRPBEDPBRR-REQ-0690,DMOI-RF-LSS-BCRPBEDPBLK-BLOCK-0690,forbidden_source_text_confirmed,evidence_governance_owner,evidence_values_reviewed,0,false,false,false,false,false,false,false,false
DMOI-RF-LSS-BCRPBEDPBRL-RET-0691,DMOI-RF-LSS-BCRPBEDPBRR-REQ-0691,DMOI-RF-LSS-BCRPBEDPBLK-BLOCK-0691,forbidden_source_text_confirmed,evidence_governance_owner,evidence_source_pointers_reviewed,0,false,false,false,false,false,false,false,false
DMOI-RF-LSS-BCRPBEDPBRL-RET-0692,DMOI-RF-LSS-BCRPBEDPBRR-REQ-0692,DMOI-RF-LSS-BCRPBEDPBLK-BLOCK-0692,forbidden_source_text_confirmed,evidence_governance_owner,source_text_prohibition_confirmed,0,false,false,false,false,false,false,false,false
DMOI-RF-LSS-BCRPBEDPBRL-RET-0693,DMOI-RF-LSS-BCRPBEDPBRR-REQ-0693,DMOI-RF-LSS-BCRPBEDPBLK-BLOCK-0693,forbidden_source_text_confirmed,evidence_governance_owner,allowed_true_precondition_update_bounded,0,false,false,false,false,false,false,false,false
DMOI-RF-LSS-BCRPBEDPBRL-RET-0694,DMOI-RF-LSS-BCRPBEDPBRR-REQ-0694,DMOI-RF-LSS-BCRPBEDPBLK-BLOCK-0694,forbidden_source_text_confirmed,evidence_governance_owner,authority_role_validated,0,false,false,false,false,false,false,false,false
DMOI-RF-LSS-BCRPBEDPBRL-RET-0695,DMOI-RF-LSS-BCRPBEDPBRR-REQ-0695,DMOI-RF-LSS-BCRPBEDPBLK-BLOCK-0695,forbidden_source_text_confirmed,evidence_governance_owner,downstream_query_gate_separate,0,false,false,false,false,false,false,false,false
DMOI-RF-LSS-BCRPBEDPBRL-RET-0696,DMOI-RF-LSS-BCRPBEDPBRR-REQ-0696,DMOI-RF-LSS-BCRPBEDPBLK-BLOCK-0696,forbidden_source_text_confirmed,evidence_governance_owner,downstream_surface_translation_gates_separate,0,false,false,false,false,false,false,false,false
DMOI-RF-LSS-BCRPBEDPBRL-RET-0697,DMOI-RF-LSS-BCRPBEDPBRR-REQ-0697,DMOI-RF-LSS-BCRPBEDPBLK-BLOCK-0697,forbidden_source_text_confirmed,evidence_governance_owner,decision_row_linkage_validated,0,false,false,false,false,false,false,false,false
DMOI-RF-LSS-BCRPBEDPBRL-RET-0698,DMOI-RF-LSS-BCRPBEDPBRR-REQ-0698,DMOI-RF-LSS-BCRPBEDPBLK-BLOCK-0698,forbidden_source_text_confirmed,evidence_governance_owner,all_decision_fields_filled,0,false,false,false,false,false,false,false,false
DMOI-RF-LSS-BCRPBEDPBRL-RET-0699,DMOI-RF-LSS-BCRPBEDPBRR-REQ-0699,DMOI-RF-LSS-BCRPBEDPBLK-BLOCK-0699,forbidden_source_text_confirmed,evidence_governance_owner,all_criteria_decisions_recorded,0,false,false,false,false,false,false,false,false
DMOI-RF-LSS-BCRPBEDPBRL-RET-0700,DMOI-RF-LSS-BCRPBEDPBRR-REQ-0700,DMOI-RF-LSS-BCRPBEDPBLK-BLOCK-0700,forbidden_source_text_confirmed,evidence_governance_owner,all_criteria_passed,0,false,false,false,false,false,false,false,false
DMOI-RF-LSS-BCRPBEDPBRL-RET-0701,DMOI-RF-LSS-BCRPBEDPBRR-REQ-0701,DMOI-RF-LSS-BCRPBEDPBLK-BLOCK-0701,forbidden_source_text_confirmed,evidence_governance_owner,no_criteria_failed,0,false,false,false,false,false,false,false,false
DMOI-RF-LSS-BCRPBEDPBRL-RET-0702,DMOI-RF-LSS-BCRPBEDPBRR-REQ-0702,DMOI-RF-LSS-BCRPBEDPBLK-BLOCK-0702,forbidden_source_text_confirmed,evidence_governance_owner,evidence_values_reviewed,0,false,false,false,false,false,false,false,false
DMOI-RF-LSS-BCRPBEDPBRL-RET-0703,DMOI-RF-LSS-BCRPBEDPBRR-REQ-0703,DMOI-RF-LSS-BCRPBEDPBLK-BLOCK-0703,forbidden_source_text_confirmed,evidence_governance_owner,evidence_source_pointers_reviewed,0,false,false,false,false,false,false,false,false
DMOI-RF-LSS-BCRPBEDPBRL-RET-0704,DMOI-RF-LSS-BCRPBEDPBRR-REQ-0704,DMOI-RF-LSS-BCRPBEDPBLK-BLOCK-0704,forbidden_source_text_confirmed,evidence_governance_owner,source_text_prohibition_confirmed,0,false,false,false,false,false,false,false,false
DMOI-RF-LSS-BCRPBEDPBRL-RET-0705,DMOI-RF-LSS-BCRPBEDPBRR-REQ-0705,DMOI-RF-LSS-BCRPBEDPBLK-BLOCK-0705,forbidden_source_text_confirmed,evidence_governance_owner,allowed_true_precondition_update_bounded,0,false,false,false,false,false,false,false,false
DMOI-RF-LSS-BCRPBEDPBRL-RET-0706,DMOI-RF-LSS-BCRPBEDPBRR-REQ-0706,DMOI-RF-LSS-BCRPBEDPBLK-BLOCK-0706,forbidden_source_text_confirmed,evidence_governance_owner,authority_role_validated,0,false,false,false,false,false,false,false,false
DMOI-RF-LSS-BCRPBEDPBRL-RET-0707,DMOI-RF-LSS-BCRPBEDPBRR-REQ-0707,DMOI-RF-LSS-BCRPBEDPBLK-BLOCK-0707,forbidden_source_text_confirmed,evidence_governance_owner,downstream_query_gate_separate,0,false,false,false,false,false,false,false,false
DMOI-RF-LSS-BCRPBEDPBRL-RET-0708,DMOI-RF-LSS-BCRPBEDPBRR-REQ-0708,DMOI-RF-LSS-BCRPBEDPBLK-BLOCK-0708,forbidden_source_text_confirmed,evidence_governance_owner,downstream_surface_translation_gates_separate,0,false,false,false,false,false,false,false,false
DMOI-RF-LSS-BCRPBEDPBRL-RET-0709,DMOI-RF-LSS-BCRPBEDPBRR-REQ-0709,DMOI-RF-LSS-BCRPBEDPBLK-BLOCK-0709,forbidden_source_text_confirmed,evidence_governance_owner,decision_row_linkage_validated,0,false,false,false,false,false,false,false,false
DMOI-RF-LSS-BCRPBEDPBRL-RET-0710,DMOI-RF-LSS-BCRPBEDPBRR-REQ-0710,DMOI-RF-LSS-BCRPBEDPBLK-BLOCK-0710,forbidden_source_text_confirmed,evidence_governance_owner,all_decision_fields_filled,0,false,false,false,false,false,false,false,false
DMOI-RF-LSS-BCRPBEDPBRL-RET-0711,DMOI-RF-LSS-BCRPBEDPBRR-REQ-0711,DMOI-RF-LSS-BCRPBEDPBLK-BLOCK-0711,forbidden_source_text_confirmed,evidence_governance_owner,all_criteria_decisions_recorded,0,false,false,false,false,false,false,false,false
DMOI-RF-LSS-BCRPBEDPBRL-RET-0712,DMOI-RF-LSS-BCRPBEDPBRR-REQ-0712,DMOI-RF-LSS-BCRPBEDPBLK-BLOCK-0712,forbidden_source_text_confirmed,evidence_governance_owner,all_criteria_passed,0,false,false,false,false,false,false,false,false
DMOI-RF-LSS-BCRPBEDPBRL-RET-0713,DMOI-RF-LSS-BCRPBEDPBRR-REQ-0713,DMOI-RF-LSS-BCRPBEDPBLK-BLOCK-0713,forbidden_source_text_confirmed,evidence_governance_owner,no_criteria_failed,0,false,false,false,false,false,false,false,false
DMOI-RF-LSS-BCRPBEDPBRL-RET-0714,DMOI-RF-LSS-BCRPBEDPBRR-REQ-0714,DMOI-RF-LSS-BCRPBEDPBLK-BLOCK-0714,forbidden_source_text_confirmed,evidence_governance_owner,evidence_values_reviewed,0,false,false,false,false,false,false,false,false
DMOI-RF-LSS-BCRPBEDPBRL-RET-0715,DMOI-RF-LSS-BCRPBEDPBRR-REQ-0715,DMOI-RF-LSS-BCRPBEDPBLK-BLOCK-0715,forbidden_source_text_confirmed,evidence_governance_owner,evidence_source_pointers_reviewed,0,false,false,false,false,false,false,false,false
DMOI-RF-LSS-BCRPBEDPBRL-RET-0716,DMOI-RF-LSS-BCRPBEDPBRR-REQ-0716,DMOI-RF-LSS-BCRPBEDPBLK-BLOCK-0716,forbidden_source_text_confirmed,evidence_governance_owner,source_text_prohibition_confirmed,0,false,false,false,false,false,false,false,false
DMOI-RF-LSS-BCRPBEDPBRL-RET-0717,DMOI-RF-LSS-BCRPBEDPBRR-REQ-0717,DMOI-RF-LSS-BCRPBEDPBLK-BLOCK-0717,forbidden_source_text_confirmed,evidence_governance_owner,allowed_true_precondition_update_bounded,0,false,false,false,false,false,false,false,false
DMOI-RF-LSS-BCRPBEDPBRL-RET-0718,DMOI-RF-LSS-BCRPBEDPBRR-REQ-0718,DMOI-RF-LSS-BCRPBEDPBLK-BLOCK-0718,forbidden_source_text_confirmed,evidence_governance_owner,authority_role_validated,0,false,false,false,false,false,false,false,false
DMOI-RF-LSS-BCRPBEDPBRL-RET-0719,DMOI-RF-LSS-BCRPBEDPBRR-REQ-0719,DMOI-RF-LSS-BCRPBEDPBLK-BLOCK-0719,forbidden_source_text_confirmed,evidence_governance_owner,downstream_query_gate_separate,0,false,false,false,false,false,false,false,false
DMOI-RF-LSS-BCRPBEDPBRL-RET-0720,DMOI-RF-LSS-BCRPBEDPBRR-REQ-0720,DMOI-RF-LSS-BCRPBEDPBLK-BLOCK-0720,forbidden_source_text_confirmed,evidence_governance_owner,downstream_surface_translation_gates_separate,0,false,false,false,false,false,false,false,false
DMOI-RF-LSS-BCRPBEDPBRL-RET-0721,DMOI-RF-LSS-BCRPBEDPBRR-REQ-0721,DMOI-RF-LSS-BCRPBEDPBLK-BLOCK-0721,license_terms_cleared,capture_policy_return_owner,decision_row_linkage_validated,0,false,false,false,false,false,false,false,false
DMOI-RF-LSS-BCRPBEDPBRL-RET-0722,DMOI-RF-LSS-BCRPBEDPBRR-REQ-0722,DMOI-RF-LSS-BCRPBEDPBLK-BLOCK-0722,license_terms_cleared,capture_policy_return_owner,all_decision_fields_filled,0,false,false,false,false,false,false,false,false
DMOI-RF-LSS-BCRPBEDPBRL-RET-0723,DMOI-RF-LSS-BCRPBEDPBRR-REQ-0723,DMOI-RF-LSS-BCRPBEDPBLK-BLOCK-0723,license_terms_cleared,capture_policy_return_owner,all_criteria_decisions_recorded,0,false,false,false,false,false,false,false,false
DMOI-RF-LSS-BCRPBEDPBRL-RET-0724,DMOI-RF-LSS-BCRPBEDPBRR-REQ-0724,DMOI-RF-LSS-BCRPBEDPBLK-BLOCK-0724,license_terms_cleared,capture_policy_return_owner,all_criteria_passed,0,false,false,false,false,false,false,false,false
DMOI-RF-LSS-BCRPBEDPBRL-RET-0725,DMOI-RF-LSS-BCRPBEDPBRR-REQ-0725,DMOI-RF-LSS-BCRPBEDPBLK-BLOCK-0725,license_terms_cleared,capture_policy_return_owner,no_criteria_failed,0,false,false,false,false,false,false,false,false
DMOI-RF-LSS-BCRPBEDPBRL-RET-0726,DMOI-RF-LSS-BCRPBEDPBRR-REQ-0726,DMOI-RF-LSS-BCRPBEDPBLK-BLOCK-0726,license_terms_cleared,capture_policy_return_owner,evidence_values_reviewed,0,false,false,false,false,false,false,false,false
DMOI-RF-LSS-BCRPBEDPBRL-RET-0727,DMOI-RF-LSS-BCRPBEDPBRR-REQ-0727,DMOI-RF-LSS-BCRPBEDPBLK-BLOCK-0727,license_terms_cleared,capture_policy_return_owner,evidence_source_pointers_reviewed,0,false,false,false,false,false,false,false,false
DMOI-RF-LSS-BCRPBEDPBRL-RET-0728,DMOI-RF-LSS-BCRPBEDPBRR-REQ-0728,DMOI-RF-LSS-BCRPBEDPBLK-BLOCK-0728,license_terms_cleared,capture_policy_return_owner,source_text_prohibition_confirmed,0,false,false,false,false,false,false,false,false
DMOI-RF-LSS-BCRPBEDPBRL-RET-0729,DMOI-RF-LSS-BCRPBEDPBRR-REQ-0729,DMOI-RF-LSS-BCRPBEDPBLK-BLOCK-0729,license_terms_cleared,capture_policy_return_owner,allowed_true_precondition_update_bounded,0,false,false,false,false,false,false,false,false
DMOI-RF-LSS-BCRPBEDPBRL-RET-0730,DMOI-RF-LSS-BCRPBEDPBRR-REQ-0730,DMOI-RF-LSS-BCRPBEDPBLK-BLOCK-0730,license_terms_cleared,capture_policy_return_owner,authority_role_validated,0,false,false,false,false,false,false,false,false
DMOI-RF-LSS-BCRPBEDPBRL-RET-0731,DMOI-RF-LSS-BCRPBEDPBRR-REQ-0731,DMOI-RF-LSS-BCRPBEDPBLK-BLOCK-0731,license_terms_cleared,capture_policy_return_owner,downstream_query_gate_separate,0,false,false,false,false,false,false,false,false
DMOI-RF-LSS-BCRPBEDPBRL-RET-0732,DMOI-RF-LSS-BCRPBEDPBRR-REQ-0732,DMOI-RF-LSS-BCRPBEDPBLK-BLOCK-0732,license_terms_cleared,capture_policy_return_owner,downstream_surface_translation_gates_separate,0,false,false,false,false,false,false,false,false
DMOI-RF-LSS-BCRPBEDPBRL-RET-0733,DMOI-RF-LSS-BCRPBEDPBRR-REQ-0733,DMOI-RF-LSS-BCRPBEDPBLK-BLOCK-0733,license_terms_cleared,capture_policy_return_owner,decision_row_linkage_validated,0,false,false,false,false,false,false,false,false
DMOI-RF-LSS-BCRPBEDPBRL-RET-0734,DMOI-RF-LSS-BCRPBEDPBRR-REQ-0734,DMOI-RF-LSS-BCRPBEDPBLK-BLOCK-0734,license_terms_cleared,capture_policy_return_owner,all_decision_fields_filled,0,false,false,false,false,false,false,false,false
DMOI-RF-LSS-BCRPBEDPBRL-RET-0735,DMOI-RF-LSS-BCRPBEDPBRR-REQ-0735,DMOI-RF-LSS-BCRPBEDPBLK-BLOCK-0735,license_terms_cleared,capture_policy_return_owner,all_criteria_decisions_recorded,0,false,false,false,false,false,false,false,false
DMOI-RF-LSS-BCRPBEDPBRL-RET-0736,DMOI-RF-LSS-BCRPBEDPBRR-REQ-0736,DMOI-RF-LSS-BCRPBEDPBLK-BLOCK-0736,license_terms_cleared,capture_policy_return_owner,all_criteria_passed,0,false,false,false,false,false,false,false,false
DMOI-RF-LSS-BCRPBEDPBRL-RET-0737,DMOI-RF-LSS-BCRPBEDPBRR-REQ-0737,DMOI-RF-LSS-BCRPBEDPBLK-BLOCK-0737,license_terms_cleared,capture_policy_return_owner,no_criteria_failed,0,false,false,false,false,false,false,false,false
DMOI-RF-LSS-BCRPBEDPBRL-RET-0738,DMOI-RF-LSS-BCRPBEDPBRR-REQ-0738,DMOI-RF-LSS-BCRPBEDPBLK-BLOCK-0738,license_terms_cleared,capture_policy_return_owner,evidence_values_reviewed,0,false,false,false,false,false,false,false,false
DMOI-RF-LSS-BCRPBEDPBRL-RET-0739,DMOI-RF-LSS-BCRPBEDPBRR-REQ-0739,DMOI-RF-LSS-BCRPBEDPBLK-BLOCK-0739,license_terms_cleared,capture_policy_return_owner,evidence_source_pointers_reviewed,0,false,false,false,false,false,false,false,false
DMOI-RF-LSS-BCRPBEDPBRL-RET-0740,DMOI-RF-LSS-BCRPBEDPBRR-REQ-0740,DMOI-RF-LSS-BCRPBEDPBLK-BLOCK-0740,license_terms_cleared,capture_policy_return_owner,source_text_prohibition_confirmed,0,false,false,false,false,false,false,false,false
DMOI-RF-LSS-BCRPBEDPBRL-RET-0741,DMOI-RF-LSS-BCRPBEDPBRR-REQ-0741,DMOI-RF-LSS-BCRPBEDPBLK-BLOCK-0741,license_terms_cleared,capture_policy_return_owner,allowed_true_precondition_update_bounded,0,false,false,false,false,false,false,false,false
DMOI-RF-LSS-BCRPBEDPBRL-RET-0742,DMOI-RF-LSS-BCRPBEDPBRR-REQ-0742,DMOI-RF-LSS-BCRPBEDPBLK-BLOCK-0742,license_terms_cleared,capture_policy_return_owner,authority_role_validated,0,false,false,false,false,false,false,false,false
DMOI-RF-LSS-BCRPBEDPBRL-RET-0743,DMOI-RF-LSS-BCRPBEDPBRR-REQ-0743,DMOI-RF-LSS-BCRPBEDPBLK-BLOCK-0743,license_terms_cleared,capture_policy_return_owner,downstream_query_gate_separate,0,false,false,false,false,false,false,false,false
DMOI-RF-LSS-BCRPBEDPBRL-RET-0744,DMOI-RF-LSS-BCRPBEDPBRR-REQ-0744,DMOI-RF-LSS-BCRPBEDPBLK-BLOCK-0744,license_terms_cleared,capture_policy_return_owner,downstream_surface_translation_gates_separate,0,false,false,false,false,false,false,false,false
DMOI-RF-LSS-BCRPBEDPBRL-RET-0745,DMOI-RF-LSS-BCRPBEDPBRR-REQ-0745,DMOI-RF-LSS-BCRPBEDPBLK-BLOCK-0745,license_terms_cleared,capture_policy_return_owner,decision_row_linkage_validated,0,false,false,false,false,false,false,false,false
DMOI-RF-LSS-BCRPBEDPBRL-RET-0746,DMOI-RF-LSS-BCRPBEDPBRR-REQ-0746,DMOI-RF-LSS-BCRPBEDPBLK-BLOCK-0746,license_terms_cleared,capture_policy_return_owner,all_decision_fields_filled,0,false,false,false,false,false,false,false,false
DMOI-RF-LSS-BCRPBEDPBRL-RET-0747,DMOI-RF-LSS-BCRPBEDPBRR-REQ-0747,DMOI-RF-LSS-BCRPBEDPBLK-BLOCK-0747,license_terms_cleared,capture_policy_return_owner,all_criteria_decisions_recorded,0,false,false,false,false,false,false,false,false
DMOI-RF-LSS-BCRPBEDPBRL-RET-0748,DMOI-RF-LSS-BCRPBEDPBRR-REQ-0748,DMOI-RF-LSS-BCRPBEDPBLK-BLOCK-0748,license_terms_cleared,capture_policy_return_owner,all_criteria_passed,0,false,false,false,false,false,false,false,false
DMOI-RF-LSS-BCRPBEDPBRL-RET-0749,DMOI-RF-LSS-BCRPBEDPBRR-REQ-0749,DMOI-RF-LSS-BCRPBEDPBLK-BLOCK-0749,license_terms_cleared,capture_policy_return_owner,no_criteria_failed,0,false,false,false,false,false,false,false,false
DMOI-RF-LSS-BCRPBEDPBRL-RET-0750,DMOI-RF-LSS-BCRPBEDPBRR-REQ-0750,DMOI-RF-LSS-BCRPBEDPBLK-BLOCK-0750,license_terms_cleared,capture_policy_return_owner,evidence_values_reviewed,0,false,false,false,false,false,false,false,false
DMOI-RF-LSS-BCRPBEDPBRL-RET-0751,DMOI-RF-LSS-BCRPBEDPBRR-REQ-0751,DMOI-RF-LSS-BCRPBEDPBLK-BLOCK-0751,license_terms_cleared,capture_policy_return_owner,evidence_source_pointers_reviewed,0,false,false,false,false,false,false,false,false
DMOI-RF-LSS-BCRPBEDPBRL-RET-0752,DMOI-RF-LSS-BCRPBEDPBRR-REQ-0752,DMOI-RF-LSS-BCRPBEDPBLK-BLOCK-0752,license_terms_cleared,capture_policy_return_owner,source_text_prohibition_confirmed,0,false,false,false,false,false,false,false,false
DMOI-RF-LSS-BCRPBEDPBRL-RET-0753,DMOI-RF-LSS-BCRPBEDPBRR-REQ-0753,DMOI-RF-LSS-BCRPBEDPBLK-BLOCK-0753,license_terms_cleared,capture_policy_return_owner,allowed_true_precondition_update_bounded,0,false,false,false,false,false,false,false,false
DMOI-RF-LSS-BCRPBEDPBRL-RET-0754,DMOI-RF-LSS-BCRPBEDPBRR-REQ-0754,DMOI-RF-LSS-BCRPBEDPBLK-BLOCK-0754,license_terms_cleared,capture_policy_return_owner,authority_role_validated,0,false,false,false,false,false,false,false,false
DMOI-RF-LSS-BCRPBEDPBRL-RET-0755,DMOI-RF-LSS-BCRPBEDPBRR-REQ-0755,DMOI-RF-LSS-BCRPBEDPBLK-BLOCK-0755,license_terms_cleared,capture_policy_return_owner,downstream_query_gate_separate,0,false,false,false,false,false,false,false,false
DMOI-RF-LSS-BCRPBEDPBRL-RET-0756,DMOI-RF-LSS-BCRPBEDPBRR-REQ-0756,DMOI-RF-LSS-BCRPBEDPBLK-BLOCK-0756,license_terms_cleared,capture_policy_return_owner,downstream_surface_translation_gates_separate,0,false,false,false,false,false,false,false,false
DMOI-RF-LSS-BCRPBEDPBRL-RET-0757,DMOI-RF-LSS-BCRPBEDPBRR-REQ-0757,DMOI-RF-LSS-BCRPBEDPBLK-BLOCK-0757,license_terms_cleared,capture_policy_return_owner,decision_row_linkage_validated,0,false,false,false,false,false,false,false,false
DMOI-RF-LSS-BCRPBEDPBRL-RET-0758,DMOI-RF-LSS-BCRPBEDPBRR-REQ-0758,DMOI-RF-LSS-BCRPBEDPBLK-BLOCK-0758,license_terms_cleared,capture_policy_return_owner,all_decision_fields_filled,0,false,false,false,false,false,false,false,false
DMOI-RF-LSS-BCRPBEDPBRL-RET-0759,DMOI-RF-LSS-BCRPBEDPBRR-REQ-0759,DMOI-RF-LSS-BCRPBEDPBLK-BLOCK-0759,license_terms_cleared,capture_policy_return_owner,all_criteria_decisions_recorded,0,false,false,false,false,false,false,false,false
DMOI-RF-LSS-BCRPBEDPBRL-RET-0760,DMOI-RF-LSS-BCRPBEDPBRR-REQ-0760,DMOI-RF-LSS-BCRPBEDPBLK-BLOCK-0760,license_terms_cleared,capture_policy_return_owner,all_criteria_passed,0,false,false,false,false,false,false,false,false
DMOI-RF-LSS-BCRPBEDPBRL-RET-0761,DMOI-RF-LSS-BCRPBEDPBRR-REQ-0761,DMOI-RF-LSS-BCRPBEDPBLK-BLOCK-0761,license_terms_cleared,capture_policy_return_owner,no_criteria_failed,0,false,false,false,false,false,false,false,false
DMOI-RF-LSS-BCRPBEDPBRL-RET-0762,DMOI-RF-LSS-BCRPBEDPBRR-REQ-0762,DMOI-RF-LSS-BCRPBEDPBLK-BLOCK-0762,license_terms_cleared,capture_policy_return_owner,evidence_values_reviewed,0,false,false,false,false,false,false,false,false
DMOI-RF-LSS-BCRPBEDPBRL-RET-0763,DMOI-RF-LSS-BCRPBEDPBRR-REQ-0763,DMOI-RF-LSS-BCRPBEDPBLK-BLOCK-0763,license_terms_cleared,capture_policy_return_owner,evidence_source_pointers_reviewed,0,false,false,false,false,false,false,false,false
DMOI-RF-LSS-BCRPBEDPBRL-RET-0764,DMOI-RF-LSS-BCRPBEDPBRR-REQ-0764,DMOI-RF-LSS-BCRPBEDPBLK-BLOCK-0764,license_terms_cleared,capture_policy_return_owner,source_text_prohibition_confirmed,0,false,false,false,false,false,false,false,false
DMOI-RF-LSS-BCRPBEDPBRL-RET-0765,DMOI-RF-LSS-BCRPBEDPBRR-REQ-0765,DMOI-RF-LSS-BCRPBEDPBLK-BLOCK-0765,license_terms_cleared,capture_policy_return_owner,allowed_true_precondition_update_bounded,0,false,false,false,false,false,false,false,false
DMOI-RF-LSS-BCRPBEDPBRL-RET-0766,DMOI-RF-LSS-BCRPBEDPBRR-REQ-0766,DMOI-RF-LSS-BCRPBEDPBLK-BLOCK-0766,license_terms_cleared,capture_policy_return_owner,authority_role_validated,0,false,false,false,false,false,false,false,false
DMOI-RF-LSS-BCRPBEDPBRL-RET-0767,DMOI-RF-LSS-BCRPBEDPBRR-REQ-0767,DMOI-RF-LSS-BCRPBEDPBLK-BLOCK-0767,license_terms_cleared,capture_policy_return_owner,downstream_query_gate_separate,0,false,false,false,false,false,false,false,false
DMOI-RF-LSS-BCRPBEDPBRL-RET-0768,DMOI-RF-LSS-BCRPBEDPBRR-REQ-0768,DMOI-RF-LSS-BCRPBEDPBLK-BLOCK-0768,license_terms_cleared,capture_policy_return_owner,downstream_surface_translation_gates_separate,0,false,false,false,false,false,false,false,false
DMOI-RF-LSS-BCRPBEDPBRL-RET-0769,DMOI-RF-LSS-BCRPBEDPBRR-REQ-0769,DMOI-RF-LSS-BCRPBEDPBLK-BLOCK-0769,license_terms_cleared,capture_policy_return_owner,decision_row_linkage_validated,0,false,false,false,false,false,false,false,false
DMOI-RF-LSS-BCRPBEDPBRL-RET-0770,DMOI-RF-LSS-BCRPBEDPBRR-REQ-0770,DMOI-RF-LSS-BCRPBEDPBLK-BLOCK-0770,license_terms_cleared,capture_policy_return_owner,all_decision_fields_filled,0,false,false,false,false,false,false,false,false
DMOI-RF-LSS-BCRPBEDPBRL-RET-0771,DMOI-RF-LSS-BCRPBEDPBRR-REQ-0771,DMOI-RF-LSS-BCRPBEDPBLK-BLOCK-0771,license_terms_cleared,capture_policy_return_owner,all_criteria_decisions_recorded,0,false,false,false,false,false,false,false,false
DMOI-RF-LSS-BCRPBEDPBRL-RET-0772,DMOI-RF-LSS-BCRPBEDPBRR-REQ-0772,DMOI-RF-LSS-BCRPBEDPBLK-BLOCK-0772,license_terms_cleared,capture_policy_return_owner,all_criteria_passed,0,false,false,false,false,false,false,false,false
DMOI-RF-LSS-BCRPBEDPBRL-RET-0773,DMOI-RF-LSS-BCRPBEDPBRR-REQ-0773,DMOI-RF-LSS-BCRPBEDPBLK-BLOCK-0773,license_terms_cleared,capture_policy_return_owner,no_criteria_failed,0,false,false,false,false,false,false,false,false
DMOI-RF-LSS-BCRPBEDPBRL-RET-0774,DMOI-RF-LSS-BCRPBEDPBRR-REQ-0774,DMOI-RF-LSS-BCRPBEDPBLK-BLOCK-0774,license_terms_cleared,capture_policy_return_owner,evidence_values_reviewed,0,false,false,false,false,false,false,false,false
DMOI-RF-LSS-BCRPBEDPBRL-RET-0775,DMOI-RF-LSS-BCRPBEDPBRR-REQ-0775,DMOI-RF-LSS-BCRPBEDPBLK-BLOCK-0775,license_terms_cleared,capture_policy_return_owner,evidence_source_pointers_reviewed,0,false,false,false,false,false,false,false,false
DMOI-RF-LSS-BCRPBEDPBRL-RET-0776,DMOI-RF-LSS-BCRPBEDPBRR-REQ-0776,DMOI-RF-LSS-BCRPBEDPBLK-BLOCK-0776,license_terms_cleared,capture_policy_return_owner,source_text_prohibition_confirmed,0,false,false,false,false,false,false,false,false
DMOI-RF-LSS-BCRPBEDPBRL-RET-0777,DMOI-RF-LSS-BCRPBEDPBRR-REQ-0777,DMOI-RF-LSS-BCRPBEDPBLK-BLOCK-0777,license_terms_cleared,capture_policy_return_owner,allowed_true_precondition_update_bounded,0,false,false,false,false,false,false,false,false
DMOI-RF-LSS-BCRPBEDPBRL-RET-0778,DMOI-RF-LSS-BCRPBEDPBRR-REQ-0778,DMOI-RF-LSS-BCRPBEDPBLK-BLOCK-0778,license_terms_cleared,capture_policy_return_owner,authority_role_validated,0,false,false,false,false,false,false,false,false
DMOI-RF-LSS-BCRPBEDPBRL-RET-0779,DMOI-RF-LSS-BCRPBEDPBRR-REQ-0779,DMOI-RF-LSS-BCRPBEDPBLK-BLOCK-0779,license_terms_cleared,capture_policy_return_owner,downstream_query_gate_separate,0,false,false,false,false,false,false,false,false
DMOI-RF-LSS-BCRPBEDPBRL-RET-0780,DMOI-RF-LSS-BCRPBEDPBRR-REQ-0780,DMOI-RF-LSS-BCRPBEDPBLK-BLOCK-0780,license_terms_cleared,capture_policy_return_owner,downstream_surface_translation_gates_separate,0,false,false,false,false,false,false,false,false
DMOI-RF-LSS-BCRPBEDPBRL-RET-0781,DMOI-RF-LSS-BCRPBEDPBRR-REQ-0781,DMOI-RF-LSS-BCRPBEDPBLK-BLOCK-0781,license_terms_cleared,capture_policy_return_owner,decision_row_linkage_validated,0,false,false,false,false,false,false,false,false
DMOI-RF-LSS-BCRPBEDPBRL-RET-0782,DMOI-RF-LSS-BCRPBEDPBRR-REQ-0782,DMOI-RF-LSS-BCRPBEDPBLK-BLOCK-0782,license_terms_cleared,capture_policy_return_owner,all_decision_fields_filled,0,false,false,false,false,false,false,false,false
DMOI-RF-LSS-BCRPBEDPBRL-RET-0783,DMOI-RF-LSS-BCRPBEDPBRR-REQ-0783,DMOI-RF-LSS-BCRPBEDPBLK-BLOCK-0783,license_terms_cleared,capture_policy_return_owner,all_criteria_decisions_recorded,0,false,false,false,false,false,false,false,false
DMOI-RF-LSS-BCRPBEDPBRL-RET-0784,DMOI-RF-LSS-BCRPBEDPBRR-REQ-0784,DMOI-RF-LSS-BCRPBEDPBLK-BLOCK-0784,license_terms_cleared,capture_policy_return_owner,all_criteria_passed,0,false,false,false,false,false,false,false,false
DMOI-RF-LSS-BCRPBEDPBRL-RET-0785,DMOI-RF-LSS-BCRPBEDPBRR-REQ-0785,DMOI-RF-LSS-BCRPBEDPBLK-BLOCK-0785,license_terms_cleared,capture_policy_return_owner,no_criteria_failed,0,false,false,false,false,false,false,false,false
DMOI-RF-LSS-BCRPBEDPBRL-RET-0786,DMOI-RF-LSS-BCRPBEDPBRR-REQ-0786,DMOI-RF-LSS-BCRPBEDPBLK-BLOCK-0786,license_terms_cleared,capture_policy_return_owner,evidence_values_reviewed,0,false,false,false,false,false,false,false,false
DMOI-RF-LSS-BCRPBEDPBRL-RET-0787,DMOI-RF-LSS-BCRPBEDPBRR-REQ-0787,DMOI-RF-LSS-BCRPBEDPBLK-BLOCK-0787,license_terms_cleared,capture_policy_return_owner,evidence_source_pointers_reviewed,0,false,false,false,false,false,false,false,false
DMOI-RF-LSS-BCRPBEDPBRL-RET-0788,DMOI-RF-LSS-BCRPBEDPBRR-REQ-0788,DMOI-RF-LSS-BCRPBEDPBLK-BLOCK-0788,license_terms_cleared,capture_policy_return_owner,source_text_prohibition_confirmed,0,false,false,false,false,false,false,false,false
DMOI-RF-LSS-BCRPBEDPBRL-RET-0789,DMOI-RF-LSS-BCRPBEDPBRR-REQ-0789,DMOI-RF-LSS-BCRPBEDPBLK-BLOCK-0789,license_terms_cleared,capture_policy_return_owner,allowed_true_precondition_update_bounded,0,false,false,false,false,false,false,false,false
DMOI-RF-LSS-BCRPBEDPBRL-RET-0790,DMOI-RF-LSS-BCRPBEDPBRR-REQ-0790,DMOI-RF-LSS-BCRPBEDPBLK-BLOCK-0790,license_terms_cleared,capture_policy_return_owner,authority_role_validated,0,false,false,false,false,false,false,false,false
DMOI-RF-LSS-BCRPBEDPBRL-RET-0791,DMOI-RF-LSS-BCRPBEDPBRR-REQ-0791,DMOI-RF-LSS-BCRPBEDPBLK-BLOCK-0791,license_terms_cleared,capture_policy_return_owner,downstream_query_gate_separate,0,false,false,false,false,false,false,false,false
DMOI-RF-LSS-BCRPBEDPBRL-RET-0792,DMOI-RF-LSS-BCRPBEDPBRR-REQ-0792,DMOI-RF-LSS-BCRPBEDPBLK-BLOCK-0792,license_terms_cleared,capture_policy_return_owner,downstream_surface_translation_gates_separate,0,false,false,false,false,false,false,false,false
DMOI-RF-LSS-BCRPBEDPBRL-RET-0793,DMOI-RF-LSS-BCRPBEDPBRR-REQ-0793,DMOI-RF-LSS-BCRPBEDPBLK-BLOCK-0793,license_terms_cleared,capture_policy_return_owner,decision_row_linkage_validated,0,false,false,false,false,false,false,false,false
DMOI-RF-LSS-BCRPBEDPBRL-RET-0794,DMOI-RF-LSS-BCRPBEDPBRR-REQ-0794,DMOI-RF-LSS-BCRPBEDPBLK-BLOCK-0794,license_terms_cleared,capture_policy_return_owner,all_decision_fields_filled,0,false,false,false,false,false,false,false,false
DMOI-RF-LSS-BCRPBEDPBRL-RET-0795,DMOI-RF-LSS-BCRPBEDPBRR-REQ-0795,DMOI-RF-LSS-BCRPBEDPBLK-BLOCK-0795,license_terms_cleared,capture_policy_return_owner,all_criteria_decisions_recorded,0,false,false,false,false,false,false,false,false
DMOI-RF-LSS-BCRPBEDPBRL-RET-0796,DMOI-RF-LSS-BCRPBEDPBRR-REQ-0796,DMOI-RF-LSS-BCRPBEDPBLK-BLOCK-0796,license_terms_cleared,capture_policy_return_owner,all_criteria_passed,0,false,false,false,false,false,false,false,false
DMOI-RF-LSS-BCRPBEDPBRL-RET-0797,DMOI-RF-LSS-BCRPBEDPBRR-REQ-0797,DMOI-RF-LSS-BCRPBEDPBLK-BLOCK-0797,license_terms_cleared,capture_policy_return_owner,no_criteria_failed,0,false,false,false,false,false,false,false,false
DMOI-RF-LSS-BCRPBEDPBRL-RET-0798,DMOI-RF-LSS-BCRPBEDPBRR-REQ-0798,DMOI-RF-LSS-BCRPBEDPBLK-BLOCK-0798,license_terms_cleared,capture_policy_return_owner,evidence_values_reviewed,0,false,false,false,false,false,false,false,false
DMOI-RF-LSS-BCRPBEDPBRL-RET-0799,DMOI-RF-LSS-BCRPBEDPBRR-REQ-0799,DMOI-RF-LSS-BCRPBEDPBLK-BLOCK-0799,license_terms_cleared,capture_policy_return_owner,evidence_source_pointers_reviewed,0,false,false,false,false,false,false,false,false
DMOI-RF-LSS-BCRPBEDPBRL-RET-0800,DMOI-RF-LSS-BCRPBEDPBRR-REQ-0800,DMOI-RF-LSS-BCRPBEDPBLK-BLOCK-0800,license_terms_cleared,capture_policy_return_owner,source_text_prohibition_confirmed,0,false,false,false,false,false,false,false,false
DMOI-RF-LSS-BCRPBEDPBRL-RET-0801,DMOI-RF-LSS-BCRPBEDPBRR-REQ-0801,DMOI-RF-LSS-BCRPBEDPBLK-BLOCK-0801,license_terms_cleared,capture_policy_return_owner,allowed_true_precondition_update_bounded,0,false,false,false,false,false,false,false,false
DMOI-RF-LSS-BCRPBEDPBRL-RET-0802,DMOI-RF-LSS-BCRPBEDPBRR-REQ-0802,DMOI-RF-LSS-BCRPBEDPBLK-BLOCK-0802,license_terms_cleared,capture_policy_return_owner,authority_role_validated,0,false,false,false,false,false,false,false,false
DMOI-RF-LSS-BCRPBEDPBRL-RET-0803,DMOI-RF-LSS-BCRPBEDPBRR-REQ-0803,DMOI-RF-LSS-BCRPBEDPBLK-BLOCK-0803,license_terms_cleared,capture_policy_return_owner,downstream_query_gate_separate,0,false,false,false,false,false,false,false,false
DMOI-RF-LSS-BCRPBEDPBRL-RET-0804,DMOI-RF-LSS-BCRPBEDPBRR-REQ-0804,DMOI-RF-LSS-BCRPBEDPBLK-BLOCK-0804,license_terms_cleared,capture_policy_return_owner,downstream_surface_translation_gates_separate,0,false,false,false,false,false,false,false,false
DMOI-RF-LSS-BCRPBEDPBRL-RET-0805,DMOI-RF-LSS-BCRPBEDPBRR-REQ-0805,DMOI-RF-LSS-BCRPBEDPBLK-BLOCK-0805,license_terms_cleared,capture_policy_return_owner,decision_row_linkage_validated,0,false,false,false,false,false,false,false,false
DMOI-RF-LSS-BCRPBEDPBRL-RET-0806,DMOI-RF-LSS-BCRPBEDPBRR-REQ-0806,DMOI-RF-LSS-BCRPBEDPBLK-BLOCK-0806,license_terms_cleared,capture_policy_return_owner,all_decision_fields_filled,0,false,false,false,false,false,false,false,false
DMOI-RF-LSS-BCRPBEDPBRL-RET-0807,DMOI-RF-LSS-BCRPBEDPBRR-REQ-0807,DMOI-RF-LSS-BCRPBEDPBLK-BLOCK-0807,license_terms_cleared,capture_policy_return_owner,all_criteria_decisions_recorded,0,false,false,false,false,false,false,false,false
DMOI-RF-LSS-BCRPBEDPBRL-RET-0808,DMOI-RF-LSS-BCRPBEDPBRR-REQ-0808,DMOI-RF-LSS-BCRPBEDPBLK-BLOCK-0808,license_terms_cleared,capture_policy_return_owner,all_criteria_passed,0,false,false,false,false,false,false,false,false
DMOI-RF-LSS-BCRPBEDPBRL-RET-0809,DMOI-RF-LSS-BCRPBEDPBRR-REQ-0809,DMOI-RF-LSS-BCRPBEDPBLK-BLOCK-0809,license_terms_cleared,capture_policy_return_owner,no_criteria_failed,0,false,false,false,false,false,false,false,false
DMOI-RF-LSS-BCRPBEDPBRL-RET-0810,DMOI-RF-LSS-BCRPBEDPBRR-REQ-0810,DMOI-RF-LSS-BCRPBEDPBLK-BLOCK-0810,license_terms_cleared,capture_policy_return_owner,evidence_values_reviewed,0,false,false,false,false,false,false,false,false
DMOI-RF-LSS-BCRPBEDPBRL-RET-0811,DMOI-RF-LSS-BCRPBEDPBRR-REQ-0811,DMOI-RF-LSS-BCRPBEDPBLK-BLOCK-0811,license_terms_cleared,capture_policy_return_owner,evidence_source_pointers_reviewed,0,false,false,false,false,false,false,false,false
DMOI-RF-LSS-BCRPBEDPBRL-RET-0812,DMOI-RF-LSS-BCRPBEDPBRR-REQ-0812,DMOI-RF-LSS-BCRPBEDPBLK-BLOCK-0812,license_terms_cleared,capture_policy_return_owner,source_text_prohibition_confirmed,0,false,false,false,false,false,false,false,false
DMOI-RF-LSS-BCRPBEDPBRL-RET-0813,DMOI-RF-LSS-BCRPBEDPBRR-REQ-0813,DMOI-RF-LSS-BCRPBEDPBLK-BLOCK-0813,license_terms_cleared,capture_policy_return_owner,allowed_true_precondition_update_bounded,0,false,false,false,false,false,false,false,false
DMOI-RF-LSS-BCRPBEDPBRL-RET-0814,DMOI-RF-LSS-BCRPBEDPBRR-REQ-0814,DMOI-RF-LSS-BCRPBEDPBLK-BLOCK-0814,license_terms_cleared,capture_policy_return_owner,authority_role_validated,0,false,false,false,false,false,false,false,false
DMOI-RF-LSS-BCRPBEDPBRL-RET-0815,DMOI-RF-LSS-BCRPBEDPBRR-REQ-0815,DMOI-RF-LSS-BCRPBEDPBLK-BLOCK-0815,license_terms_cleared,capture_policy_return_owner,downstream_query_gate_separate,0,false,false,false,false,false,false,false,false
DMOI-RF-LSS-BCRPBEDPBRL-RET-0816,DMOI-RF-LSS-BCRPBEDPBRR-REQ-0816,DMOI-RF-LSS-BCRPBEDPBLK-BLOCK-0816,license_terms_cleared,capture_policy_return_owner,downstream_surface_translation_gates_separate,0,false,false,false,false,false,false,false,false
DMOI-RF-LSS-BCRPBEDPBRL-RET-0817,DMOI-RF-LSS-BCRPBEDPBRR-REQ-0817,DMOI-RF-LSS-BCRPBEDPBLK-BLOCK-0817,license_terms_cleared,capture_policy_return_owner,decision_row_linkage_validated,0,false,false,false,false,false,false,false,false
DMOI-RF-LSS-BCRPBEDPBRL-RET-0818,DMOI-RF-LSS-BCRPBEDPBRR-REQ-0818,DMOI-RF-LSS-BCRPBEDPBLK-BLOCK-0818,license_terms_cleared,capture_policy_return_owner,all_decision_fields_filled,0,false,false,false,false,false,false,false,false
DMOI-RF-LSS-BCRPBEDPBRL-RET-0819,DMOI-RF-LSS-BCRPBEDPBRR-REQ-0819,DMOI-RF-LSS-BCRPBEDPBLK-BLOCK-0819,license_terms_cleared,capture_policy_return_owner,all_criteria_decisions_recorded,0,false,false,false,false,false,false,false,false
DMOI-RF-LSS-BCRPBEDPBRL-RET-0820,DMOI-RF-LSS-BCRPBEDPBRR-REQ-0820,DMOI-RF-LSS-BCRPBEDPBLK-BLOCK-0820,license_terms_cleared,capture_policy_return_owner,all_criteria_passed,0,false,false,false,false,false,false,false,false
DMOI-RF-LSS-BCRPBEDPBRL-RET-0821,DMOI-RF-LSS-BCRPBEDPBRR-REQ-0821,DMOI-RF-LSS-BCRPBEDPBLK-BLOCK-0821,license_terms_cleared,capture_policy_return_owner,no_criteria_failed,0,false,false,false,false,false,false,false,false
DMOI-RF-LSS-BCRPBEDPBRL-RET-0822,DMOI-RF-LSS-BCRPBEDPBRR-REQ-0822,DMOI-RF-LSS-BCRPBEDPBLK-BLOCK-0822,license_terms_cleared,capture_policy_return_owner,evidence_values_reviewed,0,false,false,false,false,false,false,false,false
DMOI-RF-LSS-BCRPBEDPBRL-RET-0823,DMOI-RF-LSS-BCRPBEDPBRR-REQ-0823,DMOI-RF-LSS-BCRPBEDPBLK-BLOCK-0823,license_terms_cleared,capture_policy_return_owner,evidence_source_pointers_reviewed,0,false,false,false,false,false,false,false,false
DMOI-RF-LSS-BCRPBEDPBRL-RET-0824,DMOI-RF-LSS-BCRPBEDPBRR-REQ-0824,DMOI-RF-LSS-BCRPBEDPBLK-BLOCK-0824,license_terms_cleared,capture_policy_return_owner,source_text_prohibition_confirmed,0,false,false,false,false,false,false,false,false
DMOI-RF-LSS-BCRPBEDPBRL-RET-0825,DMOI-RF-LSS-BCRPBEDPBRR-REQ-0825,DMOI-RF-LSS-BCRPBEDPBLK-BLOCK-0825,license_terms_cleared,capture_policy_return_owner,allowed_true_precondition_update_bounded,0,false,false,false,false,false,false,false,false
DMOI-RF-LSS-BCRPBEDPBRL-RET-0826,DMOI-RF-LSS-BCRPBEDPBRR-REQ-0826,DMOI-RF-LSS-BCRPBEDPBLK-BLOCK-0826,license_terms_cleared,capture_policy_return_owner,authority_role_validated,0,false,false,false,false,false,false,false,false
DMOI-RF-LSS-BCRPBEDPBRL-RET-0827,DMOI-RF-LSS-BCRPBEDPBRR-REQ-0827,DMOI-RF-LSS-BCRPBEDPBLK-BLOCK-0827,license_terms_cleared,capture_policy_return_owner,downstream_query_gate_separate,0,false,false,false,false,false,false,false,false
DMOI-RF-LSS-BCRPBEDPBRL-RET-0828,DMOI-RF-LSS-BCRPBEDPBRR-REQ-0828,DMOI-RF-LSS-BCRPBEDPBLK-BLOCK-0828,license_terms_cleared,capture_policy_return_owner,downstream_surface_translation_gates_separate,0,false,false,false,false,false,false,false,false
DMOI-RF-LSS-BCRPBEDPBRL-RET-0829,DMOI-RF-LSS-BCRPBEDPBRR-REQ-0829,DMOI-RF-LSS-BCRPBEDPBLK-BLOCK-0829,license_terms_cleared,capture_policy_return_owner,decision_row_linkage_validated,0,false,false,false,false,false,false,false,false
DMOI-RF-LSS-BCRPBEDPBRL-RET-0830,DMOI-RF-LSS-BCRPBEDPBRR-REQ-0830,DMOI-RF-LSS-BCRPBEDPBLK-BLOCK-0830,license_terms_cleared,capture_policy_return_owner,all_decision_fields_filled,0,false,false,false,false,false,false,false,false
DMOI-RF-LSS-BCRPBEDPBRL-RET-0831,DMOI-RF-LSS-BCRPBEDPBRR-REQ-0831,DMOI-RF-LSS-BCRPBEDPBLK-BLOCK-0831,license_terms_cleared,capture_policy_return_owner,all_criteria_decisions_recorded,0,false,false,false,false,false,false,false,false
DMOI-RF-LSS-BCRPBEDPBRL-RET-0832,DMOI-RF-LSS-BCRPBEDPBRR-REQ-0832,DMOI-RF-LSS-BCRPBEDPBLK-BLOCK-0832,license_terms_cleared,capture_policy_return_owner,all_criteria_passed,0,false,false,false,false,false,false,false,false
DMOI-RF-LSS-BCRPBEDPBRL-RET-0833,DMOI-RF-LSS-BCRPBEDPBRR-REQ-0833,DMOI-RF-LSS-BCRPBEDPBLK-BLOCK-0833,license_terms_cleared,capture_policy_return_owner,no_criteria_failed,0,false,false,false,false,false,false,false,false
DMOI-RF-LSS-BCRPBEDPBRL-RET-0834,DMOI-RF-LSS-BCRPBEDPBRR-REQ-0834,DMOI-RF-LSS-BCRPBEDPBLK-BLOCK-0834,license_terms_cleared,capture_policy_return_owner,evidence_values_reviewed,0,false,false,false,false,false,false,false,false
DMOI-RF-LSS-BCRPBEDPBRL-RET-0835,DMOI-RF-LSS-BCRPBEDPBRR-REQ-0835,DMOI-RF-LSS-BCRPBEDPBLK-BLOCK-0835,license_terms_cleared,capture_policy_return_owner,evidence_source_pointers_reviewed,0,false,false,false,false,false,false,false,false
DMOI-RF-LSS-BCRPBEDPBRL-RET-0836,DMOI-RF-LSS-BCRPBEDPBRR-REQ-0836,DMOI-RF-LSS-BCRPBEDPBLK-BLOCK-0836,license_terms_cleared,capture_policy_return_owner,source_text_prohibition_confirmed,0,false,false,false,false,false,false,false,false
DMOI-RF-LSS-BCRPBEDPBRL-RET-0837,DMOI-RF-LSS-BCRPBEDPBRR-REQ-0837,DMOI-RF-LSS-BCRPBEDPBLK-BLOCK-0837,license_terms_cleared,capture_policy_return_owner,allowed_true_precondition_update_bounded,0,false,false,false,false,false,false,false,false
DMOI-RF-LSS-BCRPBEDPBRL-RET-0838,DMOI-RF-LSS-BCRPBEDPBRR-REQ-0838,DMOI-RF-LSS-BCRPBEDPBLK-BLOCK-0838,license_terms_cleared,capture_policy_return_owner,authority_role_validated,0,false,false,false,false,false,false,false,false
DMOI-RF-LSS-BCRPBEDPBRL-RET-0839,DMOI-RF-LSS-BCRPBEDPBRR-REQ-0839,DMOI-RF-LSS-BCRPBEDPBLK-BLOCK-0839,license_terms_cleared,capture_policy_return_owner,downstream_query_gate_separate,0,false,false,false,false,false,false,false,false
DMOI-RF-LSS-BCRPBEDPBRL-RET-0840,DMOI-RF-LSS-BCRPBEDPBRR-REQ-0840,DMOI-RF-LSS-BCRPBEDPBLK-BLOCK-0840,license_terms_cleared,capture_policy_return_owner,downstream_surface_translation_gates_separate,0,false,false,false,false,false,false,false,false
DMOI-RF-LSS-BCRPBEDPBRL-RET-0841,DMOI-RF-LSS-BCRPBEDPBRR-REQ-0841,DMOI-RF-LSS-BCRPBEDPBLK-BLOCK-0841,license_terms_cleared,capture_policy_return_owner,decision_row_linkage_validated,0,false,false,false,false,false,false,false,false
DMOI-RF-LSS-BCRPBEDPBRL-RET-0842,DMOI-RF-LSS-BCRPBEDPBRR-REQ-0842,DMOI-RF-LSS-BCRPBEDPBLK-BLOCK-0842,license_terms_cleared,capture_policy_return_owner,all_decision_fields_filled,0,false,false,false,false,false,false,false,false
DMOI-RF-LSS-BCRPBEDPBRL-RET-0843,DMOI-RF-LSS-BCRPBEDPBRR-REQ-0843,DMOI-RF-LSS-BCRPBEDPBLK-BLOCK-0843,license_terms_cleared,capture_policy_return_owner,all_criteria_decisions_recorded,0,false,false,false,false,false,false,false,false
DMOI-RF-LSS-BCRPBEDPBRL-RET-0844,DMOI-RF-LSS-BCRPBEDPBRR-REQ-0844,DMOI-RF-LSS-BCRPBEDPBLK-BLOCK-0844,license_terms_cleared,capture_policy_return_owner,all_criteria_passed,0,false,false,false,false,false,false,false,false
DMOI-RF-LSS-BCRPBEDPBRL-RET-0845,DMOI-RF-LSS-BCRPBEDPBRR-REQ-0845,DMOI-RF-LSS-BCRPBEDPBLK-BLOCK-0845,license_terms_cleared,capture_policy_return_owner,no_criteria_failed,0,false,false,false,false,false,false,false,false
DMOI-RF-LSS-BCRPBEDPBRL-RET-0846,DMOI-RF-LSS-BCRPBEDPBRR-REQ-0846,DMOI-RF-LSS-BCRPBEDPBLK-BLOCK-0846,license_terms_cleared,capture_policy_return_owner,evidence_values_reviewed,0,false,false,false,false,false,false,false,false
DMOI-RF-LSS-BCRPBEDPBRL-RET-0847,DMOI-RF-LSS-BCRPBEDPBRR-REQ-0847,DMOI-RF-LSS-BCRPBEDPBLK-BLOCK-0847,license_terms_cleared,capture_policy_return_owner,evidence_source_pointers_reviewed,0,false,false,false,false,false,false,false,false
DMOI-RF-LSS-BCRPBEDPBRL-RET-0848,DMOI-RF-LSS-BCRPBEDPBRR-REQ-0848,DMOI-RF-LSS-BCRPBEDPBLK-BLOCK-0848,license_terms_cleared,capture_policy_return_owner,source_text_prohibition_confirmed,0,false,false,false,false,false,false,false,false
DMOI-RF-LSS-BCRPBEDPBRL-RET-0849,DMOI-RF-LSS-BCRPBEDPBRR-REQ-0849,DMOI-RF-LSS-BCRPBEDPBLK-BLOCK-0849,license_terms_cleared,capture_policy_return_owner,allowed_true_precondition_update_bounded,0,false,false,false,false,false,false,false,false
DMOI-RF-LSS-BCRPBEDPBRL-RET-0850,DMOI-RF-LSS-BCRPBEDPBRR-REQ-0850,DMOI-RF-LSS-BCRPBEDPBLK-BLOCK-0850,license_terms_cleared,capture_policy_return_owner,authority_role_validated,0,false,false,false,false,false,false,false,false
DMOI-RF-LSS-BCRPBEDPBRL-RET-0851,DMOI-RF-LSS-BCRPBEDPBRR-REQ-0851,DMOI-RF-LSS-BCRPBEDPBLK-BLOCK-0851,license_terms_cleared,capture_policy_return_owner,downstream_query_gate_separate,0,false,false,false,false,false,false,false,false
DMOI-RF-LSS-BCRPBEDPBRL-RET-0852,DMOI-RF-LSS-BCRPBEDPBRR-REQ-0852,DMOI-RF-LSS-BCRPBEDPBLK-BLOCK-0852,license_terms_cleared,capture_policy_return_owner,downstream_surface_translation_gates_separate,0,false,false,false,false,false,false,false,false
DMOI-RF-LSS-BCRPBEDPBRL-RET-0853,DMOI-RF-LSS-BCRPBEDPBRR-REQ-0853,DMOI-RF-LSS-BCRPBEDPBLK-BLOCK-0853,license_terms_cleared,capture_policy_return_owner,decision_row_linkage_validated,0,false,false,false,false,false,false,false,false
DMOI-RF-LSS-BCRPBEDPBRL-RET-0854,DMOI-RF-LSS-BCRPBEDPBRR-REQ-0854,DMOI-RF-LSS-BCRPBEDPBLK-BLOCK-0854,license_terms_cleared,capture_policy_return_owner,all_decision_fields_filled,0,false,false,false,false,false,false,false,false
DMOI-RF-LSS-BCRPBEDPBRL-RET-0855,DMOI-RF-LSS-BCRPBEDPBRR-REQ-0855,DMOI-RF-LSS-BCRPBEDPBLK-BLOCK-0855,license_terms_cleared,capture_policy_return_owner,all_criteria_decisions_recorded,0,false,false,false,false,false,false,false,false
DMOI-RF-LSS-BCRPBEDPBRL-RET-0856,DMOI-RF-LSS-BCRPBEDPBRR-REQ-0856,DMOI-RF-LSS-BCRPBEDPBLK-BLOCK-0856,license_terms_cleared,capture_policy_return_owner,all_criteria_passed,0,false,false,false,false,false,false,false,false
DMOI-RF-LSS-BCRPBEDPBRL-RET-0857,DMOI-RF-LSS-BCRPBEDPBRR-REQ-0857,DMOI-RF-LSS-BCRPBEDPBLK-BLOCK-0857,license_terms_cleared,capture_policy_return_owner,no_criteria_failed,0,false,false,false,false,false,false,false,false
DMOI-RF-LSS-BCRPBEDPBRL-RET-0858,DMOI-RF-LSS-BCRPBEDPBRR-REQ-0858,DMOI-RF-LSS-BCRPBEDPBLK-BLOCK-0858,license_terms_cleared,capture_policy_return_owner,evidence_values_reviewed,0,false,false,false,false,false,false,false,false
DMOI-RF-LSS-BCRPBEDPBRL-RET-0859,DMOI-RF-LSS-BCRPBEDPBRR-REQ-0859,DMOI-RF-LSS-BCRPBEDPBLK-BLOCK-0859,license_terms_cleared,capture_policy_return_owner,evidence_source_pointers_reviewed,0,false,false,false,false,false,false,false,false
DMOI-RF-LSS-BCRPBEDPBRL-RET-0860,DMOI-RF-LSS-BCRPBEDPBRR-REQ-0860,DMOI-RF-LSS-BCRPBEDPBLK-BLOCK-0860,license_terms_cleared,capture_policy_return_owner,source_text_prohibition_confirmed,0,false,false,false,false,false,false,false,false
DMOI-RF-LSS-BCRPBEDPBRL-RET-0861,DMOI-RF-LSS-BCRPBEDPBRR-REQ-0861,DMOI-RF-LSS-BCRPBEDPBLK-BLOCK-0861,license_terms_cleared,capture_policy_return_owner,allowed_true_precondition_update_bounded,0,false,false,false,false,false,false,false,false
DMOI-RF-LSS-BCRPBEDPBRL-RET-0862,DMOI-RF-LSS-BCRPBEDPBRR-REQ-0862,DMOI-RF-LSS-BCRPBEDPBLK-BLOCK-0862,license_terms_cleared,capture_policy_return_owner,authority_role_validated,0,false,false,false,false,false,false,false,false
DMOI-RF-LSS-BCRPBEDPBRL-RET-0863,DMOI-RF-LSS-BCRPBEDPBRR-REQ-0863,DMOI-RF-LSS-BCRPBEDPBLK-BLOCK-0863,license_terms_cleared,capture_policy_return_owner,downstream_query_gate_separate,0,false,false,false,false,false,false,false,false
DMOI-RF-LSS-BCRPBEDPBRL-RET-0864,DMOI-RF-LSS-BCRPBEDPBRR-REQ-0864,DMOI-RF-LSS-BCRPBEDPBLK-BLOCK-0864,license_terms_cleared,capture_policy_return_owner,downstream_surface_translation_gates_separate,0,false,false,false,false,false,false,false,false
DMOI-RF-LSS-BCRPBEDPBRL-RET-0865,DMOI-RF-LSS-BCRPBEDPBRR-REQ-0865,DMOI-RF-LSS-BCRPBEDPBLK-BLOCK-0865,privacy_review_cleared,capture_policy_return_owner,decision_row_linkage_validated,0,false,false,false,false,false,false,false,false
DMOI-RF-LSS-BCRPBEDPBRL-RET-0866,DMOI-RF-LSS-BCRPBEDPBRR-REQ-0866,DMOI-RF-LSS-BCRPBEDPBLK-BLOCK-0866,privacy_review_cleared,capture_policy_return_owner,all_decision_fields_filled,0,false,false,false,false,false,false,false,false
DMOI-RF-LSS-BCRPBEDPBRL-RET-0867,DMOI-RF-LSS-BCRPBEDPBRR-REQ-0867,DMOI-RF-LSS-BCRPBEDPBLK-BLOCK-0867,privacy_review_cleared,capture_policy_return_owner,all_criteria_decisions_recorded,0,false,false,false,false,false,false,false,false
DMOI-RF-LSS-BCRPBEDPBRL-RET-0868,DMOI-RF-LSS-BCRPBEDPBRR-REQ-0868,DMOI-RF-LSS-BCRPBEDPBLK-BLOCK-0868,privacy_review_cleared,capture_policy_return_owner,all_criteria_passed,0,false,false,false,false,false,false,false,false
DMOI-RF-LSS-BCRPBEDPBRL-RET-0869,DMOI-RF-LSS-BCRPBEDPBRR-REQ-0869,DMOI-RF-LSS-BCRPBEDPBLK-BLOCK-0869,privacy_review_cleared,capture_policy_return_owner,no_criteria_failed,0,false,false,false,false,false,false,false,false
DMOI-RF-LSS-BCRPBEDPBRL-RET-0870,DMOI-RF-LSS-BCRPBEDPBRR-REQ-0870,DMOI-RF-LSS-BCRPBEDPBLK-BLOCK-0870,privacy_review_cleared,capture_policy_return_owner,evidence_values_reviewed,0,false,false,false,false,false,false,false,false
DMOI-RF-LSS-BCRPBEDPBRL-RET-0871,DMOI-RF-LSS-BCRPBEDPBRR-REQ-0871,DMOI-RF-LSS-BCRPBEDPBLK-BLOCK-0871,privacy_review_cleared,capture_policy_return_owner,evidence_source_pointers_reviewed,0,false,false,false,false,false,false,false,false
DMOI-RF-LSS-BCRPBEDPBRL-RET-0872,DMOI-RF-LSS-BCRPBEDPBRR-REQ-0872,DMOI-RF-LSS-BCRPBEDPBLK-BLOCK-0872,privacy_review_cleared,capture_policy_return_owner,source_text_prohibition_confirmed,0,false,false,false,false,false,false,false,false
DMOI-RF-LSS-BCRPBEDPBRL-RET-0873,DMOI-RF-LSS-BCRPBEDPBRR-REQ-0873,DMOI-RF-LSS-BCRPBEDPBLK-BLOCK-0873,privacy_review_cleared,capture_policy_return_owner,allowed_true_precondition_update_bounded,0,false,false,false,false,false,false,false,false
DMOI-RF-LSS-BCRPBEDPBRL-RET-0874,DMOI-RF-LSS-BCRPBEDPBRR-REQ-0874,DMOI-RF-LSS-BCRPBEDPBLK-BLOCK-0874,privacy_review_cleared,capture_policy_return_owner,authority_role_validated,0,false,false,false,false,false,false,false,false
DMOI-RF-LSS-BCRPBEDPBRL-RET-0875,DMOI-RF-LSS-BCRPBEDPBRR-REQ-0875,DMOI-RF-LSS-BCRPBEDPBLK-BLOCK-0875,privacy_review_cleared,capture_policy_return_owner,downstream_query_gate_separate,0,false,false,false,false,false,false,false,false
DMOI-RF-LSS-BCRPBEDPBRL-RET-0876,DMOI-RF-LSS-BCRPBEDPBRR-REQ-0876,DMOI-RF-LSS-BCRPBEDPBLK-BLOCK-0876,privacy_review_cleared,capture_policy_return_owner,downstream_surface_translation_gates_separate,0,false,false,false,false,false,false,false,false
DMOI-RF-LSS-BCRPBEDPBRL-RET-0877,DMOI-RF-LSS-BCRPBEDPBRR-REQ-0877,DMOI-RF-LSS-BCRPBEDPBLK-BLOCK-0877,privacy_review_cleared,capture_policy_return_owner,decision_row_linkage_validated,0,false,false,false,false,false,false,false,false
DMOI-RF-LSS-BCRPBEDPBRL-RET-0878,DMOI-RF-LSS-BCRPBEDPBRR-REQ-0878,DMOI-RF-LSS-BCRPBEDPBLK-BLOCK-0878,privacy_review_cleared,capture_policy_return_owner,all_decision_fields_filled,0,false,false,false,false,false,false,false,false
DMOI-RF-LSS-BCRPBEDPBRL-RET-0879,DMOI-RF-LSS-BCRPBEDPBRR-REQ-0879,DMOI-RF-LSS-BCRPBEDPBLK-BLOCK-0879,privacy_review_cleared,capture_policy_return_owner,all_criteria_decisions_recorded,0,false,false,false,false,false,false,false,false
DMOI-RF-LSS-BCRPBEDPBRL-RET-0880,DMOI-RF-LSS-BCRPBEDPBRR-REQ-0880,DMOI-RF-LSS-BCRPBEDPBLK-BLOCK-0880,privacy_review_cleared,capture_policy_return_owner,all_criteria_passed,0,false,false,false,false,false,false,false,false
DMOI-RF-LSS-BCRPBEDPBRL-RET-0881,DMOI-RF-LSS-BCRPBEDPBRR-REQ-0881,DMOI-RF-LSS-BCRPBEDPBLK-BLOCK-0881,privacy_review_cleared,capture_policy_return_owner,no_criteria_failed,0,false,false,false,false,false,false,false,false
DMOI-RF-LSS-BCRPBEDPBRL-RET-0882,DMOI-RF-LSS-BCRPBEDPBRR-REQ-0882,DMOI-RF-LSS-BCRPBEDPBLK-BLOCK-0882,privacy_review_cleared,capture_policy_return_owner,evidence_values_reviewed,0,false,false,false,false,false,false,false,false
DMOI-RF-LSS-BCRPBEDPBRL-RET-0883,DMOI-RF-LSS-BCRPBEDPBRR-REQ-0883,DMOI-RF-LSS-BCRPBEDPBLK-BLOCK-0883,privacy_review_cleared,capture_policy_return_owner,evidence_source_pointers_reviewed,0,false,false,false,false,false,false,false,false
DMOI-RF-LSS-BCRPBEDPBRL-RET-0884,DMOI-RF-LSS-BCRPBEDPBRR-REQ-0884,DMOI-RF-LSS-BCRPBEDPBLK-BLOCK-0884,privacy_review_cleared,capture_policy_return_owner,source_text_prohibition_confirmed,0,false,false,false,false,false,false,false,false
DMOI-RF-LSS-BCRPBEDPBRL-RET-0885,DMOI-RF-LSS-BCRPBEDPBRR-REQ-0885,DMOI-RF-LSS-BCRPBEDPBLK-BLOCK-0885,privacy_review_cleared,capture_policy_return_owner,allowed_true_precondition_update_bounded,0,false,false,false,false,false,false,false,false
DMOI-RF-LSS-BCRPBEDPBRL-RET-0886,DMOI-RF-LSS-BCRPBEDPBRR-REQ-0886,DMOI-RF-LSS-BCRPBEDPBLK-BLOCK-0886,privacy_review_cleared,capture_policy_return_owner,authority_role_validated,0,false,false,false,false,false,false,false,false
DMOI-RF-LSS-BCRPBEDPBRL-RET-0887,DMOI-RF-LSS-BCRPBEDPBRR-REQ-0887,DMOI-RF-LSS-BCRPBEDPBLK-BLOCK-0887,privacy_review_cleared,capture_policy_return_owner,downstream_query_gate_separate,0,false,false,false,false,false,false,false,false
DMOI-RF-LSS-BCRPBEDPBRL-RET-0888,DMOI-RF-LSS-BCRPBEDPBRR-REQ-0888,DMOI-RF-LSS-BCRPBEDPBLK-BLOCK-0888,privacy_review_cleared,capture_policy_return_owner,downstream_surface_translation_gates_separate,0,false,false,false,false,false,false,false,false
DMOI-RF-LSS-BCRPBEDPBRL-RET-0889,DMOI-RF-LSS-BCRPBEDPBRR-REQ-0889,DMOI-RF-LSS-BCRPBEDPBLK-BLOCK-0889,privacy_review_cleared,capture_policy_return_owner,decision_row_linkage_validated,0,false,false,false,false,false,false,false,false
DMOI-RF-LSS-BCRPBEDPBRL-RET-0890,DMOI-RF-LSS-BCRPBEDPBRR-REQ-0890,DMOI-RF-LSS-BCRPBEDPBLK-BLOCK-0890,privacy_review_cleared,capture_policy_return_owner,all_decision_fields_filled,0,false,false,false,false,false,false,false,false
DMOI-RF-LSS-BCRPBEDPBRL-RET-0891,DMOI-RF-LSS-BCRPBEDPBRR-REQ-0891,DMOI-RF-LSS-BCRPBEDPBLK-BLOCK-0891,privacy_review_cleared,capture_policy_return_owner,all_criteria_decisions_recorded,0,false,false,false,false,false,false,false,false
DMOI-RF-LSS-BCRPBEDPBRL-RET-0892,DMOI-RF-LSS-BCRPBEDPBRR-REQ-0892,DMOI-RF-LSS-BCRPBEDPBLK-BLOCK-0892,privacy_review_cleared,capture_policy_return_owner,all_criteria_passed,0,false,false,false,false,false,false,false,false
DMOI-RF-LSS-BCRPBEDPBRL-RET-0893,DMOI-RF-LSS-BCRPBEDPBRR-REQ-0893,DMOI-RF-LSS-BCRPBEDPBLK-BLOCK-0893,privacy_review_cleared,capture_policy_return_owner,no_criteria_failed,0,false,false,false,false,false,false,false,false
DMOI-RF-LSS-BCRPBEDPBRL-RET-0894,DMOI-RF-LSS-BCRPBEDPBRR-REQ-0894,DMOI-RF-LSS-BCRPBEDPBLK-BLOCK-0894,privacy_review_cleared,capture_policy_return_owner,evidence_values_reviewed,0,false,false,false,false,false,false,false,false
DMOI-RF-LSS-BCRPBEDPBRL-RET-0895,DMOI-RF-LSS-BCRPBEDPBRR-REQ-0895,DMOI-RF-LSS-BCRPBEDPBLK-BLOCK-0895,privacy_review_cleared,capture_policy_return_owner,evidence_source_pointers_reviewed,0,false,false,false,false,false,false,false,false
DMOI-RF-LSS-BCRPBEDPBRL-RET-0896,DMOI-RF-LSS-BCRPBEDPBRR-REQ-0896,DMOI-RF-LSS-BCRPBEDPBLK-BLOCK-0896,privacy_review_cleared,capture_policy_return_owner,source_text_prohibition_confirmed,0,false,false,false,false,false,false,false,false
DMOI-RF-LSS-BCRPBEDPBRL-RET-0897,DMOI-RF-LSS-BCRPBEDPBRR-REQ-0897,DMOI-RF-LSS-BCRPBEDPBLK-BLOCK-0897,privacy_review_cleared,capture_policy_return_owner,allowed_true_precondition_update_bounded,0,false,false,false,false,false,false,false,false
DMOI-RF-LSS-BCRPBEDPBRL-RET-0898,DMOI-RF-LSS-BCRPBEDPBRR-REQ-0898,DMOI-RF-LSS-BCRPBEDPBLK-BLOCK-0898,privacy_review_cleared,capture_policy_return_owner,authority_role_validated,0,false,false,false,false,false,false,false,false
DMOI-RF-LSS-BCRPBEDPBRL-RET-0899,DMOI-RF-LSS-BCRPBEDPBRR-REQ-0899,DMOI-RF-LSS-BCRPBEDPBLK-BLOCK-0899,privacy_review_cleared,capture_policy_return_owner,downstream_query_gate_separate,0,false,false,false,false,false,false,false,false
DMOI-RF-LSS-BCRPBEDPBRL-RET-0900,DMOI-RF-LSS-BCRPBEDPBRR-REQ-0900,DMOI-RF-LSS-BCRPBEDPBLK-BLOCK-0900,privacy_review_cleared,capture_policy_return_owner,downstream_surface_translation_gates_separate,0,false,false,false,false,false,false,false,false
DMOI-RF-LSS-BCRPBEDPBRL-RET-0901,DMOI-RF-LSS-BCRPBEDPBRR-REQ-0901,DMOI-RF-LSS-BCRPBEDPBLK-BLOCK-0901,privacy_review_cleared,capture_policy_return_owner,decision_row_linkage_validated,0,false,false,false,false,false,false,false,false
DMOI-RF-LSS-BCRPBEDPBRL-RET-0902,DMOI-RF-LSS-BCRPBEDPBRR-REQ-0902,DMOI-RF-LSS-BCRPBEDPBLK-BLOCK-0902,privacy_review_cleared,capture_policy_return_owner,all_decision_fields_filled,0,false,false,false,false,false,false,false,false
DMOI-RF-LSS-BCRPBEDPBRL-RET-0903,DMOI-RF-LSS-BCRPBEDPBRR-REQ-0903,DMOI-RF-LSS-BCRPBEDPBLK-BLOCK-0903,privacy_review_cleared,capture_policy_return_owner,all_criteria_decisions_recorded,0,false,false,false,false,false,false,false,false
DMOI-RF-LSS-BCRPBEDPBRL-RET-0904,DMOI-RF-LSS-BCRPBEDPBRR-REQ-0904,DMOI-RF-LSS-BCRPBEDPBLK-BLOCK-0904,privacy_review_cleared,capture_policy_return_owner,all_criteria_passed,0,false,false,false,false,false,false,false,false
DMOI-RF-LSS-BCRPBEDPBRL-RET-0905,DMOI-RF-LSS-BCRPBEDPBRR-REQ-0905,DMOI-RF-LSS-BCRPBEDPBLK-BLOCK-0905,privacy_review_cleared,capture_policy_return_owner,no_criteria_failed,0,false,false,false,false,false,false,false,false
DMOI-RF-LSS-BCRPBEDPBRL-RET-0906,DMOI-RF-LSS-BCRPBEDPBRR-REQ-0906,DMOI-RF-LSS-BCRPBEDPBLK-BLOCK-0906,privacy_review_cleared,capture_policy_return_owner,evidence_values_reviewed,0,false,false,false,false,false,false,false,false
DMOI-RF-LSS-BCRPBEDPBRL-RET-0907,DMOI-RF-LSS-BCRPBEDPBRR-REQ-0907,DMOI-RF-LSS-BCRPBEDPBLK-BLOCK-0907,privacy_review_cleared,capture_policy_return_owner,evidence_source_pointers_reviewed,0,false,false,false,false,false,false,false,false
DMOI-RF-LSS-BCRPBEDPBRL-RET-0908,DMOI-RF-LSS-BCRPBEDPBRR-REQ-0908,DMOI-RF-LSS-BCRPBEDPBLK-BLOCK-0908,privacy_review_cleared,capture_policy_return_owner,source_text_prohibition_confirmed,0,false,false,false,false,false,false,false,false
DMOI-RF-LSS-BCRPBEDPBRL-RET-0909,DMOI-RF-LSS-BCRPBEDPBRR-REQ-0909,DMOI-RF-LSS-BCRPBEDPBLK-BLOCK-0909,privacy_review_cleared,capture_policy_return_owner,allowed_true_precondition_update_bounded,0,false,false,false,false,false,false,false,false
DMOI-RF-LSS-BCRPBEDPBRL-RET-0910,DMOI-RF-LSS-BCRPBEDPBRR-REQ-0910,DMOI-RF-LSS-BCRPBEDPBLK-BLOCK-0910,privacy_review_cleared,capture_policy_return_owner,authority_role_validated,0,false,false,false,false,false,false,false,false
DMOI-RF-LSS-BCRPBEDPBRL-RET-0911,DMOI-RF-LSS-BCRPBEDPBRR-REQ-0911,DMOI-RF-LSS-BCRPBEDPBLK-BLOCK-0911,privacy_review_cleared,capture_policy_return_owner,downstream_query_gate_separate,0,false,false,false,false,false,false,false,false
DMOI-RF-LSS-BCRPBEDPBRL-RET-0912,DMOI-RF-LSS-BCRPBEDPBRR-REQ-0912,DMOI-RF-LSS-BCRPBEDPBLK-BLOCK-0912,privacy_review_cleared,capture_policy_return_owner,downstream_surface_translation_gates_separate,0,false,false,false,false,false,false,false,false
DMOI-RF-LSS-BCRPBEDPBRL-RET-0913,DMOI-RF-LSS-BCRPBEDPBRR-REQ-0913,DMOI-RF-LSS-BCRPBEDPBLK-BLOCK-0913,privacy_review_cleared,capture_policy_return_owner,decision_row_linkage_validated,0,false,false,false,false,false,false,false,false
DMOI-RF-LSS-BCRPBEDPBRL-RET-0914,DMOI-RF-LSS-BCRPBEDPBRR-REQ-0914,DMOI-RF-LSS-BCRPBEDPBLK-BLOCK-0914,privacy_review_cleared,capture_policy_return_owner,all_decision_fields_filled,0,false,false,false,false,false,false,false,false
DMOI-RF-LSS-BCRPBEDPBRL-RET-0915,DMOI-RF-LSS-BCRPBEDPBRR-REQ-0915,DMOI-RF-LSS-BCRPBEDPBLK-BLOCK-0915,privacy_review_cleared,capture_policy_return_owner,all_criteria_decisions_recorded,0,false,false,false,false,false,false,false,false
DMOI-RF-LSS-BCRPBEDPBRL-RET-0916,DMOI-RF-LSS-BCRPBEDPBRR-REQ-0916,DMOI-RF-LSS-BCRPBEDPBLK-BLOCK-0916,privacy_review_cleared,capture_policy_return_owner,all_criteria_passed,0,false,false,false,false,false,false,false,false
DMOI-RF-LSS-BCRPBEDPBRL-RET-0917,DMOI-RF-LSS-BCRPBEDPBRR-REQ-0917,DMOI-RF-LSS-BCRPBEDPBLK-BLOCK-0917,privacy_review_cleared,capture_policy_return_owner,no_criteria_failed,0,false,false,false,false,false,false,false,false
DMOI-RF-LSS-BCRPBEDPBRL-RET-0918,DMOI-RF-LSS-BCRPBEDPBRR-REQ-0918,DMOI-RF-LSS-BCRPBEDPBLK-BLOCK-0918,privacy_review_cleared,capture_policy_return_owner,evidence_values_reviewed,0,false,false,false,false,false,false,false,false
DMOI-RF-LSS-BCRPBEDPBRL-RET-0919,DMOI-RF-LSS-BCRPBEDPBRR-REQ-0919,DMOI-RF-LSS-BCRPBEDPBLK-BLOCK-0919,privacy_review_cleared,capture_policy_return_owner,evidence_source_pointers_reviewed,0,false,false,false,false,false,false,false,false
DMOI-RF-LSS-BCRPBEDPBRL-RET-0920,DMOI-RF-LSS-BCRPBEDPBRR-REQ-0920,DMOI-RF-LSS-BCRPBEDPBLK-BLOCK-0920,privacy_review_cleared,capture_policy_return_owner,source_text_prohibition_confirmed,0,false,false,false,false,false,false,false,false
DMOI-RF-LSS-BCRPBEDPBRL-RET-0921,DMOI-RF-LSS-BCRPBEDPBRR-REQ-0921,DMOI-RF-LSS-BCRPBEDPBLK-BLOCK-0921,privacy_review_cleared,capture_policy_return_owner,allowed_true_precondition_update_bounded,0,false,false,false,false,false,false,false,false
DMOI-RF-LSS-BCRPBEDPBRL-RET-0922,DMOI-RF-LSS-BCRPBEDPBRR-REQ-0922,DMOI-RF-LSS-BCRPBEDPBLK-BLOCK-0922,privacy_review_cleared,capture_policy_return_owner,authority_role_validated,0,false,false,false,false,false,false,false,false
DMOI-RF-LSS-BCRPBEDPBRL-RET-0923,DMOI-RF-LSS-BCRPBEDPBRR-REQ-0923,DMOI-RF-LSS-BCRPBEDPBLK-BLOCK-0923,privacy_review_cleared,capture_policy_return_owner,downstream_query_gate_separate,0,false,false,false,false,false,false,false,false
DMOI-RF-LSS-BCRPBEDPBRL-RET-0924,DMOI-RF-LSS-BCRPBEDPBRR-REQ-0924,DMOI-RF-LSS-BCRPBEDPBLK-BLOCK-0924,privacy_review_cleared,capture_policy_return_owner,downstream_surface_translation_gates_separate,0,false,false,false,false,false,false,false,false
DMOI-RF-LSS-BCRPBEDPBRL-RET-0925,DMOI-RF-LSS-BCRPBEDPBRR-REQ-0925,DMOI-RF-LSS-BCRPBEDPBLK-BLOCK-0925,privacy_review_cleared,capture_policy_return_owner,decision_row_linkage_validated,0,false,false,false,false,false,false,false,false
DMOI-RF-LSS-BCRPBEDPBRL-RET-0926,DMOI-RF-LSS-BCRPBEDPBRR-REQ-0926,DMOI-RF-LSS-BCRPBEDPBLK-BLOCK-0926,privacy_review_cleared,capture_policy_return_owner,all_decision_fields_filled,0,false,false,false,false,false,false,false,false
DMOI-RF-LSS-BCRPBEDPBRL-RET-0927,DMOI-RF-LSS-BCRPBEDPBRR-REQ-0927,DMOI-RF-LSS-BCRPBEDPBLK-BLOCK-0927,privacy_review_cleared,capture_policy_return_owner,all_criteria_decisions_recorded,0,false,false,false,false,false,false,false,false
DMOI-RF-LSS-BCRPBEDPBRL-RET-0928,DMOI-RF-LSS-BCRPBEDPBRR-REQ-0928,DMOI-RF-LSS-BCRPBEDPBLK-BLOCK-0928,privacy_review_cleared,capture_policy_return_owner,all_criteria_passed,0,false,false,false,false,false,false,false,false
DMOI-RF-LSS-BCRPBEDPBRL-RET-0929,DMOI-RF-LSS-BCRPBEDPBRR-REQ-0929,DMOI-RF-LSS-BCRPBEDPBLK-BLOCK-0929,privacy_review_cleared,capture_policy_return_owner,no_criteria_failed,0,false,false,false,false,false,false,false,false
DMOI-RF-LSS-BCRPBEDPBRL-RET-0930,DMOI-RF-LSS-BCRPBEDPBRR-REQ-0930,DMOI-RF-LSS-BCRPBEDPBLK-BLOCK-0930,privacy_review_cleared,capture_policy_return_owner,evidence_values_reviewed,0,false,false,false,false,false,false,false,false
DMOI-RF-LSS-BCRPBEDPBRL-RET-0931,DMOI-RF-LSS-BCRPBEDPBRR-REQ-0931,DMOI-RF-LSS-BCRPBEDPBLK-BLOCK-0931,privacy_review_cleared,capture_policy_return_owner,evidence_source_pointers_reviewed,0,false,false,false,false,false,false,false,false
DMOI-RF-LSS-BCRPBEDPBRL-RET-0932,DMOI-RF-LSS-BCRPBEDPBRR-REQ-0932,DMOI-RF-LSS-BCRPBEDPBLK-BLOCK-0932,privacy_review_cleared,capture_policy_return_owner,source_text_prohibition_confirmed,0,false,false,false,false,false,false,false,false
DMOI-RF-LSS-BCRPBEDPBRL-RET-0933,DMOI-RF-LSS-BCRPBEDPBRR-REQ-0933,DMOI-RF-LSS-BCRPBEDPBLK-BLOCK-0933,privacy_review_cleared,capture_policy_return_owner,allowed_true_precondition_update_bounded,0,false,false,false,false,false,false,false,false
DMOI-RF-LSS-BCRPBEDPBRL-RET-0934,DMOI-RF-LSS-BCRPBEDPBRR-REQ-0934,DMOI-RF-LSS-BCRPBEDPBLK-BLOCK-0934,privacy_review_cleared,capture_policy_return_owner,authority_role_validated,0,false,false,false,false,false,false,false,false
DMOI-RF-LSS-BCRPBEDPBRL-RET-0935,DMOI-RF-LSS-BCRPBEDPBRR-REQ-0935,DMOI-RF-LSS-BCRPBEDPBLK-BLOCK-0935,privacy_review_cleared,capture_policy_return_owner,downstream_query_gate_separate,0,false,false,false,false,false,false,false,false
DMOI-RF-LSS-BCRPBEDPBRL-RET-0936,DMOI-RF-LSS-BCRPBEDPBRR-REQ-0936,DMOI-RF-LSS-BCRPBEDPBLK-BLOCK-0936,privacy_review_cleared,capture_policy_return_owner,downstream_surface_translation_gates_separate,0,false,false,false,false,false,false,false,false
DMOI-RF-LSS-BCRPBEDPBRL-RET-0937,DMOI-RF-LSS-BCRPBEDPBRR-REQ-0937,DMOI-RF-LSS-BCRPBEDPBLK-BLOCK-0937,privacy_review_cleared,capture_policy_return_owner,decision_row_linkage_validated,0,false,false,false,false,false,false,false,false
DMOI-RF-LSS-BCRPBEDPBRL-RET-0938,DMOI-RF-LSS-BCRPBEDPBRR-REQ-0938,DMOI-RF-LSS-BCRPBEDPBLK-BLOCK-0938,privacy_review_cleared,capture_policy_return_owner,all_decision_fields_filled,0,false,false,false,false,false,false,false,false
DMOI-RF-LSS-BCRPBEDPBRL-RET-0939,DMOI-RF-LSS-BCRPBEDPBRR-REQ-0939,DMOI-RF-LSS-BCRPBEDPBLK-BLOCK-0939,privacy_review_cleared,capture_policy_return_owner,all_criteria_decisions_recorded,0,false,false,false,false,false,false,false,false
DMOI-RF-LSS-BCRPBEDPBRL-RET-0940,DMOI-RF-LSS-BCRPBEDPBRR-REQ-0940,DMOI-RF-LSS-BCRPBEDPBLK-BLOCK-0940,privacy_review_cleared,capture_policy_return_owner,all_criteria_passed,0,false,false,false,false,false,false,false,false
DMOI-RF-LSS-BCRPBEDPBRL-RET-0941,DMOI-RF-LSS-BCRPBEDPBRR-REQ-0941,DMOI-RF-LSS-BCRPBEDPBLK-BLOCK-0941,privacy_review_cleared,capture_policy_return_owner,no_criteria_failed,0,false,false,false,false,false,false,false,false
DMOI-RF-LSS-BCRPBEDPBRL-RET-0942,DMOI-RF-LSS-BCRPBEDPBRR-REQ-0942,DMOI-RF-LSS-BCRPBEDPBLK-BLOCK-0942,privacy_review_cleared,capture_policy_return_owner,evidence_values_reviewed,0,false,false,false,false,false,false,false,false
DMOI-RF-LSS-BCRPBEDPBRL-RET-0943,DMOI-RF-LSS-BCRPBEDPBRR-REQ-0943,DMOI-RF-LSS-BCRPBEDPBLK-BLOCK-0943,privacy_review_cleared,capture_policy_return_owner,evidence_source_pointers_reviewed,0,false,false,false,false,false,false,false,false
DMOI-RF-LSS-BCRPBEDPBRL-RET-0944,DMOI-RF-LSS-BCRPBEDPBRR-REQ-0944,DMOI-RF-LSS-BCRPBEDPBLK-BLOCK-0944,privacy_review_cleared,capture_policy_return_owner,source_text_prohibition_confirmed,0,false,false,false,false,false,false,false,false
DMOI-RF-LSS-BCRPBEDPBRL-RET-0945,DMOI-RF-LSS-BCRPBEDPBRR-REQ-0945,DMOI-RF-LSS-BCRPBEDPBLK-BLOCK-0945,privacy_review_cleared,capture_policy_return_owner,allowed_true_precondition_update_bounded,0,false,false,false,false,false,false,false,false
DMOI-RF-LSS-BCRPBEDPBRL-RET-0946,DMOI-RF-LSS-BCRPBEDPBRR-REQ-0946,DMOI-RF-LSS-BCRPBEDPBLK-BLOCK-0946,privacy_review_cleared,capture_policy_return_owner,authority_role_validated,0,false,false,false,false,false,false,false,false
DMOI-RF-LSS-BCRPBEDPBRL-RET-0947,DMOI-RF-LSS-BCRPBEDPBRR-REQ-0947,DMOI-RF-LSS-BCRPBEDPBLK-BLOCK-0947,privacy_review_cleared,capture_policy_return_owner,downstream_query_gate_separate,0,false,false,false,false,false,false,false,false
DMOI-RF-LSS-BCRPBEDPBRL-RET-0948,DMOI-RF-LSS-BCRPBEDPBRR-REQ-0948,DMOI-RF-LSS-BCRPBEDPBLK-BLOCK-0948,privacy_review_cleared,capture_policy_return_owner,downstream_surface_translation_gates_separate,0,false,false,false,false,false,false,false,false
DMOI-RF-LSS-BCRPBEDPBRL-RET-0949,DMOI-RF-LSS-BCRPBEDPBRR-REQ-0949,DMOI-RF-LSS-BCRPBEDPBLK-BLOCK-0949,privacy_review_cleared,capture_policy_return_owner,decision_row_linkage_validated,0,false,false,false,false,false,false,false,false
DMOI-RF-LSS-BCRPBEDPBRL-RET-0950,DMOI-RF-LSS-BCRPBEDPBRR-REQ-0950,DMOI-RF-LSS-BCRPBEDPBLK-BLOCK-0950,privacy_review_cleared,capture_policy_return_owner,all_decision_fields_filled,0,false,false,false,false,false,false,false,false
DMOI-RF-LSS-BCRPBEDPBRL-RET-0951,DMOI-RF-LSS-BCRPBEDPBRR-REQ-0951,DMOI-RF-LSS-BCRPBEDPBLK-BLOCK-0951,privacy_review_cleared,capture_policy_return_owner,all_criteria_decisions_recorded,0,false,false,false,false,false,false,false,false
DMOI-RF-LSS-BCRPBEDPBRL-RET-0952,DMOI-RF-LSS-BCRPBEDPBRR-REQ-0952,DMOI-RF-LSS-BCRPBEDPBLK-BLOCK-0952,privacy_review_cleared,capture_policy_return_owner,all_criteria_passed,0,false,false,false,false,false,false,false,false
DMOI-RF-LSS-BCRPBEDPBRL-RET-0953,DMOI-RF-LSS-BCRPBEDPBRR-REQ-0953,DMOI-RF-LSS-BCRPBEDPBLK-BLOCK-0953,privacy_review_cleared,capture_policy_return_owner,no_criteria_failed,0,false,false,false,false,false,false,false,false
DMOI-RF-LSS-BCRPBEDPBRL-RET-0954,DMOI-RF-LSS-BCRPBEDPBRR-REQ-0954,DMOI-RF-LSS-BCRPBEDPBLK-BLOCK-0954,privacy_review_cleared,capture_policy_return_owner,evidence_values_reviewed,0,false,false,false,false,false,false,false,false
DMOI-RF-LSS-BCRPBEDPBRL-RET-0955,DMOI-RF-LSS-BCRPBEDPBRR-REQ-0955,DMOI-RF-LSS-BCRPBEDPBLK-BLOCK-0955,privacy_review_cleared,capture_policy_return_owner,evidence_source_pointers_reviewed,0,false,false,false,false,false,false,false,false
DMOI-RF-LSS-BCRPBEDPBRL-RET-0956,DMOI-RF-LSS-BCRPBEDPBRR-REQ-0956,DMOI-RF-LSS-BCRPBEDPBLK-BLOCK-0956,privacy_review_cleared,capture_policy_return_owner,source_text_prohibition_confirmed,0,false,false,false,false,false,false,false,false
DMOI-RF-LSS-BCRPBEDPBRL-RET-0957,DMOI-RF-LSS-BCRPBEDPBRR-REQ-0957,DMOI-RF-LSS-BCRPBEDPBLK-BLOCK-0957,privacy_review_cleared,capture_policy_return_owner,allowed_true_precondition_update_bounded,0,false,false,false,false,false,false,false,false
DMOI-RF-LSS-BCRPBEDPBRL-RET-0958,DMOI-RF-LSS-BCRPBEDPBRR-REQ-0958,DMOI-RF-LSS-BCRPBEDPBLK-BLOCK-0958,privacy_review_cleared,capture_policy_return_owner,authority_role_validated,0,false,false,false,false,false,false,false,false
DMOI-RF-LSS-BCRPBEDPBRL-RET-0959,DMOI-RF-LSS-BCRPBEDPBRR-REQ-0959,DMOI-RF-LSS-BCRPBEDPBLK-BLOCK-0959,privacy_review_cleared,capture_policy_return_owner,downstream_query_gate_separate,0,false,false,false,false,false,false,false,false
DMOI-RF-LSS-BCRPBEDPBRL-RET-0960,DMOI-RF-LSS-BCRPBEDPBRR-REQ-0960,DMOI-RF-LSS-BCRPBEDPBLK-BLOCK-0960,privacy_review_cleared,capture_policy_return_owner,downstream_surface_translation_gates_separate,0,false,false,false,false,false,false,false,false
DMOI-RF-LSS-BCRPBEDPBRL-RET-0961,DMOI-RF-LSS-BCRPBEDPBRR-REQ-0961,DMOI-RF-LSS-BCRPBEDPBLK-BLOCK-0961,privacy_review_cleared,capture_policy_return_owner,decision_row_linkage_validated,0,false,false,false,false,false,false,false,false
DMOI-RF-LSS-BCRPBEDPBRL-RET-0962,DMOI-RF-LSS-BCRPBEDPBRR-REQ-0962,DMOI-RF-LSS-BCRPBEDPBLK-BLOCK-0962,privacy_review_cleared,capture_policy_return_owner,all_decision_fields_filled,0,false,false,false,false,false,false,false,false
DMOI-RF-LSS-BCRPBEDPBRL-RET-0963,DMOI-RF-LSS-BCRPBEDPBRR-REQ-0963,DMOI-RF-LSS-BCRPBEDPBLK-BLOCK-0963,privacy_review_cleared,capture_policy_return_owner,all_criteria_decisions_recorded,0,false,false,false,false,false,false,false,false
DMOI-RF-LSS-BCRPBEDPBRL-RET-0964,DMOI-RF-LSS-BCRPBEDPBRR-REQ-0964,DMOI-RF-LSS-BCRPBEDPBLK-BLOCK-0964,privacy_review_cleared,capture_policy_return_owner,all_criteria_passed,0,false,false,false,false,false,false,false,false
DMOI-RF-LSS-BCRPBEDPBRL-RET-0965,DMOI-RF-LSS-BCRPBEDPBRR-REQ-0965,DMOI-RF-LSS-BCRPBEDPBLK-BLOCK-0965,privacy_review_cleared,capture_policy_return_owner,no_criteria_failed,0,false,false,false,false,false,false,false,false
DMOI-RF-LSS-BCRPBEDPBRL-RET-0966,DMOI-RF-LSS-BCRPBEDPBRR-REQ-0966,DMOI-RF-LSS-BCRPBEDPBLK-BLOCK-0966,privacy_review_cleared,capture_policy_return_owner,evidence_values_reviewed,0,false,false,false,false,false,false,false,false
DMOI-RF-LSS-BCRPBEDPBRL-RET-0967,DMOI-RF-LSS-BCRPBEDPBRR-REQ-0967,DMOI-RF-LSS-BCRPBEDPBLK-BLOCK-0967,privacy_review_cleared,capture_policy_return_owner,evidence_source_pointers_reviewed,0,false,false,false,false,false,false,false,false
DMOI-RF-LSS-BCRPBEDPBRL-RET-0968,DMOI-RF-LSS-BCRPBEDPBRR-REQ-0968,DMOI-RF-LSS-BCRPBEDPBLK-BLOCK-0968,privacy_review_cleared,capture_policy_return_owner,source_text_prohibition_confirmed,0,false,false,false,false,false,false,false,false
DMOI-RF-LSS-BCRPBEDPBRL-RET-0969,DMOI-RF-LSS-BCRPBEDPBRR-REQ-0969,DMOI-RF-LSS-BCRPBEDPBLK-BLOCK-0969,privacy_review_cleared,capture_policy_return_owner,allowed_true_precondition_update_bounded,0,false,false,false,false,false,false,false,false
DMOI-RF-LSS-BCRPBEDPBRL-RET-0970,DMOI-RF-LSS-BCRPBEDPBRR-REQ-0970,DMOI-RF-LSS-BCRPBEDPBLK-BLOCK-0970,privacy_review_cleared,capture_policy_return_owner,authority_role_validated,0,false,false,false,false,false,false,false,false
DMOI-RF-LSS-BCRPBEDPBRL-RET-0971,DMOI-RF-LSS-BCRPBEDPBRR-REQ-0971,DMOI-RF-LSS-BCRPBEDPBLK-BLOCK-0971,privacy_review_cleared,capture_policy_return_owner,downstream_query_gate_separate,0,false,false,false,false,false,false,false,false
DMOI-RF-LSS-BCRPBEDPBRL-RET-0972,DMOI-RF-LSS-BCRPBEDPBRR-REQ-0972,DMOI-RF-LSS-BCRPBEDPBLK-BLOCK-0972,privacy_review_cleared,capture_policy_return_owner,downstream_surface_translation_gates_separate,0,false,false,false,false,false,false,false,false
DMOI-RF-LSS-BCRPBEDPBRL-RET-0973,DMOI-RF-LSS-BCRPBEDPBRR-REQ-0973,DMOI-RF-LSS-BCRPBEDPBLK-BLOCK-0973,privacy_review_cleared,capture_policy_return_owner,decision_row_linkage_validated,0,false,false,false,false,false,false,false,false
DMOI-RF-LSS-BCRPBEDPBRL-RET-0974,DMOI-RF-LSS-BCRPBEDPBRR-REQ-0974,DMOI-RF-LSS-BCRPBEDPBLK-BLOCK-0974,privacy_review_cleared,capture_policy_return_owner,all_decision_fields_filled,0,false,false,false,false,false,false,false,false
DMOI-RF-LSS-BCRPBEDPBRL-RET-0975,DMOI-RF-LSS-BCRPBEDPBRR-REQ-0975,DMOI-RF-LSS-BCRPBEDPBLK-BLOCK-0975,privacy_review_cleared,capture_policy_return_owner,all_criteria_decisions_recorded,0,false,false,false,false,false,false,false,false
DMOI-RF-LSS-BCRPBEDPBRL-RET-0976,DMOI-RF-LSS-BCRPBEDPBRR-REQ-0976,DMOI-RF-LSS-BCRPBEDPBLK-BLOCK-0976,privacy_review_cleared,capture_policy_return_owner,all_criteria_passed,0,false,false,false,false,false,false,false,false
DMOI-RF-LSS-BCRPBEDPBRL-RET-0977,DMOI-RF-LSS-BCRPBEDPBRR-REQ-0977,DMOI-RF-LSS-BCRPBEDPBLK-BLOCK-0977,privacy_review_cleared,capture_policy_return_owner,no_criteria_failed,0,false,false,false,false,false,false,false,false
DMOI-RF-LSS-BCRPBEDPBRL-RET-0978,DMOI-RF-LSS-BCRPBEDPBRR-REQ-0978,DMOI-RF-LSS-BCRPBEDPBLK-BLOCK-0978,privacy_review_cleared,capture_policy_return_owner,evidence_values_reviewed,0,false,false,false,false,false,false,false,false
DMOI-RF-LSS-BCRPBEDPBRL-RET-0979,DMOI-RF-LSS-BCRPBEDPBRR-REQ-0979,DMOI-RF-LSS-BCRPBEDPBLK-BLOCK-0979,privacy_review_cleared,capture_policy_return_owner,evidence_source_pointers_reviewed,0,false,false,false,false,false,false,false,false
DMOI-RF-LSS-BCRPBEDPBRL-RET-0980,DMOI-RF-LSS-BCRPBEDPBRR-REQ-0980,DMOI-RF-LSS-BCRPBEDPBLK-BLOCK-0980,privacy_review_cleared,capture_policy_return_owner,source_text_prohibition_confirmed,0,false,false,false,false,false,false,false,false
DMOI-RF-LSS-BCRPBEDPBRL-RET-0981,DMOI-RF-LSS-BCRPBEDPBRR-REQ-0981,DMOI-RF-LSS-BCRPBEDPBLK-BLOCK-0981,privacy_review_cleared,capture_policy_return_owner,allowed_true_precondition_update_bounded,0,false,false,false,false,false,false,false,false
DMOI-RF-LSS-BCRPBEDPBRL-RET-0982,DMOI-RF-LSS-BCRPBEDPBRR-REQ-0982,DMOI-RF-LSS-BCRPBEDPBLK-BLOCK-0982,privacy_review_cleared,capture_policy_return_owner,authority_role_validated,0,false,false,false,false,false,false,false,false
DMOI-RF-LSS-BCRPBEDPBRL-RET-0983,DMOI-RF-LSS-BCRPBEDPBRR-REQ-0983,DMOI-RF-LSS-BCRPBEDPBLK-BLOCK-0983,privacy_review_cleared,capture_policy_return_owner,downstream_query_gate_separate,0,false,false,false,false,false,false,false,false
DMOI-RF-LSS-BCRPBEDPBRL-RET-0984,DMOI-RF-LSS-BCRPBEDPBRR-REQ-0984,DMOI-RF-LSS-BCRPBEDPBLK-BLOCK-0984,privacy_review_cleared,capture_policy_return_owner,downstream_surface_translation_gates_separate,0,false,false,false,false,false,false,false,false
DMOI-RF-LSS-BCRPBEDPBRL-RET-0985,DMOI-RF-LSS-BCRPBEDPBRR-REQ-0985,DMOI-RF-LSS-BCRPBEDPBLK-BLOCK-0985,privacy_review_cleared,capture_policy_return_owner,decision_row_linkage_validated,0,false,false,false,false,false,false,false,false
DMOI-RF-LSS-BCRPBEDPBRL-RET-0986,DMOI-RF-LSS-BCRPBEDPBRR-REQ-0986,DMOI-RF-LSS-BCRPBEDPBLK-BLOCK-0986,privacy_review_cleared,capture_policy_return_owner,all_decision_fields_filled,0,false,false,false,false,false,false,false,false
DMOI-RF-LSS-BCRPBEDPBRL-RET-0987,DMOI-RF-LSS-BCRPBEDPBRR-REQ-0987,DMOI-RF-LSS-BCRPBEDPBLK-BLOCK-0987,privacy_review_cleared,capture_policy_return_owner,all_criteria_decisions_recorded,0,false,false,false,false,false,false,false,false
DMOI-RF-LSS-BCRPBEDPBRL-RET-0988,DMOI-RF-LSS-BCRPBEDPBRR-REQ-0988,DMOI-RF-LSS-BCRPBEDPBLK-BLOCK-0988,privacy_review_cleared,capture_policy_return_owner,all_criteria_passed,0,false,false,false,false,false,false,false,false
DMOI-RF-LSS-BCRPBEDPBRL-RET-0989,DMOI-RF-LSS-BCRPBEDPBRR-REQ-0989,DMOI-RF-LSS-BCRPBEDPBLK-BLOCK-0989,privacy_review_cleared,capture_policy_return_owner,no_criteria_failed,0,false,false,false,false,false,false,false,false
DMOI-RF-LSS-BCRPBEDPBRL-RET-0990,DMOI-RF-LSS-BCRPBEDPBRR-REQ-0990,DMOI-RF-LSS-BCRPBEDPBLK-BLOCK-0990,privacy_review_cleared,capture_policy_return_owner,evidence_values_reviewed,0,false,false,false,false,false,false,false,false
DMOI-RF-LSS-BCRPBEDPBRL-RET-0991,DMOI-RF-LSS-BCRPBEDPBRR-REQ-0991,DMOI-RF-LSS-BCRPBEDPBLK-BLOCK-0991,privacy_review_cleared,capture_policy_return_owner,evidence_source_pointers_reviewed,0,false,false,false,false,false,false,false,false
DMOI-RF-LSS-BCRPBEDPBRL-RET-0992,DMOI-RF-LSS-BCRPBEDPBRR-REQ-0992,DMOI-RF-LSS-BCRPBEDPBLK-BLOCK-0992,privacy_review_cleared,capture_policy_return_owner,source_text_prohibition_confirmed,0,false,false,false,false,false,false,false,false
DMOI-RF-LSS-BCRPBEDPBRL-RET-0993,DMOI-RF-LSS-BCRPBEDPBRR-REQ-0993,DMOI-RF-LSS-BCRPBEDPBLK-BLOCK-0993,privacy_review_cleared,capture_policy_return_owner,allowed_true_precondition_update_bounded,0,false,false,false,false,false,false,false,false
DMOI-RF-LSS-BCRPBEDPBRL-RET-0994,DMOI-RF-LSS-BCRPBEDPBRR-REQ-0994,DMOI-RF-LSS-BCRPBEDPBLK-BLOCK-0994,privacy_review_cleared,capture_policy_return_owner,authority_role_validated,0,false,false,false,false,false,false,false,false
DMOI-RF-LSS-BCRPBEDPBRL-RET-0995,DMOI-RF-LSS-BCRPBEDPBRR-REQ-0995,DMOI-RF-LSS-BCRPBEDPBLK-BLOCK-0995,privacy_review_cleared,capture_policy_return_owner,downstream_query_gate_separate,0,false,false,false,false,false,false,false,false
DMOI-RF-LSS-BCRPBEDPBRL-RET-0996,DMOI-RF-LSS-BCRPBEDPBRR-REQ-0996,DMOI-RF-LSS-BCRPBEDPBLK-BLOCK-0996,privacy_review_cleared,capture_policy_return_owner,downstream_surface_translation_gates_separate,0,false,false,false,false,false,false,false,false
DMOI-RF-LSS-BCRPBEDPBRL-RET-0997,DMOI-RF-LSS-BCRPBEDPBRR-REQ-0997,DMOI-RF-LSS-BCRPBEDPBLK-BLOCK-0997,privacy_review_cleared,capture_policy_return_owner,decision_row_linkage_validated,0,false,false,false,false,false,false,false,false
DMOI-RF-LSS-BCRPBEDPBRL-RET-0998,DMOI-RF-LSS-BCRPBEDPBRR-REQ-0998,DMOI-RF-LSS-BCRPBEDPBLK-BLOCK-0998,privacy_review_cleared,capture_policy_return_owner,all_decision_fields_filled,0,false,false,false,false,false,false,false,false
DMOI-RF-LSS-BCRPBEDPBRL-RET-0999,DMOI-RF-LSS-BCRPBEDPBRR-REQ-0999,DMOI-RF-LSS-BCRPBEDPBLK-BLOCK-0999,privacy_review_cleared,capture_policy_return_owner,all_criteria_decisions_recorded,0,false,false,false,false,false,false,false,false
DMOI-RF-LSS-BCRPBEDPBRL-RET-1000,DMOI-RF-LSS-BCRPBEDPBRR-REQ-1000,DMOI-RF-LSS-BCRPBEDPBLK-BLOCK-1000,privacy_review_cleared,capture_policy_return_owner,all_criteria_passed,0,false,false,false,false,false,false,false,false
DMOI-RF-LSS-BCRPBEDPBRL-RET-1001,DMOI-RF-LSS-BCRPBEDPBRR-REQ-1001,DMOI-RF-LSS-BCRPBEDPBLK-BLOCK-1001,privacy_review_cleared,capture_policy_return_owner,no_criteria_failed,0,false,false,false,false,false,false,false,false
DMOI-RF-LSS-BCRPBEDPBRL-RET-1002,DMOI-RF-LSS-BCRPBEDPBRR-REQ-1002,DMOI-RF-LSS-BCRPBEDPBLK-BLOCK-1002,privacy_review_cleared,capture_policy_return_owner,evidence_values_reviewed,0,false,false,false,false,false,false,false,false
DMOI-RF-LSS-BCRPBEDPBRL-RET-1003,DMOI-RF-LSS-BCRPBEDPBRR-REQ-1003,DMOI-RF-LSS-BCRPBEDPBLK-BLOCK-1003,privacy_review_cleared,capture_policy_return_owner,evidence_source_pointers_reviewed,0,false,false,false,false,false,false,false,false
DMOI-RF-LSS-BCRPBEDPBRL-RET-1004,DMOI-RF-LSS-BCRPBEDPBRR-REQ-1004,DMOI-RF-LSS-BCRPBEDPBLK-BLOCK-1004,privacy_review_cleared,capture_policy_return_owner,source_text_prohibition_confirmed,0,false,false,false,false,false,false,false,false
DMOI-RF-LSS-BCRPBEDPBRL-RET-1005,DMOI-RF-LSS-BCRPBEDPBRR-REQ-1005,DMOI-RF-LSS-BCRPBEDPBLK-BLOCK-1005,privacy_review_cleared,capture_policy_return_owner,allowed_true_precondition_update_bounded,0,false,false,false,false,false,false,false,false
DMOI-RF-LSS-BCRPBEDPBRL-RET-1006,DMOI-RF-LSS-BCRPBEDPBRR-REQ-1006,DMOI-RF-LSS-BCRPBEDPBLK-BLOCK-1006,privacy_review_cleared,capture_policy_return_owner,authority_role_validated,0,false,false,false,false,false,false,false,false
DMOI-RF-LSS-BCRPBEDPBRL-RET-1007,DMOI-RF-LSS-BCRPBEDPBRR-REQ-1007,DMOI-RF-LSS-BCRPBEDPBLK-BLOCK-1007,privacy_review_cleared,capture_policy_return_owner,downstream_query_gate_separate,0,false,false,false,false,false,false,false,false
DMOI-RF-LSS-BCRPBEDPBRL-RET-1008,DMOI-RF-LSS-BCRPBEDPBRR-REQ-1008,DMOI-RF-LSS-BCRPBEDPBLK-BLOCK-1008,privacy_review_cleared,capture_policy_return_owner,downstream_surface_translation_gates_separate,0,false,false,false,false,false,false,false,false
DMOI-RF-LSS-BCRPBEDPBRL-RET-1009,DMOI-RF-LSS-BCRPBEDPBRR-REQ-1009,DMOI-RF-LSS-BCRPBEDPBLK-BLOCK-1009,query_execution_authorized,query_term_return_owner,decision_row_linkage_validated,0,false,false,false,false,false,false,false,false
DMOI-RF-LSS-BCRPBEDPBRL-RET-1010,DMOI-RF-LSS-BCRPBEDPBRR-REQ-1010,DMOI-RF-LSS-BCRPBEDPBLK-BLOCK-1010,query_execution_authorized,query_term_return_owner,all_decision_fields_filled,0,false,false,false,false,false,false,false,false
DMOI-RF-LSS-BCRPBEDPBRL-RET-1011,DMOI-RF-LSS-BCRPBEDPBRR-REQ-1011,DMOI-RF-LSS-BCRPBEDPBLK-BLOCK-1011,query_execution_authorized,query_term_return_owner,all_criteria_decisions_recorded,0,false,false,false,false,false,false,false,false
DMOI-RF-LSS-BCRPBEDPBRL-RET-1012,DMOI-RF-LSS-BCRPBEDPBRR-REQ-1012,DMOI-RF-LSS-BCRPBEDPBLK-BLOCK-1012,query_execution_authorized,query_term_return_owner,all_criteria_passed,0,false,false,false,false,false,false,false,false
DMOI-RF-LSS-BCRPBEDPBRL-RET-1013,DMOI-RF-LSS-BCRPBEDPBRR-REQ-1013,DMOI-RF-LSS-BCRPBEDPBLK-BLOCK-1013,query_execution_authorized,query_term_return_owner,no_criteria_failed,0,false,false,false,false,false,false,false,false
DMOI-RF-LSS-BCRPBEDPBRL-RET-1014,DMOI-RF-LSS-BCRPBEDPBRR-REQ-1014,DMOI-RF-LSS-BCRPBEDPBLK-BLOCK-1014,query_execution_authorized,query_term_return_owner,evidence_values_reviewed,0,false,false,false,false,false,false,false,false
DMOI-RF-LSS-BCRPBEDPBRL-RET-1015,DMOI-RF-LSS-BCRPBEDPBRR-REQ-1015,DMOI-RF-LSS-BCRPBEDPBLK-BLOCK-1015,query_execution_authorized,query_term_return_owner,evidence_source_pointers_reviewed,0,false,false,false,false,false,false,false,false
DMOI-RF-LSS-BCRPBEDPBRL-RET-1016,DMOI-RF-LSS-BCRPBEDPBRR-REQ-1016,DMOI-RF-LSS-BCRPBEDPBLK-BLOCK-1016,query_execution_authorized,query_term_return_owner,source_text_prohibition_confirmed,0,false,false,false,false,false,false,false,false
DMOI-RF-LSS-BCRPBEDPBRL-RET-1017,DMOI-RF-LSS-BCRPBEDPBRR-REQ-1017,DMOI-RF-LSS-BCRPBEDPBLK-BLOCK-1017,query_execution_authorized,query_term_return_owner,allowed_true_precondition_update_bounded,0,false,false,false,false,false,false,false,false
DMOI-RF-LSS-BCRPBEDPBRL-RET-1018,DMOI-RF-LSS-BCRPBEDPBRR-REQ-1018,DMOI-RF-LSS-BCRPBEDPBLK-BLOCK-1018,query_execution_authorized,query_term_return_owner,authority_role_validated,0,false,false,false,false,false,false,false,false
DMOI-RF-LSS-BCRPBEDPBRL-RET-1019,DMOI-RF-LSS-BCRPBEDPBRR-REQ-1019,DMOI-RF-LSS-BCRPBEDPBLK-BLOCK-1019,query_execution_authorized,query_term_return_owner,downstream_query_gate_separate,0,false,false,false,false,false,false,false,false
DMOI-RF-LSS-BCRPBEDPBRL-RET-1020,DMOI-RF-LSS-BCRPBEDPBRR-REQ-1020,DMOI-RF-LSS-BCRPBEDPBLK-BLOCK-1020,query_execution_authorized,query_term_return_owner,downstream_surface_translation_gates_separate,0,false,false,false,false,false,false,false,false
DMOI-RF-LSS-BCRPBEDPBRL-RET-1021,DMOI-RF-LSS-BCRPBEDPBRR-REQ-1021,DMOI-RF-LSS-BCRPBEDPBLK-BLOCK-1021,query_execution_authorized,query_term_return_owner,decision_row_linkage_validated,0,false,false,false,false,false,false,false,false
DMOI-RF-LSS-BCRPBEDPBRL-RET-1022,DMOI-RF-LSS-BCRPBEDPBRR-REQ-1022,DMOI-RF-LSS-BCRPBEDPBLK-BLOCK-1022,query_execution_authorized,query_term_return_owner,all_decision_fields_filled,0,false,false,false,false,false,false,false,false
DMOI-RF-LSS-BCRPBEDPBRL-RET-1023,DMOI-RF-LSS-BCRPBEDPBRR-REQ-1023,DMOI-RF-LSS-BCRPBEDPBLK-BLOCK-1023,query_execution_authorized,query_term_return_owner,all_criteria_decisions_recorded,0,false,false,false,false,false,false,false,false
DMOI-RF-LSS-BCRPBEDPBRL-RET-1024,DMOI-RF-LSS-BCRPBEDPBRR-REQ-1024,DMOI-RF-LSS-BCRPBEDPBLK-BLOCK-1024,query_execution_authorized,query_term_return_owner,all_criteria_passed,0,false,false,false,false,false,false,false,false
DMOI-RF-LSS-BCRPBEDPBRL-RET-1025,DMOI-RF-LSS-BCRPBEDPBRR-REQ-1025,DMOI-RF-LSS-BCRPBEDPBLK-BLOCK-1025,query_execution_authorized,query_term_return_owner,no_criteria_failed,0,false,false,false,false,false,false,false,false
DMOI-RF-LSS-BCRPBEDPBRL-RET-1026,DMOI-RF-LSS-BCRPBEDPBRR-REQ-1026,DMOI-RF-LSS-BCRPBEDPBLK-BLOCK-1026,query_execution_authorized,query_term_return_owner,evidence_values_reviewed,0,false,false,false,false,false,false,false,false
DMOI-RF-LSS-BCRPBEDPBRL-RET-1027,DMOI-RF-LSS-BCRPBEDPBRR-REQ-1027,DMOI-RF-LSS-BCRPBEDPBLK-BLOCK-1027,query_execution_authorized,query_term_return_owner,evidence_source_pointers_reviewed,0,false,false,false,false,false,false,false,false
DMOI-RF-LSS-BCRPBEDPBRL-RET-1028,DMOI-RF-LSS-BCRPBEDPBRR-REQ-1028,DMOI-RF-LSS-BCRPBEDPBLK-BLOCK-1028,query_execution_authorized,query_term_return_owner,source_text_prohibition_confirmed,0,false,false,false,false,false,false,false,false
DMOI-RF-LSS-BCRPBEDPBRL-RET-1029,DMOI-RF-LSS-BCRPBEDPBRR-REQ-1029,DMOI-RF-LSS-BCRPBEDPBLK-BLOCK-1029,query_execution_authorized,query_term_return_owner,allowed_true_precondition_update_bounded,0,false,false,false,false,false,false,false,false
DMOI-RF-LSS-BCRPBEDPBRL-RET-1030,DMOI-RF-LSS-BCRPBEDPBRR-REQ-1030,DMOI-RF-LSS-BCRPBEDPBLK-BLOCK-1030,query_execution_authorized,query_term_return_owner,authority_role_validated,0,false,false,false,false,false,false,false,false
DMOI-RF-LSS-BCRPBEDPBRL-RET-1031,DMOI-RF-LSS-BCRPBEDPBRR-REQ-1031,DMOI-RF-LSS-BCRPBEDPBLK-BLOCK-1031,query_execution_authorized,query_term_return_owner,downstream_query_gate_separate,0,false,false,false,false,false,false,false,false
DMOI-RF-LSS-BCRPBEDPBRL-RET-1032,DMOI-RF-LSS-BCRPBEDPBRR-REQ-1032,DMOI-RF-LSS-BCRPBEDPBLK-BLOCK-1032,query_execution_authorized,query_term_return_owner,downstream_surface_translation_gates_separate,0,false,false,false,false,false,false,false,false
DMOI-RF-LSS-BCRPBEDPBRL-RET-1033,DMOI-RF-LSS-BCRPBEDPBRR-REQ-1033,DMOI-RF-LSS-BCRPBEDPBLK-BLOCK-1033,query_execution_authorized,query_term_return_owner,decision_row_linkage_validated,0,false,false,false,false,false,false,false,false
DMOI-RF-LSS-BCRPBEDPBRL-RET-1034,DMOI-RF-LSS-BCRPBEDPBRR-REQ-1034,DMOI-RF-LSS-BCRPBEDPBLK-BLOCK-1034,query_execution_authorized,query_term_return_owner,all_decision_fields_filled,0,false,false,false,false,false,false,false,false
DMOI-RF-LSS-BCRPBEDPBRL-RET-1035,DMOI-RF-LSS-BCRPBEDPBRR-REQ-1035,DMOI-RF-LSS-BCRPBEDPBLK-BLOCK-1035,query_execution_authorized,query_term_return_owner,all_criteria_decisions_recorded,0,false,false,false,false,false,false,false,false
DMOI-RF-LSS-BCRPBEDPBRL-RET-1036,DMOI-RF-LSS-BCRPBEDPBRR-REQ-1036,DMOI-RF-LSS-BCRPBEDPBLK-BLOCK-1036,query_execution_authorized,query_term_return_owner,all_criteria_passed,0,false,false,false,false,false,false,false,false
DMOI-RF-LSS-BCRPBEDPBRL-RET-1037,DMOI-RF-LSS-BCRPBEDPBRR-REQ-1037,DMOI-RF-LSS-BCRPBEDPBLK-BLOCK-1037,query_execution_authorized,query_term_return_owner,no_criteria_failed,0,false,false,false,false,false,false,false,false
DMOI-RF-LSS-BCRPBEDPBRL-RET-1038,DMOI-RF-LSS-BCRPBEDPBRR-REQ-1038,DMOI-RF-LSS-BCRPBEDPBLK-BLOCK-1038,query_execution_authorized,query_term_return_owner,evidence_values_reviewed,0,false,false,false,false,false,false,false,false
DMOI-RF-LSS-BCRPBEDPBRL-RET-1039,DMOI-RF-LSS-BCRPBEDPBRR-REQ-1039,DMOI-RF-LSS-BCRPBEDPBLK-BLOCK-1039,query_execution_authorized,query_term_return_owner,evidence_source_pointers_reviewed,0,false,false,false,false,false,false,false,false
DMOI-RF-LSS-BCRPBEDPBRL-RET-1040,DMOI-RF-LSS-BCRPBEDPBRR-REQ-1040,DMOI-RF-LSS-BCRPBEDPBLK-BLOCK-1040,query_execution_authorized,query_term_return_owner,source_text_prohibition_confirmed,0,false,false,false,false,false,false,false,false
DMOI-RF-LSS-BCRPBEDPBRL-RET-1041,DMOI-RF-LSS-BCRPBEDPBRR-REQ-1041,DMOI-RF-LSS-BCRPBEDPBLK-BLOCK-1041,query_execution_authorized,query_term_return_owner,allowed_true_precondition_update_bounded,0,false,false,false,false,false,false,false,false
DMOI-RF-LSS-BCRPBEDPBRL-RET-1042,DMOI-RF-LSS-BCRPBEDPBRR-REQ-1042,DMOI-RF-LSS-BCRPBEDPBLK-BLOCK-1042,query_execution_authorized,query_term_return_owner,authority_role_validated,0,false,false,false,false,false,false,false,false
DMOI-RF-LSS-BCRPBEDPBRL-RET-1043,DMOI-RF-LSS-BCRPBEDPBRR-REQ-1043,DMOI-RF-LSS-BCRPBEDPBLK-BLOCK-1043,query_execution_authorized,query_term_return_owner,downstream_query_gate_separate,0,false,false,false,false,false,false,false,false
DMOI-RF-LSS-BCRPBEDPBRL-RET-1044,DMOI-RF-LSS-BCRPBEDPBRR-REQ-1044,DMOI-RF-LSS-BCRPBEDPBLK-BLOCK-1044,query_execution_authorized,query_term_return_owner,downstream_surface_translation_gates_separate,0,false,false,false,false,false,false,false,false
DMOI-RF-LSS-BCRPBEDPBRL-RET-1045,DMOI-RF-LSS-BCRPBEDPBRR-REQ-1045,DMOI-RF-LSS-BCRPBEDPBLK-BLOCK-1045,query_execution_authorized,query_term_return_owner,decision_row_linkage_validated,0,false,false,false,false,false,false,false,false
DMOI-RF-LSS-BCRPBEDPBRL-RET-1046,DMOI-RF-LSS-BCRPBEDPBRR-REQ-1046,DMOI-RF-LSS-BCRPBEDPBLK-BLOCK-1046,query_execution_authorized,query_term_return_owner,all_decision_fields_filled,0,false,false,false,false,false,false,false,false
DMOI-RF-LSS-BCRPBEDPBRL-RET-1047,DMOI-RF-LSS-BCRPBEDPBRR-REQ-1047,DMOI-RF-LSS-BCRPBEDPBLK-BLOCK-1047,query_execution_authorized,query_term_return_owner,all_criteria_decisions_recorded,0,false,false,false,false,false,false,false,false
DMOI-RF-LSS-BCRPBEDPBRL-RET-1048,DMOI-RF-LSS-BCRPBEDPBRR-REQ-1048,DMOI-RF-LSS-BCRPBEDPBLK-BLOCK-1048,query_execution_authorized,query_term_return_owner,all_criteria_passed,0,false,false,false,false,false,false,false,false
DMOI-RF-LSS-BCRPBEDPBRL-RET-1049,DMOI-RF-LSS-BCRPBEDPBRR-REQ-1049,DMOI-RF-LSS-BCRPBEDPBLK-BLOCK-1049,query_execution_authorized,query_term_return_owner,no_criteria_failed,0,false,false,false,false,false,false,false,false
DMOI-RF-LSS-BCRPBEDPBRL-RET-1050,DMOI-RF-LSS-BCRPBEDPBRR-REQ-1050,DMOI-RF-LSS-BCRPBEDPBLK-BLOCK-1050,query_execution_authorized,query_term_return_owner,evidence_values_reviewed,0,false,false,false,false,false,false,false,false
DMOI-RF-LSS-BCRPBEDPBRL-RET-1051,DMOI-RF-LSS-BCRPBEDPBRR-REQ-1051,DMOI-RF-LSS-BCRPBEDPBLK-BLOCK-1051,query_execution_authorized,query_term_return_owner,evidence_source_pointers_reviewed,0,false,false,false,false,false,false,false,false
DMOI-RF-LSS-BCRPBEDPBRL-RET-1052,DMOI-RF-LSS-BCRPBEDPBRR-REQ-1052,DMOI-RF-LSS-BCRPBEDPBLK-BLOCK-1052,query_execution_authorized,query_term_return_owner,source_text_prohibition_confirmed,0,false,false,false,false,false,false,false,false
DMOI-RF-LSS-BCRPBEDPBRL-RET-1053,DMOI-RF-LSS-BCRPBEDPBRR-REQ-1053,DMOI-RF-LSS-BCRPBEDPBLK-BLOCK-1053,query_execution_authorized,query_term_return_owner,allowed_true_precondition_update_bounded,0,false,false,false,false,false,false,false,false
DMOI-RF-LSS-BCRPBEDPBRL-RET-1054,DMOI-RF-LSS-BCRPBEDPBRR-REQ-1054,DMOI-RF-LSS-BCRPBEDPBLK-BLOCK-1054,query_execution_authorized,query_term_return_owner,authority_role_validated,0,false,false,false,false,false,false,false,false
DMOI-RF-LSS-BCRPBEDPBRL-RET-1055,DMOI-RF-LSS-BCRPBEDPBRR-REQ-1055,DMOI-RF-LSS-BCRPBEDPBLK-BLOCK-1055,query_execution_authorized,query_term_return_owner,downstream_query_gate_separate,0,false,false,false,false,false,false,false,false
DMOI-RF-LSS-BCRPBEDPBRL-RET-1056,DMOI-RF-LSS-BCRPBEDPBRR-REQ-1056,DMOI-RF-LSS-BCRPBEDPBLK-BLOCK-1056,query_execution_authorized,query_term_return_owner,downstream_surface_translation_gates_separate,0,false,false,false,false,false,false,false,false
DMOI-RF-LSS-BCRPBEDPBRL-RET-1057,DMOI-RF-LSS-BCRPBEDPBRR-REQ-1057,DMOI-RF-LSS-BCRPBEDPBLK-BLOCK-1057,query_execution_authorized,query_term_return_owner,decision_row_linkage_validated,0,false,false,false,false,false,false,false,false
DMOI-RF-LSS-BCRPBEDPBRL-RET-1058,DMOI-RF-LSS-BCRPBEDPBRR-REQ-1058,DMOI-RF-LSS-BCRPBEDPBLK-BLOCK-1058,query_execution_authorized,query_term_return_owner,all_decision_fields_filled,0,false,false,false,false,false,false,false,false
DMOI-RF-LSS-BCRPBEDPBRL-RET-1059,DMOI-RF-LSS-BCRPBEDPBRR-REQ-1059,DMOI-RF-LSS-BCRPBEDPBLK-BLOCK-1059,query_execution_authorized,query_term_return_owner,all_criteria_decisions_recorded,0,false,false,false,false,false,false,false,false
DMOI-RF-LSS-BCRPBEDPBRL-RET-1060,DMOI-RF-LSS-BCRPBEDPBRR-REQ-1060,DMOI-RF-LSS-BCRPBEDPBLK-BLOCK-1060,query_execution_authorized,query_term_return_owner,all_criteria_passed,0,false,false,false,false,false,false,false,false
DMOI-RF-LSS-BCRPBEDPBRL-RET-1061,DMOI-RF-LSS-BCRPBEDPBRR-REQ-1061,DMOI-RF-LSS-BCRPBEDPBLK-BLOCK-1061,query_execution_authorized,query_term_return_owner,no_criteria_failed,0,false,false,false,false,false,false,false,false
DMOI-RF-LSS-BCRPBEDPBRL-RET-1062,DMOI-RF-LSS-BCRPBEDPBRR-REQ-1062,DMOI-RF-LSS-BCRPBEDPBLK-BLOCK-1062,query_execution_authorized,query_term_return_owner,evidence_values_reviewed,0,false,false,false,false,false,false,false,false
DMOI-RF-LSS-BCRPBEDPBRL-RET-1063,DMOI-RF-LSS-BCRPBEDPBRR-REQ-1063,DMOI-RF-LSS-BCRPBEDPBLK-BLOCK-1063,query_execution_authorized,query_term_return_owner,evidence_source_pointers_reviewed,0,false,false,false,false,false,false,false,false
DMOI-RF-LSS-BCRPBEDPBRL-RET-1064,DMOI-RF-LSS-BCRPBEDPBRR-REQ-1064,DMOI-RF-LSS-BCRPBEDPBLK-BLOCK-1064,query_execution_authorized,query_term_return_owner,source_text_prohibition_confirmed,0,false,false,false,false,false,false,false,false
DMOI-RF-LSS-BCRPBEDPBRL-RET-1065,DMOI-RF-LSS-BCRPBEDPBRR-REQ-1065,DMOI-RF-LSS-BCRPBEDPBLK-BLOCK-1065,query_execution_authorized,query_term_return_owner,allowed_true_precondition_update_bounded,0,false,false,false,false,false,false,false,false
DMOI-RF-LSS-BCRPBEDPBRL-RET-1066,DMOI-RF-LSS-BCRPBEDPBRR-REQ-1066,DMOI-RF-LSS-BCRPBEDPBLK-BLOCK-1066,query_execution_authorized,query_term_return_owner,authority_role_validated,0,false,false,false,false,false,false,false,false
DMOI-RF-LSS-BCRPBEDPBRL-RET-1067,DMOI-RF-LSS-BCRPBEDPBRR-REQ-1067,DMOI-RF-LSS-BCRPBEDPBLK-BLOCK-1067,query_execution_authorized,query_term_return_owner,downstream_query_gate_separate,0,false,false,false,false,false,false,false,false
DMOI-RF-LSS-BCRPBEDPBRL-RET-1068,DMOI-RF-LSS-BCRPBEDPBRR-REQ-1068,DMOI-RF-LSS-BCRPBEDPBLK-BLOCK-1068,query_execution_authorized,query_term_return_owner,downstream_surface_translation_gates_separate,0,false,false,false,false,false,false,false,false
DMOI-RF-LSS-BCRPBEDPBRL-RET-1069,DMOI-RF-LSS-BCRPBEDPBRR-REQ-1069,DMOI-RF-LSS-BCRPBEDPBLK-BLOCK-1069,query_execution_authorized,query_term_return_owner,decision_row_linkage_validated,0,false,false,false,false,false,false,false,false
DMOI-RF-LSS-BCRPBEDPBRL-RET-1070,DMOI-RF-LSS-BCRPBEDPBRR-REQ-1070,DMOI-RF-LSS-BCRPBEDPBLK-BLOCK-1070,query_execution_authorized,query_term_return_owner,all_decision_fields_filled,0,false,false,false,false,false,false,false,false
DMOI-RF-LSS-BCRPBEDPBRL-RET-1071,DMOI-RF-LSS-BCRPBEDPBRR-REQ-1071,DMOI-RF-LSS-BCRPBEDPBLK-BLOCK-1071,query_execution_authorized,query_term_return_owner,all_criteria_decisions_recorded,0,false,false,false,false,false,false,false,false
DMOI-RF-LSS-BCRPBEDPBRL-RET-1072,DMOI-RF-LSS-BCRPBEDPBRR-REQ-1072,DMOI-RF-LSS-BCRPBEDPBLK-BLOCK-1072,query_execution_authorized,query_term_return_owner,all_criteria_passed,0,false,false,false,false,false,false,false,false
DMOI-RF-LSS-BCRPBEDPBRL-RET-1073,DMOI-RF-LSS-BCRPBEDPBRR-REQ-1073,DMOI-RF-LSS-BCRPBEDPBLK-BLOCK-1073,query_execution_authorized,query_term_return_owner,no_criteria_failed,0,false,false,false,false,false,false,false,false
DMOI-RF-LSS-BCRPBEDPBRL-RET-1074,DMOI-RF-LSS-BCRPBEDPBRR-REQ-1074,DMOI-RF-LSS-BCRPBEDPBLK-BLOCK-1074,query_execution_authorized,query_term_return_owner,evidence_values_reviewed,0,false,false,false,false,false,false,false,false
DMOI-RF-LSS-BCRPBEDPBRL-RET-1075,DMOI-RF-LSS-BCRPBEDPBRR-REQ-1075,DMOI-RF-LSS-BCRPBEDPBLK-BLOCK-1075,query_execution_authorized,query_term_return_owner,evidence_source_pointers_reviewed,0,false,false,false,false,false,false,false,false
DMOI-RF-LSS-BCRPBEDPBRL-RET-1076,DMOI-RF-LSS-BCRPBEDPBRR-REQ-1076,DMOI-RF-LSS-BCRPBEDPBLK-BLOCK-1076,query_execution_authorized,query_term_return_owner,source_text_prohibition_confirmed,0,false,false,false,false,false,false,false,false
DMOI-RF-LSS-BCRPBEDPBRL-RET-1077,DMOI-RF-LSS-BCRPBEDPBRR-REQ-1077,DMOI-RF-LSS-BCRPBEDPBLK-BLOCK-1077,query_execution_authorized,query_term_return_owner,allowed_true_precondition_update_bounded,0,false,false,false,false,false,false,false,false
DMOI-RF-LSS-BCRPBEDPBRL-RET-1078,DMOI-RF-LSS-BCRPBEDPBRR-REQ-1078,DMOI-RF-LSS-BCRPBEDPBLK-BLOCK-1078,query_execution_authorized,query_term_return_owner,authority_role_validated,0,false,false,false,false,false,false,false,false
DMOI-RF-LSS-BCRPBEDPBRL-RET-1079,DMOI-RF-LSS-BCRPBEDPBRR-REQ-1079,DMOI-RF-LSS-BCRPBEDPBLK-BLOCK-1079,query_execution_authorized,query_term_return_owner,downstream_query_gate_separate,0,false,false,false,false,false,false,false,false
DMOI-RF-LSS-BCRPBEDPBRL-RET-1080,DMOI-RF-LSS-BCRPBEDPBRR-REQ-1080,DMOI-RF-LSS-BCRPBEDPBLK-BLOCK-1080,query_execution_authorized,query_term_return_owner,downstream_surface_translation_gates_separate,0,false,false,false,false,false,false,false,false
DMOI-RF-LSS-BCRPBEDPBRL-RET-1081,DMOI-RF-LSS-BCRPBEDPBRR-REQ-1081,DMOI-RF-LSS-BCRPBEDPBLK-BLOCK-1081,query_execution_authorized,query_term_return_owner,decision_row_linkage_validated,0,false,false,false,false,false,false,false,false
DMOI-RF-LSS-BCRPBEDPBRL-RET-1082,DMOI-RF-LSS-BCRPBEDPBRR-REQ-1082,DMOI-RF-LSS-BCRPBEDPBLK-BLOCK-1082,query_execution_authorized,query_term_return_owner,all_decision_fields_filled,0,false,false,false,false,false,false,false,false
DMOI-RF-LSS-BCRPBEDPBRL-RET-1083,DMOI-RF-LSS-BCRPBEDPBRR-REQ-1083,DMOI-RF-LSS-BCRPBEDPBLK-BLOCK-1083,query_execution_authorized,query_term_return_owner,all_criteria_decisions_recorded,0,false,false,false,false,false,false,false,false
DMOI-RF-LSS-BCRPBEDPBRL-RET-1084,DMOI-RF-LSS-BCRPBEDPBRR-REQ-1084,DMOI-RF-LSS-BCRPBEDPBLK-BLOCK-1084,query_execution_authorized,query_term_return_owner,all_criteria_passed,0,false,false,false,false,false,false,false,false
DMOI-RF-LSS-BCRPBEDPBRL-RET-1085,DMOI-RF-LSS-BCRPBEDPBRR-REQ-1085,DMOI-RF-LSS-BCRPBEDPBLK-BLOCK-1085,query_execution_authorized,query_term_return_owner,no_criteria_failed,0,false,false,false,false,false,false,false,false
DMOI-RF-LSS-BCRPBEDPBRL-RET-1086,DMOI-RF-LSS-BCRPBEDPBRR-REQ-1086,DMOI-RF-LSS-BCRPBEDPBLK-BLOCK-1086,query_execution_authorized,query_term_return_owner,evidence_values_reviewed,0,false,false,false,false,false,false,false,false
DMOI-RF-LSS-BCRPBEDPBRL-RET-1087,DMOI-RF-LSS-BCRPBEDPBRR-REQ-1087,DMOI-RF-LSS-BCRPBEDPBLK-BLOCK-1087,query_execution_authorized,query_term_return_owner,evidence_source_pointers_reviewed,0,false,false,false,false,false,false,false,false
DMOI-RF-LSS-BCRPBEDPBRL-RET-1088,DMOI-RF-LSS-BCRPBEDPBRR-REQ-1088,DMOI-RF-LSS-BCRPBEDPBLK-BLOCK-1088,query_execution_authorized,query_term_return_owner,source_text_prohibition_confirmed,0,false,false,false,false,false,false,false,false
DMOI-RF-LSS-BCRPBEDPBRL-RET-1089,DMOI-RF-LSS-BCRPBEDPBRR-REQ-1089,DMOI-RF-LSS-BCRPBEDPBLK-BLOCK-1089,query_execution_authorized,query_term_return_owner,allowed_true_precondition_update_bounded,0,false,false,false,false,false,false,false,false
DMOI-RF-LSS-BCRPBEDPBRL-RET-1090,DMOI-RF-LSS-BCRPBEDPBRR-REQ-1090,DMOI-RF-LSS-BCRPBEDPBLK-BLOCK-1090,query_execution_authorized,query_term_return_owner,authority_role_validated,0,false,false,false,false,false,false,false,false
DMOI-RF-LSS-BCRPBEDPBRL-RET-1091,DMOI-RF-LSS-BCRPBEDPBRR-REQ-1091,DMOI-RF-LSS-BCRPBEDPBLK-BLOCK-1091,query_execution_authorized,query_term_return_owner,downstream_query_gate_separate,0,false,false,false,false,false,false,false,false
DMOI-RF-LSS-BCRPBEDPBRL-RET-1092,DMOI-RF-LSS-BCRPBEDPBRR-REQ-1092,DMOI-RF-LSS-BCRPBEDPBLK-BLOCK-1092,query_execution_authorized,query_term_return_owner,downstream_surface_translation_gates_separate,0,false,false,false,false,false,false,false,false
DMOI-RF-LSS-BCRPBEDPBRL-RET-1093,DMOI-RF-LSS-BCRPBEDPBRR-REQ-1093,DMOI-RF-LSS-BCRPBEDPBLK-BLOCK-1093,query_execution_authorized,query_term_return_owner,decision_row_linkage_validated,0,false,false,false,false,false,false,false,false
DMOI-RF-LSS-BCRPBEDPBRL-RET-1094,DMOI-RF-LSS-BCRPBEDPBRR-REQ-1094,DMOI-RF-LSS-BCRPBEDPBLK-BLOCK-1094,query_execution_authorized,query_term_return_owner,all_decision_fields_filled,0,false,false,false,false,false,false,false,false
DMOI-RF-LSS-BCRPBEDPBRL-RET-1095,DMOI-RF-LSS-BCRPBEDPBRR-REQ-1095,DMOI-RF-LSS-BCRPBEDPBLK-BLOCK-1095,query_execution_authorized,query_term_return_owner,all_criteria_decisions_recorded,0,false,false,false,false,false,false,false,false
DMOI-RF-LSS-BCRPBEDPBRL-RET-1096,DMOI-RF-LSS-BCRPBEDPBRR-REQ-1096,DMOI-RF-LSS-BCRPBEDPBLK-BLOCK-1096,query_execution_authorized,query_term_return_owner,all_criteria_passed,0,false,false,false,false,false,false,false,false
DMOI-RF-LSS-BCRPBEDPBRL-RET-1097,DMOI-RF-LSS-BCRPBEDPBRR-REQ-1097,DMOI-RF-LSS-BCRPBEDPBLK-BLOCK-1097,query_execution_authorized,query_term_return_owner,no_criteria_failed,0,false,false,false,false,false,false,false,false
DMOI-RF-LSS-BCRPBEDPBRL-RET-1098,DMOI-RF-LSS-BCRPBEDPBRR-REQ-1098,DMOI-RF-LSS-BCRPBEDPBLK-BLOCK-1098,query_execution_authorized,query_term_return_owner,evidence_values_reviewed,0,false,false,false,false,false,false,false,false
DMOI-RF-LSS-BCRPBEDPBRL-RET-1099,DMOI-RF-LSS-BCRPBEDPBRR-REQ-1099,DMOI-RF-LSS-BCRPBEDPBLK-BLOCK-1099,query_execution_authorized,query_term_return_owner,evidence_source_pointers_reviewed,0,false,false,false,false,false,false,false,false
DMOI-RF-LSS-BCRPBEDPBRL-RET-1100,DMOI-RF-LSS-BCRPBEDPBRR-REQ-1100,DMOI-RF-LSS-BCRPBEDPBLK-BLOCK-1100,query_execution_authorized,query_term_return_owner,source_text_prohibition_confirmed,0,false,false,false,false,false,false,false,false
DMOI-RF-LSS-BCRPBEDPBRL-RET-1101,DMOI-RF-LSS-BCRPBEDPBRR-REQ-1101,DMOI-RF-LSS-BCRPBEDPBLK-BLOCK-1101,query_execution_authorized,query_term_return_owner,allowed_true_precondition_update_bounded,0,false,false,false,false,false,false,false,false
DMOI-RF-LSS-BCRPBEDPBRL-RET-1102,DMOI-RF-LSS-BCRPBEDPBRR-REQ-1102,DMOI-RF-LSS-BCRPBEDPBLK-BLOCK-1102,query_execution_authorized,query_term_return_owner,authority_role_validated,0,false,false,false,false,false,false,false,false
DMOI-RF-LSS-BCRPBEDPBRL-RET-1103,DMOI-RF-LSS-BCRPBEDPBRR-REQ-1103,DMOI-RF-LSS-BCRPBEDPBLK-BLOCK-1103,query_execution_authorized,query_term_return_owner,downstream_query_gate_separate,0,false,false,false,false,false,false,false,false
DMOI-RF-LSS-BCRPBEDPBRL-RET-1104,DMOI-RF-LSS-BCRPBEDPBRR-REQ-1104,DMOI-RF-LSS-BCRPBEDPBLK-BLOCK-1104,query_execution_authorized,query_term_return_owner,downstream_surface_translation_gates_separate,0,false,false,false,false,false,false,false,false
DMOI-RF-LSS-BCRPBEDPBRL-RET-1105,DMOI-RF-LSS-BCRPBEDPBRR-REQ-1105,DMOI-RF-LSS-BCRPBEDPBLK-BLOCK-1105,query_execution_authorized,query_term_return_owner,decision_row_linkage_validated,0,false,false,false,false,false,false,false,false
DMOI-RF-LSS-BCRPBEDPBRL-RET-1106,DMOI-RF-LSS-BCRPBEDPBRR-REQ-1106,DMOI-RF-LSS-BCRPBEDPBLK-BLOCK-1106,query_execution_authorized,query_term_return_owner,all_decision_fields_filled,0,false,false,false,false,false,false,false,false
DMOI-RF-LSS-BCRPBEDPBRL-RET-1107,DMOI-RF-LSS-BCRPBEDPBRR-REQ-1107,DMOI-RF-LSS-BCRPBEDPBLK-BLOCK-1107,query_execution_authorized,query_term_return_owner,all_criteria_decisions_recorded,0,false,false,false,false,false,false,false,false
DMOI-RF-LSS-BCRPBEDPBRL-RET-1108,DMOI-RF-LSS-BCRPBEDPBRR-REQ-1108,DMOI-RF-LSS-BCRPBEDPBLK-BLOCK-1108,query_execution_authorized,query_term_return_owner,all_criteria_passed,0,false,false,false,false,false,false,false,false
DMOI-RF-LSS-BCRPBEDPBRL-RET-1109,DMOI-RF-LSS-BCRPBEDPBRR-REQ-1109,DMOI-RF-LSS-BCRPBEDPBLK-BLOCK-1109,query_execution_authorized,query_term_return_owner,no_criteria_failed,0,false,false,false,false,false,false,false,false
DMOI-RF-LSS-BCRPBEDPBRL-RET-1110,DMOI-RF-LSS-BCRPBEDPBRR-REQ-1110,DMOI-RF-LSS-BCRPBEDPBLK-BLOCK-1110,query_execution_authorized,query_term_return_owner,evidence_values_reviewed,0,false,false,false,false,false,false,false,false
DMOI-RF-LSS-BCRPBEDPBRL-RET-1111,DMOI-RF-LSS-BCRPBEDPBRR-REQ-1111,DMOI-RF-LSS-BCRPBEDPBLK-BLOCK-1111,query_execution_authorized,query_term_return_owner,evidence_source_pointers_reviewed,0,false,false,false,false,false,false,false,false
DMOI-RF-LSS-BCRPBEDPBRL-RET-1112,DMOI-RF-LSS-BCRPBEDPBRR-REQ-1112,DMOI-RF-LSS-BCRPBEDPBLK-BLOCK-1112,query_execution_authorized,query_term_return_owner,source_text_prohibition_confirmed,0,false,false,false,false,false,false,false,false
DMOI-RF-LSS-BCRPBEDPBRL-RET-1113,DMOI-RF-LSS-BCRPBEDPBRR-REQ-1113,DMOI-RF-LSS-BCRPBEDPBLK-BLOCK-1113,query_execution_authorized,query_term_return_owner,allowed_true_precondition_update_bounded,0,false,false,false,false,false,false,false,false
DMOI-RF-LSS-BCRPBEDPBRL-RET-1114,DMOI-RF-LSS-BCRPBEDPBRR-REQ-1114,DMOI-RF-LSS-BCRPBEDPBLK-BLOCK-1114,query_execution_authorized,query_term_return_owner,authority_role_validated,0,false,false,false,false,false,false,false,false
DMOI-RF-LSS-BCRPBEDPBRL-RET-1115,DMOI-RF-LSS-BCRPBEDPBRR-REQ-1115,DMOI-RF-LSS-BCRPBEDPBLK-BLOCK-1115,query_execution_authorized,query_term_return_owner,downstream_query_gate_separate,0,false,false,false,false,false,false,false,false
DMOI-RF-LSS-BCRPBEDPBRL-RET-1116,DMOI-RF-LSS-BCRPBEDPBRR-REQ-1116,DMOI-RF-LSS-BCRPBEDPBLK-BLOCK-1116,query_execution_authorized,query_term_return_owner,downstream_surface_translation_gates_separate,0,false,false,false,false,false,false,false,false
DMOI-RF-LSS-BCRPBEDPBRL-RET-1117,DMOI-RF-LSS-BCRPBEDPBRR-REQ-1117,DMOI-RF-LSS-BCRPBEDPBLK-BLOCK-1117,query_execution_authorized,query_term_return_owner,decision_row_linkage_validated,0,false,false,false,false,false,false,false,false
DMOI-RF-LSS-BCRPBEDPBRL-RET-1118,DMOI-RF-LSS-BCRPBEDPBRR-REQ-1118,DMOI-RF-LSS-BCRPBEDPBLK-BLOCK-1118,query_execution_authorized,query_term_return_owner,all_decision_fields_filled,0,false,false,false,false,false,false,false,false
DMOI-RF-LSS-BCRPBEDPBRL-RET-1119,DMOI-RF-LSS-BCRPBEDPBRR-REQ-1119,DMOI-RF-LSS-BCRPBEDPBLK-BLOCK-1119,query_execution_authorized,query_term_return_owner,all_criteria_decisions_recorded,0,false,false,false,false,false,false,false,false
DMOI-RF-LSS-BCRPBEDPBRL-RET-1120,DMOI-RF-LSS-BCRPBEDPBRR-REQ-1120,DMOI-RF-LSS-BCRPBEDPBLK-BLOCK-1120,query_execution_authorized,query_term_return_owner,all_criteria_passed,0,false,false,false,false,false,false,false,false
DMOI-RF-LSS-BCRPBEDPBRL-RET-1121,DMOI-RF-LSS-BCRPBEDPBRR-REQ-1121,DMOI-RF-LSS-BCRPBEDPBLK-BLOCK-1121,query_execution_authorized,query_term_return_owner,no_criteria_failed,0,false,false,false,false,false,false,false,false
DMOI-RF-LSS-BCRPBEDPBRL-RET-1122,DMOI-RF-LSS-BCRPBEDPBRR-REQ-1122,DMOI-RF-LSS-BCRPBEDPBLK-BLOCK-1122,query_execution_authorized,query_term_return_owner,evidence_values_reviewed,0,false,false,false,false,false,false,false,false
DMOI-RF-LSS-BCRPBEDPBRL-RET-1123,DMOI-RF-LSS-BCRPBEDPBRR-REQ-1123,DMOI-RF-LSS-BCRPBEDPBLK-BLOCK-1123,query_execution_authorized,query_term_return_owner,evidence_source_pointers_reviewed,0,false,false,false,false,false,false,false,false
DMOI-RF-LSS-BCRPBEDPBRL-RET-1124,DMOI-RF-LSS-BCRPBEDPBRR-REQ-1124,DMOI-RF-LSS-BCRPBEDPBLK-BLOCK-1124,query_execution_authorized,query_term_return_owner,source_text_prohibition_confirmed,0,false,false,false,false,false,false,false,false
DMOI-RF-LSS-BCRPBEDPBRL-RET-1125,DMOI-RF-LSS-BCRPBEDPBRR-REQ-1125,DMOI-RF-LSS-BCRPBEDPBLK-BLOCK-1125,query_execution_authorized,query_term_return_owner,allowed_true_precondition_update_bounded,0,false,false,false,false,false,false,false,false
DMOI-RF-LSS-BCRPBEDPBRL-RET-1126,DMOI-RF-LSS-BCRPBEDPBRR-REQ-1126,DMOI-RF-LSS-BCRPBEDPBLK-BLOCK-1126,query_execution_authorized,query_term_return_owner,authority_role_validated,0,false,false,false,false,false,false,false,false
DMOI-RF-LSS-BCRPBEDPBRL-RET-1127,DMOI-RF-LSS-BCRPBEDPBRR-REQ-1127,DMOI-RF-LSS-BCRPBEDPBLK-BLOCK-1127,query_execution_authorized,query_term_return_owner,downstream_query_gate_separate,0,false,false,false,false,false,false,false,false
DMOI-RF-LSS-BCRPBEDPBRL-RET-1128,DMOI-RF-LSS-BCRPBEDPBRR-REQ-1128,DMOI-RF-LSS-BCRPBEDPBLK-BLOCK-1128,query_execution_authorized,query_term_return_owner,downstream_surface_translation_gates_separate,0,false,false,false,false,false,false,false,false
DMOI-RF-LSS-BCRPBEDPBRL-RET-1129,DMOI-RF-LSS-BCRPBEDPBRR-REQ-1129,DMOI-RF-LSS-BCRPBEDPBLK-BLOCK-1129,query_execution_authorized,query_term_return_owner,decision_row_linkage_validated,0,false,false,false,false,false,false,false,false
DMOI-RF-LSS-BCRPBEDPBRL-RET-1130,DMOI-RF-LSS-BCRPBEDPBRR-REQ-1130,DMOI-RF-LSS-BCRPBEDPBLK-BLOCK-1130,query_execution_authorized,query_term_return_owner,all_decision_fields_filled,0,false,false,false,false,false,false,false,false
DMOI-RF-LSS-BCRPBEDPBRL-RET-1131,DMOI-RF-LSS-BCRPBEDPBRR-REQ-1131,DMOI-RF-LSS-BCRPBEDPBLK-BLOCK-1131,query_execution_authorized,query_term_return_owner,all_criteria_decisions_recorded,0,false,false,false,false,false,false,false,false
DMOI-RF-LSS-BCRPBEDPBRL-RET-1132,DMOI-RF-LSS-BCRPBEDPBRR-REQ-1132,DMOI-RF-LSS-BCRPBEDPBLK-BLOCK-1132,query_execution_authorized,query_term_return_owner,all_criteria_passed,0,false,false,false,false,false,false,false,false
DMOI-RF-LSS-BCRPBEDPBRL-RET-1133,DMOI-RF-LSS-BCRPBEDPBRR-REQ-1133,DMOI-RF-LSS-BCRPBEDPBLK-BLOCK-1133,query_execution_authorized,query_term_return_owner,no_criteria_failed,0,false,false,false,false,false,false,false,false
DMOI-RF-LSS-BCRPBEDPBRL-RET-1134,DMOI-RF-LSS-BCRPBEDPBRR-REQ-1134,DMOI-RF-LSS-BCRPBEDPBLK-BLOCK-1134,query_execution_authorized,query_term_return_owner,evidence_values_reviewed,0,false,false,false,false,false,false,false,false
DMOI-RF-LSS-BCRPBEDPBRL-RET-1135,DMOI-RF-LSS-BCRPBEDPBRR-REQ-1135,DMOI-RF-LSS-BCRPBEDPBLK-BLOCK-1135,query_execution_authorized,query_term_return_owner,evidence_source_pointers_reviewed,0,false,false,false,false,false,false,false,false
DMOI-RF-LSS-BCRPBEDPBRL-RET-1136,DMOI-RF-LSS-BCRPBEDPBRR-REQ-1136,DMOI-RF-LSS-BCRPBEDPBLK-BLOCK-1136,query_execution_authorized,query_term_return_owner,source_text_prohibition_confirmed,0,false,false,false,false,false,false,false,false
DMOI-RF-LSS-BCRPBEDPBRL-RET-1137,DMOI-RF-LSS-BCRPBEDPBRR-REQ-1137,DMOI-RF-LSS-BCRPBEDPBLK-BLOCK-1137,query_execution_authorized,query_term_return_owner,allowed_true_precondition_update_bounded,0,false,false,false,false,false,false,false,false
DMOI-RF-LSS-BCRPBEDPBRL-RET-1138,DMOI-RF-LSS-BCRPBEDPBRR-REQ-1138,DMOI-RF-LSS-BCRPBEDPBLK-BLOCK-1138,query_execution_authorized,query_term_return_owner,authority_role_validated,0,false,false,false,false,false,false,false,false
DMOI-RF-LSS-BCRPBEDPBRL-RET-1139,DMOI-RF-LSS-BCRPBEDPBRR-REQ-1139,DMOI-RF-LSS-BCRPBEDPBLK-BLOCK-1139,query_execution_authorized,query_term_return_owner,downstream_query_gate_separate,0,false,false,false,false,false,false,false,false
DMOI-RF-LSS-BCRPBEDPBRL-RET-1140,DMOI-RF-LSS-BCRPBEDPBRR-REQ-1140,DMOI-RF-LSS-BCRPBEDPBLK-BLOCK-1140,query_execution_authorized,query_term_return_owner,downstream_surface_translation_gates_separate,0,false,false,false,false,false,false,false,false
DMOI-RF-LSS-BCRPBEDPBRL-RET-1141,DMOI-RF-LSS-BCRPBEDPBRR-REQ-1141,DMOI-RF-LSS-BCRPBEDPBLK-BLOCK-1141,query_execution_authorized,query_term_return_owner,decision_row_linkage_validated,0,false,false,false,false,false,false,false,false
DMOI-RF-LSS-BCRPBEDPBRL-RET-1142,DMOI-RF-LSS-BCRPBEDPBRR-REQ-1142,DMOI-RF-LSS-BCRPBEDPBLK-BLOCK-1142,query_execution_authorized,query_term_return_owner,all_decision_fields_filled,0,false,false,false,false,false,false,false,false
DMOI-RF-LSS-BCRPBEDPBRL-RET-1143,DMOI-RF-LSS-BCRPBEDPBRR-REQ-1143,DMOI-RF-LSS-BCRPBEDPBLK-BLOCK-1143,query_execution_authorized,query_term_return_owner,all_criteria_decisions_recorded,0,false,false,false,false,false,false,false,false
DMOI-RF-LSS-BCRPBEDPBRL-RET-1144,DMOI-RF-LSS-BCRPBEDPBRR-REQ-1144,DMOI-RF-LSS-BCRPBEDPBLK-BLOCK-1144,query_execution_authorized,query_term_return_owner,all_criteria_passed,0,false,false,false,false,false,false,false,false
DMOI-RF-LSS-BCRPBEDPBRL-RET-1145,DMOI-RF-LSS-BCRPBEDPBRR-REQ-1145,DMOI-RF-LSS-BCRPBEDPBLK-BLOCK-1145,query_execution_authorized,query_term_return_owner,no_criteria_failed,0,false,false,false,false,false,false,false,false
DMOI-RF-LSS-BCRPBEDPBRL-RET-1146,DMOI-RF-LSS-BCRPBEDPBRR-REQ-1146,DMOI-RF-LSS-BCRPBEDPBLK-BLOCK-1146,query_execution_authorized,query_term_return_owner,evidence_values_reviewed,0,false,false,false,false,false,false,false,false
DMOI-RF-LSS-BCRPBEDPBRL-RET-1147,DMOI-RF-LSS-BCRPBEDPBRR-REQ-1147,DMOI-RF-LSS-BCRPBEDPBLK-BLOCK-1147,query_execution_authorized,query_term_return_owner,evidence_source_pointers_reviewed,0,false,false,false,false,false,false,false,false
DMOI-RF-LSS-BCRPBEDPBRL-RET-1148,DMOI-RF-LSS-BCRPBEDPBRR-REQ-1148,DMOI-RF-LSS-BCRPBEDPBLK-BLOCK-1148,query_execution_authorized,query_term_return_owner,source_text_prohibition_confirmed,0,false,false,false,false,false,false,false,false
DMOI-RF-LSS-BCRPBEDPBRL-RET-1149,DMOI-RF-LSS-BCRPBEDPBRR-REQ-1149,DMOI-RF-LSS-BCRPBEDPBLK-BLOCK-1149,query_execution_authorized,query_term_return_owner,allowed_true_precondition_update_bounded,0,false,false,false,false,false,false,false,false
DMOI-RF-LSS-BCRPBEDPBRL-RET-1150,DMOI-RF-LSS-BCRPBEDPBRR-REQ-1150,DMOI-RF-LSS-BCRPBEDPBLK-BLOCK-1150,query_execution_authorized,query_term_return_owner,authority_role_validated,0,false,false,false,false,false,false,false,false
DMOI-RF-LSS-BCRPBEDPBRL-RET-1151,DMOI-RF-LSS-BCRPBEDPBRR-REQ-1151,DMOI-RF-LSS-BCRPBEDPBLK-BLOCK-1151,query_execution_authorized,query_term_return_owner,downstream_query_gate_separate,0,false,false,false,false,false,false,false,false
DMOI-RF-LSS-BCRPBEDPBRL-RET-1152,DMOI-RF-LSS-BCRPBEDPBRR-REQ-1152,DMOI-RF-LSS-BCRPBEDPBLK-BLOCK-1152,query_execution_authorized,query_term_return_owner,downstream_surface_translation_gates_separate,0,false,false,false,false,false,false,false,false
DMOI-RF-LSS-BCRPBEDPBRL-RET-1153,DMOI-RF-LSS-BCRPBEDPBRR-REQ-1153,DMOI-RF-LSS-BCRPBEDPBLK-BLOCK-1153,query_string_filled,query_term_return_owner,decision_row_linkage_validated,0,false,false,false,false,false,false,false,false
DMOI-RF-LSS-BCRPBEDPBRL-RET-1154,DMOI-RF-LSS-BCRPBEDPBRR-REQ-1154,DMOI-RF-LSS-BCRPBEDPBLK-BLOCK-1154,query_string_filled,query_term_return_owner,all_decision_fields_filled,0,false,false,false,false,false,false,false,false
DMOI-RF-LSS-BCRPBEDPBRL-RET-1155,DMOI-RF-LSS-BCRPBEDPBRR-REQ-1155,DMOI-RF-LSS-BCRPBEDPBLK-BLOCK-1155,query_string_filled,query_term_return_owner,all_criteria_decisions_recorded,0,false,false,false,false,false,false,false,false
DMOI-RF-LSS-BCRPBEDPBRL-RET-1156,DMOI-RF-LSS-BCRPBEDPBRR-REQ-1156,DMOI-RF-LSS-BCRPBEDPBLK-BLOCK-1156,query_string_filled,query_term_return_owner,all_criteria_passed,0,false,false,false,false,false,false,false,false
DMOI-RF-LSS-BCRPBEDPBRL-RET-1157,DMOI-RF-LSS-BCRPBEDPBRR-REQ-1157,DMOI-RF-LSS-BCRPBEDPBLK-BLOCK-1157,query_string_filled,query_term_return_owner,no_criteria_failed,0,false,false,false,false,false,false,false,false
DMOI-RF-LSS-BCRPBEDPBRL-RET-1158,DMOI-RF-LSS-BCRPBEDPBRR-REQ-1158,DMOI-RF-LSS-BCRPBEDPBLK-BLOCK-1158,query_string_filled,query_term_return_owner,evidence_values_reviewed,0,false,false,false,false,false,false,false,false
DMOI-RF-LSS-BCRPBEDPBRL-RET-1159,DMOI-RF-LSS-BCRPBEDPBRR-REQ-1159,DMOI-RF-LSS-BCRPBEDPBLK-BLOCK-1159,query_string_filled,query_term_return_owner,evidence_source_pointers_reviewed,0,false,false,false,false,false,false,false,false
DMOI-RF-LSS-BCRPBEDPBRL-RET-1160,DMOI-RF-LSS-BCRPBEDPBRR-REQ-1160,DMOI-RF-LSS-BCRPBEDPBLK-BLOCK-1160,query_string_filled,query_term_return_owner,source_text_prohibition_confirmed,0,false,false,false,false,false,false,false,false
DMOI-RF-LSS-BCRPBEDPBRL-RET-1161,DMOI-RF-LSS-BCRPBEDPBRR-REQ-1161,DMOI-RF-LSS-BCRPBEDPBLK-BLOCK-1161,query_string_filled,query_term_return_owner,allowed_true_precondition_update_bounded,0,false,false,false,false,false,false,false,false
DMOI-RF-LSS-BCRPBEDPBRL-RET-1162,DMOI-RF-LSS-BCRPBEDPBRR-REQ-1162,DMOI-RF-LSS-BCRPBEDPBLK-BLOCK-1162,query_string_filled,query_term_return_owner,authority_role_validated,0,false,false,false,false,false,false,false,false
DMOI-RF-LSS-BCRPBEDPBRL-RET-1163,DMOI-RF-LSS-BCRPBEDPBRR-REQ-1163,DMOI-RF-LSS-BCRPBEDPBLK-BLOCK-1163,query_string_filled,query_term_return_owner,downstream_query_gate_separate,0,false,false,false,false,false,false,false,false
DMOI-RF-LSS-BCRPBEDPBRL-RET-1164,DMOI-RF-LSS-BCRPBEDPBRR-REQ-1164,DMOI-RF-LSS-BCRPBEDPBLK-BLOCK-1164,query_string_filled,query_term_return_owner,downstream_surface_translation_gates_separate,0,false,false,false,false,false,false,false,false
DMOI-RF-LSS-BCRPBEDPBRL-RET-1165,DMOI-RF-LSS-BCRPBEDPBRR-REQ-1165,DMOI-RF-LSS-BCRPBEDPBLK-BLOCK-1165,query_string_filled,query_term_return_owner,decision_row_linkage_validated,0,false,false,false,false,false,false,false,false
DMOI-RF-LSS-BCRPBEDPBRL-RET-1166,DMOI-RF-LSS-BCRPBEDPBRR-REQ-1166,DMOI-RF-LSS-BCRPBEDPBLK-BLOCK-1166,query_string_filled,query_term_return_owner,all_decision_fields_filled,0,false,false,false,false,false,false,false,false
DMOI-RF-LSS-BCRPBEDPBRL-RET-1167,DMOI-RF-LSS-BCRPBEDPBRR-REQ-1167,DMOI-RF-LSS-BCRPBEDPBLK-BLOCK-1167,query_string_filled,query_term_return_owner,all_criteria_decisions_recorded,0,false,false,false,false,false,false,false,false
DMOI-RF-LSS-BCRPBEDPBRL-RET-1168,DMOI-RF-LSS-BCRPBEDPBRR-REQ-1168,DMOI-RF-LSS-BCRPBEDPBLK-BLOCK-1168,query_string_filled,query_term_return_owner,all_criteria_passed,0,false,false,false,false,false,false,false,false
DMOI-RF-LSS-BCRPBEDPBRL-RET-1169,DMOI-RF-LSS-BCRPBEDPBRR-REQ-1169,DMOI-RF-LSS-BCRPBEDPBLK-BLOCK-1169,query_string_filled,query_term_return_owner,no_criteria_failed,0,false,false,false,false,false,false,false,false
DMOI-RF-LSS-BCRPBEDPBRL-RET-1170,DMOI-RF-LSS-BCRPBEDPBRR-REQ-1170,DMOI-RF-LSS-BCRPBEDPBLK-BLOCK-1170,query_string_filled,query_term_return_owner,evidence_values_reviewed,0,false,false,false,false,false,false,false,false
DMOI-RF-LSS-BCRPBEDPBRL-RET-1171,DMOI-RF-LSS-BCRPBEDPBRR-REQ-1171,DMOI-RF-LSS-BCRPBEDPBLK-BLOCK-1171,query_string_filled,query_term_return_owner,evidence_source_pointers_reviewed,0,false,false,false,false,false,false,false,false
DMOI-RF-LSS-BCRPBEDPBRL-RET-1172,DMOI-RF-LSS-BCRPBEDPBRR-REQ-1172,DMOI-RF-LSS-BCRPBEDPBLK-BLOCK-1172,query_string_filled,query_term_return_owner,source_text_prohibition_confirmed,0,false,false,false,false,false,false,false,false
DMOI-RF-LSS-BCRPBEDPBRL-RET-1173,DMOI-RF-LSS-BCRPBEDPBRR-REQ-1173,DMOI-RF-LSS-BCRPBEDPBLK-BLOCK-1173,query_string_filled,query_term_return_owner,allowed_true_precondition_update_bounded,0,false,false,false,false,false,false,false,false
DMOI-RF-LSS-BCRPBEDPBRL-RET-1174,DMOI-RF-LSS-BCRPBEDPBRR-REQ-1174,DMOI-RF-LSS-BCRPBEDPBLK-BLOCK-1174,query_string_filled,query_term_return_owner,authority_role_validated,0,false,false,false,false,false,false,false,false
DMOI-RF-LSS-BCRPBEDPBRL-RET-1175,DMOI-RF-LSS-BCRPBEDPBRR-REQ-1175,DMOI-RF-LSS-BCRPBEDPBLK-BLOCK-1175,query_string_filled,query_term_return_owner,downstream_query_gate_separate,0,false,false,false,false,false,false,false,false
DMOI-RF-LSS-BCRPBEDPBRL-RET-1176,DMOI-RF-LSS-BCRPBEDPBRR-REQ-1176,DMOI-RF-LSS-BCRPBEDPBLK-BLOCK-1176,query_string_filled,query_term_return_owner,downstream_surface_translation_gates_separate,0,false,false,false,false,false,false,false,false
DMOI-RF-LSS-BCRPBEDPBRL-RET-1177,DMOI-RF-LSS-BCRPBEDPBRR-REQ-1177,DMOI-RF-LSS-BCRPBEDPBLK-BLOCK-1177,query_string_filled,query_term_return_owner,decision_row_linkage_validated,0,false,false,false,false,false,false,false,false
DMOI-RF-LSS-BCRPBEDPBRL-RET-1178,DMOI-RF-LSS-BCRPBEDPBRR-REQ-1178,DMOI-RF-LSS-BCRPBEDPBLK-BLOCK-1178,query_string_filled,query_term_return_owner,all_decision_fields_filled,0,false,false,false,false,false,false,false,false
DMOI-RF-LSS-BCRPBEDPBRL-RET-1179,DMOI-RF-LSS-BCRPBEDPBRR-REQ-1179,DMOI-RF-LSS-BCRPBEDPBLK-BLOCK-1179,query_string_filled,query_term_return_owner,all_criteria_decisions_recorded,0,false,false,false,false,false,false,false,false
DMOI-RF-LSS-BCRPBEDPBRL-RET-1180,DMOI-RF-LSS-BCRPBEDPBRR-REQ-1180,DMOI-RF-LSS-BCRPBEDPBLK-BLOCK-1180,query_string_filled,query_term_return_owner,all_criteria_passed,0,false,false,false,false,false,false,false,false
DMOI-RF-LSS-BCRPBEDPBRL-RET-1181,DMOI-RF-LSS-BCRPBEDPBRR-REQ-1181,DMOI-RF-LSS-BCRPBEDPBLK-BLOCK-1181,query_string_filled,query_term_return_owner,no_criteria_failed,0,false,false,false,false,false,false,false,false
DMOI-RF-LSS-BCRPBEDPBRL-RET-1182,DMOI-RF-LSS-BCRPBEDPBRR-REQ-1182,DMOI-RF-LSS-BCRPBEDPBLK-BLOCK-1182,query_string_filled,query_term_return_owner,evidence_values_reviewed,0,false,false,false,false,false,false,false,false
DMOI-RF-LSS-BCRPBEDPBRL-RET-1183,DMOI-RF-LSS-BCRPBEDPBRR-REQ-1183,DMOI-RF-LSS-BCRPBEDPBLK-BLOCK-1183,query_string_filled,query_term_return_owner,evidence_source_pointers_reviewed,0,false,false,false,false,false,false,false,false
DMOI-RF-LSS-BCRPBEDPBRL-RET-1184,DMOI-RF-LSS-BCRPBEDPBRR-REQ-1184,DMOI-RF-LSS-BCRPBEDPBLK-BLOCK-1184,query_string_filled,query_term_return_owner,source_text_prohibition_confirmed,0,false,false,false,false,false,false,false,false
DMOI-RF-LSS-BCRPBEDPBRL-RET-1185,DMOI-RF-LSS-BCRPBEDPBRR-REQ-1185,DMOI-RF-LSS-BCRPBEDPBLK-BLOCK-1185,query_string_filled,query_term_return_owner,allowed_true_precondition_update_bounded,0,false,false,false,false,false,false,false,false
DMOI-RF-LSS-BCRPBEDPBRL-RET-1186,DMOI-RF-LSS-BCRPBEDPBRR-REQ-1186,DMOI-RF-LSS-BCRPBEDPBLK-BLOCK-1186,query_string_filled,query_term_return_owner,authority_role_validated,0,false,false,false,false,false,false,false,false
DMOI-RF-LSS-BCRPBEDPBRL-RET-1187,DMOI-RF-LSS-BCRPBEDPBRR-REQ-1187,DMOI-RF-LSS-BCRPBEDPBLK-BLOCK-1187,query_string_filled,query_term_return_owner,downstream_query_gate_separate,0,false,false,false,false,false,false,false,false
DMOI-RF-LSS-BCRPBEDPBRL-RET-1188,DMOI-RF-LSS-BCRPBEDPBRR-REQ-1188,DMOI-RF-LSS-BCRPBEDPBLK-BLOCK-1188,query_string_filled,query_term_return_owner,downstream_surface_translation_gates_separate,0,false,false,false,false,false,false,false,false
DMOI-RF-LSS-BCRPBEDPBRL-RET-1189,DMOI-RF-LSS-BCRPBEDPBRR-REQ-1189,DMOI-RF-LSS-BCRPBEDPBLK-BLOCK-1189,query_string_filled,query_term_return_owner,decision_row_linkage_validated,0,false,false,false,false,false,false,false,false
DMOI-RF-LSS-BCRPBEDPBRL-RET-1190,DMOI-RF-LSS-BCRPBEDPBRR-REQ-1190,DMOI-RF-LSS-BCRPBEDPBLK-BLOCK-1190,query_string_filled,query_term_return_owner,all_decision_fields_filled,0,false,false,false,false,false,false,false,false
DMOI-RF-LSS-BCRPBEDPBRL-RET-1191,DMOI-RF-LSS-BCRPBEDPBRR-REQ-1191,DMOI-RF-LSS-BCRPBEDPBLK-BLOCK-1191,query_string_filled,query_term_return_owner,all_criteria_decisions_recorded,0,false,false,false,false,false,false,false,false
DMOI-RF-LSS-BCRPBEDPBRL-RET-1192,DMOI-RF-LSS-BCRPBEDPBRR-REQ-1192,DMOI-RF-LSS-BCRPBEDPBLK-BLOCK-1192,query_string_filled,query_term_return_owner,all_criteria_passed,0,false,false,false,false,false,false,false,false
DMOI-RF-LSS-BCRPBEDPBRL-RET-1193,DMOI-RF-LSS-BCRPBEDPBRR-REQ-1193,DMOI-RF-LSS-BCRPBEDPBLK-BLOCK-1193,query_string_filled,query_term_return_owner,no_criteria_failed,0,false,false,false,false,false,false,false,false
DMOI-RF-LSS-BCRPBEDPBRL-RET-1194,DMOI-RF-LSS-BCRPBEDPBRR-REQ-1194,DMOI-RF-LSS-BCRPBEDPBLK-BLOCK-1194,query_string_filled,query_term_return_owner,evidence_values_reviewed,0,false,false,false,false,false,false,false,false
DMOI-RF-LSS-BCRPBEDPBRL-RET-1195,DMOI-RF-LSS-BCRPBEDPBRR-REQ-1195,DMOI-RF-LSS-BCRPBEDPBLK-BLOCK-1195,query_string_filled,query_term_return_owner,evidence_source_pointers_reviewed,0,false,false,false,false,false,false,false,false
DMOI-RF-LSS-BCRPBEDPBRL-RET-1196,DMOI-RF-LSS-BCRPBEDPBRR-REQ-1196,DMOI-RF-LSS-BCRPBEDPBLK-BLOCK-1196,query_string_filled,query_term_return_owner,source_text_prohibition_confirmed,0,false,false,false,false,false,false,false,false
DMOI-RF-LSS-BCRPBEDPBRL-RET-1197,DMOI-RF-LSS-BCRPBEDPBRR-REQ-1197,DMOI-RF-LSS-BCRPBEDPBLK-BLOCK-1197,query_string_filled,query_term_return_owner,allowed_true_precondition_update_bounded,0,false,false,false,false,false,false,false,false
DMOI-RF-LSS-BCRPBEDPBRL-RET-1198,DMOI-RF-LSS-BCRPBEDPBRR-REQ-1198,DMOI-RF-LSS-BCRPBEDPBLK-BLOCK-1198,query_string_filled,query_term_return_owner,authority_role_validated,0,false,false,false,false,false,false,false,false
DMOI-RF-LSS-BCRPBEDPBRL-RET-1199,DMOI-RF-LSS-BCRPBEDPBRR-REQ-1199,DMOI-RF-LSS-BCRPBEDPBLK-BLOCK-1199,query_string_filled,query_term_return_owner,downstream_query_gate_separate,0,false,false,false,false,false,false,false,false
DMOI-RF-LSS-BCRPBEDPBRL-RET-1200,DMOI-RF-LSS-BCRPBEDPBRR-REQ-1200,DMOI-RF-LSS-BCRPBEDPBLK-BLOCK-1200,query_string_filled,query_term_return_owner,downstream_surface_translation_gates_separate,0,false,false,false,false,false,false,false,false
DMOI-RF-LSS-BCRPBEDPBRL-RET-1201,DMOI-RF-LSS-BCRPBEDPBRR-REQ-1201,DMOI-RF-LSS-BCRPBEDPBLK-BLOCK-1201,query_string_filled,query_term_return_owner,decision_row_linkage_validated,0,false,false,false,false,false,false,false,false
DMOI-RF-LSS-BCRPBEDPBRL-RET-1202,DMOI-RF-LSS-BCRPBEDPBRR-REQ-1202,DMOI-RF-LSS-BCRPBEDPBLK-BLOCK-1202,query_string_filled,query_term_return_owner,all_decision_fields_filled,0,false,false,false,false,false,false,false,false
DMOI-RF-LSS-BCRPBEDPBRL-RET-1203,DMOI-RF-LSS-BCRPBEDPBRR-REQ-1203,DMOI-RF-LSS-BCRPBEDPBLK-BLOCK-1203,query_string_filled,query_term_return_owner,all_criteria_decisions_recorded,0,false,false,false,false,false,false,false,false
DMOI-RF-LSS-BCRPBEDPBRL-RET-1204,DMOI-RF-LSS-BCRPBEDPBRR-REQ-1204,DMOI-RF-LSS-BCRPBEDPBLK-BLOCK-1204,query_string_filled,query_term_return_owner,all_criteria_passed,0,false,false,false,false,false,false,false,false
DMOI-RF-LSS-BCRPBEDPBRL-RET-1205,DMOI-RF-LSS-BCRPBEDPBRR-REQ-1205,DMOI-RF-LSS-BCRPBEDPBLK-BLOCK-1205,query_string_filled,query_term_return_owner,no_criteria_failed,0,false,false,false,false,false,false,false,false
DMOI-RF-LSS-BCRPBEDPBRL-RET-1206,DMOI-RF-LSS-BCRPBEDPBRR-REQ-1206,DMOI-RF-LSS-BCRPBEDPBLK-BLOCK-1206,query_string_filled,query_term_return_owner,evidence_values_reviewed,0,false,false,false,false,false,false,false,false
DMOI-RF-LSS-BCRPBEDPBRL-RET-1207,DMOI-RF-LSS-BCRPBEDPBRR-REQ-1207,DMOI-RF-LSS-BCRPBEDPBLK-BLOCK-1207,query_string_filled,query_term_return_owner,evidence_source_pointers_reviewed,0,false,false,false,false,false,false,false,false
DMOI-RF-LSS-BCRPBEDPBRL-RET-1208,DMOI-RF-LSS-BCRPBEDPBRR-REQ-1208,DMOI-RF-LSS-BCRPBEDPBLK-BLOCK-1208,query_string_filled,query_term_return_owner,source_text_prohibition_confirmed,0,false,false,false,false,false,false,false,false
DMOI-RF-LSS-BCRPBEDPBRL-RET-1209,DMOI-RF-LSS-BCRPBEDPBRR-REQ-1209,DMOI-RF-LSS-BCRPBEDPBLK-BLOCK-1209,query_string_filled,query_term_return_owner,allowed_true_precondition_update_bounded,0,false,false,false,false,false,false,false,false
DMOI-RF-LSS-BCRPBEDPBRL-RET-1210,DMOI-RF-LSS-BCRPBEDPBRR-REQ-1210,DMOI-RF-LSS-BCRPBEDPBLK-BLOCK-1210,query_string_filled,query_term_return_owner,authority_role_validated,0,false,false,false,false,false,false,false,false
DMOI-RF-LSS-BCRPBEDPBRL-RET-1211,DMOI-RF-LSS-BCRPBEDPBRR-REQ-1211,DMOI-RF-LSS-BCRPBEDPBLK-BLOCK-1211,query_string_filled,query_term_return_owner,downstream_query_gate_separate,0,false,false,false,false,false,false,false,false
DMOI-RF-LSS-BCRPBEDPBRL-RET-1212,DMOI-RF-LSS-BCRPBEDPBRR-REQ-1212,DMOI-RF-LSS-BCRPBEDPBLK-BLOCK-1212,query_string_filled,query_term_return_owner,downstream_surface_translation_gates_separate,0,false,false,false,false,false,false,false,false
DMOI-RF-LSS-BCRPBEDPBRL-RET-1213,DMOI-RF-LSS-BCRPBEDPBRR-REQ-1213,DMOI-RF-LSS-BCRPBEDPBLK-BLOCK-1213,query_string_filled,query_term_return_owner,decision_row_linkage_validated,0,false,false,false,false,false,false,false,false
DMOI-RF-LSS-BCRPBEDPBRL-RET-1214,DMOI-RF-LSS-BCRPBEDPBRR-REQ-1214,DMOI-RF-LSS-BCRPBEDPBLK-BLOCK-1214,query_string_filled,query_term_return_owner,all_decision_fields_filled,0,false,false,false,false,false,false,false,false
DMOI-RF-LSS-BCRPBEDPBRL-RET-1215,DMOI-RF-LSS-BCRPBEDPBRR-REQ-1215,DMOI-RF-LSS-BCRPBEDPBLK-BLOCK-1215,query_string_filled,query_term_return_owner,all_criteria_decisions_recorded,0,false,false,false,false,false,false,false,false
DMOI-RF-LSS-BCRPBEDPBRL-RET-1216,DMOI-RF-LSS-BCRPBEDPBRR-REQ-1216,DMOI-RF-LSS-BCRPBEDPBLK-BLOCK-1216,query_string_filled,query_term_return_owner,all_criteria_passed,0,false,false,false,false,false,false,false,false
DMOI-RF-LSS-BCRPBEDPBRL-RET-1217,DMOI-RF-LSS-BCRPBEDPBRR-REQ-1217,DMOI-RF-LSS-BCRPBEDPBLK-BLOCK-1217,query_string_filled,query_term_return_owner,no_criteria_failed,0,false,false,false,false,false,false,false,false
DMOI-RF-LSS-BCRPBEDPBRL-RET-1218,DMOI-RF-LSS-BCRPBEDPBRR-REQ-1218,DMOI-RF-LSS-BCRPBEDPBLK-BLOCK-1218,query_string_filled,query_term_return_owner,evidence_values_reviewed,0,false,false,false,false,false,false,false,false
DMOI-RF-LSS-BCRPBEDPBRL-RET-1219,DMOI-RF-LSS-BCRPBEDPBRR-REQ-1219,DMOI-RF-LSS-BCRPBEDPBLK-BLOCK-1219,query_string_filled,query_term_return_owner,evidence_source_pointers_reviewed,0,false,false,false,false,false,false,false,false
DMOI-RF-LSS-BCRPBEDPBRL-RET-1220,DMOI-RF-LSS-BCRPBEDPBRR-REQ-1220,DMOI-RF-LSS-BCRPBEDPBLK-BLOCK-1220,query_string_filled,query_term_return_owner,source_text_prohibition_confirmed,0,false,false,false,false,false,false,false,false
DMOI-RF-LSS-BCRPBEDPBRL-RET-1221,DMOI-RF-LSS-BCRPBEDPBRR-REQ-1221,DMOI-RF-LSS-BCRPBEDPBLK-BLOCK-1221,query_string_filled,query_term_return_owner,allowed_true_precondition_update_bounded,0,false,false,false,false,false,false,false,false
DMOI-RF-LSS-BCRPBEDPBRL-RET-1222,DMOI-RF-LSS-BCRPBEDPBRR-REQ-1222,DMOI-RF-LSS-BCRPBEDPBLK-BLOCK-1222,query_string_filled,query_term_return_owner,authority_role_validated,0,false,false,false,false,false,false,false,false
DMOI-RF-LSS-BCRPBEDPBRL-RET-1223,DMOI-RF-LSS-BCRPBEDPBRR-REQ-1223,DMOI-RF-LSS-BCRPBEDPBLK-BLOCK-1223,query_string_filled,query_term_return_owner,downstream_query_gate_separate,0,false,false,false,false,false,false,false,false
DMOI-RF-LSS-BCRPBEDPBRL-RET-1224,DMOI-RF-LSS-BCRPBEDPBRR-REQ-1224,DMOI-RF-LSS-BCRPBEDPBLK-BLOCK-1224,query_string_filled,query_term_return_owner,downstream_surface_translation_gates_separate,0,false,false,false,false,false,false,false,false
DMOI-RF-LSS-BCRPBEDPBRL-RET-1225,DMOI-RF-LSS-BCRPBEDPBRR-REQ-1225,DMOI-RF-LSS-BCRPBEDPBLK-BLOCK-1225,query_string_filled,query_term_return_owner,decision_row_linkage_validated,0,false,false,false,false,false,false,false,false
DMOI-RF-LSS-BCRPBEDPBRL-RET-1226,DMOI-RF-LSS-BCRPBEDPBRR-REQ-1226,DMOI-RF-LSS-BCRPBEDPBLK-BLOCK-1226,query_string_filled,query_term_return_owner,all_decision_fields_filled,0,false,false,false,false,false,false,false,false
DMOI-RF-LSS-BCRPBEDPBRL-RET-1227,DMOI-RF-LSS-BCRPBEDPBRR-REQ-1227,DMOI-RF-LSS-BCRPBEDPBLK-BLOCK-1227,query_string_filled,query_term_return_owner,all_criteria_decisions_recorded,0,false,false,false,false,false,false,false,false
DMOI-RF-LSS-BCRPBEDPBRL-RET-1228,DMOI-RF-LSS-BCRPBEDPBRR-REQ-1228,DMOI-RF-LSS-BCRPBEDPBLK-BLOCK-1228,query_string_filled,query_term_return_owner,all_criteria_passed,0,false,false,false,false,false,false,false,false
DMOI-RF-LSS-BCRPBEDPBRL-RET-1229,DMOI-RF-LSS-BCRPBEDPBRR-REQ-1229,DMOI-RF-LSS-BCRPBEDPBLK-BLOCK-1229,query_string_filled,query_term_return_owner,no_criteria_failed,0,false,false,false,false,false,false,false,false
DMOI-RF-LSS-BCRPBEDPBRL-RET-1230,DMOI-RF-LSS-BCRPBEDPBRR-REQ-1230,DMOI-RF-LSS-BCRPBEDPBLK-BLOCK-1230,query_string_filled,query_term_return_owner,evidence_values_reviewed,0,false,false,false,false,false,false,false,false
DMOI-RF-LSS-BCRPBEDPBRL-RET-1231,DMOI-RF-LSS-BCRPBEDPBRR-REQ-1231,DMOI-RF-LSS-BCRPBEDPBLK-BLOCK-1231,query_string_filled,query_term_return_owner,evidence_source_pointers_reviewed,0,false,false,false,false,false,false,false,false
DMOI-RF-LSS-BCRPBEDPBRL-RET-1232,DMOI-RF-LSS-BCRPBEDPBRR-REQ-1232,DMOI-RF-LSS-BCRPBEDPBLK-BLOCK-1232,query_string_filled,query_term_return_owner,source_text_prohibition_confirmed,0,false,false,false,false,false,false,false,false
DMOI-RF-LSS-BCRPBEDPBRL-RET-1233,DMOI-RF-LSS-BCRPBEDPBRR-REQ-1233,DMOI-RF-LSS-BCRPBEDPBLK-BLOCK-1233,query_string_filled,query_term_return_owner,allowed_true_precondition_update_bounded,0,false,false,false,false,false,false,false,false
DMOI-RF-LSS-BCRPBEDPBRL-RET-1234,DMOI-RF-LSS-BCRPBEDPBRR-REQ-1234,DMOI-RF-LSS-BCRPBEDPBLK-BLOCK-1234,query_string_filled,query_term_return_owner,authority_role_validated,0,false,false,false,false,false,false,false,false
DMOI-RF-LSS-BCRPBEDPBRL-RET-1235,DMOI-RF-LSS-BCRPBEDPBRR-REQ-1235,DMOI-RF-LSS-BCRPBEDPBLK-BLOCK-1235,query_string_filled,query_term_return_owner,downstream_query_gate_separate,0,false,false,false,false,false,false,false,false
DMOI-RF-LSS-BCRPBEDPBRL-RET-1236,DMOI-RF-LSS-BCRPBEDPBRR-REQ-1236,DMOI-RF-LSS-BCRPBEDPBLK-BLOCK-1236,query_string_filled,query_term_return_owner,downstream_surface_translation_gates_separate,0,false,false,false,false,false,false,false,false
DMOI-RF-LSS-BCRPBEDPBRL-RET-1237,DMOI-RF-LSS-BCRPBEDPBRR-REQ-1237,DMOI-RF-LSS-BCRPBEDPBLK-BLOCK-1237,query_string_filled,query_term_return_owner,decision_row_linkage_validated,0,false,false,false,false,false,false,false,false
DMOI-RF-LSS-BCRPBEDPBRL-RET-1238,DMOI-RF-LSS-BCRPBEDPBRR-REQ-1238,DMOI-RF-LSS-BCRPBEDPBLK-BLOCK-1238,query_string_filled,query_term_return_owner,all_decision_fields_filled,0,false,false,false,false,false,false,false,false
DMOI-RF-LSS-BCRPBEDPBRL-RET-1239,DMOI-RF-LSS-BCRPBEDPBRR-REQ-1239,DMOI-RF-LSS-BCRPBEDPBLK-BLOCK-1239,query_string_filled,query_term_return_owner,all_criteria_decisions_recorded,0,false,false,false,false,false,false,false,false
DMOI-RF-LSS-BCRPBEDPBRL-RET-1240,DMOI-RF-LSS-BCRPBEDPBRR-REQ-1240,DMOI-RF-LSS-BCRPBEDPBLK-BLOCK-1240,query_string_filled,query_term_return_owner,all_criteria_passed,0,false,false,false,false,false,false,false,false
DMOI-RF-LSS-BCRPBEDPBRL-RET-1241,DMOI-RF-LSS-BCRPBEDPBRR-REQ-1241,DMOI-RF-LSS-BCRPBEDPBLK-BLOCK-1241,query_string_filled,query_term_return_owner,no_criteria_failed,0,false,false,false,false,false,false,false,false
DMOI-RF-LSS-BCRPBEDPBRL-RET-1242,DMOI-RF-LSS-BCRPBEDPBRR-REQ-1242,DMOI-RF-LSS-BCRPBEDPBLK-BLOCK-1242,query_string_filled,query_term_return_owner,evidence_values_reviewed,0,false,false,false,false,false,false,false,false
DMOI-RF-LSS-BCRPBEDPBRL-RET-1243,DMOI-RF-LSS-BCRPBEDPBRR-REQ-1243,DMOI-RF-LSS-BCRPBEDPBLK-BLOCK-1243,query_string_filled,query_term_return_owner,evidence_source_pointers_reviewed,0,false,false,false,false,false,false,false,false
DMOI-RF-LSS-BCRPBEDPBRL-RET-1244,DMOI-RF-LSS-BCRPBEDPBRR-REQ-1244,DMOI-RF-LSS-BCRPBEDPBLK-BLOCK-1244,query_string_filled,query_term_return_owner,source_text_prohibition_confirmed,0,false,false,false,false,false,false,false,false
DMOI-RF-LSS-BCRPBEDPBRL-RET-1245,DMOI-RF-LSS-BCRPBEDPBRR-REQ-1245,DMOI-RF-LSS-BCRPBEDPBLK-BLOCK-1245,query_string_filled,query_term_return_owner,allowed_true_precondition_update_bounded,0,false,false,false,false,false,false,false,false
DMOI-RF-LSS-BCRPBEDPBRL-RET-1246,DMOI-RF-LSS-BCRPBEDPBRR-REQ-1246,DMOI-RF-LSS-BCRPBEDPBLK-BLOCK-1246,query_string_filled,query_term_return_owner,authority_role_validated,0,false,false,false,false,false,false,false,false
DMOI-RF-LSS-BCRPBEDPBRL-RET-1247,DMOI-RF-LSS-BCRPBEDPBRR-REQ-1247,DMOI-RF-LSS-BCRPBEDPBLK-BLOCK-1247,query_string_filled,query_term_return_owner,downstream_query_gate_separate,0,false,false,false,false,false,false,false,false
DMOI-RF-LSS-BCRPBEDPBRL-RET-1248,DMOI-RF-LSS-BCRPBEDPBRR-REQ-1248,DMOI-RF-LSS-BCRPBEDPBLK-BLOCK-1248,query_string_filled,query_term_return_owner,downstream_surface_translation_gates_separate,0,false,false,false,false,false,false,false,false
DMOI-RF-LSS-BCRPBEDPBRL-RET-1249,DMOI-RF-LSS-BCRPBEDPBRR-REQ-1249,DMOI-RF-LSS-BCRPBEDPBLK-BLOCK-1249,query_string_filled,query_term_return_owner,decision_row_linkage_validated,0,false,false,false,false,false,false,false,false
DMOI-RF-LSS-BCRPBEDPBRL-RET-1250,DMOI-RF-LSS-BCRPBEDPBRR-REQ-1250,DMOI-RF-LSS-BCRPBEDPBLK-BLOCK-1250,query_string_filled,query_term_return_owner,all_decision_fields_filled,0,false,false,false,false,false,false,false,false
DMOI-RF-LSS-BCRPBEDPBRL-RET-1251,DMOI-RF-LSS-BCRPBEDPBRR-REQ-1251,DMOI-RF-LSS-BCRPBEDPBLK-BLOCK-1251,query_string_filled,query_term_return_owner,all_criteria_decisions_recorded,0,false,false,false,false,false,false,false,false
DMOI-RF-LSS-BCRPBEDPBRL-RET-1252,DMOI-RF-LSS-BCRPBEDPBRR-REQ-1252,DMOI-RF-LSS-BCRPBEDPBLK-BLOCK-1252,query_string_filled,query_term_return_owner,all_criteria_passed,0,false,false,false,false,false,false,false,false
DMOI-RF-LSS-BCRPBEDPBRL-RET-1253,DMOI-RF-LSS-BCRPBEDPBRR-REQ-1253,DMOI-RF-LSS-BCRPBEDPBLK-BLOCK-1253,query_string_filled,query_term_return_owner,no_criteria_failed,0,false,false,false,false,false,false,false,false
DMOI-RF-LSS-BCRPBEDPBRL-RET-1254,DMOI-RF-LSS-BCRPBEDPBRR-REQ-1254,DMOI-RF-LSS-BCRPBEDPBLK-BLOCK-1254,query_string_filled,query_term_return_owner,evidence_values_reviewed,0,false,false,false,false,false,false,false,false
DMOI-RF-LSS-BCRPBEDPBRL-RET-1255,DMOI-RF-LSS-BCRPBEDPBRR-REQ-1255,DMOI-RF-LSS-BCRPBEDPBLK-BLOCK-1255,query_string_filled,query_term_return_owner,evidence_source_pointers_reviewed,0,false,false,false,false,false,false,false,false
DMOI-RF-LSS-BCRPBEDPBRL-RET-1256,DMOI-RF-LSS-BCRPBEDPBRR-REQ-1256,DMOI-RF-LSS-BCRPBEDPBLK-BLOCK-1256,query_string_filled,query_term_return_owner,source_text_prohibition_confirmed,0,false,false,false,false,false,false,false,false
DMOI-RF-LSS-BCRPBEDPBRL-RET-1257,DMOI-RF-LSS-BCRPBEDPBRR-REQ-1257,DMOI-RF-LSS-BCRPBEDPBLK-BLOCK-1257,query_string_filled,query_term_return_owner,allowed_true_precondition_update_bounded,0,false,false,false,false,false,false,false,false
DMOI-RF-LSS-BCRPBEDPBRL-RET-1258,DMOI-RF-LSS-BCRPBEDPBRR-REQ-1258,DMOI-RF-LSS-BCRPBEDPBLK-BLOCK-1258,query_string_filled,query_term_return_owner,authority_role_validated,0,false,false,false,false,false,false,false,false
DMOI-RF-LSS-BCRPBEDPBRL-RET-1259,DMOI-RF-LSS-BCRPBEDPBRR-REQ-1259,DMOI-RF-LSS-BCRPBEDPBLK-BLOCK-1259,query_string_filled,query_term_return_owner,downstream_query_gate_separate,0,false,false,false,false,false,false,false,false
DMOI-RF-LSS-BCRPBEDPBRL-RET-1260,DMOI-RF-LSS-BCRPBEDPBRR-REQ-1260,DMOI-RF-LSS-BCRPBEDPBLK-BLOCK-1260,query_string_filled,query_term_return_owner,downstream_surface_translation_gates_separate,0,false,false,false,false,false,false,false,false
DMOI-RF-LSS-BCRPBEDPBRL-RET-1261,DMOI-RF-LSS-BCRPBEDPBRR-REQ-1261,DMOI-RF-LSS-BCRPBEDPBLK-BLOCK-1261,query_string_filled,query_term_return_owner,decision_row_linkage_validated,0,false,false,false,false,false,false,false,false
DMOI-RF-LSS-BCRPBEDPBRL-RET-1262,DMOI-RF-LSS-BCRPBEDPBRR-REQ-1262,DMOI-RF-LSS-BCRPBEDPBLK-BLOCK-1262,query_string_filled,query_term_return_owner,all_decision_fields_filled,0,false,false,false,false,false,false,false,false
DMOI-RF-LSS-BCRPBEDPBRL-RET-1263,DMOI-RF-LSS-BCRPBEDPBRR-REQ-1263,DMOI-RF-LSS-BCRPBEDPBLK-BLOCK-1263,query_string_filled,query_term_return_owner,all_criteria_decisions_recorded,0,false,false,false,false,false,false,false,false
DMOI-RF-LSS-BCRPBEDPBRL-RET-1264,DMOI-RF-LSS-BCRPBEDPBRR-REQ-1264,DMOI-RF-LSS-BCRPBEDPBLK-BLOCK-1264,query_string_filled,query_term_return_owner,all_criteria_passed,0,false,false,false,false,false,false,false,false
DMOI-RF-LSS-BCRPBEDPBRL-RET-1265,DMOI-RF-LSS-BCRPBEDPBRR-REQ-1265,DMOI-RF-LSS-BCRPBEDPBLK-BLOCK-1265,query_string_filled,query_term_return_owner,no_criteria_failed,0,false,false,false,false,false,false,false,false
DMOI-RF-LSS-BCRPBEDPBRL-RET-1266,DMOI-RF-LSS-BCRPBEDPBRR-REQ-1266,DMOI-RF-LSS-BCRPBEDPBLK-BLOCK-1266,query_string_filled,query_term_return_owner,evidence_values_reviewed,0,false,false,false,false,false,false,false,false
DMOI-RF-LSS-BCRPBEDPBRL-RET-1267,DMOI-RF-LSS-BCRPBEDPBRR-REQ-1267,DMOI-RF-LSS-BCRPBEDPBLK-BLOCK-1267,query_string_filled,query_term_return_owner,evidence_source_pointers_reviewed,0,false,false,false,false,false,false,false,false
DMOI-RF-LSS-BCRPBEDPBRL-RET-1268,DMOI-RF-LSS-BCRPBEDPBRR-REQ-1268,DMOI-RF-LSS-BCRPBEDPBLK-BLOCK-1268,query_string_filled,query_term_return_owner,source_text_prohibition_confirmed,0,false,false,false,false,false,false,false,false
DMOI-RF-LSS-BCRPBEDPBRL-RET-1269,DMOI-RF-LSS-BCRPBEDPBRR-REQ-1269,DMOI-RF-LSS-BCRPBEDPBLK-BLOCK-1269,query_string_filled,query_term_return_owner,allowed_true_precondition_update_bounded,0,false,false,false,false,false,false,false,false
DMOI-RF-LSS-BCRPBEDPBRL-RET-1270,DMOI-RF-LSS-BCRPBEDPBRR-REQ-1270,DMOI-RF-LSS-BCRPBEDPBLK-BLOCK-1270,query_string_filled,query_term_return_owner,authority_role_validated,0,false,false,false,false,false,false,false,false
DMOI-RF-LSS-BCRPBEDPBRL-RET-1271,DMOI-RF-LSS-BCRPBEDPBRR-REQ-1271,DMOI-RF-LSS-BCRPBEDPBLK-BLOCK-1271,query_string_filled,query_term_return_owner,downstream_query_gate_separate,0,false,false,false,false,false,false,false,false
DMOI-RF-LSS-BCRPBEDPBRL-RET-1272,DMOI-RF-LSS-BCRPBEDPBRR-REQ-1272,DMOI-RF-LSS-BCRPBEDPBLK-BLOCK-1272,query_string_filled,query_term_return_owner,downstream_surface_translation_gates_separate,0,false,false,false,false,false,false,false,false
DMOI-RF-LSS-BCRPBEDPBRL-RET-1273,DMOI-RF-LSS-BCRPBEDPBRR-REQ-1273,DMOI-RF-LSS-BCRPBEDPBLK-BLOCK-1273,query_string_filled,query_term_return_owner,decision_row_linkage_validated,0,false,false,false,false,false,false,false,false
DMOI-RF-LSS-BCRPBEDPBRL-RET-1274,DMOI-RF-LSS-BCRPBEDPBRR-REQ-1274,DMOI-RF-LSS-BCRPBEDPBLK-BLOCK-1274,query_string_filled,query_term_return_owner,all_decision_fields_filled,0,false,false,false,false,false,false,false,false
DMOI-RF-LSS-BCRPBEDPBRL-RET-1275,DMOI-RF-LSS-BCRPBEDPBRR-REQ-1275,DMOI-RF-LSS-BCRPBEDPBLK-BLOCK-1275,query_string_filled,query_term_return_owner,all_criteria_decisions_recorded,0,false,false,false,false,false,false,false,false
DMOI-RF-LSS-BCRPBEDPBRL-RET-1276,DMOI-RF-LSS-BCRPBEDPBRR-REQ-1276,DMOI-RF-LSS-BCRPBEDPBLK-BLOCK-1276,query_string_filled,query_term_return_owner,all_criteria_passed,0,false,false,false,false,false,false,false,false
DMOI-RF-LSS-BCRPBEDPBRL-RET-1277,DMOI-RF-LSS-BCRPBEDPBRR-REQ-1277,DMOI-RF-LSS-BCRPBEDPBLK-BLOCK-1277,query_string_filled,query_term_return_owner,no_criteria_failed,0,false,false,false,false,false,false,false,false
DMOI-RF-LSS-BCRPBEDPBRL-RET-1278,DMOI-RF-LSS-BCRPBEDPBRR-REQ-1278,DMOI-RF-LSS-BCRPBEDPBLK-BLOCK-1278,query_string_filled,query_term_return_owner,evidence_values_reviewed,0,false,false,false,false,false,false,false,false
DMOI-RF-LSS-BCRPBEDPBRL-RET-1279,DMOI-RF-LSS-BCRPBEDPBRR-REQ-1279,DMOI-RF-LSS-BCRPBEDPBLK-BLOCK-1279,query_string_filled,query_term_return_owner,evidence_source_pointers_reviewed,0,false,false,false,false,false,false,false,false
DMOI-RF-LSS-BCRPBEDPBRL-RET-1280,DMOI-RF-LSS-BCRPBEDPBRR-REQ-1280,DMOI-RF-LSS-BCRPBEDPBLK-BLOCK-1280,query_string_filled,query_term_return_owner,source_text_prohibition_confirmed,0,false,false,false,false,false,false,false,false
DMOI-RF-LSS-BCRPBEDPBRL-RET-1281,DMOI-RF-LSS-BCRPBEDPBRR-REQ-1281,DMOI-RF-LSS-BCRPBEDPBLK-BLOCK-1281,query_string_filled,query_term_return_owner,allowed_true_precondition_update_bounded,0,false,false,false,false,false,false,false,false
DMOI-RF-LSS-BCRPBEDPBRL-RET-1282,DMOI-RF-LSS-BCRPBEDPBRR-REQ-1282,DMOI-RF-LSS-BCRPBEDPBLK-BLOCK-1282,query_string_filled,query_term_return_owner,authority_role_validated,0,false,false,false,false,false,false,false,false
DMOI-RF-LSS-BCRPBEDPBRL-RET-1283,DMOI-RF-LSS-BCRPBEDPBRR-REQ-1283,DMOI-RF-LSS-BCRPBEDPBLK-BLOCK-1283,query_string_filled,query_term_return_owner,downstream_query_gate_separate,0,false,false,false,false,false,false,false,false
DMOI-RF-LSS-BCRPBEDPBRL-RET-1284,DMOI-RF-LSS-BCRPBEDPBRR-REQ-1284,DMOI-RF-LSS-BCRPBEDPBLK-BLOCK-1284,query_string_filled,query_term_return_owner,downstream_surface_translation_gates_separate,0,false,false,false,false,false,false,false,false
DMOI-RF-LSS-BCRPBEDPBRL-RET-1285,DMOI-RF-LSS-BCRPBEDPBRR-REQ-1285,DMOI-RF-LSS-BCRPBEDPBLK-BLOCK-1285,query_string_filled,query_term_return_owner,decision_row_linkage_validated,0,false,false,false,false,false,false,false,false
DMOI-RF-LSS-BCRPBEDPBRL-RET-1286,DMOI-RF-LSS-BCRPBEDPBRR-REQ-1286,DMOI-RF-LSS-BCRPBEDPBLK-BLOCK-1286,query_string_filled,query_term_return_owner,all_decision_fields_filled,0,false,false,false,false,false,false,false,false
DMOI-RF-LSS-BCRPBEDPBRL-RET-1287,DMOI-RF-LSS-BCRPBEDPBRR-REQ-1287,DMOI-RF-LSS-BCRPBEDPBLK-BLOCK-1287,query_string_filled,query_term_return_owner,all_criteria_decisions_recorded,0,false,false,false,false,false,false,false,false
DMOI-RF-LSS-BCRPBEDPBRL-RET-1288,DMOI-RF-LSS-BCRPBEDPBRR-REQ-1288,DMOI-RF-LSS-BCRPBEDPBLK-BLOCK-1288,query_string_filled,query_term_return_owner,all_criteria_passed,0,false,false,false,false,false,false,false,false
DMOI-RF-LSS-BCRPBEDPBRL-RET-1289,DMOI-RF-LSS-BCRPBEDPBRR-REQ-1289,DMOI-RF-LSS-BCRPBEDPBLK-BLOCK-1289,query_string_filled,query_term_return_owner,no_criteria_failed,0,false,false,false,false,false,false,false,false
DMOI-RF-LSS-BCRPBEDPBRL-RET-1290,DMOI-RF-LSS-BCRPBEDPBRR-REQ-1290,DMOI-RF-LSS-BCRPBEDPBLK-BLOCK-1290,query_string_filled,query_term_return_owner,evidence_values_reviewed,0,false,false,false,false,false,false,false,false
DMOI-RF-LSS-BCRPBEDPBRL-RET-1291,DMOI-RF-LSS-BCRPBEDPBRR-REQ-1291,DMOI-RF-LSS-BCRPBEDPBLK-BLOCK-1291,query_string_filled,query_term_return_owner,evidence_source_pointers_reviewed,0,false,false,false,false,false,false,false,false
DMOI-RF-LSS-BCRPBEDPBRL-RET-1292,DMOI-RF-LSS-BCRPBEDPBRR-REQ-1292,DMOI-RF-LSS-BCRPBEDPBLK-BLOCK-1292,query_string_filled,query_term_return_owner,source_text_prohibition_confirmed,0,false,false,false,false,false,false,false,false
DMOI-RF-LSS-BCRPBEDPBRL-RET-1293,DMOI-RF-LSS-BCRPBEDPBRR-REQ-1293,DMOI-RF-LSS-BCRPBEDPBLK-BLOCK-1293,query_string_filled,query_term_return_owner,allowed_true_precondition_update_bounded,0,false,false,false,false,false,false,false,false
DMOI-RF-LSS-BCRPBEDPBRL-RET-1294,DMOI-RF-LSS-BCRPBEDPBRR-REQ-1294,DMOI-RF-LSS-BCRPBEDPBLK-BLOCK-1294,query_string_filled,query_term_return_owner,authority_role_validated,0,false,false,false,false,false,false,false,false
DMOI-RF-LSS-BCRPBEDPBRL-RET-1295,DMOI-RF-LSS-BCRPBEDPBRR-REQ-1295,DMOI-RF-LSS-BCRPBEDPBLK-BLOCK-1295,query_string_filled,query_term_return_owner,downstream_query_gate_separate,0,false,false,false,false,false,false,false,false
DMOI-RF-LSS-BCRPBEDPBRL-RET-1296,DMOI-RF-LSS-BCRPBEDPBRR-REQ-1296,DMOI-RF-LSS-BCRPBEDPBLK-BLOCK-1296,query_string_filled,query_term_return_owner,downstream_surface_translation_gates_separate,0,false,false,false,false,false,false,false,false
DMOI-RF-LSS-BCRPBEDPBRL-RET-1297,DMOI-RF-LSS-BCRPBEDPBRR-REQ-1297,DMOI-RF-LSS-BCRPBEDPBLK-BLOCK-1297,query_term_return_received,query_term_return_owner,decision_row_linkage_validated,0,false,false,false,false,false,false,false,false
DMOI-RF-LSS-BCRPBEDPBRL-RET-1298,DMOI-RF-LSS-BCRPBEDPBRR-REQ-1298,DMOI-RF-LSS-BCRPBEDPBLK-BLOCK-1298,query_term_return_received,query_term_return_owner,all_decision_fields_filled,0,false,false,false,false,false,false,false,false
DMOI-RF-LSS-BCRPBEDPBRL-RET-1299,DMOI-RF-LSS-BCRPBEDPBRR-REQ-1299,DMOI-RF-LSS-BCRPBEDPBLK-BLOCK-1299,query_term_return_received,query_term_return_owner,all_criteria_decisions_recorded,0,false,false,false,false,false,false,false,false
DMOI-RF-LSS-BCRPBEDPBRL-RET-1300,DMOI-RF-LSS-BCRPBEDPBRR-REQ-1300,DMOI-RF-LSS-BCRPBEDPBLK-BLOCK-1300,query_term_return_received,query_term_return_owner,all_criteria_passed,0,false,false,false,false,false,false,false,false
DMOI-RF-LSS-BCRPBEDPBRL-RET-1301,DMOI-RF-LSS-BCRPBEDPBRR-REQ-1301,DMOI-RF-LSS-BCRPBEDPBLK-BLOCK-1301,query_term_return_received,query_term_return_owner,no_criteria_failed,0,false,false,false,false,false,false,false,false
DMOI-RF-LSS-BCRPBEDPBRL-RET-1302,DMOI-RF-LSS-BCRPBEDPBRR-REQ-1302,DMOI-RF-LSS-BCRPBEDPBLK-BLOCK-1302,query_term_return_received,query_term_return_owner,evidence_values_reviewed,0,false,false,false,false,false,false,false,false
DMOI-RF-LSS-BCRPBEDPBRL-RET-1303,DMOI-RF-LSS-BCRPBEDPBRR-REQ-1303,DMOI-RF-LSS-BCRPBEDPBLK-BLOCK-1303,query_term_return_received,query_term_return_owner,evidence_source_pointers_reviewed,0,false,false,false,false,false,false,false,false
DMOI-RF-LSS-BCRPBEDPBRL-RET-1304,DMOI-RF-LSS-BCRPBEDPBRR-REQ-1304,DMOI-RF-LSS-BCRPBEDPBLK-BLOCK-1304,query_term_return_received,query_term_return_owner,source_text_prohibition_confirmed,0,false,false,false,false,false,false,false,false
DMOI-RF-LSS-BCRPBEDPBRL-RET-1305,DMOI-RF-LSS-BCRPBEDPBRR-REQ-1305,DMOI-RF-LSS-BCRPBEDPBLK-BLOCK-1305,query_term_return_received,query_term_return_owner,allowed_true_precondition_update_bounded,0,false,false,false,false,false,false,false,false
DMOI-RF-LSS-BCRPBEDPBRL-RET-1306,DMOI-RF-LSS-BCRPBEDPBRR-REQ-1306,DMOI-RF-LSS-BCRPBEDPBLK-BLOCK-1306,query_term_return_received,query_term_return_owner,authority_role_validated,0,false,false,false,false,false,false,false,false
DMOI-RF-LSS-BCRPBEDPBRL-RET-1307,DMOI-RF-LSS-BCRPBEDPBRR-REQ-1307,DMOI-RF-LSS-BCRPBEDPBLK-BLOCK-1307,query_term_return_received,query_term_return_owner,downstream_query_gate_separate,0,false,false,false,false,false,false,false,false
DMOI-RF-LSS-BCRPBEDPBRL-RET-1308,DMOI-RF-LSS-BCRPBEDPBRR-REQ-1308,DMOI-RF-LSS-BCRPBEDPBLK-BLOCK-1308,query_term_return_received,query_term_return_owner,downstream_surface_translation_gates_separate,0,false,false,false,false,false,false,false,false
DMOI-RF-LSS-BCRPBEDPBRL-RET-1309,DMOI-RF-LSS-BCRPBEDPBRR-REQ-1309,DMOI-RF-LSS-BCRPBEDPBLK-BLOCK-1309,query_term_return_received,query_term_return_owner,decision_row_linkage_validated,0,false,false,false,false,false,false,false,false
DMOI-RF-LSS-BCRPBEDPBRL-RET-1310,DMOI-RF-LSS-BCRPBEDPBRR-REQ-1310,DMOI-RF-LSS-BCRPBEDPBLK-BLOCK-1310,query_term_return_received,query_term_return_owner,all_decision_fields_filled,0,false,false,false,false,false,false,false,false
DMOI-RF-LSS-BCRPBEDPBRL-RET-1311,DMOI-RF-LSS-BCRPBEDPBRR-REQ-1311,DMOI-RF-LSS-BCRPBEDPBLK-BLOCK-1311,query_term_return_received,query_term_return_owner,all_criteria_decisions_recorded,0,false,false,false,false,false,false,false,false
DMOI-RF-LSS-BCRPBEDPBRL-RET-1312,DMOI-RF-LSS-BCRPBEDPBRR-REQ-1312,DMOI-RF-LSS-BCRPBEDPBLK-BLOCK-1312,query_term_return_received,query_term_return_owner,all_criteria_passed,0,false,false,false,false,false,false,false,false
DMOI-RF-LSS-BCRPBEDPBRL-RET-1313,DMOI-RF-LSS-BCRPBEDPBRR-REQ-1313,DMOI-RF-LSS-BCRPBEDPBLK-BLOCK-1313,query_term_return_received,query_term_return_owner,no_criteria_failed,0,false,false,false,false,false,false,false,false
DMOI-RF-LSS-BCRPBEDPBRL-RET-1314,DMOI-RF-LSS-BCRPBEDPBRR-REQ-1314,DMOI-RF-LSS-BCRPBEDPBLK-BLOCK-1314,query_term_return_received,query_term_return_owner,evidence_values_reviewed,0,false,false,false,false,false,false,false,false
DMOI-RF-LSS-BCRPBEDPBRL-RET-1315,DMOI-RF-LSS-BCRPBEDPBRR-REQ-1315,DMOI-RF-LSS-BCRPBEDPBLK-BLOCK-1315,query_term_return_received,query_term_return_owner,evidence_source_pointers_reviewed,0,false,false,false,false,false,false,false,false
DMOI-RF-LSS-BCRPBEDPBRL-RET-1316,DMOI-RF-LSS-BCRPBEDPBRR-REQ-1316,DMOI-RF-LSS-BCRPBEDPBLK-BLOCK-1316,query_term_return_received,query_term_return_owner,source_text_prohibition_confirmed,0,false,false,false,false,false,false,false,false
DMOI-RF-LSS-BCRPBEDPBRL-RET-1317,DMOI-RF-LSS-BCRPBEDPBRR-REQ-1317,DMOI-RF-LSS-BCRPBEDPBLK-BLOCK-1317,query_term_return_received,query_term_return_owner,allowed_true_precondition_update_bounded,0,false,false,false,false,false,false,false,false
DMOI-RF-LSS-BCRPBEDPBRL-RET-1318,DMOI-RF-LSS-BCRPBEDPBRR-REQ-1318,DMOI-RF-LSS-BCRPBEDPBLK-BLOCK-1318,query_term_return_received,query_term_return_owner,authority_role_validated,0,false,false,false,false,false,false,false,false
DMOI-RF-LSS-BCRPBEDPBRL-RET-1319,DMOI-RF-LSS-BCRPBEDPBRR-REQ-1319,DMOI-RF-LSS-BCRPBEDPBLK-BLOCK-1319,query_term_return_received,query_term_return_owner,downstream_query_gate_separate,0,false,false,false,false,false,false,false,false
DMOI-RF-LSS-BCRPBEDPBRL-RET-1320,DMOI-RF-LSS-BCRPBEDPBRR-REQ-1320,DMOI-RF-LSS-BCRPBEDPBLK-BLOCK-1320,query_term_return_received,query_term_return_owner,downstream_surface_translation_gates_separate,0,false,false,false,false,false,false,false,false
DMOI-RF-LSS-BCRPBEDPBRL-RET-1321,DMOI-RF-LSS-BCRPBEDPBRR-REQ-1321,DMOI-RF-LSS-BCRPBEDPBLK-BLOCK-1321,query_term_return_received,query_term_return_owner,decision_row_linkage_validated,0,false,false,false,false,false,false,false,false
DMOI-RF-LSS-BCRPBEDPBRL-RET-1322,DMOI-RF-LSS-BCRPBEDPBRR-REQ-1322,DMOI-RF-LSS-BCRPBEDPBLK-BLOCK-1322,query_term_return_received,query_term_return_owner,all_decision_fields_filled,0,false,false,false,false,false,false,false,false
DMOI-RF-LSS-BCRPBEDPBRL-RET-1323,DMOI-RF-LSS-BCRPBEDPBRR-REQ-1323,DMOI-RF-LSS-BCRPBEDPBLK-BLOCK-1323,query_term_return_received,query_term_return_owner,all_criteria_decisions_recorded,0,false,false,false,false,false,false,false,false
DMOI-RF-LSS-BCRPBEDPBRL-RET-1324,DMOI-RF-LSS-BCRPBEDPBRR-REQ-1324,DMOI-RF-LSS-BCRPBEDPBLK-BLOCK-1324,query_term_return_received,query_term_return_owner,all_criteria_passed,0,false,false,false,false,false,false,false,false
DMOI-RF-LSS-BCRPBEDPBRL-RET-1325,DMOI-RF-LSS-BCRPBEDPBRR-REQ-1325,DMOI-RF-LSS-BCRPBEDPBLK-BLOCK-1325,query_term_return_received,query_term_return_owner,no_criteria_failed,0,false,false,false,false,false,false,false,false
DMOI-RF-LSS-BCRPBEDPBRL-RET-1326,DMOI-RF-LSS-BCRPBEDPBRR-REQ-1326,DMOI-RF-LSS-BCRPBEDPBLK-BLOCK-1326,query_term_return_received,query_term_return_owner,evidence_values_reviewed,0,false,false,false,false,false,false,false,false
DMOI-RF-LSS-BCRPBEDPBRL-RET-1327,DMOI-RF-LSS-BCRPBEDPBRR-REQ-1327,DMOI-RF-LSS-BCRPBEDPBLK-BLOCK-1327,query_term_return_received,query_term_return_owner,evidence_source_pointers_reviewed,0,false,false,false,false,false,false,false,false
DMOI-RF-LSS-BCRPBEDPBRL-RET-1328,DMOI-RF-LSS-BCRPBEDPBRR-REQ-1328,DMOI-RF-LSS-BCRPBEDPBLK-BLOCK-1328,query_term_return_received,query_term_return_owner,source_text_prohibition_confirmed,0,false,false,false,false,false,false,false,false
DMOI-RF-LSS-BCRPBEDPBRL-RET-1329,DMOI-RF-LSS-BCRPBEDPBRR-REQ-1329,DMOI-RF-LSS-BCRPBEDPBLK-BLOCK-1329,query_term_return_received,query_term_return_owner,allowed_true_precondition_update_bounded,0,false,false,false,false,false,false,false,false
DMOI-RF-LSS-BCRPBEDPBRL-RET-1330,DMOI-RF-LSS-BCRPBEDPBRR-REQ-1330,DMOI-RF-LSS-BCRPBEDPBLK-BLOCK-1330,query_term_return_received,query_term_return_owner,authority_role_validated,0,false,false,false,false,false,false,false,false
DMOI-RF-LSS-BCRPBEDPBRL-RET-1331,DMOI-RF-LSS-BCRPBEDPBRR-REQ-1331,DMOI-RF-LSS-BCRPBEDPBLK-BLOCK-1331,query_term_return_received,query_term_return_owner,downstream_query_gate_separate,0,false,false,false,false,false,false,false,false
DMOI-RF-LSS-BCRPBEDPBRL-RET-1332,DMOI-RF-LSS-BCRPBEDPBRR-REQ-1332,DMOI-RF-LSS-BCRPBEDPBLK-BLOCK-1332,query_term_return_received,query_term_return_owner,downstream_surface_translation_gates_separate,0,false,false,false,false,false,false,false,false
DMOI-RF-LSS-BCRPBEDPBRL-RET-1333,DMOI-RF-LSS-BCRPBEDPBRR-REQ-1333,DMOI-RF-LSS-BCRPBEDPBLK-BLOCK-1333,query_term_return_received,query_term_return_owner,decision_row_linkage_validated,0,false,false,false,false,false,false,false,false
DMOI-RF-LSS-BCRPBEDPBRL-RET-1334,DMOI-RF-LSS-BCRPBEDPBRR-REQ-1334,DMOI-RF-LSS-BCRPBEDPBLK-BLOCK-1334,query_term_return_received,query_term_return_owner,all_decision_fields_filled,0,false,false,false,false,false,false,false,false
DMOI-RF-LSS-BCRPBEDPBRL-RET-1335,DMOI-RF-LSS-BCRPBEDPBRR-REQ-1335,DMOI-RF-LSS-BCRPBEDPBLK-BLOCK-1335,query_term_return_received,query_term_return_owner,all_criteria_decisions_recorded,0,false,false,false,false,false,false,false,false
DMOI-RF-LSS-BCRPBEDPBRL-RET-1336,DMOI-RF-LSS-BCRPBEDPBRR-REQ-1336,DMOI-RF-LSS-BCRPBEDPBLK-BLOCK-1336,query_term_return_received,query_term_return_owner,all_criteria_passed,0,false,false,false,false,false,false,false,false
DMOI-RF-LSS-BCRPBEDPBRL-RET-1337,DMOI-RF-LSS-BCRPBEDPBRR-REQ-1337,DMOI-RF-LSS-BCRPBEDPBLK-BLOCK-1337,query_term_return_received,query_term_return_owner,no_criteria_failed,0,false,false,false,false,false,false,false,false
DMOI-RF-LSS-BCRPBEDPBRL-RET-1338,DMOI-RF-LSS-BCRPBEDPBRR-REQ-1338,DMOI-RF-LSS-BCRPBEDPBLK-BLOCK-1338,query_term_return_received,query_term_return_owner,evidence_values_reviewed,0,false,false,false,false,false,false,false,false
DMOI-RF-LSS-BCRPBEDPBRL-RET-1339,DMOI-RF-LSS-BCRPBEDPBRR-REQ-1339,DMOI-RF-LSS-BCRPBEDPBLK-BLOCK-1339,query_term_return_received,query_term_return_owner,evidence_source_pointers_reviewed,0,false,false,false,false,false,false,false,false
DMOI-RF-LSS-BCRPBEDPBRL-RET-1340,DMOI-RF-LSS-BCRPBEDPBRR-REQ-1340,DMOI-RF-LSS-BCRPBEDPBLK-BLOCK-1340,query_term_return_received,query_term_return_owner,source_text_prohibition_confirmed,0,false,false,false,false,false,false,false,false
DMOI-RF-LSS-BCRPBEDPBRL-RET-1341,DMOI-RF-LSS-BCRPBEDPBRR-REQ-1341,DMOI-RF-LSS-BCRPBEDPBLK-BLOCK-1341,query_term_return_received,query_term_return_owner,allowed_true_precondition_update_bounded,0,false,false,false,false,false,false,false,false
DMOI-RF-LSS-BCRPBEDPBRL-RET-1342,DMOI-RF-LSS-BCRPBEDPBRR-REQ-1342,DMOI-RF-LSS-BCRPBEDPBLK-BLOCK-1342,query_term_return_received,query_term_return_owner,authority_role_validated,0,false,false,false,false,false,false,false,false
DMOI-RF-LSS-BCRPBEDPBRL-RET-1343,DMOI-RF-LSS-BCRPBEDPBRR-REQ-1343,DMOI-RF-LSS-BCRPBEDPBLK-BLOCK-1343,query_term_return_received,query_term_return_owner,downstream_query_gate_separate,0,false,false,false,false,false,false,false,false
DMOI-RF-LSS-BCRPBEDPBRL-RET-1344,DMOI-RF-LSS-BCRPBEDPBRR-REQ-1344,DMOI-RF-LSS-BCRPBEDPBLK-BLOCK-1344,query_term_return_received,query_term_return_owner,downstream_surface_translation_gates_separate,0,false,false,false,false,false,false,false,false
DMOI-RF-LSS-BCRPBEDPBRL-RET-1345,DMOI-RF-LSS-BCRPBEDPBRR-REQ-1345,DMOI-RF-LSS-BCRPBEDPBLK-BLOCK-1345,query_term_return_received,query_term_return_owner,decision_row_linkage_validated,0,false,false,false,false,false,false,false,false
DMOI-RF-LSS-BCRPBEDPBRL-RET-1346,DMOI-RF-LSS-BCRPBEDPBRR-REQ-1346,DMOI-RF-LSS-BCRPBEDPBLK-BLOCK-1346,query_term_return_received,query_term_return_owner,all_decision_fields_filled,0,false,false,false,false,false,false,false,false
DMOI-RF-LSS-BCRPBEDPBRL-RET-1347,DMOI-RF-LSS-BCRPBEDPBRR-REQ-1347,DMOI-RF-LSS-BCRPBEDPBLK-BLOCK-1347,query_term_return_received,query_term_return_owner,all_criteria_decisions_recorded,0,false,false,false,false,false,false,false,false
DMOI-RF-LSS-BCRPBEDPBRL-RET-1348,DMOI-RF-LSS-BCRPBEDPBRR-REQ-1348,DMOI-RF-LSS-BCRPBEDPBLK-BLOCK-1348,query_term_return_received,query_term_return_owner,all_criteria_passed,0,false,false,false,false,false,false,false,false
DMOI-RF-LSS-BCRPBEDPBRL-RET-1349,DMOI-RF-LSS-BCRPBEDPBRR-REQ-1349,DMOI-RF-LSS-BCRPBEDPBLK-BLOCK-1349,query_term_return_received,query_term_return_owner,no_criteria_failed,0,false,false,false,false,false,false,false,false
DMOI-RF-LSS-BCRPBEDPBRL-RET-1350,DMOI-RF-LSS-BCRPBEDPBRR-REQ-1350,DMOI-RF-LSS-BCRPBEDPBLK-BLOCK-1350,query_term_return_received,query_term_return_owner,evidence_values_reviewed,0,false,false,false,false,false,false,false,false
DMOI-RF-LSS-BCRPBEDPBRL-RET-1351,DMOI-RF-LSS-BCRPBEDPBRR-REQ-1351,DMOI-RF-LSS-BCRPBEDPBLK-BLOCK-1351,query_term_return_received,query_term_return_owner,evidence_source_pointers_reviewed,0,false,false,false,false,false,false,false,false
DMOI-RF-LSS-BCRPBEDPBRL-RET-1352,DMOI-RF-LSS-BCRPBEDPBRR-REQ-1352,DMOI-RF-LSS-BCRPBEDPBLK-BLOCK-1352,query_term_return_received,query_term_return_owner,source_text_prohibition_confirmed,0,false,false,false,false,false,false,false,false
DMOI-RF-LSS-BCRPBEDPBRL-RET-1353,DMOI-RF-LSS-BCRPBEDPBRR-REQ-1353,DMOI-RF-LSS-BCRPBEDPBLK-BLOCK-1353,query_term_return_received,query_term_return_owner,allowed_true_precondition_update_bounded,0,false,false,false,false,false,false,false,false
DMOI-RF-LSS-BCRPBEDPBRL-RET-1354,DMOI-RF-LSS-BCRPBEDPBRR-REQ-1354,DMOI-RF-LSS-BCRPBEDPBLK-BLOCK-1354,query_term_return_received,query_term_return_owner,authority_role_validated,0,false,false,false,false,false,false,false,false
DMOI-RF-LSS-BCRPBEDPBRL-RET-1355,DMOI-RF-LSS-BCRPBEDPBRR-REQ-1355,DMOI-RF-LSS-BCRPBEDPBLK-BLOCK-1355,query_term_return_received,query_term_return_owner,downstream_query_gate_separate,0,false,false,false,false,false,false,false,false
DMOI-RF-LSS-BCRPBEDPBRL-RET-1356,DMOI-RF-LSS-BCRPBEDPBRR-REQ-1356,DMOI-RF-LSS-BCRPBEDPBLK-BLOCK-1356,query_term_return_received,query_term_return_owner,downstream_surface_translation_gates_separate,0,false,false,false,false,false,false,false,false
DMOI-RF-LSS-BCRPBEDPBRL-RET-1357,DMOI-RF-LSS-BCRPBEDPBRR-REQ-1357,DMOI-RF-LSS-BCRPBEDPBLK-BLOCK-1357,query_term_return_received,query_term_return_owner,decision_row_linkage_validated,0,false,false,false,false,false,false,false,false
DMOI-RF-LSS-BCRPBEDPBRL-RET-1358,DMOI-RF-LSS-BCRPBEDPBRR-REQ-1358,DMOI-RF-LSS-BCRPBEDPBLK-BLOCK-1358,query_term_return_received,query_term_return_owner,all_decision_fields_filled,0,false,false,false,false,false,false,false,false
DMOI-RF-LSS-BCRPBEDPBRL-RET-1359,DMOI-RF-LSS-BCRPBEDPBRR-REQ-1359,DMOI-RF-LSS-BCRPBEDPBLK-BLOCK-1359,query_term_return_received,query_term_return_owner,all_criteria_decisions_recorded,0,false,false,false,false,false,false,false,false
DMOI-RF-LSS-BCRPBEDPBRL-RET-1360,DMOI-RF-LSS-BCRPBEDPBRR-REQ-1360,DMOI-RF-LSS-BCRPBEDPBLK-BLOCK-1360,query_term_return_received,query_term_return_owner,all_criteria_passed,0,false,false,false,false,false,false,false,false
DMOI-RF-LSS-BCRPBEDPBRL-RET-1361,DMOI-RF-LSS-BCRPBEDPBRR-REQ-1361,DMOI-RF-LSS-BCRPBEDPBLK-BLOCK-1361,query_term_return_received,query_term_return_owner,no_criteria_failed,0,false,false,false,false,false,false,false,false
DMOI-RF-LSS-BCRPBEDPBRL-RET-1362,DMOI-RF-LSS-BCRPBEDPBRR-REQ-1362,DMOI-RF-LSS-BCRPBEDPBLK-BLOCK-1362,query_term_return_received,query_term_return_owner,evidence_values_reviewed,0,false,false,false,false,false,false,false,false
DMOI-RF-LSS-BCRPBEDPBRL-RET-1363,DMOI-RF-LSS-BCRPBEDPBRR-REQ-1363,DMOI-RF-LSS-BCRPBEDPBLK-BLOCK-1363,query_term_return_received,query_term_return_owner,evidence_source_pointers_reviewed,0,false,false,false,false,false,false,false,false
DMOI-RF-LSS-BCRPBEDPBRL-RET-1364,DMOI-RF-LSS-BCRPBEDPBRR-REQ-1364,DMOI-RF-LSS-BCRPBEDPBLK-BLOCK-1364,query_term_return_received,query_term_return_owner,source_text_prohibition_confirmed,0,false,false,false,false,false,false,false,false
DMOI-RF-LSS-BCRPBEDPBRL-RET-1365,DMOI-RF-LSS-BCRPBEDPBRR-REQ-1365,DMOI-RF-LSS-BCRPBEDPBLK-BLOCK-1365,query_term_return_received,query_term_return_owner,allowed_true_precondition_update_bounded,0,false,false,false,false,false,false,false,false
DMOI-RF-LSS-BCRPBEDPBRL-RET-1366,DMOI-RF-LSS-BCRPBEDPBRR-REQ-1366,DMOI-RF-LSS-BCRPBEDPBLK-BLOCK-1366,query_term_return_received,query_term_return_owner,authority_role_validated,0,false,false,false,false,false,false,false,false
DMOI-RF-LSS-BCRPBEDPBRL-RET-1367,DMOI-RF-LSS-BCRPBEDPBRR-REQ-1367,DMOI-RF-LSS-BCRPBEDPBLK-BLOCK-1367,query_term_return_received,query_term_return_owner,downstream_query_gate_separate,0,false,false,false,false,false,false,false,false
DMOI-RF-LSS-BCRPBEDPBRL-RET-1368,DMOI-RF-LSS-BCRPBEDPBRR-REQ-1368,DMOI-RF-LSS-BCRPBEDPBLK-BLOCK-1368,query_term_return_received,query_term_return_owner,downstream_surface_translation_gates_separate,0,false,false,false,false,false,false,false,false
DMOI-RF-LSS-BCRPBEDPBRL-RET-1369,DMOI-RF-LSS-BCRPBEDPBRR-REQ-1369,DMOI-RF-LSS-BCRPBEDPBLK-BLOCK-1369,query_term_return_received,query_term_return_owner,decision_row_linkage_validated,0,false,false,false,false,false,false,false,false
DMOI-RF-LSS-BCRPBEDPBRL-RET-1370,DMOI-RF-LSS-BCRPBEDPBRR-REQ-1370,DMOI-RF-LSS-BCRPBEDPBLK-BLOCK-1370,query_term_return_received,query_term_return_owner,all_decision_fields_filled,0,false,false,false,false,false,false,false,false
DMOI-RF-LSS-BCRPBEDPBRL-RET-1371,DMOI-RF-LSS-BCRPBEDPBRR-REQ-1371,DMOI-RF-LSS-BCRPBEDPBLK-BLOCK-1371,query_term_return_received,query_term_return_owner,all_criteria_decisions_recorded,0,false,false,false,false,false,false,false,false
DMOI-RF-LSS-BCRPBEDPBRL-RET-1372,DMOI-RF-LSS-BCRPBEDPBRR-REQ-1372,DMOI-RF-LSS-BCRPBEDPBLK-BLOCK-1372,query_term_return_received,query_term_return_owner,all_criteria_passed,0,false,false,false,false,false,false,false,false
DMOI-RF-LSS-BCRPBEDPBRL-RET-1373,DMOI-RF-LSS-BCRPBEDPBRR-REQ-1373,DMOI-RF-LSS-BCRPBEDPBLK-BLOCK-1373,query_term_return_received,query_term_return_owner,no_criteria_failed,0,false,false,false,false,false,false,false,false
DMOI-RF-LSS-BCRPBEDPBRL-RET-1374,DMOI-RF-LSS-BCRPBEDPBRR-REQ-1374,DMOI-RF-LSS-BCRPBEDPBLK-BLOCK-1374,query_term_return_received,query_term_return_owner,evidence_values_reviewed,0,false,false,false,false,false,false,false,false
DMOI-RF-LSS-BCRPBEDPBRL-RET-1375,DMOI-RF-LSS-BCRPBEDPBRR-REQ-1375,DMOI-RF-LSS-BCRPBEDPBLK-BLOCK-1375,query_term_return_received,query_term_return_owner,evidence_source_pointers_reviewed,0,false,false,false,false,false,false,false,false
DMOI-RF-LSS-BCRPBEDPBRL-RET-1376,DMOI-RF-LSS-BCRPBEDPBRR-REQ-1376,DMOI-RF-LSS-BCRPBEDPBLK-BLOCK-1376,query_term_return_received,query_term_return_owner,source_text_prohibition_confirmed,0,false,false,false,false,false,false,false,false
DMOI-RF-LSS-BCRPBEDPBRL-RET-1377,DMOI-RF-LSS-BCRPBEDPBRR-REQ-1377,DMOI-RF-LSS-BCRPBEDPBLK-BLOCK-1377,query_term_return_received,query_term_return_owner,allowed_true_precondition_update_bounded,0,false,false,false,false,false,false,false,false
DMOI-RF-LSS-BCRPBEDPBRL-RET-1378,DMOI-RF-LSS-BCRPBEDPBRR-REQ-1378,DMOI-RF-LSS-BCRPBEDPBLK-BLOCK-1378,query_term_return_received,query_term_return_owner,authority_role_validated,0,false,false,false,false,false,false,false,false
DMOI-RF-LSS-BCRPBEDPBRL-RET-1379,DMOI-RF-LSS-BCRPBEDPBRR-REQ-1379,DMOI-RF-LSS-BCRPBEDPBLK-BLOCK-1379,query_term_return_received,query_term_return_owner,downstream_query_gate_separate,0,false,false,false,false,false,false,false,false
DMOI-RF-LSS-BCRPBEDPBRL-RET-1380,DMOI-RF-LSS-BCRPBEDPBRR-REQ-1380,DMOI-RF-LSS-BCRPBEDPBLK-BLOCK-1380,query_term_return_received,query_term_return_owner,downstream_surface_translation_gates_separate,0,false,false,false,false,false,false,false,false
DMOI-RF-LSS-BCRPBEDPBRL-RET-1381,DMOI-RF-LSS-BCRPBEDPBRR-REQ-1381,DMOI-RF-LSS-BCRPBEDPBLK-BLOCK-1381,query_term_return_received,query_term_return_owner,decision_row_linkage_validated,0,false,false,false,false,false,false,false,false
DMOI-RF-LSS-BCRPBEDPBRL-RET-1382,DMOI-RF-LSS-BCRPBEDPBRR-REQ-1382,DMOI-RF-LSS-BCRPBEDPBLK-BLOCK-1382,query_term_return_received,query_term_return_owner,all_decision_fields_filled,0,false,false,false,false,false,false,false,false
DMOI-RF-LSS-BCRPBEDPBRL-RET-1383,DMOI-RF-LSS-BCRPBEDPBRR-REQ-1383,DMOI-RF-LSS-BCRPBEDPBLK-BLOCK-1383,query_term_return_received,query_term_return_owner,all_criteria_decisions_recorded,0,false,false,false,false,false,false,false,false
DMOI-RF-LSS-BCRPBEDPBRL-RET-1384,DMOI-RF-LSS-BCRPBEDPBRR-REQ-1384,DMOI-RF-LSS-BCRPBEDPBLK-BLOCK-1384,query_term_return_received,query_term_return_owner,all_criteria_passed,0,false,false,false,false,false,false,false,false
DMOI-RF-LSS-BCRPBEDPBRL-RET-1385,DMOI-RF-LSS-BCRPBEDPBRR-REQ-1385,DMOI-RF-LSS-BCRPBEDPBLK-BLOCK-1385,query_term_return_received,query_term_return_owner,no_criteria_failed,0,false,false,false,false,false,false,false,false
DMOI-RF-LSS-BCRPBEDPBRL-RET-1386,DMOI-RF-LSS-BCRPBEDPBRR-REQ-1386,DMOI-RF-LSS-BCRPBEDPBLK-BLOCK-1386,query_term_return_received,query_term_return_owner,evidence_values_reviewed,0,false,false,false,false,false,false,false,false
DMOI-RF-LSS-BCRPBEDPBRL-RET-1387,DMOI-RF-LSS-BCRPBEDPBRR-REQ-1387,DMOI-RF-LSS-BCRPBEDPBLK-BLOCK-1387,query_term_return_received,query_term_return_owner,evidence_source_pointers_reviewed,0,false,false,false,false,false,false,false,false
DMOI-RF-LSS-BCRPBEDPBRL-RET-1388,DMOI-RF-LSS-BCRPBEDPBRR-REQ-1388,DMOI-RF-LSS-BCRPBEDPBLK-BLOCK-1388,query_term_return_received,query_term_return_owner,source_text_prohibition_confirmed,0,false,false,false,false,false,false,false,false
DMOI-RF-LSS-BCRPBEDPBRL-RET-1389,DMOI-RF-LSS-BCRPBEDPBRR-REQ-1389,DMOI-RF-LSS-BCRPBEDPBLK-BLOCK-1389,query_term_return_received,query_term_return_owner,allowed_true_precondition_update_bounded,0,false,false,false,false,false,false,false,false
DMOI-RF-LSS-BCRPBEDPBRL-RET-1390,DMOI-RF-LSS-BCRPBEDPBRR-REQ-1390,DMOI-RF-LSS-BCRPBEDPBLK-BLOCK-1390,query_term_return_received,query_term_return_owner,authority_role_validated,0,false,false,false,false,false,false,false,false
DMOI-RF-LSS-BCRPBEDPBRL-RET-1391,DMOI-RF-LSS-BCRPBEDPBRR-REQ-1391,DMOI-RF-LSS-BCRPBEDPBLK-BLOCK-1391,query_term_return_received,query_term_return_owner,downstream_query_gate_separate,0,false,false,false,false,false,false,false,false
DMOI-RF-LSS-BCRPBEDPBRL-RET-1392,DMOI-RF-LSS-BCRPBEDPBRR-REQ-1392,DMOI-RF-LSS-BCRPBEDPBLK-BLOCK-1392,query_term_return_received,query_term_return_owner,downstream_surface_translation_gates_separate,0,false,false,false,false,false,false,false,false
DMOI-RF-LSS-BCRPBEDPBRL-RET-1393,DMOI-RF-LSS-BCRPBEDPBRR-REQ-1393,DMOI-RF-LSS-BCRPBEDPBLK-BLOCK-1393,query_term_return_received,query_term_return_owner,decision_row_linkage_validated,0,false,false,false,false,false,false,false,false
DMOI-RF-LSS-BCRPBEDPBRL-RET-1394,DMOI-RF-LSS-BCRPBEDPBRR-REQ-1394,DMOI-RF-LSS-BCRPBEDPBLK-BLOCK-1394,query_term_return_received,query_term_return_owner,all_decision_fields_filled,0,false,false,false,false,false,false,false,false
DMOI-RF-LSS-BCRPBEDPBRL-RET-1395,DMOI-RF-LSS-BCRPBEDPBRR-REQ-1395,DMOI-RF-LSS-BCRPBEDPBLK-BLOCK-1395,query_term_return_received,query_term_return_owner,all_criteria_decisions_recorded,0,false,false,false,false,false,false,false,false
DMOI-RF-LSS-BCRPBEDPBRL-RET-1396,DMOI-RF-LSS-BCRPBEDPBRR-REQ-1396,DMOI-RF-LSS-BCRPBEDPBLK-BLOCK-1396,query_term_return_received,query_term_return_owner,all_criteria_passed,0,false,false,false,false,false,false,false,false
DMOI-RF-LSS-BCRPBEDPBRL-RET-1397,DMOI-RF-LSS-BCRPBEDPBRR-REQ-1397,DMOI-RF-LSS-BCRPBEDPBLK-BLOCK-1397,query_term_return_received,query_term_return_owner,no_criteria_failed,0,false,false,false,false,false,false,false,false
DMOI-RF-LSS-BCRPBEDPBRL-RET-1398,DMOI-RF-LSS-BCRPBEDPBRR-REQ-1398,DMOI-RF-LSS-BCRPBEDPBLK-BLOCK-1398,query_term_return_received,query_term_return_owner,evidence_values_reviewed,0,false,false,false,false,false,false,false,false
DMOI-RF-LSS-BCRPBEDPBRL-RET-1399,DMOI-RF-LSS-BCRPBEDPBRR-REQ-1399,DMOI-RF-LSS-BCRPBEDPBLK-BLOCK-1399,query_term_return_received,query_term_return_owner,evidence_source_pointers_reviewed,0,false,false,false,false,false,false,false,false
DMOI-RF-LSS-BCRPBEDPBRL-RET-1400,DMOI-RF-LSS-BCRPBEDPBRR-REQ-1400,DMOI-RF-LSS-BCRPBEDPBLK-BLOCK-1400,query_term_return_received,query_term_return_owner,source_text_prohibition_confirmed,0,false,false,false,false,false,false,false,false
DMOI-RF-LSS-BCRPBEDPBRL-RET-1401,DMOI-RF-LSS-BCRPBEDPBRR-REQ-1401,DMOI-RF-LSS-BCRPBEDPBLK-BLOCK-1401,query_term_return_received,query_term_return_owner,allowed_true_precondition_update_bounded,0,false,false,false,false,false,false,false,false
DMOI-RF-LSS-BCRPBEDPBRL-RET-1402,DMOI-RF-LSS-BCRPBEDPBRR-REQ-1402,DMOI-RF-LSS-BCRPBEDPBLK-BLOCK-1402,query_term_return_received,query_term_return_owner,authority_role_validated,0,false,false,false,false,false,false,false,false
DMOI-RF-LSS-BCRPBEDPBRL-RET-1403,DMOI-RF-LSS-BCRPBEDPBRR-REQ-1403,DMOI-RF-LSS-BCRPBEDPBLK-BLOCK-1403,query_term_return_received,query_term_return_owner,downstream_query_gate_separate,0,false,false,false,false,false,false,false,false
DMOI-RF-LSS-BCRPBEDPBRL-RET-1404,DMOI-RF-LSS-BCRPBEDPBRR-REQ-1404,DMOI-RF-LSS-BCRPBEDPBLK-BLOCK-1404,query_term_return_received,query_term_return_owner,downstream_surface_translation_gates_separate,0,false,false,false,false,false,false,false,false
DMOI-RF-LSS-BCRPBEDPBRL-RET-1405,DMOI-RF-LSS-BCRPBEDPBRR-REQ-1405,DMOI-RF-LSS-BCRPBEDPBLK-BLOCK-1405,query_term_return_received,query_term_return_owner,decision_row_linkage_validated,0,false,false,false,false,false,false,false,false
DMOI-RF-LSS-BCRPBEDPBRL-RET-1406,DMOI-RF-LSS-BCRPBEDPBRR-REQ-1406,DMOI-RF-LSS-BCRPBEDPBLK-BLOCK-1406,query_term_return_received,query_term_return_owner,all_decision_fields_filled,0,false,false,false,false,false,false,false,false
DMOI-RF-LSS-BCRPBEDPBRL-RET-1407,DMOI-RF-LSS-BCRPBEDPBRR-REQ-1407,DMOI-RF-LSS-BCRPBEDPBLK-BLOCK-1407,query_term_return_received,query_term_return_owner,all_criteria_decisions_recorded,0,false,false,false,false,false,false,false,false
DMOI-RF-LSS-BCRPBEDPBRL-RET-1408,DMOI-RF-LSS-BCRPBEDPBRR-REQ-1408,DMOI-RF-LSS-BCRPBEDPBLK-BLOCK-1408,query_term_return_received,query_term_return_owner,all_criteria_passed,0,false,false,false,false,false,false,false,false
DMOI-RF-LSS-BCRPBEDPBRL-RET-1409,DMOI-RF-LSS-BCRPBEDPBRR-REQ-1409,DMOI-RF-LSS-BCRPBEDPBLK-BLOCK-1409,query_term_return_received,query_term_return_owner,no_criteria_failed,0,false,false,false,false,false,false,false,false
DMOI-RF-LSS-BCRPBEDPBRL-RET-1410,DMOI-RF-LSS-BCRPBEDPBRR-REQ-1410,DMOI-RF-LSS-BCRPBEDPBLK-BLOCK-1410,query_term_return_received,query_term_return_owner,evidence_values_reviewed,0,false,false,false,false,false,false,false,false
DMOI-RF-LSS-BCRPBEDPBRL-RET-1411,DMOI-RF-LSS-BCRPBEDPBRR-REQ-1411,DMOI-RF-LSS-BCRPBEDPBLK-BLOCK-1411,query_term_return_received,query_term_return_owner,evidence_source_pointers_reviewed,0,false,false,false,false,false,false,false,false
DMOI-RF-LSS-BCRPBEDPBRL-RET-1412,DMOI-RF-LSS-BCRPBEDPBRR-REQ-1412,DMOI-RF-LSS-BCRPBEDPBLK-BLOCK-1412,query_term_return_received,query_term_return_owner,source_text_prohibition_confirmed,0,false,false,false,false,false,false,false,false
DMOI-RF-LSS-BCRPBEDPBRL-RET-1413,DMOI-RF-LSS-BCRPBEDPBRR-REQ-1413,DMOI-RF-LSS-BCRPBEDPBLK-BLOCK-1413,query_term_return_received,query_term_return_owner,allowed_true_precondition_update_bounded,0,false,false,false,false,false,false,false,false
DMOI-RF-LSS-BCRPBEDPBRL-RET-1414,DMOI-RF-LSS-BCRPBEDPBRR-REQ-1414,DMOI-RF-LSS-BCRPBEDPBLK-BLOCK-1414,query_term_return_received,query_term_return_owner,authority_role_validated,0,false,false,false,false,false,false,false,false
DMOI-RF-LSS-BCRPBEDPBRL-RET-1415,DMOI-RF-LSS-BCRPBEDPBRR-REQ-1415,DMOI-RF-LSS-BCRPBEDPBLK-BLOCK-1415,query_term_return_received,query_term_return_owner,downstream_query_gate_separate,0,false,false,false,false,false,false,false,false
DMOI-RF-LSS-BCRPBEDPBRL-RET-1416,DMOI-RF-LSS-BCRPBEDPBRR-REQ-1416,DMOI-RF-LSS-BCRPBEDPBLK-BLOCK-1416,query_term_return_received,query_term_return_owner,downstream_surface_translation_gates_separate,0,false,false,false,false,false,false,false,false
DMOI-RF-LSS-BCRPBEDPBRL-RET-1417,DMOI-RF-LSS-BCRPBEDPBRR-REQ-1417,DMOI-RF-LSS-BCRPBEDPBLK-BLOCK-1417,query_term_return_received,query_term_return_owner,decision_row_linkage_validated,0,false,false,false,false,false,false,false,false
DMOI-RF-LSS-BCRPBEDPBRL-RET-1418,DMOI-RF-LSS-BCRPBEDPBRR-REQ-1418,DMOI-RF-LSS-BCRPBEDPBLK-BLOCK-1418,query_term_return_received,query_term_return_owner,all_decision_fields_filled,0,false,false,false,false,false,false,false,false
DMOI-RF-LSS-BCRPBEDPBRL-RET-1419,DMOI-RF-LSS-BCRPBEDPBRR-REQ-1419,DMOI-RF-LSS-BCRPBEDPBLK-BLOCK-1419,query_term_return_received,query_term_return_owner,all_criteria_decisions_recorded,0,false,false,false,false,false,false,false,false
DMOI-RF-LSS-BCRPBEDPBRL-RET-1420,DMOI-RF-LSS-BCRPBEDPBRR-REQ-1420,DMOI-RF-LSS-BCRPBEDPBLK-BLOCK-1420,query_term_return_received,query_term_return_owner,all_criteria_passed,0,false,false,false,false,false,false,false,false
DMOI-RF-LSS-BCRPBEDPBRL-RET-1421,DMOI-RF-LSS-BCRPBEDPBRR-REQ-1421,DMOI-RF-LSS-BCRPBEDPBLK-BLOCK-1421,query_term_return_received,query_term_return_owner,no_criteria_failed,0,false,false,false,false,false,false,false,false
DMOI-RF-LSS-BCRPBEDPBRL-RET-1422,DMOI-RF-LSS-BCRPBEDPBRR-REQ-1422,DMOI-RF-LSS-BCRPBEDPBLK-BLOCK-1422,query_term_return_received,query_term_return_owner,evidence_values_reviewed,0,false,false,false,false,false,false,false,false
DMOI-RF-LSS-BCRPBEDPBRL-RET-1423,DMOI-RF-LSS-BCRPBEDPBRR-REQ-1423,DMOI-RF-LSS-BCRPBEDPBLK-BLOCK-1423,query_term_return_received,query_term_return_owner,evidence_source_pointers_reviewed,0,false,false,false,false,false,false,false,false
DMOI-RF-LSS-BCRPBEDPBRL-RET-1424,DMOI-RF-LSS-BCRPBEDPBRR-REQ-1424,DMOI-RF-LSS-BCRPBEDPBLK-BLOCK-1424,query_term_return_received,query_term_return_owner,source_text_prohibition_confirmed,0,false,false,false,false,false,false,false,false
DMOI-RF-LSS-BCRPBEDPBRL-RET-1425,DMOI-RF-LSS-BCRPBEDPBRR-REQ-1425,DMOI-RF-LSS-BCRPBEDPBLK-BLOCK-1425,query_term_return_received,query_term_return_owner,allowed_true_precondition_update_bounded,0,false,false,false,false,false,false,false,false
DMOI-RF-LSS-BCRPBEDPBRL-RET-1426,DMOI-RF-LSS-BCRPBEDPBRR-REQ-1426,DMOI-RF-LSS-BCRPBEDPBLK-BLOCK-1426,query_term_return_received,query_term_return_owner,authority_role_validated,0,false,false,false,false,false,false,false,false
DMOI-RF-LSS-BCRPBEDPBRL-RET-1427,DMOI-RF-LSS-BCRPBEDPBRR-REQ-1427,DMOI-RF-LSS-BCRPBEDPBLK-BLOCK-1427,query_term_return_received,query_term_return_owner,downstream_query_gate_separate,0,false,false,false,false,false,false,false,false
DMOI-RF-LSS-BCRPBEDPBRL-RET-1428,DMOI-RF-LSS-BCRPBEDPBRR-REQ-1428,DMOI-RF-LSS-BCRPBEDPBLK-BLOCK-1428,query_term_return_received,query_term_return_owner,downstream_surface_translation_gates_separate,0,false,false,false,false,false,false,false,false
DMOI-RF-LSS-BCRPBEDPBRL-RET-1429,DMOI-RF-LSS-BCRPBEDPBRR-REQ-1429,DMOI-RF-LSS-BCRPBEDPBLK-BLOCK-1429,query_term_return_received,query_term_return_owner,decision_row_linkage_validated,0,false,false,false,false,false,false,false,false
DMOI-RF-LSS-BCRPBEDPBRL-RET-1430,DMOI-RF-LSS-BCRPBEDPBRR-REQ-1430,DMOI-RF-LSS-BCRPBEDPBLK-BLOCK-1430,query_term_return_received,query_term_return_owner,all_decision_fields_filled,0,false,false,false,false,false,false,false,false
DMOI-RF-LSS-BCRPBEDPBRL-RET-1431,DMOI-RF-LSS-BCRPBEDPBRR-REQ-1431,DMOI-RF-LSS-BCRPBEDPBLK-BLOCK-1431,query_term_return_received,query_term_return_owner,all_criteria_decisions_recorded,0,false,false,false,false,false,false,false,false
DMOI-RF-LSS-BCRPBEDPBRL-RET-1432,DMOI-RF-LSS-BCRPBEDPBRR-REQ-1432,DMOI-RF-LSS-BCRPBEDPBLK-BLOCK-1432,query_term_return_received,query_term_return_owner,all_criteria_passed,0,false,false,false,false,false,false,false,false
DMOI-RF-LSS-BCRPBEDPBRL-RET-1433,DMOI-RF-LSS-BCRPBEDPBRR-REQ-1433,DMOI-RF-LSS-BCRPBEDPBLK-BLOCK-1433,query_term_return_received,query_term_return_owner,no_criteria_failed,0,false,false,false,false,false,false,false,false
DMOI-RF-LSS-BCRPBEDPBRL-RET-1434,DMOI-RF-LSS-BCRPBEDPBRR-REQ-1434,DMOI-RF-LSS-BCRPBEDPBLK-BLOCK-1434,query_term_return_received,query_term_return_owner,evidence_values_reviewed,0,false,false,false,false,false,false,false,false
DMOI-RF-LSS-BCRPBEDPBRL-RET-1435,DMOI-RF-LSS-BCRPBEDPBRR-REQ-1435,DMOI-RF-LSS-BCRPBEDPBLK-BLOCK-1435,query_term_return_received,query_term_return_owner,evidence_source_pointers_reviewed,0,false,false,false,false,false,false,false,false
DMOI-RF-LSS-BCRPBEDPBRL-RET-1436,DMOI-RF-LSS-BCRPBEDPBRR-REQ-1436,DMOI-RF-LSS-BCRPBEDPBLK-BLOCK-1436,query_term_return_received,query_term_return_owner,source_text_prohibition_confirmed,0,false,false,false,false,false,false,false,false
DMOI-RF-LSS-BCRPBEDPBRL-RET-1437,DMOI-RF-LSS-BCRPBEDPBRR-REQ-1437,DMOI-RF-LSS-BCRPBEDPBLK-BLOCK-1437,query_term_return_received,query_term_return_owner,allowed_true_precondition_update_bounded,0,false,false,false,false,false,false,false,false
DMOI-RF-LSS-BCRPBEDPBRL-RET-1438,DMOI-RF-LSS-BCRPBEDPBRR-REQ-1438,DMOI-RF-LSS-BCRPBEDPBLK-BLOCK-1438,query_term_return_received,query_term_return_owner,authority_role_validated,0,false,false,false,false,false,false,false,false
DMOI-RF-LSS-BCRPBEDPBRL-RET-1439,DMOI-RF-LSS-BCRPBEDPBRR-REQ-1439,DMOI-RF-LSS-BCRPBEDPBLK-BLOCK-1439,query_term_return_received,query_term_return_owner,downstream_query_gate_separate,0,false,false,false,false,false,false,false,false
DMOI-RF-LSS-BCRPBEDPBRL-RET-1440,DMOI-RF-LSS-BCRPBEDPBRR-REQ-1440,DMOI-RF-LSS-BCRPBEDPBLK-BLOCK-1440,query_term_return_received,query_term_return_owner,downstream_surface_translation_gates_separate,0,false,false,false,false,false,false,false,false
DMOI-RF-LSS-BCRPBEDPBRL-RET-1441,DMOI-RF-LSS-BCRPBEDPBRR-REQ-1441,DMOI-RF-LSS-BCRPBEDPBLK-BLOCK-1441,result_use_limit_filled,capture_policy_return_owner,decision_row_linkage_validated,0,false,false,false,false,false,false,false,false
DMOI-RF-LSS-BCRPBEDPBRL-RET-1442,DMOI-RF-LSS-BCRPBEDPBRR-REQ-1442,DMOI-RF-LSS-BCRPBEDPBLK-BLOCK-1442,result_use_limit_filled,capture_policy_return_owner,all_decision_fields_filled,0,false,false,false,false,false,false,false,false
DMOI-RF-LSS-BCRPBEDPBRL-RET-1443,DMOI-RF-LSS-BCRPBEDPBRR-REQ-1443,DMOI-RF-LSS-BCRPBEDPBLK-BLOCK-1443,result_use_limit_filled,capture_policy_return_owner,all_criteria_decisions_recorded,0,false,false,false,false,false,false,false,false
DMOI-RF-LSS-BCRPBEDPBRL-RET-1444,DMOI-RF-LSS-BCRPBEDPBRR-REQ-1444,DMOI-RF-LSS-BCRPBEDPBLK-BLOCK-1444,result_use_limit_filled,capture_policy_return_owner,all_criteria_passed,0,false,false,false,false,false,false,false,false
DMOI-RF-LSS-BCRPBEDPBRL-RET-1445,DMOI-RF-LSS-BCRPBEDPBRR-REQ-1445,DMOI-RF-LSS-BCRPBEDPBLK-BLOCK-1445,result_use_limit_filled,capture_policy_return_owner,no_criteria_failed,0,false,false,false,false,false,false,false,false
DMOI-RF-LSS-BCRPBEDPBRL-RET-1446,DMOI-RF-LSS-BCRPBEDPBRR-REQ-1446,DMOI-RF-LSS-BCRPBEDPBLK-BLOCK-1446,result_use_limit_filled,capture_policy_return_owner,evidence_values_reviewed,0,false,false,false,false,false,false,false,false
DMOI-RF-LSS-BCRPBEDPBRL-RET-1447,DMOI-RF-LSS-BCRPBEDPBRR-REQ-1447,DMOI-RF-LSS-BCRPBEDPBLK-BLOCK-1447,result_use_limit_filled,capture_policy_return_owner,evidence_source_pointers_reviewed,0,false,false,false,false,false,false,false,false
DMOI-RF-LSS-BCRPBEDPBRL-RET-1448,DMOI-RF-LSS-BCRPBEDPBRR-REQ-1448,DMOI-RF-LSS-BCRPBEDPBLK-BLOCK-1448,result_use_limit_filled,capture_policy_return_owner,source_text_prohibition_confirmed,0,false,false,false,false,false,false,false,false
DMOI-RF-LSS-BCRPBEDPBRL-RET-1449,DMOI-RF-LSS-BCRPBEDPBRR-REQ-1449,DMOI-RF-LSS-BCRPBEDPBLK-BLOCK-1449,result_use_limit_filled,capture_policy_return_owner,allowed_true_precondition_update_bounded,0,false,false,false,false,false,false,false,false
DMOI-RF-LSS-BCRPBEDPBRL-RET-1450,DMOI-RF-LSS-BCRPBEDPBRR-REQ-1450,DMOI-RF-LSS-BCRPBEDPBLK-BLOCK-1450,result_use_limit_filled,capture_policy_return_owner,authority_role_validated,0,false,false,false,false,false,false,false,false
DMOI-RF-LSS-BCRPBEDPBRL-RET-1451,DMOI-RF-LSS-BCRPBEDPBRR-REQ-1451,DMOI-RF-LSS-BCRPBEDPBLK-BLOCK-1451,result_use_limit_filled,capture_policy_return_owner,downstream_query_gate_separate,0,false,false,false,false,false,false,false,false
DMOI-RF-LSS-BCRPBEDPBRL-RET-1452,DMOI-RF-LSS-BCRPBEDPBRR-REQ-1452,DMOI-RF-LSS-BCRPBEDPBLK-BLOCK-1452,result_use_limit_filled,capture_policy_return_owner,downstream_surface_translation_gates_separate,0,false,false,false,false,false,false,false,false
DMOI-RF-LSS-BCRPBEDPBRL-RET-1453,DMOI-RF-LSS-BCRPBEDPBRR-REQ-1453,DMOI-RF-LSS-BCRPBEDPBLK-BLOCK-1453,result_use_limit_filled,capture_policy_return_owner,decision_row_linkage_validated,0,false,false,false,false,false,false,false,false
DMOI-RF-LSS-BCRPBEDPBRL-RET-1454,DMOI-RF-LSS-BCRPBEDPBRR-REQ-1454,DMOI-RF-LSS-BCRPBEDPBLK-BLOCK-1454,result_use_limit_filled,capture_policy_return_owner,all_decision_fields_filled,0,false,false,false,false,false,false,false,false
DMOI-RF-LSS-BCRPBEDPBRL-RET-1455,DMOI-RF-LSS-BCRPBEDPBRR-REQ-1455,DMOI-RF-LSS-BCRPBEDPBLK-BLOCK-1455,result_use_limit_filled,capture_policy_return_owner,all_criteria_decisions_recorded,0,false,false,false,false,false,false,false,false
DMOI-RF-LSS-BCRPBEDPBRL-RET-1456,DMOI-RF-LSS-BCRPBEDPBRR-REQ-1456,DMOI-RF-LSS-BCRPBEDPBLK-BLOCK-1456,result_use_limit_filled,capture_policy_return_owner,all_criteria_passed,0,false,false,false,false,false,false,false,false
DMOI-RF-LSS-BCRPBEDPBRL-RET-1457,DMOI-RF-LSS-BCRPBEDPBRR-REQ-1457,DMOI-RF-LSS-BCRPBEDPBLK-BLOCK-1457,result_use_limit_filled,capture_policy_return_owner,no_criteria_failed,0,false,false,false,false,false,false,false,false
DMOI-RF-LSS-BCRPBEDPBRL-RET-1458,DMOI-RF-LSS-BCRPBEDPBRR-REQ-1458,DMOI-RF-LSS-BCRPBEDPBLK-BLOCK-1458,result_use_limit_filled,capture_policy_return_owner,evidence_values_reviewed,0,false,false,false,false,false,false,false,false
DMOI-RF-LSS-BCRPBEDPBRL-RET-1459,DMOI-RF-LSS-BCRPBEDPBRR-REQ-1459,DMOI-RF-LSS-BCRPBEDPBLK-BLOCK-1459,result_use_limit_filled,capture_policy_return_owner,evidence_source_pointers_reviewed,0,false,false,false,false,false,false,false,false
DMOI-RF-LSS-BCRPBEDPBRL-RET-1460,DMOI-RF-LSS-BCRPBEDPBRR-REQ-1460,DMOI-RF-LSS-BCRPBEDPBLK-BLOCK-1460,result_use_limit_filled,capture_policy_return_owner,source_text_prohibition_confirmed,0,false,false,false,false,false,false,false,false
DMOI-RF-LSS-BCRPBEDPBRL-RET-1461,DMOI-RF-LSS-BCRPBEDPBRR-REQ-1461,DMOI-RF-LSS-BCRPBEDPBLK-BLOCK-1461,result_use_limit_filled,capture_policy_return_owner,allowed_true_precondition_update_bounded,0,false,false,false,false,false,false,false,false
DMOI-RF-LSS-BCRPBEDPBRL-RET-1462,DMOI-RF-LSS-BCRPBEDPBRR-REQ-1462,DMOI-RF-LSS-BCRPBEDPBLK-BLOCK-1462,result_use_limit_filled,capture_policy_return_owner,authority_role_validated,0,false,false,false,false,false,false,false,false
DMOI-RF-LSS-BCRPBEDPBRL-RET-1463,DMOI-RF-LSS-BCRPBEDPBRR-REQ-1463,DMOI-RF-LSS-BCRPBEDPBLK-BLOCK-1463,result_use_limit_filled,capture_policy_return_owner,downstream_query_gate_separate,0,false,false,false,false,false,false,false,false
DMOI-RF-LSS-BCRPBEDPBRL-RET-1464,DMOI-RF-LSS-BCRPBEDPBRR-REQ-1464,DMOI-RF-LSS-BCRPBEDPBLK-BLOCK-1464,result_use_limit_filled,capture_policy_return_owner,downstream_surface_translation_gates_separate,0,false,false,false,false,false,false,false,false
DMOI-RF-LSS-BCRPBEDPBRL-RET-1465,DMOI-RF-LSS-BCRPBEDPBRR-REQ-1465,DMOI-RF-LSS-BCRPBEDPBLK-BLOCK-1465,result_use_limit_filled,capture_policy_return_owner,decision_row_linkage_validated,0,false,false,false,false,false,false,false,false
DMOI-RF-LSS-BCRPBEDPBRL-RET-1466,DMOI-RF-LSS-BCRPBEDPBRR-REQ-1466,DMOI-RF-LSS-BCRPBEDPBLK-BLOCK-1466,result_use_limit_filled,capture_policy_return_owner,all_decision_fields_filled,0,false,false,false,false,false,false,false,false
DMOI-RF-LSS-BCRPBEDPBRL-RET-1467,DMOI-RF-LSS-BCRPBEDPBRR-REQ-1467,DMOI-RF-LSS-BCRPBEDPBLK-BLOCK-1467,result_use_limit_filled,capture_policy_return_owner,all_criteria_decisions_recorded,0,false,false,false,false,false,false,false,false
DMOI-RF-LSS-BCRPBEDPBRL-RET-1468,DMOI-RF-LSS-BCRPBEDPBRR-REQ-1468,DMOI-RF-LSS-BCRPBEDPBLK-BLOCK-1468,result_use_limit_filled,capture_policy_return_owner,all_criteria_passed,0,false,false,false,false,false,false,false,false
DMOI-RF-LSS-BCRPBEDPBRL-RET-1469,DMOI-RF-LSS-BCRPBEDPBRR-REQ-1469,DMOI-RF-LSS-BCRPBEDPBLK-BLOCK-1469,result_use_limit_filled,capture_policy_return_owner,no_criteria_failed,0,false,false,false,false,false,false,false,false
DMOI-RF-LSS-BCRPBEDPBRL-RET-1470,DMOI-RF-LSS-BCRPBEDPBRR-REQ-1470,DMOI-RF-LSS-BCRPBEDPBLK-BLOCK-1470,result_use_limit_filled,capture_policy_return_owner,evidence_values_reviewed,0,false,false,false,false,false,false,false,false
DMOI-RF-LSS-BCRPBEDPBRL-RET-1471,DMOI-RF-LSS-BCRPBEDPBRR-REQ-1471,DMOI-RF-LSS-BCRPBEDPBLK-BLOCK-1471,result_use_limit_filled,capture_policy_return_owner,evidence_source_pointers_reviewed,0,false,false,false,false,false,false,false,false
DMOI-RF-LSS-BCRPBEDPBRL-RET-1472,DMOI-RF-LSS-BCRPBEDPBRR-REQ-1472,DMOI-RF-LSS-BCRPBEDPBLK-BLOCK-1472,result_use_limit_filled,capture_policy_return_owner,source_text_prohibition_confirmed,0,false,false,false,false,false,false,false,false
DMOI-RF-LSS-BCRPBEDPBRL-RET-1473,DMOI-RF-LSS-BCRPBEDPBRR-REQ-1473,DMOI-RF-LSS-BCRPBEDPBLK-BLOCK-1473,result_use_limit_filled,capture_policy_return_owner,allowed_true_precondition_update_bounded,0,false,false,false,false,false,false,false,false
DMOI-RF-LSS-BCRPBEDPBRL-RET-1474,DMOI-RF-LSS-BCRPBEDPBRR-REQ-1474,DMOI-RF-LSS-BCRPBEDPBLK-BLOCK-1474,result_use_limit_filled,capture_policy_return_owner,authority_role_validated,0,false,false,false,false,false,false,false,false
DMOI-RF-LSS-BCRPBEDPBRL-RET-1475,DMOI-RF-LSS-BCRPBEDPBRR-REQ-1475,DMOI-RF-LSS-BCRPBEDPBLK-BLOCK-1475,result_use_limit_filled,capture_policy_return_owner,downstream_query_gate_separate,0,false,false,false,false,false,false,false,false
DMOI-RF-LSS-BCRPBEDPBRL-RET-1476,DMOI-RF-LSS-BCRPBEDPBRR-REQ-1476,DMOI-RF-LSS-BCRPBEDPBLK-BLOCK-1476,result_use_limit_filled,capture_policy_return_owner,downstream_surface_translation_gates_separate,0,false,false,false,false,false,false,false,false
DMOI-RF-LSS-BCRPBEDPBRL-RET-1477,DMOI-RF-LSS-BCRPBEDPBRR-REQ-1477,DMOI-RF-LSS-BCRPBEDPBLK-BLOCK-1477,result_use_limit_filled,capture_policy_return_owner,decision_row_linkage_validated,0,false,false,false,false,false,false,false,false
DMOI-RF-LSS-BCRPBEDPBRL-RET-1478,DMOI-RF-LSS-BCRPBEDPBRR-REQ-1478,DMOI-RF-LSS-BCRPBEDPBLK-BLOCK-1478,result_use_limit_filled,capture_policy_return_owner,all_decision_fields_filled,0,false,false,false,false,false,false,false,false
DMOI-RF-LSS-BCRPBEDPBRL-RET-1479,DMOI-RF-LSS-BCRPBEDPBRR-REQ-1479,DMOI-RF-LSS-BCRPBEDPBLK-BLOCK-1479,result_use_limit_filled,capture_policy_return_owner,all_criteria_decisions_recorded,0,false,false,false,false,false,false,false,false
DMOI-RF-LSS-BCRPBEDPBRL-RET-1480,DMOI-RF-LSS-BCRPBEDPBRR-REQ-1480,DMOI-RF-LSS-BCRPBEDPBLK-BLOCK-1480,result_use_limit_filled,capture_policy_return_owner,all_criteria_passed,0,false,false,false,false,false,false,false,false
DMOI-RF-LSS-BCRPBEDPBRL-RET-1481,DMOI-RF-LSS-BCRPBEDPBRR-REQ-1481,DMOI-RF-LSS-BCRPBEDPBLK-BLOCK-1481,result_use_limit_filled,capture_policy_return_owner,no_criteria_failed,0,false,false,false,false,false,false,false,false
DMOI-RF-LSS-BCRPBEDPBRL-RET-1482,DMOI-RF-LSS-BCRPBEDPBRR-REQ-1482,DMOI-RF-LSS-BCRPBEDPBLK-BLOCK-1482,result_use_limit_filled,capture_policy_return_owner,evidence_values_reviewed,0,false,false,false,false,false,false,false,false
DMOI-RF-LSS-BCRPBEDPBRL-RET-1483,DMOI-RF-LSS-BCRPBEDPBRR-REQ-1483,DMOI-RF-LSS-BCRPBEDPBLK-BLOCK-1483,result_use_limit_filled,capture_policy_return_owner,evidence_source_pointers_reviewed,0,false,false,false,false,false,false,false,false
DMOI-RF-LSS-BCRPBEDPBRL-RET-1484,DMOI-RF-LSS-BCRPBEDPBRR-REQ-1484,DMOI-RF-LSS-BCRPBEDPBLK-BLOCK-1484,result_use_limit_filled,capture_policy_return_owner,source_text_prohibition_confirmed,0,false,false,false,false,false,false,false,false
DMOI-RF-LSS-BCRPBEDPBRL-RET-1485,DMOI-RF-LSS-BCRPBEDPBRR-REQ-1485,DMOI-RF-LSS-BCRPBEDPBLK-BLOCK-1485,result_use_limit_filled,capture_policy_return_owner,allowed_true_precondition_update_bounded,0,false,false,false,false,false,false,false,false
DMOI-RF-LSS-BCRPBEDPBRL-RET-1486,DMOI-RF-LSS-BCRPBEDPBRR-REQ-1486,DMOI-RF-LSS-BCRPBEDPBLK-BLOCK-1486,result_use_limit_filled,capture_policy_return_owner,authority_role_validated,0,false,false,false,false,false,false,false,false
DMOI-RF-LSS-BCRPBEDPBRL-RET-1487,DMOI-RF-LSS-BCRPBEDPBRR-REQ-1487,DMOI-RF-LSS-BCRPBEDPBLK-BLOCK-1487,result_use_limit_filled,capture_policy_return_owner,downstream_query_gate_separate,0,false,false,false,false,false,false,false,false
DMOI-RF-LSS-BCRPBEDPBRL-RET-1488,DMOI-RF-LSS-BCRPBEDPBRR-REQ-1488,DMOI-RF-LSS-BCRPBEDPBLK-BLOCK-1488,result_use_limit_filled,capture_policy_return_owner,downstream_surface_translation_gates_separate,0,false,false,false,false,false,false,false,false
DMOI-RF-LSS-BCRPBEDPBRL-RET-1489,DMOI-RF-LSS-BCRPBEDPBRR-REQ-1489,DMOI-RF-LSS-BCRPBEDPBLK-BLOCK-1489,result_use_limit_filled,capture_policy_return_owner,decision_row_linkage_validated,0,false,false,false,false,false,false,false,false
DMOI-RF-LSS-BCRPBEDPBRL-RET-1490,DMOI-RF-LSS-BCRPBEDPBRR-REQ-1490,DMOI-RF-LSS-BCRPBEDPBLK-BLOCK-1490,result_use_limit_filled,capture_policy_return_owner,all_decision_fields_filled,0,false,false,false,false,false,false,false,false
DMOI-RF-LSS-BCRPBEDPBRL-RET-1491,DMOI-RF-LSS-BCRPBEDPBRR-REQ-1491,DMOI-RF-LSS-BCRPBEDPBLK-BLOCK-1491,result_use_limit_filled,capture_policy_return_owner,all_criteria_decisions_recorded,0,false,false,false,false,false,false,false,false
DMOI-RF-LSS-BCRPBEDPBRL-RET-1492,DMOI-RF-LSS-BCRPBEDPBRR-REQ-1492,DMOI-RF-LSS-BCRPBEDPBLK-BLOCK-1492,result_use_limit_filled,capture_policy_return_owner,all_criteria_passed,0,false,false,false,false,false,false,false,false
DMOI-RF-LSS-BCRPBEDPBRL-RET-1493,DMOI-RF-LSS-BCRPBEDPBRR-REQ-1493,DMOI-RF-LSS-BCRPBEDPBLK-BLOCK-1493,result_use_limit_filled,capture_policy_return_owner,no_criteria_failed,0,false,false,false,false,false,false,false,false
DMOI-RF-LSS-BCRPBEDPBRL-RET-1494,DMOI-RF-LSS-BCRPBEDPBRR-REQ-1494,DMOI-RF-LSS-BCRPBEDPBLK-BLOCK-1494,result_use_limit_filled,capture_policy_return_owner,evidence_values_reviewed,0,false,false,false,false,false,false,false,false
DMOI-RF-LSS-BCRPBEDPBRL-RET-1495,DMOI-RF-LSS-BCRPBEDPBRR-REQ-1495,DMOI-RF-LSS-BCRPBEDPBLK-BLOCK-1495,result_use_limit_filled,capture_policy_return_owner,evidence_source_pointers_reviewed,0,false,false,false,false,false,false,false,false
DMOI-RF-LSS-BCRPBEDPBRL-RET-1496,DMOI-RF-LSS-BCRPBEDPBRR-REQ-1496,DMOI-RF-LSS-BCRPBEDPBLK-BLOCK-1496,result_use_limit_filled,capture_policy_return_owner,source_text_prohibition_confirmed,0,false,false,false,false,false,false,false,false
DMOI-RF-LSS-BCRPBEDPBRL-RET-1497,DMOI-RF-LSS-BCRPBEDPBRR-REQ-1497,DMOI-RF-LSS-BCRPBEDPBLK-BLOCK-1497,result_use_limit_filled,capture_policy_return_owner,allowed_true_precondition_update_bounded,0,false,false,false,false,false,false,false,false
DMOI-RF-LSS-BCRPBEDPBRL-RET-1498,DMOI-RF-LSS-BCRPBEDPBRR-REQ-1498,DMOI-RF-LSS-BCRPBEDPBLK-BLOCK-1498,result_use_limit_filled,capture_policy_return_owner,authority_role_validated,0,false,false,false,false,false,false,false,false
DMOI-RF-LSS-BCRPBEDPBRL-RET-1499,DMOI-RF-LSS-BCRPBEDPBRR-REQ-1499,DMOI-RF-LSS-BCRPBEDPBLK-BLOCK-1499,result_use_limit_filled,capture_policy_return_owner,downstream_query_gate_separate,0,false,false,false,false,false,false,false,false
DMOI-RF-LSS-BCRPBEDPBRL-RET-1500,DMOI-RF-LSS-BCRPBEDPBRR-REQ-1500,DMOI-RF-LSS-BCRPBEDPBLK-BLOCK-1500,result_use_limit_filled,capture_policy_return_owner,downstream_surface_translation_gates_separate,0,false,false,false,false,false,false,false,false
DMOI-RF-LSS-BCRPBEDPBRL-RET-1501,DMOI-RF-LSS-BCRPBEDPBRR-REQ-1501,DMOI-RF-LSS-BCRPBEDPBLK-BLOCK-1501,result_use_limit_filled,capture_policy_return_owner,decision_row_linkage_validated,0,false,false,false,false,false,false,false,false
DMOI-RF-LSS-BCRPBEDPBRL-RET-1502,DMOI-RF-LSS-BCRPBEDPBRR-REQ-1502,DMOI-RF-LSS-BCRPBEDPBLK-BLOCK-1502,result_use_limit_filled,capture_policy_return_owner,all_decision_fields_filled,0,false,false,false,false,false,false,false,false
DMOI-RF-LSS-BCRPBEDPBRL-RET-1503,DMOI-RF-LSS-BCRPBEDPBRR-REQ-1503,DMOI-RF-LSS-BCRPBEDPBLK-BLOCK-1503,result_use_limit_filled,capture_policy_return_owner,all_criteria_decisions_recorded,0,false,false,false,false,false,false,false,false
DMOI-RF-LSS-BCRPBEDPBRL-RET-1504,DMOI-RF-LSS-BCRPBEDPBRR-REQ-1504,DMOI-RF-LSS-BCRPBEDPBLK-BLOCK-1504,result_use_limit_filled,capture_policy_return_owner,all_criteria_passed,0,false,false,false,false,false,false,false,false
DMOI-RF-LSS-BCRPBEDPBRL-RET-1505,DMOI-RF-LSS-BCRPBEDPBRR-REQ-1505,DMOI-RF-LSS-BCRPBEDPBLK-BLOCK-1505,result_use_limit_filled,capture_policy_return_owner,no_criteria_failed,0,false,false,false,false,false,false,false,false
DMOI-RF-LSS-BCRPBEDPBRL-RET-1506,DMOI-RF-LSS-BCRPBEDPBRR-REQ-1506,DMOI-RF-LSS-BCRPBEDPBLK-BLOCK-1506,result_use_limit_filled,capture_policy_return_owner,evidence_values_reviewed,0,false,false,false,false,false,false,false,false
DMOI-RF-LSS-BCRPBEDPBRL-RET-1507,DMOI-RF-LSS-BCRPBEDPBRR-REQ-1507,DMOI-RF-LSS-BCRPBEDPBLK-BLOCK-1507,result_use_limit_filled,capture_policy_return_owner,evidence_source_pointers_reviewed,0,false,false,false,false,false,false,false,false
DMOI-RF-LSS-BCRPBEDPBRL-RET-1508,DMOI-RF-LSS-BCRPBEDPBRR-REQ-1508,DMOI-RF-LSS-BCRPBEDPBLK-BLOCK-1508,result_use_limit_filled,capture_policy_return_owner,source_text_prohibition_confirmed,0,false,false,false,false,false,false,false,false
DMOI-RF-LSS-BCRPBEDPBRL-RET-1509,DMOI-RF-LSS-BCRPBEDPBRR-REQ-1509,DMOI-RF-LSS-BCRPBEDPBLK-BLOCK-1509,result_use_limit_filled,capture_policy_return_owner,allowed_true_precondition_update_bounded,0,false,false,false,false,false,false,false,false
DMOI-RF-LSS-BCRPBEDPBRL-RET-1510,DMOI-RF-LSS-BCRPBEDPBRR-REQ-1510,DMOI-RF-LSS-BCRPBEDPBLK-BLOCK-1510,result_use_limit_filled,capture_policy_return_owner,authority_role_validated,0,false,false,false,false,false,false,false,false
DMOI-RF-LSS-BCRPBEDPBRL-RET-1511,DMOI-RF-LSS-BCRPBEDPBRR-REQ-1511,DMOI-RF-LSS-BCRPBEDPBLK-BLOCK-1511,result_use_limit_filled,capture_policy_return_owner,downstream_query_gate_separate,0,false,false,false,false,false,false,false,false
DMOI-RF-LSS-BCRPBEDPBRL-RET-1512,DMOI-RF-LSS-BCRPBEDPBRR-REQ-1512,DMOI-RF-LSS-BCRPBEDPBLK-BLOCK-1512,result_use_limit_filled,capture_policy_return_owner,downstream_surface_translation_gates_separate,0,false,false,false,false,false,false,false,false
DMOI-RF-LSS-BCRPBEDPBRL-RET-1513,DMOI-RF-LSS-BCRPBEDPBRR-REQ-1513,DMOI-RF-LSS-BCRPBEDPBLK-BLOCK-1513,result_use_limit_filled,capture_policy_return_owner,decision_row_linkage_validated,0,false,false,false,false,false,false,false,false
DMOI-RF-LSS-BCRPBEDPBRL-RET-1514,DMOI-RF-LSS-BCRPBEDPBRR-REQ-1514,DMOI-RF-LSS-BCRPBEDPBLK-BLOCK-1514,result_use_limit_filled,capture_policy_return_owner,all_decision_fields_filled,0,false,false,false,false,false,false,false,false
DMOI-RF-LSS-BCRPBEDPBRL-RET-1515,DMOI-RF-LSS-BCRPBEDPBRR-REQ-1515,DMOI-RF-LSS-BCRPBEDPBLK-BLOCK-1515,result_use_limit_filled,capture_policy_return_owner,all_criteria_decisions_recorded,0,false,false,false,false,false,false,false,false
DMOI-RF-LSS-BCRPBEDPBRL-RET-1516,DMOI-RF-LSS-BCRPBEDPBRR-REQ-1516,DMOI-RF-LSS-BCRPBEDPBLK-BLOCK-1516,result_use_limit_filled,capture_policy_return_owner,all_criteria_passed,0,false,false,false,false,false,false,false,false
DMOI-RF-LSS-BCRPBEDPBRL-RET-1517,DMOI-RF-LSS-BCRPBEDPBRR-REQ-1517,DMOI-RF-LSS-BCRPBEDPBLK-BLOCK-1517,result_use_limit_filled,capture_policy_return_owner,no_criteria_failed,0,false,false,false,false,false,false,false,false
DMOI-RF-LSS-BCRPBEDPBRL-RET-1518,DMOI-RF-LSS-BCRPBEDPBRR-REQ-1518,DMOI-RF-LSS-BCRPBEDPBLK-BLOCK-1518,result_use_limit_filled,capture_policy_return_owner,evidence_values_reviewed,0,false,false,false,false,false,false,false,false
DMOI-RF-LSS-BCRPBEDPBRL-RET-1519,DMOI-RF-LSS-BCRPBEDPBRR-REQ-1519,DMOI-RF-LSS-BCRPBEDPBLK-BLOCK-1519,result_use_limit_filled,capture_policy_return_owner,evidence_source_pointers_reviewed,0,false,false,false,false,false,false,false,false
DMOI-RF-LSS-BCRPBEDPBRL-RET-1520,DMOI-RF-LSS-BCRPBEDPBRR-REQ-1520,DMOI-RF-LSS-BCRPBEDPBLK-BLOCK-1520,result_use_limit_filled,capture_policy_return_owner,source_text_prohibition_confirmed,0,false,false,false,false,false,false,false,false
DMOI-RF-LSS-BCRPBEDPBRL-RET-1521,DMOI-RF-LSS-BCRPBEDPBRR-REQ-1521,DMOI-RF-LSS-BCRPBEDPBLK-BLOCK-1521,result_use_limit_filled,capture_policy_return_owner,allowed_true_precondition_update_bounded,0,false,false,false,false,false,false,false,false
DMOI-RF-LSS-BCRPBEDPBRL-RET-1522,DMOI-RF-LSS-BCRPBEDPBRR-REQ-1522,DMOI-RF-LSS-BCRPBEDPBLK-BLOCK-1522,result_use_limit_filled,capture_policy_return_owner,authority_role_validated,0,false,false,false,false,false,false,false,false
DMOI-RF-LSS-BCRPBEDPBRL-RET-1523,DMOI-RF-LSS-BCRPBEDPBRR-REQ-1523,DMOI-RF-LSS-BCRPBEDPBLK-BLOCK-1523,result_use_limit_filled,capture_policy_return_owner,downstream_query_gate_separate,0,false,false,false,false,false,false,false,false
DMOI-RF-LSS-BCRPBEDPBRL-RET-1524,DMOI-RF-LSS-BCRPBEDPBRR-REQ-1524,DMOI-RF-LSS-BCRPBEDPBLK-BLOCK-1524,result_use_limit_filled,capture_policy_return_owner,downstream_surface_translation_gates_separate,0,false,false,false,false,false,false,false,false
DMOI-RF-LSS-BCRPBEDPBRL-RET-1525,DMOI-RF-LSS-BCRPBEDPBRR-REQ-1525,DMOI-RF-LSS-BCRPBEDPBLK-BLOCK-1525,result_use_limit_filled,capture_policy_return_owner,decision_row_linkage_validated,0,false,false,false,false,false,false,false,false
DMOI-RF-LSS-BCRPBEDPBRL-RET-1526,DMOI-RF-LSS-BCRPBEDPBRR-REQ-1526,DMOI-RF-LSS-BCRPBEDPBLK-BLOCK-1526,result_use_limit_filled,capture_policy_return_owner,all_decision_fields_filled,0,false,false,false,false,false,false,false,false
DMOI-RF-LSS-BCRPBEDPBRL-RET-1527,DMOI-RF-LSS-BCRPBEDPBRR-REQ-1527,DMOI-RF-LSS-BCRPBEDPBLK-BLOCK-1527,result_use_limit_filled,capture_policy_return_owner,all_criteria_decisions_recorded,0,false,false,false,false,false,false,false,false
DMOI-RF-LSS-BCRPBEDPBRL-RET-1528,DMOI-RF-LSS-BCRPBEDPBRR-REQ-1528,DMOI-RF-LSS-BCRPBEDPBLK-BLOCK-1528,result_use_limit_filled,capture_policy_return_owner,all_criteria_passed,0,false,false,false,false,false,false,false,false
DMOI-RF-LSS-BCRPBEDPBRL-RET-1529,DMOI-RF-LSS-BCRPBEDPBRR-REQ-1529,DMOI-RF-LSS-BCRPBEDPBLK-BLOCK-1529,result_use_limit_filled,capture_policy_return_owner,no_criteria_failed,0,false,false,false,false,false,false,false,false
DMOI-RF-LSS-BCRPBEDPBRL-RET-1530,DMOI-RF-LSS-BCRPBEDPBRR-REQ-1530,DMOI-RF-LSS-BCRPBEDPBLK-BLOCK-1530,result_use_limit_filled,capture_policy_return_owner,evidence_values_reviewed,0,false,false,false,false,false,false,false,false
DMOI-RF-LSS-BCRPBEDPBRL-RET-1531,DMOI-RF-LSS-BCRPBEDPBRR-REQ-1531,DMOI-RF-LSS-BCRPBEDPBLK-BLOCK-1531,result_use_limit_filled,capture_policy_return_owner,evidence_source_pointers_reviewed,0,false,false,false,false,false,false,false,false
DMOI-RF-LSS-BCRPBEDPBRL-RET-1532,DMOI-RF-LSS-BCRPBEDPBRR-REQ-1532,DMOI-RF-LSS-BCRPBEDPBLK-BLOCK-1532,result_use_limit_filled,capture_policy_return_owner,source_text_prohibition_confirmed,0,false,false,false,false,false,false,false,false
DMOI-RF-LSS-BCRPBEDPBRL-RET-1533,DMOI-RF-LSS-BCRPBEDPBRR-REQ-1533,DMOI-RF-LSS-BCRPBEDPBLK-BLOCK-1533,result_use_limit_filled,capture_policy_return_owner,allowed_true_precondition_update_bounded,0,false,false,false,false,false,false,false,false
DMOI-RF-LSS-BCRPBEDPBRL-RET-1534,DMOI-RF-LSS-BCRPBEDPBRR-REQ-1534,DMOI-RF-LSS-BCRPBEDPBLK-BLOCK-1534,result_use_limit_filled,capture_policy_return_owner,authority_role_validated,0,false,false,false,false,false,false,false,false
DMOI-RF-LSS-BCRPBEDPBRL-RET-1535,DMOI-RF-LSS-BCRPBEDPBRR-REQ-1535,DMOI-RF-LSS-BCRPBEDPBLK-BLOCK-1535,result_use_limit_filled,capture_policy_return_owner,downstream_query_gate_separate,0,false,false,false,false,false,false,false,false
DMOI-RF-LSS-BCRPBEDPBRL-RET-1536,DMOI-RF-LSS-BCRPBEDPBRR-REQ-1536,DMOI-RF-LSS-BCRPBEDPBLK-BLOCK-1536,result_use_limit_filled,capture_policy_return_owner,downstream_surface_translation_gates_separate,0,false,false,false,false,false,false,false,false
DMOI-RF-LSS-BCRPBEDPBRL-RET-1537,DMOI-RF-LSS-BCRPBEDPBRR-REQ-1537,DMOI-RF-LSS-BCRPBEDPBLK-BLOCK-1537,result_use_limit_filled,capture_policy_return_owner,decision_row_linkage_validated,0,false,false,false,false,false,false,false,false
DMOI-RF-LSS-BCRPBEDPBRL-RET-1538,DMOI-RF-LSS-BCRPBEDPBRR-REQ-1538,DMOI-RF-LSS-BCRPBEDPBLK-BLOCK-1538,result_use_limit_filled,capture_policy_return_owner,all_decision_fields_filled,0,false,false,false,false,false,false,false,false
DMOI-RF-LSS-BCRPBEDPBRL-RET-1539,DMOI-RF-LSS-BCRPBEDPBRR-REQ-1539,DMOI-RF-LSS-BCRPBEDPBLK-BLOCK-1539,result_use_limit_filled,capture_policy_return_owner,all_criteria_decisions_recorded,0,false,false,false,false,false,false,false,false
DMOI-RF-LSS-BCRPBEDPBRL-RET-1540,DMOI-RF-LSS-BCRPBEDPBRR-REQ-1540,DMOI-RF-LSS-BCRPBEDPBLK-BLOCK-1540,result_use_limit_filled,capture_policy_return_owner,all_criteria_passed,0,false,false,false,false,false,false,false,false
DMOI-RF-LSS-BCRPBEDPBRL-RET-1541,DMOI-RF-LSS-BCRPBEDPBRR-REQ-1541,DMOI-RF-LSS-BCRPBEDPBLK-BLOCK-1541,result_use_limit_filled,capture_policy_return_owner,no_criteria_failed,0,false,false,false,false,false,false,false,false
DMOI-RF-LSS-BCRPBEDPBRL-RET-1542,DMOI-RF-LSS-BCRPBEDPBRR-REQ-1542,DMOI-RF-LSS-BCRPBEDPBLK-BLOCK-1542,result_use_limit_filled,capture_policy_return_owner,evidence_values_reviewed,0,false,false,false,false,false,false,false,false
DMOI-RF-LSS-BCRPBEDPBRL-RET-1543,DMOI-RF-LSS-BCRPBEDPBRR-REQ-1543,DMOI-RF-LSS-BCRPBEDPBLK-BLOCK-1543,result_use_limit_filled,capture_policy_return_owner,evidence_source_pointers_reviewed,0,false,false,false,false,false,false,false,false
DMOI-RF-LSS-BCRPBEDPBRL-RET-1544,DMOI-RF-LSS-BCRPBEDPBRR-REQ-1544,DMOI-RF-LSS-BCRPBEDPBLK-BLOCK-1544,result_use_limit_filled,capture_policy_return_owner,source_text_prohibition_confirmed,0,false,false,false,false,false,false,false,false
DMOI-RF-LSS-BCRPBEDPBRL-RET-1545,DMOI-RF-LSS-BCRPBEDPBRR-REQ-1545,DMOI-RF-LSS-BCRPBEDPBLK-BLOCK-1545,result_use_limit_filled,capture_policy_return_owner,allowed_true_precondition_update_bounded,0,false,false,false,false,false,false,false,false
DMOI-RF-LSS-BCRPBEDPBRL-RET-1546,DMOI-RF-LSS-BCRPBEDPBRR-REQ-1546,DMOI-RF-LSS-BCRPBEDPBLK-BLOCK-1546,result_use_limit_filled,capture_policy_return_owner,authority_role_validated,0,false,false,false,false,false,false,false,false
DMOI-RF-LSS-BCRPBEDPBRL-RET-1547,DMOI-RF-LSS-BCRPBEDPBRR-REQ-1547,DMOI-RF-LSS-BCRPBEDPBLK-BLOCK-1547,result_use_limit_filled,capture_policy_return_owner,downstream_query_gate_separate,0,false,false,false,false,false,false,false,false
DMOI-RF-LSS-BCRPBEDPBRL-RET-1548,DMOI-RF-LSS-BCRPBEDPBRR-REQ-1548,DMOI-RF-LSS-BCRPBEDPBLK-BLOCK-1548,result_use_limit_filled,capture_policy_return_owner,downstream_surface_translation_gates_separate,0,false,false,false,false,false,false,false,false
DMOI-RF-LSS-BCRPBEDPBRL-RET-1549,DMOI-RF-LSS-BCRPBEDPBRR-REQ-1549,DMOI-RF-LSS-BCRPBEDPBLK-BLOCK-1549,result_use_limit_filled,capture_policy_return_owner,decision_row_linkage_validated,0,false,false,false,false,false,false,false,false
DMOI-RF-LSS-BCRPBEDPBRL-RET-1550,DMOI-RF-LSS-BCRPBEDPBRR-REQ-1550,DMOI-RF-LSS-BCRPBEDPBLK-BLOCK-1550,result_use_limit_filled,capture_policy_return_owner,all_decision_fields_filled,0,false,false,false,false,false,false,false,false
DMOI-RF-LSS-BCRPBEDPBRL-RET-1551,DMOI-RF-LSS-BCRPBEDPBRR-REQ-1551,DMOI-RF-LSS-BCRPBEDPBLK-BLOCK-1551,result_use_limit_filled,capture_policy_return_owner,all_criteria_decisions_recorded,0,false,false,false,false,false,false,false,false
DMOI-RF-LSS-BCRPBEDPBRL-RET-1552,DMOI-RF-LSS-BCRPBEDPBRR-REQ-1552,DMOI-RF-LSS-BCRPBEDPBLK-BLOCK-1552,result_use_limit_filled,capture_policy_return_owner,all_criteria_passed,0,false,false,false,false,false,false,false,false
DMOI-RF-LSS-BCRPBEDPBRL-RET-1553,DMOI-RF-LSS-BCRPBEDPBRR-REQ-1553,DMOI-RF-LSS-BCRPBEDPBLK-BLOCK-1553,result_use_limit_filled,capture_policy_return_owner,no_criteria_failed,0,false,false,false,false,false,false,false,false
DMOI-RF-LSS-BCRPBEDPBRL-RET-1554,DMOI-RF-LSS-BCRPBEDPBRR-REQ-1554,DMOI-RF-LSS-BCRPBEDPBLK-BLOCK-1554,result_use_limit_filled,capture_policy_return_owner,evidence_values_reviewed,0,false,false,false,false,false,false,false,false
DMOI-RF-LSS-BCRPBEDPBRL-RET-1555,DMOI-RF-LSS-BCRPBEDPBRR-REQ-1555,DMOI-RF-LSS-BCRPBEDPBLK-BLOCK-1555,result_use_limit_filled,capture_policy_return_owner,evidence_source_pointers_reviewed,0,false,false,false,false,false,false,false,false
DMOI-RF-LSS-BCRPBEDPBRL-RET-1556,DMOI-RF-LSS-BCRPBEDPBRR-REQ-1556,DMOI-RF-LSS-BCRPBEDPBLK-BLOCK-1556,result_use_limit_filled,capture_policy_return_owner,source_text_prohibition_confirmed,0,false,false,false,false,false,false,false,false
DMOI-RF-LSS-BCRPBEDPBRL-RET-1557,DMOI-RF-LSS-BCRPBEDPBRR-REQ-1557,DMOI-RF-LSS-BCRPBEDPBLK-BLOCK-1557,result_use_limit_filled,capture_policy_return_owner,allowed_true_precondition_update_bounded,0,false,false,false,false,false,false,false,false
DMOI-RF-LSS-BCRPBEDPBRL-RET-1558,DMOI-RF-LSS-BCRPBEDPBRR-REQ-1558,DMOI-RF-LSS-BCRPBEDPBLK-BLOCK-1558,result_use_limit_filled,capture_policy_return_owner,authority_role_validated,0,false,false,false,false,false,false,false,false
DMOI-RF-LSS-BCRPBEDPBRL-RET-1559,DMOI-RF-LSS-BCRPBEDPBRR-REQ-1559,DMOI-RF-LSS-BCRPBEDPBLK-BLOCK-1559,result_use_limit_filled,capture_policy_return_owner,downstream_query_gate_separate,0,false,false,false,false,false,false,false,false
DMOI-RF-LSS-BCRPBEDPBRL-RET-1560,DMOI-RF-LSS-BCRPBEDPBRR-REQ-1560,DMOI-RF-LSS-BCRPBEDPBLK-BLOCK-1560,result_use_limit_filled,capture_policy_return_owner,downstream_surface_translation_gates_separate,0,false,false,false,false,false,false,false,false
DMOI-RF-LSS-BCRPBEDPBRL-RET-1561,DMOI-RF-LSS-BCRPBEDPBRR-REQ-1561,DMOI-RF-LSS-BCRPBEDPBLK-BLOCK-1561,result_use_limit_filled,capture_policy_return_owner,decision_row_linkage_validated,0,false,false,false,false,false,false,false,false
DMOI-RF-LSS-BCRPBEDPBRL-RET-1562,DMOI-RF-LSS-BCRPBEDPBRR-REQ-1562,DMOI-RF-LSS-BCRPBEDPBLK-BLOCK-1562,result_use_limit_filled,capture_policy_return_owner,all_decision_fields_filled,0,false,false,false,false,false,false,false,false
DMOI-RF-LSS-BCRPBEDPBRL-RET-1563,DMOI-RF-LSS-BCRPBEDPBRR-REQ-1563,DMOI-RF-LSS-BCRPBEDPBLK-BLOCK-1563,result_use_limit_filled,capture_policy_return_owner,all_criteria_decisions_recorded,0,false,false,false,false,false,false,false,false
DMOI-RF-LSS-BCRPBEDPBRL-RET-1564,DMOI-RF-LSS-BCRPBEDPBRR-REQ-1564,DMOI-RF-LSS-BCRPBEDPBLK-BLOCK-1564,result_use_limit_filled,capture_policy_return_owner,all_criteria_passed,0,false,false,false,false,false,false,false,false
DMOI-RF-LSS-BCRPBEDPBRL-RET-1565,DMOI-RF-LSS-BCRPBEDPBRR-REQ-1565,DMOI-RF-LSS-BCRPBEDPBLK-BLOCK-1565,result_use_limit_filled,capture_policy_return_owner,no_criteria_failed,0,false,false,false,false,false,false,false,false
DMOI-RF-LSS-BCRPBEDPBRL-RET-1566,DMOI-RF-LSS-BCRPBEDPBRR-REQ-1566,DMOI-RF-LSS-BCRPBEDPBLK-BLOCK-1566,result_use_limit_filled,capture_policy_return_owner,evidence_values_reviewed,0,false,false,false,false,false,false,false,false
DMOI-RF-LSS-BCRPBEDPBRL-RET-1567,DMOI-RF-LSS-BCRPBEDPBRR-REQ-1567,DMOI-RF-LSS-BCRPBEDPBLK-BLOCK-1567,result_use_limit_filled,capture_policy_return_owner,evidence_source_pointers_reviewed,0,false,false,false,false,false,false,false,false
DMOI-RF-LSS-BCRPBEDPBRL-RET-1568,DMOI-RF-LSS-BCRPBEDPBRR-REQ-1568,DMOI-RF-LSS-BCRPBEDPBLK-BLOCK-1568,result_use_limit_filled,capture_policy_return_owner,source_text_prohibition_confirmed,0,false,false,false,false,false,false,false,false
DMOI-RF-LSS-BCRPBEDPBRL-RET-1569,DMOI-RF-LSS-BCRPBEDPBRR-REQ-1569,DMOI-RF-LSS-BCRPBEDPBLK-BLOCK-1569,result_use_limit_filled,capture_policy_return_owner,allowed_true_precondition_update_bounded,0,false,false,false,false,false,false,false,false
DMOI-RF-LSS-BCRPBEDPBRL-RET-1570,DMOI-RF-LSS-BCRPBEDPBRR-REQ-1570,DMOI-RF-LSS-BCRPBEDPBLK-BLOCK-1570,result_use_limit_filled,capture_policy_return_owner,authority_role_validated,0,false,false,false,false,false,false,false,false
DMOI-RF-LSS-BCRPBEDPBRL-RET-1571,DMOI-RF-LSS-BCRPBEDPBRR-REQ-1571,DMOI-RF-LSS-BCRPBEDPBLK-BLOCK-1571,result_use_limit_filled,capture_policy_return_owner,downstream_query_gate_separate,0,false,false,false,false,false,false,false,false
DMOI-RF-LSS-BCRPBEDPBRL-RET-1572,DMOI-RF-LSS-BCRPBEDPBRR-REQ-1572,DMOI-RF-LSS-BCRPBEDPBLK-BLOCK-1572,result_use_limit_filled,capture_policy_return_owner,downstream_surface_translation_gates_separate,0,false,false,false,false,false,false,false,false
DMOI-RF-LSS-BCRPBEDPBRL-RET-1573,DMOI-RF-LSS-BCRPBEDPBRR-REQ-1573,DMOI-RF-LSS-BCRPBEDPBLK-BLOCK-1573,result_use_limit_filled,capture_policy_return_owner,decision_row_linkage_validated,0,false,false,false,false,false,false,false,false
DMOI-RF-LSS-BCRPBEDPBRL-RET-1574,DMOI-RF-LSS-BCRPBEDPBRR-REQ-1574,DMOI-RF-LSS-BCRPBEDPBLK-BLOCK-1574,result_use_limit_filled,capture_policy_return_owner,all_decision_fields_filled,0,false,false,false,false,false,false,false,false
DMOI-RF-LSS-BCRPBEDPBRL-RET-1575,DMOI-RF-LSS-BCRPBEDPBRR-REQ-1575,DMOI-RF-LSS-BCRPBEDPBLK-BLOCK-1575,result_use_limit_filled,capture_policy_return_owner,all_criteria_decisions_recorded,0,false,false,false,false,false,false,false,false
DMOI-RF-LSS-BCRPBEDPBRL-RET-1576,DMOI-RF-LSS-BCRPBEDPBRR-REQ-1576,DMOI-RF-LSS-BCRPBEDPBLK-BLOCK-1576,result_use_limit_filled,capture_policy_return_owner,all_criteria_passed,0,false,false,false,false,false,false,false,false
DMOI-RF-LSS-BCRPBEDPBRL-RET-1577,DMOI-RF-LSS-BCRPBEDPBRR-REQ-1577,DMOI-RF-LSS-BCRPBEDPBLK-BLOCK-1577,result_use_limit_filled,capture_policy_return_owner,no_criteria_failed,0,false,false,false,false,false,false,false,false
DMOI-RF-LSS-BCRPBEDPBRL-RET-1578,DMOI-RF-LSS-BCRPBEDPBRR-REQ-1578,DMOI-RF-LSS-BCRPBEDPBLK-BLOCK-1578,result_use_limit_filled,capture_policy_return_owner,evidence_values_reviewed,0,false,false,false,false,false,false,false,false
DMOI-RF-LSS-BCRPBEDPBRL-RET-1579,DMOI-RF-LSS-BCRPBEDPBRR-REQ-1579,DMOI-RF-LSS-BCRPBEDPBLK-BLOCK-1579,result_use_limit_filled,capture_policy_return_owner,evidence_source_pointers_reviewed,0,false,false,false,false,false,false,false,false
DMOI-RF-LSS-BCRPBEDPBRL-RET-1580,DMOI-RF-LSS-BCRPBEDPBRR-REQ-1580,DMOI-RF-LSS-BCRPBEDPBLK-BLOCK-1580,result_use_limit_filled,capture_policy_return_owner,source_text_prohibition_confirmed,0,false,false,false,false,false,false,false,false
DMOI-RF-LSS-BCRPBEDPBRL-RET-1581,DMOI-RF-LSS-BCRPBEDPBRR-REQ-1581,DMOI-RF-LSS-BCRPBEDPBLK-BLOCK-1581,result_use_limit_filled,capture_policy_return_owner,allowed_true_precondition_update_bounded,0,false,false,false,false,false,false,false,false
DMOI-RF-LSS-BCRPBEDPBRL-RET-1582,DMOI-RF-LSS-BCRPBEDPBRR-REQ-1582,DMOI-RF-LSS-BCRPBEDPBLK-BLOCK-1582,result_use_limit_filled,capture_policy_return_owner,authority_role_validated,0,false,false,false,false,false,false,false,false
DMOI-RF-LSS-BCRPBEDPBRL-RET-1583,DMOI-RF-LSS-BCRPBEDPBRR-REQ-1583,DMOI-RF-LSS-BCRPBEDPBLK-BLOCK-1583,result_use_limit_filled,capture_policy_return_owner,downstream_query_gate_separate,0,false,false,false,false,false,false,false,false
DMOI-RF-LSS-BCRPBEDPBRL-RET-1584,DMOI-RF-LSS-BCRPBEDPBRR-REQ-1584,DMOI-RF-LSS-BCRPBEDPBLK-BLOCK-1584,result_use_limit_filled,capture_policy_return_owner,downstream_surface_translation_gates_separate,0,false,false,false,false,false,false,false,false
DMOI-RF-LSS-BCRPBEDPBRL-RET-1585,DMOI-RF-LSS-BCRPBEDPBRR-REQ-1585,DMOI-RF-LSS-BCRPBEDPBLK-BLOCK-1585,service_route_selected,query_term_return_owner,decision_row_linkage_validated,0,false,false,false,false,false,false,false,false
DMOI-RF-LSS-BCRPBEDPBRL-RET-1586,DMOI-RF-LSS-BCRPBEDPBRR-REQ-1586,DMOI-RF-LSS-BCRPBEDPBLK-BLOCK-1586,service_route_selected,query_term_return_owner,all_decision_fields_filled,0,false,false,false,false,false,false,false,false
DMOI-RF-LSS-BCRPBEDPBRL-RET-1587,DMOI-RF-LSS-BCRPBEDPBRR-REQ-1587,DMOI-RF-LSS-BCRPBEDPBLK-BLOCK-1587,service_route_selected,query_term_return_owner,all_criteria_decisions_recorded,0,false,false,false,false,false,false,false,false
DMOI-RF-LSS-BCRPBEDPBRL-RET-1588,DMOI-RF-LSS-BCRPBEDPBRR-REQ-1588,DMOI-RF-LSS-BCRPBEDPBLK-BLOCK-1588,service_route_selected,query_term_return_owner,all_criteria_passed,0,false,false,false,false,false,false,false,false
DMOI-RF-LSS-BCRPBEDPBRL-RET-1589,DMOI-RF-LSS-BCRPBEDPBRR-REQ-1589,DMOI-RF-LSS-BCRPBEDPBLK-BLOCK-1589,service_route_selected,query_term_return_owner,no_criteria_failed,0,false,false,false,false,false,false,false,false
DMOI-RF-LSS-BCRPBEDPBRL-RET-1590,DMOI-RF-LSS-BCRPBEDPBRR-REQ-1590,DMOI-RF-LSS-BCRPBEDPBLK-BLOCK-1590,service_route_selected,query_term_return_owner,evidence_values_reviewed,0,false,false,false,false,false,false,false,false
DMOI-RF-LSS-BCRPBEDPBRL-RET-1591,DMOI-RF-LSS-BCRPBEDPBRR-REQ-1591,DMOI-RF-LSS-BCRPBEDPBLK-BLOCK-1591,service_route_selected,query_term_return_owner,evidence_source_pointers_reviewed,0,false,false,false,false,false,false,false,false
DMOI-RF-LSS-BCRPBEDPBRL-RET-1592,DMOI-RF-LSS-BCRPBEDPBRR-REQ-1592,DMOI-RF-LSS-BCRPBEDPBLK-BLOCK-1592,service_route_selected,query_term_return_owner,source_text_prohibition_confirmed,0,false,false,false,false,false,false,false,false
DMOI-RF-LSS-BCRPBEDPBRL-RET-1593,DMOI-RF-LSS-BCRPBEDPBRR-REQ-1593,DMOI-RF-LSS-BCRPBEDPBLK-BLOCK-1593,service_route_selected,query_term_return_owner,allowed_true_precondition_update_bounded,0,false,false,false,false,false,false,false,false
DMOI-RF-LSS-BCRPBEDPBRL-RET-1594,DMOI-RF-LSS-BCRPBEDPBRR-REQ-1594,DMOI-RF-LSS-BCRPBEDPBLK-BLOCK-1594,service_route_selected,query_term_return_owner,authority_role_validated,0,false,false,false,false,false,false,false,false
DMOI-RF-LSS-BCRPBEDPBRL-RET-1595,DMOI-RF-LSS-BCRPBEDPBRR-REQ-1595,DMOI-RF-LSS-BCRPBEDPBLK-BLOCK-1595,service_route_selected,query_term_return_owner,downstream_query_gate_separate,0,false,false,false,false,false,false,false,false
DMOI-RF-LSS-BCRPBEDPBRL-RET-1596,DMOI-RF-LSS-BCRPBEDPBRR-REQ-1596,DMOI-RF-LSS-BCRPBEDPBLK-BLOCK-1596,service_route_selected,query_term_return_owner,downstream_surface_translation_gates_separate,0,false,false,false,false,false,false,false,false
DMOI-RF-LSS-BCRPBEDPBRL-RET-1597,DMOI-RF-LSS-BCRPBEDPBRR-REQ-1597,DMOI-RF-LSS-BCRPBEDPBLK-BLOCK-1597,service_route_selected,query_term_return_owner,decision_row_linkage_validated,0,false,false,false,false,false,false,false,false
DMOI-RF-LSS-BCRPBEDPBRL-RET-1598,DMOI-RF-LSS-BCRPBEDPBRR-REQ-1598,DMOI-RF-LSS-BCRPBEDPBLK-BLOCK-1598,service_route_selected,query_term_return_owner,all_decision_fields_filled,0,false,false,false,false,false,false,false,false
DMOI-RF-LSS-BCRPBEDPBRL-RET-1599,DMOI-RF-LSS-BCRPBEDPBRR-REQ-1599,DMOI-RF-LSS-BCRPBEDPBLK-BLOCK-1599,service_route_selected,query_term_return_owner,all_criteria_decisions_recorded,0,false,false,false,false,false,false,false,false
DMOI-RF-LSS-BCRPBEDPBRL-RET-1600,DMOI-RF-LSS-BCRPBEDPBRR-REQ-1600,DMOI-RF-LSS-BCRPBEDPBLK-BLOCK-1600,service_route_selected,query_term_return_owner,all_criteria_passed,0,false,false,false,false,false,false,false,false
DMOI-RF-LSS-BCRPBEDPBRL-RET-1601,DMOI-RF-LSS-BCRPBEDPBRR-REQ-1601,DMOI-RF-LSS-BCRPBEDPBLK-BLOCK-1601,service_route_selected,query_term_return_owner,no_criteria_failed,0,false,false,false,false,false,false,false,false
DMOI-RF-LSS-BCRPBEDPBRL-RET-1602,DMOI-RF-LSS-BCRPBEDPBRR-REQ-1602,DMOI-RF-LSS-BCRPBEDPBLK-BLOCK-1602,service_route_selected,query_term_return_owner,evidence_values_reviewed,0,false,false,false,false,false,false,false,false
DMOI-RF-LSS-BCRPBEDPBRL-RET-1603,DMOI-RF-LSS-BCRPBEDPBRR-REQ-1603,DMOI-RF-LSS-BCRPBEDPBLK-BLOCK-1603,service_route_selected,query_term_return_owner,evidence_source_pointers_reviewed,0,false,false,false,false,false,false,false,false
DMOI-RF-LSS-BCRPBEDPBRL-RET-1604,DMOI-RF-LSS-BCRPBEDPBRR-REQ-1604,DMOI-RF-LSS-BCRPBEDPBLK-BLOCK-1604,service_route_selected,query_term_return_owner,source_text_prohibition_confirmed,0,false,false,false,false,false,false,false,false
DMOI-RF-LSS-BCRPBEDPBRL-RET-1605,DMOI-RF-LSS-BCRPBEDPBRR-REQ-1605,DMOI-RF-LSS-BCRPBEDPBLK-BLOCK-1605,service_route_selected,query_term_return_owner,allowed_true_precondition_update_bounded,0,false,false,false,false,false,false,false,false
DMOI-RF-LSS-BCRPBEDPBRL-RET-1606,DMOI-RF-LSS-BCRPBEDPBRR-REQ-1606,DMOI-RF-LSS-BCRPBEDPBLK-BLOCK-1606,service_route_selected,query_term_return_owner,authority_role_validated,0,false,false,false,false,false,false,false,false
DMOI-RF-LSS-BCRPBEDPBRL-RET-1607,DMOI-RF-LSS-BCRPBEDPBRR-REQ-1607,DMOI-RF-LSS-BCRPBEDPBLK-BLOCK-1607,service_route_selected,query_term_return_owner,downstream_query_gate_separate,0,false,false,false,false,false,false,false,false
DMOI-RF-LSS-BCRPBEDPBRL-RET-1608,DMOI-RF-LSS-BCRPBEDPBRR-REQ-1608,DMOI-RF-LSS-BCRPBEDPBLK-BLOCK-1608,service_route_selected,query_term_return_owner,downstream_surface_translation_gates_separate,0,false,false,false,false,false,false,false,false
DMOI-RF-LSS-BCRPBEDPBRL-RET-1609,DMOI-RF-LSS-BCRPBEDPBRR-REQ-1609,DMOI-RF-LSS-BCRPBEDPBLK-BLOCK-1609,service_route_selected,query_term_return_owner,decision_row_linkage_validated,0,false,false,false,false,false,false,false,false
DMOI-RF-LSS-BCRPBEDPBRL-RET-1610,DMOI-RF-LSS-BCRPBEDPBRR-REQ-1610,DMOI-RF-LSS-BCRPBEDPBLK-BLOCK-1610,service_route_selected,query_term_return_owner,all_decision_fields_filled,0,false,false,false,false,false,false,false,false
DMOI-RF-LSS-BCRPBEDPBRL-RET-1611,DMOI-RF-LSS-BCRPBEDPBRR-REQ-1611,DMOI-RF-LSS-BCRPBEDPBLK-BLOCK-1611,service_route_selected,query_term_return_owner,all_criteria_decisions_recorded,0,false,false,false,false,false,false,false,false
DMOI-RF-LSS-BCRPBEDPBRL-RET-1612,DMOI-RF-LSS-BCRPBEDPBRR-REQ-1612,DMOI-RF-LSS-BCRPBEDPBLK-BLOCK-1612,service_route_selected,query_term_return_owner,all_criteria_passed,0,false,false,false,false,false,false,false,false
DMOI-RF-LSS-BCRPBEDPBRL-RET-1613,DMOI-RF-LSS-BCRPBEDPBRR-REQ-1613,DMOI-RF-LSS-BCRPBEDPBLK-BLOCK-1613,service_route_selected,query_term_return_owner,no_criteria_failed,0,false,false,false,false,false,false,false,false
DMOI-RF-LSS-BCRPBEDPBRL-RET-1614,DMOI-RF-LSS-BCRPBEDPBRR-REQ-1614,DMOI-RF-LSS-BCRPBEDPBLK-BLOCK-1614,service_route_selected,query_term_return_owner,evidence_values_reviewed,0,false,false,false,false,false,false,false,false
DMOI-RF-LSS-BCRPBEDPBRL-RET-1615,DMOI-RF-LSS-BCRPBEDPBRR-REQ-1615,DMOI-RF-LSS-BCRPBEDPBLK-BLOCK-1615,service_route_selected,query_term_return_owner,evidence_source_pointers_reviewed,0,false,false,false,false,false,false,false,false
DMOI-RF-LSS-BCRPBEDPBRL-RET-1616,DMOI-RF-LSS-BCRPBEDPBRR-REQ-1616,DMOI-RF-LSS-BCRPBEDPBLK-BLOCK-1616,service_route_selected,query_term_return_owner,source_text_prohibition_confirmed,0,false,false,false,false,false,false,false,false
DMOI-RF-LSS-BCRPBEDPBRL-RET-1617,DMOI-RF-LSS-BCRPBEDPBRR-REQ-1617,DMOI-RF-LSS-BCRPBEDPBLK-BLOCK-1617,service_route_selected,query_term_return_owner,allowed_true_precondition_update_bounded,0,false,false,false,false,false,false,false,false
DMOI-RF-LSS-BCRPBEDPBRL-RET-1618,DMOI-RF-LSS-BCRPBEDPBRR-REQ-1618,DMOI-RF-LSS-BCRPBEDPBLK-BLOCK-1618,service_route_selected,query_term_return_owner,authority_role_validated,0,false,false,false,false,false,false,false,false
DMOI-RF-LSS-BCRPBEDPBRL-RET-1619,DMOI-RF-LSS-BCRPBEDPBRR-REQ-1619,DMOI-RF-LSS-BCRPBEDPBLK-BLOCK-1619,service_route_selected,query_term_return_owner,downstream_query_gate_separate,0,false,false,false,false,false,false,false,false
DMOI-RF-LSS-BCRPBEDPBRL-RET-1620,DMOI-RF-LSS-BCRPBEDPBRR-REQ-1620,DMOI-RF-LSS-BCRPBEDPBLK-BLOCK-1620,service_route_selected,query_term_return_owner,downstream_surface_translation_gates_separate,0,false,false,false,false,false,false,false,false
DMOI-RF-LSS-BCRPBEDPBRL-RET-1621,DMOI-RF-LSS-BCRPBEDPBRR-REQ-1621,DMOI-RF-LSS-BCRPBEDPBLK-BLOCK-1621,service_route_selected,query_term_return_owner,decision_row_linkage_validated,0,false,false,false,false,false,false,false,false
DMOI-RF-LSS-BCRPBEDPBRL-RET-1622,DMOI-RF-LSS-BCRPBEDPBRR-REQ-1622,DMOI-RF-LSS-BCRPBEDPBLK-BLOCK-1622,service_route_selected,query_term_return_owner,all_decision_fields_filled,0,false,false,false,false,false,false,false,false
DMOI-RF-LSS-BCRPBEDPBRL-RET-1623,DMOI-RF-LSS-BCRPBEDPBRR-REQ-1623,DMOI-RF-LSS-BCRPBEDPBLK-BLOCK-1623,service_route_selected,query_term_return_owner,all_criteria_decisions_recorded,0,false,false,false,false,false,false,false,false
DMOI-RF-LSS-BCRPBEDPBRL-RET-1624,DMOI-RF-LSS-BCRPBEDPBRR-REQ-1624,DMOI-RF-LSS-BCRPBEDPBLK-BLOCK-1624,service_route_selected,query_term_return_owner,all_criteria_passed,0,false,false,false,false,false,false,false,false
DMOI-RF-LSS-BCRPBEDPBRL-RET-1625,DMOI-RF-LSS-BCRPBEDPBRR-REQ-1625,DMOI-RF-LSS-BCRPBEDPBLK-BLOCK-1625,service_route_selected,query_term_return_owner,no_criteria_failed,0,false,false,false,false,false,false,false,false
DMOI-RF-LSS-BCRPBEDPBRL-RET-1626,DMOI-RF-LSS-BCRPBEDPBRR-REQ-1626,DMOI-RF-LSS-BCRPBEDPBLK-BLOCK-1626,service_route_selected,query_term_return_owner,evidence_values_reviewed,0,false,false,false,false,false,false,false,false
DMOI-RF-LSS-BCRPBEDPBRL-RET-1627,DMOI-RF-LSS-BCRPBEDPBRR-REQ-1627,DMOI-RF-LSS-BCRPBEDPBLK-BLOCK-1627,service_route_selected,query_term_return_owner,evidence_source_pointers_reviewed,0,false,false,false,false,false,false,false,false
DMOI-RF-LSS-BCRPBEDPBRL-RET-1628,DMOI-RF-LSS-BCRPBEDPBRR-REQ-1628,DMOI-RF-LSS-BCRPBEDPBLK-BLOCK-1628,service_route_selected,query_term_return_owner,source_text_prohibition_confirmed,0,false,false,false,false,false,false,false,false
DMOI-RF-LSS-BCRPBEDPBRL-RET-1629,DMOI-RF-LSS-BCRPBEDPBRR-REQ-1629,DMOI-RF-LSS-BCRPBEDPBLK-BLOCK-1629,service_route_selected,query_term_return_owner,allowed_true_precondition_update_bounded,0,false,false,false,false,false,false,false,false
DMOI-RF-LSS-BCRPBEDPBRL-RET-1630,DMOI-RF-LSS-BCRPBEDPBRR-REQ-1630,DMOI-RF-LSS-BCRPBEDPBLK-BLOCK-1630,service_route_selected,query_term_return_owner,authority_role_validated,0,false,false,false,false,false,false,false,false
DMOI-RF-LSS-BCRPBEDPBRL-RET-1631,DMOI-RF-LSS-BCRPBEDPBRR-REQ-1631,DMOI-RF-LSS-BCRPBEDPBLK-BLOCK-1631,service_route_selected,query_term_return_owner,downstream_query_gate_separate,0,false,false,false,false,false,false,false,false
DMOI-RF-LSS-BCRPBEDPBRL-RET-1632,DMOI-RF-LSS-BCRPBEDPBRR-REQ-1632,DMOI-RF-LSS-BCRPBEDPBLK-BLOCK-1632,service_route_selected,query_term_return_owner,downstream_surface_translation_gates_separate,0,false,false,false,false,false,false,false,false
DMOI-RF-LSS-BCRPBEDPBRL-RET-1633,DMOI-RF-LSS-BCRPBEDPBRR-REQ-1633,DMOI-RF-LSS-BCRPBEDPBLK-BLOCK-1633,service_route_selected,query_term_return_owner,decision_row_linkage_validated,0,false,false,false,false,false,false,false,false
DMOI-RF-LSS-BCRPBEDPBRL-RET-1634,DMOI-RF-LSS-BCRPBEDPBRR-REQ-1634,DMOI-RF-LSS-BCRPBEDPBLK-BLOCK-1634,service_route_selected,query_term_return_owner,all_decision_fields_filled,0,false,false,false,false,false,false,false,false
DMOI-RF-LSS-BCRPBEDPBRL-RET-1635,DMOI-RF-LSS-BCRPBEDPBRR-REQ-1635,DMOI-RF-LSS-BCRPBEDPBLK-BLOCK-1635,service_route_selected,query_term_return_owner,all_criteria_decisions_recorded,0,false,false,false,false,false,false,false,false
DMOI-RF-LSS-BCRPBEDPBRL-RET-1636,DMOI-RF-LSS-BCRPBEDPBRR-REQ-1636,DMOI-RF-LSS-BCRPBEDPBLK-BLOCK-1636,service_route_selected,query_term_return_owner,all_criteria_passed,0,false,false,false,false,false,false,false,false
DMOI-RF-LSS-BCRPBEDPBRL-RET-1637,DMOI-RF-LSS-BCRPBEDPBRR-REQ-1637,DMOI-RF-LSS-BCRPBEDPBLK-BLOCK-1637,service_route_selected,query_term_return_owner,no_criteria_failed,0,false,false,false,false,false,false,false,false
DMOI-RF-LSS-BCRPBEDPBRL-RET-1638,DMOI-RF-LSS-BCRPBEDPBRR-REQ-1638,DMOI-RF-LSS-BCRPBEDPBLK-BLOCK-1638,service_route_selected,query_term_return_owner,evidence_values_reviewed,0,false,false,false,false,false,false,false,false
DMOI-RF-LSS-BCRPBEDPBRL-RET-1639,DMOI-RF-LSS-BCRPBEDPBRR-REQ-1639,DMOI-RF-LSS-BCRPBEDPBLK-BLOCK-1639,service_route_selected,query_term_return_owner,evidence_source_pointers_reviewed,0,false,false,false,false,false,false,false,false
DMOI-RF-LSS-BCRPBEDPBRL-RET-1640,DMOI-RF-LSS-BCRPBEDPBRR-REQ-1640,DMOI-RF-LSS-BCRPBEDPBLK-BLOCK-1640,service_route_selected,query_term_return_owner,source_text_prohibition_confirmed,0,false,false,false,false,false,false,false,false
DMOI-RF-LSS-BCRPBEDPBRL-RET-1641,DMOI-RF-LSS-BCRPBEDPBRR-REQ-1641,DMOI-RF-LSS-BCRPBEDPBLK-BLOCK-1641,service_route_selected,query_term_return_owner,allowed_true_precondition_update_bounded,0,false,false,false,false,false,false,false,false
DMOI-RF-LSS-BCRPBEDPBRL-RET-1642,DMOI-RF-LSS-BCRPBEDPBRR-REQ-1642,DMOI-RF-LSS-BCRPBEDPBLK-BLOCK-1642,service_route_selected,query_term_return_owner,authority_role_validated,0,false,false,false,false,false,false,false,false
DMOI-RF-LSS-BCRPBEDPBRL-RET-1643,DMOI-RF-LSS-BCRPBEDPBRR-REQ-1643,DMOI-RF-LSS-BCRPBEDPBLK-BLOCK-1643,service_route_selected,query_term_return_owner,downstream_query_gate_separate,0,false,false,false,false,false,false,false,false
DMOI-RF-LSS-BCRPBEDPBRL-RET-1644,DMOI-RF-LSS-BCRPBEDPBRR-REQ-1644,DMOI-RF-LSS-BCRPBEDPBLK-BLOCK-1644,service_route_selected,query_term_return_owner,downstream_surface_translation_gates_separate,0,false,false,false,false,false,false,false,false
DMOI-RF-LSS-BCRPBEDPBRL-RET-1645,DMOI-RF-LSS-BCRPBEDPBRR-REQ-1645,DMOI-RF-LSS-BCRPBEDPBLK-BLOCK-1645,service_route_selected,query_term_return_owner,decision_row_linkage_validated,0,false,false,false,false,false,false,false,false
DMOI-RF-LSS-BCRPBEDPBRL-RET-1646,DMOI-RF-LSS-BCRPBEDPBRR-REQ-1646,DMOI-RF-LSS-BCRPBEDPBLK-BLOCK-1646,service_route_selected,query_term_return_owner,all_decision_fields_filled,0,false,false,false,false,false,false,false,false
DMOI-RF-LSS-BCRPBEDPBRL-RET-1647,DMOI-RF-LSS-BCRPBEDPBRR-REQ-1647,DMOI-RF-LSS-BCRPBEDPBLK-BLOCK-1647,service_route_selected,query_term_return_owner,all_criteria_decisions_recorded,0,false,false,false,false,false,false,false,false
DMOI-RF-LSS-BCRPBEDPBRL-RET-1648,DMOI-RF-LSS-BCRPBEDPBRR-REQ-1648,DMOI-RF-LSS-BCRPBEDPBLK-BLOCK-1648,service_route_selected,query_term_return_owner,all_criteria_passed,0,false,false,false,false,false,false,false,false
DMOI-RF-LSS-BCRPBEDPBRL-RET-1649,DMOI-RF-LSS-BCRPBEDPBRR-REQ-1649,DMOI-RF-LSS-BCRPBEDPBLK-BLOCK-1649,service_route_selected,query_term_return_owner,no_criteria_failed,0,false,false,false,false,false,false,false,false
DMOI-RF-LSS-BCRPBEDPBRL-RET-1650,DMOI-RF-LSS-BCRPBEDPBRR-REQ-1650,DMOI-RF-LSS-BCRPBEDPBLK-BLOCK-1650,service_route_selected,query_term_return_owner,evidence_values_reviewed,0,false,false,false,false,false,false,false,false
DMOI-RF-LSS-BCRPBEDPBRL-RET-1651,DMOI-RF-LSS-BCRPBEDPBRR-REQ-1651,DMOI-RF-LSS-BCRPBEDPBLK-BLOCK-1651,service_route_selected,query_term_return_owner,evidence_source_pointers_reviewed,0,false,false,false,false,false,false,false,false
DMOI-RF-LSS-BCRPBEDPBRL-RET-1652,DMOI-RF-LSS-BCRPBEDPBRR-REQ-1652,DMOI-RF-LSS-BCRPBEDPBLK-BLOCK-1652,service_route_selected,query_term_return_owner,source_text_prohibition_confirmed,0,false,false,false,false,false,false,false,false
DMOI-RF-LSS-BCRPBEDPBRL-RET-1653,DMOI-RF-LSS-BCRPBEDPBRR-REQ-1653,DMOI-RF-LSS-BCRPBEDPBLK-BLOCK-1653,service_route_selected,query_term_return_owner,allowed_true_precondition_update_bounded,0,false,false,false,false,false,false,false,false
DMOI-RF-LSS-BCRPBEDPBRL-RET-1654,DMOI-RF-LSS-BCRPBEDPBRR-REQ-1654,DMOI-RF-LSS-BCRPBEDPBLK-BLOCK-1654,service_route_selected,query_term_return_owner,authority_role_validated,0,false,false,false,false,false,false,false,false
DMOI-RF-LSS-BCRPBEDPBRL-RET-1655,DMOI-RF-LSS-BCRPBEDPBRR-REQ-1655,DMOI-RF-LSS-BCRPBEDPBLK-BLOCK-1655,service_route_selected,query_term_return_owner,downstream_query_gate_separate,0,false,false,false,false,false,false,false,false
DMOI-RF-LSS-BCRPBEDPBRL-RET-1656,DMOI-RF-LSS-BCRPBEDPBRR-REQ-1656,DMOI-RF-LSS-BCRPBEDPBLK-BLOCK-1656,service_route_selected,query_term_return_owner,downstream_surface_translation_gates_separate,0,false,false,false,false,false,false,false,false
DMOI-RF-LSS-BCRPBEDPBRL-RET-1657,DMOI-RF-LSS-BCRPBEDPBRR-REQ-1657,DMOI-RF-LSS-BCRPBEDPBLK-BLOCK-1657,service_route_selected,query_term_return_owner,decision_row_linkage_validated,0,false,false,false,false,false,false,false,false
DMOI-RF-LSS-BCRPBEDPBRL-RET-1658,DMOI-RF-LSS-BCRPBEDPBRR-REQ-1658,DMOI-RF-LSS-BCRPBEDPBLK-BLOCK-1658,service_route_selected,query_term_return_owner,all_decision_fields_filled,0,false,false,false,false,false,false,false,false
DMOI-RF-LSS-BCRPBEDPBRL-RET-1659,DMOI-RF-LSS-BCRPBEDPBRR-REQ-1659,DMOI-RF-LSS-BCRPBEDPBLK-BLOCK-1659,service_route_selected,query_term_return_owner,all_criteria_decisions_recorded,0,false,false,false,false,false,false,false,false
DMOI-RF-LSS-BCRPBEDPBRL-RET-1660,DMOI-RF-LSS-BCRPBEDPBRR-REQ-1660,DMOI-RF-LSS-BCRPBEDPBLK-BLOCK-1660,service_route_selected,query_term_return_owner,all_criteria_passed,0,false,false,false,false,false,false,false,false
DMOI-RF-LSS-BCRPBEDPBRL-RET-1661,DMOI-RF-LSS-BCRPBEDPBRR-REQ-1661,DMOI-RF-LSS-BCRPBEDPBLK-BLOCK-1661,service_route_selected,query_term_return_owner,no_criteria_failed,0,false,false,false,false,false,false,false,false
DMOI-RF-LSS-BCRPBEDPBRL-RET-1662,DMOI-RF-LSS-BCRPBEDPBRR-REQ-1662,DMOI-RF-LSS-BCRPBEDPBLK-BLOCK-1662,service_route_selected,query_term_return_owner,evidence_values_reviewed,0,false,false,false,false,false,false,false,false
DMOI-RF-LSS-BCRPBEDPBRL-RET-1663,DMOI-RF-LSS-BCRPBEDPBRR-REQ-1663,DMOI-RF-LSS-BCRPBEDPBLK-BLOCK-1663,service_route_selected,query_term_return_owner,evidence_source_pointers_reviewed,0,false,false,false,false,false,false,false,false
DMOI-RF-LSS-BCRPBEDPBRL-RET-1664,DMOI-RF-LSS-BCRPBEDPBRR-REQ-1664,DMOI-RF-LSS-BCRPBEDPBLK-BLOCK-1664,service_route_selected,query_term_return_owner,source_text_prohibition_confirmed,0,false,false,false,false,false,false,false,false
DMOI-RF-LSS-BCRPBEDPBRL-RET-1665,DMOI-RF-LSS-BCRPBEDPBRR-REQ-1665,DMOI-RF-LSS-BCRPBEDPBLK-BLOCK-1665,service_route_selected,query_term_return_owner,allowed_true_precondition_update_bounded,0,false,false,false,false,false,false,false,false
DMOI-RF-LSS-BCRPBEDPBRL-RET-1666,DMOI-RF-LSS-BCRPBEDPBRR-REQ-1666,DMOI-RF-LSS-BCRPBEDPBLK-BLOCK-1666,service_route_selected,query_term_return_owner,authority_role_validated,0,false,false,false,false,false,false,false,false
DMOI-RF-LSS-BCRPBEDPBRL-RET-1667,DMOI-RF-LSS-BCRPBEDPBRR-REQ-1667,DMOI-RF-LSS-BCRPBEDPBLK-BLOCK-1667,service_route_selected,query_term_return_owner,downstream_query_gate_separate,0,false,false,false,false,false,false,false,false
DMOI-RF-LSS-BCRPBEDPBRL-RET-1668,DMOI-RF-LSS-BCRPBEDPBRR-REQ-1668,DMOI-RF-LSS-BCRPBEDPBLK-BLOCK-1668,service_route_selected,query_term_return_owner,downstream_surface_translation_gates_separate,0,false,false,false,false,false,false,false,false
DMOI-RF-LSS-BCRPBEDPBRL-RET-1669,DMOI-RF-LSS-BCRPBEDPBRR-REQ-1669,DMOI-RF-LSS-BCRPBEDPBLK-BLOCK-1669,service_route_selected,query_term_return_owner,decision_row_linkage_validated,0,false,false,false,false,false,false,false,false
DMOI-RF-LSS-BCRPBEDPBRL-RET-1670,DMOI-RF-LSS-BCRPBEDPBRR-REQ-1670,DMOI-RF-LSS-BCRPBEDPBLK-BLOCK-1670,service_route_selected,query_term_return_owner,all_decision_fields_filled,0,false,false,false,false,false,false,false,false
DMOI-RF-LSS-BCRPBEDPBRL-RET-1671,DMOI-RF-LSS-BCRPBEDPBRR-REQ-1671,DMOI-RF-LSS-BCRPBEDPBLK-BLOCK-1671,service_route_selected,query_term_return_owner,all_criteria_decisions_recorded,0,false,false,false,false,false,false,false,false
DMOI-RF-LSS-BCRPBEDPBRL-RET-1672,DMOI-RF-LSS-BCRPBEDPBRR-REQ-1672,DMOI-RF-LSS-BCRPBEDPBLK-BLOCK-1672,service_route_selected,query_term_return_owner,all_criteria_passed,0,false,false,false,false,false,false,false,false
DMOI-RF-LSS-BCRPBEDPBRL-RET-1673,DMOI-RF-LSS-BCRPBEDPBRR-REQ-1673,DMOI-RF-LSS-BCRPBEDPBLK-BLOCK-1673,service_route_selected,query_term_return_owner,no_criteria_failed,0,false,false,false,false,false,false,false,false
DMOI-RF-LSS-BCRPBEDPBRL-RET-1674,DMOI-RF-LSS-BCRPBEDPBRR-REQ-1674,DMOI-RF-LSS-BCRPBEDPBLK-BLOCK-1674,service_route_selected,query_term_return_owner,evidence_values_reviewed,0,false,false,false,false,false,false,false,false
DMOI-RF-LSS-BCRPBEDPBRL-RET-1675,DMOI-RF-LSS-BCRPBEDPBRR-REQ-1675,DMOI-RF-LSS-BCRPBEDPBLK-BLOCK-1675,service_route_selected,query_term_return_owner,evidence_source_pointers_reviewed,0,false,false,false,false,false,false,false,false
DMOI-RF-LSS-BCRPBEDPBRL-RET-1676,DMOI-RF-LSS-BCRPBEDPBRR-REQ-1676,DMOI-RF-LSS-BCRPBEDPBLK-BLOCK-1676,service_route_selected,query_term_return_owner,source_text_prohibition_confirmed,0,false,false,false,false,false,false,false,false
DMOI-RF-LSS-BCRPBEDPBRL-RET-1677,DMOI-RF-LSS-BCRPBEDPBRR-REQ-1677,DMOI-RF-LSS-BCRPBEDPBLK-BLOCK-1677,service_route_selected,query_term_return_owner,allowed_true_precondition_update_bounded,0,false,false,false,false,false,false,false,false
DMOI-RF-LSS-BCRPBEDPBRL-RET-1678,DMOI-RF-LSS-BCRPBEDPBRR-REQ-1678,DMOI-RF-LSS-BCRPBEDPBLK-BLOCK-1678,service_route_selected,query_term_return_owner,authority_role_validated,0,false,false,false,false,false,false,false,false
DMOI-RF-LSS-BCRPBEDPBRL-RET-1679,DMOI-RF-LSS-BCRPBEDPBRR-REQ-1679,DMOI-RF-LSS-BCRPBEDPBLK-BLOCK-1679,service_route_selected,query_term_return_owner,downstream_query_gate_separate,0,false,false,false,false,false,false,false,false
DMOI-RF-LSS-BCRPBEDPBRL-RET-1680,DMOI-RF-LSS-BCRPBEDPBRR-REQ-1680,DMOI-RF-LSS-BCRPBEDPBLK-BLOCK-1680,service_route_selected,query_term_return_owner,downstream_surface_translation_gates_separate,0,false,false,false,false,false,false,false,false
DMOI-RF-LSS-BCRPBEDPBRL-RET-1681,DMOI-RF-LSS-BCRPBEDPBRR-REQ-1681,DMOI-RF-LSS-BCRPBEDPBLK-BLOCK-1681,service_route_selected,query_term_return_owner,decision_row_linkage_validated,0,false,false,false,false,false,false,false,false
DMOI-RF-LSS-BCRPBEDPBRL-RET-1682,DMOI-RF-LSS-BCRPBEDPBRR-REQ-1682,DMOI-RF-LSS-BCRPBEDPBLK-BLOCK-1682,service_route_selected,query_term_return_owner,all_decision_fields_filled,0,false,false,false,false,false,false,false,false
DMOI-RF-LSS-BCRPBEDPBRL-RET-1683,DMOI-RF-LSS-BCRPBEDPBRR-REQ-1683,DMOI-RF-LSS-BCRPBEDPBLK-BLOCK-1683,service_route_selected,query_term_return_owner,all_criteria_decisions_recorded,0,false,false,false,false,false,false,false,false
DMOI-RF-LSS-BCRPBEDPBRL-RET-1684,DMOI-RF-LSS-BCRPBEDPBRR-REQ-1684,DMOI-RF-LSS-BCRPBEDPBLK-BLOCK-1684,service_route_selected,query_term_return_owner,all_criteria_passed,0,false,false,false,false,false,false,false,false
DMOI-RF-LSS-BCRPBEDPBRL-RET-1685,DMOI-RF-LSS-BCRPBEDPBRR-REQ-1685,DMOI-RF-LSS-BCRPBEDPBLK-BLOCK-1685,service_route_selected,query_term_return_owner,no_criteria_failed,0,false,false,false,false,false,false,false,false
DMOI-RF-LSS-BCRPBEDPBRL-RET-1686,DMOI-RF-LSS-BCRPBEDPBRR-REQ-1686,DMOI-RF-LSS-BCRPBEDPBLK-BLOCK-1686,service_route_selected,query_term_return_owner,evidence_values_reviewed,0,false,false,false,false,false,false,false,false
DMOI-RF-LSS-BCRPBEDPBRL-RET-1687,DMOI-RF-LSS-BCRPBEDPBRR-REQ-1687,DMOI-RF-LSS-BCRPBEDPBLK-BLOCK-1687,service_route_selected,query_term_return_owner,evidence_source_pointers_reviewed,0,false,false,false,false,false,false,false,false
DMOI-RF-LSS-BCRPBEDPBRL-RET-1688,DMOI-RF-LSS-BCRPBEDPBRR-REQ-1688,DMOI-RF-LSS-BCRPBEDPBLK-BLOCK-1688,service_route_selected,query_term_return_owner,source_text_prohibition_confirmed,0,false,false,false,false,false,false,false,false
DMOI-RF-LSS-BCRPBEDPBRL-RET-1689,DMOI-RF-LSS-BCRPBEDPBRR-REQ-1689,DMOI-RF-LSS-BCRPBEDPBLK-BLOCK-1689,service_route_selected,query_term_return_owner,allowed_true_precondition_update_bounded,0,false,false,false,false,false,false,false,false
DMOI-RF-LSS-BCRPBEDPBRL-RET-1690,DMOI-RF-LSS-BCRPBEDPBRR-REQ-1690,DMOI-RF-LSS-BCRPBEDPBLK-BLOCK-1690,service_route_selected,query_term_return_owner,authority_role_validated,0,false,false,false,false,false,false,false,false
DMOI-RF-LSS-BCRPBEDPBRL-RET-1691,DMOI-RF-LSS-BCRPBEDPBRR-REQ-1691,DMOI-RF-LSS-BCRPBEDPBLK-BLOCK-1691,service_route_selected,query_term_return_owner,downstream_query_gate_separate,0,false,false,false,false,false,false,false,false
DMOI-RF-LSS-BCRPBEDPBRL-RET-1692,DMOI-RF-LSS-BCRPBEDPBRR-REQ-1692,DMOI-RF-LSS-BCRPBEDPBLK-BLOCK-1692,service_route_selected,query_term_return_owner,downstream_surface_translation_gates_separate,0,false,false,false,false,false,false,false,false
DMOI-RF-LSS-BCRPBEDPBRL-RET-1693,DMOI-RF-LSS-BCRPBEDPBRR-REQ-1693,DMOI-RF-LSS-BCRPBEDPBLK-BLOCK-1693,service_route_selected,query_term_return_owner,decision_row_linkage_validated,0,false,false,false,false,false,false,false,false
DMOI-RF-LSS-BCRPBEDPBRL-RET-1694,DMOI-RF-LSS-BCRPBEDPBRR-REQ-1694,DMOI-RF-LSS-BCRPBEDPBLK-BLOCK-1694,service_route_selected,query_term_return_owner,all_decision_fields_filled,0,false,false,false,false,false,false,false,false
DMOI-RF-LSS-BCRPBEDPBRL-RET-1695,DMOI-RF-LSS-BCRPBEDPBRR-REQ-1695,DMOI-RF-LSS-BCRPBEDPBLK-BLOCK-1695,service_route_selected,query_term_return_owner,all_criteria_decisions_recorded,0,false,false,false,false,false,false,false,false
DMOI-RF-LSS-BCRPBEDPBRL-RET-1696,DMOI-RF-LSS-BCRPBEDPBRR-REQ-1696,DMOI-RF-LSS-BCRPBEDPBLK-BLOCK-1696,service_route_selected,query_term_return_owner,all_criteria_passed,0,false,false,false,false,false,false,false,false
DMOI-RF-LSS-BCRPBEDPBRL-RET-1697,DMOI-RF-LSS-BCRPBEDPBRR-REQ-1697,DMOI-RF-LSS-BCRPBEDPBLK-BLOCK-1697,service_route_selected,query_term_return_owner,no_criteria_failed,0,false,false,false,false,false,false,false,false
DMOI-RF-LSS-BCRPBEDPBRL-RET-1698,DMOI-RF-LSS-BCRPBEDPBRR-REQ-1698,DMOI-RF-LSS-BCRPBEDPBLK-BLOCK-1698,service_route_selected,query_term_return_owner,evidence_values_reviewed,0,false,false,false,false,false,false,false,false
DMOI-RF-LSS-BCRPBEDPBRL-RET-1699,DMOI-RF-LSS-BCRPBEDPBRR-REQ-1699,DMOI-RF-LSS-BCRPBEDPBLK-BLOCK-1699,service_route_selected,query_term_return_owner,evidence_source_pointers_reviewed,0,false,false,false,false,false,false,false,false
DMOI-RF-LSS-BCRPBEDPBRL-RET-1700,DMOI-RF-LSS-BCRPBEDPBRR-REQ-1700,DMOI-RF-LSS-BCRPBEDPBLK-BLOCK-1700,service_route_selected,query_term_return_owner,source_text_prohibition_confirmed,0,false,false,false,false,false,false,false,false
DMOI-RF-LSS-BCRPBEDPBRL-RET-1701,DMOI-RF-LSS-BCRPBEDPBRR-REQ-1701,DMOI-RF-LSS-BCRPBEDPBLK-BLOCK-1701,service_route_selected,query_term_return_owner,allowed_true_precondition_update_bounded,0,false,false,false,false,false,false,false,false
DMOI-RF-LSS-BCRPBEDPBRL-RET-1702,DMOI-RF-LSS-BCRPBEDPBRR-REQ-1702,DMOI-RF-LSS-BCRPBEDPBLK-BLOCK-1702,service_route_selected,query_term_return_owner,authority_role_validated,0,false,false,false,false,false,false,false,false
DMOI-RF-LSS-BCRPBEDPBRL-RET-1703,DMOI-RF-LSS-BCRPBEDPBRR-REQ-1703,DMOI-RF-LSS-BCRPBEDPBLK-BLOCK-1703,service_route_selected,query_term_return_owner,downstream_query_gate_separate,0,false,false,false,false,false,false,false,false
DMOI-RF-LSS-BCRPBEDPBRL-RET-1704,DMOI-RF-LSS-BCRPBEDPBRR-REQ-1704,DMOI-RF-LSS-BCRPBEDPBLK-BLOCK-1704,service_route_selected,query_term_return_owner,downstream_surface_translation_gates_separate,0,false,false,false,false,false,false,false,false
DMOI-RF-LSS-BCRPBEDPBRL-RET-1705,DMOI-RF-LSS-BCRPBEDPBRR-REQ-1705,DMOI-RF-LSS-BCRPBEDPBLK-BLOCK-1705,service_route_selected,query_term_return_owner,decision_row_linkage_validated,0,false,false,false,false,false,false,false,false
DMOI-RF-LSS-BCRPBEDPBRL-RET-1706,DMOI-RF-LSS-BCRPBEDPBRR-REQ-1706,DMOI-RF-LSS-BCRPBEDPBLK-BLOCK-1706,service_route_selected,query_term_return_owner,all_decision_fields_filled,0,false,false,false,false,false,false,false,false
DMOI-RF-LSS-BCRPBEDPBRL-RET-1707,DMOI-RF-LSS-BCRPBEDPBRR-REQ-1707,DMOI-RF-LSS-BCRPBEDPBLK-BLOCK-1707,service_route_selected,query_term_return_owner,all_criteria_decisions_recorded,0,false,false,false,false,false,false,false,false
DMOI-RF-LSS-BCRPBEDPBRL-RET-1708,DMOI-RF-LSS-BCRPBEDPBRR-REQ-1708,DMOI-RF-LSS-BCRPBEDPBLK-BLOCK-1708,service_route_selected,query_term_return_owner,all_criteria_passed,0,false,false,false,false,false,false,false,false
DMOI-RF-LSS-BCRPBEDPBRL-RET-1709,DMOI-RF-LSS-BCRPBEDPBRR-REQ-1709,DMOI-RF-LSS-BCRPBEDPBLK-BLOCK-1709,service_route_selected,query_term_return_owner,no_criteria_failed,0,false,false,false,false,false,false,false,false
DMOI-RF-LSS-BCRPBEDPBRL-RET-1710,DMOI-RF-LSS-BCRPBEDPBRR-REQ-1710,DMOI-RF-LSS-BCRPBEDPBLK-BLOCK-1710,service_route_selected,query_term_return_owner,evidence_values_reviewed,0,false,false,false,false,false,false,false,false
DMOI-RF-LSS-BCRPBEDPBRL-RET-1711,DMOI-RF-LSS-BCRPBEDPBRR-REQ-1711,DMOI-RF-LSS-BCRPBEDPBLK-BLOCK-1711,service_route_selected,query_term_return_owner,evidence_source_pointers_reviewed,0,false,false,false,false,false,false,false,false
DMOI-RF-LSS-BCRPBEDPBRL-RET-1712,DMOI-RF-LSS-BCRPBEDPBRR-REQ-1712,DMOI-RF-LSS-BCRPBEDPBLK-BLOCK-1712,service_route_selected,query_term_return_owner,source_text_prohibition_confirmed,0,false,false,false,false,false,false,false,false
DMOI-RF-LSS-BCRPBEDPBRL-RET-1713,DMOI-RF-LSS-BCRPBEDPBRR-REQ-1713,DMOI-RF-LSS-BCRPBEDPBLK-BLOCK-1713,service_route_selected,query_term_return_owner,allowed_true_precondition_update_bounded,0,false,false,false,false,false,false,false,false
DMOI-RF-LSS-BCRPBEDPBRL-RET-1714,DMOI-RF-LSS-BCRPBEDPBRR-REQ-1714,DMOI-RF-LSS-BCRPBEDPBLK-BLOCK-1714,service_route_selected,query_term_return_owner,authority_role_validated,0,false,false,false,false,false,false,false,false
DMOI-RF-LSS-BCRPBEDPBRL-RET-1715,DMOI-RF-LSS-BCRPBEDPBRR-REQ-1715,DMOI-RF-LSS-BCRPBEDPBLK-BLOCK-1715,service_route_selected,query_term_return_owner,downstream_query_gate_separate,0,false,false,false,false,false,false,false,false
DMOI-RF-LSS-BCRPBEDPBRL-RET-1716,DMOI-RF-LSS-BCRPBEDPBRR-REQ-1716,DMOI-RF-LSS-BCRPBEDPBLK-BLOCK-1716,service_route_selected,query_term_return_owner,downstream_surface_translation_gates_separate,0,false,false,false,false,false,false,false,false
DMOI-RF-LSS-BCRPBEDPBRL-RET-1717,DMOI-RF-LSS-BCRPBEDPBRR-REQ-1717,DMOI-RF-LSS-BCRPBEDPBLK-BLOCK-1717,service_route_selected,query_term_return_owner,decision_row_linkage_validated,0,false,false,false,false,false,false,false,false
DMOI-RF-LSS-BCRPBEDPBRL-RET-1718,DMOI-RF-LSS-BCRPBEDPBRR-REQ-1718,DMOI-RF-LSS-BCRPBEDPBLK-BLOCK-1718,service_route_selected,query_term_return_owner,all_decision_fields_filled,0,false,false,false,false,false,false,false,false
DMOI-RF-LSS-BCRPBEDPBRL-RET-1719,DMOI-RF-LSS-BCRPBEDPBRR-REQ-1719,DMOI-RF-LSS-BCRPBEDPBLK-BLOCK-1719,service_route_selected,query_term_return_owner,all_criteria_decisions_recorded,0,false,false,false,false,false,false,false,false
DMOI-RF-LSS-BCRPBEDPBRL-RET-1720,DMOI-RF-LSS-BCRPBEDPBRR-REQ-1720,DMOI-RF-LSS-BCRPBEDPBLK-BLOCK-1720,service_route_selected,query_term_return_owner,all_criteria_passed,0,false,false,false,false,false,false,false,false
DMOI-RF-LSS-BCRPBEDPBRL-RET-1721,DMOI-RF-LSS-BCRPBEDPBRR-REQ-1721,DMOI-RF-LSS-BCRPBEDPBLK-BLOCK-1721,service_route_selected,query_term_return_owner,no_criteria_failed,0,false,false,false,false,false,false,false,false
DMOI-RF-LSS-BCRPBEDPBRL-RET-1722,DMOI-RF-LSS-BCRPBEDPBRR-REQ-1722,DMOI-RF-LSS-BCRPBEDPBLK-BLOCK-1722,service_route_selected,query_term_return_owner,evidence_values_reviewed,0,false,false,false,false,false,false,false,false
DMOI-RF-LSS-BCRPBEDPBRL-RET-1723,DMOI-RF-LSS-BCRPBEDPBRR-REQ-1723,DMOI-RF-LSS-BCRPBEDPBLK-BLOCK-1723,service_route_selected,query_term_return_owner,evidence_source_pointers_reviewed,0,false,false,false,false,false,false,false,false
DMOI-RF-LSS-BCRPBEDPBRL-RET-1724,DMOI-RF-LSS-BCRPBEDPBRR-REQ-1724,DMOI-RF-LSS-BCRPBEDPBLK-BLOCK-1724,service_route_selected,query_term_return_owner,source_text_prohibition_confirmed,0,false,false,false,false,false,false,false,false
DMOI-RF-LSS-BCRPBEDPBRL-RET-1725,DMOI-RF-LSS-BCRPBEDPBRR-REQ-1725,DMOI-RF-LSS-BCRPBEDPBLK-BLOCK-1725,service_route_selected,query_term_return_owner,allowed_true_precondition_update_bounded,0,false,false,false,false,false,false,false,false
DMOI-RF-LSS-BCRPBEDPBRL-RET-1726,DMOI-RF-LSS-BCRPBEDPBRR-REQ-1726,DMOI-RF-LSS-BCRPBEDPBLK-BLOCK-1726,service_route_selected,query_term_return_owner,authority_role_validated,0,false,false,false,false,false,false,false,false
DMOI-RF-LSS-BCRPBEDPBRL-RET-1727,DMOI-RF-LSS-BCRPBEDPBRR-REQ-1727,DMOI-RF-LSS-BCRPBEDPBLK-BLOCK-1727,service_route_selected,query_term_return_owner,downstream_query_gate_separate,0,false,false,false,false,false,false,false,false
DMOI-RF-LSS-BCRPBEDPBRL-RET-1728,DMOI-RF-LSS-BCRPBEDPBRR-REQ-1728,DMOI-RF-LSS-BCRPBEDPBLK-BLOCK-1728,service_route_selected,query_term_return_owner,downstream_surface_translation_gates_separate,0,false,false,false,false,false,false,false,false
