criteria_decision_row_id,parent_evidence_intake_row_id,parent_criterion_row_id,parent_precondition_blocker_return_row_id,parent_precondition_blocker_row_id,blocker_class,blocker_owner_class,precondition_name,criterion_type,decision_recorded,criterion_passed,criterion_failed,criterion_unfilled,precondition_blocker_resolution_allowed_after_decision,true_precondition_update_allowed_after_decision,query_execution_allowed_after_decision,surface_gate_opened,translation_gate_opened
DMOI-RF-LSS-BCRPBEDL-DEC-001,DMOI-RF-LSS-BCRPBEI-EVID-001,DMOI-RF-LSS-BCRPBER-CRIT-001,DMOI-RF-LSS-BCRPBRL-RET-001,DMOI-RF-LSS-BCRPBLK-BLOCK-001,approved_query_term_present,query_term_return_owner,decision_row_linkage_validated,dated_non_personal_return_identity,false,false,false,true,false,false,false,false,false
DMOI-RF-LSS-BCRPBEDL-DEC-002,DMOI-RF-LSS-BCRPBEI-EVID-002,DMOI-RF-LSS-BCRPBER-CRIT-002,DMOI-RF-LSS-BCRPBRL-RET-001,DMOI-RF-LSS-BCRPBLK-BLOCK-001,approved_query_term_present,query_term_return_owner,decision_row_linkage_validated,precondition_blocker_scope_match,false,false,false,true,false,false,false,false,false
DMOI-RF-LSS-BCRPBEDL-DEC-003,DMOI-RF-LSS-BCRPBEI-EVID-003,DMOI-RF-LSS-BCRPBER-CRIT-003,DMOI-RF-LSS-BCRPBRL-RET-001,DMOI-RF-LSS-BCRPBLK-BLOCK-001,approved_query_term_present,query_term_return_owner,decision_row_linkage_validated,true_precondition_update_scope_bounded,false,false,false,true,false,false,false,false,false
DMOI-RF-LSS-BCRPBEDL-DEC-004,DMOI-RF-LSS-BCRPBEI-EVID-004,DMOI-RF-LSS-BCRPBER-CRIT-004,DMOI-RF-LSS-BCRPBRL-RET-001,DMOI-RF-LSS-BCRPBLK-BLOCK-001,approved_query_term_present,query_term_return_owner,decision_row_linkage_validated,source_text_and_downstream_gate_limits_confirmed,false,false,false,true,false,false,false,false,false
DMOI-RF-LSS-BCRPBEDL-DEC-005,DMOI-RF-LSS-BCRPBEI-EVID-005,DMOI-RF-LSS-BCRPBER-CRIT-005,DMOI-RF-LSS-BCRPBRL-RET-002,DMOI-RF-LSS-BCRPBLK-BLOCK-002,approved_query_term_present,query_term_return_owner,all_decision_fields_filled,dated_non_personal_return_identity,false,false,false,true,false,false,false,false,false
DMOI-RF-LSS-BCRPBEDL-DEC-006,DMOI-RF-LSS-BCRPBEI-EVID-006,DMOI-RF-LSS-BCRPBER-CRIT-006,DMOI-RF-LSS-BCRPBRL-RET-002,DMOI-RF-LSS-BCRPBLK-BLOCK-002,approved_query_term_present,query_term_return_owner,all_decision_fields_filled,precondition_blocker_scope_match,false,false,false,true,false,false,false,false,false
DMOI-RF-LSS-BCRPBEDL-DEC-007,DMOI-RF-LSS-BCRPBEI-EVID-007,DMOI-RF-LSS-BCRPBER-CRIT-007,DMOI-RF-LSS-BCRPBRL-RET-002,DMOI-RF-LSS-BCRPBLK-BLOCK-002,approved_query_term_present,query_term_return_owner,all_decision_fields_filled,true_precondition_update_scope_bounded,false,false,false,true,false,false,false,false,false
DMOI-RF-LSS-BCRPBEDL-DEC-008,DMOI-RF-LSS-BCRPBEI-EVID-008,DMOI-RF-LSS-BCRPBER-CRIT-008,DMOI-RF-LSS-BCRPBRL-RET-002,DMOI-RF-LSS-BCRPBLK-BLOCK-002,approved_query_term_present,query_term_return_owner,all_decision_fields_filled,source_text_and_downstream_gate_limits_confirmed,false,false,false,true,false,false,false,false,false
DMOI-RF-LSS-BCRPBEDL-DEC-009,DMOI-RF-LSS-BCRPBEI-EVID-009,DMOI-RF-LSS-BCRPBER-CRIT-009,DMOI-RF-LSS-BCRPBRL-RET-003,DMOI-RF-LSS-BCRPBLK-BLOCK-003,approved_query_term_present,query_term_return_owner,all_criteria_decisions_recorded,dated_non_personal_return_identity,false,false,false,true,false,false,false,false,false
DMOI-RF-LSS-BCRPBEDL-DEC-010,DMOI-RF-LSS-BCRPBEI-EVID-010,DMOI-RF-LSS-BCRPBER-CRIT-010,DMOI-RF-LSS-BCRPBRL-RET-003,DMOI-RF-LSS-BCRPBLK-BLOCK-003,approved_query_term_present,query_term_return_owner,all_criteria_decisions_recorded,precondition_blocker_scope_match,false,false,false,true,false,false,false,false,false
DMOI-RF-LSS-BCRPBEDL-DEC-011,DMOI-RF-LSS-BCRPBEI-EVID-011,DMOI-RF-LSS-BCRPBER-CRIT-011,DMOI-RF-LSS-BCRPBRL-RET-003,DMOI-RF-LSS-BCRPBLK-BLOCK-003,approved_query_term_present,query_term_return_owner,all_criteria_decisions_recorded,true_precondition_update_scope_bounded,false,false,false,true,false,false,false,false,false
DMOI-RF-LSS-BCRPBEDL-DEC-012,DMOI-RF-LSS-BCRPBEI-EVID-012,DMOI-RF-LSS-BCRPBER-CRIT-012,DMOI-RF-LSS-BCRPBRL-RET-003,DMOI-RF-LSS-BCRPBLK-BLOCK-003,approved_query_term_present,query_term_return_owner,all_criteria_decisions_recorded,source_text_and_downstream_gate_limits_confirmed,false,false,false,true,false,false,false,false,false
DMOI-RF-LSS-BCRPBEDL-DEC-013,DMOI-RF-LSS-BCRPBEI-EVID-013,DMOI-RF-LSS-BCRPBER-CRIT-013,DMOI-RF-LSS-BCRPBRL-RET-004,DMOI-RF-LSS-BCRPBLK-BLOCK-004,approved_query_term_present,query_term_return_owner,all_criteria_passed,dated_non_personal_return_identity,false,false,false,true,false,false,false,false,false
DMOI-RF-LSS-BCRPBEDL-DEC-014,DMOI-RF-LSS-BCRPBEI-EVID-014,DMOI-RF-LSS-BCRPBER-CRIT-014,DMOI-RF-LSS-BCRPBRL-RET-004,DMOI-RF-LSS-BCRPBLK-BLOCK-004,approved_query_term_present,query_term_return_owner,all_criteria_passed,precondition_blocker_scope_match,false,false,false,true,false,false,false,false,false
DMOI-RF-LSS-BCRPBEDL-DEC-015,DMOI-RF-LSS-BCRPBEI-EVID-015,DMOI-RF-LSS-BCRPBER-CRIT-015,DMOI-RF-LSS-BCRPBRL-RET-004,DMOI-RF-LSS-BCRPBLK-BLOCK-004,approved_query_term_present,query_term_return_owner,all_criteria_passed,true_precondition_update_scope_bounded,false,false,false,true,false,false,false,false,false
DMOI-RF-LSS-BCRPBEDL-DEC-016,DMOI-RF-LSS-BCRPBEI-EVID-016,DMOI-RF-LSS-BCRPBER-CRIT-016,DMOI-RF-LSS-BCRPBRL-RET-004,DMOI-RF-LSS-BCRPBLK-BLOCK-004,approved_query_term_present,query_term_return_owner,all_criteria_passed,source_text_and_downstream_gate_limits_confirmed,false,false,false,true,false,false,false,false,false
DMOI-RF-LSS-BCRPBEDL-DEC-017,DMOI-RF-LSS-BCRPBEI-EVID-017,DMOI-RF-LSS-BCRPBER-CRIT-017,DMOI-RF-LSS-BCRPBRL-RET-005,DMOI-RF-LSS-BCRPBLK-BLOCK-005,approved_query_term_present,query_term_return_owner,no_criteria_failed,dated_non_personal_return_identity,false,false,false,true,false,false,false,false,false
DMOI-RF-LSS-BCRPBEDL-DEC-018,DMOI-RF-LSS-BCRPBEI-EVID-018,DMOI-RF-LSS-BCRPBER-CRIT-018,DMOI-RF-LSS-BCRPBRL-RET-005,DMOI-RF-LSS-BCRPBLK-BLOCK-005,approved_query_term_present,query_term_return_owner,no_criteria_failed,precondition_blocker_scope_match,false,false,false,true,false,false,false,false,false
DMOI-RF-LSS-BCRPBEDL-DEC-019,DMOI-RF-LSS-BCRPBEI-EVID-019,DMOI-RF-LSS-BCRPBER-CRIT-019,DMOI-RF-LSS-BCRPBRL-RET-005,DMOI-RF-LSS-BCRPBLK-BLOCK-005,approved_query_term_present,query_term_return_owner,no_criteria_failed,true_precondition_update_scope_bounded,false,false,false,true,false,false,false,false,false
DMOI-RF-LSS-BCRPBEDL-DEC-020,DMOI-RF-LSS-BCRPBEI-EVID-020,DMOI-RF-LSS-BCRPBER-CRIT-020,DMOI-RF-LSS-BCRPBRL-RET-005,DMOI-RF-LSS-BCRPBLK-BLOCK-005,approved_query_term_present,query_term_return_owner,no_criteria_failed,source_text_and_downstream_gate_limits_confirmed,false,false,false,true,false,false,false,false,false
DMOI-RF-LSS-BCRPBEDL-DEC-021,DMOI-RF-LSS-BCRPBEI-EVID-021,DMOI-RF-LSS-BCRPBER-CRIT-021,DMOI-RF-LSS-BCRPBRL-RET-006,DMOI-RF-LSS-BCRPBLK-BLOCK-006,approved_query_term_present,query_term_return_owner,evidence_values_reviewed,dated_non_personal_return_identity,false,false,false,true,false,false,false,false,false
DMOI-RF-LSS-BCRPBEDL-DEC-022,DMOI-RF-LSS-BCRPBEI-EVID-022,DMOI-RF-LSS-BCRPBER-CRIT-022,DMOI-RF-LSS-BCRPBRL-RET-006,DMOI-RF-LSS-BCRPBLK-BLOCK-006,approved_query_term_present,query_term_return_owner,evidence_values_reviewed,precondition_blocker_scope_match,false,false,false,true,false,false,false,false,false
DMOI-RF-LSS-BCRPBEDL-DEC-023,DMOI-RF-LSS-BCRPBEI-EVID-023,DMOI-RF-LSS-BCRPBER-CRIT-023,DMOI-RF-LSS-BCRPBRL-RET-006,DMOI-RF-LSS-BCRPBLK-BLOCK-006,approved_query_term_present,query_term_return_owner,evidence_values_reviewed,true_precondition_update_scope_bounded,false,false,false,true,false,false,false,false,false
DMOI-RF-LSS-BCRPBEDL-DEC-024,DMOI-RF-LSS-BCRPBEI-EVID-024,DMOI-RF-LSS-BCRPBER-CRIT-024,DMOI-RF-LSS-BCRPBRL-RET-006,DMOI-RF-LSS-BCRPBLK-BLOCK-006,approved_query_term_present,query_term_return_owner,evidence_values_reviewed,source_text_and_downstream_gate_limits_confirmed,false,false,false,true,false,false,false,false,false
DMOI-RF-LSS-BCRPBEDL-DEC-025,DMOI-RF-LSS-BCRPBEI-EVID-025,DMOI-RF-LSS-BCRPBER-CRIT-025,DMOI-RF-LSS-BCRPBRL-RET-007,DMOI-RF-LSS-BCRPBLK-BLOCK-007,approved_query_term_present,query_term_return_owner,evidence_source_pointers_reviewed,dated_non_personal_return_identity,false,false,false,true,false,false,false,false,false
DMOI-RF-LSS-BCRPBEDL-DEC-026,DMOI-RF-LSS-BCRPBEI-EVID-026,DMOI-RF-LSS-BCRPBER-CRIT-026,DMOI-RF-LSS-BCRPBRL-RET-007,DMOI-RF-LSS-BCRPBLK-BLOCK-007,approved_query_term_present,query_term_return_owner,evidence_source_pointers_reviewed,precondition_blocker_scope_match,false,false,false,true,false,false,false,false,false
DMOI-RF-LSS-BCRPBEDL-DEC-027,DMOI-RF-LSS-BCRPBEI-EVID-027,DMOI-RF-LSS-BCRPBER-CRIT-027,DMOI-RF-LSS-BCRPBRL-RET-007,DMOI-RF-LSS-BCRPBLK-BLOCK-007,approved_query_term_present,query_term_return_owner,evidence_source_pointers_reviewed,true_precondition_update_scope_bounded,false,false,false,true,false,false,false,false,false
DMOI-RF-LSS-BCRPBEDL-DEC-028,DMOI-RF-LSS-BCRPBEI-EVID-028,DMOI-RF-LSS-BCRPBER-CRIT-028,DMOI-RF-LSS-BCRPBRL-RET-007,DMOI-RF-LSS-BCRPBLK-BLOCK-007,approved_query_term_present,query_term_return_owner,evidence_source_pointers_reviewed,source_text_and_downstream_gate_limits_confirmed,false,false,false,true,false,false,false,false,false
DMOI-RF-LSS-BCRPBEDL-DEC-029,DMOI-RF-LSS-BCRPBEI-EVID-029,DMOI-RF-LSS-BCRPBER-CRIT-029,DMOI-RF-LSS-BCRPBRL-RET-008,DMOI-RF-LSS-BCRPBLK-BLOCK-008,approved_query_term_present,query_term_return_owner,source_text_prohibition_confirmed,dated_non_personal_return_identity,false,false,false,true,false,false,false,false,false
DMOI-RF-LSS-BCRPBEDL-DEC-030,DMOI-RF-LSS-BCRPBEI-EVID-030,DMOI-RF-LSS-BCRPBER-CRIT-030,DMOI-RF-LSS-BCRPBRL-RET-008,DMOI-RF-LSS-BCRPBLK-BLOCK-008,approved_query_term_present,query_term_return_owner,source_text_prohibition_confirmed,precondition_blocker_scope_match,false,false,false,true,false,false,false,false,false
DMOI-RF-LSS-BCRPBEDL-DEC-031,DMOI-RF-LSS-BCRPBEI-EVID-031,DMOI-RF-LSS-BCRPBER-CRIT-031,DMOI-RF-LSS-BCRPBRL-RET-008,DMOI-RF-LSS-BCRPBLK-BLOCK-008,approved_query_term_present,query_term_return_owner,source_text_prohibition_confirmed,true_precondition_update_scope_bounded,false,false,false,true,false,false,false,false,false
DMOI-RF-LSS-BCRPBEDL-DEC-032,DMOI-RF-LSS-BCRPBEI-EVID-032,DMOI-RF-LSS-BCRPBER-CRIT-032,DMOI-RF-LSS-BCRPBRL-RET-008,DMOI-RF-LSS-BCRPBLK-BLOCK-008,approved_query_term_present,query_term_return_owner,source_text_prohibition_confirmed,source_text_and_downstream_gate_limits_confirmed,false,false,false,true,false,false,false,false,false
DMOI-RF-LSS-BCRPBEDL-DEC-033,DMOI-RF-LSS-BCRPBEI-EVID-033,DMOI-RF-LSS-BCRPBER-CRIT-033,DMOI-RF-LSS-BCRPBRL-RET-009,DMOI-RF-LSS-BCRPBLK-BLOCK-009,approved_query_term_present,query_term_return_owner,allowed_update_scope_bounded,dated_non_personal_return_identity,false,false,false,true,false,false,false,false,false
DMOI-RF-LSS-BCRPBEDL-DEC-034,DMOI-RF-LSS-BCRPBEI-EVID-034,DMOI-RF-LSS-BCRPBER-CRIT-034,DMOI-RF-LSS-BCRPBRL-RET-009,DMOI-RF-LSS-BCRPBLK-BLOCK-009,approved_query_term_present,query_term_return_owner,allowed_update_scope_bounded,precondition_blocker_scope_match,false,false,false,true,false,false,false,false,false
DMOI-RF-LSS-BCRPBEDL-DEC-035,DMOI-RF-LSS-BCRPBEI-EVID-035,DMOI-RF-LSS-BCRPBER-CRIT-035,DMOI-RF-LSS-BCRPBRL-RET-009,DMOI-RF-LSS-BCRPBLK-BLOCK-009,approved_query_term_present,query_term_return_owner,allowed_update_scope_bounded,true_precondition_update_scope_bounded,false,false,false,true,false,false,false,false,false
DMOI-RF-LSS-BCRPBEDL-DEC-036,DMOI-RF-LSS-BCRPBEI-EVID-036,DMOI-RF-LSS-BCRPBER-CRIT-036,DMOI-RF-LSS-BCRPBRL-RET-009,DMOI-RF-LSS-BCRPBLK-BLOCK-009,approved_query_term_present,query_term_return_owner,allowed_update_scope_bounded,source_text_and_downstream_gate_limits_confirmed,false,false,false,true,false,false,false,false,false
DMOI-RF-LSS-BCRPBEDL-DEC-037,DMOI-RF-LSS-BCRPBEI-EVID-037,DMOI-RF-LSS-BCRPBER-CRIT-037,DMOI-RF-LSS-BCRPBRL-RET-010,DMOI-RF-LSS-BCRPBLK-BLOCK-010,approved_query_term_present,query_term_return_owner,authority_role_validated,dated_non_personal_return_identity,false,false,false,true,false,false,false,false,false
DMOI-RF-LSS-BCRPBEDL-DEC-038,DMOI-RF-LSS-BCRPBEI-EVID-038,DMOI-RF-LSS-BCRPBER-CRIT-038,DMOI-RF-LSS-BCRPBRL-RET-010,DMOI-RF-LSS-BCRPBLK-BLOCK-010,approved_query_term_present,query_term_return_owner,authority_role_validated,precondition_blocker_scope_match,false,false,false,true,false,false,false,false,false
DMOI-RF-LSS-BCRPBEDL-DEC-039,DMOI-RF-LSS-BCRPBEI-EVID-039,DMOI-RF-LSS-BCRPBER-CRIT-039,DMOI-RF-LSS-BCRPBRL-RET-010,DMOI-RF-LSS-BCRPBLK-BLOCK-010,approved_query_term_present,query_term_return_owner,authority_role_validated,true_precondition_update_scope_bounded,false,false,false,true,false,false,false,false,false
DMOI-RF-LSS-BCRPBEDL-DEC-040,DMOI-RF-LSS-BCRPBEI-EVID-040,DMOI-RF-LSS-BCRPBER-CRIT-040,DMOI-RF-LSS-BCRPBRL-RET-010,DMOI-RF-LSS-BCRPBLK-BLOCK-010,approved_query_term_present,query_term_return_owner,authority_role_validated,source_text_and_downstream_gate_limits_confirmed,false,false,false,true,false,false,false,false,false
DMOI-RF-LSS-BCRPBEDL-DEC-041,DMOI-RF-LSS-BCRPBEI-EVID-041,DMOI-RF-LSS-BCRPBER-CRIT-041,DMOI-RF-LSS-BCRPBRL-RET-011,DMOI-RF-LSS-BCRPBLK-BLOCK-011,approved_query_term_present,query_term_return_owner,downstream_query_gate_separate,dated_non_personal_return_identity,false,false,false,true,false,false,false,false,false
DMOI-RF-LSS-BCRPBEDL-DEC-042,DMOI-RF-LSS-BCRPBEI-EVID-042,DMOI-RF-LSS-BCRPBER-CRIT-042,DMOI-RF-LSS-BCRPBRL-RET-011,DMOI-RF-LSS-BCRPBLK-BLOCK-011,approved_query_term_present,query_term_return_owner,downstream_query_gate_separate,precondition_blocker_scope_match,false,false,false,true,false,false,false,false,false
DMOI-RF-LSS-BCRPBEDL-DEC-043,DMOI-RF-LSS-BCRPBEI-EVID-043,DMOI-RF-LSS-BCRPBER-CRIT-043,DMOI-RF-LSS-BCRPBRL-RET-011,DMOI-RF-LSS-BCRPBLK-BLOCK-011,approved_query_term_present,query_term_return_owner,downstream_query_gate_separate,true_precondition_update_scope_bounded,false,false,false,true,false,false,false,false,false
DMOI-RF-LSS-BCRPBEDL-DEC-044,DMOI-RF-LSS-BCRPBEI-EVID-044,DMOI-RF-LSS-BCRPBER-CRIT-044,DMOI-RF-LSS-BCRPBRL-RET-011,DMOI-RF-LSS-BCRPBLK-BLOCK-011,approved_query_term_present,query_term_return_owner,downstream_query_gate_separate,source_text_and_downstream_gate_limits_confirmed,false,false,false,true,false,false,false,false,false
DMOI-RF-LSS-BCRPBEDL-DEC-045,DMOI-RF-LSS-BCRPBEI-EVID-045,DMOI-RF-LSS-BCRPBER-CRIT-045,DMOI-RF-LSS-BCRPBRL-RET-012,DMOI-RF-LSS-BCRPBLK-BLOCK-012,approved_query_term_present,query_term_return_owner,downstream_surface_translation_gates_separate,dated_non_personal_return_identity,false,false,false,true,false,false,false,false,false
DMOI-RF-LSS-BCRPBEDL-DEC-046,DMOI-RF-LSS-BCRPBEI-EVID-046,DMOI-RF-LSS-BCRPBER-CRIT-046,DMOI-RF-LSS-BCRPBRL-RET-012,DMOI-RF-LSS-BCRPBLK-BLOCK-012,approved_query_term_present,query_term_return_owner,downstream_surface_translation_gates_separate,precondition_blocker_scope_match,false,false,false,true,false,false,false,false,false
DMOI-RF-LSS-BCRPBEDL-DEC-047,DMOI-RF-LSS-BCRPBEI-EVID-047,DMOI-RF-LSS-BCRPBER-CRIT-047,DMOI-RF-LSS-BCRPBRL-RET-012,DMOI-RF-LSS-BCRPBLK-BLOCK-012,approved_query_term_present,query_term_return_owner,downstream_surface_translation_gates_separate,true_precondition_update_scope_bounded,false,false,false,true,false,false,false,false,false
DMOI-RF-LSS-BCRPBEDL-DEC-048,DMOI-RF-LSS-BCRPBEI-EVID-048,DMOI-RF-LSS-BCRPBER-CRIT-048,DMOI-RF-LSS-BCRPBRL-RET-012,DMOI-RF-LSS-BCRPBLK-BLOCK-012,approved_query_term_present,query_term_return_owner,downstream_surface_translation_gates_separate,source_text_and_downstream_gate_limits_confirmed,false,false,false,true,false,false,false,false,false
DMOI-RF-LSS-BCRPBEDL-DEC-049,DMOI-RF-LSS-BCRPBEI-EVID-049,DMOI-RF-LSS-BCRPBER-CRIT-049,DMOI-RF-LSS-BCRPBRL-RET-013,DMOI-RF-LSS-BCRPBLK-BLOCK-013,capture_policy_finalized,capture_policy_return_owner,decision_row_linkage_validated,dated_non_personal_return_identity,false,false,false,true,false,false,false,false,false
DMOI-RF-LSS-BCRPBEDL-DEC-050,DMOI-RF-LSS-BCRPBEI-EVID-050,DMOI-RF-LSS-BCRPBER-CRIT-050,DMOI-RF-LSS-BCRPBRL-RET-013,DMOI-RF-LSS-BCRPBLK-BLOCK-013,capture_policy_finalized,capture_policy_return_owner,decision_row_linkage_validated,precondition_blocker_scope_match,false,false,false,true,false,false,false,false,false
DMOI-RF-LSS-BCRPBEDL-DEC-051,DMOI-RF-LSS-BCRPBEI-EVID-051,DMOI-RF-LSS-BCRPBER-CRIT-051,DMOI-RF-LSS-BCRPBRL-RET-013,DMOI-RF-LSS-BCRPBLK-BLOCK-013,capture_policy_finalized,capture_policy_return_owner,decision_row_linkage_validated,true_precondition_update_scope_bounded,false,false,false,true,false,false,false,false,false
DMOI-RF-LSS-BCRPBEDL-DEC-052,DMOI-RF-LSS-BCRPBEI-EVID-052,DMOI-RF-LSS-BCRPBER-CRIT-052,DMOI-RF-LSS-BCRPBRL-RET-013,DMOI-RF-LSS-BCRPBLK-BLOCK-013,capture_policy_finalized,capture_policy_return_owner,decision_row_linkage_validated,source_text_and_downstream_gate_limits_confirmed,false,false,false,true,false,false,false,false,false
DMOI-RF-LSS-BCRPBEDL-DEC-053,DMOI-RF-LSS-BCRPBEI-EVID-053,DMOI-RF-LSS-BCRPBER-CRIT-053,DMOI-RF-LSS-BCRPBRL-RET-014,DMOI-RF-LSS-BCRPBLK-BLOCK-014,capture_policy_finalized,capture_policy_return_owner,all_decision_fields_filled,dated_non_personal_return_identity,false,false,false,true,false,false,false,false,false
DMOI-RF-LSS-BCRPBEDL-DEC-054,DMOI-RF-LSS-BCRPBEI-EVID-054,DMOI-RF-LSS-BCRPBER-CRIT-054,DMOI-RF-LSS-BCRPBRL-RET-014,DMOI-RF-LSS-BCRPBLK-BLOCK-014,capture_policy_finalized,capture_policy_return_owner,all_decision_fields_filled,precondition_blocker_scope_match,false,false,false,true,false,false,false,false,false
DMOI-RF-LSS-BCRPBEDL-DEC-055,DMOI-RF-LSS-BCRPBEI-EVID-055,DMOI-RF-LSS-BCRPBER-CRIT-055,DMOI-RF-LSS-BCRPBRL-RET-014,DMOI-RF-LSS-BCRPBLK-BLOCK-014,capture_policy_finalized,capture_policy_return_owner,all_decision_fields_filled,true_precondition_update_scope_bounded,false,false,false,true,false,false,false,false,false
DMOI-RF-LSS-BCRPBEDL-DEC-056,DMOI-RF-LSS-BCRPBEI-EVID-056,DMOI-RF-LSS-BCRPBER-CRIT-056,DMOI-RF-LSS-BCRPBRL-RET-014,DMOI-RF-LSS-BCRPBLK-BLOCK-014,capture_policy_finalized,capture_policy_return_owner,all_decision_fields_filled,source_text_and_downstream_gate_limits_confirmed,false,false,false,true,false,false,false,false,false
DMOI-RF-LSS-BCRPBEDL-DEC-057,DMOI-RF-LSS-BCRPBEI-EVID-057,DMOI-RF-LSS-BCRPBER-CRIT-057,DMOI-RF-LSS-BCRPBRL-RET-015,DMOI-RF-LSS-BCRPBLK-BLOCK-015,capture_policy_finalized,capture_policy_return_owner,all_criteria_decisions_recorded,dated_non_personal_return_identity,false,false,false,true,false,false,false,false,false
DMOI-RF-LSS-BCRPBEDL-DEC-058,DMOI-RF-LSS-BCRPBEI-EVID-058,DMOI-RF-LSS-BCRPBER-CRIT-058,DMOI-RF-LSS-BCRPBRL-RET-015,DMOI-RF-LSS-BCRPBLK-BLOCK-015,capture_policy_finalized,capture_policy_return_owner,all_criteria_decisions_recorded,precondition_blocker_scope_match,false,false,false,true,false,false,false,false,false
DMOI-RF-LSS-BCRPBEDL-DEC-059,DMOI-RF-LSS-BCRPBEI-EVID-059,DMOI-RF-LSS-BCRPBER-CRIT-059,DMOI-RF-LSS-BCRPBRL-RET-015,DMOI-RF-LSS-BCRPBLK-BLOCK-015,capture_policy_finalized,capture_policy_return_owner,all_criteria_decisions_recorded,true_precondition_update_scope_bounded,false,false,false,true,false,false,false,false,false
DMOI-RF-LSS-BCRPBEDL-DEC-060,DMOI-RF-LSS-BCRPBEI-EVID-060,DMOI-RF-LSS-BCRPBER-CRIT-060,DMOI-RF-LSS-BCRPBRL-RET-015,DMOI-RF-LSS-BCRPBLK-BLOCK-015,capture_policy_finalized,capture_policy_return_owner,all_criteria_decisions_recorded,source_text_and_downstream_gate_limits_confirmed,false,false,false,true,false,false,false,false,false
DMOI-RF-LSS-BCRPBEDL-DEC-061,DMOI-RF-LSS-BCRPBEI-EVID-061,DMOI-RF-LSS-BCRPBER-CRIT-061,DMOI-RF-LSS-BCRPBRL-RET-016,DMOI-RF-LSS-BCRPBLK-BLOCK-016,capture_policy_finalized,capture_policy_return_owner,all_criteria_passed,dated_non_personal_return_identity,false,false,false,true,false,false,false,false,false
DMOI-RF-LSS-BCRPBEDL-DEC-062,DMOI-RF-LSS-BCRPBEI-EVID-062,DMOI-RF-LSS-BCRPBER-CRIT-062,DMOI-RF-LSS-BCRPBRL-RET-016,DMOI-RF-LSS-BCRPBLK-BLOCK-016,capture_policy_finalized,capture_policy_return_owner,all_criteria_passed,precondition_blocker_scope_match,false,false,false,true,false,false,false,false,false
DMOI-RF-LSS-BCRPBEDL-DEC-063,DMOI-RF-LSS-BCRPBEI-EVID-063,DMOI-RF-LSS-BCRPBER-CRIT-063,DMOI-RF-LSS-BCRPBRL-RET-016,DMOI-RF-LSS-BCRPBLK-BLOCK-016,capture_policy_finalized,capture_policy_return_owner,all_criteria_passed,true_precondition_update_scope_bounded,false,false,false,true,false,false,false,false,false
DMOI-RF-LSS-BCRPBEDL-DEC-064,DMOI-RF-LSS-BCRPBEI-EVID-064,DMOI-RF-LSS-BCRPBER-CRIT-064,DMOI-RF-LSS-BCRPBRL-RET-016,DMOI-RF-LSS-BCRPBLK-BLOCK-016,capture_policy_finalized,capture_policy_return_owner,all_criteria_passed,source_text_and_downstream_gate_limits_confirmed,false,false,false,true,false,false,false,false,false
DMOI-RF-LSS-BCRPBEDL-DEC-065,DMOI-RF-LSS-BCRPBEI-EVID-065,DMOI-RF-LSS-BCRPBER-CRIT-065,DMOI-RF-LSS-BCRPBRL-RET-017,DMOI-RF-LSS-BCRPBLK-BLOCK-017,capture_policy_finalized,capture_policy_return_owner,no_criteria_failed,dated_non_personal_return_identity,false,false,false,true,false,false,false,false,false
DMOI-RF-LSS-BCRPBEDL-DEC-066,DMOI-RF-LSS-BCRPBEI-EVID-066,DMOI-RF-LSS-BCRPBER-CRIT-066,DMOI-RF-LSS-BCRPBRL-RET-017,DMOI-RF-LSS-BCRPBLK-BLOCK-017,capture_policy_finalized,capture_policy_return_owner,no_criteria_failed,precondition_blocker_scope_match,false,false,false,true,false,false,false,false,false
DMOI-RF-LSS-BCRPBEDL-DEC-067,DMOI-RF-LSS-BCRPBEI-EVID-067,DMOI-RF-LSS-BCRPBER-CRIT-067,DMOI-RF-LSS-BCRPBRL-RET-017,DMOI-RF-LSS-BCRPBLK-BLOCK-017,capture_policy_finalized,capture_policy_return_owner,no_criteria_failed,true_precondition_update_scope_bounded,false,false,false,true,false,false,false,false,false
DMOI-RF-LSS-BCRPBEDL-DEC-068,DMOI-RF-LSS-BCRPBEI-EVID-068,DMOI-RF-LSS-BCRPBER-CRIT-068,DMOI-RF-LSS-BCRPBRL-RET-017,DMOI-RF-LSS-BCRPBLK-BLOCK-017,capture_policy_finalized,capture_policy_return_owner,no_criteria_failed,source_text_and_downstream_gate_limits_confirmed,false,false,false,true,false,false,false,false,false
DMOI-RF-LSS-BCRPBEDL-DEC-069,DMOI-RF-LSS-BCRPBEI-EVID-069,DMOI-RF-LSS-BCRPBER-CRIT-069,DMOI-RF-LSS-BCRPBRL-RET-018,DMOI-RF-LSS-BCRPBLK-BLOCK-018,capture_policy_finalized,capture_policy_return_owner,evidence_values_reviewed,dated_non_personal_return_identity,false,false,false,true,false,false,false,false,false
DMOI-RF-LSS-BCRPBEDL-DEC-070,DMOI-RF-LSS-BCRPBEI-EVID-070,DMOI-RF-LSS-BCRPBER-CRIT-070,DMOI-RF-LSS-BCRPBRL-RET-018,DMOI-RF-LSS-BCRPBLK-BLOCK-018,capture_policy_finalized,capture_policy_return_owner,evidence_values_reviewed,precondition_blocker_scope_match,false,false,false,true,false,false,false,false,false
DMOI-RF-LSS-BCRPBEDL-DEC-071,DMOI-RF-LSS-BCRPBEI-EVID-071,DMOI-RF-LSS-BCRPBER-CRIT-071,DMOI-RF-LSS-BCRPBRL-RET-018,DMOI-RF-LSS-BCRPBLK-BLOCK-018,capture_policy_finalized,capture_policy_return_owner,evidence_values_reviewed,true_precondition_update_scope_bounded,false,false,false,true,false,false,false,false,false
DMOI-RF-LSS-BCRPBEDL-DEC-072,DMOI-RF-LSS-BCRPBEI-EVID-072,DMOI-RF-LSS-BCRPBER-CRIT-072,DMOI-RF-LSS-BCRPBRL-RET-018,DMOI-RF-LSS-BCRPBLK-BLOCK-018,capture_policy_finalized,capture_policy_return_owner,evidence_values_reviewed,source_text_and_downstream_gate_limits_confirmed,false,false,false,true,false,false,false,false,false
DMOI-RF-LSS-BCRPBEDL-DEC-073,DMOI-RF-LSS-BCRPBEI-EVID-073,DMOI-RF-LSS-BCRPBER-CRIT-073,DMOI-RF-LSS-BCRPBRL-RET-019,DMOI-RF-LSS-BCRPBLK-BLOCK-019,capture_policy_finalized,capture_policy_return_owner,evidence_source_pointers_reviewed,dated_non_personal_return_identity,false,false,false,true,false,false,false,false,false
DMOI-RF-LSS-BCRPBEDL-DEC-074,DMOI-RF-LSS-BCRPBEI-EVID-074,DMOI-RF-LSS-BCRPBER-CRIT-074,DMOI-RF-LSS-BCRPBRL-RET-019,DMOI-RF-LSS-BCRPBLK-BLOCK-019,capture_policy_finalized,capture_policy_return_owner,evidence_source_pointers_reviewed,precondition_blocker_scope_match,false,false,false,true,false,false,false,false,false
DMOI-RF-LSS-BCRPBEDL-DEC-075,DMOI-RF-LSS-BCRPBEI-EVID-075,DMOI-RF-LSS-BCRPBER-CRIT-075,DMOI-RF-LSS-BCRPBRL-RET-019,DMOI-RF-LSS-BCRPBLK-BLOCK-019,capture_policy_finalized,capture_policy_return_owner,evidence_source_pointers_reviewed,true_precondition_update_scope_bounded,false,false,false,true,false,false,false,false,false
DMOI-RF-LSS-BCRPBEDL-DEC-076,DMOI-RF-LSS-BCRPBEI-EVID-076,DMOI-RF-LSS-BCRPBER-CRIT-076,DMOI-RF-LSS-BCRPBRL-RET-019,DMOI-RF-LSS-BCRPBLK-BLOCK-019,capture_policy_finalized,capture_policy_return_owner,evidence_source_pointers_reviewed,source_text_and_downstream_gate_limits_confirmed,false,false,false,true,false,false,false,false,false
DMOI-RF-LSS-BCRPBEDL-DEC-077,DMOI-RF-LSS-BCRPBEI-EVID-077,DMOI-RF-LSS-BCRPBER-CRIT-077,DMOI-RF-LSS-BCRPBRL-RET-020,DMOI-RF-LSS-BCRPBLK-BLOCK-020,capture_policy_finalized,capture_policy_return_owner,source_text_prohibition_confirmed,dated_non_personal_return_identity,false,false,false,true,false,false,false,false,false
DMOI-RF-LSS-BCRPBEDL-DEC-078,DMOI-RF-LSS-BCRPBEI-EVID-078,DMOI-RF-LSS-BCRPBER-CRIT-078,DMOI-RF-LSS-BCRPBRL-RET-020,DMOI-RF-LSS-BCRPBLK-BLOCK-020,capture_policy_finalized,capture_policy_return_owner,source_text_prohibition_confirmed,precondition_blocker_scope_match,false,false,false,true,false,false,false,false,false
DMOI-RF-LSS-BCRPBEDL-DEC-079,DMOI-RF-LSS-BCRPBEI-EVID-079,DMOI-RF-LSS-BCRPBER-CRIT-079,DMOI-RF-LSS-BCRPBRL-RET-020,DMOI-RF-LSS-BCRPBLK-BLOCK-020,capture_policy_finalized,capture_policy_return_owner,source_text_prohibition_confirmed,true_precondition_update_scope_bounded,false,false,false,true,false,false,false,false,false
DMOI-RF-LSS-BCRPBEDL-DEC-080,DMOI-RF-LSS-BCRPBEI-EVID-080,DMOI-RF-LSS-BCRPBER-CRIT-080,DMOI-RF-LSS-BCRPBRL-RET-020,DMOI-RF-LSS-BCRPBLK-BLOCK-020,capture_policy_finalized,capture_policy_return_owner,source_text_prohibition_confirmed,source_text_and_downstream_gate_limits_confirmed,false,false,false,true,false,false,false,false,false
DMOI-RF-LSS-BCRPBEDL-DEC-081,DMOI-RF-LSS-BCRPBEI-EVID-081,DMOI-RF-LSS-BCRPBER-CRIT-081,DMOI-RF-LSS-BCRPBRL-RET-021,DMOI-RF-LSS-BCRPBLK-BLOCK-021,capture_policy_finalized,capture_policy_return_owner,allowed_update_scope_bounded,dated_non_personal_return_identity,false,false,false,true,false,false,false,false,false
DMOI-RF-LSS-BCRPBEDL-DEC-082,DMOI-RF-LSS-BCRPBEI-EVID-082,DMOI-RF-LSS-BCRPBER-CRIT-082,DMOI-RF-LSS-BCRPBRL-RET-021,DMOI-RF-LSS-BCRPBLK-BLOCK-021,capture_policy_finalized,capture_policy_return_owner,allowed_update_scope_bounded,precondition_blocker_scope_match,false,false,false,true,false,false,false,false,false
DMOI-RF-LSS-BCRPBEDL-DEC-083,DMOI-RF-LSS-BCRPBEI-EVID-083,DMOI-RF-LSS-BCRPBER-CRIT-083,DMOI-RF-LSS-BCRPBRL-RET-021,DMOI-RF-LSS-BCRPBLK-BLOCK-021,capture_policy_finalized,capture_policy_return_owner,allowed_update_scope_bounded,true_precondition_update_scope_bounded,false,false,false,true,false,false,false,false,false
DMOI-RF-LSS-BCRPBEDL-DEC-084,DMOI-RF-LSS-BCRPBEI-EVID-084,DMOI-RF-LSS-BCRPBER-CRIT-084,DMOI-RF-LSS-BCRPBRL-RET-021,DMOI-RF-LSS-BCRPBLK-BLOCK-021,capture_policy_finalized,capture_policy_return_owner,allowed_update_scope_bounded,source_text_and_downstream_gate_limits_confirmed,false,false,false,true,false,false,false,false,false
DMOI-RF-LSS-BCRPBEDL-DEC-085,DMOI-RF-LSS-BCRPBEI-EVID-085,DMOI-RF-LSS-BCRPBER-CRIT-085,DMOI-RF-LSS-BCRPBRL-RET-022,DMOI-RF-LSS-BCRPBLK-BLOCK-022,capture_policy_finalized,capture_policy_return_owner,authority_role_validated,dated_non_personal_return_identity,false,false,false,true,false,false,false,false,false
DMOI-RF-LSS-BCRPBEDL-DEC-086,DMOI-RF-LSS-BCRPBEI-EVID-086,DMOI-RF-LSS-BCRPBER-CRIT-086,DMOI-RF-LSS-BCRPBRL-RET-022,DMOI-RF-LSS-BCRPBLK-BLOCK-022,capture_policy_finalized,capture_policy_return_owner,authority_role_validated,precondition_blocker_scope_match,false,false,false,true,false,false,false,false,false
DMOI-RF-LSS-BCRPBEDL-DEC-087,DMOI-RF-LSS-BCRPBEI-EVID-087,DMOI-RF-LSS-BCRPBER-CRIT-087,DMOI-RF-LSS-BCRPBRL-RET-022,DMOI-RF-LSS-BCRPBLK-BLOCK-022,capture_policy_finalized,capture_policy_return_owner,authority_role_validated,true_precondition_update_scope_bounded,false,false,false,true,false,false,false,false,false
DMOI-RF-LSS-BCRPBEDL-DEC-088,DMOI-RF-LSS-BCRPBEI-EVID-088,DMOI-RF-LSS-BCRPBER-CRIT-088,DMOI-RF-LSS-BCRPBRL-RET-022,DMOI-RF-LSS-BCRPBLK-BLOCK-022,capture_policy_finalized,capture_policy_return_owner,authority_role_validated,source_text_and_downstream_gate_limits_confirmed,false,false,false,true,false,false,false,false,false
DMOI-RF-LSS-BCRPBEDL-DEC-089,DMOI-RF-LSS-BCRPBEI-EVID-089,DMOI-RF-LSS-BCRPBER-CRIT-089,DMOI-RF-LSS-BCRPBRL-RET-023,DMOI-RF-LSS-BCRPBLK-BLOCK-023,capture_policy_finalized,capture_policy_return_owner,downstream_query_gate_separate,dated_non_personal_return_identity,false,false,false,true,false,false,false,false,false
DMOI-RF-LSS-BCRPBEDL-DEC-090,DMOI-RF-LSS-BCRPBEI-EVID-090,DMOI-RF-LSS-BCRPBER-CRIT-090,DMOI-RF-LSS-BCRPBRL-RET-023,DMOI-RF-LSS-BCRPBLK-BLOCK-023,capture_policy_finalized,capture_policy_return_owner,downstream_query_gate_separate,precondition_blocker_scope_match,false,false,false,true,false,false,false,false,false
DMOI-RF-LSS-BCRPBEDL-DEC-091,DMOI-RF-LSS-BCRPBEI-EVID-091,DMOI-RF-LSS-BCRPBER-CRIT-091,DMOI-RF-LSS-BCRPBRL-RET-023,DMOI-RF-LSS-BCRPBLK-BLOCK-023,capture_policy_finalized,capture_policy_return_owner,downstream_query_gate_separate,true_precondition_update_scope_bounded,false,false,false,true,false,false,false,false,false
DMOI-RF-LSS-BCRPBEDL-DEC-092,DMOI-RF-LSS-BCRPBEI-EVID-092,DMOI-RF-LSS-BCRPBER-CRIT-092,DMOI-RF-LSS-BCRPBRL-RET-023,DMOI-RF-LSS-BCRPBLK-BLOCK-023,capture_policy_finalized,capture_policy_return_owner,downstream_query_gate_separate,source_text_and_downstream_gate_limits_confirmed,false,false,false,true,false,false,false,false,false
DMOI-RF-LSS-BCRPBEDL-DEC-093,DMOI-RF-LSS-BCRPBEI-EVID-093,DMOI-RF-LSS-BCRPBER-CRIT-093,DMOI-RF-LSS-BCRPBRL-RET-024,DMOI-RF-LSS-BCRPBLK-BLOCK-024,capture_policy_finalized,capture_policy_return_owner,downstream_surface_translation_gates_separate,dated_non_personal_return_identity,false,false,false,true,false,false,false,false,false
DMOI-RF-LSS-BCRPBEDL-DEC-094,DMOI-RF-LSS-BCRPBEI-EVID-094,DMOI-RF-LSS-BCRPBER-CRIT-094,DMOI-RF-LSS-BCRPBRL-RET-024,DMOI-RF-LSS-BCRPBLK-BLOCK-024,capture_policy_finalized,capture_policy_return_owner,downstream_surface_translation_gates_separate,precondition_blocker_scope_match,false,false,false,true,false,false,false,false,false
DMOI-RF-LSS-BCRPBEDL-DEC-095,DMOI-RF-LSS-BCRPBEI-EVID-095,DMOI-RF-LSS-BCRPBER-CRIT-095,DMOI-RF-LSS-BCRPBRL-RET-024,DMOI-RF-LSS-BCRPBLK-BLOCK-024,capture_policy_finalized,capture_policy_return_owner,downstream_surface_translation_gates_separate,true_precondition_update_scope_bounded,false,false,false,true,false,false,false,false,false
DMOI-RF-LSS-BCRPBEDL-DEC-096,DMOI-RF-LSS-BCRPBEI-EVID-096,DMOI-RF-LSS-BCRPBER-CRIT-096,DMOI-RF-LSS-BCRPBRL-RET-024,DMOI-RF-LSS-BCRPBLK-BLOCK-024,capture_policy_finalized,capture_policy_return_owner,downstream_surface_translation_gates_separate,source_text_and_downstream_gate_limits_confirmed,false,false,false,true,false,false,false,false,false
DMOI-RF-LSS-BCRPBEDL-DEC-097,DMOI-RF-LSS-BCRPBEI-EVID-097,DMOI-RF-LSS-BCRPBER-CRIT-097,DMOI-RF-LSS-BCRPBRL-RET-025,DMOI-RF-LSS-BCRPBLK-BLOCK-025,capture_policy_return_received,capture_policy_return_owner,decision_row_linkage_validated,dated_non_personal_return_identity,false,false,false,true,false,false,false,false,false
DMOI-RF-LSS-BCRPBEDL-DEC-098,DMOI-RF-LSS-BCRPBEI-EVID-098,DMOI-RF-LSS-BCRPBER-CRIT-098,DMOI-RF-LSS-BCRPBRL-RET-025,DMOI-RF-LSS-BCRPBLK-BLOCK-025,capture_policy_return_received,capture_policy_return_owner,decision_row_linkage_validated,precondition_blocker_scope_match,false,false,false,true,false,false,false,false,false
DMOI-RF-LSS-BCRPBEDL-DEC-099,DMOI-RF-LSS-BCRPBEI-EVID-099,DMOI-RF-LSS-BCRPBER-CRIT-099,DMOI-RF-LSS-BCRPBRL-RET-025,DMOI-RF-LSS-BCRPBLK-BLOCK-025,capture_policy_return_received,capture_policy_return_owner,decision_row_linkage_validated,true_precondition_update_scope_bounded,false,false,false,true,false,false,false,false,false
DMOI-RF-LSS-BCRPBEDL-DEC-100,DMOI-RF-LSS-BCRPBEI-EVID-100,DMOI-RF-LSS-BCRPBER-CRIT-100,DMOI-RF-LSS-BCRPBRL-RET-025,DMOI-RF-LSS-BCRPBLK-BLOCK-025,capture_policy_return_received,capture_policy_return_owner,decision_row_linkage_validated,source_text_and_downstream_gate_limits_confirmed,false,false,false,true,false,false,false,false,false
DMOI-RF-LSS-BCRPBEDL-DEC-101,DMOI-RF-LSS-BCRPBEI-EVID-101,DMOI-RF-LSS-BCRPBER-CRIT-101,DMOI-RF-LSS-BCRPBRL-RET-026,DMOI-RF-LSS-BCRPBLK-BLOCK-026,capture_policy_return_received,capture_policy_return_owner,all_decision_fields_filled,dated_non_personal_return_identity,false,false,false,true,false,false,false,false,false
DMOI-RF-LSS-BCRPBEDL-DEC-102,DMOI-RF-LSS-BCRPBEI-EVID-102,DMOI-RF-LSS-BCRPBER-CRIT-102,DMOI-RF-LSS-BCRPBRL-RET-026,DMOI-RF-LSS-BCRPBLK-BLOCK-026,capture_policy_return_received,capture_policy_return_owner,all_decision_fields_filled,precondition_blocker_scope_match,false,false,false,true,false,false,false,false,false
DMOI-RF-LSS-BCRPBEDL-DEC-103,DMOI-RF-LSS-BCRPBEI-EVID-103,DMOI-RF-LSS-BCRPBER-CRIT-103,DMOI-RF-LSS-BCRPBRL-RET-026,DMOI-RF-LSS-BCRPBLK-BLOCK-026,capture_policy_return_received,capture_policy_return_owner,all_decision_fields_filled,true_precondition_update_scope_bounded,false,false,false,true,false,false,false,false,false
DMOI-RF-LSS-BCRPBEDL-DEC-104,DMOI-RF-LSS-BCRPBEI-EVID-104,DMOI-RF-LSS-BCRPBER-CRIT-104,DMOI-RF-LSS-BCRPBRL-RET-026,DMOI-RF-LSS-BCRPBLK-BLOCK-026,capture_policy_return_received,capture_policy_return_owner,all_decision_fields_filled,source_text_and_downstream_gate_limits_confirmed,false,false,false,true,false,false,false,false,false
DMOI-RF-LSS-BCRPBEDL-DEC-105,DMOI-RF-LSS-BCRPBEI-EVID-105,DMOI-RF-LSS-BCRPBER-CRIT-105,DMOI-RF-LSS-BCRPBRL-RET-027,DMOI-RF-LSS-BCRPBLK-BLOCK-027,capture_policy_return_received,capture_policy_return_owner,all_criteria_decisions_recorded,dated_non_personal_return_identity,false,false,false,true,false,false,false,false,false
DMOI-RF-LSS-BCRPBEDL-DEC-106,DMOI-RF-LSS-BCRPBEI-EVID-106,DMOI-RF-LSS-BCRPBER-CRIT-106,DMOI-RF-LSS-BCRPBRL-RET-027,DMOI-RF-LSS-BCRPBLK-BLOCK-027,capture_policy_return_received,capture_policy_return_owner,all_criteria_decisions_recorded,precondition_blocker_scope_match,false,false,false,true,false,false,false,false,false
DMOI-RF-LSS-BCRPBEDL-DEC-107,DMOI-RF-LSS-BCRPBEI-EVID-107,DMOI-RF-LSS-BCRPBER-CRIT-107,DMOI-RF-LSS-BCRPBRL-RET-027,DMOI-RF-LSS-BCRPBLK-BLOCK-027,capture_policy_return_received,capture_policy_return_owner,all_criteria_decisions_recorded,true_precondition_update_scope_bounded,false,false,false,true,false,false,false,false,false
DMOI-RF-LSS-BCRPBEDL-DEC-108,DMOI-RF-LSS-BCRPBEI-EVID-108,DMOI-RF-LSS-BCRPBER-CRIT-108,DMOI-RF-LSS-BCRPBRL-RET-027,DMOI-RF-LSS-BCRPBLK-BLOCK-027,capture_policy_return_received,capture_policy_return_owner,all_criteria_decisions_recorded,source_text_and_downstream_gate_limits_confirmed,false,false,false,true,false,false,false,false,false
DMOI-RF-LSS-BCRPBEDL-DEC-109,DMOI-RF-LSS-BCRPBEI-EVID-109,DMOI-RF-LSS-BCRPBER-CRIT-109,DMOI-RF-LSS-BCRPBRL-RET-028,DMOI-RF-LSS-BCRPBLK-BLOCK-028,capture_policy_return_received,capture_policy_return_owner,all_criteria_passed,dated_non_personal_return_identity,false,false,false,true,false,false,false,false,false
DMOI-RF-LSS-BCRPBEDL-DEC-110,DMOI-RF-LSS-BCRPBEI-EVID-110,DMOI-RF-LSS-BCRPBER-CRIT-110,DMOI-RF-LSS-BCRPBRL-RET-028,DMOI-RF-LSS-BCRPBLK-BLOCK-028,capture_policy_return_received,capture_policy_return_owner,all_criteria_passed,precondition_blocker_scope_match,false,false,false,true,false,false,false,false,false
DMOI-RF-LSS-BCRPBEDL-DEC-111,DMOI-RF-LSS-BCRPBEI-EVID-111,DMOI-RF-LSS-BCRPBER-CRIT-111,DMOI-RF-LSS-BCRPBRL-RET-028,DMOI-RF-LSS-BCRPBLK-BLOCK-028,capture_policy_return_received,capture_policy_return_owner,all_criteria_passed,true_precondition_update_scope_bounded,false,false,false,true,false,false,false,false,false
DMOI-RF-LSS-BCRPBEDL-DEC-112,DMOI-RF-LSS-BCRPBEI-EVID-112,DMOI-RF-LSS-BCRPBER-CRIT-112,DMOI-RF-LSS-BCRPBRL-RET-028,DMOI-RF-LSS-BCRPBLK-BLOCK-028,capture_policy_return_received,capture_policy_return_owner,all_criteria_passed,source_text_and_downstream_gate_limits_confirmed,false,false,false,true,false,false,false,false,false
DMOI-RF-LSS-BCRPBEDL-DEC-113,DMOI-RF-LSS-BCRPBEI-EVID-113,DMOI-RF-LSS-BCRPBER-CRIT-113,DMOI-RF-LSS-BCRPBRL-RET-029,DMOI-RF-LSS-BCRPBLK-BLOCK-029,capture_policy_return_received,capture_policy_return_owner,no_criteria_failed,dated_non_personal_return_identity,false,false,false,true,false,false,false,false,false
DMOI-RF-LSS-BCRPBEDL-DEC-114,DMOI-RF-LSS-BCRPBEI-EVID-114,DMOI-RF-LSS-BCRPBER-CRIT-114,DMOI-RF-LSS-BCRPBRL-RET-029,DMOI-RF-LSS-BCRPBLK-BLOCK-029,capture_policy_return_received,capture_policy_return_owner,no_criteria_failed,precondition_blocker_scope_match,false,false,false,true,false,false,false,false,false
DMOI-RF-LSS-BCRPBEDL-DEC-115,DMOI-RF-LSS-BCRPBEI-EVID-115,DMOI-RF-LSS-BCRPBER-CRIT-115,DMOI-RF-LSS-BCRPBRL-RET-029,DMOI-RF-LSS-BCRPBLK-BLOCK-029,capture_policy_return_received,capture_policy_return_owner,no_criteria_failed,true_precondition_update_scope_bounded,false,false,false,true,false,false,false,false,false
DMOI-RF-LSS-BCRPBEDL-DEC-116,DMOI-RF-LSS-BCRPBEI-EVID-116,DMOI-RF-LSS-BCRPBER-CRIT-116,DMOI-RF-LSS-BCRPBRL-RET-029,DMOI-RF-LSS-BCRPBLK-BLOCK-029,capture_policy_return_received,capture_policy_return_owner,no_criteria_failed,source_text_and_downstream_gate_limits_confirmed,false,false,false,true,false,false,false,false,false
DMOI-RF-LSS-BCRPBEDL-DEC-117,DMOI-RF-LSS-BCRPBEI-EVID-117,DMOI-RF-LSS-BCRPBER-CRIT-117,DMOI-RF-LSS-BCRPBRL-RET-030,DMOI-RF-LSS-BCRPBLK-BLOCK-030,capture_policy_return_received,capture_policy_return_owner,evidence_values_reviewed,dated_non_personal_return_identity,false,false,false,true,false,false,false,false,false
DMOI-RF-LSS-BCRPBEDL-DEC-118,DMOI-RF-LSS-BCRPBEI-EVID-118,DMOI-RF-LSS-BCRPBER-CRIT-118,DMOI-RF-LSS-BCRPBRL-RET-030,DMOI-RF-LSS-BCRPBLK-BLOCK-030,capture_policy_return_received,capture_policy_return_owner,evidence_values_reviewed,precondition_blocker_scope_match,false,false,false,true,false,false,false,false,false
DMOI-RF-LSS-BCRPBEDL-DEC-119,DMOI-RF-LSS-BCRPBEI-EVID-119,DMOI-RF-LSS-BCRPBER-CRIT-119,DMOI-RF-LSS-BCRPBRL-RET-030,DMOI-RF-LSS-BCRPBLK-BLOCK-030,capture_policy_return_received,capture_policy_return_owner,evidence_values_reviewed,true_precondition_update_scope_bounded,false,false,false,true,false,false,false,false,false
DMOI-RF-LSS-BCRPBEDL-DEC-120,DMOI-RF-LSS-BCRPBEI-EVID-120,DMOI-RF-LSS-BCRPBER-CRIT-120,DMOI-RF-LSS-BCRPBRL-RET-030,DMOI-RF-LSS-BCRPBLK-BLOCK-030,capture_policy_return_received,capture_policy_return_owner,evidence_values_reviewed,source_text_and_downstream_gate_limits_confirmed,false,false,false,true,false,false,false,false,false
DMOI-RF-LSS-BCRPBEDL-DEC-121,DMOI-RF-LSS-BCRPBEI-EVID-121,DMOI-RF-LSS-BCRPBER-CRIT-121,DMOI-RF-LSS-BCRPBRL-RET-031,DMOI-RF-LSS-BCRPBLK-BLOCK-031,capture_policy_return_received,capture_policy_return_owner,evidence_source_pointers_reviewed,dated_non_personal_return_identity,false,false,false,true,false,false,false,false,false
DMOI-RF-LSS-BCRPBEDL-DEC-122,DMOI-RF-LSS-BCRPBEI-EVID-122,DMOI-RF-LSS-BCRPBER-CRIT-122,DMOI-RF-LSS-BCRPBRL-RET-031,DMOI-RF-LSS-BCRPBLK-BLOCK-031,capture_policy_return_received,capture_policy_return_owner,evidence_source_pointers_reviewed,precondition_blocker_scope_match,false,false,false,true,false,false,false,false,false
DMOI-RF-LSS-BCRPBEDL-DEC-123,DMOI-RF-LSS-BCRPBEI-EVID-123,DMOI-RF-LSS-BCRPBER-CRIT-123,DMOI-RF-LSS-BCRPBRL-RET-031,DMOI-RF-LSS-BCRPBLK-BLOCK-031,capture_policy_return_received,capture_policy_return_owner,evidence_source_pointers_reviewed,true_precondition_update_scope_bounded,false,false,false,true,false,false,false,false,false
DMOI-RF-LSS-BCRPBEDL-DEC-124,DMOI-RF-LSS-BCRPBEI-EVID-124,DMOI-RF-LSS-BCRPBER-CRIT-124,DMOI-RF-LSS-BCRPBRL-RET-031,DMOI-RF-LSS-BCRPBLK-BLOCK-031,capture_policy_return_received,capture_policy_return_owner,evidence_source_pointers_reviewed,source_text_and_downstream_gate_limits_confirmed,false,false,false,true,false,false,false,false,false
DMOI-RF-LSS-BCRPBEDL-DEC-125,DMOI-RF-LSS-BCRPBEI-EVID-125,DMOI-RF-LSS-BCRPBER-CRIT-125,DMOI-RF-LSS-BCRPBRL-RET-032,DMOI-RF-LSS-BCRPBLK-BLOCK-032,capture_policy_return_received,capture_policy_return_owner,source_text_prohibition_confirmed,dated_non_personal_return_identity,false,false,false,true,false,false,false,false,false
DMOI-RF-LSS-BCRPBEDL-DEC-126,DMOI-RF-LSS-BCRPBEI-EVID-126,DMOI-RF-LSS-BCRPBER-CRIT-126,DMOI-RF-LSS-BCRPBRL-RET-032,DMOI-RF-LSS-BCRPBLK-BLOCK-032,capture_policy_return_received,capture_policy_return_owner,source_text_prohibition_confirmed,precondition_blocker_scope_match,false,false,false,true,false,false,false,false,false
DMOI-RF-LSS-BCRPBEDL-DEC-127,DMOI-RF-LSS-BCRPBEI-EVID-127,DMOI-RF-LSS-BCRPBER-CRIT-127,DMOI-RF-LSS-BCRPBRL-RET-032,DMOI-RF-LSS-BCRPBLK-BLOCK-032,capture_policy_return_received,capture_policy_return_owner,source_text_prohibition_confirmed,true_precondition_update_scope_bounded,false,false,false,true,false,false,false,false,false
DMOI-RF-LSS-BCRPBEDL-DEC-128,DMOI-RF-LSS-BCRPBEI-EVID-128,DMOI-RF-LSS-BCRPBER-CRIT-128,DMOI-RF-LSS-BCRPBRL-RET-032,DMOI-RF-LSS-BCRPBLK-BLOCK-032,capture_policy_return_received,capture_policy_return_owner,source_text_prohibition_confirmed,source_text_and_downstream_gate_limits_confirmed,false,false,false,true,false,false,false,false,false
DMOI-RF-LSS-BCRPBEDL-DEC-129,DMOI-RF-LSS-BCRPBEI-EVID-129,DMOI-RF-LSS-BCRPBER-CRIT-129,DMOI-RF-LSS-BCRPBRL-RET-033,DMOI-RF-LSS-BCRPBLK-BLOCK-033,capture_policy_return_received,capture_policy_return_owner,allowed_update_scope_bounded,dated_non_personal_return_identity,false,false,false,true,false,false,false,false,false
DMOI-RF-LSS-BCRPBEDL-DEC-130,DMOI-RF-LSS-BCRPBEI-EVID-130,DMOI-RF-LSS-BCRPBER-CRIT-130,DMOI-RF-LSS-BCRPBRL-RET-033,DMOI-RF-LSS-BCRPBLK-BLOCK-033,capture_policy_return_received,capture_policy_return_owner,allowed_update_scope_bounded,precondition_blocker_scope_match,false,false,false,true,false,false,false,false,false
DMOI-RF-LSS-BCRPBEDL-DEC-131,DMOI-RF-LSS-BCRPBEI-EVID-131,DMOI-RF-LSS-BCRPBER-CRIT-131,DMOI-RF-LSS-BCRPBRL-RET-033,DMOI-RF-LSS-BCRPBLK-BLOCK-033,capture_policy_return_received,capture_policy_return_owner,allowed_update_scope_bounded,true_precondition_update_scope_bounded,false,false,false,true,false,false,false,false,false
DMOI-RF-LSS-BCRPBEDL-DEC-132,DMOI-RF-LSS-BCRPBEI-EVID-132,DMOI-RF-LSS-BCRPBER-CRIT-132,DMOI-RF-LSS-BCRPBRL-RET-033,DMOI-RF-LSS-BCRPBLK-BLOCK-033,capture_policy_return_received,capture_policy_return_owner,allowed_update_scope_bounded,source_text_and_downstream_gate_limits_confirmed,false,false,false,true,false,false,false,false,false
DMOI-RF-LSS-BCRPBEDL-DEC-133,DMOI-RF-LSS-BCRPBEI-EVID-133,DMOI-RF-LSS-BCRPBER-CRIT-133,DMOI-RF-LSS-BCRPBRL-RET-034,DMOI-RF-LSS-BCRPBLK-BLOCK-034,capture_policy_return_received,capture_policy_return_owner,authority_role_validated,dated_non_personal_return_identity,false,false,false,true,false,false,false,false,false
DMOI-RF-LSS-BCRPBEDL-DEC-134,DMOI-RF-LSS-BCRPBEI-EVID-134,DMOI-RF-LSS-BCRPBER-CRIT-134,DMOI-RF-LSS-BCRPBRL-RET-034,DMOI-RF-LSS-BCRPBLK-BLOCK-034,capture_policy_return_received,capture_policy_return_owner,authority_role_validated,precondition_blocker_scope_match,false,false,false,true,false,false,false,false,false
DMOI-RF-LSS-BCRPBEDL-DEC-135,DMOI-RF-LSS-BCRPBEI-EVID-135,DMOI-RF-LSS-BCRPBER-CRIT-135,DMOI-RF-LSS-BCRPBRL-RET-034,DMOI-RF-LSS-BCRPBLK-BLOCK-034,capture_policy_return_received,capture_policy_return_owner,authority_role_validated,true_precondition_update_scope_bounded,false,false,false,true,false,false,false,false,false
DMOI-RF-LSS-BCRPBEDL-DEC-136,DMOI-RF-LSS-BCRPBEI-EVID-136,DMOI-RF-LSS-BCRPBER-CRIT-136,DMOI-RF-LSS-BCRPBRL-RET-034,DMOI-RF-LSS-BCRPBLK-BLOCK-034,capture_policy_return_received,capture_policy_return_owner,authority_role_validated,source_text_and_downstream_gate_limits_confirmed,false,false,false,true,false,false,false,false,false
DMOI-RF-LSS-BCRPBEDL-DEC-137,DMOI-RF-LSS-BCRPBEI-EVID-137,DMOI-RF-LSS-BCRPBER-CRIT-137,DMOI-RF-LSS-BCRPBRL-RET-035,DMOI-RF-LSS-BCRPBLK-BLOCK-035,capture_policy_return_received,capture_policy_return_owner,downstream_query_gate_separate,dated_non_personal_return_identity,false,false,false,true,false,false,false,false,false
DMOI-RF-LSS-BCRPBEDL-DEC-138,DMOI-RF-LSS-BCRPBEI-EVID-138,DMOI-RF-LSS-BCRPBER-CRIT-138,DMOI-RF-LSS-BCRPBRL-RET-035,DMOI-RF-LSS-BCRPBLK-BLOCK-035,capture_policy_return_received,capture_policy_return_owner,downstream_query_gate_separate,precondition_blocker_scope_match,false,false,false,true,false,false,false,false,false
DMOI-RF-LSS-BCRPBEDL-DEC-139,DMOI-RF-LSS-BCRPBEI-EVID-139,DMOI-RF-LSS-BCRPBER-CRIT-139,DMOI-RF-LSS-BCRPBRL-RET-035,DMOI-RF-LSS-BCRPBLK-BLOCK-035,capture_policy_return_received,capture_policy_return_owner,downstream_query_gate_separate,true_precondition_update_scope_bounded,false,false,false,true,false,false,false,false,false
DMOI-RF-LSS-BCRPBEDL-DEC-140,DMOI-RF-LSS-BCRPBEI-EVID-140,DMOI-RF-LSS-BCRPBER-CRIT-140,DMOI-RF-LSS-BCRPBRL-RET-035,DMOI-RF-LSS-BCRPBLK-BLOCK-035,capture_policy_return_received,capture_policy_return_owner,downstream_query_gate_separate,source_text_and_downstream_gate_limits_confirmed,false,false,false,true,false,false,false,false,false
DMOI-RF-LSS-BCRPBEDL-DEC-141,DMOI-RF-LSS-BCRPBEI-EVID-141,DMOI-RF-LSS-BCRPBER-CRIT-141,DMOI-RF-LSS-BCRPBRL-RET-036,DMOI-RF-LSS-BCRPBLK-BLOCK-036,capture_policy_return_received,capture_policy_return_owner,downstream_surface_translation_gates_separate,dated_non_personal_return_identity,false,false,false,true,false,false,false,false,false
DMOI-RF-LSS-BCRPBEDL-DEC-142,DMOI-RF-LSS-BCRPBEI-EVID-142,DMOI-RF-LSS-BCRPBER-CRIT-142,DMOI-RF-LSS-BCRPBRL-RET-036,DMOI-RF-LSS-BCRPBLK-BLOCK-036,capture_policy_return_received,capture_policy_return_owner,downstream_surface_translation_gates_separate,precondition_blocker_scope_match,false,false,false,true,false,false,false,false,false
DMOI-RF-LSS-BCRPBEDL-DEC-143,DMOI-RF-LSS-BCRPBEI-EVID-143,DMOI-RF-LSS-BCRPBER-CRIT-143,DMOI-RF-LSS-BCRPBRL-RET-036,DMOI-RF-LSS-BCRPBLK-BLOCK-036,capture_policy_return_received,capture_policy_return_owner,downstream_surface_translation_gates_separate,true_precondition_update_scope_bounded,false,false,false,true,false,false,false,false,false
DMOI-RF-LSS-BCRPBEDL-DEC-144,DMOI-RF-LSS-BCRPBEI-EVID-144,DMOI-RF-LSS-BCRPBER-CRIT-144,DMOI-RF-LSS-BCRPBRL-RET-036,DMOI-RF-LSS-BCRPBLK-BLOCK-036,capture_policy_return_received,capture_policy_return_owner,downstream_surface_translation_gates_separate,source_text_and_downstream_gate_limits_confirmed,false,false,false,true,false,false,false,false,false
DMOI-RF-LSS-BCRPBEDL-DEC-145,DMOI-RF-LSS-BCRPBEI-EVID-145,DMOI-RF-LSS-BCRPBER-CRIT-145,DMOI-RF-LSS-BCRPBRL-RET-037,DMOI-RF-LSS-BCRPBLK-BLOCK-037,evidence_intake_gate_reviewed,evidence_governance_owner,decision_row_linkage_validated,dated_non_personal_return_identity,false,false,false,true,false,false,false,false,false
DMOI-RF-LSS-BCRPBEDL-DEC-146,DMOI-RF-LSS-BCRPBEI-EVID-146,DMOI-RF-LSS-BCRPBER-CRIT-146,DMOI-RF-LSS-BCRPBRL-RET-037,DMOI-RF-LSS-BCRPBLK-BLOCK-037,evidence_intake_gate_reviewed,evidence_governance_owner,decision_row_linkage_validated,precondition_blocker_scope_match,false,false,false,true,false,false,false,false,false
DMOI-RF-LSS-BCRPBEDL-DEC-147,DMOI-RF-LSS-BCRPBEI-EVID-147,DMOI-RF-LSS-BCRPBER-CRIT-147,DMOI-RF-LSS-BCRPBRL-RET-037,DMOI-RF-LSS-BCRPBLK-BLOCK-037,evidence_intake_gate_reviewed,evidence_governance_owner,decision_row_linkage_validated,true_precondition_update_scope_bounded,false,false,false,true,false,false,false,false,false
DMOI-RF-LSS-BCRPBEDL-DEC-148,DMOI-RF-LSS-BCRPBEI-EVID-148,DMOI-RF-LSS-BCRPBER-CRIT-148,DMOI-RF-LSS-BCRPBRL-RET-037,DMOI-RF-LSS-BCRPBLK-BLOCK-037,evidence_intake_gate_reviewed,evidence_governance_owner,decision_row_linkage_validated,source_text_and_downstream_gate_limits_confirmed,false,false,false,true,false,false,false,false,false
DMOI-RF-LSS-BCRPBEDL-DEC-149,DMOI-RF-LSS-BCRPBEI-EVID-149,DMOI-RF-LSS-BCRPBER-CRIT-149,DMOI-RF-LSS-BCRPBRL-RET-038,DMOI-RF-LSS-BCRPBLK-BLOCK-038,evidence_intake_gate_reviewed,evidence_governance_owner,all_decision_fields_filled,dated_non_personal_return_identity,false,false,false,true,false,false,false,false,false
DMOI-RF-LSS-BCRPBEDL-DEC-150,DMOI-RF-LSS-BCRPBEI-EVID-150,DMOI-RF-LSS-BCRPBER-CRIT-150,DMOI-RF-LSS-BCRPBRL-RET-038,DMOI-RF-LSS-BCRPBLK-BLOCK-038,evidence_intake_gate_reviewed,evidence_governance_owner,all_decision_fields_filled,precondition_blocker_scope_match,false,false,false,true,false,false,false,false,false
DMOI-RF-LSS-BCRPBEDL-DEC-151,DMOI-RF-LSS-BCRPBEI-EVID-151,DMOI-RF-LSS-BCRPBER-CRIT-151,DMOI-RF-LSS-BCRPBRL-RET-038,DMOI-RF-LSS-BCRPBLK-BLOCK-038,evidence_intake_gate_reviewed,evidence_governance_owner,all_decision_fields_filled,true_precondition_update_scope_bounded,false,false,false,true,false,false,false,false,false
DMOI-RF-LSS-BCRPBEDL-DEC-152,DMOI-RF-LSS-BCRPBEI-EVID-152,DMOI-RF-LSS-BCRPBER-CRIT-152,DMOI-RF-LSS-BCRPBRL-RET-038,DMOI-RF-LSS-BCRPBLK-BLOCK-038,evidence_intake_gate_reviewed,evidence_governance_owner,all_decision_fields_filled,source_text_and_downstream_gate_limits_confirmed,false,false,false,true,false,false,false,false,false
DMOI-RF-LSS-BCRPBEDL-DEC-153,DMOI-RF-LSS-BCRPBEI-EVID-153,DMOI-RF-LSS-BCRPBER-CRIT-153,DMOI-RF-LSS-BCRPBRL-RET-039,DMOI-RF-LSS-BCRPBLK-BLOCK-039,evidence_intake_gate_reviewed,evidence_governance_owner,all_criteria_decisions_recorded,dated_non_personal_return_identity,false,false,false,true,false,false,false,false,false
DMOI-RF-LSS-BCRPBEDL-DEC-154,DMOI-RF-LSS-BCRPBEI-EVID-154,DMOI-RF-LSS-BCRPBER-CRIT-154,DMOI-RF-LSS-BCRPBRL-RET-039,DMOI-RF-LSS-BCRPBLK-BLOCK-039,evidence_intake_gate_reviewed,evidence_governance_owner,all_criteria_decisions_recorded,precondition_blocker_scope_match,false,false,false,true,false,false,false,false,false
DMOI-RF-LSS-BCRPBEDL-DEC-155,DMOI-RF-LSS-BCRPBEI-EVID-155,DMOI-RF-LSS-BCRPBER-CRIT-155,DMOI-RF-LSS-BCRPBRL-RET-039,DMOI-RF-LSS-BCRPBLK-BLOCK-039,evidence_intake_gate_reviewed,evidence_governance_owner,all_criteria_decisions_recorded,true_precondition_update_scope_bounded,false,false,false,true,false,false,false,false,false
DMOI-RF-LSS-BCRPBEDL-DEC-156,DMOI-RF-LSS-BCRPBEI-EVID-156,DMOI-RF-LSS-BCRPBER-CRIT-156,DMOI-RF-LSS-BCRPBRL-RET-039,DMOI-RF-LSS-BCRPBLK-BLOCK-039,evidence_intake_gate_reviewed,evidence_governance_owner,all_criteria_decisions_recorded,source_text_and_downstream_gate_limits_confirmed,false,false,false,true,false,false,false,false,false
DMOI-RF-LSS-BCRPBEDL-DEC-157,DMOI-RF-LSS-BCRPBEI-EVID-157,DMOI-RF-LSS-BCRPBER-CRIT-157,DMOI-RF-LSS-BCRPBRL-RET-040,DMOI-RF-LSS-BCRPBLK-BLOCK-040,evidence_intake_gate_reviewed,evidence_governance_owner,all_criteria_passed,dated_non_personal_return_identity,false,false,false,true,false,false,false,false,false
DMOI-RF-LSS-BCRPBEDL-DEC-158,DMOI-RF-LSS-BCRPBEI-EVID-158,DMOI-RF-LSS-BCRPBER-CRIT-158,DMOI-RF-LSS-BCRPBRL-RET-040,DMOI-RF-LSS-BCRPBLK-BLOCK-040,evidence_intake_gate_reviewed,evidence_governance_owner,all_criteria_passed,precondition_blocker_scope_match,false,false,false,true,false,false,false,false,false
DMOI-RF-LSS-BCRPBEDL-DEC-159,DMOI-RF-LSS-BCRPBEI-EVID-159,DMOI-RF-LSS-BCRPBER-CRIT-159,DMOI-RF-LSS-BCRPBRL-RET-040,DMOI-RF-LSS-BCRPBLK-BLOCK-040,evidence_intake_gate_reviewed,evidence_governance_owner,all_criteria_passed,true_precondition_update_scope_bounded,false,false,false,true,false,false,false,false,false
DMOI-RF-LSS-BCRPBEDL-DEC-160,DMOI-RF-LSS-BCRPBEI-EVID-160,DMOI-RF-LSS-BCRPBER-CRIT-160,DMOI-RF-LSS-BCRPBRL-RET-040,DMOI-RF-LSS-BCRPBLK-BLOCK-040,evidence_intake_gate_reviewed,evidence_governance_owner,all_criteria_passed,source_text_and_downstream_gate_limits_confirmed,false,false,false,true,false,false,false,false,false
DMOI-RF-LSS-BCRPBEDL-DEC-161,DMOI-RF-LSS-BCRPBEI-EVID-161,DMOI-RF-LSS-BCRPBER-CRIT-161,DMOI-RF-LSS-BCRPBRL-RET-041,DMOI-RF-LSS-BCRPBLK-BLOCK-041,evidence_intake_gate_reviewed,evidence_governance_owner,no_criteria_failed,dated_non_personal_return_identity,false,false,false,true,false,false,false,false,false
DMOI-RF-LSS-BCRPBEDL-DEC-162,DMOI-RF-LSS-BCRPBEI-EVID-162,DMOI-RF-LSS-BCRPBER-CRIT-162,DMOI-RF-LSS-BCRPBRL-RET-041,DMOI-RF-LSS-BCRPBLK-BLOCK-041,evidence_intake_gate_reviewed,evidence_governance_owner,no_criteria_failed,precondition_blocker_scope_match,false,false,false,true,false,false,false,false,false
DMOI-RF-LSS-BCRPBEDL-DEC-163,DMOI-RF-LSS-BCRPBEI-EVID-163,DMOI-RF-LSS-BCRPBER-CRIT-163,DMOI-RF-LSS-BCRPBRL-RET-041,DMOI-RF-LSS-BCRPBLK-BLOCK-041,evidence_intake_gate_reviewed,evidence_governance_owner,no_criteria_failed,true_precondition_update_scope_bounded,false,false,false,true,false,false,false,false,false
DMOI-RF-LSS-BCRPBEDL-DEC-164,DMOI-RF-LSS-BCRPBEI-EVID-164,DMOI-RF-LSS-BCRPBER-CRIT-164,DMOI-RF-LSS-BCRPBRL-RET-041,DMOI-RF-LSS-BCRPBLK-BLOCK-041,evidence_intake_gate_reviewed,evidence_governance_owner,no_criteria_failed,source_text_and_downstream_gate_limits_confirmed,false,false,false,true,false,false,false,false,false
DMOI-RF-LSS-BCRPBEDL-DEC-165,DMOI-RF-LSS-BCRPBEI-EVID-165,DMOI-RF-LSS-BCRPBER-CRIT-165,DMOI-RF-LSS-BCRPBRL-RET-042,DMOI-RF-LSS-BCRPBLK-BLOCK-042,evidence_intake_gate_reviewed,evidence_governance_owner,evidence_values_reviewed,dated_non_personal_return_identity,false,false,false,true,false,false,false,false,false
DMOI-RF-LSS-BCRPBEDL-DEC-166,DMOI-RF-LSS-BCRPBEI-EVID-166,DMOI-RF-LSS-BCRPBER-CRIT-166,DMOI-RF-LSS-BCRPBRL-RET-042,DMOI-RF-LSS-BCRPBLK-BLOCK-042,evidence_intake_gate_reviewed,evidence_governance_owner,evidence_values_reviewed,precondition_blocker_scope_match,false,false,false,true,false,false,false,false,false
DMOI-RF-LSS-BCRPBEDL-DEC-167,DMOI-RF-LSS-BCRPBEI-EVID-167,DMOI-RF-LSS-BCRPBER-CRIT-167,DMOI-RF-LSS-BCRPBRL-RET-042,DMOI-RF-LSS-BCRPBLK-BLOCK-042,evidence_intake_gate_reviewed,evidence_governance_owner,evidence_values_reviewed,true_precondition_update_scope_bounded,false,false,false,true,false,false,false,false,false
DMOI-RF-LSS-BCRPBEDL-DEC-168,DMOI-RF-LSS-BCRPBEI-EVID-168,DMOI-RF-LSS-BCRPBER-CRIT-168,DMOI-RF-LSS-BCRPBRL-RET-042,DMOI-RF-LSS-BCRPBLK-BLOCK-042,evidence_intake_gate_reviewed,evidence_governance_owner,evidence_values_reviewed,source_text_and_downstream_gate_limits_confirmed,false,false,false,true,false,false,false,false,false
DMOI-RF-LSS-BCRPBEDL-DEC-169,DMOI-RF-LSS-BCRPBEI-EVID-169,DMOI-RF-LSS-BCRPBER-CRIT-169,DMOI-RF-LSS-BCRPBRL-RET-043,DMOI-RF-LSS-BCRPBLK-BLOCK-043,evidence_intake_gate_reviewed,evidence_governance_owner,evidence_source_pointers_reviewed,dated_non_personal_return_identity,false,false,false,true,false,false,false,false,false
DMOI-RF-LSS-BCRPBEDL-DEC-170,DMOI-RF-LSS-BCRPBEI-EVID-170,DMOI-RF-LSS-BCRPBER-CRIT-170,DMOI-RF-LSS-BCRPBRL-RET-043,DMOI-RF-LSS-BCRPBLK-BLOCK-043,evidence_intake_gate_reviewed,evidence_governance_owner,evidence_source_pointers_reviewed,precondition_blocker_scope_match,false,false,false,true,false,false,false,false,false
DMOI-RF-LSS-BCRPBEDL-DEC-171,DMOI-RF-LSS-BCRPBEI-EVID-171,DMOI-RF-LSS-BCRPBER-CRIT-171,DMOI-RF-LSS-BCRPBRL-RET-043,DMOI-RF-LSS-BCRPBLK-BLOCK-043,evidence_intake_gate_reviewed,evidence_governance_owner,evidence_source_pointers_reviewed,true_precondition_update_scope_bounded,false,false,false,true,false,false,false,false,false
DMOI-RF-LSS-BCRPBEDL-DEC-172,DMOI-RF-LSS-BCRPBEI-EVID-172,DMOI-RF-LSS-BCRPBER-CRIT-172,DMOI-RF-LSS-BCRPBRL-RET-043,DMOI-RF-LSS-BCRPBLK-BLOCK-043,evidence_intake_gate_reviewed,evidence_governance_owner,evidence_source_pointers_reviewed,source_text_and_downstream_gate_limits_confirmed,false,false,false,true,false,false,false,false,false
DMOI-RF-LSS-BCRPBEDL-DEC-173,DMOI-RF-LSS-BCRPBEI-EVID-173,DMOI-RF-LSS-BCRPBER-CRIT-173,DMOI-RF-LSS-BCRPBRL-RET-044,DMOI-RF-LSS-BCRPBLK-BLOCK-044,evidence_intake_gate_reviewed,evidence_governance_owner,source_text_prohibition_confirmed,dated_non_personal_return_identity,false,false,false,true,false,false,false,false,false
DMOI-RF-LSS-BCRPBEDL-DEC-174,DMOI-RF-LSS-BCRPBEI-EVID-174,DMOI-RF-LSS-BCRPBER-CRIT-174,DMOI-RF-LSS-BCRPBRL-RET-044,DMOI-RF-LSS-BCRPBLK-BLOCK-044,evidence_intake_gate_reviewed,evidence_governance_owner,source_text_prohibition_confirmed,precondition_blocker_scope_match,false,false,false,true,false,false,false,false,false
DMOI-RF-LSS-BCRPBEDL-DEC-175,DMOI-RF-LSS-BCRPBEI-EVID-175,DMOI-RF-LSS-BCRPBER-CRIT-175,DMOI-RF-LSS-BCRPBRL-RET-044,DMOI-RF-LSS-BCRPBLK-BLOCK-044,evidence_intake_gate_reviewed,evidence_governance_owner,source_text_prohibition_confirmed,true_precondition_update_scope_bounded,false,false,false,true,false,false,false,false,false
DMOI-RF-LSS-BCRPBEDL-DEC-176,DMOI-RF-LSS-BCRPBEI-EVID-176,DMOI-RF-LSS-BCRPBER-CRIT-176,DMOI-RF-LSS-BCRPBRL-RET-044,DMOI-RF-LSS-BCRPBLK-BLOCK-044,evidence_intake_gate_reviewed,evidence_governance_owner,source_text_prohibition_confirmed,source_text_and_downstream_gate_limits_confirmed,false,false,false,true,false,false,false,false,false
DMOI-RF-LSS-BCRPBEDL-DEC-177,DMOI-RF-LSS-BCRPBEI-EVID-177,DMOI-RF-LSS-BCRPBER-CRIT-177,DMOI-RF-LSS-BCRPBRL-RET-045,DMOI-RF-LSS-BCRPBLK-BLOCK-045,evidence_intake_gate_reviewed,evidence_governance_owner,allowed_update_scope_bounded,dated_non_personal_return_identity,false,false,false,true,false,false,false,false,false
DMOI-RF-LSS-BCRPBEDL-DEC-178,DMOI-RF-LSS-BCRPBEI-EVID-178,DMOI-RF-LSS-BCRPBER-CRIT-178,DMOI-RF-LSS-BCRPBRL-RET-045,DMOI-RF-LSS-BCRPBLK-BLOCK-045,evidence_intake_gate_reviewed,evidence_governance_owner,allowed_update_scope_bounded,precondition_blocker_scope_match,false,false,false,true,false,false,false,false,false
DMOI-RF-LSS-BCRPBEDL-DEC-179,DMOI-RF-LSS-BCRPBEI-EVID-179,DMOI-RF-LSS-BCRPBER-CRIT-179,DMOI-RF-LSS-BCRPBRL-RET-045,DMOI-RF-LSS-BCRPBLK-BLOCK-045,evidence_intake_gate_reviewed,evidence_governance_owner,allowed_update_scope_bounded,true_precondition_update_scope_bounded,false,false,false,true,false,false,false,false,false
DMOI-RF-LSS-BCRPBEDL-DEC-180,DMOI-RF-LSS-BCRPBEI-EVID-180,DMOI-RF-LSS-BCRPBER-CRIT-180,DMOI-RF-LSS-BCRPBRL-RET-045,DMOI-RF-LSS-BCRPBLK-BLOCK-045,evidence_intake_gate_reviewed,evidence_governance_owner,allowed_update_scope_bounded,source_text_and_downstream_gate_limits_confirmed,false,false,false,true,false,false,false,false,false
DMOI-RF-LSS-BCRPBEDL-DEC-181,DMOI-RF-LSS-BCRPBEI-EVID-181,DMOI-RF-LSS-BCRPBER-CRIT-181,DMOI-RF-LSS-BCRPBRL-RET-046,DMOI-RF-LSS-BCRPBLK-BLOCK-046,evidence_intake_gate_reviewed,evidence_governance_owner,authority_role_validated,dated_non_personal_return_identity,false,false,false,true,false,false,false,false,false
DMOI-RF-LSS-BCRPBEDL-DEC-182,DMOI-RF-LSS-BCRPBEI-EVID-182,DMOI-RF-LSS-BCRPBER-CRIT-182,DMOI-RF-LSS-BCRPBRL-RET-046,DMOI-RF-LSS-BCRPBLK-BLOCK-046,evidence_intake_gate_reviewed,evidence_governance_owner,authority_role_validated,precondition_blocker_scope_match,false,false,false,true,false,false,false,false,false
DMOI-RF-LSS-BCRPBEDL-DEC-183,DMOI-RF-LSS-BCRPBEI-EVID-183,DMOI-RF-LSS-BCRPBER-CRIT-183,DMOI-RF-LSS-BCRPBRL-RET-046,DMOI-RF-LSS-BCRPBLK-BLOCK-046,evidence_intake_gate_reviewed,evidence_governance_owner,authority_role_validated,true_precondition_update_scope_bounded,false,false,false,true,false,false,false,false,false
DMOI-RF-LSS-BCRPBEDL-DEC-184,DMOI-RF-LSS-BCRPBEI-EVID-184,DMOI-RF-LSS-BCRPBER-CRIT-184,DMOI-RF-LSS-BCRPBRL-RET-046,DMOI-RF-LSS-BCRPBLK-BLOCK-046,evidence_intake_gate_reviewed,evidence_governance_owner,authority_role_validated,source_text_and_downstream_gate_limits_confirmed,false,false,false,true,false,false,false,false,false
DMOI-RF-LSS-BCRPBEDL-DEC-185,DMOI-RF-LSS-BCRPBEI-EVID-185,DMOI-RF-LSS-BCRPBER-CRIT-185,DMOI-RF-LSS-BCRPBRL-RET-047,DMOI-RF-LSS-BCRPBLK-BLOCK-047,evidence_intake_gate_reviewed,evidence_governance_owner,downstream_query_gate_separate,dated_non_personal_return_identity,false,false,false,true,false,false,false,false,false
DMOI-RF-LSS-BCRPBEDL-DEC-186,DMOI-RF-LSS-BCRPBEI-EVID-186,DMOI-RF-LSS-BCRPBER-CRIT-186,DMOI-RF-LSS-BCRPBRL-RET-047,DMOI-RF-LSS-BCRPBLK-BLOCK-047,evidence_intake_gate_reviewed,evidence_governance_owner,downstream_query_gate_separate,precondition_blocker_scope_match,false,false,false,true,false,false,false,false,false
DMOI-RF-LSS-BCRPBEDL-DEC-187,DMOI-RF-LSS-BCRPBEI-EVID-187,DMOI-RF-LSS-BCRPBER-CRIT-187,DMOI-RF-LSS-BCRPBRL-RET-047,DMOI-RF-LSS-BCRPBLK-BLOCK-047,evidence_intake_gate_reviewed,evidence_governance_owner,downstream_query_gate_separate,true_precondition_update_scope_bounded,false,false,false,true,false,false,false,false,false
DMOI-RF-LSS-BCRPBEDL-DEC-188,DMOI-RF-LSS-BCRPBEI-EVID-188,DMOI-RF-LSS-BCRPBER-CRIT-188,DMOI-RF-LSS-BCRPBRL-RET-047,DMOI-RF-LSS-BCRPBLK-BLOCK-047,evidence_intake_gate_reviewed,evidence_governance_owner,downstream_query_gate_separate,source_text_and_downstream_gate_limits_confirmed,false,false,false,true,false,false,false,false,false
DMOI-RF-LSS-BCRPBEDL-DEC-189,DMOI-RF-LSS-BCRPBEI-EVID-189,DMOI-RF-LSS-BCRPBER-CRIT-189,DMOI-RF-LSS-BCRPBRL-RET-048,DMOI-RF-LSS-BCRPBLK-BLOCK-048,evidence_intake_gate_reviewed,evidence_governance_owner,downstream_surface_translation_gates_separate,dated_non_personal_return_identity,false,false,false,true,false,false,false,false,false
DMOI-RF-LSS-BCRPBEDL-DEC-190,DMOI-RF-LSS-BCRPBEI-EVID-190,DMOI-RF-LSS-BCRPBER-CRIT-190,DMOI-RF-LSS-BCRPBRL-RET-048,DMOI-RF-LSS-BCRPBLK-BLOCK-048,evidence_intake_gate_reviewed,evidence_governance_owner,downstream_surface_translation_gates_separate,precondition_blocker_scope_match,false,false,false,true,false,false,false,false,false
DMOI-RF-LSS-BCRPBEDL-DEC-191,DMOI-RF-LSS-BCRPBEI-EVID-191,DMOI-RF-LSS-BCRPBER-CRIT-191,DMOI-RF-LSS-BCRPBRL-RET-048,DMOI-RF-LSS-BCRPBLK-BLOCK-048,evidence_intake_gate_reviewed,evidence_governance_owner,downstream_surface_translation_gates_separate,true_precondition_update_scope_bounded,false,false,false,true,false,false,false,false,false
DMOI-RF-LSS-BCRPBEDL-DEC-192,DMOI-RF-LSS-BCRPBEI-EVID-192,DMOI-RF-LSS-BCRPBER-CRIT-192,DMOI-RF-LSS-BCRPBRL-RET-048,DMOI-RF-LSS-BCRPBLK-BLOCK-048,evidence_intake_gate_reviewed,evidence_governance_owner,downstream_surface_translation_gates_separate,source_text_and_downstream_gate_limits_confirmed,false,false,false,true,false,false,false,false,false
DMOI-RF-LSS-BCRPBEDL-DEC-193,DMOI-RF-LSS-BCRPBEI-EVID-193,DMOI-RF-LSS-BCRPBER-CRIT-193,DMOI-RF-LSS-BCRPBRL-RET-049,DMOI-RF-LSS-BCRPBLK-BLOCK-049,forbidden_source_text_confirmed,evidence_governance_owner,decision_row_linkage_validated,dated_non_personal_return_identity,false,false,false,true,false,false,false,false,false
DMOI-RF-LSS-BCRPBEDL-DEC-194,DMOI-RF-LSS-BCRPBEI-EVID-194,DMOI-RF-LSS-BCRPBER-CRIT-194,DMOI-RF-LSS-BCRPBRL-RET-049,DMOI-RF-LSS-BCRPBLK-BLOCK-049,forbidden_source_text_confirmed,evidence_governance_owner,decision_row_linkage_validated,precondition_blocker_scope_match,false,false,false,true,false,false,false,false,false
DMOI-RF-LSS-BCRPBEDL-DEC-195,DMOI-RF-LSS-BCRPBEI-EVID-195,DMOI-RF-LSS-BCRPBER-CRIT-195,DMOI-RF-LSS-BCRPBRL-RET-049,DMOI-RF-LSS-BCRPBLK-BLOCK-049,forbidden_source_text_confirmed,evidence_governance_owner,decision_row_linkage_validated,true_precondition_update_scope_bounded,false,false,false,true,false,false,false,false,false
DMOI-RF-LSS-BCRPBEDL-DEC-196,DMOI-RF-LSS-BCRPBEI-EVID-196,DMOI-RF-LSS-BCRPBER-CRIT-196,DMOI-RF-LSS-BCRPBRL-RET-049,DMOI-RF-LSS-BCRPBLK-BLOCK-049,forbidden_source_text_confirmed,evidence_governance_owner,decision_row_linkage_validated,source_text_and_downstream_gate_limits_confirmed,false,false,false,true,false,false,false,false,false
DMOI-RF-LSS-BCRPBEDL-DEC-197,DMOI-RF-LSS-BCRPBEI-EVID-197,DMOI-RF-LSS-BCRPBER-CRIT-197,DMOI-RF-LSS-BCRPBRL-RET-050,DMOI-RF-LSS-BCRPBLK-BLOCK-050,forbidden_source_text_confirmed,evidence_governance_owner,all_decision_fields_filled,dated_non_personal_return_identity,false,false,false,true,false,false,false,false,false
DMOI-RF-LSS-BCRPBEDL-DEC-198,DMOI-RF-LSS-BCRPBEI-EVID-198,DMOI-RF-LSS-BCRPBER-CRIT-198,DMOI-RF-LSS-BCRPBRL-RET-050,DMOI-RF-LSS-BCRPBLK-BLOCK-050,forbidden_source_text_confirmed,evidence_governance_owner,all_decision_fields_filled,precondition_blocker_scope_match,false,false,false,true,false,false,false,false,false
DMOI-RF-LSS-BCRPBEDL-DEC-199,DMOI-RF-LSS-BCRPBEI-EVID-199,DMOI-RF-LSS-BCRPBER-CRIT-199,DMOI-RF-LSS-BCRPBRL-RET-050,DMOI-RF-LSS-BCRPBLK-BLOCK-050,forbidden_source_text_confirmed,evidence_governance_owner,all_decision_fields_filled,true_precondition_update_scope_bounded,false,false,false,true,false,false,false,false,false
DMOI-RF-LSS-BCRPBEDL-DEC-200,DMOI-RF-LSS-BCRPBEI-EVID-200,DMOI-RF-LSS-BCRPBER-CRIT-200,DMOI-RF-LSS-BCRPBRL-RET-050,DMOI-RF-LSS-BCRPBLK-BLOCK-050,forbidden_source_text_confirmed,evidence_governance_owner,all_decision_fields_filled,source_text_and_downstream_gate_limits_confirmed,false,false,false,true,false,false,false,false,false
DMOI-RF-LSS-BCRPBEDL-DEC-201,DMOI-RF-LSS-BCRPBEI-EVID-201,DMOI-RF-LSS-BCRPBER-CRIT-201,DMOI-RF-LSS-BCRPBRL-RET-051,DMOI-RF-LSS-BCRPBLK-BLOCK-051,forbidden_source_text_confirmed,evidence_governance_owner,all_criteria_decisions_recorded,dated_non_personal_return_identity,false,false,false,true,false,false,false,false,false
DMOI-RF-LSS-BCRPBEDL-DEC-202,DMOI-RF-LSS-BCRPBEI-EVID-202,DMOI-RF-LSS-BCRPBER-CRIT-202,DMOI-RF-LSS-BCRPBRL-RET-051,DMOI-RF-LSS-BCRPBLK-BLOCK-051,forbidden_source_text_confirmed,evidence_governance_owner,all_criteria_decisions_recorded,precondition_blocker_scope_match,false,false,false,true,false,false,false,false,false
DMOI-RF-LSS-BCRPBEDL-DEC-203,DMOI-RF-LSS-BCRPBEI-EVID-203,DMOI-RF-LSS-BCRPBER-CRIT-203,DMOI-RF-LSS-BCRPBRL-RET-051,DMOI-RF-LSS-BCRPBLK-BLOCK-051,forbidden_source_text_confirmed,evidence_governance_owner,all_criteria_decisions_recorded,true_precondition_update_scope_bounded,false,false,false,true,false,false,false,false,false
DMOI-RF-LSS-BCRPBEDL-DEC-204,DMOI-RF-LSS-BCRPBEI-EVID-204,DMOI-RF-LSS-BCRPBER-CRIT-204,DMOI-RF-LSS-BCRPBRL-RET-051,DMOI-RF-LSS-BCRPBLK-BLOCK-051,forbidden_source_text_confirmed,evidence_governance_owner,all_criteria_decisions_recorded,source_text_and_downstream_gate_limits_confirmed,false,false,false,true,false,false,false,false,false
DMOI-RF-LSS-BCRPBEDL-DEC-205,DMOI-RF-LSS-BCRPBEI-EVID-205,DMOI-RF-LSS-BCRPBER-CRIT-205,DMOI-RF-LSS-BCRPBRL-RET-052,DMOI-RF-LSS-BCRPBLK-BLOCK-052,forbidden_source_text_confirmed,evidence_governance_owner,all_criteria_passed,dated_non_personal_return_identity,false,false,false,true,false,false,false,false,false
DMOI-RF-LSS-BCRPBEDL-DEC-206,DMOI-RF-LSS-BCRPBEI-EVID-206,DMOI-RF-LSS-BCRPBER-CRIT-206,DMOI-RF-LSS-BCRPBRL-RET-052,DMOI-RF-LSS-BCRPBLK-BLOCK-052,forbidden_source_text_confirmed,evidence_governance_owner,all_criteria_passed,precondition_blocker_scope_match,false,false,false,true,false,false,false,false,false
DMOI-RF-LSS-BCRPBEDL-DEC-207,DMOI-RF-LSS-BCRPBEI-EVID-207,DMOI-RF-LSS-BCRPBER-CRIT-207,DMOI-RF-LSS-BCRPBRL-RET-052,DMOI-RF-LSS-BCRPBLK-BLOCK-052,forbidden_source_text_confirmed,evidence_governance_owner,all_criteria_passed,true_precondition_update_scope_bounded,false,false,false,true,false,false,false,false,false
DMOI-RF-LSS-BCRPBEDL-DEC-208,DMOI-RF-LSS-BCRPBEI-EVID-208,DMOI-RF-LSS-BCRPBER-CRIT-208,DMOI-RF-LSS-BCRPBRL-RET-052,DMOI-RF-LSS-BCRPBLK-BLOCK-052,forbidden_source_text_confirmed,evidence_governance_owner,all_criteria_passed,source_text_and_downstream_gate_limits_confirmed,false,false,false,true,false,false,false,false,false
DMOI-RF-LSS-BCRPBEDL-DEC-209,DMOI-RF-LSS-BCRPBEI-EVID-209,DMOI-RF-LSS-BCRPBER-CRIT-209,DMOI-RF-LSS-BCRPBRL-RET-053,DMOI-RF-LSS-BCRPBLK-BLOCK-053,forbidden_source_text_confirmed,evidence_governance_owner,no_criteria_failed,dated_non_personal_return_identity,false,false,false,true,false,false,false,false,false
DMOI-RF-LSS-BCRPBEDL-DEC-210,DMOI-RF-LSS-BCRPBEI-EVID-210,DMOI-RF-LSS-BCRPBER-CRIT-210,DMOI-RF-LSS-BCRPBRL-RET-053,DMOI-RF-LSS-BCRPBLK-BLOCK-053,forbidden_source_text_confirmed,evidence_governance_owner,no_criteria_failed,precondition_blocker_scope_match,false,false,false,true,false,false,false,false,false
DMOI-RF-LSS-BCRPBEDL-DEC-211,DMOI-RF-LSS-BCRPBEI-EVID-211,DMOI-RF-LSS-BCRPBER-CRIT-211,DMOI-RF-LSS-BCRPBRL-RET-053,DMOI-RF-LSS-BCRPBLK-BLOCK-053,forbidden_source_text_confirmed,evidence_governance_owner,no_criteria_failed,true_precondition_update_scope_bounded,false,false,false,true,false,false,false,false,false
DMOI-RF-LSS-BCRPBEDL-DEC-212,DMOI-RF-LSS-BCRPBEI-EVID-212,DMOI-RF-LSS-BCRPBER-CRIT-212,DMOI-RF-LSS-BCRPBRL-RET-053,DMOI-RF-LSS-BCRPBLK-BLOCK-053,forbidden_source_text_confirmed,evidence_governance_owner,no_criteria_failed,source_text_and_downstream_gate_limits_confirmed,false,false,false,true,false,false,false,false,false
DMOI-RF-LSS-BCRPBEDL-DEC-213,DMOI-RF-LSS-BCRPBEI-EVID-213,DMOI-RF-LSS-BCRPBER-CRIT-213,DMOI-RF-LSS-BCRPBRL-RET-054,DMOI-RF-LSS-BCRPBLK-BLOCK-054,forbidden_source_text_confirmed,evidence_governance_owner,evidence_values_reviewed,dated_non_personal_return_identity,false,false,false,true,false,false,false,false,false
DMOI-RF-LSS-BCRPBEDL-DEC-214,DMOI-RF-LSS-BCRPBEI-EVID-214,DMOI-RF-LSS-BCRPBER-CRIT-214,DMOI-RF-LSS-BCRPBRL-RET-054,DMOI-RF-LSS-BCRPBLK-BLOCK-054,forbidden_source_text_confirmed,evidence_governance_owner,evidence_values_reviewed,precondition_blocker_scope_match,false,false,false,true,false,false,false,false,false
DMOI-RF-LSS-BCRPBEDL-DEC-215,DMOI-RF-LSS-BCRPBEI-EVID-215,DMOI-RF-LSS-BCRPBER-CRIT-215,DMOI-RF-LSS-BCRPBRL-RET-054,DMOI-RF-LSS-BCRPBLK-BLOCK-054,forbidden_source_text_confirmed,evidence_governance_owner,evidence_values_reviewed,true_precondition_update_scope_bounded,false,false,false,true,false,false,false,false,false
DMOI-RF-LSS-BCRPBEDL-DEC-216,DMOI-RF-LSS-BCRPBEI-EVID-216,DMOI-RF-LSS-BCRPBER-CRIT-216,DMOI-RF-LSS-BCRPBRL-RET-054,DMOI-RF-LSS-BCRPBLK-BLOCK-054,forbidden_source_text_confirmed,evidence_governance_owner,evidence_values_reviewed,source_text_and_downstream_gate_limits_confirmed,false,false,false,true,false,false,false,false,false
DMOI-RF-LSS-BCRPBEDL-DEC-217,DMOI-RF-LSS-BCRPBEI-EVID-217,DMOI-RF-LSS-BCRPBER-CRIT-217,DMOI-RF-LSS-BCRPBRL-RET-055,DMOI-RF-LSS-BCRPBLK-BLOCK-055,forbidden_source_text_confirmed,evidence_governance_owner,evidence_source_pointers_reviewed,dated_non_personal_return_identity,false,false,false,true,false,false,false,false,false
DMOI-RF-LSS-BCRPBEDL-DEC-218,DMOI-RF-LSS-BCRPBEI-EVID-218,DMOI-RF-LSS-BCRPBER-CRIT-218,DMOI-RF-LSS-BCRPBRL-RET-055,DMOI-RF-LSS-BCRPBLK-BLOCK-055,forbidden_source_text_confirmed,evidence_governance_owner,evidence_source_pointers_reviewed,precondition_blocker_scope_match,false,false,false,true,false,false,false,false,false
DMOI-RF-LSS-BCRPBEDL-DEC-219,DMOI-RF-LSS-BCRPBEI-EVID-219,DMOI-RF-LSS-BCRPBER-CRIT-219,DMOI-RF-LSS-BCRPBRL-RET-055,DMOI-RF-LSS-BCRPBLK-BLOCK-055,forbidden_source_text_confirmed,evidence_governance_owner,evidence_source_pointers_reviewed,true_precondition_update_scope_bounded,false,false,false,true,false,false,false,false,false
DMOI-RF-LSS-BCRPBEDL-DEC-220,DMOI-RF-LSS-BCRPBEI-EVID-220,DMOI-RF-LSS-BCRPBER-CRIT-220,DMOI-RF-LSS-BCRPBRL-RET-055,DMOI-RF-LSS-BCRPBLK-BLOCK-055,forbidden_source_text_confirmed,evidence_governance_owner,evidence_source_pointers_reviewed,source_text_and_downstream_gate_limits_confirmed,false,false,false,true,false,false,false,false,false
DMOI-RF-LSS-BCRPBEDL-DEC-221,DMOI-RF-LSS-BCRPBEI-EVID-221,DMOI-RF-LSS-BCRPBER-CRIT-221,DMOI-RF-LSS-BCRPBRL-RET-056,DMOI-RF-LSS-BCRPBLK-BLOCK-056,forbidden_source_text_confirmed,evidence_governance_owner,source_text_prohibition_confirmed,dated_non_personal_return_identity,false,false,false,true,false,false,false,false,false
DMOI-RF-LSS-BCRPBEDL-DEC-222,DMOI-RF-LSS-BCRPBEI-EVID-222,DMOI-RF-LSS-BCRPBER-CRIT-222,DMOI-RF-LSS-BCRPBRL-RET-056,DMOI-RF-LSS-BCRPBLK-BLOCK-056,forbidden_source_text_confirmed,evidence_governance_owner,source_text_prohibition_confirmed,precondition_blocker_scope_match,false,false,false,true,false,false,false,false,false
DMOI-RF-LSS-BCRPBEDL-DEC-223,DMOI-RF-LSS-BCRPBEI-EVID-223,DMOI-RF-LSS-BCRPBER-CRIT-223,DMOI-RF-LSS-BCRPBRL-RET-056,DMOI-RF-LSS-BCRPBLK-BLOCK-056,forbidden_source_text_confirmed,evidence_governance_owner,source_text_prohibition_confirmed,true_precondition_update_scope_bounded,false,false,false,true,false,false,false,false,false
DMOI-RF-LSS-BCRPBEDL-DEC-224,DMOI-RF-LSS-BCRPBEI-EVID-224,DMOI-RF-LSS-BCRPBER-CRIT-224,DMOI-RF-LSS-BCRPBRL-RET-056,DMOI-RF-LSS-BCRPBLK-BLOCK-056,forbidden_source_text_confirmed,evidence_governance_owner,source_text_prohibition_confirmed,source_text_and_downstream_gate_limits_confirmed,false,false,false,true,false,false,false,false,false
DMOI-RF-LSS-BCRPBEDL-DEC-225,DMOI-RF-LSS-BCRPBEI-EVID-225,DMOI-RF-LSS-BCRPBER-CRIT-225,DMOI-RF-LSS-BCRPBRL-RET-057,DMOI-RF-LSS-BCRPBLK-BLOCK-057,forbidden_source_text_confirmed,evidence_governance_owner,allowed_update_scope_bounded,dated_non_personal_return_identity,false,false,false,true,false,false,false,false,false
DMOI-RF-LSS-BCRPBEDL-DEC-226,DMOI-RF-LSS-BCRPBEI-EVID-226,DMOI-RF-LSS-BCRPBER-CRIT-226,DMOI-RF-LSS-BCRPBRL-RET-057,DMOI-RF-LSS-BCRPBLK-BLOCK-057,forbidden_source_text_confirmed,evidence_governance_owner,allowed_update_scope_bounded,precondition_blocker_scope_match,false,false,false,true,false,false,false,false,false
DMOI-RF-LSS-BCRPBEDL-DEC-227,DMOI-RF-LSS-BCRPBEI-EVID-227,DMOI-RF-LSS-BCRPBER-CRIT-227,DMOI-RF-LSS-BCRPBRL-RET-057,DMOI-RF-LSS-BCRPBLK-BLOCK-057,forbidden_source_text_confirmed,evidence_governance_owner,allowed_update_scope_bounded,true_precondition_update_scope_bounded,false,false,false,true,false,false,false,false,false
DMOI-RF-LSS-BCRPBEDL-DEC-228,DMOI-RF-LSS-BCRPBEI-EVID-228,DMOI-RF-LSS-BCRPBER-CRIT-228,DMOI-RF-LSS-BCRPBRL-RET-057,DMOI-RF-LSS-BCRPBLK-BLOCK-057,forbidden_source_text_confirmed,evidence_governance_owner,allowed_update_scope_bounded,source_text_and_downstream_gate_limits_confirmed,false,false,false,true,false,false,false,false,false
DMOI-RF-LSS-BCRPBEDL-DEC-229,DMOI-RF-LSS-BCRPBEI-EVID-229,DMOI-RF-LSS-BCRPBER-CRIT-229,DMOI-RF-LSS-BCRPBRL-RET-058,DMOI-RF-LSS-BCRPBLK-BLOCK-058,forbidden_source_text_confirmed,evidence_governance_owner,authority_role_validated,dated_non_personal_return_identity,false,false,false,true,false,false,false,false,false
DMOI-RF-LSS-BCRPBEDL-DEC-230,DMOI-RF-LSS-BCRPBEI-EVID-230,DMOI-RF-LSS-BCRPBER-CRIT-230,DMOI-RF-LSS-BCRPBRL-RET-058,DMOI-RF-LSS-BCRPBLK-BLOCK-058,forbidden_source_text_confirmed,evidence_governance_owner,authority_role_validated,precondition_blocker_scope_match,false,false,false,true,false,false,false,false,false
DMOI-RF-LSS-BCRPBEDL-DEC-231,DMOI-RF-LSS-BCRPBEI-EVID-231,DMOI-RF-LSS-BCRPBER-CRIT-231,DMOI-RF-LSS-BCRPBRL-RET-058,DMOI-RF-LSS-BCRPBLK-BLOCK-058,forbidden_source_text_confirmed,evidence_governance_owner,authority_role_validated,true_precondition_update_scope_bounded,false,false,false,true,false,false,false,false,false
DMOI-RF-LSS-BCRPBEDL-DEC-232,DMOI-RF-LSS-BCRPBEI-EVID-232,DMOI-RF-LSS-BCRPBER-CRIT-232,DMOI-RF-LSS-BCRPBRL-RET-058,DMOI-RF-LSS-BCRPBLK-BLOCK-058,forbidden_source_text_confirmed,evidence_governance_owner,authority_role_validated,source_text_and_downstream_gate_limits_confirmed,false,false,false,true,false,false,false,false,false
DMOI-RF-LSS-BCRPBEDL-DEC-233,DMOI-RF-LSS-BCRPBEI-EVID-233,DMOI-RF-LSS-BCRPBER-CRIT-233,DMOI-RF-LSS-BCRPBRL-RET-059,DMOI-RF-LSS-BCRPBLK-BLOCK-059,forbidden_source_text_confirmed,evidence_governance_owner,downstream_query_gate_separate,dated_non_personal_return_identity,false,false,false,true,false,false,false,false,false
DMOI-RF-LSS-BCRPBEDL-DEC-234,DMOI-RF-LSS-BCRPBEI-EVID-234,DMOI-RF-LSS-BCRPBER-CRIT-234,DMOI-RF-LSS-BCRPBRL-RET-059,DMOI-RF-LSS-BCRPBLK-BLOCK-059,forbidden_source_text_confirmed,evidence_governance_owner,downstream_query_gate_separate,precondition_blocker_scope_match,false,false,false,true,false,false,false,false,false
DMOI-RF-LSS-BCRPBEDL-DEC-235,DMOI-RF-LSS-BCRPBEI-EVID-235,DMOI-RF-LSS-BCRPBER-CRIT-235,DMOI-RF-LSS-BCRPBRL-RET-059,DMOI-RF-LSS-BCRPBLK-BLOCK-059,forbidden_source_text_confirmed,evidence_governance_owner,downstream_query_gate_separate,true_precondition_update_scope_bounded,false,false,false,true,false,false,false,false,false
DMOI-RF-LSS-BCRPBEDL-DEC-236,DMOI-RF-LSS-BCRPBEI-EVID-236,DMOI-RF-LSS-BCRPBER-CRIT-236,DMOI-RF-LSS-BCRPBRL-RET-059,DMOI-RF-LSS-BCRPBLK-BLOCK-059,forbidden_source_text_confirmed,evidence_governance_owner,downstream_query_gate_separate,source_text_and_downstream_gate_limits_confirmed,false,false,false,true,false,false,false,false,false
DMOI-RF-LSS-BCRPBEDL-DEC-237,DMOI-RF-LSS-BCRPBEI-EVID-237,DMOI-RF-LSS-BCRPBER-CRIT-237,DMOI-RF-LSS-BCRPBRL-RET-060,DMOI-RF-LSS-BCRPBLK-BLOCK-060,forbidden_source_text_confirmed,evidence_governance_owner,downstream_surface_translation_gates_separate,dated_non_personal_return_identity,false,false,false,true,false,false,false,false,false
DMOI-RF-LSS-BCRPBEDL-DEC-238,DMOI-RF-LSS-BCRPBEI-EVID-238,DMOI-RF-LSS-BCRPBER-CRIT-238,DMOI-RF-LSS-BCRPBRL-RET-060,DMOI-RF-LSS-BCRPBLK-BLOCK-060,forbidden_source_text_confirmed,evidence_governance_owner,downstream_surface_translation_gates_separate,precondition_blocker_scope_match,false,false,false,true,false,false,false,false,false
DMOI-RF-LSS-BCRPBEDL-DEC-239,DMOI-RF-LSS-BCRPBEI-EVID-239,DMOI-RF-LSS-BCRPBER-CRIT-239,DMOI-RF-LSS-BCRPBRL-RET-060,DMOI-RF-LSS-BCRPBLK-BLOCK-060,forbidden_source_text_confirmed,evidence_governance_owner,downstream_surface_translation_gates_separate,true_precondition_update_scope_bounded,false,false,false,true,false,false,false,false,false
DMOI-RF-LSS-BCRPBEDL-DEC-240,DMOI-RF-LSS-BCRPBEI-EVID-240,DMOI-RF-LSS-BCRPBER-CRIT-240,DMOI-RF-LSS-BCRPBRL-RET-060,DMOI-RF-LSS-BCRPBLK-BLOCK-060,forbidden_source_text_confirmed,evidence_governance_owner,downstream_surface_translation_gates_separate,source_text_and_downstream_gate_limits_confirmed,false,false,false,true,false,false,false,false,false
DMOI-RF-LSS-BCRPBEDL-DEC-241,DMOI-RF-LSS-BCRPBEI-EVID-241,DMOI-RF-LSS-BCRPBER-CRIT-241,DMOI-RF-LSS-BCRPBRL-RET-061,DMOI-RF-LSS-BCRPBLK-BLOCK-061,license_terms_cleared,capture_policy_return_owner,decision_row_linkage_validated,dated_non_personal_return_identity,false,false,false,true,false,false,false,false,false
DMOI-RF-LSS-BCRPBEDL-DEC-242,DMOI-RF-LSS-BCRPBEI-EVID-242,DMOI-RF-LSS-BCRPBER-CRIT-242,DMOI-RF-LSS-BCRPBRL-RET-061,DMOI-RF-LSS-BCRPBLK-BLOCK-061,license_terms_cleared,capture_policy_return_owner,decision_row_linkage_validated,precondition_blocker_scope_match,false,false,false,true,false,false,false,false,false
DMOI-RF-LSS-BCRPBEDL-DEC-243,DMOI-RF-LSS-BCRPBEI-EVID-243,DMOI-RF-LSS-BCRPBER-CRIT-243,DMOI-RF-LSS-BCRPBRL-RET-061,DMOI-RF-LSS-BCRPBLK-BLOCK-061,license_terms_cleared,capture_policy_return_owner,decision_row_linkage_validated,true_precondition_update_scope_bounded,false,false,false,true,false,false,false,false,false
DMOI-RF-LSS-BCRPBEDL-DEC-244,DMOI-RF-LSS-BCRPBEI-EVID-244,DMOI-RF-LSS-BCRPBER-CRIT-244,DMOI-RF-LSS-BCRPBRL-RET-061,DMOI-RF-LSS-BCRPBLK-BLOCK-061,license_terms_cleared,capture_policy_return_owner,decision_row_linkage_validated,source_text_and_downstream_gate_limits_confirmed,false,false,false,true,false,false,false,false,false
DMOI-RF-LSS-BCRPBEDL-DEC-245,DMOI-RF-LSS-BCRPBEI-EVID-245,DMOI-RF-LSS-BCRPBER-CRIT-245,DMOI-RF-LSS-BCRPBRL-RET-062,DMOI-RF-LSS-BCRPBLK-BLOCK-062,license_terms_cleared,capture_policy_return_owner,all_decision_fields_filled,dated_non_personal_return_identity,false,false,false,true,false,false,false,false,false
DMOI-RF-LSS-BCRPBEDL-DEC-246,DMOI-RF-LSS-BCRPBEI-EVID-246,DMOI-RF-LSS-BCRPBER-CRIT-246,DMOI-RF-LSS-BCRPBRL-RET-062,DMOI-RF-LSS-BCRPBLK-BLOCK-062,license_terms_cleared,capture_policy_return_owner,all_decision_fields_filled,precondition_blocker_scope_match,false,false,false,true,false,false,false,false,false
DMOI-RF-LSS-BCRPBEDL-DEC-247,DMOI-RF-LSS-BCRPBEI-EVID-247,DMOI-RF-LSS-BCRPBER-CRIT-247,DMOI-RF-LSS-BCRPBRL-RET-062,DMOI-RF-LSS-BCRPBLK-BLOCK-062,license_terms_cleared,capture_policy_return_owner,all_decision_fields_filled,true_precondition_update_scope_bounded,false,false,false,true,false,false,false,false,false
DMOI-RF-LSS-BCRPBEDL-DEC-248,DMOI-RF-LSS-BCRPBEI-EVID-248,DMOI-RF-LSS-BCRPBER-CRIT-248,DMOI-RF-LSS-BCRPBRL-RET-062,DMOI-RF-LSS-BCRPBLK-BLOCK-062,license_terms_cleared,capture_policy_return_owner,all_decision_fields_filled,source_text_and_downstream_gate_limits_confirmed,false,false,false,true,false,false,false,false,false
DMOI-RF-LSS-BCRPBEDL-DEC-249,DMOI-RF-LSS-BCRPBEI-EVID-249,DMOI-RF-LSS-BCRPBER-CRIT-249,DMOI-RF-LSS-BCRPBRL-RET-063,DMOI-RF-LSS-BCRPBLK-BLOCK-063,license_terms_cleared,capture_policy_return_owner,all_criteria_decisions_recorded,dated_non_personal_return_identity,false,false,false,true,false,false,false,false,false
DMOI-RF-LSS-BCRPBEDL-DEC-250,DMOI-RF-LSS-BCRPBEI-EVID-250,DMOI-RF-LSS-BCRPBER-CRIT-250,DMOI-RF-LSS-BCRPBRL-RET-063,DMOI-RF-LSS-BCRPBLK-BLOCK-063,license_terms_cleared,capture_policy_return_owner,all_criteria_decisions_recorded,precondition_blocker_scope_match,false,false,false,true,false,false,false,false,false
DMOI-RF-LSS-BCRPBEDL-DEC-251,DMOI-RF-LSS-BCRPBEI-EVID-251,DMOI-RF-LSS-BCRPBER-CRIT-251,DMOI-RF-LSS-BCRPBRL-RET-063,DMOI-RF-LSS-BCRPBLK-BLOCK-063,license_terms_cleared,capture_policy_return_owner,all_criteria_decisions_recorded,true_precondition_update_scope_bounded,false,false,false,true,false,false,false,false,false
DMOI-RF-LSS-BCRPBEDL-DEC-252,DMOI-RF-LSS-BCRPBEI-EVID-252,DMOI-RF-LSS-BCRPBER-CRIT-252,DMOI-RF-LSS-BCRPBRL-RET-063,DMOI-RF-LSS-BCRPBLK-BLOCK-063,license_terms_cleared,capture_policy_return_owner,all_criteria_decisions_recorded,source_text_and_downstream_gate_limits_confirmed,false,false,false,true,false,false,false,false,false
DMOI-RF-LSS-BCRPBEDL-DEC-253,DMOI-RF-LSS-BCRPBEI-EVID-253,DMOI-RF-LSS-BCRPBER-CRIT-253,DMOI-RF-LSS-BCRPBRL-RET-064,DMOI-RF-LSS-BCRPBLK-BLOCK-064,license_terms_cleared,capture_policy_return_owner,all_criteria_passed,dated_non_personal_return_identity,false,false,false,true,false,false,false,false,false
DMOI-RF-LSS-BCRPBEDL-DEC-254,DMOI-RF-LSS-BCRPBEI-EVID-254,DMOI-RF-LSS-BCRPBER-CRIT-254,DMOI-RF-LSS-BCRPBRL-RET-064,DMOI-RF-LSS-BCRPBLK-BLOCK-064,license_terms_cleared,capture_policy_return_owner,all_criteria_passed,precondition_blocker_scope_match,false,false,false,true,false,false,false,false,false
DMOI-RF-LSS-BCRPBEDL-DEC-255,DMOI-RF-LSS-BCRPBEI-EVID-255,DMOI-RF-LSS-BCRPBER-CRIT-255,DMOI-RF-LSS-BCRPBRL-RET-064,DMOI-RF-LSS-BCRPBLK-BLOCK-064,license_terms_cleared,capture_policy_return_owner,all_criteria_passed,true_precondition_update_scope_bounded,false,false,false,true,false,false,false,false,false
DMOI-RF-LSS-BCRPBEDL-DEC-256,DMOI-RF-LSS-BCRPBEI-EVID-256,DMOI-RF-LSS-BCRPBER-CRIT-256,DMOI-RF-LSS-BCRPBRL-RET-064,DMOI-RF-LSS-BCRPBLK-BLOCK-064,license_terms_cleared,capture_policy_return_owner,all_criteria_passed,source_text_and_downstream_gate_limits_confirmed,false,false,false,true,false,false,false,false,false
DMOI-RF-LSS-BCRPBEDL-DEC-257,DMOI-RF-LSS-BCRPBEI-EVID-257,DMOI-RF-LSS-BCRPBER-CRIT-257,DMOI-RF-LSS-BCRPBRL-RET-065,DMOI-RF-LSS-BCRPBLK-BLOCK-065,license_terms_cleared,capture_policy_return_owner,no_criteria_failed,dated_non_personal_return_identity,false,false,false,true,false,false,false,false,false
DMOI-RF-LSS-BCRPBEDL-DEC-258,DMOI-RF-LSS-BCRPBEI-EVID-258,DMOI-RF-LSS-BCRPBER-CRIT-258,DMOI-RF-LSS-BCRPBRL-RET-065,DMOI-RF-LSS-BCRPBLK-BLOCK-065,license_terms_cleared,capture_policy_return_owner,no_criteria_failed,precondition_blocker_scope_match,false,false,false,true,false,false,false,false,false
DMOI-RF-LSS-BCRPBEDL-DEC-259,DMOI-RF-LSS-BCRPBEI-EVID-259,DMOI-RF-LSS-BCRPBER-CRIT-259,DMOI-RF-LSS-BCRPBRL-RET-065,DMOI-RF-LSS-BCRPBLK-BLOCK-065,license_terms_cleared,capture_policy_return_owner,no_criteria_failed,true_precondition_update_scope_bounded,false,false,false,true,false,false,false,false,false
DMOI-RF-LSS-BCRPBEDL-DEC-260,DMOI-RF-LSS-BCRPBEI-EVID-260,DMOI-RF-LSS-BCRPBER-CRIT-260,DMOI-RF-LSS-BCRPBRL-RET-065,DMOI-RF-LSS-BCRPBLK-BLOCK-065,license_terms_cleared,capture_policy_return_owner,no_criteria_failed,source_text_and_downstream_gate_limits_confirmed,false,false,false,true,false,false,false,false,false
DMOI-RF-LSS-BCRPBEDL-DEC-261,DMOI-RF-LSS-BCRPBEI-EVID-261,DMOI-RF-LSS-BCRPBER-CRIT-261,DMOI-RF-LSS-BCRPBRL-RET-066,DMOI-RF-LSS-BCRPBLK-BLOCK-066,license_terms_cleared,capture_policy_return_owner,evidence_values_reviewed,dated_non_personal_return_identity,false,false,false,true,false,false,false,false,false
DMOI-RF-LSS-BCRPBEDL-DEC-262,DMOI-RF-LSS-BCRPBEI-EVID-262,DMOI-RF-LSS-BCRPBER-CRIT-262,DMOI-RF-LSS-BCRPBRL-RET-066,DMOI-RF-LSS-BCRPBLK-BLOCK-066,license_terms_cleared,capture_policy_return_owner,evidence_values_reviewed,precondition_blocker_scope_match,false,false,false,true,false,false,false,false,false
DMOI-RF-LSS-BCRPBEDL-DEC-263,DMOI-RF-LSS-BCRPBEI-EVID-263,DMOI-RF-LSS-BCRPBER-CRIT-263,DMOI-RF-LSS-BCRPBRL-RET-066,DMOI-RF-LSS-BCRPBLK-BLOCK-066,license_terms_cleared,capture_policy_return_owner,evidence_values_reviewed,true_precondition_update_scope_bounded,false,false,false,true,false,false,false,false,false
DMOI-RF-LSS-BCRPBEDL-DEC-264,DMOI-RF-LSS-BCRPBEI-EVID-264,DMOI-RF-LSS-BCRPBER-CRIT-264,DMOI-RF-LSS-BCRPBRL-RET-066,DMOI-RF-LSS-BCRPBLK-BLOCK-066,license_terms_cleared,capture_policy_return_owner,evidence_values_reviewed,source_text_and_downstream_gate_limits_confirmed,false,false,false,true,false,false,false,false,false
DMOI-RF-LSS-BCRPBEDL-DEC-265,DMOI-RF-LSS-BCRPBEI-EVID-265,DMOI-RF-LSS-BCRPBER-CRIT-265,DMOI-RF-LSS-BCRPBRL-RET-067,DMOI-RF-LSS-BCRPBLK-BLOCK-067,license_terms_cleared,capture_policy_return_owner,evidence_source_pointers_reviewed,dated_non_personal_return_identity,false,false,false,true,false,false,false,false,false
DMOI-RF-LSS-BCRPBEDL-DEC-266,DMOI-RF-LSS-BCRPBEI-EVID-266,DMOI-RF-LSS-BCRPBER-CRIT-266,DMOI-RF-LSS-BCRPBRL-RET-067,DMOI-RF-LSS-BCRPBLK-BLOCK-067,license_terms_cleared,capture_policy_return_owner,evidence_source_pointers_reviewed,precondition_blocker_scope_match,false,false,false,true,false,false,false,false,false
DMOI-RF-LSS-BCRPBEDL-DEC-267,DMOI-RF-LSS-BCRPBEI-EVID-267,DMOI-RF-LSS-BCRPBER-CRIT-267,DMOI-RF-LSS-BCRPBRL-RET-067,DMOI-RF-LSS-BCRPBLK-BLOCK-067,license_terms_cleared,capture_policy_return_owner,evidence_source_pointers_reviewed,true_precondition_update_scope_bounded,false,false,false,true,false,false,false,false,false
DMOI-RF-LSS-BCRPBEDL-DEC-268,DMOI-RF-LSS-BCRPBEI-EVID-268,DMOI-RF-LSS-BCRPBER-CRIT-268,DMOI-RF-LSS-BCRPBRL-RET-067,DMOI-RF-LSS-BCRPBLK-BLOCK-067,license_terms_cleared,capture_policy_return_owner,evidence_source_pointers_reviewed,source_text_and_downstream_gate_limits_confirmed,false,false,false,true,false,false,false,false,false
DMOI-RF-LSS-BCRPBEDL-DEC-269,DMOI-RF-LSS-BCRPBEI-EVID-269,DMOI-RF-LSS-BCRPBER-CRIT-269,DMOI-RF-LSS-BCRPBRL-RET-068,DMOI-RF-LSS-BCRPBLK-BLOCK-068,license_terms_cleared,capture_policy_return_owner,source_text_prohibition_confirmed,dated_non_personal_return_identity,false,false,false,true,false,false,false,false,false
DMOI-RF-LSS-BCRPBEDL-DEC-270,DMOI-RF-LSS-BCRPBEI-EVID-270,DMOI-RF-LSS-BCRPBER-CRIT-270,DMOI-RF-LSS-BCRPBRL-RET-068,DMOI-RF-LSS-BCRPBLK-BLOCK-068,license_terms_cleared,capture_policy_return_owner,source_text_prohibition_confirmed,precondition_blocker_scope_match,false,false,false,true,false,false,false,false,false
DMOI-RF-LSS-BCRPBEDL-DEC-271,DMOI-RF-LSS-BCRPBEI-EVID-271,DMOI-RF-LSS-BCRPBER-CRIT-271,DMOI-RF-LSS-BCRPBRL-RET-068,DMOI-RF-LSS-BCRPBLK-BLOCK-068,license_terms_cleared,capture_policy_return_owner,source_text_prohibition_confirmed,true_precondition_update_scope_bounded,false,false,false,true,false,false,false,false,false
DMOI-RF-LSS-BCRPBEDL-DEC-272,DMOI-RF-LSS-BCRPBEI-EVID-272,DMOI-RF-LSS-BCRPBER-CRIT-272,DMOI-RF-LSS-BCRPBRL-RET-068,DMOI-RF-LSS-BCRPBLK-BLOCK-068,license_terms_cleared,capture_policy_return_owner,source_text_prohibition_confirmed,source_text_and_downstream_gate_limits_confirmed,false,false,false,true,false,false,false,false,false
DMOI-RF-LSS-BCRPBEDL-DEC-273,DMOI-RF-LSS-BCRPBEI-EVID-273,DMOI-RF-LSS-BCRPBER-CRIT-273,DMOI-RF-LSS-BCRPBRL-RET-069,DMOI-RF-LSS-BCRPBLK-BLOCK-069,license_terms_cleared,capture_policy_return_owner,allowed_update_scope_bounded,dated_non_personal_return_identity,false,false,false,true,false,false,false,false,false
DMOI-RF-LSS-BCRPBEDL-DEC-274,DMOI-RF-LSS-BCRPBEI-EVID-274,DMOI-RF-LSS-BCRPBER-CRIT-274,DMOI-RF-LSS-BCRPBRL-RET-069,DMOI-RF-LSS-BCRPBLK-BLOCK-069,license_terms_cleared,capture_policy_return_owner,allowed_update_scope_bounded,precondition_blocker_scope_match,false,false,false,true,false,false,false,false,false
DMOI-RF-LSS-BCRPBEDL-DEC-275,DMOI-RF-LSS-BCRPBEI-EVID-275,DMOI-RF-LSS-BCRPBER-CRIT-275,DMOI-RF-LSS-BCRPBRL-RET-069,DMOI-RF-LSS-BCRPBLK-BLOCK-069,license_terms_cleared,capture_policy_return_owner,allowed_update_scope_bounded,true_precondition_update_scope_bounded,false,false,false,true,false,false,false,false,false
DMOI-RF-LSS-BCRPBEDL-DEC-276,DMOI-RF-LSS-BCRPBEI-EVID-276,DMOI-RF-LSS-BCRPBER-CRIT-276,DMOI-RF-LSS-BCRPBRL-RET-069,DMOI-RF-LSS-BCRPBLK-BLOCK-069,license_terms_cleared,capture_policy_return_owner,allowed_update_scope_bounded,source_text_and_downstream_gate_limits_confirmed,false,false,false,true,false,false,false,false,false
DMOI-RF-LSS-BCRPBEDL-DEC-277,DMOI-RF-LSS-BCRPBEI-EVID-277,DMOI-RF-LSS-BCRPBER-CRIT-277,DMOI-RF-LSS-BCRPBRL-RET-070,DMOI-RF-LSS-BCRPBLK-BLOCK-070,license_terms_cleared,capture_policy_return_owner,authority_role_validated,dated_non_personal_return_identity,false,false,false,true,false,false,false,false,false
DMOI-RF-LSS-BCRPBEDL-DEC-278,DMOI-RF-LSS-BCRPBEI-EVID-278,DMOI-RF-LSS-BCRPBER-CRIT-278,DMOI-RF-LSS-BCRPBRL-RET-070,DMOI-RF-LSS-BCRPBLK-BLOCK-070,license_terms_cleared,capture_policy_return_owner,authority_role_validated,precondition_blocker_scope_match,false,false,false,true,false,false,false,false,false
DMOI-RF-LSS-BCRPBEDL-DEC-279,DMOI-RF-LSS-BCRPBEI-EVID-279,DMOI-RF-LSS-BCRPBER-CRIT-279,DMOI-RF-LSS-BCRPBRL-RET-070,DMOI-RF-LSS-BCRPBLK-BLOCK-070,license_terms_cleared,capture_policy_return_owner,authority_role_validated,true_precondition_update_scope_bounded,false,false,false,true,false,false,false,false,false
DMOI-RF-LSS-BCRPBEDL-DEC-280,DMOI-RF-LSS-BCRPBEI-EVID-280,DMOI-RF-LSS-BCRPBER-CRIT-280,DMOI-RF-LSS-BCRPBRL-RET-070,DMOI-RF-LSS-BCRPBLK-BLOCK-070,license_terms_cleared,capture_policy_return_owner,authority_role_validated,source_text_and_downstream_gate_limits_confirmed,false,false,false,true,false,false,false,false,false
DMOI-RF-LSS-BCRPBEDL-DEC-281,DMOI-RF-LSS-BCRPBEI-EVID-281,DMOI-RF-LSS-BCRPBER-CRIT-281,DMOI-RF-LSS-BCRPBRL-RET-071,DMOI-RF-LSS-BCRPBLK-BLOCK-071,license_terms_cleared,capture_policy_return_owner,downstream_query_gate_separate,dated_non_personal_return_identity,false,false,false,true,false,false,false,false,false
DMOI-RF-LSS-BCRPBEDL-DEC-282,DMOI-RF-LSS-BCRPBEI-EVID-282,DMOI-RF-LSS-BCRPBER-CRIT-282,DMOI-RF-LSS-BCRPBRL-RET-071,DMOI-RF-LSS-BCRPBLK-BLOCK-071,license_terms_cleared,capture_policy_return_owner,downstream_query_gate_separate,precondition_blocker_scope_match,false,false,false,true,false,false,false,false,false
DMOI-RF-LSS-BCRPBEDL-DEC-283,DMOI-RF-LSS-BCRPBEI-EVID-283,DMOI-RF-LSS-BCRPBER-CRIT-283,DMOI-RF-LSS-BCRPBRL-RET-071,DMOI-RF-LSS-BCRPBLK-BLOCK-071,license_terms_cleared,capture_policy_return_owner,downstream_query_gate_separate,true_precondition_update_scope_bounded,false,false,false,true,false,false,false,false,false
DMOI-RF-LSS-BCRPBEDL-DEC-284,DMOI-RF-LSS-BCRPBEI-EVID-284,DMOI-RF-LSS-BCRPBER-CRIT-284,DMOI-RF-LSS-BCRPBRL-RET-071,DMOI-RF-LSS-BCRPBLK-BLOCK-071,license_terms_cleared,capture_policy_return_owner,downstream_query_gate_separate,source_text_and_downstream_gate_limits_confirmed,false,false,false,true,false,false,false,false,false
DMOI-RF-LSS-BCRPBEDL-DEC-285,DMOI-RF-LSS-BCRPBEI-EVID-285,DMOI-RF-LSS-BCRPBER-CRIT-285,DMOI-RF-LSS-BCRPBRL-RET-072,DMOI-RF-LSS-BCRPBLK-BLOCK-072,license_terms_cleared,capture_policy_return_owner,downstream_surface_translation_gates_separate,dated_non_personal_return_identity,false,false,false,true,false,false,false,false,false
DMOI-RF-LSS-BCRPBEDL-DEC-286,DMOI-RF-LSS-BCRPBEI-EVID-286,DMOI-RF-LSS-BCRPBER-CRIT-286,DMOI-RF-LSS-BCRPBRL-RET-072,DMOI-RF-LSS-BCRPBLK-BLOCK-072,license_terms_cleared,capture_policy_return_owner,downstream_surface_translation_gates_separate,precondition_blocker_scope_match,false,false,false,true,false,false,false,false,false
DMOI-RF-LSS-BCRPBEDL-DEC-287,DMOI-RF-LSS-BCRPBEI-EVID-287,DMOI-RF-LSS-BCRPBER-CRIT-287,DMOI-RF-LSS-BCRPBRL-RET-072,DMOI-RF-LSS-BCRPBLK-BLOCK-072,license_terms_cleared,capture_policy_return_owner,downstream_surface_translation_gates_separate,true_precondition_update_scope_bounded,false,false,false,true,false,false,false,false,false
DMOI-RF-LSS-BCRPBEDL-DEC-288,DMOI-RF-LSS-BCRPBEI-EVID-288,DMOI-RF-LSS-BCRPBER-CRIT-288,DMOI-RF-LSS-BCRPBRL-RET-072,DMOI-RF-LSS-BCRPBLK-BLOCK-072,license_terms_cleared,capture_policy_return_owner,downstream_surface_translation_gates_separate,source_text_and_downstream_gate_limits_confirmed,false,false,false,true,false,false,false,false,false
DMOI-RF-LSS-BCRPBEDL-DEC-289,DMOI-RF-LSS-BCRPBEI-EVID-289,DMOI-RF-LSS-BCRPBER-CRIT-289,DMOI-RF-LSS-BCRPBRL-RET-073,DMOI-RF-LSS-BCRPBLK-BLOCK-073,privacy_review_cleared,capture_policy_return_owner,decision_row_linkage_validated,dated_non_personal_return_identity,false,false,false,true,false,false,false,false,false
DMOI-RF-LSS-BCRPBEDL-DEC-290,DMOI-RF-LSS-BCRPBEI-EVID-290,DMOI-RF-LSS-BCRPBER-CRIT-290,DMOI-RF-LSS-BCRPBRL-RET-073,DMOI-RF-LSS-BCRPBLK-BLOCK-073,privacy_review_cleared,capture_policy_return_owner,decision_row_linkage_validated,precondition_blocker_scope_match,false,false,false,true,false,false,false,false,false
DMOI-RF-LSS-BCRPBEDL-DEC-291,DMOI-RF-LSS-BCRPBEI-EVID-291,DMOI-RF-LSS-BCRPBER-CRIT-291,DMOI-RF-LSS-BCRPBRL-RET-073,DMOI-RF-LSS-BCRPBLK-BLOCK-073,privacy_review_cleared,capture_policy_return_owner,decision_row_linkage_validated,true_precondition_update_scope_bounded,false,false,false,true,false,false,false,false,false
DMOI-RF-LSS-BCRPBEDL-DEC-292,DMOI-RF-LSS-BCRPBEI-EVID-292,DMOI-RF-LSS-BCRPBER-CRIT-292,DMOI-RF-LSS-BCRPBRL-RET-073,DMOI-RF-LSS-BCRPBLK-BLOCK-073,privacy_review_cleared,capture_policy_return_owner,decision_row_linkage_validated,source_text_and_downstream_gate_limits_confirmed,false,false,false,true,false,false,false,false,false
DMOI-RF-LSS-BCRPBEDL-DEC-293,DMOI-RF-LSS-BCRPBEI-EVID-293,DMOI-RF-LSS-BCRPBER-CRIT-293,DMOI-RF-LSS-BCRPBRL-RET-074,DMOI-RF-LSS-BCRPBLK-BLOCK-074,privacy_review_cleared,capture_policy_return_owner,all_decision_fields_filled,dated_non_personal_return_identity,false,false,false,true,false,false,false,false,false
DMOI-RF-LSS-BCRPBEDL-DEC-294,DMOI-RF-LSS-BCRPBEI-EVID-294,DMOI-RF-LSS-BCRPBER-CRIT-294,DMOI-RF-LSS-BCRPBRL-RET-074,DMOI-RF-LSS-BCRPBLK-BLOCK-074,privacy_review_cleared,capture_policy_return_owner,all_decision_fields_filled,precondition_blocker_scope_match,false,false,false,true,false,false,false,false,false
DMOI-RF-LSS-BCRPBEDL-DEC-295,DMOI-RF-LSS-BCRPBEI-EVID-295,DMOI-RF-LSS-BCRPBER-CRIT-295,DMOI-RF-LSS-BCRPBRL-RET-074,DMOI-RF-LSS-BCRPBLK-BLOCK-074,privacy_review_cleared,capture_policy_return_owner,all_decision_fields_filled,true_precondition_update_scope_bounded,false,false,false,true,false,false,false,false,false
DMOI-RF-LSS-BCRPBEDL-DEC-296,DMOI-RF-LSS-BCRPBEI-EVID-296,DMOI-RF-LSS-BCRPBER-CRIT-296,DMOI-RF-LSS-BCRPBRL-RET-074,DMOI-RF-LSS-BCRPBLK-BLOCK-074,privacy_review_cleared,capture_policy_return_owner,all_decision_fields_filled,source_text_and_downstream_gate_limits_confirmed,false,false,false,true,false,false,false,false,false
DMOI-RF-LSS-BCRPBEDL-DEC-297,DMOI-RF-LSS-BCRPBEI-EVID-297,DMOI-RF-LSS-BCRPBER-CRIT-297,DMOI-RF-LSS-BCRPBRL-RET-075,DMOI-RF-LSS-BCRPBLK-BLOCK-075,privacy_review_cleared,capture_policy_return_owner,all_criteria_decisions_recorded,dated_non_personal_return_identity,false,false,false,true,false,false,false,false,false
DMOI-RF-LSS-BCRPBEDL-DEC-298,DMOI-RF-LSS-BCRPBEI-EVID-298,DMOI-RF-LSS-BCRPBER-CRIT-298,DMOI-RF-LSS-BCRPBRL-RET-075,DMOI-RF-LSS-BCRPBLK-BLOCK-075,privacy_review_cleared,capture_policy_return_owner,all_criteria_decisions_recorded,precondition_blocker_scope_match,false,false,false,true,false,false,false,false,false
DMOI-RF-LSS-BCRPBEDL-DEC-299,DMOI-RF-LSS-BCRPBEI-EVID-299,DMOI-RF-LSS-BCRPBER-CRIT-299,DMOI-RF-LSS-BCRPBRL-RET-075,DMOI-RF-LSS-BCRPBLK-BLOCK-075,privacy_review_cleared,capture_policy_return_owner,all_criteria_decisions_recorded,true_precondition_update_scope_bounded,false,false,false,true,false,false,false,false,false
DMOI-RF-LSS-BCRPBEDL-DEC-300,DMOI-RF-LSS-BCRPBEI-EVID-300,DMOI-RF-LSS-BCRPBER-CRIT-300,DMOI-RF-LSS-BCRPBRL-RET-075,DMOI-RF-LSS-BCRPBLK-BLOCK-075,privacy_review_cleared,capture_policy_return_owner,all_criteria_decisions_recorded,source_text_and_downstream_gate_limits_confirmed,false,false,false,true,false,false,false,false,false
DMOI-RF-LSS-BCRPBEDL-DEC-301,DMOI-RF-LSS-BCRPBEI-EVID-301,DMOI-RF-LSS-BCRPBER-CRIT-301,DMOI-RF-LSS-BCRPBRL-RET-076,DMOI-RF-LSS-BCRPBLK-BLOCK-076,privacy_review_cleared,capture_policy_return_owner,all_criteria_passed,dated_non_personal_return_identity,false,false,false,true,false,false,false,false,false
DMOI-RF-LSS-BCRPBEDL-DEC-302,DMOI-RF-LSS-BCRPBEI-EVID-302,DMOI-RF-LSS-BCRPBER-CRIT-302,DMOI-RF-LSS-BCRPBRL-RET-076,DMOI-RF-LSS-BCRPBLK-BLOCK-076,privacy_review_cleared,capture_policy_return_owner,all_criteria_passed,precondition_blocker_scope_match,false,false,false,true,false,false,false,false,false
DMOI-RF-LSS-BCRPBEDL-DEC-303,DMOI-RF-LSS-BCRPBEI-EVID-303,DMOI-RF-LSS-BCRPBER-CRIT-303,DMOI-RF-LSS-BCRPBRL-RET-076,DMOI-RF-LSS-BCRPBLK-BLOCK-076,privacy_review_cleared,capture_policy_return_owner,all_criteria_passed,true_precondition_update_scope_bounded,false,false,false,true,false,false,false,false,false
DMOI-RF-LSS-BCRPBEDL-DEC-304,DMOI-RF-LSS-BCRPBEI-EVID-304,DMOI-RF-LSS-BCRPBER-CRIT-304,DMOI-RF-LSS-BCRPBRL-RET-076,DMOI-RF-LSS-BCRPBLK-BLOCK-076,privacy_review_cleared,capture_policy_return_owner,all_criteria_passed,source_text_and_downstream_gate_limits_confirmed,false,false,false,true,false,false,false,false,false
DMOI-RF-LSS-BCRPBEDL-DEC-305,DMOI-RF-LSS-BCRPBEI-EVID-305,DMOI-RF-LSS-BCRPBER-CRIT-305,DMOI-RF-LSS-BCRPBRL-RET-077,DMOI-RF-LSS-BCRPBLK-BLOCK-077,privacy_review_cleared,capture_policy_return_owner,no_criteria_failed,dated_non_personal_return_identity,false,false,false,true,false,false,false,false,false
DMOI-RF-LSS-BCRPBEDL-DEC-306,DMOI-RF-LSS-BCRPBEI-EVID-306,DMOI-RF-LSS-BCRPBER-CRIT-306,DMOI-RF-LSS-BCRPBRL-RET-077,DMOI-RF-LSS-BCRPBLK-BLOCK-077,privacy_review_cleared,capture_policy_return_owner,no_criteria_failed,precondition_blocker_scope_match,false,false,false,true,false,false,false,false,false
DMOI-RF-LSS-BCRPBEDL-DEC-307,DMOI-RF-LSS-BCRPBEI-EVID-307,DMOI-RF-LSS-BCRPBER-CRIT-307,DMOI-RF-LSS-BCRPBRL-RET-077,DMOI-RF-LSS-BCRPBLK-BLOCK-077,privacy_review_cleared,capture_policy_return_owner,no_criteria_failed,true_precondition_update_scope_bounded,false,false,false,true,false,false,false,false,false
DMOI-RF-LSS-BCRPBEDL-DEC-308,DMOI-RF-LSS-BCRPBEI-EVID-308,DMOI-RF-LSS-BCRPBER-CRIT-308,DMOI-RF-LSS-BCRPBRL-RET-077,DMOI-RF-LSS-BCRPBLK-BLOCK-077,privacy_review_cleared,capture_policy_return_owner,no_criteria_failed,source_text_and_downstream_gate_limits_confirmed,false,false,false,true,false,false,false,false,false
DMOI-RF-LSS-BCRPBEDL-DEC-309,DMOI-RF-LSS-BCRPBEI-EVID-309,DMOI-RF-LSS-BCRPBER-CRIT-309,DMOI-RF-LSS-BCRPBRL-RET-078,DMOI-RF-LSS-BCRPBLK-BLOCK-078,privacy_review_cleared,capture_policy_return_owner,evidence_values_reviewed,dated_non_personal_return_identity,false,false,false,true,false,false,false,false,false
DMOI-RF-LSS-BCRPBEDL-DEC-310,DMOI-RF-LSS-BCRPBEI-EVID-310,DMOI-RF-LSS-BCRPBER-CRIT-310,DMOI-RF-LSS-BCRPBRL-RET-078,DMOI-RF-LSS-BCRPBLK-BLOCK-078,privacy_review_cleared,capture_policy_return_owner,evidence_values_reviewed,precondition_blocker_scope_match,false,false,false,true,false,false,false,false,false
DMOI-RF-LSS-BCRPBEDL-DEC-311,DMOI-RF-LSS-BCRPBEI-EVID-311,DMOI-RF-LSS-BCRPBER-CRIT-311,DMOI-RF-LSS-BCRPBRL-RET-078,DMOI-RF-LSS-BCRPBLK-BLOCK-078,privacy_review_cleared,capture_policy_return_owner,evidence_values_reviewed,true_precondition_update_scope_bounded,false,false,false,true,false,false,false,false,false
DMOI-RF-LSS-BCRPBEDL-DEC-312,DMOI-RF-LSS-BCRPBEI-EVID-312,DMOI-RF-LSS-BCRPBER-CRIT-312,DMOI-RF-LSS-BCRPBRL-RET-078,DMOI-RF-LSS-BCRPBLK-BLOCK-078,privacy_review_cleared,capture_policy_return_owner,evidence_values_reviewed,source_text_and_downstream_gate_limits_confirmed,false,false,false,true,false,false,false,false,false
DMOI-RF-LSS-BCRPBEDL-DEC-313,DMOI-RF-LSS-BCRPBEI-EVID-313,DMOI-RF-LSS-BCRPBER-CRIT-313,DMOI-RF-LSS-BCRPBRL-RET-079,DMOI-RF-LSS-BCRPBLK-BLOCK-079,privacy_review_cleared,capture_policy_return_owner,evidence_source_pointers_reviewed,dated_non_personal_return_identity,false,false,false,true,false,false,false,false,false
DMOI-RF-LSS-BCRPBEDL-DEC-314,DMOI-RF-LSS-BCRPBEI-EVID-314,DMOI-RF-LSS-BCRPBER-CRIT-314,DMOI-RF-LSS-BCRPBRL-RET-079,DMOI-RF-LSS-BCRPBLK-BLOCK-079,privacy_review_cleared,capture_policy_return_owner,evidence_source_pointers_reviewed,precondition_blocker_scope_match,false,false,false,true,false,false,false,false,false
DMOI-RF-LSS-BCRPBEDL-DEC-315,DMOI-RF-LSS-BCRPBEI-EVID-315,DMOI-RF-LSS-BCRPBER-CRIT-315,DMOI-RF-LSS-BCRPBRL-RET-079,DMOI-RF-LSS-BCRPBLK-BLOCK-079,privacy_review_cleared,capture_policy_return_owner,evidence_source_pointers_reviewed,true_precondition_update_scope_bounded,false,false,false,true,false,false,false,false,false
DMOI-RF-LSS-BCRPBEDL-DEC-316,DMOI-RF-LSS-BCRPBEI-EVID-316,DMOI-RF-LSS-BCRPBER-CRIT-316,DMOI-RF-LSS-BCRPBRL-RET-079,DMOI-RF-LSS-BCRPBLK-BLOCK-079,privacy_review_cleared,capture_policy_return_owner,evidence_source_pointers_reviewed,source_text_and_downstream_gate_limits_confirmed,false,false,false,true,false,false,false,false,false
DMOI-RF-LSS-BCRPBEDL-DEC-317,DMOI-RF-LSS-BCRPBEI-EVID-317,DMOI-RF-LSS-BCRPBER-CRIT-317,DMOI-RF-LSS-BCRPBRL-RET-080,DMOI-RF-LSS-BCRPBLK-BLOCK-080,privacy_review_cleared,capture_policy_return_owner,source_text_prohibition_confirmed,dated_non_personal_return_identity,false,false,false,true,false,false,false,false,false
DMOI-RF-LSS-BCRPBEDL-DEC-318,DMOI-RF-LSS-BCRPBEI-EVID-318,DMOI-RF-LSS-BCRPBER-CRIT-318,DMOI-RF-LSS-BCRPBRL-RET-080,DMOI-RF-LSS-BCRPBLK-BLOCK-080,privacy_review_cleared,capture_policy_return_owner,source_text_prohibition_confirmed,precondition_blocker_scope_match,false,false,false,true,false,false,false,false,false
DMOI-RF-LSS-BCRPBEDL-DEC-319,DMOI-RF-LSS-BCRPBEI-EVID-319,DMOI-RF-LSS-BCRPBER-CRIT-319,DMOI-RF-LSS-BCRPBRL-RET-080,DMOI-RF-LSS-BCRPBLK-BLOCK-080,privacy_review_cleared,capture_policy_return_owner,source_text_prohibition_confirmed,true_precondition_update_scope_bounded,false,false,false,true,false,false,false,false,false
DMOI-RF-LSS-BCRPBEDL-DEC-320,DMOI-RF-LSS-BCRPBEI-EVID-320,DMOI-RF-LSS-BCRPBER-CRIT-320,DMOI-RF-LSS-BCRPBRL-RET-080,DMOI-RF-LSS-BCRPBLK-BLOCK-080,privacy_review_cleared,capture_policy_return_owner,source_text_prohibition_confirmed,source_text_and_downstream_gate_limits_confirmed,false,false,false,true,false,false,false,false,false
DMOI-RF-LSS-BCRPBEDL-DEC-321,DMOI-RF-LSS-BCRPBEI-EVID-321,DMOI-RF-LSS-BCRPBER-CRIT-321,DMOI-RF-LSS-BCRPBRL-RET-081,DMOI-RF-LSS-BCRPBLK-BLOCK-081,privacy_review_cleared,capture_policy_return_owner,allowed_update_scope_bounded,dated_non_personal_return_identity,false,false,false,true,false,false,false,false,false
DMOI-RF-LSS-BCRPBEDL-DEC-322,DMOI-RF-LSS-BCRPBEI-EVID-322,DMOI-RF-LSS-BCRPBER-CRIT-322,DMOI-RF-LSS-BCRPBRL-RET-081,DMOI-RF-LSS-BCRPBLK-BLOCK-081,privacy_review_cleared,capture_policy_return_owner,allowed_update_scope_bounded,precondition_blocker_scope_match,false,false,false,true,false,false,false,false,false
DMOI-RF-LSS-BCRPBEDL-DEC-323,DMOI-RF-LSS-BCRPBEI-EVID-323,DMOI-RF-LSS-BCRPBER-CRIT-323,DMOI-RF-LSS-BCRPBRL-RET-081,DMOI-RF-LSS-BCRPBLK-BLOCK-081,privacy_review_cleared,capture_policy_return_owner,allowed_update_scope_bounded,true_precondition_update_scope_bounded,false,false,false,true,false,false,false,false,false
DMOI-RF-LSS-BCRPBEDL-DEC-324,DMOI-RF-LSS-BCRPBEI-EVID-324,DMOI-RF-LSS-BCRPBER-CRIT-324,DMOI-RF-LSS-BCRPBRL-RET-081,DMOI-RF-LSS-BCRPBLK-BLOCK-081,privacy_review_cleared,capture_policy_return_owner,allowed_update_scope_bounded,source_text_and_downstream_gate_limits_confirmed,false,false,false,true,false,false,false,false,false
DMOI-RF-LSS-BCRPBEDL-DEC-325,DMOI-RF-LSS-BCRPBEI-EVID-325,DMOI-RF-LSS-BCRPBER-CRIT-325,DMOI-RF-LSS-BCRPBRL-RET-082,DMOI-RF-LSS-BCRPBLK-BLOCK-082,privacy_review_cleared,capture_policy_return_owner,authority_role_validated,dated_non_personal_return_identity,false,false,false,true,false,false,false,false,false
DMOI-RF-LSS-BCRPBEDL-DEC-326,DMOI-RF-LSS-BCRPBEI-EVID-326,DMOI-RF-LSS-BCRPBER-CRIT-326,DMOI-RF-LSS-BCRPBRL-RET-082,DMOI-RF-LSS-BCRPBLK-BLOCK-082,privacy_review_cleared,capture_policy_return_owner,authority_role_validated,precondition_blocker_scope_match,false,false,false,true,false,false,false,false,false
DMOI-RF-LSS-BCRPBEDL-DEC-327,DMOI-RF-LSS-BCRPBEI-EVID-327,DMOI-RF-LSS-BCRPBER-CRIT-327,DMOI-RF-LSS-BCRPBRL-RET-082,DMOI-RF-LSS-BCRPBLK-BLOCK-082,privacy_review_cleared,capture_policy_return_owner,authority_role_validated,true_precondition_update_scope_bounded,false,false,false,true,false,false,false,false,false
DMOI-RF-LSS-BCRPBEDL-DEC-328,DMOI-RF-LSS-BCRPBEI-EVID-328,DMOI-RF-LSS-BCRPBER-CRIT-328,DMOI-RF-LSS-BCRPBRL-RET-082,DMOI-RF-LSS-BCRPBLK-BLOCK-082,privacy_review_cleared,capture_policy_return_owner,authority_role_validated,source_text_and_downstream_gate_limits_confirmed,false,false,false,true,false,false,false,false,false
DMOI-RF-LSS-BCRPBEDL-DEC-329,DMOI-RF-LSS-BCRPBEI-EVID-329,DMOI-RF-LSS-BCRPBER-CRIT-329,DMOI-RF-LSS-BCRPBRL-RET-083,DMOI-RF-LSS-BCRPBLK-BLOCK-083,privacy_review_cleared,capture_policy_return_owner,downstream_query_gate_separate,dated_non_personal_return_identity,false,false,false,true,false,false,false,false,false
DMOI-RF-LSS-BCRPBEDL-DEC-330,DMOI-RF-LSS-BCRPBEI-EVID-330,DMOI-RF-LSS-BCRPBER-CRIT-330,DMOI-RF-LSS-BCRPBRL-RET-083,DMOI-RF-LSS-BCRPBLK-BLOCK-083,privacy_review_cleared,capture_policy_return_owner,downstream_query_gate_separate,precondition_blocker_scope_match,false,false,false,true,false,false,false,false,false
DMOI-RF-LSS-BCRPBEDL-DEC-331,DMOI-RF-LSS-BCRPBEI-EVID-331,DMOI-RF-LSS-BCRPBER-CRIT-331,DMOI-RF-LSS-BCRPBRL-RET-083,DMOI-RF-LSS-BCRPBLK-BLOCK-083,privacy_review_cleared,capture_policy_return_owner,downstream_query_gate_separate,true_precondition_update_scope_bounded,false,false,false,true,false,false,false,false,false
DMOI-RF-LSS-BCRPBEDL-DEC-332,DMOI-RF-LSS-BCRPBEI-EVID-332,DMOI-RF-LSS-BCRPBER-CRIT-332,DMOI-RF-LSS-BCRPBRL-RET-083,DMOI-RF-LSS-BCRPBLK-BLOCK-083,privacy_review_cleared,capture_policy_return_owner,downstream_query_gate_separate,source_text_and_downstream_gate_limits_confirmed,false,false,false,true,false,false,false,false,false
DMOI-RF-LSS-BCRPBEDL-DEC-333,DMOI-RF-LSS-BCRPBEI-EVID-333,DMOI-RF-LSS-BCRPBER-CRIT-333,DMOI-RF-LSS-BCRPBRL-RET-084,DMOI-RF-LSS-BCRPBLK-BLOCK-084,privacy_review_cleared,capture_policy_return_owner,downstream_surface_translation_gates_separate,dated_non_personal_return_identity,false,false,false,true,false,false,false,false,false
DMOI-RF-LSS-BCRPBEDL-DEC-334,DMOI-RF-LSS-BCRPBEI-EVID-334,DMOI-RF-LSS-BCRPBER-CRIT-334,DMOI-RF-LSS-BCRPBRL-RET-084,DMOI-RF-LSS-BCRPBLK-BLOCK-084,privacy_review_cleared,capture_policy_return_owner,downstream_surface_translation_gates_separate,precondition_blocker_scope_match,false,false,false,true,false,false,false,false,false
DMOI-RF-LSS-BCRPBEDL-DEC-335,DMOI-RF-LSS-BCRPBEI-EVID-335,DMOI-RF-LSS-BCRPBER-CRIT-335,DMOI-RF-LSS-BCRPBRL-RET-084,DMOI-RF-LSS-BCRPBLK-BLOCK-084,privacy_review_cleared,capture_policy_return_owner,downstream_surface_translation_gates_separate,true_precondition_update_scope_bounded,false,false,false,true,false,false,false,false,false
DMOI-RF-LSS-BCRPBEDL-DEC-336,DMOI-RF-LSS-BCRPBEI-EVID-336,DMOI-RF-LSS-BCRPBER-CRIT-336,DMOI-RF-LSS-BCRPBRL-RET-084,DMOI-RF-LSS-BCRPBLK-BLOCK-084,privacy_review_cleared,capture_policy_return_owner,downstream_surface_translation_gates_separate,source_text_and_downstream_gate_limits_confirmed,false,false,false,true,false,false,false,false,false
DMOI-RF-LSS-BCRPBEDL-DEC-337,DMOI-RF-LSS-BCRPBEI-EVID-337,DMOI-RF-LSS-BCRPBER-CRIT-337,DMOI-RF-LSS-BCRPBRL-RET-085,DMOI-RF-LSS-BCRPBLK-BLOCK-085,query_execution_authorized,query_term_return_owner,decision_row_linkage_validated,dated_non_personal_return_identity,false,false,false,true,false,false,false,false,false
DMOI-RF-LSS-BCRPBEDL-DEC-338,DMOI-RF-LSS-BCRPBEI-EVID-338,DMOI-RF-LSS-BCRPBER-CRIT-338,DMOI-RF-LSS-BCRPBRL-RET-085,DMOI-RF-LSS-BCRPBLK-BLOCK-085,query_execution_authorized,query_term_return_owner,decision_row_linkage_validated,precondition_blocker_scope_match,false,false,false,true,false,false,false,false,false
DMOI-RF-LSS-BCRPBEDL-DEC-339,DMOI-RF-LSS-BCRPBEI-EVID-339,DMOI-RF-LSS-BCRPBER-CRIT-339,DMOI-RF-LSS-BCRPBRL-RET-085,DMOI-RF-LSS-BCRPBLK-BLOCK-085,query_execution_authorized,query_term_return_owner,decision_row_linkage_validated,true_precondition_update_scope_bounded,false,false,false,true,false,false,false,false,false
DMOI-RF-LSS-BCRPBEDL-DEC-340,DMOI-RF-LSS-BCRPBEI-EVID-340,DMOI-RF-LSS-BCRPBER-CRIT-340,DMOI-RF-LSS-BCRPBRL-RET-085,DMOI-RF-LSS-BCRPBLK-BLOCK-085,query_execution_authorized,query_term_return_owner,decision_row_linkage_validated,source_text_and_downstream_gate_limits_confirmed,false,false,false,true,false,false,false,false,false
DMOI-RF-LSS-BCRPBEDL-DEC-341,DMOI-RF-LSS-BCRPBEI-EVID-341,DMOI-RF-LSS-BCRPBER-CRIT-341,DMOI-RF-LSS-BCRPBRL-RET-086,DMOI-RF-LSS-BCRPBLK-BLOCK-086,query_execution_authorized,query_term_return_owner,all_decision_fields_filled,dated_non_personal_return_identity,false,false,false,true,false,false,false,false,false
DMOI-RF-LSS-BCRPBEDL-DEC-342,DMOI-RF-LSS-BCRPBEI-EVID-342,DMOI-RF-LSS-BCRPBER-CRIT-342,DMOI-RF-LSS-BCRPBRL-RET-086,DMOI-RF-LSS-BCRPBLK-BLOCK-086,query_execution_authorized,query_term_return_owner,all_decision_fields_filled,precondition_blocker_scope_match,false,false,false,true,false,false,false,false,false
DMOI-RF-LSS-BCRPBEDL-DEC-343,DMOI-RF-LSS-BCRPBEI-EVID-343,DMOI-RF-LSS-BCRPBER-CRIT-343,DMOI-RF-LSS-BCRPBRL-RET-086,DMOI-RF-LSS-BCRPBLK-BLOCK-086,query_execution_authorized,query_term_return_owner,all_decision_fields_filled,true_precondition_update_scope_bounded,false,false,false,true,false,false,false,false,false
DMOI-RF-LSS-BCRPBEDL-DEC-344,DMOI-RF-LSS-BCRPBEI-EVID-344,DMOI-RF-LSS-BCRPBER-CRIT-344,DMOI-RF-LSS-BCRPBRL-RET-086,DMOI-RF-LSS-BCRPBLK-BLOCK-086,query_execution_authorized,query_term_return_owner,all_decision_fields_filled,source_text_and_downstream_gate_limits_confirmed,false,false,false,true,false,false,false,false,false
DMOI-RF-LSS-BCRPBEDL-DEC-345,DMOI-RF-LSS-BCRPBEI-EVID-345,DMOI-RF-LSS-BCRPBER-CRIT-345,DMOI-RF-LSS-BCRPBRL-RET-087,DMOI-RF-LSS-BCRPBLK-BLOCK-087,query_execution_authorized,query_term_return_owner,all_criteria_decisions_recorded,dated_non_personal_return_identity,false,false,false,true,false,false,false,false,false
DMOI-RF-LSS-BCRPBEDL-DEC-346,DMOI-RF-LSS-BCRPBEI-EVID-346,DMOI-RF-LSS-BCRPBER-CRIT-346,DMOI-RF-LSS-BCRPBRL-RET-087,DMOI-RF-LSS-BCRPBLK-BLOCK-087,query_execution_authorized,query_term_return_owner,all_criteria_decisions_recorded,precondition_blocker_scope_match,false,false,false,true,false,false,false,false,false
DMOI-RF-LSS-BCRPBEDL-DEC-347,DMOI-RF-LSS-BCRPBEI-EVID-347,DMOI-RF-LSS-BCRPBER-CRIT-347,DMOI-RF-LSS-BCRPBRL-RET-087,DMOI-RF-LSS-BCRPBLK-BLOCK-087,query_execution_authorized,query_term_return_owner,all_criteria_decisions_recorded,true_precondition_update_scope_bounded,false,false,false,true,false,false,false,false,false
DMOI-RF-LSS-BCRPBEDL-DEC-348,DMOI-RF-LSS-BCRPBEI-EVID-348,DMOI-RF-LSS-BCRPBER-CRIT-348,DMOI-RF-LSS-BCRPBRL-RET-087,DMOI-RF-LSS-BCRPBLK-BLOCK-087,query_execution_authorized,query_term_return_owner,all_criteria_decisions_recorded,source_text_and_downstream_gate_limits_confirmed,false,false,false,true,false,false,false,false,false
DMOI-RF-LSS-BCRPBEDL-DEC-349,DMOI-RF-LSS-BCRPBEI-EVID-349,DMOI-RF-LSS-BCRPBER-CRIT-349,DMOI-RF-LSS-BCRPBRL-RET-088,DMOI-RF-LSS-BCRPBLK-BLOCK-088,query_execution_authorized,query_term_return_owner,all_criteria_passed,dated_non_personal_return_identity,false,false,false,true,false,false,false,false,false
DMOI-RF-LSS-BCRPBEDL-DEC-350,DMOI-RF-LSS-BCRPBEI-EVID-350,DMOI-RF-LSS-BCRPBER-CRIT-350,DMOI-RF-LSS-BCRPBRL-RET-088,DMOI-RF-LSS-BCRPBLK-BLOCK-088,query_execution_authorized,query_term_return_owner,all_criteria_passed,precondition_blocker_scope_match,false,false,false,true,false,false,false,false,false
DMOI-RF-LSS-BCRPBEDL-DEC-351,DMOI-RF-LSS-BCRPBEI-EVID-351,DMOI-RF-LSS-BCRPBER-CRIT-351,DMOI-RF-LSS-BCRPBRL-RET-088,DMOI-RF-LSS-BCRPBLK-BLOCK-088,query_execution_authorized,query_term_return_owner,all_criteria_passed,true_precondition_update_scope_bounded,false,false,false,true,false,false,false,false,false
DMOI-RF-LSS-BCRPBEDL-DEC-352,DMOI-RF-LSS-BCRPBEI-EVID-352,DMOI-RF-LSS-BCRPBER-CRIT-352,DMOI-RF-LSS-BCRPBRL-RET-088,DMOI-RF-LSS-BCRPBLK-BLOCK-088,query_execution_authorized,query_term_return_owner,all_criteria_passed,source_text_and_downstream_gate_limits_confirmed,false,false,false,true,false,false,false,false,false
DMOI-RF-LSS-BCRPBEDL-DEC-353,DMOI-RF-LSS-BCRPBEI-EVID-353,DMOI-RF-LSS-BCRPBER-CRIT-353,DMOI-RF-LSS-BCRPBRL-RET-089,DMOI-RF-LSS-BCRPBLK-BLOCK-089,query_execution_authorized,query_term_return_owner,no_criteria_failed,dated_non_personal_return_identity,false,false,false,true,false,false,false,false,false
DMOI-RF-LSS-BCRPBEDL-DEC-354,DMOI-RF-LSS-BCRPBEI-EVID-354,DMOI-RF-LSS-BCRPBER-CRIT-354,DMOI-RF-LSS-BCRPBRL-RET-089,DMOI-RF-LSS-BCRPBLK-BLOCK-089,query_execution_authorized,query_term_return_owner,no_criteria_failed,precondition_blocker_scope_match,false,false,false,true,false,false,false,false,false
DMOI-RF-LSS-BCRPBEDL-DEC-355,DMOI-RF-LSS-BCRPBEI-EVID-355,DMOI-RF-LSS-BCRPBER-CRIT-355,DMOI-RF-LSS-BCRPBRL-RET-089,DMOI-RF-LSS-BCRPBLK-BLOCK-089,query_execution_authorized,query_term_return_owner,no_criteria_failed,true_precondition_update_scope_bounded,false,false,false,true,false,false,false,false,false
DMOI-RF-LSS-BCRPBEDL-DEC-356,DMOI-RF-LSS-BCRPBEI-EVID-356,DMOI-RF-LSS-BCRPBER-CRIT-356,DMOI-RF-LSS-BCRPBRL-RET-089,DMOI-RF-LSS-BCRPBLK-BLOCK-089,query_execution_authorized,query_term_return_owner,no_criteria_failed,source_text_and_downstream_gate_limits_confirmed,false,false,false,true,false,false,false,false,false
DMOI-RF-LSS-BCRPBEDL-DEC-357,DMOI-RF-LSS-BCRPBEI-EVID-357,DMOI-RF-LSS-BCRPBER-CRIT-357,DMOI-RF-LSS-BCRPBRL-RET-090,DMOI-RF-LSS-BCRPBLK-BLOCK-090,query_execution_authorized,query_term_return_owner,evidence_values_reviewed,dated_non_personal_return_identity,false,false,false,true,false,false,false,false,false
DMOI-RF-LSS-BCRPBEDL-DEC-358,DMOI-RF-LSS-BCRPBEI-EVID-358,DMOI-RF-LSS-BCRPBER-CRIT-358,DMOI-RF-LSS-BCRPBRL-RET-090,DMOI-RF-LSS-BCRPBLK-BLOCK-090,query_execution_authorized,query_term_return_owner,evidence_values_reviewed,precondition_blocker_scope_match,false,false,false,true,false,false,false,false,false
DMOI-RF-LSS-BCRPBEDL-DEC-359,DMOI-RF-LSS-BCRPBEI-EVID-359,DMOI-RF-LSS-BCRPBER-CRIT-359,DMOI-RF-LSS-BCRPBRL-RET-090,DMOI-RF-LSS-BCRPBLK-BLOCK-090,query_execution_authorized,query_term_return_owner,evidence_values_reviewed,true_precondition_update_scope_bounded,false,false,false,true,false,false,false,false,false
DMOI-RF-LSS-BCRPBEDL-DEC-360,DMOI-RF-LSS-BCRPBEI-EVID-360,DMOI-RF-LSS-BCRPBER-CRIT-360,DMOI-RF-LSS-BCRPBRL-RET-090,DMOI-RF-LSS-BCRPBLK-BLOCK-090,query_execution_authorized,query_term_return_owner,evidence_values_reviewed,source_text_and_downstream_gate_limits_confirmed,false,false,false,true,false,false,false,false,false
DMOI-RF-LSS-BCRPBEDL-DEC-361,DMOI-RF-LSS-BCRPBEI-EVID-361,DMOI-RF-LSS-BCRPBER-CRIT-361,DMOI-RF-LSS-BCRPBRL-RET-091,DMOI-RF-LSS-BCRPBLK-BLOCK-091,query_execution_authorized,query_term_return_owner,evidence_source_pointers_reviewed,dated_non_personal_return_identity,false,false,false,true,false,false,false,false,false
DMOI-RF-LSS-BCRPBEDL-DEC-362,DMOI-RF-LSS-BCRPBEI-EVID-362,DMOI-RF-LSS-BCRPBER-CRIT-362,DMOI-RF-LSS-BCRPBRL-RET-091,DMOI-RF-LSS-BCRPBLK-BLOCK-091,query_execution_authorized,query_term_return_owner,evidence_source_pointers_reviewed,precondition_blocker_scope_match,false,false,false,true,false,false,false,false,false
DMOI-RF-LSS-BCRPBEDL-DEC-363,DMOI-RF-LSS-BCRPBEI-EVID-363,DMOI-RF-LSS-BCRPBER-CRIT-363,DMOI-RF-LSS-BCRPBRL-RET-091,DMOI-RF-LSS-BCRPBLK-BLOCK-091,query_execution_authorized,query_term_return_owner,evidence_source_pointers_reviewed,true_precondition_update_scope_bounded,false,false,false,true,false,false,false,false,false
DMOI-RF-LSS-BCRPBEDL-DEC-364,DMOI-RF-LSS-BCRPBEI-EVID-364,DMOI-RF-LSS-BCRPBER-CRIT-364,DMOI-RF-LSS-BCRPBRL-RET-091,DMOI-RF-LSS-BCRPBLK-BLOCK-091,query_execution_authorized,query_term_return_owner,evidence_source_pointers_reviewed,source_text_and_downstream_gate_limits_confirmed,false,false,false,true,false,false,false,false,false
DMOI-RF-LSS-BCRPBEDL-DEC-365,DMOI-RF-LSS-BCRPBEI-EVID-365,DMOI-RF-LSS-BCRPBER-CRIT-365,DMOI-RF-LSS-BCRPBRL-RET-092,DMOI-RF-LSS-BCRPBLK-BLOCK-092,query_execution_authorized,query_term_return_owner,source_text_prohibition_confirmed,dated_non_personal_return_identity,false,false,false,true,false,false,false,false,false
DMOI-RF-LSS-BCRPBEDL-DEC-366,DMOI-RF-LSS-BCRPBEI-EVID-366,DMOI-RF-LSS-BCRPBER-CRIT-366,DMOI-RF-LSS-BCRPBRL-RET-092,DMOI-RF-LSS-BCRPBLK-BLOCK-092,query_execution_authorized,query_term_return_owner,source_text_prohibition_confirmed,precondition_blocker_scope_match,false,false,false,true,false,false,false,false,false
DMOI-RF-LSS-BCRPBEDL-DEC-367,DMOI-RF-LSS-BCRPBEI-EVID-367,DMOI-RF-LSS-BCRPBER-CRIT-367,DMOI-RF-LSS-BCRPBRL-RET-092,DMOI-RF-LSS-BCRPBLK-BLOCK-092,query_execution_authorized,query_term_return_owner,source_text_prohibition_confirmed,true_precondition_update_scope_bounded,false,false,false,true,false,false,false,false,false
DMOI-RF-LSS-BCRPBEDL-DEC-368,DMOI-RF-LSS-BCRPBEI-EVID-368,DMOI-RF-LSS-BCRPBER-CRIT-368,DMOI-RF-LSS-BCRPBRL-RET-092,DMOI-RF-LSS-BCRPBLK-BLOCK-092,query_execution_authorized,query_term_return_owner,source_text_prohibition_confirmed,source_text_and_downstream_gate_limits_confirmed,false,false,false,true,false,false,false,false,false
DMOI-RF-LSS-BCRPBEDL-DEC-369,DMOI-RF-LSS-BCRPBEI-EVID-369,DMOI-RF-LSS-BCRPBER-CRIT-369,DMOI-RF-LSS-BCRPBRL-RET-093,DMOI-RF-LSS-BCRPBLK-BLOCK-093,query_execution_authorized,query_term_return_owner,allowed_update_scope_bounded,dated_non_personal_return_identity,false,false,false,true,false,false,false,false,false
DMOI-RF-LSS-BCRPBEDL-DEC-370,DMOI-RF-LSS-BCRPBEI-EVID-370,DMOI-RF-LSS-BCRPBER-CRIT-370,DMOI-RF-LSS-BCRPBRL-RET-093,DMOI-RF-LSS-BCRPBLK-BLOCK-093,query_execution_authorized,query_term_return_owner,allowed_update_scope_bounded,precondition_blocker_scope_match,false,false,false,true,false,false,false,false,false
DMOI-RF-LSS-BCRPBEDL-DEC-371,DMOI-RF-LSS-BCRPBEI-EVID-371,DMOI-RF-LSS-BCRPBER-CRIT-371,DMOI-RF-LSS-BCRPBRL-RET-093,DMOI-RF-LSS-BCRPBLK-BLOCK-093,query_execution_authorized,query_term_return_owner,allowed_update_scope_bounded,true_precondition_update_scope_bounded,false,false,false,true,false,false,false,false,false
DMOI-RF-LSS-BCRPBEDL-DEC-372,DMOI-RF-LSS-BCRPBEI-EVID-372,DMOI-RF-LSS-BCRPBER-CRIT-372,DMOI-RF-LSS-BCRPBRL-RET-093,DMOI-RF-LSS-BCRPBLK-BLOCK-093,query_execution_authorized,query_term_return_owner,allowed_update_scope_bounded,source_text_and_downstream_gate_limits_confirmed,false,false,false,true,false,false,false,false,false
DMOI-RF-LSS-BCRPBEDL-DEC-373,DMOI-RF-LSS-BCRPBEI-EVID-373,DMOI-RF-LSS-BCRPBER-CRIT-373,DMOI-RF-LSS-BCRPBRL-RET-094,DMOI-RF-LSS-BCRPBLK-BLOCK-094,query_execution_authorized,query_term_return_owner,authority_role_validated,dated_non_personal_return_identity,false,false,false,true,false,false,false,false,false
DMOI-RF-LSS-BCRPBEDL-DEC-374,DMOI-RF-LSS-BCRPBEI-EVID-374,DMOI-RF-LSS-BCRPBER-CRIT-374,DMOI-RF-LSS-BCRPBRL-RET-094,DMOI-RF-LSS-BCRPBLK-BLOCK-094,query_execution_authorized,query_term_return_owner,authority_role_validated,precondition_blocker_scope_match,false,false,false,true,false,false,false,false,false
DMOI-RF-LSS-BCRPBEDL-DEC-375,DMOI-RF-LSS-BCRPBEI-EVID-375,DMOI-RF-LSS-BCRPBER-CRIT-375,DMOI-RF-LSS-BCRPBRL-RET-094,DMOI-RF-LSS-BCRPBLK-BLOCK-094,query_execution_authorized,query_term_return_owner,authority_role_validated,true_precondition_update_scope_bounded,false,false,false,true,false,false,false,false,false
DMOI-RF-LSS-BCRPBEDL-DEC-376,DMOI-RF-LSS-BCRPBEI-EVID-376,DMOI-RF-LSS-BCRPBER-CRIT-376,DMOI-RF-LSS-BCRPBRL-RET-094,DMOI-RF-LSS-BCRPBLK-BLOCK-094,query_execution_authorized,query_term_return_owner,authority_role_validated,source_text_and_downstream_gate_limits_confirmed,false,false,false,true,false,false,false,false,false
DMOI-RF-LSS-BCRPBEDL-DEC-377,DMOI-RF-LSS-BCRPBEI-EVID-377,DMOI-RF-LSS-BCRPBER-CRIT-377,DMOI-RF-LSS-BCRPBRL-RET-095,DMOI-RF-LSS-BCRPBLK-BLOCK-095,query_execution_authorized,query_term_return_owner,downstream_query_gate_separate,dated_non_personal_return_identity,false,false,false,true,false,false,false,false,false
DMOI-RF-LSS-BCRPBEDL-DEC-378,DMOI-RF-LSS-BCRPBEI-EVID-378,DMOI-RF-LSS-BCRPBER-CRIT-378,DMOI-RF-LSS-BCRPBRL-RET-095,DMOI-RF-LSS-BCRPBLK-BLOCK-095,query_execution_authorized,query_term_return_owner,downstream_query_gate_separate,precondition_blocker_scope_match,false,false,false,true,false,false,false,false,false
DMOI-RF-LSS-BCRPBEDL-DEC-379,DMOI-RF-LSS-BCRPBEI-EVID-379,DMOI-RF-LSS-BCRPBER-CRIT-379,DMOI-RF-LSS-BCRPBRL-RET-095,DMOI-RF-LSS-BCRPBLK-BLOCK-095,query_execution_authorized,query_term_return_owner,downstream_query_gate_separate,true_precondition_update_scope_bounded,false,false,false,true,false,false,false,false,false
DMOI-RF-LSS-BCRPBEDL-DEC-380,DMOI-RF-LSS-BCRPBEI-EVID-380,DMOI-RF-LSS-BCRPBER-CRIT-380,DMOI-RF-LSS-BCRPBRL-RET-095,DMOI-RF-LSS-BCRPBLK-BLOCK-095,query_execution_authorized,query_term_return_owner,downstream_query_gate_separate,source_text_and_downstream_gate_limits_confirmed,false,false,false,true,false,false,false,false,false
DMOI-RF-LSS-BCRPBEDL-DEC-381,DMOI-RF-LSS-BCRPBEI-EVID-381,DMOI-RF-LSS-BCRPBER-CRIT-381,DMOI-RF-LSS-BCRPBRL-RET-096,DMOI-RF-LSS-BCRPBLK-BLOCK-096,query_execution_authorized,query_term_return_owner,downstream_surface_translation_gates_separate,dated_non_personal_return_identity,false,false,false,true,false,false,false,false,false
DMOI-RF-LSS-BCRPBEDL-DEC-382,DMOI-RF-LSS-BCRPBEI-EVID-382,DMOI-RF-LSS-BCRPBER-CRIT-382,DMOI-RF-LSS-BCRPBRL-RET-096,DMOI-RF-LSS-BCRPBLK-BLOCK-096,query_execution_authorized,query_term_return_owner,downstream_surface_translation_gates_separate,precondition_blocker_scope_match,false,false,false,true,false,false,false,false,false
DMOI-RF-LSS-BCRPBEDL-DEC-383,DMOI-RF-LSS-BCRPBEI-EVID-383,DMOI-RF-LSS-BCRPBER-CRIT-383,DMOI-RF-LSS-BCRPBRL-RET-096,DMOI-RF-LSS-BCRPBLK-BLOCK-096,query_execution_authorized,query_term_return_owner,downstream_surface_translation_gates_separate,true_precondition_update_scope_bounded,false,false,false,true,false,false,false,false,false
DMOI-RF-LSS-BCRPBEDL-DEC-384,DMOI-RF-LSS-BCRPBEI-EVID-384,DMOI-RF-LSS-BCRPBER-CRIT-384,DMOI-RF-LSS-BCRPBRL-RET-096,DMOI-RF-LSS-BCRPBLK-BLOCK-096,query_execution_authorized,query_term_return_owner,downstream_surface_translation_gates_separate,source_text_and_downstream_gate_limits_confirmed,false,false,false,true,false,false,false,false,false
DMOI-RF-LSS-BCRPBEDL-DEC-385,DMOI-RF-LSS-BCRPBEI-EVID-385,DMOI-RF-LSS-BCRPBER-CRIT-385,DMOI-RF-LSS-BCRPBRL-RET-097,DMOI-RF-LSS-BCRPBLK-BLOCK-097,query_string_filled,query_term_return_owner,decision_row_linkage_validated,dated_non_personal_return_identity,false,false,false,true,false,false,false,false,false
DMOI-RF-LSS-BCRPBEDL-DEC-386,DMOI-RF-LSS-BCRPBEI-EVID-386,DMOI-RF-LSS-BCRPBER-CRIT-386,DMOI-RF-LSS-BCRPBRL-RET-097,DMOI-RF-LSS-BCRPBLK-BLOCK-097,query_string_filled,query_term_return_owner,decision_row_linkage_validated,precondition_blocker_scope_match,false,false,false,true,false,false,false,false,false
DMOI-RF-LSS-BCRPBEDL-DEC-387,DMOI-RF-LSS-BCRPBEI-EVID-387,DMOI-RF-LSS-BCRPBER-CRIT-387,DMOI-RF-LSS-BCRPBRL-RET-097,DMOI-RF-LSS-BCRPBLK-BLOCK-097,query_string_filled,query_term_return_owner,decision_row_linkage_validated,true_precondition_update_scope_bounded,false,false,false,true,false,false,false,false,false
DMOI-RF-LSS-BCRPBEDL-DEC-388,DMOI-RF-LSS-BCRPBEI-EVID-388,DMOI-RF-LSS-BCRPBER-CRIT-388,DMOI-RF-LSS-BCRPBRL-RET-097,DMOI-RF-LSS-BCRPBLK-BLOCK-097,query_string_filled,query_term_return_owner,decision_row_linkage_validated,source_text_and_downstream_gate_limits_confirmed,false,false,false,true,false,false,false,false,false
DMOI-RF-LSS-BCRPBEDL-DEC-389,DMOI-RF-LSS-BCRPBEI-EVID-389,DMOI-RF-LSS-BCRPBER-CRIT-389,DMOI-RF-LSS-BCRPBRL-RET-098,DMOI-RF-LSS-BCRPBLK-BLOCK-098,query_string_filled,query_term_return_owner,all_decision_fields_filled,dated_non_personal_return_identity,false,false,false,true,false,false,false,false,false
DMOI-RF-LSS-BCRPBEDL-DEC-390,DMOI-RF-LSS-BCRPBEI-EVID-390,DMOI-RF-LSS-BCRPBER-CRIT-390,DMOI-RF-LSS-BCRPBRL-RET-098,DMOI-RF-LSS-BCRPBLK-BLOCK-098,query_string_filled,query_term_return_owner,all_decision_fields_filled,precondition_blocker_scope_match,false,false,false,true,false,false,false,false,false
DMOI-RF-LSS-BCRPBEDL-DEC-391,DMOI-RF-LSS-BCRPBEI-EVID-391,DMOI-RF-LSS-BCRPBER-CRIT-391,DMOI-RF-LSS-BCRPBRL-RET-098,DMOI-RF-LSS-BCRPBLK-BLOCK-098,query_string_filled,query_term_return_owner,all_decision_fields_filled,true_precondition_update_scope_bounded,false,false,false,true,false,false,false,false,false
DMOI-RF-LSS-BCRPBEDL-DEC-392,DMOI-RF-LSS-BCRPBEI-EVID-392,DMOI-RF-LSS-BCRPBER-CRIT-392,DMOI-RF-LSS-BCRPBRL-RET-098,DMOI-RF-LSS-BCRPBLK-BLOCK-098,query_string_filled,query_term_return_owner,all_decision_fields_filled,source_text_and_downstream_gate_limits_confirmed,false,false,false,true,false,false,false,false,false
DMOI-RF-LSS-BCRPBEDL-DEC-393,DMOI-RF-LSS-BCRPBEI-EVID-393,DMOI-RF-LSS-BCRPBER-CRIT-393,DMOI-RF-LSS-BCRPBRL-RET-099,DMOI-RF-LSS-BCRPBLK-BLOCK-099,query_string_filled,query_term_return_owner,all_criteria_decisions_recorded,dated_non_personal_return_identity,false,false,false,true,false,false,false,false,false
DMOI-RF-LSS-BCRPBEDL-DEC-394,DMOI-RF-LSS-BCRPBEI-EVID-394,DMOI-RF-LSS-BCRPBER-CRIT-394,DMOI-RF-LSS-BCRPBRL-RET-099,DMOI-RF-LSS-BCRPBLK-BLOCK-099,query_string_filled,query_term_return_owner,all_criteria_decisions_recorded,precondition_blocker_scope_match,false,false,false,true,false,false,false,false,false
DMOI-RF-LSS-BCRPBEDL-DEC-395,DMOI-RF-LSS-BCRPBEI-EVID-395,DMOI-RF-LSS-BCRPBER-CRIT-395,DMOI-RF-LSS-BCRPBRL-RET-099,DMOI-RF-LSS-BCRPBLK-BLOCK-099,query_string_filled,query_term_return_owner,all_criteria_decisions_recorded,true_precondition_update_scope_bounded,false,false,false,true,false,false,false,false,false
DMOI-RF-LSS-BCRPBEDL-DEC-396,DMOI-RF-LSS-BCRPBEI-EVID-396,DMOI-RF-LSS-BCRPBER-CRIT-396,DMOI-RF-LSS-BCRPBRL-RET-099,DMOI-RF-LSS-BCRPBLK-BLOCK-099,query_string_filled,query_term_return_owner,all_criteria_decisions_recorded,source_text_and_downstream_gate_limits_confirmed,false,false,false,true,false,false,false,false,false
DMOI-RF-LSS-BCRPBEDL-DEC-397,DMOI-RF-LSS-BCRPBEI-EVID-397,DMOI-RF-LSS-BCRPBER-CRIT-397,DMOI-RF-LSS-BCRPBRL-RET-100,DMOI-RF-LSS-BCRPBLK-BLOCK-100,query_string_filled,query_term_return_owner,all_criteria_passed,dated_non_personal_return_identity,false,false,false,true,false,false,false,false,false
DMOI-RF-LSS-BCRPBEDL-DEC-398,DMOI-RF-LSS-BCRPBEI-EVID-398,DMOI-RF-LSS-BCRPBER-CRIT-398,DMOI-RF-LSS-BCRPBRL-RET-100,DMOI-RF-LSS-BCRPBLK-BLOCK-100,query_string_filled,query_term_return_owner,all_criteria_passed,precondition_blocker_scope_match,false,false,false,true,false,false,false,false,false
DMOI-RF-LSS-BCRPBEDL-DEC-399,DMOI-RF-LSS-BCRPBEI-EVID-399,DMOI-RF-LSS-BCRPBER-CRIT-399,DMOI-RF-LSS-BCRPBRL-RET-100,DMOI-RF-LSS-BCRPBLK-BLOCK-100,query_string_filled,query_term_return_owner,all_criteria_passed,true_precondition_update_scope_bounded,false,false,false,true,false,false,false,false,false
DMOI-RF-LSS-BCRPBEDL-DEC-400,DMOI-RF-LSS-BCRPBEI-EVID-400,DMOI-RF-LSS-BCRPBER-CRIT-400,DMOI-RF-LSS-BCRPBRL-RET-100,DMOI-RF-LSS-BCRPBLK-BLOCK-100,query_string_filled,query_term_return_owner,all_criteria_passed,source_text_and_downstream_gate_limits_confirmed,false,false,false,true,false,false,false,false,false
DMOI-RF-LSS-BCRPBEDL-DEC-401,DMOI-RF-LSS-BCRPBEI-EVID-401,DMOI-RF-LSS-BCRPBER-CRIT-401,DMOI-RF-LSS-BCRPBRL-RET-101,DMOI-RF-LSS-BCRPBLK-BLOCK-101,query_string_filled,query_term_return_owner,no_criteria_failed,dated_non_personal_return_identity,false,false,false,true,false,false,false,false,false
DMOI-RF-LSS-BCRPBEDL-DEC-402,DMOI-RF-LSS-BCRPBEI-EVID-402,DMOI-RF-LSS-BCRPBER-CRIT-402,DMOI-RF-LSS-BCRPBRL-RET-101,DMOI-RF-LSS-BCRPBLK-BLOCK-101,query_string_filled,query_term_return_owner,no_criteria_failed,precondition_blocker_scope_match,false,false,false,true,false,false,false,false,false
DMOI-RF-LSS-BCRPBEDL-DEC-403,DMOI-RF-LSS-BCRPBEI-EVID-403,DMOI-RF-LSS-BCRPBER-CRIT-403,DMOI-RF-LSS-BCRPBRL-RET-101,DMOI-RF-LSS-BCRPBLK-BLOCK-101,query_string_filled,query_term_return_owner,no_criteria_failed,true_precondition_update_scope_bounded,false,false,false,true,false,false,false,false,false
DMOI-RF-LSS-BCRPBEDL-DEC-404,DMOI-RF-LSS-BCRPBEI-EVID-404,DMOI-RF-LSS-BCRPBER-CRIT-404,DMOI-RF-LSS-BCRPBRL-RET-101,DMOI-RF-LSS-BCRPBLK-BLOCK-101,query_string_filled,query_term_return_owner,no_criteria_failed,source_text_and_downstream_gate_limits_confirmed,false,false,false,true,false,false,false,false,false
DMOI-RF-LSS-BCRPBEDL-DEC-405,DMOI-RF-LSS-BCRPBEI-EVID-405,DMOI-RF-LSS-BCRPBER-CRIT-405,DMOI-RF-LSS-BCRPBRL-RET-102,DMOI-RF-LSS-BCRPBLK-BLOCK-102,query_string_filled,query_term_return_owner,evidence_values_reviewed,dated_non_personal_return_identity,false,false,false,true,false,false,false,false,false
DMOI-RF-LSS-BCRPBEDL-DEC-406,DMOI-RF-LSS-BCRPBEI-EVID-406,DMOI-RF-LSS-BCRPBER-CRIT-406,DMOI-RF-LSS-BCRPBRL-RET-102,DMOI-RF-LSS-BCRPBLK-BLOCK-102,query_string_filled,query_term_return_owner,evidence_values_reviewed,precondition_blocker_scope_match,false,false,false,true,false,false,false,false,false
DMOI-RF-LSS-BCRPBEDL-DEC-407,DMOI-RF-LSS-BCRPBEI-EVID-407,DMOI-RF-LSS-BCRPBER-CRIT-407,DMOI-RF-LSS-BCRPBRL-RET-102,DMOI-RF-LSS-BCRPBLK-BLOCK-102,query_string_filled,query_term_return_owner,evidence_values_reviewed,true_precondition_update_scope_bounded,false,false,false,true,false,false,false,false,false
DMOI-RF-LSS-BCRPBEDL-DEC-408,DMOI-RF-LSS-BCRPBEI-EVID-408,DMOI-RF-LSS-BCRPBER-CRIT-408,DMOI-RF-LSS-BCRPBRL-RET-102,DMOI-RF-LSS-BCRPBLK-BLOCK-102,query_string_filled,query_term_return_owner,evidence_values_reviewed,source_text_and_downstream_gate_limits_confirmed,false,false,false,true,false,false,false,false,false
DMOI-RF-LSS-BCRPBEDL-DEC-409,DMOI-RF-LSS-BCRPBEI-EVID-409,DMOI-RF-LSS-BCRPBER-CRIT-409,DMOI-RF-LSS-BCRPBRL-RET-103,DMOI-RF-LSS-BCRPBLK-BLOCK-103,query_string_filled,query_term_return_owner,evidence_source_pointers_reviewed,dated_non_personal_return_identity,false,false,false,true,false,false,false,false,false
DMOI-RF-LSS-BCRPBEDL-DEC-410,DMOI-RF-LSS-BCRPBEI-EVID-410,DMOI-RF-LSS-BCRPBER-CRIT-410,DMOI-RF-LSS-BCRPBRL-RET-103,DMOI-RF-LSS-BCRPBLK-BLOCK-103,query_string_filled,query_term_return_owner,evidence_source_pointers_reviewed,precondition_blocker_scope_match,false,false,false,true,false,false,false,false,false
DMOI-RF-LSS-BCRPBEDL-DEC-411,DMOI-RF-LSS-BCRPBEI-EVID-411,DMOI-RF-LSS-BCRPBER-CRIT-411,DMOI-RF-LSS-BCRPBRL-RET-103,DMOI-RF-LSS-BCRPBLK-BLOCK-103,query_string_filled,query_term_return_owner,evidence_source_pointers_reviewed,true_precondition_update_scope_bounded,false,false,false,true,false,false,false,false,false
DMOI-RF-LSS-BCRPBEDL-DEC-412,DMOI-RF-LSS-BCRPBEI-EVID-412,DMOI-RF-LSS-BCRPBER-CRIT-412,DMOI-RF-LSS-BCRPBRL-RET-103,DMOI-RF-LSS-BCRPBLK-BLOCK-103,query_string_filled,query_term_return_owner,evidence_source_pointers_reviewed,source_text_and_downstream_gate_limits_confirmed,false,false,false,true,false,false,false,false,false
DMOI-RF-LSS-BCRPBEDL-DEC-413,DMOI-RF-LSS-BCRPBEI-EVID-413,DMOI-RF-LSS-BCRPBER-CRIT-413,DMOI-RF-LSS-BCRPBRL-RET-104,DMOI-RF-LSS-BCRPBLK-BLOCK-104,query_string_filled,query_term_return_owner,source_text_prohibition_confirmed,dated_non_personal_return_identity,false,false,false,true,false,false,false,false,false
DMOI-RF-LSS-BCRPBEDL-DEC-414,DMOI-RF-LSS-BCRPBEI-EVID-414,DMOI-RF-LSS-BCRPBER-CRIT-414,DMOI-RF-LSS-BCRPBRL-RET-104,DMOI-RF-LSS-BCRPBLK-BLOCK-104,query_string_filled,query_term_return_owner,source_text_prohibition_confirmed,precondition_blocker_scope_match,false,false,false,true,false,false,false,false,false
DMOI-RF-LSS-BCRPBEDL-DEC-415,DMOI-RF-LSS-BCRPBEI-EVID-415,DMOI-RF-LSS-BCRPBER-CRIT-415,DMOI-RF-LSS-BCRPBRL-RET-104,DMOI-RF-LSS-BCRPBLK-BLOCK-104,query_string_filled,query_term_return_owner,source_text_prohibition_confirmed,true_precondition_update_scope_bounded,false,false,false,true,false,false,false,false,false
DMOI-RF-LSS-BCRPBEDL-DEC-416,DMOI-RF-LSS-BCRPBEI-EVID-416,DMOI-RF-LSS-BCRPBER-CRIT-416,DMOI-RF-LSS-BCRPBRL-RET-104,DMOI-RF-LSS-BCRPBLK-BLOCK-104,query_string_filled,query_term_return_owner,source_text_prohibition_confirmed,source_text_and_downstream_gate_limits_confirmed,false,false,false,true,false,false,false,false,false
DMOI-RF-LSS-BCRPBEDL-DEC-417,DMOI-RF-LSS-BCRPBEI-EVID-417,DMOI-RF-LSS-BCRPBER-CRIT-417,DMOI-RF-LSS-BCRPBRL-RET-105,DMOI-RF-LSS-BCRPBLK-BLOCK-105,query_string_filled,query_term_return_owner,allowed_update_scope_bounded,dated_non_personal_return_identity,false,false,false,true,false,false,false,false,false
DMOI-RF-LSS-BCRPBEDL-DEC-418,DMOI-RF-LSS-BCRPBEI-EVID-418,DMOI-RF-LSS-BCRPBER-CRIT-418,DMOI-RF-LSS-BCRPBRL-RET-105,DMOI-RF-LSS-BCRPBLK-BLOCK-105,query_string_filled,query_term_return_owner,allowed_update_scope_bounded,precondition_blocker_scope_match,false,false,false,true,false,false,false,false,false
DMOI-RF-LSS-BCRPBEDL-DEC-419,DMOI-RF-LSS-BCRPBEI-EVID-419,DMOI-RF-LSS-BCRPBER-CRIT-419,DMOI-RF-LSS-BCRPBRL-RET-105,DMOI-RF-LSS-BCRPBLK-BLOCK-105,query_string_filled,query_term_return_owner,allowed_update_scope_bounded,true_precondition_update_scope_bounded,false,false,false,true,false,false,false,false,false
DMOI-RF-LSS-BCRPBEDL-DEC-420,DMOI-RF-LSS-BCRPBEI-EVID-420,DMOI-RF-LSS-BCRPBER-CRIT-420,DMOI-RF-LSS-BCRPBRL-RET-105,DMOI-RF-LSS-BCRPBLK-BLOCK-105,query_string_filled,query_term_return_owner,allowed_update_scope_bounded,source_text_and_downstream_gate_limits_confirmed,false,false,false,true,false,false,false,false,false
DMOI-RF-LSS-BCRPBEDL-DEC-421,DMOI-RF-LSS-BCRPBEI-EVID-421,DMOI-RF-LSS-BCRPBER-CRIT-421,DMOI-RF-LSS-BCRPBRL-RET-106,DMOI-RF-LSS-BCRPBLK-BLOCK-106,query_string_filled,query_term_return_owner,authority_role_validated,dated_non_personal_return_identity,false,false,false,true,false,false,false,false,false
DMOI-RF-LSS-BCRPBEDL-DEC-422,DMOI-RF-LSS-BCRPBEI-EVID-422,DMOI-RF-LSS-BCRPBER-CRIT-422,DMOI-RF-LSS-BCRPBRL-RET-106,DMOI-RF-LSS-BCRPBLK-BLOCK-106,query_string_filled,query_term_return_owner,authority_role_validated,precondition_blocker_scope_match,false,false,false,true,false,false,false,false,false
DMOI-RF-LSS-BCRPBEDL-DEC-423,DMOI-RF-LSS-BCRPBEI-EVID-423,DMOI-RF-LSS-BCRPBER-CRIT-423,DMOI-RF-LSS-BCRPBRL-RET-106,DMOI-RF-LSS-BCRPBLK-BLOCK-106,query_string_filled,query_term_return_owner,authority_role_validated,true_precondition_update_scope_bounded,false,false,false,true,false,false,false,false,false
DMOI-RF-LSS-BCRPBEDL-DEC-424,DMOI-RF-LSS-BCRPBEI-EVID-424,DMOI-RF-LSS-BCRPBER-CRIT-424,DMOI-RF-LSS-BCRPBRL-RET-106,DMOI-RF-LSS-BCRPBLK-BLOCK-106,query_string_filled,query_term_return_owner,authority_role_validated,source_text_and_downstream_gate_limits_confirmed,false,false,false,true,false,false,false,false,false
DMOI-RF-LSS-BCRPBEDL-DEC-425,DMOI-RF-LSS-BCRPBEI-EVID-425,DMOI-RF-LSS-BCRPBER-CRIT-425,DMOI-RF-LSS-BCRPBRL-RET-107,DMOI-RF-LSS-BCRPBLK-BLOCK-107,query_string_filled,query_term_return_owner,downstream_query_gate_separate,dated_non_personal_return_identity,false,false,false,true,false,false,false,false,false
DMOI-RF-LSS-BCRPBEDL-DEC-426,DMOI-RF-LSS-BCRPBEI-EVID-426,DMOI-RF-LSS-BCRPBER-CRIT-426,DMOI-RF-LSS-BCRPBRL-RET-107,DMOI-RF-LSS-BCRPBLK-BLOCK-107,query_string_filled,query_term_return_owner,downstream_query_gate_separate,precondition_blocker_scope_match,false,false,false,true,false,false,false,false,false
DMOI-RF-LSS-BCRPBEDL-DEC-427,DMOI-RF-LSS-BCRPBEI-EVID-427,DMOI-RF-LSS-BCRPBER-CRIT-427,DMOI-RF-LSS-BCRPBRL-RET-107,DMOI-RF-LSS-BCRPBLK-BLOCK-107,query_string_filled,query_term_return_owner,downstream_query_gate_separate,true_precondition_update_scope_bounded,false,false,false,true,false,false,false,false,false
DMOI-RF-LSS-BCRPBEDL-DEC-428,DMOI-RF-LSS-BCRPBEI-EVID-428,DMOI-RF-LSS-BCRPBER-CRIT-428,DMOI-RF-LSS-BCRPBRL-RET-107,DMOI-RF-LSS-BCRPBLK-BLOCK-107,query_string_filled,query_term_return_owner,downstream_query_gate_separate,source_text_and_downstream_gate_limits_confirmed,false,false,false,true,false,false,false,false,false
DMOI-RF-LSS-BCRPBEDL-DEC-429,DMOI-RF-LSS-BCRPBEI-EVID-429,DMOI-RF-LSS-BCRPBER-CRIT-429,DMOI-RF-LSS-BCRPBRL-RET-108,DMOI-RF-LSS-BCRPBLK-BLOCK-108,query_string_filled,query_term_return_owner,downstream_surface_translation_gates_separate,dated_non_personal_return_identity,false,false,false,true,false,false,false,false,false
DMOI-RF-LSS-BCRPBEDL-DEC-430,DMOI-RF-LSS-BCRPBEI-EVID-430,DMOI-RF-LSS-BCRPBER-CRIT-430,DMOI-RF-LSS-BCRPBRL-RET-108,DMOI-RF-LSS-BCRPBLK-BLOCK-108,query_string_filled,query_term_return_owner,downstream_surface_translation_gates_separate,precondition_blocker_scope_match,false,false,false,true,false,false,false,false,false
DMOI-RF-LSS-BCRPBEDL-DEC-431,DMOI-RF-LSS-BCRPBEI-EVID-431,DMOI-RF-LSS-BCRPBER-CRIT-431,DMOI-RF-LSS-BCRPBRL-RET-108,DMOI-RF-LSS-BCRPBLK-BLOCK-108,query_string_filled,query_term_return_owner,downstream_surface_translation_gates_separate,true_precondition_update_scope_bounded,false,false,false,true,false,false,false,false,false
DMOI-RF-LSS-BCRPBEDL-DEC-432,DMOI-RF-LSS-BCRPBEI-EVID-432,DMOI-RF-LSS-BCRPBER-CRIT-432,DMOI-RF-LSS-BCRPBRL-RET-108,DMOI-RF-LSS-BCRPBLK-BLOCK-108,query_string_filled,query_term_return_owner,downstream_surface_translation_gates_separate,source_text_and_downstream_gate_limits_confirmed,false,false,false,true,false,false,false,false,false
DMOI-RF-LSS-BCRPBEDL-DEC-433,DMOI-RF-LSS-BCRPBEI-EVID-433,DMOI-RF-LSS-BCRPBER-CRIT-433,DMOI-RF-LSS-BCRPBRL-RET-109,DMOI-RF-LSS-BCRPBLK-BLOCK-109,query_term_return_received,query_term_return_owner,decision_row_linkage_validated,dated_non_personal_return_identity,false,false,false,true,false,false,false,false,false
DMOI-RF-LSS-BCRPBEDL-DEC-434,DMOI-RF-LSS-BCRPBEI-EVID-434,DMOI-RF-LSS-BCRPBER-CRIT-434,DMOI-RF-LSS-BCRPBRL-RET-109,DMOI-RF-LSS-BCRPBLK-BLOCK-109,query_term_return_received,query_term_return_owner,decision_row_linkage_validated,precondition_blocker_scope_match,false,false,false,true,false,false,false,false,false
DMOI-RF-LSS-BCRPBEDL-DEC-435,DMOI-RF-LSS-BCRPBEI-EVID-435,DMOI-RF-LSS-BCRPBER-CRIT-435,DMOI-RF-LSS-BCRPBRL-RET-109,DMOI-RF-LSS-BCRPBLK-BLOCK-109,query_term_return_received,query_term_return_owner,decision_row_linkage_validated,true_precondition_update_scope_bounded,false,false,false,true,false,false,false,false,false
DMOI-RF-LSS-BCRPBEDL-DEC-436,DMOI-RF-LSS-BCRPBEI-EVID-436,DMOI-RF-LSS-BCRPBER-CRIT-436,DMOI-RF-LSS-BCRPBRL-RET-109,DMOI-RF-LSS-BCRPBLK-BLOCK-109,query_term_return_received,query_term_return_owner,decision_row_linkage_validated,source_text_and_downstream_gate_limits_confirmed,false,false,false,true,false,false,false,false,false
DMOI-RF-LSS-BCRPBEDL-DEC-437,DMOI-RF-LSS-BCRPBEI-EVID-437,DMOI-RF-LSS-BCRPBER-CRIT-437,DMOI-RF-LSS-BCRPBRL-RET-110,DMOI-RF-LSS-BCRPBLK-BLOCK-110,query_term_return_received,query_term_return_owner,all_decision_fields_filled,dated_non_personal_return_identity,false,false,false,true,false,false,false,false,false
DMOI-RF-LSS-BCRPBEDL-DEC-438,DMOI-RF-LSS-BCRPBEI-EVID-438,DMOI-RF-LSS-BCRPBER-CRIT-438,DMOI-RF-LSS-BCRPBRL-RET-110,DMOI-RF-LSS-BCRPBLK-BLOCK-110,query_term_return_received,query_term_return_owner,all_decision_fields_filled,precondition_blocker_scope_match,false,false,false,true,false,false,false,false,false
DMOI-RF-LSS-BCRPBEDL-DEC-439,DMOI-RF-LSS-BCRPBEI-EVID-439,DMOI-RF-LSS-BCRPBER-CRIT-439,DMOI-RF-LSS-BCRPBRL-RET-110,DMOI-RF-LSS-BCRPBLK-BLOCK-110,query_term_return_received,query_term_return_owner,all_decision_fields_filled,true_precondition_update_scope_bounded,false,false,false,true,false,false,false,false,false
DMOI-RF-LSS-BCRPBEDL-DEC-440,DMOI-RF-LSS-BCRPBEI-EVID-440,DMOI-RF-LSS-BCRPBER-CRIT-440,DMOI-RF-LSS-BCRPBRL-RET-110,DMOI-RF-LSS-BCRPBLK-BLOCK-110,query_term_return_received,query_term_return_owner,all_decision_fields_filled,source_text_and_downstream_gate_limits_confirmed,false,false,false,true,false,false,false,false,false
DMOI-RF-LSS-BCRPBEDL-DEC-441,DMOI-RF-LSS-BCRPBEI-EVID-441,DMOI-RF-LSS-BCRPBER-CRIT-441,DMOI-RF-LSS-BCRPBRL-RET-111,DMOI-RF-LSS-BCRPBLK-BLOCK-111,query_term_return_received,query_term_return_owner,all_criteria_decisions_recorded,dated_non_personal_return_identity,false,false,false,true,false,false,false,false,false
DMOI-RF-LSS-BCRPBEDL-DEC-442,DMOI-RF-LSS-BCRPBEI-EVID-442,DMOI-RF-LSS-BCRPBER-CRIT-442,DMOI-RF-LSS-BCRPBRL-RET-111,DMOI-RF-LSS-BCRPBLK-BLOCK-111,query_term_return_received,query_term_return_owner,all_criteria_decisions_recorded,precondition_blocker_scope_match,false,false,false,true,false,false,false,false,false
DMOI-RF-LSS-BCRPBEDL-DEC-443,DMOI-RF-LSS-BCRPBEI-EVID-443,DMOI-RF-LSS-BCRPBER-CRIT-443,DMOI-RF-LSS-BCRPBRL-RET-111,DMOI-RF-LSS-BCRPBLK-BLOCK-111,query_term_return_received,query_term_return_owner,all_criteria_decisions_recorded,true_precondition_update_scope_bounded,false,false,false,true,false,false,false,false,false
DMOI-RF-LSS-BCRPBEDL-DEC-444,DMOI-RF-LSS-BCRPBEI-EVID-444,DMOI-RF-LSS-BCRPBER-CRIT-444,DMOI-RF-LSS-BCRPBRL-RET-111,DMOI-RF-LSS-BCRPBLK-BLOCK-111,query_term_return_received,query_term_return_owner,all_criteria_decisions_recorded,source_text_and_downstream_gate_limits_confirmed,false,false,false,true,false,false,false,false,false
DMOI-RF-LSS-BCRPBEDL-DEC-445,DMOI-RF-LSS-BCRPBEI-EVID-445,DMOI-RF-LSS-BCRPBER-CRIT-445,DMOI-RF-LSS-BCRPBRL-RET-112,DMOI-RF-LSS-BCRPBLK-BLOCK-112,query_term_return_received,query_term_return_owner,all_criteria_passed,dated_non_personal_return_identity,false,false,false,true,false,false,false,false,false
DMOI-RF-LSS-BCRPBEDL-DEC-446,DMOI-RF-LSS-BCRPBEI-EVID-446,DMOI-RF-LSS-BCRPBER-CRIT-446,DMOI-RF-LSS-BCRPBRL-RET-112,DMOI-RF-LSS-BCRPBLK-BLOCK-112,query_term_return_received,query_term_return_owner,all_criteria_passed,precondition_blocker_scope_match,false,false,false,true,false,false,false,false,false
DMOI-RF-LSS-BCRPBEDL-DEC-447,DMOI-RF-LSS-BCRPBEI-EVID-447,DMOI-RF-LSS-BCRPBER-CRIT-447,DMOI-RF-LSS-BCRPBRL-RET-112,DMOI-RF-LSS-BCRPBLK-BLOCK-112,query_term_return_received,query_term_return_owner,all_criteria_passed,true_precondition_update_scope_bounded,false,false,false,true,false,false,false,false,false
DMOI-RF-LSS-BCRPBEDL-DEC-448,DMOI-RF-LSS-BCRPBEI-EVID-448,DMOI-RF-LSS-BCRPBER-CRIT-448,DMOI-RF-LSS-BCRPBRL-RET-112,DMOI-RF-LSS-BCRPBLK-BLOCK-112,query_term_return_received,query_term_return_owner,all_criteria_passed,source_text_and_downstream_gate_limits_confirmed,false,false,false,true,false,false,false,false,false
DMOI-RF-LSS-BCRPBEDL-DEC-449,DMOI-RF-LSS-BCRPBEI-EVID-449,DMOI-RF-LSS-BCRPBER-CRIT-449,DMOI-RF-LSS-BCRPBRL-RET-113,DMOI-RF-LSS-BCRPBLK-BLOCK-113,query_term_return_received,query_term_return_owner,no_criteria_failed,dated_non_personal_return_identity,false,false,false,true,false,false,false,false,false
DMOI-RF-LSS-BCRPBEDL-DEC-450,DMOI-RF-LSS-BCRPBEI-EVID-450,DMOI-RF-LSS-BCRPBER-CRIT-450,DMOI-RF-LSS-BCRPBRL-RET-113,DMOI-RF-LSS-BCRPBLK-BLOCK-113,query_term_return_received,query_term_return_owner,no_criteria_failed,precondition_blocker_scope_match,false,false,false,true,false,false,false,false,false
DMOI-RF-LSS-BCRPBEDL-DEC-451,DMOI-RF-LSS-BCRPBEI-EVID-451,DMOI-RF-LSS-BCRPBER-CRIT-451,DMOI-RF-LSS-BCRPBRL-RET-113,DMOI-RF-LSS-BCRPBLK-BLOCK-113,query_term_return_received,query_term_return_owner,no_criteria_failed,true_precondition_update_scope_bounded,false,false,false,true,false,false,false,false,false
DMOI-RF-LSS-BCRPBEDL-DEC-452,DMOI-RF-LSS-BCRPBEI-EVID-452,DMOI-RF-LSS-BCRPBER-CRIT-452,DMOI-RF-LSS-BCRPBRL-RET-113,DMOI-RF-LSS-BCRPBLK-BLOCK-113,query_term_return_received,query_term_return_owner,no_criteria_failed,source_text_and_downstream_gate_limits_confirmed,false,false,false,true,false,false,false,false,false
DMOI-RF-LSS-BCRPBEDL-DEC-453,DMOI-RF-LSS-BCRPBEI-EVID-453,DMOI-RF-LSS-BCRPBER-CRIT-453,DMOI-RF-LSS-BCRPBRL-RET-114,DMOI-RF-LSS-BCRPBLK-BLOCK-114,query_term_return_received,query_term_return_owner,evidence_values_reviewed,dated_non_personal_return_identity,false,false,false,true,false,false,false,false,false
DMOI-RF-LSS-BCRPBEDL-DEC-454,DMOI-RF-LSS-BCRPBEI-EVID-454,DMOI-RF-LSS-BCRPBER-CRIT-454,DMOI-RF-LSS-BCRPBRL-RET-114,DMOI-RF-LSS-BCRPBLK-BLOCK-114,query_term_return_received,query_term_return_owner,evidence_values_reviewed,precondition_blocker_scope_match,false,false,false,true,false,false,false,false,false
DMOI-RF-LSS-BCRPBEDL-DEC-455,DMOI-RF-LSS-BCRPBEI-EVID-455,DMOI-RF-LSS-BCRPBER-CRIT-455,DMOI-RF-LSS-BCRPBRL-RET-114,DMOI-RF-LSS-BCRPBLK-BLOCK-114,query_term_return_received,query_term_return_owner,evidence_values_reviewed,true_precondition_update_scope_bounded,false,false,false,true,false,false,false,false,false
DMOI-RF-LSS-BCRPBEDL-DEC-456,DMOI-RF-LSS-BCRPBEI-EVID-456,DMOI-RF-LSS-BCRPBER-CRIT-456,DMOI-RF-LSS-BCRPBRL-RET-114,DMOI-RF-LSS-BCRPBLK-BLOCK-114,query_term_return_received,query_term_return_owner,evidence_values_reviewed,source_text_and_downstream_gate_limits_confirmed,false,false,false,true,false,false,false,false,false
DMOI-RF-LSS-BCRPBEDL-DEC-457,DMOI-RF-LSS-BCRPBEI-EVID-457,DMOI-RF-LSS-BCRPBER-CRIT-457,DMOI-RF-LSS-BCRPBRL-RET-115,DMOI-RF-LSS-BCRPBLK-BLOCK-115,query_term_return_received,query_term_return_owner,evidence_source_pointers_reviewed,dated_non_personal_return_identity,false,false,false,true,false,false,false,false,false
DMOI-RF-LSS-BCRPBEDL-DEC-458,DMOI-RF-LSS-BCRPBEI-EVID-458,DMOI-RF-LSS-BCRPBER-CRIT-458,DMOI-RF-LSS-BCRPBRL-RET-115,DMOI-RF-LSS-BCRPBLK-BLOCK-115,query_term_return_received,query_term_return_owner,evidence_source_pointers_reviewed,precondition_blocker_scope_match,false,false,false,true,false,false,false,false,false
DMOI-RF-LSS-BCRPBEDL-DEC-459,DMOI-RF-LSS-BCRPBEI-EVID-459,DMOI-RF-LSS-BCRPBER-CRIT-459,DMOI-RF-LSS-BCRPBRL-RET-115,DMOI-RF-LSS-BCRPBLK-BLOCK-115,query_term_return_received,query_term_return_owner,evidence_source_pointers_reviewed,true_precondition_update_scope_bounded,false,false,false,true,false,false,false,false,false
DMOI-RF-LSS-BCRPBEDL-DEC-460,DMOI-RF-LSS-BCRPBEI-EVID-460,DMOI-RF-LSS-BCRPBER-CRIT-460,DMOI-RF-LSS-BCRPBRL-RET-115,DMOI-RF-LSS-BCRPBLK-BLOCK-115,query_term_return_received,query_term_return_owner,evidence_source_pointers_reviewed,source_text_and_downstream_gate_limits_confirmed,false,false,false,true,false,false,false,false,false
DMOI-RF-LSS-BCRPBEDL-DEC-461,DMOI-RF-LSS-BCRPBEI-EVID-461,DMOI-RF-LSS-BCRPBER-CRIT-461,DMOI-RF-LSS-BCRPBRL-RET-116,DMOI-RF-LSS-BCRPBLK-BLOCK-116,query_term_return_received,query_term_return_owner,source_text_prohibition_confirmed,dated_non_personal_return_identity,false,false,false,true,false,false,false,false,false
DMOI-RF-LSS-BCRPBEDL-DEC-462,DMOI-RF-LSS-BCRPBEI-EVID-462,DMOI-RF-LSS-BCRPBER-CRIT-462,DMOI-RF-LSS-BCRPBRL-RET-116,DMOI-RF-LSS-BCRPBLK-BLOCK-116,query_term_return_received,query_term_return_owner,source_text_prohibition_confirmed,precondition_blocker_scope_match,false,false,false,true,false,false,false,false,false
DMOI-RF-LSS-BCRPBEDL-DEC-463,DMOI-RF-LSS-BCRPBEI-EVID-463,DMOI-RF-LSS-BCRPBER-CRIT-463,DMOI-RF-LSS-BCRPBRL-RET-116,DMOI-RF-LSS-BCRPBLK-BLOCK-116,query_term_return_received,query_term_return_owner,source_text_prohibition_confirmed,true_precondition_update_scope_bounded,false,false,false,true,false,false,false,false,false
DMOI-RF-LSS-BCRPBEDL-DEC-464,DMOI-RF-LSS-BCRPBEI-EVID-464,DMOI-RF-LSS-BCRPBER-CRIT-464,DMOI-RF-LSS-BCRPBRL-RET-116,DMOI-RF-LSS-BCRPBLK-BLOCK-116,query_term_return_received,query_term_return_owner,source_text_prohibition_confirmed,source_text_and_downstream_gate_limits_confirmed,false,false,false,true,false,false,false,false,false
DMOI-RF-LSS-BCRPBEDL-DEC-465,DMOI-RF-LSS-BCRPBEI-EVID-465,DMOI-RF-LSS-BCRPBER-CRIT-465,DMOI-RF-LSS-BCRPBRL-RET-117,DMOI-RF-LSS-BCRPBLK-BLOCK-117,query_term_return_received,query_term_return_owner,allowed_update_scope_bounded,dated_non_personal_return_identity,false,false,false,true,false,false,false,false,false
DMOI-RF-LSS-BCRPBEDL-DEC-466,DMOI-RF-LSS-BCRPBEI-EVID-466,DMOI-RF-LSS-BCRPBER-CRIT-466,DMOI-RF-LSS-BCRPBRL-RET-117,DMOI-RF-LSS-BCRPBLK-BLOCK-117,query_term_return_received,query_term_return_owner,allowed_update_scope_bounded,precondition_blocker_scope_match,false,false,false,true,false,false,false,false,false
DMOI-RF-LSS-BCRPBEDL-DEC-467,DMOI-RF-LSS-BCRPBEI-EVID-467,DMOI-RF-LSS-BCRPBER-CRIT-467,DMOI-RF-LSS-BCRPBRL-RET-117,DMOI-RF-LSS-BCRPBLK-BLOCK-117,query_term_return_received,query_term_return_owner,allowed_update_scope_bounded,true_precondition_update_scope_bounded,false,false,false,true,false,false,false,false,false
DMOI-RF-LSS-BCRPBEDL-DEC-468,DMOI-RF-LSS-BCRPBEI-EVID-468,DMOI-RF-LSS-BCRPBER-CRIT-468,DMOI-RF-LSS-BCRPBRL-RET-117,DMOI-RF-LSS-BCRPBLK-BLOCK-117,query_term_return_received,query_term_return_owner,allowed_update_scope_bounded,source_text_and_downstream_gate_limits_confirmed,false,false,false,true,false,false,false,false,false
DMOI-RF-LSS-BCRPBEDL-DEC-469,DMOI-RF-LSS-BCRPBEI-EVID-469,DMOI-RF-LSS-BCRPBER-CRIT-469,DMOI-RF-LSS-BCRPBRL-RET-118,DMOI-RF-LSS-BCRPBLK-BLOCK-118,query_term_return_received,query_term_return_owner,authority_role_validated,dated_non_personal_return_identity,false,false,false,true,false,false,false,false,false
DMOI-RF-LSS-BCRPBEDL-DEC-470,DMOI-RF-LSS-BCRPBEI-EVID-470,DMOI-RF-LSS-BCRPBER-CRIT-470,DMOI-RF-LSS-BCRPBRL-RET-118,DMOI-RF-LSS-BCRPBLK-BLOCK-118,query_term_return_received,query_term_return_owner,authority_role_validated,precondition_blocker_scope_match,false,false,false,true,false,false,false,false,false
DMOI-RF-LSS-BCRPBEDL-DEC-471,DMOI-RF-LSS-BCRPBEI-EVID-471,DMOI-RF-LSS-BCRPBER-CRIT-471,DMOI-RF-LSS-BCRPBRL-RET-118,DMOI-RF-LSS-BCRPBLK-BLOCK-118,query_term_return_received,query_term_return_owner,authority_role_validated,true_precondition_update_scope_bounded,false,false,false,true,false,false,false,false,false
DMOI-RF-LSS-BCRPBEDL-DEC-472,DMOI-RF-LSS-BCRPBEI-EVID-472,DMOI-RF-LSS-BCRPBER-CRIT-472,DMOI-RF-LSS-BCRPBRL-RET-118,DMOI-RF-LSS-BCRPBLK-BLOCK-118,query_term_return_received,query_term_return_owner,authority_role_validated,source_text_and_downstream_gate_limits_confirmed,false,false,false,true,false,false,false,false,false
DMOI-RF-LSS-BCRPBEDL-DEC-473,DMOI-RF-LSS-BCRPBEI-EVID-473,DMOI-RF-LSS-BCRPBER-CRIT-473,DMOI-RF-LSS-BCRPBRL-RET-119,DMOI-RF-LSS-BCRPBLK-BLOCK-119,query_term_return_received,query_term_return_owner,downstream_query_gate_separate,dated_non_personal_return_identity,false,false,false,true,false,false,false,false,false
DMOI-RF-LSS-BCRPBEDL-DEC-474,DMOI-RF-LSS-BCRPBEI-EVID-474,DMOI-RF-LSS-BCRPBER-CRIT-474,DMOI-RF-LSS-BCRPBRL-RET-119,DMOI-RF-LSS-BCRPBLK-BLOCK-119,query_term_return_received,query_term_return_owner,downstream_query_gate_separate,precondition_blocker_scope_match,false,false,false,true,false,false,false,false,false
DMOI-RF-LSS-BCRPBEDL-DEC-475,DMOI-RF-LSS-BCRPBEI-EVID-475,DMOI-RF-LSS-BCRPBER-CRIT-475,DMOI-RF-LSS-BCRPBRL-RET-119,DMOI-RF-LSS-BCRPBLK-BLOCK-119,query_term_return_received,query_term_return_owner,downstream_query_gate_separate,true_precondition_update_scope_bounded,false,false,false,true,false,false,false,false,false
DMOI-RF-LSS-BCRPBEDL-DEC-476,DMOI-RF-LSS-BCRPBEI-EVID-476,DMOI-RF-LSS-BCRPBER-CRIT-476,DMOI-RF-LSS-BCRPBRL-RET-119,DMOI-RF-LSS-BCRPBLK-BLOCK-119,query_term_return_received,query_term_return_owner,downstream_query_gate_separate,source_text_and_downstream_gate_limits_confirmed,false,false,false,true,false,false,false,false,false
DMOI-RF-LSS-BCRPBEDL-DEC-477,DMOI-RF-LSS-BCRPBEI-EVID-477,DMOI-RF-LSS-BCRPBER-CRIT-477,DMOI-RF-LSS-BCRPBRL-RET-120,DMOI-RF-LSS-BCRPBLK-BLOCK-120,query_term_return_received,query_term_return_owner,downstream_surface_translation_gates_separate,dated_non_personal_return_identity,false,false,false,true,false,false,false,false,false
DMOI-RF-LSS-BCRPBEDL-DEC-478,DMOI-RF-LSS-BCRPBEI-EVID-478,DMOI-RF-LSS-BCRPBER-CRIT-478,DMOI-RF-LSS-BCRPBRL-RET-120,DMOI-RF-LSS-BCRPBLK-BLOCK-120,query_term_return_received,query_term_return_owner,downstream_surface_translation_gates_separate,precondition_blocker_scope_match,false,false,false,true,false,false,false,false,false
DMOI-RF-LSS-BCRPBEDL-DEC-479,DMOI-RF-LSS-BCRPBEI-EVID-479,DMOI-RF-LSS-BCRPBER-CRIT-479,DMOI-RF-LSS-BCRPBRL-RET-120,DMOI-RF-LSS-BCRPBLK-BLOCK-120,query_term_return_received,query_term_return_owner,downstream_surface_translation_gates_separate,true_precondition_update_scope_bounded,false,false,false,true,false,false,false,false,false
DMOI-RF-LSS-BCRPBEDL-DEC-480,DMOI-RF-LSS-BCRPBEI-EVID-480,DMOI-RF-LSS-BCRPBER-CRIT-480,DMOI-RF-LSS-BCRPBRL-RET-120,DMOI-RF-LSS-BCRPBLK-BLOCK-120,query_term_return_received,query_term_return_owner,downstream_surface_translation_gates_separate,source_text_and_downstream_gate_limits_confirmed,false,false,false,true,false,false,false,false,false
DMOI-RF-LSS-BCRPBEDL-DEC-481,DMOI-RF-LSS-BCRPBEI-EVID-481,DMOI-RF-LSS-BCRPBER-CRIT-481,DMOI-RF-LSS-BCRPBRL-RET-121,DMOI-RF-LSS-BCRPBLK-BLOCK-121,result_use_limit_filled,capture_policy_return_owner,decision_row_linkage_validated,dated_non_personal_return_identity,false,false,false,true,false,false,false,false,false
DMOI-RF-LSS-BCRPBEDL-DEC-482,DMOI-RF-LSS-BCRPBEI-EVID-482,DMOI-RF-LSS-BCRPBER-CRIT-482,DMOI-RF-LSS-BCRPBRL-RET-121,DMOI-RF-LSS-BCRPBLK-BLOCK-121,result_use_limit_filled,capture_policy_return_owner,decision_row_linkage_validated,precondition_blocker_scope_match,false,false,false,true,false,false,false,false,false
DMOI-RF-LSS-BCRPBEDL-DEC-483,DMOI-RF-LSS-BCRPBEI-EVID-483,DMOI-RF-LSS-BCRPBER-CRIT-483,DMOI-RF-LSS-BCRPBRL-RET-121,DMOI-RF-LSS-BCRPBLK-BLOCK-121,result_use_limit_filled,capture_policy_return_owner,decision_row_linkage_validated,true_precondition_update_scope_bounded,false,false,false,true,false,false,false,false,false
DMOI-RF-LSS-BCRPBEDL-DEC-484,DMOI-RF-LSS-BCRPBEI-EVID-484,DMOI-RF-LSS-BCRPBER-CRIT-484,DMOI-RF-LSS-BCRPBRL-RET-121,DMOI-RF-LSS-BCRPBLK-BLOCK-121,result_use_limit_filled,capture_policy_return_owner,decision_row_linkage_validated,source_text_and_downstream_gate_limits_confirmed,false,false,false,true,false,false,false,false,false
DMOI-RF-LSS-BCRPBEDL-DEC-485,DMOI-RF-LSS-BCRPBEI-EVID-485,DMOI-RF-LSS-BCRPBER-CRIT-485,DMOI-RF-LSS-BCRPBRL-RET-122,DMOI-RF-LSS-BCRPBLK-BLOCK-122,result_use_limit_filled,capture_policy_return_owner,all_decision_fields_filled,dated_non_personal_return_identity,false,false,false,true,false,false,false,false,false
DMOI-RF-LSS-BCRPBEDL-DEC-486,DMOI-RF-LSS-BCRPBEI-EVID-486,DMOI-RF-LSS-BCRPBER-CRIT-486,DMOI-RF-LSS-BCRPBRL-RET-122,DMOI-RF-LSS-BCRPBLK-BLOCK-122,result_use_limit_filled,capture_policy_return_owner,all_decision_fields_filled,precondition_blocker_scope_match,false,false,false,true,false,false,false,false,false
DMOI-RF-LSS-BCRPBEDL-DEC-487,DMOI-RF-LSS-BCRPBEI-EVID-487,DMOI-RF-LSS-BCRPBER-CRIT-487,DMOI-RF-LSS-BCRPBRL-RET-122,DMOI-RF-LSS-BCRPBLK-BLOCK-122,result_use_limit_filled,capture_policy_return_owner,all_decision_fields_filled,true_precondition_update_scope_bounded,false,false,false,true,false,false,false,false,false
DMOI-RF-LSS-BCRPBEDL-DEC-488,DMOI-RF-LSS-BCRPBEI-EVID-488,DMOI-RF-LSS-BCRPBER-CRIT-488,DMOI-RF-LSS-BCRPBRL-RET-122,DMOI-RF-LSS-BCRPBLK-BLOCK-122,result_use_limit_filled,capture_policy_return_owner,all_decision_fields_filled,source_text_and_downstream_gate_limits_confirmed,false,false,false,true,false,false,false,false,false
DMOI-RF-LSS-BCRPBEDL-DEC-489,DMOI-RF-LSS-BCRPBEI-EVID-489,DMOI-RF-LSS-BCRPBER-CRIT-489,DMOI-RF-LSS-BCRPBRL-RET-123,DMOI-RF-LSS-BCRPBLK-BLOCK-123,result_use_limit_filled,capture_policy_return_owner,all_criteria_decisions_recorded,dated_non_personal_return_identity,false,false,false,true,false,false,false,false,false
DMOI-RF-LSS-BCRPBEDL-DEC-490,DMOI-RF-LSS-BCRPBEI-EVID-490,DMOI-RF-LSS-BCRPBER-CRIT-490,DMOI-RF-LSS-BCRPBRL-RET-123,DMOI-RF-LSS-BCRPBLK-BLOCK-123,result_use_limit_filled,capture_policy_return_owner,all_criteria_decisions_recorded,precondition_blocker_scope_match,false,false,false,true,false,false,false,false,false
DMOI-RF-LSS-BCRPBEDL-DEC-491,DMOI-RF-LSS-BCRPBEI-EVID-491,DMOI-RF-LSS-BCRPBER-CRIT-491,DMOI-RF-LSS-BCRPBRL-RET-123,DMOI-RF-LSS-BCRPBLK-BLOCK-123,result_use_limit_filled,capture_policy_return_owner,all_criteria_decisions_recorded,true_precondition_update_scope_bounded,false,false,false,true,false,false,false,false,false
DMOI-RF-LSS-BCRPBEDL-DEC-492,DMOI-RF-LSS-BCRPBEI-EVID-492,DMOI-RF-LSS-BCRPBER-CRIT-492,DMOI-RF-LSS-BCRPBRL-RET-123,DMOI-RF-LSS-BCRPBLK-BLOCK-123,result_use_limit_filled,capture_policy_return_owner,all_criteria_decisions_recorded,source_text_and_downstream_gate_limits_confirmed,false,false,false,true,false,false,false,false,false
DMOI-RF-LSS-BCRPBEDL-DEC-493,DMOI-RF-LSS-BCRPBEI-EVID-493,DMOI-RF-LSS-BCRPBER-CRIT-493,DMOI-RF-LSS-BCRPBRL-RET-124,DMOI-RF-LSS-BCRPBLK-BLOCK-124,result_use_limit_filled,capture_policy_return_owner,all_criteria_passed,dated_non_personal_return_identity,false,false,false,true,false,false,false,false,false
DMOI-RF-LSS-BCRPBEDL-DEC-494,DMOI-RF-LSS-BCRPBEI-EVID-494,DMOI-RF-LSS-BCRPBER-CRIT-494,DMOI-RF-LSS-BCRPBRL-RET-124,DMOI-RF-LSS-BCRPBLK-BLOCK-124,result_use_limit_filled,capture_policy_return_owner,all_criteria_passed,precondition_blocker_scope_match,false,false,false,true,false,false,false,false,false
DMOI-RF-LSS-BCRPBEDL-DEC-495,DMOI-RF-LSS-BCRPBEI-EVID-495,DMOI-RF-LSS-BCRPBER-CRIT-495,DMOI-RF-LSS-BCRPBRL-RET-124,DMOI-RF-LSS-BCRPBLK-BLOCK-124,result_use_limit_filled,capture_policy_return_owner,all_criteria_passed,true_precondition_update_scope_bounded,false,false,false,true,false,false,false,false,false
DMOI-RF-LSS-BCRPBEDL-DEC-496,DMOI-RF-LSS-BCRPBEI-EVID-496,DMOI-RF-LSS-BCRPBER-CRIT-496,DMOI-RF-LSS-BCRPBRL-RET-124,DMOI-RF-LSS-BCRPBLK-BLOCK-124,result_use_limit_filled,capture_policy_return_owner,all_criteria_passed,source_text_and_downstream_gate_limits_confirmed,false,false,false,true,false,false,false,false,false
DMOI-RF-LSS-BCRPBEDL-DEC-497,DMOI-RF-LSS-BCRPBEI-EVID-497,DMOI-RF-LSS-BCRPBER-CRIT-497,DMOI-RF-LSS-BCRPBRL-RET-125,DMOI-RF-LSS-BCRPBLK-BLOCK-125,result_use_limit_filled,capture_policy_return_owner,no_criteria_failed,dated_non_personal_return_identity,false,false,false,true,false,false,false,false,false
DMOI-RF-LSS-BCRPBEDL-DEC-498,DMOI-RF-LSS-BCRPBEI-EVID-498,DMOI-RF-LSS-BCRPBER-CRIT-498,DMOI-RF-LSS-BCRPBRL-RET-125,DMOI-RF-LSS-BCRPBLK-BLOCK-125,result_use_limit_filled,capture_policy_return_owner,no_criteria_failed,precondition_blocker_scope_match,false,false,false,true,false,false,false,false,false
DMOI-RF-LSS-BCRPBEDL-DEC-499,DMOI-RF-LSS-BCRPBEI-EVID-499,DMOI-RF-LSS-BCRPBER-CRIT-499,DMOI-RF-LSS-BCRPBRL-RET-125,DMOI-RF-LSS-BCRPBLK-BLOCK-125,result_use_limit_filled,capture_policy_return_owner,no_criteria_failed,true_precondition_update_scope_bounded,false,false,false,true,false,false,false,false,false
DMOI-RF-LSS-BCRPBEDL-DEC-500,DMOI-RF-LSS-BCRPBEI-EVID-500,DMOI-RF-LSS-BCRPBER-CRIT-500,DMOI-RF-LSS-BCRPBRL-RET-125,DMOI-RF-LSS-BCRPBLK-BLOCK-125,result_use_limit_filled,capture_policy_return_owner,no_criteria_failed,source_text_and_downstream_gate_limits_confirmed,false,false,false,true,false,false,false,false,false
DMOI-RF-LSS-BCRPBEDL-DEC-501,DMOI-RF-LSS-BCRPBEI-EVID-501,DMOI-RF-LSS-BCRPBER-CRIT-501,DMOI-RF-LSS-BCRPBRL-RET-126,DMOI-RF-LSS-BCRPBLK-BLOCK-126,result_use_limit_filled,capture_policy_return_owner,evidence_values_reviewed,dated_non_personal_return_identity,false,false,false,true,false,false,false,false,false
DMOI-RF-LSS-BCRPBEDL-DEC-502,DMOI-RF-LSS-BCRPBEI-EVID-502,DMOI-RF-LSS-BCRPBER-CRIT-502,DMOI-RF-LSS-BCRPBRL-RET-126,DMOI-RF-LSS-BCRPBLK-BLOCK-126,result_use_limit_filled,capture_policy_return_owner,evidence_values_reviewed,precondition_blocker_scope_match,false,false,false,true,false,false,false,false,false
DMOI-RF-LSS-BCRPBEDL-DEC-503,DMOI-RF-LSS-BCRPBEI-EVID-503,DMOI-RF-LSS-BCRPBER-CRIT-503,DMOI-RF-LSS-BCRPBRL-RET-126,DMOI-RF-LSS-BCRPBLK-BLOCK-126,result_use_limit_filled,capture_policy_return_owner,evidence_values_reviewed,true_precondition_update_scope_bounded,false,false,false,true,false,false,false,false,false
DMOI-RF-LSS-BCRPBEDL-DEC-504,DMOI-RF-LSS-BCRPBEI-EVID-504,DMOI-RF-LSS-BCRPBER-CRIT-504,DMOI-RF-LSS-BCRPBRL-RET-126,DMOI-RF-LSS-BCRPBLK-BLOCK-126,result_use_limit_filled,capture_policy_return_owner,evidence_values_reviewed,source_text_and_downstream_gate_limits_confirmed,false,false,false,true,false,false,false,false,false
DMOI-RF-LSS-BCRPBEDL-DEC-505,DMOI-RF-LSS-BCRPBEI-EVID-505,DMOI-RF-LSS-BCRPBER-CRIT-505,DMOI-RF-LSS-BCRPBRL-RET-127,DMOI-RF-LSS-BCRPBLK-BLOCK-127,result_use_limit_filled,capture_policy_return_owner,evidence_source_pointers_reviewed,dated_non_personal_return_identity,false,false,false,true,false,false,false,false,false
DMOI-RF-LSS-BCRPBEDL-DEC-506,DMOI-RF-LSS-BCRPBEI-EVID-506,DMOI-RF-LSS-BCRPBER-CRIT-506,DMOI-RF-LSS-BCRPBRL-RET-127,DMOI-RF-LSS-BCRPBLK-BLOCK-127,result_use_limit_filled,capture_policy_return_owner,evidence_source_pointers_reviewed,precondition_blocker_scope_match,false,false,false,true,false,false,false,false,false
DMOI-RF-LSS-BCRPBEDL-DEC-507,DMOI-RF-LSS-BCRPBEI-EVID-507,DMOI-RF-LSS-BCRPBER-CRIT-507,DMOI-RF-LSS-BCRPBRL-RET-127,DMOI-RF-LSS-BCRPBLK-BLOCK-127,result_use_limit_filled,capture_policy_return_owner,evidence_source_pointers_reviewed,true_precondition_update_scope_bounded,false,false,false,true,false,false,false,false,false
DMOI-RF-LSS-BCRPBEDL-DEC-508,DMOI-RF-LSS-BCRPBEI-EVID-508,DMOI-RF-LSS-BCRPBER-CRIT-508,DMOI-RF-LSS-BCRPBRL-RET-127,DMOI-RF-LSS-BCRPBLK-BLOCK-127,result_use_limit_filled,capture_policy_return_owner,evidence_source_pointers_reviewed,source_text_and_downstream_gate_limits_confirmed,false,false,false,true,false,false,false,false,false
DMOI-RF-LSS-BCRPBEDL-DEC-509,DMOI-RF-LSS-BCRPBEI-EVID-509,DMOI-RF-LSS-BCRPBER-CRIT-509,DMOI-RF-LSS-BCRPBRL-RET-128,DMOI-RF-LSS-BCRPBLK-BLOCK-128,result_use_limit_filled,capture_policy_return_owner,source_text_prohibition_confirmed,dated_non_personal_return_identity,false,false,false,true,false,false,false,false,false
DMOI-RF-LSS-BCRPBEDL-DEC-510,DMOI-RF-LSS-BCRPBEI-EVID-510,DMOI-RF-LSS-BCRPBER-CRIT-510,DMOI-RF-LSS-BCRPBRL-RET-128,DMOI-RF-LSS-BCRPBLK-BLOCK-128,result_use_limit_filled,capture_policy_return_owner,source_text_prohibition_confirmed,precondition_blocker_scope_match,false,false,false,true,false,false,false,false,false
DMOI-RF-LSS-BCRPBEDL-DEC-511,DMOI-RF-LSS-BCRPBEI-EVID-511,DMOI-RF-LSS-BCRPBER-CRIT-511,DMOI-RF-LSS-BCRPBRL-RET-128,DMOI-RF-LSS-BCRPBLK-BLOCK-128,result_use_limit_filled,capture_policy_return_owner,source_text_prohibition_confirmed,true_precondition_update_scope_bounded,false,false,false,true,false,false,false,false,false
DMOI-RF-LSS-BCRPBEDL-DEC-512,DMOI-RF-LSS-BCRPBEI-EVID-512,DMOI-RF-LSS-BCRPBER-CRIT-512,DMOI-RF-LSS-BCRPBRL-RET-128,DMOI-RF-LSS-BCRPBLK-BLOCK-128,result_use_limit_filled,capture_policy_return_owner,source_text_prohibition_confirmed,source_text_and_downstream_gate_limits_confirmed,false,false,false,true,false,false,false,false,false
DMOI-RF-LSS-BCRPBEDL-DEC-513,DMOI-RF-LSS-BCRPBEI-EVID-513,DMOI-RF-LSS-BCRPBER-CRIT-513,DMOI-RF-LSS-BCRPBRL-RET-129,DMOI-RF-LSS-BCRPBLK-BLOCK-129,result_use_limit_filled,capture_policy_return_owner,allowed_update_scope_bounded,dated_non_personal_return_identity,false,false,false,true,false,false,false,false,false
DMOI-RF-LSS-BCRPBEDL-DEC-514,DMOI-RF-LSS-BCRPBEI-EVID-514,DMOI-RF-LSS-BCRPBER-CRIT-514,DMOI-RF-LSS-BCRPBRL-RET-129,DMOI-RF-LSS-BCRPBLK-BLOCK-129,result_use_limit_filled,capture_policy_return_owner,allowed_update_scope_bounded,precondition_blocker_scope_match,false,false,false,true,false,false,false,false,false
DMOI-RF-LSS-BCRPBEDL-DEC-515,DMOI-RF-LSS-BCRPBEI-EVID-515,DMOI-RF-LSS-BCRPBER-CRIT-515,DMOI-RF-LSS-BCRPBRL-RET-129,DMOI-RF-LSS-BCRPBLK-BLOCK-129,result_use_limit_filled,capture_policy_return_owner,allowed_update_scope_bounded,true_precondition_update_scope_bounded,false,false,false,true,false,false,false,false,false
DMOI-RF-LSS-BCRPBEDL-DEC-516,DMOI-RF-LSS-BCRPBEI-EVID-516,DMOI-RF-LSS-BCRPBER-CRIT-516,DMOI-RF-LSS-BCRPBRL-RET-129,DMOI-RF-LSS-BCRPBLK-BLOCK-129,result_use_limit_filled,capture_policy_return_owner,allowed_update_scope_bounded,source_text_and_downstream_gate_limits_confirmed,false,false,false,true,false,false,false,false,false
DMOI-RF-LSS-BCRPBEDL-DEC-517,DMOI-RF-LSS-BCRPBEI-EVID-517,DMOI-RF-LSS-BCRPBER-CRIT-517,DMOI-RF-LSS-BCRPBRL-RET-130,DMOI-RF-LSS-BCRPBLK-BLOCK-130,result_use_limit_filled,capture_policy_return_owner,authority_role_validated,dated_non_personal_return_identity,false,false,false,true,false,false,false,false,false
DMOI-RF-LSS-BCRPBEDL-DEC-518,DMOI-RF-LSS-BCRPBEI-EVID-518,DMOI-RF-LSS-BCRPBER-CRIT-518,DMOI-RF-LSS-BCRPBRL-RET-130,DMOI-RF-LSS-BCRPBLK-BLOCK-130,result_use_limit_filled,capture_policy_return_owner,authority_role_validated,precondition_blocker_scope_match,false,false,false,true,false,false,false,false,false
DMOI-RF-LSS-BCRPBEDL-DEC-519,DMOI-RF-LSS-BCRPBEI-EVID-519,DMOI-RF-LSS-BCRPBER-CRIT-519,DMOI-RF-LSS-BCRPBRL-RET-130,DMOI-RF-LSS-BCRPBLK-BLOCK-130,result_use_limit_filled,capture_policy_return_owner,authority_role_validated,true_precondition_update_scope_bounded,false,false,false,true,false,false,false,false,false
DMOI-RF-LSS-BCRPBEDL-DEC-520,DMOI-RF-LSS-BCRPBEI-EVID-520,DMOI-RF-LSS-BCRPBER-CRIT-520,DMOI-RF-LSS-BCRPBRL-RET-130,DMOI-RF-LSS-BCRPBLK-BLOCK-130,result_use_limit_filled,capture_policy_return_owner,authority_role_validated,source_text_and_downstream_gate_limits_confirmed,false,false,false,true,false,false,false,false,false
DMOI-RF-LSS-BCRPBEDL-DEC-521,DMOI-RF-LSS-BCRPBEI-EVID-521,DMOI-RF-LSS-BCRPBER-CRIT-521,DMOI-RF-LSS-BCRPBRL-RET-131,DMOI-RF-LSS-BCRPBLK-BLOCK-131,result_use_limit_filled,capture_policy_return_owner,downstream_query_gate_separate,dated_non_personal_return_identity,false,false,false,true,false,false,false,false,false
DMOI-RF-LSS-BCRPBEDL-DEC-522,DMOI-RF-LSS-BCRPBEI-EVID-522,DMOI-RF-LSS-BCRPBER-CRIT-522,DMOI-RF-LSS-BCRPBRL-RET-131,DMOI-RF-LSS-BCRPBLK-BLOCK-131,result_use_limit_filled,capture_policy_return_owner,downstream_query_gate_separate,precondition_blocker_scope_match,false,false,false,true,false,false,false,false,false
DMOI-RF-LSS-BCRPBEDL-DEC-523,DMOI-RF-LSS-BCRPBEI-EVID-523,DMOI-RF-LSS-BCRPBER-CRIT-523,DMOI-RF-LSS-BCRPBRL-RET-131,DMOI-RF-LSS-BCRPBLK-BLOCK-131,result_use_limit_filled,capture_policy_return_owner,downstream_query_gate_separate,true_precondition_update_scope_bounded,false,false,false,true,false,false,false,false,false
DMOI-RF-LSS-BCRPBEDL-DEC-524,DMOI-RF-LSS-BCRPBEI-EVID-524,DMOI-RF-LSS-BCRPBER-CRIT-524,DMOI-RF-LSS-BCRPBRL-RET-131,DMOI-RF-LSS-BCRPBLK-BLOCK-131,result_use_limit_filled,capture_policy_return_owner,downstream_query_gate_separate,source_text_and_downstream_gate_limits_confirmed,false,false,false,true,false,false,false,false,false
DMOI-RF-LSS-BCRPBEDL-DEC-525,DMOI-RF-LSS-BCRPBEI-EVID-525,DMOI-RF-LSS-BCRPBER-CRIT-525,DMOI-RF-LSS-BCRPBRL-RET-132,DMOI-RF-LSS-BCRPBLK-BLOCK-132,result_use_limit_filled,capture_policy_return_owner,downstream_surface_translation_gates_separate,dated_non_personal_return_identity,false,false,false,true,false,false,false,false,false
DMOI-RF-LSS-BCRPBEDL-DEC-526,DMOI-RF-LSS-BCRPBEI-EVID-526,DMOI-RF-LSS-BCRPBER-CRIT-526,DMOI-RF-LSS-BCRPBRL-RET-132,DMOI-RF-LSS-BCRPBLK-BLOCK-132,result_use_limit_filled,capture_policy_return_owner,downstream_surface_translation_gates_separate,precondition_blocker_scope_match,false,false,false,true,false,false,false,false,false
DMOI-RF-LSS-BCRPBEDL-DEC-527,DMOI-RF-LSS-BCRPBEI-EVID-527,DMOI-RF-LSS-BCRPBER-CRIT-527,DMOI-RF-LSS-BCRPBRL-RET-132,DMOI-RF-LSS-BCRPBLK-BLOCK-132,result_use_limit_filled,capture_policy_return_owner,downstream_surface_translation_gates_separate,true_precondition_update_scope_bounded,false,false,false,true,false,false,false,false,false
DMOI-RF-LSS-BCRPBEDL-DEC-528,DMOI-RF-LSS-BCRPBEI-EVID-528,DMOI-RF-LSS-BCRPBER-CRIT-528,DMOI-RF-LSS-BCRPBRL-RET-132,DMOI-RF-LSS-BCRPBLK-BLOCK-132,result_use_limit_filled,capture_policy_return_owner,downstream_surface_translation_gates_separate,source_text_and_downstream_gate_limits_confirmed,false,false,false,true,false,false,false,false,false
DMOI-RF-LSS-BCRPBEDL-DEC-529,DMOI-RF-LSS-BCRPBEI-EVID-529,DMOI-RF-LSS-BCRPBER-CRIT-529,DMOI-RF-LSS-BCRPBRL-RET-133,DMOI-RF-LSS-BCRPBLK-BLOCK-133,service_route_selected,query_term_return_owner,decision_row_linkage_validated,dated_non_personal_return_identity,false,false,false,true,false,false,false,false,false
DMOI-RF-LSS-BCRPBEDL-DEC-530,DMOI-RF-LSS-BCRPBEI-EVID-530,DMOI-RF-LSS-BCRPBER-CRIT-530,DMOI-RF-LSS-BCRPBRL-RET-133,DMOI-RF-LSS-BCRPBLK-BLOCK-133,service_route_selected,query_term_return_owner,decision_row_linkage_validated,precondition_blocker_scope_match,false,false,false,true,false,false,false,false,false
DMOI-RF-LSS-BCRPBEDL-DEC-531,DMOI-RF-LSS-BCRPBEI-EVID-531,DMOI-RF-LSS-BCRPBER-CRIT-531,DMOI-RF-LSS-BCRPBRL-RET-133,DMOI-RF-LSS-BCRPBLK-BLOCK-133,service_route_selected,query_term_return_owner,decision_row_linkage_validated,true_precondition_update_scope_bounded,false,false,false,true,false,false,false,false,false
DMOI-RF-LSS-BCRPBEDL-DEC-532,DMOI-RF-LSS-BCRPBEI-EVID-532,DMOI-RF-LSS-BCRPBER-CRIT-532,DMOI-RF-LSS-BCRPBRL-RET-133,DMOI-RF-LSS-BCRPBLK-BLOCK-133,service_route_selected,query_term_return_owner,decision_row_linkage_validated,source_text_and_downstream_gate_limits_confirmed,false,false,false,true,false,false,false,false,false
DMOI-RF-LSS-BCRPBEDL-DEC-533,DMOI-RF-LSS-BCRPBEI-EVID-533,DMOI-RF-LSS-BCRPBER-CRIT-533,DMOI-RF-LSS-BCRPBRL-RET-134,DMOI-RF-LSS-BCRPBLK-BLOCK-134,service_route_selected,query_term_return_owner,all_decision_fields_filled,dated_non_personal_return_identity,false,false,false,true,false,false,false,false,false
DMOI-RF-LSS-BCRPBEDL-DEC-534,DMOI-RF-LSS-BCRPBEI-EVID-534,DMOI-RF-LSS-BCRPBER-CRIT-534,DMOI-RF-LSS-BCRPBRL-RET-134,DMOI-RF-LSS-BCRPBLK-BLOCK-134,service_route_selected,query_term_return_owner,all_decision_fields_filled,precondition_blocker_scope_match,false,false,false,true,false,false,false,false,false
DMOI-RF-LSS-BCRPBEDL-DEC-535,DMOI-RF-LSS-BCRPBEI-EVID-535,DMOI-RF-LSS-BCRPBER-CRIT-535,DMOI-RF-LSS-BCRPBRL-RET-134,DMOI-RF-LSS-BCRPBLK-BLOCK-134,service_route_selected,query_term_return_owner,all_decision_fields_filled,true_precondition_update_scope_bounded,false,false,false,true,false,false,false,false,false
DMOI-RF-LSS-BCRPBEDL-DEC-536,DMOI-RF-LSS-BCRPBEI-EVID-536,DMOI-RF-LSS-BCRPBER-CRIT-536,DMOI-RF-LSS-BCRPBRL-RET-134,DMOI-RF-LSS-BCRPBLK-BLOCK-134,service_route_selected,query_term_return_owner,all_decision_fields_filled,source_text_and_downstream_gate_limits_confirmed,false,false,false,true,false,false,false,false,false
DMOI-RF-LSS-BCRPBEDL-DEC-537,DMOI-RF-LSS-BCRPBEI-EVID-537,DMOI-RF-LSS-BCRPBER-CRIT-537,DMOI-RF-LSS-BCRPBRL-RET-135,DMOI-RF-LSS-BCRPBLK-BLOCK-135,service_route_selected,query_term_return_owner,all_criteria_decisions_recorded,dated_non_personal_return_identity,false,false,false,true,false,false,false,false,false
DMOI-RF-LSS-BCRPBEDL-DEC-538,DMOI-RF-LSS-BCRPBEI-EVID-538,DMOI-RF-LSS-BCRPBER-CRIT-538,DMOI-RF-LSS-BCRPBRL-RET-135,DMOI-RF-LSS-BCRPBLK-BLOCK-135,service_route_selected,query_term_return_owner,all_criteria_decisions_recorded,precondition_blocker_scope_match,false,false,false,true,false,false,false,false,false
DMOI-RF-LSS-BCRPBEDL-DEC-539,DMOI-RF-LSS-BCRPBEI-EVID-539,DMOI-RF-LSS-BCRPBER-CRIT-539,DMOI-RF-LSS-BCRPBRL-RET-135,DMOI-RF-LSS-BCRPBLK-BLOCK-135,service_route_selected,query_term_return_owner,all_criteria_decisions_recorded,true_precondition_update_scope_bounded,false,false,false,true,false,false,false,false,false
DMOI-RF-LSS-BCRPBEDL-DEC-540,DMOI-RF-LSS-BCRPBEI-EVID-540,DMOI-RF-LSS-BCRPBER-CRIT-540,DMOI-RF-LSS-BCRPBRL-RET-135,DMOI-RF-LSS-BCRPBLK-BLOCK-135,service_route_selected,query_term_return_owner,all_criteria_decisions_recorded,source_text_and_downstream_gate_limits_confirmed,false,false,false,true,false,false,false,false,false
DMOI-RF-LSS-BCRPBEDL-DEC-541,DMOI-RF-LSS-BCRPBEI-EVID-541,DMOI-RF-LSS-BCRPBER-CRIT-541,DMOI-RF-LSS-BCRPBRL-RET-136,DMOI-RF-LSS-BCRPBLK-BLOCK-136,service_route_selected,query_term_return_owner,all_criteria_passed,dated_non_personal_return_identity,false,false,false,true,false,false,false,false,false
DMOI-RF-LSS-BCRPBEDL-DEC-542,DMOI-RF-LSS-BCRPBEI-EVID-542,DMOI-RF-LSS-BCRPBER-CRIT-542,DMOI-RF-LSS-BCRPBRL-RET-136,DMOI-RF-LSS-BCRPBLK-BLOCK-136,service_route_selected,query_term_return_owner,all_criteria_passed,precondition_blocker_scope_match,false,false,false,true,false,false,false,false,false
DMOI-RF-LSS-BCRPBEDL-DEC-543,DMOI-RF-LSS-BCRPBEI-EVID-543,DMOI-RF-LSS-BCRPBER-CRIT-543,DMOI-RF-LSS-BCRPBRL-RET-136,DMOI-RF-LSS-BCRPBLK-BLOCK-136,service_route_selected,query_term_return_owner,all_criteria_passed,true_precondition_update_scope_bounded,false,false,false,true,false,false,false,false,false
DMOI-RF-LSS-BCRPBEDL-DEC-544,DMOI-RF-LSS-BCRPBEI-EVID-544,DMOI-RF-LSS-BCRPBER-CRIT-544,DMOI-RF-LSS-BCRPBRL-RET-136,DMOI-RF-LSS-BCRPBLK-BLOCK-136,service_route_selected,query_term_return_owner,all_criteria_passed,source_text_and_downstream_gate_limits_confirmed,false,false,false,true,false,false,false,false,false
DMOI-RF-LSS-BCRPBEDL-DEC-545,DMOI-RF-LSS-BCRPBEI-EVID-545,DMOI-RF-LSS-BCRPBER-CRIT-545,DMOI-RF-LSS-BCRPBRL-RET-137,DMOI-RF-LSS-BCRPBLK-BLOCK-137,service_route_selected,query_term_return_owner,no_criteria_failed,dated_non_personal_return_identity,false,false,false,true,false,false,false,false,false
DMOI-RF-LSS-BCRPBEDL-DEC-546,DMOI-RF-LSS-BCRPBEI-EVID-546,DMOI-RF-LSS-BCRPBER-CRIT-546,DMOI-RF-LSS-BCRPBRL-RET-137,DMOI-RF-LSS-BCRPBLK-BLOCK-137,service_route_selected,query_term_return_owner,no_criteria_failed,precondition_blocker_scope_match,false,false,false,true,false,false,false,false,false
DMOI-RF-LSS-BCRPBEDL-DEC-547,DMOI-RF-LSS-BCRPBEI-EVID-547,DMOI-RF-LSS-BCRPBER-CRIT-547,DMOI-RF-LSS-BCRPBRL-RET-137,DMOI-RF-LSS-BCRPBLK-BLOCK-137,service_route_selected,query_term_return_owner,no_criteria_failed,true_precondition_update_scope_bounded,false,false,false,true,false,false,false,false,false
DMOI-RF-LSS-BCRPBEDL-DEC-548,DMOI-RF-LSS-BCRPBEI-EVID-548,DMOI-RF-LSS-BCRPBER-CRIT-548,DMOI-RF-LSS-BCRPBRL-RET-137,DMOI-RF-LSS-BCRPBLK-BLOCK-137,service_route_selected,query_term_return_owner,no_criteria_failed,source_text_and_downstream_gate_limits_confirmed,false,false,false,true,false,false,false,false,false
DMOI-RF-LSS-BCRPBEDL-DEC-549,DMOI-RF-LSS-BCRPBEI-EVID-549,DMOI-RF-LSS-BCRPBER-CRIT-549,DMOI-RF-LSS-BCRPBRL-RET-138,DMOI-RF-LSS-BCRPBLK-BLOCK-138,service_route_selected,query_term_return_owner,evidence_values_reviewed,dated_non_personal_return_identity,false,false,false,true,false,false,false,false,false
DMOI-RF-LSS-BCRPBEDL-DEC-550,DMOI-RF-LSS-BCRPBEI-EVID-550,DMOI-RF-LSS-BCRPBER-CRIT-550,DMOI-RF-LSS-BCRPBRL-RET-138,DMOI-RF-LSS-BCRPBLK-BLOCK-138,service_route_selected,query_term_return_owner,evidence_values_reviewed,precondition_blocker_scope_match,false,false,false,true,false,false,false,false,false
DMOI-RF-LSS-BCRPBEDL-DEC-551,DMOI-RF-LSS-BCRPBEI-EVID-551,DMOI-RF-LSS-BCRPBER-CRIT-551,DMOI-RF-LSS-BCRPBRL-RET-138,DMOI-RF-LSS-BCRPBLK-BLOCK-138,service_route_selected,query_term_return_owner,evidence_values_reviewed,true_precondition_update_scope_bounded,false,false,false,true,false,false,false,false,false
DMOI-RF-LSS-BCRPBEDL-DEC-552,DMOI-RF-LSS-BCRPBEI-EVID-552,DMOI-RF-LSS-BCRPBER-CRIT-552,DMOI-RF-LSS-BCRPBRL-RET-138,DMOI-RF-LSS-BCRPBLK-BLOCK-138,service_route_selected,query_term_return_owner,evidence_values_reviewed,source_text_and_downstream_gate_limits_confirmed,false,false,false,true,false,false,false,false,false
DMOI-RF-LSS-BCRPBEDL-DEC-553,DMOI-RF-LSS-BCRPBEI-EVID-553,DMOI-RF-LSS-BCRPBER-CRIT-553,DMOI-RF-LSS-BCRPBRL-RET-139,DMOI-RF-LSS-BCRPBLK-BLOCK-139,service_route_selected,query_term_return_owner,evidence_source_pointers_reviewed,dated_non_personal_return_identity,false,false,false,true,false,false,false,false,false
DMOI-RF-LSS-BCRPBEDL-DEC-554,DMOI-RF-LSS-BCRPBEI-EVID-554,DMOI-RF-LSS-BCRPBER-CRIT-554,DMOI-RF-LSS-BCRPBRL-RET-139,DMOI-RF-LSS-BCRPBLK-BLOCK-139,service_route_selected,query_term_return_owner,evidence_source_pointers_reviewed,precondition_blocker_scope_match,false,false,false,true,false,false,false,false,false
DMOI-RF-LSS-BCRPBEDL-DEC-555,DMOI-RF-LSS-BCRPBEI-EVID-555,DMOI-RF-LSS-BCRPBER-CRIT-555,DMOI-RF-LSS-BCRPBRL-RET-139,DMOI-RF-LSS-BCRPBLK-BLOCK-139,service_route_selected,query_term_return_owner,evidence_source_pointers_reviewed,true_precondition_update_scope_bounded,false,false,false,true,false,false,false,false,false
DMOI-RF-LSS-BCRPBEDL-DEC-556,DMOI-RF-LSS-BCRPBEI-EVID-556,DMOI-RF-LSS-BCRPBER-CRIT-556,DMOI-RF-LSS-BCRPBRL-RET-139,DMOI-RF-LSS-BCRPBLK-BLOCK-139,service_route_selected,query_term_return_owner,evidence_source_pointers_reviewed,source_text_and_downstream_gate_limits_confirmed,false,false,false,true,false,false,false,false,false
DMOI-RF-LSS-BCRPBEDL-DEC-557,DMOI-RF-LSS-BCRPBEI-EVID-557,DMOI-RF-LSS-BCRPBER-CRIT-557,DMOI-RF-LSS-BCRPBRL-RET-140,DMOI-RF-LSS-BCRPBLK-BLOCK-140,service_route_selected,query_term_return_owner,source_text_prohibition_confirmed,dated_non_personal_return_identity,false,false,false,true,false,false,false,false,false
DMOI-RF-LSS-BCRPBEDL-DEC-558,DMOI-RF-LSS-BCRPBEI-EVID-558,DMOI-RF-LSS-BCRPBER-CRIT-558,DMOI-RF-LSS-BCRPBRL-RET-140,DMOI-RF-LSS-BCRPBLK-BLOCK-140,service_route_selected,query_term_return_owner,source_text_prohibition_confirmed,precondition_blocker_scope_match,false,false,false,true,false,false,false,false,false
DMOI-RF-LSS-BCRPBEDL-DEC-559,DMOI-RF-LSS-BCRPBEI-EVID-559,DMOI-RF-LSS-BCRPBER-CRIT-559,DMOI-RF-LSS-BCRPBRL-RET-140,DMOI-RF-LSS-BCRPBLK-BLOCK-140,service_route_selected,query_term_return_owner,source_text_prohibition_confirmed,true_precondition_update_scope_bounded,false,false,false,true,false,false,false,false,false
DMOI-RF-LSS-BCRPBEDL-DEC-560,DMOI-RF-LSS-BCRPBEI-EVID-560,DMOI-RF-LSS-BCRPBER-CRIT-560,DMOI-RF-LSS-BCRPBRL-RET-140,DMOI-RF-LSS-BCRPBLK-BLOCK-140,service_route_selected,query_term_return_owner,source_text_prohibition_confirmed,source_text_and_downstream_gate_limits_confirmed,false,false,false,true,false,false,false,false,false
DMOI-RF-LSS-BCRPBEDL-DEC-561,DMOI-RF-LSS-BCRPBEI-EVID-561,DMOI-RF-LSS-BCRPBER-CRIT-561,DMOI-RF-LSS-BCRPBRL-RET-141,DMOI-RF-LSS-BCRPBLK-BLOCK-141,service_route_selected,query_term_return_owner,allowed_update_scope_bounded,dated_non_personal_return_identity,false,false,false,true,false,false,false,false,false
DMOI-RF-LSS-BCRPBEDL-DEC-562,DMOI-RF-LSS-BCRPBEI-EVID-562,DMOI-RF-LSS-BCRPBER-CRIT-562,DMOI-RF-LSS-BCRPBRL-RET-141,DMOI-RF-LSS-BCRPBLK-BLOCK-141,service_route_selected,query_term_return_owner,allowed_update_scope_bounded,precondition_blocker_scope_match,false,false,false,true,false,false,false,false,false
DMOI-RF-LSS-BCRPBEDL-DEC-563,DMOI-RF-LSS-BCRPBEI-EVID-563,DMOI-RF-LSS-BCRPBER-CRIT-563,DMOI-RF-LSS-BCRPBRL-RET-141,DMOI-RF-LSS-BCRPBLK-BLOCK-141,service_route_selected,query_term_return_owner,allowed_update_scope_bounded,true_precondition_update_scope_bounded,false,false,false,true,false,false,false,false,false
DMOI-RF-LSS-BCRPBEDL-DEC-564,DMOI-RF-LSS-BCRPBEI-EVID-564,DMOI-RF-LSS-BCRPBER-CRIT-564,DMOI-RF-LSS-BCRPBRL-RET-141,DMOI-RF-LSS-BCRPBLK-BLOCK-141,service_route_selected,query_term_return_owner,allowed_update_scope_bounded,source_text_and_downstream_gate_limits_confirmed,false,false,false,true,false,false,false,false,false
DMOI-RF-LSS-BCRPBEDL-DEC-565,DMOI-RF-LSS-BCRPBEI-EVID-565,DMOI-RF-LSS-BCRPBER-CRIT-565,DMOI-RF-LSS-BCRPBRL-RET-142,DMOI-RF-LSS-BCRPBLK-BLOCK-142,service_route_selected,query_term_return_owner,authority_role_validated,dated_non_personal_return_identity,false,false,false,true,false,false,false,false,false
DMOI-RF-LSS-BCRPBEDL-DEC-566,DMOI-RF-LSS-BCRPBEI-EVID-566,DMOI-RF-LSS-BCRPBER-CRIT-566,DMOI-RF-LSS-BCRPBRL-RET-142,DMOI-RF-LSS-BCRPBLK-BLOCK-142,service_route_selected,query_term_return_owner,authority_role_validated,precondition_blocker_scope_match,false,false,false,true,false,false,false,false,false
DMOI-RF-LSS-BCRPBEDL-DEC-567,DMOI-RF-LSS-BCRPBEI-EVID-567,DMOI-RF-LSS-BCRPBER-CRIT-567,DMOI-RF-LSS-BCRPBRL-RET-142,DMOI-RF-LSS-BCRPBLK-BLOCK-142,service_route_selected,query_term_return_owner,authority_role_validated,true_precondition_update_scope_bounded,false,false,false,true,false,false,false,false,false
DMOI-RF-LSS-BCRPBEDL-DEC-568,DMOI-RF-LSS-BCRPBEI-EVID-568,DMOI-RF-LSS-BCRPBER-CRIT-568,DMOI-RF-LSS-BCRPBRL-RET-142,DMOI-RF-LSS-BCRPBLK-BLOCK-142,service_route_selected,query_term_return_owner,authority_role_validated,source_text_and_downstream_gate_limits_confirmed,false,false,false,true,false,false,false,false,false
DMOI-RF-LSS-BCRPBEDL-DEC-569,DMOI-RF-LSS-BCRPBEI-EVID-569,DMOI-RF-LSS-BCRPBER-CRIT-569,DMOI-RF-LSS-BCRPBRL-RET-143,DMOI-RF-LSS-BCRPBLK-BLOCK-143,service_route_selected,query_term_return_owner,downstream_query_gate_separate,dated_non_personal_return_identity,false,false,false,true,false,false,false,false,false
DMOI-RF-LSS-BCRPBEDL-DEC-570,DMOI-RF-LSS-BCRPBEI-EVID-570,DMOI-RF-LSS-BCRPBER-CRIT-570,DMOI-RF-LSS-BCRPBRL-RET-143,DMOI-RF-LSS-BCRPBLK-BLOCK-143,service_route_selected,query_term_return_owner,downstream_query_gate_separate,precondition_blocker_scope_match,false,false,false,true,false,false,false,false,false
DMOI-RF-LSS-BCRPBEDL-DEC-571,DMOI-RF-LSS-BCRPBEI-EVID-571,DMOI-RF-LSS-BCRPBER-CRIT-571,DMOI-RF-LSS-BCRPBRL-RET-143,DMOI-RF-LSS-BCRPBLK-BLOCK-143,service_route_selected,query_term_return_owner,downstream_query_gate_separate,true_precondition_update_scope_bounded,false,false,false,true,false,false,false,false,false
DMOI-RF-LSS-BCRPBEDL-DEC-572,DMOI-RF-LSS-BCRPBEI-EVID-572,DMOI-RF-LSS-BCRPBER-CRIT-572,DMOI-RF-LSS-BCRPBRL-RET-143,DMOI-RF-LSS-BCRPBLK-BLOCK-143,service_route_selected,query_term_return_owner,downstream_query_gate_separate,source_text_and_downstream_gate_limits_confirmed,false,false,false,true,false,false,false,false,false
DMOI-RF-LSS-BCRPBEDL-DEC-573,DMOI-RF-LSS-BCRPBEI-EVID-573,DMOI-RF-LSS-BCRPBER-CRIT-573,DMOI-RF-LSS-BCRPBRL-RET-144,DMOI-RF-LSS-BCRPBLK-BLOCK-144,service_route_selected,query_term_return_owner,downstream_surface_translation_gates_separate,dated_non_personal_return_identity,false,false,false,true,false,false,false,false,false
DMOI-RF-LSS-BCRPBEDL-DEC-574,DMOI-RF-LSS-BCRPBEI-EVID-574,DMOI-RF-LSS-BCRPBER-CRIT-574,DMOI-RF-LSS-BCRPBRL-RET-144,DMOI-RF-LSS-BCRPBLK-BLOCK-144,service_route_selected,query_term_return_owner,downstream_surface_translation_gates_separate,precondition_blocker_scope_match,false,false,false,true,false,false,false,false,false
DMOI-RF-LSS-BCRPBEDL-DEC-575,DMOI-RF-LSS-BCRPBEI-EVID-575,DMOI-RF-LSS-BCRPBER-CRIT-575,DMOI-RF-LSS-BCRPBRL-RET-144,DMOI-RF-LSS-BCRPBLK-BLOCK-144,service_route_selected,query_term_return_owner,downstream_surface_translation_gates_separate,true_precondition_update_scope_bounded,false,false,false,true,false,false,false,false,false
DMOI-RF-LSS-BCRPBEDL-DEC-576,DMOI-RF-LSS-BCRPBEI-EVID-576,DMOI-RF-LSS-BCRPBER-CRIT-576,DMOI-RF-LSS-BCRPBRL-RET-144,DMOI-RF-LSS-BCRPBLK-BLOCK-144,service_route_selected,query_term_return_owner,downstream_surface_translation_gates_separate,source_text_and_downstream_gate_limits_confirmed,false,false,false,true,false,false,false,false,false
