Initial Win CP for (console input, console output, system): (CP437, CP65001, CP1252)
I changed them all to CP1252
Rc files read (in order):
  NONE
Latexmk: This is Latexmk, John Collins, 9 March 2026. Version 4.88.
No existing .aux file, so I'll make a simple one, and require run of *latex.
Latexmk: applying rule 'pdflatex'...
Rule 'pdflatex':  Reasons for rerun
Category 'other':
  Rerun of 'pdflatex' forced or previously required:
    Reason or flag: 'Initial setup'

------------
Run number 1 of rule 'pdflatex'
------------
------------
Running 'pdflatex  -interaction=nonstopmode -halt-on-error -file-line-error -recorder  "SGA1_English_source_sync_workpass.tex"'
------------
This is pdfTeX, Version 3.141592653-2.6-1.40.29 (MiKTeX 26.5) (preloaded format=pdflatex.fmt)
 restricted \write18 enabled.
entering extended mode
(SGA1_English_source_sync_workpass.tex
LaTeX2e <2025-11-01>
L3 programming layer <2026-03-20>
(<LOCAL_HOME>\AppData\Local\Programs\MiKTeX\tex/latex/amscls\amsbook.cls
Document Class: amsbook 2020/05/29 v2.20.6
(<LOCAL_HOME>\AppData\Local\Programs\MiKTeX\tex/latex/amsmath\amsmath.sty
For additional information on amsmath, use the `?' option.
(<LOCAL_HOME>\AppData\Local\Programs\MiKTeX\tex/latex/amsmath\amstext.sty
(<LOCAL_HOME>\AppData\Local\Programs\MiKTeX\tex/latex/amsmath\amsgen.sty))
(<LOCAL_HOME>\AppData\Local\Programs\MiKTeX\tex/latex/amsmath\amsbsy.sty)
(<LOCAL_HOME>\AppData\Local\Programs\MiKTeX\tex/latex/amsmath\amsopn.sty))
(<LOCAL_HOME>\AppData\Local\Programs\MiKTeX\tex/latex/amsfonts\umsa.fd)
(<LOCAL_HOME>\AppData\Local\Programs\MiKTeX\tex/latex/amsfonts\amsfonts.sty)
) (<LOCAL_HOME>\AppData\Local\Programs\MiKTeX\tex/latex/base\fontenc.sty)
(<LOCAL_HOME>\AppData\Local\Programs\MiKTeX\tex/latex/base\inputenc.sty)
(<LOCAL_HOME>\AppData\Local\Programs\MiKTeX\tex/latex/lm\lmodern.sty)
(<LOCAL_HOME>\AppData\Local\Programs\MiKTeX\tex/latex/microtype\microtype.st
y (<LOCAL_HOME>\AppData\Local\Programs\MiKTeX\tex/latex/graphics\keyval.sty)
 (<LOCAL_HOME>\AppData\Local\Programs\MiKTeX\tex/latex/etoolbox\etoolbox.sty
)
(<LOCAL_HOME>\AppData\Local\Programs\MiKTeX\tex/latex/microtype\microtype-pd
ftex.def)
(<LOCAL_HOME>\AppData\Local\Programs\MiKTeX\tex/latex/microtype\microtype.cf
g))
(<LOCAL_HOME>\AppData\Local\Programs\MiKTeX\tex/latex/amsfonts\amssymb.sty)
(<LOCAL_HOME>\AppData\Local\Programs\MiKTeX\tex/latex/mathtools\mathtools.st
y (<LOCAL_HOME>\AppData\Local\Programs\MiKTeX\tex/latex/tools\calc.sty)
(<LOCAL_HOME>\AppData\Local\Programs\MiKTeX\tex/latex/mathtools\mhsetup.sty)
) (<LOCAL_HOME>\AppData\Local\Programs\MiKTeX\tex/latex/base\ifthen.sty)
(<LOCAL_HOME>\AppData\Local\Programs\MiKTeX\tex/generic/xypic\xy.sty
(<LOCAL_HOME>\AppData\Local\Programs\MiKTeX\tex/generic/xypic\xy.tex
Bootstrap'ing: catcodes, docmode,
(<LOCAL_HOME>\AppData\Local\Programs\MiKTeX\tex/generic/xypic\xyrecat.tex)
(<LOCAL_HOME>\AppData\Local\Programs\MiKTeX\tex/generic/xypic\xyidioms.tex)

 Xy-pic version 3.8.9 <2013/10/06>
 Copyright (c) 1991-2013 by Kristoffer H. Rose <krisrose@tug.org> and others
 Xy-pic is free software: see the User's Guide for details.

Loading kernel: messages; fonts; allocations: state, direction,
utility macros; pictures: \xy, positions, objects, decorations;
kernel objects: directionals, circles, text; options; algorithms: directions,
edges, connections;  Xy-pic loaded)
(<LOCAL_HOME>\AppData\Local\Programs\MiKTeX\tex/generic/iftex\ifpdf.sty
(<LOCAL_HOME>\AppData\Local\Programs\MiKTeX\tex/generic/iftex\iftex.sty))
(<LOCAL_HOME>\AppData\Local\Programs\MiKTeX\tex/generic/xypic\xyall.tex
 Xy-pic option: All features v.3.8
(<LOCAL_HOME>\AppData\Local\Programs\MiKTeX\tex/generic/xypic\xycurve.tex
 Xy-pic option: Curve and Spline extension v.3.12 curve, circles, loaded)
(<LOCAL_HOME>\AppData\Local\Programs\MiKTeX\tex/generic/xypic\xyframe.tex
 Xy-pic option: Frame and Bracket extension v.3.14 loaded)
(<LOCAL_HOME>\AppData\Local\Programs\MiKTeX\tex/generic/xypic\xycmtip.tex
 Xy-pic option: Computer Modern tip extension v.3.7
(<LOCAL_HOME>\AppData\Local\Programs\MiKTeX\tex/generic/xypic\xytips.tex
 Xy-pic option: More Tips extension v.3.11 loaded) loaded)
(<LOCAL_HOME>\AppData\Local\Programs\MiKTeX\tex/generic/xypic\xyline.tex
 Xy-pic option: Line styles extension v.3.10 loaded)
(<LOCAL_HOME>\AppData\Local\Programs\MiKTeX\tex/generic/xypic\xyrotate.tex
 Xy-pic option: Rotate and Scale extension v.3.8 loaded)
(<LOCAL_HOME>\AppData\Local\Programs\MiKTeX\tex/generic/xypic\xycolor.tex
 Xy-pic option: Colour extension v.3.11 loaded)
(<LOCAL_HOME>\AppData\Local\Programs\MiKTeX\tex/generic/xypic\xymatrix.tex
 Xy-pic option: Matrix feature v.3.14 loaded)
(<LOCAL_HOME>\AppData\Local\Programs\MiKTeX\tex/generic/xypic\xyarrow.tex
 Xy-pic option: Arrow and Path feature v.3.9 path, \ar, loaded)
(<LOCAL_HOME>\AppData\Local\Programs\MiKTeX\tex/generic/xypic\xygraph.tex
 Xy-pic option: Graph feature v.3.11 loaded) loaded)
(<LOCAL_HOME>\AppData\Local\Programs\MiKTeX\tex/generic/xypic\xypdf.tex
 Xy-pic option: PDF driver v.1.7 Xy-pic pdf driver: `color' extension support
(<LOCAL_HOME>\AppData\Local\Programs\MiKTeX\tex/generic/xypic\xypdf-co.tex
loaded) Xy-pic pdf driver: `curve' extension support
(<LOCAL_HOME>\AppData\Local\Programs\MiKTeX\tex/generic/xypic\xypdf-cu.tex
loaded) Xy-pic pdf driver: `frame' extension support
(<LOCAL_HOME>\AppData\Local\Programs\MiKTeX\tex/generic/xypic\xypdf-fr.tex
loaded) Xy-pic pdf driver: `line' extension support
(<LOCAL_HOME>\AppData\Local\Programs\MiKTeX\tex/generic/xypic\xypdf-li.tex
loaded) Xy-pic pdf driver: `rotate' extension support
(<LOCAL_HOME>\AppData\Local\Programs\MiKTeX\tex/generic/xypic\xypdf-ro.tex
loaded) loaded))
(<LOCAL_HOME>\AppData\Local\Programs\MiKTeX\tex/latex/geometry\geometry.sty
(<LOCAL_HOME>\AppData\Local\Programs\MiKTeX\tex/generic/iftex\ifvtex.sty)
(<LOCAL_HOME>\AppData\Local\Programs\MiKTeX\tex/latex/geometry\geometry.cfg)
)
(<LOCAL_HOME>\AppData\Local\Programs\MiKTeX\tex/latex/hyperref\hyperref.sty
(<LOCAL_HOME>\AppData\Local\Programs\MiKTeX\tex/latex/kvsetkeys\kvsetkeys.st
y)
(<LOCAL_HOME>\AppData\Local\Programs\MiKTeX\tex/generic/kvdefinekeys\kvdefin
ekeys.sty)
(<LOCAL_HOME>\AppData\Local\Programs\MiKTeX\tex/generic/pdfescape\pdfescape.
sty
(<LOCAL_HOME>\AppData\Local\Programs\MiKTeX\tex/generic/ltxcmds\ltxcmds.sty)

(<LOCAL_HOME>\AppData\Local\Programs\MiKTeX\tex/generic/pdftexcmds\pdftexcmd
s.sty
(<LOCAL_HOME>\AppData\Local\Programs\MiKTeX\tex/generic/infwarerr\infwarerr.
sty)))
(<LOCAL_HOME>\AppData\Local\Programs\MiKTeX\tex/latex/hycolor\hycolor.sty)
(<LOCAL_HOME>\AppData\Local\Programs\MiKTeX\tex/latex/hyperref\nameref.sty
(<LOCAL_HOME>\AppData\Local\Programs\MiKTeX\tex/latex/refcount\refcount.sty)

(<LOCAL_HOME>\AppData\Local\Programs\MiKTeX\tex/generic/gettitlestring\getti
tlestring.sty
(<LOCAL_HOME>\AppData\Local\Programs\MiKTeX\tex/latex/kvoptions\kvoptions.st
y)))
(<LOCAL_HOME>\AppData\Local\Programs\MiKTeX\tex/generic/stringenc\stringenc.
sty)
(<LOCAL_HOME>\AppData\Local\Programs\MiKTeX\tex/latex/hyperref\pd1enc.def)
(<LOCAL_HOME>\AppData\Local\Programs\MiKTeX\tex/generic/intcalc\intcalc.sty)
(<LOCAL_HOME>\AppData\Local\Programs\MiKTeX\tex/latex/hyperref\puenc.def)
(<LOCAL_HOME>\AppData\Local\Programs\MiKTeX\tex/latex/url\url.sty)
(<LOCAL_HOME>\AppData\Local\Programs\MiKTeX\tex/generic/bitset\bitset.sty
(<LOCAL_HOME>\AppData\Local\Programs\MiKTeX\tex/generic/bigintcalc\bigintcal
c.sty)))
(<LOCAL_HOME>\AppData\Local\Programs\MiKTeX\tex/latex/hyperref\hpdftex.def
(<LOCAL_HOME>\AppData\Local\Programs\MiKTeX\tex/latex/rerunfilecheck\rerunfi
lecheck.sty
(<LOCAL_HOME>\AppData\Local\Programs\MiKTeX\tex/generic/uniquecounter\unique
counter.sty)))
(<LOCAL_HOME>\AppData\Local\Programs\MiKTeX\tex/latex/bookmark\bookmark.sty
(<LOCAL_HOME>\AppData\Local\Programs\MiKTeX\tex/latex/l3backend\l3backend-pd
ftex.def)
(<LOCAL_HOME>\AppData\Local\Programs\MiKTeX\tex/latex/bookmark\bkm-pdftex.de
f))
(<LOCAL_HOME>\AppData\Local\Programs\MiKTeX\tex/generic/stringenc\se-pdfdoc.
def) (<LOCAL_HOME>\AppData\Local\Programs\MiKTeX\tex/latex/lm\t1lmr.fd)
(SGA1_English_source_sync_workpass.aux)
(<LOCAL_HOME>\AppData\Local\Programs\MiKTeX\tex/latex/lm\ot1lmr.fd)
(<LOCAL_HOME>\AppData\Local\Programs\MiKTeX\tex/latex/lm\omllmm.fd)
(<LOCAL_HOME>\AppData\Local\Programs\MiKTeX\tex/latex/lm\omslmsy.fd)
(<LOCAL_HOME>\AppData\Local\Programs\MiKTeX\tex/latex/lm\omxlmex.fd)
(<LOCAL_HOME>\AppData\Local\Programs\MiKTeX\tex/latex/amsfonts\umsa.fd)
(<LOCAL_HOME>\AppData\Local\Programs\MiKTeX\tex/latex/amsfonts\umsb.fd)
(<LOCAL_HOME>\AppData\Local\Programs\MiKTeX\tex/latex/microtype\mt-cmr.cfg)
(<LOCAL_HOME>\AppData\Local\Programs\MiKTeX\tex/latex/graphics\graphicx.sty
(<LOCAL_HOME>\AppData\Local\Programs\MiKTeX\tex/latex/graphics\graphics.sty
(<LOCAL_HOME>\AppData\Local\Programs\MiKTeX\tex/latex/graphics\trig.sty)
(<LOCAL_HOME>\AppData\Local\Programs\MiKTeX\tex/latex/graphics-cfg\graphics.
cfg)
(<LOCAL_HOME>\AppData\Local\Programs\MiKTeX\tex/latex/graphics-def\pdftex.de
f
(<LOCAL_HOME>\AppData\Local\Programs\MiKTeX\tex/context/base/mkii\supp-pdf.m
kii
[Loading MPS to PDF converter (version 2006.09.02).]
)))
(<LOCAL_HOME>\AppData\Local\Programs\MiKTeX\tex/latex/epstopdf-pkg\epstopdf-
base.sty
(<LOCAL_HOME>\AppData\Local\Programs\MiKTeX\tex/latex/00miktex\epstopdf-sys.
cfg)))
(<LOCAL_HOME>\AppData\Local\Programs\MiKTeX\tex/latex/microtype\mt-msa.cfg)
(<LOCAL_HOME>\AppData\Local\Programs\MiKTeX\tex/latex/microtype\mt-msb.cfg)
*geometry* driver: auto-detecting
*geometry* detected driver: pdftex
[0{<LOCAL_HOME>/AppData/Local/MiKTeX/fonts/map/pdftex/pdftex.map}{C:/Users/F
loris/AppData/Local/Programs/MiKTeX/fonts/enc/dvips/lm/lm-ec.enc}]
Contents
No file SGA1_English_source_sync_workpass.toc.
[1]
Chapter I
(<LOCAL_HOME>\AppData\Local\Programs\MiKTeX\tex/latex/amsfonts\ueuf.fd)
(<LOCAL_HOME>\AppData\Local\Programs\MiKTeX\tex/latex/microtype\mt-euf.cfg)
[1{<LOCAL_HOME>/AppData/Local/Programs/MiKTeX/fonts/enc/dvips/lm/lm-mathit.e
nc}{<LOCAL_HOME>/AppData/Local/Programs/MiKTeX/fonts/enc/dvips/lm/lm-rm.enc}
{<LOCAL_HOME>/AppData/Local/Programs/MiKTeX/fonts/enc/dvips/lm/lm-mathsy.enc
}{<LOCAL_HOME>/AppData/Local/Programs/MiKTeX/fonts/enc/dvips/lm/lm-mathex.en
c}]

LaTeX Warning: Reference `I.3.2' on page 2 undefined on input line 366.

[2]

LaTeX Warning: Reference `I.3.7' on page 3 undefined on input line 447.

[3]

LaTeX Warning: Reference `I.3.4' on page 4 undefined on input line 493.


LaTeX Warning: Reference `I.4.9' on page 4 undefined on input line 517.

(drafts/SGA1_I_5_English_source_draft.texfrag

LaTeX Warning: Reference `I.2.2' on page 4 undefined on input line 43.

[4]

LaTeX Warning: Reference `I.5.1' on page 5 undefined on input line 70.


LaTeX Warning: Reference `I.5.2' on page 5 undefined on input line 74.


LaTeX Warning: Reference `I.4.8' on page 5 undefined on input line 76.


LaTeX Warning: Reference `I.5.3' on page 5 undefined on input line 89.


LaTeX Warning: Reference `I.5.3' on page 5 undefined on input line 92.


LaTeX Warning: Reference `I.5.3' on page 5 undefined on input line 116.


LaTeX Warning: Reference `I.5.5' on page 5 undefined on input line 134.


LaTeX Warning: Reference `I.5.5' on page 5 undefined on input line 154.

[5]

LaTeX Warning: Reference `I.5.1' on page 6 undefined on input line 157.


LaTeX Warning: Reference `I.5.1' on page 6 undefined on input line 158.


LaTeX Warning: Reference `I.5.1' on page 6 undefined on input line 177.


LaTeX Warning: Reference `I.5.9' on page 6 undefined on input line 179.


LaTeX Warning: Reference `I.3' on page 6 undefined on input line 183.


LaTeX Warning: Reference `I.5.8' on page 6 undefined on input line 197.


LaTeX Warning: Reference `I.5.8' on page 6 undefined on input line 206.

) (drafts/SGA1_I_6_English_source_draft.texfrag [6]

LaTeX Warning: Reference `I.5.5' on page 7 undefined on input line 48.

) (drafts/SGA1_I_7_English_source_draft.texfrag

LaTeX Warning: Reference `I.7.2' on page 7 undefined on input line 38.


LaTeX Warning: Reference `I.1' on page 7 undefined on input line 43.


LaTeX Warning: Reference `I.7.2' on page 7 undefined on input line 52.


LaTeX Warning: Reference `I.7.1' on page 7 undefined on input line 53.


LaTeX Warning: Reference `I.7.1' on page 7 undefined on input line 57.


LaTeX Warning: Reference `I.7.2' on page 7 undefined on input line 64.


LaTeX Warning: Reference `I.7.3' on page 7 undefined on input line 68.


LaTeX Warning: Reference `I.7.4' on page 7 undefined on input line 76.

[7]

LaTeX Warning: Reference `I.7.4' on page 8 undefined on input line 106.


LaTeX Warning: Reference `I.7.7' on page 8 undefined on input line 155.


LaTeX Warning: Reference `I.7.6' on page 8 undefined on input line 157.


LaTeX Warning: Reference `I.7.7' on page 8 undefined on input line 158.


LaTeX Warning: Reference `I.4.8' on page 8 undefined on input line 163.


LaTeX Warning: Reference `I.7.6' on page 8 undefined on input line 167.

[8]

LaTeX Warning: Reference `I.7.1' on page 9 undefined on input line 201.


LaTeX Warning: Reference `I.7.5' on page 9 undefined on input line 202.


LaTeX Warning: Reference `I.7.3' on page 9 undefined on input line 217.


LaTeX Warning: Reference `I.7.6' on page 9 undefined on input line 224.


LaTeX Warning: Reference `I.7.9' on page 9 undefined on input line 224.


LaTeX Warning: Reference `I.7.10' on page 9 undefined on input line 225.


LaTeX Warning: Reference `I.7.9' on page 9 undefined on input line 225.


LaTeX Warning: Reference `I.7.6' on page 9 undefined on input line 269.


LaTeX Warning: Reference `I.7.5' on page 9 undefined on input line 271.


LaTeX Warning: Reference `I.7.9' on page 9 undefined on input line 275.


LaTeX Warning: Reference `I.7.10' on page 9 undefined on input line 276.

) (drafts/SGA1_I_8_English_source_draft.texfrag

LaTeX Warning: Reference `I.7.6' on page 9 undefined on input line 22.

[9]

LaTeX Warning: Reference `I.7.1' on page 10 undefined on input line 49.


LaTeX Warning: Reference `I.7.5' on page 10 undefined on input line 75.


LaTeX Warning: Reference `I.7.6' on page 10 undefined on input line 76.


LaTeX Warning: Reference `I.5.5' on page 10 undefined on input line 80.


LaTeX Warning: Reference `I.5.5' on page 10 undefined on input line 84.


LaTeX Warning: Reference `I.5.5' on page 10 undefined on input line 113.

[10]

LaTeX Warning: Reference `I.8.1' on page 11 undefined on input line 121.


LaTeX Warning: Reference `I.8.4' on page 11 undefined on input line 168.


LaTeX Warning: Reference `I.8.3' on page 11 undefined on input line 169.


LaTeX Warning: Reference `I.8.4' on page 11 undefined on input line 172.

) (drafts/SGA1_I_9_1_English_source_draft.texfrag [11])
(drafts/SGA1_I_9_2_English_source_draft.texfrag)
(drafts/SGA1_I_9_3_English_source_draft.texfrag)
(drafts/SGA1_I_9_4_English_source_draft.texfrag [12]

LaTeX Warning: Reference `I.9.3' on page 13 undefined on input line 18.

) (drafts/SGA1_I_9_5_English_source_draft.texfrag)
(drafts/SGA1_I_9_5_P1_English_source_draft.texfrag

LaTeX Warning: Reference `I.7.6' on page 13 undefined on input line 12.


LaTeX Warning: Reference `I.9.1' on page 13 undefined on input line 44.

) (drafts/SGA1_I_9_5_P2_English_source_draft.texfrag

LaTeX Warning: Reference `I.9.3' on page 13 undefined on input line 13.


LaTeX Warning: Reference `I.7.6' on page 13 undefined on input line 22.


LaTeX Warning: Reference `I.7.6' on page 13 undefined on input line 26.

[13]

LaTeX Warning: Reference `I.7.6' on page 14 undefined on input line 59.


Overfull \hbox (1.90018pt too wide) in paragraph at lines 56--61
\T1/lmr/m/n/10.95 (-20) Consequently, $\OML/lmm/m/it/10.95 F$ \T1/lmr/m/n/10.95
 (-20) is sep-a-ra-ble over $\OML/lmm/m/it/10.95 K$\T1/lmr/m/n/10.95 (-20) , th
ough of course not nec-es-sar-ily sep-a-ra-ble over $\OML/lmm/m/it/10.95 A$\T1/
lmr/m/n/10.95 (-20) .(N.B.

LaTeX Warning: Reference `I.9.8' on page 14 undefined on input line 113.

) (drafts/SGA1_I_9_5_P3_English_source_draft.texfrag

LaTeX Warning: Reference `I.7.6' on page 14 undefined on input line 5.


LaTeX Warning: Reference `eq:I.9.5.*' on page 14 undefined on input line 6.


LaTeX Warning: Reference `I.4.8' on page 14 undefined on input line 12.

) (drafts/SGA1_I_9_10_English_source_draft.texfrag [14])
(drafts/SGA1_I_9_11_English_source_draft.texfrag)
(drafts/SGA1_I_9_11_PROOF_English_source_draft.texfrag

LaTeX Warning: Reference `I.9.5' on page 15 undefined on input line 22.

) (drafts/SGA1_I_9_12_English_source_draft.texfrag)
(drafts/SGA1_I_9_12_NOTE_English_source_draft.texfrag

LaTeX Warning: Reference `I.4' on page 15 undefined on input line 3.

) (drafts/SGA1_I_9_12_STARRED_REMARK_English_source_draft.texfrag)
(drafts/SGA1_I_10_1_English_source_draft.texfrag)
(drafts/SGA1_I_10_1_PROOF_English_source_draft.texfrag

LaTeX Warning: Reference `I.9.10' on page 15 undefined on input line 10.

) (drafts/SGA1_I_10_2_English_source_draft.texfrag

LaTeX Warning: Reference `I.10.1' on page 15 undefined on input line 10.

) (drafts/SGA1_I_10_2_PROOF_English_source_draft.texfrag)
(drafts/SGA1_I_10_3_DEFINITION_English_source_draft.texfrag

LaTeX Warning: Reference `I.9.11' on page 15 undefined on input line 16.

) (drafts/SGA1_I_10_3_English_source_draft.texfrag [15])
(drafts/SGA1_I_10_3_PROOF_OPENING_English_source_draft.texfrag)
(drafts/SGA1_I_10_3_PROOF_AFFINE_REDUCTION_English_source_draft.texfrag

LaTeX Warning: Reference `I.4.10' on page 16 undefined on input line 22.

) (drafts/SGA1_I_10_3_SORITES_BRIDGE_English_source_draft.texfrag

LaTeX Warning: Reference `I.4.6' on page 16 undefined on input line 9.

) (drafts/SGA1_I_10_4_English_source_draft.texfrag)
(drafts/SGA1_I_10_5_English_source_draft.texfrag

LaTeX Warning: Reference `I.10.4' on page 16 undefined on input line 14.

) (drafts/SGA1_I_10_6_THROUGH_I_10_12_English.texfrag

LaTeX Warning: Reference `I.10.4' on page 16 undefined on input line 9.


LaTeX Warning: Reference `I.10.7' on page 16 undefined on input line 29.

[16]

LaTeX Warning: Reference `I.11' on page 17 undefined on input line 77.


LaTeX Warning: Reference `I.10.7' on page 17 undefined on input line 84.


LaTeX Warning: Reference `I.10.7' on page 17 undefined on input line 100.

[17]

LaTeX Warning: Reference `I.10.7' on page 18 undefined on input line 128.


LaTeX Warning: Reference `I.10.8' on page 18 undefined on input line 131.

) (drafts/SGA1_I_11_English.texfrag [18]

LaTeX Warning: Reference `I.9.5' on page 19 undefined on input line 87.


LaTeX Warning: Reference `I.9.5' on page 19 undefined on input line 104.


LaTeX Warning: Reference `I.8.3' on page 19 undefined on input line 105.


LaTeX Warning: Reference `I.9.5' on page 19 undefined on input line 108.

[19]) (drafts/SGA1_II_1_English.texfrag [20]
Chapter II

LaTeX Warning: Reference `I' on page 21 undefined on input line 7.


LaTeX Warning: Reference `eq:II.1.2' on page 21 undefined on input line 39.


Overfull \hbox (1.1832pt too wide) in paragraph at lines 37--41
\T1/lmr/m/n/10.95 (-20) by the anal-o-gous for-mula for poly-no-mial rings over
 $\U/msb/m/n/10.95 Z$\T1/lmr/m/n/10.95 (-20) . For-mula [] shows that $\OML/lmm
/m/it/10.95 Y\OT1/lmr/m/n/10.95 (-20) [\OML/lmm/m/it/10.95 t[]; [] ; t[]\OT1/lm
r/m/n/10.95 (-20) ]$

LaTeX Warning: Reference `prop:II.1.1' on page 21 undefined on input line 87.


LaTeX Warning: Reference `II.1.1' on page 21 undefined on input line 88.

[21]

LaTeX Warning: Reference `I.4.6' on page 22 undefined on input line 111.


LaTeX Warning: Reference `eq:II.1.2' on page 22 undefined on input line 112.


LaTeX Warning: Reference `I.4.6' on page 22 undefined on input line 114.


LaTeX Warning: Reference `eq:II.1.3' on page 22 undefined on input line 115.


LaTeX Warning: Reference `II.1.1' on page 22 undefined on input line 131.

) (drafts/SGA1_II_2_English.texfrag

LaTeX Warning: Reference `II.1.3' on page 22 undefined on input line 16.


LaTeX Warning: Reference `I.5.8' on page 22 undefined on input line 44.


LaTeX Warning: Reference `II.2.1' on page 22 undefined on input line 60.


LaTeX Warning: Reference `I.5.9' on page 22 undefined on input line 61.

[22]

LaTeX Warning: Reference `I.9.5' on page 23 undefined on input line 127.


LaTeX Warning: Reference `I.11' on page 23 undefined on input line 133.


LaTeX Warning: Reference `I.9.5' on page 23 undefined on input line 134.

[23]

LaTeX Warning: Reference `II.2.3' on page 24 undefined on input line 176.


LaTeX Warning: Reference `II.2.1' on page 24 undefined on input line 176.

) (drafts/SGA1_II_3_English.texfrag

LaTeX Warning: Reference `I.9' on page 24 undefined on input line 15.


LaTeX Warning: Reference `II.1.1' on page 24 undefined on input line 17.

) (drafts/SGA1_II_4_OPENING_THROUGH_4_8_English.texfrag [24]

LaTeX Warning: Reference `I.1' on page 25 undefined on input line 12.


LaTeX Warning: Reference `eq:II.4.1' on page 25 undefined on input line 21.


LaTeX Warning: Reference `eq:II.4.2' on page 25 undefined on input line 40.


LaTeX Warning: Reference `eq:II.4.2' on page 25 undefined on input line 64.


LaTeX Warning: Reference `I.3.1' on page 25 undefined on input line 64.


LaTeX Warning: Reference `eq:II.4.2' on page 25 undefined on input line 100.


LaTeX Warning: Reference `II.1.1' on page 25 undefined on input line 102.

[25]

LaTeX Warning: Reference `II.1.3' on page 26 undefined on input line 192.


LaTeX Warning: Reference `II.4.3' on page 26 undefined on input line 193.


LaTeX Warning: Reference `II.4.2' on page 26 undefined on input line 203.

[26]

LaTeX Warning: Reference `II.4.1' on page 27 undefined on input line 221.


LaTeX Warning: Reference `II.2.2' on page 27 undefined on input line 223.


LaTeX Warning: Reference `I.9.5' on page 27 undefined on input line 225.


LaTeX Warning: Reference `II.4.5' on page 27 undefined on input line 235.


LaTeX Warning: Reference `II.4.6' on page 27 undefined on input line 247.


LaTeX Warning: Reference `eq:II.4.2' on page 27 undefined on input line 282.


LaTeX Warning: Reference `eq:II.4.3' on page 27 undefined on input line 290.


LaTeX Warning: Reference `I.7.2' on page 27 undefined on input line 303.

) (drafts/SGA1_II_4_9_THROUGH_4_13_English.texfrag [27]

LaTeX Warning: Reference `II.4.9' on page 28 undefined on input line 78.


LaTeX Warning: Reference `I.4.6' on page 28 undefined on input line 79.


LaTeX Warning: Reference `II.4.8' on page 28 undefined on input line 81.


LaTeX Warning: Reference `eq:II.4.3' on page 28 undefined on input line 85.


LaTeX Warning: Reference `eq:II.4.3' on page 28 undefined on input line 97.


LaTeX Warning: Reference `II.4.9' on page 28 undefined on input line 101.


LaTeX Warning: Reference `II.4.8' on page 28 undefined on input line 104.


LaTeX Warning: Reference `II.4.8' on page 28 undefined on input line 111.


LaTeX Warning: Reference `I.4.6' on page 28 undefined on input line 115.


LaTeX Warning: Reference `I.4.8' on page 28 undefined on input line 116.


LaTeX Warning: Reference `I.5.8' on page 28 undefined on input line 117.


LaTeX Warning: Reference `I.5.2' on page 28 undefined on input line 117.

[28]

LaTeX Warning: Reference `II.4.9' on page 29 undefined on input line 190.


LaTeX Warning: Reference `II.4.3' on page 29 undefined on input line 192.


LaTeX Warning: Reference `eq:II.4.3' on page 29 undefined on input line 193.


LaTeX Warning: Reference `eq:II.4.3' on page 29 undefined on input line 199.


LaTeX Warning: Reference `II.4.9' on page 29 undefined on input line 204.


LaTeX Warning: Reference `II.4.9' on page 29 undefined on input line 211.

[29]

LaTeX Warning: Reference `II.4.10' on page 30 undefined on input line 271.


LaTeX Warning: Reference `II.4.11' on page 30 undefined on input line 279.


LaTeX Warning: Reference `II.1.3' on page 30 undefined on input line 292.


LaTeX Warning: Reference `II.4.10' on page 30 undefined on input line 302.

) (drafts/SGA1_II_4_LINES_3500_3727_English.texfrag

LaTeX Warning: Hyper reference `II.4.10' on page 30 undefined on input line 5.


LaTeX Warning: Reference `II.4.10' on page 30 undefined on input line 5.


LaTeX Warning: Hyper reference `I.7.6' on page 30 undefined on input line 35.


LaTeX Warning: Reference `I.7.6' on page 30 undefined on input line 35.

[30] [31]) (drafts/SGA1_II_4_15_THROUGH_4_19_English.texfrag

LaTeX Warning: Reference `II.4.15' on page 32 undefined on input line 29.


LaTeX Warning: Reference `II.4.10' on page 32 undefined on input line 30.

[32]

LaTeX Warning: Reference `II.4.15' on page 33 undefined on input line 134.


LaTeX Warning: Reference `II.4.10' on page 33 undefined on input line 140.


LaTeX Warning: Reference `II.4.16' on page 33 undefined on input line 152.

[33]

LaTeX Warning: Reference `I.1' on page 34 undefined on input line 156.


LaTeX Warning: Reference `eq:II.4.4' on page 34 undefined on input line 217.


LaTeX Warning: Reference `II.4.17' on page 34 undefined on input line 220.


LaTeX Warning: Reference `II.4.18' on page 34 undefined on input line 221.


LaTeX Warning: Reference `II.4.13' on page 34 undefined on input line 221.


LaTeX Warning: Reference `eq:II.4.4' on page 34 undefined on input line 240.


LaTeX Warning: Reference `eq:II.4.5' on page 34 undefined on input line 247.


LaTeX Warning: Reference `eq:II.4.6' on page 34 undefined on input line 250.

[34]) (drafts/SGA1_II_5_OPENING_THROUGH_5_5_English.texfrag

LaTeX Warning: Reference `II.3.1' on page 35 undefined on input line 19.


LaTeX Warning: Reference `II.4.8' on page 35 undefined on input line 31.


LaTeX Warning: Reference `II.4.1' on page 35 undefined on input line 34.


LaTeX Warning: Reference `I.9.5' on page 35 undefined on input line 37.


LaTeX Warning: Reference `I.9.11' on page 35 undefined on input line 37.


LaTeX Warning: Reference `II.5.1' on page 35 undefined on input line 43.


LaTeX Warning: Reference `II.4.10' on page 35 undefined on input line 66.

[35]

LaTeX Warning: Reference `II.5.2' on page 36 undefined on input line 78.


LaTeX Warning: Reference `II.5.2' on page 36 undefined on input line 80.


LaTeX Warning: Reference `II.4.15' on page 36 undefined on input line 80.


LaTeX Warning: Reference `II.5.3' on page 36 undefined on input line 90.


LaTeX Warning: Reference `II.4.3' on page 36 undefined on input line 112.


LaTeX Warning: Reference `II.5.1' on page 36 undefined on input line 115.


LaTeX Warning: Reference `II.4.18' on page 36 undefined on input line 117.


LaTeX Warning: Reference `II.5.4' on page 36 undefined on input line 121.


LaTeX Warning: Reference `II.4.13' on page 36 undefined on input line 122.

) (drafts/SGA1_II_5_6_THROUGH_5_7_English.texfrag

LaTeX Warning: Reference `II.5.5' on page 36 undefined on input line 29.

[36]

LaTeX Warning: Reference `II.4.13' on page 37 undefined on input line 36.


LaTeX Warning: Reference `II.5.4' on page 37 undefined on input line 39.


LaTeX Warning: Reference `II.fin.errata' on page 37 undefined on input line 42.



LaTeX Warning: Reference `II.5.1' on page 37 undefined on input line 47.


LaTeX Warning: Reference `II.5.6' on page 37 undefined on input line 64.


LaTeX Warning: Reference `II.5.5' on page 37 undefined on input line 69.

) (drafts/SGA1_II_5_8_THROUGH_5_10_English.texfrag

LaTeX Warning: Reference `II.4.8' on page 37 undefined on input line 27.


LaTeX Warning: Reference `II.5.6' on page 37 undefined on input line 34.


LaTeX Warning: Reference `II.4.9' on page 37 undefined on input line 38.


LaTeX Warning: Reference `eq:II.5.1' on page 37 undefined on input line 46.


LaTeX Warning: Reference `II.5.1' on page 37 undefined on input line 48.

[37]

LaTeX Warning: Reference `II.5.1' on page 38 undefined on input line 74.


LaTeX Warning: Reference `II.5.8' on page 38 undefined on input line 85.


LaTeX Warning: Reference `II.4.9' on page 38 undefined on input line 85.


LaTeX Warning: Reference `II.4.10' on page 38 undefined on input line 87.


LaTeX Warning: Reference `II.4.10' on page 38 undefined on input line 92.


LaTeX Warning: Reference `II.5.9' on page 38 undefined on input line 108.

) (drafts/SGA1_II_ERRATA_AND_III_HEADING_English.texfrag

LaTeX Warning: Reference `II.5.6' on page 38 undefined on input line 5.

[38]
Chapter III
) (drafts/SGA1_III_1_OPENING_THROUGH_1_3_English.texfrag

LaTeX Warning: Reference `III.2.1' on page 39 undefined on input line 34.


LaTeX Warning: Reference `III.1.1' on page 39 undefined on input line 43.


LaTeX Warning: Reference `III.1.1' on page 39 undefined on input line 56.


LaTeX Warning: Reference `I.3.2' on page 39 undefined on input line 59.


LaTeX Warning: Reference `I.4.1' on page 39 undefined on input line 60.


LaTeX Warning: Reference `III.2.1' on page 39 undefined on input line 79.


LaTeX Warning: Reference `III.1.1' on page 39 undefined on input line 81.

[39]

LaTeX Warning: Reference `III.1.1' on page 40 undefined on input line 94.


LaTeX Warning: Reference `III.1.1' on page 40 undefined on input line 100.


LaTeX Warning: Reference `III.1.1' on page 40 undefined on input line 107.


LaTeX Warning: Reference `III.1.4' on page 40 undefined on input line 108.


LaTeX Warning: Reference `III.1.5' on page 40 undefined on input line 109.

) (drafts/SGA1_III_1_4_THROUGH_1_9_English.texfrag [40]

LaTeX Warning: Reference `III.1.3' on page 41 undefined on input line 91.


LaTeX Warning: Reference `III.1.5' on page 41 undefined on input line 131.


LaTeX Warning: Reference `III.1.4' on page 41 undefined on input line 141.


LaTeX Warning: Reference `III.1.4' on page 41 undefined on input line 144.


LaTeX Warning: Reference `III.1.3' on page 41 undefined on input line 145.


LaTeX Warning: Reference `III.1.5' on page 41 undefined on input line 148.


LaTeX Warning: Reference `I.1' on page 41 undefined on input line 157.

[41]

LaTeX Warning: Reference `III.1.7' on page 42 undefined on input line 172.


LaTeX Warning: Reference `II.2.1' on page 42 undefined on input line 172.


LaTeX Warning: Reference `III.1.4' on page 42 undefined on input line 175.


LaTeX Warning: Reference `II.4.13' on page 42 undefined on input line 176.


LaTeX Warning: Reference `II.5.2' on page 42 undefined on input line 178.


LaTeX Warning: Reference `III.1.5' on page 42 undefined on input line 178.

) (drafts/SGA1_III_2_COMPLETE_English.texfrag
(drafts/SGA1_III_2_OPENING_THROUGH_PROOF_I_TO_III_English.texfrag

LaTeX Warning: Reference `III.1.1' on page 42 undefined on input line 40.


LaTeX Warning: Reference `III.2.1' on page 42 undefined on input line 53.


LaTeX Warning: Reference `III.1.4' on page 42 undefined on input line 69.


LaTeX Warning: Reference `III.1.3' on page 42 undefined on input line 73.

[42]) [43]

LaTeX Warning: Reference `III.1.4' on page 44 undefined on input line 63.


LaTeX Warning: Reference `III.2.1' on page 44 undefined on input line 70.


LaTeX Warning: Reference `III.2.1' on page 44 undefined on input line 72.

[44]

LaTeX Warning: Reference `III.2.2' on page 45 undefined on input line 146.


LaTeX Warning: Reference `III.1.5' on page 45 undefined on input line 151.

) (drafts/SGA1_III_3_English.texfrag

LaTeX Warning: Reference `I.5.6' on page 45 undefined on input line 69.


LaTeX Warning: Reference `III.2.1' on page 45 undefined on input line 85.


LaTeX Warning: Reference `III.1.9' on page 45 undefined on input line 87.


LaTeX Warning: Reference `III.3.1' on page 45 undefined on input line 91.

[45]

LaTeX Warning: Reference `III.3.1' on page 46 undefined on input line 95.


LaTeX Warning: Reference `III.3.1' on page 46 undefined on input line 97.

) (drafts/SGA1_III_4_English.texfrag

LaTeX Warning: Reference `I.8.3' on page 46 undefined on input line 50.


LaTeX Warning: Reference `III.3.1' on page 46 undefined on input line 56.

[46]

LaTeX Warning: Reference `III.4.1' on page 47 undefined on input line 82.


LaTeX Warning: Reference `III.6' on page 47 undefined on input line 88.

) (drafts/SGA1_III_5_OPENING_THROUGH_5_2_English.texfrag [47]

LaTeX Warning: Reference `eq:III.5.1.*' on page 48 undefined on input line 167.


[48]

LaTeX Warning: Reference `III.3.1' on page 49 undefined on input line 171.


LaTeX Warning: Reference `III.5.1' on page 49 undefined on input line 225.

) (drafts/SGA1_III_5_3_THROUGH_END_English.texfrag [49]

LaTeX Warning: Reference `III.3.1' on page 50 undefined on input line 54.


LaTeX Warning: Reference `III.3.1' on page 50 undefined on input line 60.


LaTeX Warning: Reference `III.4.2' on page 50 undefined on input line 131.

[50]

LaTeX Warning: Reference `III.5.6' on page 51 undefined on input line 135.


LaTeX Warning: Reference `III.5.8' on page 51 undefined on input line 175.


LaTeX Warning: Reference `III.5.8' on page 51 undefined on input line 182.

) (drafts/SGA1_III_6_OPENING_THROUGH_OBSTRUCTION_DERIVATION_English.texfrag

LaTeX Warning: Reference `III.4.1' on page 51 undefined on input line 4.


LaTeX Warning: Reference `II.2.1' on page 51 undefined on input line 20.


LaTeX Warning: Reference `III.4' on page 51 undefined on input line 22.

[51]

LaTeX Warning: Reference `III.4.1' on page 52 undefined on input line 33.


LaTeX Warning: Reference `III.5.4' on page 52 undefined on input line 52.


LaTeX Warning: Reference `III.4.2' on page 52 undefined on input line 52.


LaTeX Warning: Reference `III.5.1' on page 52 undefined on input line 58.


LaTeX Warning: Reference `III.5.3' on page 52 undefined on input line 59.


LaTeX Warning: Reference `III.6.1' on page 52 undefined on input line 73.


LaTeX Warning: Reference `III.4.1' on page 52 undefined on input line 93.


LaTeX Warning: Reference `III.6.2' on page 52 undefined on input line 100.

[52
pdfTeX warning (ext4): destination with the same identifier (name{equation.3.6.
1}) has been already used, duplicate ignored
<argument> ...shipout:D \box_use:N \l_shipout_box 
                                                  \__shipout_drop_firstpage_...
l.134 \]
        ]
pdfTeX warning (ext4): destination with the same identifier (name{equation.3.6.
1}) has been already used, duplicate ignored
<to be read again> 
                   \relax 
l.144 \begin{equation}
                      
pdfTeX warning (ext4): destination with the same identifier (name{equation.3.6.
1}) has been already used, duplicate ignored
<to be read again> 
                   \relax 
l.144 \begin{equation}
                      
pdfTeX warning (ext4): destination with the same identifier (name{equation.3.6.
1}) has been already used, duplicate ignored
<to be read again> 
                   \relax 
l.144 \begin{equation}
                      
pdfTeX warning (ext4): destination with the same identifier (name{equation.3.6.
1}) has been already used, duplicate ignored
<to be read again> 
                   \relax 
l.144 \begin{equation}
                      

LaTeX Warning: Reference `III.6.1' on page 53 undefined on input line 151.


LaTeX Warning: Reference `eq:III.6.2' on page 53 undefined on input line 157.


LaTeX Warning: Reference `eq:III.6.1' on page 53 undefined on input line 157.


pdfTeX warning (ext4): destination with the same identifier (name{equation.3.6.
1}) has been already used, duplicate ignored
<to be read again> 
                   \relax 
l.159 \begin{equation}
                      
pdfTeX warning (ext4): destination with the same identifier (name{equation.3.6.
1}) has been already used, duplicate ignored
<to be read again> 
                   \relax 
l.159 \begin{equation}
                      
pdfTeX warning (ext4): destination with the same identifier (name{equation.3.6.
1}) has been already used, duplicate ignored
<to be read again> 
                   \relax 
l.159 \begin{equation}
                      
pdfTeX warning (ext4): destination with the same identifier (name{equation.3.6.
1}) has been already used, duplicate ignored
<to be read again> 
                   \relax 
l.159 \begin{equation}
                      

LaTeX Warning: Reference `eq:III.6.3' on page 53 undefined on input line 168.


LaTeX Warning: Reference `eq:III.6.2' on page 53 undefined on input line 180.


LaTeX Warning: Reference `eq:III.6.4' on page 53 undefined on input line 181.

) (drafts/SGA1_III_6_THEOREM_6_3_THROUGH_END_English.texfrag

LaTeX Warning: Reference `III.6.4' on page 53 undefined on input line 7.


LaTeX Warning: Reference `III.6.1' on page 53 undefined on input line 10.


LaTeX Warning: Reference `III.6.1' on page 53 undefined on input line 21.


LaTeX Warning: Reference `III.6.3' on page 53 undefined on input line 38.

[53]

LaTeX Warning: Reference `III.4.1' on page 54 undefined on input line 79.


LaTeX Warning: Reference `III.4.1' on page 54 undefined on input line 84.


LaTeX Warning: Reference `III.6.3' on page 54 undefined on input line 89.


LaTeX Warning: Reference `III.6.9' on page 54 undefined on input line 122.

) (drafts/SGA1_III_7_English.texfrag [54]

Package hyperref Warning: Token not allowed in a PDF string (Unicode):
(hyperref)                removing `math shift' on input line 2.


LaTeX Warning: Reference `III.6.6' on page 55 undefined on input line 66.

[55]

LaTeX Warning: Reference `nIII.3' on page 56 undefined on input line 91.


LaTeX Warning: Reference `III.6' on page 56 undefined on input line 112.


LaTeX Warning: Reference `III.6.4' on page 56 undefined on input line 113.


LaTeX Warning: Reference `eq:III.7.*' on page 56 undefined on input line 140.


LaTeX Warning: Reference `III.6.10' on page 56 undefined on input line 182.

[56]) (drafts/SGA1_IV_INTRODUCTION_English.texfrag [57]
Chapter IV

LaTeX Warning: Reference `IV.1' on page 58 undefined on input line 34.


LaTeX Warning: Reference `IV.2' on page 58 undefined on input line 34.

) (drafts/SGA1_IV_1_English.texfrag [58]

LaTeX Warning: Reference `IV.1.1' on page 59 undefined on input line 88.

[59]

LaTeX Warning: Reference `IV.1.2' on page 60 undefined on input line 154.

) (drafts/SGA1_IV_2_English.texfrag

LaTeX Warning: Reference `IV.1' on page 60 undefined on input line 64.

[60]

LaTeX Warning: Reference `IV.2.2' on page 61 undefined on input line 130.


LaTeX Warning: Reference `IV.2.3' on page 61 undefined on input line 131.


LaTeX Warning: Reference `IV.2.5' on page 61 undefined on input line 135.


LaTeX Warning: Reference `IV.2.4' on page 61 undefined on input line 141.

[61]

LaTeX Warning: Reference `IV.2.3' on page 62 undefined on input line 172.


LaTeX Warning: Reference `IV.2.1' on page 62 undefined on input line 175.


LaTeX Warning: Reference `IV.1.1' on page 62 undefined on input line 175.


LaTeX Warning: Reference `IV.1' on page 62 undefined on input line 179.


LaTeX Warning: Reference `IV.2.1' on page 62 undefined on input line 180.


LaTeX Warning: Reference `IV.1.1' on page 62 undefined on input line 182.

) (drafts/SGA1_IV_3_AND_4_English.texfrag

LaTeX Warning: Reference `IV.2.1' on page 62 undefined on input line 35.


LaTeX Warning: Reference `IV.3.2' on page 62 undefined on input line 39.

[62]

LaTeX Warning: Reference `eq:IV.4.*' on page 63 undefined on input line 104.


LaTeX Warning: Reference `eq:IV.4.*' on page 63 undefined on input line 120.

) (drafts/SGA1_IV_5_English.texfrag [63]

LaTeX Warning: Reference `IV.5.3' on page 64 undefined on input line 123.


pdfTeX warning (ext4): destination with the same identifier (name{equation.4.5.
1}) has been already used, duplicate ignored
<to be read again> 
                   \relax 
l.126 \begin{equation}
                      
pdfTeX warning (ext4): destination with the same identifier (name{equation.4.5.
1}) has been already used, duplicate ignored
<to be read again> 
                   \relax 
l.126 \begin{equation}
                      
pdfTeX warning (ext4): destination with the same identifier (name{equation.4.5.
1}) has been already used, duplicate ignored
<to be read again> 
                   \relax 
l.126 \begin{equation}
                      
pdfTeX warning (ext4): destination with the same identifier (name{equation.4.5.
1}) has been already used, duplicate ignored
<to be read again> 
                   \relax 
l.126 \begin{equation}
                      

LaTeX Warning: Reference `IV.5.1' on page 64 undefined on input line 136.


LaTeX Warning: Reference `IV.5.1' on page 64 undefined on input line 137.

[64]

LaTeX Warning: Reference `eq:IV.5.*' on page 65 undefined on input line 148.


LaTeX Warning: Reference `IV.5.4' on page 65 undefined on input line 155.


LaTeX Warning: Reference `IV.5.5' on page 65 undefined on input line 158.


LaTeX Warning: Reference `IV.5.5' on page 65 undefined on input line 163.

[65]

LaTeX Warning: Reference `IV.5.6' on page 66 undefined on input line 260.


LaTeX Warning: Reference `IV.1.1' on page 66 undefined on input line 287.


LaTeX Warning: Reference `IV.5.6' on page 66 undefined on input line 298.


LaTeX Warning: Reference `IV.5.6' on page 66 undefined on input line 303.


LaTeX Warning: Reference `IV.3.2' on page 66 undefined on input line 311.


LaTeX Warning: Reference `IV.5.6' on page 66 undefined on input line 312.


LaTeX Warning: Reference `IV.3.2' on page 66 undefined on input line 319.


LaTeX Warning: Reference `IV.5.6' on page 66 undefined on input line 337.

[66]

LaTeX Warning: Reference `IV.5.5' on page 67 undefined on input line 353.


LaTeX Warning: Reference `IV.5.6' on page 67 undefined on input line 354.

) (drafts/SGA1_IV_6_English.texfrag

LaTeX Warning: Reference `IV.6.1' on page 67 undefined on input line 52.


LaTeX Warning: Reference `IV.6.3' on page 67 undefined on input line 53.


LaTeX Warning: Reference `IV.6.2' on page 67 undefined on input line 69.


LaTeX Warning: Reference `IV.6.3' on page 67 undefined on input line 69.

[67]

LaTeX Warning: Reference `IV.6.5' on page 68 undefined on input line 89.


LaTeX Warning: Reference `IV.2.2' on page 68 undefined on input line 96.


LaTeX Warning: Reference `IV.2.3' on page 68 undefined on input line 97.


LaTeX Warning: Reference `IV.6.6' on page 68 undefined on input line 121.

[68]

LaTeX Warning: Reference `IV.6.7' on page 69 undefined on input line 177.


LaTeX Warning: Reference `IV.6.8' on page 69 undefined on input line 196.


LaTeX Warning: Reference `IV.5.6' on page 69 undefined on input line 204.


LaTeX Warning: Reference `IV.6.4' on page 69 undefined on input line 224.


LaTeX Warning: Reference `IV.1.2' on page 69 undefined on input line 225.


LaTeX Warning: Reference `IV.6.8' on page 69 undefined on input line 226.


LaTeX Warning: Reference `IV.6.9' on page 69 undefined on input line 227.


LaTeX Warning: Reference `IV.6.10' on page 69 undefined on input line 230.


LaTeX Warning: Reference `IV.6.7' on page 69 undefined on input line 231.


LaTeX Warning: Reference `IV.5.6' on page 69 undefined on input line 232.


LaTeX Warning: Reference `IV.6.10' on page 69 undefined on input line 237.


LaTeX Warning: Reference `IV.6.11' on page 69 undefined on input line 248.

) (drafts/SGA1_V_OPENING_THROUGH_1_4_English.texfrag [69]
Chapter V

LaTeX Warning: Reference `I.9.7' on page 70 undefined on input line 11.


LaTeX Warning: Reference `VI' on page 70 undefined on input line 22.


LaTeX Warning: Reference `VI' on page 70 undefined on input line 25.


LaTeX Warning: Reference `VIII' on page 70 undefined on input line 25.

[70]

LaTeX Warning: Reference `V.1.2' on page 71 undefined on input line 112.


LaTeX Warning: Reference `V.1.1' on page 71 undefined on input line 124.


LaTeX Warning: Reference `V.1.1' on page 71 undefined on input line 129.


LaTeX Warning: Reference `V.1.3' on page 71 undefined on input line 135.

)
Overfull \hbox (7.22949pt too wide) in paragraph at lines 143--668
[]\T1/lmr/m/n/10.95 (-20) Now sup-pose that $\OML/lmm/m/it/10.95 X$ \T1/lmr/m/n
/10.95 (-20) is a $\OML/lmm/m/it/10.95 Z$\T1/lmr/m/n/10.95 (-20) -prescheme and
 that the op-er-a-tions of $\OML/lmm/m/it/10.95 G$ \T1/lmr/m/n/10.95 (-20) are 
$\OML/lmm/m/it/10.95 Z$\T1/lmr/m/n/10.95 (-20) -automorphisms.
(drafts/SGA1_V_1_5_THROUGH_END_English.texfrag

LaTeX Warning: Reference `V.1.4' on page 71 undefined on input line 14.


LaTeX Warning: Reference `V.1.1' on page 71 undefined on input line 17.


LaTeX Warning: Reference `V.1.4' on page 71 undefined on input line 39.


LaTeX Warning: Reference `V.1.4' on page 71 undefined on input line 44.

[71]

LaTeX Warning: Reference `V.1.3' on page 72 undefined on input line 64.


LaTeX Warning: Reference `V.1.8' on page 72 undefined on input line 87.


LaTeX Warning: Reference `V.1.3' on page 72 undefined on input line 88.


LaTeX Warning: Reference `V.1.1' on page 72 undefined on input line 90.


LaTeX Warning: Reference `V.1.4' on page 72 undefined on input line 93.


LaTeX Warning: Reference `V.1.3' on page 72 undefined on input line 98.


LaTeX Warning: Reference `V.1.3' on page 72 undefined on input line 111.


LaTeX Warning: Reference `V.1.3' on page 72 undefined on input line 134.

[72
pdfTeX warning (ext4): destination with the same identifier (name{proposition.5
.1.7}) has been already used, duplicate ignored
<argument> ...shipout:D \box_use:N \l_shipout_box 
                                                  \__shipout_drop_firstpage_...
l.137 \]
        
pdfTeX warning (ext4): destination with the same identifier (name{proposition.5
.1.8}) has been already used, duplicate ignored
<argument> ...shipout:D \box_use:N \l_shipout_box 
                                                  \__shipout_drop_firstpage_...
l.137 \]
        ]

LaTeX Warning: Reference `eq:V.1.*' on page 73 undefined on input line 203.


LaTeX Warning: Reference `V.1.3' on page 73 undefined on input line 210.

) (drafts/SGA1_V_2_English.texfrag [73]

LaTeX Warning: Hyper reference `V.1.3' on page 74 undefined on input line 50.


LaTeX Warning: Reference `V.1.3' on page 74 undefined on input line 50.


LaTeX Warning: Hyper reference `V.1.3' on page 74 undefined on input line 75.


LaTeX Warning: Reference `V.1.3' on page 74 undefined on input line 75.


LaTeX Warning: Hyper reference `cor:V.1.7' on page 74 undefined on input line 7
7.


LaTeX Warning: Reference `cor:V.1.7' on page 74 undefined on input line 77.


LaTeX Warning: Hyper reference `V.1.9' on page 74 undefined on input line 92.


LaTeX Warning: Reference `V.1.9' on page 74 undefined on input line 92.


LaTeX Warning: Hyper reference `V.1.9' on page 74 undefined on input line 99.


LaTeX Warning: Reference `V.1.9' on page 74 undefined on input line 99.


LaTeX Warning: Hyper reference `V.2.1' on page 74 undefined on input line 128.


LaTeX Warning: Reference `V.2.1' on page 74 undefined on input line 128.


LaTeX Warning: Hyper reference `V.2.2' on page 74 undefined on input line 141.


LaTeX Warning: Reference `V.2.2' on page 74 undefined on input line 141.

[74]

LaTeX Warning: Hyper reference `V.2.3' on page 75 undefined on input line 157.


LaTeX Warning: Reference `V.2.3' on page 75 undefined on input line 157.


LaTeX Warning: Hyper reference `I.5.4' on page 75 undefined on input line 159.


LaTeX Warning: Reference `I.5.4' on page 75 undefined on input line 159.


LaTeX Warning: Hyper reference `V.1.3' on page 75 undefined on input line 162.


LaTeX Warning: Reference `V.1.3' on page 75 undefined on input line 162.


LaTeX Warning: Hyper reference `V.2.4' on page 75 undefined on input line 172.


LaTeX Warning: Reference `V.2.4' on page 75 undefined on input line 172.

[75]

LaTeX Warning: Hyper reference `VIII' on page 76 undefined on input line 270.


LaTeX Warning: Reference `VIII' on page 76 undefined on input line 270.


LaTeX Warning: Hyper reference `V.2.3' on page 76 undefined on input line 292.


LaTeX Warning: Reference `V.2.3' on page 76 undefined on input line 292.


LaTeX Warning: Hyper reference `I.5.3' on page 76 undefined on input line 304.


LaTeX Warning: Reference `I.5.3' on page 76 undefined on input line 304.


LaTeX Warning: Hyper reference `V.2.1' on page 76 undefined on input line 314.


LaTeX Warning: Reference `V.2.1' on page 76 undefined on input line 314.


LaTeX Warning: Hyper reference `V.1.9' on page 76 undefined on input line 315.


LaTeX Warning: Reference `V.1.9' on page 76 undefined on input line 315.


LaTeX Warning: Hyper reference `V.2.6' on page 76 undefined on input line 326.


LaTeX Warning: Reference `V.2.6' on page 76 undefined on input line 326.

) (drafts/SGA1_V_3_English.texfrag [76]

LaTeX Warning: Hyper reference `V.1.8' on page 77 undefined on input line 13.


LaTeX Warning: Reference `V.1.8' on page 77 undefined on input line 13.


LaTeX Warning: Hyper reference `V.2.4' on page 77 undefined on input line 24.


LaTeX Warning: Reference `V.2.4' on page 77 undefined on input line 24.


LaTeX Warning: Hyper reference `V.2.3' on page 77 undefined on input line 25.


LaTeX Warning: Reference `V.2.3' on page 77 undefined on input line 25.


LaTeX Warning: Hyper reference `V.3.1' on page 77 undefined on input line 38.


LaTeX Warning: Reference `V.3.1' on page 77 undefined on input line 38.


LaTeX Warning: Hyper reference `I.4.8' on page 77 undefined on input line 75.


LaTeX Warning: Reference `I.4.8' on page 77 undefined on input line 75.

<xymatrix 3x1 138>

LaTeX Warning: Hyper reference `V.3.6' on page 77 undefined on input line 98.


LaTeX Warning: Reference `V.3.6' on page 77 undefined on input line 98.


LaTeX Warning: Hyper reference `V.3.6' on page 77 undefined on input line 100.


LaTeX Warning: Reference `V.3.6' on page 77 undefined on input line 100.

[77]) (drafts/SGA1_V_4_English.texfrag [78]

LaTeX Warning: Hyper reference `V.3.1' on page 79 undefined on input line 81.


LaTeX Warning: Reference `V.3.1' on page 79 undefined on input line 81.


LaTeX Warning: Reference `eq:V.4.*' on page 79 undefined on input line 123.


LaTeX Warning: Reference `eq:V.4.*' on page 79 undefined on input line 130.

[79] <xymatrix 3x2 287> [80] [81] [82]

LaTeX Warning: Hyper reference `V.4.1' on page 83 undefined on input line 473.


LaTeX Warning: Reference `V.4.1' on page 83 undefined on input line 473.

) (drafts/SGA1_V_5_English.texfrag

LaTeX Warning: Hyper reference `V.4' on page 83 undefined on input line 18.


LaTeX Warning: Reference `V.4' on page 83 undefined on input line 18.


LaTeX Warning: Hyper reference `V.4.1' on page 83 undefined on input line 18.


LaTeX Warning: Reference `V.4.1' on page 83 undefined on input line 18.

[83]

LaTeX Warning: Hyper reference `V.4' on page 84 undefined on input line 143.


LaTeX Warning: Reference `V.4' on page 84 undefined on input line 143.


LaTeX Warning: Hyper reference `V.4' on page 84 undefined on input line 178.


LaTeX Warning: Reference `V.4' on page 84 undefined on input line 178.


LaTeX Warning: Hyper reference `V.5.3' on page 84 undefined on input line 187.


LaTeX Warning: Reference `V.5.3' on page 84 undefined on input line 187.

[84]

LaTeX Warning: Hyper reference `V.5.4' on page 85 undefined on input line 216.


LaTeX Warning: Reference `V.5.4' on page 85 undefined on input line 216.


LaTeX Warning: Hyper reference `V.5.5' on page 85 undefined on input line 218.


LaTeX Warning: Reference `V.5.5' on page 85 undefined on input line 218.


LaTeX Warning: Hyper reference `V.5.8' on page 85 undefined on input line 293.


LaTeX Warning: Reference `V.5.8' on page 85 undefined on input line 293.

[85]

LaTeX Warning: Hyper reference `V.5.8' on page 86 undefined on input line 312.


LaTeX Warning: Reference `V.5.8' on page 86 undefined on input line 312.


LaTeX Warning: Hyper reference `V.5.8' on page 86 undefined on input line 327.


LaTeX Warning: Reference `V.5.8' on page 86 undefined on input line 327.


LaTeX Warning: Hyper reference `V.5.9' on page 86 undefined on input line 327.


LaTeX Warning: Reference `V.5.9' on page 86 undefined on input line 327.


LaTeX Warning: Hyper reference `V.4.1' on page 86 undefined on input line 329.


LaTeX Warning: Reference `V.4.1' on page 86 undefined on input line 329.


LaTeX Warning: Hyper reference `V.5.8' on page 86 undefined on input line 330.


LaTeX Warning: Reference `V.5.8' on page 86 undefined on input line 330.


LaTeX Warning: Hyper reference `V.5.9' on page 86 undefined on input line 333.


LaTeX Warning: Reference `V.5.9' on page 86 undefined on input line 333.


LaTeX Warning: Hyper reference `V.5.8' on page 86 undefined on input line 343.


LaTeX Warning: Reference `V.5.8' on page 86 undefined on input line 343.

<xymatrix 2x2 154>

LaTeX Warning: Hyper reference `V.5.8' on page 86 undefined on input line 403.


LaTeX Warning: Reference `V.5.8' on page 86 undefined on input line 403.

[86]

LaTeX Warning: Hyper reference `V.5.3' on page 87 undefined on input line 445.


LaTeX Warning: Reference `V.5.3' on page 87 undefined on input line 445.


LaTeX Warning: Hyper reference `V.4' on page 87 undefined on input line 452.


LaTeX Warning: Reference `V.4' on page 87 undefined on input line 452.

) (drafts/SGA1_V_6_English.texfrag

LaTeX Warning: Hyper reference `V.5.6' on page 87 undefined on input line 27.


LaTeX Warning: Reference `V.5.6' on page 87 undefined on input line 27.


LaTeX Warning: Hyper reference `V.4' on page 87 undefined on input line 28.


LaTeX Warning: Reference `V.4' on page 87 undefined on input line 28.

[87]

LaTeX Warning: Hyper reference `V.6' on page 88 undefined on input line 41.


LaTeX Warning: Reference `V.6' on page 88 undefined on input line 41.


LaTeX Warning: Hyper reference `V.5.8' on page 88 undefined on input line 48.


LaTeX Warning: Reference `V.5.8' on page 88 undefined on input line 48.


LaTeX Warning: Hyper reference `V.4.1' on page 88 undefined on input line 48.


LaTeX Warning: Reference `V.4.1' on page 88 undefined on input line 48.


LaTeX Warning: Hyper reference `V.5.8' on page 88 undefined on input line 57.


LaTeX Warning: Reference `V.5.8' on page 88 undefined on input line 57.


LaTeX Warning: Hyper reference `V.4.1' on page 88 undefined on input line 71.


LaTeX Warning: Reference `V.4.1' on page 88 undefined on input line 71.


LaTeX Warning: Hyper reference `V.5.8' on page 88 undefined on input line 137.


LaTeX Warning: Reference `V.5.8' on page 88 undefined on input line 137.

[88]

LaTeX Warning: Hyper reference `V.5.3' on page 89 undefined on input line 168.


LaTeX Warning: Reference `V.5.3' on page 89 undefined on input line 168.


LaTeX Warning: Hyper reference `V.6.4' on page 89 undefined on input line 210.


LaTeX Warning: Reference `V.6.4' on page 89 undefined on input line 210.


LaTeX Warning: Hyper reference `V.5.3' on page 89 undefined on input line 241.


LaTeX Warning: Reference `V.5.3' on page 89 undefined on input line 241.

[89]

LaTeX Warning: Hyper reference `V.6.4' on page 90 undefined on input line 317.


LaTeX Warning: Reference `V.6.4' on page 90 undefined on input line 317.


LaTeX Warning: Hyper reference `V.6.4' on page 90 undefined on input line 318.


LaTeX Warning: Reference `V.6.4' on page 90 undefined on input line 318.


LaTeX Warning: Hyper reference `V.6.6' on page 90 undefined on input line 318.


LaTeX Warning: Reference `V.6.6' on page 90 undefined on input line 318.


LaTeX Warning: Hyper reference `V.6.8' on page 90 undefined on input line 322.


LaTeX Warning: Reference `V.6.8' on page 90 undefined on input line 322.

) (drafts/SGA1_V_7_THROUGH_9_English.texfrag [90]

LaTeX Warning: Hyper reference `I.4.6' on page 91 undefined on input line 20.


LaTeX Warning: Reference `I.4.6' on page 91 undefined on input line 20.


LaTeX Warning: Hyper reference `V.3.4' on page 91 undefined on input line 20.


LaTeX Warning: Reference `V.3.4' on page 91 undefined on input line 20.


LaTeX Warning: Hyper reference `V.3.5' on page 91 undefined on input line 21.


LaTeX Warning: Reference `V.3.5' on page 91 undefined on input line 21.


LaTeX Warning: Hyper reference `V.3.5' on page 91 undefined on input line 22.


LaTeX Warning: Reference `V.3.5' on page 91 undefined on input line 22.


LaTeX Warning: Hyper reference `V.2' on page 91 undefined on input line 22.


LaTeX Warning: Reference `V.2' on page 91 undefined on input line 22.


LaTeX Warning: Hyper reference `V.3.7' on page 91 undefined on input line 23.


LaTeX Warning: Reference `V.3.7' on page 91 undefined on input line 23.


LaTeX Warning: Hyper reference `V.4' on page 91 undefined on input line 24.


LaTeX Warning: Reference `V.4' on page 91 undefined on input line 24.


LaTeX Warning: Hyper reference `V.5' on page 91 undefined on input line 24.


LaTeX Warning: Reference `V.5' on page 91 undefined on input line 24.


LaTeX Warning: Hyper reference `V.6' on page 91 undefined on input line 24.


LaTeX Warning: Reference `V.6' on page 91 undefined on input line 24.


LaTeX Warning: Hyper reference `V.5.3' on page 91 undefined on input line 51.


LaTeX Warning: Reference `V.5.3' on page 91 undefined on input line 51.


LaTeX Warning: Hyper reference `V.2.6' on page 91 undefined on input line 61.


LaTeX Warning: Reference `V.2.6' on page 91 undefined on input line 61.


LaTeX Warning: Hyper reference `V.5' on page 91 undefined on input line 66.


LaTeX Warning: Reference `V.5' on page 91 undefined on input line 66.


Overfull \hbox (24.75935pt too wide) in paragraph at lines 79--89
[]\T1/lmr/m/n/10.95 (-20) Let $\OML/lmm/m/it/10.95 ^^Y[]\OT1/lmr/m/n/10.95 (-20
) (\OML/lmm/m/it/10.95 S\OT1/lmr/m/n/10.95 (-20) ; \OML/lmm/m/it/10.95 a; a[]\O
T1/lmr/m/n/10.95 (-20) )$ []\T1/lmr/m/n/10.95 (-20) de-note the set of isomorph
isms---or, equiv-a-lently, the set of homomorphisms---

LaTeX Warning: Hyper reference `V.5.10' on page 91 undefined on input line 104.



LaTeX Warning: Reference `V.5.10' on page 91 undefined on input line 104.


LaTeX Warning: Hyper reference `V.8.1' on page 91 undefined on input line 124.


LaTeX Warning: Reference `V.8.1' on page 91 undefined on input line 124.

[91]

LaTeX Warning: Hyper reference `V.6' on page 92 undefined on input line 147.


LaTeX Warning: Reference `V.6' on page 92 undefined on input line 147.


LaTeX Warning: Hyper reference `V.6' on page 92 undefined on input line 157.


LaTeX Warning: Reference `V.6' on page 92 undefined on input line 157.


LaTeX Warning: Hyper reference `V.6' on page 92 undefined on input line 164.


LaTeX Warning: Reference `V.6' on page 92 undefined on input line 164.

[92]

LaTeX Warning: Hyper reference `V.8.1' on page 93 undefined on input line 223.


LaTeX Warning: Reference `V.8.1' on page 93 undefined on input line 223.


LaTeX Warning: Hyper reference `I.10.1' on page 93 undefined on input line 231.



LaTeX Warning: Reference `I.10.1' on page 93 undefined on input line 231.


LaTeX Warning: Hyper reference `V.5.8' on page 93 undefined on input line 259.


LaTeX Warning: Reference `V.5.8' on page 93 undefined on input line 259.


LaTeX Warning: Hyper reference `V.5.8' on page 93 undefined on input line 264.


LaTeX Warning: Reference `V.5.8' on page 93 undefined on input line 264.


LaTeX Warning: Hyper reference `V.5.10' on page 93 undefined on input line 268.



LaTeX Warning: Reference `V.5.10' on page 93 undefined on input line 268.

) (drafts/SGA1_VI_OPENING_THROUGH_1_English.texfrag [93]
Chapter VI
[94]) (drafts/SGA1_VI_2_English.texfrag [95] <xymatrix 2x1 100> [96]

LaTeX Warning: Reference `eq:VI.2.ii' on page 97 undefined on input line 153.


LaTeX Warning: Reference `eq:VI.2.ii' on page 97 undefined on input line 167.


LaTeX Warning: Reference `eq:VI.2.ii' on page 97 undefined on input line 181.


LaTeX Warning: Reference `eq:VI.2.i' on page 97 undefined on input line 181.


LaTeX Warning: Reference `eq:VI.2.i' on page 97 undefined on input line 188.


LaTeX Warning: Reference `eq:VI.2.ii' on page 97 undefined on input line 189.


LaTeX Warning: Reference `eq:VI.2.I' on page 97 undefined on input line 195.


LaTeX Warning: Reference `eq:VI.2.III' on page 97 undefined on input line 195.


LaTeX Warning: Reference `eq:VI.2.i' on page 97 undefined on input line 208.


LaTeX Warning: Reference `eq:VI.2.i' on page 97 undefined on input line 219.

[97]) (drafts/SGA1_VI_3_English.texfrag

Package hyperref Warning: Token not allowed in a PDF string (Unicode):
(hyperref)                removing `math shift' on input line 1.


Package hyperref Warning: Token not allowed in a PDF string (Unicode):
(hyperref)                removing `math shift' on input line 1.


LaTeX Warning: Hyper reference `VI.1' on page 98 undefined on input line 42.


LaTeX Warning: Reference `VI.1' on page 98 undefined on input line 42.

[98]

LaTeX Warning: Reference `eq:VI.3.i' on page 99 undefined on input line 97.


LaTeX Warning: Reference `eq:VI.3.i' on page 99 undefined on input line 107.


LaTeX Warning: Reference `eq:VI.3.ii' on page 99 undefined on input line 108.


LaTeX Warning: Reference `eq:VI.3.i' on page 99 undefined on input line 131.

[99] <xymatrix 2x2 168> [100]

LaTeX Warning: Hyper reference `VI.2' on page 101 undefined on input line 335.


LaTeX Warning: Reference `VI.2' on page 101 undefined on input line 335.


LaTeX Warning: Hyper reference `VI.3' on page 101 undefined on input line 335.


LaTeX Warning: Reference `VI.3' on page 101 undefined on input line 335.

) (drafts/SGA1_VI_4_English.texfrag

Package hyperref Warning: Token not allowed in a PDF string (Unicode):
(hyperref)                removing `math shift' on input line 2.


LaTeX Warning: Hyper reference `VI.4.1' on page 101 undefined on input line 61.



LaTeX Warning: Reference `VI.4.1' on page 101 undefined on input line 61.

[101]

LaTeX Warning: Hyper reference `VI.2' on page 102 undefined on input line 178.


LaTeX Warning: Reference `VI.2' on page 102 undefined on input line 178.

) (drafts/SGA1_VI_5_English.texfrag [102] <xymatrix 2x2 194>

LaTeX Warning: Hyper reference `VI.5.2' on page 103 undefined on input line 142
.


LaTeX Warning: Reference `VI.5.2' on page 103 undefined on input line 142.


LaTeX Warning: Hyper reference `VI.4.2' on page 103 undefined on input line 143
.


LaTeX Warning: Reference `VI.4.2' on page 103 undefined on input line 143.


LaTeX Warning: Hyper reference `VI.4.2' on page 103 undefined on input line 161
.


LaTeX Warning: Reference `VI.4.2' on page 103 undefined on input line 161.


LaTeX Warning: Hyper reference `VI.5.3' on page 103 undefined on input line 162
.


LaTeX Warning: Reference `VI.5.3' on page 103 undefined on input line 162.


LaTeX Warning: Hyper reference `VI.5.3' on page 103 undefined on input line 173
.


LaTeX Warning: Reference `VI.5.3' on page 103 undefined on input line 173.


LaTeX Warning: Hyper reference `VI.2' on page 103 undefined on input line 178.


LaTeX Warning: Reference `VI.2' on page 103 undefined on input line 178.

[103]

LaTeX Warning: Hyper reference `VI.2' on page 104 undefined on input line 187.


LaTeX Warning: Reference `VI.2' on page 104 undefined on input line 187.

) (drafts/SGA1_VI_6_OPENING_English.texfrag

LaTeX Warning: Hyper reference `VI.4.4' on page 104 undefined on input line 92.



LaTeX Warning: Reference `VI.4.4' on page 104 undefined on input line 92.

[104]) (drafts/SGA1_VI_6_PROPOSITIONS_English.texfrag <xymatrix 2x2 154>

LaTeX Warning: Hyper reference `VI.3' on page 105 undefined on input line 119.


LaTeX Warning: Reference `VI.3' on page 105 undefined on input line 119.

[105]

LaTeX Warning: Hyper reference `VI.3' on page 106 undefined on input line 155.


LaTeX Warning: Reference `VI.3' on page 106 undefined on input line 155.

[106]

LaTeX Warning: Hyper reference `VI.6.11' on page 107 undefined on input line 30
6.


LaTeX Warning: Reference `VI.6.11' on page 107 undefined on input line 306.

) (drafts/SGA1_VI_7_English.texfrag

Package hyperref Warning: Token not allowed in a PDF string (Unicode):
(hyperref)                removing `math shift' on input line 3.

[107] <xymatrix 3x2 190> <xymatrix 2x2 188> [108] <xymatrix 2x2 188>)
(drafts/SGA1_VI_8_English.texfrag

Package hyperref Warning: Token not allowed in a PDF string (Unicode):
(hyperref)                removing `math shift' on input line 2.


Package hyperref Warning: Token not allowed in a PDF string (Unicode):
(hyperref)                removing `superscript' on input line 2.


Package hyperref Warning: Token not allowed in a PDF string (Unicode):
(hyperref)                removing `\circ' on input line 2.


Package hyperref Warning: Token not allowed in a PDF string (Unicode):
(hyperref)                removing `\to' on input line 2.

[109] [110] <xymatrix 2x2 182> [111] <xymatrix 7x2 516>)
(drafts/SGA1_VI_9_English.texfrag

Package hyperref Warning: Token not allowed in a PDF string (Unicode):
(hyperref)                removing `math shift' on input line 2.


Package hyperref Warning: Token not allowed in a PDF string (Unicode):
(hyperref)                removing `superscript' on input line 2.


Package hyperref Warning: Token not allowed in a PDF string (Unicode):
(hyperref)                removing `\circ' on input line 2.


Package hyperref Warning: Token not allowed in a PDF string (Unicode):
(hyperref)                removing `\to' on input line 2.


Package hyperref Warning: Token not allowed in a PDF string (Unicode):
(hyperref)                removing `math shift' on input line 2.

[112]) (drafts/SGA1_VI_10_English.texfrag) (drafts/SGA1_VI_11_English.texfrag
[113] <xymatrix 2x2 194>

LaTeX Warning: Hyper reference `VI.10.1' on page 114 undefined on input line 65
.


LaTeX Warning: Reference `VI.10.1' on page 114 undefined on input line 65.

[114]

LaTeX Warning: Hyper reference `VI.8' on page 115 undefined on input line 134.


LaTeX Warning: Reference `VI.8' on page 115 undefined on input line 134.

[115]

LaTeX Warning: Hyper reference `VI.6.12' on page 116 undefined on input line 22
0.


LaTeX Warning: Reference `VI.6.12' on page 116 undefined on input line 220.


LaTeX Warning: Hyper reference `VI.7.4' on page 116 undefined on input line 251
.


LaTeX Warning: Reference `VI.7.4' on page 116 undefined on input line 251.

[116]) (drafts/SGA1_VI_12_English.texfrag <xymatrix 2x2 188> <xymatrix 2x2
188> [117] <xymatrix 2x2 188> [118]

LaTeX Warning: Hyper reference `VI.8' on page 119 undefined on input line 193.


LaTeX Warning: Reference `VI.8' on page 119 undefined on input line 193.

<xymatrix 7x2 523> <xymatrix 3x3 243>

LaTeX Warning: Hyper reference `VI.12.1' on page 119 undefined on input line 29
2.


LaTeX Warning: Reference `VI.12.1' on page 119 undefined on input line 292.


LaTeX Warning: Citation `VI.2' on page 119 undefined on input line 309.

[119] [120]
Bibliography
) (drafts/SGA1_VIII_1_A_English.texfrag [121]
Chapter VIII

LaTeX Warning: Hyper reference `VI.11' on page 122 undefined on input line 11.


LaTeX Warning: Reference `VI.11' on page 122 undefined on input line 11.


LaTeX Warning: Reference `IV' on page 122 undefined on input line 32.


LaTeX Warning: Citation `VIII.D' on page 122 undefined on input line 54.


LaTeX Warning: Citation `VIII.2' on page 122 undefined on input line 54.

<xymatrix 2x1 80> <xymatrix 3x1 118>

LaTeX Warning: Hyper reference `VIII.1.2' on page 122 undefined on input line 8
9.


LaTeX Warning: Reference `VIII.1.2' on page 122 undefined on input line 89.

[122]

LaTeX Warning: Hyper reference `VIII.1.1' on page 123 undefined on input line 9
8.


LaTeX Warning: Reference `VIII.1.1' on page 123 undefined on input line 98.


LaTeX Warning: Citation `VIII.D' on page 123 undefined on input line 134.


LaTeX Warning: Hyper reference `VIII.1.2' on page 123 undefined on input line 1
40.


LaTeX Warning: Reference `VIII.1.2' on page 123 undefined on input line 140.

<xymatrix 3x1 118> <xymatrix 2x1 80>

LaTeX Warning: Hyper reference `VIII.1.4' on page 123 undefined on input line 1
71.


LaTeX Warning: Reference `VIII.1.4' on page 123 undefined on input line 171.

) (drafts/SGA1_VIII_1_B_English.texfrag <xymatrix 3x1 118> [123]

LaTeX Warning: Citation `VIII.D' on page 124 undefined on input line 29.

<xymatrix 2x1 80>

LaTeX Warning: Hyper reference `VIII.1.5' on page 124 undefined on input line 4
8.


LaTeX Warning: Reference `VIII.1.5' on page 124 undefined on input line 48.


LaTeX Warning: Hyper reference `VIII.1.6' on page 124 undefined on input line 8
4.


LaTeX Warning: Reference `VIII.1.6' on page 124 undefined on input line 84.


LaTeX Warning: Hyper reference `VIII.1.1' on page 124 undefined on input line 8
4.


LaTeX Warning: Reference `VIII.1.1' on page 124 undefined on input line 84.

<xymatrix 3x1 118>

LaTeX Warning: Hyper reference `VIII.1.2' on page 124 undefined on input line 1
12.


LaTeX Warning: Reference `VIII.1.2' on page 124 undefined on input line 112.


LaTeX Warning: Hyper reference `VIII.1.1' on page 124 undefined on input line 1
15.


LaTeX Warning: Reference `VIII.1.1' on page 124 undefined on input line 115.


LaTeX Warning: Hyper reference `VIII.1.7' on page 124 undefined on input line 1
22.


LaTeX Warning: Reference `VIII.1.7' on page 124 undefined on input line 122.

<xymatrix 3x1 118> [124]

LaTeX Warning: Hyper reference `VIII.1.7' on page 125 undefined on input line 1
47.


LaTeX Warning: Reference `VIII.1.7' on page 125 undefined on input line 147.

<xymatrix 3x1 118>

LaTeX Warning: Hyper reference `VIII.1.1' on page 125 undefined on input line 1
56.


LaTeX Warning: Reference `VIII.1.1' on page 125 undefined on input line 156.


LaTeX Warning: Hyper reference `IV' on page 125 undefined on input line 210.


LaTeX Warning: Reference `IV' on page 125 undefined on input line 210.


LaTeX Warning: Hyper reference `VIII.1.1' on page 125 undefined on input line 2
16.


LaTeX Warning: Reference `VIII.1.1' on page 125 undefined on input line 216.


LaTeX Warning: Hyper reference `VIII.1.10' on page 125 undefined on input line 
216.


LaTeX Warning: Reference `VIII.1.10' on page 125 undefined on input line 216.


LaTeX Warning: Hyper reference `VIII.1.1' on page 125 undefined on input line 2
17.


LaTeX Warning: Reference `VIII.1.1' on page 125 undefined on input line 217.

) (drafts/SGA1_VIII_2_English.texfrag

LaTeX Warning: Hyper reference `VIII.1.1' on page 125 undefined on input line 8
.


LaTeX Warning: Reference `VIII.1.1' on page 125 undefined on input line 8.

[125]

LaTeX Warning: Hyper reference `VI.11' on page 126 undefined on input line 49.


LaTeX Warning: Reference `VI.11' on page 126 undefined on input line 49.

) (drafts/SGA1_VIII_3_English.texfrag

Package hyperref Warning: Token not allowed in a PDF string (Unicode):
(hyperref)                removing `\@ifnextchar' on input line 2.


LaTeX Warning: Hyper reference `VIII.3.1' on page 126 undefined on input line 3
0.


LaTeX Warning: Reference `VIII.3.1' on page 126 undefined on input line 30.


LaTeX Warning: Hyper reference `VIII.3.1' on page 126 undefined on input line 3
4.


LaTeX Warning: Reference `VIII.3.1' on page 126 undefined on input line 34.


LaTeX Warning: Hyper reference `VIII.3.1' on page 126 undefined on input line 4
5.


LaTeX Warning: Reference `VIII.3.1' on page 126 undefined on input line 45.

[126]

LaTeX Warning: Hyper reference `VIII.3.3' on page 127 undefined on input line 9
2.


LaTeX Warning: Reference `VIII.3.3' on page 127 undefined on input line 92.


LaTeX Warning: Hyper reference `VIII.3.1' on page 127 undefined on input line 9
3.


LaTeX Warning: Reference `VIII.3.1' on page 127 undefined on input line 93.


LaTeX Warning: Hyper reference `VIII.1.10' on page 127 undefined on input line 
133.


LaTeX Warning: Reference `VIII.1.10' on page 127 undefined on input line 133.


LaTeX Warning: Hyper reference `VIII.3.3' on page 127 undefined on input line 1
33.


LaTeX Warning: Reference `VIII.3.3' on page 127 undefined on input line 133.

) (drafts/SGA1_VIII_4_English.texfrag [127]

LaTeX Warning: Hyper reference `VIII.4.1' on page 128 undefined on input line 6
3.


LaTeX Warning: Reference `VIII.4.1' on page 128 undefined on input line 63.


LaTeX Warning: Hyper reference `VIII.4.1' on page 128 undefined on input line 6
4.


LaTeX Warning: Reference `VIII.4.1' on page 128 undefined on input line 64.


LaTeX Warning: Hyper reference `VIII.4.2' on page 128 undefined on input line 6
9.


LaTeX Warning: Reference `VIII.4.2' on page 128 undefined on input line 69.

<xymatrix 3x1 118>

LaTeX Warning: Hyper reference `VIII.4.3' on page 128 undefined on input line 9
0.


LaTeX Warning: Reference `VIII.4.3' on page 128 undefined on input line 90.


LaTeX Warning: Hyper reference `VIII.4.3' on page 128 undefined on input line 1
01.


LaTeX Warning: Reference `VIII.4.3' on page 128 undefined on input line 101.

<xymatrix 3x1 118> <xymatrix 3x1 118> <xymatrix 3x1 118> <xymatrix 3x1 118>

LaTeX Warning: Hyper reference `VIII.4.3' on page 128 undefined on input line 1
15.


LaTeX Warning: Reference `VIII.4.3' on page 128 undefined on input line 115.


LaTeX Warning: Hyper reference `VIII.4.3' on page 128 undefined on input line 1
19.


LaTeX Warning: Reference `VIII.4.3' on page 128 undefined on input line 119.


LaTeX Warning: Hyper reference `VIII.4.1' on page 128 undefined on input line 1
32.


LaTeX Warning: Reference `VIII.4.1' on page 128 undefined on input line 132.


LaTeX Warning: Hyper reference `VIII.4.3' on page 128 undefined on input line 1
35.


LaTeX Warning: Reference `VIII.4.3' on page 128 undefined on input line 135.

[128]

LaTeX Warning: Hyper reference `VIII.4.3' on page 129 undefined on input line 1
66.


LaTeX Warning: Reference `VIII.4.3' on page 129 undefined on input line 166.


LaTeX Warning: Hyper reference `VIII.4.6' on page 129 undefined on input line 1
67.


LaTeX Warning: Reference `VIII.4.6' on page 129 undefined on input line 167.


LaTeX Warning: Hyper reference `VIII.3.1' on page 129 undefined on input line 1
70.


LaTeX Warning: Reference `VIII.3.1' on page 129 undefined on input line 170.


LaTeX Warning: Hyper reference `VIII.3.2' on page 129 undefined on input line 1
71.


LaTeX Warning: Reference `VIII.3.2' on page 129 undefined on input line 171.


LaTeX Warning: Hyper reference `VIII.3.3' on page 129 undefined on input line 1
74.


LaTeX Warning: Reference `VIII.3.3' on page 129 undefined on input line 174.


Overfull \hbox (5.64276pt too wide) in paragraph at lines 163--179
[]\T1/lmr/m/n/10.95 (-20) If $\OML/lmm/m/it/10.95 Q$ \T1/lmr/m/n/10.95 (-20) is
 open (re-spec-tive-ly-closed), the same is true of $\OML/lmm/m/it/10.95 h[]\OT
1/lmr/m/n/10.95 (-20) (\OML/lmm/m/it/10.95 Q\OT1/lmr/m/n/10.95 (-20) )$\T1/lmr/
m/n/10.95 (-20) , and hence also of $\OML/lmm/m/it/10.95 f[]\OT1/lmr/m/n/10.95 
(-20) (\OML/lmm/m/it/10.95 h[]\OT1/lmr/m/n/10.95 (-20) (\OML/lmm/m/it/10.95 Q\O
T1/lmr/m/n/10.95 (-20) ))$

LaTeX Warning: Hyper reference `VIII.4.1' on page 129 undefined on input line 1
82.


LaTeX Warning: Reference `VIII.4.1' on page 129 undefined on input line 182.


LaTeX Warning: Hyper reference `VIII.4.6' on page 129 undefined on input line 2
18.


LaTeX Warning: Reference `VIII.4.6' on page 129 undefined on input line 218.


LaTeX Warning: Hyper reference `VIII.4.6' on page 129 undefined on input line 2
26.


LaTeX Warning: Reference `VIII.4.6' on page 129 undefined on input line 226.


LaTeX Warning: Hyper reference `VIII.4.6' on page 129 undefined on input line 2
33.


LaTeX Warning: Reference `VIII.4.6' on page 129 undefined on input line 233.


LaTeX Warning: Hyper reference `VIII.4.8' on page 129 undefined on input line 2
44.


LaTeX Warning: Reference `VIII.4.8' on page 129 undefined on input line 244.


LaTeX Warning: Hyper reference `VIII.4.7' on page 129 undefined on input line 2
44.


LaTeX Warning: Reference `VIII.4.7' on page 129 undefined on input line 244.


LaTeX Warning: Hyper reference `VIII.3.3' on page 129 undefined on input line 2
47.


LaTeX Warning: Reference `VIII.3.3' on page 129 undefined on input line 247.


LaTeX Warning: Hyper reference `VIII.4.7' on page 129 undefined on input line 2
48.


LaTeX Warning: Reference `VIII.4.7' on page 129 undefined on input line 248.


LaTeX Warning: Hyper reference `IV.6.6' on page 129 undefined on input line 254
.


LaTeX Warning: Reference `IV.6.6' on page 129 undefined on input line 254.


LaTeX Warning: Hyper reference `VIII.4.3' on page 129 undefined on input line 2
55.


LaTeX Warning: Reference `VIII.4.3' on page 129 undefined on input line 255.

[129]

LaTeX Warning: Hyper reference `VIII.1.10' on page 130 undefined on input line 
284.


LaTeX Warning: Reference `VIII.1.10' on page 130 undefined on input line 284.


LaTeX Warning: Hyper reference `VIII.3.3' on page 130 undefined on input line 2
84.


LaTeX Warning: Reference `VIII.3.3' on page 130 undefined on input line 284.


LaTeX Warning: Hyper reference `VIII.3.5' on page 130 undefined on input line 2
84.


LaTeX Warning: Reference `VIII.3.5' on page 130 undefined on input line 284.


LaTeX Warning: Hyper reference `VIII.4.1' on page 130 undefined on input line 2
85.


LaTeX Warning: Reference `VIII.4.1' on page 130 undefined on input line 285.

) (drafts/SGA1_VIII_5_English.texfrag <xymatrix 3x1 118> <xymatrix 3x1 118>
[130] <xymatrix 3x1 118> <xymatrix 2x1 80>

LaTeX Warning: Hyper reference `VI.11' on page 131 undefined on input line 122.



LaTeX Warning: Reference `VI.11' on page 131 undefined on input line 122.

<xymatrix 3x1 118>

LaTeX Warning: Hyper reference `VIII.5.2' on page 131 undefined on input line 1
39.


LaTeX Warning: Reference `VIII.5.2' on page 131 undefined on input line 139.


LaTeX Warning: Hyper reference `VIII.7' on page 131 undefined on input line 147
.


LaTeX Warning: Reference `VIII.7' on page 131 undefined on input line 147.


LaTeX Warning: Citation `VIII.D' on page 131 undefined on input line 149.


LaTeX Warning: Hyper reference `VIII.5.2' on page 131 undefined on input line 1
50.


LaTeX Warning: Reference `VIII.5.2' on page 131 undefined on input line 150.


LaTeX Warning: Hyper reference `VIII.5.1' on page 131 undefined on input line 1
61.


LaTeX Warning: Reference `VIII.5.1' on page 131 undefined on input line 161.


LaTeX Warning: Hyper reference `VIII.4.3' on page 131 undefined on input line 1
62.


LaTeX Warning: Reference `VIII.4.3' on page 131 undefined on input line 162.


LaTeX Warning: Hyper reference `VIII.1.7' on page 131 undefined on input line 1
62.


LaTeX Warning: Reference `VIII.1.7' on page 131 undefined on input line 162.


LaTeX Warning: Hyper reference `VIII.5.2' on page 131 undefined on input line 1
76.


LaTeX Warning: Reference `VIII.5.2' on page 131 undefined on input line 176.

[131]

LaTeX Warning: Hyper reference `VIII.5.4' on page 132 undefined on input line 1
81.


LaTeX Warning: Reference `VIII.5.4' on page 132 undefined on input line 181.


LaTeX Warning: Hyper reference `VIII.1.9' on page 132 undefined on input line 1
96.


LaTeX Warning: Reference `VIII.1.9' on page 132 undefined on input line 196.


LaTeX Warning: Hyper reference `VIII.4.4' on page 132 undefined on input line 2
06.


LaTeX Warning: Reference `VIII.4.4' on page 132 undefined on input line 206.


LaTeX Warning: Hyper reference `VIII.3.3' on page 132 undefined on input line 2
07.


LaTeX Warning: Reference `VIII.3.3' on page 132 undefined on input line 207.


LaTeX Warning: Hyper reference `VIII.4.5' on page 132 undefined on input line 2
08.


LaTeX Warning: Reference `VIII.4.5' on page 132 undefined on input line 208.


LaTeX Warning: Hyper reference `VIII.5.4' on page 132 undefined on input line 2
16.


LaTeX Warning: Reference `VIII.5.4' on page 132 undefined on input line 216.


LaTeX Warning: Hyper reference `VIII.5.5' on page 132 undefined on input line 2
20.


LaTeX Warning: Reference `VIII.5.5' on page 132 undefined on input line 220.


LaTeX Warning: Hyper reference `VIII.2.1' on page 132 undefined on input line 2
20.


LaTeX Warning: Reference `VIII.2.1' on page 132 undefined on input line 220.


LaTeX Warning: Hyper reference `VIII.5.6' on page 132 undefined on input line 2
22.


LaTeX Warning: Reference `VIII.5.6' on page 132 undefined on input line 222.


LaTeX Warning: Hyper reference `VIII.5.4' on page 132 undefined on input line 2
26.


LaTeX Warning: Reference `VIII.5.4' on page 132 undefined on input line 226.


LaTeX Warning: Hyper reference `VIII.5.6' on page 132 undefined on input line 2
33.


LaTeX Warning: Reference `VIII.5.6' on page 132 undefined on input line 233.


LaTeX Warning: Hyper reference `VIII.1.11' on page 132 undefined on input line 
248.


LaTeX Warning: Reference `VIII.1.11' on page 132 undefined on input line 248.


LaTeX Warning: Hyper reference `VIII.5.4' on page 132 undefined on input line 2
56.


LaTeX Warning: Reference `VIII.5.4' on page 132 undefined on input line 256.


LaTeX Warning: Hyper reference `VIII.4.8' on page 132 undefined on input line 2
69.


LaTeX Warning: Reference `VIII.4.8' on page 132 undefined on input line 269.

[132]

LaTeX Warning: Hyper reference `VIII.5.5' on page 133 undefined on input line 3
07.


LaTeX Warning: Reference `VIII.5.5' on page 133 undefined on input line 307.


LaTeX Warning: Hyper reference `VIII.5.8' on page 133 undefined on input line 3
23.


LaTeX Warning: Reference `VIII.5.8' on page 133 undefined on input line 323.


LaTeX Warning: Hyper reference `VIII.5.4' on page 133 undefined on input line 3
27.


LaTeX Warning: Reference `VIII.5.4' on page 133 undefined on input line 327.


LaTeX Warning: Hyper reference `VIII.5.8' on page 133 undefined on input line 3
41.


LaTeX Warning: Reference `VIII.5.8' on page 133 undefined on input line 341.


LaTeX Warning: Hyper reference `VIII.5.8' on page 133 undefined on input line 3
47.


LaTeX Warning: Reference `VIII.5.8' on page 133 undefined on input line 347.


LaTeX Warning: Hyper reference `VIII.7.7' on page 133 undefined on input line 3
48.


LaTeX Warning: Reference `VIII.7.7' on page 133 undefined on input line 348.

) (drafts/SGA1_VIII_6_English.texfrag

Package hyperref Warning: Token not allowed in a PDF string (Unicode):
(hyperref)                removing `\@ifnextchar' on input line 1.


LaTeX Warning: Hyper reference `VIII.6.1' on page 133 undefined on input line 2
7.


LaTeX Warning: Reference `VIII.6.1' on page 133 undefined on input line 27.


LaTeX Warning: Hyper reference `VIII.6.2' on page 133 undefined on input line 3
3.


LaTeX Warning: Reference `VIII.6.2' on page 133 undefined on input line 33.


LaTeX Warning: Citation `VIII.1' on page 133 undefined on input line 34.


LaTeX Warning: Hyper reference `VIII.6.2' on page 133 undefined on input line 4
0.


LaTeX Warning: Reference `VIII.6.2' on page 133 undefined on input line 40.

[133]

LaTeX Warning: Hyper reference `VIII.6.2' on page 134 undefined on input line 5
0.


LaTeX Warning: Reference `VIII.6.2' on page 134 undefined on input line 50.


LaTeX Warning: Hyper reference `VIII.7.9' on page 134 undefined on input line 5
1.


LaTeX Warning: Reference `VIII.7.9' on page 134 undefined on input line 51.


LaTeX Warning: Hyper reference `VIII.6.1' on page 134 undefined on input line 5
4.


LaTeX Warning: Reference `VIII.6.1' on page 134 undefined on input line 54.


LaTeX Warning: Hyper reference `VIII.6.2' on page 134 undefined on input line 5
4.


LaTeX Warning: Reference `VIII.6.2' on page 134 undefined on input line 54.


LaTeX Warning: Hyper reference `VIII.6.1' on page 134 undefined on input line 6
9.


LaTeX Warning: Reference `VIII.6.1' on page 134 undefined on input line 69.


LaTeX Warning: Hyper reference `VIII.6.2' on page 134 undefined on input line 6
9.


LaTeX Warning: Reference `VIII.6.2' on page 134 undefined on input line 69.


LaTeX Warning: Hyper reference `VIII.6.1' on page 134 undefined on input line 8
4.


LaTeX Warning: Reference `VIII.6.1' on page 134 undefined on input line 84.


LaTeX Warning: Hyper reference `VIII.6.2' on page 134 undefined on input line 8
4.


LaTeX Warning: Reference `VIII.6.2' on page 134 undefined on input line 84.


LaTeX Warning: Hyper reference `VIII.5.7' on page 134 undefined on input line 8
9.


LaTeX Warning: Reference `VIII.5.7' on page 134 undefined on input line 89.


LaTeX Warning: Hyper reference `VIII.5.9' on page 134 undefined on input line 8
9.


LaTeX Warning: Reference `VIII.5.9' on page 134 undefined on input line 89.


LaTeX Warning: Hyper reference `VIII.6.1' on page 134 undefined on input line 1
02.


LaTeX Warning: Reference `VIII.6.1' on page 134 undefined on input line 102.


LaTeX Warning: Hyper reference `VIII.6.2' on page 134 undefined on input line 1
16.


LaTeX Warning: Reference `VIII.6.2' on page 134 undefined on input line 116.


LaTeX Warning: Hyper reference `VIII.6.1' on page 134 undefined on input line 1
20.


LaTeX Warning: Reference `VIII.6.1' on page 134 undefined on input line 120.


LaTeX Warning: Hyper reference `VIII.6.2' on page 134 undefined on input line 1
20.


LaTeX Warning: Reference `VIII.6.2' on page 134 undefined on input line 120.


LaTeX Warning: Hyper reference `VIII.3.6' on page 134 undefined on input line 1
25.


LaTeX Warning: Reference `VIII.3.6' on page 134 undefined on input line 125.


LaTeX Warning: Hyper reference `VIII.6.1' on page 134 undefined on input line 1
35.


LaTeX Warning: Reference `VIII.6.1' on page 134 undefined on input line 135.


LaTeX Warning: Hyper reference `VIII.6.2' on page 134 undefined on input line 1
36.


LaTeX Warning: Reference `VIII.6.2' on page 134 undefined on input line 136.

) (drafts/SGA1_VIII_7_A_English.texfrag

LaTeX Warning: Citation `VIII.3' on page 134 undefined on input line 16.

<xymatrix 2x1 80> [134] <xymatrix 2x1 80> <xymatrix 2x2 226> <xymatrix 2x2
168>

LaTeX Warning: Hyper reference `VIII.5.3' on page 135 undefined on input line 5
8.


LaTeX Warning: Reference `VIII.5.3' on page 135 undefined on input line 58.


LaTeX Warning: Citation `VIII.D' on page 135 undefined on input line 59.


LaTeX Warning: Hyper reference `VIII.2.1' on page 135 undefined on input line 7
6.


LaTeX Warning: Reference `VIII.2.1' on page 135 undefined on input line 76.


LaTeX Warning: Hyper reference `VIII.7.1' on page 135 undefined on input line 1
11.


LaTeX Warning: Reference `VIII.7.1' on page 135 undefined on input line 111.

[135]

LaTeX Warning: Hyper reference `VIII.7.2' on page 136 undefined on input line 1
38.


LaTeX Warning: Reference `VIII.7.2' on page 136 undefined on input line 138.


LaTeX Warning: Hyper reference `VIII.2.1' on page 136 undefined on input line 1
40.


LaTeX Warning: Reference `VIII.2.1' on page 136 undefined on input line 140.


LaTeX Warning: Hyper reference `VIII.7.3' on page 136 undefined on input line 1
53.


LaTeX Warning: Reference `VIII.7.3' on page 136 undefined on input line 153.


LaTeX Warning: Hyper reference `VIII.2.1' on page 136 undefined on input line 1
70.


LaTeX Warning: Reference `VIII.2.1' on page 136 undefined on input line 170.


LaTeX Warning: Hyper reference `VIII.7.2' on page 136 undefined on input line 1
70.


LaTeX Warning: Reference `VIII.7.2' on page 136 undefined on input line 170.


LaTeX Warning: Hyper reference `VIII.7.5' on page 136 undefined on input line 1
72.


LaTeX Warning: Reference `VIII.7.5' on page 136 undefined on input line 172.


LaTeX Warning: Hyper reference `VIII.7.5' on page 136 undefined on input line 1
78.


LaTeX Warning: Reference `VIII.7.5' on page 136 undefined on input line 178.


LaTeX Warning: Hyper reference `VIII.7.3' on page 136 undefined on input line 2
13.


LaTeX Warning: Reference `VIII.7.3' on page 136 undefined on input line 213.


LaTeX Warning: Hyper reference `VIII.7.4' on page 136 undefined on input line 2
14.


LaTeX Warning: Reference `VIII.7.4' on page 136 undefined on input line 214.

[136]) (drafts/SGA1_VIII_7_B_English.texfrag

LaTeX Warning: Citation `VIII.3' on page 137 undefined on input line 2.


LaTeX Warning: Hyper reference `VIII.7.6' on page 137 undefined on input line 4
.


LaTeX Warning: Reference `VIII.7.6' on page 137 undefined on input line 4.


LaTeX Warning: Hyper reference `VIII.7.7' on page 137 undefined on input line 6
.


LaTeX Warning: Reference `VIII.7.7' on page 137 undefined on input line 6.


LaTeX Warning: Hyper reference `VIII.7.9' on page 137 undefined on input line 1
0.


LaTeX Warning: Reference `VIII.7.9' on page 137 undefined on input line 10.


LaTeX Warning: Hyper reference `VIII.7.2' on page 137 undefined on input line 1
0.


LaTeX Warning: Reference `VIII.7.2' on page 137 undefined on input line 10.


LaTeX Warning: Hyper reference `VIII.7.6' on page 137 undefined on input line 1
2.


LaTeX Warning: Reference `VIII.7.6' on page 137 undefined on input line 12.

[137]

LaTeX Warning: Hyper reference `VIII.5.8' on page 138 undefined on input line 5
4.


LaTeX Warning: Reference `VIII.5.8' on page 138 undefined on input line 54.


LaTeX Warning: Hyper reference `VIII.1.1' on page 138 undefined on input line 5
6.


LaTeX Warning: Reference `VIII.1.1' on page 138 undefined on input line 56.


LaTeX Warning: Hyper reference `VIII.6.2' on page 138 undefined on input line 7
7.


LaTeX Warning: Reference `VIII.6.2' on page 138 undefined on input line 77.


LaTeX Warning: Hyper reference `VIII.6.6' on page 138 undefined on input line 8
1.


LaTeX Warning: Reference `VIII.6.6' on page 138 undefined on input line 81.

[138] [139]
Bibliography
) (drafts/SGA1_IX_OPENING_AND_1_English.texfrag [140]
Chapter IX

Package hyperref Warning: Token not allowed in a PDF string (Unicode):
(hyperref)                removing `\\' on input line 1.


LaTeX Warning: Hyper reference `I' on page 141 undefined on input line 11.


LaTeX Warning: Reference `I' on page 141 undefined on input line 11.


LaTeX Warning: Hyper reference `I' on page 141 undefined on input line 21.


LaTeX Warning: Reference `I' on page 141 undefined on input line 21.


LaTeX Warning: Hyper reference `IX.1.1' on page 141 undefined on input line 23.



LaTeX Warning: Reference `IX.1.1' on page 141 undefined on input line 23.


LaTeX Warning: Reference `I' on page 141 undefined on input line 38.


LaTeX Warning: Hyper reference `I.4' on page 141 undefined on input line 54.


LaTeX Warning: Reference `I.4' on page 141 undefined on input line 54.


LaTeX Warning: Hyper reference `I.5' on page 141 undefined on input line 54.


LaTeX Warning: Reference `I.5' on page 141 undefined on input line 54.


LaTeX Warning: Hyper reference `I.7' on page 141 undefined on input line 54.


LaTeX Warning: Reference `I.7' on page 141 undefined on input line 54.


LaTeX Warning: Hyper reference `VIII.3.5' on page 141 undefined on input line 6
1.


LaTeX Warning: Reference `VIII.3.5' on page 141 undefined on input line 61.


LaTeX Warning: Hyper reference `IX.1.1' on page 141 undefined on input line 64.



LaTeX Warning: Reference `IX.1.1' on page 141 undefined on input line 64.


LaTeX Warning: Hyper reference `VI.11' on page 141 undefined on input line 85.


LaTeX Warning: Reference `VI.11' on page 141 undefined on input line 85.


LaTeX Warning: Hyper reference `I.5.1' on page 141 undefined on input line 94.


LaTeX Warning: Reference `I.5.1' on page 141 undefined on input line 94.


LaTeX Warning: Hyper reference `IX.1.4' on page 141 undefined on input line 96.



LaTeX Warning: Reference `IX.1.4' on page 141 undefined on input line 96.

[141]

LaTeX Warning: Hyper reference `IX.1.5' on page 142 undefined on input line 112
.


LaTeX Warning: Reference `IX.1.5' on page 142 undefined on input line 112.


LaTeX Warning: Hyper reference `IX.1.6' on page 142 undefined on input line 139
.


LaTeX Warning: Reference `IX.1.6' on page 142 undefined on input line 139.


LaTeX Warning: Hyper reference `I.8.3' on page 142 undefined on input line 140.



LaTeX Warning: Reference `I.8.3' on page 142 undefined on input line 140.


LaTeX Warning: Hyper reference `IX.2.4' on page 142 undefined on input line 145
.


LaTeX Warning: Reference `IX.2.4' on page 142 undefined on input line 145.


LaTeX Warning: Hyper reference `I.8.4' on page 142 undefined on input line 175.



LaTeX Warning: Reference `I.8.4' on page 142 undefined on input line 175.


LaTeX Warning: Citation `IX.1' on page 142 undefined on input line 177.

) (drafts/SGA1_IX_2_English.texfrag [142]

LaTeX Warning: Hyper reference `VIII.4.3' on page 143 undefined on input line 3
7.


LaTeX Warning: Reference `VIII.4.3' on page 143 undefined on input line 37.


LaTeX Warning: Hyper reference `VIII.4.3' on page 143 undefined on input line 4
1.


LaTeX Warning: Reference `VIII.4.3' on page 143 undefined on input line 41.

<xymatrix 3x1 118>

LaTeX Warning: Hyper reference `VIII.3.3' on page 143 undefined on input line 7
8.


LaTeX Warning: Reference `VIII.3.3' on page 143 undefined on input line 78.


LaTeX Warning: Hyper reference `IX.2.2' on page 143 undefined on input line 96.



LaTeX Warning: Reference `IX.2.2' on page 143 undefined on input line 96.


LaTeX Warning: Hyper reference `IV.6.3' on page 143 undefined on input line 115
.


LaTeX Warning: Reference `IV.6.3' on page 143 undefined on input line 115.

[143]) (drafts/SGA1_IX_3_English.texfrag

LaTeX Warning: Hyper reference `IX.1.6' on page 144 undefined on input line 16.



LaTeX Warning: Reference `IX.1.6' on page 144 undefined on input line 16.


LaTeX Warning: Hyper reference `IX.1' on page 144 undefined on input line 33.


LaTeX Warning: Reference `IX.1' on page 144 undefined on input line 33.


LaTeX Warning: Hyper reference `VIII.3.1' on page 144 undefined on input line 3
6.


LaTeX Warning: Reference `VIII.3.1' on page 144 undefined on input line 36.

<xymatrix 3x1 118>

LaTeX Warning: Hyper reference `IX.3.2' on page 144 undefined on input line 74.



LaTeX Warning: Reference `IX.3.2' on page 144 undefined on input line 74.


LaTeX Warning: Hyper reference `IX.3.2' on page 144 undefined on input line 76.



LaTeX Warning: Reference `IX.3.2' on page 144 undefined on input line 76.

[144]

LaTeX Warning: Hyper reference `IX.3.4' on page 145 undefined on input line 128
.


LaTeX Warning: Reference `IX.3.4' on page 145 undefined on input line 128.


LaTeX Warning: Hyper reference `IX.3.3' on page 145 undefined on input line 133
.


LaTeX Warning: Reference `IX.3.3' on page 145 undefined on input line 133.

) (drafts/SGA1_IX_4_English.texfrag

LaTeX Warning: Hyper reference `IX.3.3' on page 145 undefined on input line 16.



LaTeX Warning: Reference `IX.3.3' on page 145 undefined on input line 16.


LaTeX Warning: Hyper reference `VIII.5.2' on page 145 undefined on input line 1
7.


LaTeX Warning: Reference `VIII.5.2' on page 145 undefined on input line 17.


LaTeX Warning: Hyper reference `IX.1.1' on page 145 undefined on input line 27.



LaTeX Warning: Reference `IX.1.1' on page 145 undefined on input line 27.


LaTeX Warning: Hyper reference `VIII.3.6' on page 145 undefined on input line 2
7.


LaTeX Warning: Reference `VIII.3.6' on page 145 undefined on input line 27.


LaTeX Warning: Hyper reference `IX.2.4' on page 145 undefined on input line 29.



LaTeX Warning: Reference `IX.2.4' on page 145 undefined on input line 29.


LaTeX Warning: Hyper reference `VIII.6.2' on page 145 undefined on input line 3
2.


LaTeX Warning: Reference `VIII.6.2' on page 145 undefined on input line 32.


LaTeX Warning: Hyper reference `VIII.6.6' on page 145 undefined on input line 3
3.


LaTeX Warning: Reference `VIII.6.6' on page 145 undefined on input line 33.


LaTeX Warning: Hyper reference `VIII.7.9' on page 145 undefined on input line 3
4.


LaTeX Warning: Reference `VIII.7.9' on page 145 undefined on input line 34.


LaTeX Warning: Hyper reference `VIII.2.1' on page 145 undefined on input line 3
7.


LaTeX Warning: Reference `VIII.2.1' on page 145 undefined on input line 37.


LaTeX Warning: Citation `IX.D' on page 145 undefined on input line 59.


LaTeX Warning: Hyper reference `IX.4.1' on page 145 undefined on input line 59.



LaTeX Warning: Reference `IX.4.1' on page 145 undefined on input line 59.


LaTeX Warning: Hyper reference `IX.3.3' on page 145 undefined on input line 59.



LaTeX Warning: Reference `IX.3.3' on page 145 undefined on input line 59.

[145]

LaTeX Warning: Hyper reference `VIII.3.6' on page 146 undefined on input line 8
1.


LaTeX Warning: Reference `VIII.3.6' on page 146 undefined on input line 81.


LaTeX Warning: Reference `eq:IX.4.*' on page 146 undefined on input line 112.


LaTeX Warning: Hyper reference `IX.4.4' on page 146 undefined on input line 124
.


LaTeX Warning: Reference `IX.4.4' on page 146 undefined on input line 124.


LaTeX Warning: Hyper reference `IX.4.4' on page 146 undefined on input line 138
.


LaTeX Warning: Reference `IX.4.4' on page 146 undefined on input line 138.


LaTeX Warning: Hyper reference `IX.4.3' on page 146 undefined on input line 138
.


LaTeX Warning: Reference `IX.4.3' on page 146 undefined on input line 138.


LaTeX Warning: Hyper reference `IX.4.2' on page 146 undefined on input line 139
.


LaTeX Warning: Reference `IX.4.2' on page 146 undefined on input line 139.


LaTeX Warning: Hyper reference `IX.4.2' on page 146 undefined on input line 139
.


LaTeX Warning: Reference `IX.4.2' on page 146 undefined on input line 139.


LaTeX Warning: Hyper reference `IX.4.4' on page 146 undefined on input line 148
.


LaTeX Warning: Reference `IX.4.4' on page 146 undefined on input line 148.


LaTeX Warning: Hyper reference `IX.4.3' on page 146 undefined on input line 173
.


LaTeX Warning: Reference `IX.4.3' on page 146 undefined on input line 173.


LaTeX Warning: Hyper reference `IX.4.5' on page 146 undefined on input line 174
.


LaTeX Warning: Reference `IX.4.5' on page 146 undefined on input line 174.

[146]

LaTeX Warning: Hyper reference `IX.4.6' on page 147 undefined on input line 182
.


LaTeX Warning: Reference `IX.4.6' on page 147 undefined on input line 182.

<xymatrix 2x1 80> <xymatrix 2x1 80>

LaTeX Warning: Hyper reference `IX.4.7' on page 147 undefined on input line 217
.


LaTeX Warning: Reference `IX.4.7' on page 147 undefined on input line 217.


LaTeX Warning: Hyper reference `IX.1.8' on page 147 undefined on input line 221
.


LaTeX Warning: Reference `IX.1.8' on page 147 undefined on input line 221.


LaTeX Warning: Citation `IX.D' on page 147 undefined on input line 225.


LaTeX Warning: Hyper reference `IX.4.1' on page 147 undefined on input line 229
.


LaTeX Warning: Reference `IX.4.1' on page 147 undefined on input line 229.


LaTeX Warning: Hyper reference `IX.4.7' on page 147 undefined on input line 234
.


LaTeX Warning: Reference `IX.4.7' on page 147 undefined on input line 234.


LaTeX Warning: Hyper reference `IX.4.6' on page 147 undefined on input line 243
.


LaTeX Warning: Reference `IX.4.6' on page 147 undefined on input line 243.


LaTeX Warning: Hyper reference `IX.2.5' on page 147 undefined on input line 244
.


LaTeX Warning: Reference `IX.2.5' on page 147 undefined on input line 244.


LaTeX Warning: Hyper reference `IX.4.7' on page 147 undefined on input line 248
.


LaTeX Warning: Reference `IX.4.7' on page 147 undefined on input line 248.


LaTeX Warning: Hyper reference `IX.4.8' on page 147 undefined on input line 249
.


LaTeX Warning: Reference `IX.4.8' on page 147 undefined on input line 249.


LaTeX Warning: Citation `IX.D' on page 147 undefined on input line 250.


LaTeX Warning: Hyper reference `IX.4.7' on page 147 undefined on input line 261
.


LaTeX Warning: Reference `IX.4.7' on page 147 undefined on input line 261.


LaTeX Warning: Hyper reference `IX.4.7' on page 147 undefined on input line 266
.


LaTeX Warning: Reference `IX.4.7' on page 147 undefined on input line 266.


LaTeX Warning: Citation `IX.D' on page 147 undefined on input line 267.


LaTeX Warning: Hyper reference `IX.4.9' on page 147 undefined on input line 272
.


LaTeX Warning: Reference `IX.4.9' on page 147 undefined on input line 272.

[147]

LaTeX Warning: Hyper reference `IX.1.9' on page 148 undefined on input line 305
.


LaTeX Warning: Reference `IX.1.9' on page 148 undefined on input line 305.


LaTeX Warning: Citation `IX.D' on page 148 undefined on input line 309.


LaTeX Warning: Hyper reference `IX.3.3' on page 148 undefined on input line 311
.


LaTeX Warning: Reference `IX.3.3' on page 148 undefined on input line 311.


LaTeX Warning: Hyper reference `IX.4.7' on page 148 undefined on input line 320
.


LaTeX Warning: Reference `IX.4.7' on page 148 undefined on input line 320.


LaTeX Warning: Hyper reference `IX.4.9' on page 148 undefined on input line 324
.


LaTeX Warning: Reference `IX.4.9' on page 148 undefined on input line 324.


LaTeX Warning: Hyper reference `IX.4.1' on page 148 undefined on input line 328
.


LaTeX Warning: Reference `IX.4.1' on page 148 undefined on input line 328.


LaTeX Warning: Hyper reference `IX.4.7' on page 148 undefined on input line 329
.


LaTeX Warning: Reference `IX.4.7' on page 148 undefined on input line 329.


LaTeX Warning: Hyper reference `IX.4.7' on page 148 undefined on input line 331
.


LaTeX Warning: Reference `IX.4.7' on page 148 undefined on input line 331.


LaTeX Warning: Hyper reference `IX.3.3' on page 148 undefined on input line 349
.


LaTeX Warning: Reference `IX.3.3' on page 148 undefined on input line 349.


LaTeX Warning: Hyper reference `IX.2.2' on page 148 undefined on input line 349
.


LaTeX Warning: Reference `IX.2.2' on page 148 undefined on input line 349.


LaTeX Warning: Hyper reference `IX.4.3' on page 148 undefined on input line 352
.


LaTeX Warning: Reference `IX.4.3' on page 148 undefined on input line 352.


LaTeX Warning: Hyper reference `IX.4.6' on page 148 undefined on input line 357
.


LaTeX Warning: Reference `IX.4.6' on page 148 undefined on input line 357.


LaTeX Warning: Hyper reference `IX.1.10' on page 148 undefined on input line 36
4.


LaTeX Warning: Reference `IX.1.10' on page 148 undefined on input line 364.


LaTeX Warning: Hyper reference `IX.4.1' on page 148 undefined on input line 371
.


LaTeX Warning: Reference `IX.4.1' on page 148 undefined on input line 371.


LaTeX Warning: Hyper reference `IX.4.12' on page 148 undefined on input line 37
2.


LaTeX Warning: Reference `IX.4.12' on page 148 undefined on input line 372.


LaTeX Warning: Hyper reference `IX.1.10' on page 148 undefined on input line 37
2.


LaTeX Warning: Reference `IX.1.10' on page 148 undefined on input line 372.


LaTeX Warning: Hyper reference `IX.1.10' on page 148 undefined on input line 37
4.


LaTeX Warning: Reference `IX.1.10' on page 148 undefined on input line 374.

) [148] (drafts/SGA1_IX_5_English.texfrag

LaTeX Warning: Reference `IX.4.12' on page 149 undefined on input line 10.

<xymatrix 7x1 262> <xymatrix 7x1 265>

LaTeX Warning: Reference `eq:IX.5.*' on page 149 undefined on input line 41.


LaTeX Warning: Hyper reference `V.9' on page 149 undefined on input line 42.


LaTeX Warning: Reference `V.9' on page 149 undefined on input line 42.

<xymatrix 6x1 214>
Overfull \hbox (2.73114pt too wide) in paragraph at lines 86--97
\T1/lmr/m/n/10.95 (-20) The el-e-ments of $\OML/lmm/m/it/10.95 E[]$ \T1/lmr/m/n
/10.95 (-20) will be de-noted with one prime, as in $\OML/lmm/m/it/10.95 s[]$\T
1/lmr/m/n/10.95 (-20) , while those of $\OML/lmm/m/it/10.95 E[]$ \T1/lmr/m/n/10
.95 (-20) respectively$\OML/lmm/m/it/10.95 E[]$

LaTeX Warning: Hyper reference `IX.5.1' on page 149 undefined on input line 106
.


LaTeX Warning: Reference `IX.5.1' on page 149 undefined on input line 106.

[149]

LaTeX Warning: Reference `eq:IX.5.1' on page 150 undefined on input line 174.


LaTeX Warning: Reference `eq:IX.5.2' on page 150 undefined on input line 174.


LaTeX Warning: Reference `eq:IX.5.3' on page 150 undefined on input line 174.

[150]

LaTeX Warning: Hyper reference `eq:IX.5.a' on page 151 undefined on input line 
237.


LaTeX Warning: Reference `eq:IX.5.a' on page 151 undefined on input line 237.


LaTeX Warning: Hyper reference `eq:IX.5.b' on page 151 undefined on input line 
237.


LaTeX Warning: Reference `eq:IX.5.b' on page 151 undefined on input line 237.


LaTeX Warning: Hyper reference `eq:IX.5.c' on page 151 undefined on input line 
237.


LaTeX Warning: Reference `eq:IX.5.c' on page 151 undefined on input line 237.


LaTeX Warning: Hyper reference `eq:IX.5.a' on page 151 undefined on input line 
240.


LaTeX Warning: Reference `eq:IX.5.a' on page 151 undefined on input line 240.


LaTeX Warning: Hyper reference `eq:IX.5.b' on page 151 undefined on input line 
240.


LaTeX Warning: Reference `eq:IX.5.b' on page 151 undefined on input line 240.


LaTeX Warning: Hyper reference `eq:IX.5.c' on page 151 undefined on input line 
240.


LaTeX Warning: Reference `eq:IX.5.c' on page 151 undefined on input line 240.


LaTeX Warning: Hyper reference `eq:IX.5.a' on page 151 undefined on input line 
246.


LaTeX Warning: Reference `eq:IX.5.a' on page 151 undefined on input line 246.


LaTeX Warning: Hyper reference `eq:IX.5.b' on page 151 undefined on input line 
246.


LaTeX Warning: Reference `eq:IX.5.b' on page 151 undefined on input line 246.


LaTeX Warning: Hyper reference `eq:IX.5.c' on page 151 undefined on input line 
246.


LaTeX Warning: Reference `eq:IX.5.c' on page 151 undefined on input line 246.


LaTeX Warning: Hyper reference `IX.4.9' on page 151 undefined on input line 255
.


LaTeX Warning: Reference `IX.4.9' on page 151 undefined on input line 255.


LaTeX Warning: Hyper reference `IX.4.12' on page 151 undefined on input line 25
5.


LaTeX Warning: Reference `IX.4.12' on page 151 undefined on input line 255.


LaTeX Warning: Hyper reference `eq:IX.5.a' on page 151 undefined on input line 
273.


LaTeX Warning: Reference `eq:IX.5.a' on page 151 undefined on input line 273.


LaTeX Warning: Hyper reference `eq:IX.5.b' on page 151 undefined on input line 
273.


LaTeX Warning: Reference `eq:IX.5.b' on page 151 undefined on input line 273.


LaTeX Warning: Hyper reference `eq:IX.5.c' on page 151 undefined on input line 
273.


LaTeX Warning: Reference `eq:IX.5.c' on page 151 undefined on input line 273.


LaTeX Warning: Hyper reference `IX.4.9' on page 151 undefined on input line 307
.


LaTeX Warning: Reference `IX.4.9' on page 151 undefined on input line 307.


LaTeX Warning: Hyper reference `IX.5.1' on page 151 undefined on input line 312
.


LaTeX Warning: Reference `IX.5.1' on page 151 undefined on input line 312.

[151]

LaTeX Warning: Hyper reference `XI.1.1' on page 152 undefined on input line 352
.


LaTeX Warning: Reference `XI.1.1' on page 152 undefined on input line 352.


LaTeX Warning: Hyper reference `I.11' on page 152 undefined on input line 357.


LaTeX Warning: Reference `I.11' on page 152 undefined on input line 357.


Overfull \hbox (2.98529pt too wide) in paragraph at lines 364--368
[][]\T1/lmr/m/sc/10.95 (-20) Corollary \T1/lmr/m/n/10.95 (-20) IX.5.6\T1/lmr/m/
sc/10.95 (-20) . \T1/lmr/m/it/10.95 (-20) Let $\OML/lmm/m/it/10.95 g [] [] S[] 
\OMS/lmsy/m/n/10.95 ! \OML/lmm/m/it/10.95 S$ \T1/lmr/m/it/10.95 (-20) be a uni-
ver-sally sub-mer-sive mor-phism of preschemes

LaTeX Warning: Hyper reference `IX.4.12' on page 152 undefined on input line 37
3.


LaTeX Warning: Reference `IX.4.12' on page 152 undefined on input line 373.


LaTeX Warning: Hyper reference `IX.3.4' on page 152 undefined on input line 392
.


LaTeX Warning: Reference `IX.3.4' on page 152 undefined on input line 392.


LaTeX Warning: Hyper reference `V.6.9' on page 152 undefined on input line 395.



LaTeX Warning: Reference `V.6.9' on page 152 undefined on input line 395.


LaTeX Warning: Hyper reference `IX.5.1' on page 152 undefined on input line 396
.


LaTeX Warning: Reference `IX.5.1' on page 152 undefined on input line 396.


LaTeX Warning: Hyper reference `IX.5.3' on page 152 undefined on input line 407
.


LaTeX Warning: Reference `IX.5.3' on page 152 undefined on input line 407.

[152]

LaTeX Warning: Hyper reference `IX.5.4' on page 153 undefined on input line 421
.


LaTeX Warning: Reference `IX.5.4' on page 153 undefined on input line 421.


LaTeX Warning: Hyper reference `IX.5.6' on page 153 undefined on input line 422
.


LaTeX Warning: Reference `IX.5.6' on page 153 undefined on input line 422.


LaTeX Warning: Hyper reference `IX.5.1' on page 153 undefined on input line 422
.


LaTeX Warning: Reference `IX.5.1' on page 153 undefined on input line 422.


LaTeX Warning: Hyper reference `V.5' on page 153 undefined on input line 435.


LaTeX Warning: Reference `V.5' on page 153 undefined on input line 435.


LaTeX Warning: Hyper reference `V.6.13' on page 153 undefined on input line 447
.


LaTeX Warning: Reference `V.6.13' on page 153 undefined on input line 447.

[153]) (drafts/SGA1_IX_6_A_English.texfrag <xymatrix 3x2 264>

LaTeX Warning: Hyper reference `IX.4.11' on page 154 undefined on input line 55
.


LaTeX Warning: Reference `IX.4.11' on page 154 undefined on input line 55.

[154]

LaTeX Warning: Reference `IX.3.4' on page 155 undefined on input line 87.


LaTeX Warning: Hyper reference `V.6.13' on page 155 undefined on input line 90.



LaTeX Warning: Reference `V.6.13' on page 155 undefined on input line 90.


LaTeX Warning: Hyper reference `IX.6.1' on page 155 undefined on input line 97.



LaTeX Warning: Reference `IX.6.1' on page 155 undefined on input line 97.


LaTeX Warning: Hyper reference `IX.6.1' on page 155 undefined on input line 101
.


LaTeX Warning: Reference `IX.6.1' on page 155 undefined on input line 101.


LaTeX Warning: Hyper reference `IX.3.4' on page 155 undefined on input line 113
.


LaTeX Warning: Reference `IX.3.4' on page 155 undefined on input line 113.


LaTeX Warning: Hyper reference `IX.6.1' on page 155 undefined on input line 142
.


LaTeX Warning: Reference `IX.6.1' on page 155 undefined on input line 142.


LaTeX Warning: Hyper reference `IX.6.1' on page 155 undefined on input line 161
.


LaTeX Warning: Reference `IX.6.1' on page 155 undefined on input line 161.

[155]

LaTeX Warning: Reference `IX.4.10' on page 156 undefined on input line 198.


LaTeX Warning: Hyper reference `IX.6.5' on page 156 undefined on input line 203
.


LaTeX Warning: Reference `IX.6.5' on page 156 undefined on input line 203.

) (drafts/SGA1_IX_6_B_English.texfrag

LaTeX Warning: Hyper reference `IX.1.10' on page 156 undefined on input line 50
.


LaTeX Warning: Reference `IX.1.10' on page 156 undefined on input line 50.


LaTeX Warning: Hyper reference `IX.1.10' on page 156 undefined on input line 53
.


LaTeX Warning: Reference `IX.1.10' on page 156 undefined on input line 53.

[156]

LaTeX Warning: Hyper reference `IX.6.5' on page 157 undefined on input line 68.



LaTeX Warning: Reference `IX.6.5' on page 157 undefined on input line 68.


LaTeX Warning: Hyper reference `IX.4' on page 157 undefined on input line 85.


LaTeX Warning: Reference `IX.4' on page 157 undefined on input line 85.


LaTeX Warning: Hyper reference `IX.6.7' on page 157 undefined on input line 86.



LaTeX Warning: Reference `IX.6.7' on page 157 undefined on input line 86.


LaTeX Warning: Hyper reference `IX.6.8' on page 157 undefined on input line 110
.


LaTeX Warning: Reference `IX.6.8' on page 157 undefined on input line 110.


LaTeX Warning: Hyper reference `IX.4.7' on page 157 undefined on input line 111
.


LaTeX Warning: Reference `IX.4.7' on page 157 undefined on input line 111.


LaTeX Warning: Hyper reference `IX.4.12' on page 157 undefined on input line 11
6.


LaTeX Warning: Reference `IX.4.12' on page 157 undefined on input line 116.


LaTeX Warning: Hyper reference `IX.6.7' on page 157 undefined on input line 121
.


LaTeX Warning: Reference `IX.6.7' on page 157 undefined on input line 121.


LaTeX Warning: Hyper reference `IX.4' on page 157 undefined on input line 149.


LaTeX Warning: Reference `IX.4' on page 157 undefined on input line 149.


LaTeX Warning: Hyper reference `IX.6.7' on page 157 undefined on input line 152
.


LaTeX Warning: Reference `IX.6.7' on page 157 undefined on input line 152.

[157]

LaTeX Warning: Hyper reference `IX.6.7' on page 158 undefined on input line 163
.


LaTeX Warning: Reference `IX.6.7' on page 158 undefined on input line 163.


LaTeX Warning: Hyper reference `IX.6.7' on page 158 undefined on input line 187
.


LaTeX Warning: Reference `IX.6.7' on page 158 undefined on input line 187.


LaTeX Warning: Hyper reference `IX.6.6' on page 158 undefined on input line 190
.


LaTeX Warning: Reference `IX.6.6' on page 158 undefined on input line 190.


LaTeX Warning: Hyper reference `IX.6.7' on page 158 undefined on input line 197
.


LaTeX Warning: Reference `IX.6.7' on page 158 undefined on input line 197.


LaTeX Warning: Hyper reference `IX.6.11' on page 158 undefined on input line 19
8.


LaTeX Warning: Reference `IX.6.11' on page 158 undefined on input line 198.

[158]
Bibliography
) (drafts/SGA1_X_OPENING_AND_1_A_English.texfrag [159]
Chapter X

LaTeX Warning: Hyper reference `I.9.2' on page 160 undefined on input line 47.


LaTeX Warning: Reference `I.9.2' on page 160 undefined on input line 47.

[160]

LaTeX Warning: Hyper reference `X.1.2' on page 161 undefined on input line 95.


LaTeX Warning: Reference `X.1.2' on page 161 undefined on input line 95.


LaTeX Warning: Hyper reference `X.1.2' on page 161 undefined on input line 127.



LaTeX Warning: Reference `X.1.2' on page 161 undefined on input line 127.


LaTeX Warning: Hyper reference `I.4.8' on page 161 undefined on input line 130.



LaTeX Warning: Reference `I.4.8' on page 161 undefined on input line 130.


LaTeX Warning: Hyper reference `IX.3.4' on page 161 undefined on input line 133
.


LaTeX Warning: Reference `IX.3.4' on page 161 undefined on input line 133.


LaTeX Warning: Hyper reference `V.6.9' on page 161 undefined on input line 133.



LaTeX Warning: Reference `V.6.9' on page 161 undefined on input line 133.


LaTeX Warning: Hyper reference `IX.6.6' on page 161 undefined on input line 137
.


LaTeX Warning: Reference `IX.6.6' on page 161 undefined on input line 137.


LaTeX Warning: Hyper reference `X.1.3' on page 161 undefined on input line 143.



LaTeX Warning: Reference `X.1.3' on page 161 undefined on input line 143.


LaTeX Warning: Hyper reference `IX.3.4' on page 161 undefined on input line 145
.


LaTeX Warning: Reference `IX.3.4' on page 161 undefined on input line 145.


LaTeX Warning: Hyper reference `V.6.9' on page 161 undefined on input line 146.



LaTeX Warning: Reference `V.6.9' on page 161 undefined on input line 146.


LaTeX Warning: Hyper reference `V.6.11' on page 161 undefined on input line 146
.


LaTeX Warning: Reference `V.6.11' on page 161 undefined on input line 146.


LaTeX Warning: Hyper reference `X.1.3' on page 161 undefined on input line 146.



LaTeX Warning: Reference `X.1.3' on page 161 undefined on input line 146.


LaTeX Warning: Hyper reference `X.1.3' on page 161 undefined on input line 165.



LaTeX Warning: Reference `X.1.3' on page 161 undefined on input line 165.


LaTeX Warning: Hyper reference `X.1.2' on page 161 undefined on input line 165.



LaTeX Warning: Reference `X.1.2' on page 161 undefined on input line 165.


LaTeX Warning: Hyper reference `IX' on page 161 undefined on input line 168.


LaTeX Warning: Reference `IX' on page 161 undefined on input line 168.


LaTeX Warning: Hyper reference `IX.3.4' on page 161 undefined on input line 172
.


LaTeX Warning: Reference `IX.3.4' on page 161 undefined on input line 172.

) (drafts/SGA1_X_1_B_English.texfrag

LaTeX Warning: Hyper reference `X.1.4' on page 161 undefined on input line 6.


LaTeX Warning: Reference `X.1.4' on page 161 undefined on input line 6.


LaTeX Warning: Hyper reference `X.1.4' on page 161 undefined on input line 8.


LaTeX Warning: Reference `X.1.4' on page 161 undefined on input line 8.

[161]

LaTeX Warning: Hyper reference `X.1.4' on page 162 undefined on input line 19.


LaTeX Warning: Reference `X.1.4' on page 162 undefined on input line 19.


LaTeX Warning: Hyper reference `X.1.4' on page 162 undefined on input line 59.


LaTeX Warning: Reference `X.1.4' on page 162 undefined on input line 59.


LaTeX Warning: Hyper reference `X.1.4' on page 162 undefined on input line 69.


LaTeX Warning: Reference `X.1.4' on page 162 undefined on input line 69.


LaTeX Warning: Hyper reference `X.1.7' on page 162 undefined on input line 91.


LaTeX Warning: Reference `X.1.7' on page 162 undefined on input line 91.


LaTeX Warning: Hyper reference `X.1.7' on page 162 undefined on input line 103.



LaTeX Warning: Reference `X.1.7' on page 162 undefined on input line 103.

[162]

LaTeX Warning: Hyper reference `IX.3.4' on page 163 undefined on input line 124
.


LaTeX Warning: Reference `IX.3.4' on page 163 undefined on input line 124.


LaTeX Warning: Hyper reference `X.1.7' on page 163 undefined on input line 140.



LaTeX Warning: Reference `X.1.7' on page 163 undefined on input line 140.


LaTeX Warning: Hyper reference `X.1.7' on page 163 undefined on input line 187.



LaTeX Warning: Reference `X.1.7' on page 163 undefined on input line 187.


LaTeX Warning: Hyper reference `X.1.9' on page 163 undefined on input line 187.



LaTeX Warning: Reference `X.1.9' on page 163 undefined on input line 187.


LaTeX Warning: Citation `X.2' on page 163 undefined on input line 188.


LaTeX Warning: Hyper reference `X.1.9' on page 163 undefined on input line 200.



LaTeX Warning: Reference `X.1.9' on page 163 undefined on input line 200.


LaTeX Warning: Hyper reference `X.1.7' on page 163 undefined on input line 200.



LaTeX Warning: Reference `X.1.7' on page 163 undefined on input line 200.

) (drafts/SGA1_X_2_A_English.texfrag [163]

LaTeX Warning: Hyper reference `IX.1.10' on page 164 undefined on input line 22
.


LaTeX Warning: Reference `IX.1.10' on page 164 undefined on input line 22.


LaTeX Warning: Hyper reference `IX.6.1' on page 164 undefined on input line 35.



LaTeX Warning: Reference `IX.6.1' on page 164 undefined on input line 35.


LaTeX Warning: Hyper reference `X.2.1' on page 164 undefined on input line 43.


LaTeX Warning: Reference `X.2.1' on page 164 undefined on input line 43.


LaTeX Warning: Hyper reference `X.1.4' on page 164 undefined on input line 73.


LaTeX Warning: Reference `X.1.4' on page 164 undefined on input line 73.

<xymatrix 5x2 348>

LaTeX Warning: Hyper reference `X.1.4' on page 164 undefined on input line 115.



LaTeX Warning: Reference `X.1.4' on page 164 undefined on input line 115.


LaTeX Warning: Hyper reference `X.2.1' on page 164 undefined on input line 119.



LaTeX Warning: Reference `X.2.1' on page 164 undefined on input line 119.


LaTeX Warning: Reference `X.1.1' on page 164 undefined on input line 120.


LaTeX Warning: Hyper reference `X.1.2' on page 164 undefined on input line 122.



LaTeX Warning: Reference `X.1.2' on page 164 undefined on input line 122.

[164]

LaTeX Warning: Reference `X.1.1' on page 165 undefined on input line 157.


LaTeX Warning: Hyper reference `X.1.8' on page 165 undefined on input line 160.



LaTeX Warning: Reference `X.1.8' on page 165 undefined on input line 160.


LaTeX Warning: Hyper reference `X.2.4' on page 165 undefined on input line 160.



LaTeX Warning: Reference `X.2.4' on page 165 undefined on input line 160.


LaTeX Warning: Hyper reference `X.2.3' on page 165 undefined on input line 166.



LaTeX Warning: Reference `X.2.3' on page 165 undefined on input line 166.


LaTeX Warning: Hyper reference `X.2.4' on page 165 undefined on input line 170.



LaTeX Warning: Reference `X.2.4' on page 165 undefined on input line 170.


LaTeX Warning: Hyper reference `X.1.3' on page 165 undefined on input line 172.



LaTeX Warning: Reference `X.1.3' on page 165 undefined on input line 172.


LaTeX Warning: Hyper reference `X.1.4' on page 165 undefined on input line 172.



LaTeX Warning: Reference `X.1.4' on page 165 undefined on input line 172.


LaTeX Warning: Hyper reference `XI.3' on page 165 undefined on input line 179.


LaTeX Warning: Reference `XI.3' on page 165 undefined on input line 179.


LaTeX Warning: Hyper reference `X.2.4' on page 165 undefined on input line 184.



LaTeX Warning: Reference `X.2.4' on page 165 undefined on input line 184.


LaTeX Warning: Hyper reference `XI' on page 165 undefined on input line 192.


LaTeX Warning: Reference `XI' on page 165 undefined on input line 192.


LaTeX Warning: Citation `X.1' on page 165 undefined on input line 197.


LaTeX Warning: Hyper reference `XI.2' on page 165 undefined on input line 212.


LaTeX Warning: Reference `XI.2' on page 165 undefined on input line 212.


LaTeX Warning: Hyper reference `X.1.8' on page 165 undefined on input line 239.



LaTeX Warning: Reference `X.1.8' on page 165 undefined on input line 239.


LaTeX Warning: Hyper reference `X.1.8' on page 165 undefined on input line 242.



LaTeX Warning: Reference `X.1.8' on page 165 undefined on input line 242.

[165]

LaTeX Warning: Hyper reference `III.7.4' on page 166 undefined on input line 26
3.


LaTeX Warning: Reference `III.7.4' on page 166 undefined on input line 263.


LaTeX Warning: Hyper reference `X.2.3' on page 166 undefined on input line 265.



LaTeX Warning: Reference `X.2.3' on page 166 undefined on input line 265.


LaTeX Warning: Reference `X.1.2' on page 166 undefined on input line 271.


LaTeX Warning: Hyper reference `XII' on page 166 undefined on input line 304.


LaTeX Warning: Reference `XII' on page 166 undefined on input line 304.


LaTeX Warning: Hyper reference `X.2.12' on page 166 undefined on input line 309
.


LaTeX Warning: Reference `X.2.12' on page 166 undefined on input line 309.


LaTeX Warning: Citation `X.2' on page 166 undefined on input line 310.


LaTeX Warning: Hyper reference `IX.5.8' on page 166 undefined on input line 312
.


LaTeX Warning: Reference `IX.5.8' on page 166 undefined on input line 312.

) (drafts/SGA1_X_2_B_English.texfrag

LaTeX Warning: Hyper reference `X.2.6' on page 166 undefined on input line 3.


LaTeX Warning: Reference `X.2.6' on page 166 undefined on input line 3.


LaTeX Warning: Hyper reference `IX.5.2' on page 166 undefined on input line 27.



LaTeX Warning: Reference `IX.5.2' on page 166 undefined on input line 27.


LaTeX Warning: Hyper reference `X.2.6' on page 166 undefined on input line 29.


LaTeX Warning: Reference `X.2.6' on page 166 undefined on input line 29.

[166]

LaTeX Warning: Hyper reference `X.2.11' on page 167 undefined on input line 71.



LaTeX Warning: Reference `X.2.11' on page 167 undefined on input line 71.


LaTeX Warning: Hyper reference `X.2.9' on page 167 undefined on input line 72.


LaTeX Warning: Reference `X.2.9' on page 167 undefined on input line 72.


LaTeX Warning: Hyper reference `X.2.9' on page 167 undefined on input line 80.


LaTeX Warning: Reference `X.2.9' on page 167 undefined on input line 80.


LaTeX Warning: Hyper reference `X.2.10' on page 167 undefined on input line 87.



LaTeX Warning: Reference `X.2.10' on page 167 undefined on input line 87.

[167]) (drafts/SGA1_X_3_English.texfrag

LaTeX Warning: Hyper reference `X.3.4' on page 168 undefined on input line 6.


LaTeX Warning: Reference `X.3.4' on page 168 undefined on input line 6.


LaTeX Warning: Hyper reference `I.9.5' on page 168 undefined on input line 18.


LaTeX Warning: Reference `I.9.5' on page 168 undefined on input line 18.


LaTeX Warning: Citation `X.5' on page 168 undefined on input line 50.


LaTeX Warning: Citation `X.3' on page 168 undefined on input line 53.


LaTeX Warning: Hyper reference `I.4.10' on page 168 undefined on input line 64.



LaTeX Warning: Reference `I.4.10' on page 168 undefined on input line 64.


LaTeX Warning: Hyper reference `X.3.2' on page 168 undefined on input line 69.


LaTeX Warning: Reference `X.3.2' on page 168 undefined on input line 69.


LaTeX Warning: Hyper reference `X.3.1' on page 168 undefined on input line 71.


LaTeX Warning: Reference `X.3.1' on page 168 undefined on input line 71.


LaTeX Warning: Hyper reference `I.10.3' on page 168 undefined on input line 106
.


LaTeX Warning: Reference `I.10.3' on page 168 undefined on input line 106.


LaTeX Warning: Hyper reference `X.3.1' on page 168 undefined on input line 113.



LaTeX Warning: Reference `X.3.1' on page 168 undefined on input line 113.

[168]

LaTeX Warning: Hyper reference `X.3.3' on page 169 undefined on input line 121.



LaTeX Warning: Reference `X.3.3' on page 169 undefined on input line 121.


LaTeX Warning: Citation `X.4' on page 169 undefined on input line 177.


LaTeX Warning: Citation `X.6' on page 169 undefined on input line 178.

[169]

LaTeX Warning: Hyper reference `X.2.4' on page 170 undefined on input line 267.



LaTeX Warning: Reference `X.2.4' on page 170 undefined on input line 267.


LaTeX Warning: Hyper reference `X.2.4' on page 170 undefined on input line 276.



LaTeX Warning: Reference `X.2.4' on page 170 undefined on input line 276.


LaTeX Warning: Hyper reference `IX.4.11' on page 170 undefined on input line 29
1.


LaTeX Warning: Reference `IX.4.11' on page 170 undefined on input line 291.


LaTeX Warning: Hyper reference `X.2.1' on page 170 undefined on input line 292.



LaTeX Warning: Reference `X.2.1' on page 170 undefined on input line 292.


LaTeX Warning: Hyper reference `X.2.1' on page 170 undefined on input line 323.



LaTeX Warning: Reference `X.2.1' on page 170 undefined on input line 323.

[170]

LaTeX Warning: Hyper reference `I.9.1' on page 171 undefined on input line 343.



LaTeX Warning: Reference `I.9.1' on page 171 undefined on input line 343.


LaTeX Warning: Hyper reference `X.3.7' on page 171 undefined on input line 350.



LaTeX Warning: Reference `X.3.7' on page 171 undefined on input line 350.


LaTeX Warning: Hyper reference `X.3.7' on page 171 undefined on input line 353.



LaTeX Warning: Reference `X.3.7' on page 171 undefined on input line 353.


LaTeX Warning: Hyper reference `X.3.1' on page 171 undefined on input line 374.



LaTeX Warning: Reference `X.3.1' on page 171 undefined on input line 374.


LaTeX Warning: Hyper reference `X.3.3' on page 171 undefined on input line 375.



LaTeX Warning: Reference `X.3.3' on page 171 undefined on input line 375.


LaTeX Warning: Hyper reference `X.3.6' on page 171 undefined on input line 396.



LaTeX Warning: Reference `X.3.6' on page 171 undefined on input line 396.


LaTeX Warning: Hyper reference `X.3.7' on page 171 undefined on input line 397.



LaTeX Warning: Reference `X.3.7' on page 171 undefined on input line 397.


LaTeX Warning: Reference `X.2.4' on page 171 undefined on input line 415.

[171]

LaTeX Warning: Hyper reference `X.3.8' on page 172 undefined on input line 450.



LaTeX Warning: Reference `X.3.8' on page 172 undefined on input line 450.


LaTeX Warning: Hyper reference `X.2.6' on page 172 undefined on input line 451.



LaTeX Warning: Reference `X.2.6' on page 172 undefined on input line 451.


LaTeX Warning: Hyper reference `X.3.9' on page 172 undefined on input line 458.



LaTeX Warning: Reference `X.3.9' on page 172 undefined on input line 458.


LaTeX Warning: Hyper reference `X.3.9' on page 172 undefined on input line 473.



LaTeX Warning: Reference `X.3.9' on page 172 undefined on input line 473.


LaTeX Warning: Hyper reference `X.3.10' on page 172 undefined on input line 474
.


LaTeX Warning: Reference `X.3.10' on page 172 undefined on input line 474.

[172]
Bibliography
) (drafts/SGA1_XI_OPENING_AND_1_English.texfrag [173]
Chapter XI

LaTeX Warning: Hyper reference `X.2.10' on page 174 undefined on input line 30.



LaTeX Warning: Reference `X.2.10' on page 174 undefined on input line 30.


LaTeX Warning: Hyper reference `X.1.7' on page 174 undefined on input line 31.


LaTeX Warning: Reference `X.1.7' on page 174 undefined on input line 31.


LaTeX Warning: Hyper reference `X.3.4' on page 174 undefined on input line 35.


LaTeX Warning: Reference `X.3.4' on page 174 undefined on input line 35.


LaTeX Warning: Hyper reference `X.3.4' on page 174 undefined on input line 66.


LaTeX Warning: Reference `X.3.4' on page 174 undefined on input line 66.


LaTeX Warning: Hyper reference `X.1.1' on page 174 undefined on input line 69.


LaTeX Warning: Reference `X.1.1' on page 174 undefined on input line 69.


LaTeX Warning: Hyper reference `V.8.2' on page 174 undefined on input line 71.


LaTeX Warning: Reference `V.8.2' on page 174 undefined on input line 71.


LaTeX Warning: Citation `XI.10' on page 174 undefined on input line 154.

(<LOCAL_HOME>\AppData\Local\Programs\MiKTeX\tex/latex/psnfss\t1ptm.fd)
(<LOCAL_HOME>\AppData\Local\Programs\MiKTeX\tex/latex/microtype\mt-ptm.cfg)
[174{<LOCAL_HOME>/AppData/Local/Programs/MiKTeX/fonts/enc/dvips/base/8r.enc}
]) (drafts/SGA1_XI_2_English.texfrag

LaTeX Warning: Hyper reference `XI.4' on page 175 undefined on input line 9.


LaTeX Warning: Reference `XI.4' on page 175 undefined on input line 9.


LaTeX Warning: Citation `XI.5' on page 175 undefined on input line 18.


LaTeX Warning: Hyper reference `X.1.7' on page 175 undefined on input line 37.


LaTeX Warning: Reference `X.1.7' on page 175 undefined on input line 37.

[175]

LaTeX Warning: Hyper reference `IX.1.7' on page 176 undefined on input line 53.



LaTeX Warning: Reference `IX.1.7' on page 176 undefined on input line 53.


LaTeX Warning: Citation `XI.6' on page 176 undefined on input line 70.


LaTeX Warning: Citation `XI.4' on page 176 undefined on input line 98.


LaTeX Warning: Hyper reference `XI.2.1' on page 176 undefined on input line 99.



LaTeX Warning: Reference `XI.2.1' on page 176 undefined on input line 99.


LaTeX Warning: Citation `XI.4' on page 176 undefined on input line 106.


LaTeX Warning: Citation `XI.8' on page 176 undefined on input line 144.

) [176] (drafts/SGA1_XI_3_English.texfrag

LaTeX Warning: Hyper reference `X.1.4' on page 177 undefined on input line 22.


LaTeX Warning: Reference `X.1.4' on page 177 undefined on input line 22.


LaTeX Warning: Hyper reference `IX.3.4' on page 177 undefined on input line 33.



LaTeX Warning: Reference `IX.3.4' on page 177 undefined on input line 33.


LaTeX Warning: Hyper reference `X.1.3' on page 177 undefined on input line 55.


LaTeX Warning: Reference `X.1.3' on page 177 undefined on input line 55.


LaTeX Warning: Hyper reference `X.1.4' on page 177 undefined on input line 55.


LaTeX Warning: Reference `X.1.4' on page 177 undefined on input line 55.


LaTeX Warning: Hyper reference `X.2.4' on page 177 undefined on input line 61.


LaTeX Warning: Reference `X.2.4' on page 177 undefined on input line 61.

[177]

LaTeX Warning: Citation `XI.5' on page 178 undefined on input line 93.

) (drafts/SGA1_XI_4_A_English.texfrag

LaTeX Warning: Reference `note-296' on page 178 undefined on input line 12.


LaTeX Warning: Reference `note-296' on page 178 undefined on input line 12.

[178]

LaTeX Warning: Hyper reference `XI.4.1' on page 179 undefined on input line 86.



LaTeX Warning: Reference `XI.4.1' on page 179 undefined on input line 86.


LaTeX Warning: Hyper reference `XI.4.1' on page 179 undefined on input line 109
.


LaTeX Warning: Reference `XI.4.1' on page 179 undefined on input line 109.


LaTeX Warning: Hyper reference `VIII.3.1' on page 179 undefined on input line 1
12.


LaTeX Warning: Reference `VIII.3.1' on page 179 undefined on input line 112.


LaTeX Warning: Hyper reference `VIII' on page 179 undefined on input line 113.


LaTeX Warning: Reference `VIII' on page 179 undefined on input line 113.


LaTeX Warning: Hyper reference `VIII.5.6' on page 179 undefined on input line 1
32.


LaTeX Warning: Reference `VIII.5.6' on page 179 undefined on input line 132.

[179]

LaTeX Warning: Hyper reference `XI.4.1' on page 180 undefined on input line 134
.


LaTeX Warning: Reference `XI.4.1' on page 180 undefined on input line 134.


LaTeX Warning: Hyper reference `VIII.2.1' on page 180 undefined on input line 1
36.


LaTeX Warning: Reference `VIII.2.1' on page 180 undefined on input line 136.


LaTeX Warning: Hyper reference `XI.4.1' on page 180 undefined on input line 137
.


LaTeX Warning: Reference `XI.4.1' on page 180 undefined on input line 137.


LaTeX Warning: Reference `note-293' on page 180 undefined on input line 141.


LaTeX Warning: Reference `note-293' on page 180 undefined on input line 141.


LaTeX Warning: Hyper reference `XI.4.1' on page 180 undefined on input line 167
.


LaTeX Warning: Reference `XI.4.1' on page 180 undefined on input line 167.

<xymatrix 2x1 80> <xymatrix 2x1 115>

LaTeX Warning: Hyper reference `VIII.5.2' on page 180 undefined on input line 1
96.


LaTeX Warning: Reference `VIII.5.2' on page 180 undefined on input line 196.


LaTeX Warning: Hyper reference `XI.4.1' on page 180 undefined on input line 207
.


LaTeX Warning: Reference `XI.4.1' on page 180 undefined on input line 207.

) (drafts/SGA1_XI_4_B_English.texfrag

LaTeX Warning: Hyper reference `VIII.7.9' on page 180 undefined on input line 1
5.


LaTeX Warning: Reference `VIII.7.9' on page 180 undefined on input line 15.

[180]

LaTeX Warning: Citation `XI.7' on page 181 undefined on input line 99.


LaTeX Warning: Hyper reference `XI.4.1' on page 181 undefined on input line 103
.


LaTeX Warning: Reference `XI.4.1' on page 181 undefined on input line 103.


LaTeX Warning: Hyper reference `XI.4.5' on page 181 undefined on input line 106
.


LaTeX Warning: Reference `XI.4.5' on page 181 undefined on input line 106.


LaTeX Warning: Hyper reference `VIII.2.1' on page 181 undefined on input line 1
10.


LaTeX Warning: Reference `VIII.2.1' on page 181 undefined on input line 110.


LaTeX Warning: Hyper reference `VIII.7.7' on page 181 undefined on input line 1
14.


LaTeX Warning: Reference `VIII.7.7' on page 181 undefined on input line 114.


LaTeX Warning: Hyper reference `XI.4.1' on page 181 undefined on input line 118
.


LaTeX Warning: Reference `XI.4.1' on page 181 undefined on input line 118.


LaTeX Warning: Citation `XI.2' on page 181 undefined on input line 134.


LaTeX Warning: Hyper reference `XI.4.5' on page 181 undefined on input line 136
.


LaTeX Warning: Reference `XI.4.5' on page 181 undefined on input line 136.

[181]

LaTeX Warning: Hyper reference `XI.4.5' on page 182 undefined on input line 149
.


LaTeX Warning: Reference `XI.4.5' on page 182 undefined on input line 149.

<xymatrix 4x1 139> <xymatrix 3x1 118>

LaTeX Warning: Citation `XI.1' on page 182 undefined on input line 175.


LaTeX Warning: Hyper reference `VIII.5.2' on page 182 undefined on input line 1
82.


LaTeX Warning: Reference `VIII.5.2' on page 182 undefined on input line 182.


LaTeX Warning: Hyper reference `XI.4.5' on page 182 undefined on input line 190
.


LaTeX Warning: Reference `XI.4.5' on page 182 undefined on input line 190.


LaTeX Warning: Hyper reference `XI.4.5' on page 182 undefined on input line 196
.


LaTeX Warning: Reference `XI.4.5' on page 182 undefined on input line 196.


LaTeX Warning: Citation `XI.2' on page 182 undefined on input line 196.

) (drafts/SGA1_XI_5_English.texfrag

LaTeX Warning: Hyper reference `XI.4.1' on page 182 undefined on input line 21.



LaTeX Warning: Reference `XI.4.1' on page 182 undefined on input line 21.


LaTeX Warning: Hyper reference `XI.4.2' on page 182 undefined on input line 23.



LaTeX Warning: Reference `XI.4.2' on page 182 undefined on input line 23.

[182]

LaTeX Warning: Reference `eq:XI.5.etoile' on page 183 undefined on input line 5
5.


LaTeX Warning: Hyper reference `V.2.7' on page 183 undefined on input line 63.


LaTeX Warning: Reference `V.2.7' on page 183 undefined on input line 63.


LaTeX Warning: Hyper reference `V.5' on page 183 undefined on input line 67.


LaTeX Warning: Reference `V.5' on page 183 undefined on input line 67.


LaTeX Warning: Citation `XI.5' on page 183 undefined on input line 73.


LaTeX Warning: Hyper reference `XI.4.5' on page 183 undefined on input line 77.



LaTeX Warning: Reference `XI.4.5' on page 183 undefined on input line 77.


LaTeX Warning: Citation `XI.5' on page 183 undefined on input line 83.


LaTeX Warning: Hyper reference `XI.5.1' on page 183 undefined on input line 119
.


LaTeX Warning: Reference `XI.5.1' on page 183 undefined on input line 119.


LaTeX Warning: Citation `XI.7' on page 183 undefined on input line 123.


LaTeX Warning: Citation `XI.3' on page 183 undefined on input line 123.


LaTeX Warning: Hyper reference `XI.4.1' on page 183 undefined on input line 129
.


LaTeX Warning: Reference `XI.4.1' on page 183 undefined on input line 129.


LaTeX Warning: Hyper reference `VIII.1.12' on page 183 undefined on input line 
133.


LaTeX Warning: Reference `VIII.1.12' on page 183 undefined on input line 133.

[183]

LaTeX Warning: Hyper reference `XI.4.1' on page 184 undefined on input line 140
.


LaTeX Warning: Reference `XI.4.1' on page 184 undefined on input line 140.


LaTeX Warning: Hyper reference `VIII.1.1' on page 184 undefined on input line 1
43.


LaTeX Warning: Reference `VIII.1.1' on page 184 undefined on input line 143.


LaTeX Warning: Citation `XI.3' on page 184 undefined on input line 159.

) (drafts/SGA1_XI_6_A_English.texfrag

LaTeX Warning: Hyper reference `XI.4' on page 184 undefined on input line 27.


LaTeX Warning: Reference `XI.4' on page 184 undefined on input line 27.

[184]

LaTeX Warning: Hyper reference `XI.4.2' on page 185 undefined on input line 68.



LaTeX Warning: Reference `XI.4.2' on page 185 undefined on input line 68.


LaTeX Warning: Hyper reference `XI.6.1' on page 185 undefined on input line 69.



LaTeX Warning: Reference `XI.6.1' on page 185 undefined on input line 69.


LaTeX Warning: Hyper reference `XI.6.1' on page 185 undefined on input line 143
.


LaTeX Warning: Reference `XI.6.1' on page 185 undefined on input line 143.


LaTeX Warning: Hyper reference `XI.4.5' on page 185 undefined on input line 143
.


LaTeX Warning: Reference `XI.4.5' on page 185 undefined on input line 143.


LaTeX Warning: Hyper reference `XI.5.3' on page 185 undefined on input line 144
.


LaTeX Warning: Reference `XI.5.3' on page 185 undefined on input line 144.

[185]

LaTeX Warning: Hyper reference `XI.2' on page 186 undefined on input line 224.


LaTeX Warning: Reference `XI.2' on page 186 undefined on input line 224.


LaTeX Warning: Hyper reference `X.2.3' on page 186 undefined on input line 237.



LaTeX Warning: Reference `X.2.3' on page 186 undefined on input line 237.

) (drafts/SGA1_XI_6_B_English.texfrag [186]

LaTeX Warning: Hyper reference `XI.4' on page 187 undefined on input line 29.


LaTeX Warning: Reference `XI.4' on page 187 undefined on input line 29.


LaTeX Warning: Hyper reference `XI.4.5' on page 187 undefined on input line 44.



LaTeX Warning: Reference `XI.4.5' on page 187 undefined on input line 44.


LaTeX Warning: Hyper reference `XI.5.3' on page 187 undefined on input line 44.



LaTeX Warning: Reference `XI.5.3' on page 187 undefined on input line 44.


Overfull \hbox (1.78882pt too wide) in paragraph at lines 79--88
[][]\T1/lmr/m/sc/10.95 (-20) Corollary \T1/lmr/m/n/10.95 (-20) XI.6.10\T1/lmr/m
/sc/10.95 (-20) . \T1/lmr/m/it/10.95 (-20) Sup-pose that $\OML/lmm/m/it/10.95 }
\OT1/lmr/m/n/10.95 (-20) H[](\OML/lmm/m/it/10.95 S; \OMS/lmsy/m/n/10.95 O[]\OT1
/lmr/m/n/10.95 (-20) )[]H[](\OML/lmm/m/it/10.95 S; \OMS/lmsy/m/n/10.95 O[]\OT1/
lmr/m/n/10.95 (-20) )$\T1/lmr/m/it/10.95 (-20) , for ex-am-ple that $\OT1/lmr/m
/n/10.95 (-20) H[](\OML/lmm/m/it/10.95 S; \OMS/lmsy/m/n/10.95 O[]\OT1/lmr/m/n/1
0.95 (-20) )$

LaTeX Warning: Citation `XI.9' on page 187 undefined on input line 98.


LaTeX Warning: Hyper reference `XI.6.6' on page 187 undefined on input line 108
.


LaTeX Warning: Reference `XI.6.6' on page 187 undefined on input line 108.


LaTeX Warning: Hyper reference `XI.4.5' on page 187 undefined on input line 122
.


LaTeX Warning: Reference `XI.4.5' on page 187 undefined on input line 122.

[187]

LaTeX Warning: Hyper reference `XI.2' on page 188 undefined on input line 159.


LaTeX Warning: Reference `XI.2' on page 188 undefined on input line 159.


LaTeX Warning: Hyper reference `XI.2.1' on page 188 undefined on input line 163
.


LaTeX Warning: Reference `XI.2.1' on page 188 undefined on input line 163.


LaTeX Warning: Reference `eqXI.6.11' on page 188 undefined on input line 166.

[188]
Bibliography
) (drafts/SGA1_XII_OPENING_AND_1_English.texfrag [189]
Chapter XII

LaTeX Warning: Citation `XII.10' on page 190 undefined on input line 17.


LaTeX Warning: Hyper reference `XII.2' on page 190 undefined on input line 24.


LaTeX Warning: Reference `XII.2' on page 190 undefined on input line 24.


LaTeX Warning: Hyper reference `XII.3' on page 190 undefined on input line 24.


LaTeX Warning: Reference `XII.3' on page 190 undefined on input line 24.


LaTeX Warning: Citation `XII.10' on page 190 undefined on input line 33.


LaTeX Warning: Hyper reference `XII.5' on page 190 undefined on input line 36.


LaTeX Warning: Reference `XII.5' on page 190 undefined on input line 36.


LaTeX Warning: Citation `XII.6' on page 190 undefined on input line 39.


LaTeX Warning: Citation `XII.8' on page 190 undefined on input line 40.


LaTeX Warning: Citation `XII.4' on page 190 undefined on input line 49.

(<LOCAL_HOME>\AppData\Local\Programs\MiKTeX\tex/latex/amsfonts\ueus.fd)
(<LOCAL_HOME>\AppData\Local\Programs\MiKTeX\tex/latex/microtype\mt-eus.cfg)
[190] <xymatrix 2x2 174>

LaTeX Warning: Citation `XII.4' on page 191 undefined on input line 202.

[191]

LaTeX Warning: Reference `XIII.1.1' on page 192 undefined on input line 213.

) (drafts/SGA1_XII_2_English.texfrag

Package hyperref Warning: Token not allowed in a PDF string (Unicode):
(hyperref)                removing `\hbox' on input line 2.


LaTeX Warning: Reference `XIII.1.1' on page 192 undefined on input line 27.


LaTeX Warning: Citation `XII.4' on page 192 undefined on input line 29.


LaTeX Warning: Citation `XII.4' on page 192 undefined on input line 75.

[192]

LaTeX Warning: Hyper reference `XII.2.2' on page 193 undefined on input line 93
.


LaTeX Warning: Reference `XII.2.2' on page 193 undefined on input line 93.


LaTeX Warning: Citation `XII.4' on page 193 undefined on input line 148.


LaTeX Warning: Citation `XII.10' on page 193 undefined on input line 159.


LaTeX Warning: Hyper reference `XII.2.5' on page 193 undefined on input line 16
1.


LaTeX Warning: Reference `XII.2.5' on page 193 undefined on input line 161.


LaTeX Warning: Citation `XII.11' on page 193 undefined on input line 176.

[193]) (drafts/SGA1_XII_3_English.texfrag

LaTeX Warning: Reference `XII.1.1' on page 194 undefined on input line 34.


LaTeX Warning: Citation `XII.2' on page 194 undefined on input line 34.


LaTeX Warning: Hyper reference `XII.2.1' on page 194 undefined on input line 45
.


LaTeX Warning: Reference `XII.2.1' on page 194 undefined on input line 45.


LaTeX Warning: Hyper reference `XII.2.3' on page 194 undefined on input line 70
.


LaTeX Warning: Reference `XII.2.3' on page 194 undefined on input line 70.


LaTeX Warning: Citation `XII.4' on page 194 undefined on input line 76.


LaTeX Warning: Hyper reference `XII.3.2' on page 194 undefined on input line 79
.


LaTeX Warning: Reference `XII.3.2' on page 194 undefined on input line 79.

[194]

LaTeX Warning: Citation `XII.1' on page 195 undefined on input line 96.


LaTeX Warning: Hyper reference `XII.2.2' on page 195 undefined on input line 11
6.


LaTeX Warning: Reference `XII.2.2' on page 195 undefined on input line 116.


LaTeX Warning: Hyper reference `XII.1.1' on page 195 undefined on input line 11
9.


LaTeX Warning: Reference `XII.1.1' on page 195 undefined on input line 119.


LaTeX Warning: Hyper reference `XII.3.1' on page 195 undefined on input line 12
1.


LaTeX Warning: Reference `XII.3.1' on page 195 undefined on input line 121.


LaTeX Warning: Hyper reference `XII.3.2' on page 195 undefined on input line 12
1.


LaTeX Warning: Reference `XII.3.2' on page 195 undefined on input line 121.


LaTeX Warning: Hyper reference `XII.2.2' on page 195 undefined on input line 14
2.


LaTeX Warning: Reference `XII.2.2' on page 195 undefined on input line 142.


LaTeX Warning: Hyper reference `XII.3.2' on page 195 undefined on input line 15
0.


LaTeX Warning: Reference `XII.3.2' on page 195 undefined on input line 150.


LaTeX Warning: Hyper reference `XII.3.1' on page 195 undefined on input line 15
0.


LaTeX Warning: Reference `XII.3.1' on page 195 undefined on input line 150.


LaTeX Warning: Citation `XII.1' on page 195 undefined on input line 162.


LaTeX Warning: Hyper reference `XII.3.1' on page 195 undefined on input line 16
6.


LaTeX Warning: Reference `XII.3.1' on page 195 undefined on input line 166.

[195]

LaTeX Warning: Hyper reference `XII.2.2' on page 196 undefined on input line 18
5.


LaTeX Warning: Reference `XII.2.2' on page 196 undefined on input line 185.


LaTeX Warning: Citation `XII.4' on page 196 undefined on input line 193.


LaTeX Warning: Citation `XII.4' on page 196 undefined on input line 206.


LaTeX Warning: Hyper reference `XII.3.2' on page 196 undefined on input line 21
0.


LaTeX Warning: Reference `XII.3.2' on page 196 undefined on input line 210.

) (drafts/SGA1_XII_4_English.texfrag

LaTeX Warning: Citation `XII.3' on page 196 undefined on input line 8.


LaTeX Warning: Citation `XII.10' on page 196 undefined on input line 9.


LaTeX Warning: Citation `XII.7' on page 196 undefined on input line 13.


LaTeX Warning: Citation `XII.10' on page 196 undefined on input line 15.


LaTeX Warning: Citation `XII.5' on page 196 undefined on input line 16.

<xymatrix 2x2 182>

LaTeX Warning: Reference `eq:XII.4.1.1' on page 196 undefined on input line 51.



LaTeX Warning: Citation `XII.10' on page 196 undefined on input line 59.

[196]

LaTeX Warning: Citation `XII.10' on page 197 undefined on input line 87.

<xymatrix 6x2 526> <xymatrix 2x2 188> [197]

LaTeX Warning: Hyper reference `XII.4.3' on page 198 undefined on input line 18
3.


LaTeX Warning: Reference `XII.4.3' on page 198 undefined on input line 183.


LaTeX Warning: Citation `XII.10' on page 198 undefined on input line 187.


LaTeX Warning: Hyper reference `XII.4.2' on page 198 undefined on input line 20
7.


LaTeX Warning: Reference `XII.4.2' on page 198 undefined on input line 207.

<xymatrix 2x2 154>

LaTeX Warning: Hyper reference `XII.4.3' on page 198 undefined on input line 23
8.


LaTeX Warning: Reference `XII.4.3' on page 198 undefined on input line 238.


LaTeX Warning: Hyper reference `XII.4.4' on page 198 undefined on input line 26
7.


LaTeX Warning: Reference `XII.4.4' on page 198 undefined on input line 267.

[198]

LaTeX Warning: Citation `XII.4' on page 199 undefined on input line 282.


LaTeX Warning: Hyper reference `XII.4.4' on page 199 undefined on input line 28
2.


LaTeX Warning: Reference `XII.4.4' on page 199 undefined on input line 282.


LaTeX Warning: Hyper reference `XII.3.1' on page 199 undefined on input line 28
4.


LaTeX Warning: Reference `XII.3.1' on page 199 undefined on input line 284.

) (drafts/SGA1_XII_5_A_English.texfrag

LaTeX Warning: Reference `XII.2.6' on page 199 undefined on input line 49.


LaTeX Warning: Reference `eq:XII.5.*' on page 199 undefined on input line 52.


LaTeX Warning: Hyper reference `IX.4.7' on page 199 undefined on input line 79.



LaTeX Warning: Reference `IX.4.7' on page 199 undefined on input line 79.


LaTeX Warning: Hyper reference `IX.3.2' on page 199 undefined on input line 92.



LaTeX Warning: Reference `IX.3.2' on page 199 undefined on input line 92.

[199]

LaTeX Warning: Citation `XII.11' on page 200 undefined on input line 121.


LaTeX Warning: Citation `XII.8' on page 200 undefined on input line 151.


LaTeX Warning: Reference `XII.5.0' on page 200 undefined on input line 163.


LaTeX Warning: Hyper reference `XII.5.3' on page 200 undefined on input line 16
5.


LaTeX Warning: Reference `XII.5.3' on page 200 undefined on input line 165.


LaTeX Warning: Hyper reference `XII.4.6' on page 200 undefined on input line 18
9.


LaTeX Warning: Reference `XII.4.6' on page 200 undefined on input line 189.


LaTeX Warning: Hyper reference `XII.3.1' on page 200 undefined on input line 19
3.


LaTeX Warning: Reference `XII.3.1' on page 200 undefined on input line 193.

[200]

LaTeX Warning: Hyper reference `V.7' on page 201 undefined on input line 207.


LaTeX Warning: Reference `V.7' on page 201 undefined on input line 207.


LaTeX Warning: Hyper reference `V.4' on page 201 undefined on input line 217.


LaTeX Warning: Reference `V.4' on page 201 undefined on input line 217.


LaTeX Warning: Hyper reference `XII.5.1' on page 201 undefined on input line 22
2.


LaTeX Warning: Reference `XII.5.1' on page 201 undefined on input line 222.


LaTeX Warning: Hyper reference `V.6.10' on page 201 undefined on input line 222
.


LaTeX Warning: Reference `V.6.10' on page 201 undefined on input line 222.

) (drafts/SGA1_XII_5_B_English.texfrag

LaTeX Warning: Reference `XII.5.0' on page 201 undefined on input line 7.


LaTeX Warning: Citation `XII.4' on page 201 undefined on input line 25.

<xymatrix 5x3 378>

LaTeX Warning: Citation `XII.11' on page 201 undefined on input line 54.


LaTeX Warning: Citation `XII.4' on page 201 undefined on input line 71.

[201]

LaTeX Warning: Hyper reference `XII.5.3' on page 202 undefined on input line 99
.


LaTeX Warning: Reference `XII.5.3' on page 202 undefined on input line 99.


LaTeX Warning: Citation `XII.6' on page 202 undefined on input line 101.


LaTeX Warning: Hyper reference `XII.5.1' on page 202 undefined on input line 10
3.


LaTeX Warning: Reference `XII.5.1' on page 202 undefined on input line 103.


LaTeX Warning: Citation `XII.8' on page 202 undefined on input line 104.


LaTeX Warning: Hyper reference `XII.5.3' on page 202 undefined on input line 13
0.


LaTeX Warning: Reference `XII.5.3' on page 202 undefined on input line 130.


LaTeX Warning: Citation `XII.4' on page 202 undefined on input line 135.


LaTeX Warning: Citation `XII.8' on page 202 undefined on input line 141.


LaTeX Warning: Citation `XII.4' on page 202 undefined on input line 180.


LaTeX Warning: Hyper reference `XII.5.4' on page 202 undefined on input line 18
8.


LaTeX Warning: Reference `XII.5.4' on page 202 undefined on input line 188.


LaTeX Warning: Citation `XII.9' on page 202 undefined on input line 207.


LaTeX Warning: Citation `XII.11' on page 202 undefined on input line 221.

[202] [203]
Bibliography
) (drafts/SGA1_XIII_OPENING_AND_0_English.texfrag [204]
Chapter XIII

Package hyperref Warning: Token not allowed in a PDF string (Unicode):
(hyperref)                removing `\\' on input line 2.


Package hyperref Warning: Token not allowed in a PDF string (Unicode):
(hyperref)                removing `\\' on input line 2.


LaTeX Warning: Hyper reference `IX' on page 205 undefined on input line 15.


LaTeX Warning: Reference `IX' on page 205 undefined on input line 15.


LaTeX Warning: Hyper reference `X' on page 205 undefined on input line 15.


LaTeX Warning: Reference `X' on page 205 undefined on input line 15.


LaTeX Warning: Reference `XIII.2.4' on page 205 undefined on input line 20.


LaTeX Warning: Reference `XIII.2.12' on page 205 undefined on input line 37.


LaTeX Warning: Hyper reference `XIII.4' on page 205 undefined on input line 43.



LaTeX Warning: Reference `XIII.4' on page 205 undefined on input line 43.


LaTeX Warning: Hyper reference `X.3.6' on page 205 undefined on input line 47.


LaTeX Warning: Reference `X.3.6' on page 205 undefined on input line 47.


LaTeX Warning: Citation `XIII.1' on page 205 undefined on input line 54.


LaTeX Warning: Citation `XIII.2' on page 205 undefined on input line 55.

[205]

LaTeX Warning: Citation `XIII.2' on page 206 undefined on input line 130.


LaTeX Warning: Citation `XIII.2' on page 206 undefined on input line 144.

) (drafts/SGA1_XIII_1_OPENING_THROUGH_1_4_English.texfrag <xymatrix 2x3 292>
<xymatrix 2x2 182> [206]

LaTeX Warning: Reference `eq:XIII.1.2.1' on page 207 undefined on input line 87
.


LaTeX Warning: Citation `XIII.1' on page 207 undefined on input line 94.


LaTeX Warning: Reference `eq:XIII.1.0.1' on page 207 undefined on input line 10
4.


LaTeX Warning: Reference `eq:XIII.1.0.2' on page 207 undefined on input line 10
5.


LaTeX Warning: Citation `XIII.1' on page 207 undefined on input line 116.


LaTeX Warning: Citation `XIII.1' on page 207 undefined on input line 152.

[207]

LaTeX Warning: Citation `XIII.1' on page 208 undefined on input line 190.


LaTeX Warning: Citation `XIII.2' on page 208 undefined on input line 192.

[208]

LaTeX Warning: Citation `XIII.2' on page 209 undefined on input line 275.

) (drafts/SGA1_XIII_1_5_AND_1_6_English.texfrag

LaTeX Warning: Citation `XIII.2' on page 209 undefined on input line 58.


LaTeX Warning: Citation `XIII.2' on page 209 undefined on input line 60.


LaTeX Warning: Reference `eq:XIII.1.0.1' on page 209 undefined on input line 69
.

[209] <xymatrix 4x2 423>) (drafts/SGA1_XIII_1_7_THROUGH_1_9_English.texfrag

LaTeX Warning: Reference `eq:XIII.1.6.1' on page 210 undefined on input line 14
.

[210] <xymatrix 2x2 182>

LaTeX Warning: Hyper reference `XIII.1.6' on page 211 undefined on input line 5
3.


LaTeX Warning: Reference `XIII.1.6' on page 211 undefined on input line 53.


LaTeX Warning: Citation `XIII.2' on page 211 undefined on input line 62.


LaTeX Warning: Hyper reference `XIII.1.6' on page 211 undefined on input line 7
0.


LaTeX Warning: Reference `XIII.1.6' on page 211 undefined on input line 70.


LaTeX Warning: Hyper reference `XIII.1.4' on page 211 undefined on input line 7
0.


LaTeX Warning: Reference `XIII.1.4' on page 211 undefined on input line 70.


LaTeX Warning: Hyper reference `XIII.1.6' on page 211 undefined on input line 8
8.


LaTeX Warning: Reference `XIII.1.6' on page 211 undefined on input line 88.


LaTeX Warning: Hyper reference `XIII.1.6' on page 211 undefined on input line 9
9.


LaTeX Warning: Reference `XIII.1.6' on page 211 undefined on input line 99.

) (drafts/SGA1_XIII_1_10_AND_1_11_English.texfrag <xymatrix 3x1 139> <xymatrix
7x1 259> [211] <xymatrix 3x2 272>

LaTeX Warning: Hyper reference `XIII.1.10.1' on page 212 undefined on input lin
e 72.


LaTeX Warning: Reference `XIII.1.10.1' on page 212 undefined on input line 72.

<xymatrix 2x2 182> <xymatrix 7x1 259> <xymatrix 4x1 226> <xymatrix 7x1 259>

LaTeX Warning: Hyper reference `XIII.1.10.2' on page 212 undefined on input lin
e 154.


LaTeX Warning: Reference `XIII.1.10.2' on page 212 undefined on input line 154.



LaTeX Warning: Reference `eq:XIII.1.10.4.1' on page 212 undefined on input line
 168.

[212]

LaTeX Warning: Hyper reference `XIII.1.10.2' on page 213 undefined on input lin
e 175.


LaTeX Warning: Reference `XIII.1.10.2' on page 213 undefined on input line 175.



LaTeX Warning: Reference `eq:XIII.1.10.2.2' on page 213 undefined on input line
 184.


LaTeX Warning: Reference `eq:XIII.1.10.2.2' on page 213 undefined on input line
 190.


LaTeX Warning: Reference `eq:XIII.1.10.4.1' on page 213 undefined on input line
 193.

<xymatrix 3x1 118>

LaTeX Warning: Reference `eq:XIII.1.11.1' on page 213 undefined on input line 2
16.

<xymatrix 4x1 226> <xymatrix 4x1 226>

LaTeX Warning: Citation `XIII.2' on page 213 undefined on input line 250.

) (drafts/SGA1_XIII_1_12_AND_1_13_English.texfrag <xymatrix 3x1 118> <xymatrix
4x1 226> [213] <xymatrix 3x2 292>

LaTeX Warning: Reference `XIII.1.10.4' on page 214 undefined on input line 48.

<xymatrix 4x2 635> <xymatrix 3x1 118>

LaTeX Warning: Hyper reference `eq:XIII.1.0.2' on page 214 undefined on input l
ine 88.


LaTeX Warning: Reference `eq:XIII.1.0.2' on page 214 undefined on input line 88
.

<xymatrix 4x1 226>

LaTeX Warning: Reference `XIII.1.2' on page 214 undefined on input line 119.


LaTeX Warning: Hyper reference `XIII.1.12' on page 214 undefined on input line 
121.


LaTeX Warning: Reference `XIII.1.12' on page 214 undefined on input line 121.

[214]

LaTeX Warning: Hyper reference `XIII.1.3.1' on page 215 undefined on input line
 135.


LaTeX Warning: Reference `XIII.1.3.1' on page 215 undefined on input line 135.

[215]) (drafts/SGA1_XIII_1_14_THROUGH_1_16_English.texfrag

LaTeX Warning: Citation `XIII.1' on page 216 undefined on input line 47.

<xymatrix 2x2 182> [216]

LaTeX Warning: Hyper reference `XIII.1.14' on page 217 undefined on input line 
98.


LaTeX Warning: Reference `XIII.1.14' on page 217 undefined on input line 98.


LaTeX Warning: Hyper reference `XIII.1.14' on page 217 undefined on input line 
118.


LaTeX Warning: Reference `XIII.1.14' on page 217 undefined on input line 118.


LaTeX Warning: Hyper reference `XIII.1.14' on page 217 undefined on input line 
122.


LaTeX Warning: Reference `XIII.1.14' on page 217 undefined on input line 122.


LaTeX Warning: Hyper reference `XIII.1.14' on page 217 undefined on input line 
128.


LaTeX Warning: Reference `XIII.1.14' on page 217 undefined on input line 128.

) (drafts/SGA1_XIII_2_0_English.texfrag

LaTeX Warning: Hyper reference `X.3' on page 217 undefined on input line 18.


LaTeX Warning: Reference `X.3' on page 217 undefined on input line 18.


LaTeX Warning: Citation `XIII.5' on page 217 undefined on input line 23.

[217]

LaTeX Warning: Hyper reference `XIII.2.0.1' on page 218 undefined on input line
 114.


LaTeX Warning: Reference `XIII.2.0.1' on page 218 undefined on input line 114.


LaTeX Warning: Citation `XIII.5' on page 218 undefined on input line 126.

) (drafts/SGA1_XIII_2_1_English.texfrag [218] <xymatrix 2x2 137>

LaTeX Warning: Hyper reference `XIII.2.1' on page 219 undefined on input line 8
6.


LaTeX Warning: Reference `XIII.2.1' on page 219 undefined on input line 86.


LaTeX Warning: Hyper reference `XIII.2.0' on page 219 undefined on input line 1
17.


LaTeX Warning: Reference `XIII.2.0' on page 219 undefined on input line 117.


LaTeX Warning: Hyper reference `V.4' on page 219 undefined on input line 118.


LaTeX Warning: Reference `V.4' on page 219 undefined on input line 118.


LaTeX Warning: Hyper reference `V.6.9' on page 219 undefined on input line 144.



LaTeX Warning: Reference `V.6.9' on page 219 undefined on input line 144.


LaTeX Warning: Hyper reference `XIII.2.0.3' on page 219 undefined on input line
 159.


LaTeX Warning: Reference `XIII.2.0.3' on page 219 undefined on input line 159.

[219]

LaTeX Warning: Hyper reference `XIII.2.1.1' on page 220 undefined on input line
 196.


LaTeX Warning: Reference `XIII.2.1.1' on page 220 undefined on input line 196.


LaTeX Warning: Hyper reference `XIII.2.0.3' on page 220 undefined on input line
 196.


LaTeX Warning: Reference `XIII.2.0.3' on page 220 undefined on input line 196.


LaTeX Warning: Hyper reference `XIII.2.1.2' on page 220 undefined on input line
 233.


LaTeX Warning: Reference `XIII.2.1.2' on page 220 undefined on input line 233.

) (drafts/SGA1_XIII_2_2_OPENING_THROUGH_THEOREM_English.texfrag

LaTeX Warning: Hyper reference `XIII.2.1' on page 220 undefined on input line 3
.


LaTeX Warning: Reference `XIII.2.1' on page 220 undefined on input line 3.

[220]

LaTeX Warning: Hyper reference `XIII.2.1.4' on page 221 undefined on input line
 29.


LaTeX Warning: Reference `XIII.2.1.4' on page 221 undefined on input line 29.


LaTeX Warning: Citation `XIII.1' on page 221 undefined on input line 43.


LaTeX Warning: Hyper reference `XIII.5.7' on page 221 undefined on input line 4
9.


LaTeX Warning: Reference `XIII.5.7' on page 221 undefined on input line 49.

<xymatrix 2x2 137>

LaTeX Warning: Hyper reference `XIII.2.1.2' on page 221 undefined on input line
 68.


LaTeX Warning: Reference `XIII.2.1.2' on page 221 undefined on input line 68.


LaTeX Warning: Hyper reference `XIII.2.1.1' on page 221 undefined on input line
 114.


LaTeX Warning: Reference `XIII.2.1.1' on page 221 undefined on input line 114.


LaTeX Warning: Hyper reference `XIII.2.1.1' on page 221 undefined on input line
 125.


LaTeX Warning: Reference `XIII.2.1.1' on page 221 undefined on input line 125.


LaTeX Warning: Hyper reference `XIII.5.5' on page 221 undefined on input line 1
26.


LaTeX Warning: Reference `XIII.5.5' on page 221 undefined on input line 126.

[221]

LaTeX Warning: Hyper reference `XIII.2.0.3' on page 222 undefined on input line
 162.


LaTeX Warning: Reference `XIII.2.0.3' on page 222 undefined on input line 162.


LaTeX Warning: Reference `XIII.2.1' on page 222 undefined on input line 195.


LaTeX Warning: Hyper reference `XIII.2.3' on page 222 undefined on input line 2
18.


LaTeX Warning: Reference `XIII.2.3' on page 222 undefined on input line 218.


Overfull \hbox (10.6072pt too wide) in paragraph at lines 221--223
[]\T1/lmr/m/it/10.95 (-20) If $\OML/lmm/m/it/10.95 F$ \T1/lmr/m/it/10.95 (-20) 
is a con-structible sheaf of sets (re-spec-tive-ly-groups), then $\OML/lmm/m/it
/10.95 i[]F$ \T1/lmr/m/it/10.95 (-20) (respectively$\OT1/lmr/m/n/10.95 (-20) R[
]\OML/lmm/m/it/10.95 i[]F$\T1/lmr/m/it/10.95 (-20) )
<xymatrix 6x3 440>
Underfull \vbox (badness 10000) has occurred while \output is active [222]

LaTeX Warning: Reference `XIII.2.1' on page 223 undefined on input line 240.

) (drafts/SGA1_XIII_2_4_PROOF_English.texfrag

LaTeX Warning: Hyper reference `XIII.2.4' on page 223 undefined on input line 2
.


LaTeX Warning: Reference `XIII.2.4' on page 223 undefined on input line 2.


LaTeX Warning: Hyper reference `XIII.5.4' on page 223 undefined on input line 3
8.


LaTeX Warning: Reference `XIII.5.4' on page 223 undefined on input line 38.


LaTeX Warning: Reference `XIII.5.4' on page 223 undefined on input line 65.


LaTeX Warning: Hyper reference `XIII.2.2' on page 223 undefined on input line 7
1.


LaTeX Warning: Reference `XIII.2.2' on page 223 undefined on input line 71.


LaTeX Warning: Hyper reference `XIII.2.1.2' on page 223 undefined on input line
 85.


LaTeX Warning: Reference `XIII.2.1.2' on page 223 undefined on input line 85.


LaTeX Warning: Reference `XIII.2.1.3' on page 223 undefined on input line 93.


LaTeX Warning: Hyper reference `XIII.5.7' on page 223 undefined on input line 9
5.


LaTeX Warning: Reference `XIII.5.7' on page 223 undefined on input line 95.


LaTeX Warning: Hyper reference `XIII.5.5' on page 223 undefined on input line 9
5.


LaTeX Warning: Reference `XIII.5.5' on page 223 undefined on input line 95.


LaTeX Warning: Hyper reference `IX.5' on page 223 undefined on input line 102.


LaTeX Warning: Reference `IX.5' on page 223 undefined on input line 102.


LaTeX Warning: Reference `page-300' on page 223 undefined on input line 102.

[223]

LaTeX Warning: Hyper reference `XIII.5.6' on page 224 undefined on input line 1
28.


LaTeX Warning: Reference `XIII.5.6' on page 224 undefined on input line 128.


LaTeX Warning: Reference `XIII.5.7' on page 224 undefined on input line 137.


LaTeX Warning: Hyper reference `XIII.2.4' on page 224 undefined on input line 1
45.


LaTeX Warning: Reference `XIII.2.4' on page 224 undefined on input line 145.


LaTeX Warning: Hyper reference `XIII.2.3' on page 224 undefined on input line 1
46.


LaTeX Warning: Reference `XIII.2.3' on page 224 undefined on input line 146.


LaTeX Warning: Hyper reference `XIII.2.4' on page 224 undefined on input line 1
50.


LaTeX Warning: Reference `XIII.2.4' on page 224 undefined on input line 150.


LaTeX Warning: Reference `eq:XIII.2.4.1.1' on page 224 undefined on input line 
151.


LaTeX Warning: Hyper reference `XIII.2.4' on page 224 undefined on input line 1
56.


LaTeX Warning: Reference `XIII.2.4' on page 224 undefined on input line 156.


LaTeX Warning: Hyper reference `XIII.5.6.1' on page 224 undefined on input line
 183.


LaTeX Warning: Reference `XIII.5.6.1' on page 224 undefined on input line 183.


LaTeX Warning: Reference `eq:XIII.2.4.2.1' on page 224 undefined on input line 
187.


LaTeX Warning: Reference `eq:XIII.2.4.3.1' on page 224 undefined on input line 
197.


LaTeX Warning: Hyper reference `XIII.5.6' on page 224 undefined on input line 2
03.


LaTeX Warning: Reference `XIII.5.6' on page 224 undefined on input line 203.


LaTeX Warning: Citation `XIII.4' on page 224 undefined on input line 207.

[224]

LaTeX Warning: Reference `XIII.5.6.1' on page 225 undefined on input line 222.

) (drafts/SGA1_XIII_2_5_THROUGH_2_9_English.texfrag

LaTeX Warning: Reference `XIII.2.1' on page 225 undefined on input line 8.


LaTeX Warning: Hyper reference `XIII.2.2' on page 225 undefined on input line 1
3.


LaTeX Warning: Reference `XIII.2.2' on page 225 undefined on input line 13.


LaTeX Warning: Reference `XIII.0' on page 225 undefined on input line 28.


LaTeX Warning: Hyper reference `XIII.2.4.2' on page 225 undefined on input line
 42.


LaTeX Warning: Reference `XIII.2.4.2' on page 225 undefined on input line 42.


LaTeX Warning: Reference `XIII.5.7' on page 225 undefined on input line 46.


LaTeX Warning: Hyper reference `XIII.2.4.1' on page 225 undefined on input line
 54.


LaTeX Warning: Reference `XIII.2.4.1' on page 225 undefined on input line 54.


LaTeX Warning: Reference `XIII.2.2' on page 225 undefined on input line 76.


LaTeX Warning: Hyper reference `XIII.2.4' on page 225 undefined on input line 7
8.


LaTeX Warning: Reference `XIII.2.4' on page 225 undefined on input line 78.

[225]

LaTeX Warning: Hyper reference `XIII.2.4' on page 226 undefined on input line 1
00.


LaTeX Warning: Reference `XIII.2.4' on page 226 undefined on input line 100.


LaTeX Warning: Reference `eq:XIII.2.5.*' on page 226 undefined on input line 10
1.


LaTeX Warning: Hyper reference `eq:XIII.2.4.1.1' on page 226 undefined on input
 line 109.


LaTeX Warning: Reference `eq:XIII.2.4.1.1' on page 226 undefined on input line 
109.


LaTeX Warning: Hyper reference `XIII.6.3' on page 226 undefined on input line 1
12.


LaTeX Warning: Reference `XIII.6.3' on page 226 undefined on input line 112.


LaTeX Warning: Hyper reference `XIII.2.4' on page 226 undefined on input line 1
20.


LaTeX Warning: Reference `XIII.2.4' on page 226 undefined on input line 120.


LaTeX Warning: Hyper reference `XIII.2.4' on page 226 undefined on input line 1
31.


LaTeX Warning: Reference `XIII.2.4' on page 226 undefined on input line 131.


LaTeX Warning: Hyper reference `XIII.2.5' on page 226 undefined on input line 1
31.


LaTeX Warning: Reference `XIII.2.5' on page 226 undefined on input line 131.


LaTeX Warning: Hyper reference `XIII.2.4' on page 226 undefined on input line 1
35.


LaTeX Warning: Reference `XIII.2.4' on page 226 undefined on input line 135.


LaTeX Warning: Hyper reference `XIII.2.4' on page 226 undefined on input line 1
39.


LaTeX Warning: Reference `XIII.2.4' on page 226 undefined on input line 139.


LaTeX Warning: Hyper reference `XIII.2.4' on page 226 undefined on input line 1
41.


LaTeX Warning: Reference `XIII.2.4' on page 226 undefined on input line 141.


LaTeX Warning: Hyper reference `XIII.2.4' on page 226 undefined on input line 1
69.


LaTeX Warning: Reference `XIII.2.4' on page 226 undefined on input line 169.


LaTeX Warning: Hyper reference `XIII.2.5' on page 226 undefined on input line 1
70.


LaTeX Warning: Reference `XIII.2.5' on page 226 undefined on input line 170.


LaTeX Warning: Hyper reference `XIII.1.8' on page 226 undefined on input line 1
71.


LaTeX Warning: Reference `XIII.1.8' on page 226 undefined on input line 171.


LaTeX Warning: Hyper reference `XIII.2.4' on page 226 undefined on input line 1
72.


LaTeX Warning: Reference `XIII.2.4' on page 226 undefined on input line 172.


LaTeX Warning: Hyper reference `XIII.2.4' on page 226 undefined on input line 1
73.


LaTeX Warning: Reference `XIII.2.4' on page 226 undefined on input line 173.


LaTeX Warning: Hyper reference `XIII.2.4' on page 226 undefined on input line 1
73.


LaTeX Warning: Reference `XIII.2.4' on page 226 undefined on input line 173.


LaTeX Warning: Hyper reference `XIII.2.4' on page 226 undefined on input line 1
78.


LaTeX Warning: Reference `XIII.2.4' on page 226 undefined on input line 178.


LaTeX Warning: Hyper reference `XIII.2.4' on page 226 undefined on input line 1
78.


LaTeX Warning: Reference `XIII.2.4' on page 226 undefined on input line 178.


LaTeX Warning: Hyper reference `XIII.2.4' on page 226 undefined on input line 1
88.


LaTeX Warning: Reference `XIII.2.4' on page 226 undefined on input line 188.


LaTeX Warning: Hyper reference `XIII.6.3' on page 226 undefined on input line 1
90.


LaTeX Warning: Reference `XIII.6.3' on page 226 undefined on input line 190.


LaTeX Warning: Hyper reference `XIII.6.2' on page 226 undefined on input line 2
01.


LaTeX Warning: Reference `XIII.6.2' on page 226 undefined on input line 201.

[226] <xymatrix 2x2 137>

LaTeX Warning: Hyper reference `XIII.2.6' on page 227 undefined on input line 2
34.


LaTeX Warning: Reference `XIII.2.6' on page 227 undefined on input line 234.


LaTeX Warning: Hyper reference `XIII.1.14' on page 227 undefined on input line 
235.


LaTeX Warning: Reference `XIII.1.14' on page 227 undefined on input line 235.


LaTeX Warning: Hyper reference `XIII.1.14' on page 227 undefined on input line 
235.


LaTeX Warning: Reference `XIII.1.14' on page 227 undefined on input line 235.

<xymatrix 2x2 137>

LaTeX Warning: Hyper reference `XIII.2.8' on page 227 undefined on input line 2
57.


LaTeX Warning: Reference `XIII.2.8' on page 227 undefined on input line 257.


LaTeX Warning: Hyper reference `XIII.2.3' on page 227 undefined on input line 2
58.


LaTeX Warning: Reference `XIII.2.3' on page 227 undefined on input line 258.

) (drafts/SGA1_XIII_2_3_English.texfrag

LaTeX Warning: Hyper reference `X.2' on page 227 undefined on input line 15.


LaTeX Warning: Reference `X.2' on page 227 undefined on input line 15.


LaTeX Warning: Hyper reference `XIII.2.8' on page 227 undefined on input line 2
2.


LaTeX Warning: Reference `XIII.2.8' on page 227 undefined on input line 22.

<xymatrix 3x2 285> [227]

LaTeX Warning: Hyper reference `V.7' on page 228 undefined on input line 48.


LaTeX Warning: Reference `V.7' on page 228 undefined on input line 48.


LaTeX Warning: Hyper reference `eq:XIII.2.1.5.2' on page 228 undefined on input
 line 48.


LaTeX Warning: Reference `eq:XIII.2.1.5.2' on page 228 undefined on input line 
48.


LaTeX Warning: Hyper reference `XIII.2.8' on page 228 undefined on input line 4
9.


LaTeX Warning: Reference `XIII.2.8' on page 228 undefined on input line 49.


LaTeX Warning: Hyper reference `XIII.1.10' on page 228 undefined on input line 
111.


LaTeX Warning: Reference `XIII.1.10' on page 228 undefined on input line 111.

<xymatrix 2x2 168>

LaTeX Warning: Hyper reference `XIII.5.6' on page 228 undefined on input line 1
29.


LaTeX Warning: Reference `XIII.5.6' on page 228 undefined on input line 129.


LaTeX Warning: Reference `XIII.2.1.3' on page 228 undefined on input line 137.

[228]

LaTeX Warning: Reference `eq:XIII.2.12.*' on page 229 undefined on input line 1
49.


LaTeX Warning: Reference `eq:XIII.2.12.*' on page 229 undefined on input line 1
60.


LaTeX Warning: Hyper reference `XIII.2.9' on page 229 undefined on input line 1
76.


LaTeX Warning: Reference `XIII.2.9' on page 229 undefined on input line 176.


LaTeX Warning: Hyper reference `XII.5.2' on page 229 undefined on input line 18
9.


LaTeX Warning: Reference `XII.5.2' on page 229 undefined on input line 189.


LaTeX Warning: Citation `XIII.3' on page 229 undefined on input line 194.


LaTeX Warning: Reference `eq:XIII.2.12.*' on page 229 undefined on input line 2
03.


LaTeX Warning: Hyper reference `III.7.4' on page 229 undefined on input line 20
9.


LaTeX Warning: Reference `III.7.4' on page 229 undefined on input line 209.


LaTeX Warning: Hyper reference `XIII.2.8' on page 229 undefined on input line 2
16.


LaTeX Warning: Reference `XIII.2.8' on page 229 undefined on input line 216.


LaTeX Warning: Reference `XIII.1.10' on page 229 undefined on input line 223.


LaTeX Warning: Hyper reference `XIII.1.11' on page 229 undefined on input line 
234.


LaTeX Warning: Reference `XIII.1.11' on page 229 undefined on input line 234.

[229]

LaTeX Warning: Hyper reference `XIII.2.12' on page 230 undefined on input line 
298.


LaTeX Warning: Reference `XIII.2.12' on page 230 undefined on input line 298.


LaTeX Warning: Hyper reference `XI.6.9' on page 230 undefined on input line 298
.


LaTeX Warning: Reference `XI.6.9' on page 230 undefined on input line 298.


LaTeX Warning: Hyper reference `XIII.2.12' on page 230 undefined on input line 
298.


LaTeX Warning: Reference `XIII.2.12' on page 230 undefined on input line 298.

) (drafts/SGA1_XIII_3_OPENING_AND_CASE1_English.texfrag [230]

LaTeX Warning: Reference `XIII.0' on page 231 undefined on input line 42.


LaTeX Warning: Hyper reference `XIII.1.9' on page 231 undefined on input line 8
1.


LaTeX Warning: Reference `XIII.1.9' on page 231 undefined on input line 81.


LaTeX Warning: Hyper reference `XIII.1.11' on page 231 undefined on input line 
93.


LaTeX Warning: Reference `XIII.1.11' on page 231 undefined on input line 93.

<xymatrix 3x1 118>

LaTeX Warning: Hyper reference `XIII.1.13' on page 231 undefined on input line 
108.


LaTeX Warning: Reference `XIII.1.13' on page 231 undefined on input line 108.

[231]

LaTeX Warning: Hyper reference `XIII.1.6' on page 232 undefined on input line 1
31.


LaTeX Warning: Reference `XIII.1.6' on page 232 undefined on input line 131.

<xymatrix 2x2 137> <xymatrix 2x2 137>

LaTeX Warning: Reference `XIII.1.8' on page 232 undefined on input line 162.

) (drafts/SGA1_XIII_3_CASE2_AND_CASE3_A_English.texfrag

LaTeX Warning: Reference `XIII.1.9' on page 232 undefined on input line 19.


LaTeX Warning: Hyper reference `XIII.1.13' on page 232 undefined on input line 
26.


LaTeX Warning: Reference `XIII.1.13' on page 232 undefined on input line 26.

[232] <xymatrix 3x1 118>

LaTeX Warning: Hyper reference `XIII.1.11' on page 233 undefined on input line 
59.


LaTeX Warning: Reference `XIII.1.11' on page 233 undefined on input line 59.


LaTeX Warning: Hyper reference `XIII.3.1.1' on page 233 undefined on input line
 62.


LaTeX Warning: Reference `XIII.3.1.1' on page 233 undefined on input line 62.


LaTeX Warning: Hyper reference `XIII.1.6' on page 233 undefined on input line 6
2.


LaTeX Warning: Reference `XIII.1.6' on page 233 undefined on input line 62.


LaTeX Warning: Hyper reference `XIII.1.12' on page 233 undefined on input line 
69.


LaTeX Warning: Reference `XIII.1.12' on page 233 undefined on input line 69.

<xymatrix 2x2 137>

LaTeX Warning: Hyper reference `XIII.2.3' on page 233 undefined on input line 8
6.


LaTeX Warning: Reference `XIII.2.3' on page 233 undefined on input line 86.


LaTeX Warning: Hyper reference `XIII.2.7' on page 233 undefined on input line 8
6.


LaTeX Warning: Reference `XIII.2.7' on page 233 undefined on input line 86.


Underfull \vbox (badness 10000) has occurred while \output is active [233]

LaTeX Warning: Hyper reference `XIII.1.11' on page 234 undefined on input line 
106.


LaTeX Warning: Reference `XIII.1.11' on page 234 undefined on input line 106.

<xymatrix 4x1 226>

LaTeX Warning: Hyper reference `XIII.1.12' on page 234 undefined on input line 
117.


LaTeX Warning: Reference `XIII.1.12' on page 234 undefined on input line 117.


LaTeX Warning: Hyper reference `XIII.1.6' on page 234 undefined on input line 1
21.


LaTeX Warning: Reference `XIII.1.6' on page 234 undefined on input line 121.


LaTeX Warning: Hyper reference `XIII.1.6' on page 234 undefined on input line 1
25.


LaTeX Warning: Reference `XIII.1.6' on page 234 undefined on input line 125.


LaTeX Warning: Hyper reference `XIII.3.1' on page 234 undefined on input line 1
31.


LaTeX Warning: Reference `XIII.3.1' on page 234 undefined on input line 131.


LaTeX Warning: Hyper reference `XIII.3.1.1' on page 234 undefined on input line
 132.


LaTeX Warning: Reference `XIII.3.1.1' on page 234 undefined on input line 132.

<xymatrix 2x2 137>

LaTeX Warning: Hyper reference `XIII.2.3' on page 234 undefined on input line 1
62.


LaTeX Warning: Reference `XIII.2.3' on page 234 undefined on input line 162.


LaTeX Warning: Hyper reference `XIII.2.7' on page 234 undefined on input line 1
65.


LaTeX Warning: Reference `XIII.2.7' on page 234 undefined on input line 165.

[234]

LaTeX Warning: Hyper reference `XIII.1.9' on page 235 undefined on input line 2
01.


LaTeX Warning: Reference `XIII.1.9' on page 235 undefined on input line 201.


LaTeX Warning: Hyper reference `XIII.3.1.2' on page 235 undefined on input line
 221.


LaTeX Warning: Reference `XIII.3.1.2' on page 235 undefined on input line 221.


LaTeX Warning: Hyper reference `XIII.1.13' on page 235 undefined on input line 
227.


LaTeX Warning: Reference `XIII.1.13' on page 235 undefined on input line 227.


LaTeX Warning: Hyper reference `XIII.6.1.1' on page 235 undefined on input line
 237.


LaTeX Warning: Reference `XIII.6.1.1' on page 235 undefined on input line 237.

) (drafts/SGA1_XIII_3_CASE3_B_THROUGH_3_1_3_English.texfrag [235]

LaTeX Warning: Reference `eq:XIII.4.*' on page 236 undefined on input line 49.

<xymatrix 4x1 136>

LaTeX Warning: Reference `XIII.1.10.1' on page 236 undefined on input line 83.


LaTeX Warning: Hyper reference `XIII.0' on page 236 undefined on input line 94.



LaTeX Warning: Reference `XIII.0' on page 236 undefined on input line 94.

[236] <xymatrix 2x2 184>

LaTeX Warning: Hyper reference `XIII.6.1.2' on page 237 undefined on input line
 184.


LaTeX Warning: Reference `XIII.6.1.2' on page 237 undefined on input line 184.


LaTeX Warning: Hyper reference `XIII.3.1.1' on page 237 undefined on input line
 209.


LaTeX Warning: Reference `XIII.3.1.1' on page 237 undefined on input line 209.


LaTeX Warning: Hyper reference `XIII.3.1' on page 237 undefined on input line 2
24.


LaTeX Warning: Reference `XIII.3.1' on page 237 undefined on input line 224.

[237]

LaTeX Warning: Hyper reference `XIII.3.1' on page 238 undefined on input line 2
42.


LaTeX Warning: Reference `XIII.3.1' on page 238 undefined on input line 242.


LaTeX Warning: Hyper reference `XIII.2.7' on page 238 undefined on input line 2
42.


LaTeX Warning: Reference `XIII.2.7' on page 238 undefined on input line 242.

) (drafts/SGA1_XIII_3_COROLLARIES_English.texfrag

LaTeX Warning: Hyper reference `XIII.3.1' on page 238 undefined on input line 4
1.


LaTeX Warning: Reference `XIII.3.1' on page 238 undefined on input line 41.


LaTeX Warning: Hyper reference `XIII.3.1' on page 238 undefined on input line 4
2.


LaTeX Warning: Reference `XIII.3.1' on page 238 undefined on input line 42.


LaTeX Warning: Hyper reference `XIII.3.2' on page 238 undefined on input line 4
3.


LaTeX Warning: Reference `XIII.3.2' on page 238 undefined on input line 43.

<xymatrix 2x2 181>

LaTeX Warning: Reference `eq:XIII.3.*' on page 238 undefined on input line 81.

[238] <xymatrix 2x3 299> <xymatrix 5x3 1184>

LaTeX Warning: Hyper reference `XIII.1.11' on page 239 undefined on input line 
157.


LaTeX Warning: Reference `XIII.1.11' on page 239 undefined on input line 157.

<xymatrix 4x2 614>

LaTeX Warning: Citation `XIII.2' on page 239 undefined on input line 180.

[239]

LaTeX Warning: Hyper reference `XIII.3.3' on page 240 undefined on input line 2
04.


LaTeX Warning: Reference `XIII.3.3' on page 240 undefined on input line 204.


LaTeX Warning: Reference `XIII.2.10' on page 240 undefined on input line 224.


LaTeX Warning: Hyper reference `XIII.3.1' on page 240 undefined on input line 2
31.


LaTeX Warning: Reference `XIII.3.1' on page 240 undefined on input line 231.


LaTeX Warning: Hyper reference `XIII.3.3' on page 240 undefined on input line 2
31.


LaTeX Warning: Reference `XIII.3.3' on page 240 undefined on input line 231.


LaTeX Warning: Hyper reference `XIII.1.14' on page 240 undefined on input line 
236.


LaTeX Warning: Reference `XIII.1.14' on page 240 undefined on input line 236.

) (drafts/SGA1_XIII_4_OPENING_AND_0_English.texfrag [240]

LaTeX Warning: Hyper reference `X.1.4' on page 241 undefined on input line 55.


LaTeX Warning: Reference `X.1.4' on page 241 undefined on input line 55.


LaTeX Warning: Hyper reference `V.6.9' on page 241 undefined on input line 60.


LaTeX Warning: Reference `V.6.9' on page 241 undefined on input line 60.


LaTeX Warning: Reference `XIII.4.0' on page 241 undefined on input line 72.


LaTeX Warning: Reference `eq:XIII.4.1.1' on page 241 undefined on input line 82
.


LaTeX Warning: Hyper reference `XIII.1.16' on page 241 undefined on input line 
100.


LaTeX Warning: Reference `XIII.1.16' on page 241 undefined on input line 100.


LaTeX Warning: Hyper reference `XIII.4.1' on page 241 undefined on input line 1
08.


LaTeX Warning: Reference `XIII.4.1' on page 241 undefined on input line 108.


LaTeX Warning: Hyper reference `XIII.4.6' on page 241 undefined on input line 1
09.


LaTeX Warning: Reference `XIII.4.6' on page 241 undefined on input line 109.


LaTeX Warning: Hyper reference `XIII.4.1' on page 241 undefined on input line 1
33.


LaTeX Warning: Reference `XIII.4.1' on page 241 undefined on input line 133.


LaTeX Warning: Hyper reference `XIII.1.13' on page 241 undefined on input line 
134.


LaTeX Warning: Reference `XIII.1.13' on page 241 undefined on input line 134.

[241]

LaTeX Warning: Reference `XIII.0' on page 242 undefined on input line 153.


LaTeX Warning: Hyper reference `XIII.4.2' on page 242 undefined on input line 1
65.


LaTeX Warning: Reference `XIII.4.2' on page 242 undefined on input line 165.


LaTeX Warning: Hyper reference `V.6.8' on page 242 undefined on input line 173.



LaTeX Warning: Reference `V.6.8' on page 242 undefined on input line 173.


LaTeX Warning: Hyper reference `XIII.1.5' on page 242 undefined on input line 1
75.


LaTeX Warning: Reference `XIII.1.5' on page 242 undefined on input line 175.


LaTeX Warning: Hyper reference `XIII.1.16' on page 242 undefined on input line 
180.


LaTeX Warning: Reference `XIII.1.16' on page 242 undefined on input line 180.


LaTeX Warning: Hyper reference `XIII.4.3.1' on page 242 undefined on input line
 187.


LaTeX Warning: Reference `XIII.4.3.1' on page 242 undefined on input line 187.

[242]

LaTeX Warning: Hyper reference `XIII.1.16' on page 243 undefined on input line 
254.


LaTeX Warning: Reference `XIII.1.16' on page 243 undefined on input line 254.


LaTeX Warning: Hyper reference `XIII.4.1' on page 243 undefined on input line 2
61.


LaTeX Warning: Reference `XIII.4.1' on page 243 undefined on input line 261.


LaTeX Warning: Hyper reference `X.1.3' on page 243 undefined on input line 264.



LaTeX Warning: Reference `X.1.3' on page 243 undefined on input line 264.


LaTeX Warning: Hyper reference `XIII.4.3' on page 243 undefined on input line 2
64.


LaTeX Warning: Reference `XIII.4.3' on page 243 undefined on input line 264.


LaTeX Warning: Hyper reference `XIII.4.1' on page 243 undefined on input line 2
69.


LaTeX Warning: Reference `XIII.4.1' on page 243 undefined on input line 269.


LaTeX Warning: Reference `XIII.2.9' on page 243 undefined on input line 278.


LaTeX Warning: Hyper reference `XIII.4.3' on page 243 undefined on input line 2
78.


LaTeX Warning: Reference `XIII.4.3' on page 243 undefined on input line 278.

) (drafts/SGA1_XIII_4_1_English.texfrag

LaTeX Warning: Hyper reference `XIII.4.3' on page 243 undefined on input line 3
.


LaTeX Warning: Reference `XIII.4.3' on page 243 undefined on input line 3.


LaTeX Warning: Hyper reference `XIII.4.5.1' on page 243 undefined on input line
 73.


LaTeX Warning: Reference `XIII.4.5.1' on page 243 undefined on input line 73.


LaTeX Warning: Hyper reference `XIII.4.5.3' on page 243 undefined on input line
 83.


LaTeX Warning: Reference `XIII.4.5.3' on page 243 undefined on input line 83.


LaTeX Warning: Reference `eq:XIII.4.3.1' on page 243 undefined on input line 85
.


LaTeX Warning: Hyper reference `XIII.4.5.2' on page 243 undefined on input line
 85.


LaTeX Warning: Reference `XIII.4.5.2' on page 243 undefined on input line 85.


LaTeX Warning: Hyper reference `XIII.4.5.1' on page 243 undefined on input line
 86.


LaTeX Warning: Reference `XIII.4.5.1' on page 243 undefined on input line 86.


LaTeX Warning: Hyper reference `XIII.4.5.3' on page 243 undefined on input line
 86.


LaTeX Warning: Reference `XIII.4.5.3' on page 243 undefined on input line 86.

[243]

LaTeX Warning: Hyper reference `XIII.3.5' on page 244 undefined on input line 1
27.


LaTeX Warning: Reference `XIII.3.5' on page 244 undefined on input line 127.


LaTeX Warning: Hyper reference `XIII.3.2' on page 244 undefined on input line 1
29.


LaTeX Warning: Reference `XIII.3.2' on page 244 undefined on input line 129.


LaTeX Warning: Hyper reference `XIII.1.5' on page 244 undefined on input line 1
32.


LaTeX Warning: Reference `XIII.1.5' on page 244 undefined on input line 132.


LaTeX Warning: Hyper reference `XIII.4.2' on page 244 undefined on input line 1
34.


LaTeX Warning: Reference `XIII.4.2' on page 244 undefined on input line 134.


LaTeX Warning: Reference `eq:XIII.4.6.0' on page 244 undefined on input line 14
7.


LaTeX Warning: Reference `eq:XIII.4.6.0' on page 244 undefined on input line 15
3.

) (drafts/SGA1_XIII_4_2_English.texfrag <xymatrix 3x2 284> [244]

LaTeX Warning: Hyper reference `XIII.4.1' on page 245 undefined on input line 3
1.


LaTeX Warning: Reference `XIII.4.1' on page 245 undefined on input line 31.


LaTeX Warning: Hyper reference `XIII.4.3' on page 245 undefined on input line 3
1.


LaTeX Warning: Reference `XIII.4.3' on page 245 undefined on input line 31.

<xymatrix 5x2 382>

LaTeX Warning: Hyper reference `V.6.9' on page 245 undefined on input line 63.


LaTeX Warning: Reference `V.6.9' on page 245 undefined on input line 63.


LaTeX Warning: Reference `eq:XIII.4.7.0' on page 245 undefined on input line 68
.


LaTeX Warning: Reference `eq:XIII.4.7.1' on page 245 undefined on input line 75
.


LaTeX Warning: Hyper reference `XIII.4.7' on page 245 undefined on input line 9
8.


LaTeX Warning: Reference `XIII.4.7' on page 245 undefined on input line 98.


LaTeX Warning: Reference `eq:XIII.4.7.3' on page 245 undefined on input line 11
3.


LaTeX Warning: Reference `eq:XIII.4.7.2' on page 245 undefined on input line 11
8.

[245]

LaTeX Warning: Hyper reference `XIII.4.7.4' on page 246 undefined on input line
 184.


LaTeX Warning: Reference `XIII.4.7.4' on page 246 undefined on input line 184.


LaTeX Warning: Reference `eq:XIII.4.8.*' on page 246 undefined on input line 19
6.


LaTeX Warning: Hyper reference `XIII.4.7.4' on page 246 undefined on input line
 197.


LaTeX Warning: Reference `XIII.4.7.4' on page 246 undefined on input line 197.


LaTeX Warning: Hyper reference `XIII.4.7' on page 246 undefined on input line 2
17.


LaTeX Warning: Reference `XIII.4.7' on page 246 undefined on input line 217.


LaTeX Warning: Hyper reference `XIII.1.4' on page 246 undefined on input line 2
29.


LaTeX Warning: Reference `XIII.1.4' on page 246 undefined on input line 229.


LaTeX Warning: Hyper reference `XIII.4.5' on page 246 undefined on input line 2
33.


LaTeX Warning: Reference `XIII.4.5' on page 246 undefined on input line 233.


LaTeX Warning: Hyper reference `XIII.4.7' on page 246 undefined on input line 2
40.


LaTeX Warning: Reference `XIII.4.7' on page 246 undefined on input line 240.

[246]) (drafts/SGA1_XIII_APPENDIX_I_A_English.texfrag

LaTeX Warning: Hyper reference `XIII.2.3' on page 247 undefined on input line 2
6.


LaTeX Warning: Reference `XIII.2.3' on page 247 undefined on input line 26.


LaTeX Warning: Hyper reference `I.7.4' on page 247 undefined on input line 40.


LaTeX Warning: Reference `I.7.4' on page 247 undefined on input line 40.


LaTeX Warning: Hyper reference `XIII.5.1' on page 247 undefined on input line 5
8.


LaTeX Warning: Reference `XIII.5.1' on page 247 undefined on input line 58.


LaTeX Warning: Reference `XIII.5.1' on page 247 undefined on input line 78.


LaTeX Warning: Reference `I.10.2' on page 247 undefined on input line 84.


LaTeX Warning: Hyper reference `X.3.6' on page 247 undefined on input line 95.


LaTeX Warning: Reference `X.3.6' on page 247 undefined on input line 95.

[247]

LaTeX Warning: Hyper reference `XIII.5.2' on page 248 undefined on input line 1
35.


LaTeX Warning: Reference `XIII.5.2' on page 248 undefined on input line 135.


LaTeX Warning: Reference `XIII.2.1' on page 248 undefined on input line 184.


LaTeX Warning: Reference `XIII.2.1.1' on page 248 undefined on input line 206.

[248]

LaTeX Warning: Reference `XIII.5.1' on page 249 undefined on input line 210.


LaTeX Warning: Reference `I.7.4' on page 249 undefined on input line 214.


LaTeX Warning: Reference `XIII.5.1' on page 249 undefined on input line 216.

) (drafts/SGA1_XIII_APPENDIX_I_B_English.texfrag

LaTeX Warning: Reference `XIII.5.4' on page 249 undefined on input line 5.


LaTeX Warning: Hyper reference `X.3.6' on page 249 undefined on input line 67.


LaTeX Warning: Reference `X.3.6' on page 249 undefined on input line 67.


LaTeX Warning: Hyper reference `XIII.5.2' on page 249 undefined on input line 8
2.


LaTeX Warning: Reference `XIII.5.2' on page 249 undefined on input line 82.


LaTeX Warning: Hyper reference `XIII.5.4' on page 249 undefined on input line 9
2.


LaTeX Warning: Reference `XIII.5.4' on page 249 undefined on input line 92.

[249]

LaTeX Warning: Hyper reference `XIII.5.4' on page 250 undefined on input line 1
17.


LaTeX Warning: Reference `XIII.5.4' on page 250 undefined on input line 117.


LaTeX Warning: Hyper reference `XIII.5.6' on page 250 undefined on input line 1
47.


LaTeX Warning: Reference `XIII.5.6' on page 250 undefined on input line 147.

<xymatrix 3x2 299> <xymatrix 2x2 168> [250]

LaTeX Warning: Hyper reference `XIII.2.1.4' on page 251 undefined on input line
 208.


LaTeX Warning: Reference `XIII.2.1.4' on page 251 undefined on input line 208.


LaTeX Warning: Hyper reference `XIII.5.6' on page 251 undefined on input line 2
12.


LaTeX Warning: Reference `XIII.5.6' on page 251 undefined on input line 212.


LaTeX Warning: Reference `eq:XIII.5.7.*' on page 251 undefined on input line 21
4.

<xymatrix 3x2 199>

LaTeX Warning: Reference `eq:XIII.5.7.**' on page 251 undefined on input line 2
31.

) (drafts/SGA1_XIII_APPENDIX_II_AND_BIBLIOGRAPHY_English.texfrag

LaTeX Warning: Reference `XIII.0' on page 251 undefined on input line 18.


LaTeX Warning: Citation `XIII.1' on page 251 undefined on input line 30.

[251]

LaTeX Warning: Hyper reference `XIII.6.1.2' on page 252 undefined on input line
 98.


LaTeX Warning: Reference `XIII.6.1.2' on page 252 undefined on input line 98.


LaTeX Warning: Hyper reference `XIII.6.1.2' on page 252 undefined on input line
 102.


LaTeX Warning: Reference `XIII.6.1.2' on page 252 undefined on input line 102.

<xymatrix 3x2 325>

LaTeX Warning: Hyper reference `XIII.6.1' on page 252 undefined on input line 1
60.


LaTeX Warning: Reference `XIII.6.1' on page 252 undefined on input line 160.


LaTeX Warning: Hyper reference `XIII.2.4' on page 252 undefined on input line 1
61.


LaTeX Warning: Reference `XIII.2.4' on page 252 undefined on input line 161.

[252]

LaTeX Warning: Reference `XIII.2.1' on page 253 undefined on input line 167.

[253]
Bibliography
[254]
No file SGA1_English_source_sync_workpass.ind.
Index of Notation

LaTeX Warning: Reference `indnot:ab' on page 255 undefined on input line 213.


LaTeX Warning: Reference `indnot:ac' on page 255 undefined on input line 214.


LaTeX Warning: Reference `indnot:ad' on page 255 undefined on input line 215.


LaTeX Warning: Reference `indnot:ad1' on page 255 undefined on input line 215.


LaTeX Warning: Reference `indnot:ae' on page 255 undefined on input line 216.


LaTeX Warning: Reference `indnot:af' on page 255 undefined on input line 217.


LaTeX Warning: Reference `indnot:bb' on page 255 undefined on input line 218.


LaTeX Warning: Reference `indnot:cb' on page 255 undefined on input line 219.


LaTeX Warning: Reference `indnot:eb' on page 255 undefined on input line 220.


LaTeX Warning: Reference `indnot:ec' on page 255 undefined on input line 221.


LaTeX Warning: Reference `indnot:ed' on page 255 undefined on input line 222.


LaTeX Warning: Reference `indnot:ef' on page 255 undefined on input line 223.


LaTeX Warning: Reference `indnot:eg' on page 255 undefined on input line 224.


LaTeX Warning: Reference `indnot:eh' on page 255 undefined on input line 225.


LaTeX Warning: Reference `indnot:ei' on page 255 undefined on input line 226.


LaTeX Warning: Reference `indnot:ej' on page 255 undefined on input line 227.


LaTeX Warning: Reference `indnot:fb' on page 255 undefined on input line 228.


LaTeX Warning: Reference `indnot:fc' on page 255 undefined on input line 229.


LaTeX Warning: Reference `indnot:fd' on page 255 undefined on input line 230.


LaTeX Warning: Reference `indnot:fe' on page 255 undefined on input line 231.


LaTeX Warning: Reference `indnot:ff' on page 255 undefined on input line 232.


LaTeX Warning: Reference `indnot:fg' on page 255 undefined on input line 233.


LaTeX Warning: Reference `indnot:fh' on page 255 undefined on input line 234.


LaTeX Warning: Reference `indnot:fi' on page 255 undefined on input line 235.


LaTeX Warning: Reference `indnot:fj' on page 255 undefined on input line 236.


LaTeX Warning: Reference `indnot:fk' on page 255 undefined on input line 237.


LaTeX Warning: Reference `indnot:fl' on page 255 undefined on input line 238.


LaTeX Warning: Reference `indnot:fm' on page 255 undefined on input line 239.


LaTeX Warning: Reference `indnot:fn' on page 255 undefined on input line 240.


LaTeX Warning: Reference `indnot:fo' on page 255 undefined on input line 241.


LaTeX Warning: Reference `indnot:fp' on page 255 undefined on input line 242.


LaTeX Warning: Reference `indnot:fq' on page 255 undefined on input line 243.


LaTeX Warning: Reference `indnot:fr' on page 255 undefined on input line 244.


LaTeX Warning: Reference `indnot:fs' on page 255 undefined on input line 245.


LaTeX Warning: Reference `indnot:ft' on page 255 undefined on input line 246.


LaTeX Warning: Reference `indnot:hb' on page 255 undefined on input line 247.


LaTeX Warning: Reference `indnot:kb' on page 255 undefined on input line 248.


LaTeX Warning: Reference `indnot:lb' on page 255 undefined on input line 249.


LaTeX Warning: Reference `indnot:lc' on page 255 undefined on input line 250.


LaTeX Warning: Reference `indnot:mb' on page 255 undefined on input line 251.


LaTeX Warning: Reference `indnot:mc' on page 255 undefined on input line 252.


LaTeX Warning: Reference `indnot:md' on page 255 undefined on input line 253.


LaTeX Warning: Reference `indnot:me' on page 255 undefined on input line 254.


LaTeX Warning: Reference `indnot:mf' on page 255 undefined on input line 255.


LaTeX Warning: Reference `indnot:mg' on page 255 undefined on input line 256.


LaTeX Warning: Reference `indnot:mh' on page 255 undefined on input line 257.


LaTeX Warning: Reference `indnot:mi' on page 255 undefined on input line 258.


LaTeX Warning: Reference `indnot:mj' on page 255 undefined on input line 259.


LaTeX Warning: Reference `indnot:mk' on page 255 undefined on input line 260.


LaTeX Warning: Reference `indnot:ml' on page 255 undefined on input line 261.


LaTeX Warning: Reference `indnot:mm' on page 255 undefined on input line 262.

[255]) (SGA1_English_source_sync_workpass.aux)

LaTeX Warning: There were undefined references.


LaTeX Warning: Label(s) may have changed. Rerun to get cross-references right.

 )
(see the transcript file for additional information)<<LOCAL_HOME>/AppData/Lo
cal/Programs/MiKTeX/fonts/type1/public/amsfonts/euler/eufm10.pfb><C:/Users/Flor
is/AppData/Local/Programs/MiKTeX/fonts/type1/public/amsfonts/euler/eusm10.pfb><
<LOCAL_HOME>/AppData/Local/Programs/MiKTeX/fonts/type1/public/amsfonts/euler
/eusm7.pfb><<LOCAL_HOME>/AppData/Local/Programs/MiKTeX/fonts/type1/public/lm
/lmbx10.pfb><<LOCAL_HOME>/AppData/Local/Programs/MiKTeX/fonts/type1/public/l
m/lmbx12.pfb><<LOCAL_HOME>/AppData/Local/Programs/MiKTeX/fonts/type1/public/
lm/lmbx8.pfb><<LOCAL_HOME>/AppData/Local/Programs/MiKTeX/fonts/type1/public/
lm/lmbx9.pfb><<LOCAL_HOME>/AppData/Local/Programs/MiKTeX/fonts/type1/public/
lm/lmbxi10.pfb><<LOCAL_HOME>/AppData/Local/Programs/MiKTeX/fonts/type1/publi
c/lm/lmcsc10.pfb><<LOCAL_HOME>/AppData/Local/Programs/MiKTeX/fonts/type1/pub
lic/lm/lmex10.pfb><<LOCAL_HOME>/AppData/Local/Programs/MiKTeX/fonts/type1/pu
blic/lm/lmmi10.pfb><<LOCAL_HOME>/AppData/Local/Programs/MiKTeX/fonts/type1/p
ublic/lm/lmmi6.pfb><<LOCAL_HOME>/AppData/Local/Programs/MiKTeX/fonts/type1/p
ublic/lm/lmmi8.pfb><<LOCAL_HOME>/AppData/Local/Programs/MiKTeX/fonts/type1/p
ublic/lm/lmmi9.pfb><<LOCAL_HOME>/AppData/Local/Programs/MiKTeX/fonts/type1/p
ublic/lm/lmmib10.pfb><<LOCAL_HOME>/AppData/Local/Programs/MiKTeX/fonts/type1
/public/lm/lmr10.pfb><<LOCAL_HOME>/AppData/Local/Programs/MiKTeX/fonts/type1
/public/lm/lmr12.pfb><<LOCAL_HOME>/AppData/Local/Programs/MiKTeX/fonts/type1
/public/lm/lmr17.pfb><<LOCAL_HOME>/AppData/Local/Programs/MiKTeX/fonts/type1
/public/lm/lmr6.pfb><<LOCAL_HOME>/AppData/Local/Programs/MiKTeX/fonts/type1/
public/lm/lmr8.pfb><<LOCAL_HOME>/AppData/Local/Programs/MiKTeX/fonts/type1/p
ublic/lm/lmr9.pfb><<LOCAL_HOME>/AppData/Local/Programs/MiKTeX/fonts/type1/pu
blic/lm/lmri10.pfb><<LOCAL_HOME>/AppData/Local/Programs/MiKTeX/fonts/type1/p
ublic/lm/lmri8.pfb><<LOCAL_HOME>/AppData/Local/Programs/MiKTeX/fonts/type1/p
ublic/lm/lmri9.pfb><<LOCAL_HOME>/AppData/Local/Programs/MiKTeX/fonts/type1/p
ublic/lm/lmsy10.pfb><<LOCAL_HOME>/AppData/Local/Programs/MiKTeX/fonts/type1/
public/lm/lmsy5.pfb><<LOCAL_HOME>/AppData/Local/Programs/MiKTeX/fonts/type1/
public/lm/lmsy6.pfb><<LOCAL_HOME>/AppData/Local/Programs/MiKTeX/fonts/type1/
public/lm/lmsy8.pfb><<LOCAL_HOME>/AppData/Local/Programs/MiKTeX/fonts/type1/
public/lm/lmsy9.pfb><<LOCAL_HOME>/AppData/Local/Programs/MiKTeX/fonts/type1/
public/amsfonts/symbols/msam10.pfb><<LOCAL_HOME>/AppData/Local/Programs/MiKT
eX/fonts/type1/public/amsfonts/symbols/msbm10.pfb><<LOCAL_HOME>/AppData/Loca
l/Programs/MiKTeX/fonts/type1/public/amsfonts/symbols/msbm7.pfb><C:/Users/Flori
s/AppData/Local/Programs/MiKTeX/fonts/type1/urw/times/utmb8a.pfb><C:/Users/Flor
is/AppData/Local/Programs/MiKTeX/fonts/type1/public/xypic/xyatip10.pfb><C:/User
s/Floris/AppData/Local/Programs/MiKTeX/fonts/type1/public/xypic/xybtip10.pfb>
Output written on SGA1_English_source_sync_workpass.pdf (257 pages, 2218099 byt
es).
Transcript written on SGA1_English_source_sync_workpass.log.
Latexmk: Getting log file 'SGA1_English_source_sync_workpass.log'
Latexmk: Examining 'SGA1_English_source_sync_workpass.fls'
Latexmk: Examining 'SGA1_English_source_sync_workpass.log'
Latexmk: Missing input file 'SGA1_English_source_sync_workpass.toc' message in .log file:
  No file SGA1_English_source_sync_workpass.toc.
Latexmk: Missing input file 'SGA1_English_source_sync_workpass.ind' message in .log file:
  No file SGA1_English_source_sync_workpass.ind.
Latexmk: References changed.
Latexmk: Log file says output to 'SGA1_English_source_sync_workpass.pdf'
Latexmk: Log file says output to 'SGA1_English_source_sync_workpass.pdf'
Latexmk: applying rule 'pdflatex'...
Rule 'pdflatex':  Reasons for rerun
Changed files or newly in use/created:
  SGA1_English_source_sync_workpass.aux
  SGA1_English_source_sync_workpass.toc

------------
Run number 2 of rule 'pdflatex'
------------
------------
Running 'pdflatex  -interaction=nonstopmode -halt-on-error -file-line-error -recorder  "SGA1_English_source_sync_workpass.tex"'
------------
This is pdfTeX, Version 3.141592653-2.6-1.40.29 (MiKTeX 26.5) (preloaded format=pdflatex.fmt)
 restricted \write18 enabled.
entering extended mode
(SGA1_English_source_sync_workpass.tex
LaTeX2e <2025-11-01>
L3 programming layer <2026-03-20>
(<LOCAL_HOME>\AppData\Local\Programs\MiKTeX\tex/latex/amscls\amsbook.cls
Document Class: amsbook 2020/05/29 v2.20.6
(<LOCAL_HOME>\AppData\Local\Programs\MiKTeX\tex/latex/amsmath\amsmath.sty
For additional information on amsmath, use the `?' option.
(<LOCAL_HOME>\AppData\Local\Programs\MiKTeX\tex/latex/amsmath\amstext.sty
(<LOCAL_HOME>\AppData\Local\Programs\MiKTeX\tex/latex/amsmath\amsgen.sty))
(<LOCAL_HOME>\AppData\Local\Programs\MiKTeX\tex/latex/amsmath\amsbsy.sty)
(<LOCAL_HOME>\AppData\Local\Programs\MiKTeX\tex/latex/amsmath\amsopn.sty))
(<LOCAL_HOME>\AppData\Local\Programs\MiKTeX\tex/latex/amsfonts\umsa.fd)
(<LOCAL_HOME>\AppData\Local\Programs\MiKTeX\tex/latex/amsfonts\amsfonts.sty)
) (<LOCAL_HOME>\AppData\Local\Programs\MiKTeX\tex/latex/base\fontenc.sty)
(<LOCAL_HOME>\AppData\Local\Programs\MiKTeX\tex/latex/base\inputenc.sty)
(<LOCAL_HOME>\AppData\Local\Programs\MiKTeX\tex/latex/lm\lmodern.sty)
(<LOCAL_HOME>\AppData\Local\Programs\MiKTeX\tex/latex/microtype\microtype.st
y (<LOCAL_HOME>\AppData\Local\Programs\MiKTeX\tex/latex/graphics\keyval.sty)
 (<LOCAL_HOME>\AppData\Local\Programs\MiKTeX\tex/latex/etoolbox\etoolbox.sty
)
(<LOCAL_HOME>\AppData\Local\Programs\MiKTeX\tex/latex/microtype\microtype-pd
ftex.def)
(<LOCAL_HOME>\AppData\Local\Programs\MiKTeX\tex/latex/microtype\microtype.cf
g))
(<LOCAL_HOME>\AppData\Local\Programs\MiKTeX\tex/latex/amsfonts\amssymb.sty)
(<LOCAL_HOME>\AppData\Local\Programs\MiKTeX\tex/latex/mathtools\mathtools.st
y (<LOCAL_HOME>\AppData\Local\Programs\MiKTeX\tex/latex/tools\calc.sty)
(<LOCAL_HOME>\AppData\Local\Programs\MiKTeX\tex/latex/mathtools\mhsetup.sty)
) (<LOCAL_HOME>\AppData\Local\Programs\MiKTeX\tex/latex/base\ifthen.sty)
(<LOCAL_HOME>\AppData\Local\Programs\MiKTeX\tex/generic/xypic\xy.sty
(<LOCAL_HOME>\AppData\Local\Programs\MiKTeX\tex/generic/xypic\xy.tex
Bootstrap'ing: catcodes, docmode,
(<LOCAL_HOME>\AppData\Local\Programs\MiKTeX\tex/generic/xypic\xyrecat.tex)
(<LOCAL_HOME>\AppData\Local\Programs\MiKTeX\tex/generic/xypic\xyidioms.tex)

 Xy-pic version 3.8.9 <2013/10/06>
 Copyright (c) 1991-2013 by Kristoffer H. Rose <krisrose@tug.org> and others
 Xy-pic is free software: see the User's Guide for details.

Loading kernel: messages; fonts; allocations: state, direction,
utility macros; pictures: \xy, positions, objects, decorations;
kernel objects: directionals, circles, text; options; algorithms: directions,
edges, connections;  Xy-pic loaded)
(<LOCAL_HOME>\AppData\Local\Programs\MiKTeX\tex/generic/iftex\ifpdf.sty
(<LOCAL_HOME>\AppData\Local\Programs\MiKTeX\tex/generic/iftex\iftex.sty))
(<LOCAL_HOME>\AppData\Local\Programs\MiKTeX\tex/generic/xypic\xyall.tex
 Xy-pic option: All features v.3.8
(<LOCAL_HOME>\AppData\Local\Programs\MiKTeX\tex/generic/xypic\xycurve.tex
 Xy-pic option: Curve and Spline extension v.3.12 curve, circles, loaded)
(<LOCAL_HOME>\AppData\Local\Programs\MiKTeX\tex/generic/xypic\xyframe.tex
 Xy-pic option: Frame and Bracket extension v.3.14 loaded)
(<LOCAL_HOME>\AppData\Local\Programs\MiKTeX\tex/generic/xypic\xycmtip.tex
 Xy-pic option: Computer Modern tip extension v.3.7
(<LOCAL_HOME>\AppData\Local\Programs\MiKTeX\tex/generic/xypic\xytips.tex
 Xy-pic option: More Tips extension v.3.11 loaded) loaded)
(<LOCAL_HOME>\AppData\Local\Programs\MiKTeX\tex/generic/xypic\xyline.tex
 Xy-pic option: Line styles extension v.3.10 loaded)
(<LOCAL_HOME>\AppData\Local\Programs\MiKTeX\tex/generic/xypic\xyrotate.tex
 Xy-pic option: Rotate and Scale extension v.3.8 loaded)
(<LOCAL_HOME>\AppData\Local\Programs\MiKTeX\tex/generic/xypic\xycolor.tex
 Xy-pic option: Colour extension v.3.11 loaded)
(<LOCAL_HOME>\AppData\Local\Programs\MiKTeX\tex/generic/xypic\xymatrix.tex
 Xy-pic option: Matrix feature v.3.14 loaded)
(<LOCAL_HOME>\AppData\Local\Programs\MiKTeX\tex/generic/xypic\xyarrow.tex
 Xy-pic option: Arrow and Path feature v.3.9 path, \ar, loaded)
(<LOCAL_HOME>\AppData\Local\Programs\MiKTeX\tex/generic/xypic\xygraph.tex
 Xy-pic option: Graph feature v.3.11 loaded) loaded)
(<LOCAL_HOME>\AppData\Local\Programs\MiKTeX\tex/generic/xypic\xypdf.tex
 Xy-pic option: PDF driver v.1.7 Xy-pic pdf driver: `color' extension support
(<LOCAL_HOME>\AppData\Local\Programs\MiKTeX\tex/generic/xypic\xypdf-co.tex
loaded) Xy-pic pdf driver: `curve' extension support
(<LOCAL_HOME>\AppData\Local\Programs\MiKTeX\tex/generic/xypic\xypdf-cu.tex
loaded) Xy-pic pdf driver: `frame' extension support
(<LOCAL_HOME>\AppData\Local\Programs\MiKTeX\tex/generic/xypic\xypdf-fr.tex
loaded) Xy-pic pdf driver: `line' extension support
(<LOCAL_HOME>\AppData\Local\Programs\MiKTeX\tex/generic/xypic\xypdf-li.tex
loaded) Xy-pic pdf driver: `rotate' extension support
(<LOCAL_HOME>\AppData\Local\Programs\MiKTeX\tex/generic/xypic\xypdf-ro.tex
loaded) loaded))
(<LOCAL_HOME>\AppData\Local\Programs\MiKTeX\tex/latex/geometry\geometry.sty
(<LOCAL_HOME>\AppData\Local\Programs\MiKTeX\tex/generic/iftex\ifvtex.sty)
(<LOCAL_HOME>\AppData\Local\Programs\MiKTeX\tex/latex/geometry\geometry.cfg)
)
(<LOCAL_HOME>\AppData\Local\Programs\MiKTeX\tex/latex/hyperref\hyperref.sty
(<LOCAL_HOME>\AppData\Local\Programs\MiKTeX\tex/latex/kvsetkeys\kvsetkeys.st
y)
(<LOCAL_HOME>\AppData\Local\Programs\MiKTeX\tex/generic/kvdefinekeys\kvdefin
ekeys.sty)
(<LOCAL_HOME>\AppData\Local\Programs\MiKTeX\tex/generic/pdfescape\pdfescape.
sty
(<LOCAL_HOME>\AppData\Local\Programs\MiKTeX\tex/generic/ltxcmds\ltxcmds.sty)

(<LOCAL_HOME>\AppData\Local\Programs\MiKTeX\tex/generic/pdftexcmds\pdftexcmd
s.sty
(<LOCAL_HOME>\AppData\Local\Programs\MiKTeX\tex/generic/infwarerr\infwarerr.
sty)))
(<LOCAL_HOME>\AppData\Local\Programs\MiKTeX\tex/latex/hycolor\hycolor.sty)
(<LOCAL_HOME>\AppData\Local\Programs\MiKTeX\tex/latex/hyperref\nameref.sty
(<LOCAL_HOME>\AppData\Local\Programs\MiKTeX\tex/latex/refcount\refcount.sty)

(<LOCAL_HOME>\AppData\Local\Programs\MiKTeX\tex/generic/gettitlestring\getti
tlestring.sty
(<LOCAL_HOME>\AppData\Local\Programs\MiKTeX\tex/latex/kvoptions\kvoptions.st
y)))
(<LOCAL_HOME>\AppData\Local\Programs\MiKTeX\tex/generic/stringenc\stringenc.
sty)
(<LOCAL_HOME>\AppData\Local\Programs\MiKTeX\tex/latex/hyperref\pd1enc.def)
(<LOCAL_HOME>\AppData\Local\Programs\MiKTeX\tex/generic/intcalc\intcalc.sty)
(<LOCAL_HOME>\AppData\Local\Programs\MiKTeX\tex/latex/hyperref\puenc.def)
(<LOCAL_HOME>\AppData\Local\Programs\MiKTeX\tex/latex/url\url.sty)
(<LOCAL_HOME>\AppData\Local\Programs\MiKTeX\tex/generic/bitset\bitset.sty
(<LOCAL_HOME>\AppData\Local\Programs\MiKTeX\tex/generic/bigintcalc\bigintcal
c.sty)))
(<LOCAL_HOME>\AppData\Local\Programs\MiKTeX\tex/latex/hyperref\hpdftex.def
(<LOCAL_HOME>\AppData\Local\Programs\MiKTeX\tex/latex/rerunfilecheck\rerunfi
lecheck.sty
(<LOCAL_HOME>\AppData\Local\Programs\MiKTeX\tex/generic/uniquecounter\unique
counter.sty)))
(<LOCAL_HOME>\AppData\Local\Programs\MiKTeX\tex/latex/bookmark\bookmark.sty
(<LOCAL_HOME>\AppData\Local\Programs\MiKTeX\tex/latex/l3backend\l3backend-pd
ftex.def)
(<LOCAL_HOME>\AppData\Local\Programs\MiKTeX\tex/latex/bookmark\bkm-pdftex.de
f))
(<LOCAL_HOME>\AppData\Local\Programs\MiKTeX\tex/generic/stringenc\se-pdfdoc.
def) (<LOCAL_HOME>\AppData\Local\Programs\MiKTeX\tex/latex/lm\t1lmr.fd)
(SGA1_English_source_sync_workpass.aux)
(<LOCAL_HOME>\AppData\Local\Programs\MiKTeX\tex/latex/lm\ot1lmr.fd)
(<LOCAL_HOME>\AppData\Local\Programs\MiKTeX\tex/latex/lm\omllmm.fd)
(<LOCAL_HOME>\AppData\Local\Programs\MiKTeX\tex/latex/lm\omslmsy.fd)
(<LOCAL_HOME>\AppData\Local\Programs\MiKTeX\tex/latex/lm\omxlmex.fd)
(<LOCAL_HOME>\AppData\Local\Programs\MiKTeX\tex/latex/amsfonts\umsa.fd)
(<LOCAL_HOME>\AppData\Local\Programs\MiKTeX\tex/latex/amsfonts\umsb.fd)
(<LOCAL_HOME>\AppData\Local\Programs\MiKTeX\tex/latex/microtype\mt-cmr.cfg)
(<LOCAL_HOME>\AppData\Local\Programs\MiKTeX\tex/latex/graphics\graphicx.sty
(<LOCAL_HOME>\AppData\Local\Programs\MiKTeX\tex/latex/graphics\graphics.sty
(<LOCAL_HOME>\AppData\Local\Programs\MiKTeX\tex/latex/graphics\trig.sty)
(<LOCAL_HOME>\AppData\Local\Programs\MiKTeX\tex/latex/graphics-cfg\graphics.
cfg)
(<LOCAL_HOME>\AppData\Local\Programs\MiKTeX\tex/latex/graphics-def\pdftex.de
f
(<LOCAL_HOME>\AppData\Local\Programs\MiKTeX\tex/context/base/mkii\supp-pdf.m
kii
[Loading MPS to PDF converter (version 2006.09.02).]
)))
(<LOCAL_HOME>\AppData\Local\Programs\MiKTeX\tex/latex/epstopdf-pkg\epstopdf-
base.sty
(<LOCAL_HOME>\AppData\Local\Programs\MiKTeX\tex/latex/00miktex\epstopdf-sys.
cfg)))
(<LOCAL_HOME>\AppData\Local\Programs\MiKTeX\tex/latex/microtype\mt-msa.cfg)
(<LOCAL_HOME>\AppData\Local\Programs\MiKTeX\tex/latex/microtype\mt-msb.cfg)
*geometry* driver: auto-detecting
*geometry* detected driver: pdftex
[0{<LOCAL_HOME>/AppData/Local/MiKTeX/fonts/map/pdftex/pdftex.map}{C:/Users/F
loris/AppData/Local/Programs/MiKTeX/fonts/enc/dvips/lm/lm-ec.enc}]
Contents
(SGA1_English_source_sync_workpass.toc [1{<LOCAL_HOME>/AppData/Local/Program
s/MiKTeX/fonts/enc/dvips/lm/lm-mathit.enc}] [2{<LOCAL_HOME>/AppData/Local/Pr
ograms/MiKTeX/fonts/enc/dvips/lm/lm-mathsy.enc}{<LOCAL_HOME>/AppData/Local/P
rograms/MiKTeX/fonts/enc/dvips/lm/lm-rm.enc}]) [3]
Chapter I
(<LOCAL_HOME>\AppData\Local\Programs\MiKTeX\tex/latex/amsfonts\ueuf.fd)
(<LOCAL_HOME>\AppData\Local\Programs\MiKTeX\tex/latex/microtype\mt-euf.cfg)
[1{<LOCAL_HOME>/AppData/Local/Programs/MiKTeX/fonts/enc/dvips/lm/lm-mathex.e
nc}] [2] [3] (drafts/SGA1_I_5_English_source_draft.texfrag [4] [5])
(drafts/SGA1_I_6_English_source_draft.texfrag [6])
(drafts/SGA1_I_7_English_source_draft.texfrag [7] [8] [9])
(drafts/SGA1_I_8_English_source_draft.texfrag [10])
(drafts/SGA1_I_9_1_English_source_draft.texfrag [11])
(drafts/SGA1_I_9_2_English_source_draft.texfrag)
(drafts/SGA1_I_9_3_English_source_draft.texfrag)
(drafts/SGA1_I_9_4_English_source_draft.texfrag [12])
(drafts/SGA1_I_9_5_English_source_draft.texfrag)
(drafts/SGA1_I_9_5_P1_English_source_draft.texfrag)
(drafts/SGA1_I_9_5_P2_English_source_draft.texfrag [13]
Overfull \hbox (1.90018pt too wide) in paragraph at lines 56--61
\T1/lmr/m/n/10.95 (-20) Consequently, $\OML/lmm/m/it/10.95 F$ \T1/lmr/m/n/10.95
 (-20) is sep-a-ra-ble over $\OML/lmm/m/it/10.95 K$\T1/lmr/m/n/10.95 (-20) , th
ough of course not nec-es-sar-ily sep-a-ra-ble over $\OML/lmm/m/it/10.95 A$\T1/
lmr/m/n/10.95 (-20) .(N.B.
) (drafts/SGA1_I_9_5_P3_English_source_draft.texfrag)
(drafts/SGA1_I_9_10_English_source_draft.texfrag [14])
(drafts/SGA1_I_9_11_English_source_draft.texfrag)
(drafts/SGA1_I_9_11_PROOF_English_source_draft.texfrag)
(drafts/SGA1_I_9_12_English_source_draft.texfrag)
(drafts/SGA1_I_9_12_NOTE_English_source_draft.texfrag)
(drafts/SGA1_I_9_12_STARRED_REMARK_English_source_draft.texfrag)
(drafts/SGA1_I_10_1_English_source_draft.texfrag)
(drafts/SGA1_I_10_1_PROOF_English_source_draft.texfrag)
(drafts/SGA1_I_10_2_English_source_draft.texfrag)
(drafts/SGA1_I_10_2_PROOF_English_source_draft.texfrag)
(drafts/SGA1_I_10_3_DEFINITION_English_source_draft.texfrag)
(drafts/SGA1_I_10_3_English_source_draft.texfrag [15])
(drafts/SGA1_I_10_3_PROOF_OPENING_English_source_draft.texfrag)
(drafts/SGA1_I_10_3_PROOF_AFFINE_REDUCTION_English_source_draft.texfrag)
(drafts/SGA1_I_10_3_SORITES_BRIDGE_English_source_draft.texfrag)
(drafts/SGA1_I_10_4_English_source_draft.texfrag)
(drafts/SGA1_I_10_5_English_source_draft.texfrag)
(drafts/SGA1_I_10_6_THROUGH_I_10_12_English.texfrag [16] [17])
(drafts/SGA1_I_11_English.texfrag [18] [19]) (drafts/SGA1_II_1_English.texfrag
[20]
Chapter II
[21]) (drafts/SGA1_II_2_English.texfrag [22] [23])
(drafts/SGA1_II_3_English.texfrag)
(drafts/SGA1_II_4_OPENING_THROUGH_4_8_English.texfrag [24] [25] [26])
(drafts/SGA1_II_4_9_THROUGH_4_13_English.texfrag [27] [28] [29])
(drafts/SGA1_II_4_LINES_3500_3727_English.texfrag [30] [31])
(drafts/SGA1_II_4_15_THROUGH_4_19_English.texfrag [32] [33] [34])
(drafts/SGA1_II_5_OPENING_THROUGH_5_5_English.texfrag [35])
(drafts/SGA1_II_5_6_THROUGH_5_7_English.texfrag [36])
(drafts/SGA1_II_5_8_THROUGH_5_10_English.texfrag [37])
(drafts/SGA1_II_ERRATA_AND_III_HEADING_English.texfrag [38]
Chapter III
) (drafts/SGA1_III_1_OPENING_THROUGH_1_3_English.texfrag [39])
(drafts/SGA1_III_1_4_THROUGH_1_9_English.texfrag [40] [41])
(drafts/SGA1_III_2_COMPLETE_English.texfrag
(drafts/SGA1_III_2_OPENING_THROUGH_PROOF_I_TO_III_English.texfrag [42])
[43] [44]) (drafts/SGA1_III_3_English.texfrag [45])
(drafts/SGA1_III_4_English.texfrag [46])
(drafts/SGA1_III_5_OPENING_THROUGH_5_2_English.texfrag [47] [48])
(drafts/SGA1_III_5_3_THROUGH_END_English.texfrag [49] [50])
(drafts/SGA1_III_6_OPENING_THROUGH_OBSTRUCTION_DERIVATION_English.texfrag
[51] [52]
pdfTeX warning (ext4): destination with the same identifier (name{equation.3.6.
1}) has been already used, duplicate ignored
<to be read again> 
                   \relax 
l.144 \begin{equation}
                      
pdfTeX warning (ext4): destination with the same identifier (name{equation.3.6.
1}) has been already used, duplicate ignored
<to be read again> 
                   \relax 
l.144 \begin{equation}
                      
pdfTeX warning (ext4): destination with the same identifier (name{equation.3.6.
1}) has been already used, duplicate ignored
<to be read again> 
                   \relax 
l.144 \begin{equation}
                      
pdfTeX warning (ext4): destination with the same identifier (name{equation.3.6.
1}) has been already used, duplicate ignored
<to be read again> 
                   \relax 
l.144 \begin{equation}
                      
pdfTeX warning (ext4): destination with the same identifier (name{equation.3.6.
1}) has been already used, duplicate ignored
<to be read again> 
                   \relax 
l.159 \begin{equation}
                      
pdfTeX warning (ext4): destination with the same identifier (name{equation.3.6.
1}) has been already used, duplicate ignored
<to be read again> 
                   \relax 
l.159 \begin{equation}
                      
pdfTeX warning (ext4): destination with the same identifier (name{equation.3.6.
1}) has been already used, duplicate ignored
<to be read again> 
                   \relax 
l.159 \begin{equation}
                      
pdfTeX warning (ext4): destination with the same identifier (name{equation.3.6.
1}) has been already used, duplicate ignored
<to be read again> 
                   \relax 
l.159 \begin{equation}
                      )
(drafts/SGA1_III_6_THEOREM_6_3_THROUGH_END_English.texfrag [53
pdfTeX warning (ext4): destination with the same identifier (name{equation.3.6.
1}) has been already used, duplicate ignored
<argument> ...shipout:D \box_use:N \l_shipout_box 
                                                  \__shipout_drop_firstpage_...
l.43 \[
       ]) (drafts/SGA1_III_7_English.texfrag [54]

Package hyperref Warning: Token not allowed in a PDF string (Unicode):
(hyperref)                removing `math shift' on input line 2.

[55] [56]) (drafts/SGA1_IV_INTRODUCTION_English.texfrag [57]
Chapter IV
) (drafts/SGA1_IV_1_English.texfrag [58] [59])
(drafts/SGA1_IV_2_English.texfrag [60] [61])
(drafts/SGA1_IV_3_AND_4_English.texfrag [62]) (drafts/SGA1_IV_5_English.texfrag
[63]
pdfTeX warning (ext4): destination with the same identifier (name{equation.4.5.
1}) has been already used, duplicate ignored
<to be read again> 
                   \relax 
l.126 \begin{equation}
                      
pdfTeX warning (ext4): destination with the same identifier (name{equation.4.5.
1}) has been already used, duplicate ignored
<to be read again> 
                   \relax 
l.126 \begin{equation}
                      
pdfTeX warning (ext4): destination with the same identifier (name{equation.4.5.
1}) has been already used, duplicate ignored
<to be read again> 
                   \relax 
l.126 \begin{equation}
                      
pdfTeX warning (ext4): destination with the same identifier (name{equation.4.5.
1}) has been already used, duplicate ignored
<to be read again> 
                   \relax 
l.126 \begin{equation}
                       [64] [65] [66]) (drafts/SGA1_IV_6_English.texfrag
[67] [68]) (drafts/SGA1_V_OPENING_THROUGH_1_4_English.texfrag [69]
Chapter V
[70])
Overfull \hbox (7.22949pt too wide) in paragraph at lines 143--668
[]\T1/lmr/m/n/10.95 (-20) Now sup-pose that $\OML/lmm/m/it/10.95 X$ \T1/lmr/m/n
/10.95 (-20) is a $\OML/lmm/m/it/10.95 Z$\T1/lmr/m/n/10.95 (-20) -prescheme and
 that the op-er-a-tions of $\OML/lmm/m/it/10.95 G$ \T1/lmr/m/n/10.95 (-20) are 
$\OML/lmm/m/it/10.95 Z$\T1/lmr/m/n/10.95 (-20) -automorphisms.
(drafts/SGA1_V_1_5_THROUGH_END_English.texfrag [71] [72
pdfTeX warning (ext4): destination with the same identifier (name{proposition.5
.1.7}) has been already used, duplicate ignored
<argument> ...shipout:D \box_use:N \l_shipout_box 
                                                  \__shipout_drop_firstpage_...
l.137 \]
        
pdfTeX warning (ext4): destination with the same identifier (name{proposition.5
.1.8}) has been already used, duplicate ignored
<argument> ...shipout:D \box_use:N \l_shipout_box 
                                                  \__shipout_drop_firstpage_...
l.137 \]
        ]) (drafts/SGA1_V_2_English.texfrag [73] [74] [75])
(drafts/SGA1_V_3_English.texfrag [76] <xymatrix 3x1 138> [77])
(drafts/SGA1_V_4_English.texfrag [78] [79] <xymatrix 3x2 287> [80] [81]
[82]) (drafts/SGA1_V_5_English.texfrag [83] [84] [85] <xymatrix 2x2 154>
[86]) (drafts/SGA1_V_6_English.texfrag [87] [88] [89])
(drafts/SGA1_V_7_THROUGH_9_English.texfrag [90]
Overfull \hbox (24.75935pt too wide) in paragraph at lines 79--89
[]\T1/lmr/m/n/10.95 (-20) Let $\OML/lmm/m/it/10.95 ^^Y[]\OT1/lmr/m/n/10.95 (-20
) (\OML/lmm/m/it/10.95 S\OT1/lmr/m/n/10.95 (-20) ; \OML/lmm/m/it/10.95 a; a[]\O
T1/lmr/m/n/10.95 (-20) )$ []\T1/lmr/m/n/10.95 (-20) de-note the set of isomorph
isms---or, equiv-a-lently, the set of homomorphisms---
[91] [92]) (drafts/SGA1_VI_OPENING_THROUGH_1_English.texfrag [93]
Chapter VI
[94]) (drafts/SGA1_VI_2_English.texfrag [95] <xymatrix 2x1 100> [96] [97])
(drafts/SGA1_VI_3_English.texfrag

Package hyperref Warning: Token not allowed in a PDF string (Unicode):
(hyperref)                removing `math shift' on input line 1.


Package hyperref Warning: Token not allowed in a PDF string (Unicode):
(hyperref)                removing `math shift' on input line 1.

[98] [99] <xymatrix 2x2 168> [100]) (drafts/SGA1_VI_4_English.texfrag

Package hyperref Warning: Token not allowed in a PDF string (Unicode):
(hyperref)                removing `math shift' on input line 2.

[101]) (drafts/SGA1_VI_5_English.texfrag [102] <xymatrix 2x2 194> [103])
(drafts/SGA1_VI_6_OPENING_English.texfrag [104])
(drafts/SGA1_VI_6_PROPOSITIONS_English.texfrag <xymatrix 2x2 154> [105]
[106]) (drafts/SGA1_VI_7_English.texfrag

Package hyperref Warning: Token not allowed in a PDF string (Unicode):
(hyperref)                removing `math shift' on input line 3.

[107] <xymatrix 3x2 190> <xymatrix 2x2 188> [108] <xymatrix 2x2 188>)
(drafts/SGA1_VI_8_English.texfrag

Package hyperref Warning: Token not allowed in a PDF string (Unicode):
(hyperref)                removing `math shift' on input line 2.


Package hyperref Warning: Token not allowed in a PDF string (Unicode):
(hyperref)                removing `superscript' on input line 2.


Package hyperref Warning: Token not allowed in a PDF string (Unicode):
(hyperref)                removing `\circ' on input line 2.


Package hyperref Warning: Token not allowed in a PDF string (Unicode):
(hyperref)                removing `\to' on input line 2.

[109] [110] <xymatrix 2x2 182> [111] <xymatrix 7x2 516>)
(drafts/SGA1_VI_9_English.texfrag

Package hyperref Warning: Token not allowed in a PDF string (Unicode):
(hyperref)                removing `math shift' on input line 2.


Package hyperref Warning: Token not allowed in a PDF string (Unicode):
(hyperref)                removing `superscript' on input line 2.


Package hyperref Warning: Token not allowed in a PDF string (Unicode):
(hyperref)                removing `\circ' on input line 2.


Package hyperref Warning: Token not allowed in a PDF string (Unicode):
(hyperref)                removing `\to' on input line 2.


Package hyperref Warning: Token not allowed in a PDF string (Unicode):
(hyperref)                removing `math shift' on input line 2.

[112]) (drafts/SGA1_VI_10_English.texfrag) (drafts/SGA1_VI_11_English.texfrag
[113] <xymatrix 2x2 194> [114] [115] [116]) (drafts/SGA1_VI_12_English.texfrag
<xymatrix 2x2 188> <xymatrix 2x2 188> [117] <xymatrix 2x2 188> [118] <xymatrix
7x2 523> <xymatrix 3x3 243> [119] [120]
Bibliography
) (drafts/SGA1_VIII_1_A_English.texfrag [121]
Chapter VIII
<xymatrix 2x1 80> <xymatrix 3x1 118> [122] <xymatrix 3x1 118> <xymatrix 2x1
80>) (drafts/SGA1_VIII_1_B_English.texfrag <xymatrix 3x1 118> [123] <xymatrix
2x1 80> <xymatrix 3x1 118> <xymatrix 3x1 118> [124] <xymatrix 3x1 118>)
(drafts/SGA1_VIII_2_English.texfrag [125]) (drafts/SGA1_VIII_3_English.texfrag

Package hyperref Warning: Token not allowed in a PDF string (Unicode):
(hyperref)                removing `\@ifnextchar' on input line 2.

[126] [127]) (drafts/SGA1_VIII_4_English.texfrag <xymatrix 3x1 118> <xymatrix
3x1 118> <xymatrix 3x1 118> <xymatrix 3x1 118> <xymatrix 3x1 118> [128]
Overfull \hbox (5.64276pt too wide) in paragraph at lines 163--179
[]\T1/lmr/m/n/10.95 (-20) If $\OML/lmm/m/it/10.95 Q$ \T1/lmr/m/n/10.95 (-20) is
 open (re-spec-tive-ly-closed), the same is true of $\OML/lmm/m/it/10.95 h[]\OT
1/lmr/m/n/10.95 (-20) (\OML/lmm/m/it/10.95 Q\OT1/lmr/m/n/10.95 (-20) )$\T1/lmr/
m/n/10.95 (-20) , and hence also of $\OML/lmm/m/it/10.95 f[]\OT1/lmr/m/n/10.95 
(-20) (\OML/lmm/m/it/10.95 h[]\OT1/lmr/m/n/10.95 (-20) (\OML/lmm/m/it/10.95 Q\O
T1/lmr/m/n/10.95 (-20) ))$
[129]) (drafts/SGA1_VIII_5_English.texfrag <xymatrix 3x1 118> <xymatrix 3x1
118> [130] <xymatrix 3x1 118> <xymatrix 2x1 80> <xymatrix 3x1 118> [131]
[132]) (drafts/SGA1_VIII_6_English.texfrag

Package hyperref Warning: Token not allowed in a PDF string (Unicode):
(hyperref)                removing `\@ifnextchar' on input line 1.

[133]) (drafts/SGA1_VIII_7_A_English.texfrag [134] <xymatrix 2x1 80> <xymatrix
2x1 80> <xymatrix 2x2 226> <xymatrix 2x2 168> [135] [136])
(drafts/SGA1_VIII_7_B_English.texfrag [137] [138] [139]
Bibliography
) (drafts/SGA1_IX_OPENING_AND_1_English.texfrag [140]
Chapter IX

Package hyperref Warning: Token not allowed in a PDF string (Unicode):
(hyperref)                removing `\\' on input line 1.

[141]) (drafts/SGA1_IX_2_English.texfrag [142] <xymatrix 3x1 118> [143])
(drafts/SGA1_IX_3_English.texfrag <xymatrix 3x1 118> [144])
(drafts/SGA1_IX_4_English.texfrag [145] [146] <xymatrix 2x1 80> <xymatrix 2x1
80> [147]) [148] (drafts/SGA1_IX_5_English.texfrag <xymatrix 7x1 262>
<xymatrix 7x1 265> <xymatrix 6x1 214>
Overfull \hbox (2.73114pt too wide) in paragraph at lines 86--97
\T1/lmr/m/n/10.95 (-20) The el-e-ments of $\OML/lmm/m/it/10.95 E[]$ \T1/lmr/m/n
/10.95 (-20) will be de-noted with one prime, as in $\OML/lmm/m/it/10.95 s[]$\T
1/lmr/m/n/10.95 (-20) , while those of $\OML/lmm/m/it/10.95 E[]$ \T1/lmr/m/n/10
.95 (-20) respectively$\OML/lmm/m/it/10.95 E[]$
[149] [150] [151]
Overfull \hbox (2.98529pt too wide) in paragraph at lines 364--368
[][]\T1/lmr/m/sc/10.95 (-20) Corollary \T1/lmr/m/n/10.95 (-20) IX.5.6\T1/lmr/m/
sc/10.95 (-20) . \T1/lmr/m/it/10.95 (-20) Let $\OML/lmm/m/it/10.95 g [] [] S[] 
\OMS/lmsy/m/n/10.95 ! \OML/lmm/m/it/10.95 S$ \T1/lmr/m/it/10.95 (-20) be a uni-
ver-sally sub-mer-sive mor-phism of preschemes
[152] [153]) (drafts/SGA1_IX_6_A_English.texfrag <xymatrix 3x2 264> [154]
[155]) (drafts/SGA1_IX_6_B_English.texfrag [156] [157] [158]
Bibliography
) (drafts/SGA1_X_OPENING_AND_1_A_English.texfrag [159]
Chapter X
[160]) (drafts/SGA1_X_1_B_English.texfrag [161] [162])
(drafts/SGA1_X_2_A_English.texfrag [163] <xymatrix 5x2 348> [164] [165])
(drafts/SGA1_X_2_B_English.texfrag [166] [167])
(drafts/SGA1_X_3_English.texfrag [168] [169] [170] [171] [172]
Bibliography
) (drafts/SGA1_XI_OPENING_AND_1_English.texfrag [173]
Chapter XI
(<LOCAL_HOME>\AppData\Local\Programs\MiKTeX\tex/latex/psnfss\t1ptm.fd)
(<LOCAL_HOME>\AppData\Local\Programs\MiKTeX\tex/latex/microtype\mt-ptm.cfg)
[174{<LOCAL_HOME>/AppData/Local/Programs/MiKTeX/fonts/enc/dvips/base/8r.enc}
]) (drafts/SGA1_XI_2_English.texfrag [175]) [176]
(drafts/SGA1_XI_3_English.texfrag [177]) (drafts/SGA1_XI_4_A_English.texfrag
[178] [179] <xymatrix 2x1 80> <xymatrix 2x1 115>)
(drafts/SGA1_XI_4_B_English.texfrag [180] [181] <xymatrix 4x1 139> <xymatrix
3x1 118>) (drafts/SGA1_XI_5_English.texfrag [182] [183])
(drafts/SGA1_XI_6_A_English.texfrag [184] [185])
(drafts/SGA1_XI_6_B_English.texfrag [186]
Overfull \hbox (1.78882pt too wide) in paragraph at lines 79--88
[][]\T1/lmr/m/sc/10.95 (-20) Corollary \T1/lmr/m/n/10.95 (-20) XI.6.10\T1/lmr/m
/sc/10.95 (-20) . \T1/lmr/m/it/10.95 (-20) Sup-pose that $\OML/lmm/m/it/10.95 }
\OT1/lmr/m/n/10.95 (-20) H[](\OML/lmm/m/it/10.95 S; \OMS/lmsy/m/n/10.95 O[]\OT1
/lmr/m/n/10.95 (-20) )[]H[](\OML/lmm/m/it/10.95 S; \OMS/lmsy/m/n/10.95 O[]\OT1/
lmr/m/n/10.95 (-20) )$\T1/lmr/m/it/10.95 (-20) , for ex-am-ple that $\OT1/lmr/m
/n/10.95 (-20) H[](\OML/lmm/m/it/10.95 S; \OMS/lmsy/m/n/10.95 O[]\OT1/lmr/m/n/1
0.95 (-20) )$
[187] [188]
Bibliography
) (drafts/SGA1_XII_OPENING_AND_1_English.texfrag [189]
Chapter XII
(<LOCAL_HOME>\AppData\Local\Programs\MiKTeX\tex/latex/amsfonts\ueus.fd)
(<LOCAL_HOME>\AppData\Local\Programs\MiKTeX\tex/latex/microtype\mt-eus.cfg)
[190] <xymatrix 2x2 174> [191]) (drafts/SGA1_XII_2_English.texfrag

Package hyperref Warning: Token not allowed in a PDF string (Unicode):
(hyperref)                removing `\hbox' on input line 2.

[192] [193]) (drafts/SGA1_XII_3_English.texfrag [194] [195])
(drafts/SGA1_XII_4_English.texfrag <xymatrix 2x2 182> [196] <xymatrix 6x2 526>
<xymatrix 2x2 188> [197] <xymatrix 2x2 154> [198])
(drafts/SGA1_XII_5_A_English.texfrag [199] [200])
(drafts/SGA1_XII_5_B_English.texfrag <xymatrix 5x3 378> [201] [202] [203]
Bibliography
) (drafts/SGA1_XIII_OPENING_AND_0_English.texfrag [204]
Chapter XIII

Package hyperref Warning: Token not allowed in a PDF string (Unicode):
(hyperref)                removing `\\' on input line 2.


Package hyperref Warning: Token not allowed in a PDF string (Unicode):
(hyperref)                removing `\\' on input line 2.

[205]) (drafts/SGA1_XIII_1_OPENING_THROUGH_1_4_English.texfrag <xymatrix 2x3
292> <xymatrix 2x2 182> [206] [207] [208])
(drafts/SGA1_XIII_1_5_AND_1_6_English.texfrag [209] <xymatrix 4x2 423>)
(drafts/SGA1_XIII_1_7_THROUGH_1_9_English.texfrag [210] <xymatrix 2x2 182>)
(drafts/SGA1_XIII_1_10_AND_1_11_English.texfrag <xymatrix 3x1 139> [211]
<xymatrix 7x1 259> <xymatrix 3x2 272> <xymatrix 2x2 182> <xymatrix 7x1 259>
<xymatrix 4x1 226> <xymatrix 7x1 259> [212] <xymatrix 3x1 118> <xymatrix 4x1
226> <xymatrix 4x1 226>) (drafts/SGA1_XIII_1_12_AND_1_13_English.texfrag
<xymatrix 3x1 118> [213] <xymatrix 4x1 226> <xymatrix 3x2 292> <xymatrix 4x2
635> <xymatrix 3x1 118> <xymatrix 4x1 226> [214] [215])
(drafts/SGA1_XIII_1_14_THROUGH_1_16_English.texfrag <xymatrix 2x2 182> [216])
(drafts/SGA1_XIII_2_0_English.texfrag [217])
(drafts/SGA1_XIII_2_1_English.texfrag [218] <xymatrix 2x2 137> [219]) [220]
(drafts/SGA1_XIII_2_2_OPENING_THROUGH_THEOREM_English.texfrag <xymatrix 2x2
137> [221] [222]
Overfull \hbox (10.6072pt too wide) in paragraph at lines 221--223
[]\T1/lmr/m/it/10.95 (-20) If $\OML/lmm/m/it/10.95 F$ \T1/lmr/m/it/10.95 (-20) 
is a con-structible sheaf of sets (re-spec-tive-ly-groups), then $\OML/lmm/m/it
/10.95 i[]F$ \T1/lmr/m/it/10.95 (-20) (respectively$\OT1/lmr/m/n/10.95 (-20) R[
]\OML/lmm/m/it/10.95 i[]F$\T1/lmr/m/it/10.95 (-20) )
<xymatrix 6x3 440>) (drafts/SGA1_XIII_2_4_PROOF_English.texfrag [223] [224])
(drafts/SGA1_XIII_2_5_THROUGH_2_9_English.texfrag [225] [226] <xymatrix 2x2
137> <xymatrix 2x2 137>)
Overfull \hbox (1.8294pt too wide) in paragraph at lines 257--802
[]\T1/lmr/m/n/10.95 (-20) The corol-lary fol-lows from []XIII.2.8[][] and from 
the fact that $\OT1/lmr/m/n/10.95 (-20) R[]\OML/lmm/m/it/10.95 f[]\OMS/lmsy/m/n
/10.95 F \OT1/lmr/m/n/10.95 (-20) = R[]\OML/lmm/m/it/10.95 f[]\OMS/lmsy/m/n/10.
95 F$ \T1/lmr/m/n/10.95 (-20) ([]XIII.2.3[][] b)).

Underfull \hbox (badness 10000) in paragraph at lines 257--802

(drafts/SGA1_XIII_2_3_English.texfrag [227] <xymatrix 3x2 285>
Overfull \hbox (8.16196pt too wide) in paragraph at lines 47--52
\T1/lmr/m/n/10.95 (-20) (V []V.7[][] and []XIII.2.-1.-1.2[][]). The hy-pothe-se
s of co-ho-mo-log-i-cal proper-ness (re-spec-tively[]XIII.2.8[][])
<xymatrix 2x2 168> [228] [229])
(drafts/SGA1_XIII_3_OPENING_AND_CASE1_English.texfrag [230] <xymatrix 3x1 118>
[231] <xymatrix 2x2 137> <xymatrix 2x2 137>)
(drafts/SGA1_XIII_3_CASE2_AND_CASE3_A_English.texfrag [232] <xymatrix 3x1 118>
<xymatrix 2x2 137>
Underfull \vbox (badness 10000) has occurred while \output is active [233]
<xymatrix 4x1 226> <xymatrix 2x2 137> [234])
(drafts/SGA1_XIII_3_CASE3_B_THROUGH_3_1_3_English.texfrag [235] <xymatrix 4x1
136> [236] <xymatrix 2x2 184> [237])
(drafts/SGA1_XIII_3_COROLLARIES_English.texfrag <xymatrix 2x2 181> [238]
<xymatrix 2x3 299> <xymatrix 5x3 1184> <xymatrix 4x2 614> [239])
(drafts/SGA1_XIII_4_OPENING_AND_0_English.texfrag [240] [241] [242])
(drafts/SGA1_XIII_4_1_English.texfrag [243])
(drafts/SGA1_XIII_4_2_English.texfrag <xymatrix 3x2 284> [244] <xymatrix 5x2
382> [245] [246]) (drafts/SGA1_XIII_APPENDIX_I_A_English.texfrag [247] [248])
(drafts/SGA1_XIII_APPENDIX_I_B_English.texfrag [249] <xymatrix 3x2 299>
<xymatrix 2x2 168> [250] <xymatrix 3x2 199>)
(drafts/SGA1_XIII_APPENDIX_II_AND_BIBLIOGRAPHY_English.texfrag [251] <xymatrix
3x2 325> [252] [253]
Bibliography
[254]
No file SGA1_English_source_sync_workpass.ind.
Index of Notation
[255]) (SGA1_English_source_sync_workpass.aux)

LaTeX Warning: Label(s) may have changed. Rerun to get cross-references right.

 )
(see the transcript file for additional information)
pdfTeX warning (dest): name{Hfootnote.2} has been referenced but does not exist
, replaced by a fixed one


pdfTeX warning (dest): name{Hfootnote.1} has been referenced but does not exist
, replaced by a fixed one

<<LOCAL_HOME>/AppData/Local/Programs/MiKTeX/fonts/type1/public/amsfonts/eule
r/eufm10.pfb><<LOCAL_HOME>/AppData/Local/Programs/MiKTeX/fonts/type1/public/
amsfonts/euler/eusm10.pfb><<LOCAL_HOME>/AppData/Local/Programs/MiKTeX/fonts/
type1/public/amsfonts/euler/eusm7.pfb><<LOCAL_HOME>/AppData/Local/Programs/M
iKTeX/fonts/type1/public/lm/lmbx10.pfb><<LOCAL_HOME>/AppData/Local/Programs/
MiKTeX/fonts/type1/public/lm/lmbx12.pfb><<LOCAL_HOME>/AppData/Local/Programs
/MiKTeX/fonts/type1/public/lm/lmbx8.pfb><<LOCAL_HOME>/AppData/Local/Programs
/MiKTeX/fonts/type1/public/lm/lmbx9.pfb><<LOCAL_HOME>/AppData/Local/Programs
/MiKTeX/fonts/type1/public/lm/lmbxi10.pfb><<LOCAL_HOME>/AppData/Local/Progra
ms/MiKTeX/fonts/type1/public/lm/lmcsc10.pfb><<LOCAL_HOME>/AppData/Local/Prog
rams/MiKTeX/fonts/type1/public/lm/lmex10.pfb><<LOCAL_HOME>/AppData/Local/Pro
grams/MiKTeX/fonts/type1/public/lm/lmmi10.pfb><<LOCAL_HOME>/AppData/Local/Pr
ograms/MiKTeX/fonts/type1/public/lm/lmmi6.pfb><<LOCAL_HOME>/AppData/Local/Pr
ograms/MiKTeX/fonts/type1/public/lm/lmmi8.pfb><<LOCAL_HOME>/AppData/Local/Pr
ograms/MiKTeX/fonts/type1/public/lm/lmmi9.pfb><<LOCAL_HOME>/AppData/Local/Pr
ograms/MiKTeX/fonts/type1/public/lm/lmmib10.pfb><<LOCAL_HOME>/AppData/Local/
Programs/MiKTeX/fonts/type1/public/lm/lmr10.pfb><<LOCAL_HOME>/AppData/Local/
Programs/MiKTeX/fonts/type1/public/lm/lmr12.pfb><<LOCAL_HOME>/AppData/Local/
Programs/MiKTeX/fonts/type1/public/lm/lmr17.pfb><<LOCAL_HOME>/AppData/Local/
Programs/MiKTeX/fonts/type1/public/lm/lmr6.pfb><<LOCAL_HOME>/AppData/Local/P
rograms/MiKTeX/fonts/type1/public/lm/lmr8.pfb><<LOCAL_HOME>/AppData/Local/Pr
ograms/MiKTeX/fonts/type1/public/lm/lmr9.pfb><<LOCAL_HOME>/AppData/Local/Pro
grams/MiKTeX/fonts/type1/public/lm/lmri10.pfb><<LOCAL_HOME>/AppData/Local/Pr
ograms/MiKTeX/fonts/type1/public/lm/lmri8.pfb><<LOCAL_HOME>/AppData/Local/Pr
ograms/MiKTeX/fonts/type1/public/lm/lmri9.pfb><<LOCAL_HOME>/AppData/Local/Pr
ograms/MiKTeX/fonts/type1/public/lm/lmsy10.pfb><<LOCAL_HOME>/AppData/Local/P
rograms/MiKTeX/fonts/type1/public/lm/lmsy5.pfb><<LOCAL_HOME>/AppData/Local/P
rograms/MiKTeX/fonts/type1/public/lm/lmsy6.pfb><<LOCAL_HOME>/AppData/Local/P
rograms/MiKTeX/fonts/type1/public/lm/lmsy8.pfb><<LOCAL_HOME>/AppData/Local/P
rograms/MiKTeX/fonts/type1/public/lm/lmsy9.pfb><<LOCAL_HOME>/AppData/Local/P
rograms/MiKTeX/fonts/type1/public/amsfonts/symbols/msam10.pfb><<LOCAL_HOME>/
AppData/Local/Programs/MiKTeX/fonts/type1/public/amsfonts/symbols/msbm10.pfb><C
:/Users/Floris/AppData/Local/Programs/MiKTeX/fonts/type1/public/amsfonts/symbol
s/msbm7.pfb><<LOCAL_HOME>/AppData/Local/Programs/MiKTeX/fonts/type1/urw/time
s/utmb8a.pfb><<LOCAL_HOME>/AppData/Local/Programs/MiKTeX/fonts/type1/public/
xypic/xyatip10.pfb><<LOCAL_HOME>/AppData/Local/Programs/MiKTeX/fonts/type1/p
ublic/xypic/xybtip10.pfb>
Output written on SGA1_English_source_sync_workpass.pdf (259 pages, 2490530 byt
es).
Transcript written on SGA1_English_source_sync_workpass.log.
Latexmk: Getting log file 'SGA1_English_source_sync_workpass.log'
Latexmk: Examining 'SGA1_English_source_sync_workpass.fls'
Latexmk: Examining 'SGA1_English_source_sync_workpass.log'
Latexmk: Missing input file 'SGA1_English_source_sync_workpass.ind' message in .log file:
  No file SGA1_English_source_sync_workpass.ind.
Latexmk: References changed.
Latexmk: Log file says output to 'SGA1_English_source_sync_workpass.pdf'
Latexmk: Log file says output to 'SGA1_English_source_sync_workpass.pdf'
Latexmk: applying rule 'pdflatex'...
Rule 'pdflatex':  Reasons for rerun
Changed files or newly in use/created:
  SGA1_English_source_sync_workpass.aux
  SGA1_English_source_sync_workpass.toc

------------
Run number 3 of rule 'pdflatex'
------------
------------
Running 'pdflatex  -interaction=nonstopmode -halt-on-error -file-line-error -recorder  "SGA1_English_source_sync_workpass.tex"'
------------
This is pdfTeX, Version 3.141592653-2.6-1.40.29 (MiKTeX 26.5) (preloaded format=pdflatex.fmt)
 restricted \write18 enabled.
entering extended mode
(SGA1_English_source_sync_workpass.tex
LaTeX2e <2025-11-01>
L3 programming layer <2026-03-20>
(<LOCAL_HOME>\AppData\Local\Programs\MiKTeX\tex/latex/amscls\amsbook.cls
Document Class: amsbook 2020/05/29 v2.20.6
(<LOCAL_HOME>\AppData\Local\Programs\MiKTeX\tex/latex/amsmath\amsmath.sty
For additional information on amsmath, use the `?' option.
(<LOCAL_HOME>\AppData\Local\Programs\MiKTeX\tex/latex/amsmath\amstext.sty
(<LOCAL_HOME>\AppData\Local\Programs\MiKTeX\tex/latex/amsmath\amsgen.sty))
(<LOCAL_HOME>\AppData\Local\Programs\MiKTeX\tex/latex/amsmath\amsbsy.sty)
(<LOCAL_HOME>\AppData\Local\Programs\MiKTeX\tex/latex/amsmath\amsopn.sty))
(<LOCAL_HOME>\AppData\Local\Programs\MiKTeX\tex/latex/amsfonts\umsa.fd)
(<LOCAL_HOME>\AppData\Local\Programs\MiKTeX\tex/latex/amsfonts\amsfonts.sty)
) (<LOCAL_HOME>\AppData\Local\Programs\MiKTeX\tex/latex/base\fontenc.sty)
(<LOCAL_HOME>\AppData\Local\Programs\MiKTeX\tex/latex/base\inputenc.sty)
(<LOCAL_HOME>\AppData\Local\Programs\MiKTeX\tex/latex/lm\lmodern.sty)
(<LOCAL_HOME>\AppData\Local\Programs\MiKTeX\tex/latex/microtype\microtype.st
y (<LOCAL_HOME>\AppData\Local\Programs\MiKTeX\tex/latex/graphics\keyval.sty)
 (<LOCAL_HOME>\AppData\Local\Programs\MiKTeX\tex/latex/etoolbox\etoolbox.sty
)
(<LOCAL_HOME>\AppData\Local\Programs\MiKTeX\tex/latex/microtype\microtype-pd
ftex.def)
(<LOCAL_HOME>\AppData\Local\Programs\MiKTeX\tex/latex/microtype\microtype.cf
g))
(<LOCAL_HOME>\AppData\Local\Programs\MiKTeX\tex/latex/amsfonts\amssymb.sty)
(<LOCAL_HOME>\AppData\Local\Programs\MiKTeX\tex/latex/mathtools\mathtools.st
y (<LOCAL_HOME>\AppData\Local\Programs\MiKTeX\tex/latex/tools\calc.sty)
(<LOCAL_HOME>\AppData\Local\Programs\MiKTeX\tex/latex/mathtools\mhsetup.sty)
) (<LOCAL_HOME>\AppData\Local\Programs\MiKTeX\tex/latex/base\ifthen.sty)
(<LOCAL_HOME>\AppData\Local\Programs\MiKTeX\tex/generic/xypic\xy.sty
(<LOCAL_HOME>\AppData\Local\Programs\MiKTeX\tex/generic/xypic\xy.tex
Bootstrap'ing: catcodes, docmode,
(<LOCAL_HOME>\AppData\Local\Programs\MiKTeX\tex/generic/xypic\xyrecat.tex)
(<LOCAL_HOME>\AppData\Local\Programs\MiKTeX\tex/generic/xypic\xyidioms.tex)

 Xy-pic version 3.8.9 <2013/10/06>
 Copyright (c) 1991-2013 by Kristoffer H. Rose <krisrose@tug.org> and others
 Xy-pic is free software: see the User's Guide for details.

Loading kernel: messages; fonts; allocations: state, direction,
utility macros; pictures: \xy, positions, objects, decorations;
kernel objects: directionals, circles, text; options; algorithms: directions,
edges, connections;  Xy-pic loaded)
(<LOCAL_HOME>\AppData\Local\Programs\MiKTeX\tex/generic/iftex\ifpdf.sty
(<LOCAL_HOME>\AppData\Local\Programs\MiKTeX\tex/generic/iftex\iftex.sty))
(<LOCAL_HOME>\AppData\Local\Programs\MiKTeX\tex/generic/xypic\xyall.tex
 Xy-pic option: All features v.3.8
(<LOCAL_HOME>\AppData\Local\Programs\MiKTeX\tex/generic/xypic\xycurve.tex
 Xy-pic option: Curve and Spline extension v.3.12 curve, circles, loaded)
(<LOCAL_HOME>\AppData\Local\Programs\MiKTeX\tex/generic/xypic\xyframe.tex
 Xy-pic option: Frame and Bracket extension v.3.14 loaded)
(<LOCAL_HOME>\AppData\Local\Programs\MiKTeX\tex/generic/xypic\xycmtip.tex
 Xy-pic option: Computer Modern tip extension v.3.7
(<LOCAL_HOME>\AppData\Local\Programs\MiKTeX\tex/generic/xypic\xytips.tex
 Xy-pic option: More Tips extension v.3.11 loaded) loaded)
(<LOCAL_HOME>\AppData\Local\Programs\MiKTeX\tex/generic/xypic\xyline.tex
 Xy-pic option: Line styles extension v.3.10 loaded)
(<LOCAL_HOME>\AppData\Local\Programs\MiKTeX\tex/generic/xypic\xyrotate.tex
 Xy-pic option: Rotate and Scale extension v.3.8 loaded)
(<LOCAL_HOME>\AppData\Local\Programs\MiKTeX\tex/generic/xypic\xycolor.tex
 Xy-pic option: Colour extension v.3.11 loaded)
(<LOCAL_HOME>\AppData\Local\Programs\MiKTeX\tex/generic/xypic\xymatrix.tex
 Xy-pic option: Matrix feature v.3.14 loaded)
(<LOCAL_HOME>\AppData\Local\Programs\MiKTeX\tex/generic/xypic\xyarrow.tex
 Xy-pic option: Arrow and Path feature v.3.9 path, \ar, loaded)
(<LOCAL_HOME>\AppData\Local\Programs\MiKTeX\tex/generic/xypic\xygraph.tex
 Xy-pic option: Graph feature v.3.11 loaded) loaded)
(<LOCAL_HOME>\AppData\Local\Programs\MiKTeX\tex/generic/xypic\xypdf.tex
 Xy-pic option: PDF driver v.1.7 Xy-pic pdf driver: `color' extension support
(<LOCAL_HOME>\AppData\Local\Programs\MiKTeX\tex/generic/xypic\xypdf-co.tex
loaded) Xy-pic pdf driver: `curve' extension support
(<LOCAL_HOME>\AppData\Local\Programs\MiKTeX\tex/generic/xypic\xypdf-cu.tex
loaded) Xy-pic pdf driver: `frame' extension support
(<LOCAL_HOME>\AppData\Local\Programs\MiKTeX\tex/generic/xypic\xypdf-fr.tex
loaded) Xy-pic pdf driver: `line' extension support
(<LOCAL_HOME>\AppData\Local\Programs\MiKTeX\tex/generic/xypic\xypdf-li.tex
loaded) Xy-pic pdf driver: `rotate' extension support
(<LOCAL_HOME>\AppData\Local\Programs\MiKTeX\tex/generic/xypic\xypdf-ro.tex
loaded) loaded))
(<LOCAL_HOME>\AppData\Local\Programs\MiKTeX\tex/latex/geometry\geometry.sty
(<LOCAL_HOME>\AppData\Local\Programs\MiKTeX\tex/generic/iftex\ifvtex.sty)
(<LOCAL_HOME>\AppData\Local\Programs\MiKTeX\tex/latex/geometry\geometry.cfg)
)
(<LOCAL_HOME>\AppData\Local\Programs\MiKTeX\tex/latex/hyperref\hyperref.sty
(<LOCAL_HOME>\AppData\Local\Programs\MiKTeX\tex/latex/kvsetkeys\kvsetkeys.st
y)
(<LOCAL_HOME>\AppData\Local\Programs\MiKTeX\tex/generic/kvdefinekeys\kvdefin
ekeys.sty)
(<LOCAL_HOME>\AppData\Local\Programs\MiKTeX\tex/generic/pdfescape\pdfescape.
sty
(<LOCAL_HOME>\AppData\Local\Programs\MiKTeX\tex/generic/ltxcmds\ltxcmds.sty)

(<LOCAL_HOME>\AppData\Local\Programs\MiKTeX\tex/generic/pdftexcmds\pdftexcmd
s.sty
(<LOCAL_HOME>\AppData\Local\Programs\MiKTeX\tex/generic/infwarerr\infwarerr.
sty)))
(<LOCAL_HOME>\AppData\Local\Programs\MiKTeX\tex/latex/hycolor\hycolor.sty)
(<LOCAL_HOME>\AppData\Local\Programs\MiKTeX\tex/latex/hyperref\nameref.sty
(<LOCAL_HOME>\AppData\Local\Programs\MiKTeX\tex/latex/refcount\refcount.sty)

(<LOCAL_HOME>\AppData\Local\Programs\MiKTeX\tex/generic/gettitlestring\getti
tlestring.sty
(<LOCAL_HOME>\AppData\Local\Programs\MiKTeX\tex/latex/kvoptions\kvoptions.st
y)))
(<LOCAL_HOME>\AppData\Local\Programs\MiKTeX\tex/generic/stringenc\stringenc.
sty)
(<LOCAL_HOME>\AppData\Local\Programs\MiKTeX\tex/latex/hyperref\pd1enc.def)
(<LOCAL_HOME>\AppData\Local\Programs\MiKTeX\tex/generic/intcalc\intcalc.sty)
(<LOCAL_HOME>\AppData\Local\Programs\MiKTeX\tex/latex/hyperref\puenc.def)
(<LOCAL_HOME>\AppData\Local\Programs\MiKTeX\tex/latex/url\url.sty)
(<LOCAL_HOME>\AppData\Local\Programs\MiKTeX\tex/generic/bitset\bitset.sty
(<LOCAL_HOME>\AppData\Local\Programs\MiKTeX\tex/generic/bigintcalc\bigintcal
c.sty)))
(<LOCAL_HOME>\AppData\Local\Programs\MiKTeX\tex/latex/hyperref\hpdftex.def
(<LOCAL_HOME>\AppData\Local\Programs\MiKTeX\tex/latex/rerunfilecheck\rerunfi
lecheck.sty
(<LOCAL_HOME>\AppData\Local\Programs\MiKTeX\tex/generic/uniquecounter\unique
counter.sty)))
(<LOCAL_HOME>\AppData\Local\Programs\MiKTeX\tex/latex/bookmark\bookmark.sty
(<LOCAL_HOME>\AppData\Local\Programs\MiKTeX\tex/latex/l3backend\l3backend-pd
ftex.def)
(<LOCAL_HOME>\AppData\Local\Programs\MiKTeX\tex/latex/bookmark\bkm-pdftex.de
f))
(<LOCAL_HOME>\AppData\Local\Programs\MiKTeX\tex/generic/stringenc\se-pdfdoc.
def) (<LOCAL_HOME>\AppData\Local\Programs\MiKTeX\tex/latex/lm\t1lmr.fd)
(SGA1_English_source_sync_workpass.aux)
(<LOCAL_HOME>\AppData\Local\Programs\MiKTeX\tex/latex/lm\ot1lmr.fd)
(<LOCAL_HOME>\AppData\Local\Programs\MiKTeX\tex/latex/lm\omllmm.fd)
(<LOCAL_HOME>\AppData\Local\Programs\MiKTeX\tex/latex/lm\omslmsy.fd)
(<LOCAL_HOME>\AppData\Local\Programs\MiKTeX\tex/latex/lm\omxlmex.fd)
(<LOCAL_HOME>\AppData\Local\Programs\MiKTeX\tex/latex/amsfonts\umsa.fd)
(<LOCAL_HOME>\AppData\Local\Programs\MiKTeX\tex/latex/amsfonts\umsb.fd)
(<LOCAL_HOME>\AppData\Local\Programs\MiKTeX\tex/latex/microtype\mt-cmr.cfg)
(<LOCAL_HOME>\AppData\Local\Programs\MiKTeX\tex/latex/graphics\graphicx.sty
(<LOCAL_HOME>\AppData\Local\Programs\MiKTeX\tex/latex/graphics\graphics.sty
(<LOCAL_HOME>\AppData\Local\Programs\MiKTeX\tex/latex/graphics\trig.sty)
(<LOCAL_HOME>\AppData\Local\Programs\MiKTeX\tex/latex/graphics-cfg\graphics.
cfg)
(<LOCAL_HOME>\AppData\Local\Programs\MiKTeX\tex/latex/graphics-def\pdftex.de
f
(<LOCAL_HOME>\AppData\Local\Programs\MiKTeX\tex/context/base/mkii\supp-pdf.m
kii
[Loading MPS to PDF converter (version 2006.09.02).]
)))
(<LOCAL_HOME>\AppData\Local\Programs\MiKTeX\tex/latex/epstopdf-pkg\epstopdf-
base.sty
(<LOCAL_HOME>\AppData\Local\Programs\MiKTeX\tex/latex/00miktex\epstopdf-sys.
cfg)))
(<LOCAL_HOME>\AppData\Local\Programs\MiKTeX\tex/latex/microtype\mt-msa.cfg)
(<LOCAL_HOME>\AppData\Local\Programs\MiKTeX\tex/latex/microtype\mt-msb.cfg)
*geometry* driver: auto-detecting
*geometry* detected driver: pdftex
[0{<LOCAL_HOME>/AppData/Local/MiKTeX/fonts/map/pdftex/pdftex.map}{C:/Users/F
loris/AppData/Local/Programs/MiKTeX/fonts/enc/dvips/lm/lm-ec.enc}]
Contents
(SGA1_English_source_sync_workpass.toc [1{<LOCAL_HOME>/AppData/Local/Program
s/MiKTeX/fonts/enc/dvips/lm/lm-mathit.enc}] [2{<LOCAL_HOME>/AppData/Local/Pr
ograms/MiKTeX/fonts/enc/dvips/lm/lm-mathsy.enc}{<LOCAL_HOME>/AppData/Local/P
rograms/MiKTeX/fonts/enc/dvips/lm/lm-rm.enc}]) [3]
Chapter I
(<LOCAL_HOME>\AppData\Local\Programs\MiKTeX\tex/latex/amsfonts\ueuf.fd)
(<LOCAL_HOME>\AppData\Local\Programs\MiKTeX\tex/latex/microtype\mt-euf.cfg)
[1{<LOCAL_HOME>/AppData/Local/Programs/MiKTeX/fonts/enc/dvips/lm/lm-mathex.e
nc}] [2] [3] (drafts/SGA1_I_5_English_source_draft.texfrag [4] [5])
(drafts/SGA1_I_6_English_source_draft.texfrag [6])
(drafts/SGA1_I_7_English_source_draft.texfrag [7] [8] [9])
(drafts/SGA1_I_8_English_source_draft.texfrag [10])
(drafts/SGA1_I_9_1_English_source_draft.texfrag [11])
(drafts/SGA1_I_9_2_English_source_draft.texfrag)
(drafts/SGA1_I_9_3_English_source_draft.texfrag)
(drafts/SGA1_I_9_4_English_source_draft.texfrag [12])
(drafts/SGA1_I_9_5_English_source_draft.texfrag)
(drafts/SGA1_I_9_5_P1_English_source_draft.texfrag)
(drafts/SGA1_I_9_5_P2_English_source_draft.texfrag [13]
Overfull \hbox (1.90018pt too wide) in paragraph at lines 56--61
\T1/lmr/m/n/10.95 (-20) Consequently, $\OML/lmm/m/it/10.95 F$ \T1/lmr/m/n/10.95
 (-20) is sep-a-ra-ble over $\OML/lmm/m/it/10.95 K$\T1/lmr/m/n/10.95 (-20) , th
ough of course not nec-es-sar-ily sep-a-ra-ble over $\OML/lmm/m/it/10.95 A$\T1/
lmr/m/n/10.95 (-20) .(N.B.
) (drafts/SGA1_I_9_5_P3_English_source_draft.texfrag)
(drafts/SGA1_I_9_10_English_source_draft.texfrag [14])
(drafts/SGA1_I_9_11_English_source_draft.texfrag)
(drafts/SGA1_I_9_11_PROOF_English_source_draft.texfrag)
(drafts/SGA1_I_9_12_English_source_draft.texfrag)
(drafts/SGA1_I_9_12_NOTE_English_source_draft.texfrag)
(drafts/SGA1_I_9_12_STARRED_REMARK_English_source_draft.texfrag)
(drafts/SGA1_I_10_1_English_source_draft.texfrag)
(drafts/SGA1_I_10_1_PROOF_English_source_draft.texfrag)
(drafts/SGA1_I_10_2_English_source_draft.texfrag)
(drafts/SGA1_I_10_2_PROOF_English_source_draft.texfrag)
(drafts/SGA1_I_10_3_DEFINITION_English_source_draft.texfrag)
(drafts/SGA1_I_10_3_English_source_draft.texfrag [15])
(drafts/SGA1_I_10_3_PROOF_OPENING_English_source_draft.texfrag)
(drafts/SGA1_I_10_3_PROOF_AFFINE_REDUCTION_English_source_draft.texfrag)
(drafts/SGA1_I_10_3_SORITES_BRIDGE_English_source_draft.texfrag)
(drafts/SGA1_I_10_4_English_source_draft.texfrag)
(drafts/SGA1_I_10_5_English_source_draft.texfrag)
(drafts/SGA1_I_10_6_THROUGH_I_10_12_English.texfrag [16] [17])
(drafts/SGA1_I_11_English.texfrag [18] [19]) (drafts/SGA1_II_1_English.texfrag
[20]
Chapter II
[21]) (drafts/SGA1_II_2_English.texfrag [22] [23])
(drafts/SGA1_II_3_English.texfrag)
(drafts/SGA1_II_4_OPENING_THROUGH_4_8_English.texfrag [24] [25] [26])
(drafts/SGA1_II_4_9_THROUGH_4_13_English.texfrag [27] [28] [29])
(drafts/SGA1_II_4_LINES_3500_3727_English.texfrag [30] [31])
(drafts/SGA1_II_4_15_THROUGH_4_19_English.texfrag [32] [33] [34])
(drafts/SGA1_II_5_OPENING_THROUGH_5_5_English.texfrag [35])
(drafts/SGA1_II_5_6_THROUGH_5_7_English.texfrag [36])
(drafts/SGA1_II_5_8_THROUGH_5_10_English.texfrag [37])
(drafts/SGA1_II_ERRATA_AND_III_HEADING_English.texfrag [38]
Chapter III
) (drafts/SGA1_III_1_OPENING_THROUGH_1_3_English.texfrag [39])
(drafts/SGA1_III_1_4_THROUGH_1_9_English.texfrag [40] [41])
(drafts/SGA1_III_2_COMPLETE_English.texfrag
(drafts/SGA1_III_2_OPENING_THROUGH_PROOF_I_TO_III_English.texfrag [42])
[43] [44]) (drafts/SGA1_III_3_English.texfrag [45])
(drafts/SGA1_III_4_English.texfrag [46])
(drafts/SGA1_III_5_OPENING_THROUGH_5_2_English.texfrag [47] [48])
(drafts/SGA1_III_5_3_THROUGH_END_English.texfrag [49] [50])
(drafts/SGA1_III_6_OPENING_THROUGH_OBSTRUCTION_DERIVATION_English.texfrag
[51] [52]
pdfTeX warning (ext4): destination with the same identifier (name{equation.3.6.
1}) has been already used, duplicate ignored
<to be read again> 
                   \relax 
l.144 \begin{equation}
                      
pdfTeX warning (ext4): destination with the same identifier (name{equation.3.6.
1}) has been already used, duplicate ignored
<to be read again> 
                   \relax 
l.144 \begin{equation}
                      
pdfTeX warning (ext4): destination with the same identifier (name{equation.3.6.
1}) has been already used, duplicate ignored
<to be read again> 
                   \relax 
l.144 \begin{equation}
                      
pdfTeX warning (ext4): destination with the same identifier (name{equation.3.6.
1}) has been already used, duplicate ignored
<to be read again> 
                   \relax 
l.144 \begin{equation}
                      
pdfTeX warning (ext4): destination with the same identifier (name{equation.3.6.
1}) has been already used, duplicate ignored
<to be read again> 
                   \relax 
l.159 \begin{equation}
                      
pdfTeX warning (ext4): destination with the same identifier (name{equation.3.6.
1}) has been already used, duplicate ignored
<to be read again> 
                   \relax 
l.159 \begin{equation}
                      
pdfTeX warning (ext4): destination with the same identifier (name{equation.3.6.
1}) has been already used, duplicate ignored
<to be read again> 
                   \relax 
l.159 \begin{equation}
                      
pdfTeX warning (ext4): destination with the same identifier (name{equation.3.6.
1}) has been already used, duplicate ignored
<to be read again> 
                   \relax 
l.159 \begin{equation}
                      )
(drafts/SGA1_III_6_THEOREM_6_3_THROUGH_END_English.texfrag [53
pdfTeX warning (ext4): destination with the same identifier (name{equation.3.6.
1}) has been already used, duplicate ignored
<argument> ...shipout:D \box_use:N \l_shipout_box 
                                                  \__shipout_drop_firstpage_...
l.43 \[
       ]) (drafts/SGA1_III_7_English.texfrag [54]

Package hyperref Warning: Token not allowed in a PDF string (Unicode):
(hyperref)                removing `math shift' on input line 2.

[55] [56]) (drafts/SGA1_IV_INTRODUCTION_English.texfrag [57]
Chapter IV
) (drafts/SGA1_IV_1_English.texfrag [58] [59])
(drafts/SGA1_IV_2_English.texfrag [60] [61])
(drafts/SGA1_IV_3_AND_4_English.texfrag [62]) (drafts/SGA1_IV_5_English.texfrag
[63]
pdfTeX warning (ext4): destination with the same identifier (name{equation.4.5.
1}) has been already used, duplicate ignored
<to be read again> 
                   \relax 
l.126 \begin{equation}
                      
pdfTeX warning (ext4): destination with the same identifier (name{equation.4.5.
1}) has been already used, duplicate ignored
<to be read again> 
                   \relax 
l.126 \begin{equation}
                      
pdfTeX warning (ext4): destination with the same identifier (name{equation.4.5.
1}) has been already used, duplicate ignored
<to be read again> 
                   \relax 
l.126 \begin{equation}
                      
pdfTeX warning (ext4): destination with the same identifier (name{equation.4.5.
1}) has been already used, duplicate ignored
<to be read again> 
                   \relax 
l.126 \begin{equation}
                       [64] [65] [66]) (drafts/SGA1_IV_6_English.texfrag
[67] [68]) (drafts/SGA1_V_OPENING_THROUGH_1_4_English.texfrag [69]
Chapter V
[70])
Overfull \hbox (7.22949pt too wide) in paragraph at lines 143--668
[]\T1/lmr/m/n/10.95 (-20) Now sup-pose that $\OML/lmm/m/it/10.95 X$ \T1/lmr/m/n
/10.95 (-20) is a $\OML/lmm/m/it/10.95 Z$\T1/lmr/m/n/10.95 (-20) -prescheme and
 that the op-er-a-tions of $\OML/lmm/m/it/10.95 G$ \T1/lmr/m/n/10.95 (-20) are 
$\OML/lmm/m/it/10.95 Z$\T1/lmr/m/n/10.95 (-20) -automorphisms.
(drafts/SGA1_V_1_5_THROUGH_END_English.texfrag [71] [72
pdfTeX warning (ext4): destination with the same identifier (name{proposition.5
.1.7}) has been already used, duplicate ignored
<argument> ...shipout:D \box_use:N \l_shipout_box 
                                                  \__shipout_drop_firstpage_...
l.137 \]
        
pdfTeX warning (ext4): destination with the same identifier (name{proposition.5
.1.8}) has been already used, duplicate ignored
<argument> ...shipout:D \box_use:N \l_shipout_box 
                                                  \__shipout_drop_firstpage_...
l.137 \]
        ]) (drafts/SGA1_V_2_English.texfrag [73] [74] [75])
(drafts/SGA1_V_3_English.texfrag [76] <xymatrix 3x1 138> [77])
(drafts/SGA1_V_4_English.texfrag [78] [79] <xymatrix 3x2 287> [80] [81]
[82]) (drafts/SGA1_V_5_English.texfrag [83] [84] [85] <xymatrix 2x2 154>
[86]) (drafts/SGA1_V_6_English.texfrag [87] [88] [89])
(drafts/SGA1_V_7_THROUGH_9_English.texfrag [90]
Overfull \hbox (24.75935pt too wide) in paragraph at lines 79--89
[]\T1/lmr/m/n/10.95 (-20) Let $\OML/lmm/m/it/10.95 ^^Y[]\OT1/lmr/m/n/10.95 (-20
) (\OML/lmm/m/it/10.95 S\OT1/lmr/m/n/10.95 (-20) ; \OML/lmm/m/it/10.95 a; a[]\O
T1/lmr/m/n/10.95 (-20) )$ []\T1/lmr/m/n/10.95 (-20) de-note the set of isomorph
isms---or, equiv-a-lently, the set of homomorphisms---
[91] [92]) (drafts/SGA1_VI_OPENING_THROUGH_1_English.texfrag [93]
Chapter VI
[94]) (drafts/SGA1_VI_2_English.texfrag [95] <xymatrix 2x1 100> [96] [97])
(drafts/SGA1_VI_3_English.texfrag

Package hyperref Warning: Token not allowed in a PDF string (Unicode):
(hyperref)                removing `math shift' on input line 1.


Package hyperref Warning: Token not allowed in a PDF string (Unicode):
(hyperref)                removing `math shift' on input line 1.

[98] [99] <xymatrix 2x2 168> [100]) (drafts/SGA1_VI_4_English.texfrag

Package hyperref Warning: Token not allowed in a PDF string (Unicode):
(hyperref)                removing `math shift' on input line 2.

[101]) (drafts/SGA1_VI_5_English.texfrag [102] <xymatrix 2x2 194> [103])
(drafts/SGA1_VI_6_OPENING_English.texfrag [104])
(drafts/SGA1_VI_6_PROPOSITIONS_English.texfrag <xymatrix 2x2 154> [105]
[106]) (drafts/SGA1_VI_7_English.texfrag

Package hyperref Warning: Token not allowed in a PDF string (Unicode):
(hyperref)                removing `math shift' on input line 3.

[107] <xymatrix 3x2 190> <xymatrix 2x2 188> [108] <xymatrix 2x2 188>)
(drafts/SGA1_VI_8_English.texfrag

Package hyperref Warning: Token not allowed in a PDF string (Unicode):
(hyperref)                removing `math shift' on input line 2.


Package hyperref Warning: Token not allowed in a PDF string (Unicode):
(hyperref)                removing `superscript' on input line 2.


Package hyperref Warning: Token not allowed in a PDF string (Unicode):
(hyperref)                removing `\circ' on input line 2.


Package hyperref Warning: Token not allowed in a PDF string (Unicode):
(hyperref)                removing `\to' on input line 2.

[109] [110] <xymatrix 2x2 182> [111] <xymatrix 7x2 516>)
(drafts/SGA1_VI_9_English.texfrag

Package hyperref Warning: Token not allowed in a PDF string (Unicode):
(hyperref)                removing `math shift' on input line 2.


Package hyperref Warning: Token not allowed in a PDF string (Unicode):
(hyperref)                removing `superscript' on input line 2.


Package hyperref Warning: Token not allowed in a PDF string (Unicode):
(hyperref)                removing `\circ' on input line 2.


Package hyperref Warning: Token not allowed in a PDF string (Unicode):
(hyperref)                removing `\to' on input line 2.


Package hyperref Warning: Token not allowed in a PDF string (Unicode):
(hyperref)                removing `math shift' on input line 2.

[112]) (drafts/SGA1_VI_10_English.texfrag) (drafts/SGA1_VI_11_English.texfrag
[113] <xymatrix 2x2 194> [114] [115] [116]) (drafts/SGA1_VI_12_English.texfrag
<xymatrix 2x2 188> <xymatrix 2x2 188> [117] <xymatrix 2x2 188> [118] <xymatrix
7x2 523> <xymatrix 3x3 243> [119] [120]
Bibliography
) (drafts/SGA1_VIII_1_A_English.texfrag [121]
Chapter VIII
<xymatrix 2x1 80> <xymatrix 3x1 118> [122] <xymatrix 3x1 118> <xymatrix 2x1
80>) (drafts/SGA1_VIII_1_B_English.texfrag <xymatrix 3x1 118> [123] <xymatrix
2x1 80> <xymatrix 3x1 118> <xymatrix 3x1 118> [124] <xymatrix 3x1 118>)
(drafts/SGA1_VIII_2_English.texfrag [125]) (drafts/SGA1_VIII_3_English.texfrag

Package hyperref Warning: Token not allowed in a PDF string (Unicode):
(hyperref)                removing `\@ifnextchar' on input line 2.

[126] [127]) (drafts/SGA1_VIII_4_English.texfrag <xymatrix 3x1 118> <xymatrix
3x1 118> <xymatrix 3x1 118> <xymatrix 3x1 118> <xymatrix 3x1 118> [128]
Overfull \hbox (5.64276pt too wide) in paragraph at lines 163--179
[]\T1/lmr/m/n/10.95 (-20) If $\OML/lmm/m/it/10.95 Q$ \T1/lmr/m/n/10.95 (-20) is
 open (re-spec-tive-ly-closed), the same is true of $\OML/lmm/m/it/10.95 h[]\OT
1/lmr/m/n/10.95 (-20) (\OML/lmm/m/it/10.95 Q\OT1/lmr/m/n/10.95 (-20) )$\T1/lmr/
m/n/10.95 (-20) , and hence also of $\OML/lmm/m/it/10.95 f[]\OT1/lmr/m/n/10.95 
(-20) (\OML/lmm/m/it/10.95 h[]\OT1/lmr/m/n/10.95 (-20) (\OML/lmm/m/it/10.95 Q\O
T1/lmr/m/n/10.95 (-20) ))$
[129]) (drafts/SGA1_VIII_5_English.texfrag <xymatrix 3x1 118> <xymatrix 3x1
118> [130] <xymatrix 3x1 118> <xymatrix 2x1 80> <xymatrix 3x1 118> [131]
[132]) (drafts/SGA1_VIII_6_English.texfrag

Package hyperref Warning: Token not allowed in a PDF string (Unicode):
(hyperref)                removing `\@ifnextchar' on input line 1.

[133]) (drafts/SGA1_VIII_7_A_English.texfrag [134] <xymatrix 2x1 80> <xymatrix
2x1 80> <xymatrix 2x2 226> <xymatrix 2x2 168> [135] [136])
(drafts/SGA1_VIII_7_B_English.texfrag [137] [138] [139]
Bibliography
) (drafts/SGA1_IX_OPENING_AND_1_English.texfrag [140]
Chapter IX

Package hyperref Warning: Token not allowed in a PDF string (Unicode):
(hyperref)                removing `\\' on input line 1.

[141]) (drafts/SGA1_IX_2_English.texfrag [142] <xymatrix 3x1 118> [143])
(drafts/SGA1_IX_3_English.texfrag <xymatrix 3x1 118> [144])
(drafts/SGA1_IX_4_English.texfrag [145] [146] <xymatrix 2x1 80> <xymatrix 2x1
80> [147]) [148] (drafts/SGA1_IX_5_English.texfrag <xymatrix 7x1 262>
<xymatrix 7x1 265> <xymatrix 6x1 214>
Overfull \hbox (2.73114pt too wide) in paragraph at lines 86--97
\T1/lmr/m/n/10.95 (-20) The el-e-ments of $\OML/lmm/m/it/10.95 E[]$ \T1/lmr/m/n
/10.95 (-20) will be de-noted with one prime, as in $\OML/lmm/m/it/10.95 s[]$\T
1/lmr/m/n/10.95 (-20) , while those of $\OML/lmm/m/it/10.95 E[]$ \T1/lmr/m/n/10
.95 (-20) respectively$\OML/lmm/m/it/10.95 E[]$
[149] [150] [151]
Overfull \hbox (2.98529pt too wide) in paragraph at lines 364--368
[][]\T1/lmr/m/sc/10.95 (-20) Corollary \T1/lmr/m/n/10.95 (-20) IX.5.6\T1/lmr/m/
sc/10.95 (-20) . \T1/lmr/m/it/10.95 (-20) Let $\OML/lmm/m/it/10.95 g [] [] S[] 
\OMS/lmsy/m/n/10.95 ! \OML/lmm/m/it/10.95 S$ \T1/lmr/m/it/10.95 (-20) be a uni-
ver-sally sub-mer-sive mor-phism of preschemes
[152] [153]) (drafts/SGA1_IX_6_A_English.texfrag <xymatrix 3x2 264> [154]
[155]) (drafts/SGA1_IX_6_B_English.texfrag [156] [157] [158]
Bibliography
) (drafts/SGA1_X_OPENING_AND_1_A_English.texfrag [159]
Chapter X
[160]) (drafts/SGA1_X_1_B_English.texfrag [161] [162])
(drafts/SGA1_X_2_A_English.texfrag [163] <xymatrix 5x2 348> [164] [165])
(drafts/SGA1_X_2_B_English.texfrag [166] [167])
(drafts/SGA1_X_3_English.texfrag [168] [169] [170] [171] [172]
Bibliography
) (drafts/SGA1_XI_OPENING_AND_1_English.texfrag [173]
Chapter XI
(<LOCAL_HOME>\AppData\Local\Programs\MiKTeX\tex/latex/psnfss\t1ptm.fd)
(<LOCAL_HOME>\AppData\Local\Programs\MiKTeX\tex/latex/microtype\mt-ptm.cfg)
[174{<LOCAL_HOME>/AppData/Local/Programs/MiKTeX/fonts/enc/dvips/base/8r.enc}
]) (drafts/SGA1_XI_2_English.texfrag [175]) [176]
(drafts/SGA1_XI_3_English.texfrag [177]) (drafts/SGA1_XI_4_A_English.texfrag
[178] [179] <xymatrix 2x1 80> <xymatrix 2x1 115>)
(drafts/SGA1_XI_4_B_English.texfrag [180] [181] <xymatrix 4x1 139> <xymatrix
3x1 118>) (drafts/SGA1_XI_5_English.texfrag [182] [183])
(drafts/SGA1_XI_6_A_English.texfrag [184] [185])
(drafts/SGA1_XI_6_B_English.texfrag [186]
Overfull \hbox (1.78882pt too wide) in paragraph at lines 79--88
[][]\T1/lmr/m/sc/10.95 (-20) Corollary \T1/lmr/m/n/10.95 (-20) XI.6.10\T1/lmr/m
/sc/10.95 (-20) . \T1/lmr/m/it/10.95 (-20) Sup-pose that $\OML/lmm/m/it/10.95 }
\OT1/lmr/m/n/10.95 (-20) H[](\OML/lmm/m/it/10.95 S; \OMS/lmsy/m/n/10.95 O[]\OT1
/lmr/m/n/10.95 (-20) )[]H[](\OML/lmm/m/it/10.95 S; \OMS/lmsy/m/n/10.95 O[]\OT1/
lmr/m/n/10.95 (-20) )$\T1/lmr/m/it/10.95 (-20) , for ex-am-ple that $\OT1/lmr/m
/n/10.95 (-20) H[](\OML/lmm/m/it/10.95 S; \OMS/lmsy/m/n/10.95 O[]\OT1/lmr/m/n/1
0.95 (-20) )$
[187] [188]
Bibliography
) (drafts/SGA1_XII_OPENING_AND_1_English.texfrag [189]
Chapter XII
(<LOCAL_HOME>\AppData\Local\Programs\MiKTeX\tex/latex/amsfonts\ueus.fd)
(<LOCAL_HOME>\AppData\Local\Programs\MiKTeX\tex/latex/microtype\mt-eus.cfg)
[190] <xymatrix 2x2 174> [191]) (drafts/SGA1_XII_2_English.texfrag

Package hyperref Warning: Token not allowed in a PDF string (Unicode):
(hyperref)                removing `\hbox' on input line 2.

[192] [193]) (drafts/SGA1_XII_3_English.texfrag [194] [195])
(drafts/SGA1_XII_4_English.texfrag <xymatrix 2x2 182> [196] <xymatrix 6x2 526>
<xymatrix 2x2 188> [197] <xymatrix 2x2 154> [198])
(drafts/SGA1_XII_5_A_English.texfrag [199] [200])
(drafts/SGA1_XII_5_B_English.texfrag <xymatrix 5x3 378> [201] [202] [203]
Bibliography
) (drafts/SGA1_XIII_OPENING_AND_0_English.texfrag [204]
Chapter XIII

Package hyperref Warning: Token not allowed in a PDF string (Unicode):
(hyperref)                removing `\\' on input line 2.


Package hyperref Warning: Token not allowed in a PDF string (Unicode):
(hyperref)                removing `\\' on input line 2.

[205]) (drafts/SGA1_XIII_1_OPENING_THROUGH_1_4_English.texfrag <xymatrix 2x3
292> <xymatrix 2x2 182> [206] [207] [208])
(drafts/SGA1_XIII_1_5_AND_1_6_English.texfrag [209] <xymatrix 4x2 423>)
(drafts/SGA1_XIII_1_7_THROUGH_1_9_English.texfrag [210] <xymatrix 2x2 182>)
(drafts/SGA1_XIII_1_10_AND_1_11_English.texfrag <xymatrix 3x1 139> [211]
<xymatrix 7x1 259> <xymatrix 3x2 272> <xymatrix 2x2 182> <xymatrix 7x1 259>
<xymatrix 4x1 226> <xymatrix 7x1 259> [212] <xymatrix 3x1 118> <xymatrix 4x1
226> <xymatrix 4x1 226>) (drafts/SGA1_XIII_1_12_AND_1_13_English.texfrag
<xymatrix 3x1 118> [213] <xymatrix 4x1 226> <xymatrix 3x2 292> <xymatrix 4x2
635> <xymatrix 3x1 118> <xymatrix 4x1 226> [214] [215])
(drafts/SGA1_XIII_1_14_THROUGH_1_16_English.texfrag <xymatrix 2x2 182> [216])
(drafts/SGA1_XIII_2_0_English.texfrag [217])
(drafts/SGA1_XIII_2_1_English.texfrag [218] <xymatrix 2x2 137> [219]) [220]
(drafts/SGA1_XIII_2_2_OPENING_THROUGH_THEOREM_English.texfrag <xymatrix 2x2
137> [221] [222]
Overfull \hbox (10.6072pt too wide) in paragraph at lines 221--223
[]\T1/lmr/m/it/10.95 (-20) If $\OML/lmm/m/it/10.95 F$ \T1/lmr/m/it/10.95 (-20) 
is a con-structible sheaf of sets (re-spec-tive-ly-groups), then $\OML/lmm/m/it
/10.95 i[]F$ \T1/lmr/m/it/10.95 (-20) (respectively$\OT1/lmr/m/n/10.95 (-20) R[
]\OML/lmm/m/it/10.95 i[]F$\T1/lmr/m/it/10.95 (-20) )
<xymatrix 6x3 440>) (drafts/SGA1_XIII_2_4_PROOF_English.texfrag [223] [224])
(drafts/SGA1_XIII_2_5_THROUGH_2_9_English.texfrag [225] [226] <xymatrix 2x2
137> <xymatrix 2x2 137>)
Overfull \hbox (1.8294pt too wide) in paragraph at lines 257--802
[]\T1/lmr/m/n/10.95 (-20) The corol-lary fol-lows from []XIII.2.8[][] and from 
the fact that $\OT1/lmr/m/n/10.95 (-20) R[]\OML/lmm/m/it/10.95 f[]\OMS/lmsy/m/n
/10.95 F \OT1/lmr/m/n/10.95 (-20) = R[]\OML/lmm/m/it/10.95 f[]\OMS/lmsy/m/n/10.
95 F$ \T1/lmr/m/n/10.95 (-20) ([]XIII.2.3[][] b)).

Underfull \hbox (badness 10000) in paragraph at lines 257--802

(drafts/SGA1_XIII_2_3_English.texfrag [227] <xymatrix 3x2 285>
Overfull \hbox (8.16196pt too wide) in paragraph at lines 47--52
\T1/lmr/m/n/10.95 (-20) (V []V.7[][] and []XIII.2.-1.-1.2[][]). The hy-pothe-se
s of co-ho-mo-log-i-cal proper-ness (re-spec-tively[]XIII.2.8[][])
<xymatrix 2x2 168> [228] [229])
(drafts/SGA1_XIII_3_OPENING_AND_CASE1_English.texfrag [230] <xymatrix 3x1 118>
[231] <xymatrix 2x2 137> <xymatrix 2x2 137>)
(drafts/SGA1_XIII_3_CASE2_AND_CASE3_A_English.texfrag [232] <xymatrix 3x1 118>
<xymatrix 2x2 137>
Underfull \vbox (badness 10000) has occurred while \output is active [233]
<xymatrix 4x1 226> <xymatrix 2x2 137> [234])
(drafts/SGA1_XIII_3_CASE3_B_THROUGH_3_1_3_English.texfrag [235] <xymatrix 4x1
136> [236] <xymatrix 2x2 184> [237])
(drafts/SGA1_XIII_3_COROLLARIES_English.texfrag <xymatrix 2x2 181> [238]
<xymatrix 2x3 299> <xymatrix 5x3 1184> <xymatrix 4x2 614> [239])
(drafts/SGA1_XIII_4_OPENING_AND_0_English.texfrag [240] [241] [242])
(drafts/SGA1_XIII_4_1_English.texfrag [243])
(drafts/SGA1_XIII_4_2_English.texfrag <xymatrix 3x2 284> [244] <xymatrix 5x2
382> [245] [246]) (drafts/SGA1_XIII_APPENDIX_I_A_English.texfrag [247] [248])
(drafts/SGA1_XIII_APPENDIX_I_B_English.texfrag [249] <xymatrix 3x2 299>
<xymatrix 2x2 168> [250] <xymatrix 3x2 199>)
(drafts/SGA1_XIII_APPENDIX_II_AND_BIBLIOGRAPHY_English.texfrag [251] <xymatrix
3x2 325> [252] [253]
Bibliography
[254]
No file SGA1_English_source_sync_workpass.ind.
Index of Notation
[255]) (SGA1_English_source_sync_workpass.aux) )
(see the transcript file for additional information)
pdfTeX warning (dest): name{Hfootnote.2} has been referenced but does not exist
, replaced by a fixed one


pdfTeX warning (dest): name{Hfootnote.1} has been referenced but does not exist
, replaced by a fixed one

<<LOCAL_HOME>/AppData/Local/Programs/MiKTeX/fonts/type1/public/amsfonts/eule
r/eufm10.pfb><<LOCAL_HOME>/AppData/Local/Programs/MiKTeX/fonts/type1/public/
amsfonts/euler/eusm10.pfb><<LOCAL_HOME>/AppData/Local/Programs/MiKTeX/fonts/
type1/public/amsfonts/euler/eusm7.pfb><<LOCAL_HOME>/AppData/Local/Programs/M
iKTeX/fonts/type1/public/lm/lmbx10.pfb><<LOCAL_HOME>/AppData/Local/Programs/
MiKTeX/fonts/type1/public/lm/lmbx12.pfb><<LOCAL_HOME>/AppData/Local/Programs
/MiKTeX/fonts/type1/public/lm/lmbx8.pfb><<LOCAL_HOME>/AppData/Local/Programs
/MiKTeX/fonts/type1/public/lm/lmbx9.pfb><<LOCAL_HOME>/AppData/Local/Programs
/MiKTeX/fonts/type1/public/lm/lmbxi10.pfb><<LOCAL_HOME>/AppData/Local/Progra
ms/MiKTeX/fonts/type1/public/lm/lmcsc10.pfb><<LOCAL_HOME>/AppData/Local/Prog
rams/MiKTeX/fonts/type1/public/lm/lmex10.pfb><<LOCAL_HOME>/AppData/Local/Pro
grams/MiKTeX/fonts/type1/public/lm/lmmi10.pfb><<LOCAL_HOME>/AppData/Local/Pr
ograms/MiKTeX/fonts/type1/public/lm/lmmi6.pfb><<LOCAL_HOME>/AppData/Local/Pr
ograms/MiKTeX/fonts/type1/public/lm/lmmi8.pfb><<LOCAL_HOME>/AppData/Local/Pr
ograms/MiKTeX/fonts/type1/public/lm/lmmi9.pfb><<LOCAL_HOME>/AppData/Local/Pr
ograms/MiKTeX/fonts/type1/public/lm/lmmib10.pfb><<LOCAL_HOME>/AppData/Local/
Programs/MiKTeX/fonts/type1/public/lm/lmr10.pfb><<LOCAL_HOME>/AppData/Local/
Programs/MiKTeX/fonts/type1/public/lm/lmr12.pfb><<LOCAL_HOME>/AppData/Local/
Programs/MiKTeX/fonts/type1/public/lm/lmr17.pfb><<LOCAL_HOME>/AppData/Local/
Programs/MiKTeX/fonts/type1/public/lm/lmr6.pfb><<LOCAL_HOME>/AppData/Local/P
rograms/MiKTeX/fonts/type1/public/lm/lmr8.pfb><<LOCAL_HOME>/AppData/Local/Pr
ograms/MiKTeX/fonts/type1/public/lm/lmr9.pfb><<LOCAL_HOME>/AppData/Local/Pro
grams/MiKTeX/fonts/type1/public/lm/lmri10.pfb><<LOCAL_HOME>/AppData/Local/Pr
ograms/MiKTeX/fonts/type1/public/lm/lmri8.pfb><<LOCAL_HOME>/AppData/Local/Pr
ograms/MiKTeX/fonts/type1/public/lm/lmri9.pfb><<LOCAL_HOME>/AppData/Local/Pr
ograms/MiKTeX/fonts/type1/public/lm/lmsy10.pfb><<LOCAL_HOME>/AppData/Local/P
rograms/MiKTeX/fonts/type1/public/lm/lmsy5.pfb><<LOCAL_HOME>/AppData/Local/P
rograms/MiKTeX/fonts/type1/public/lm/lmsy6.pfb><<LOCAL_HOME>/AppData/Local/P
rograms/MiKTeX/fonts/type1/public/lm/lmsy8.pfb><<LOCAL_HOME>/AppData/Local/P
rograms/MiKTeX/fonts/type1/public/lm/lmsy9.pfb><<LOCAL_HOME>/AppData/Local/P
rograms/MiKTeX/fonts/type1/public/amsfonts/symbols/msam10.pfb><<LOCAL_HOME>/
AppData/Local/Programs/MiKTeX/fonts/type1/public/amsfonts/symbols/msbm10.pfb><C
:/Users/Floris/AppData/Local/Programs/MiKTeX/fonts/type1/public/amsfonts/symbol
s/msbm7.pfb><<LOCAL_HOME>/AppData/Local/Programs/MiKTeX/fonts/type1/urw/time
s/utmb8a.pfb><<LOCAL_HOME>/AppData/Local/Programs/MiKTeX/fonts/type1/public/
xypic/xyatip10.pfb><<LOCAL_HOME>/AppData/Local/Programs/MiKTeX/fonts/type1/p
ublic/xypic/xybtip10.pfb>
Output written on SGA1_English_source_sync_workpass.pdf (259 pages, 2490530 byt
es).
Transcript written on SGA1_English_source_sync_workpass.log.
Latexmk: Getting log file 'SGA1_English_source_sync_workpass.log'
Latexmk: Examining 'SGA1_English_source_sync_workpass.fls'
Latexmk: Examining 'SGA1_English_source_sync_workpass.log'
Latexmk: Missing input file 'SGA1_English_source_sync_workpass.ind' message in .log file:
  No file SGA1_English_source_sync_workpass.ind.
Latexmk: Log file says output to 'SGA1_English_source_sync_workpass.pdf'
Latexmk: Log file says output to 'SGA1_English_source_sync_workpass.pdf'
Latexmk: Summary of warnings from last run of *latex:
  Latex failed to resolve 2 reference(s)
Latexmk: ====Problematic refs and citations with line #s in .tex file:
  name{Hfootnote.2} has been referenced but does not exist, replaced by a fixed one
  name{Hfootnote.1} has been referenced but does not exist, replaced by a fixed one
Latexmk: All targets (SGA1_English_source_sync_workpass.pdf) are up-to-date

Reverting Windows console CPs to (in,out) = (437,65001)
