Initial Win CP for (console input, console output, system): (CP437, CP65001, CP1252)
I changed them all to CP1252
Rc files read (in order):
  NONE
Latexmk: This is Latexmk, John Collins, 9 March 2026. Version 4.88.
No existing .aux file, so I'll make a simple one, and require run of *latex.
Latexmk: applying rule 'xelatex'...
Rule 'xelatex':  Reasons for rerun
Category 'other':
  Rerun of 'xelatex' forced or previously required:
    Reason or flag: 'Initial setup'

------------
Run number 1 of rule 'xelatex'
------------
------------
Running 'xelatex -no-pdf -interaction=nonstopmode -halt-on-error -file-line-error -recorder  "SGA3_English_Complete_Reader_Native_Update_R18_20260729.tex"'
------------
This is XeTeX, Version 3.141592653-2.6-0.999998 (MiKTeX 26.5) (preloaded format=xelatex.fmt)
 restricted \write18 enabled.
entering extended mode
(SGA3_English_Complete_Reader_Native_Update_R18_20260729.tex
LaTeX2e <2025-11-01>
L3 programming layer <2026-03-20>
(<LOCAL_HOME>\AppData\Local\Programs\MiKTeX\tex/latex/base\book.cls
Document Class: book 2025/01/22 v1.4n Standard LaTeX document class
(<LOCAL_HOME>\AppData\Local\Programs\MiKTeX\tex/latex/base\bk11.clo))
(<LOCAL_HOME>\AppData\Local\Programs\MiKTeX\tex/latex/base\fontenc.sty
(<LOCAL_HOME>\AppData\Local\Programs\MiKTeX\tex/latex/lm\t1lmr.fd))
(<LOCAL_HOME>\AppData\Local\Programs\MiKTeX\tex/latex/lm\lmodern.sty)
(<LOCAL_HOME>\AppData\Local\Programs\MiKTeX\tex/latex/base\inputenc.sty

Package inputenc Warning: inputenc package ignored with utf8 based engines.

) (<LOCAL_HOME>\AppData\Local\Programs\MiKTeX\tex/generic/babel\babel.sty
(<LOCAL_HOME>\AppData\Local\Programs\MiKTeX\tex/generic/babel\xebabel.def)
*************************************
* Local config file bblopts.cfg used
*
(<LOCAL_HOME>\AppData\Local\Programs\MiKTeX\tex/latex/arabi\bblopts.cfg)
(<LOCAL_HOME>\AppData\Local\Programs\MiKTeX\tex/generic/babel/locale/en\babe
l-english.tex)
(<LOCAL_HOME>\AppData\Local\Programs\MiKTeX\tex/latex/babel-english\english.
ldf))
(<LOCAL_HOME>\AppData\Local\Programs\MiKTeX\tex/latex/geometry\geometry.sty
(<LOCAL_HOME>\AppData\Local\Programs\MiKTeX\tex/latex/graphics\keyval.sty)
(<LOCAL_HOME>\AppData\Local\Programs\MiKTeX\tex/generic/iftex\ifvtex.sty
(<LOCAL_HOME>\AppData\Local\Programs\MiKTeX\tex/generic/iftex\iftex.sty))
(<LOCAL_HOME>\AppData\Local\Programs\MiKTeX\tex/latex/geometry\geometry.cfg)
) (<LOCAL_HOME>\AppData\Local\Programs\MiKTeX\tex/latex/amsmath\amsmath.sty
For additional information on amsmath, use the `?' option.
(<LOCAL_HOME>\AppData\Local\Programs\MiKTeX\tex/latex/amsmath\amstext.sty
(<LOCAL_HOME>\AppData\Local\Programs\MiKTeX\tex/latex/amsmath\amsgen.sty))
(<LOCAL_HOME>\AppData\Local\Programs\MiKTeX\tex/latex/amsmath\amsbsy.sty)
(<LOCAL_HOME>\AppData\Local\Programs\MiKTeX\tex/latex/amsmath\amsopn.sty))
(<LOCAL_HOME>\AppData\Local\Programs\MiKTeX\tex/latex/amsfonts\amssymb.sty
(<LOCAL_HOME>\AppData\Local\Programs\MiKTeX\tex/latex/amsfonts\amsfonts.sty)
) (<LOCAL_HOME>\AppData\Local\Programs\MiKTeX\tex/latex/amscls\amsthm.sty)
(<LOCAL_HOME>\AppData\Local\Programs\MiKTeX\tex/latex/jknappen\mathrsfs.sty)

(<LOCAL_HOME>\AppData\Local\Programs\MiKTeX\tex/latex/mathtools\mathtools.st
y (<LOCAL_HOME>\AppData\Local\Programs\MiKTeX\tex/latex/tools\calc.sty)
(<LOCAL_HOME>\AppData\Local\Programs\MiKTeX\tex/latex/mathtools\mhsetup.sty)
)
(<LOCAL_HOME>\AppData\Local\Programs\MiKTeX\tex/latex/stmaryrd\stmaryrd.sty)
 (<LOCAL_HOME>\AppData\Local\Programs\MiKTeX\tex/latex/tikz-cd\tikz-cd.sty
(<LOCAL_HOME>\AppData\Local\Programs\MiKTeX\tex/latex/pgf/frontendlayer\tikz
.sty
(<LOCAL_HOME>\AppData\Local\Programs\MiKTeX\tex/latex/pgf/basiclayer\pgf.sty

(<LOCAL_HOME>\AppData\Local\Programs\MiKTeX\tex/latex/pgf/utilities\pgfrcs.s
ty
(<LOCAL_HOME>\AppData\Local\Programs\MiKTeX\tex/generic/pgf/utilities\pgfuti
l-common.tex)
(<LOCAL_HOME>\AppData\Local\Programs\MiKTeX\tex/generic/pgf/utilities\pgfuti
l-latex.def)
(<LOCAL_HOME>\AppData\Local\Programs\MiKTeX\tex/generic/pgf/utilities\pgfrcs
.code.tex
(<LOCAL_HOME>\AppData\Local\Programs\MiKTeX\tex/generic/pgf\pgf.revision.tex
)))
(<LOCAL_HOME>\AppData\Local\Programs\MiKTeX\tex/latex/pgf/basiclayer\pgfcore
.sty
(<LOCAL_HOME>\AppData\Local\Programs\MiKTeX\tex/latex/graphics\graphicx.sty
(<LOCAL_HOME>\AppData\Local\Programs\MiKTeX\tex/latex/graphics\graphics.sty
(<LOCAL_HOME>\AppData\Local\Programs\MiKTeX\tex/latex/graphics\trig.sty)
(<LOCAL_HOME>\AppData\Local\Programs\MiKTeX\tex/latex/graphics-cfg\graphics.
cfg)
(<LOCAL_HOME>\AppData\Local\Programs\MiKTeX\tex/latex/graphics-def\xetex.def
)))
(<LOCAL_HOME>\AppData\Local\Programs\MiKTeX\tex/latex/pgf/systemlayer\pgfsys
.sty
(<LOCAL_HOME>\AppData\Local\Programs\MiKTeX\tex/generic/pgf/systemlayer\pgfs
ys.code.tex
(<LOCAL_HOME>\AppData\Local\Programs\MiKTeX\tex/generic/pgf/utilities\pgfkey
s.code.tex
(<LOCAL_HOME>\AppData\Local\Programs\MiKTeX\tex/generic/pgf/utilities\pgfkey
slibraryfiltered.code.tex))
(<LOCAL_HOME>\AppData\Local\Programs\MiKTeX\tex/generic/pgf/systemlayer\pgf.
cfg)
(<LOCAL_HOME>\AppData\Local\Programs\MiKTeX\tex/generic/pgf/systemlayer\pgfs
ys-xetex.def
(<LOCAL_HOME>\AppData\Local\Programs\MiKTeX\tex/generic/pgf/systemlayer\pgfs
ys-dvipdfmx.def
(<LOCAL_HOME>\AppData\Local\Programs\MiKTeX\tex/generic/pgf/systemlayer\pgfs
ys-common-pdf.def))))
(<LOCAL_HOME>\AppData\Local\Programs\MiKTeX\tex/generic/pgf/systemlayer\pgfs
yssoftpath.code.tex)
(<LOCAL_HOME>\AppData\Local\Programs\MiKTeX\tex/generic/pgf/systemlayer\pgfs
ysprotocol.code.tex))
(<LOCAL_HOME>\AppData\Local\Programs\MiKTeX\tex/latex/xcolor\xcolor.sty
(<LOCAL_HOME>\AppData\Local\Programs\MiKTeX\tex/latex/graphics-cfg\color.cfg
)
(<LOCAL_HOME>\AppData\Local\Programs\MiKTeX\tex/latex/graphics\mathcolor.ltx
))
(<LOCAL_HOME>\AppData\Local\Programs\MiKTeX\tex/generic/pgf/basiclayer\pgfco
re.code.tex
(<LOCAL_HOME>\AppData\Local\Programs\MiKTeX\tex/generic/pgf/math\pgfmath.cod
e.tex
(<LOCAL_HOME>\AppData\Local\Programs\MiKTeX\tex/generic/pgf/math\pgfmathutil
.code.tex)
(<LOCAL_HOME>\AppData\Local\Programs\MiKTeX\tex/generic/pgf/math\pgfmathpars
er.code.tex)
(<LOCAL_HOME>\AppData\Local\Programs\MiKTeX\tex/generic/pgf/math\pgfmathfunc
tions.code.tex)
(<LOCAL_HOME>\AppData\Local\Programs\MiKTeX\tex/generic/pgf/math\pgfmathfunc
tions.basic.code.tex)
(<LOCAL_HOME>\AppData\Local\Programs\MiKTeX\tex/generic/pgf/math\pgfmathfunc
tions.trigonometric.code.tex)
(<LOCAL_HOME>\AppData\Local\Programs\MiKTeX\tex/generic/pgf/math\pgfmathfunc
tions.random.code.tex)
(<LOCAL_HOME>\AppData\Local\Programs\MiKTeX\tex/generic/pgf/math\pgfmathfunc
tions.comparison.code.tex)
(<LOCAL_HOME>\AppData\Local\Programs\MiKTeX\tex/generic/pgf/math\pgfmathfunc
tions.base.code.tex)
(<LOCAL_HOME>\AppData\Local\Programs\MiKTeX\tex/generic/pgf/math\pgfmathfunc
tions.round.code.tex)
(<LOCAL_HOME>\AppData\Local\Programs\MiKTeX\tex/generic/pgf/math\pgfmathfunc
tions.misc.code.tex)
(<LOCAL_HOME>\AppData\Local\Programs\MiKTeX\tex/generic/pgf/math\pgfmathfunc
tions.integerarithmetics.code.tex)
(<LOCAL_HOME>\AppData\Local\Programs\MiKTeX\tex/generic/pgf/math\pgfmathcalc
.code.tex)
(<LOCAL_HOME>\AppData\Local\Programs\MiKTeX\tex/generic/pgf/math\pgfmathfloa
t.code.tex))
(<LOCAL_HOME>\AppData\Local\Programs\MiKTeX\tex/generic/pgf/math\pgfint.code
.tex)
(<LOCAL_HOME>\AppData\Local\Programs\MiKTeX\tex/generic/pgf/basiclayer\pgfco
repoints.code.tex)
(<LOCAL_HOME>\AppData\Local\Programs\MiKTeX\tex/generic/pgf/basiclayer\pgfco
repathconstruct.code.tex)
(<LOCAL_HOME>\AppData\Local\Programs\MiKTeX\tex/generic/pgf/basiclayer\pgfco
repathusage.code.tex)
(<LOCAL_HOME>\AppData\Local\Programs\MiKTeX\tex/generic/pgf/basiclayer\pgfco
rescopes.code.tex)
(<LOCAL_HOME>\AppData\Local\Programs\MiKTeX\tex/generic/pgf/basiclayer\pgfco
regraphicstate.code.tex)
(<LOCAL_HOME>\AppData\Local\Programs\MiKTeX\tex/generic/pgf/basiclayer\pgfco
retransformations.code.tex)
(<LOCAL_HOME>\AppData\Local\Programs\MiKTeX\tex/generic/pgf/basiclayer\pgfco
requick.code.tex)
(<LOCAL_HOME>\AppData\Local\Programs\MiKTeX\tex/generic/pgf/basiclayer\pgfco
reobjects.code.tex)
(<LOCAL_HOME>\AppData\Local\Programs\MiKTeX\tex/generic/pgf/basiclayer\pgfco
repathprocessing.code.tex)
(<LOCAL_HOME>\AppData\Local\Programs\MiKTeX\tex/generic/pgf/basiclayer\pgfco
rearrows.code.tex)
(<LOCAL_HOME>\AppData\Local\Programs\MiKTeX\tex/generic/pgf/basiclayer\pgfco
reshade.code.tex)
(<LOCAL_HOME>\AppData\Local\Programs\MiKTeX\tex/generic/pgf/basiclayer\pgfco
reimage.code.tex)
(<LOCAL_HOME>\AppData\Local\Programs\MiKTeX\tex/generic/pgf/basiclayer\pgfco
reexternal.code.tex)
(<LOCAL_HOME>\AppData\Local\Programs\MiKTeX\tex/generic/pgf/basiclayer\pgfco
relayers.code.tex)
(<LOCAL_HOME>\AppData\Local\Programs\MiKTeX\tex/generic/pgf/basiclayer\pgfco
retransparency.code.tex)
(<LOCAL_HOME>\AppData\Local\Programs\MiKTeX\tex/generic/pgf/basiclayer\pgfco
repatterns.code.tex)
(<LOCAL_HOME>\AppData\Local\Programs\MiKTeX\tex/generic/pgf/basiclayer\pgfco
rerdf.code.tex)))
(<LOCAL_HOME>\AppData\Local\Programs\MiKTeX\tex/generic/pgf/modules\pgfmodul
eshapes.code.tex)
(<LOCAL_HOME>\AppData\Local\Programs\MiKTeX\tex/generic/pgf/modules\pgfmodul
eplot.code.tex)
(<LOCAL_HOME>\AppData\Local\Programs\MiKTeX\tex/latex/pgf/compatibility\pgfc
omp-version-0-65.sty)
(<LOCAL_HOME>\AppData\Local\Programs\MiKTeX\tex/latex/pgf/compatibility\pgfc
omp-version-1-18.sty))
(<LOCAL_HOME>\AppData\Local\Programs\MiKTeX\tex/latex/pgf/utilities\pgffor.s
ty
(<LOCAL_HOME>\AppData\Local\Programs\MiKTeX\tex/latex/pgf/utilities\pgfkeys.
sty
(<LOCAL_HOME>\AppData\Local\Programs\MiKTeX\tex/generic/pgf/utilities\pgfkey
s.code.tex))
(<LOCAL_HOME>\AppData\Local\Programs\MiKTeX\tex/latex/pgf/math\pgfmath.sty
(<LOCAL_HOME>\AppData\Local\Programs\MiKTeX\tex/generic/pgf/math\pgfmath.cod
e.tex))
(<LOCAL_HOME>\AppData\Local\Programs\MiKTeX\tex/generic/pgf/utilities\pgffor
.code.tex))
(<LOCAL_HOME>\AppData\Local\Programs\MiKTeX\tex/generic/pgf/frontendlayer/ti
kz\tikz.code.tex
(<LOCAL_HOME>\AppData\Local\Programs\MiKTeX\tex/generic/pgf/libraries\pgflib
raryplothandlers.code.tex)
(<LOCAL_HOME>\AppData\Local\Programs\MiKTeX\tex/generic/pgf/modules\pgfmodul
ematrix.code.tex)
(<LOCAL_HOME>\AppData\Local\Programs\MiKTeX\tex/generic/pgf/frontendlayer/ti
kz/libraries\tikzlibrarytopaths.code.tex)))
(<LOCAL_HOME>\AppData\Local\Programs\MiKTeX\tex/latex/tikz-cd\tikzlibrarycd.
code.tex
(<LOCAL_HOME>\AppData\Local\Programs\MiKTeX\tex/generic/pgf/frontendlayer/ti
kz/libraries\tikzlibrarymatrix.code.tex)
(<LOCAL_HOME>\AppData\Local\Programs\MiKTeX\tex/generic/pgf/frontendlayer/ti
kz/libraries\tikzlibraryquotes.code.tex)
(<LOCAL_HOME>\AppData\Local\Programs\MiKTeX\tex/generic/pgf/libraries\pgflib
raryarrows.meta.code.tex)))
(<LOCAL_HOME>\AppData\Local\Programs\MiKTeX\tex/generic/pgf/frontendlayer/ti
kz/libraries\tikzlibrarycalc.code.tex)
(<LOCAL_HOME>\AppData\Local\Programs\MiKTeX\tex/generic/pgf/frontendlayer/ti
kz/libraries\tikzlibrarydecorations.pathmorphing.code.tex
(<LOCAL_HOME>\AppData\Local\Programs\MiKTeX\tex/generic/pgf/frontendlayer/ti
kz/libraries\tikzlibrarydecorations.code.tex
(<LOCAL_HOME>\AppData\Local\Programs\MiKTeX\tex/generic/pgf/modules\pgfmodul
edecorations.code.tex))
(<LOCAL_HOME>\AppData\Local\Programs\MiKTeX\tex/generic/pgf/libraries/decora
tions\pgflibrarydecorations.pathmorphing.code.tex))
(<LOCAL_HOME>\AppData\Local\Programs\MiKTeX\tex/generic/pgf/frontendlayer/ti
kz/libraries\tikzlibrarypositioning.code.tex)
(<LOCAL_HOME>\AppData\Local\Programs\MiKTeX\tex/latex/float\float.sty)
(<LOCAL_HOME>\AppData\Local\Programs\MiKTeX\tex/latex/enumitem\enumitem.sty)
 (<LOCAL_HOME>\AppData\Local\Programs\MiKTeX\tex/latex/tools\multicol.sty)
(<LOCAL_HOME>\AppData\Local\Programs\MiKTeX\tex/latex/etoolbox\etoolbox.sty)
 (<LOCAL_HOME>\AppData\Local\Programs\MiKTeX\tex/latex/hyperref\hyperref.sty

(<LOCAL_HOME>\AppData\Local\Programs\MiKTeX\tex/latex/kvsetkeys\kvsetkeys.st
y)
(<LOCAL_HOME>\AppData\Local\Programs\MiKTeX\tex/generic/kvdefinekeys\kvdefin
ekeys.sty)
(<LOCAL_HOME>\AppData\Local\Programs\MiKTeX\tex/generic/pdfescape\pdfescape.
sty
(<LOCAL_HOME>\AppData\Local\Programs\MiKTeX\tex/generic/ltxcmds\ltxcmds.sty)

(<LOCAL_HOME>\AppData\Local\Programs\MiKTeX\tex/generic/pdftexcmds\pdftexcmd
s.sty
(<LOCAL_HOME>\AppData\Local\Programs\MiKTeX\tex/generic/infwarerr\infwarerr.
sty)))
(<LOCAL_HOME>\AppData\Local\Programs\MiKTeX\tex/latex/hycolor\hycolor.sty)
(<LOCAL_HOME>\AppData\Local\Programs\MiKTeX\tex/latex/hyperref\nameref.sty
(<LOCAL_HOME>\AppData\Local\Programs\MiKTeX\tex/latex/refcount\refcount.sty)

(<LOCAL_HOME>\AppData\Local\Programs\MiKTeX\tex/generic/gettitlestring\getti
tlestring.sty
(<LOCAL_HOME>\AppData\Local\Programs\MiKTeX\tex/latex/kvoptions\kvoptions.st
y)))
(<LOCAL_HOME>\AppData\Local\Programs\MiKTeX\tex/generic/stringenc\stringenc.
sty)
(<LOCAL_HOME>\AppData\Local\Programs\MiKTeX\tex/latex/hyperref\pd1enc.def)
(<LOCAL_HOME>\AppData\Local\Programs\MiKTeX\tex/generic/intcalc\intcalc.sty)
(<LOCAL_HOME>\AppData\Local\Programs\MiKTeX\tex/latex/hyperref\puenc.def)
(<LOCAL_HOME>\AppData\Local\Programs\MiKTeX\tex/latex/url\url.sty)
(<LOCAL_HOME>\AppData\Local\Programs\MiKTeX\tex/generic/bitset\bitset.sty
(<LOCAL_HOME>\AppData\Local\Programs\MiKTeX\tex/generic/bigintcalc\bigintcal
c.sty)))
(<LOCAL_HOME>\AppData\Local\Programs\MiKTeX\tex/latex/hyperref\hxetex.def
(<LOCAL_HOME>\AppData\Local\Programs\MiKTeX\tex/latex/rerunfilecheck\rerunfi
lecheck.sty
(<LOCAL_HOME>\AppData\Local\Programs\MiKTeX\tex/generic/uniquecounter\unique
counter.sty))) (tex/sga3_loop1_macros.tex)
(<LOCAL_HOME>\AppData\Local\Programs\MiKTeX\tex/latex/l3backend\l3backend-xe
tex.def) (SGA3_English_Complete_Reader_Native_Update_R18_20260729.aux)
*geometry* driver: auto-detecting
*geometry* detected driver: xetex

Package hyperref Warning: Rerun to get /PageLabels entry.

(<LOCAL_HOME>\AppData\Local\Programs\MiKTeX\tex/latex/lm\ot1lmr.fd)
(<LOCAL_HOME>\AppData\Local\Programs\MiKTeX\tex/latex/lm\omllmm.fd)
(<LOCAL_HOME>\AppData\Local\Programs\MiKTeX\tex/latex/lm\omslmsy.fd)
(<LOCAL_HOME>\AppData\Local\Programs\MiKTeX\tex/latex/lm\omxlmex.fd)
(<LOCAL_HOME>\AppData\Local\Programs\MiKTeX\tex/latex/amsfonts\umsa.fd)
(<LOCAL_HOME>\AppData\Local\Programs\MiKTeX\tex/latex/amsfonts\umsb.fd)
(<LOCAL_HOME>\AppData\Local\Programs\MiKTeX\tex/latex/jknappen\ursfs.fd)
(<LOCAL_HOME>\AppData\Local\Programs\MiKTeX\tex/latex/stmaryrd\ustmry.fd)
[1]
No file SGA3_English_Complete_Reader_Native_Update_R18_20260729.toc.
[1] (tex/components/00_introduction.tex [1] [2] [3] [4] [5])
(tex/components/01_expose_I_opening_pp001_005.tex [6] [7] [8] [9]
(native_diagrams/exp1/diag_001_alpha_morphism_triangle.tex) [10]
(native_diagrams/exp1/diag_002_alpha_transitivity.tex))
(tex/components/02_expose_I_s16_next_pp005_010.tex
(native_diagrams/exp1/diag_003_base_change_triangle.tex)
(native_diagrams/exp1/diag_004_base_change_projections.tex) [11]
(native_diagrams/exp1/diag_005_functor_base_change_notation.tex) [12] [13]
[14] [15]) (tex/components/03_expose_I_s18_s22_pp010_015.tex [16]
(native_diagrams/exp1/diag_006_constant_objects_cartesian_square.tex) [17]
[18] (native_diagrams/exp1/diag_007_group_morphism_square.tex)
(native_diagrams/exp1/diag_008_representable_group_cartesian_square.tex)
[19]) (tex/components/04_expose_I_s23_operator_groups.tex [20] [21] [22])
(tex/components/05_expose_I_s3_modules.tex [23] [24]
(native_diagrams/exp1/diag_009_OS_g_naturality_square.tex)
(native_diagrams/exp1/diag_010_OS_f_naturality_square.tex) [25])
(tex/components/06_expose_I_s41_s43_basic_scheme_groups.tex [26] [27]
(native_diagrams/exp1/diag_011_hopf_coassociativity.tex) [28] [29])
(tex/components/07_expose_I_s44_s47_scheme_groups.tex [30]

LaTeX Font Warning: Font shape `U/stmry/b/n' undefined
(Font)              using `U/stmry/m/n' instead on input line 115.

[31] (native_diagrams/exp1/diag_012_prop463_canonical_morphisms.tex) [32]
(native_diagrams/exp1/diag_013_cor4641_cartesian_square.tex) [33]
Underfull \hbox (badness 2065) in paragraph at lines 438--457
\T1/lmr/bx/n/10.95 Corollary 4.6.5.1. \T1/lmr/m/it/10.95 Let $\U/rsfs/m/n/10.95
 F$ \T1/lmr/m/it/10.95 be an $\OMS/lmsy/m/n/10.95 O[]$\T1/lmr/m/it/10.95 -modul
e lo-cally free of fi-nite type. Put
[34] (native_diagrams/exp1/diag_014_rem4711_category_squares.tex) [35]
(native_diagrams/exp1/diag_015_cm1_coaction_square.tex)
(native_diagrams/exp1/diag_016_cm2_counit_composite.tex)
(native_diagrams/exp1/diag_017_comodule_morphism_square.tex) [36] [37])
(tex/components/08_expose_I_s5_group_cohomology.tex [38] [39] [40] [41]
[42] [43] (native_diagrams/exp1/diag_018_induction_adjunction_square.tex)
[44]) (tex/components/09_expose_I_s6_equivariant_objects.tex
(native_diagrams/exp1/diag_019_equivariant_action_square.tex) [45]
(native_diagrams/exp1/diag_020_equivariance_cocycle.tex) [46]
(native_diagrams/exp1/diag_021_stabilizer_square.tex) [47]
(native_diagrams/exp1/diag_022_section_naturality_square.tex)
(native_diagrams/exp1/diag_023_section_action_composition.tex) [48]
(native_diagrams/exp1/diag_024_sheaf_cocycle.tex) [49] [50]
(native_diagrams/exp1/diag_025_base_change_squares.tex) [51] [52] [53] [54])
(tex/components/10_expose_II_s1_s2_hom_dual_numbers.tex [55] [56] [57] [58]
[59] [60] [61]) (tex/components/11_expose_II_s3_tangent_bundle_condition_E.tex
[62] [63]
(<LOCAL_HOME>\AppData\Local\Programs\MiKTeX\tex/latex/amsfonts\ueuf.fd)
[64] [65] [66] [67] [68] [69] [70] [71] [72]
Underfull \hbox (badness 1127) in paragraph at lines 836--840
\T1/lmr/m/n/10.95 By 3.4.2, with $\OML/lmm/m/it/10.95 X$ \T1/lmr/m/n/10.95 re-p
laced by $\OML/lmm/m/it/10.95 H$ \T1/lmr/m/n/10.95 and $\OML/lmm/m/it/10.95 X[]
$ \T1/lmr/m/n/10.95 by $\OML/lmm/m/it/10.95 H[]$\T1/lmr/m/n/10.95 , the ac-tion
 of $\OML/lmm/m/it/10.95 a \OMS/lmsy/m/n/10.95 2 O\OT1/lmr/m/n/10.95 (\OML/lmm/
m/it/10.95 H[]\OT1/lmr/m/n/10.95 )$ \T1/lmr/m/n/10.95 on
[73] [74] [75] [76]) (tex/components/12_expose_II_s41_s44_lie_algebras.tex
[77] [78] [79] [80] [81] [82] [83] [84] [85] [86] [87] [88] [89])
(tex/components/13_expose_II_s45_s411_lie_structure.tex [90] [91] [92] [93]
[94] [95] [96] [97] [98] [99])
(tex/components/14_expose_II_s5_s6_examples_misc.tex [100] [101] [102] [103]
[104] [105] [106] [107] [108] [109])
(tex/components/15_expose_III_opening_s016.tex [110] [111] [112] [113] [114])
(tex/components/16_expose_III_s017_s0110_functorial_liftings.tex [115] [116]
[117] [118] [119] [120] [121] [122])
(tex/components/17_expose_III_s0111_s02_products_action.tex [123] [124]
[125]) (tex/components/18_expose_III_s03_s07_flat_liftings.tex [126] [127]
[128]) (tex/components/19_expose_III_s07bis_s010_group_actions.tex [129]
[130] [131]) (tex/components/20_expose_III_s011_end_s0_automorphisms.tex
[132] [133] [134])
(tex/components/21_expose_III_s11_s12_extensions_cohomology.tex [135] [136]
[137] [138] [139]) (tex/components/22_expose_III_s13_group_law_extensions.tex
[140] [141] [142] [143])
(tex/components/23_expose_III_s2_infinitesimal_group_morphisms.tex [144]
[145] [146] [147] [148]
Underfull \hbox (badness 1048) in paragraph at lines 444--450
[]\T1/lmr/m/it/10.95 If $\OML/lmm/m/it/10.95 H[]\OT1/lmr/m/n/10.95 (\OML/lmm/m/
it/10.95 X[]; []\OT1/lmr/m/n/10.95 (\OML/lmm/m/it/10.95 X[]=S[]\OT1/lmr/m/n/10.
95 )) = 0$\T1/lmr/m/it/10.95 , ev-ery $\OML/lmm/m/it/10.95 S[]$\T1/lmr/m/it/10.
95 -automorphism of $\OML/lmm/m/it/10.95 X[]$ \T1/lmr/m/it/10.95 ex-tends to an
 $\OML/lmm/m/it/10.95 S$\T1/lmr/m/it/10.95 -
[149]) (tex/components/24_expose_III_s3_infinitesimal_group_structures.tex
[150] [151] [152] [153]
Underfull \hbox (badness 3514) in paragraph at lines 402--402
[][][]\T1/lmr/m/n/9 Editor's note: In-deed, $[][]\OT1/lmr/m/n/9 (\OML/lmm/m/it/
9 X[]\OT1/lmr/m/n/9 )$ \T1/lmr/m/n/9 acts by group au-to-mor-phisms on the abel
ian group
) (tex/components/25_expose_III_s41_s44_closed_subgroups.tex [154] [155]
[156] [157] [158]) (tex/components/26_expose_III_s450_s47_lci_koszul.tex
[159] [160] [161] [162])
(tex/components/27_expose_III_s480_s410_obstruction_factorization.tex [163]
[164] [165] [166] [167])
(tex/components/28_expose_III_s411_s4161_functorial_obstructions.tex [168]
Underfull \hbox (badness 10000) detected at line 170
 []$[]  \OML/lmm/m/it/10.95 M\OT1/lmr/m/n/10.95 (\OML/lmm/m/it/10.95 Y[]\OT1/lm
r/m/n/10.95 ) [][]\OMS/lmsy/m/n/10.95 ! [][][]\OML/lmm/m/it/10.95 f[]g[]\OT1/lm
r/m/n/10.95 (\U/rsfs/m/n/10.95 N[] \OMS/lmsy/m/n/10.95 
[] \U/rsfs/m/n/10.95 O[]\OT1/lmr/m/n/10.95 )\OML/lmm/m/it/10.95 ; f[]\OT1/lmr/m
/n/10.95 (\U/rsfs/m/n/10.95 JO[]\OT1/lmr/m/n/10.95 )[]  $ 
[169] [170] [171] [172] [173] [174])
(tex/components/29_expose_III_s417_s422_subgroup_obstruction.tex [175] [176]
[177] [178] [179] [180])
(tex/components/30_expose_III_s423_s430_conjugacy_coboundaries.tex [181]
[182] [183]) (tex/components/31_expose_III_s431_s4351_conjugacy_smooth.tex
[184] [185] [186]) (tex/components/32_expose_III_s436_s438_bibliography.tex
[187] [188] [189] [190]) (tex/components/33_expose_IV_complete.tex
(tex/components/01_expose_IV_opening_s11_s16.tex [191] [192] [193])
(tex/components/02_expose_IV_s17_through_s2.tex [194] [195] [196] [197]
[198]) (tex/components/03_expose_IV_s3.tex [199] [200] [201] [202] [203]
[204] [205] [206] [207]) (tex/components/04_expose_IV_s41_s43.tex [208]
[209] [210] [211] [212] [213] [214] [215] [216] [217] [218] [219])
(tex/components/05_expose_IV_s44_opening_through_444.tex [220])
(tex/components/06_expose_IV_lemma_445.tex [221] [222])
(tex/components/07_expose_IV_lemma_446.tex [223])
(tex/components/08_expose_IV_s447_s448bis.tex [224])
(tex/components/09_expose_IV_lemmas_4481_4482.tex [225])
(tex/components/10_expose_IV_props_449_4410.tex [226])
(tex/components/11_expose_IV_prop_4411_end_s44.tex [227])
(tex/components/12_expose_IV_s45_opening_prop_451.tex [228])
(tex/components/13_expose_IV_prop_452_cor_453.tex)
(tex/components/14_expose_IV_cor_454_scholium_455.tex [229])
(tex/components/15_expose_IV_props_456_459.tex [230] [231])
(tex/components/16_expose_IV_def_4510_through_4513.tex)
(tex/components/18_expose_IV_s46.tex [232] [233] [234] [235] [236])
(tex/components/19_expose_IV_s47.tex [237]) (tex/components/20_expose_IV_s5.tex
[238] [239] [240] [241] [242])
(tex/components/21_expose_IV_s6_and_bibliography.tex [243] [244] [245] [246]
[247] [248] [249] [250] [251] [252] [253])) [254]
(tex/components/34_expose_V_complete.tex
(tex/components/00_expose_V_pp251_252_en.tex

LaTeX Warning: Hyper reference `thm:sga3-V-4.1' on page 255 undefined on input 
line 24.


LaTeX Warning: Hyper reference `thm:sga3-V-7.1' on page 255 undefined on input 
line 24.


LaTeX Warning: Hyper reference `thm:sga3-V-8.1' on page 255 undefined on input 
line 24.

(native_diagrams/exp5/p251_phi_of_T_triangle.png.tex)
(native_diagrams/exp5/p251_T_of_phi_triangle.png.tex)

LaTeX Warning: Hyper reference `sec:sga3-V-1' on page 255 undefined on input li
ne 59.


LaTeX Warning: Hyper reference `thm:sga3-V-4.1' on page 255 undefined on input 
line 59.


LaTeX Warning: Hyper reference `lem:sga3-V-6.1' on page 255 undefined on input 
line 59.


LaTeX Warning: Hyper reference `thm:sga3-V-7.1' on page 255 undefined on input 
line 59.

(native_diagrams/exp5/p252_exact_pair_cokernel.png.tex) [255]
(native_diagrams/exp5/p252_ringed_space_sheaf_pair.png.tex)

LaTeX Warning: Hyper reference `lem:sga3-V-1.1' on page 256 undefined on input 
line 108.


LaTeX Warning: Hyper reference `sga3:exp5:lemma:1.2' on page 256 undefined on i
nput line 108.


LaTeX Warning: Hyper reference `sec:sga3-V-5' on page 256 undefined on input li
ne 108.


LaTeX Warning: Hyper reference `sec:sga3-V-9' on page 256 undefined on input li
ne 108.

(native_diagrams/exp5/p252_ringed_space_pair_inline.png.tex)
(native_diagrams/exp5/p252_lemma_1_1_restricted_cokernel.png.tex)

LaTeX Warning: Hyper reference `lem:sga3-V-1.1' on page 256 undefined on input 
line 160.

[256]) (tex/components/01_expose_V_pp253_255_en.tex

LaTeX Warning: Hyper reference `lem:sga3-V-1.2-i' on page 257 undefined on inpu
t line 34.


LaTeX Warning: Hyper reference `proof:sga3-V-4.1-c' on page 257 undefined on in
put line 34.


LaTeX Warning: Hyper reference `lem:sga3-V-1.2-ii' on page 257 undefined on inp
ut line 44.


LaTeX Warning: Hyper reference `lem:sga3-V-1.2-i' on page 257 undefined on inpu
t line 44.


LaTeX Warning: Hyper reference `lem:sga3-V-1.1' on page 257 undefined on input 
line 44.

(native_diagrams/exp5/p253_star_fiber_product.png.tex)
(native_diagrams/exp5/p253_square_0.png.tex) [257]
(native_diagrams/exp5/p254_square_1.png.tex)
(native_diagrams/exp5/p254_square_2.png.tex)
(native_diagrams/exp5/p254_associativity_4.png.tex)

LaTeX Warning: Hyper reference `fig:sga3-exp5-square-1' on page 258 undefined o
n input line 143.


LaTeX Warning: Hyper reference `fig:sga3-exp5-square-2' on page 258 undefined o
n input line 144.


LaTeX Warning: Hyper reference `fig:sga3-exp5-associativity-4' on page 258 unde
fined on input line 145.


LaTeX Warning: Hyper reference `eq:sga3-exp5-3' on page 258 undefined on input 
line 147.


LaTeX Warning: Hyper reference `eq:sga3-exp5-3' on page 258 undefined on input 
line 150.


LaTeX Warning: Hyper reference `fig:sga3-exp5-square-0' on page 258 undefined o
n input line 154.


LaTeX Warning: Hyper reference `fig:sga3-exp5-square-1' on page 258 undefined o
n input line 155.


LaTeX Warning: Hyper reference `fig:sga3-exp5-square-2' on page 258 undefined o
n input line 156.

(native_diagrams/exp5/p255_diagram_012.png.tex) [258]

LaTeX Warning: Hyper reference `fig:sga3-exp5-square-0' on page 259 undefined o
n input line 164.


LaTeX Warning: Hyper reference `fig:sga3-exp5-square-2' on page 259 undefined o
n input line 165.


LaTeX Warning: Hyper reference `eq:sga3-exp5-3' on page 259 undefined on input 
line 171.


LaTeX Warning: Hyper reference `eq:sga3-exp5-3bis' on page 259 undefined on inp
ut line 172.


LaTeX Warning: Hyper reference `par:sga3-V-3-e' on page 259 undefined on input 
line 183.


LaTeX Warning: Hyper reference `thm:sga3-V-4.1' on page 259 undefined on input 
line 183.

(native_diagrams/exp5/p255_groupoid_triple_arrow.png.tex)

LaTeX Warning: Hyper reference `fig:sga3-exp5-square-0' on page 259 undefined o
n input line 193.


LaTeX Warning: Hyper reference `fig:sga3-exp5-square-1' on page 259 undefined o
n input line 194.


LaTeX Warning: Hyper reference `fig:sga3-exp5-square-2' on page 259 undefined o
n input line 195.


LaTeX Warning: Hyper reference `fig:sga3-exp5-associativity-4' on page 259 unde
fined on input line 196.


LaTeX Warning: Hyper reference `eq:sga3-exp5-3' on page 259 undefined on input 
line 198.


LaTeX Warning: Hyper reference `fig:sga3-exp5-star-fiber-product' on page 259 u
ndefined on input line 199.


LaTeX Warning: Hyper reference `fig:sga3-exp5-star-fiber-product' on page 259 u
ndefined on input line 201.


LaTeX Warning: Hyper reference `par:sga3-V-2-a' on page 259 undefined on input 
line 202.

) (tex/components/02_expose_V_pp256_260_en.tex
(native_diagrams/exp5/p256_action_groupoid_continuation.png.tex)

LaTeX Warning: Hyper reference `fig:sga3-exp5-square-1' on page 259 undefined o
n input line 40.


LaTeX Warning: Hyper reference `fig:sga3-exp5-square-2' on page 259 undefined o
n input line 41.

[259]

LaTeX Warning: Hyper reference `par:sga3-V-2-b' on page 260 undefined on input 
line 52.


LaTeX Warning: Hyper reference `par:sga3-V-2-a' on page 260 undefined on input 
line 57.

(native_diagrams/exp5/p256_effective_epimorphism.png.tex)
(native_diagrams/exp5/p257_x_groupoid.png.tex) [260]
(native_diagrams/exp5/p257_y_induced_groupoid.png.tex)
(native_diagrams/exp5/p257_base_change_fiber_square.png.tex)

LaTeX Warning: Hyper reference `par:sga3-V-1-c' on page 261 undefined on input 
line 163.


LaTeX Warning: Hyper reference `par:sga3-V-3-f' on page 261 undefined on input 
line 186.


LaTeX Warning: Hyper reference `lem:sga3-V-6.1' on page 261 undefined on input 
line 186.

(native_diagrams/exp5/p257_reconstruction_square.png.tex) [261]
(native_diagrams/exp5/p258_cartesian_reconstruction_square.png.tex)
(native_diagrams/exp5/p258_inverse_image_phi_diagram.png.tex)
(native_diagrams/exp5/p258_inverse_image_psi_diagram.png.tex)
(native_diagrams/exp5/p258_groupoid_isomorphism_map.png.tex)

LaTeX Warning: Hyper reference `lem:sga3-V-6.1' on page 262 undefined on input 
line 261.

[262]

LaTeX Warning: Hyper reference `par:sga3-V-3-a' on page 263 undefined on input 
line 278.

(native_diagrams/exp5/p259_universal_epimorphism_square.png.tex)
(native_diagrams/exp5/p259_functor_kernel_diagram.png.tex)

LaTeX Warning: Hyper reference `prop:sga3-V-3.1' on page 263 undefined on input
 line 317.

(native_diagrams/exp5/p259_delta_proof_diagram.png.tex) [263]

LaTeX Warning: Hyper reference `eq:sga3-exp5-3' on page 264 undefined on input 
line 333.


LaTeX Warning: Hyper reference `eq:sga3-exp5-3bis' on page 264 undefined on inp
ut line 334.


LaTeX Warning: Hyper reference `sec:sga3-V-1' on page 264 undefined on input li
ne 334.

(native_diagrams/exp5/p260_scheme_groupoid.png.tex)

LaTeX Warning: Hyper reference `sec:sga3-V-1' on page 264 undefined on input li
ne 375.


LaTeX Warning: Hyper reference `eq:sga3-exp5-3' on page 264 undefined on input 
line 375.


LaTeX Warning: Hyper reference `eq:sga3-exp5-3bis' on page 264 undefined on inp
ut line 375.


LaTeX Warning: Hyper reference `eq:sga3-exp5-dagger' on page 264 undefined on i
nput line 375.

(native_diagrams/exp5/p260_underlying_fiber_product_map.png.tex)

LaTeX Warning: Hyper reference `par:sga3-V-3-a' on page 264 undefined on input 
line 401.


LaTeX Warning: Hyper reference `par:sga3-V-3-b' on page 264 undefined on input 
line 401.

[264]

LaTeX Warning: Hyper reference `par:sga3-V-3-b' on page 265 undefined on input 
line 423.

) (tex/components/03_expose_V_section4_theorem41_localp011_en.tex
(native_diagrams/exp5/p261_theorem41_groupoid.png.tex)

LaTeX Warning: Hyper reference `thm:sga3-V-4.1-b' on page 265 undefined on inpu
t line 44.


LaTeX Warning: Hyper reference `bib:sga3-V-Hi62' on page 265 undefined on input
 line 44.


LaTeX Warning: Hyper reference `bib:sga3-V-Mum65' on page 265 undefined on inpu
t line 44.


LaTeX Warning: Hyper reference `lem:sga3-V-6.1' on page 265 undefined on input 
line 57.


LaTeX Warning: Hyper reference `bib:sga3-V-An73' on page 265 undefined on input
 line 74.


LaTeX Warning: Hyper reference `bib:sga3-V-Fe03' on page 265 undefined on input
 line 74.


LaTeX Warning: Hyper reference `bib:sga3-V-Ko08' on page 265 undefined on input
 line 74.


LaTeX Warning: Hyper reference `bib:sga3-V-Ray67a' on page 265 undefined on inp
ut line 78.


LaTeX Warning: Hyper reference `proof:sga3-V-5-b-general' on page 265 undefined
 on input line 78.


LaTeX Warning: Hyper reference `sec:sga3-V-5' on page 265 undefined on input li
ne 78.

[265]

LaTeX Warning: Hyper reference `thm:sga3-V-4.1-i' on page 266 undefined on inpu
t line 90.


LaTeX Warning: Hyper reference `thm:sga3-V-4.1' on page 266 undefined on input 
line 95.

) (tex/components/04_expose_V_theorem41_proof_a_localp012_en.tex

LaTeX Warning: Hyper reference `fig:sga3-exp5-diagram-012' on page 266 undefine
d on input line 18.

(native_diagrams/exp5/p262_dual_cocartesian_012star.png.tex)

LaTeX Warning: Hyper reference `fig:sga3-exp5-dual-012star' on page 266 undefin
ed on input line 46.

[266]) (tex/components/05_expose_V_theorem41_proof_b_lemma411_en.tex

LaTeX Warning: Hyper reference `lem:sga3-V-4.1.1' on page 267 undefined on inpu
t line 35.


LaTeX Warning: Hyper reference `bib:sga3-V-DG70' on page 267 undefined on input
 line 35.


LaTeX Warning: Hyper reference `lem:sga3-V-4.1.1' on page 267 undefined on inpu
t line 43.


LaTeX Warning: Hyper reference `proof:sga3-V-4.1-a' on page 267 undefined on in
put line 46.

) (tex/components/06_expose_V_theorem41_proof_cde_lemma412_en.tex [267]

LaTeX Warning: Hyper reference `thm:sga3-V-4.1-i' on page 268 undefined on inpu
t line 11.


LaTeX Warning: Hyper reference `proof:sga3-V-4.1-a' on page 268 undefined on in
put line 13.


LaTeX Warning: Hyper reference `proof:sga3-V-4.1-b' on page 268 undefined on in
put line 16.


LaTeX Warning: Hyper reference `thm:sga3-V-4.1-ii' on page 268 undefined on inp
ut line 67.


LaTeX Warning: Hyper reference `proof:sga3-V-4.1-a' on page 268 undefined on in
put line 68.


LaTeX Warning: Hyper reference `proof:sga3-V-4.1-c' on page 268 undefined on in
put line 68.


LaTeX Warning: Hyper reference `thm:sga3-V-4.1-iii' on page 268 undefined on in
put line 72.


LaTeX Warning: Hyper reference `lem:sga3-V-4.1.2' on page 268 undefined on inpu
t line 83.

[268]

LaTeX Warning: Hyper reference `lem:sga3-V-4.1.2' on page 269 undefined on inpu
t line 157.

) (tex/components/07_expose_V_theorem41_proof_iii_lemma413_en.tex

LaTeX Warning: Hyper reference `thm:sga3-V-4.1-iii' on page 269 undefined on in
put line 9.


LaTeX Warning: Hyper reference `proof:sga3-V-4.1-b' on page 269 undefined on in
put line 12.

[269]

LaTeX Warning: Hyper reference `lem:sga3-V-4.1.2' on page 270 undefined on inpu
t line 45.


LaTeX Warning: Hyper reference `thm:sga3-V-4.1' on page 270 undefined on input 
line 63.


LaTeX Warning: Hyper reference `proof:sga3-V-4.1-b' on page 270 undefined on in
put line 64.


LaTeX Warning: Hyper reference `thm:sga3-V-4.1-iv' on page 270 undefined on inp
ut line 78.


LaTeX Warning: Hyper reference `lem:sga3-V-4.1.3' on page 270 undefined on inpu
t line 83.


LaTeX Warning: Hyper reference `bib:sga3-V-DG70' on page 270 undefined on input
 line 83.


LaTeX Warning: Hyper reference `bib:sga3-V-DG70' on page 270 undefined on input
 line 83.


LaTeX Warning: Hyper reference `thm:sga3-V-7.1' on page 270 undefined on input 
line 83.


LaTeX Warning: Hyper reference `lem:sga3-V-4.1.3' on page 270 undefined on inpu
t line 123.

) (tex/components/08_expose_V_theorem41_proof_iv_lemma42_en.tex

LaTeX Warning: Hyper reference `thm:sga3-V-4.1-iv' on page 270 undefined on inp
ut line 9.

[270]

LaTeX Warning: Hyper reference `lem:sga3-V-4.1.3' on page 271 undefined on inpu
t line 26.


LaTeX Warning: Hyper reference `proof:sga3-V-4.1-b' on page 271 undefined on in
put line 39.


LaTeX Warning: Hyper reference `lem:sga3-V-4.1.2' on page 271 undefined on inpu
t line 51.


LaTeX Warning: Hyper reference `lem:sga3-V-4.2' on page 271 undefined on input 
line 52.


LaTeX Warning: Hyper reference `lem:sga3-V-4.2' on page 271 undefined on input 
line 74.


LaTeX Warning: Hyper reference `lem:sga3-V-4.2' on page 271 undefined on input 
line 85.

[271]) (tex/components/09_expose_V_theorem41_close_section5_opening_en.tex

LaTeX Warning: Hyper reference `fig:sga3-exp5-dual-012star' on page 272 undefin
ed on input line 8.

(native_diagrams/exp5/p267_proof_iv_ring_modules_diagram.png.tex)

LaTeX Warning: Hyper reference `thm:sga3-V-4.1-iv' on page 272 undefined on inp
ut line 17.


LaTeX Warning: Hyper reference `thm:sga3-V-4.1-iv' on page 272 undefined on inp
ut line 17.


LaTeX Warning: Hyper reference `thm:sga3-V-4.1' on page 272 undefined on input 
line 36.

(native_diagrams/exp5/p267_section5_rank_square_d0.png.tex)
(native_diagrams/exp5/p267_section5_rank_square_d1.png.tex) [272]

LaTeX Warning: Hyper reference `thm:sga3-V-4.1' on page 273 undefined on input 
line 79.


LaTeX Warning: Hyper reference `thm:sga3-V-4.1' on page 273 undefined on input 
line 85.

) (tex/components/10_expose_V_section5_general_case_en.tex

LaTeX Warning: Hyper reference `par:sga3-V-5-a' on page 273 undefined on input 
line 9.


LaTeX Warning: Hyper reference `proof:sga3-V-4.1-c' on page 273 undefined on in
put line 11.


LaTeX Warning: Hyper reference `thm:sga3-V-4.1-i' on page 273 undefined on inpu
t line 12.


LaTeX Warning: Hyper reference `sga3:exp5:lemma:1.2' on page 273 undefined on i
nput line 14.


LaTeX Warning: Hyper reference `sec:sga3-V-4' on page 273 undefined on input li
ne 16.

(native_diagrams/exp5/p268_section5_affine_saturated_chain.png.tex)

LaTeX Warning: Hyper reference `thm:sga3-V-4.1-b' on page 273 undefined on inpu
t line 31.


LaTeX Warning: Hyper reference `note:sga3-V-16' on page 273 undefined on input 
line 35.


LaTeX Warning: Hyper reference `thm:sga3-V-4.1' on page 273 undefined on input 
line 35.

[273]

LaTeX Warning: Hyper reference `lem:sga3-V-4.1.1' on page 274 undefined on inpu
t line 60.


LaTeX Warning: Hyper reference `bib:sga3-V-DG70' on page 274 undefined on input
 line 60.


LaTeX Warning: Hyper reference `lem:sga3-V-4.1.1' on page 274 undefined on inpu
t line 61.


LaTeX Warning: Hyper reference `thm:sga3-V-4.1-i' on page 274 undefined on inpu
t line 70.


LaTeX Warning: Hyper reference `thm:sga3-V-4.1-ii' on page 274 undefined on inp
ut line 70.


LaTeX Warning: Hyper reference `thm:sga3-V-4.1-iii' on page 274 undefined on in
put line 70.


LaTeX Warning: Hyper reference `thm:sga3-V-4.1-iv' on page 274 undefined on inp
ut line 71.


LaTeX Warning: Hyper reference `thm:sga3-V-4.1-iv' on page 274 undefined on inp
ut line 72.


LaTeX Warning: Hyper reference `bib:sga3-V-Ray67a' on page 274 undefined on inp
ut line 72.


LaTeX Warning: Hyper reference `note:sga3-V-19' on page 274 undefined on input 
line 79.

) (tex/components/11_expose_V_section5_fppf_remark51_en.tex

LaTeX Warning: Hyper reference `thm:sga3-V-4.1' on page 274 undefined on input 
line 19.


LaTeX Warning: Hyper reference `lem:sga3-V-6.1-ii' on page 274 undefined on inp
ut line 25.

[274]

LaTeX Warning: Hyper reference `proof:sga3-V-4.1-a' on page 275 undefined on in
put line 68.


LaTeX Warning: Hyper reference `thm:sga3-V-4.1-i' on page 275 undefined on inpu
t line 109.


LaTeX Warning: Hyper reference `lem:sga3-V-4.1.1' on page 275 undefined on inpu
t line 110.

) (tex/components/12_expose_V_section6_quasisection_setup_en.tex
(native_diagrams/exp5/p270_section6_groupoid_X.png.tex) [275]

LaTeX Warning: Hyper reference `par:sga3-V-3-e' on page 276 undefined on input 
line 29.

(native_diagrams/exp5/p270_section6_groupoid_U.png.tex)

LaTeX Warning: Hyper reference `par:sga3-V-3-a' on page 276 undefined on input 
line 40.


LaTeX Warning: Hyper reference `thm:sga3-V-4.1' on page 276 undefined on input 
line 41.

(native_diagrams/exp5/p270_section6_span_X0_V_U.png.tex)

LaTeX Warning: Hyper reference `par:sga3-V-3-b' on page 276 undefined on input 
line 53.

(native_diagrams/exp5/p270_section6_cartesian_square.png.tex)

LaTeX Warning: Hyper reference `def:sga3-V-6-quasisection-1' on page 276 undefi
ned on input line 59.


LaTeX Warning: Hyper reference `def:sga3-V-6-quasisection-2' on page 276 undefi
ned on input line 60.


LaTeX Warning: Hyper reference `def:sga3-V-6-quasisection-1' on page 276 undefi
ned on input line 60.


LaTeX Warning: Hyper reference `thm:sga3-V-4.1' on page 276 undefined on input 
line 62.


LaTeX Warning: Hyper reference `prop:sga3-V-3.1' on page 276 undefined on input
 line 66.

(native_diagrams/exp5/p270_section6_groupoid_V.png.tex))
(tex/components/13_expose_V_lemma61_statement_proof_a_opening_en.tex [276]
(native_diagrams/exp5/p271_section6_base_change_d0.png.tex)

LaTeX Warning: Hyper reference `par:sga3-V-3-c' on page 277 undefined on input 
line 16.

(native_diagrams/exp5/p271_section6_base_change_d1.png.tex)

LaTeX Warning: Hyper reference `prop:sga3-V-3.1' on page 277 undefined on input
 line 27.


LaTeX Warning: Hyper reference `lem:sga3-V-6.1-i' on page 277 undefined on inpu
t line 30.


LaTeX Warning: Hyper reference `lem:sga3-V-6.1' on page 277 undefined on input 
line 31.


LaTeX Warning: Hyper reference `lem:sga3-V-6.1-iv' on page 277 undefined on inp
ut line 35.


LaTeX Warning: Hyper reference `lem:sga3-V-6.1-ip' on page 277 undefined on inp
ut line 35.


LaTeX Warning: Hyper reference `lem:sga3-V-6.1-ii' on page 277 undefined on inp
ut line 35.


LaTeX Warning: Hyper reference `lem:sga3-V-6.1-ip' on page 277 undefined on inp
ut line 35.


LaTeX Warning: Hyper reference `lem:sga3-V-6.1-i' on page 277 undefined on inpu
t line 66.


LaTeX Warning: Hyper reference `lem:sga3-V-6.1-ip' on page 277 undefined on inp
ut line 67.


LaTeX Warning: Hyper reference `lem:sga3-V-6.1-ii' on page 277 undefined on inp
ut line 67.


LaTeX Warning: Hyper reference `lem:sga3-V-6.1-iii' on page 277 undefined on in
put line 67.


LaTeX Warning: Hyper reference `lem:sga3-V-6.1-ip' on page 277 undefined on inp
ut line 71.


LaTeX Warning: Hyper reference `lem:sga3-V-6.1-ii' on page 277 undefined on inp
ut line 71.

(native_diagrams/exp5/p271_lemma61_cokernel_triangle.png.tex) [277])
(tex/components/14_expose_V_lemma61_proofs_a_b_c_opening_en.tex

LaTeX Warning: Hyper reference `thm:sga3-V-4.1' on page 278 undefined on input 
line 10.


LaTeX Warning: Hyper reference `lem:sga3-V-6.1-ip' on page 278 undefined on inp
ut line 13.


LaTeX Warning: Hyper reference `sec:sga3-V-4' on page 278 undefined on input li
ne 33.


LaTeX Warning: Hyper reference `sec:sga3-V-5' on page 278 undefined on input li
ne 33.


LaTeX Warning: Hyper reference `lem:sga3-V-6.1-ii' on page 278 undefined on inp
ut line 41.


LaTeX Warning: Hyper reference `lem:sga3-V-6.1-iii' on page 278 undefined on in
put line 50.

(native_diagrams/exp5/p272_lemma61_double_cartesian_square.png.tex)

LaTeX Warning: Hyper reference `lem:sga3-V-6.1-iii' on page 278 undefined on in
put line 59.


LaTeX Warning: Hyper reference `lem:sga3-V-6.1-i' on page 278 undefined on inpu
t line 70.

[278]

LaTeX Warning: Hyper reference `thm:sga3-V-4.1' on page 279 undefined on input 
line 89.

) (tex/components/15_expose_V_lemma61_proofs_c_d_en.tex

LaTeX Warning: Hyper reference `lem:sga3-V-1.1' on page 279 undefined on input 
line 16.


LaTeX Warning: Hyper reference `sga3:exp5:lemma:1.2' on page 279 undefined on i
nput line 17.


(native_diagrams/exp5/p273_lemma61_restricted_groupoids_cartesian_corrected.png
.tex)

LaTeX Warning: Hyper reference `lem:sga3-V-6.1-i' on page 279 undefined on inpu
t line 38.

[279]

LaTeX Warning: Hyper reference `lem:sga3-V-6.1-i' on page 280 undefined on inpu
t line 67.


LaTeX Warning: Hyper reference `lem:sga3-V-6.1-iv' on page 280 undefined on inp
ut line 71.


LaTeX Warning: Hyper reference `thm:sga3-V-4.1' on page 280 undefined on input 
line 74.


LaTeX Warning: Hyper reference `par:sga3-V-6-b' on page 280 undefined on input 
line 79.


LaTeX Warning: Hyper reference `thm:sga3-V-4.1' on page 280 undefined on input 
line 84.

) (tex/components/16_expose_V_section7_theorem71_en.tex

LaTeX Warning: Hyper reference `bib:sga3-V-KM97' on page 280 undefined on input
 line 31.


LaTeX Warning: Hyper reference `bib:sga3-V-Ko97' on page 280 undefined on input
 line 31.

(native_diagrams/exp5/p274_theorem71_groupoid.png.tex)

LaTeX Warning: Hyper reference `thm:sga3-V-7.1' on page 280 undefined on input 
line 37.


LaTeX Warning: Hyper reference `note:sga3-V-17' on page 280 undefined on input 
line 42.


LaTeX Warning: Hyper reference `thm:sga3-V-4.1' on page 280 undefined on input 
line 42.


LaTeX Warning: Hyper reference `bib:sga3-V-Ray67a' on page 280 undefined on inp
ut line 78.


LaTeX Warning: Hyper reference `thm:sga3-V-7.1' on page 280 undefined on input 
line 78.


LaTeX Warning: Hyper reference `thm:sga3-V-7.1' on page 280 undefined on input 
line 78.


LaTeX Warning: Hyper reference `bib:sga3-V-AK80' on page 280 undefined on input
 line 78.


LaTeX Warning: Hyper reference `bib:sga3-V-BLR90' on page 280 undefined on inpu
t line 78.

[280]

LaTeX Warning: Hyper reference `sga3:exp5:lemma:1.2' on page 281 undefined on i
nput line 98.


LaTeX Warning: Hyper reference `thm:sga3-V-7.1-i' on page 281 undefined on inpu
t line 99.


LaTeX Warning: Hyper reference `lem:sga3-V-6.1-i' on page 281 undefined on inpu
t line 110.

) (tex/components/17_expose_V_lemma72_en.tex
(native_diagrams/exp5/p275_lemma72_square.png.tex)

LaTeX Warning: Hyper reference `lem:sga3-V-7.2' on page 281 undefined on input 
line 17.

[281]) (tex/components/18_expose_V_lemma73_opening_en.tex

LaTeX Warning: Hyper reference `thm:sga3-V-7.1' on page 282 undefined on input 
line 15.


LaTeX Warning: Hyper reference `lem:sga3-V-7.2' on page 282 undefined on input 
line 18.

(native_diagrams/exp5/p276_lemma73_base_square.png.tex)

LaTeX Warning: Hyper reference `lem:sga3-V-7.2' on page 282 undefined on input 
line 23.

[282] (native_diagrams/exp5/p276_lemma73_F2_diagram.png.tex)

LaTeX Warning: Hyper reference `fig:sga3-exp5-diagram-012' on page 283 undefine
d on input line 43.


LaTeX Warning: Hyper reference `sec:sga3-V-1' on page 283 undefined on input li
ne 43.


LaTeX Warning: Hyper reference `thm:sga3-V-7.1' on page 283 undefined on input 
line 52.


LaTeX Warning: Hyper reference `thm:sga3-V-8.1' on page 283 undefined on input 
line 52.

[283]) (tex/components/19_expose_V_lemma73_close_lemma74_opening_en.tex

LaTeX Warning: Hyper reference `note:sga3-V-42' on page 284 undefined on input 
line 21.


LaTeX Warning: Hyper reference `lem:sga3-V-7.4' on page 284 undefined on input 
line 38.

(native_diagrams/exp5/p277_lemma73_descent_square.png.tex) [284]

LaTeX Warning: Hyper reference `lem:sga3-V-7.4' on page 285 undefined on input 
line 91.

(native_diagrams/exp5/p277_lemma74_cartesian_square.png.tex)

LaTeX Warning: Hyper reference `lem:sga3-V-7.4' on page 285 undefined on input 
line 101.

) (tex/components/20_expose_V_localp28_31_sections7_9_en.tex

LaTeX Warning: Hyper reference `lem:sga3-V-6.1' on page 285 undefined on input 
line 41.


LaTeX Warning: Hyper reference `lem:sga3-V-6.1' on page 285 undefined on input 
line 43.


LaTeX Warning: Hyper reference `thm:sga3-V-7.1' on page 285 undefined on input 
line 44.


LaTeX Warning: Hyper reference `thm:sga3-V-7.1-i' on page 285 undefined on inpu
t line 45.


LaTeX Warning: Hyper reference `thm:sga3-V-7.1-iii' on page 285 undefined on in
put line 46.


LaTeX Warning: Hyper reference `lem:sga3-V-6.1-ii' on page 285 undefined on inp
ut line 50.

[285]

LaTeX Warning: Hyper reference `par:sga3-V-6-a' on page 286 undefined on input 
line 58.

(native_diagrams/exp5/exp5_localp28_WVU_Z_commutative.png.tex)

LaTeX Warning: Hyper reference `thm:sga3-V-7.1-ii' on page 286 undefined on inp
ut line 76.


LaTeX Warning: Hyper reference `thm:sga3-V-7.1-iv' on page 286 undefined on inp
ut line 78.


LaTeX Warning: Hyper reference `thm:sga3-V-7.1' on page 286 undefined on input 
line 82.


LaTeX Warning: Hyper reference `lem:sga3-V-1.1' on page 286 undefined on input 
line 83.


LaTeX Warning: Hyper reference `sga3:exp5:lemma:1.2' on page 286 undefined on i
nput line 84.


LaTeX Warning: Hyper reference `lem:sga3-V-6.1-i' on page 286 undefined on inpu
t line 85.


LaTeX Warning: Hyper reference `thm:sga3-V-7.1-iv' on page 286 undefined on inp
ut line 90.


LaTeX Warning: Hyper reference `lem:sga3-V-6.1-iv' on page 286 undefined on inp
ut line 91.


LaTeX Warning: Hyper reference `thm:sga3-V-7.1-iv' on page 286 undefined on inp
ut line 93.


LaTeX Warning: Hyper reference `bib:sga3-V-Ray67a' on page 286 undefined on inp
ut line 94.


LaTeX Warning: Hyper reference `thm:sga3-V-8.1' on page 286 undefined on input 
line 161.


LaTeX Warning: Hyper reference `thm:sga3-V-8.1' on page 286 undefined on input 
line 161.


LaTeX Warning: Hyper reference `lem:sga3-V-1.1' on page 286 undefined on input 
line 161.


LaTeX Warning: Hyper reference `thm:sga3-V-8.1' on page 286 undefined on input 
line 161.


LaTeX Warning: Hyper reference `thm:sga3-V-8.1-i' on page 286 undefined on inpu
t line 161.


LaTeX Warning: Hyper reference `thm:sga3-V-8.1-iv' on page 286 undefined on inp
ut line 161.


LaTeX Warning: Hyper reference `lem:sga3-V-6.1-ii' on page 286 undefined on inp
ut line 161.


LaTeX Warning: Hyper reference `lem:sga3-V-1.1' on page 286 undefined on input 
line 161.


LaTeX Warning: Hyper reference `sga3:exp5:lemma:1.2' on page 286 undefined on i
nput line 161.


LaTeX Warning: Hyper reference `thm:sga3-V-8.1-i' on page 286 undefined on inpu
t line 161.


LaTeX Warning: Hyper reference `thm:sga3-V-8.1' on page 286 undefined on input 
line 161.


LaTeX Warning: Hyper reference `thm:sga3-V-8.1' on page 286 undefined on input 
line 161.


LaTeX Warning: Hyper reference `thm:sga3-V-8.1-ii' on page 286 undefined on inp
ut line 161.


LaTeX Warning: Hyper reference `thm:sga3-V-8.1-iv' on page 286 undefined on inp
ut line 161.


LaTeX Warning: Hyper reference `bib:sga3-V-Ray67a' on page 286 undefined on inp
ut line 161.


LaTeX Warning: Hyper reference `bib:sga3-V-Ray67b' on page 286 undefined on inp
ut line 161.


LaTeX Warning: Hyper reference `bib:sga3-V-An73' on page 286 undefined on input
 line 161.


LaTeX Warning: Hyper reference `bib:sga3-V-Mum65' on page 286 undefined on inpu
t line 161.


LaTeX Warning: Hyper reference `bib:sga3-V-Ray67a' on page 286 undefined on inp
ut line 161.


LaTeX Warning: Hyper reference `bib:sga3-V-Ray67a' on page 286 undefined on inp
ut line 161.


LaTeX Warning: Hyper reference `bib:sga3-V-Ray67b' on page 286 undefined on inp
ut line 161.


LaTeX Warning: Hyper reference `bib:sga3-V-An73' on page 286 undefined on input
 line 161.


LaTeX Warning: Hyper reference `bib:sga3-V-DR81' on page 286 undefined on input
 line 161.

(native_diagrams/exp5/exp5_localp29_theorem81_groupoid.png.tex)

LaTeX Warning: Hyper reference `thm:sga3-V-8.1' on page 286 undefined on input 
line 167.

[286]

LaTeX Warning: Hyper reference `sec:sga3-V-7' on page 287 undefined on input li
ne 199.


LaTeX Warning: Hyper reference `thm:sga3-V-8.1' on page 287 undefined on input 
line 200.


LaTeX Warning: Hyper reference `lem:sga3-V-6.1' on page 287 undefined on input 
line 201.


LaTeX Warning: Hyper reference `sec:sga3-V-7' on page 287 undefined on input li
ne 204.


LaTeX Warning: Hyper reference `lem:sga3-V-7.2' on page 287 undefined on input 
line 222.


LaTeX Warning: Hyper reference `lem:sga3-V-7.3' on page 287 undefined on input 
line 228.

(native_diagrams/exp5/exp5_localp30_F_groupoid.png.tex)

LaTeX Warning: Hyper reference `thm:sga3-V-8.1' on page 287 undefined on input 
line 234.

[287]

LaTeX Warning: Hyper reference `lem:sga3-V-7.3' on page 288 undefined on input 
line 236.


LaTeX Warning: Hyper reference `lem:sga3-V-7.4' on page 288 undefined on input 
line 241.


LaTeX Warning: Hyper reference `lem:sga3-V-7.3' on page 288 undefined on input 
line 266.


LaTeX Warning: Hyper reference `thm:sga3-V-7.1' on page 288 undefined on input 
line 273.


LaTeX Warning: Hyper reference `lem:sga3-V-6.1' on page 288 undefined on input 
line 281.


LaTeX Warning: Hyper reference `par:sga3-V-6-c' on page 288 undefined on input 
line 296.


LaTeX Warning: Hyper reference `lem:sga3-V-6.1' on page 288 undefined on input 
line 299.

[288]

LaTeX Warning: Hyper reference `thm:sga3-V-7.1' on page 289 undefined on input 
line 325.


LaTeX Warning: Hyper reference `thm:sga3-V-9.0' on page 289 undefined on input 
line 327.


LaTeX Warning: Hyper reference `thm:sga3-V-9.0' on page 289 undefined on input 
line 328.

) (tex/components/21_expose_V_localp32_35_sections9_10_en.tex
(native_diagrams/exp5/exp5_localp032_theorem90_groupoid.png.tex)

LaTeX Warning: Hyper reference `thm:sga3-V-9.0-1' on page 289 undefined on inpu
t line 68.


LaTeX Warning: Hyper reference `thm:sga3-V-7.1' on page 289 undefined on input 
line 84.


LaTeX Warning: Hyper reference `par:sga3-V-9-a' on page 289 undefined on input 
line 87.


LaTeX Warning: Hyper reference `thm:sga3-V-9.0-2' on page 289 undefined on inpu
t line 88.


LaTeX Warning: Hyper reference `thm:sga3-V-9.0-3' on page 289 undefined on inpu
t line 88.


LaTeX Warning: Hyper reference `thm:sga3-V-9.0-4' on page 289 undefined on inpu
t line 88.


LaTeX Warning: Hyper reference `thm:sga3-V-9.0-5-a' on page 289 undefined on in
put line 88.


LaTeX Warning: Hyper reference `lem:sga3-V-6.1' on page 289 undefined on input 
line 89.


LaTeX Warning: Hyper reference `thm:sga3-V-7.1' on page 289 undefined on input 
line 90.

[289]

LaTeX Warning: Hyper reference `thm:sga3-V-9.0-5-b' on page 290 undefined on in
put line 94.


LaTeX Warning: Hyper reference `prop:sga3-V-9.1' on page 290 undefined on input
 line 100.


LaTeX Warning: Hyper reference `thm:sga3-V-7.1' on page 290 undefined on input 
line 112.


LaTeX Warning: Hyper reference `fig:sga3-V-9.0-equivalence-relation' on page 29
0 undefined on input line 142.


LaTeX Warning: Reference `fig:sga3-V-9.0-equivalence-relation' on page 290 unde
fined on input line 142.

(native_diagrams/exp5/exp5_localp033_equivalence_relation.png.tex) [290]
(native_diagrams/exp5/exp5_localp033_algebra_limit_diagram.png.tex) [291]

LaTeX Warning: Hyper reference `sec:sga3-V-10.2' on page 292 undefined on input
 line 288.


LaTeX Warning: Hyper reference `sec:sga3-V-10.4' on page 292 undefined on input
 line 288.


LaTeX Warning: Hyper reference `subsec:sga3-V-10.1' on page 292 undefined on in
put line 290.


LaTeX Warning: Hyper reference `thm:sga3-V-10.1.1' on page 292 undefined on inp
ut line 296.


LaTeX Warning: Hyper reference `thm:sga3-V-10.1.1-i' on page 292 undefined on i
nput line 331.

[292]

LaTeX Warning: Hyper reference `bib:sga3-V-Mur65' on page 293 undefined on inpu
t line 334.


LaTeX Warning: Hyper reference `thm:sga3-V-10.1.1-i' on page 293 undefined on i
nput line 341.


LaTeX Warning: Hyper reference `thm:sga3-V-10.1.1-ii' on page 293 undefined on 
input line 341.


LaTeX Warning: Hyper reference `thm:sga3-V-10.1.1' on page 293 undefined on inp
ut line 359.


LaTeX Warning: Hyper reference `thm:sga3-V-10.1.1-alpha' on page 293 undefined 
on input line 367.


LaTeX Warning: Hyper reference `thm:sga3-V-10.1.1' on page 293 undefined on inp
ut line 368.


LaTeX Warning: Hyper reference `thm:sga3-V-10.1.1-beta' on page 293 undefined o
n input line 378.


LaTeX Warning: Hyper reference `thm:sga3-V-10.1.1' on page 293 undefined on inp
ut line 379.


LaTeX Warning: Hyper reference `thm:sga3-V-10.1.1-ii' on page 293 undefined on 
input line 398.


LaTeX Warning: Hyper reference `thm:sga3-V-10.1.1' on page 293 undefined on inp
ut line 399.


LaTeX Warning: Hyper reference `thm:sga3-V-10.1.1-ii' on page 293 undefined on 
input line 402.


LaTeX Warning: Hyper reference `thm:sga3-V-10.1.1-i' on page 293 undefined on i
nput line 402.

[293])
(tex/components/22_expose_V_section10_group_actions_through_theorem1041_en.tex
(native_diagrams/exp5/p286_theorem1012_factorization.png.tex)

LaTeX Warning: Hyper reference `thm:sga3-V-10.1.2' on page 294 undefined on inp
ut line 15.


LaTeX Warning: Hyper reference `thm:sga3-V-10.1.1' on page 294 undefined on inp
ut line 37.


LaTeX Warning: Hyper reference `prop:sga3-V-9.1' on page 294 undefined on input
 line 40.

(native_diagrams/exp5/p286_corollary1013_factorization.png.tex)

LaTeX Warning: Hyper reference `thm:sga3-V-10.1.2' on page 294 undefined on inp
ut line 64.


LaTeX Warning: Hyper reference `par:sga3-V-2-a' on page 294 undefined on input 
line 75.

(native_diagrams/exp5/p286_section102_action_groupoid.png.tex) [294]
(native_diagrams/exp5/p287_definition1021_cartesian_square.png.tex)

LaTeX Warning: Hyper reference `thm:sga3-V-10.3.1' on page 295 undefined on inp
ut line 123.


LaTeX Warning: Hyper reference `note:sga3-V-44' on page 295 undefined on input 
line 123.


LaTeX Warning: Hyper reference `sec:sga3-V-10.2' on page 295 undefined on input
 line 127.

[295]

LaTeX Warning: Hyper reference `bib:sga3-V-CTS79' on page 296 undefined on inpu
t line 154.


LaTeX Warning: Hyper reference `thm:sga3-V-8.1' on page 296 undefined on input 
line 163.


LaTeX Warning: Hyper reference `thm:sga3-V-10.3.1-i' on page 296 undefined on i
nput line 166.


LaTeX Warning: Hyper reference `thm:sga3-V-10.3.1-ii' on page 296 undefined on 
input line 166.


LaTeX Warning: Hyper reference `thm:sga3-V-10.3.1-iii' on page 296 undefined on
 input line 166.


LaTeX Warning: Hyper reference `thm:sga3-V-8.1' on page 296 undefined on input 
line 167.


LaTeX Warning: Hyper reference `thm:sga3-V-10.3.1-iv' on page 296 undefined on 
input line 167.


LaTeX Warning: Hyper reference `thm:sga3-V-10.3.1-v' on page 296 undefined on i
nput line 169.


LaTeX Warning: Hyper reference `thm:sga3-V-8.1-iv' on page 296 undefined on inp
ut line 171.


LaTeX Warning: Hyper reference `bib:sga3-V-Ray67b' on page 296 undefined on inp
ut line 229.


LaTeX Warning: Hyper reference `thm:sga3-V-10.1.1' on page 296 undefined on inp
ut line 229.


LaTeX Warning: Hyper reference `sec:sga3-V-10.2' on page 296 undefined on input
 line 231.

[296] (native_diagrams/exp5/p288_theorem1041_double_arrow.png.tex))
(tex/components/23_expose_V_theorem1041_proof_through_bibliography_en.tex

LaTeX Warning: Hyper reference `thm:sga3-V-10.4.1-a' on page 297 undefined on i
nput line 10.


LaTeX Warning: Hyper reference `fig:sga3-V-10.4.1-first-cartesian' on page 297 
undefined on input line 14.

(native_diagrams/exp5/p289_theorem1041_first_cartesian.png.tex)

LaTeX Warning: Hyper reference `thm:sga3-V-10.4.1-a' on page 297 undefined on i
nput line 21.


LaTeX Warning: Hyper reference `fig:sga3-V-10.4.1-first-cartesian' on page 297 
undefined on input line 22.

(native_diagrams/exp5/p289_theorem1041_fiber_square.png.tex)

LaTeX Warning: Hyper reference `thm:sga3-V-10.1.1' on page 297 undefined on inp
ut line 43.

(native_diagrams/exp5/p289_theorem1041_factorization.png.tex) [297]

LaTeX Warning: Hyper reference `thm:sga3-V-10.4.1-b' on page 298 undefined on i
nput line 67.


LaTeX Warning: Hyper reference `thm:sga3-V-10.4.1-a' on page 298 undefined on i
nput line 68.


LaTeX Warning: Hyper reference `proof:sga3-V-10.4.1-a' on page 298 undefined on
 input line 68.


LaTeX Warning: Hyper reference `thm:sga3-V-10.4.2' on page 298 undefined on inp
ut line 93.


LaTeX Warning: Hyper reference `note:sga3-V-44' on page 298 undefined on input 
line 93.


LaTeX Warning: Hyper reference `sec:sga3-V-10.2' on page 298 undefined on input
 line 98.


LaTeX Warning: Hyper reference `thm:sga3-V-10.4.1' on page 298 undefined on inp
ut line 102.

(native_diagrams/exp5/p290_theorem1042_double_arrow.png.tex)

LaTeX Warning: Hyper reference `thm:sga3-V-10.4.1-b' on page 298 undefined on i
nput line 111.

(native_diagrams/exp5/p290_theorem1042_monomorphism_chain.png.tex)

LaTeX Warning: Hyper reference `thm:sga3-V-8.1' on page 298 undefined on input 
line 125.


LaTeX Warning: Hyper reference `cor:sga3-V-10.4.3' on page 298 undefined on inp
ut line 131.


LaTeX Warning: Hyper reference `sec:sga3-V-10.2' on page 298 undefined on input
 line 141.

[298])) [299] (tex/components/35_expose_VI_complete.tex
(tex_reference_v2/components/00_expose_VIA_title_through_corollary_0_5_2_loop2_
r1_en.tex [300]

LaTeX Warning: Hyper reference `sga3:VIA:0.3' on page 301 undefined on input li
ne 139.


LaTeX Warning: Hyper reference `sga3:VIA:0.4.1' on page 301 undefined on input 
line 211.

[301]

LaTeX Warning: Hyper reference `sga3:VIA:0.1' on page 302 undefined on input li
ne 255.


LaTeX Warning: Hyper reference `sga3:VIA:0.5' on page 302 undefined on input li
ne 315.

[302])
(tex_reference_v2/components/01_expose_VIA_section1_through_prop131_en.tex

LaTeX Warning: Hyper reference `lem:sga3-VIA-1.1.2' on page 303 undefined on in
put line 47.

[303]

LaTeX Warning: Reference `note:sga3-VIA-11' on page 304 undefined on input line
 129.


LaTeX Warning: Hyper reference `prop:sga3-VIA-1.1.1' on page 304 undefined on i
nput line 135.

[304]

LaTeX Warning: Hyper reference `concl:sga3-VIA-1.3.1-1' on page 305 undefined o
n input line 167.


LaTeX Warning: Hyper reference `ex:sga3-VIA-1.3.2' on page 305 undefined on inp
ut line 167.


LaTeX Warning: Hyper reference `ex:sga3-VIA-1.3.2' on page 305 undefined on inp
ut line 226.

) (tex_reference_v2/components/02_expose_VIA_examples132_through_cor241_en.tex

LaTeX Warning: Hyper reference `prop:sga3-VIA-1.3.1' on page 305 undefined on i
nput line 28.

[305]

LaTeX Warning: Hyper reference `concl:sga3-VIA-1.3.1-1' on page 306 undefined o
n input line 105.

[306]

LaTeX Warning: Hyper reference `lem:sga3-VIA-2.1.3' on page 307 undefined on in
put line 161.

[307]

LaTeX Warning: Hyper reference `par:sga3-VIA-2.1' on page 308 undefined on inpu
t line 271.


LaTeX Warning: Hyper reference `lem:sga3-VIA-2.1.2' on page 308 undefined on in
put line 272.


LaTeX Warning: Hyper reference `lem:sga3-VIA-2.1.2' on page 308 undefined on in
put line 307.

[308]

LaTeX Warning: Hyper reference `par:sga3-VIA-2.2bis' on page 309 undefined on i
nput line 340.


LaTeX Warning: Hyper reference `lem:sga3-VIA-2.1.2' on page 309 undefined on in
put line 360.

[309]

LaTeX Warning: Hyper reference `prop:sga3-VIA-1.2' on page 310 undefined on inp
ut line 441.


LaTeX Warning: Hyper reference `prop:sga3-VIA-2.4' on page 310 undefined on inp
ut line 443.

) (tex_reference_v2/components/03_expose_VIA_section25_lemma251_prop252_en.tex

LaTeX Warning: Hyper reference `thm:sga3-VIA-3.2' on page 310 undefined on inpu
t line 14.

[310]

LaTeX Warning: Hyper reference `lem:sga3-VIA-2.5.1' on page 311 undefined on in
put line 70.


LaTeX Warning: Hyper reference `prop:sga3-VIA-2.4' on page 311 undefined on inp
ut line 99.


LaTeX Warning: Hyper reference `sga3:VIA:0.5' on page 311 undefined on input li
ne 110.


LaTeX Warning: Hyper reference `cor:sga3-VIA-2.4.1' on page 311 undefined on in
put line 115.

[311] [312])
(tex_reference_v2/components/04_expose_VIA_lemma253_prop254_loop2_r1_en.tex
[313]

LaTeX Warning: Hyper reference `lem:sga3-VIA-2.5.1' on page 314 undefined on in
put line 112.


LaTeX Warning: Hyper reference `lem:sga3-VIA-2.5.3' on page 314 undefined on in
put line 130.


LaTeX Warning: Hyper reference `prop:sga3-VIA-2.4' on page 314 undefined on inp
ut line 136.

[314]

LaTeX Warning: Hyper reference `cor:sga3-VIA-2.4.1' on page 315 undefined on in
put line 185.


LaTeX Warning: Hyper reference `prop:sga3-VIA-2.5.2' on page 315 undefined on i
nput line 192.

) (tex_reference_v2/components/05_expose_VIA_section26_through_prop264_en.tex

LaTeX Warning: Hyper reference `sec:sga3-VIB-5' on page 315 undefined on input 
line 15.


LaTeX Warning: Hyper reference `sec:sga3-VIB-5' on page 315 undefined on input 
line 17.

[315]

LaTeX Warning: Hyper reference `sec:sga3-VIA-2.6' on page 316 undefined on inpu
t line 40.


LaTeX Warning: Hyper reference `lem:sga3-VIA-2.6.0' on page 316 undefined on in
put line 112.


LaTeX Warning: Hyper reference `prop:sga3-VIA-2.6.1' on page 316 undefined on i
nput line 132.

[316]

LaTeX Warning: Hyper reference `sga3:VIA:0.5.1' on page 317 undefined on input 
line 149.


LaTeX Warning: Hyper reference `lem:sga3-VIA-2.5.3' on page 317 undefined on in
put line 226.

[317]

LaTeX Warning: Hyper reference `cor:sga3-VIA-2.6.2' on page 318 undefined on in
put line 249.


LaTeX Warning: Hyper reference `rem:sga3-VIA-2.6.3' on page 318 undefined on in
put line 254.

)
(tex_reference_v2/components/06_expose_VIA_theorem265_through_remark267_loop2_r
1_en.tex

LaTeX Warning: Hyper reference `sga3:VIA:0.3' on page 318 undefined on input li
ne 36.


LaTeX Warning: Hyper reference `rem:sga3-VIA-2.6.3' on page 318 undefined on in
put line 39.


LaTeX Warning: Hyper reference `prop:sga3-VIA-2.6.4' on page 318 undefined on i
nput line 40.

[318]

LaTeX Warning: Hyper reference `cor:sga3-VIA-2.6.2' on page 319 undefined on in
put line 95.


LaTeX Warning: Hyper reference `thm:sga3-VIB-5.3' on page 319 undefined on inpu
t line 117.


LaTeX Warning: Hyper reference `prop:sga3-VIA-2.6.4' on page 319 undefined on i
nput line 154.


LaTeX Warning: Hyper reference `rem:sga3-VIA-2.6.3' on page 319 undefined on in
put line 159.

[319]

LaTeX Warning: Hyper reference `prop:sga3-VIA-2.6.1' on page 320 undefined on i
nput line 169.


LaTeX Warning: Hyper reference `prop:sga3-VIA-2.6.4' on page 320 undefined on i
nput line 176.


LaTeX Warning: Hyper reference `prop:sga3-VIA-2.6.6' on page 320 undefined on i
nput line 255.

[320])
(tex_reference_v2/components/07_expose_VIA_section31_theorem32_statement_loop2_
r1_en.tex

LaTeX Warning: Hyper reference `concl:sga3-VIA-3.2-iv' on page 321 undefined on
 input line 103.

[321])
(tex_reference_v2/components/08_expose_VIA_section321_quasisection_descent_loop
2_r1_en.tex

LaTeX Warning: Hyper reference `par:sga3-VIA-3.2.5' on page 322 undefined on in
put line 24.


LaTeX Warning: Hyper reference `sec:sga3-VIA-5' on page 322 undefined on input 
line 26.

[322]

LaTeX Warning: Hyper reference `prop:sga3-VIA-1.2' on page 323 undefined on inp
ut line 111.


LaTeX Warning: Hyper reference `sga3:VIA:0.4.1' on page 323 undefined on input 
line 112.

[323]) (tex_reference_v2/components/09_expose_VIA_section322_induction_en.tex)
(tex_reference_v2/components/10_expose_VIA_section323_descent_loop2_r1_en.tex

LaTeX Warning: Hyper reference `par:sga3-VIA-3.2.2' on page 324 undefined on in
put line 15.


LaTeX Warning: Hyper reference `par:sga3-VIA-3.2.1' on page 324 undefined on in
put line 21.


LaTeX Warning: Hyper reference `par:sga3-VIA-3.2.2' on page 324 undefined on in
put line 21.

[324]

LaTeX Warning: Reference `note:sga3-VIA-37' on page 325 undefined on input line
 107.


LaTeX Warning: Hyper reference `par:sga3-VIA-3.2.1' on page 325 undefined on in
put line 123.


LaTeX Warning: Reference `eq:sga3-VIA-3.2.1-dagger' on page 325 undefined on in
put line 123.

) (tex_reference_v2/components/11_expose_VIA_sections324_325_loop2_r1_en.tex

LaTeX Warning: Hyper reference `thm:sga3-VIA-3.2' on page 325 undefined on inpu
t line 13.

[325]

LaTeX Warning: Hyper reference `prop:sga3-VIA-2.5.2' on page 326 undefined on i
nput line 42.

)
(tex_reference_v2/components/12_expose_VIA_section33_theorems_corollary_loop2_r
1_en.tex

LaTeX Warning: Hyper reference `thm:sga3-VIA-3.2' on page 326 undefined on inpu
t line 15.


LaTeX Warning: Hyper reference `thm:sga3-VIA-3.2' on page 326 undefined on inpu
t line 19.


LaTeX Warning: Hyper reference `thm:sga3-VIA-3.2' on page 326 undefined on inpu
t line 47.

[326]

LaTeX Warning: Hyper reference `sec:sga3-VIA-5' on page 327 undefined on input 
line 107.

) (tex_reference_v2/components/13_expose_VIA_section4_opening_par41_en.tex

LaTeX Warning: Hyper reference `thm:sga3-VIA-3.2' on page 327 undefined on inpu
t line 15.

[327]

LaTeX Warning: Hyper reference `par:sga3-VIA-3.1' on page 328 undefined on inpu
t line 34.

)
(tex_reference_v2/components/14_expose_VIA_par42_saturation_identity_component_
en.tex

LaTeX Warning: Hyper reference `lem:sga3-VIA-2.1.2' on page 328 undefined on in
put line 15.


LaTeX Warning: Hyper reference `par:sga3-VIA-4.1' on page 328 undefined on inpu
t line 32.

)
(tex_reference_v2/components/15_expose_VIA_par43_identity_saturation_quotient_l
oop2_r1_en.tex

LaTeX Warning: Hyper reference `par:sga3-VIA-3.1' on page 328 undefined on inpu
t line 33.

[328]

LaTeX Warning: Hyper reference `sec:sga3-VIA-3' on page 329 undefined on input 
line 76.


LaTeX Warning: Reference `note:sga3-VIA-37' on page 329 undefined on input line
 140.

)
(tex_reference_v2/components/16_expose_VIA_par44_arbitrary_component_descent_en
.tex [329]

LaTeX Warning: Reference `note:sga3-VIA-37' on page 330 undefined on input line
 40.

) (tex_reference_v2/components/17_expose_VIA_par45_46_base_change_en.tex

LaTeX Warning: Hyper reference `thm:sga3-VIA-3.2' on page 330 undefined on inpu
t line 13.


LaTeX Warning: Hyper reference `par:sga3-VIA-4.4' on page 330 undefined on inpu
t line 26.

[330]

LaTeX Warning: Reference `eq:sga3-VIA-4.6-star' on page 331 undefined on input 
line 85.

) (tex_reference_v2/components/18_expose_VIA_par47_flat_base_change_en.tex

LaTeX Warning: Hyper reference `thm:sga3-VIA-3.2' on page 331 undefined on inpu
t line 11.


LaTeX Warning: Hyper reference `diag:sga3-VIA-3.2.3-exact-descent' on page 331 
undefined on input line 23.


LaTeX Warning: Hyper reference `par:sga3-VIA-4.6' on page 331 undefined on inpu
t line 26.


LaTeX Warning: Hyper reference `diag:sga3-VIA-3.2.3-exact-descent' on page 331 
undefined on input line 38.


LaTeX Warning: Hyper reference `thm:sga3-VIA-3.2' on page 331 undefined on inpu
t line 58.

)
(tex_reference_v2/components/19_expose_VIA_section5_opening_par51_loop2_r1_en.t
ex

LaTeX Warning: Hyper reference `thm:sga3-VIA-3.2' on page 331 undefined on inpu
t line 22.

[331]

LaTeX Warning: Hyper reference `par:sga3-VIA-4.7' on page 332 undefined on inpu
t line 55.


LaTeX Warning: Hyper reference `concl:sga3-VIA-3.2-ii-prime' on page 332 undefi
ned on input line 67.


LaTeX Warning: Hyper reference `concl:sga3-VIA-2.5.4-ii' on page 332 undefined 
on input line 87.


LaTeX Warning: Hyper reference `concl:sga3-VIA-3.2-ii-prime' on page 332 undefi
ned on input line 91.


LaTeX Warning: Hyper reference `concl:sga3-VIA-3.3.2-iv' on page 332 undefined 
on input line 92.

) (tex_reference_v2/components/20_expose_VIA_par52_group_structure_en.tex

LaTeX Warning: Hyper reference `par:sga3-VIA-5.1' on page 332 undefined on inpu
t line 11.


LaTeX Warning: Hyper reference `thm:sga3-VIA-3.2' on page 332 undefined on inpu
t line 16.


LaTeX Warning: Hyper reference `thm:sga3-VIA-3.2' on page 332 undefined on inpu
t line 20.


LaTeX Warning: Hyper reference `concl:sga3-VIA-3.3.2-v' on page 332 undefined o
n input line 30.

) (tex_reference_v2/components/21_expose_VIA_par53_correspondences_en.tex
[332])
(tex_reference_v2/components/22_expose_VIA_par54_abelian_categories_loop2_r1_en
.tex

LaTeX Warning: Hyper reference `prop:sga3-VIA-5.4.1' on page 333 undefined on i
nput line 15.

[333]

LaTeX Warning: Hyper reference `prop:sga3-VIA-2.5.2' on page 334 undefined on i
nput line 30.

[334]) (tex_reference_v2/components/23_expose_VIA_par55_56_loop2_r1_en.tex

LaTeX Warning: Hyper reference `thm:sga3-VIA-3.2' on page 335 undefined on inpu
t line 18.


LaTeX Warning: Hyper reference `par:sga3-VIA-5.2' on page 335 undefined on inpu
t line 19.


LaTeX Warning: Hyper reference `par:sga3-VIA-4.3' on page 335 undefined on inpu
t line 27.


LaTeX Warning: Hyper reference `prop:sga3-VIA-5.5.1' on page 335 undefined on i
nput line 41.


LaTeX Warning: Hyper reference `thm:sga3-VIA-3.2' on page 335 undefined on inpu
t line 65.

[335] [336]

LaTeX Warning: Hyper reference `lem:sga3-VIA-2.5.3' on page 337 undefined on in
put line 178.

)
(tex_reference_v2/components/24_expose_VIA_section6_through_prop64_loop2_r1_en.
tex

Package hyperref Warning: Token not allowed in a PDF string (Unicode):
(hyperref)                removing `math shift' on input line 13.


LaTeX Warning: Hyper reference `lem:sga3-VIA-6.1' on page 337 undefined on inpu
t line 18.


LaTeX Warning: Hyper reference `lem:sga3-VIA-6.1' on page 337 undefined on inpu
t line 57.


LaTeX Warning: Hyper reference `lem:sga3-VIA-2.5.3' on page 337 undefined on in
put line 74.

[337]

LaTeX Warning: Hyper reference `sga3:VIA:0.3' on page 338 undefined on input li
ne 105.


LaTeX Warning: Hyper reference `cor:sga3-VIA-6.2' on page 338 undefined on inpu
t line 146.


LaTeX Warning: Hyper reference `prop:sga3-VIA-6.4' on page 338 undefined on inp
ut line 147.

)
(tex_reference_v2/components/25_expose_VIA_theorem65_through_bibliography_loop2
_r1_en.tex [338]

LaTeX Warning: Hyper reference `concl:sga3-VIA-6.2-i' on page 339 undefined on 
input line 55.


LaTeX Warning: Hyper reference `lem:sga3-VIA-2.5.3' on page 339 undefined on in
put line 56.


LaTeX Warning: Hyper reference `thm:sga3-VIA-2.6.5' on page 339 undefined on in
put line 61.


LaTeX Warning: Hyper reference `concl:sga3-VIA-6.5-i' on page 339 undefined on 
input line 64.


LaTeX Warning: Hyper reference `concl:sga3-VIA-6.5-ii' on page 339 undefined on
 input line 72.


LaTeX Warning: Hyper reference `prop:sga3-VIA-2.5.2' on page 339 undefined on i
nput line 95.


LaTeX Warning: Hyper reference `concl:sga3-VIA-6.2-i' on page 339 undefined on 
input line 98.


LaTeX Warning: Hyper reference `prop:sga3-VIA-6.4' on page 339 undefined on inp
ut line 102.

[339]

LaTeX Warning: Hyper reference `prop:sga3-VIA-6.4' on page 340 undefined on inp
ut line 127.


LaTeX Warning: Hyper reference `cor:sga3-VIA-6.6' on page 340 undefined on inpu
t line 127.


LaTeX Warning: Hyper reference `cor:sga3-VIA-6.6' on page 340 undefined on inpu
t line 138.


LaTeX Warning: Hyper reference `cor:sga3-VIA-6.7' on page 340 undefined on inpu
t line 142.


LaTeX Warning: Hyper reference `cor:sga3-VIA-6.7' on page 340 undefined on inpu
t line 153.


LaTeX Warning: Hyper reference `thm:sga3-VIA-5.4.2' on page 340 undefined on in
put line 153.


LaTeX Warning: Hyper reference `thm:sga3-VIA-2.6.5' on page 340 undefined on in
put line 171.


LaTeX Warning: Hyper reference `thm:sga3-VIA-6.5' on page 340 undefined on inpu
t line 171.

(<LOCAL_HOME>\AppData\Local\Programs\MiKTeX\tex/latex/lm\t1lmtt.fd) [340])
(tex_reference_v2/components/26_expose_VIB_title_through_lemma121_en.tex
[341]

LaTeX Warning: Hyper reference `sec:sga3-VIB-10' on page 342 undefined on input
 line 31.


LaTeX Warning: Hyper reference `sec:sga3-VIB-5' on page 342 undefined on input 
line 34.


LaTeX Warning: Hyper reference `note:sga3-VIB-34' on page 342 undefined on inpu
t line 34.


LaTeX Warning: Hyper reference `lem:sga3-VIB-1.2.1' on page 342 undefined on in
put line 93.

[342]

LaTeX Warning: Hyper reference `prop:sga3-VIB-1.2' on page 343 undefined on inp
ut line 105.

) (tex_reference_v2/components/27_expose_VIB_counter122_prop13_en.tex [343]

LaTeX Warning: Hyper reference `lem:sga3-VIB-1.3.0' on page 344 undefined on in
put line 25.


LaTeX Warning: Hyper reference `prop:sga3-VIB-1.3' on page 344 undefined on inp
ut line 100.

[344]

LaTeX Warning: Hyper reference `concl:sga3-VIB-1.3-i' on page 345 undefined on 
input line 112.

) (tex_reference_v2/components/28_expose_VIB_cor131_cor132_en.tex

LaTeX Warning: Hyper reference `lem:sga3-VIB-1.3.1.1' on page 345 undefined on 
input line 37.


LaTeX Warning: Hyper reference `prop:sga3-VIB-1.3' on page 345 undefined on inp
ut line 42.


LaTeX Warning: Hyper reference `lem:sga3-VIB-1.3.0' on page 345 undefined on in
put line 53.

[345]

LaTeX Warning: Hyper reference `prop:sga3-VIB-1.2' on page 346 undefined on inp
ut line 97.

) (tex_reference_v2/components/29_expose_VIB_prop14_cor142_en.tex [346]

LaTeX Warning: Hyper reference `prop:sga3-VIB-1.2' on page 347 undefined on inp
ut line 45.


LaTeX Warning: Hyper reference `prop:sga3-VIB-1.3' on page 347 undefined on inp
ut line 95.

[347]

LaTeX Warning: Hyper reference `prop:sga3-VIB-1.4' on page 348 undefined on inp
ut line 141.


LaTeX Warning: Hyper reference `prop:sga3-VIB-1.4' on page 348 undefined on inp
ut line 174.

) (tex_reference_v2/components/30_expose_VIB_counter143_through_cor161_en.tex

LaTeX Warning: Hyper reference `ctr:sga3-VIB-1.2.2' on page 348 undefined on in
put line 16.

[348]

LaTeX Warning: Hyper reference `cor:sga3-VIB-1.3.1' on page 349 undefined on in
put line 127.

) (tex_reference_v2/components/31_expose_VIB_section2_opening_loop2_r1_en.tex
[349]

LaTeX Warning: Hyper reference `lem:sga3-VIB-2.1.1' on page 350 undefined on in
put line 91.

[350]

LaTeX Warning: Hyper reference `prop:sga3-VIB-2.1' on page 351 undefined on inp
ut line 190.


LaTeX Warning: Hyper reference `par:sga3-VIB-2.0' on page 351 undefined on inpu
t line 190.

[351]

LaTeX Warning: Hyper reference `note:sga3-VIB-6' on page 352 undefined on input
 line 223.

[352]

LaTeX Warning: Hyper reference `prop:sga3-VIB-2.2' on page 353 undefined on inp
ut line 305.


LaTeX Warning: Hyper reference `cor:sga3-VIB-2.3' on page 353 undefined on inpu
t line 325.


LaTeX Warning: Hyper reference `prop:sga3-VIB-2.2' on page 353 undefined on inp
ut line 326.

) (tex_reference_v2/components/32_expose_VIB_prop25_through_lemma271_en.tex
[353]

LaTeX Warning: Hyper reference `note:sga3-VIB-6' on page 354 undefined on input
 line 92.


LaTeX Warning: Hyper reference `prop:sga3-VIB-1.3' on page 354 undefined on inp
ut line 109.

[354]

LaTeX Warning: Hyper reference `concl:sga3-VIB-2.5-i' on page 355 undefined on 
input line 244.


LaTeX Warning: Hyper reference `concl:sga3-VIB-2.5-i' on page 355 undefined on 
input line 251.

[355]

LaTeX Warning: Hyper reference `lem:sga3-VIB-2.7.1' on page 356 undefined on in
put line 278.


LaTeX Warning: Hyper reference `cor:sga3-VIB-1.3.1' on page 356 undefined on in
put line 284.

) (tex_reference_v2/components/33_expose_VIB_cor28_through_cor212_en.tex

LaTeX Warning: Hyper reference `concl:sga3-VIB-2.5-ii' on page 356 undefined on
 input line 50.


LaTeX Warning: Hyper reference `rem:sga3-VIB-2.8.1' on page 356 undefined on in
put line 50.

[356]

LaTeX Warning: Hyper reference `lem:sga3-VIB-2.9.1' on page 357 undefined on in
put line 130.

[357]

LaTeX Warning: Hyper reference `lem:sga3-VIB-2.9' on page 358 undefined on inpu
t line 234.

[358]

LaTeX Warning: Hyper reference `note:sga3-VIB-6' on page 359 undefined on input
 line 263.


LaTeX Warning: Hyper reference `lem:sga3-VIB-2.7.1' on page 359 undefined on in
put line 272.

)
(tex_reference_v2/components/34_expose_VIB_section3_through_cor36_loop2_r1_en.t
ex [359] [360]

LaTeX Warning: Hyper reference `par:sga3-VIB-3.0' on page 361 undefined on inpu
t line 198.

) (tex_reference_v2/components/35_expose_VIB_prop37_cor38_en.tex [361]

LaTeX Warning: Hyper reference `prop:sga3-VIA-2.4' on page 362 undefined on inp
ut line 80.

[362]

LaTeX Warning: Hyper reference `prop:sga3-VIB-3.5' on page 363 undefined on inp
ut line 117.


LaTeX Warning: Hyper reference `prop:sga3-VIB-3.7' on page 363 undefined on inp
ut line 180.

[363])
(tex_reference_v2/components/36_expose_VIB_prop39_through_lemma3101_en.tex

LaTeX Warning: Hyper reference `cor:sga3-VIB-3.6' on page 364 undefined on inpu
t line 31.


LaTeX Warning: Hyper reference `cor:sga3-VIB-1.3.1' on page 364 undefined on in
put line 55.


LaTeX Warning: Hyper reference `cor:sga3-VIB-2.4' on page 364 undefined on inpu
t line 55.


LaTeX Warning: Hyper reference `lem:sga3-VIB-3.10.1' on page 364 undefined on i
nput line 60.


LaTeX Warning: Hyper reference `case:sga3-VIB-3.4' on page 364 undefined on inp
ut line 65.

[364]

LaTeX Warning: Hyper reference `cor:sga3-VIB-2.4' on page 365 undefined on inpu
t line 129.

) (tex_reference_v2/components/37_expose_VIB_prop311_section4_prop41_en.tex
[365]

LaTeX Warning: Hyper reference `prop:sga3-VIB-1.3' on page 366 undefined on inp
ut line 49.


LaTeX Warning: Hyper reference `lem:sga3-VIB-1.5' on page 366 undefined on inpu
t line 67.

[366]) (tex_reference_v2/components/38_expose_VIB_prop42_en.tex

LaTeX Warning: Hyper reference `lem:sga3-VIB-1.5' on page 367 undefined on inpu
t line 14.


LaTeX Warning: Hyper reference `lem:sga3-VIB-1.5' on page 367 undefined on inpu
t line 23.


LaTeX Warning: Hyper reference `note:sga3-VIB-19' on page 367 undefined on inpu
t line 39.


LaTeX Warning: Hyper reference `prop:sga3-VIB-4.1' on page 367 undefined on inp
ut line 86.

[367]

LaTeX Warning: Hyper reference `prop:sga3-VIB-3.3' on page 368 undefined on inp
ut line 96.

[368]

LaTeX Warning: Hyper reference `lem:sga3-VIB-1.5' on page 369 undefined on inpu
t line 181.

) (tex_reference_v2/components/39_expose_VIB_cor43_cor44_en.tex

LaTeX Warning: Hyper reference `thm:sga3-VIB-3.10' on page 369 undefined on inp
ut line 31.

[369]

LaTeX Warning: Hyper reference `lem:sga3-VIB-1.5' on page 370 undefined on inpu
t line 72.


LaTeX Warning: Hyper reference `case:sga3-VIB-3.4' on page 370 undefined on inp
ut line 90.


LaTeX Warning: Hyper reference `cor:sga3-VIB-2.4' on page 370 undefined on inpu
t line 92.


LaTeX Warning: Hyper reference `prop:sga3-VIB-4.2' on page 370 undefined on inp
ut line 92.


LaTeX Warning: Hyper reference `thm:sga3-VIB-3.10' on page 370 undefined on inp
ut line 93.


LaTeX Warning: Hyper reference `cond:sga3-VIB-4.4-ii' on page 370 undefined on 
input line 98.


LaTeX Warning: Hyper reference `prop:sga3-VIB-4.2' on page 370 undefined on inp
ut line 98.


LaTeX Warning: Hyper reference `thm:sga3-VIB-3.10' on page 370 undefined on inp
ut line 106.


LaTeX Warning: Hyper reference `thm:sga3-VIB-3.10' on page 370 undefined on inp
ut line 129.

)
(tex_reference_v2/components/40_expose_VIB_section5_through_rem541_loop2_r1_en.
tex [370]

LaTeX Warning: Hyper reference `thm:sga3-VIB-5.3' on page 371 undefined on inpu
t line 96.


LaTeX Warning: Hyper reference `cor:sga3-VIB-5.4' on page 371 undefined on inpu
t line 96.


LaTeX Warning: Hyper reference `thm:sga3-VIB-5.3' on page 371 undefined on inpu
t line 96.


LaTeX Warning: Hyper reference `thm:sga3-VIB-5.3A' on page 371 undefined on inp
ut line 96.

[371]

LaTeX Warning: Hyper reference `prop:sga3-VIB-3.5' on page 372 undefined on inp
ut line 134.


LaTeX Warning: Hyper reference `note:sga3-VIB-34' on page 372 undefined on inpu
t line 156.


LaTeX Warning: Hyper reference `thm:sga3-VIB-5.3' on page 372 undefined on inpu
t line 158.

)
(tex_reference_v2/components/41_expose_VIB_cor55_through_lemma560_loop2_r1_en.t
ex

LaTeX Warning: Hyper reference `note:sga3-VIB-35' on page 372 undefined on inpu
t line 27.


LaTeX Warning: Hyper reference `thm:sga3-VIB-5.3' on page 372 undefined on inpu
t line 36.

[372] [373])
(tex_reference_v2/components/42_expose_VIB_lemma5610_loop2_r1_en.tex

LaTeX Warning: Hyper reference `lem:sga3-VIB-5.6.1' on page 374 undefined on in
put line 16.

[374]

LaTeX Warning: Hyper reference `lem:sga3-VIB-5.6.0' on page 375 undefined on in
put line 146.


LaTeX Warning: Hyper reference `lem:sga3-VIB-5.6.1.0' on page 375 undefined on 
input line 153.

) (tex_reference_v2/components/43_expose_VIB_lemma561_loop2_r1_en.tex [375]

LaTeX Warning: Hyper reference `lem:sga3-VIB-5.6.1.0' on page 376 undefined on 
input line 83.

[376] [377]) (tex_reference_v2/components/44_expose_VIB_lemma5620_en.tex

LaTeX Warning: Hyper reference `thm:sga3-VIB-5.3' on page 378 undefined on inpu
t line 16.


LaTeX Warning: Hyper reference `cor:sga3-VIB-5.4' on page 378 undefined on inpu
t line 16.


LaTeX Warning: Hyper reference `thm:sga3-VIB-5.7' on page 378 undefined on inpu
t line 16.


LaTeX Warning: Hyper reference `sec:sga3-VIB-5.8' on page 378 undefined on inpu
t line 16.

[378] [379]) (tex_reference_v2/components/45_expose_VIB_cor562_en.tex

LaTeX Warning: Hyper reference `thm:sga3-VIB-5.3' on page 380 undefined on inpu
t line 17.


LaTeX Warning: Hyper reference `lem:sga3-VIB-5.6.2.0' on page 380 undefined on 
input line 44.


LaTeX Warning: Hyper reference `lem:sga3-VIB-5.6.1' on page 380 undefined on in
put line 54.

) (tex_reference_v2/components/46_expose_VIB_lemma563_en.tex [380] [381]

LaTeX Warning: Hyper reference `thm:sga3-VIB-5.3' on page 382 undefined on inpu
t line 203.


LaTeX Warning: Hyper reference `cor:sga3-VIB-5.6.2' on page 382 undefined on in
put line 203.


LaTeX Warning: Hyper reference `lem:sga3-VIB-5.6.3' on page 382 undefined on in
put line 204.

) (tex_reference_v2/components/47_expose_VIB_counter564_thm57_en.tex [382]

LaTeX Warning: Hyper reference `cor:sga3-VIB-5.7.1' on page 383 undefined on in
put line 36.


LaTeX Warning: Hyper reference `cor:sga3-VIB-5.7.1' on page 383 undefined on in
put line 36.


LaTeX Warning: Hyper reference `thm:sga3-VIB-5.7' on page 383 undefined on inpu
t line 36.


LaTeX Warning: Hyper reference `concl:sga3-VIB-4.2-iii' on page 383 undefined o
n input line 60.


LaTeX Warning: Hyper reference `cor:sga3-VIB-5.6.2' on page 383 undefined on in
put line 66.


LaTeX Warning: Hyper reference `lem:sga3-VIB-5.6.3' on page 383 undefined on in
put line 67.

) (tex_reference_v2/components/48_expose_VIB_cor571_through_cor582_en.tex

LaTeX Warning: Hyper reference `thm:sga3-VIB-5.7' on page 383 undefined on inpu
t line 22.


LaTeX Warning: Hyper reference `prop:sga3-VIA-2.6.6' on page 383 undefined on i
nput line 49.

[383]

LaTeX Warning: Hyper reference `thm:sga3-VIB-5.3' on page 384 undefined on inpu
t line 70.


LaTeX Warning: Hyper reference `cor:sga3-VIB-5.4' on page 384 undefined on inpu
t line 74.

) (tex_reference_v2/components/49_expose_VIB_example583_en.tex

LaTeX Warning: Hyper reference `lem:sga3-VIB-5.6.3' on page 384 undefined on in
put line 24.

) (tex_reference_v2/components/50_expose_VIB_example584_en.tex [384] [385])
(tex_reference_v2/components/51_expose_VIB_definition61_en.tex

LaTeX Warning: Hyper reference `thm:sga3-VIB-6.5.2' on page 386 undefined on in
put line 26.


LaTeX Warning: Hyper reference `cor:sga3-VIB-6.5.5' on page 386 undefined on in
put line 26.

[386]

LaTeX Warning: Hyper reference `prop:sga3-VIB-6.2' on page 387 undefined on inp
ut line 132.


LaTeX Warning: Hyper reference `prop:sga3-VIB-10.11' on page 387 undefined on i
nput line 132.


LaTeX Warning: Hyper reference `prop:sga3-VIB-6.2' on page 387 undefined on inp
ut line 162.

[387]) (tex_reference_v2/components/52_expose_VIB_prop62_through_prop622_en.tex

LaTeX Warning: Hyper reference `note:sga3-VIB-49' on page 388 undefined on inpu
t line 15.


LaTeX Warning: Hyper reference `rem:sga3-VIB-6.1.1' on page 388 undefined on in
put line 43.


LaTeX Warning: Hyper reference `cor:sga3-VIB-6.2.5' on page 388 undefined on in
put line 44.


LaTeX Warning: Hyper reference `par:sga3-VIB-6.9' on page 388 undefined on inpu
t line 74.


LaTeX Warning: Hyper reference `def:sga3-VIB-6.2.1' on page 388 undefined on in
put line 110.

) (tex_reference_v2/components/53_expose_VIB_theorem623_en.tex [388]

LaTeX Warning: Hyper reference `cor:sga3-VIB-6.5.3' on page 389 undefined on in
put line 34.


LaTeX Warning: Hyper reference `def:sga3-VIB-6.2.1' on page 389 undefined on in
put line 65.

[389])
(tex_reference_v2/components/54_expose_VIB_examples624_through_cor625_en.tex

LaTeX Warning: Hyper reference `thm:sga3-VIB-6.2.3' on page 390 undefined on in
put line 21.

[390]

LaTeX Warning: Hyper reference `eq:sga3-VIB-6.2.4-xxx' on page 391 undefined on
 input line 109.


LaTeX Warning: Hyper reference `ex:sga3-VIB-6.2.4-a' on page 391 undefined on i
nput line 116.


LaTeX Warning: Hyper reference `ex:sga3-VIB-6.2.4-b' on page 391 undefined on i
nput line 139.


LaTeX Warning: Hyper reference `ex:sga3-VIB-6.2.4-c' on page 391 undefined on i
nput line 155.

[391]

LaTeX Warning: Hyper reference `ex:sga3-VIB-6.2.4-c' on page 392 undefined on i
nput line 163.


LaTeX Warning: Hyper reference `ex:sga3-VIB-6.2.4-b' on page 392 undefined on i
nput line 174.


LaTeX Warning: Hyper reference `ex:sga3-VIB-6.2.4-c' on page 392 undefined on i
nput line 197.


LaTeX Warning: Hyper reference `ex:sga3-VIB-6.2.4-d' on page 392 undefined on i
nput line 200.


LaTeX Warning: Hyper reference `ex:sga3-VIB-6.2.4-a' on page 392 undefined on i
nput line 215.


LaTeX Warning: Hyper reference `ex:sga3-VIB-6.2.4-d' on page 392 undefined on i
nput line 245.

[392]

LaTeX Warning: Hyper reference `prop:sga3-VIB-6.2.2' on page 393 undefined on i
nput line 256.


LaTeX Warning: Hyper reference `ex:sga3-VIB-6.2.4-a' on page 393 undefined on i
nput line 258.


LaTeX Warning: Hyper reference `ex:sga3-VIB-6.2.4-e' on page 393 undefined on i
nput line 259.


LaTeX Warning: Hyper reference `sga3:VIA:0.3' on page 393 undefined on input li
ne 262.


LaTeX Warning: Hyper reference `sga3:VIA:0.5.2' on page 393 undefined on input 
line 290.

) (tex_reference_v2/components/55_expose_VIB_cor626_en.tex

LaTeX Warning: Hyper reference `cor:sga3-VIB-6.2.5' on page 393 undefined on in
put line 27.


LaTeX Warning: Hyper reference `prop:sga3-VIA-5.4.1' on page 393 undefined on i
nput line 39.

[393]

LaTeX Warning: Hyper reference `ex:sga3-VIB-6.2.4-e' on page 394 undefined on i
nput line 74.


LaTeX Warning: Hyper reference `sga3:VIA:0.5' on page 394 undefined on input li
ne 94.

) (tex_reference_v2/components/56_expose_VIB_rem63_through_def65_en.tex

LaTeX Warning: Hyper reference `def:sga3-VIB-6.1' on page 394 undefined on inpu
t line 63.

[394]

LaTeX Warning: Hyper reference `def:sga3-VIB-3.1' on page 395 undefined on inpu
t line 129.


LaTeX Warning: Hyper reference `def:sga3-VIB-6.1' on page 395 undefined on inpu
t line 130.


LaTeX Warning: Hyper reference `cor:sga3-VIB-1.4.2' on page 395 undefined on in
put line 149.

) (tex_reference_v2/components/57_expose_VIB_prop651_en.tex

LaTeX Warning: Hyper reference `def:sga3-VIB-6.1' on page 395 undefined on inpu
t line 22.


LaTeX Warning: Hyper reference `cor:sga3-VIB-6.5.5' on page 395 undefined on in
put line 22.


LaTeX Warning: Hyper reference `thm:sga3-VIB-3.10' on page 395 undefined on inp
ut line 28.

[395]

LaTeX Warning: Hyper reference `lem:sga3-VIB-3.10.1' on page 396 undefined on i
nput line 35.


LaTeX Warning: Hyper reference `thm:sga3-VIB-6.5.2' on page 396 undefined on in
put line 58.

) (tex_reference_v2/components/58_expose_VIB_thm652_cor653_en.tex

LaTeX Warning: Hyper reference `thm:sga3-VIB-6.5.2' on page 396 undefined on in
put line 64.


LaTeX Warning: Hyper reference `thm:sga3-VIB-6.5.2' on page 396 undefined on in
put line 77.


LaTeX Warning: Hyper reference `def:sga3-VIB-6.2.1' on page 396 undefined on in
put line 80.

[396]

LaTeX Warning: Hyper reference `thm:sga3-VIB-6.2.3' on page 397 undefined on in
put line 86.


LaTeX Warning: Hyper reference `cor:sga3-VIB-6.5.3' on page 397 undefined on in
put line 88.


LaTeX Warning: Hyper reference `thm:sga3-VIB-6.5.2' on page 397 undefined on in
put line 89.


LaTeX Warning: Hyper reference `cor:sga3-VIB-6.2.6' on page 397 undefined on in
put line 122.


LaTeX Warning: Hyper reference `cor:sga3-VIB-6.5.3' on page 397 undefined on in
put line 128.


LaTeX Warning: Hyper reference `thm:sga3-VIB-6.5.2' on page 397 undefined on in
put line 129.

[397]

LaTeX Warning: Hyper reference `thm:sga3-VIB-6.5.2' on page 398 undefined on in
put line 181.


LaTeX Warning: Hyper reference `thm:sga3-VIB-6.5.2' on page 398 undefined on in
put line 189.


LaTeX Warning: Hyper reference `cor:sga3-VIB-6.5.3' on page 398 undefined on in
put line 190.

) (tex_reference_v2/components/59_expose_VIB_cor654_loop2_r1_en.tex

LaTeX Warning: Hyper reference `cor:sga3-VIB-6.5.3' on page 398 undefined on in
put line 40.


LaTeX Warning: Hyper reference `thm:sga3-VIB-6.2.3' on page 398 undefined on in
put line 74.

[398]

LaTeX Warning: Hyper reference `cor:sga3-VIB-6.5.4' on page 399 undefined on in
put line 80.


LaTeX Warning: Hyper reference `cor:sga3-VIB-6.5.3' on page 399 undefined on in
put line 83.


LaTeX Warning: Hyper reference `cor:sga3-VIB-2.3' on page 399 undefined on inpu
t line 95.


LaTeX Warning: Hyper reference `prop:sga3-VIB-2.5' on page 399 undefined on inp
ut line 102.


LaTeX Warning: Hyper reference `cor:sga3-VIB-6.5.4' on page 399 undefined on in
put line 107.


LaTeX Warning: Hyper reference `ex:sga3-VIB-6.2.4-e' on page 399 undefined on i
nput line 110.


LaTeX Warning: Hyper reference `cor:sga3-VIB-6.5.5' on page 399 undefined on in
put line 111.


LaTeX Warning: Hyper reference `cor:sga3-VIB-6.5.4' on page 399 undefined on in
put line 111.

) (tex_reference_v2/components/60_expose_VIB_cor655_en.tex

LaTeX Warning: Hyper reference `ex:sga3-VIB-6.2.4-e' on page 399 undefined on i
nput line 64.


LaTeX Warning: Hyper reference `cor:sga3-VIB-6.5.4' on page 399 undefined on in
put line 65.

[399]) (tex_reference_v2/components/61_expose_VIB_def66_through_par69_en.tex

LaTeX Warning: Hyper reference `prop:sga3-VIB-3.3' on page 400 undefined on inp
ut line 65.


LaTeX Warning: Hyper reference `prop:sga3-VIA-1.1.1' on page 400 undefined on i
nput line 95.

[400]

LaTeX Warning: Hyper reference `ex:sga3-VIB-6.2.4-e' on page 401 undefined on i
nput line 104.

) (tex_reference_v2/components/62_expose_VIB_section7_prop71_en.tex

LaTeX Warning: Hyper reference `cor:sga3-VIB-1.3.1' on page 401 undefined on in
put line 38.


LaTeX Warning: Hyper reference `sga3:VIA:0.5.2' on page 401 undefined on input 
line 79.

[401] [402]

LaTeX Warning: Hyper reference `sga3:VIA:0.5.2' on page 403 undefined on input 
line 193.

) (tex_reference_v2/components/63_expose_VIB_cor711_through_cor721_en.tex

LaTeX Warning: Hyper reference `prop:sga3-VIB-1.2' on page 403 undefined on inp
ut line 40.

[403]

LaTeX Warning: Hyper reference `cor:sga3-VIB-7.2.1' on page 404 undefined on in
put line 65.


LaTeX Warning: Hyper reference `def:sga3-VIB-7.2.2' on page 404 undefined on in
put line 65.


LaTeX Warning: Hyper reference `concl:sga3-VIB-7.1-ii' on page 404 undefined on
 input line 85.


LaTeX Warning: Hyper reference `par:sga3-VIB-3.0' on page 404 undefined on inpu
t line 92.


LaTeX Warning: Hyper reference `sga3:VIA:0.5.2' on page 404 undefined on input 
line 119.


LaTeX Warning: Hyper reference `concl:sga3-VIB-7.1-ii' on page 404 undefined on
 input line 150.


LaTeX Warning: Hyper reference `rem:sga3-VIB-7.2-v' on page 404 undefined on in
put line 169.

[404]

LaTeX Warning: Hyper reference `prop:sga3-VIA-2.4' on page 405 undefined on inp
ut line 189.


LaTeX Warning: Hyper reference `thm:sga3-VIA-2.6.5' on page 405 undefined on in
put line 192.

) (tex_reference_v2/components/64_expose_VIB_def722_through_cor73_en.tex

LaTeX Warning: Hyper reference `prop:sga3-VIB-6.2' on page 405 undefined on inp
ut line 81.

[405] [406]

LaTeX Warning: Hyper reference `concl:sga3-VIB-7.1-iii' on page 407 undefined o
n input line 203.


LaTeX Warning: Hyper reference `sga3:VIA:0.3' on page 407 undefined on input li
ne 231.


LaTeX Warning: Hyper reference `concl:sga3-VIB-7.1-iii' on page 407 undefined o
n input line 235.

[407]

LaTeX Warning: Hyper reference `prop:sga3-VIB-6.2' on page 408 undefined on inp
ut line 277.


LaTeX Warning: Hyper reference `concl:sga3-VIB-7.1-i' on page 408 undefined on 
input line 279.


LaTeX Warning: Hyper reference `def:sga3-VIB-7.2.2' on page 408 undefined on in
put line 298.

) (tex_reference_v2/components/65_expose_VIB_prop74_en.tex

LaTeX Warning: Hyper reference `concl:sga3-VIB-7.1-ii' on page 408 undefined on
 input line 20.


LaTeX Warning: Hyper reference `concl:sga3-VIB-7.1-iii' on page 408 undefined o
n input line 27.


LaTeX Warning: Hyper reference `cor:sga3-VIB-7.2.1' on page 408 undefined on in
put line 30.


LaTeX Warning: Hyper reference `rem:sga3-VIB-7.2-v' on page 408 undefined on in
put line 32.


LaTeX Warning: Hyper reference `prop:sga3-VIA-2.4' on page 408 undefined on inp
ut line 46.


LaTeX Warning: Hyper reference `sga3:VIA:0.5' on page 408 undefined on input li
ne 59.

[408]

LaTeX Warning: Hyper reference `cor:sga3-VIB-7.2.1' on page 409 undefined on in
put line 150.


LaTeX Warning: Hyper reference `rem:sga3-VIB-7.2-ii' on page 409 undefined on i
nput line 159.

[409]) (tex_reference_v2/components/66_expose_VIB_lemma75_en.tex

LaTeX Warning: Hyper reference `sga3:iv:proposition:6:3:1:item:iv:01' on page 4
10 undefined on input line 48.

[410]

LaTeX Warning: Hyper reference `sga3:VIA:0.1' on page 411 undefined on input li
ne 70.


LaTeX Warning: Hyper reference `sga3:VIA:0.5' on page 411 undefined on input li
ne 77.

) (tex_reference_v2/components/67_expose_VIB_rem760_prop76_en.tex

LaTeX Warning: Hyper reference `prop:sga3-VIB-7.6' on page 411 undefined on inp
ut line 18.


LaTeX Warning: Hyper reference `concl:sga3-VIB-7.1-ii' on page 411 undefined on
 input line 44.

[411]

LaTeX Warning: Hyper reference `sga3:iv:proposition:4:4:3' on page 412 undefine
d on input line 105.


LaTeX Warning: Hyper reference `lem:sga3-VIB-7.5' on page 412 undefined on inpu
t line 124.


LaTeX Warning: Hyper reference `sga3:VIA:0.1' on page 412 undefined on input li
ne 156.


LaTeX Warning: Hyper reference `lem:sga3-VIB-7.5' on page 412 undefined on inpu
t line 171.


LaTeX Warning: Hyper reference `prop:sga3-VIB-7.6' on page 412 undefined on inp
ut line 183.

) (tex_reference_v2/components/68_expose_VIB_rem761_lemma77_en.tex [412]

LaTeX Warning: Hyper reference `prop:sga3-VIB-7.6' on page 413 undefined on inp
ut line 14.


LaTeX Warning: Hyper reference `prop:sga3-VIB-7.6' on page 413 undefined on inp
ut line 34.


LaTeX Warning: Hyper reference `cor:sga3-VIB-1.4.2' on page 413 undefined on in
put line 42.


LaTeX Warning: Hyper reference `sga3:VIA:0.5.1' on page 413 undefined on input 
line 44.


LaTeX Warning: Hyper reference `cor:sga3-VIB-7.2.1' on page 413 undefined on in
put line 46.


LaTeX Warning: Hyper reference `prop:sga3-VIB-7.6' on page 413 undefined on inp
ut line 72.

[413]) (tex_reference_v2/components/69_expose_VIB_prop78_en.tex

LaTeX Warning: Hyper reference `prop:sga3-VIB-7.6' on page 414 undefined on inp
ut line 43.


LaTeX Warning: Hyper reference `def:sga3-VIB-7.2.2' on page 414 undefined on in
put line 51.


LaTeX Warning: Hyper reference `concl:sga3-VIB-7.1-iii' on page 414 undefined o
n input line 56.


LaTeX Warning: Hyper reference `prop:sga3-VIA-2.4' on page 414 undefined on inp
ut line 57.


LaTeX Warning: Hyper reference `cor:sga3-VIA-2.4.1' on page 414 undefined on in
put line 105.

[414]

LaTeX Warning: Hyper reference `cor:sga3-VIB-7.2.1' on page 415 undefined on in
put line 116.


LaTeX Warning: Hyper reference `prop:sga3-VIB-7.4' on page 415 undefined on inp
ut line 128.


LaTeX Warning: Hyper reference `cor:sga3-VIB-7.1.1' on page 415 undefined on in
put line 140.


LaTeX Warning: Hyper reference `prop:sga3-VIA-2.4' on page 415 undefined on inp
ut line 144.


LaTeX Warning: Hyper reference `thm:sga3-VIA-2.6.5' on page 415 undefined on in
put line 146.


LaTeX Warning: Hyper reference `concl:sga3-VIB-7.3-v' on page 415 undefined on 
input line 148.


LaTeX Warning: Hyper reference `cor:sga3-VIB-7.1.1' on page 415 undefined on in
put line 152.


LaTeX Warning: Hyper reference `prop:sga3-VIB-7.9' on page 415 undefined on inp
ut line 170.


LaTeX Warning: Hyper reference `lem:sga3-VIB-7.7' on page 415 undefined on inpu
t line 188.

[415]) (tex_reference_v2/components/70_expose_VIB_prop79_cor710_en.tex

LaTeX Warning: Hyper reference `def:sga3-VIB-7.2.2' on page 416 undefined on in
put line 48.


LaTeX Warning: Hyper reference `par:sga3-VIB-3.0' on page 416 undefined on inpu
t line 59.


LaTeX Warning: Hyper reference `prop:sga3-VIB-7.8' on page 416 undefined on inp
ut line 104.

[416]

LaTeX Warning: Hyper reference `concl:sga3-VIB-7.9-iii' on page 417 undefined o
n input line 107.


LaTeX Warning: Hyper reference `prop:sga3-VIB-7.8' on page 417 undefined on inp
ut line 108.


LaTeX Warning: Hyper reference `prop:sga3-VIB-7.6' on page 417 undefined on inp
ut line 109.

) (tex_reference_v2/components/71_expose_VIB_section8_lemma811_loop2_r1_en.tex

LaTeX Warning: Hyper reference `prop:sga3-VIB-8.2' on page 417 undefined on inp
ut line 41.


LaTeX Warning: Hyper reference `lem:sga3-VIB-8.1.1' on page 417 undefined on in
put line 46.


LaTeX Warning: Hyper reference `lem:sga3-VIB-8.1.1' on page 417 undefined on in
put line 101.

) (tex_reference_v2/components/72_expose_VIB_lemma812_loop2_r1_en.tex [417]

LaTeX Warning: Hyper reference `lem:sga3-VIB-8.1.2' on page 418 undefined on in
put line 119.

) (tex_reference_v2/components/73_expose_VIB_prop82_def821_prop83_en.tex
[418]

LaTeX Warning: Hyper reference `lem:sga3-VIB-8.1.2' on page 419 undefined on in
put line 57.


LaTeX Warning: Hyper reference `lem:sga3-VIB-8.1.1' on page 419 undefined on in
put line 66.


LaTeX Warning: Hyper reference `def:sga3-VIB-7.2.2' on page 419 undefined on in
put line 110.


LaTeX Warning: Hyper reference `prop:sga3-VIB-8.2' on page 419 undefined on inp
ut line 115.

[419]

LaTeX Warning: Hyper reference `prop:sga3-VIB-7.8' on page 420 undefined on inp
ut line 121.


LaTeX Warning: Hyper reference `cor:sga3-VIB-7.10' on page 420 undefined on inp
ut line 139.

) (tex_reference_v2/components/74_expose_VIB_prop84_en.tex

LaTeX Warning: Hyper reference `par:sga3-VIB-10.1' on page 420 undefined on inp
ut line 31.


LaTeX Warning: Hyper reference `par:sga3-VIB-10.10' on page 420 undefined on in
put line 32.


LaTeX Warning: Hyper reference `sec:sga3-VIB-10' on page 420 undefined on input
 line 38.


LaTeX Warning: Hyper reference `sec:sga3-VIB-9' on page 420 undefined on input 
line 38.


LaTeX Warning: Hyper reference `sec:sga3-VIB-8' on page 420 undefined on input 
line 38.


LaTeX Warning: Hyper reference `prop:sga3-VIB-8.3' on page 420 undefined on inp
ut line 63.


LaTeX Warning: Hyper reference `concl:sga3-VIB-7.3-v' on page 420 undefined on 
input line 88.

[420]

LaTeX Warning: Hyper reference `cor:sga3-VIB-10.12.1' on page 421 undefined on 
input line 100.


LaTeX Warning: Hyper reference `cor:sga3-VIB-10.13' on page 421 undefined on in
put line 101.


LaTeX Warning: Hyper reference `def:sga3-VIB-7.2.2' on page 421 undefined on in
put line 179.

[421]

LaTeX Warning: Hyper reference `concl:sga3-VIB-7.1-iii' on page 422 undefined o
n input line 220.


LaTeX Warning: Hyper reference `prop:sga3-VIB-5.1' on page 422 undefined on inp
ut line 256.

)
(tex_reference_v2/components/75_expose_VIB_section9_def91_prop92_loop2_r1_en.te
x [422]

LaTeX Warning: Hyper reference `par:sga3-VIB-2.0' on page 423 undefined on inpu
t line 119.


LaTeX Warning: Hyper reference `rem:sga3-VIB-2.1.2' on page 423 undefined on in
put line 119.

[423]

LaTeX Warning: Hyper reference `lem:sga3-VIB-9.2.1' on page 424 undefined on in
put line 240.

[424])
(tex_reference_v2/components/76_expose_VIB_lemma921_rem93_loop2_r1_en.tex

LaTeX Warning: Hyper reference `prop:sga3-VIB-9.2' on page 425 undefined on inp
ut line 76.


LaTeX Warning: Hyper reference `concl:sga3-VIB-9.2-vii' on page 425 undefined o
n input line 84.


LaTeX Warning: Hyper reference `concl:sga3-VIB-9.2-vii' on page 425 undefined o
n input line 84.


LaTeX Warning: Hyper reference `concl:sga3-VIB-9.2-viii' on page 425 undefined 
on input line 84.


LaTeX Warning: Hyper reference `cor:sga3-VIB-5.4' on page 425 undefined on inpu
t line 99.


LaTeX Warning: Hyper reference `concl:sga3-VIB-9.2-x' on page 425 undefined on 
input line 101.

[425]

LaTeX Warning: Hyper reference `thm:sga3-VIA-3.2' on page 426 undefined on inpu
t line 141.


LaTeX Warning: Hyper reference `thm:sga3-VIA-3.3.2' on page 426 undefined on in
put line 142.


LaTeX Warning: Hyper reference `thm:sga3-V-7.1' on page 426 undefined on input 
line 146.

) (tex_reference_v2/components/77_expose_VIB_section10_through_lemma102_en.tex

LaTeX Warning: Hyper reference `note:sga3-VIB-92' on page 426 undefined on inpu
t line 34.

[426]

LaTeX Warning: Hyper reference `par:sga3-VIB-10.0' on page 427 undefined on inp
ut line 102.


LaTeX Warning: Hyper reference `sga3:iv:proposition:6:3:1:item:i:01' on page 42
7 undefined on input line 126.


LaTeX Warning: Hyper reference `sec:sga3-VIB-10' on page 427 undefined on input
 line 135.


LaTeX Warning: Hyper reference `lem:sga3-VIB-10.2' on page 427 undefined on inp
ut line 143.


LaTeX Warning: Hyper reference `lem:sga3-VIB-10.9' on page 427 undefined on inp
ut line 144.


LaTeX Warning: Hyper reference `par:sga3-VIB-10.0' on page 427 undefined on inp
ut line 145.

)
(tex_reference_v2/components/78_expose_VIB_lemma103_through_lemma108_loop2_r1_e
n.tex

LaTeX Warning: Hyper reference `lem:sga3-VIB-10.2' on page 427 undefined on inp
ut line 24.


LaTeX Warning: Hyper reference `lem:sga3-VIB-10.3' on page 427 undefined on inp
ut line 25.


LaTeX Warning: Hyper reference `par:sga3-VIB-10.0' on page 427 undefined on inp
ut line 26.


LaTeX Warning: Hyper reference `par:sga3-VIB-10.1' on page 427 undefined on inp
ut line 27.


LaTeX Warning: Hyper reference `lem:sga3-VIB-10.3' on page 427 undefined on inp
ut line 44.


LaTeX Warning: Hyper reference `lem:sga3-VIB-10.2' on page 427 undefined on inp
ut line 44.

[427]

LaTeX Warning: Hyper reference `par:sga3-VIB-10.0' on page 428 undefined on inp
ut line 52.


LaTeX Warning: Hyper reference `par:sga3-VIB-10.1' on page 428 undefined on inp
ut line 53.


LaTeX Warning: Hyper reference `rem:sga3-VIB-6.7' on page 428 undefined on inpu
t line 54.


LaTeX Warning: Hyper reference `par:sga3-VIB-10.0' on page 428 undefined on inp
ut line 116.

[428]

LaTeX Warning: Hyper reference `diag:sga3-VIB-10.8-D' on page 429 undefined on 
input line 163.


LaTeX Warning: Hyper reference `concl:sga3-VIB-10.8-i' on page 429 undefined on
 input line 168.


LaTeX Warning: Hyper reference `concl:sga3-VIB-10.8-ii' on page 429 undefined o
n input line 169.


LaTeX Warning: Hyper reference `concl:sga3-VIB-10.8-i' on page 429 undefined on
 input line 170.


LaTeX Warning: Hyper reference `diag:sga3-VIB-10.8-D' on page 429 undefined on 
input line 172.


LaTeX Warning: Hyper reference `concl:sga3-VIB-10.8-ii' on page 429 undefined o
n input line 184.


LaTeX Warning: Hyper reference `concl:sga3-VIB-10.8-i' on page 429 undefined on
 input line 185.

) (tex_reference_v2/components/79_expose_VIB_lemma109_through_prop1011_en.tex

LaTeX Warning: Hyper reference `prop:sga3-VIB-3.3' on page 429 undefined on inp
ut line 28.


LaTeX Warning: Hyper reference `prop:sga3-VIB-3.9' on page 429 undefined on inp
ut line 31.


LaTeX Warning: Hyper reference `lem:sga3-VIB-10.3' on page 429 undefined on inp
ut line 34.


LaTeX Warning: Hyper reference `par:sga3-VIB-10.1' on page 429 undefined on inp
ut line 35.


LaTeX Warning: Hyper reference `prop:sga3-VIA-2.1.1' on page 429 undefined on i
nput line 42.


LaTeX Warning: Hyper reference `lem:sga3-VIB-3.10.1' on page 429 undefined on i
nput line 48.


LaTeX Warning: Hyper reference `par:sga3-VIB-10.0' on page 429 undefined on inp
ut line 56.


LaTeX Warning: Hyper reference `par:sga3-VIB-10.10-a' on page 429 undefined on 
input line 88.

[429]

LaTeX Warning: Hyper reference `cor:sga3-VIB-10.11.1' on page 430 undefined on 
input line 98.


LaTeX Warning: Hyper reference `par:sga3-VIB-10.1' on page 430 undefined on inp
ut line 149.


LaTeX Warning: Hyper reference `par:sga3-VIB-10.10-a' on page 430 undefined on 
input line 150.


LaTeX Warning: Hyper reference `par:sga3-VIB-10.10-b' on page 430 undefined on 
input line 152.


LaTeX Warning: Hyper reference `sga3:VIA:0.3' on page 430 undefined on input li
ne 156.


LaTeX Warning: Hyper reference `par:sga3-VIB-10.1' on page 430 undefined on inp
ut line 158.


LaTeX Warning: Hyper reference `def:sga3-VIB-6.2.1' on page 430 undefined on in
put line 183.


LaTeX Warning: Hyper reference `ex:sga3-VIB-6.2.4-b' on page 430 undefined on i
nput line 196.


LaTeX Warning: Hyper reference `ex:sga3-VIB-6.2.4-e' on page 430 undefined on i
nput line 197.

) (tex_reference_v2/components/80_expose_VIB_cor10111_through_cor1013_r2_en.tex
[430]

LaTeX Warning: Hyper reference `prop:sga3-VIB-10.11' on page 431 undefined on i
nput line 52.


LaTeX Warning: Hyper reference `cor:sga3-VIB-1.4.2' on page 431 undefined on in
put line 54.


LaTeX Warning: Hyper reference `def:sga3-VIB-7.2.2' on page 431 undefined on in
put line 92.


LaTeX Warning: Hyper reference `prop:sga3-VIB-7.8' on page 431 undefined on inp
ut line 101.


LaTeX Warning: Hyper reference `concl:sga3-VIB-7.3-v' on page 431 undefined on 
input line 102.


LaTeX Warning: Hyper reference `par:sga3-VIB-10.0' on page 431 undefined on inp
ut line 107.


LaTeX Warning: Hyper reference `par:sga3-VIB-10.10-a' on page 431 undefined on 
input line 108.


LaTeX Warning: Hyper reference `lem:sga3-VIB-10.3' on page 431 undefined on inp
ut line 109.


LaTeX Warning: Hyper reference `par:sga3-VIB-10.1' on page 431 undefined on inp
ut line 110.


LaTeX Warning: Hyper reference `prop:sga3-VIA-2.1.1' on page 431 undefined on i
nput line 122.


LaTeX Warning: Hyper reference `lem:sga3-VIB-10.4' on page 431 undefined on inp
ut line 123.

[431]

LaTeX Warning: Hyper reference `prop:sga3-VIB-7.8' on page 432 undefined on inp
ut line 127.


LaTeX Warning: Hyper reference `def:sga3-VIB-7.2.2-a' on page 432 undefined on 
input line 136.


LaTeX Warning: Hyper reference `concl:sga3-VIB-7.1-ii' on page 432 undefined on
 input line 137.


LaTeX Warning: Hyper reference `par:sga3-VIB-10.1' on page 432 undefined on inp
ut line 150.


LaTeX Warning: Hyper reference `lem:sga3-VIB-7.5' on page 432 undefined on inpu
t line 157.


LaTeX Warning: Hyper reference `prop:sga3-VIB-7.6' on page 432 undefined on inp
ut line 168.


LaTeX Warning: Hyper reference `prop:sga3-VIB-7.6' on page 432 undefined on inp
ut line 186.


LaTeX Warning: Hyper reference `prop:sga3-VIB-8.4' on page 432 undefined on inp
ut line 195.


LaTeX Warning: Hyper reference `prop:sga3-VIB-10.12' on page 432 undefined on i
nput line 220.


LaTeX Warning: Hyper reference `prop:sga3-VIB-10.12' on page 432 undefined on i
nput line 237.

[432]

LaTeX Warning: Hyper reference `prop:sga3-VIB-10.12' on page 433 undefined on i
nput line 256.

) (tex_reference_v2/components/81_expose_VIB_par1014_through_prop1016_en.tex

LaTeX Warning: Hyper reference `lem:sga3-VIB-10.2' on page 433 undefined on inp
ut line 15.


LaTeX Warning: Hyper reference `lem:sga3-VIB-10.3' on page 433 undefined on inp
ut line 16.


LaTeX Warning: Hyper reference `par:sga3-VIB-10.0' on page 433 undefined on inp
ut line 21.

[433]

LaTeX Warning: Hyper reference `sga3:iv:proposition:4:4:3' on page 434 undefine
d on input line 96.


LaTeX Warning: Hyper reference `sga3:iv:definition:5:1:5' on page 434 undefined
 on input line 110.


LaTeX Warning: Hyper reference `sga3:iv:proposition:5:1:6:item:ii:01' on page 4
34 undefined on input line 110.


LaTeX Warning: Hyper reference `par:sga3-VIB-10.0' on page 434 undefined on inp
ut line 119.


LaTeX Warning: Hyper reference `par:sga3-VIB-10.14' on page 434 undefined on in
put line 141.


LaTeX Warning: Hyper reference `par:sga3-VIB-10.1' on page 434 undefined on inp
ut line 145.

)
(tex_reference_v2/components/82_expose_VIB_section11_through_prop1131_loop2_r1_
en.tex

LaTeX Warning: Hyper reference `concl:sga3-VIB-11.0-c' on page 434 undefined on
 input line 29.


LaTeX Warning: Hyper reference `concl:sga3-VIB-11.0-a' on page 434 undefined on
 input line 31.


LaTeX Warning: Hyper reference `concl:sga3-VIB-11.0-b' on page 434 undefined on
 input line 32.

[434]

LaTeX Warning: Hyper reference `concl:sga3-VIB-11.0-a' on page 435 undefined on
 input line 85.


LaTeX Warning: Hyper reference `concl:sga3-VIB-11.0-b' on page 435 undefined on
 input line 91.

[435]

LaTeX Warning: Hyper reference `concl:sga3-VIB-11.1-b' on page 436 undefined on
 input line 165.


LaTeX Warning: Hyper reference `concl:sga3-VIB-11.1-a' on page 436 undefined on
 input line 183.


LaTeX Warning: Hyper reference `concl:sga3-VIB-11.1-b' on page 436 undefined on
 input line 184.


LaTeX Warning: Hyper reference `concl:sga3-VIB-11.1-c' on page 436 undefined on
 input line 194.


LaTeX Warning: Hyper reference `concl:sga3-VIB-11.0-c' on page 436 undefined on
 input line 195.


LaTeX Warning: Hyper reference `concl:sga3-VIB-11.1-b' on page 436 undefined on
 input line 221.


LaTeX Warning: Hyper reference `concl:sga3-VIB-11.1-c' on page 436 undefined on
 input line 222.


LaTeX Warning: Hyper reference `concl:sga3-VIB-11.0-c' on page 436 undefined on
 input line 225.


LaTeX Warning: Hyper reference `concl:sga3-VIB-11.1-a' on page 436 undefined on
 input line 236.


LaTeX Warning: Hyper reference `form:sga3-VIB-11.1-eq2' on page 436 undefined o
n input line 246.


LaTeX Warning: Hyper reference `form:sga3-VIB-11.1-eq1' on page 436 undefined o
n input line 247.

[436]

LaTeX Warning: Hyper reference `sec:sga3-VIB-12' on page 437 undefined on input
 line 299.

)
(tex_reference_v2/components/83_expose_VIB_par114_through_rem117bis_loop2_r1_en
.tex

LaTeX Warning: Hyper reference `concl:sga3-VIB-11.0-b' on page 437 undefined on
 input line 27.


LaTeX Warning: Hyper reference `par:sga3-VIB-11.4' on page 437 undefined on inp
ut line 105.


LaTeX Warning: Hyper reference `concl:sga3-VIB-11.5-a' on page 437 undefined on
 input line 107.


LaTeX Warning: Hyper reference `concl:sga3-VIB-11.0-b' on page 437 undefined on
 input line 108.


LaTeX Warning: Hyper reference `concl:sga3-VIB-11.5-b' on page 437 undefined on
 input line 109.

[437]

LaTeX Warning: Hyper reference `prop:sga3-VIB-11.6.1' on page 438 undefined on 
input line 138.


LaTeX Warning: Hyper reference `par:sga3-VIB-11.4' on page 438 undefined on inp
ut line 155.

[438]

LaTeX Warning: Hyper reference `diag:sga3-VIB-11.6-1' on page 439 undefined on 
input line 304.


LaTeX Warning: Hyper reference `diag:sga3-VIB-11.6-2' on page 439 undefined on 
input line 305.


LaTeX Warning: Hyper reference `concl:sga3-VIB-11.1-c' on page 439 undefined on
 input line 323.


LaTeX Warning: Hyper reference `prop:sga3-VIB-11.5' on page 439 undefined on in
put line 341.


LaTeX Warning: Hyper reference `diag:sga3-VIB-11.6-1' on page 439 undefined on 
input line 344.


LaTeX Warning: Hyper reference `diag:sga3-VIB-11.6-2' on page 439 undefined on 
input line 345.

[439]

LaTeX Warning: Hyper reference `prop:sga3-VIB-11.5' on page 440 undefined on in
put line 462.


LaTeX Warning: Hyper reference `cond:sga3-VIB-11.6-CM1' on page 440 undefined o
n input line 464.


LaTeX Warning: Hyper reference `cond:sga3-VIB-11.6-CM2' on page 440 undefined o
n input line 465.

[440]

LaTeX Warning: Hyper reference `par:sga3-VIB-11.6' on page 441 undefined on inp
ut line 556.


LaTeX Warning: Hyper reference `par:sga3-VIB-11.6' on page 441 undefined on inp
ut line 575.

)
(tex_reference_v2/components/84_expose_VIB_def1180_through_cor1110_loop2_r1_en.
tex

LaTeX Warning: Hyper reference `def:sga3-VIB-11.8.0' on page 441 undefined on i
nput line 25.


LaTeX Warning: Hyper reference `lem:sga3-VIB-11.8' on page 441 undefined on inp
ut line 25.


LaTeX Warning: Hyper reference `prop:sga3-VIB-11.9' on page 441 undefined on in
put line 25.

[441]

LaTeX Warning: Hyper reference `par:sga3-VIB-11.6' on page 442 undefined on inp
ut line 81.


LaTeX Warning: Hyper reference `rem:sga3-VIB-11.10.1' on page 442 undefined on 
input line 111.


LaTeX Warning: Hyper reference `prop:sga3-VIB-11.9' on page 442 undefined on in
put line 111.

[442]

LaTeX Warning: Hyper reference `form:sga3-VIB-11.8-eq1' on page 443 undefined o
n input line 182.


LaTeX Warning: Hyper reference `form:sga3-VIB-11.8-eq2' on page 443 undefined o
n input line 184.

[443]

LaTeX Warning: Hyper reference `concl:sga3-VIB-11.8.1-ii' on page 444 undefined
 on input line 310.


LaTeX Warning: Hyper reference `prop:sga3-VIB-11.8.2' on page 444 undefined on 
input line 311.


LaTeX Warning: Hyper reference `lem:sga3-VIB-11.8' on page 444 undefined on inp
ut line 313.


LaTeX Warning: Hyper reference `concl:sga3-VIB-11.8.1-i' on page 444 undefined 
on input line 320.

[444] [445]

LaTeX Warning: Hyper reference `note:sga3-VIB-112' on page 446 undefined on inp
ut line 448.


LaTeX Warning: Hyper reference `cor:sga3-VIB-11.10' on page 446 undefined on in
put line 448.


LaTeX Warning: Hyper reference `lem:sga3-VIB-11.8' on page 446 undefined on inp
ut line 448.


LaTeX Warning: Hyper reference `concl:sga3-VIB-11.8.1-i' on page 446 undefined 
on input line 491.

[446]

LaTeX Warning: Hyper reference `prop:sga3-VIB-11.9' on page 447 undefined on in
put line 541.


LaTeX Warning: Hyper reference `cor:sga3-VIB-11.10' on page 447 undefined on in
put line 541.


LaTeX Warning: Hyper reference `prop:sga3-VIB-11.8.2' on page 447 undefined on 
input line 577.


LaTeX Warning: Hyper reference `hyp:sga3-VIB-11.10-i' on page 447 undefined on 
input line 639.


LaTeX Warning: Hyper reference `prop:sga3-VIB-11.6.1' on page 447 undefined on 
input line 639.


LaTeX Warning: Hyper reference `prop:sga3-VIB-11.9' on page 447 undefined on in
put line 646.

[447])
(tex_reference_v2/components/85_expose_VIB_prop1110bis_through_rem11111_loop2_r
1_en.tex

LaTeX Warning: Hyper reference `prop:sga3-VIB-11.8-bis' on page 448 undefined o
n input line 27.


LaTeX Warning: Hyper reference `par:sga3-VIB-11.6' on page 448 undefined on inp
ut line 42.


LaTeX Warning: Hyper reference `diag:sga3-VIB-11.6-1' on page 448 undefined on 
input line 51.


LaTeX Warning: Hyper reference `diag:sga3-VIB-11.6-2' on page 448 undefined on 
input line 52.


LaTeX Warning: Hyper reference `par:sga3-VIB-11.6' on page 448 undefined on inp
ut line 53.


LaTeX Warning: Hyper reference `par:sga3-VIB-11.0' on page 448 undefined on inp
ut line 67.


LaTeX Warning: Hyper reference `diag:sga3-VIB-11.6-2' on page 448 undefined on 
input line 104.

[448]

LaTeX Warning: Hyper reference `rem:sga3-VIB-11.7.bis' on page 449 undefined on
 input line 133.


LaTeX Warning: Hyper reference `seq:sga3-VIB-11.10bis-dagger' on page 449 undef
ined on input line 175.


LaTeX Warning: Hyper reference `par:sga3-VIB-11.6' on page 449 undefined on inp
ut line 177.


LaTeX Warning: Hyper reference `rem:sga3-VIB-11.10.1' on page 449 undefined on 
input line 216.


LaTeX Warning: Hyper reference `lem:sga3-VIB-11.8' on page 449 undefined on inp
ut line 216.


LaTeX Warning: Hyper reference `prop:sga3-VIB-11.9' on page 449 undefined on in
put line 216.


LaTeX Warning: Hyper reference `lem:sga3-VIB-11.8' on page 449 undefined on inp
ut line 217.

[449]

LaTeX Warning: Hyper reference `concl:sga3-VIB-11.11-i' on page 450 undefined o
n input line 340.


LaTeX Warning: Hyper reference `concl:sga3-VIB-11.11-ii' on page 450 undefined 
on input line 342.


LaTeX Warning: Hyper reference `concl:sga3-VIB-11.11-ii' on page 450 undefined 
on input line 344.


LaTeX Warning: Hyper reference `concl:sga3-VIB-11.11-iii' on page 450 undefined
 on input line 346.

[450]

LaTeX Warning: Hyper reference `sga3:VIA:0.3' on page 451 undefined on input li
ne 362.


LaTeX Warning: Hyper reference `concl:sga3-VIB-11.1-c' on page 451 undefined on
 input line 365.


LaTeX Warning: Hyper reference `concl:sga3-VIB-11.11-iii' on page 451 undefined
 on input line 399.


LaTeX Warning: Hyper reference `concl:sga3-VIB-11.11-iv' on page 451 undefined 
on input line 401.


LaTeX Warning: Hyper reference `cor:sga3-VIB-11.10' on page 451 undefined on in
put line 404.


LaTeX Warning: Hyper reference `cor:sga3-VIB-1.4.2' on page 451 undefined on in
put line 415.


LaTeX Warning: Hyper reference `concl:sga3-VIB-11.11-iv' on page 451 undefined 
on input line 417.


LaTeX Warning: Hyper reference `concl:sga3-VIB-11.11-v' on page 451 undefined o
n input line 419.


LaTeX Warning: Hyper reference `concl:sga3-VIB-11.11-v' on page 451 undefined o
n input line 420.


LaTeX Warning: Hyper reference `concl:sga3-VIB-11.11-i' on page 451 undefined o
n input line 422.


LaTeX Warning: Hyper reference `prop:sga3-VIB-11.11' on page 451 undefined on i
nput line 428.


LaTeX Warning: Hyper reference `sec:sga3-VIB-12' on page 451 undefined on input
 line 441.


LaTeX Warning: Hyper reference `sec:sga3-VIB-13' on page 451 undefined on input
 line 464.

[451])
(tex_reference_v2/components/86_expose_VIB_lemma1112_through_thm1116_r3_en.tex

LaTeX Warning: Hyper reference `sec:sga3-VIB-13' on page 452 undefined on input
 line 33.


LaTeX Warning: Hyper reference `form:sga3-VIB-11.12-eq1' on page 452 undefined 
on input line 61.


LaTeX Warning: Hyper reference `ax:sga3-VIB-11.8.0-CO1' on page 452 undefined o
n input line 63.


LaTeX Warning: Hyper reference `def:sga3-VIB-11.8.0' on page 452 undefined on i
nput line 64.


LaTeX Warning: Hyper reference `form:sga3-VIB-11.12-eq2' on page 452 undefined 
on input line 88.


LaTeX Warning: Hyper reference `form:sga3-VIB-11.12-eq3' on page 452 undefined 
on input line 119.


LaTeX Warning: Hyper reference `form:sga3-VIB-11.12-eq4' on page 452 undefined 
on input line 120.

[452]

LaTeX Warning: Hyper reference `ax:sga3-VIB-11.8.0-CO2' on page 453 undefined o
n input line 125.


LaTeX Warning: Hyper reference `def:sga3-VIB-11.8.0' on page 453 undefined on i
nput line 126.


LaTeX Warning: Hyper reference `form:sga3-VIB-11.12-eq2' on page 453 undefined 
on input line 128.


LaTeX Warning: Hyper reference `form:sga3-VIB-11.12-eq1' on page 453 undefined 
on input line 129.


LaTeX Warning: Hyper reference `lem:sga3-VIB-11.12' on page 453 undefined on in
put line 152.


LaTeX Warning: Hyper reference `thm:sga3-VIA-3.3.2' on page 453 undefined on in
put line 197.


LaTeX Warning: Hyper reference `prop:sga3-VIA-5.4.1' on page 453 undefined on i
nput line 198.

[453]

LaTeX Warning: Hyper reference `prop:sga3-VIB-11.6.1' on page 454 undefined on 
input line 228.


LaTeX Warning: Hyper reference `concl:sga3-VIB-11.15-i' on page 454 undefined o
n input line 253.


LaTeX Warning: Hyper reference `concl:sga3-VIB-11.15-ii' on page 454 undefined 
on input line 255.

[454]

LaTeX Warning: Hyper reference `cor:sga3-VIB-1.4.2' on page 455 undefined on in
put line 365.


LaTeX Warning: Hyper reference `lem:sga3-VIB-11.8' on page 455 undefined on inp
ut line 422.

[455]

LaTeX Warning: Hyper reference `lem:sga3-VIB-11.12' on page 456 undefined on in
put line 456.


LaTeX Warning: Hyper reference `form:sga3-VIB-11.16-star' on page 456 undefined
 on input line 485.


LaTeX Warning: Hyper reference `lem:sga3-VIB-11.8' on page 456 undefined on inp
ut line 494.

[456]

LaTeX Warning: Hyper reference `lem:sga3-VIB-11.16.0' on page 457 undefined on 
input line 526.

)
(tex_reference_v2/components/87_expose_VIB_lemma11170_through_cor11184_loop2_r1
_en.tex

LaTeX Warning: Hyper reference `lem:sga3-VIB-11.8' on page 457 undefined on inp
ut line 42.


LaTeX Warning: Hyper reference `rem:sga3-VIB-11.18.5' on page 457 undefined on 
input line 84.


LaTeX Warning: Hyper reference `thm:sga3-VIA-3.2' on page 457 undefined on inpu
t line 88.


LaTeX Warning: Hyper reference `par:sga3-VIA-5.2' on page 457 undefined on inpu
t line 89.

[457]

LaTeX Warning: Hyper reference `thm:sga3-VIB-11.16' on page 458 undefined on in
put line 105.


LaTeX Warning: Hyper reference `lem:sga3-VIB-11.17.0' on page 458 undefined on 
input line 144.


LaTeX Warning: Hyper reference `prop:sga3-VIA-5.4.1' on page 458 undefined on i
nput line 181.

[458]

LaTeX Warning: Hyper reference `prop:sga3-VIA-5.5.1' on page 459 undefined on i
nput line 202.


LaTeX Warning: Hyper reference `par:sga3-VIA-5.3.3' on page 459 undefined on in
put line 208.


LaTeX Warning: Hyper reference `sga3:VIA:0.2' on page 459 undefined on input li
ne 231.


LaTeX Warning: Hyper reference `prop:sga3-VIA-5.6.1' on page 459 undefined on i
nput line 239.


LaTeX Warning: Hyper reference `thm:sga3-V-4.1' on page 459 undefined on input 
line 244.


LaTeX Warning: Hyper reference `thm:sga3-VIA-3.3.2' on page 459 undefined on in
put line 284.


LaTeX Warning: Hyper reference `concl:sga3-VIB-9.2-v' on page 459 undefined on 
input line 289.


LaTeX Warning: Hyper reference `thm:sga3-VIB-11.17' on page 459 undefined on in
put line 299.

[459]

LaTeX Warning: Hyper reference `thm:sga3-VIB-11.17' on page 460 undefined on in
put line 349.


LaTeX Warning: Hyper reference `prop:sga3-VIB-11.13' on page 460 undefined on i
nput line 356.

[460]

LaTeX Warning: Hyper reference `concl:sga3-VIB-9.2-xi' on page 461 undefined on
 input line 441.


LaTeX Warning: Hyper reference `lem:sga3-VIB-11.17.1' on page 461 undefined on 
input line 448.


LaTeX Warning: Hyper reference `thm:sga3-VIB-11.17' on page 461 undefined on in
put line 452.


LaTeX Warning: Hyper reference `thm:sga3-VIB-11.17' on page 461 undefined on in
put line 459.


LaTeX Warning: Hyper reference `prop:sga3-VIB-12.10' on page 461 undefined on i
nput line 463.

[461]

LaTeX Warning: Hyper reference `prop:sga3-VIB-11.13' on page 462 undefined on i
nput line 486.


LaTeX Warning: Hyper reference `thm:sga3-VIA-3.2' on page 462 undefined on inpu
t line 501.


LaTeX Warning: Hyper reference `prop:sga3-VIA-5.4.1' on page 462 undefined on i
nput line 502.


LaTeX Warning: Hyper reference `sga3:VIA:0.3' on page 462 undefined on input li
ne 529.


LaTeX Warning: Hyper reference `prop:sga3-VIB-11.13' on page 462 undefined on i
nput line 580.

[462]

LaTeX Warning: Hyper reference `lem:sga3-VIB-11.18.1' on page 463 undefined on 
input line 595.


LaTeX Warning: Hyper reference `lem:sga3-VIB-11.17.1' on page 463 undefined on 
input line 618.


LaTeX Warning: Hyper reference `concl:sga3-VIB-9.2-ii' on page 463 undefined on
 input line 637.

[463])
(tex_reference_v2/components/88_expose_VIB_rem11185_through_section12_end_loop2
_r1_en.tex

LaTeX Warning: Hyper reference `thm:sga3-VIB-11.17' on page 464 undefined on in
put line 31.


LaTeX Warning: Hyper reference `cor:sga3-VIB-11.18.4' on page 464 undefined on 
input line 31.


LaTeX Warning: Hyper reference `concl:sga3-VIB-11.18.4-i' on page 464 undefined
 on input line 32.


LaTeX Warning: Hyper reference `lem:sga3-VIB-11.18.1' on page 464 undefined on 
input line 47.


LaTeX Warning: Hyper reference `prop:sga3-VIB-12.9' on page 464 undefined on in
put line 51.


LaTeX Warning: Hyper reference `prop:sga3-VIA-6.4' on page 464 undefined on inp
ut line 63.


LaTeX Warning: Hyper reference `cor:sga3-VIA-6.2' on page 464 undefined on inpu
t line 75.


LaTeX Warning: Hyper reference `lem:sga3-VIB-2.9.1' on page 464 undefined on in
put line 80.


LaTeX Warning: Hyper reference `thm:sga3-VIB-11.18.2' on page 464 undefined on 
input line 82.

[464]

LaTeX Warning: Hyper reference `thm:sga3-VIB-12.2-i' on page 465 undefined on i
nput line 111.


LaTeX Warning: Hyper reference `lem:sga3-VIB-11.18.1' on page 465 undefined on 
input line 113.


LaTeX Warning: Hyper reference `thm:sga3-VIB-12.2-ii' on page 465 undefined on 
input line 114.


LaTeX Warning: Hyper reference `thm:sga3-VIB-12.2-iii' on page 465 undefined on
 input line 119.


LaTeX Warning: Hyper reference `thm:sga3-VIB-12.2-iv' on page 465 undefined on 
input line 148.


LaTeX Warning: Hyper reference `thm:sga3-VIB-12.2-ii' on page 465 undefined on 
input line 152.


LaTeX Warning: Hyper reference `thm:sga3-VIB-12.2-i' on page 465 undefined on i
nput line 155.


LaTeX Warning: Hyper reference `thm:sga3-VIA-3.2' on page 465 undefined on inpu
t line 156.


LaTeX Warning: Hyper reference `prop:sga3-VIB-9.2' on page 465 undefined on inp
ut line 166.


LaTeX Warning: Hyper reference `thm:sga3-VIB-12.2-v' on page 465 undefined on i
nput line 178.

[465]

LaTeX Warning: Hyper reference `prop:sga3-VIA-5.5.1' on page 466 undefined on i
nput line 195.


LaTeX Warning: Hyper reference `prop:sga3-VIA-5.6.1' on page 466 undefined on i
nput line 196.


LaTeX Warning: Hyper reference `prop:sga3-VIA-1.3.1' on page 466 undefined on i
nput line 202.


LaTeX Warning: Hyper reference `cor:sga3-VIB-6.2.6' on page 466 undefined on in
put line 205.


LaTeX Warning: Hyper reference `thm:sga3-VIB-12.2' on page 466 undefined on inp
ut line 208.


LaTeX Warning: Hyper reference `rem:sga3-VIB-12.5-4' on page 466 undefined on i
nput line 260.


LaTeX Warning: Hyper reference `lem:sga3-VIB-12.3' on page 466 undefined on inp
ut line 288.


LaTeX Warning: Hyper reference `thm:sga3-VIB-12.4' on page 466 undefined on inp
ut line 289.

[466]

LaTeX Warning: Hyper reference `rem:sga3-VIB-11.11.1' on page 467 undefined on 
input line 299.


LaTeX Warning: Hyper reference `lem:sga3-VIB-12.7-ii' on page 467 undefined on 
input line 363.

[467]

LaTeX Warning: Hyper reference `rem:sga3-VIB-11.11.1' on page 468 undefined on 
input line 431.


LaTeX Warning: Hyper reference `prop:sga3-VIB-12.9-i' on page 468 undefined on 
input line 462.


LaTeX Warning: Hyper reference `prop:sga3-VIB-12.9-ii' on page 468 undefined on
 input line 463.


LaTeX Warning: Hyper reference `prop:sga3-VIB-12.9-ii' on page 468 undefined on
 input line 465.


LaTeX Warning: Hyper reference `prop:sga3-VIB-12.9-iii' on page 468 undefined o
n input line 466.


LaTeX Warning: Hyper reference `prop:sga3-VIB-12.9-iii' on page 468 undefined o
n input line 470.


LaTeX Warning: Hyper reference `prop:sga3-VIB-11.11' on page 468 undefined on i
nput line 472.


LaTeX Warning: Hyper reference `prop:sga3-VIB-12.9-iv' on page 468 undefined on
 input line 477.


LaTeX Warning: Hyper reference `prop:sga3-VIB-11.6.1' on page 468 undefined on 
input line 478.


LaTeX Warning: Hyper reference `prop:sga3-VIB-12.9-v' on page 468 undefined on 
input line 487.


LaTeX Warning: Hyper reference `lem:sga3-VIB-12.1' on page 468 undefined on inp
ut line 498.

[468]

LaTeX Warning: Hyper reference `lem:sga3-VIB-12.1' on page 469 undefined on inp
ut line 517.


LaTeX Warning: Hyper reference `lem:sga3-VIB-12.7' on page 469 undefined on inp
ut line 526.


LaTeX Warning: Hyper reference `lem:sga3-VIB-12.1' on page 469 undefined on inp
ut line 540.


LaTeX Warning: Hyper reference `prop:sga3-VIB-12.10-i' on page 469 undefined on
 input line 580.


LaTeX Warning: Hyper reference `prop:sga3-VIB-12.10-ii' on page 469 undefined o
n input line 581.


LaTeX Warning: Hyper reference `prop:sga3-VIB-9.2' on page 469 undefined on inp
ut line 587.

[469]

LaTeX Warning: Hyper reference `cor:sga3-VIA-6.6' on page 470 undefined on inpu
t line 612.


LaTeX Warning: Hyper reference `rem:sga3-VIB-12.8' on page 470 undefined on inp
ut line 619.


LaTeX Warning: Hyper reference `lem:sga3-VIB-12.7' on page 470 undefined on inp
ut line 620.


LaTeX Warning: Hyper reference `prop:sga3-VIB-12.10-i' on page 470 undefined on
 input line 622.


LaTeX Warning: Hyper reference `prop:sga3-VIB-12.10-ii' on page 470 undefined o
n input line 623.

)
(tex_reference_v2/components/89_expose_VIB_section13_through_bibliography_loop2
_r1_en.tex

LaTeX Warning: Hyper reference `lem:sga3-VIB-11.12' on page 470 undefined on in
put line 29.


LaTeX Warning: Hyper reference `concl:sga3-VIB-11.11.1-b' on page 470 undefined
 on input line 33.

[470]

LaTeX Warning: Hyper reference `bib:sga3-VIB-BAC' on page 471 undefined on inpu
t line 95.


LaTeX Warning: Hyper reference `concl:sga3-VIB-13.1-ii' on page 471 undefined o
n input line 105.


LaTeX Warning: Hyper reference `par:sga3-VIB-11.0' on page 471 undefined on inp
ut line 107.


LaTeX Warning: Hyper reference `concl:sga3-VIB-13.1-ii' on page 471 undefined o
n input line 114.


LaTeX Warning: Hyper reference `concl:sga3-VIB-13.1-iii' on page 471 undefined 
on input line 126.


LaTeX Warning: Hyper reference `concl:sga3-VIB-13.1-ii' on page 471 undefined o
n input line 127.

[471]

LaTeX Warning: Hyper reference `bib:sga3-VIB-BAC' on page 472 undefined on inpu
t line 152.


LaTeX Warning: Hyper reference `prop:sga3-VIB-11.10.bis' on page 472 undefined 
on input line 187.


LaTeX Warning: Hyper reference `lem:sga3-VIB-13.1' on page 472 undefined on inp
ut line 198.

[472]

LaTeX Warning: Hyper reference `concl:sga3-VIB-13.2-ii' on page 473 undefined o
n input line 289.


LaTeX Warning: Hyper reference `rem:sga3-VIB-11.10.1' on page 473 undefined on 
input line 322.


LaTeX Warning: Hyper reference `bib:sga3-VIB-Th87' on page 473 undefined on inp
ut line 349.

[473]

LaTeX Warning: Hyper reference `prop:sga3-VIB-13.2' on page 474 undefined on in
put line 384.

[474]

LaTeX Warning: Hyper reference `concl:sga3-VIB-13.5-i' on page 475 undefined on
 input line 465.


LaTeX Warning: Hyper reference `bib:sga3-VIB-Th87' on page 475 undefined on inp
ut line 486.


LaTeX Warning: Hyper reference `ex:sga3-VIB-6.2.4-e' on page 475 undefined on i
nput line 516.

[475]

LaTeX Warning: Hyper reference `bib:sga3-VIB-Th87' on page 476 undefined on inp
ut line 537.


LaTeX Warning: Hyper reference `prop:sga3-VIB-13.5' on page 476 undefined on in
put line 551.


LaTeX Warning: Hyper reference `prop:sga3-VIB-13.2' on page 476 undefined on in
put line 552.


LaTeX Warning: Hyper reference `bib:sga3-VIB-Th87' on page 476 undefined on inp
ut line 557.

[476]

LaTeX Warning: Hyper reference `prop:sga3-VIB-13.7' on page 477 undefined on in
put line 687.

[477] [478]
Underfull \hbox (badness 1412) in paragraph at lines 801--805
[]\T1/lmr/m/n/10.95 M. Takeuchi, \T1/lmr/m/it/10.95 A cor-re-spon-dence be-twee
n Hopf ide-als and sub-Hopf al-ge-bras\T1/lmr/m/n/10.95 ,
)) [479] (vii/vii_complete_r5.tex
(vii/tex/components/00_expose_VIIA_title_through_par123_en.tex [480] [481]
[482]

LaTeX Warning: Reference `sga3:VIIA:eq:composition' on page 483 undefined on in
put line 319.

(native_diagrams/exp7/viia_00_04/diag_001_base_change_square.tex)
(native_diagrams/exp7/viia_00_04/diag_002_product_scheme_square.tex)

LaTeX Warning: Reference `sga3:VIIA:eq:composition' on page 483 undefined on in
put line 365.

(native_diagrams/exp7/viia_00_04/diag_003_product_deviation_square.tex)
[483]) (vii/tex/components/01_expose_VIIA_par13_through_par15_en.tex

LaTeX Warning: Reference `sga3:VIIA:eq:section-splitting' on page 484 undefined
 on input line 85.

[484] [485] [486]
(native_diagrams/exp7/viia_00_04/diag_004_value_cartesian_square.tex)
(native_diagrams/exp7/viia_00_04/diag_005_infinitesimal_automorphism_sequence.t
ex))
(vii/tex/components/02_expose_VIIA_section2_invariant_differential_operators_en
.tex [487]
(native_diagrams/exp7/viia_00_04/diag_006_right_translation_associativity.tex)
[488]
(native_diagrams/exp7/viia_00_04/diag_007_invariance_implication_square.tex)
[489] (native_diagrams/exp7/viia_00_04/diag_008_delta_translation_square.tex)
(native_diagrams/exp7/viia_00_04/diag_009_invariant_operator_rectangle.tex)
(native_diagrams/exp7/viia_00_04/diag_010_D0_composition_sequence.tex)
(native_diagrams/exp7/viia_00_04/diag_011_origin_value_square.tex) [490]
(native_diagrams/exp7/viia_00_04/diag_012_eta_cartesian_square.tex)
(native_diagrams/exp7/viia_00_04/diag_013_invariant_factorization_sequence.tex)
[491] (native_diagrams/exp7/viia_00_04/diag_014_sigma_x_sequence.tex)
(native_diagrams/exp7/viia_00_04/diag_015_rho_translation_sequence.tex)
(native_diagrams/exp7/viia_00_04/diag_016_beta_automorphism_sequence.tex)
[492] (native_diagrams/exp7/viia_00_04/diag_017_lie_rho_square.tex)
(native_diagrams/exp7/viia_00_04/diag_018_composite_deviation_sequence.tex)
(native_diagrams/exp7/viia_00_04/diag_019_lie_algebra_square.tex))
(vii/tex/components/03_expose_VIIA_section3_coalgebras_cartier_en.tex
(native_diagrams/exp7/viia_00_04/diag_020_coassociativity_square.tex) [493]
(native_diagrams/exp7/viia_00_04/diag_021_augmentation_sequences.tex)
(native_diagrams/exp7/viia_00_04/diag_022_coalgebra_morphism_diagrams.tex)
(native_diagrams/exp7/viia_00_04/diag_023_product_comultiplication_sequence.tex
) (native_diagrams/exp7/viia_00_04/diag_024_dual_coalgebra_sequence.tex
[494]) (native_diagrams/exp7/viia_00_04/diag_025_spec_star_functor_sequence.tex
)
(native_diagrams/exp7/viia_00_04/diag_026_group_coalgebra_compatibility_iv_v.te
x) [495]
(native_diagrams/exp7/viia_00_04/diag_027_group_coalgebra_associativity_ii_star
.tex)
(native_diagrams/exp7/viia_00_04/diag_028_group_coalgebra_unit_sequences_iii_st
ar.tex)
(native_diagrams/exp7/viia_00_04/diag_029_group_coalgebra_antipode_sequence_vi.
tex)
(native_diagrams/exp7/viia_00_04/diag_030_group_coalgebra_unit_triangle_v_star.
tex) [496] [497]
(native_diagrams/exp7/viia_00_04/diag_031_condition_E_cartesian_square.tex)
[498]
(native_diagrams/exp7/viia_00_04/diag_032_commutative_group_coalgebra_triangle_
i_star.tex) [499])
(vii/tex/components/04_expose_VIIA_section4_frobeniuseries_40_through_412_en.te
x
(native_diagrams/exp7/viia_00_04/diag_033_absolute_frobenius_naturality_square.
tex) [500]
(native_diagrams/exp7/viia_00_04/diag_034_frobenius_basechange_square.tex)
(native_diagrams/exp7/viia_00_04/diag_035_absolute_frobenius_square.tex)
(native_diagrams/exp7/viia_00_04/diag_036_relative_frobenius_factorization.tex)
[501]
(native_diagrams/exp7/viia_00_04/diag_037_point_phi_relative_frobenius.tex)
(native_diagrams/exp7/viia_00_04/diag_038_pointwise_frobenius_square.tex)
(native_diagrams/exp7/viia_00_04/diag_039_basechange_rectangle.tex) [502]

LaTeX Warning: Hyper reference `sga3:VIIA:4.1-pointwise-frobenius-square' on pa
ge 503 undefined on input line 249.


(native_diagrams/exp7/viia_00_04/diag_040_dual_numbers_frobenius_factorization.
tex)) (vii/tex/components/05_expose_VIIA_par413_through_par414_en.tex
(native_diagrams/exp7/viia_05_14/diagram_041.tex)
(native_diagrams/exp7/viia_05_14/diagram_042.tex) [503]
(native_diagrams/exp7/viia_05_14/diagram_043.tex) [504])
(vii/tex/components/06_expose_VIIA_section42_symmetric_frobenius_en.tex
[505] (native_diagrams/exp7/viia_05_14/diagram_044.tex) [506]
(native_diagrams/exp7/viia_05_14/diagram_045.tex) [507])
(vii/tex/components/07_expose_VIIA_section43_verschiebung_en.tex
(native_diagrams/exp7/viia_05_14/diagram_046.tex) [508]
(native_diagrams/exp7/viia_05_14/diagram_047.tex)
(native_diagrams/exp7/viia_05_14/diagram_048.tex) [509]
(native_diagrams/exp7/viia_05_14/diagram_049.tex) [510])
(vii/tex/components/08_expose_VIIA_section5_restricted_p_lie_51_52_en.tex
[511] [512])
(vii/tex/components/09_expose_VIIA_section53_restricted_enveloping_en.tex
[513] [514] [515] [516] (native_diagrams/exp7/viia_05_14/diagram_050.tex)
(native_diagrams/exp7/viia_05_14/diagram_051.tex) [517])
(vii/tex/components/10_expose_VIIA_section54_55_coalgebra_group_en.tex [518]
[519] (native_diagrams/exp7/viia_05_14/diagram_052.tex) [520] [521]
(native_diagrams/exp7/viia_05_14/diagram_053.tex)
(native_diagrams/exp7/viia_05_14/diagram_054.tex)
(native_diagrams/exp7/viia_05_14/diagram_055.tex)
(native_diagrams/exp7/viia_05_14/diagram_056.tex) [522])
(vii/tex/components/11_expose_VIIA_section6_p_lie_group_scheme_en.tex
Underfull \hbox (badness 1132) in paragraph at lines 78--88
[]\OT1/lmr/m/n/10.95 (\OML/lmm/m/it/10.95 '=S\OT1/lmr/m/n/10.95 )(\OML/lmm/m/it
/10.95 S\OT1/lmr/m/n/10.95 )$ \T1/lmr/m/n/10.95 and $\OT1/lmr/m/n/10.95 U(\OML/
lmm/m/it/10.95 '\OT1/lmr/m/n/10.95 )$ \T1/lmr/m/n/10.95 are com-pat-i-ble with 
the iden-ti-fi-ca-tions of $[]\OT1/lmr/m/n/10.95 (\OML/lmm/m/it/10.95 G=S\OT1/l
mr/m/n/10.95 )(\OML/lmm/m/it/10.95 S\OT1/lmr/m/n/10.95 )$ \T1/lmr/m/n/10.95 and

[523] (native_diagrams/exp7/viia_05_14/diagram_057.tex)
(native_diagrams/exp7/viia_05_14/diagram_058.tex)
(native_diagrams/exp7/viia_05_14/diagram_059.tex) [524]
(native_diagrams/exp7/viia_05_14/diagram_060.tex)
(native_diagrams/exp7/viia_05_14/diagram_061.tex)
(native_diagrams/exp7/viia_05_14/diagram_062.tex) [525] [526] [527]
(native_diagrams/exp7/viia_05_14/diagram_063.tex))
(vii/tex/components/12_expose_VIIA_section7_radicial_height1_en.tex [528]
(native_diagrams/exp7/viia_05_14/diagram_064.tex)
(native_diagrams/exp7/viia_05_14/diagram_065.tex) [529]
(native_diagrams/exp7/viia_05_14/diagram_066.tex) [530]
(native_diagrams/exp7/viia_05_14/diagram_067.tex) [531]
(native_diagrams/exp7/viia_05_14/diagram_068.tex) [532]
(native_diagrams/exp7/viia_05_14/diagram_069.tex) [533] [534] [535]
(native_diagrams/exp7/viia_05_14/diagram_070.tex) [536])
(vii/tex/components/13_expose_VIIA_section8_base_field_81_83_en.tex [537]
(native_diagrams/exp7/viia_05_14/diagram_071.tex)
(native_diagrams/exp7/viia_05_14/diagram_072.tex)
(native_diagrams/exp7/viia_05_14/diagram_073.tex) [538]
(native_diagrams/exp7/viia_05_14/diagram_074.tex)
(native_diagrams/exp7/viia_05_14/diagram_075.tex) [539]
(native_diagrams/exp7/viia_05_14/diagram_076.tex))
(vii/tex/components/14_expose_VIIA_section84_85_bibliography_en.tex [540]
(native_diagrams/exp7/viia_05_14/diagram_077.tex) [541]
(native_diagrams/exp7/viia_05_14/diagram_078.tex) [542] [543] [544] [545])
(vii/tex/components/15_expose_VIIB_title_section01_pseudocompact_rings_en.tex
[546] [547] [548])
(vii/tex/components/16_expose_VIIB_section02_statements_en.tex [549])
(vii/tex/components/17_expose_VIIB_section02D_proof_en.tex
(native_diagrams/exp7/viib_15_95/diag_079.tex) [550]
(native_diagrams/exp7/viib_15_95/diag_080.tex)
(native_diagrams/exp7/viib_15_95/diag_081.tex) [551])
(vii/tex/components/18_expose_VIIB_sections021_022_duality_en.tex [552]
[553])
(vii/tex/components/19_expose_VIIB_sections03_034_completed_tensor_en.tex
[554] [555] [556] [557])
(vii/tex/components/20_expose_VIIB_sections035_038_tensor_projectives_en.tex
[558] [559] (native_diagrams/exp7/viib_15_95/diag_082.tex)
(native_diagrams/exp7/viib_15_95/diag_083.tex [560]))
(vii/tex/components/21_expose_VIIB_section04_profinite_algebras_en.tex [561]
[562]

LaTeX Warning: Reference `sga3:VIIB:0.4.2-star' on page 563 undefined on input 
line 160.

[563]) (vii/tex/components/22_expose_VIIB_section05_base_change_en.tex [564])
(vii/tex/components/23_expose_VIIB_sections11_122_bicoalgebras_en.tex [565]
[566] (native_diagrams/exp7/viib_15_95/diag_084.tex) [567])
(vii/tex/components/24_expose_VIIB_section123_anticoalgebras_en.tex [568]
[569] [570] [571])
(vii/tex/components/25_expose_VIIB_sections124_126_tensor_coalgebra_en.tex
[572] [573] [574])
(vii/tex/components/26_expose_VIIB_sections13_134_topological_flatness_en.tex
[575] [576] [577] (native_diagrams/exp7/viib_15_95/diag_085.tex)
(native_diagrams/exp7/viib_15_95/diag_086.tex)
(native_diagrams/exp7/viib_15_95/diag_087.tex) [578]
(native_diagrams/exp7/viib_15_95/diag_088.tex))
(vii/tex/components/27_expose_VIIB_section135_topological_flatness_duality_en.t
ex [579])
(vii/tex/components/28_expose_VIIB_section136_filtered_flat_coalgebras_en.tex
[580] [581] [582] [583] (native_diagrams/exp7/viib_15_95/diag_089.tex) [584])
(vii/tex/components/29_expose_VIIB_section14_descent_exactness_en.tex [585]
(native_diagrams/exp7/viib_15_95/diag_090.tex)
(native_diagrams/exp7/viib_15_95/diag_091.tex)
(native_diagrams/exp7/viib_15_95/diag_092.tex) [586]
(native_diagrams/exp7/viib_15_95/diag_093.tex) [587])
(vii/tex/components/30_expose_VIIB_section15_flat_topology_en.tex [588]
(native_diagrams/exp7/viib_15_95/diag_094.tex))
(vii/tex/components/31_expose_VIIB_sections16_16C_formally_etale_en.tex
[589] [590] [591])
(vii/tex/components/32_expose_VIIB_section16D_residue_base_change_en.tex)
(vii/tex/components/33_expose_VIIB_section16E_etale_criteria_en.tex [592]
[593] [594])
(vii/tex/components/34_expose_VIIB_section16F_etale_reflection_en.tex
(native_diagrams/exp7/viib_15_95/diag_095.tex) [595])
(vii/tex/components/35_expose_VIIB_sections161_162_flat_etale_reflection_en.tex
(native_diagrams/exp7/viib_15_95/diag_096.tex) [596]
(native_diagrams/exp7/viib_15_95/diag_097.tex)
(native_diagrams/exp7/viib_15_95/diag_098.tex))
(vii/tex/components/36_expose_VIIB_section21_formal_group_cogroups_en.tex
(native_diagrams/exp7/viib_15_95/diag_099.tex) [597]
(native_diagrams/exp7/viib_15_95/diag_100.tex)
(native_diagrams/exp7/viib_15_95/diag_101.tex) [598])
(vii/tex/components/37_expose_VIIB_section22_bialgebras_en.tex

Package hyperref Warning: Token not allowed in a PDF string (Unicode):
(hyperref)                removing `math shift' on input line 14.


Package hyperref Warning: Token not allowed in a PDF string (Unicode):
(hyperref)                removing `subscript' on input line 14.

)
(vii/tex/components/38_expose_VIIB_section221_flat_bialgebra_equivalence_en.tex
[599] [600] [601])
(vii/tex/components/39_expose_VIIB_section23_covariant_algebra_en.tex [602])
(vii/tex/components/40_expose_VIIB_proposition231_covariant_algebra_morphisms_e
n.tex (native_diagrams/exp7/viib_15_95/diag_102.tex) [603]
(native_diagrams/exp7/viib_15_95/diag_103.tex)
(native_diagrams/exp7/viib_15_95/diag_104.tex) [604])
(vii/tex/components/41_expose_VIIB_section232_cartier_universal_property_en.tex
[605] [606] [607] (native_diagrams/exp7/viib_15_95/diag_105.tex))
(vii/tex/components/42_expose_VIIB_section24_formal_group_quotients_en.tex
[608] (native_diagrams/exp7/viib_15_95/diag_106.tex)
(native_diagrams/exp7/viib_15_95/diag_107.tex)
(native_diagrams/exp7/viib_15_95/diag_108.tex) [609])
(vii/tex/components/43_expose_VIIB_section24A_semidirect_products_en.tex
[610] (native_diagrams/exp7/viib_15_95/diag_109.tex)

LaTeX Warning: Reference `sga3:VIIB:2.4.A:eq1' on page 611 undefined on input l
ine 154.


LaTeX Warning: Reference `sga3:VIIB:2.4.A:eq3' on page 611 undefined on input l
ine 155.


LaTeX Warning: Hyper reference `sga3:VIIB:2.4.A:eq4-diagram' on page 611 undefi
ned on input line 177.

[611] (native_diagrams/exp7/viib_15_95/diag_110.tex)

LaTeX Warning: Reference `sga3:VIIB:2.4.A:eq2' on page 612 undefined on input l
ine 195.

)
(vii/tex/components/44_expose_VIIB_section24B_covariant_semidirect_products_en.
tex (native_diagrams/exp7/viib_15_95/diag_111.tex) [612])
(vii/tex/components/45_expose_VIIB_proposition241_kernel_quotient_image_en.tex
(native_diagrams/exp7/viib_15_95/diag_112.tex) [613])
(vii/tex/components/46_expose_VIIB_section242_abelian_categories_en.tex)
(vii/tex/components/47_expose_VIIB_section25_etale_formal_groups_en.tex
[614] [615])
(vii/tex/components/48_expose_VIIB_section251_infinitesimal_identity_component_
en.tex (native_diagrams/exp7/viib_15_95/diag_113.tex)
(native_diagrams/exp7/viib_15_95/diag_114.tex) [616]
(native_diagrams/exp7/viib_15_95/diag_115.tex))
(vii/tex/components/49_expose_VIIB_section252_perfect_field_splitting_en.tex
[617] (native_diagrams/exp7/viib_15_95/diag_116.tex)
(native_diagrams/exp7/viib_15_95/diag_117.tex))
(vii/tex/components/50_expose_VIIB_section253_unipotent_multiplicative_type_en.
tex [618])
(vii/tex/components/51_expose_VIIB_section26_lie_algebra_opening_en.tex
[619] (native_diagrams/exp7/viib_15_95/diag_118.tex) [620] [621])
(vii/tex/components/52_expose_VIIB_section262_enveloping_formal_group_en.tex
[622]) (vii/tex/components/53_expose_VIIB_section263_universal_property_en.tex
[623] (native_diagrams/exp7/viib_15_95/diag_119.tex))
(vii/tex/components/54_expose_VIIB_section27_infinitesimal_formal_monoids_en.te
x [624] [625])
(vii/tex/components/55_expose_VIIB_section28_unipotent_group_schemes_en.tex
[626] [627])
(vii/tex/components/56_expose_VIIB_section29_pointed_cocommutative_hopf_algebra
s_en.tex [628] [629])
(vii/tex/components/57_expose_VIIB_section3_and_31_primitives_en.tex [630])
(vii/tex/components/58_expose_VIIB_section32_exponential_logarithm_en.tex
[631] [632])
(vii/tex/components/59_expose_VIIB_section321_campbell_hausdorff_en.tex
[633]) (vii/tex/components/60_expose_VIIB_section33_cartier_theorem_en.tex
[634] [635] [636])
(vii/tex/components/61_expose_VIIB_section331_smoothness_corollary_en.tex
[637])
(vii/tex/components/62_expose_VIIB_section332_lie_formal_group_equivalence_en.t
ex) (vii/tex/components/63_expose_VIIB_section333_gamma_lie_algebras_en.tex
[638] (native_diagrams/exp7/viib_15_95/diag_120.tex) [639])
(vii/tex/components/64_expose_VIIB_section4_and_41_relative_frobenius_en.tex
[640])
(vii/tex/components/65_expose_VIIB_section411_formal_completion_frobenius_en.te
x [641] (native_diagrams/exp7/viib_15_95/diag_121.tex))
(vii/tex/components/66_expose_VIIB_section412_frobenius_kernels_height_en.tex
[642])
(vii/tex/components/67_expose_VIIB_sections42_421_restricted_enveloping_group_e
n.tex)
(vii/tex/components/68_expose_VIIB_section422_restricted_universal_property_en.
tex [643] (native_diagrams/exp7/viib_15_95/diag_122.tex))
(vii/tex/components/69_expose_VIIB_section43_restricted_pbw_filtration_en.tex
[644]) (vii/tex/components/70_expose_VIIB_section431_group_like_elements_en.tex
[645])
(vii/tex/components/71_expose_VIIB_section432_no_functorial_campbell_hausdorff_
en.tex [646] (native_diagrams/exp7/viib_15_95/diag_123.tex) [647])
(vii/tex/components/72_expose_VIIB_sections44_441_height_one_groups_en.tex
[648])
(vii/tex/components/73_expose_VIIB_section442_finite_height_filtration_en.tex
[649] (native_diagrams/exp7/viib_15_95/diag_124.tex) [650])
(vii/tex/components/74_expose_VIIB_section5_and_50_homogeneous_spaces_hopf_en.t
ex [651] [652])
(vii/tex/components/75_expose_VIIB_section51_quotient_criterion_en.tex [653]
[654]) (vii/tex/components/76_expose_VIIB_section511_cogroups_of_pairs_en.tex
[655])
(vii/tex/components/77_expose_VIIB_section512_graded_profinite_algebras_lemma_e
n.tex [656])
(vii/tex/components/78_expose_VIIB_section512_filtration_lemma_proof_corollary_
en.tex [657] (native_diagrams/exp7/viib_15_95/diag_125.tex))
(vii/tex/components/79_expose_VIIB_section513_graded_cogroup_splitting_en.tex
[658] (native_diagrams/exp7/viib_15_95/diag_126.tex))
(vii/tex/components/80_expose_VIIB_section514_graded_generation_en.tex [659]
(native_diagrams/exp7/viib_15_95/diag_127.tex))
(vii/tex/components/81_expose_VIIB_section514_proposition51_completion_en.tex
[660] (native_diagrams/exp7/viib_15_95/diag_128.tex) [661]
(native_diagrams/exp7/viib_15_95/diag_129.tex) [662])
(vii/tex/components/81b_expose_VIIB_section515_filtered_groups_lemma_en.tex
[663]) (vii/tex/components/82_expose_VIIB_section52_height_theorem_en.tex
[664])
(vii/tex/components/83_expose_VIIB_section521_reduction_proposition_en.tex)
(vii/tex/components/84_expose_VIIB_section521A_pseudobasis_splittings_en.tex
[665] (native_diagrams/exp7/viib_15_95/diag_130.tex)
(native_diagrams/exp7/viib_15_95/diag_131.tex) [666])
(vii/tex/components/85_expose_VIIB_section521B_split_filtered_spaces_en.tex
[667])
(vii/tex/components/86_expose_VIIB_section521C_stationary_filtration_en.tex
[668]) (vii/tex/components/87_expose_VIIB_section522_height_one_case_en.tex)
(vii/tex/components/88_expose_VIIB_section523_finite_height_induction_en.tex
[669] (native_diagrams/exp7/viib_15_95/diag_132.tex)
(native_diagrams/exp7/viib_15_95/diag_133.tex) [670]
(native_diagrams/exp7/viib_15_95/diag_134.tex))
(vii/tex/components/89_expose_VIIB_section524_frobenius_twist_induction_en.tex
(native_diagrams/exp7/viib_15_95/diag_135.tex) [671])
(vii/tex/components/90_expose_VIIB_remark524A_finite_height_filtration_en.tex
[672])
(vii/tex/components/91_expose_VIIB_section525_infinite_height_limit_en.tex
[673])
(vii/tex/components/92_expose_VIIB_section526_infinite_completed_tensor_product
_en.tex [674])
(vii/tex/components/93_expose_VIIB_sections53_54_stationary_algebras_corollary_
en.tex [675]) (vii/tex/components/94_expose_VIIB_section55_complements_en.tex
[676] [677]) (vii/tex/components/95_expose_VIIB_bibliography_en.tex [678]
[679])) [680] (index_tomeI/tex/components/00_tomeI_index_entries_en.tex
[681] [682] [683]) [684] (tex/components/37_expose_VIII_complete.tex
(upstream_controls/exposeVIII_checkpoint_20260724_r1/source/tex/components/01_e
xpose_VIII_opening_through_corollary_1_3.tex [685] [686])
(upstream_controls/exposeVIII_checkpoint_20260724_r1/source/tex/components/02_e
xpose_VIII_corollary_1_4_through_remark_1_7_4.tex [687] [688] [689] [690])
(upstream_controls/exposeVIII_checkpoint_20260724_r1/source/tex/components/dele
gated_sections2_4/01_expose_VIII_s2_s4_pp007_013.tex [691] [692] [693] [694]
[695] [696])
(upstream_controls/exposeVIII_checkpoint_20260724_r1/source/tex/components/03_e
xpose_VIII_section4_continuation_p14.tex [697])
(upstream_controls/exposeVIII_checkpoint_20260724_r1/source/tex/components/dele
gated_sections5_6/05_expose_VIII_section5_en.tex [698] [699] [700])
(upstream_controls/exposeVIII_checkpoint_20260724_r1/source/tex/components/dele
gated_sections5_6/06_expose_VIII_section6_en.tex [701] [702] [703] [704]
[705] [706])
(upstream_controls/exposeVIII_checkpoint_20260724_r1/source/tex/components/05_e
xpose_VIII_section7_part1.tex [707] [708] [709])
(upstream_controls/exposeVIII_checkpoint_20260724_r1/source/tex/components/06_e
xpose_VIII_section7_part2_and_bibliography.tex [710] [711] [712])) [713]
(ix/components/01_expose_IX_opening_and_section_1.tex [714] [715])
(ix/components/02_expose_IX_sections_2_3.tex [716] [717] [718] [719] [720]
[721]) (ix/components/03_expose_IX_sections_4_5.tex [722] [723] [724] [725]
[726] [727] [728] [729] [730] [731] [732] [733] [734] [735])
(ix/components/04_expose_IX_sections_6_7.tex [736] [737] [738] [739] [740]
[741] [742] [743] [744])
(ix/components/05_expose_IX_section_8_and_bibliography.tex [745] [746])
[747] (x/components/01_expose_X_sections1_3.tex [748] [749]
(native_diagrams/exp10/001_normalization_gluing_chain.tex) [750]
(native_diagrams/exp10/002_descent_hom_exact_rows.tex)
(native_diagrams/exp10/003_diagonalizable_hom_square.tex) [751] [752] [753]
[754] [755] [756] [757]) (x/components/02_expose_X_sections4_6.tex
(native_diagrams/exp10/004_etale_cover_equivalence_triangle.tex

LaTeX Font Warning: Command \small invalid in math mode on input line 1.

) [758] [759] [760] [761] [762] [763] [764] [765] [766] [767] [768] [769]
[770] [771] [772]) (x/components/03_expose_X_sections7_9_bibliography.tex
[773] [774] [775] [776] [777] [778] [779] [780] [781] [782] [783] [784]
[785] [786]

Package hyperref Warning: Token not allowed in a PDF string (Unicode):
(hyperref)                removing `math shift' on input line 1046.


Package hyperref Warning: Token not allowed in a PDF string (Unicode):
(hyperref)                removing `\@@overline' on input line 1046.


Package hyperref Warning: Token not allowed in a PDF string (Unicode):
(hyperref)                removing `\pi' on input line 1046.


Package hyperref Warning: Token not allowed in a PDF string (Unicode):
(hyperref)                removing `superscript' on input line 1046.


Package hyperref Warning: Token not allowed in a PDF string (Unicode):
(hyperref)                removing `\leavevmode@ifvmode' on input line 1046.


Package hyperref Warning: Token not allowed in a PDF string (Unicode):
(hyperref)                \kern 1.82538pt
(hyperref)                removed on input line 1046.


Package hyperref Warning: Token not allowed in a PDF string (Unicode):
(hyperref)                removing `\xi' on input line 1046.


Package hyperref Warning: Token not allowed in a PDF string (Unicode):
(hyperref)                removing `math shift' on input line 1082.


Package hyperref Warning: Token not allowed in a PDF string (Unicode):
(hyperref)                removing `math shift' on input line 1082.


Package hyperref Warning: Token not allowed in a PDF string (Unicode):
(hyperref)                removing `subscript' on input line 1082.


Package hyperref Warning: Token not allowed in a PDF string (Unicode):
(hyperref)                removing `\bullet' on input line 1082.


Package hyperref Warning: Token not allowed in a PDF string (Unicode):
(hyperref)                removing `\to' on input line 1082.


Package hyperref Warning: Token not allowed in a PDF string (Unicode):
(hyperref)                removing `subscript' on input line 1082.


Package hyperref Warning: Token not allowed in a PDF string (Unicode):
(hyperref)                removing `\bullet' on input line 1082.

[787]) [788] (xi/components/01_expose_XI_opening_through_remark_1_5.tex
[789] [790] [791]) (xi/components/02_expose_XI_remark_1_6.tex [792])
(xi/components/03_expose_XI_remarks_1_7_1_8.tex [793])
(xi/components/04_expose_XI_proposition_1_9_through_corollary_1_11.tex [794])
(xi/components/05_expose_XI_section_2.tex [795] [796] [797])
(xi/components/06_expose_XI_section_3_opening_through_remark_3_6.tex [798]
[799] [800] [801])
(xi/components/07_expose_XI_proposition_3_7_through_corollary_3_11.tex [802]
[803] [804] [805] [806])
(xi/components/08_expose_XI_proposition_3_12_and_remark_3_13.tex [807] [808])
(xi/components/09_expose_XI_section_4.tex [809] [810] [811] [812] [813])
(xi/components/10_expose_XI_section_5.tex [814] [815] [816] [817])
(xi/components/11_expose_XI_section_6_through_end.tex [818] [819] [820]
[821] [822] [823]) [824] (xii/tex/components/00_expose_XII_sections1_3_en.tex
[825] [826] [827] [828] [829] [830] [831] [832] [833] [834] [835])
(xii/tex/components/01_expose_XII_sections4_6_en.tex [836] [837] [838] [839]
[840] [841] [842] [843] [844] [845] [846] [847] [848] [849] [850] [851])
(xii/tex/components/02_expose_XII_sections7_9_bibliography_en.tex [852]
[853] [854] [855] [856] [857] [858] [859] [860] [861] [862] [863] [864]
[865] [866] [867] [868] [869] [870] [871] [872]) [873]
(xiii/components/01_expose_XIII_opening.tex [874])
(xiii/components/02_expose_XIII_section1_remainder_and_section2.tex [875]
[876]

Package hyperref Warning: Token not allowed in a PDF string (Unicode):
(hyperref)                removing `math shift' on input line 124.

[877] [878] [879] [880] [881] [882] [883] [884] [885] [886])
(xiii/components/03_expose_XIII_sections3_4.tex [887] [888] [889] [890]
[891] [892] [893] [894]) (xiii/components/04_expose_XIII_sections5_6.tex
[895] [896] [897] [898] [899] [900] [901]) [902]
(xiv/tex/SGA3_Expose_XIV_body.tex
(xiv/tex/components/00_expose_XIV_section1_opening_en.tex [903] [904])
(xiv/tex/components/01_expose_XIV_lemma21_proof_through_definition25_en.tex
[905]) (xiv/tex/components/02_expose_XIV_proposition26_corollary27_en.tex
[906]) (xiv/tex/components/03_expose_XIV_corollary28_and_nilpotent_rank_en.tex)
(xiv/tex/components/04_expose_XIV_proposition29_through_corollary211_en.tex
[907]) (xiv/tex/components/05_expose_XIV_remark212_lemma213_en.tex [908])
(xiv/tex/components/06_expose_XIV_corollary214_remark215_en.tex [909])
(xiv/tex/components/07_expose_XIV_cartans_functor_theorem216_statement_en.tex
[910])
(xiv/tex/components/08_expose_XIV_theorem216_proof_corollary217_remark218_en.te
x [911] [912]) (xiv/tex/components/09_expose_XIV_theorem31_en.tex [913])
(xiv/tex/components/10_expose_XIV_corollary32_lemma33_en.tex [914])
(xiv/tex/components/11_expose_XIV_corollary34_through_definition38_en.tex)
(xiv/tex/components/12_expose_XIV_theorem39_through_corollary311_en.tex
[915])
(xiv/tex/components/13_expose_XIV_proposition312_through_corollary315_en.tex
[916]) (xiv/tex/components/14_expose_XIV_corollary316_remarks317_en.tex
[917]) (xiv/tex/components/15_expose_XIV_theorem318_corollary319_en.tex
[918]) (xiv/tex/components/16_expose_XIV_corollary320_remarks321_en.tex
[919])
(xiv/tex/components/17_expose_XIV_section4_definition41_through_definition45_en
.tex [920])
(xiv/tex/components/18_expose_XIV_remarks46_through_remarks481_en.tex [921])
(xiv/tex/components/19_expose_XIV_proposition49_corollary410_en.tex [922]
[923]) (xiv/tex/components/20_expose_XIV_theorem411_corollary412_en.tex
[924])
(xiv/tex/components/21_expose_XIV_section5_theorem51_through_lemma53_en.tex
[925] [926])
(xiv/tex/components/22_expose_XIV_corollary54_through_corollary56_en.tex
[927]) (xiv/tex/components/23_expose_XIV_section6_theorem61_en.tex [928])
(xiv/tex/components/24_expose_XIV_corollary62_lemma63_en.tex [929])
(xiv/tex/components/25_expose_XIV_corollary64_through_corollary610_en.tex
[930]) (xiv/tex/components/26_expose_XIV_remarks611_en.tex [931])
(xiv/tex/components/27_expose_XIV_appendix_opening_lemma1_en.tex [932])
(xiv/tex/components/28_expose_XIV_appendix_lemmas2_4_theorem_end_en.tex
[933])
(xiv/tex/components/29_expose_XIV_appendix_lemma3_proof_through_case2_en.tex
[934]) (xiv/tex/components/30_expose_XIV_appendix_lemma3_case3_end_en.tex
[935]
Underfull \hbox (badness 1484) in paragraph at lines 96--102
[]\T1/lmr/m/n/10.95 Choose a to-tal or-der on $\OML/lmm/m/it/10.95 S$ \T1/lmr/m
/n/10.95 for which ev-ery $\OML/lmm/m/it/10.95  $\T1/lmr/m/n/10.95 -orbit is a 
seg-ment, and write
)) [936] (xv/tex/components/00_expose_XV_title_and_introduction.tex)
(xv/tex/components/01_expose_XV_section1_opening.tex [937] [938])
(xv/tex/components/02_expose_XV_section1_remainder_and_section2.tex [939]
[940] [941] [942] [943] [944] [945] [946] [947] [948] [949])
(xv/tex/components/03_expose_XV_section3.tex [950] [951] [952] [953] [954]
[955] [956] [957] [958] [959] [960] [961])
(xv/tex/components/04_expose_XV_section4.tex

Package hyperref Warning: Token not allowed in a PDF string (Unicode):
(hyperref)                removing `math shift' on input line 6.


Package hyperref Warning: Token not allowed in a PDF string (Unicode):
(hyperref)                removing `math shift' on input line 6.


Package hyperref Warning: Token not allowed in a PDF string (Unicode):
(hyperref)                removing `subscript' on input line 6.

[962] [963] [964] [965] [966]) (xv/tex/components/05_expose_XV_section5.tex
[967] [968] [969] [970] [971]) (xv/tex/components/06_expose_XV_section6.tex
[972] [973] [974] [975] [976] [977] [978] [979] [980] [981] [982])
(xv/tex/components/07_expose_XV_section7.tex [983] [984] [985] [986] [987])
(xv/tex/components/08_expose_XV_section8_through_theorem8_9.tex [988] [989]
[990] [991] [992])
(xv/tex/components/09_expose_XV_section8_remainder_and_end.tex [993] [994]
[995] [996] [997] [998]) [999]
(xvi/tex/components/01_expose_XVI_section1_immersion_criterion.tex [1000]

LaTeX Warning: Reference `sga3:xvi:eq:3' on page 1001 undefined on input line 1
68.

[1001] [1002] [1003] [1004] [1005] [1006] [1007])
(xvi/tex/components/02_expose_XVI_section2_quotient_representability.tex
[1008] (native_diagrams/exp16/001_theorem_2_2_factorization_triangle.tex)
[1009] (native_diagrams/exp16/002_corollary_2_3_factorization_triangle.tex)
[1010]) (xvi/tex/components/03_expose_XVI_section3_flat_center.tex [1011]
(native_diagrams/exp16/003_proposition_3_1_factorization_triangle.tex) [1012]
[1013] [1014] [1015])
(xvi/tex/components/04_expose_XVI_section4_affine_fibers.tex [1016] [1017])
(xvi/tex/components/05_expose_XVI_section5_reductive_semisimple.tex [1018])
(xvi/tex/components/06_expose_XVI_section6_rigidity.tex [1019] [1020] [1021])
[1022] (xvii/tex/SGA3_Expose_XVII_body.tex
(xvii/tex/components/00_expose_XVII_title_and_section0.tex [1023])
(xvii/tex/components/01_expose_XVII_section1_opening.tex)
(xvii/tex/components/02_expose_XVII_section1_remainder_and_section2_opening.tex
[1024] [1025])
(xvii/tex/components/03_expose_XVII_section2_continued_page005.tex [1026])
(xvii/tex/components/04_expose_XVII_cartier_duality_and_section3_opening_page00
6.tex [1027])
(xvii/tex/components/05_expose_XVII_proposition3_2_proof_and_lemma3_3_page007.t
ex [1028])
(xvii/tex/components/06_expose_XVII_corollary3_4_theorem3_5_definition3_6_page0
08.tex [1029])
(xvii/tex/components/07_expose_XVII_corollaries3_7_3_8_and_lemma3_9_page009.tex
[1030] [1031]) (xvii/tex/components/08_expose_XVII_lemma3_9_proof_page010.tex)
(xvii/tex/components/09_expose_XVII_lemma3_9_iii_and_3_9_ter_page011.tex
[1032])
(xvii/tex/components/10_expose_XVII_proposition3_10_through_section4_opening_pa
ge012.tex [1033])
(xvii/tex/components/11_expose_XVII_proposition4_1_1_and_lemma4_1_2_page013.tex
[1034])
(xvii/tex/components/12_expose_XVII_corollary4_1_3_through_lemma4_1_5_page014.t
ex [1035]) (xvii/tex/components/13_expose_XVII_lemma4_1_5_proof_page015.tex
[1036])
(xvii/tex/components/14_expose_XVII_lemma4_1_5_completion_pages015_016.tex)
(xvii/tex/components/15_expose_XVII_subsection4_2_through_height1_case_pages016
_017.tex [1037] [1038])
(xvii/tex/components/16_expose_XVII_proposition4_2_1_general_case_page017.tex)
(xvii/tex/components/17_expose_XVII_proposition4_3_1_and_lemma4_3_2_pages017_01
8.tex

Package hyperref Warning: Token not allowed in a PDF string (Unicode):
(hyperref)                removing `math shift' on input line 4.

[1039]) (xvii/tex/components/18_expose_XVII_proposition4_3_1_proof_page018.tex
[1040])
(xvii/tex/components/19_expose_XVII_proposition4_3_1_completion_through_section
4_5_opening_page019.tex [1041])
(xvii/tex/components/20_expose_XVII_section4_5_proof_through_theorem5_1_1_pages
019_021.tex [1042] [1043])
(xvii/tex/components/21_expose_XVII_subsection5_2_through_lemma5_2_4_pages022_0
23.tex [1044] [1045])
(xvii/tex/components/22_expose_XVII_corollary5_2_4_bis_through_proposition5_3_1
_opening_page024.tex [1046])
(xvii/tex/components/23_expose_XVII_proposition5_3_1_completion_and_proposition
5_4_1_opening_page025.tex [1047])
(xvii/tex/components/24_expose_XVII_proposition5_4_1_completion_through_proposi
tion5_6_1_statement_pages026_028.tex [1048] [1049] [1050])
(xvii/tex/components/25_expose_XVII_proposition5_6_1_proof_and_section5_7_pages
028_031.tex [1051] [1052] [1053] [1054])
(xvii/tex/components/26_expose_XVII_section5_8_pages031_032.tex [1055] [1056])
(xvii/tex/components/27_expose_XVII_section5_9_counterexamples_pages032_034.tex
[1057] [1058])
(xvii/tex/components/28_expose_XVII_section6_1_and_proofs_A_B_pages035_037.tex
[1059] [1060] [1061])
(xvii/tex/components/29_expose_XVII_proof_C_and_section6_4_examples_page038.tex
[1062]

Package hyperref Warning: Token not allowed in a PDF string (Unicode):
(hyperref)                removing `math shift' on input line 11.


Package hyperref Warning: Token not allowed in a PDF string (Unicode):
(hyperref)                removing `math shift' on input line 11.

[1063])
(xvii/tex/components/30_expose_XVII_section6_4_completion_and_proposition7_1_1_
page039.tex [1064])
(xvii/tex/components/31_expose_XVII_proposition7_1_1_completion_and_theorem7_2_
1_page040.tex [1065])
(xvii/tex/components/32_expose_XVII_theorem7_2_1_completion_through_lemma7_3_2_
page041.tex [1066])
(xvii/tex/components/33_expose_XVII_lemma7_3_2_completion_and_appendixA_opening
_page042.tex [1067])
(xvii/tex/components/34_expose_XVII_appendixA_1_completion_and_A_2_page043.tex
[1068])
(xvii/tex/components/35_expose_XVII_appendixA_sections2_3_and_appendixB_opening
_page044.tex [1069])
(xvii/tex/components/36_expose_XVII_appendixB_pages045_046_and_appendixC_openin
g.tex [1070] [1071])
(xvii/tex/components/37_expose_XVII_appendixC_sections2_through5_and_end_pages0
47_049.tex [1072] [1073] [1074])) [1075] (xviii/tex/SGA3_Expose_XVIII_body.tex
(xviii/tex/components/01_expose_XVIII_introduction_and_section1.tex [1076]
[1077]) (xviii/tex/components/02_expose_XVIII_section2.tex
(native_diagrams/exp18/001_proposition_2_3_compatibility_square.tex) [1078]
[1079] [1080]) (xviii/tex/components/03_expose_XVIII_section3.tex [1081]
[1082] [1083] [1084] [1085] [1086] [1087] [1088] [1089] [1090]
(native_diagrams/exp18/002_cartesian_relation_square.tex) [1091] [1092]
[1093] [1094])) [1095] (guide/tex/SGA3_Tome_III_Mathematical_Guide_body.tex
(guide/tex/components/01_tomeIII_contents_english.tex [1096] [1097] [1098]))
[1099] (xix/tex/SGA3_Expose_XIX_body.tex
(xix/tex/components/00_expose_XIX_title_intro_and_section1_opening_page001.tex)
(xix/tex/components/01_expose_XIX_section1_1_through_1_3_page002.tex [1100]

LaTeX Warning: Reference `sga3:xix:eq:1:3:1' on page 1101 undefined on input li
ne 69.


LaTeX Warning: Reference `sga3:xix:eq:1:3:2' on page 1101 undefined on input li
ne 90.

)
(xix/tex/components/02_expose_XIX_corollary1_3_3_through_section1_5_page003.tex
[1101])
(xix/tex/components/03_expose_XIX_definition1_6_1_through_section1_7_page004.te
x [1102])
(xix/tex/components/04_expose_XIX_sections1_8_through_1_10_pages005_006.tex
[1103]) (xix/tex/components/05_expose_XIX_lemma1_11_opening_page006.tex
[1104])
(xix/tex/components/06_expose_XIX_lemma1_11_completion_and_proposition1_12_page
s007_008.tex [1105] [1106])
(xix/tex/components/07_expose_XIX_section2_scholium2_1_and_2_2_pages008_009.tex
) (xix/tex/components/08_expose_XIX_lemma2_3_and_remark2_4_page009.tex [1107])
(xix/tex/components/09_expose_XIX_notations2_5_0_and_theorem2_5_page010.tex
[1108]) (xix/tex/components/10_expose_XIX_theorem2_5_proof_pages010_012.tex
[1109])
(xix/tex/components/11_expose_XIX_corollary2_6_through_remark2_9_page012.tex
[1110]) (xix/tex/components/12_expose_XIX_section3_1_through_3_4_page013.tex
[1111])
(xix/tex/components/13_expose_XIX_lemma3_5_through_root_functor_page014.tex
[1112])
(xix/tex/components/14_expose_XIX_proposition3_8_through_3_10_page015.tex)
(xix/tex/components/15_expose_XIX_section4_1_and_lemma4_2_pages015_016.tex
[1113])
(xix/tex/components/16_expose_XIX_notations4_3_through_scholium4_4_2_page016.te
x [1114])
(xix/tex/components/17_expose_XIX_paragraph4_5_through_corollary4_9_page017.tex
[1115])
(xix/tex/components/18_expose_XIX_reminder4_10_through_proposition4_12_statemen
t_page018.tex [1116])
(xix/tex/components/19_expose_XIX_proposition4_12_part_c_and_proof_page019.tex
[1117])
(xix/tex/components/20_expose_XIX_section5_1_through_lemma5_3_page020.tex
[1118])
(xix/tex/components/21_expose_XIX_lemma5_3_completion_through_lemma5_7_page021.
tex [1119])
(xix/tex/components/22_expose_XIX_lemma5_7_proof_through_paragraph5_11_page022.
tex [1120])
(xix/tex/components/23_expose_XIX_paragraph5_11_completion_through_proposition6
_1_opening_page023.tex [1121])
(xix/tex/components/24_expose_XIX_proposition6_1_proof_through_proposition6_3_o
pening_page024.tex [1122])
(xix/tex/components/25_expose_XIX_proposition6_3_completion_and_bibliography_pa
ge025.tex [1123])) [1124] (xx/tex/SGA3_Expose_XX_body.tex
(xx/tex/components/00_expose_XX_recollection11_through_14_en.tex

Package hyperref Warning: Token not allowed in a PDF string (Unicode):
(hyperref)                removing `math shift' on input line 9.


Package hyperref Warning: Token not allowed in a PDF string (Unicode):
(hyperref)                removing `subscript' on input line 9.


Package hyperref Warning: Token not allowed in a PDF string (Unicode):
(hyperref)                removing `\alpha' on input line 9.


Package hyperref Warning: Token not allowed in a PDF string (Unicode):
(hyperref)                removing `math shift' on input line 9.


Package hyperref Warning: Token not allowed in a PDF string (Unicode):
(hyperref)                removing `subscript' on input line 9.


Package hyperref Warning: Token not allowed in a PDF string (Unicode):
(hyperref)                removing `\alpha' on input line 9.

[1125] [1126]) (xx/tex/components/01_expose_XX_theorem15_through_lemma18_en.tex
 [1127] [1128]) (xx/tex/components/02_expose_XX_proof17_through_proof110_en.tex
 [1129] [1130]) (xx/tex/components/03_expose_XX_par112_through_cor121_en.tex
[1131] [1132]) (xx/tex/components/04_expose_XX_theorem21_prop22_partA_en.tex
[1133] [1134] [1135])
(xx/tex/components/05_expose_XX_prop22_partsBC_lemma23_en.tex [1136] [1137])
(xx/tex/components/06_expose_XX_prop22_partsD_through_G_en.tex [1138] [1139]
[1140]) (xx/tex/components/07_expose_XX_cor24_through_lemma213_en.tex [1141]
[1142])
(xx/tex/components/08_expose_XX_lemma214_through_theorem31_statement_en.tex
[1143] [1144])
(xx/tex/components/09_expose_XX_theorem31_proof_through_remark34_en.tex
[1145] [1146]) (xx/tex/components/10_expose_XX_par35_through_cor38_en.tex
[1147] [1148] [1149])
(xx/tex/components/11_expose_XX_remark39_through_prop311_en.tex
Underfull \hbox (badness 1466) in paragraph at lines 51--54
\T1/lmr/m/it/10.95 be the con-tra-gre-di-ent iso-mor-phism. Sup-pose that, for 
ev-ery $\OML/lmm/m/it/10.95 S[] \OMS/lmsy/m/n/10.95 ! \OML/lmm/m/it/10.95 S$ \T
1/lmr/m/it/10.95 and ev-ery
[1150] [1151]) (xx/tex/components/12_expose_XX_prop312_through_cor44_en.tex
[1152] [1153])
(xx/tex/components/13_expose_XX_section5_par51_through_par56_en.tex [1154]
[1155] [1156]) (xx/tex/components/14_expose_XX_par57_through_theorem511_en.tex
[1157] [1158]) (xx/tex/components/15_expose_XX_section6_through_lemma621_en.tex
[1159] [1160]) (xx/tex/components/16_expose_XX_lemma622_through_end_en.tex
[1161])) [1162] (xxi/tex/SGA3_Expose_XXI_body.tex
(xxi/tex/components/00_expose_XXI_opening_through_scholium1113_en.tex [1163]

LaTeX Warning: Reference `sga3:XXI:eq:1' on page 1164 undefined on input line 1
83.


LaTeX Warning: Reference `sga3:XXI:eq:1' on page 1164 undefined on input line 1
96.


LaTeX Warning: Reference `sga3:XXI:eq:1star' on page 1164 undefined on input li
ne 197.

[1164]

LaTeX Warning: Reference `sga3:XXI:1.1.9' on page 1165 undefined on input line 
206.


LaTeX Warning: Reference `sga3:XXI:eq:4' on page 1165 undefined on input line 2
13.

) (xxi/tex/components/01_expose_XXI_section12_through_application212_en.tex

LaTeX Warning: Reference `sga3:XXI:eq:8' on page 1165 undefined on input line 3
1.


LaTeX Warning: Reference `sga3:XXI:eq:4' on page 1165 undefined on input line 3
1.


LaTeX Warning: Reference `sga3:XXI:eq:2' on page 1165 undefined on input line 3
1.


LaTeX Warning: Reference `sga3:XXI:eq:1' on page 1165 undefined on input line 3
2.


LaTeX Warning: Reference `sga3:XXI:eq:10' on page 1165 undefined on input line 
45.

[1165]

LaTeX Warning: Reference `sga3:XXI:1.1.13' on page 1166 undefined on input line
 94.


LaTeX Warning: Reference `sga3:XXI:1.2.5' on page 1166 undefined on input line 
107.

[1166]

LaTeX Warning: Reference `sga3:XXI:1.2.9' on page 1167 undefined on input line 
158.

[1167])
(xxi/tex/components/02_expose_XXI_definition213_through_definition223_en.tex

LaTeX Warning: Reference `sga3:XXI:1.2.11' on page 1168 undefined on input line
 37.


LaTeX Warning: Reference `sga3:XXI:2.1.1' on page 1168 undefined on input line 
39.


LaTeX Warning: Reference `sga3:XXI:1.2.1' on page 1168 undefined on input line 
63.


LaTeX Warning: Reference `sga3:XXI:eq:9' on page 1168 undefined on input line 6
4.


LaTeX Warning: Reference `sga3:XXI:eq:10' on page 1168 undefined on input line 
64.

[1168]

LaTeX Warning: Reference `sga3:XXI:1.2.10' on page 1169 undefined on input line
 101.


LaTeX Warning: Reference `sga3:XXI:2.1.1' on page 1169 undefined on input line 
103.


LaTeX Warning: Reference `sga3:XXI:2.1.1' on page 1169 undefined on input line 
110.


LaTeX Warning: Reference `sga3:XXI:2.2.2' on page 1169 undefined on input line 
116.

) (xxi/tex/components/03_expose_XXI_remark224_through_lemma311_en.tex

LaTeX Warning: Reference `sga3:XXI:eq:11' on page 1169 undefined on input line 
31.

[1169]

LaTeX Warning: Reference `sga3:XXI:1.2.6' on page 1170 undefined on input line 
67.


LaTeX Warning: Reference `sga3:XXI:eq:11' on page 1170 undefined on input line 
90.


LaTeX Warning: Reference `sga3:XXI:2.3.1' on page 1170 undefined on input line 
91.

[1170]

LaTeX Warning: Reference `sga3:XXI:2.3.3' on page 1171 undefined on input line 
169.


LaTeX Warning: Reference `sga3:XXI:2.3.4' on page 1171 undefined on input line 
172.


LaTeX Warning: Reference `sga3:XXI:2.2.5' on page 1171 undefined on input line 
185.


LaTeX Warning: Reference `sga3:XXI:2.3.3' on page 1171 undefined on input line 
186.


LaTeX Warning: Reference `sga3:XXI:3.1.5' on page 1171 undefined on input line 
191.


LaTeX Warning: Reference `sga3:XXI:eq:9' on page 1171 undefined on input line 1
92.


LaTeX Warning: Reference `sga3:XXI:eq:10' on page 1171 undefined on input line 
193.


LaTeX Warning: Reference `sga3:XXI:1.2.6' on page 1171 undefined on input line 
194.


LaTeX Warning: Reference `sga3:XXI:2.3.3' on page 1171 undefined on input line 
207.

[1171]

LaTeX Warning: Reference `sga3:XXI:2.3.3' on page 1172 undefined on input line 
244.

) (xxi/tex/components/04_expose_XXI_proposition312_through_remark319_en.tex

LaTeX Warning: Reference `sga3:XXI:3.1.1' on page 1172 undefined on input line 
23.


LaTeX Warning: Reference `sga3:XXI:3.1.2' on page 1172 undefined on input line 
45.


LaTeX Warning: Reference `sga3:XXI:3.1.3' on page 1172 undefined on input line 
50.

[1172]

LaTeX Warning: Reference `sga3:XXI:2.1.5' on page 1173 undefined on input line 
85.


LaTeX Warning: Reference `sga3:XXI:3.1.1' on page 1173 undefined on input line 
87.


LaTeX Warning: Reference `sga3:XXI:2.3.7' on page 1173 undefined on input line 
113.


LaTeX Warning: Reference `sga3:XXI:3.1.5' on page 1173 undefined on input line 
144.

[1173]

LaTeX Warning: Reference `sga3:XXI:3.1.5' on page 1174 undefined on input line 
165.

) (xxi/tex/components/05_expose_XXI_corollary3110_through_definition325_en.tex

LaTeX Warning: Reference `sga3:XXI:eq:10' on page 1174 undefined on input line 
17.


LaTeX Warning: Reference `sga3:XXI:3.1.9' on page 1174 undefined on input line 
24.


LaTeX Warning: Reference `sga3:XXI:2.1.1' on page 1174 undefined on input line 
27.


LaTeX Warning: Reference `sga3:XXI:3.2.2' on page 1174 undefined on input line 
60.

[1174]

LaTeX Warning: Reference `sga3:XXI:3.3.8' on page 1175 undefined on input line 
67.


LaTeX Warning: Reference `sga3:XXI:1.1.4' on page 1175 undefined on input line 
93.


LaTeX Warning: Reference `sga3:XXI:1.2.2' on page 1175 undefined on input line 
94.

) (xxi/tex/components/06_expose_XXI_proposition326_through_lemma3210_en.tex

LaTeX Warning: Reference `sga3:XXI:3.2.3' on page 1175 undefined on input line 
17.


LaTeX Warning: Reference `sga3:XXI:3.1.2' on page 1175 undefined on input line 
47.


LaTeX Warning: Reference `sga3:XXI:3.1.5' on page 1175 undefined on input line 
60.

[1175]) (xxi/tex/components/07_expose_XXI_lemma3211_through_lemma3216_en.tex

LaTeX Warning: Reference `sga3:XXI:2.3.7' on page 1176 undefined on input line 
1.


LaTeX Warning: Reference `sga3:XXI:3.2.10' on page 1176 undefined on input line
 30.


LaTeX Warning: Reference `sga3:XXI:3.2.11' on page 1176 undefined on input line
 34.


LaTeX Warning: Reference `sga3:XXI:3.1.5' on page 1176 undefined on input line 
35.

[1176]

LaTeX Warning: Reference `sga3:XXI:3.2.8' on page 1177 undefined on input line 
50.


LaTeX Warning: Reference `sga3:XXI:3.2.9' on page 1177 undefined on input line 
97.


LaTeX Warning: Reference `sga3:XXI:3.1.4' on page 1177 undefined on input line 
98.


LaTeX Warning: Reference `sga3:XXI:3.1.2' on page 1177 undefined on input line 
138.

) (xxi/tex/components/08_expose_XXI_lemma331_through_corollary339_en.tex
[1177]

LaTeX Warning: Reference `sga3:XXI:3.1.1' on page 1178 undefined on input line 
43.


LaTeX Warning: Reference `sga3:XXI:3.3.1' on page 1178 undefined on input line 
47.


LaTeX Warning: Reference `sga3:XXI:3.3.3' on page 1178 undefined on input line 
68.


LaTeX Warning: Reference `sga3:XXI:3.3.4' on page 1178 undefined on input line 
80.


LaTeX Warning: Reference `sga3:XXI:1.2.10' on page 1178 undefined on input line
 81.


LaTeX Warning: Reference `sga3:XXI:2.1.1' on page 1178 undefined on input line 
82.

) (xxi/tex/components/09_expose_XXI_proof336_through_definition33101_en.tex

LaTeX Warning: Reference `sga3:XXI:3.3.6' on page 1178 undefined on input line 
1.

[1178]

LaTeX Warning: Reference `sga3:XXI:3.3.1' on page 1179 undefined on input line 
19.


LaTeX Warning: Reference `sga3:XXI:3.3.6:star' on page 1179 undefined on input 
line 26.


LaTeX Warning: Reference `sga3:XXI:3.1.2' on page 1179 undefined on input line 
53.

) (xxi/tex/components/10_expose_XXI_scholium3311_through_remark345_en.tex
[1179]

LaTeX Warning: Reference `sga3:XXI:1.2.11' on page 1180 undefined on input line
 47.


LaTeX Warning: Reference `sga3:XXI:3.3.8' on page 1180 undefined on input line 
48.


LaTeX Warning: Reference `sga3:XXI:1.2.7' on page 1180 undefined on input line 
61.


LaTeX Warning: Reference `sga3:XXI:3.4.2' on page 1180 undefined on input line 
82.

[1180]

LaTeX Warning: Reference `sga3:XXI:2.2.2' on page 1181 undefined on input line 
129.


LaTeX Warning: Reference `sga3:XXI:2.3.1' on page 1181 undefined on input line 
130.


LaTeX Warning: Reference `sga3:XXI:2.3.1' on page 1181 undefined on input line 
138.

) (xxi/tex/components/11_expose_XXI_definition346_through_lemma349_en.tex
[1181]

LaTeX Warning: Reference `sga3:XXI:3.3.8' on page 1182 undefined on input line 
74.


LaTeX Warning: Reference `sga3:XXI:3.2.14' on page 1182 undefined on input line
 79.


LaTeX Warning: Reference `sga3:XXI:3.3.1' on page 1182 undefined on input line 
109.

) (xxi/tex/components/12_expose_XXI_lemma3410_through_proposition354_en.tex

LaTeX Warning: Reference `sga3:XXI:3.4.8' on page 1182 undefined on input line 
3.

[1182]

LaTeX Warning: Reference `sga3:XXI:3.3.2' on page 1183 undefined on input line 
65.


LaTeX Warning: Reference `sga3:XXI:3.6.8' on page 1183 undefined on input line 
81.


LaTeX Warning: Reference `sga3:XXI:3.1.5' on page 1183 undefined on input line 
92.


LaTeX Warning: Reference `sga3:XXI:3.5.1' on page 1183 undefined on input line 
92.

) (xxi/tex/components/13_expose_XXI_proposition355_through_lemma361_en.tex
[1183]

LaTeX Warning: Reference `sga3:XXI:3.2.16' on page 1184 undefined on input line
 27.

[1184])
(xxi/tex/components/14_expose_XXI_definition362_through_definition368_en.tex

LaTeX Warning: Reference `sga3:XXI:3.6.1' on page 1185 undefined on input line 
3.


LaTeX Warning: Reference `sga3:XXI:3.6.1' on page 1185 undefined on input line 
21.

[1185])
(xxi/tex/components/15_expose_XXI_proposition369_through_remark3614_en.tex

LaTeX Warning: Reference `sga3:XXI:3.6.1' on page 1186 undefined on input line 
57.

[1186]) (xxi/tex/components/16_expose_XXI_section4_rank_two_tables_en.tex

Package hyperref Warning: Token not allowed in a PDF string (Unicode):
(hyperref)                removing `math shift' on input line 1.


LaTeX Warning: Reference `sga3:XXI:2.3.1' on page 1187 undefined on input line 
13.


LaTeX Warning: Reference `sga3:XXI:3.2.1' on page 1187 undefined on input line 
13.


LaTeX Warning: Reference `sga3:XXI:3.4.5' on page 1187 undefined on input line 
28.

[1187]) (xxi/tex/components/17_expose_XXI_proposition41_through_lemma42_en.tex

LaTeX Warning: Reference `sga3:XXI:5.1' on page 1188 undefined on input line 6.



LaTeX Warning: Reference `sga3:XXI:3.5.1' on page 1188 undefined on input line 
22.

[1188]

LaTeX Warning: Reference `sga3:XXI:4.1' on page 1189 undefined on input line 67
.


LaTeX Warning: Reference `sga3:XXI:3.5.1' on page 1189 undefined on input line 
81.


LaTeX Warning: Reference `sga3:XXI:1.1.9' on page 1189 undefined on input line 
81.

)
(xxi/tex/components/18_expose_XXI_corollary43_through_lemma52_statement_en.tex

LaTeX Warning: Reference `sga3:XXI:4.1' on page 1189 undefined on input line 19
.


LaTeX Warning: Reference `sga3:XXI:4.2' on page 1189 undefined on input line 20
.

[1189]

LaTeX Warning: Reference `sga3:XXI:4.3' on page 1190 undefined on input line 55
.


LaTeX Warning: Reference `sga3:XXI:3.4.2' on page 1190 undefined on input line 
78.


LaTeX Warning: Reference `sga3:XXI:3.4.3' on page 1190 undefined on input line 
79.

[1190]) (xxi/tex/components/19_expose_XXI_lemma52_proof_partA_en.tex

LaTeX Warning: Reference `sga3:XXI:1.2.10' on page 1191 undefined on input line
 3.


LaTeX Warning: Reference `sga3:XXI:3.3.6' on page 1191 undefined on input line 
3.


LaTeX Warning: Reference `sga3:XXI:3.3.3' on page 1191 undefined on input line 
43.


LaTeX Warning: Reference `sga3:XXI:5.2:independence' on page 1191 undefined on 
input line 72.


LaTeX Warning: Reference `sga3:XXI:5.2:independence' on page 1191 undefined on 
input line 75.


LaTeX Warning: Reference `sga3:XXI:3.4.9' on page 1191 undefined on input line 
80.


LaTeX Warning: Reference `sga3:XXI:4.4' on page 1191 undefined on input line 89
.

[1191]

LaTeX Warning: Reference `sga3:XXI:5.2:construction' on page 1192 undefined on 
input line 119.

)
(xxi/tex/components/20_expose_XXI_lemma52_partB_through_theorem56_statement_en.
tex

LaTeX Warning: Reference `sga3:XXI:5.2' on page 1192 undefined on input line 1.



LaTeX Warning: Reference `sga3:XXI:4.4' on page 1192 undefined on input line 7.



LaTeX Warning: Reference `sga3:XXI:5.2:orthogonal-expanded' on page 1192 undefi
ned on input line 31.


LaTeX Warning: Reference `sga3:XXI:3.3.1' on page 1192 undefined on input line 
60.


LaTeX Warning: Reference `sga3:XXI:5.2' on page 1192 undefined on input line 64
.


LaTeX Warning: Reference `sga3:XXI:5.3' on page 1192 undefined on input line 79
.


LaTeX Warning: Reference `sga3:XXI:5.1' on page 1192 undefined on input line 80
.

[1192]) (xxi/tex/components/21_expose_XXI_theorem56_proof_en.tex

LaTeX Warning: Reference `sga3:XXI:5.4' on page 1193 undefined on input line 10
.


LaTeX Warning: Reference `sga3:XXI:3.4.9' on page 1193 undefined on input line 
25.

[1193]

LaTeX Warning: Reference `sga3:XXI:5.6:outside-rank-two' on page 1194 undefined
 on input line 68.


LaTeX Warning: Reference `sga3:XXI:5.6:beta-negative' on page 1194 undefined on
 input line 69.


LaTeX Warning: Reference `sga3:XXI:5.6:rank-two-empty' on page 1194 undefined o
n input line 70.


LaTeX Warning: Reference `sga3:XXI:3.4.8' on page 1194 undefined on input line 
95.

) (xxi/tex/components/22_expose_XXI_section61_morphisms_en.tex

LaTeX Warning: Reference `sga3:XXI:1.2.1' on page 1194 undefined on input line 
35.

[1194]

LaTeX Warning: Reference `sga3:XXI:1.1.13' on page 1195 undefined on input line
 70.

) (xxi/tex/components/23_expose_XXI_section62_isogenies_en.tex [1195]

LaTeX Warning: Reference `sga3:XXI:3.3.5' on page 1196 undefined on input line 
97.

) (xxi/tex/components/24_expose_XXI_section63_radical_coradical_en.tex [1196]

LaTeX Warning: Reference `sga3:XXI:1.2.5' on page 1197 undefined on input line 
23.

[1197]) (xxi/tex/components/25_expose_XXI_section64_products_en.tex [1198])
(xxi/tex/components/26_expose_XXI_section65_induced_through_lemma654_en.tex

LaTeX Warning: Reference `sga3:XXI:1.1.4' on page 1199 undefined on input line 
39.


LaTeX Warning: Reference `sga3:XXI:6.2.7' on page 1199 undefined on input line 
61.

[1199]

LaTeX Warning: Reference `sga3:XXI:6.5.3' on page 1200 undefined on input line 
89.

) (xxi/tex/components/27_expose_XXI_section65_special_cases_en.tex [1200]

LaTeX Warning: Reference `sga3:XXI:1.2.5' on page 1201 undefined on input line 
80.

[1201]

LaTeX Warning: Reference `sga3:XXI:3.4.7' on page 1202 undefined on input line 
187.

) (xxi/tex/components/28_expose_XXI_section66_weights_partA_en.tex [1202]

LaTeX Warning: Reference `sga3:XXI:3.5.1' on page 1203 undefined on input line 
75.

) (xxi/tex/components/29_expose_XXI_section66_partB_through_lemma671_en.tex
[1203]

LaTeX Warning: Reference `sga3:XXI:6.5' on page 1204 undefined on input line 31
.


LaTeX Warning: Reference `sga3:XXI:6.1.4' on page 1204 undefined on input line 
98.

[1204]

LaTeX Warning: Reference `sga3:XXI:1.2.10' on page 1205 undefined on input line
 118.

) (xxi/tex/components/30_expose_XXI_proposition672_through_lemma677_en.tex
[1205]

LaTeX Warning: Reference `sga3:XXI:1.2.5' on page 1206 undefined on input line 
92.

) (xxi/tex/components/31_expose_XXI_remark678_through_example686_en.tex

Package hyperref Warning: Token not allowed in a PDF string (Unicode):
(hyperref)                removing `math shift' on input line 9.

[1206])
(xxi/tex/components/32_expose_XXI_proposition687_through_proposition711_en.tex

LaTeX Warning: Reference `sga3:XXI:6.8.1' on page 1207 undefined on input line 
2.


LaTeX Warning: Reference `sga3:XXI:3.1.5' on page 1207 undefined on input line 
8.


LaTeX Warning: Reference `sga3:XXI:3.2.1' on page 1207 undefined on input line 
9.

[1207]

LaTeX Warning: Reference `sga3:XXI:3.1.2' on page 1208 undefined on input line 
95.


LaTeX Warning: Reference `sga3:XXI:2.2.5' on page 1208 undefined on input line 
107.

) (xxi/tex/components/33_expose_XXI_proposition713_through_lemma723_en.tex
[1208]

LaTeX Warning: Reference `sga3:XXI:7.1.1' on page 1209 undefined on input line 
26.


LaTeX Warning: Reference `sga3:XXI:3.1.1' on page 1209 undefined on input line 
29.


LaTeX Warning: Reference `sga3:XXI:7.1.1' on page 1209 undefined on input line 
31.


LaTeX Warning: Reference `sga3:XXI:7.1.3' on page 1209 undefined on input line 
54.


LaTeX Warning: Reference `sga3:XXI:7.1.1' on page 1209 undefined on input line 
72.

[1209]

LaTeX Warning: Reference `sga3:XXI:2.3.2' on page 1210 undefined on input line 
117.


LaTeX Warning: Reference `sga3:XXI:2.3.1' on page 1210 undefined on input line 
132.

) (xxi/tex/components/34_expose_XXI_remark724_through_remark729_en.tex

LaTeX Warning: Reference `sga3:XXI:7.1.3' on page 1210 undefined on input line 
32.


LaTeX Warning: Reference `sga3:XXI:2.2.6' on page 1210 undefined on input line 
33.


LaTeX Warning: Reference `sga3:XXI:3.5.5' on page 1210 undefined on input line 
55.


LaTeX Warning: Reference `sga3:XXI:7.1.2' on page 1210 undefined on input line 
64.


LaTeX Warning: Reference `sga3:XXI:1.2.2' on page 1210 undefined on input line 
65.

[1210]

LaTeX Warning: Reference `sga3:XXI:7.2.7' on page 1211 undefined on input line 
69.


LaTeX Warning: Reference `sga3:XXI:1.2.1' on page 1211 undefined on input line 
82.


LaTeX Warning: Reference `sga3:XXI:1.2.6' on page 1211 undefined on input line 
106.

) (xxi/tex/components/35_expose_XXI_section73_cartan_matrix_en.tex [1211]

LaTeX Warning: Reference `sga3:XXI:3.2.11' on page 1212 undefined on input line
 53.


LaTeX Warning: Reference `sga3:XXI:2.2.2' on page 1212 undefined on input line 
53.


LaTeX Warning: Reference `sga3:XXI:7.2.9' on page 1212 undefined on input line 
54.


LaTeX Warning: Reference `sga3:XXI:7.3.1' on page 1212 undefined on input line 
92.


LaTeX Warning: Reference `sga3:XXI:1.2.5' on page 1212 undefined on input line 
102.

) (xxi/tex/components/36_expose_XXI_section74_dynkin_diagrams_en.tex [1212]
(xxi/tex/figures/xxi_p44_dynkin_classification_native.tex)

LaTeX Warning: Reference `sga3:XXI:7.4.5' on page 1213 undefined on input line 
71.

[1213])
(xxi/tex/components/37_expose_XXI_section75_p_morphisms_and_bibliography_en.tex

Package hyperref Warning: Token not allowed in a PDF string (Unicode):
(hyperref)                removing `math shift' on input line 1.


LaTeX Warning: Reference `sga3:XXI:6.8' on page 1214 undefined on input line 4.



LaTeX Warning: Reference `sga3:XXI:7.1.3' on page 1214 undefined on input line 
44.


LaTeX Warning: Reference `sga3:XXI:7.2.2' on page 1214 undefined on input line 
48.


LaTeX Warning: Reference `sga3:XXI:6.8.4' on page 1214 undefined on input line 
49.


LaTeX Warning: Reference `sga3:XXI:6.8.6' on page 1214 undefined on input line 
68.


LaTeX Warning: Reference `sga3:XXI:4' on page 1214 undefined on input line 83.

[1214])) [1215] (xxii/tex/SGA3_Expose_XXII_body.tex
(xxii/tex/components/01_expose_XXII_title_section1.tex [1216]
(native_diagrams/exp22/diag_001_root_transport_square.tex) [1217] [1218]
[1219] [1220] [1221] [1222] [1223]
(native_diagrams/exp22/diag_002_weyl_commutative_triangle.tex)
(native_diagrams/exp22/diag_003_Nw_fiber_square.tex) [1224] [1225] [1226]
[1227] [1228] [1229] (native_diagrams/exp22/diag_004_split_morphism_grid.tex)
(native_diagrams/exp22/diag_005_weyl_isomorphism_square.tex) [1230] [1231]
[1232] [1233] [1234] [1235] [1236] [1237] [1238] [1239] [1240] [1241] [1242]
[1243] [1244] [1245] [1246] [1247] [1248] [1249] [1250] [1251] [1252]
(native_diagrams/exp22/diag_006_prop561_implication_scheme.tex) [1253] [1254]
[1255] [1256] [1257] [1258] [1259] [1260] [1261] [1262] [1263] [1264] [1265]
[1266] [1267] [1268] (native_diagrams/exp22/diag_007_opposite_borel_square.tex)
[1269] [1270] [1271] [1272] [1273] [1274] [1275] [1276] [1277] [1278] [1279]
[1280] [1281] [1282] [1283] [1284]
(native_diagrams/exp22/diag_008_coradical_triangle.tex) [1285] [1286] [1287]
[1288])) [1289] (xxiii/tex/SGA3_Expose_XXIII_body.tex
(xxiii/tex/components/00_expose_XXIII_title_and_definition11.tex)
(xxiii/tex/components/01_expose_XXIII_par12_and_definition13.tex [1290])
(xxiii/tex/components/02_expose_XXIII_par14_through_scholium16.tex [1291])
(xxiii/tex/components/03_expose_XXIII_par17_through_remark193.tex

Package hyperref Warning: Token not allowed in a PDF string (Unicode):
(hyperref)                removing `math shift' on input line 1.


Package hyperref Warning: Token not allowed in a PDF string (Unicode):
(hyperref)                removing `subscript' on input line 1.


Package hyperref Warning: Token not allowed in a PDF string (Unicode):
(hyperref)                removing `\Delta' on input line 1.


Package hyperref Warning: Token not allowed in a PDF string (Unicode):
(hyperref)                removing `subscript' on input line 1.


Package hyperref Warning: Token not allowed in a PDF string (Unicode):
(hyperref)                removing `math shift' on input line 63.


Package hyperref Warning: Token not allowed in a PDF string (Unicode):
(hyperref)                removing `\new@ifnextchar' on input line 63.


Package hyperref Warning: Token not allowed in a PDF string (Unicode):
(hyperref)                removing `subscript' on input line 63.

[1292] [1293]

Package hyperref Warning: Token not allowed in a PDF string (Unicode):
(hyperref)                removing `math shift' on input line 173.

) (xxiii/tex/components/04_expose_XXIII_theorem21_through_corollary24.tex
[1294] [1295] [1296] [1297] [1298]

LaTeX Warning: Reference `sga3:XXIII:2.3:eq2' on page 1299 undefined on input l
ine 393.


LaTeX Warning: Reference `sga3:XXIII:2.3:eq3' on page 1299 undefined on input l
ine 393.


LaTeX Warning: Reference `sga3:XXIII:2.3:eq1' on page 1299 undefined on input l
ine 401.


LaTeX Warning: Reference `sga3:XXIII:2.3:eq3' on page 1299 undefined on input l
ine 401.


LaTeX Warning: Reference `sga3:XXIII:2.3:eq4' on page 1299 undefined on input l
ine 402.


LaTeX Warning: Reference `sga3:XXIII:2.3:eq1' on page 1299 undefined on input l
ine 423.

[1299]

LaTeX Warning: Reference `sga3:XXIII:2.3:eq5' on page 1300 undefined on input l
ine 511.


LaTeX Warning: Reference `sga3:XXIII:2.3:eq6' on page 1300 undefined on input l
ine 512.

) (xxiii/tex/components/05_expose_XXIII_cor25_through_par313.tex [1300]
[1301]

LaTeX Warning: Reference `sga3:XXIII:2.6:eq1prime' on page 1302 undefined on in
put line 132.


LaTeX Warning: Reference `sga3:XXIII:2.6:eq1' on page 1302 undefined on input l
ine 133.


LaTeX Warning: Reference `sga3:XXIII:2.6:eq1prime' on page 1302 undefined on in
put line 134.


LaTeX Warning: Reference `sga3:XXIII:2.6:eq1' on page 1302 undefined on input l
ine 135.


LaTeX Warning: Reference `sga3:XXIII:2.6:eq1' on page 1302 undefined on input l
ine 140.


Package hyperref Warning: Token not allowed in a PDF string (Unicode):
(hyperref)                removing `math shift' on input line 158.

[1302] [1303]) (xxiii/tex/components/06_expose_XXIII_type_A2_and_B2.tex

Package hyperref Warning: Token not allowed in a PDF string (Unicode):
(hyperref)                removing `math shift' on input line 1.


Package hyperref Warning: Token not allowed in a PDF string (Unicode):
(hyperref)                removing `subscript' on input line 1.


LaTeX Warning: Reference `sga3:XXIII:3.2:eqplus' on page 1304 undefined on inpu
t line 76.

[1304]

LaTeX Warning: Reference `sga3:XXIII:3.2:eqplus' on page 1305 undefined on inpu
t line 104.


LaTeX Warning: Reference `sga3:XXIII:3.2:eqplusplus' on page 1305 undefined on 
input line 105.


LaTeX Warning: Reference `sga3:XXIII:3.2:eqplus' on page 1305 undefined on inpu
t line 123.


LaTeX Warning: Reference `sga3:XXIII:3.2:eqplus' on page 1305 undefined on inpu
t line 144.


LaTeX Warning: Reference `sga3:XXIII:3.2:eqplusplusplus' on page 1305 undefined
 on input line 145.

[1305]

Package hyperref Warning: Token not allowed in a PDF string (Unicode):
(hyperref)                removing `math shift' on input line 209.


Package hyperref Warning: Token not allowed in a PDF string (Unicode):
(hyperref)                removing `subscript' on input line 209.

[1306]

LaTeX Warning: Reference `sga3:XXIII:3.3:eq1' on page 1307 undefined on input l
ine 313.


LaTeX Warning: Reference `sga3:XXIII:3.3:eq2' on page 1307 undefined on input l
ine 322.


LaTeX Warning: Reference `sga3:XXIII:3.3:eq1' on page 1307 undefined on input l
ine 328.


LaTeX Warning: Reference `sga3:XXIII:3.3:eq1' on page 1307 undefined on input l
ine 349.


LaTeX Warning: Reference `sga3:XXIII:3.3:eq5' on page 1307 undefined on input l
ine 350.


LaTeX Warning: Reference `sga3:XXIII:3.3:eq2' on page 1307 undefined on input l
ine 360.

[1307]

LaTeX Warning: Reference `sga3:XXIII:3.3:eq1' on page 1308 undefined on input l
ine 384.


LaTeX Warning: Reference `sga3:XXIII:3.3:eq3' on page 1308 undefined on input l
ine 385.

) (xxiii/tex/components/07_expose_XXIII_type_G2.tex

Package hyperref Warning: Token not allowed in a PDF string (Unicode):
(hyperref)                removing `math shift' on input line 1.


Package hyperref Warning: Token not allowed in a PDF string (Unicode):
(hyperref)                removing `subscript' on input line 1.

[1308] [1309] [1310] [1311])
(xxiii/tex/components/08_expose_XXIII_generators_relations_explicit.tex
[1312]) (xxiii/tex/components/09_expose_XXIII_fundamental_theorem.tex [1313]
[1314] [1315] [1316]) (xxiii/tex/components/10_expose_XXIII_corollaries.tex
[1317] [1318] [1319])
(xxiii/tex/components/11_expose_XXIII_chevalley_systems_and_bibliography.tex
[1320] [1321]

LaTeX Warning: Reference `sga3:XXIII:6.6:star' on page 1322 undefined on input 
line 221.

[1322]

LaTeX Warning: Citation `Ti66' on page 1323 undefined on input line 251.


LaTeX Warning: Citation `BLie' on page 1323 undefined on input line 251.


LaTeX Warning: Citation `Sp98' on page 1323 undefined on input line 252.

[1323])) [1324] (xxiv/tex/SGA3_Expose_XXIV_body.tex
(xxiv/tex/components/01_expose_XXIV_title_intro.tex [1325] [1326])
(xxiv/tex/components/02_expose_XXIV_theorem13_lemma15_uniqueness.tex [1327]
[1328])
(xxiv/tex/components/03_expose_XXIV_lemma15_existence_corollaries16_18.tex
[1329]) (xxiv/tex/components/04_expose_XXIV_corollaries19_110_remark111.tex
[1330]) (xxiv/tex/components/05_expose_XXIV_corollaries112_115.tex [1331])
(xxiv/tex/components/06_expose_XXIV_corollary115_through_proposition28_en.tex
[1332] [1333] [1334] [1335] [1336])
(xxiv/tex/components/07_expose_XXIV_section2_conclusion_and_section3_through_39
_en.tex [1337] [1338] [1339] [1340])
(xxiv/tex/components/08_expose_XXIV_39_proof_through_corollary312_en.tex
[1341] (native_diagrams/exp24/001_split_autext_exact_sequence.tex)
(<LOCAL_HOME>\AppData\Local\Programs\MiKTeX\tex/latex/lm\ot1lmss.fd)
(native_diagrams/exp24/002_rev_qep_redext_triangle.tex) [1342] [1343] [1344])
(xxiv/tex/components/09_expose_XXIV_proposition313_through_remark3168_en.tex
[1345] [1346] [1347])
(xxiv/tex/components/10_expose_XXIV_section4_through_theorem441_setup_en.tex
[1348] [1349] [1350] [1351] (native_diagrams/exp24/003_inverse_image_grid.tex)
[1352] (native_diagrams/exp24/004_rev_base_triangle.tex))
(xxiv/tex/components/11_expose_XXIV_lemma444_through_section54_en.tex [1353]
[1354])
(xxiv/tex/components/12_expose_XXIV_proposition55_through_remark631_en.tex
[1355] (native_diagrams/exp24/012_isomorphism_dynkin_comparison.tex) [1356]
(native_diagrams/exp24/013_automorphism_exact_columns.tex) [1357] [1358]
[1359])
(xxiv/tex/components/13_expose_XXIV_remark631_continuation_through_bibliography
_en.tex [1360]
(native_diagrams/exp24/005_borel_automorphism_exact_sequences.tex) [1361]
[1362] [1363] (native_diagrams/exp24/006_equivalence_relation_pair.tex)
(native_diagrams/exp24/007_kernel_pair.tex) [1364] [1365]
(native_diagrams/exp24/008_pushout_square.tex)
(native_diagrams/exp24/009_hom_cartesian_square.tex) [1366] [1367] [1368]
(native_diagrams/exp24/010_group_lie_cohomology_rows.tex) [1369] [1370]
[1371] [1372] [1373] [1374] [1375]
(native_diagrams/exp24/011_weil_restriction_torsor_functors.tex) [1376]
[1377])) [1378] (xxv/tex/SGA3_Expose_XXV_body.tex
(xxv/tex/components/00_title_introduction_and_section1.tex [1379])
(xxv/tex/components/01_section2_1_through_2_5.tex [1380] [1381])
(xxv/tex/components/02_section2_6_through_2_9.tex [1382] [1383] [1384])
(xxv/tex/components/03_section2_10_and_section3.tex [1385] [1386])
(xxv/tex/components/04_section4_and_bibliography.tex [1387] [1388])) [1389]
(xxvi/tex/SGA3_Expose_XXVI_body.tex
(xxvi/tex/components/00_title_introduction_and_section1.tex [1390] [1391]
[1392] [1393] [1394]) (xxvi/tex/components/01_section2.tex [1395] [1396]
[1397] [1398]) (xxvi/tex/components/02_section3.tex [1399] [1400] [1401]
[1402] [1403] [1404] [1405])
(xxvi/tex/components/03_section4_1_through_4_2_4.tex [1406] [1407] [1408]
[1409]) (xxvi/tex/components/04_section4_2_5_through_4_2_7.tex [1410] [1411]
[1412]) (xxvi/tex/components/05_section4_3.tex [1413] [1414] [1415])
(xxvi/tex/components/06_section4_4.tex [1416] [1417])
(xxvi/tex/components/07_section4_5.tex [1418] [1419] [1420])
(xxvi/tex/components/08_section5_1.tex [1421] [1422] [1423])
(xxvi/tex/components/09_section5_2_through_5_5.tex [1424] [1425] [1426])
(xxvi/tex/components/10_section5_6_through_5_11.tex [1427] [1428])
(xxvi/tex/components/11_section6_1_through_6_8.tex [1429] [1430] [1431])
(xxvi/tex/components/12_section6_9_through_6_18.tex [1432] [1433] [1434])
(xxvi/tex/components/13_section7_opening_through_7_4.tex [1435] [1436] [1437]
[1438]) (xxvi/tex/components/14_section7_5_through_7_9.tex [1439] [1440])
(xxvi/tex/components/15_section7_10_and_7_11.tex [1441])
(xxvi/tex/components/16_section7_12_through_bibliography.tex [1442] [1443]
[1444] [1445])) [1446] (index/tex/SGA3_TomeIII_Index_body.tex
(index/tex/components/00_tomeIII_index_entries.tex [1447] [1448])) [1449]
(SGA3_English_Complete_Reader_Native_Update_R18_20260729.aux)

LaTeX Font Warning: Some font shapes were not available, defaults substituted.


LaTeX Warning: There were undefined references.


LaTeX Warning: Label(s) may have changed. Rerun to get cross-references right.


Package rerunfilecheck Warning: File `SGA3_English_Complete_Reader_Native_Updat
e_R18_20260729.out' has changed.
(rerunfilecheck)                Rerun to get outlines right
(rerunfilecheck)                or use package `bookmark'.

 )
(see the transcript file for additional information)
Output written on SGA3_English_Complete_Reader_Native_Update_R18_20260729.xdv (
1451 pages, 9879864 bytes).
Transcript written on SGA3_English_Complete_Reader_Native_Update_R18_20260729.l
og.
Latexmk: Getting log file 'SGA3_English_Complete_Reader_Native_Update_R18_20260729.log'
Latexmk: Examining 'SGA3_English_Complete_Reader_Native_Update_R18_20260729.fls'
Latexmk: Examining 'SGA3_English_Complete_Reader_Native_Update_R18_20260729.log'
Latexmk: References changed.
Latexmk: Missing input file 'SGA3_English_Complete_Reader_Native_Update_R18_20260729.toc' message in .log file:
  No file SGA3_English_Complete_Reader_Native_Update_R18_20260729.toc.
Latexmk: References changed.
Latexmk: References changed.
Latexmk: Log file says output to 'SGA3_English_Complete_Reader_Native_Update_R18_20260729.xdv'
Latexmk: applying rule 'xelatex'...
Rule 'xelatex':  Reasons for rerun
Changed files or newly in use/created:
  SGA3_English_Complete_Reader_Native_Update_R18_20260729.aux
  SGA3_English_Complete_Reader_Native_Update_R18_20260729.out
  SGA3_English_Complete_Reader_Native_Update_R18_20260729.toc

------------
Run number 2 of rule 'xelatex'
------------
------------
Running 'xelatex -no-pdf -interaction=nonstopmode -halt-on-error -file-line-error -recorder  "SGA3_English_Complete_Reader_Native_Update_R18_20260729.tex"'
------------
This is XeTeX, Version 3.141592653-2.6-0.999998 (MiKTeX 26.5) (preloaded format=xelatex.fmt)
 restricted \write18 enabled.
entering extended mode
(SGA3_English_Complete_Reader_Native_Update_R18_20260729.tex
LaTeX2e <2025-11-01>
L3 programming layer <2026-03-20>
(<LOCAL_HOME>\AppData\Local\Programs\MiKTeX\tex/latex/base\book.cls
Document Class: book 2025/01/22 v1.4n Standard LaTeX document class
(<LOCAL_HOME>\AppData\Local\Programs\MiKTeX\tex/latex/base\bk11.clo))
(<LOCAL_HOME>\AppData\Local\Programs\MiKTeX\tex/latex/base\fontenc.sty
(<LOCAL_HOME>\AppData\Local\Programs\MiKTeX\tex/latex/lm\t1lmr.fd))
(<LOCAL_HOME>\AppData\Local\Programs\MiKTeX\tex/latex/lm\lmodern.sty)
(<LOCAL_HOME>\AppData\Local\Programs\MiKTeX\tex/latex/base\inputenc.sty

Package inputenc Warning: inputenc package ignored with utf8 based engines.

) (<LOCAL_HOME>\AppData\Local\Programs\MiKTeX\tex/generic/babel\babel.sty
(<LOCAL_HOME>\AppData\Local\Programs\MiKTeX\tex/generic/babel\xebabel.def)
*************************************
* Local config file bblopts.cfg used
*
(<LOCAL_HOME>\AppData\Local\Programs\MiKTeX\tex/latex/arabi\bblopts.cfg)
(<LOCAL_HOME>\AppData\Local\Programs\MiKTeX\tex/generic/babel/locale/en\babe
l-english.tex)
(<LOCAL_HOME>\AppData\Local\Programs\MiKTeX\tex/latex/babel-english\english.
ldf))
(<LOCAL_HOME>\AppData\Local\Programs\MiKTeX\tex/latex/geometry\geometry.sty
(<LOCAL_HOME>\AppData\Local\Programs\MiKTeX\tex/latex/graphics\keyval.sty)
(<LOCAL_HOME>\AppData\Local\Programs\MiKTeX\tex/generic/iftex\ifvtex.sty
(<LOCAL_HOME>\AppData\Local\Programs\MiKTeX\tex/generic/iftex\iftex.sty))
(<LOCAL_HOME>\AppData\Local\Programs\MiKTeX\tex/latex/geometry\geometry.cfg)
) (<LOCAL_HOME>\AppData\Local\Programs\MiKTeX\tex/latex/amsmath\amsmath.sty
For additional information on amsmath, use the `?' option.
(<LOCAL_HOME>\AppData\Local\Programs\MiKTeX\tex/latex/amsmath\amstext.sty
(<LOCAL_HOME>\AppData\Local\Programs\MiKTeX\tex/latex/amsmath\amsgen.sty))
(<LOCAL_HOME>\AppData\Local\Programs\MiKTeX\tex/latex/amsmath\amsbsy.sty)
(<LOCAL_HOME>\AppData\Local\Programs\MiKTeX\tex/latex/amsmath\amsopn.sty))
(<LOCAL_HOME>\AppData\Local\Programs\MiKTeX\tex/latex/amsfonts\amssymb.sty
(<LOCAL_HOME>\AppData\Local\Programs\MiKTeX\tex/latex/amsfonts\amsfonts.sty)
) (<LOCAL_HOME>\AppData\Local\Programs\MiKTeX\tex/latex/amscls\amsthm.sty)
(<LOCAL_HOME>\AppData\Local\Programs\MiKTeX\tex/latex/jknappen\mathrsfs.sty)

(<LOCAL_HOME>\AppData\Local\Programs\MiKTeX\tex/latex/mathtools\mathtools.st
y (<LOCAL_HOME>\AppData\Local\Programs\MiKTeX\tex/latex/tools\calc.sty)
(<LOCAL_HOME>\AppData\Local\Programs\MiKTeX\tex/latex/mathtools\mhsetup.sty)
)
(<LOCAL_HOME>\AppData\Local\Programs\MiKTeX\tex/latex/stmaryrd\stmaryrd.sty)
 (<LOCAL_HOME>\AppData\Local\Programs\MiKTeX\tex/latex/tikz-cd\tikz-cd.sty
(<LOCAL_HOME>\AppData\Local\Programs\MiKTeX\tex/latex/pgf/frontendlayer\tikz
.sty
(<LOCAL_HOME>\AppData\Local\Programs\MiKTeX\tex/latex/pgf/basiclayer\pgf.sty

(<LOCAL_HOME>\AppData\Local\Programs\MiKTeX\tex/latex/pgf/utilities\pgfrcs.s
ty
(<LOCAL_HOME>\AppData\Local\Programs\MiKTeX\tex/generic/pgf/utilities\pgfuti
l-common.tex)
(<LOCAL_HOME>\AppData\Local\Programs\MiKTeX\tex/generic/pgf/utilities\pgfuti
l-latex.def)
(<LOCAL_HOME>\AppData\Local\Programs\MiKTeX\tex/generic/pgf/utilities\pgfrcs
.code.tex
(<LOCAL_HOME>\AppData\Local\Programs\MiKTeX\tex/generic/pgf\pgf.revision.tex
)))
(<LOCAL_HOME>\AppData\Local\Programs\MiKTeX\tex/latex/pgf/basiclayer\pgfcore
.sty
(<LOCAL_HOME>\AppData\Local\Programs\MiKTeX\tex/latex/graphics\graphicx.sty
(<LOCAL_HOME>\AppData\Local\Programs\MiKTeX\tex/latex/graphics\graphics.sty
(<LOCAL_HOME>\AppData\Local\Programs\MiKTeX\tex/latex/graphics\trig.sty)
(<LOCAL_HOME>\AppData\Local\Programs\MiKTeX\tex/latex/graphics-cfg\graphics.
cfg)
(<LOCAL_HOME>\AppData\Local\Programs\MiKTeX\tex/latex/graphics-def\xetex.def
)))
(<LOCAL_HOME>\AppData\Local\Programs\MiKTeX\tex/latex/pgf/systemlayer\pgfsys
.sty
(<LOCAL_HOME>\AppData\Local\Programs\MiKTeX\tex/generic/pgf/systemlayer\pgfs
ys.code.tex
(<LOCAL_HOME>\AppData\Local\Programs\MiKTeX\tex/generic/pgf/utilities\pgfkey
s.code.tex
(<LOCAL_HOME>\AppData\Local\Programs\MiKTeX\tex/generic/pgf/utilities\pgfkey
slibraryfiltered.code.tex))
(<LOCAL_HOME>\AppData\Local\Programs\MiKTeX\tex/generic/pgf/systemlayer\pgf.
cfg)
(<LOCAL_HOME>\AppData\Local\Programs\MiKTeX\tex/generic/pgf/systemlayer\pgfs
ys-xetex.def
(<LOCAL_HOME>\AppData\Local\Programs\MiKTeX\tex/generic/pgf/systemlayer\pgfs
ys-dvipdfmx.def
(<LOCAL_HOME>\AppData\Local\Programs\MiKTeX\tex/generic/pgf/systemlayer\pgfs
ys-common-pdf.def))))
(<LOCAL_HOME>\AppData\Local\Programs\MiKTeX\tex/generic/pgf/systemlayer\pgfs
yssoftpath.code.tex)
(<LOCAL_HOME>\AppData\Local\Programs\MiKTeX\tex/generic/pgf/systemlayer\pgfs
ysprotocol.code.tex))
(<LOCAL_HOME>\AppData\Local\Programs\MiKTeX\tex/latex/xcolor\xcolor.sty
(<LOCAL_HOME>\AppData\Local\Programs\MiKTeX\tex/latex/graphics-cfg\color.cfg
)
(<LOCAL_HOME>\AppData\Local\Programs\MiKTeX\tex/latex/graphics\mathcolor.ltx
))
(<LOCAL_HOME>\AppData\Local\Programs\MiKTeX\tex/generic/pgf/basiclayer\pgfco
re.code.tex
(<LOCAL_HOME>\AppData\Local\Programs\MiKTeX\tex/generic/pgf/math\pgfmath.cod
e.tex
(<LOCAL_HOME>\AppData\Local\Programs\MiKTeX\tex/generic/pgf/math\pgfmathutil
.code.tex)
(<LOCAL_HOME>\AppData\Local\Programs\MiKTeX\tex/generic/pgf/math\pgfmathpars
er.code.tex)
(<LOCAL_HOME>\AppData\Local\Programs\MiKTeX\tex/generic/pgf/math\pgfmathfunc
tions.code.tex)
(<LOCAL_HOME>\AppData\Local\Programs\MiKTeX\tex/generic/pgf/math\pgfmathfunc
tions.basic.code.tex)
(<LOCAL_HOME>\AppData\Local\Programs\MiKTeX\tex/generic/pgf/math\pgfmathfunc
tions.trigonometric.code.tex)
(<LOCAL_HOME>\AppData\Local\Programs\MiKTeX\tex/generic/pgf/math\pgfmathfunc
tions.random.code.tex)
(<LOCAL_HOME>\AppData\Local\Programs\MiKTeX\tex/generic/pgf/math\pgfmathfunc
tions.comparison.code.tex)
(<LOCAL_HOME>\AppData\Local\Programs\MiKTeX\tex/generic/pgf/math\pgfmathfunc
tions.base.code.tex)
(<LOCAL_HOME>\AppData\Local\Programs\MiKTeX\tex/generic/pgf/math\pgfmathfunc
tions.round.code.tex)
(<LOCAL_HOME>\AppData\Local\Programs\MiKTeX\tex/generic/pgf/math\pgfmathfunc
tions.misc.code.tex)
(<LOCAL_HOME>\AppData\Local\Programs\MiKTeX\tex/generic/pgf/math\pgfmathfunc
tions.integerarithmetics.code.tex)
(<LOCAL_HOME>\AppData\Local\Programs\MiKTeX\tex/generic/pgf/math\pgfmathcalc
.code.tex)
(<LOCAL_HOME>\AppData\Local\Programs\MiKTeX\tex/generic/pgf/math\pgfmathfloa
t.code.tex))
(<LOCAL_HOME>\AppData\Local\Programs\MiKTeX\tex/generic/pgf/math\pgfint.code
.tex)
(<LOCAL_HOME>\AppData\Local\Programs\MiKTeX\tex/generic/pgf/basiclayer\pgfco
repoints.code.tex)
(<LOCAL_HOME>\AppData\Local\Programs\MiKTeX\tex/generic/pgf/basiclayer\pgfco
repathconstruct.code.tex)
(<LOCAL_HOME>\AppData\Local\Programs\MiKTeX\tex/generic/pgf/basiclayer\pgfco
repathusage.code.tex)
(<LOCAL_HOME>\AppData\Local\Programs\MiKTeX\tex/generic/pgf/basiclayer\pgfco
rescopes.code.tex)
(<LOCAL_HOME>\AppData\Local\Programs\MiKTeX\tex/generic/pgf/basiclayer\pgfco
regraphicstate.code.tex)
(<LOCAL_HOME>\AppData\Local\Programs\MiKTeX\tex/generic/pgf/basiclayer\pgfco
retransformations.code.tex)
(<LOCAL_HOME>\AppData\Local\Programs\MiKTeX\tex/generic/pgf/basiclayer\pgfco
requick.code.tex)
(<LOCAL_HOME>\AppData\Local\Programs\MiKTeX\tex/generic/pgf/basiclayer\pgfco
reobjects.code.tex)
(<LOCAL_HOME>\AppData\Local\Programs\MiKTeX\tex/generic/pgf/basiclayer\pgfco
repathprocessing.code.tex)
(<LOCAL_HOME>\AppData\Local\Programs\MiKTeX\tex/generic/pgf/basiclayer\pgfco
rearrows.code.tex)
(<LOCAL_HOME>\AppData\Local\Programs\MiKTeX\tex/generic/pgf/basiclayer\pgfco
reshade.code.tex)
(<LOCAL_HOME>\AppData\Local\Programs\MiKTeX\tex/generic/pgf/basiclayer\pgfco
reimage.code.tex)
(<LOCAL_HOME>\AppData\Local\Programs\MiKTeX\tex/generic/pgf/basiclayer\pgfco
reexternal.code.tex)
(<LOCAL_HOME>\AppData\Local\Programs\MiKTeX\tex/generic/pgf/basiclayer\pgfco
relayers.code.tex)
(<LOCAL_HOME>\AppData\Local\Programs\MiKTeX\tex/generic/pgf/basiclayer\pgfco
retransparency.code.tex)
(<LOCAL_HOME>\AppData\Local\Programs\MiKTeX\tex/generic/pgf/basiclayer\pgfco
repatterns.code.tex)
(<LOCAL_HOME>\AppData\Local\Programs\MiKTeX\tex/generic/pgf/basiclayer\pgfco
rerdf.code.tex)))
(<LOCAL_HOME>\AppData\Local\Programs\MiKTeX\tex/generic/pgf/modules\pgfmodul
eshapes.code.tex)
(<LOCAL_HOME>\AppData\Local\Programs\MiKTeX\tex/generic/pgf/modules\pgfmodul
eplot.code.tex)
(<LOCAL_HOME>\AppData\Local\Programs\MiKTeX\tex/latex/pgf/compatibility\pgfc
omp-version-0-65.sty)
(<LOCAL_HOME>\AppData\Local\Programs\MiKTeX\tex/latex/pgf/compatibility\pgfc
omp-version-1-18.sty))
(<LOCAL_HOME>\AppData\Local\Programs\MiKTeX\tex/latex/pgf/utilities\pgffor.s
ty
(<LOCAL_HOME>\AppData\Local\Programs\MiKTeX\tex/latex/pgf/utilities\pgfkeys.
sty
(<LOCAL_HOME>\AppData\Local\Programs\MiKTeX\tex/generic/pgf/utilities\pgfkey
s.code.tex))
(<LOCAL_HOME>\AppData\Local\Programs\MiKTeX\tex/latex/pgf/math\pgfmath.sty
(<LOCAL_HOME>\AppData\Local\Programs\MiKTeX\tex/generic/pgf/math\pgfmath.cod
e.tex))
(<LOCAL_HOME>\AppData\Local\Programs\MiKTeX\tex/generic/pgf/utilities\pgffor
.code.tex))
(<LOCAL_HOME>\AppData\Local\Programs\MiKTeX\tex/generic/pgf/frontendlayer/ti
kz\tikz.code.tex
(<LOCAL_HOME>\AppData\Local\Programs\MiKTeX\tex/generic/pgf/libraries\pgflib
raryplothandlers.code.tex)
(<LOCAL_HOME>\AppData\Local\Programs\MiKTeX\tex/generic/pgf/modules\pgfmodul
ematrix.code.tex)
(<LOCAL_HOME>\AppData\Local\Programs\MiKTeX\tex/generic/pgf/frontendlayer/ti
kz/libraries\tikzlibrarytopaths.code.tex)))
(<LOCAL_HOME>\AppData\Local\Programs\MiKTeX\tex/latex/tikz-cd\tikzlibrarycd.
code.tex
(<LOCAL_HOME>\AppData\Local\Programs\MiKTeX\tex/generic/pgf/frontendlayer/ti
kz/libraries\tikzlibrarymatrix.code.tex)
(<LOCAL_HOME>\AppData\Local\Programs\MiKTeX\tex/generic/pgf/frontendlayer/ti
kz/libraries\tikzlibraryquotes.code.tex)
(<LOCAL_HOME>\AppData\Local\Programs\MiKTeX\tex/generic/pgf/libraries\pgflib
raryarrows.meta.code.tex)))
(<LOCAL_HOME>\AppData\Local\Programs\MiKTeX\tex/generic/pgf/frontendlayer/ti
kz/libraries\tikzlibrarycalc.code.tex)
(<LOCAL_HOME>\AppData\Local\Programs\MiKTeX\tex/generic/pgf/frontendlayer/ti
kz/libraries\tikzlibrarydecorations.pathmorphing.code.tex
(<LOCAL_HOME>\AppData\Local\Programs\MiKTeX\tex/generic/pgf/frontendlayer/ti
kz/libraries\tikzlibrarydecorations.code.tex
(<LOCAL_HOME>\AppData\Local\Programs\MiKTeX\tex/generic/pgf/modules\pgfmodul
edecorations.code.tex))
(<LOCAL_HOME>\AppData\Local\Programs\MiKTeX\tex/generic/pgf/libraries/decora
tions\pgflibrarydecorations.pathmorphing.code.tex))
(<LOCAL_HOME>\AppData\Local\Programs\MiKTeX\tex/generic/pgf/frontendlayer/ti
kz/libraries\tikzlibrarypositioning.code.tex)
(<LOCAL_HOME>\AppData\Local\Programs\MiKTeX\tex/latex/float\float.sty)
(<LOCAL_HOME>\AppData\Local\Programs\MiKTeX\tex/latex/enumitem\enumitem.sty)
 (<LOCAL_HOME>\AppData\Local\Programs\MiKTeX\tex/latex/tools\multicol.sty)
(<LOCAL_HOME>\AppData\Local\Programs\MiKTeX\tex/latex/etoolbox\etoolbox.sty)
 (<LOCAL_HOME>\AppData\Local\Programs\MiKTeX\tex/latex/hyperref\hyperref.sty

(<LOCAL_HOME>\AppData\Local\Programs\MiKTeX\tex/latex/kvsetkeys\kvsetkeys.st
y)
(<LOCAL_HOME>\AppData\Local\Programs\MiKTeX\tex/generic/kvdefinekeys\kvdefin
ekeys.sty)
(<LOCAL_HOME>\AppData\Local\Programs\MiKTeX\tex/generic/pdfescape\pdfescape.
sty
(<LOCAL_HOME>\AppData\Local\Programs\MiKTeX\tex/generic/ltxcmds\ltxcmds.sty)

(<LOCAL_HOME>\AppData\Local\Programs\MiKTeX\tex/generic/pdftexcmds\pdftexcmd
s.sty
(<LOCAL_HOME>\AppData\Local\Programs\MiKTeX\tex/generic/infwarerr\infwarerr.
sty)))
(<LOCAL_HOME>\AppData\Local\Programs\MiKTeX\tex/latex/hycolor\hycolor.sty)
(<LOCAL_HOME>\AppData\Local\Programs\MiKTeX\tex/latex/hyperref\nameref.sty
(<LOCAL_HOME>\AppData\Local\Programs\MiKTeX\tex/latex/refcount\refcount.sty)

(<LOCAL_HOME>\AppData\Local\Programs\MiKTeX\tex/generic/gettitlestring\getti
tlestring.sty
(<LOCAL_HOME>\AppData\Local\Programs\MiKTeX\tex/latex/kvoptions\kvoptions.st
y)))
(<LOCAL_HOME>\AppData\Local\Programs\MiKTeX\tex/generic/stringenc\stringenc.
sty)
(<LOCAL_HOME>\AppData\Local\Programs\MiKTeX\tex/latex/hyperref\pd1enc.def)
(<LOCAL_HOME>\AppData\Local\Programs\MiKTeX\tex/generic/intcalc\intcalc.sty)
(<LOCAL_HOME>\AppData\Local\Programs\MiKTeX\tex/latex/hyperref\puenc.def)
(<LOCAL_HOME>\AppData\Local\Programs\MiKTeX\tex/latex/url\url.sty)
(<LOCAL_HOME>\AppData\Local\Programs\MiKTeX\tex/generic/bitset\bitset.sty
(<LOCAL_HOME>\AppData\Local\Programs\MiKTeX\tex/generic/bigintcalc\bigintcal
c.sty)))
(<LOCAL_HOME>\AppData\Local\Programs\MiKTeX\tex/latex/hyperref\hxetex.def
(<LOCAL_HOME>\AppData\Local\Programs\MiKTeX\tex/latex/rerunfilecheck\rerunfi
lecheck.sty
(<LOCAL_HOME>\AppData\Local\Programs\MiKTeX\tex/generic/uniquecounter\unique
counter.sty))) (tex/sga3_loop1_macros.tex)
(<LOCAL_HOME>\AppData\Local\Programs\MiKTeX\tex/latex/l3backend\l3backend-xe
tex.def) (SGA3_English_Complete_Reader_Native_Update_R18_20260729.aux)
*geometry* driver: auto-detecting
*geometry* detected driver: xetex
(SGA3_English_Complete_Reader_Native_Update_R18_20260729.out)
(SGA3_English_Complete_Reader_Native_Update_R18_20260729.out)
(<LOCAL_HOME>\AppData\Local\Programs\MiKTeX\tex/latex/lm\ot1lmr.fd)
(<LOCAL_HOME>\AppData\Local\Programs\MiKTeX\tex/latex/lm\omllmm.fd)
(<LOCAL_HOME>\AppData\Local\Programs\MiKTeX\tex/latex/lm\omslmsy.fd)
(<LOCAL_HOME>\AppData\Local\Programs\MiKTeX\tex/latex/lm\omxlmex.fd)
(<LOCAL_HOME>\AppData\Local\Programs\MiKTeX\tex/latex/amsfonts\umsa.fd)
(<LOCAL_HOME>\AppData\Local\Programs\MiKTeX\tex/latex/amsfonts\umsb.fd)
(<LOCAL_HOME>\AppData\Local\Programs\MiKTeX\tex/latex/jknappen\ursfs.fd)
(<LOCAL_HOME>\AppData\Local\Programs\MiKTeX\tex/latex/stmaryrd\ustmry.fd)
[1] (SGA3_English_Complete_Reader_Native_Update_R18_20260729.toc [1] [2]
[3] [4] [5]
Overfull \hbox (4.92744pt too wide) detected at line 410
 [][]\T1/lmr/m/n/10.95 1000[]

Overfull \hbox (4.92744pt too wide) detected at line 411
 [][]\T1/lmr/m/n/10.95 1000[]

Overfull \hbox (4.92744pt too wide) detected at line 412
 [][]\T1/lmr/m/n/10.95 1002[]

Overfull \hbox (4.92744pt too wide) detected at line 413
 [][]\T1/lmr/m/n/10.95 1008[]

Overfull \hbox (4.92744pt too wide) detected at line 414
 [][]\T1/lmr/m/n/10.95 1009[]

Overfull \hbox (4.92744pt too wide) detected at line 415
 [][]\T1/lmr/m/n/10.95 1012[]

Overfull \hbox (4.92744pt too wide) detected at line 416
 [][]\T1/lmr/m/n/10.95 1014[]

Overfull \hbox (4.92744pt too wide) detected at line 417
 [][]\T1/lmr/m/n/10.95 1016[]

Overfull \hbox (4.92744pt too wide) detected at line 418
 [][]\T1/lmr/m/n/10.95 1016[]

Overfull \hbox (4.92744pt too wide) detected at line 419
 [][]\T1/lmr/m/n/10.95 1018[]

Overfull \hbox (4.92744pt too wide) detected at line 420
 [][]\T1/lmr/m/n/10.95 1020[]

Overfull \hbox (4.92744pt too wide) detected at line 422
 [][]\T1/lmr/m/n/10.95 1023[]

Overfull \hbox (4.92744pt too wide) detected at line 423
 [][]\T1/lmr/m/n/10.95 1024[]

Overfull \hbox (4.92744pt too wide) detected at line 424
 [][]\T1/lmr/m/n/10.95 1025[]

Overfull \hbox (4.92744pt too wide) detected at line 425
 [][]\T1/lmr/m/n/10.95 1028[]

Overfull \hbox (4.92744pt too wide) detected at line 426
 [][]\T1/lmr/m/n/10.95 1034[]

Overfull \hbox (4.92744pt too wide) detected at line 427
 [][]\T1/lmr/m/n/10.95 1035[]

Overfull \hbox (4.92744pt too wide) detected at line 428
 [][]\T1/lmr/m/n/10.95 1038[]
[6]
Overfull \hbox (4.92744pt too wide) detected at line 429
 [][]\T1/lmr/m/n/10.95 1039[]

Overfull \hbox (4.92744pt too wide) detected at line 430
 [][]\T1/lmr/m/n/10.95 1042[]

Overfull \hbox (4.92744pt too wide) detected at line 431
 [][]\T1/lmr/m/n/10.95 1042[]

Overfull \hbox (4.92744pt too wide) detected at line 432
 [][]\T1/lmr/m/n/10.95 1042[]

Overfull \hbox (4.92744pt too wide) detected at line 433
 [][]\T1/lmr/m/n/10.95 1043[]

Overfull \hbox (4.92744pt too wide) detected at line 434
 [][]\T1/lmr/m/n/10.95 1043[]

Overfull \hbox (4.92744pt too wide) detected at line 435
 [][]\T1/lmr/m/n/10.95 1044[]

Overfull \hbox (4.92744pt too wide) detected at line 436
 [][]\T1/lmr/m/n/10.95 1047[]

Overfull \hbox (4.92744pt too wide) detected at line 437
 [][]\T1/lmr/m/n/10.95 1048[]

Overfull \hbox (4.92744pt too wide) detected at line 438
 [][]\T1/lmr/m/n/10.95 1049[]

Overfull \hbox (4.92744pt too wide) detected at line 439
 [][]\T1/lmr/m/n/10.95 1052[]

Overfull \hbox (4.92744pt too wide) detected at line 440
 [][]\T1/lmr/m/n/10.95 1055[]

Overfull \hbox (4.92744pt too wide) detected at line 441
 [][]\T1/lmr/m/n/10.95 1057[]

Overfull \hbox (4.92744pt too wide) detected at line 442
 [][]\T1/lmr/m/n/10.95 1060[]

Overfull \hbox (4.92744pt too wide) detected at line 443
 [][]\T1/lmr/m/n/10.95 1060[]

Overfull \hbox (4.92744pt too wide) detected at line 444
 [][]\T1/lmr/m/n/10.95 1060[]

Overfull \hbox (4.92744pt too wide) detected at line 445
 [][]\T1/lmr/m/n/10.95 1062[]

Overfull \hbox (4.92744pt too wide) detected at line 446
 [][]\T1/lmr/m/n/10.95 1063[]

Overfull \hbox (4.92744pt too wide) detected at line 447
 [][]\T1/lmr/m/n/10.95 1064[]

Overfull \hbox (4.92744pt too wide) detected at line 448
 [][]\T1/lmr/m/n/10.95 1064[]

Overfull \hbox (4.92744pt too wide) detected at line 449
 [][]\T1/lmr/m/n/10.95 1065[]

Overfull \hbox (4.92744pt too wide) detected at line 450
 [][]\T1/lmr/m/n/10.95 1067[]

Overfull \hbox (4.92744pt too wide) detected at line 451
 [][]\T1/lmr/m/n/10.95 1068[]

Overfull \hbox (4.92744pt too wide) detected at line 452
 [][]\T1/lmr/m/n/10.95 1068[]

Overfull \hbox (4.92744pt too wide) detected at line 453
 [][]\T1/lmr/m/n/10.95 1068[]

Overfull \hbox (4.92744pt too wide) detected at line 454
 [][]\T1/lmr/m/n/10.95 1070[]

Overfull \hbox (4.92744pt too wide) detected at line 455
 [][]\T1/lmr/m/n/10.95 1070[]

Overfull \hbox (4.92744pt too wide) detected at line 456
 [][]\T1/lmr/m/n/10.95 1071[]

Overfull \hbox (4.92744pt too wide) detected at line 457
 [][]\T1/lmr/m/n/10.95 1071[]

Overfull \hbox (4.92744pt too wide) detected at line 458
 [][]\T1/lmr/m/n/10.95 1072[]

Overfull \hbox (4.92744pt too wide) detected at line 459
 [][]\T1/lmr/m/n/10.95 1073[]

Overfull \hbox (4.92744pt too wide) detected at line 460
 [][]\T1/lmr/m/n/10.95 1073[]

Overfull \hbox (4.92744pt too wide) detected at line 461
 [][]\T1/lmr/m/n/10.95 1073[]

Overfull \hbox (4.92744pt too wide) detected at line 462
 [][]\T1/lmr/m/n/10.95 1073[]

Overfull \hbox (4.92744pt too wide) detected at line 463
 [][]\T1/lmr/m/n/10.95 1073[]

Overfull \hbox (4.92744pt too wide) detected at line 464
 [][]\T1/lmr/m/n/10.95 1074[]

Overfull \hbox (4.92744pt too wide) detected at line 466
 [][]\T1/lmr/m/n/10.95 1076[]

Overfull \hbox (4.92744pt too wide) detected at line 467
 [][]\T1/lmr/m/n/10.95 1076[]

Overfull \hbox (4.92744pt too wide) detected at line 476
 [][]\T1/lmr/m/n/10.95 1078[]

Overfull \hbox (4.92744pt too wide) detected at line 482
 [][]\T1/lmr/m/n/10.95 1081[]

Overfull \hbox (4.92744pt too wide) detected at line 511
 [][]\T1/lmr/m/n/10.95 1100[]
[7]
Overfull \hbox (4.92744pt too wide) detected at line 512
 [][]\T1/lmr/m/n/10.95 1107[]

Overfull \hbox (4.92744pt too wide) detected at line 513
 [][]\T1/lmr/m/n/10.95 1111[]

Overfull \hbox (4.92744pt too wide) detected at line 514
 [][]\T1/lmr/m/n/10.95 1114[]

Overfull \hbox (4.92744pt too wide) detected at line 515
 [][]\T1/lmr/m/n/10.95 1118[]

Overfull \hbox (4.92744pt too wide) detected at line 516
 [][]\T1/lmr/m/n/10.95 1122[]

Overfull \hbox (4.92744pt too wide) detected at line 517
 [][]\T1/lmr/m/n/10.95 1124[]

Overfull \hbox (4.92744pt too wide) detected at line 519
 [][]\T1/lmr/m/n/10.95 1125[]

Overfull \hbox (4.92744pt too wide) detected at line 541
 [][]\T1/lmr/m/n/10.95 1133[]

Overfull \hbox (4.92744pt too wide) detected at line 557
 [][]\T1/lmr/m/n/10.95 1144[]

Overfull \hbox (4.92744pt too wide) detected at line 571
 [][]\T1/lmr/m/n/10.95 1153[]

Overfull \hbox (4.92744pt too wide) detected at line 576
 [][]\T1/lmr/m/n/10.95 1154[]

Overfull \hbox (4.92744pt too wide) detected at line 588
 [][]\T1/lmr/m/n/10.95 1160[]

Overfull \hbox (4.92744pt too wide) detected at line 595
 [][]\T1/lmr/m/n/10.95 1163[]

Overfull \hbox (4.92744pt too wide) detected at line 596
 [][]\T1/lmr/m/n/10.95 1163[]

Overfull \hbox (4.92744pt too wide) detected at line 597
 [][]\T1/lmr/m/n/10.95 1165[]

Overfull \hbox (4.92744pt too wide) detected at line 598
 [][]\T1/lmr/m/n/10.95 1167[]

Overfull \hbox (4.92744pt too wide) detected at line 599
 [][]\T1/lmr/m/n/10.95 1167[]

Overfull \hbox (4.92744pt too wide) detected at line 600
 [][]\T1/lmr/m/n/10.95 1169[]

Overfull \hbox (4.92744pt too wide) detected at line 601
 [][]\T1/lmr/m/n/10.95 1170[]

Overfull \hbox (4.92744pt too wide) detected at line 602
 [][]\T1/lmr/m/n/10.95 1172[]

Overfull \hbox (4.92744pt too wide) detected at line 603
 [][]\T1/lmr/m/n/10.95 1172[]

Overfull \hbox (4.92744pt too wide) detected at line 604
 [][]\T1/lmr/m/n/10.95 1175[]

Overfull \hbox (4.92744pt too wide) detected at line 605
 [][]\T1/lmr/m/n/10.95 1178[]

Overfull \hbox (4.92744pt too wide) detected at line 606
 [][]\T1/lmr/m/n/10.95 1180[]

Overfull \hbox (4.92744pt too wide) detected at line 607
 [][]\T1/lmr/m/n/10.95 1183[]

Overfull \hbox (4.92744pt too wide) detected at line 608
 [][]\T1/lmr/m/n/10.95 1185[]

Overfull \hbox (4.92744pt too wide) detected at line 609
 [][]\T1/lmr/m/n/10.95 1187[]

Overfull \hbox (4.92744pt too wide) detected at line 610
 [][]\T1/lmr/m/n/10.95 1190[]

Overfull \hbox (4.92744pt too wide) detected at line 611
 [][]\T1/lmr/m/n/10.95 1194[]

Overfull \hbox (4.92744pt too wide) detected at line 612
 [][]\T1/lmr/m/n/10.95 1194[]

Overfull \hbox (4.92744pt too wide) detected at line 613
 [][]\T1/lmr/m/n/10.95 1196[]

Overfull \hbox (4.92744pt too wide) detected at line 614
 [][]\T1/lmr/m/n/10.95 1197[]

Overfull \hbox (4.92744pt too wide) detected at line 615
 [][]\T1/lmr/m/n/10.95 1198[]

Overfull \hbox (4.92744pt too wide) detected at line 616
 [][]\T1/lmr/m/n/10.95 1199[]

Overfull \hbox (4.92744pt too wide) detected at line 617
 [][]\T1/lmr/m/n/10.95 1202[]

Overfull \hbox (4.92744pt too wide) detected at line 618
 [][]\T1/lmr/m/n/10.95 1205[]

Overfull \hbox (4.92744pt too wide) detected at line 619
 [][]\T1/lmr/m/n/10.95 1206[]

Overfull \hbox (4.92744pt too wide) detected at line 620
 [][]\T1/lmr/m/n/10.95 1208[]

Overfull \hbox (4.92744pt too wide) detected at line 621
 [][]\T1/lmr/m/n/10.95 1208[]

Overfull \hbox (4.92744pt too wide) detected at line 622
 [][]\T1/lmr/m/n/10.95 1210[]

Overfull \hbox (4.92744pt too wide) detected at line 623
 [][]\T1/lmr/m/n/10.95 1211[]

Overfull \hbox (4.92744pt too wide) detected at line 624
 [][]\T1/lmr/m/n/10.95 1213[]

Overfull \hbox (4.92744pt too wide) detected at line 625
 [][]\T1/lmr/m/n/10.95 1214[]

Overfull \hbox (4.92744pt too wide) detected at line 626
 [][]\T1/lmr/m/n/10.95 1215[]
[8]
Overfull \hbox (4.92744pt too wide) detected at line 628
 [][]\T1/lmr/m/n/10.95 1216[]

Overfull \hbox (4.92744pt too wide) detected at line 647
 [][]\T1/lmr/m/n/10.95 1221[]

Overfull \hbox (4.92744pt too wide) detected at line 657
 [][]\T1/lmr/m/n/10.95 1223[]

Overfull \hbox (4.92744pt too wide) detected at line 666
 [][]\T1/lmr/m/n/10.95 1225[]

Overfull \hbox (4.92744pt too wide) detected at line 667
 [][]\T1/lmr/m/n/10.95 1225[]

Overfull \hbox (4.92744pt too wide) detected at line 680
 [][]\T1/lmr/m/n/10.95 1230[]

Overfull \hbox (4.92744pt too wide) detected at line 694
 [][]\T1/lmr/m/n/10.95 1233[]

Overfull \hbox (4.92744pt too wide) detected at line 704
 [][]\T1/lmr/m/n/10.95 1236[]

Overfull \hbox (4.92744pt too wide) detected at line 705
 [][]\T1/lmr/m/n/10.95 1236[]

Overfull \hbox (4.92744pt too wide) detected at line 716
 [][]\T1/lmr/m/n/10.95 1239[]

Overfull \hbox (4.92744pt too wide) detected at line 724
 [][]\T1/lmr/m/n/10.95 1240[]

Overfull \hbox (4.92744pt too wide) detected at line 745
 [][]\T1/lmr/m/n/10.95 1245[]

Overfull \hbox (4.92744pt too wide) detected at line 756
 [][]\T1/lmr/m/n/10.95 1248[]

Overfull \hbox (4.92744pt too wide) detected at line 779
 [][]\T1/lmr/m/n/10.95 1259[]

Overfull \hbox (4.92744pt too wide) detected at line 795
 [][]\T1/lmr/m/n/10.95 1264[]

Overfull \hbox (4.92744pt too wide) detected at line 804
 [][]\T1/lmr/m/n/10.95 1268[]

Overfull \hbox (4.92744pt too wide) detected at line 815
 [][]\T1/lmr/m/n/10.95 1273[]

Overfull \hbox (4.92744pt too wide) detected at line 827
 [][]\T1/lmr/m/n/10.95 1277[]

Overfull \hbox (4.92744pt too wide) detected at line 836
 [][]\T1/lmr/m/n/10.95 1280[]

Overfull \hbox (4.92744pt too wide) detected at line 837
 [][]\T1/lmr/m/n/10.95 1280[]

Overfull \hbox (4.92744pt too wide) detected at line 846
 [][]\T1/lmr/m/n/10.95 1284[]

Overfull \hbox (4.92744pt too wide) detected at line 855
 [][]\T1/lmr/m/n/10.95 1287[]

Overfull \hbox (4.92744pt too wide) detected at line 860
 [][]\T1/lmr/m/n/10.95 1289[]

Overfull \hbox (4.92744pt too wide) detected at line 862
 [][]\T1/lmr/m/n/10.95 1290[]

Overfull \hbox (4.92744pt too wide) detected at line 863
 [][]\T1/lmr/m/n/10.95 1292[]

Overfull \hbox (4.92744pt too wide) detected at line 864
 [][]\T1/lmr/m/n/10.95 1293[]

Overfull \hbox (4.92744pt too wide) detected at line 865
 [][]\T1/lmr/m/n/10.95 1294[]

Overfull \hbox (4.92744pt too wide) detected at line 866
 [][]\T1/lmr/m/n/10.95 1295[]

Overfull \hbox (4.92744pt too wide) detected at line 867
 [][]\T1/lmr/m/n/10.95 1295[]

Overfull \hbox (4.92744pt too wide) detected at line 868
 [][]\T1/lmr/m/n/10.95 1303[]

Overfull \hbox (4.92744pt too wide) detected at line 869
 [][]\T1/lmr/m/n/10.95 1303[]

Overfull \hbox (4.92744pt too wide) detected at line 870
 [][]\T1/lmr/m/n/10.95 1304[]

Overfull \hbox (4.92744pt too wide) detected at line 871
 [][]\T1/lmr/m/n/10.95 1306[]

Overfull \hbox (4.92744pt too wide) detected at line 872
 [][]\T1/lmr/m/n/10.95 1309[]

Overfull \hbox (4.92744pt too wide) detected at line 873
 [][]\T1/lmr/m/n/10.95 1312[]

Overfull \hbox (4.92744pt too wide) detected at line 874
 [][]\T1/lmr/m/n/10.95 1313[]

Overfull \hbox (4.92744pt too wide) detected at line 875
 [][]\T1/lmr/m/n/10.95 1317[]

Overfull \hbox (4.92744pt too wide) detected at line 876
 [][]\T1/lmr/m/n/10.95 1320[]

Overfull \hbox (4.92744pt too wide) detected at line 878
 [][]\T1/lmr/m/n/10.95 1326[]

Overfull \hbox (4.92744pt too wide) detected at line 893
 [][]\T1/lmr/m/n/10.95 1379[]

Overfull \hbox (4.92744pt too wide) detected at line 894
 [][]\T1/lmr/m/n/10.95 1380[]

Overfull \hbox (4.92744pt too wide) detected at line 895
 [][]\T1/lmr/m/n/10.95 1380[]

Overfull \hbox (4.92744pt too wide) detected at line 896
 [][]\T1/lmr/m/n/10.95 1381[]

Overfull \hbox (4.92744pt too wide) detected at line 897
 [][]\T1/lmr/m/n/10.95 1381[]
[9]
Overfull \hbox (4.92744pt too wide) detected at line 898
 [][]\T1/lmr/m/n/10.95 1381[]

Overfull \hbox (4.92744pt too wide) detected at line 899
 [][]\T1/lmr/m/n/10.95 1382[]

Overfull \hbox (4.92744pt too wide) detected at line 900
 [][]\T1/lmr/m/n/10.95 1382[]

Overfull \hbox (4.92744pt too wide) detected at line 901
 [][]\T1/lmr/m/n/10.95 1386[]

Overfull \hbox (4.92744pt too wide) detected at line 902
 [][]\T1/lmr/m/n/10.95 1388[]

Overfull \hbox (4.92744pt too wide) detected at line 903
 [][]\T1/lmr/m/n/10.95 1388[]

Overfull \hbox (4.92744pt too wide) detected at line 904
 [][]\T1/lmr/m/n/10.95 1388[]

Overfull \hbox (4.92744pt too wide) detected at line 905
 [][]\T1/lmr/m/n/10.95 1388[]

Overfull \hbox (4.92744pt too wide) detected at line 906
 [][]\T1/lmr/m/n/10.95 1389[]

Overfull \hbox (4.92744pt too wide) detected at line 908
 [][]\T1/lmr/m/n/10.95 1390[]

Overfull \hbox (4.92744pt too wide) detected at line 910
 [][]\T1/lmr/m/n/10.95 1395[]

Overfull \hbox (4.92744pt too wide) detected at line 914
 [][]\T1/lmr/m/n/10.95 1400[]

Overfull \hbox (4.92744pt too wide) detected at line 921
 [][]\T1/lmr/m/n/10.95 1406[]

Overfull \hbox (4.92744pt too wide) detected at line 922
 [][]\T1/lmr/m/n/10.95 1406[]

Overfull \hbox (4.92744pt too wide) detected at line 923
 [][]\T1/lmr/m/n/10.95 1407[]

Overfull \hbox (4.92744pt too wide) detected at line 924
 [][]\T1/lmr/m/n/10.95 1413[]

Overfull \hbox (4.92744pt too wide) detected at line 926
 [][]\T1/lmr/m/n/10.95 1416[]

Overfull \hbox (4.92744pt too wide) detected at line 927
 [][]\T1/lmr/m/n/10.95 1418[]

Overfull \hbox (4.92744pt too wide) detected at line 933
 [][]\T1/lmr/m/n/10.95 1421[]

Overfull \hbox (4.92744pt too wide) detected at line 944
 [][]\T1/lmr/m/n/10.95 1429[]

Overfull \hbox (4.92744pt too wide) detected at line 945
 [][]\T1/lmr/m/n/10.95 1430[]

Overfull \hbox (4.92744pt too wide) detected at line 946
 [][]\T1/lmr/m/n/10.95 1435[]

Overfull \hbox (4.92744pt too wide) detected at line 947
 [][]\T1/lmr/m/n/10.95 1435[]

Overfull \hbox (4.92744pt too wide) detected at line 948
 [][]\T1/lmr/m/n/10.95 1436[]

Overfull \hbox (4.92744pt too wide) detected at line 949
 [][]\T1/lmr/m/n/10.95 1436[]

Overfull \hbox (4.92744pt too wide) detected at line 950
 [][]\T1/lmr/m/n/10.95 1436[]

Overfull \hbox (4.92744pt too wide) detected at line 951
 [][]\T1/lmr/m/n/10.95 1437[]

Overfull \hbox (4.92744pt too wide) detected at line 952
 [][]\T1/lmr/m/n/10.95 1437[]

Overfull \hbox (4.92744pt too wide) detected at line 953
 [][]\T1/lmr/m/n/10.95 1438[]

Overfull \hbox (4.92744pt too wide) detected at line 954
 [][]\T1/lmr/m/n/10.95 1438[]

Overfull \hbox (4.92744pt too wide) detected at line 955
 [][]\T1/lmr/m/n/10.95 1439[]

Overfull \hbox (4.92744pt too wide) detected at line 956
 [][]\T1/lmr/m/n/10.95 1439[]

Overfull \hbox (4.92744pt too wide) detected at line 957
 [][]\T1/lmr/m/n/10.95 1440[]

Overfull \hbox (4.92744pt too wide) detected at line 958
 [][]\T1/lmr/m/n/10.95 1440[]

Overfull \hbox (4.92744pt too wide) detected at line 959
 [][]\T1/lmr/m/n/10.95 1441[]

Overfull \hbox (4.92744pt too wide) detected at line 960
 [][]\T1/lmr/m/n/10.95 1442[]

Overfull \hbox (4.92744pt too wide) detected at line 961
 [][]\T1/lmr/m/n/10.95 1444[]
) [10] (tex/components/00_introduction.tex [1] [2] [3] [4] [5])
(tex/components/01_expose_I_opening_pp001_005.tex [6] [7] [8] [9]
(native_diagrams/exp1/diag_001_alpha_morphism_triangle.tex) [10]
(native_diagrams/exp1/diag_002_alpha_transitivity.tex))
(tex/components/02_expose_I_s16_next_pp005_010.tex
(native_diagrams/exp1/diag_003_base_change_triangle.tex)
(native_diagrams/exp1/diag_004_base_change_projections.tex) [11]
(native_diagrams/exp1/diag_005_functor_base_change_notation.tex) [12] [13]
[14] [15]) (tex/components/03_expose_I_s18_s22_pp010_015.tex [16]
(native_diagrams/exp1/diag_006_constant_objects_cartesian_square.tex) [17]
[18] (native_diagrams/exp1/diag_007_group_morphism_square.tex)
(native_diagrams/exp1/diag_008_representable_group_cartesian_square.tex)
[19]) (tex/components/04_expose_I_s23_operator_groups.tex [20] [21] [22])
(tex/components/05_expose_I_s3_modules.tex [23] [24]
(native_diagrams/exp1/diag_009_OS_g_naturality_square.tex)
(native_diagrams/exp1/diag_010_OS_f_naturality_square.tex) [25])
(tex/components/06_expose_I_s41_s43_basic_scheme_groups.tex [26] [27]
(native_diagrams/exp1/diag_011_hopf_coassociativity.tex) [28] [29])
(tex/components/07_expose_I_s44_s47_scheme_groups.tex [30]

LaTeX Font Warning: Font shape `U/stmry/b/n' undefined
(Font)              using `U/stmry/m/n' instead on input line 115.

[31] (native_diagrams/exp1/diag_012_prop463_canonical_morphisms.tex) [32]
(native_diagrams/exp1/diag_013_cor4641_cartesian_square.tex) [33]
Underfull \hbox (badness 2065) in paragraph at lines 438--457
\T1/lmr/bx/n/10.95 Corollary 4.6.5.1. \T1/lmr/m/it/10.95 Let $\U/rsfs/m/n/10.95
 F$ \T1/lmr/m/it/10.95 be an $\OMS/lmsy/m/n/10.95 O[]$\T1/lmr/m/it/10.95 -modul
e lo-cally free of fi-nite type. Put
[34] (native_diagrams/exp1/diag_014_rem4711_category_squares.tex) [35]
(native_diagrams/exp1/diag_015_cm1_coaction_square.tex)
(native_diagrams/exp1/diag_016_cm2_counit_composite.tex)
(native_diagrams/exp1/diag_017_comodule_morphism_square.tex) [36] [37])
(tex/components/08_expose_I_s5_group_cohomology.tex [38] [39] [40] [41]
[42] [43] (native_diagrams/exp1/diag_018_induction_adjunction_square.tex)
[44]) (tex/components/09_expose_I_s6_equivariant_objects.tex
(native_diagrams/exp1/diag_019_equivariant_action_square.tex) [45]
(native_diagrams/exp1/diag_020_equivariance_cocycle.tex) [46]
(native_diagrams/exp1/diag_021_stabilizer_square.tex) [47]
(native_diagrams/exp1/diag_022_section_naturality_square.tex)
(native_diagrams/exp1/diag_023_section_action_composition.tex) [48]
(native_diagrams/exp1/diag_024_sheaf_cocycle.tex) [49] [50]
(native_diagrams/exp1/diag_025_base_change_squares.tex) [51] [52] [53] [54])
(tex/components/10_expose_II_s1_s2_hom_dual_numbers.tex [55] [56] [57] [58]
[59] [60] [61]) (tex/components/11_expose_II_s3_tangent_bundle_condition_E.tex
[62] [63]
(<LOCAL_HOME>\AppData\Local\Programs\MiKTeX\tex/latex/amsfonts\ueuf.fd)
[64] [65] [66] [67] [68] [69] [70] [71] [72]
Underfull \hbox (badness 1127) in paragraph at lines 836--840
\T1/lmr/m/n/10.95 By 3.4.2, with $\OML/lmm/m/it/10.95 X$ \T1/lmr/m/n/10.95 re-p
laced by $\OML/lmm/m/it/10.95 H$ \T1/lmr/m/n/10.95 and $\OML/lmm/m/it/10.95 X[]
$ \T1/lmr/m/n/10.95 by $\OML/lmm/m/it/10.95 H[]$\T1/lmr/m/n/10.95 , the ac-tion
 of $\OML/lmm/m/it/10.95 a \OMS/lmsy/m/n/10.95 2 O\OT1/lmr/m/n/10.95 (\OML/lmm/
m/it/10.95 H[]\OT1/lmr/m/n/10.95 )$ \T1/lmr/m/n/10.95 on
[73] [74] [75] [76]) (tex/components/12_expose_II_s41_s44_lie_algebras.tex
[77] [78] [79] [80] [81] [82] [83] [84] [85] [86] [87] [88] [89])
(tex/components/13_expose_II_s45_s411_lie_structure.tex [90] [91] [92] [93]
[94] [95] [96] [97] [98] [99])
(tex/components/14_expose_II_s5_s6_examples_misc.tex [100] [101] [102] [103]
[104] [105] [106] [107] [108] [109])
(tex/components/15_expose_III_opening_s016.tex [110] [111] [112] [113] [114])
(tex/components/16_expose_III_s017_s0110_functorial_liftings.tex [115] [116]
[117] [118] [119] [120] [121] [122])
(tex/components/17_expose_III_s0111_s02_products_action.tex [123] [124]
[125]) (tex/components/18_expose_III_s03_s07_flat_liftings.tex [126] [127]
[128]) (tex/components/19_expose_III_s07bis_s010_group_actions.tex [129]
[130] [131]) (tex/components/20_expose_III_s011_end_s0_automorphisms.tex
[132] [133] [134])
(tex/components/21_expose_III_s11_s12_extensions_cohomology.tex [135] [136]
[137] [138] [139]) (tex/components/22_expose_III_s13_group_law_extensions.tex
[140] [141] [142] [143])
(tex/components/23_expose_III_s2_infinitesimal_group_morphisms.tex [144]
[145] [146] [147] [148]
Underfull \hbox (badness 1048) in paragraph at lines 444--450
[]\T1/lmr/m/it/10.95 If $\OML/lmm/m/it/10.95 H[]\OT1/lmr/m/n/10.95 (\OML/lmm/m/
it/10.95 X[]; []\OT1/lmr/m/n/10.95 (\OML/lmm/m/it/10.95 X[]=S[]\OT1/lmr/m/n/10.
95 )) = 0$\T1/lmr/m/it/10.95 , ev-ery $\OML/lmm/m/it/10.95 S[]$\T1/lmr/m/it/10.
95 -automorphism of $\OML/lmm/m/it/10.95 X[]$ \T1/lmr/m/it/10.95 ex-tends to an
 $\OML/lmm/m/it/10.95 S$\T1/lmr/m/it/10.95 -
[149]) (tex/components/24_expose_III_s3_infinitesimal_group_structures.tex
[150] [151] [152] [153]
Underfull \hbox (badness 3514) in paragraph at lines 402--402
[][][]\T1/lmr/m/n/9 Editor's note: In-deed, $[][]\OT1/lmr/m/n/9 (\OML/lmm/m/it/
9 X[]\OT1/lmr/m/n/9 )$ \T1/lmr/m/n/9 acts by group au-to-mor-phisms on the abel
ian group
) (tex/components/25_expose_III_s41_s44_closed_subgroups.tex [154] [155]
[156] [157] [158]) (tex/components/26_expose_III_s450_s47_lci_koszul.tex
[159] [160] [161] [162])
(tex/components/27_expose_III_s480_s410_obstruction_factorization.tex [163]
[164] [165] [166] [167])
(tex/components/28_expose_III_s411_s4161_functorial_obstructions.tex [168]
Underfull \hbox (badness 10000) detected at line 170
 []$[]  \OML/lmm/m/it/10.95 M\OT1/lmr/m/n/10.95 (\OML/lmm/m/it/10.95 Y[]\OT1/lm
r/m/n/10.95 ) [][]\OMS/lmsy/m/n/10.95 ! [][][]\OML/lmm/m/it/10.95 f[]g[]\OT1/lm
r/m/n/10.95 (\U/rsfs/m/n/10.95 N[] \OMS/lmsy/m/n/10.95 
[] \U/rsfs/m/n/10.95 O[]\OT1/lmr/m/n/10.95 )\OML/lmm/m/it/10.95 ; f[]\OT1/lmr/m
/n/10.95 (\U/rsfs/m/n/10.95 JO[]\OT1/lmr/m/n/10.95 )[]  $ 
[169] [170] [171] [172] [173] [174])
(tex/components/29_expose_III_s417_s422_subgroup_obstruction.tex [175] [176]
[177] [178] [179] [180])
(tex/components/30_expose_III_s423_s430_conjugacy_coboundaries.tex [181]
[182] [183]) (tex/components/31_expose_III_s431_s4351_conjugacy_smooth.tex
[184] [185] [186]) (tex/components/32_expose_III_s436_s438_bibliography.tex
[187] [188] [189] [190]) (tex/components/33_expose_IV_complete.tex
(tex/components/01_expose_IV_opening_s11_s16.tex [191] [192] [193])
(tex/components/02_expose_IV_s17_through_s2.tex [194] [195] [196] [197]
[198]) (tex/components/03_expose_IV_s3.tex [199] [200] [201] [202] [203]
[204] [205] [206] [207]) (tex/components/04_expose_IV_s41_s43.tex [208]
[209] [210] [211] [212] [213] [214] [215] [216] [217] [218] [219])
(tex/components/05_expose_IV_s44_opening_through_444.tex [220])
(tex/components/06_expose_IV_lemma_445.tex [221] [222])
(tex/components/07_expose_IV_lemma_446.tex [223])
(tex/components/08_expose_IV_s447_s448bis.tex [224])
(tex/components/09_expose_IV_lemmas_4481_4482.tex [225])
(tex/components/10_expose_IV_props_449_4410.tex [226])
(tex/components/11_expose_IV_prop_4411_end_s44.tex [227])
(tex/components/12_expose_IV_s45_opening_prop_451.tex [228])
(tex/components/13_expose_IV_prop_452_cor_453.tex)
(tex/components/14_expose_IV_cor_454_scholium_455.tex [229])
(tex/components/15_expose_IV_props_456_459.tex [230] [231])
(tex/components/16_expose_IV_def_4510_through_4513.tex)
(tex/components/18_expose_IV_s46.tex [232] [233] [234] [235] [236])
(tex/components/19_expose_IV_s47.tex [237]) (tex/components/20_expose_IV_s5.tex
[238] [239] [240] [241] [242])
(tex/components/21_expose_IV_s6_and_bibliography.tex [243] [244] [245] [246]
[247] [248] [249] [250] [251] [252] [253])) [254]
(tex/components/34_expose_V_complete.tex
(tex/components/00_expose_V_pp251_252_en.tex
(native_diagrams/exp5/p251_phi_of_T_triangle.png.tex)
(native_diagrams/exp5/p251_T_of_phi_triangle.png.tex)
(native_diagrams/exp5/p252_exact_pair_cokernel.png.tex) [255]
(native_diagrams/exp5/p252_ringed_space_sheaf_pair.png.tex)
(native_diagrams/exp5/p252_ringed_space_pair_inline.png.tex)
(native_diagrams/exp5/p252_lemma_1_1_restricted_cokernel.png.tex) [256])
(tex/components/01_expose_V_pp253_255_en.tex
(native_diagrams/exp5/p253_star_fiber_product.png.tex)
(native_diagrams/exp5/p253_square_0.png.tex) [257]
(native_diagrams/exp5/p254_square_1.png.tex)
(native_diagrams/exp5/p254_square_2.png.tex)
(native_diagrams/exp5/p254_associativity_4.png.tex)
(native_diagrams/exp5/p255_diagram_012.png.tex) [258]
(native_diagrams/exp5/p255_groupoid_triple_arrow.png.tex))
(tex/components/02_expose_V_pp256_260_en.tex
(native_diagrams/exp5/p256_action_groupoid_continuation.png.tex) [259]
(native_diagrams/exp5/p256_effective_epimorphism.png.tex)
(native_diagrams/exp5/p257_x_groupoid.png.tex) [260]
(native_diagrams/exp5/p257_y_induced_groupoid.png.tex)
(native_diagrams/exp5/p257_base_change_fiber_square.png.tex)
(native_diagrams/exp5/p257_reconstruction_square.png.tex) [261]
(native_diagrams/exp5/p258_cartesian_reconstruction_square.png.tex)
(native_diagrams/exp5/p258_inverse_image_phi_diagram.png.tex)
(native_diagrams/exp5/p258_inverse_image_psi_diagram.png.tex)
(native_diagrams/exp5/p258_groupoid_isomorphism_map.png.tex) [262]
(native_diagrams/exp5/p259_universal_epimorphism_square.png.tex)
(native_diagrams/exp5/p259_functor_kernel_diagram.png.tex)
(native_diagrams/exp5/p259_delta_proof_diagram.png.tex) [263]
(native_diagrams/exp5/p260_scheme_groupoid.png.tex)
(native_diagrams/exp5/p260_underlying_fiber_product_map.png.tex) [264])
(tex/components/03_expose_V_section4_theorem41_localp011_en.tex
(native_diagrams/exp5/p261_theorem41_groupoid.png.tex) [265])
(tex/components/04_expose_V_theorem41_proof_a_localp012_en.tex
(native_diagrams/exp5/p262_dual_cocartesian_012star.png.tex) [266])
(tex/components/05_expose_V_theorem41_proof_b_lemma411_en.tex)
(tex/components/06_expose_V_theorem41_proof_cde_lemma412_en.tex [267] [268])
(tex/components/07_expose_V_theorem41_proof_iii_lemma413_en.tex [269])
(tex/components/08_expose_V_theorem41_proof_iv_lemma42_en.tex [270] [271])
(tex/components/09_expose_V_theorem41_close_section5_opening_en.tex
(native_diagrams/exp5/p267_proof_iv_ring_modules_diagram.png.tex)
(native_diagrams/exp5/p267_section5_rank_square_d0.png.tex)
(native_diagrams/exp5/p267_section5_rank_square_d1.png.tex) [272])
(tex/components/10_expose_V_section5_general_case_en.tex
(native_diagrams/exp5/p268_section5_affine_saturated_chain.png.tex) [273])
(tex/components/11_expose_V_section5_fppf_remark51_en.tex [274])
(tex/components/12_expose_V_section6_quasisection_setup_en.tex
(native_diagrams/exp5/p270_section6_groupoid_X.png.tex) [275]
(native_diagrams/exp5/p270_section6_groupoid_U.png.tex)
(native_diagrams/exp5/p270_section6_span_X0_V_U.png.tex)
(native_diagrams/exp5/p270_section6_cartesian_square.png.tex)
(native_diagrams/exp5/p270_section6_groupoid_V.png.tex))
(tex/components/13_expose_V_lemma61_statement_proof_a_opening_en.tex [276]
(native_diagrams/exp5/p271_section6_base_change_d0.png.tex)
(native_diagrams/exp5/p271_section6_base_change_d1.png.tex)
(native_diagrams/exp5/p271_lemma61_cokernel_triangle.png.tex) [277])
(tex/components/14_expose_V_lemma61_proofs_a_b_c_opening_en.tex
(native_diagrams/exp5/p272_lemma61_double_cartesian_square.png.tex) [278])
(tex/components/15_expose_V_lemma61_proofs_c_d_en.tex
(native_diagrams/exp5/p273_lemma61_restricted_groupoids_cartesian_corrected.png
.tex) [279]) (tex/components/16_expose_V_section7_theorem71_en.tex
(native_diagrams/exp5/p274_theorem71_groupoid.png.tex) [280])
(tex/components/17_expose_V_lemma72_en.tex
(native_diagrams/exp5/p275_lemma72_square.png.tex) [281])
(tex/components/18_expose_V_lemma73_opening_en.tex
(native_diagrams/exp5/p276_lemma73_base_square.png.tex) [282]
(native_diagrams/exp5/p276_lemma73_F2_diagram.png.tex) [283])
(tex/components/19_expose_V_lemma73_close_lemma74_opening_en.tex
(native_diagrams/exp5/p277_lemma73_descent_square.png.tex) [284]
(native_diagrams/exp5/p277_lemma74_cartesian_square.png.tex))
(tex/components/20_expose_V_localp28_31_sections7_9_en.tex [285]
(native_diagrams/exp5/exp5_localp28_WVU_Z_commutative.png.tex)
(native_diagrams/exp5/exp5_localp29_theorem81_groupoid.png.tex) [286]
(native_diagrams/exp5/exp5_localp30_F_groupoid.png.tex) [287] [288])
(tex/components/21_expose_V_localp32_35_sections9_10_en.tex
(native_diagrams/exp5/exp5_localp032_theorem90_groupoid.png.tex) [289]
(native_diagrams/exp5/exp5_localp033_equivalence_relation.png.tex) [290]
(native_diagrams/exp5/exp5_localp033_algebra_limit_diagram.png.tex) [291]
[292] [293])
(tex/components/22_expose_V_section10_group_actions_through_theorem1041_en.tex
(native_diagrams/exp5/p286_theorem1012_factorization.png.tex)
(native_diagrams/exp5/p286_corollary1013_factorization.png.tex)
(native_diagrams/exp5/p286_section102_action_groupoid.png.tex) [294]
(native_diagrams/exp5/p287_definition1021_cartesian_square.png.tex) [295]
[296] (native_diagrams/exp5/p288_theorem1041_double_arrow.png.tex))
(tex/components/23_expose_V_theorem1041_proof_through_bibliography_en.tex
(native_diagrams/exp5/p289_theorem1041_first_cartesian.png.tex)
(native_diagrams/exp5/p289_theorem1041_fiber_square.png.tex)
(native_diagrams/exp5/p289_theorem1041_factorization.png.tex) [297]
(native_diagrams/exp5/p290_theorem1042_double_arrow.png.tex)
(native_diagrams/exp5/p290_theorem1042_monomorphism_chain.png.tex) [298]))
[299] (tex/components/35_expose_VI_complete.tex
(tex_reference_v2/components/00_expose_VIA_title_through_corollary_0_5_2_loop2_
r1_en.tex [300] [301] [302])
(tex_reference_v2/components/01_expose_VIA_section1_through_prop131_en.tex
[303] [304])
(tex_reference_v2/components/02_expose_VIA_examples132_through_cor241_en.tex
[305] [306] [307] [308] [309])
(tex_reference_v2/components/03_expose_VIA_section25_lemma251_prop252_en.tex
[310] [311] [312])
(tex_reference_v2/components/04_expose_VIA_lemma253_prop254_loop2_r1_en.tex
[313] [314])
(tex_reference_v2/components/05_expose_VIA_section26_through_prop264_en.tex
[315] [316] [317])
(tex_reference_v2/components/06_expose_VIA_theorem265_through_remark267_loop2_r
1_en.tex [318] [319] [320])
(tex_reference_v2/components/07_expose_VIA_section31_theorem32_statement_loop2_
r1_en.tex [321])
(tex_reference_v2/components/08_expose_VIA_section321_quasisection_descent_loop
2_r1_en.tex [322] [323])
(tex_reference_v2/components/09_expose_VIA_section322_induction_en.tex)
(tex_reference_v2/components/10_expose_VIA_section323_descent_loop2_r1_en.tex
[324])
(tex_reference_v2/components/11_expose_VIA_sections324_325_loop2_r1_en.tex
[325])
(tex_reference_v2/components/12_expose_VIA_section33_theorems_corollary_loop2_r
1_en.tex [326])
(tex_reference_v2/components/13_expose_VIA_section4_opening_par41_en.tex
[327])
(tex_reference_v2/components/14_expose_VIA_par42_saturation_identity_component_
en.tex)
(tex_reference_v2/components/15_expose_VIA_par43_identity_saturation_quotient_l
oop2_r1_en.tex [328])
(tex_reference_v2/components/16_expose_VIA_par44_arbitrary_component_descent_en
.tex [329])
(tex_reference_v2/components/17_expose_VIA_par45_46_base_change_en.tex [330])
(tex_reference_v2/components/18_expose_VIA_par47_flat_base_change_en.tex)
(tex_reference_v2/components/19_expose_VIA_section5_opening_par51_loop2_r1_en.t
ex [331])
(tex_reference_v2/components/20_expose_VIA_par52_group_structure_en.tex)
(tex_reference_v2/components/21_expose_VIA_par53_correspondences_en.tex
[332])
(tex_reference_v2/components/22_expose_VIA_par54_abelian_categories_loop2_r1_en
.tex [333] [334])
(tex_reference_v2/components/23_expose_VIA_par55_56_loop2_r1_en.tex [335]
[336])
(tex_reference_v2/components/24_expose_VIA_section6_through_prop64_loop2_r1_en.
tex

Package hyperref Warning: Token not allowed in a PDF string (Unicode):
(hyperref)                removing `math shift' on input line 13.

[337])
(tex_reference_v2/components/25_expose_VIA_theorem65_through_bibliography_loop2
_r1_en.tex [338] [339]
(<LOCAL_HOME>\AppData\Local\Programs\MiKTeX\tex/latex/lm\t1lmtt.fd) [340])
(tex_reference_v2/components/26_expose_VIB_title_through_lemma121_en.tex
[341] [342])
(tex_reference_v2/components/27_expose_VIB_counter122_prop13_en.tex [343]
[344]) (tex_reference_v2/components/28_expose_VIB_cor131_cor132_en.tex [345])
(tex_reference_v2/components/29_expose_VIB_prop14_cor142_en.tex [346] [347])
(tex_reference_v2/components/30_expose_VIB_counter143_through_cor161_en.tex
[348])
(tex_reference_v2/components/31_expose_VIB_section2_opening_loop2_r1_en.tex
[349] [350] [351] [352])
(tex_reference_v2/components/32_expose_VIB_prop25_through_lemma271_en.tex
[353] [354] [355])
(tex_reference_v2/components/33_expose_VIB_cor28_through_cor212_en.tex [356]
[357] [358])
(tex_reference_v2/components/34_expose_VIB_section3_through_cor36_loop2_r1_en.t
ex [359] [360]) (tex_reference_v2/components/35_expose_VIB_prop37_cor38_en.tex
[361] [362] [363])
(tex_reference_v2/components/36_expose_VIB_prop39_through_lemma3101_en.tex
[364])
(tex_reference_v2/components/37_expose_VIB_prop311_section4_prop41_en.tex
[365] [366]) (tex_reference_v2/components/38_expose_VIB_prop42_en.tex [367]
[368]) (tex_reference_v2/components/39_expose_VIB_cor43_cor44_en.tex [369])
(tex_reference_v2/components/40_expose_VIB_section5_through_rem541_loop2_r1_en.
tex [370] [371])
(tex_reference_v2/components/41_expose_VIB_cor55_through_lemma560_loop2_r1_en.t
ex [372] [373])
(tex_reference_v2/components/42_expose_VIB_lemma5610_loop2_r1_en.tex [374])
(tex_reference_v2/components/43_expose_VIB_lemma561_loop2_r1_en.tex [375]
[376] [377]) (tex_reference_v2/components/44_expose_VIB_lemma5620_en.tex
[378] [379]) (tex_reference_v2/components/45_expose_VIB_cor562_en.tex)
(tex_reference_v2/components/46_expose_VIB_lemma563_en.tex [380] [381])
(tex_reference_v2/components/47_expose_VIB_counter564_thm57_en.tex [382])
(tex_reference_v2/components/48_expose_VIB_cor571_through_cor582_en.tex
[383]) (tex_reference_v2/components/49_expose_VIB_example583_en.tex)
(tex_reference_v2/components/50_expose_VIB_example584_en.tex [384] [385])
(tex_reference_v2/components/51_expose_VIB_definition61_en.tex [386] [387])
(tex_reference_v2/components/52_expose_VIB_prop62_through_prop622_en.tex)
(tex_reference_v2/components/53_expose_VIB_theorem623_en.tex [388] [389])
(tex_reference_v2/components/54_expose_VIB_examples624_through_cor625_en.tex
[390] [391] [392]) (tex_reference_v2/components/55_expose_VIB_cor626_en.tex
[393]) (tex_reference_v2/components/56_expose_VIB_rem63_through_def65_en.tex
[394]) (tex_reference_v2/components/57_expose_VIB_prop651_en.tex [395])
(tex_reference_v2/components/58_expose_VIB_thm652_cor653_en.tex [396] [397])
(tex_reference_v2/components/59_expose_VIB_cor654_loop2_r1_en.tex [398])
(tex_reference_v2/components/60_expose_VIB_cor655_en.tex [399])
(tex_reference_v2/components/61_expose_VIB_def66_through_par69_en.tex [400])
(tex_reference_v2/components/62_expose_VIB_section7_prop71_en.tex [401]
[402]) (tex_reference_v2/components/63_expose_VIB_cor711_through_cor721_en.tex
[403] [404])
(tex_reference_v2/components/64_expose_VIB_def722_through_cor73_en.tex [405]
[406] [407]) (tex_reference_v2/components/65_expose_VIB_prop74_en.tex [408]
[409]) (tex_reference_v2/components/66_expose_VIB_lemma75_en.tex [410])
(tex_reference_v2/components/67_expose_VIB_rem760_prop76_en.tex [411])
(tex_reference_v2/components/68_expose_VIB_rem761_lemma77_en.tex [412] [413])
(tex_reference_v2/components/69_expose_VIB_prop78_en.tex [414] [415])
(tex_reference_v2/components/70_expose_VIB_prop79_cor710_en.tex [416])
(tex_reference_v2/components/71_expose_VIB_section8_lemma811_loop2_r1_en.tex)
(tex_reference_v2/components/72_expose_VIB_lemma812_loop2_r1_en.tex [417])
(tex_reference_v2/components/73_expose_VIB_prop82_def821_prop83_en.tex [418]
[419]) (tex_reference_v2/components/74_expose_VIB_prop84_en.tex [420] [421])
(tex_reference_v2/components/75_expose_VIB_section9_def91_prop92_loop2_r1_en.te
x [422] [423] [424])
(tex_reference_v2/components/76_expose_VIB_lemma921_rem93_loop2_r1_en.tex
[425])
(tex_reference_v2/components/77_expose_VIB_section10_through_lemma102_en.tex
[426])
(tex_reference_v2/components/78_expose_VIB_lemma103_through_lemma108_loop2_r1_e
n.tex [427] [428])
(tex_reference_v2/components/79_expose_VIB_lemma109_through_prop1011_en.tex
[429])
(tex_reference_v2/components/80_expose_VIB_cor10111_through_cor1013_r2_en.tex
[430] [431] [432])
(tex_reference_v2/components/81_expose_VIB_par1014_through_prop1016_en.tex
[433])
(tex_reference_v2/components/82_expose_VIB_section11_through_prop1131_loop2_r1_
en.tex [434] [435] [436])
(tex_reference_v2/components/83_expose_VIB_par114_through_rem117bis_loop2_r1_en
.tex [437] [438] [439] [440])
(tex_reference_v2/components/84_expose_VIB_def1180_through_cor1110_loop2_r1_en.
tex [441] [442] [443] [444] [445] [446] [447])
(tex_reference_v2/components/85_expose_VIB_prop1110bis_through_rem11111_loop2_r
1_en.tex [448] [449] [450] [451])
(tex_reference_v2/components/86_expose_VIB_lemma1112_through_thm1116_r3_en.tex
[452] [453] [454] [455] [456])
(tex_reference_v2/components/87_expose_VIB_lemma11170_through_cor11184_loop2_r1
_en.tex [457] [458] [459] [460] [461] [462] [463])
(tex_reference_v2/components/88_expose_VIB_rem11185_through_section12_end_loop2
_r1_en.tex [464] [465] [466] [467] [468] [469])
(tex_reference_v2/components/89_expose_VIB_section13_through_bibliography_loop2
_r1_en.tex [470] [471] [472] [473] [474] [475] [476] [477] [478]
Underfull \hbox (badness 1412) in paragraph at lines 801--805
[]\T1/lmr/m/n/10.95 M. Takeuchi, \T1/lmr/m/it/10.95 A cor-re-spon-dence be-twee
n Hopf ide-als and sub-Hopf al-ge-bras\T1/lmr/m/n/10.95 ,
)) [479] (vii/vii_complete_r5.tex
(vii/tex/components/00_expose_VIIA_title_through_par123_en.tex [480] [481]
[482] (native_diagrams/exp7/viia_00_04/diag_001_base_change_square.tex)
(native_diagrams/exp7/viia_00_04/diag_002_product_scheme_square.tex)
(native_diagrams/exp7/viia_00_04/diag_003_product_deviation_square.tex)
[483]) (vii/tex/components/01_expose_VIIA_par13_through_par15_en.tex [484]
[485] [486]
(native_diagrams/exp7/viia_00_04/diag_004_value_cartesian_square.tex)
(native_diagrams/exp7/viia_00_04/diag_005_infinitesimal_automorphism_sequence.t
ex))
(vii/tex/components/02_expose_VIIA_section2_invariant_differential_operators_en
.tex [487]
(native_diagrams/exp7/viia_00_04/diag_006_right_translation_associativity.tex)
[488]
(native_diagrams/exp7/viia_00_04/diag_007_invariance_implication_square.tex)
[489] (native_diagrams/exp7/viia_00_04/diag_008_delta_translation_square.tex)
(native_diagrams/exp7/viia_00_04/diag_009_invariant_operator_rectangle.tex)
(native_diagrams/exp7/viia_00_04/diag_010_D0_composition_sequence.tex)
(native_diagrams/exp7/viia_00_04/diag_011_origin_value_square.tex) [490]
(native_diagrams/exp7/viia_00_04/diag_012_eta_cartesian_square.tex)
(native_diagrams/exp7/viia_00_04/diag_013_invariant_factorization_sequence.tex)
[491] (native_diagrams/exp7/viia_00_04/diag_014_sigma_x_sequence.tex)
(native_diagrams/exp7/viia_00_04/diag_015_rho_translation_sequence.tex)
(native_diagrams/exp7/viia_00_04/diag_016_beta_automorphism_sequence.tex)
[492] (native_diagrams/exp7/viia_00_04/diag_017_lie_rho_square.tex)
(native_diagrams/exp7/viia_00_04/diag_018_composite_deviation_sequence.tex)
(native_diagrams/exp7/viia_00_04/diag_019_lie_algebra_square.tex))
(vii/tex/components/03_expose_VIIA_section3_coalgebras_cartier_en.tex
(native_diagrams/exp7/viia_00_04/diag_020_coassociativity_square.tex) [493]
(native_diagrams/exp7/viia_00_04/diag_021_augmentation_sequences.tex)
(native_diagrams/exp7/viia_00_04/diag_022_coalgebra_morphism_diagrams.tex)
(native_diagrams/exp7/viia_00_04/diag_023_product_comultiplication_sequence.tex
) (native_diagrams/exp7/viia_00_04/diag_024_dual_coalgebra_sequence.tex
[494]) (native_diagrams/exp7/viia_00_04/diag_025_spec_star_functor_sequence.tex
)
(native_diagrams/exp7/viia_00_04/diag_026_group_coalgebra_compatibility_iv_v.te
x) [495]
(native_diagrams/exp7/viia_00_04/diag_027_group_coalgebra_associativity_ii_star
.tex)
(native_diagrams/exp7/viia_00_04/diag_028_group_coalgebra_unit_sequences_iii_st
ar.tex)
(native_diagrams/exp7/viia_00_04/diag_029_group_coalgebra_antipode_sequence_vi.
tex)
(native_diagrams/exp7/viia_00_04/diag_030_group_coalgebra_unit_triangle_v_star.
tex) [496] [497]
(native_diagrams/exp7/viia_00_04/diag_031_condition_E_cartesian_square.tex)
[498]
(native_diagrams/exp7/viia_00_04/diag_032_commutative_group_coalgebra_triangle_
i_star.tex) [499])
(vii/tex/components/04_expose_VIIA_section4_frobeniuseries_40_through_412_en.te
x
(native_diagrams/exp7/viia_00_04/diag_033_absolute_frobenius_naturality_square.
tex) [500]
(native_diagrams/exp7/viia_00_04/diag_034_frobenius_basechange_square.tex)
(native_diagrams/exp7/viia_00_04/diag_035_absolute_frobenius_square.tex)
(native_diagrams/exp7/viia_00_04/diag_036_relative_frobenius_factorization.tex)
[501]
(native_diagrams/exp7/viia_00_04/diag_037_point_phi_relative_frobenius.tex)
(native_diagrams/exp7/viia_00_04/diag_038_pointwise_frobenius_square.tex)
(native_diagrams/exp7/viia_00_04/diag_039_basechange_rectangle.tex) [502]
(native_diagrams/exp7/viia_00_04/diag_040_dual_numbers_frobenius_factorization.
tex)) (vii/tex/components/05_expose_VIIA_par413_through_par414_en.tex
(native_diagrams/exp7/viia_05_14/diagram_041.tex)
(native_diagrams/exp7/viia_05_14/diagram_042.tex) [503]
(native_diagrams/exp7/viia_05_14/diagram_043.tex) [504])
(vii/tex/components/06_expose_VIIA_section42_symmetric_frobenius_en.tex
[505] (native_diagrams/exp7/viia_05_14/diagram_044.tex) [506]
(native_diagrams/exp7/viia_05_14/diagram_045.tex) [507])
(vii/tex/components/07_expose_VIIA_section43_verschiebung_en.tex
(native_diagrams/exp7/viia_05_14/diagram_046.tex) [508]
(native_diagrams/exp7/viia_05_14/diagram_047.tex)
(native_diagrams/exp7/viia_05_14/diagram_048.tex) [509]
(native_diagrams/exp7/viia_05_14/diagram_049.tex) [510])
(vii/tex/components/08_expose_VIIA_section5_restricted_p_lie_51_52_en.tex
[511] [512])
(vii/tex/components/09_expose_VIIA_section53_restricted_enveloping_en.tex
[513] [514] [515] [516] (native_diagrams/exp7/viia_05_14/diagram_050.tex)
(native_diagrams/exp7/viia_05_14/diagram_051.tex) [517])
(vii/tex/components/10_expose_VIIA_section54_55_coalgebra_group_en.tex [518]
[519] (native_diagrams/exp7/viia_05_14/diagram_052.tex) [520] [521]
(native_diagrams/exp7/viia_05_14/diagram_053.tex)
(native_diagrams/exp7/viia_05_14/diagram_054.tex)
(native_diagrams/exp7/viia_05_14/diagram_055.tex)
(native_diagrams/exp7/viia_05_14/diagram_056.tex) [522])
(vii/tex/components/11_expose_VIIA_section6_p_lie_group_scheme_en.tex
Underfull \hbox (badness 1132) in paragraph at lines 78--88
[]\OT1/lmr/m/n/10.95 (\OML/lmm/m/it/10.95 '=S\OT1/lmr/m/n/10.95 )(\OML/lmm/m/it
/10.95 S\OT1/lmr/m/n/10.95 )$ \T1/lmr/m/n/10.95 and $\OT1/lmr/m/n/10.95 U(\OML/
lmm/m/it/10.95 '\OT1/lmr/m/n/10.95 )$ \T1/lmr/m/n/10.95 are com-pat-i-ble with 
the iden-ti-fi-ca-tions of $[]\OT1/lmr/m/n/10.95 (\OML/lmm/m/it/10.95 G=S\OT1/l
mr/m/n/10.95 )(\OML/lmm/m/it/10.95 S\OT1/lmr/m/n/10.95 )$ \T1/lmr/m/n/10.95 and

[523] (native_diagrams/exp7/viia_05_14/diagram_057.tex)
(native_diagrams/exp7/viia_05_14/diagram_058.tex)
(native_diagrams/exp7/viia_05_14/diagram_059.tex) [524]
(native_diagrams/exp7/viia_05_14/diagram_060.tex)
(native_diagrams/exp7/viia_05_14/diagram_061.tex)
(native_diagrams/exp7/viia_05_14/diagram_062.tex) [525] [526] [527]
(native_diagrams/exp7/viia_05_14/diagram_063.tex))
(vii/tex/components/12_expose_VIIA_section7_radicial_height1_en.tex [528]
(native_diagrams/exp7/viia_05_14/diagram_064.tex)
(native_diagrams/exp7/viia_05_14/diagram_065.tex) [529]
(native_diagrams/exp7/viia_05_14/diagram_066.tex) [530]
(native_diagrams/exp7/viia_05_14/diagram_067.tex) [531]
(native_diagrams/exp7/viia_05_14/diagram_068.tex) [532]
(native_diagrams/exp7/viia_05_14/diagram_069.tex) [533] [534] [535]
(native_diagrams/exp7/viia_05_14/diagram_070.tex) [536])
(vii/tex/components/13_expose_VIIA_section8_base_field_81_83_en.tex [537]
(native_diagrams/exp7/viia_05_14/diagram_071.tex)
(native_diagrams/exp7/viia_05_14/diagram_072.tex)
(native_diagrams/exp7/viia_05_14/diagram_073.tex) [538]
(native_diagrams/exp7/viia_05_14/diagram_074.tex)
(native_diagrams/exp7/viia_05_14/diagram_075.tex) [539]
(native_diagrams/exp7/viia_05_14/diagram_076.tex))
(vii/tex/components/14_expose_VIIA_section84_85_bibliography_en.tex [540]
(native_diagrams/exp7/viia_05_14/diagram_077.tex) [541]
(native_diagrams/exp7/viia_05_14/diagram_078.tex) [542] [543] [544] [545])
(vii/tex/components/15_expose_VIIB_title_section01_pseudocompact_rings_en.tex
[546] [547] [548])
(vii/tex/components/16_expose_VIIB_section02_statements_en.tex [549])
(vii/tex/components/17_expose_VIIB_section02D_proof_en.tex
(native_diagrams/exp7/viib_15_95/diag_079.tex) [550]
(native_diagrams/exp7/viib_15_95/diag_080.tex)
(native_diagrams/exp7/viib_15_95/diag_081.tex) [551])
(vii/tex/components/18_expose_VIIB_sections021_022_duality_en.tex [552]
[553])
(vii/tex/components/19_expose_VIIB_sections03_034_completed_tensor_en.tex
[554] [555] [556] [557])
(vii/tex/components/20_expose_VIIB_sections035_038_tensor_projectives_en.tex
[558] [559] (native_diagrams/exp7/viib_15_95/diag_082.tex)
(native_diagrams/exp7/viib_15_95/diag_083.tex [560]))
(vii/tex/components/21_expose_VIIB_section04_profinite_algebras_en.tex [561]
[562] [563]) (vii/tex/components/22_expose_VIIB_section05_base_change_en.tex
[564]) (vii/tex/components/23_expose_VIIB_sections11_122_bicoalgebras_en.tex
[565] [566] (native_diagrams/exp7/viib_15_95/diag_084.tex) [567])
(vii/tex/components/24_expose_VIIB_section123_anticoalgebras_en.tex [568]
[569] [570] [571])
(vii/tex/components/25_expose_VIIB_sections124_126_tensor_coalgebra_en.tex
[572] [573] [574])
(vii/tex/components/26_expose_VIIB_sections13_134_topological_flatness_en.tex
[575] [576] [577] (native_diagrams/exp7/viib_15_95/diag_085.tex)
(native_diagrams/exp7/viib_15_95/diag_086.tex)
(native_diagrams/exp7/viib_15_95/diag_087.tex) [578]
(native_diagrams/exp7/viib_15_95/diag_088.tex))
(vii/tex/components/27_expose_VIIB_section135_topological_flatness_duality_en.t
ex [579])
(vii/tex/components/28_expose_VIIB_section136_filtered_flat_coalgebras_en.tex
[580] [581] [582] [583] (native_diagrams/exp7/viib_15_95/diag_089.tex) [584])
(vii/tex/components/29_expose_VIIB_section14_descent_exactness_en.tex [585]
(native_diagrams/exp7/viib_15_95/diag_090.tex)
(native_diagrams/exp7/viib_15_95/diag_091.tex)
(native_diagrams/exp7/viib_15_95/diag_092.tex) [586]
(native_diagrams/exp7/viib_15_95/diag_093.tex) [587])
(vii/tex/components/30_expose_VIIB_section15_flat_topology_en.tex [588]
(native_diagrams/exp7/viib_15_95/diag_094.tex))
(vii/tex/components/31_expose_VIIB_sections16_16C_formally_etale_en.tex
[589] [590] [591])
(vii/tex/components/32_expose_VIIB_section16D_residue_base_change_en.tex)
(vii/tex/components/33_expose_VIIB_section16E_etale_criteria_en.tex [592]
[593] [594])
(vii/tex/components/34_expose_VIIB_section16F_etale_reflection_en.tex
(native_diagrams/exp7/viib_15_95/diag_095.tex) [595])
(vii/tex/components/35_expose_VIIB_sections161_162_flat_etale_reflection_en.tex
(native_diagrams/exp7/viib_15_95/diag_096.tex) [596]
(native_diagrams/exp7/viib_15_95/diag_097.tex)
(native_diagrams/exp7/viib_15_95/diag_098.tex))
(vii/tex/components/36_expose_VIIB_section21_formal_group_cogroups_en.tex
(native_diagrams/exp7/viib_15_95/diag_099.tex) [597]
(native_diagrams/exp7/viib_15_95/diag_100.tex)
(native_diagrams/exp7/viib_15_95/diag_101.tex) [598])
(vii/tex/components/37_expose_VIIB_section22_bialgebras_en.tex

Package hyperref Warning: Token not allowed in a PDF string (Unicode):
(hyperref)                removing `math shift' on input line 14.


Package hyperref Warning: Token not allowed in a PDF string (Unicode):
(hyperref)                removing `subscript' on input line 14.

)
(vii/tex/components/38_expose_VIIB_section221_flat_bialgebra_equivalence_en.tex
[599] [600] [601])
(vii/tex/components/39_expose_VIIB_section23_covariant_algebra_en.tex [602])
(vii/tex/components/40_expose_VIIB_proposition231_covariant_algebra_morphisms_e
n.tex (native_diagrams/exp7/viib_15_95/diag_102.tex) [603]
(native_diagrams/exp7/viib_15_95/diag_103.tex)
(native_diagrams/exp7/viib_15_95/diag_104.tex) [604])
(vii/tex/components/41_expose_VIIB_section232_cartier_universal_property_en.tex
[605] [606] [607] (native_diagrams/exp7/viib_15_95/diag_105.tex))
(vii/tex/components/42_expose_VIIB_section24_formal_group_quotients_en.tex
[608] (native_diagrams/exp7/viib_15_95/diag_106.tex)
(native_diagrams/exp7/viib_15_95/diag_107.tex)
(native_diagrams/exp7/viib_15_95/diag_108.tex) [609])
(vii/tex/components/43_expose_VIIB_section24A_semidirect_products_en.tex
[610] (native_diagrams/exp7/viib_15_95/diag_109.tex) [611]
(native_diagrams/exp7/viib_15_95/diag_110.tex))
(vii/tex/components/44_expose_VIIB_section24B_covariant_semidirect_products_en.
tex (native_diagrams/exp7/viib_15_95/diag_111.tex) [612])
(vii/tex/components/45_expose_VIIB_proposition241_kernel_quotient_image_en.tex
(native_diagrams/exp7/viib_15_95/diag_112.tex) [613])
(vii/tex/components/46_expose_VIIB_section242_abelian_categories_en.tex)
(vii/tex/components/47_expose_VIIB_section25_etale_formal_groups_en.tex
[614] [615])
(vii/tex/components/48_expose_VIIB_section251_infinitesimal_identity_component_
en.tex (native_diagrams/exp7/viib_15_95/diag_113.tex)
(native_diagrams/exp7/viib_15_95/diag_114.tex) [616]
(native_diagrams/exp7/viib_15_95/diag_115.tex))
(vii/tex/components/49_expose_VIIB_section252_perfect_field_splitting_en.tex
[617] (native_diagrams/exp7/viib_15_95/diag_116.tex)
(native_diagrams/exp7/viib_15_95/diag_117.tex))
(vii/tex/components/50_expose_VIIB_section253_unipotent_multiplicative_type_en.
tex [618])
(vii/tex/components/51_expose_VIIB_section26_lie_algebra_opening_en.tex
[619] (native_diagrams/exp7/viib_15_95/diag_118.tex) [620] [621])
(vii/tex/components/52_expose_VIIB_section262_enveloping_formal_group_en.tex
[622]) (vii/tex/components/53_expose_VIIB_section263_universal_property_en.tex
[623] (native_diagrams/exp7/viib_15_95/diag_119.tex))
(vii/tex/components/54_expose_VIIB_section27_infinitesimal_formal_monoids_en.te
x [624] [625])
(vii/tex/components/55_expose_VIIB_section28_unipotent_group_schemes_en.tex
[626] [627])
(vii/tex/components/56_expose_VIIB_section29_pointed_cocommutative_hopf_algebra
s_en.tex [628] [629])
(vii/tex/components/57_expose_VIIB_section3_and_31_primitives_en.tex [630])
(vii/tex/components/58_expose_VIIB_section32_exponential_logarithm_en.tex
[631] [632])
(vii/tex/components/59_expose_VIIB_section321_campbell_hausdorff_en.tex
[633]) (vii/tex/components/60_expose_VIIB_section33_cartier_theorem_en.tex
[634] [635] [636])
(vii/tex/components/61_expose_VIIB_section331_smoothness_corollary_en.tex
[637])
(vii/tex/components/62_expose_VIIB_section332_lie_formal_group_equivalence_en.t
ex) (vii/tex/components/63_expose_VIIB_section333_gamma_lie_algebras_en.tex
[638] (native_diagrams/exp7/viib_15_95/diag_120.tex) [639])
(vii/tex/components/64_expose_VIIB_section4_and_41_relative_frobenius_en.tex
[640])
(vii/tex/components/65_expose_VIIB_section411_formal_completion_frobenius_en.te
x [641] (native_diagrams/exp7/viib_15_95/diag_121.tex))
(vii/tex/components/66_expose_VIIB_section412_frobenius_kernels_height_en.tex
[642])
(vii/tex/components/67_expose_VIIB_sections42_421_restricted_enveloping_group_e
n.tex)
(vii/tex/components/68_expose_VIIB_section422_restricted_universal_property_en.
tex [643] (native_diagrams/exp7/viib_15_95/diag_122.tex))
(vii/tex/components/69_expose_VIIB_section43_restricted_pbw_filtration_en.tex
[644]) (vii/tex/components/70_expose_VIIB_section431_group_like_elements_en.tex
[645])
(vii/tex/components/71_expose_VIIB_section432_no_functorial_campbell_hausdorff_
en.tex [646] (native_diagrams/exp7/viib_15_95/diag_123.tex) [647])
(vii/tex/components/72_expose_VIIB_sections44_441_height_one_groups_en.tex
[648])
(vii/tex/components/73_expose_VIIB_section442_finite_height_filtration_en.tex
[649] (native_diagrams/exp7/viib_15_95/diag_124.tex) [650])
(vii/tex/components/74_expose_VIIB_section5_and_50_homogeneous_spaces_hopf_en.t
ex [651] [652])
(vii/tex/components/75_expose_VIIB_section51_quotient_criterion_en.tex [653]
[654]) (vii/tex/components/76_expose_VIIB_section511_cogroups_of_pairs_en.tex
[655])
(vii/tex/components/77_expose_VIIB_section512_graded_profinite_algebras_lemma_e
n.tex [656])
(vii/tex/components/78_expose_VIIB_section512_filtration_lemma_proof_corollary_
en.tex [657] (native_diagrams/exp7/viib_15_95/diag_125.tex))
(vii/tex/components/79_expose_VIIB_section513_graded_cogroup_splitting_en.tex
[658] (native_diagrams/exp7/viib_15_95/diag_126.tex))
(vii/tex/components/80_expose_VIIB_section514_graded_generation_en.tex [659]
(native_diagrams/exp7/viib_15_95/diag_127.tex))
(vii/tex/components/81_expose_VIIB_section514_proposition51_completion_en.tex
[660] (native_diagrams/exp7/viib_15_95/diag_128.tex) [661]
(native_diagrams/exp7/viib_15_95/diag_129.tex) [662])
(vii/tex/components/81b_expose_VIIB_section515_filtered_groups_lemma_en.tex
[663]) (vii/tex/components/82_expose_VIIB_section52_height_theorem_en.tex
[664])
(vii/tex/components/83_expose_VIIB_section521_reduction_proposition_en.tex)
(vii/tex/components/84_expose_VIIB_section521A_pseudobasis_splittings_en.tex
[665] (native_diagrams/exp7/viib_15_95/diag_130.tex)
(native_diagrams/exp7/viib_15_95/diag_131.tex) [666])
(vii/tex/components/85_expose_VIIB_section521B_split_filtered_spaces_en.tex
[667])
(vii/tex/components/86_expose_VIIB_section521C_stationary_filtration_en.tex
[668]) (vii/tex/components/87_expose_VIIB_section522_height_one_case_en.tex)
(vii/tex/components/88_expose_VIIB_section523_finite_height_induction_en.tex
[669] (native_diagrams/exp7/viib_15_95/diag_132.tex)
(native_diagrams/exp7/viib_15_95/diag_133.tex) [670]
(native_diagrams/exp7/viib_15_95/diag_134.tex))
(vii/tex/components/89_expose_VIIB_section524_frobenius_twist_induction_en.tex
(native_diagrams/exp7/viib_15_95/diag_135.tex) [671])
(vii/tex/components/90_expose_VIIB_remark524A_finite_height_filtration_en.tex
[672])
(vii/tex/components/91_expose_VIIB_section525_infinite_height_limit_en.tex
[673])
(vii/tex/components/92_expose_VIIB_section526_infinite_completed_tensor_product
_en.tex [674])
(vii/tex/components/93_expose_VIIB_sections53_54_stationary_algebras_corollary_
en.tex [675]) (vii/tex/components/94_expose_VIIB_section55_complements_en.tex
[676] [677]) (vii/tex/components/95_expose_VIIB_bibliography_en.tex [678]
[679])) [680] (index_tomeI/tex/components/00_tomeI_index_entries_en.tex
[681] [682] [683]) [684] (tex/components/37_expose_VIII_complete.tex
(upstream_controls/exposeVIII_checkpoint_20260724_r1/source/tex/components/01_e
xpose_VIII_opening_through_corollary_1_3.tex [685] [686])
(upstream_controls/exposeVIII_checkpoint_20260724_r1/source/tex/components/02_e
xpose_VIII_corollary_1_4_through_remark_1_7_4.tex [687] [688] [689] [690])
(upstream_controls/exposeVIII_checkpoint_20260724_r1/source/tex/components/dele
gated_sections2_4/01_expose_VIII_s2_s4_pp007_013.tex [691] [692] [693] [694]
[695] [696])
(upstream_controls/exposeVIII_checkpoint_20260724_r1/source/tex/components/03_e
xpose_VIII_section4_continuation_p14.tex [697])
(upstream_controls/exposeVIII_checkpoint_20260724_r1/source/tex/components/dele
gated_sections5_6/05_expose_VIII_section5_en.tex [698] [699] [700])
(upstream_controls/exposeVIII_checkpoint_20260724_r1/source/tex/components/dele
gated_sections5_6/06_expose_VIII_section6_en.tex [701] [702] [703] [704]
[705] [706])
(upstream_controls/exposeVIII_checkpoint_20260724_r1/source/tex/components/05_e
xpose_VIII_section7_part1.tex [707] [708] [709])
(upstream_controls/exposeVIII_checkpoint_20260724_r1/source/tex/components/06_e
xpose_VIII_section7_part2_and_bibliography.tex [710] [711] [712])) [713]
(ix/components/01_expose_IX_opening_and_section_1.tex [714] [715])
(ix/components/02_expose_IX_sections_2_3.tex [716] [717] [718] [719] [720]
[721]) (ix/components/03_expose_IX_sections_4_5.tex [722] [723] [724] [725]
[726] [727] [728] [729] [730] [731] [732] [733] [734] [735])
(ix/components/04_expose_IX_sections_6_7.tex [736] [737] [738] [739] [740]
[741] [742] [743] [744])
(ix/components/05_expose_IX_section_8_and_bibliography.tex [745] [746])
[747] (x/components/01_expose_X_sections1_3.tex [748] [749]
(native_diagrams/exp10/001_normalization_gluing_chain.tex) [750]
(native_diagrams/exp10/002_descent_hom_exact_rows.tex)
(native_diagrams/exp10/003_diagonalizable_hom_square.tex) [751] [752] [753]
[754] [755] [756] [757]) (x/components/02_expose_X_sections4_6.tex
(native_diagrams/exp10/004_etale_cover_equivalence_triangle.tex

LaTeX Font Warning: Command \small invalid in math mode on input line 1.

) [758] [759] [760] [761] [762] [763] [764] [765] [766] [767] [768] [769]
[770] [771] [772]) (x/components/03_expose_X_sections7_9_bibliography.tex
[773] [774] [775] [776] [777] [778] [779] [780] [781] [782] [783] [784]
[785] [786]

Package hyperref Warning: Token not allowed in a PDF string (Unicode):
(hyperref)                removing `math shift' on input line 1046.


Package hyperref Warning: Token not allowed in a PDF string (Unicode):
(hyperref)                removing `\@@overline' on input line 1046.


Package hyperref Warning: Token not allowed in a PDF string (Unicode):
(hyperref)                removing `\pi' on input line 1046.


Package hyperref Warning: Token not allowed in a PDF string (Unicode):
(hyperref)                removing `superscript' on input line 1046.


Package hyperref Warning: Token not allowed in a PDF string (Unicode):
(hyperref)                removing `\leavevmode@ifvmode' on input line 1046.


Package hyperref Warning: Token not allowed in a PDF string (Unicode):
(hyperref)                \kern 1.82538pt
(hyperref)                removed on input line 1046.


Package hyperref Warning: Token not allowed in a PDF string (Unicode):
(hyperref)                removing `\xi' on input line 1046.


Package hyperref Warning: Token not allowed in a PDF string (Unicode):
(hyperref)                removing `math shift' on input line 1082.


Package hyperref Warning: Token not allowed in a PDF string (Unicode):
(hyperref)                removing `math shift' on input line 1082.


Package hyperref Warning: Token not allowed in a PDF string (Unicode):
(hyperref)                removing `subscript' on input line 1082.


Package hyperref Warning: Token not allowed in a PDF string (Unicode):
(hyperref)                removing `\bullet' on input line 1082.


Package hyperref Warning: Token not allowed in a PDF string (Unicode):
(hyperref)                removing `\to' on input line 1082.


Package hyperref Warning: Token not allowed in a PDF string (Unicode):
(hyperref)                removing `subscript' on input line 1082.


Package hyperref Warning: Token not allowed in a PDF string (Unicode):
(hyperref)                removing `\bullet' on input line 1082.

[787]) [788] (xi/components/01_expose_XI_opening_through_remark_1_5.tex
[789] [790] [791]) (xi/components/02_expose_XI_remark_1_6.tex [792])
(xi/components/03_expose_XI_remarks_1_7_1_8.tex [793])
(xi/components/04_expose_XI_proposition_1_9_through_corollary_1_11.tex [794])
(xi/components/05_expose_XI_section_2.tex [795] [796] [797])
(xi/components/06_expose_XI_section_3_opening_through_remark_3_6.tex [798]
[799] [800] [801])
(xi/components/07_expose_XI_proposition_3_7_through_corollary_3_11.tex [802]
[803] [804] [805] [806])
(xi/components/08_expose_XI_proposition_3_12_and_remark_3_13.tex [807] [808])
(xi/components/09_expose_XI_section_4.tex [809] [810] [811] [812] [813])
(xi/components/10_expose_XI_section_5.tex [814] [815] [816] [817])
(xi/components/11_expose_XI_section_6_through_end.tex [818] [819] [820]
[821] [822] [823]) [824] (xii/tex/components/00_expose_XII_sections1_3_en.tex
[825] [826] [827] [828] [829] [830] [831] [832] [833] [834] [835])
(xii/tex/components/01_expose_XII_sections4_6_en.tex [836] [837] [838] [839]
[840] [841] [842] [843] [844] [845] [846] [847] [848] [849] [850] [851])
(xii/tex/components/02_expose_XII_sections7_9_bibliography_en.tex [852]
[853] [854] [855] [856] [857] [858] [859] [860] [861] [862] [863] [864]
[865] [866] [867] [868] [869] [870] [871] [872]) [873]
(xiii/components/01_expose_XIII_opening.tex [874])
(xiii/components/02_expose_XIII_section1_remainder_and_section2.tex [875]
[876]

Package hyperref Warning: Token not allowed in a PDF string (Unicode):
(hyperref)                removing `math shift' on input line 124.

[877] [878] [879] [880] [881] [882] [883] [884] [885] [886])
(xiii/components/03_expose_XIII_sections3_4.tex [887] [888] [889] [890]
[891] [892] [893] [894]) (xiii/components/04_expose_XIII_sections5_6.tex
[895] [896] [897] [898] [899] [900] [901]) [902]
(xiv/tex/SGA3_Expose_XIV_body.tex
(xiv/tex/components/00_expose_XIV_section1_opening_en.tex [903] [904])
(xiv/tex/components/01_expose_XIV_lemma21_proof_through_definition25_en.tex
[905]) (xiv/tex/components/02_expose_XIV_proposition26_corollary27_en.tex
[906]) (xiv/tex/components/03_expose_XIV_corollary28_and_nilpotent_rank_en.tex)
(xiv/tex/components/04_expose_XIV_proposition29_through_corollary211_en.tex
[907]) (xiv/tex/components/05_expose_XIV_remark212_lemma213_en.tex [908])
(xiv/tex/components/06_expose_XIV_corollary214_remark215_en.tex [909])
(xiv/tex/components/07_expose_XIV_cartans_functor_theorem216_statement_en.tex
[910])
(xiv/tex/components/08_expose_XIV_theorem216_proof_corollary217_remark218_en.te
x [911] [912]) (xiv/tex/components/09_expose_XIV_theorem31_en.tex [913])
(xiv/tex/components/10_expose_XIV_corollary32_lemma33_en.tex [914])
(xiv/tex/components/11_expose_XIV_corollary34_through_definition38_en.tex)
(xiv/tex/components/12_expose_XIV_theorem39_through_corollary311_en.tex
[915])
(xiv/tex/components/13_expose_XIV_proposition312_through_corollary315_en.tex
[916]) (xiv/tex/components/14_expose_XIV_corollary316_remarks317_en.tex
[917]) (xiv/tex/components/15_expose_XIV_theorem318_corollary319_en.tex
[918]) (xiv/tex/components/16_expose_XIV_corollary320_remarks321_en.tex
[919])
(xiv/tex/components/17_expose_XIV_section4_definition41_through_definition45_en
.tex [920])
(xiv/tex/components/18_expose_XIV_remarks46_through_remarks481_en.tex [921])
(xiv/tex/components/19_expose_XIV_proposition49_corollary410_en.tex [922]
[923]) (xiv/tex/components/20_expose_XIV_theorem411_corollary412_en.tex
[924])
(xiv/tex/components/21_expose_XIV_section5_theorem51_through_lemma53_en.tex
[925] [926])
(xiv/tex/components/22_expose_XIV_corollary54_through_corollary56_en.tex
[927]) (xiv/tex/components/23_expose_XIV_section6_theorem61_en.tex [928])
(xiv/tex/components/24_expose_XIV_corollary62_lemma63_en.tex [929])
(xiv/tex/components/25_expose_XIV_corollary64_through_corollary610_en.tex
[930]) (xiv/tex/components/26_expose_XIV_remarks611_en.tex [931])
(xiv/tex/components/27_expose_XIV_appendix_opening_lemma1_en.tex [932])
(xiv/tex/components/28_expose_XIV_appendix_lemmas2_4_theorem_end_en.tex
[933])
(xiv/tex/components/29_expose_XIV_appendix_lemma3_proof_through_case2_en.tex
[934]) (xiv/tex/components/30_expose_XIV_appendix_lemma3_case3_end_en.tex
[935]
Underfull \hbox (badness 1484) in paragraph at lines 96--102
[]\T1/lmr/m/n/10.95 Choose a to-tal or-der on $\OML/lmm/m/it/10.95 S$ \T1/lmr/m
/n/10.95 for which ev-ery $\OML/lmm/m/it/10.95  $\T1/lmr/m/n/10.95 -orbit is a 
seg-ment, and write
)) [936] (xv/tex/components/00_expose_XV_title_and_introduction.tex)
(xv/tex/components/01_expose_XV_section1_opening.tex [937] [938])
(xv/tex/components/02_expose_XV_section1_remainder_and_section2.tex [939]
[940] [941] [942] [943] [944] [945] [946] [947] [948] [949])
(xv/tex/components/03_expose_XV_section3.tex [950] [951] [952] [953] [954]
[955] [956] [957] [958] [959] [960] [961])
(xv/tex/components/04_expose_XV_section4.tex

Package hyperref Warning: Token not allowed in a PDF string (Unicode):
(hyperref)                removing `math shift' on input line 6.


Package hyperref Warning: Token not allowed in a PDF string (Unicode):
(hyperref)                removing `math shift' on input line 6.


Package hyperref Warning: Token not allowed in a PDF string (Unicode):
(hyperref)                removing `subscript' on input line 6.

[962] [963] [964] [965] [966]) (xv/tex/components/05_expose_XV_section5.tex
[967] [968] [969] [970] [971]) (xv/tex/components/06_expose_XV_section6.tex
[972] [973] [974] [975] [976] [977] [978] [979] [980] [981] [982])
(xv/tex/components/07_expose_XV_section7.tex [983] [984] [985] [986] [987])
(xv/tex/components/08_expose_XV_section8_through_theorem8_9.tex [988] [989]
[990] [991] [992])
(xv/tex/components/09_expose_XV_section8_remainder_and_end.tex [993] [994]
[995] [996] [997] [998]) [999]
(xvi/tex/components/01_expose_XVI_section1_immersion_criterion.tex [1000]
[1001] [1002] [1003] [1004] [1005] [1006] [1007])
(xvi/tex/components/02_expose_XVI_section2_quotient_representability.tex
[1008] (native_diagrams/exp16/001_theorem_2_2_factorization_triangle.tex)
[1009] (native_diagrams/exp16/002_corollary_2_3_factorization_triangle.tex)
[1010]) (xvi/tex/components/03_expose_XVI_section3_flat_center.tex [1011]
(native_diagrams/exp16/003_proposition_3_1_factorization_triangle.tex) [1012]
[1013] [1014] [1015])
(xvi/tex/components/04_expose_XVI_section4_affine_fibers.tex [1016] [1017])
(xvi/tex/components/05_expose_XVI_section5_reductive_semisimple.tex [1018])
(xvi/tex/components/06_expose_XVI_section6_rigidity.tex [1019] [1020] [1021])
[1022] (xvii/tex/SGA3_Expose_XVII_body.tex
(xvii/tex/components/00_expose_XVII_title_and_section0.tex [1023])
(xvii/tex/components/01_expose_XVII_section1_opening.tex)
(xvii/tex/components/02_expose_XVII_section1_remainder_and_section2_opening.tex
[1024] [1025])
(xvii/tex/components/03_expose_XVII_section2_continued_page005.tex [1026])
(xvii/tex/components/04_expose_XVII_cartier_duality_and_section3_opening_page00
6.tex [1027])
(xvii/tex/components/05_expose_XVII_proposition3_2_proof_and_lemma3_3_page007.t
ex [1028])
(xvii/tex/components/06_expose_XVII_corollary3_4_theorem3_5_definition3_6_page0
08.tex [1029])
(xvii/tex/components/07_expose_XVII_corollaries3_7_3_8_and_lemma3_9_page009.tex
[1030] [1031]) (xvii/tex/components/08_expose_XVII_lemma3_9_proof_page010.tex)
(xvii/tex/components/09_expose_XVII_lemma3_9_iii_and_3_9_ter_page011.tex
[1032])
(xvii/tex/components/10_expose_XVII_proposition3_10_through_section4_opening_pa
ge012.tex [1033])
(xvii/tex/components/11_expose_XVII_proposition4_1_1_and_lemma4_1_2_page013.tex
[1034])
(xvii/tex/components/12_expose_XVII_corollary4_1_3_through_lemma4_1_5_page014.t
ex [1035]) (xvii/tex/components/13_expose_XVII_lemma4_1_5_proof_page015.tex
[1036])
(xvii/tex/components/14_expose_XVII_lemma4_1_5_completion_pages015_016.tex)
(xvii/tex/components/15_expose_XVII_subsection4_2_through_height1_case_pages016
_017.tex [1037] [1038])
(xvii/tex/components/16_expose_XVII_proposition4_2_1_general_case_page017.tex)
(xvii/tex/components/17_expose_XVII_proposition4_3_1_and_lemma4_3_2_pages017_01
8.tex

Package hyperref Warning: Token not allowed in a PDF string (Unicode):
(hyperref)                removing `math shift' on input line 4.

[1039]) (xvii/tex/components/18_expose_XVII_proposition4_3_1_proof_page018.tex
[1040])
(xvii/tex/components/19_expose_XVII_proposition4_3_1_completion_through_section
4_5_opening_page019.tex [1041])
(xvii/tex/components/20_expose_XVII_section4_5_proof_through_theorem5_1_1_pages
019_021.tex [1042] [1043])
(xvii/tex/components/21_expose_XVII_subsection5_2_through_lemma5_2_4_pages022_0
23.tex [1044] [1045])
(xvii/tex/components/22_expose_XVII_corollary5_2_4_bis_through_proposition5_3_1
_opening_page024.tex [1046])
(xvii/tex/components/23_expose_XVII_proposition5_3_1_completion_and_proposition
5_4_1_opening_page025.tex [1047])
(xvii/tex/components/24_expose_XVII_proposition5_4_1_completion_through_proposi
tion5_6_1_statement_pages026_028.tex [1048] [1049] [1050])
(xvii/tex/components/25_expose_XVII_proposition5_6_1_proof_and_section5_7_pages
028_031.tex [1051] [1052] [1053] [1054])
(xvii/tex/components/26_expose_XVII_section5_8_pages031_032.tex [1055] [1056])
(xvii/tex/components/27_expose_XVII_section5_9_counterexamples_pages032_034.tex
[1057] [1058])
(xvii/tex/components/28_expose_XVII_section6_1_and_proofs_A_B_pages035_037.tex
[1059] [1060] [1061])
(xvii/tex/components/29_expose_XVII_proof_C_and_section6_4_examples_page038.tex
[1062]

Package hyperref Warning: Token not allowed in a PDF string (Unicode):
(hyperref)                removing `math shift' on input line 11.


Package hyperref Warning: Token not allowed in a PDF string (Unicode):
(hyperref)                removing `math shift' on input line 11.

[1063])
(xvii/tex/components/30_expose_XVII_section6_4_completion_and_proposition7_1_1_
page039.tex [1064])
(xvii/tex/components/31_expose_XVII_proposition7_1_1_completion_and_theorem7_2_
1_page040.tex [1065])
(xvii/tex/components/32_expose_XVII_theorem7_2_1_completion_through_lemma7_3_2_
page041.tex [1066])
(xvii/tex/components/33_expose_XVII_lemma7_3_2_completion_and_appendixA_opening
_page042.tex [1067])
(xvii/tex/components/34_expose_XVII_appendixA_1_completion_and_A_2_page043.tex
[1068])
(xvii/tex/components/35_expose_XVII_appendixA_sections2_3_and_appendixB_opening
_page044.tex [1069])
(xvii/tex/components/36_expose_XVII_appendixB_pages045_046_and_appendixC_openin
g.tex [1070] [1071])
(xvii/tex/components/37_expose_XVII_appendixC_sections2_through5_and_end_pages0
47_049.tex [1072] [1073] [1074])) [1075] (xviii/tex/SGA3_Expose_XVIII_body.tex
(xviii/tex/components/01_expose_XVIII_introduction_and_section1.tex [1076]
[1077]) (xviii/tex/components/02_expose_XVIII_section2.tex
(native_diagrams/exp18/001_proposition_2_3_compatibility_square.tex) [1078]
[1079] [1080]) (xviii/tex/components/03_expose_XVIII_section3.tex [1081]
[1082] [1083] [1084] [1085] [1086] [1087] [1088] [1089] [1090]
(native_diagrams/exp18/002_cartesian_relation_square.tex) [1091] [1092]
[1093] [1094])) [1095] (guide/tex/SGA3_Tome_III_Mathematical_Guide_body.tex
(guide/tex/components/01_tomeIII_contents_english.tex [1096] [1097] [1098]))
[1099] (xix/tex/SGA3_Expose_XIX_body.tex
(xix/tex/components/00_expose_XIX_title_intro_and_section1_opening_page001.tex)
(xix/tex/components/01_expose_XIX_section1_1_through_1_3_page002.tex [1100])
(xix/tex/components/02_expose_XIX_corollary1_3_3_through_section1_5_page003.tex
[1101])
(xix/tex/components/03_expose_XIX_definition1_6_1_through_section1_7_page004.te
x [1102])
(xix/tex/components/04_expose_XIX_sections1_8_through_1_10_pages005_006.tex
[1103]) (xix/tex/components/05_expose_XIX_lemma1_11_opening_page006.tex
[1104])
(xix/tex/components/06_expose_XIX_lemma1_11_completion_and_proposition1_12_page
s007_008.tex [1105] [1106])
(xix/tex/components/07_expose_XIX_section2_scholium2_1_and_2_2_pages008_009.tex
) (xix/tex/components/08_expose_XIX_lemma2_3_and_remark2_4_page009.tex [1107])
(xix/tex/components/09_expose_XIX_notations2_5_0_and_theorem2_5_page010.tex
[1108]) (xix/tex/components/10_expose_XIX_theorem2_5_proof_pages010_012.tex
[1109])
(xix/tex/components/11_expose_XIX_corollary2_6_through_remark2_9_page012.tex
[1110]) (xix/tex/components/12_expose_XIX_section3_1_through_3_4_page013.tex
[1111])
(xix/tex/components/13_expose_XIX_lemma3_5_through_root_functor_page014.tex
[1112])
(xix/tex/components/14_expose_XIX_proposition3_8_through_3_10_page015.tex)
(xix/tex/components/15_expose_XIX_section4_1_and_lemma4_2_pages015_016.tex
[1113])
(xix/tex/components/16_expose_XIX_notations4_3_through_scholium4_4_2_page016.te
x [1114])
(xix/tex/components/17_expose_XIX_paragraph4_5_through_corollary4_9_page017.tex
[1115])
(xix/tex/components/18_expose_XIX_reminder4_10_through_proposition4_12_statemen
t_page018.tex [1116])
(xix/tex/components/19_expose_XIX_proposition4_12_part_c_and_proof_page019.tex
[1117])
(xix/tex/components/20_expose_XIX_section5_1_through_lemma5_3_page020.tex
[1118])
(xix/tex/components/21_expose_XIX_lemma5_3_completion_through_lemma5_7_page021.
tex [1119])
(xix/tex/components/22_expose_XIX_lemma5_7_proof_through_paragraph5_11_page022.
tex [1120])
(xix/tex/components/23_expose_XIX_paragraph5_11_completion_through_proposition6
_1_opening_page023.tex [1121])
(xix/tex/components/24_expose_XIX_proposition6_1_proof_through_proposition6_3_o
pening_page024.tex [1122])
(xix/tex/components/25_expose_XIX_proposition6_3_completion_and_bibliography_pa
ge025.tex [1123])) [1124] (xx/tex/SGA3_Expose_XX_body.tex
(xx/tex/components/00_expose_XX_recollection11_through_14_en.tex

Package hyperref Warning: Token not allowed in a PDF string (Unicode):
(hyperref)                removing `math shift' on input line 9.


Package hyperref Warning: Token not allowed in a PDF string (Unicode):
(hyperref)                removing `subscript' on input line 9.


Package hyperref Warning: Token not allowed in a PDF string (Unicode):
(hyperref)                removing `\alpha' on input line 9.


Package hyperref Warning: Token not allowed in a PDF string (Unicode):
(hyperref)                removing `math shift' on input line 9.


Package hyperref Warning: Token not allowed in a PDF string (Unicode):
(hyperref)                removing `subscript' on input line 9.


Package hyperref Warning: Token not allowed in a PDF string (Unicode):
(hyperref)                removing `\alpha' on input line 9.

[1125] [1126]) (xx/tex/components/01_expose_XX_theorem15_through_lemma18_en.tex
 [1127] [1128]) (xx/tex/components/02_expose_XX_proof17_through_proof110_en.tex
 [1129] [1130]) (xx/tex/components/03_expose_XX_par112_through_cor121_en.tex
[1131] [1132]) (xx/tex/components/04_expose_XX_theorem21_prop22_partA_en.tex
[1133] [1134] [1135])
(xx/tex/components/05_expose_XX_prop22_partsBC_lemma23_en.tex [1136] [1137])
(xx/tex/components/06_expose_XX_prop22_partsD_through_G_en.tex [1138] [1139]
[1140]) (xx/tex/components/07_expose_XX_cor24_through_lemma213_en.tex [1141]
[1142])
(xx/tex/components/08_expose_XX_lemma214_through_theorem31_statement_en.tex
[1143] [1144])
(xx/tex/components/09_expose_XX_theorem31_proof_through_remark34_en.tex
[1145] [1146]) (xx/tex/components/10_expose_XX_par35_through_cor38_en.tex
[1147] [1148] [1149])
(xx/tex/components/11_expose_XX_remark39_through_prop311_en.tex
Underfull \hbox (badness 1466) in paragraph at lines 51--54
\T1/lmr/m/it/10.95 be the con-tra-gre-di-ent iso-mor-phism. Sup-pose that, for 
ev-ery $\OML/lmm/m/it/10.95 S[] \OMS/lmsy/m/n/10.95 ! \OML/lmm/m/it/10.95 S$ \T
1/lmr/m/it/10.95 and ev-ery
[1150] [1151]) (xx/tex/components/12_expose_XX_prop312_through_cor44_en.tex
[1152] [1153])
(xx/tex/components/13_expose_XX_section5_par51_through_par56_en.tex [1154]
[1155] [1156]) (xx/tex/components/14_expose_XX_par57_through_theorem511_en.tex
[1157] [1158]) (xx/tex/components/15_expose_XX_section6_through_lemma621_en.tex
[1159] [1160]) (xx/tex/components/16_expose_XX_lemma622_through_end_en.tex
[1161])) [1162] (xxi/tex/SGA3_Expose_XXI_body.tex
(xxi/tex/components/00_expose_XXI_opening_through_scholium1113_en.tex [1163]
[1164])
(xxi/tex/components/01_expose_XXI_section12_through_application212_en.tex
[1165] [1166] [1167])
(xxi/tex/components/02_expose_XXI_definition213_through_definition223_en.tex
[1168]) (xxi/tex/components/03_expose_XXI_remark224_through_lemma311_en.tex
[1169] [1170] [1171])
(xxi/tex/components/04_expose_XXI_proposition312_through_remark319_en.tex
[1172] [1173])
(xxi/tex/components/05_expose_XXI_corollary3110_through_definition325_en.tex
[1174])
(xxi/tex/components/06_expose_XXI_proposition326_through_lemma3210_en.tex
[1175]) (xxi/tex/components/07_expose_XXI_lemma3211_through_lemma3216_en.tex
[1176]) (xxi/tex/components/08_expose_XXI_lemma331_through_corollary339_en.tex
[1177])
(xxi/tex/components/09_expose_XXI_proof336_through_definition33101_en.tex
[1178]) (xxi/tex/components/10_expose_XXI_scholium3311_through_remark345_en.tex
[1179] [1180])
(xxi/tex/components/11_expose_XXI_definition346_through_lemma349_en.tex
[1181])
(xxi/tex/components/12_expose_XXI_lemma3410_through_proposition354_en.tex
[1182])
(xxi/tex/components/13_expose_XXI_proposition355_through_lemma361_en.tex
[1183] [1184])
(xxi/tex/components/14_expose_XXI_definition362_through_definition368_en.tex
[1185])
(xxi/tex/components/15_expose_XXI_proposition369_through_remark3614_en.tex
[1186]) (xxi/tex/components/16_expose_XXI_section4_rank_two_tables_en.tex

Package hyperref Warning: Token not allowed in a PDF string (Unicode):
(hyperref)                removing `math shift' on input line 1.

[1187]) (xxi/tex/components/17_expose_XXI_proposition41_through_lemma42_en.tex
[1188])
(xxi/tex/components/18_expose_XXI_corollary43_through_lemma52_statement_en.tex
[1189] [1190]) (xxi/tex/components/19_expose_XXI_lemma52_proof_partA_en.tex
[1191])
(xxi/tex/components/20_expose_XXI_lemma52_partB_through_theorem56_statement_en.
tex [1192]) (xxi/tex/components/21_expose_XXI_theorem56_proof_en.tex [1193])
(xxi/tex/components/22_expose_XXI_section61_morphisms_en.tex [1194])
(xxi/tex/components/23_expose_XXI_section62_isogenies_en.tex [1195])
(xxi/tex/components/24_expose_XXI_section63_radical_coradical_en.tex [1196]
[1197]) (xxi/tex/components/25_expose_XXI_section64_products_en.tex [1198])
(xxi/tex/components/26_expose_XXI_section65_induced_through_lemma654_en.tex
[1199]) (xxi/tex/components/27_expose_XXI_section65_special_cases_en.tex
[1200] [1201]) (xxi/tex/components/28_expose_XXI_section66_weights_partA_en.tex
[1202])
(xxi/tex/components/29_expose_XXI_section66_partB_through_lemma671_en.tex
[1203] [1204])
(xxi/tex/components/30_expose_XXI_proposition672_through_lemma677_en.tex
[1205]) (xxi/tex/components/31_expose_XXI_remark678_through_example686_en.tex

Package hyperref Warning: Token not allowed in a PDF string (Unicode):
(hyperref)                removing `math shift' on input line 9.

[1206])
(xxi/tex/components/32_expose_XXI_proposition687_through_proposition711_en.tex
[1207])
(xxi/tex/components/33_expose_XXI_proposition713_through_lemma723_en.tex
[1208] [1209])
(xxi/tex/components/34_expose_XXI_remark724_through_remark729_en.tex [1210])
(xxi/tex/components/35_expose_XXI_section73_cartan_matrix_en.tex [1211])
(xxi/tex/components/36_expose_XXI_section74_dynkin_diagrams_en.tex [1212]
(xxi/tex/figures/xxi_p44_dynkin_classification_native.tex) [1213])
(xxi/tex/components/37_expose_XXI_section75_p_morphisms_and_bibliography_en.tex

Package hyperref Warning: Token not allowed in a PDF string (Unicode):
(hyperref)                removing `math shift' on input line 1.

[1214])) [1215] (xxii/tex/SGA3_Expose_XXII_body.tex
(xxii/tex/components/01_expose_XXII_title_section1.tex [1216]
(native_diagrams/exp22/diag_001_root_transport_square.tex) [1217] [1218]
[1219] [1220] [1221] [1222] [1223]
(native_diagrams/exp22/diag_002_weyl_commutative_triangle.tex)
(native_diagrams/exp22/diag_003_Nw_fiber_square.tex) [1224] [1225] [1226]
[1227] [1228] [1229] (native_diagrams/exp22/diag_004_split_morphism_grid.tex)
(native_diagrams/exp22/diag_005_weyl_isomorphism_square.tex) [1230] [1231]
[1232] [1233] [1234] [1235] [1236] [1237] [1238] [1239] [1240] [1241] [1242]
[1243] [1244] [1245] [1246] [1247] [1248] [1249] [1250] [1251] [1252]
(native_diagrams/exp22/diag_006_prop561_implication_scheme.tex) [1253] [1254]
[1255] [1256] [1257] [1258] [1259] [1260] [1261] [1262] [1263] [1264] [1265]
[1266] [1267] [1268] (native_diagrams/exp22/diag_007_opposite_borel_square.tex)
[1269] [1270] [1271] [1272] [1273] [1274] [1275] [1276] [1277] [1278] [1279]
[1280] [1281] [1282] [1283] [1284]
(native_diagrams/exp22/diag_008_coradical_triangle.tex) [1285] [1286] [1287]
[1288])) [1289] (xxiii/tex/SGA3_Expose_XXIII_body.tex
(xxiii/tex/components/00_expose_XXIII_title_and_definition11.tex)
(xxiii/tex/components/01_expose_XXIII_par12_and_definition13.tex [1290])
(xxiii/tex/components/02_expose_XXIII_par14_through_scholium16.tex [1291])
(xxiii/tex/components/03_expose_XXIII_par17_through_remark193.tex

Package hyperref Warning: Token not allowed in a PDF string (Unicode):
(hyperref)                removing `math shift' on input line 1.


Package hyperref Warning: Token not allowed in a PDF string (Unicode):
(hyperref)                removing `subscript' on input line 1.


Package hyperref Warning: Token not allowed in a PDF string (Unicode):
(hyperref)                removing `\Delta' on input line 1.


Package hyperref Warning: Token not allowed in a PDF string (Unicode):
(hyperref)                removing `subscript' on input line 1.


Package hyperref Warning: Token not allowed in a PDF string (Unicode):
(hyperref)                removing `math shift' on input line 63.


Package hyperref Warning: Token not allowed in a PDF string (Unicode):
(hyperref)                removing `\new@ifnextchar' on input line 63.


Package hyperref Warning: Token not allowed in a PDF string (Unicode):
(hyperref)                removing `subscript' on input line 63.

[1292] [1293]

Package hyperref Warning: Token not allowed in a PDF string (Unicode):
(hyperref)                removing `math shift' on input line 173.

) (xxiii/tex/components/04_expose_XXIII_theorem21_through_corollary24.tex
[1294] [1295] [1296] [1297] [1298] [1299])
(xxiii/tex/components/05_expose_XXIII_cor25_through_par313.tex [1300] [1301]

Package hyperref Warning: Token not allowed in a PDF string (Unicode):
(hyperref)                removing `math shift' on input line 158.

[1302] [1303]) (xxiii/tex/components/06_expose_XXIII_type_A2_and_B2.tex

Package hyperref Warning: Token not allowed in a PDF string (Unicode):
(hyperref)                removing `math shift' on input line 1.


Package hyperref Warning: Token not allowed in a PDF string (Unicode):
(hyperref)                removing `subscript' on input line 1.

[1304] [1305]

Package hyperref Warning: Token not allowed in a PDF string (Unicode):
(hyperref)                removing `math shift' on input line 209.


Package hyperref Warning: Token not allowed in a PDF string (Unicode):
(hyperref)                removing `subscript' on input line 209.

[1306] [1307]) (xxiii/tex/components/07_expose_XXIII_type_G2.tex

Package hyperref Warning: Token not allowed in a PDF string (Unicode):
(hyperref)                removing `math shift' on input line 1.


Package hyperref Warning: Token not allowed in a PDF string (Unicode):
(hyperref)                removing `subscript' on input line 1.

[1308] [1309] [1310] [1311])
(xxiii/tex/components/08_expose_XXIII_generators_relations_explicit.tex
[1312]) (xxiii/tex/components/09_expose_XXIII_fundamental_theorem.tex [1313]
[1314] [1315] [1316]) (xxiii/tex/components/10_expose_XXIII_corollaries.tex
[1317] [1318] [1319])
(xxiii/tex/components/11_expose_XXIII_chevalley_systems_and_bibliography.tex
[1320] [1321] [1322] [1323])) [1324] (xxiv/tex/SGA3_Expose_XXIV_body.tex
(xxiv/tex/components/01_expose_XXIV_title_intro.tex [1325] [1326])
(xxiv/tex/components/02_expose_XXIV_theorem13_lemma15_uniqueness.tex [1327]
[1328])
(xxiv/tex/components/03_expose_XXIV_lemma15_existence_corollaries16_18.tex
[1329]) (xxiv/tex/components/04_expose_XXIV_corollaries19_110_remark111.tex
[1330]) (xxiv/tex/components/05_expose_XXIV_corollaries112_115.tex [1331])
(xxiv/tex/components/06_expose_XXIV_corollary115_through_proposition28_en.tex
[1332] [1333] [1334] [1335] [1336])
(xxiv/tex/components/07_expose_XXIV_section2_conclusion_and_section3_through_39
_en.tex [1337] [1338] [1339] [1340])
(xxiv/tex/components/08_expose_XXIV_39_proof_through_corollary312_en.tex
[1341] (native_diagrams/exp24/001_split_autext_exact_sequence.tex)
(<LOCAL_HOME>\AppData\Local\Programs\MiKTeX\tex/latex/lm\ot1lmss.fd)
(native_diagrams/exp24/002_rev_qep_redext_triangle.tex) [1342] [1343] [1344])
(xxiv/tex/components/09_expose_XXIV_proposition313_through_remark3168_en.tex
[1345] [1346] [1347])
(xxiv/tex/components/10_expose_XXIV_section4_through_theorem441_setup_en.tex
[1348] [1349] [1350] [1351] (native_diagrams/exp24/003_inverse_image_grid.tex)
[1352] (native_diagrams/exp24/004_rev_base_triangle.tex))
(xxiv/tex/components/11_expose_XXIV_lemma444_through_section54_en.tex [1353]
[1354])
(xxiv/tex/components/12_expose_XXIV_proposition55_through_remark631_en.tex
[1355] (native_diagrams/exp24/012_isomorphism_dynkin_comparison.tex) [1356]
(native_diagrams/exp24/013_automorphism_exact_columns.tex) [1357] [1358]
[1359])
(xxiv/tex/components/13_expose_XXIV_remark631_continuation_through_bibliography
_en.tex [1360]
(native_diagrams/exp24/005_borel_automorphism_exact_sequences.tex) [1361]
[1362] [1363] (native_diagrams/exp24/006_equivalence_relation_pair.tex)
(native_diagrams/exp24/007_kernel_pair.tex) [1364] [1365]
(native_diagrams/exp24/008_pushout_square.tex)
(native_diagrams/exp24/009_hom_cartesian_square.tex) [1366] [1367] [1368]
(native_diagrams/exp24/010_group_lie_cohomology_rows.tex) [1369] [1370]
[1371] [1372] [1373] [1374] [1375]
(native_diagrams/exp24/011_weil_restriction_torsor_functors.tex) [1376]
[1377])) [1378] (xxv/tex/SGA3_Expose_XXV_body.tex
(xxv/tex/components/00_title_introduction_and_section1.tex [1379])
(xxv/tex/components/01_section2_1_through_2_5.tex [1380] [1381])
(xxv/tex/components/02_section2_6_through_2_9.tex [1382] [1383] [1384])
(xxv/tex/components/03_section2_10_and_section3.tex [1385] [1386])
(xxv/tex/components/04_section4_and_bibliography.tex [1387] [1388])) [1389]
(xxvi/tex/SGA3_Expose_XXVI_body.tex
(xxvi/tex/components/00_title_introduction_and_section1.tex [1390] [1391]
[1392] [1393] [1394]) (xxvi/tex/components/01_section2.tex [1395] [1396]
[1397] [1398]) (xxvi/tex/components/02_section3.tex [1399] [1400] [1401]
[1402] [1403] [1404] [1405])
(xxvi/tex/components/03_section4_1_through_4_2_4.tex [1406] [1407] [1408]
[1409]) (xxvi/tex/components/04_section4_2_5_through_4_2_7.tex [1410] [1411]
[1412]) (xxvi/tex/components/05_section4_3.tex [1413] [1414] [1415])
(xxvi/tex/components/06_section4_4.tex [1416] [1417])
(xxvi/tex/components/07_section4_5.tex [1418] [1419] [1420])
(xxvi/tex/components/08_section5_1.tex [1421] [1422] [1423])
(xxvi/tex/components/09_section5_2_through_5_5.tex [1424] [1425] [1426])
(xxvi/tex/components/10_section5_6_through_5_11.tex [1427] [1428])
(xxvi/tex/components/11_section6_1_through_6_8.tex [1429] [1430] [1431])
(xxvi/tex/components/12_section6_9_through_6_18.tex [1432] [1433] [1434])
(xxvi/tex/components/13_section7_opening_through_7_4.tex [1435] [1436] [1437]
[1438]) (xxvi/tex/components/14_section7_5_through_7_9.tex [1439] [1440])
(xxvi/tex/components/15_section7_10_and_7_11.tex [1441])
(xxvi/tex/components/16_section7_12_through_bibliography.tex [1442] [1443]
[1444] [1445])) [1446] (index/tex/SGA3_TomeIII_Index_body.tex
(index/tex/components/00_tomeIII_index_entries.tex [1447] [1448])) [1449]
(SGA3_English_Complete_Reader_Native_Update_R18_20260729.aux)

LaTeX Font Warning: Some font shapes were not available, defaults substituted.

 )
(see the transcript file for additional information)
Output written on SGA3_English_Complete_Reader_Native_Update_R18_20260729.xdv (
1460 pages, 10447248 bytes).
Transcript written on SGA3_English_Complete_Reader_Native_Update_R18_20260729.l
og.
Latexmk: Getting log file 'SGA3_English_Complete_Reader_Native_Update_R18_20260729.log'
Latexmk: Examining 'SGA3_English_Complete_Reader_Native_Update_R18_20260729.fls'
Latexmk: Examining 'SGA3_English_Complete_Reader_Native_Update_R18_20260729.log'
Latexmk: Log file says output to 'SGA3_English_Complete_Reader_Native_Update_R18_20260729.xdv'
Latexmk: applying rule 'xelatex'...
Rule 'xelatex':  Reasons for rerun
Changed files or newly in use/created:
  SGA3_English_Complete_Reader_Native_Update_R18_20260729.aux

------------
Run number 3 of rule 'xelatex'
------------
------------
Running 'xelatex -no-pdf -interaction=nonstopmode -halt-on-error -file-line-error -recorder  "SGA3_English_Complete_Reader_Native_Update_R18_20260729.tex"'
------------
This is XeTeX, Version 3.141592653-2.6-0.999998 (MiKTeX 26.5) (preloaded format=xelatex.fmt)
 restricted \write18 enabled.
entering extended mode
(SGA3_English_Complete_Reader_Native_Update_R18_20260729.tex
LaTeX2e <2025-11-01>
L3 programming layer <2026-03-20>
(<LOCAL_HOME>\AppData\Local\Programs\MiKTeX\tex/latex/base\book.cls
Document Class: book 2025/01/22 v1.4n Standard LaTeX document class
(<LOCAL_HOME>\AppData\Local\Programs\MiKTeX\tex/latex/base\bk11.clo))
(<LOCAL_HOME>\AppData\Local\Programs\MiKTeX\tex/latex/base\fontenc.sty
(<LOCAL_HOME>\AppData\Local\Programs\MiKTeX\tex/latex/lm\t1lmr.fd))
(<LOCAL_HOME>\AppData\Local\Programs\MiKTeX\tex/latex/lm\lmodern.sty)
(<LOCAL_HOME>\AppData\Local\Programs\MiKTeX\tex/latex/base\inputenc.sty

Package inputenc Warning: inputenc package ignored with utf8 based engines.

) (<LOCAL_HOME>\AppData\Local\Programs\MiKTeX\tex/generic/babel\babel.sty
(<LOCAL_HOME>\AppData\Local\Programs\MiKTeX\tex/generic/babel\xebabel.def)
*************************************
* Local config file bblopts.cfg used
*
(<LOCAL_HOME>\AppData\Local\Programs\MiKTeX\tex/latex/arabi\bblopts.cfg)
(<LOCAL_HOME>\AppData\Local\Programs\MiKTeX\tex/generic/babel/locale/en\babe
l-english.tex)
(<LOCAL_HOME>\AppData\Local\Programs\MiKTeX\tex/latex/babel-english\english.
ldf))
(<LOCAL_HOME>\AppData\Local\Programs\MiKTeX\tex/latex/geometry\geometry.sty
(<LOCAL_HOME>\AppData\Local\Programs\MiKTeX\tex/latex/graphics\keyval.sty)
(<LOCAL_HOME>\AppData\Local\Programs\MiKTeX\tex/generic/iftex\ifvtex.sty
(<LOCAL_HOME>\AppData\Local\Programs\MiKTeX\tex/generic/iftex\iftex.sty))
(<LOCAL_HOME>\AppData\Local\Programs\MiKTeX\tex/latex/geometry\geometry.cfg)
) (<LOCAL_HOME>\AppData\Local\Programs\MiKTeX\tex/latex/amsmath\amsmath.sty
For additional information on amsmath, use the `?' option.
(<LOCAL_HOME>\AppData\Local\Programs\MiKTeX\tex/latex/amsmath\amstext.sty
(<LOCAL_HOME>\AppData\Local\Programs\MiKTeX\tex/latex/amsmath\amsgen.sty))
(<LOCAL_HOME>\AppData\Local\Programs\MiKTeX\tex/latex/amsmath\amsbsy.sty)
(<LOCAL_HOME>\AppData\Local\Programs\MiKTeX\tex/latex/amsmath\amsopn.sty))
(<LOCAL_HOME>\AppData\Local\Programs\MiKTeX\tex/latex/amsfonts\amssymb.sty
(<LOCAL_HOME>\AppData\Local\Programs\MiKTeX\tex/latex/amsfonts\amsfonts.sty)
) (<LOCAL_HOME>\AppData\Local\Programs\MiKTeX\tex/latex/amscls\amsthm.sty)
(<LOCAL_HOME>\AppData\Local\Programs\MiKTeX\tex/latex/jknappen\mathrsfs.sty)

(<LOCAL_HOME>\AppData\Local\Programs\MiKTeX\tex/latex/mathtools\mathtools.st
y (<LOCAL_HOME>\AppData\Local\Programs\MiKTeX\tex/latex/tools\calc.sty)
(<LOCAL_HOME>\AppData\Local\Programs\MiKTeX\tex/latex/mathtools\mhsetup.sty)
)
(<LOCAL_HOME>\AppData\Local\Programs\MiKTeX\tex/latex/stmaryrd\stmaryrd.sty)
 (<LOCAL_HOME>\AppData\Local\Programs\MiKTeX\tex/latex/tikz-cd\tikz-cd.sty
(<LOCAL_HOME>\AppData\Local\Programs\MiKTeX\tex/latex/pgf/frontendlayer\tikz
.sty
(<LOCAL_HOME>\AppData\Local\Programs\MiKTeX\tex/latex/pgf/basiclayer\pgf.sty

(<LOCAL_HOME>\AppData\Local\Programs\MiKTeX\tex/latex/pgf/utilities\pgfrcs.s
ty
(<LOCAL_HOME>\AppData\Local\Programs\MiKTeX\tex/generic/pgf/utilities\pgfuti
l-common.tex)
(<LOCAL_HOME>\AppData\Local\Programs\MiKTeX\tex/generic/pgf/utilities\pgfuti
l-latex.def)
(<LOCAL_HOME>\AppData\Local\Programs\MiKTeX\tex/generic/pgf/utilities\pgfrcs
.code.tex
(<LOCAL_HOME>\AppData\Local\Programs\MiKTeX\tex/generic/pgf\pgf.revision.tex
)))
(<LOCAL_HOME>\AppData\Local\Programs\MiKTeX\tex/latex/pgf/basiclayer\pgfcore
.sty
(<LOCAL_HOME>\AppData\Local\Programs\MiKTeX\tex/latex/graphics\graphicx.sty
(<LOCAL_HOME>\AppData\Local\Programs\MiKTeX\tex/latex/graphics\graphics.sty
(<LOCAL_HOME>\AppData\Local\Programs\MiKTeX\tex/latex/graphics\trig.sty)
(<LOCAL_HOME>\AppData\Local\Programs\MiKTeX\tex/latex/graphics-cfg\graphics.
cfg)
(<LOCAL_HOME>\AppData\Local\Programs\MiKTeX\tex/latex/graphics-def\xetex.def
)))
(<LOCAL_HOME>\AppData\Local\Programs\MiKTeX\tex/latex/pgf/systemlayer\pgfsys
.sty
(<LOCAL_HOME>\AppData\Local\Programs\MiKTeX\tex/generic/pgf/systemlayer\pgfs
ys.code.tex
(<LOCAL_HOME>\AppData\Local\Programs\MiKTeX\tex/generic/pgf/utilities\pgfkey
s.code.tex
(<LOCAL_HOME>\AppData\Local\Programs\MiKTeX\tex/generic/pgf/utilities\pgfkey
slibraryfiltered.code.tex))
(<LOCAL_HOME>\AppData\Local\Programs\MiKTeX\tex/generic/pgf/systemlayer\pgf.
cfg)
(<LOCAL_HOME>\AppData\Local\Programs\MiKTeX\tex/generic/pgf/systemlayer\pgfs
ys-xetex.def
(<LOCAL_HOME>\AppData\Local\Programs\MiKTeX\tex/generic/pgf/systemlayer\pgfs
ys-dvipdfmx.def
(<LOCAL_HOME>\AppData\Local\Programs\MiKTeX\tex/generic/pgf/systemlayer\pgfs
ys-common-pdf.def))))
(<LOCAL_HOME>\AppData\Local\Programs\MiKTeX\tex/generic/pgf/systemlayer\pgfs
yssoftpath.code.tex)
(<LOCAL_HOME>\AppData\Local\Programs\MiKTeX\tex/generic/pgf/systemlayer\pgfs
ysprotocol.code.tex))
(<LOCAL_HOME>\AppData\Local\Programs\MiKTeX\tex/latex/xcolor\xcolor.sty
(<LOCAL_HOME>\AppData\Local\Programs\MiKTeX\tex/latex/graphics-cfg\color.cfg
)
(<LOCAL_HOME>\AppData\Local\Programs\MiKTeX\tex/latex/graphics\mathcolor.ltx
))
(<LOCAL_HOME>\AppData\Local\Programs\MiKTeX\tex/generic/pgf/basiclayer\pgfco
re.code.tex
(<LOCAL_HOME>\AppData\Local\Programs\MiKTeX\tex/generic/pgf/math\pgfmath.cod
e.tex
(<LOCAL_HOME>\AppData\Local\Programs\MiKTeX\tex/generic/pgf/math\pgfmathutil
.code.tex)
(<LOCAL_HOME>\AppData\Local\Programs\MiKTeX\tex/generic/pgf/math\pgfmathpars
er.code.tex)
(<LOCAL_HOME>\AppData\Local\Programs\MiKTeX\tex/generic/pgf/math\pgfmathfunc
tions.code.tex)
(<LOCAL_HOME>\AppData\Local\Programs\MiKTeX\tex/generic/pgf/math\pgfmathfunc
tions.basic.code.tex)
(<LOCAL_HOME>\AppData\Local\Programs\MiKTeX\tex/generic/pgf/math\pgfmathfunc
tions.trigonometric.code.tex)
(<LOCAL_HOME>\AppData\Local\Programs\MiKTeX\tex/generic/pgf/math\pgfmathfunc
tions.random.code.tex)
(<LOCAL_HOME>\AppData\Local\Programs\MiKTeX\tex/generic/pgf/math\pgfmathfunc
tions.comparison.code.tex)
(<LOCAL_HOME>\AppData\Local\Programs\MiKTeX\tex/generic/pgf/math\pgfmathfunc
tions.base.code.tex)
(<LOCAL_HOME>\AppData\Local\Programs\MiKTeX\tex/generic/pgf/math\pgfmathfunc
tions.round.code.tex)
(<LOCAL_HOME>\AppData\Local\Programs\MiKTeX\tex/generic/pgf/math\pgfmathfunc
tions.misc.code.tex)
(<LOCAL_HOME>\AppData\Local\Programs\MiKTeX\tex/generic/pgf/math\pgfmathfunc
tions.integerarithmetics.code.tex)
(<LOCAL_HOME>\AppData\Local\Programs\MiKTeX\tex/generic/pgf/math\pgfmathcalc
.code.tex)
(<LOCAL_HOME>\AppData\Local\Programs\MiKTeX\tex/generic/pgf/math\pgfmathfloa
t.code.tex))
(<LOCAL_HOME>\AppData\Local\Programs\MiKTeX\tex/generic/pgf/math\pgfint.code
.tex)
(<LOCAL_HOME>\AppData\Local\Programs\MiKTeX\tex/generic/pgf/basiclayer\pgfco
repoints.code.tex)
(<LOCAL_HOME>\AppData\Local\Programs\MiKTeX\tex/generic/pgf/basiclayer\pgfco
repathconstruct.code.tex)
(<LOCAL_HOME>\AppData\Local\Programs\MiKTeX\tex/generic/pgf/basiclayer\pgfco
repathusage.code.tex)
(<LOCAL_HOME>\AppData\Local\Programs\MiKTeX\tex/generic/pgf/basiclayer\pgfco
rescopes.code.tex)
(<LOCAL_HOME>\AppData\Local\Programs\MiKTeX\tex/generic/pgf/basiclayer\pgfco
regraphicstate.code.tex)
(<LOCAL_HOME>\AppData\Local\Programs\MiKTeX\tex/generic/pgf/basiclayer\pgfco
retransformations.code.tex)
(<LOCAL_HOME>\AppData\Local\Programs\MiKTeX\tex/generic/pgf/basiclayer\pgfco
requick.code.tex)
(<LOCAL_HOME>\AppData\Local\Programs\MiKTeX\tex/generic/pgf/basiclayer\pgfco
reobjects.code.tex)
(<LOCAL_HOME>\AppData\Local\Programs\MiKTeX\tex/generic/pgf/basiclayer\pgfco
repathprocessing.code.tex)
(<LOCAL_HOME>\AppData\Local\Programs\MiKTeX\tex/generic/pgf/basiclayer\pgfco
rearrows.code.tex)
(<LOCAL_HOME>\AppData\Local\Programs\MiKTeX\tex/generic/pgf/basiclayer\pgfco
reshade.code.tex)
(<LOCAL_HOME>\AppData\Local\Programs\MiKTeX\tex/generic/pgf/basiclayer\pgfco
reimage.code.tex)
(<LOCAL_HOME>\AppData\Local\Programs\MiKTeX\tex/generic/pgf/basiclayer\pgfco
reexternal.code.tex)
(<LOCAL_HOME>\AppData\Local\Programs\MiKTeX\tex/generic/pgf/basiclayer\pgfco
relayers.code.tex)
(<LOCAL_HOME>\AppData\Local\Programs\MiKTeX\tex/generic/pgf/basiclayer\pgfco
retransparency.code.tex)
(<LOCAL_HOME>\AppData\Local\Programs\MiKTeX\tex/generic/pgf/basiclayer\pgfco
repatterns.code.tex)
(<LOCAL_HOME>\AppData\Local\Programs\MiKTeX\tex/generic/pgf/basiclayer\pgfco
rerdf.code.tex)))
(<LOCAL_HOME>\AppData\Local\Programs\MiKTeX\tex/generic/pgf/modules\pgfmodul
eshapes.code.tex)
(<LOCAL_HOME>\AppData\Local\Programs\MiKTeX\tex/generic/pgf/modules\pgfmodul
eplot.code.tex)
(<LOCAL_HOME>\AppData\Local\Programs\MiKTeX\tex/latex/pgf/compatibility\pgfc
omp-version-0-65.sty)
(<LOCAL_HOME>\AppData\Local\Programs\MiKTeX\tex/latex/pgf/compatibility\pgfc
omp-version-1-18.sty))
(<LOCAL_HOME>\AppData\Local\Programs\MiKTeX\tex/latex/pgf/utilities\pgffor.s
ty
(<LOCAL_HOME>\AppData\Local\Programs\MiKTeX\tex/latex/pgf/utilities\pgfkeys.
sty
(<LOCAL_HOME>\AppData\Local\Programs\MiKTeX\tex/generic/pgf/utilities\pgfkey
s.code.tex))
(<LOCAL_HOME>\AppData\Local\Programs\MiKTeX\tex/latex/pgf/math\pgfmath.sty
(<LOCAL_HOME>\AppData\Local\Programs\MiKTeX\tex/generic/pgf/math\pgfmath.cod
e.tex))
(<LOCAL_HOME>\AppData\Local\Programs\MiKTeX\tex/generic/pgf/utilities\pgffor
.code.tex))
(<LOCAL_HOME>\AppData\Local\Programs\MiKTeX\tex/generic/pgf/frontendlayer/ti
kz\tikz.code.tex
(<LOCAL_HOME>\AppData\Local\Programs\MiKTeX\tex/generic/pgf/libraries\pgflib
raryplothandlers.code.tex)
(<LOCAL_HOME>\AppData\Local\Programs\MiKTeX\tex/generic/pgf/modules\pgfmodul
ematrix.code.tex)
(<LOCAL_HOME>\AppData\Local\Programs\MiKTeX\tex/generic/pgf/frontendlayer/ti
kz/libraries\tikzlibrarytopaths.code.tex)))
(<LOCAL_HOME>\AppData\Local\Programs\MiKTeX\tex/latex/tikz-cd\tikzlibrarycd.
code.tex
(<LOCAL_HOME>\AppData\Local\Programs\MiKTeX\tex/generic/pgf/frontendlayer/ti
kz/libraries\tikzlibrarymatrix.code.tex)
(<LOCAL_HOME>\AppData\Local\Programs\MiKTeX\tex/generic/pgf/frontendlayer/ti
kz/libraries\tikzlibraryquotes.code.tex)
(<LOCAL_HOME>\AppData\Local\Programs\MiKTeX\tex/generic/pgf/libraries\pgflib
raryarrows.meta.code.tex)))
(<LOCAL_HOME>\AppData\Local\Programs\MiKTeX\tex/generic/pgf/frontendlayer/ti
kz/libraries\tikzlibrarycalc.code.tex)
(<LOCAL_HOME>\AppData\Local\Programs\MiKTeX\tex/generic/pgf/frontendlayer/ti
kz/libraries\tikzlibrarydecorations.pathmorphing.code.tex
(<LOCAL_HOME>\AppData\Local\Programs\MiKTeX\tex/generic/pgf/frontendlayer/ti
kz/libraries\tikzlibrarydecorations.code.tex
(<LOCAL_HOME>\AppData\Local\Programs\MiKTeX\tex/generic/pgf/modules\pgfmodul
edecorations.code.tex))
(<LOCAL_HOME>\AppData\Local\Programs\MiKTeX\tex/generic/pgf/libraries/decora
tions\pgflibrarydecorations.pathmorphing.code.tex))
(<LOCAL_HOME>\AppData\Local\Programs\MiKTeX\tex/generic/pgf/frontendlayer/ti
kz/libraries\tikzlibrarypositioning.code.tex)
(<LOCAL_HOME>\AppData\Local\Programs\MiKTeX\tex/latex/float\float.sty)
(<LOCAL_HOME>\AppData\Local\Programs\MiKTeX\tex/latex/enumitem\enumitem.sty)
 (<LOCAL_HOME>\AppData\Local\Programs\MiKTeX\tex/latex/tools\multicol.sty)
(<LOCAL_HOME>\AppData\Local\Programs\MiKTeX\tex/latex/etoolbox\etoolbox.sty)
 (<LOCAL_HOME>\AppData\Local\Programs\MiKTeX\tex/latex/hyperref\hyperref.sty

(<LOCAL_HOME>\AppData\Local\Programs\MiKTeX\tex/latex/kvsetkeys\kvsetkeys.st
y)
(<LOCAL_HOME>\AppData\Local\Programs\MiKTeX\tex/generic/kvdefinekeys\kvdefin
ekeys.sty)
(<LOCAL_HOME>\AppData\Local\Programs\MiKTeX\tex/generic/pdfescape\pdfescape.
sty
(<LOCAL_HOME>\AppData\Local\Programs\MiKTeX\tex/generic/ltxcmds\ltxcmds.sty)

(<LOCAL_HOME>\AppData\Local\Programs\MiKTeX\tex/generic/pdftexcmds\pdftexcmd
s.sty
(<LOCAL_HOME>\AppData\Local\Programs\MiKTeX\tex/generic/infwarerr\infwarerr.
sty)))
(<LOCAL_HOME>\AppData\Local\Programs\MiKTeX\tex/latex/hycolor\hycolor.sty)
(<LOCAL_HOME>\AppData\Local\Programs\MiKTeX\tex/latex/hyperref\nameref.sty
(<LOCAL_HOME>\AppData\Local\Programs\MiKTeX\tex/latex/refcount\refcount.sty)

(<LOCAL_HOME>\AppData\Local\Programs\MiKTeX\tex/generic/gettitlestring\getti
tlestring.sty
(<LOCAL_HOME>\AppData\Local\Programs\MiKTeX\tex/latex/kvoptions\kvoptions.st
y)))
(<LOCAL_HOME>\AppData\Local\Programs\MiKTeX\tex/generic/stringenc\stringenc.
sty)
(<LOCAL_HOME>\AppData\Local\Programs\MiKTeX\tex/latex/hyperref\pd1enc.def)
(<LOCAL_HOME>\AppData\Local\Programs\MiKTeX\tex/generic/intcalc\intcalc.sty)
(<LOCAL_HOME>\AppData\Local\Programs\MiKTeX\tex/latex/hyperref\puenc.def)
(<LOCAL_HOME>\AppData\Local\Programs\MiKTeX\tex/latex/url\url.sty)
(<LOCAL_HOME>\AppData\Local\Programs\MiKTeX\tex/generic/bitset\bitset.sty
(<LOCAL_HOME>\AppData\Local\Programs\MiKTeX\tex/generic/bigintcalc\bigintcal
c.sty)))
(<LOCAL_HOME>\AppData\Local\Programs\MiKTeX\tex/latex/hyperref\hxetex.def
(<LOCAL_HOME>\AppData\Local\Programs\MiKTeX\tex/latex/rerunfilecheck\rerunfi
lecheck.sty
(<LOCAL_HOME>\AppData\Local\Programs\MiKTeX\tex/generic/uniquecounter\unique
counter.sty))) (tex/sga3_loop1_macros.tex)
(<LOCAL_HOME>\AppData\Local\Programs\MiKTeX\tex/latex/l3backend\l3backend-xe
tex.def) (SGA3_English_Complete_Reader_Native_Update_R18_20260729.aux)
*geometry* driver: auto-detecting
*geometry* detected driver: xetex
(SGA3_English_Complete_Reader_Native_Update_R18_20260729.out)
(SGA3_English_Complete_Reader_Native_Update_R18_20260729.out)
(<LOCAL_HOME>\AppData\Local\Programs\MiKTeX\tex/latex/lm\ot1lmr.fd)
(<LOCAL_HOME>\AppData\Local\Programs\MiKTeX\tex/latex/lm\omllmm.fd)
(<LOCAL_HOME>\AppData\Local\Programs\MiKTeX\tex/latex/lm\omslmsy.fd)
(<LOCAL_HOME>\AppData\Local\Programs\MiKTeX\tex/latex/lm\omxlmex.fd)
(<LOCAL_HOME>\AppData\Local\Programs\MiKTeX\tex/latex/amsfonts\umsa.fd)
(<LOCAL_HOME>\AppData\Local\Programs\MiKTeX\tex/latex/amsfonts\umsb.fd)
(<LOCAL_HOME>\AppData\Local\Programs\MiKTeX\tex/latex/jknappen\ursfs.fd)
(<LOCAL_HOME>\AppData\Local\Programs\MiKTeX\tex/latex/stmaryrd\ustmry.fd)
[1] (SGA3_English_Complete_Reader_Native_Update_R18_20260729.toc [1] [2]
[3] [4] [5]
Overfull \hbox (4.92744pt too wide) detected at line 410
 [][]\T1/lmr/m/n/10.95 1000[]

Overfull \hbox (4.92744pt too wide) detected at line 411
 [][]\T1/lmr/m/n/10.95 1000[]

Overfull \hbox (4.92744pt too wide) detected at line 412
 [][]\T1/lmr/m/n/10.95 1002[]

Overfull \hbox (4.92744pt too wide) detected at line 413
 [][]\T1/lmr/m/n/10.95 1008[]

Overfull \hbox (4.92744pt too wide) detected at line 414
 [][]\T1/lmr/m/n/10.95 1009[]

Overfull \hbox (4.92744pt too wide) detected at line 415
 [][]\T1/lmr/m/n/10.95 1012[]

Overfull \hbox (4.92744pt too wide) detected at line 416
 [][]\T1/lmr/m/n/10.95 1014[]

Overfull \hbox (4.92744pt too wide) detected at line 417
 [][]\T1/lmr/m/n/10.95 1016[]

Overfull \hbox (4.92744pt too wide) detected at line 418
 [][]\T1/lmr/m/n/10.95 1016[]

Overfull \hbox (4.92744pt too wide) detected at line 419
 [][]\T1/lmr/m/n/10.95 1018[]

Overfull \hbox (4.92744pt too wide) detected at line 420
 [][]\T1/lmr/m/n/10.95 1020[]

Overfull \hbox (4.92744pt too wide) detected at line 422
 [][]\T1/lmr/m/n/10.95 1023[]

Overfull \hbox (4.92744pt too wide) detected at line 423
 [][]\T1/lmr/m/n/10.95 1024[]

Overfull \hbox (4.92744pt too wide) detected at line 424
 [][]\T1/lmr/m/n/10.95 1025[]

Overfull \hbox (4.92744pt too wide) detected at line 425
 [][]\T1/lmr/m/n/10.95 1028[]

Overfull \hbox (4.92744pt too wide) detected at line 426
 [][]\T1/lmr/m/n/10.95 1034[]

Overfull \hbox (4.92744pt too wide) detected at line 427
 [][]\T1/lmr/m/n/10.95 1035[]

Overfull \hbox (4.92744pt too wide) detected at line 428
 [][]\T1/lmr/m/n/10.95 1038[]
[6]
Overfull \hbox (4.92744pt too wide) detected at line 429
 [][]\T1/lmr/m/n/10.95 1039[]

Overfull \hbox (4.92744pt too wide) detected at line 430
 [][]\T1/lmr/m/n/10.95 1042[]

Overfull \hbox (4.92744pt too wide) detected at line 431
 [][]\T1/lmr/m/n/10.95 1042[]

Overfull \hbox (4.92744pt too wide) detected at line 432
 [][]\T1/lmr/m/n/10.95 1042[]

Overfull \hbox (4.92744pt too wide) detected at line 433
 [][]\T1/lmr/m/n/10.95 1043[]

Overfull \hbox (4.92744pt too wide) detected at line 434
 [][]\T1/lmr/m/n/10.95 1043[]

Overfull \hbox (4.92744pt too wide) detected at line 435
 [][]\T1/lmr/m/n/10.95 1044[]

Overfull \hbox (4.92744pt too wide) detected at line 436
 [][]\T1/lmr/m/n/10.95 1047[]

Overfull \hbox (4.92744pt too wide) detected at line 437
 [][]\T1/lmr/m/n/10.95 1048[]

Overfull \hbox (4.92744pt too wide) detected at line 438
 [][]\T1/lmr/m/n/10.95 1049[]

Overfull \hbox (4.92744pt too wide) detected at line 439
 [][]\T1/lmr/m/n/10.95 1052[]

Overfull \hbox (4.92744pt too wide) detected at line 440
 [][]\T1/lmr/m/n/10.95 1055[]

Overfull \hbox (4.92744pt too wide) detected at line 441
 [][]\T1/lmr/m/n/10.95 1057[]

Overfull \hbox (4.92744pt too wide) detected at line 442
 [][]\T1/lmr/m/n/10.95 1060[]

Overfull \hbox (4.92744pt too wide) detected at line 443
 [][]\T1/lmr/m/n/10.95 1060[]

Overfull \hbox (4.92744pt too wide) detected at line 444
 [][]\T1/lmr/m/n/10.95 1060[]

Overfull \hbox (4.92744pt too wide) detected at line 445
 [][]\T1/lmr/m/n/10.95 1062[]

Overfull \hbox (4.92744pt too wide) detected at line 446
 [][]\T1/lmr/m/n/10.95 1063[]

Overfull \hbox (4.92744pt too wide) detected at line 447
 [][]\T1/lmr/m/n/10.95 1064[]

Overfull \hbox (4.92744pt too wide) detected at line 448
 [][]\T1/lmr/m/n/10.95 1064[]

Overfull \hbox (4.92744pt too wide) detected at line 449
 [][]\T1/lmr/m/n/10.95 1065[]

Overfull \hbox (4.92744pt too wide) detected at line 450
 [][]\T1/lmr/m/n/10.95 1067[]

Overfull \hbox (4.92744pt too wide) detected at line 451
 [][]\T1/lmr/m/n/10.95 1068[]

Overfull \hbox (4.92744pt too wide) detected at line 452
 [][]\T1/lmr/m/n/10.95 1068[]

Overfull \hbox (4.92744pt too wide) detected at line 453
 [][]\T1/lmr/m/n/10.95 1068[]

Overfull \hbox (4.92744pt too wide) detected at line 454
 [][]\T1/lmr/m/n/10.95 1070[]

Overfull \hbox (4.92744pt too wide) detected at line 455
 [][]\T1/lmr/m/n/10.95 1070[]

Overfull \hbox (4.92744pt too wide) detected at line 456
 [][]\T1/lmr/m/n/10.95 1071[]

Overfull \hbox (4.92744pt too wide) detected at line 457
 [][]\T1/lmr/m/n/10.95 1071[]

Overfull \hbox (4.92744pt too wide) detected at line 458
 [][]\T1/lmr/m/n/10.95 1072[]

Overfull \hbox (4.92744pt too wide) detected at line 459
 [][]\T1/lmr/m/n/10.95 1073[]

Overfull \hbox (4.92744pt too wide) detected at line 460
 [][]\T1/lmr/m/n/10.95 1073[]

Overfull \hbox (4.92744pt too wide) detected at line 461
 [][]\T1/lmr/m/n/10.95 1073[]

Overfull \hbox (4.92744pt too wide) detected at line 462
 [][]\T1/lmr/m/n/10.95 1073[]

Overfull \hbox (4.92744pt too wide) detected at line 463
 [][]\T1/lmr/m/n/10.95 1073[]

Overfull \hbox (4.92744pt too wide) detected at line 464
 [][]\T1/lmr/m/n/10.95 1074[]

Overfull \hbox (4.92744pt too wide) detected at line 466
 [][]\T1/lmr/m/n/10.95 1076[]

Overfull \hbox (4.92744pt too wide) detected at line 467
 [][]\T1/lmr/m/n/10.95 1076[]

Overfull \hbox (4.92744pt too wide) detected at line 476
 [][]\T1/lmr/m/n/10.95 1078[]

Overfull \hbox (4.92744pt too wide) detected at line 482
 [][]\T1/lmr/m/n/10.95 1081[]

Overfull \hbox (4.92744pt too wide) detected at line 511
 [][]\T1/lmr/m/n/10.95 1100[]
[7]
Overfull \hbox (4.92744pt too wide) detected at line 512
 [][]\T1/lmr/m/n/10.95 1107[]

Overfull \hbox (4.92744pt too wide) detected at line 513
 [][]\T1/lmr/m/n/10.95 1111[]

Overfull \hbox (4.92744pt too wide) detected at line 514
 [][]\T1/lmr/m/n/10.95 1114[]

Overfull \hbox (4.92744pt too wide) detected at line 515
 [][]\T1/lmr/m/n/10.95 1118[]

Overfull \hbox (4.92744pt too wide) detected at line 516
 [][]\T1/lmr/m/n/10.95 1122[]

Overfull \hbox (4.92744pt too wide) detected at line 517
 [][]\T1/lmr/m/n/10.95 1124[]

Overfull \hbox (4.92744pt too wide) detected at line 519
 [][]\T1/lmr/m/n/10.95 1125[]

Overfull \hbox (4.92744pt too wide) detected at line 541
 [][]\T1/lmr/m/n/10.95 1133[]

Overfull \hbox (4.92744pt too wide) detected at line 557
 [][]\T1/lmr/m/n/10.95 1144[]

Overfull \hbox (4.92744pt too wide) detected at line 571
 [][]\T1/lmr/m/n/10.95 1153[]

Overfull \hbox (4.92744pt too wide) detected at line 576
 [][]\T1/lmr/m/n/10.95 1154[]

Overfull \hbox (4.92744pt too wide) detected at line 588
 [][]\T1/lmr/m/n/10.95 1160[]

Overfull \hbox (4.92744pt too wide) detected at line 595
 [][]\T1/lmr/m/n/10.95 1163[]

Overfull \hbox (4.92744pt too wide) detected at line 596
 [][]\T1/lmr/m/n/10.95 1163[]

Overfull \hbox (4.92744pt too wide) detected at line 597
 [][]\T1/lmr/m/n/10.95 1165[]

Overfull \hbox (4.92744pt too wide) detected at line 598
 [][]\T1/lmr/m/n/10.95 1167[]

Overfull \hbox (4.92744pt too wide) detected at line 599
 [][]\T1/lmr/m/n/10.95 1167[]

Overfull \hbox (4.92744pt too wide) detected at line 600
 [][]\T1/lmr/m/n/10.95 1169[]

Overfull \hbox (4.92744pt too wide) detected at line 601
 [][]\T1/lmr/m/n/10.95 1170[]

Overfull \hbox (4.92744pt too wide) detected at line 602
 [][]\T1/lmr/m/n/10.95 1172[]

Overfull \hbox (4.92744pt too wide) detected at line 603
 [][]\T1/lmr/m/n/10.95 1172[]

Overfull \hbox (4.92744pt too wide) detected at line 604
 [][]\T1/lmr/m/n/10.95 1175[]

Overfull \hbox (4.92744pt too wide) detected at line 605
 [][]\T1/lmr/m/n/10.95 1178[]

Overfull \hbox (4.92744pt too wide) detected at line 606
 [][]\T1/lmr/m/n/10.95 1180[]

Overfull \hbox (4.92744pt too wide) detected at line 607
 [][]\T1/lmr/m/n/10.95 1183[]

Overfull \hbox (4.92744pt too wide) detected at line 608
 [][]\T1/lmr/m/n/10.95 1185[]

Overfull \hbox (4.92744pt too wide) detected at line 609
 [][]\T1/lmr/m/n/10.95 1187[]

Overfull \hbox (4.92744pt too wide) detected at line 610
 [][]\T1/lmr/m/n/10.95 1190[]

Overfull \hbox (4.92744pt too wide) detected at line 611
 [][]\T1/lmr/m/n/10.95 1194[]

Overfull \hbox (4.92744pt too wide) detected at line 612
 [][]\T1/lmr/m/n/10.95 1194[]

Overfull \hbox (4.92744pt too wide) detected at line 613
 [][]\T1/lmr/m/n/10.95 1196[]

Overfull \hbox (4.92744pt too wide) detected at line 614
 [][]\T1/lmr/m/n/10.95 1197[]

Overfull \hbox (4.92744pt too wide) detected at line 615
 [][]\T1/lmr/m/n/10.95 1198[]

Overfull \hbox (4.92744pt too wide) detected at line 616
 [][]\T1/lmr/m/n/10.95 1199[]

Overfull \hbox (4.92744pt too wide) detected at line 617
 [][]\T1/lmr/m/n/10.95 1202[]

Overfull \hbox (4.92744pt too wide) detected at line 618
 [][]\T1/lmr/m/n/10.95 1205[]

Overfull \hbox (4.92744pt too wide) detected at line 619
 [][]\T1/lmr/m/n/10.95 1206[]

Overfull \hbox (4.92744pt too wide) detected at line 620
 [][]\T1/lmr/m/n/10.95 1208[]

Overfull \hbox (4.92744pt too wide) detected at line 621
 [][]\T1/lmr/m/n/10.95 1208[]

Overfull \hbox (4.92744pt too wide) detected at line 622
 [][]\T1/lmr/m/n/10.95 1210[]

Overfull \hbox (4.92744pt too wide) detected at line 623
 [][]\T1/lmr/m/n/10.95 1211[]

Overfull \hbox (4.92744pt too wide) detected at line 624
 [][]\T1/lmr/m/n/10.95 1213[]

Overfull \hbox (4.92744pt too wide) detected at line 625
 [][]\T1/lmr/m/n/10.95 1214[]

Overfull \hbox (4.92744pt too wide) detected at line 626
 [][]\T1/lmr/m/n/10.95 1215[]
[8]
Overfull \hbox (4.92744pt too wide) detected at line 628
 [][]\T1/lmr/m/n/10.95 1216[]

Overfull \hbox (4.92744pt too wide) detected at line 647
 [][]\T1/lmr/m/n/10.95 1221[]

Overfull \hbox (4.92744pt too wide) detected at line 657
 [][]\T1/lmr/m/n/10.95 1223[]

Overfull \hbox (4.92744pt too wide) detected at line 666
 [][]\T1/lmr/m/n/10.95 1225[]

Overfull \hbox (4.92744pt too wide) detected at line 667
 [][]\T1/lmr/m/n/10.95 1225[]

Overfull \hbox (4.92744pt too wide) detected at line 680
 [][]\T1/lmr/m/n/10.95 1230[]

Overfull \hbox (4.92744pt too wide) detected at line 694
 [][]\T1/lmr/m/n/10.95 1233[]

Overfull \hbox (4.92744pt too wide) detected at line 704
 [][]\T1/lmr/m/n/10.95 1236[]

Overfull \hbox (4.92744pt too wide) detected at line 705
 [][]\T1/lmr/m/n/10.95 1236[]

Overfull \hbox (4.92744pt too wide) detected at line 716
 [][]\T1/lmr/m/n/10.95 1239[]

Overfull \hbox (4.92744pt too wide) detected at line 724
 [][]\T1/lmr/m/n/10.95 1240[]

Overfull \hbox (4.92744pt too wide) detected at line 745
 [][]\T1/lmr/m/n/10.95 1245[]

Overfull \hbox (4.92744pt too wide) detected at line 756
 [][]\T1/lmr/m/n/10.95 1248[]

Overfull \hbox (4.92744pt too wide) detected at line 779
 [][]\T1/lmr/m/n/10.95 1259[]

Overfull \hbox (4.92744pt too wide) detected at line 795
 [][]\T1/lmr/m/n/10.95 1264[]

Overfull \hbox (4.92744pt too wide) detected at line 804
 [][]\T1/lmr/m/n/10.95 1268[]

Overfull \hbox (4.92744pt too wide) detected at line 815
 [][]\T1/lmr/m/n/10.95 1273[]

Overfull \hbox (4.92744pt too wide) detected at line 827
 [][]\T1/lmr/m/n/10.95 1277[]

Overfull \hbox (4.92744pt too wide) detected at line 836
 [][]\T1/lmr/m/n/10.95 1280[]

Overfull \hbox (4.92744pt too wide) detected at line 837
 [][]\T1/lmr/m/n/10.95 1280[]

Overfull \hbox (4.92744pt too wide) detected at line 846
 [][]\T1/lmr/m/n/10.95 1284[]

Overfull \hbox (4.92744pt too wide) detected at line 855
 [][]\T1/lmr/m/n/10.95 1287[]

Overfull \hbox (4.92744pt too wide) detected at line 860
 [][]\T1/lmr/m/n/10.95 1289[]

Overfull \hbox (4.92744pt too wide) detected at line 862
 [][]\T1/lmr/m/n/10.95 1290[]

Overfull \hbox (4.92744pt too wide) detected at line 863
 [][]\T1/lmr/m/n/10.95 1292[]

Overfull \hbox (4.92744pt too wide) detected at line 864
 [][]\T1/lmr/m/n/10.95 1293[]

Overfull \hbox (4.92744pt too wide) detected at line 865
 [][]\T1/lmr/m/n/10.95 1294[]

Overfull \hbox (4.92744pt too wide) detected at line 866
 [][]\T1/lmr/m/n/10.95 1295[]

Overfull \hbox (4.92744pt too wide) detected at line 867
 [][]\T1/lmr/m/n/10.95 1295[]

Overfull \hbox (4.92744pt too wide) detected at line 868
 [][]\T1/lmr/m/n/10.95 1303[]

Overfull \hbox (4.92744pt too wide) detected at line 869
 [][]\T1/lmr/m/n/10.95 1303[]

Overfull \hbox (4.92744pt too wide) detected at line 870
 [][]\T1/lmr/m/n/10.95 1304[]

Overfull \hbox (4.92744pt too wide) detected at line 871
 [][]\T1/lmr/m/n/10.95 1306[]

Overfull \hbox (4.92744pt too wide) detected at line 872
 [][]\T1/lmr/m/n/10.95 1309[]

Overfull \hbox (4.92744pt too wide) detected at line 873
 [][]\T1/lmr/m/n/10.95 1312[]

Overfull \hbox (4.92744pt too wide) detected at line 874
 [][]\T1/lmr/m/n/10.95 1313[]

Overfull \hbox (4.92744pt too wide) detected at line 875
 [][]\T1/lmr/m/n/10.95 1317[]

Overfull \hbox (4.92744pt too wide) detected at line 876
 [][]\T1/lmr/m/n/10.95 1320[]

Overfull \hbox (4.92744pt too wide) detected at line 878
 [][]\T1/lmr/m/n/10.95 1326[]

Overfull \hbox (4.92744pt too wide) detected at line 893
 [][]\T1/lmr/m/n/10.95 1379[]

Overfull \hbox (4.92744pt too wide) detected at line 894
 [][]\T1/lmr/m/n/10.95 1380[]

Overfull \hbox (4.92744pt too wide) detected at line 895
 [][]\T1/lmr/m/n/10.95 1380[]

Overfull \hbox (4.92744pt too wide) detected at line 896
 [][]\T1/lmr/m/n/10.95 1381[]

Overfull \hbox (4.92744pt too wide) detected at line 897
 [][]\T1/lmr/m/n/10.95 1381[]
[9]
Overfull \hbox (4.92744pt too wide) detected at line 898
 [][]\T1/lmr/m/n/10.95 1381[]

Overfull \hbox (4.92744pt too wide) detected at line 899
 [][]\T1/lmr/m/n/10.95 1382[]

Overfull \hbox (4.92744pt too wide) detected at line 900
 [][]\T1/lmr/m/n/10.95 1382[]

Overfull \hbox (4.92744pt too wide) detected at line 901
 [][]\T1/lmr/m/n/10.95 1386[]

Overfull \hbox (4.92744pt too wide) detected at line 902
 [][]\T1/lmr/m/n/10.95 1388[]

Overfull \hbox (4.92744pt too wide) detected at line 903
 [][]\T1/lmr/m/n/10.95 1388[]

Overfull \hbox (4.92744pt too wide) detected at line 904
 [][]\T1/lmr/m/n/10.95 1388[]

Overfull \hbox (4.92744pt too wide) detected at line 905
 [][]\T1/lmr/m/n/10.95 1388[]

Overfull \hbox (4.92744pt too wide) detected at line 906
 [][]\T1/lmr/m/n/10.95 1389[]

Overfull \hbox (4.92744pt too wide) detected at line 908
 [][]\T1/lmr/m/n/10.95 1390[]

Overfull \hbox (4.92744pt too wide) detected at line 910
 [][]\T1/lmr/m/n/10.95 1395[]

Overfull \hbox (4.92744pt too wide) detected at line 914
 [][]\T1/lmr/m/n/10.95 1400[]

Overfull \hbox (4.92744pt too wide) detected at line 921
 [][]\T1/lmr/m/n/10.95 1406[]

Overfull \hbox (4.92744pt too wide) detected at line 922
 [][]\T1/lmr/m/n/10.95 1406[]

Overfull \hbox (4.92744pt too wide) detected at line 923
 [][]\T1/lmr/m/n/10.95 1407[]

Overfull \hbox (4.92744pt too wide) detected at line 924
 [][]\T1/lmr/m/n/10.95 1413[]

Overfull \hbox (4.92744pt too wide) detected at line 926
 [][]\T1/lmr/m/n/10.95 1416[]

Overfull \hbox (4.92744pt too wide) detected at line 927
 [][]\T1/lmr/m/n/10.95 1418[]

Overfull \hbox (4.92744pt too wide) detected at line 933
 [][]\T1/lmr/m/n/10.95 1421[]

Overfull \hbox (4.92744pt too wide) detected at line 944
 [][]\T1/lmr/m/n/10.95 1429[]

Overfull \hbox (4.92744pt too wide) detected at line 945
 [][]\T1/lmr/m/n/10.95 1430[]

Overfull \hbox (4.92744pt too wide) detected at line 946
 [][]\T1/lmr/m/n/10.95 1435[]

Overfull \hbox (4.92744pt too wide) detected at line 947
 [][]\T1/lmr/m/n/10.95 1435[]

Overfull \hbox (4.92744pt too wide) detected at line 948
 [][]\T1/lmr/m/n/10.95 1436[]

Overfull \hbox (4.92744pt too wide) detected at line 949
 [][]\T1/lmr/m/n/10.95 1436[]

Overfull \hbox (4.92744pt too wide) detected at line 950
 [][]\T1/lmr/m/n/10.95 1436[]

Overfull \hbox (4.92744pt too wide) detected at line 951
 [][]\T1/lmr/m/n/10.95 1437[]

Overfull \hbox (4.92744pt too wide) detected at line 952
 [][]\T1/lmr/m/n/10.95 1437[]

Overfull \hbox (4.92744pt too wide) detected at line 953
 [][]\T1/lmr/m/n/10.95 1438[]

Overfull \hbox (4.92744pt too wide) detected at line 954
 [][]\T1/lmr/m/n/10.95 1438[]

Overfull \hbox (4.92744pt too wide) detected at line 955
 [][]\T1/lmr/m/n/10.95 1439[]

Overfull \hbox (4.92744pt too wide) detected at line 956
 [][]\T1/lmr/m/n/10.95 1439[]

Overfull \hbox (4.92744pt too wide) detected at line 957
 [][]\T1/lmr/m/n/10.95 1440[]

Overfull \hbox (4.92744pt too wide) detected at line 958
 [][]\T1/lmr/m/n/10.95 1440[]

Overfull \hbox (4.92744pt too wide) detected at line 959
 [][]\T1/lmr/m/n/10.95 1441[]

Overfull \hbox (4.92744pt too wide) detected at line 960
 [][]\T1/lmr/m/n/10.95 1442[]

Overfull \hbox (4.92744pt too wide) detected at line 961
 [][]\T1/lmr/m/n/10.95 1444[]
) [10] (tex/components/00_introduction.tex [1] [2] [3] [4] [5])
(tex/components/01_expose_I_opening_pp001_005.tex [6] [7] [8] [9]
(native_diagrams/exp1/diag_001_alpha_morphism_triangle.tex) [10]
(native_diagrams/exp1/diag_002_alpha_transitivity.tex))
(tex/components/02_expose_I_s16_next_pp005_010.tex
(native_diagrams/exp1/diag_003_base_change_triangle.tex)
(native_diagrams/exp1/diag_004_base_change_projections.tex) [11]
(native_diagrams/exp1/diag_005_functor_base_change_notation.tex) [12] [13]
[14] [15]) (tex/components/03_expose_I_s18_s22_pp010_015.tex [16]
(native_diagrams/exp1/diag_006_constant_objects_cartesian_square.tex) [17]
[18] (native_diagrams/exp1/diag_007_group_morphism_square.tex)
(native_diagrams/exp1/diag_008_representable_group_cartesian_square.tex)
[19]) (tex/components/04_expose_I_s23_operator_groups.tex [20] [21] [22])
(tex/components/05_expose_I_s3_modules.tex [23] [24]
(native_diagrams/exp1/diag_009_OS_g_naturality_square.tex)
(native_diagrams/exp1/diag_010_OS_f_naturality_square.tex) [25])
(tex/components/06_expose_I_s41_s43_basic_scheme_groups.tex [26] [27]
(native_diagrams/exp1/diag_011_hopf_coassociativity.tex) [28] [29])
(tex/components/07_expose_I_s44_s47_scheme_groups.tex [30]

LaTeX Font Warning: Font shape `U/stmry/b/n' undefined
(Font)              using `U/stmry/m/n' instead on input line 115.

[31] (native_diagrams/exp1/diag_012_prop463_canonical_morphisms.tex) [32]
(native_diagrams/exp1/diag_013_cor4641_cartesian_square.tex) [33]
Underfull \hbox (badness 2065) in paragraph at lines 438--457
\T1/lmr/bx/n/10.95 Corollary 4.6.5.1. \T1/lmr/m/it/10.95 Let $\U/rsfs/m/n/10.95
 F$ \T1/lmr/m/it/10.95 be an $\OMS/lmsy/m/n/10.95 O[]$\T1/lmr/m/it/10.95 -modul
e lo-cally free of fi-nite type. Put
[34] (native_diagrams/exp1/diag_014_rem4711_category_squares.tex) [35]
(native_diagrams/exp1/diag_015_cm1_coaction_square.tex)
(native_diagrams/exp1/diag_016_cm2_counit_composite.tex)
(native_diagrams/exp1/diag_017_comodule_morphism_square.tex) [36] [37])
(tex/components/08_expose_I_s5_group_cohomology.tex [38] [39] [40] [41]
[42] [43] (native_diagrams/exp1/diag_018_induction_adjunction_square.tex)
[44]) (tex/components/09_expose_I_s6_equivariant_objects.tex
(native_diagrams/exp1/diag_019_equivariant_action_square.tex) [45]
(native_diagrams/exp1/diag_020_equivariance_cocycle.tex) [46]
(native_diagrams/exp1/diag_021_stabilizer_square.tex) [47]
(native_diagrams/exp1/diag_022_section_naturality_square.tex)
(native_diagrams/exp1/diag_023_section_action_composition.tex) [48]
(native_diagrams/exp1/diag_024_sheaf_cocycle.tex) [49] [50]
(native_diagrams/exp1/diag_025_base_change_squares.tex) [51] [52] [53] [54])
(tex/components/10_expose_II_s1_s2_hom_dual_numbers.tex [55] [56] [57] [58]
[59] [60] [61]) (tex/components/11_expose_II_s3_tangent_bundle_condition_E.tex
[62] [63]
(<LOCAL_HOME>\AppData\Local\Programs\MiKTeX\tex/latex/amsfonts\ueuf.fd)
[64] [65] [66] [67] [68] [69] [70] [71] [72]
Underfull \hbox (badness 1127) in paragraph at lines 836--840
\T1/lmr/m/n/10.95 By 3.4.2, with $\OML/lmm/m/it/10.95 X$ \T1/lmr/m/n/10.95 re-p
laced by $\OML/lmm/m/it/10.95 H$ \T1/lmr/m/n/10.95 and $\OML/lmm/m/it/10.95 X[]
$ \T1/lmr/m/n/10.95 by $\OML/lmm/m/it/10.95 H[]$\T1/lmr/m/n/10.95 , the ac-tion
 of $\OML/lmm/m/it/10.95 a \OMS/lmsy/m/n/10.95 2 O\OT1/lmr/m/n/10.95 (\OML/lmm/
m/it/10.95 H[]\OT1/lmr/m/n/10.95 )$ \T1/lmr/m/n/10.95 on
[73] [74] [75] [76]) (tex/components/12_expose_II_s41_s44_lie_algebras.tex
[77] [78] [79] [80] [81] [82] [83] [84] [85] [86] [87] [88] [89])
(tex/components/13_expose_II_s45_s411_lie_structure.tex [90] [91] [92] [93]
[94] [95] [96] [97] [98] [99])
(tex/components/14_expose_II_s5_s6_examples_misc.tex [100] [101] [102] [103]
[104] [105] [106] [107] [108] [109])
(tex/components/15_expose_III_opening_s016.tex [110] [111] [112] [113] [114])
(tex/components/16_expose_III_s017_s0110_functorial_liftings.tex [115] [116]
[117] [118] [119] [120] [121] [122])
(tex/components/17_expose_III_s0111_s02_products_action.tex [123] [124]
[125]) (tex/components/18_expose_III_s03_s07_flat_liftings.tex [126] [127]
[128]) (tex/components/19_expose_III_s07bis_s010_group_actions.tex [129]
[130] [131]) (tex/components/20_expose_III_s011_end_s0_automorphisms.tex
[132] [133] [134])
(tex/components/21_expose_III_s11_s12_extensions_cohomology.tex [135] [136]
[137] [138] [139]) (tex/components/22_expose_III_s13_group_law_extensions.tex
[140] [141] [142] [143])
(tex/components/23_expose_III_s2_infinitesimal_group_morphisms.tex [144]
[145] [146] [147] [148]
Underfull \hbox (badness 1048) in paragraph at lines 444--450
[]\T1/lmr/m/it/10.95 If $\OML/lmm/m/it/10.95 H[]\OT1/lmr/m/n/10.95 (\OML/lmm/m/
it/10.95 X[]; []\OT1/lmr/m/n/10.95 (\OML/lmm/m/it/10.95 X[]=S[]\OT1/lmr/m/n/10.
95 )) = 0$\T1/lmr/m/it/10.95 , ev-ery $\OML/lmm/m/it/10.95 S[]$\T1/lmr/m/it/10.
95 -automorphism of $\OML/lmm/m/it/10.95 X[]$ \T1/lmr/m/it/10.95 ex-tends to an
 $\OML/lmm/m/it/10.95 S$\T1/lmr/m/it/10.95 -
[149]) (tex/components/24_expose_III_s3_infinitesimal_group_structures.tex
[150] [151] [152] [153]
Underfull \hbox (badness 3514) in paragraph at lines 402--402
[][][]\T1/lmr/m/n/9 Editor's note: In-deed, $[][]\OT1/lmr/m/n/9 (\OML/lmm/m/it/
9 X[]\OT1/lmr/m/n/9 )$ \T1/lmr/m/n/9 acts by group au-to-mor-phisms on the abel
ian group
) (tex/components/25_expose_III_s41_s44_closed_subgroups.tex [154] [155]
[156] [157] [158]) (tex/components/26_expose_III_s450_s47_lci_koszul.tex
[159] [160] [161] [162])
(tex/components/27_expose_III_s480_s410_obstruction_factorization.tex [163]
[164] [165] [166] [167])
(tex/components/28_expose_III_s411_s4161_functorial_obstructions.tex [168]
Underfull \hbox (badness 10000) detected at line 170
 []$[]  \OML/lmm/m/it/10.95 M\OT1/lmr/m/n/10.95 (\OML/lmm/m/it/10.95 Y[]\OT1/lm
r/m/n/10.95 ) [][]\OMS/lmsy/m/n/10.95 ! [][][]\OML/lmm/m/it/10.95 f[]g[]\OT1/lm
r/m/n/10.95 (\U/rsfs/m/n/10.95 N[] \OMS/lmsy/m/n/10.95 
[] \U/rsfs/m/n/10.95 O[]\OT1/lmr/m/n/10.95 )\OML/lmm/m/it/10.95 ; f[]\OT1/lmr/m
/n/10.95 (\U/rsfs/m/n/10.95 JO[]\OT1/lmr/m/n/10.95 )[]  $ 
[169] [170] [171] [172] [173] [174])
(tex/components/29_expose_III_s417_s422_subgroup_obstruction.tex [175] [176]
[177] [178] [179] [180])
(tex/components/30_expose_III_s423_s430_conjugacy_coboundaries.tex [181]
[182] [183]) (tex/components/31_expose_III_s431_s4351_conjugacy_smooth.tex
[184] [185] [186]) (tex/components/32_expose_III_s436_s438_bibliography.tex
[187] [188] [189] [190]) (tex/components/33_expose_IV_complete.tex
(tex/components/01_expose_IV_opening_s11_s16.tex [191] [192] [193])
(tex/components/02_expose_IV_s17_through_s2.tex [194] [195] [196] [197]
[198]) (tex/components/03_expose_IV_s3.tex [199] [200] [201] [202] [203]
[204] [205] [206] [207]) (tex/components/04_expose_IV_s41_s43.tex [208]
[209] [210] [211] [212] [213] [214] [215] [216] [217] [218] [219])
(tex/components/05_expose_IV_s44_opening_through_444.tex [220])
(tex/components/06_expose_IV_lemma_445.tex [221] [222])
(tex/components/07_expose_IV_lemma_446.tex [223])
(tex/components/08_expose_IV_s447_s448bis.tex [224])
(tex/components/09_expose_IV_lemmas_4481_4482.tex [225])
(tex/components/10_expose_IV_props_449_4410.tex [226])
(tex/components/11_expose_IV_prop_4411_end_s44.tex [227])
(tex/components/12_expose_IV_s45_opening_prop_451.tex [228])
(tex/components/13_expose_IV_prop_452_cor_453.tex)
(tex/components/14_expose_IV_cor_454_scholium_455.tex [229])
(tex/components/15_expose_IV_props_456_459.tex [230] [231])
(tex/components/16_expose_IV_def_4510_through_4513.tex)
(tex/components/18_expose_IV_s46.tex [232] [233] [234] [235] [236])
(tex/components/19_expose_IV_s47.tex [237]) (tex/components/20_expose_IV_s5.tex
[238] [239] [240] [241] [242])
(tex/components/21_expose_IV_s6_and_bibliography.tex [243] [244] [245] [246]
[247] [248] [249] [250] [251] [252] [253])) [254]
(tex/components/34_expose_V_complete.tex
(tex/components/00_expose_V_pp251_252_en.tex
(native_diagrams/exp5/p251_phi_of_T_triangle.png.tex)
(native_diagrams/exp5/p251_T_of_phi_triangle.png.tex)
(native_diagrams/exp5/p252_exact_pair_cokernel.png.tex) [255]
(native_diagrams/exp5/p252_ringed_space_sheaf_pair.png.tex)
(native_diagrams/exp5/p252_ringed_space_pair_inline.png.tex)
(native_diagrams/exp5/p252_lemma_1_1_restricted_cokernel.png.tex) [256])
(tex/components/01_expose_V_pp253_255_en.tex
(native_diagrams/exp5/p253_star_fiber_product.png.tex)
(native_diagrams/exp5/p253_square_0.png.tex) [257]
(native_diagrams/exp5/p254_square_1.png.tex)
(native_diagrams/exp5/p254_square_2.png.tex)
(native_diagrams/exp5/p254_associativity_4.png.tex)
(native_diagrams/exp5/p255_diagram_012.png.tex) [258]
(native_diagrams/exp5/p255_groupoid_triple_arrow.png.tex))
(tex/components/02_expose_V_pp256_260_en.tex
(native_diagrams/exp5/p256_action_groupoid_continuation.png.tex) [259]
(native_diagrams/exp5/p256_effective_epimorphism.png.tex)
(native_diagrams/exp5/p257_x_groupoid.png.tex) [260]
(native_diagrams/exp5/p257_y_induced_groupoid.png.tex)
(native_diagrams/exp5/p257_base_change_fiber_square.png.tex)
(native_diagrams/exp5/p257_reconstruction_square.png.tex) [261]
(native_diagrams/exp5/p258_cartesian_reconstruction_square.png.tex)
(native_diagrams/exp5/p258_inverse_image_phi_diagram.png.tex)
(native_diagrams/exp5/p258_inverse_image_psi_diagram.png.tex)
(native_diagrams/exp5/p258_groupoid_isomorphism_map.png.tex) [262]
(native_diagrams/exp5/p259_universal_epimorphism_square.png.tex)
(native_diagrams/exp5/p259_functor_kernel_diagram.png.tex)
(native_diagrams/exp5/p259_delta_proof_diagram.png.tex) [263]
(native_diagrams/exp5/p260_scheme_groupoid.png.tex)
(native_diagrams/exp5/p260_underlying_fiber_product_map.png.tex) [264])
(tex/components/03_expose_V_section4_theorem41_localp011_en.tex
(native_diagrams/exp5/p261_theorem41_groupoid.png.tex) [265])
(tex/components/04_expose_V_theorem41_proof_a_localp012_en.tex
(native_diagrams/exp5/p262_dual_cocartesian_012star.png.tex) [266])
(tex/components/05_expose_V_theorem41_proof_b_lemma411_en.tex)
(tex/components/06_expose_V_theorem41_proof_cde_lemma412_en.tex [267] [268])
(tex/components/07_expose_V_theorem41_proof_iii_lemma413_en.tex [269])
(tex/components/08_expose_V_theorem41_proof_iv_lemma42_en.tex [270] [271])
(tex/components/09_expose_V_theorem41_close_section5_opening_en.tex
(native_diagrams/exp5/p267_proof_iv_ring_modules_diagram.png.tex)
(native_diagrams/exp5/p267_section5_rank_square_d0.png.tex)
(native_diagrams/exp5/p267_section5_rank_square_d1.png.tex) [272])
(tex/components/10_expose_V_section5_general_case_en.tex
(native_diagrams/exp5/p268_section5_affine_saturated_chain.png.tex) [273])
(tex/components/11_expose_V_section5_fppf_remark51_en.tex [274])
(tex/components/12_expose_V_section6_quasisection_setup_en.tex
(native_diagrams/exp5/p270_section6_groupoid_X.png.tex) [275]
(native_diagrams/exp5/p270_section6_groupoid_U.png.tex)
(native_diagrams/exp5/p270_section6_span_X0_V_U.png.tex)
(native_diagrams/exp5/p270_section6_cartesian_square.png.tex)
(native_diagrams/exp5/p270_section6_groupoid_V.png.tex))
(tex/components/13_expose_V_lemma61_statement_proof_a_opening_en.tex [276]
(native_diagrams/exp5/p271_section6_base_change_d0.png.tex)
(native_diagrams/exp5/p271_section6_base_change_d1.png.tex)
(native_diagrams/exp5/p271_lemma61_cokernel_triangle.png.tex) [277])
(tex/components/14_expose_V_lemma61_proofs_a_b_c_opening_en.tex
(native_diagrams/exp5/p272_lemma61_double_cartesian_square.png.tex) [278])
(tex/components/15_expose_V_lemma61_proofs_c_d_en.tex
(native_diagrams/exp5/p273_lemma61_restricted_groupoids_cartesian_corrected.png
.tex) [279]) (tex/components/16_expose_V_section7_theorem71_en.tex
(native_diagrams/exp5/p274_theorem71_groupoid.png.tex) [280])
(tex/components/17_expose_V_lemma72_en.tex
(native_diagrams/exp5/p275_lemma72_square.png.tex) [281])
(tex/components/18_expose_V_lemma73_opening_en.tex
(native_diagrams/exp5/p276_lemma73_base_square.png.tex) [282]
(native_diagrams/exp5/p276_lemma73_F2_diagram.png.tex) [283])
(tex/components/19_expose_V_lemma73_close_lemma74_opening_en.tex
(native_diagrams/exp5/p277_lemma73_descent_square.png.tex) [284]
(native_diagrams/exp5/p277_lemma74_cartesian_square.png.tex))
(tex/components/20_expose_V_localp28_31_sections7_9_en.tex [285]
(native_diagrams/exp5/exp5_localp28_WVU_Z_commutative.png.tex)
(native_diagrams/exp5/exp5_localp29_theorem81_groupoid.png.tex) [286]
(native_diagrams/exp5/exp5_localp30_F_groupoid.png.tex) [287] [288])
(tex/components/21_expose_V_localp32_35_sections9_10_en.tex
(native_diagrams/exp5/exp5_localp032_theorem90_groupoid.png.tex) [289]
(native_diagrams/exp5/exp5_localp033_equivalence_relation.png.tex) [290]
(native_diagrams/exp5/exp5_localp033_algebra_limit_diagram.png.tex) [291]
[292] [293])
(tex/components/22_expose_V_section10_group_actions_through_theorem1041_en.tex
(native_diagrams/exp5/p286_theorem1012_factorization.png.tex)
(native_diagrams/exp5/p286_corollary1013_factorization.png.tex)
(native_diagrams/exp5/p286_section102_action_groupoid.png.tex) [294]
(native_diagrams/exp5/p287_definition1021_cartesian_square.png.tex) [295]
[296] (native_diagrams/exp5/p288_theorem1041_double_arrow.png.tex))
(tex/components/23_expose_V_theorem1041_proof_through_bibliography_en.tex
(native_diagrams/exp5/p289_theorem1041_first_cartesian.png.tex)
(native_diagrams/exp5/p289_theorem1041_fiber_square.png.tex)
(native_diagrams/exp5/p289_theorem1041_factorization.png.tex) [297]
(native_diagrams/exp5/p290_theorem1042_double_arrow.png.tex)
(native_diagrams/exp5/p290_theorem1042_monomorphism_chain.png.tex) [298]))
[299] (tex/components/35_expose_VI_complete.tex
(tex_reference_v2/components/00_expose_VIA_title_through_corollary_0_5_2_loop2_
r1_en.tex [300] [301] [302])
(tex_reference_v2/components/01_expose_VIA_section1_through_prop131_en.tex
[303] [304])
(tex_reference_v2/components/02_expose_VIA_examples132_through_cor241_en.tex
[305] [306] [307] [308] [309])
(tex_reference_v2/components/03_expose_VIA_section25_lemma251_prop252_en.tex
[310] [311] [312])
(tex_reference_v2/components/04_expose_VIA_lemma253_prop254_loop2_r1_en.tex
[313] [314])
(tex_reference_v2/components/05_expose_VIA_section26_through_prop264_en.tex
[315] [316] [317])
(tex_reference_v2/components/06_expose_VIA_theorem265_through_remark267_loop2_r
1_en.tex [318] [319] [320])
(tex_reference_v2/components/07_expose_VIA_section31_theorem32_statement_loop2_
r1_en.tex [321])
(tex_reference_v2/components/08_expose_VIA_section321_quasisection_descent_loop
2_r1_en.tex [322] [323])
(tex_reference_v2/components/09_expose_VIA_section322_induction_en.tex)
(tex_reference_v2/components/10_expose_VIA_section323_descent_loop2_r1_en.tex
[324])
(tex_reference_v2/components/11_expose_VIA_sections324_325_loop2_r1_en.tex
[325])
(tex_reference_v2/components/12_expose_VIA_section33_theorems_corollary_loop2_r
1_en.tex [326])
(tex_reference_v2/components/13_expose_VIA_section4_opening_par41_en.tex
[327])
(tex_reference_v2/components/14_expose_VIA_par42_saturation_identity_component_
en.tex)
(tex_reference_v2/components/15_expose_VIA_par43_identity_saturation_quotient_l
oop2_r1_en.tex [328])
(tex_reference_v2/components/16_expose_VIA_par44_arbitrary_component_descent_en
.tex [329])
(tex_reference_v2/components/17_expose_VIA_par45_46_base_change_en.tex [330])
(tex_reference_v2/components/18_expose_VIA_par47_flat_base_change_en.tex)
(tex_reference_v2/components/19_expose_VIA_section5_opening_par51_loop2_r1_en.t
ex [331])
(tex_reference_v2/components/20_expose_VIA_par52_group_structure_en.tex)
(tex_reference_v2/components/21_expose_VIA_par53_correspondences_en.tex
[332])
(tex_reference_v2/components/22_expose_VIA_par54_abelian_categories_loop2_r1_en
.tex [333] [334])
(tex_reference_v2/components/23_expose_VIA_par55_56_loop2_r1_en.tex [335]
[336])
(tex_reference_v2/components/24_expose_VIA_section6_through_prop64_loop2_r1_en.
tex

Package hyperref Warning: Token not allowed in a PDF string (Unicode):
(hyperref)                removing `math shift' on input line 13.

[337])
(tex_reference_v2/components/25_expose_VIA_theorem65_through_bibliography_loop2
_r1_en.tex [338] [339]
(<LOCAL_HOME>\AppData\Local\Programs\MiKTeX\tex/latex/lm\t1lmtt.fd) [340])
(tex_reference_v2/components/26_expose_VIB_title_through_lemma121_en.tex
[341] [342])
(tex_reference_v2/components/27_expose_VIB_counter122_prop13_en.tex [343]
[344]) (tex_reference_v2/components/28_expose_VIB_cor131_cor132_en.tex [345])
(tex_reference_v2/components/29_expose_VIB_prop14_cor142_en.tex [346] [347])
(tex_reference_v2/components/30_expose_VIB_counter143_through_cor161_en.tex
[348])
(tex_reference_v2/components/31_expose_VIB_section2_opening_loop2_r1_en.tex
[349] [350] [351] [352])
(tex_reference_v2/components/32_expose_VIB_prop25_through_lemma271_en.tex
[353] [354] [355])
(tex_reference_v2/components/33_expose_VIB_cor28_through_cor212_en.tex [356]
[357] [358])
(tex_reference_v2/components/34_expose_VIB_section3_through_cor36_loop2_r1_en.t
ex [359] [360]) (tex_reference_v2/components/35_expose_VIB_prop37_cor38_en.tex
[361] [362] [363])
(tex_reference_v2/components/36_expose_VIB_prop39_through_lemma3101_en.tex
[364])
(tex_reference_v2/components/37_expose_VIB_prop311_section4_prop41_en.tex
[365] [366]) (tex_reference_v2/components/38_expose_VIB_prop42_en.tex [367]
[368]) (tex_reference_v2/components/39_expose_VIB_cor43_cor44_en.tex [369])
(tex_reference_v2/components/40_expose_VIB_section5_through_rem541_loop2_r1_en.
tex [370] [371])
(tex_reference_v2/components/41_expose_VIB_cor55_through_lemma560_loop2_r1_en.t
ex [372] [373])
(tex_reference_v2/components/42_expose_VIB_lemma5610_loop2_r1_en.tex [374])
(tex_reference_v2/components/43_expose_VIB_lemma561_loop2_r1_en.tex [375]
[376] [377]) (tex_reference_v2/components/44_expose_VIB_lemma5620_en.tex
[378] [379]) (tex_reference_v2/components/45_expose_VIB_cor562_en.tex)
(tex_reference_v2/components/46_expose_VIB_lemma563_en.tex [380] [381])
(tex_reference_v2/components/47_expose_VIB_counter564_thm57_en.tex [382])
(tex_reference_v2/components/48_expose_VIB_cor571_through_cor582_en.tex
[383]) (tex_reference_v2/components/49_expose_VIB_example583_en.tex)
(tex_reference_v2/components/50_expose_VIB_example584_en.tex [384] [385])
(tex_reference_v2/components/51_expose_VIB_definition61_en.tex [386] [387])
(tex_reference_v2/components/52_expose_VIB_prop62_through_prop622_en.tex)
(tex_reference_v2/components/53_expose_VIB_theorem623_en.tex [388] [389])
(tex_reference_v2/components/54_expose_VIB_examples624_through_cor625_en.tex
[390] [391] [392]) (tex_reference_v2/components/55_expose_VIB_cor626_en.tex
[393]) (tex_reference_v2/components/56_expose_VIB_rem63_through_def65_en.tex
[394]) (tex_reference_v2/components/57_expose_VIB_prop651_en.tex [395])
(tex_reference_v2/components/58_expose_VIB_thm652_cor653_en.tex [396] [397])
(tex_reference_v2/components/59_expose_VIB_cor654_loop2_r1_en.tex [398])
(tex_reference_v2/components/60_expose_VIB_cor655_en.tex [399])
(tex_reference_v2/components/61_expose_VIB_def66_through_par69_en.tex [400])
(tex_reference_v2/components/62_expose_VIB_section7_prop71_en.tex [401]
[402]) (tex_reference_v2/components/63_expose_VIB_cor711_through_cor721_en.tex
[403] [404])
(tex_reference_v2/components/64_expose_VIB_def722_through_cor73_en.tex [405]
[406] [407]) (tex_reference_v2/components/65_expose_VIB_prop74_en.tex [408]
[409]) (tex_reference_v2/components/66_expose_VIB_lemma75_en.tex [410])
(tex_reference_v2/components/67_expose_VIB_rem760_prop76_en.tex [411])
(tex_reference_v2/components/68_expose_VIB_rem761_lemma77_en.tex [412] [413])
(tex_reference_v2/components/69_expose_VIB_prop78_en.tex [414] [415])
(tex_reference_v2/components/70_expose_VIB_prop79_cor710_en.tex [416])
(tex_reference_v2/components/71_expose_VIB_section8_lemma811_loop2_r1_en.tex)
(tex_reference_v2/components/72_expose_VIB_lemma812_loop2_r1_en.tex [417])
(tex_reference_v2/components/73_expose_VIB_prop82_def821_prop83_en.tex [418]
[419]) (tex_reference_v2/components/74_expose_VIB_prop84_en.tex [420] [421])
(tex_reference_v2/components/75_expose_VIB_section9_def91_prop92_loop2_r1_en.te
x [422] [423] [424])
(tex_reference_v2/components/76_expose_VIB_lemma921_rem93_loop2_r1_en.tex
[425])
(tex_reference_v2/components/77_expose_VIB_section10_through_lemma102_en.tex
[426])
(tex_reference_v2/components/78_expose_VIB_lemma103_through_lemma108_loop2_r1_e
n.tex [427] [428])
(tex_reference_v2/components/79_expose_VIB_lemma109_through_prop1011_en.tex
[429])
(tex_reference_v2/components/80_expose_VIB_cor10111_through_cor1013_r2_en.tex
[430] [431] [432])
(tex_reference_v2/components/81_expose_VIB_par1014_through_prop1016_en.tex
[433])
(tex_reference_v2/components/82_expose_VIB_section11_through_prop1131_loop2_r1_
en.tex [434] [435] [436])
(tex_reference_v2/components/83_expose_VIB_par114_through_rem117bis_loop2_r1_en
.tex [437] [438] [439] [440])
(tex_reference_v2/components/84_expose_VIB_def1180_through_cor1110_loop2_r1_en.
tex [441] [442] [443] [444] [445] [446] [447])
(tex_reference_v2/components/85_expose_VIB_prop1110bis_through_rem11111_loop2_r
1_en.tex [448] [449] [450] [451])
(tex_reference_v2/components/86_expose_VIB_lemma1112_through_thm1116_r3_en.tex
[452] [453] [454] [455] [456])
(tex_reference_v2/components/87_expose_VIB_lemma11170_through_cor11184_loop2_r1
_en.tex [457] [458] [459] [460] [461] [462] [463])
(tex_reference_v2/components/88_expose_VIB_rem11185_through_section12_end_loop2
_r1_en.tex [464] [465] [466] [467] [468] [469])
(tex_reference_v2/components/89_expose_VIB_section13_through_bibliography_loop2
_r1_en.tex [470] [471] [472] [473] [474] [475] [476] [477] [478]
Underfull \hbox (badness 1412) in paragraph at lines 801--805
[]\T1/lmr/m/n/10.95 M. Takeuchi, \T1/lmr/m/it/10.95 A cor-re-spon-dence be-twee
n Hopf ide-als and sub-Hopf al-ge-bras\T1/lmr/m/n/10.95 ,
)) [479] (vii/vii_complete_r5.tex
(vii/tex/components/00_expose_VIIA_title_through_par123_en.tex [480] [481]
[482] (native_diagrams/exp7/viia_00_04/diag_001_base_change_square.tex)
(native_diagrams/exp7/viia_00_04/diag_002_product_scheme_square.tex)
(native_diagrams/exp7/viia_00_04/diag_003_product_deviation_square.tex)
[483]) (vii/tex/components/01_expose_VIIA_par13_through_par15_en.tex [484]
[485] [486]
(native_diagrams/exp7/viia_00_04/diag_004_value_cartesian_square.tex)
(native_diagrams/exp7/viia_00_04/diag_005_infinitesimal_automorphism_sequence.t
ex))
(vii/tex/components/02_expose_VIIA_section2_invariant_differential_operators_en
.tex [487]
(native_diagrams/exp7/viia_00_04/diag_006_right_translation_associativity.tex)
[488]
(native_diagrams/exp7/viia_00_04/diag_007_invariance_implication_square.tex)
[489] (native_diagrams/exp7/viia_00_04/diag_008_delta_translation_square.tex)
(native_diagrams/exp7/viia_00_04/diag_009_invariant_operator_rectangle.tex)
(native_diagrams/exp7/viia_00_04/diag_010_D0_composition_sequence.tex)
(native_diagrams/exp7/viia_00_04/diag_011_origin_value_square.tex) [490]
(native_diagrams/exp7/viia_00_04/diag_012_eta_cartesian_square.tex)
(native_diagrams/exp7/viia_00_04/diag_013_invariant_factorization_sequence.tex)
[491] (native_diagrams/exp7/viia_00_04/diag_014_sigma_x_sequence.tex)
(native_diagrams/exp7/viia_00_04/diag_015_rho_translation_sequence.tex)
(native_diagrams/exp7/viia_00_04/diag_016_beta_automorphism_sequence.tex)
[492] (native_diagrams/exp7/viia_00_04/diag_017_lie_rho_square.tex)
(native_diagrams/exp7/viia_00_04/diag_018_composite_deviation_sequence.tex)
(native_diagrams/exp7/viia_00_04/diag_019_lie_algebra_square.tex))
(vii/tex/components/03_expose_VIIA_section3_coalgebras_cartier_en.tex
(native_diagrams/exp7/viia_00_04/diag_020_coassociativity_square.tex) [493]
(native_diagrams/exp7/viia_00_04/diag_021_augmentation_sequences.tex)
(native_diagrams/exp7/viia_00_04/diag_022_coalgebra_morphism_diagrams.tex)
(native_diagrams/exp7/viia_00_04/diag_023_product_comultiplication_sequence.tex
) (native_diagrams/exp7/viia_00_04/diag_024_dual_coalgebra_sequence.tex
[494]) (native_diagrams/exp7/viia_00_04/diag_025_spec_star_functor_sequence.tex
)
(native_diagrams/exp7/viia_00_04/diag_026_group_coalgebra_compatibility_iv_v.te
x) [495]
(native_diagrams/exp7/viia_00_04/diag_027_group_coalgebra_associativity_ii_star
.tex)
(native_diagrams/exp7/viia_00_04/diag_028_group_coalgebra_unit_sequences_iii_st
ar.tex)
(native_diagrams/exp7/viia_00_04/diag_029_group_coalgebra_antipode_sequence_vi.
tex)
(native_diagrams/exp7/viia_00_04/diag_030_group_coalgebra_unit_triangle_v_star.
tex) [496] [497]
(native_diagrams/exp7/viia_00_04/diag_031_condition_E_cartesian_square.tex)
[498]
(native_diagrams/exp7/viia_00_04/diag_032_commutative_group_coalgebra_triangle_
i_star.tex) [499])
(vii/tex/components/04_expose_VIIA_section4_frobeniuseries_40_through_412_en.te
x
(native_diagrams/exp7/viia_00_04/diag_033_absolute_frobenius_naturality_square.
tex) [500]
(native_diagrams/exp7/viia_00_04/diag_034_frobenius_basechange_square.tex)
(native_diagrams/exp7/viia_00_04/diag_035_absolute_frobenius_square.tex)
(native_diagrams/exp7/viia_00_04/diag_036_relative_frobenius_factorization.tex)
[501]
(native_diagrams/exp7/viia_00_04/diag_037_point_phi_relative_frobenius.tex)
(native_diagrams/exp7/viia_00_04/diag_038_pointwise_frobenius_square.tex)
(native_diagrams/exp7/viia_00_04/diag_039_basechange_rectangle.tex) [502]
(native_diagrams/exp7/viia_00_04/diag_040_dual_numbers_frobenius_factorization.
tex)) (vii/tex/components/05_expose_VIIA_par413_through_par414_en.tex
(native_diagrams/exp7/viia_05_14/diagram_041.tex)
(native_diagrams/exp7/viia_05_14/diagram_042.tex) [503]
(native_diagrams/exp7/viia_05_14/diagram_043.tex) [504])
(vii/tex/components/06_expose_VIIA_section42_symmetric_frobenius_en.tex
[505] (native_diagrams/exp7/viia_05_14/diagram_044.tex) [506]
(native_diagrams/exp7/viia_05_14/diagram_045.tex) [507])
(vii/tex/components/07_expose_VIIA_section43_verschiebung_en.tex
(native_diagrams/exp7/viia_05_14/diagram_046.tex) [508]
(native_diagrams/exp7/viia_05_14/diagram_047.tex)
(native_diagrams/exp7/viia_05_14/diagram_048.tex) [509]
(native_diagrams/exp7/viia_05_14/diagram_049.tex) [510])
(vii/tex/components/08_expose_VIIA_section5_restricted_p_lie_51_52_en.tex
[511] [512])
(vii/tex/components/09_expose_VIIA_section53_restricted_enveloping_en.tex
[513] [514] [515] [516] (native_diagrams/exp7/viia_05_14/diagram_050.tex)
(native_diagrams/exp7/viia_05_14/diagram_051.tex) [517])
(vii/tex/components/10_expose_VIIA_section54_55_coalgebra_group_en.tex [518]
[519] (native_diagrams/exp7/viia_05_14/diagram_052.tex) [520] [521]
(native_diagrams/exp7/viia_05_14/diagram_053.tex)
(native_diagrams/exp7/viia_05_14/diagram_054.tex)
(native_diagrams/exp7/viia_05_14/diagram_055.tex)
(native_diagrams/exp7/viia_05_14/diagram_056.tex) [522])
(vii/tex/components/11_expose_VIIA_section6_p_lie_group_scheme_en.tex
Underfull \hbox (badness 1132) in paragraph at lines 78--88
[]\OT1/lmr/m/n/10.95 (\OML/lmm/m/it/10.95 '=S\OT1/lmr/m/n/10.95 )(\OML/lmm/m/it
/10.95 S\OT1/lmr/m/n/10.95 )$ \T1/lmr/m/n/10.95 and $\OT1/lmr/m/n/10.95 U(\OML/
lmm/m/it/10.95 '\OT1/lmr/m/n/10.95 )$ \T1/lmr/m/n/10.95 are com-pat-i-ble with 
the iden-ti-fi-ca-tions of $[]\OT1/lmr/m/n/10.95 (\OML/lmm/m/it/10.95 G=S\OT1/l
mr/m/n/10.95 )(\OML/lmm/m/it/10.95 S\OT1/lmr/m/n/10.95 )$ \T1/lmr/m/n/10.95 and

[523] (native_diagrams/exp7/viia_05_14/diagram_057.tex)
(native_diagrams/exp7/viia_05_14/diagram_058.tex)
(native_diagrams/exp7/viia_05_14/diagram_059.tex) [524]
(native_diagrams/exp7/viia_05_14/diagram_060.tex)
(native_diagrams/exp7/viia_05_14/diagram_061.tex)
(native_diagrams/exp7/viia_05_14/diagram_062.tex) [525] [526] [527]
(native_diagrams/exp7/viia_05_14/diagram_063.tex))
(vii/tex/components/12_expose_VIIA_section7_radicial_height1_en.tex [528]
(native_diagrams/exp7/viia_05_14/diagram_064.tex)
(native_diagrams/exp7/viia_05_14/diagram_065.tex) [529]
(native_diagrams/exp7/viia_05_14/diagram_066.tex) [530]
(native_diagrams/exp7/viia_05_14/diagram_067.tex) [531]
(native_diagrams/exp7/viia_05_14/diagram_068.tex) [532]
(native_diagrams/exp7/viia_05_14/diagram_069.tex) [533] [534] [535]
(native_diagrams/exp7/viia_05_14/diagram_070.tex) [536])
(vii/tex/components/13_expose_VIIA_section8_base_field_81_83_en.tex [537]
(native_diagrams/exp7/viia_05_14/diagram_071.tex)
(native_diagrams/exp7/viia_05_14/diagram_072.tex)
(native_diagrams/exp7/viia_05_14/diagram_073.tex) [538]
(native_diagrams/exp7/viia_05_14/diagram_074.tex)
(native_diagrams/exp7/viia_05_14/diagram_075.tex) [539]
(native_diagrams/exp7/viia_05_14/diagram_076.tex))
(vii/tex/components/14_expose_VIIA_section84_85_bibliography_en.tex [540]
(native_diagrams/exp7/viia_05_14/diagram_077.tex) [541]
(native_diagrams/exp7/viia_05_14/diagram_078.tex) [542] [543] [544] [545])
(vii/tex/components/15_expose_VIIB_title_section01_pseudocompact_rings_en.tex
[546] [547] [548])
(vii/tex/components/16_expose_VIIB_section02_statements_en.tex [549])
(vii/tex/components/17_expose_VIIB_section02D_proof_en.tex
(native_diagrams/exp7/viib_15_95/diag_079.tex) [550]
(native_diagrams/exp7/viib_15_95/diag_080.tex)
(native_diagrams/exp7/viib_15_95/diag_081.tex) [551])
(vii/tex/components/18_expose_VIIB_sections021_022_duality_en.tex [552]
[553])
(vii/tex/components/19_expose_VIIB_sections03_034_completed_tensor_en.tex
[554] [555] [556] [557])
(vii/tex/components/20_expose_VIIB_sections035_038_tensor_projectives_en.tex
[558] [559] (native_diagrams/exp7/viib_15_95/diag_082.tex)
(native_diagrams/exp7/viib_15_95/diag_083.tex [560]))
(vii/tex/components/21_expose_VIIB_section04_profinite_algebras_en.tex [561]
[562] [563]) (vii/tex/components/22_expose_VIIB_section05_base_change_en.tex
[564]) (vii/tex/components/23_expose_VIIB_sections11_122_bicoalgebras_en.tex
[565] [566] (native_diagrams/exp7/viib_15_95/diag_084.tex) [567])
(vii/tex/components/24_expose_VIIB_section123_anticoalgebras_en.tex [568]
[569] [570] [571])
(vii/tex/components/25_expose_VIIB_sections124_126_tensor_coalgebra_en.tex
[572] [573] [574])
(vii/tex/components/26_expose_VIIB_sections13_134_topological_flatness_en.tex
[575] [576] [577] (native_diagrams/exp7/viib_15_95/diag_085.tex)
(native_diagrams/exp7/viib_15_95/diag_086.tex)
(native_diagrams/exp7/viib_15_95/diag_087.tex) [578]
(native_diagrams/exp7/viib_15_95/diag_088.tex))
(vii/tex/components/27_expose_VIIB_section135_topological_flatness_duality_en.t
ex [579])
(vii/tex/components/28_expose_VIIB_section136_filtered_flat_coalgebras_en.tex
[580] [581] [582] [583] (native_diagrams/exp7/viib_15_95/diag_089.tex) [584])
(vii/tex/components/29_expose_VIIB_section14_descent_exactness_en.tex [585]
(native_diagrams/exp7/viib_15_95/diag_090.tex)
(native_diagrams/exp7/viib_15_95/diag_091.tex)
(native_diagrams/exp7/viib_15_95/diag_092.tex) [586]
(native_diagrams/exp7/viib_15_95/diag_093.tex) [587])
(vii/tex/components/30_expose_VIIB_section15_flat_topology_en.tex [588]
(native_diagrams/exp7/viib_15_95/diag_094.tex))
(vii/tex/components/31_expose_VIIB_sections16_16C_formally_etale_en.tex
[589] [590] [591])
(vii/tex/components/32_expose_VIIB_section16D_residue_base_change_en.tex)
(vii/tex/components/33_expose_VIIB_section16E_etale_criteria_en.tex [592]
[593] [594])
(vii/tex/components/34_expose_VIIB_section16F_etale_reflection_en.tex
(native_diagrams/exp7/viib_15_95/diag_095.tex) [595])
(vii/tex/components/35_expose_VIIB_sections161_162_flat_etale_reflection_en.tex
(native_diagrams/exp7/viib_15_95/diag_096.tex) [596]
(native_diagrams/exp7/viib_15_95/diag_097.tex)
(native_diagrams/exp7/viib_15_95/diag_098.tex))
(vii/tex/components/36_expose_VIIB_section21_formal_group_cogroups_en.tex
(native_diagrams/exp7/viib_15_95/diag_099.tex) [597]
(native_diagrams/exp7/viib_15_95/diag_100.tex)
(native_diagrams/exp7/viib_15_95/diag_101.tex) [598])
(vii/tex/components/37_expose_VIIB_section22_bialgebras_en.tex

Package hyperref Warning: Token not allowed in a PDF string (Unicode):
(hyperref)                removing `math shift' on input line 14.


Package hyperref Warning: Token not allowed in a PDF string (Unicode):
(hyperref)                removing `subscript' on input line 14.

)
(vii/tex/components/38_expose_VIIB_section221_flat_bialgebra_equivalence_en.tex
[599] [600] [601])
(vii/tex/components/39_expose_VIIB_section23_covariant_algebra_en.tex [602])
(vii/tex/components/40_expose_VIIB_proposition231_covariant_algebra_morphisms_e
n.tex (native_diagrams/exp7/viib_15_95/diag_102.tex) [603]
(native_diagrams/exp7/viib_15_95/diag_103.tex)
(native_diagrams/exp7/viib_15_95/diag_104.tex) [604])
(vii/tex/components/41_expose_VIIB_section232_cartier_universal_property_en.tex
[605] [606] [607] (native_diagrams/exp7/viib_15_95/diag_105.tex))
(vii/tex/components/42_expose_VIIB_section24_formal_group_quotients_en.tex
[608] (native_diagrams/exp7/viib_15_95/diag_106.tex)
(native_diagrams/exp7/viib_15_95/diag_107.tex)
(native_diagrams/exp7/viib_15_95/diag_108.tex) [609])
(vii/tex/components/43_expose_VIIB_section24A_semidirect_products_en.tex
[610] (native_diagrams/exp7/viib_15_95/diag_109.tex) [611]
(native_diagrams/exp7/viib_15_95/diag_110.tex))
(vii/tex/components/44_expose_VIIB_section24B_covariant_semidirect_products_en.
tex (native_diagrams/exp7/viib_15_95/diag_111.tex) [612])
(vii/tex/components/45_expose_VIIB_proposition241_kernel_quotient_image_en.tex
(native_diagrams/exp7/viib_15_95/diag_112.tex) [613])
(vii/tex/components/46_expose_VIIB_section242_abelian_categories_en.tex)
(vii/tex/components/47_expose_VIIB_section25_etale_formal_groups_en.tex
[614] [615])
(vii/tex/components/48_expose_VIIB_section251_infinitesimal_identity_component_
en.tex (native_diagrams/exp7/viib_15_95/diag_113.tex)
(native_diagrams/exp7/viib_15_95/diag_114.tex) [616]
(native_diagrams/exp7/viib_15_95/diag_115.tex))
(vii/tex/components/49_expose_VIIB_section252_perfect_field_splitting_en.tex
[617] (native_diagrams/exp7/viib_15_95/diag_116.tex)
(native_diagrams/exp7/viib_15_95/diag_117.tex))
(vii/tex/components/50_expose_VIIB_section253_unipotent_multiplicative_type_en.
tex [618])
(vii/tex/components/51_expose_VIIB_section26_lie_algebra_opening_en.tex
[619] (native_diagrams/exp7/viib_15_95/diag_118.tex) [620] [621])
(vii/tex/components/52_expose_VIIB_section262_enveloping_formal_group_en.tex
[622]) (vii/tex/components/53_expose_VIIB_section263_universal_property_en.tex
[623] (native_diagrams/exp7/viib_15_95/diag_119.tex))
(vii/tex/components/54_expose_VIIB_section27_infinitesimal_formal_monoids_en.te
x [624] [625])
(vii/tex/components/55_expose_VIIB_section28_unipotent_group_schemes_en.tex
[626] [627])
(vii/tex/components/56_expose_VIIB_section29_pointed_cocommutative_hopf_algebra
s_en.tex [628] [629])
(vii/tex/components/57_expose_VIIB_section3_and_31_primitives_en.tex [630])
(vii/tex/components/58_expose_VIIB_section32_exponential_logarithm_en.tex
[631] [632])
(vii/tex/components/59_expose_VIIB_section321_campbell_hausdorff_en.tex
[633]) (vii/tex/components/60_expose_VIIB_section33_cartier_theorem_en.tex
[634] [635] [636])
(vii/tex/components/61_expose_VIIB_section331_smoothness_corollary_en.tex
[637])
(vii/tex/components/62_expose_VIIB_section332_lie_formal_group_equivalence_en.t
ex) (vii/tex/components/63_expose_VIIB_section333_gamma_lie_algebras_en.tex
[638] (native_diagrams/exp7/viib_15_95/diag_120.tex) [639])
(vii/tex/components/64_expose_VIIB_section4_and_41_relative_frobenius_en.tex
[640])
(vii/tex/components/65_expose_VIIB_section411_formal_completion_frobenius_en.te
x [641] (native_diagrams/exp7/viib_15_95/diag_121.tex))
(vii/tex/components/66_expose_VIIB_section412_frobenius_kernels_height_en.tex
[642])
(vii/tex/components/67_expose_VIIB_sections42_421_restricted_enveloping_group_e
n.tex)
(vii/tex/components/68_expose_VIIB_section422_restricted_universal_property_en.
tex [643] (native_diagrams/exp7/viib_15_95/diag_122.tex))
(vii/tex/components/69_expose_VIIB_section43_restricted_pbw_filtration_en.tex
[644]) (vii/tex/components/70_expose_VIIB_section431_group_like_elements_en.tex
[645])
(vii/tex/components/71_expose_VIIB_section432_no_functorial_campbell_hausdorff_
en.tex [646] (native_diagrams/exp7/viib_15_95/diag_123.tex) [647])
(vii/tex/components/72_expose_VIIB_sections44_441_height_one_groups_en.tex
[648])
(vii/tex/components/73_expose_VIIB_section442_finite_height_filtration_en.tex
[649] (native_diagrams/exp7/viib_15_95/diag_124.tex) [650])
(vii/tex/components/74_expose_VIIB_section5_and_50_homogeneous_spaces_hopf_en.t
ex [651] [652])
(vii/tex/components/75_expose_VIIB_section51_quotient_criterion_en.tex [653]
[654]) (vii/tex/components/76_expose_VIIB_section511_cogroups_of_pairs_en.tex
[655])
(vii/tex/components/77_expose_VIIB_section512_graded_profinite_algebras_lemma_e
n.tex [656])
(vii/tex/components/78_expose_VIIB_section512_filtration_lemma_proof_corollary_
en.tex [657] (native_diagrams/exp7/viib_15_95/diag_125.tex))
(vii/tex/components/79_expose_VIIB_section513_graded_cogroup_splitting_en.tex
[658] (native_diagrams/exp7/viib_15_95/diag_126.tex))
(vii/tex/components/80_expose_VIIB_section514_graded_generation_en.tex [659]
(native_diagrams/exp7/viib_15_95/diag_127.tex))
(vii/tex/components/81_expose_VIIB_section514_proposition51_completion_en.tex
[660] (native_diagrams/exp7/viib_15_95/diag_128.tex) [661]
(native_diagrams/exp7/viib_15_95/diag_129.tex) [662])
(vii/tex/components/81b_expose_VIIB_section515_filtered_groups_lemma_en.tex
[663]) (vii/tex/components/82_expose_VIIB_section52_height_theorem_en.tex
[664])
(vii/tex/components/83_expose_VIIB_section521_reduction_proposition_en.tex)
(vii/tex/components/84_expose_VIIB_section521A_pseudobasis_splittings_en.tex
[665] (native_diagrams/exp7/viib_15_95/diag_130.tex)
(native_diagrams/exp7/viib_15_95/diag_131.tex) [666])
(vii/tex/components/85_expose_VIIB_section521B_split_filtered_spaces_en.tex
[667])
(vii/tex/components/86_expose_VIIB_section521C_stationary_filtration_en.tex
[668]) (vii/tex/components/87_expose_VIIB_section522_height_one_case_en.tex)
(vii/tex/components/88_expose_VIIB_section523_finite_height_induction_en.tex
[669] (native_diagrams/exp7/viib_15_95/diag_132.tex)
(native_diagrams/exp7/viib_15_95/diag_133.tex) [670]
(native_diagrams/exp7/viib_15_95/diag_134.tex))
(vii/tex/components/89_expose_VIIB_section524_frobenius_twist_induction_en.tex
(native_diagrams/exp7/viib_15_95/diag_135.tex) [671])
(vii/tex/components/90_expose_VIIB_remark524A_finite_height_filtration_en.tex
[672])
(vii/tex/components/91_expose_VIIB_section525_infinite_height_limit_en.tex
[673])
(vii/tex/components/92_expose_VIIB_section526_infinite_completed_tensor_product
_en.tex [674])
(vii/tex/components/93_expose_VIIB_sections53_54_stationary_algebras_corollary_
en.tex [675]) (vii/tex/components/94_expose_VIIB_section55_complements_en.tex
[676] [677]) (vii/tex/components/95_expose_VIIB_bibliography_en.tex [678]
[679])) [680] (index_tomeI/tex/components/00_tomeI_index_entries_en.tex
[681] [682] [683]) [684] (tex/components/37_expose_VIII_complete.tex
(upstream_controls/exposeVIII_checkpoint_20260724_r1/source/tex/components/01_e
xpose_VIII_opening_through_corollary_1_3.tex [685] [686])
(upstream_controls/exposeVIII_checkpoint_20260724_r1/source/tex/components/02_e
xpose_VIII_corollary_1_4_through_remark_1_7_4.tex [687] [688] [689] [690])
(upstream_controls/exposeVIII_checkpoint_20260724_r1/source/tex/components/dele
gated_sections2_4/01_expose_VIII_s2_s4_pp007_013.tex [691] [692] [693] [694]
[695] [696])
(upstream_controls/exposeVIII_checkpoint_20260724_r1/source/tex/components/03_e
xpose_VIII_section4_continuation_p14.tex [697])
(upstream_controls/exposeVIII_checkpoint_20260724_r1/source/tex/components/dele
gated_sections5_6/05_expose_VIII_section5_en.tex [698] [699] [700])
(upstream_controls/exposeVIII_checkpoint_20260724_r1/source/tex/components/dele
gated_sections5_6/06_expose_VIII_section6_en.tex [701] [702] [703] [704]
[705] [706])
(upstream_controls/exposeVIII_checkpoint_20260724_r1/source/tex/components/05_e
xpose_VIII_section7_part1.tex [707] [708] [709])
(upstream_controls/exposeVIII_checkpoint_20260724_r1/source/tex/components/06_e
xpose_VIII_section7_part2_and_bibliography.tex [710] [711] [712])) [713]
(ix/components/01_expose_IX_opening_and_section_1.tex [714] [715])
(ix/components/02_expose_IX_sections_2_3.tex [716] [717] [718] [719] [720]
[721]) (ix/components/03_expose_IX_sections_4_5.tex [722] [723] [724] [725]
[726] [727] [728] [729] [730] [731] [732] [733] [734] [735])
(ix/components/04_expose_IX_sections_6_7.tex [736] [737] [738] [739] [740]
[741] [742] [743] [744])
(ix/components/05_expose_IX_section_8_and_bibliography.tex [745] [746])
[747] (x/components/01_expose_X_sections1_3.tex [748] [749]
(native_diagrams/exp10/001_normalization_gluing_chain.tex) [750]
(native_diagrams/exp10/002_descent_hom_exact_rows.tex)
(native_diagrams/exp10/003_diagonalizable_hom_square.tex) [751] [752] [753]
[754] [755] [756] [757]) (x/components/02_expose_X_sections4_6.tex
(native_diagrams/exp10/004_etale_cover_equivalence_triangle.tex

LaTeX Font Warning: Command \small invalid in math mode on input line 1.

) [758] [759] [760] [761] [762] [763] [764] [765] [766] [767] [768] [769]
[770] [771] [772]) (x/components/03_expose_X_sections7_9_bibliography.tex
[773] [774] [775] [776] [777] [778] [779] [780] [781] [782] [783] [784]
[785] [786]

Package hyperref Warning: Token not allowed in a PDF string (Unicode):
(hyperref)                removing `math shift' on input line 1046.


Package hyperref Warning: Token not allowed in a PDF string (Unicode):
(hyperref)                removing `\@@overline' on input line 1046.


Package hyperref Warning: Token not allowed in a PDF string (Unicode):
(hyperref)                removing `\pi' on input line 1046.


Package hyperref Warning: Token not allowed in a PDF string (Unicode):
(hyperref)                removing `superscript' on input line 1046.


Package hyperref Warning: Token not allowed in a PDF string (Unicode):
(hyperref)                removing `\leavevmode@ifvmode' on input line 1046.


Package hyperref Warning: Token not allowed in a PDF string (Unicode):
(hyperref)                \kern 1.82538pt
(hyperref)                removed on input line 1046.


Package hyperref Warning: Token not allowed in a PDF string (Unicode):
(hyperref)                removing `\xi' on input line 1046.


Package hyperref Warning: Token not allowed in a PDF string (Unicode):
(hyperref)                removing `math shift' on input line 1082.


Package hyperref Warning: Token not allowed in a PDF string (Unicode):
(hyperref)                removing `math shift' on input line 1082.


Package hyperref Warning: Token not allowed in a PDF string (Unicode):
(hyperref)                removing `subscript' on input line 1082.


Package hyperref Warning: Token not allowed in a PDF string (Unicode):
(hyperref)                removing `\bullet' on input line 1082.


Package hyperref Warning: Token not allowed in a PDF string (Unicode):
(hyperref)                removing `\to' on input line 1082.


Package hyperref Warning: Token not allowed in a PDF string (Unicode):
(hyperref)                removing `subscript' on input line 1082.


Package hyperref Warning: Token not allowed in a PDF string (Unicode):
(hyperref)                removing `\bullet' on input line 1082.

[787]) [788] (xi/components/01_expose_XI_opening_through_remark_1_5.tex
[789] [790] [791]) (xi/components/02_expose_XI_remark_1_6.tex [792])
(xi/components/03_expose_XI_remarks_1_7_1_8.tex [793])
(xi/components/04_expose_XI_proposition_1_9_through_corollary_1_11.tex [794])
(xi/components/05_expose_XI_section_2.tex [795] [796] [797])
(xi/components/06_expose_XI_section_3_opening_through_remark_3_6.tex [798]
[799] [800] [801])
(xi/components/07_expose_XI_proposition_3_7_through_corollary_3_11.tex [802]
[803] [804] [805] [806])
(xi/components/08_expose_XI_proposition_3_12_and_remark_3_13.tex [807] [808])
(xi/components/09_expose_XI_section_4.tex [809] [810] [811] [812] [813])
(xi/components/10_expose_XI_section_5.tex [814] [815] [816] [817])
(xi/components/11_expose_XI_section_6_through_end.tex [818] [819] [820]
[821] [822] [823]) [824] (xii/tex/components/00_expose_XII_sections1_3_en.tex
[825] [826] [827] [828] [829] [830] [831] [832] [833] [834] [835])
(xii/tex/components/01_expose_XII_sections4_6_en.tex [836] [837] [838] [839]
[840] [841] [842] [843] [844] [845] [846] [847] [848] [849] [850] [851])
(xii/tex/components/02_expose_XII_sections7_9_bibliography_en.tex [852]
[853] [854] [855] [856] [857] [858] [859] [860] [861] [862] [863] [864]
[865] [866] [867] [868] [869] [870] [871] [872]) [873]
(xiii/components/01_expose_XIII_opening.tex [874])
(xiii/components/02_expose_XIII_section1_remainder_and_section2.tex [875]
[876]

Package hyperref Warning: Token not allowed in a PDF string (Unicode):
(hyperref)                removing `math shift' on input line 124.

[877] [878] [879] [880] [881] [882] [883] [884] [885] [886])
(xiii/components/03_expose_XIII_sections3_4.tex [887] [888] [889] [890]
[891] [892] [893] [894]) (xiii/components/04_expose_XIII_sections5_6.tex
[895] [896] [897] [898] [899] [900] [901]) [902]
(xiv/tex/SGA3_Expose_XIV_body.tex
(xiv/tex/components/00_expose_XIV_section1_opening_en.tex [903] [904])
(xiv/tex/components/01_expose_XIV_lemma21_proof_through_definition25_en.tex
[905]) (xiv/tex/components/02_expose_XIV_proposition26_corollary27_en.tex
[906]) (xiv/tex/components/03_expose_XIV_corollary28_and_nilpotent_rank_en.tex)
(xiv/tex/components/04_expose_XIV_proposition29_through_corollary211_en.tex
[907]) (xiv/tex/components/05_expose_XIV_remark212_lemma213_en.tex [908])
(xiv/tex/components/06_expose_XIV_corollary214_remark215_en.tex [909])
(xiv/tex/components/07_expose_XIV_cartans_functor_theorem216_statement_en.tex
[910])
(xiv/tex/components/08_expose_XIV_theorem216_proof_corollary217_remark218_en.te
x [911] [912]) (xiv/tex/components/09_expose_XIV_theorem31_en.tex [913])
(xiv/tex/components/10_expose_XIV_corollary32_lemma33_en.tex [914])
(xiv/tex/components/11_expose_XIV_corollary34_through_definition38_en.tex)
(xiv/tex/components/12_expose_XIV_theorem39_through_corollary311_en.tex
[915])
(xiv/tex/components/13_expose_XIV_proposition312_through_corollary315_en.tex
[916]) (xiv/tex/components/14_expose_XIV_corollary316_remarks317_en.tex
[917]) (xiv/tex/components/15_expose_XIV_theorem318_corollary319_en.tex
[918]) (xiv/tex/components/16_expose_XIV_corollary320_remarks321_en.tex
[919])
(xiv/tex/components/17_expose_XIV_section4_definition41_through_definition45_en
.tex [920])
(xiv/tex/components/18_expose_XIV_remarks46_through_remarks481_en.tex [921])
(xiv/tex/components/19_expose_XIV_proposition49_corollary410_en.tex [922]
[923]) (xiv/tex/components/20_expose_XIV_theorem411_corollary412_en.tex
[924])
(xiv/tex/components/21_expose_XIV_section5_theorem51_through_lemma53_en.tex
[925] [926])
(xiv/tex/components/22_expose_XIV_corollary54_through_corollary56_en.tex
[927]) (xiv/tex/components/23_expose_XIV_section6_theorem61_en.tex [928])
(xiv/tex/components/24_expose_XIV_corollary62_lemma63_en.tex [929])
(xiv/tex/components/25_expose_XIV_corollary64_through_corollary610_en.tex
[930]) (xiv/tex/components/26_expose_XIV_remarks611_en.tex [931])
(xiv/tex/components/27_expose_XIV_appendix_opening_lemma1_en.tex [932])
(xiv/tex/components/28_expose_XIV_appendix_lemmas2_4_theorem_end_en.tex
[933])
(xiv/tex/components/29_expose_XIV_appendix_lemma3_proof_through_case2_en.tex
[934]) (xiv/tex/components/30_expose_XIV_appendix_lemma3_case3_end_en.tex
[935]
Underfull \hbox (badness 1484) in paragraph at lines 96--102
[]\T1/lmr/m/n/10.95 Choose a to-tal or-der on $\OML/lmm/m/it/10.95 S$ \T1/lmr/m
/n/10.95 for which ev-ery $\OML/lmm/m/it/10.95  $\T1/lmr/m/n/10.95 -orbit is a 
seg-ment, and write
)) [936] (xv/tex/components/00_expose_XV_title_and_introduction.tex)
(xv/tex/components/01_expose_XV_section1_opening.tex [937] [938])
(xv/tex/components/02_expose_XV_section1_remainder_and_section2.tex [939]
[940] [941] [942] [943] [944] [945] [946] [947] [948] [949])
(xv/tex/components/03_expose_XV_section3.tex [950] [951] [952] [953] [954]
[955] [956] [957] [958] [959] [960] [961])
(xv/tex/components/04_expose_XV_section4.tex

Package hyperref Warning: Token not allowed in a PDF string (Unicode):
(hyperref)                removing `math shift' on input line 6.


Package hyperref Warning: Token not allowed in a PDF string (Unicode):
(hyperref)                removing `math shift' on input line 6.


Package hyperref Warning: Token not allowed in a PDF string (Unicode):
(hyperref)                removing `subscript' on input line 6.

[962] [963] [964] [965] [966]) (xv/tex/components/05_expose_XV_section5.tex
[967] [968] [969] [970] [971]) (xv/tex/components/06_expose_XV_section6.tex
[972] [973] [974] [975] [976] [977] [978] [979] [980] [981] [982])
(xv/tex/components/07_expose_XV_section7.tex [983] [984] [985] [986] [987])
(xv/tex/components/08_expose_XV_section8_through_theorem8_9.tex [988] [989]
[990] [991] [992])
(xv/tex/components/09_expose_XV_section8_remainder_and_end.tex [993] [994]
[995] [996] [997] [998]) [999]
(xvi/tex/components/01_expose_XVI_section1_immersion_criterion.tex [1000]
[1001] [1002] [1003] [1004] [1005] [1006] [1007])
(xvi/tex/components/02_expose_XVI_section2_quotient_representability.tex
[1008] (native_diagrams/exp16/001_theorem_2_2_factorization_triangle.tex)
[1009] (native_diagrams/exp16/002_corollary_2_3_factorization_triangle.tex)
[1010]) (xvi/tex/components/03_expose_XVI_section3_flat_center.tex [1011]
(native_diagrams/exp16/003_proposition_3_1_factorization_triangle.tex) [1012]
[1013] [1014] [1015])
(xvi/tex/components/04_expose_XVI_section4_affine_fibers.tex [1016] [1017])
(xvi/tex/components/05_expose_XVI_section5_reductive_semisimple.tex [1018])
(xvi/tex/components/06_expose_XVI_section6_rigidity.tex [1019] [1020] [1021])
[1022] (xvii/tex/SGA3_Expose_XVII_body.tex
(xvii/tex/components/00_expose_XVII_title_and_section0.tex [1023])
(xvii/tex/components/01_expose_XVII_section1_opening.tex)
(xvii/tex/components/02_expose_XVII_section1_remainder_and_section2_opening.tex
[1024] [1025])
(xvii/tex/components/03_expose_XVII_section2_continued_page005.tex [1026])
(xvii/tex/components/04_expose_XVII_cartier_duality_and_section3_opening_page00
6.tex [1027])
(xvii/tex/components/05_expose_XVII_proposition3_2_proof_and_lemma3_3_page007.t
ex [1028])
(xvii/tex/components/06_expose_XVII_corollary3_4_theorem3_5_definition3_6_page0
08.tex [1029])
(xvii/tex/components/07_expose_XVII_corollaries3_7_3_8_and_lemma3_9_page009.tex
[1030] [1031]) (xvii/tex/components/08_expose_XVII_lemma3_9_proof_page010.tex)
(xvii/tex/components/09_expose_XVII_lemma3_9_iii_and_3_9_ter_page011.tex
[1032])
(xvii/tex/components/10_expose_XVII_proposition3_10_through_section4_opening_pa
ge012.tex [1033])
(xvii/tex/components/11_expose_XVII_proposition4_1_1_and_lemma4_1_2_page013.tex
[1034])
(xvii/tex/components/12_expose_XVII_corollary4_1_3_through_lemma4_1_5_page014.t
ex [1035]) (xvii/tex/components/13_expose_XVII_lemma4_1_5_proof_page015.tex
[1036])
(xvii/tex/components/14_expose_XVII_lemma4_1_5_completion_pages015_016.tex)
(xvii/tex/components/15_expose_XVII_subsection4_2_through_height1_case_pages016
_017.tex [1037] [1038])
(xvii/tex/components/16_expose_XVII_proposition4_2_1_general_case_page017.tex)
(xvii/tex/components/17_expose_XVII_proposition4_3_1_and_lemma4_3_2_pages017_01
8.tex

Package hyperref Warning: Token not allowed in a PDF string (Unicode):
(hyperref)                removing `math shift' on input line 4.

[1039]) (xvii/tex/components/18_expose_XVII_proposition4_3_1_proof_page018.tex
[1040])
(xvii/tex/components/19_expose_XVII_proposition4_3_1_completion_through_section
4_5_opening_page019.tex [1041])
(xvii/tex/components/20_expose_XVII_section4_5_proof_through_theorem5_1_1_pages
019_021.tex [1042] [1043])
(xvii/tex/components/21_expose_XVII_subsection5_2_through_lemma5_2_4_pages022_0
23.tex [1044] [1045])
(xvii/tex/components/22_expose_XVII_corollary5_2_4_bis_through_proposition5_3_1
_opening_page024.tex [1046])
(xvii/tex/components/23_expose_XVII_proposition5_3_1_completion_and_proposition
5_4_1_opening_page025.tex [1047])
(xvii/tex/components/24_expose_XVII_proposition5_4_1_completion_through_proposi
tion5_6_1_statement_pages026_028.tex [1048] [1049] [1050])
(xvii/tex/components/25_expose_XVII_proposition5_6_1_proof_and_section5_7_pages
028_031.tex [1051] [1052] [1053] [1054])
(xvii/tex/components/26_expose_XVII_section5_8_pages031_032.tex [1055] [1056])
(xvii/tex/components/27_expose_XVII_section5_9_counterexamples_pages032_034.tex
[1057] [1058])
(xvii/tex/components/28_expose_XVII_section6_1_and_proofs_A_B_pages035_037.tex
[1059] [1060] [1061])
(xvii/tex/components/29_expose_XVII_proof_C_and_section6_4_examples_page038.tex
[1062]

Package hyperref Warning: Token not allowed in a PDF string (Unicode):
(hyperref)                removing `math shift' on input line 11.


Package hyperref Warning: Token not allowed in a PDF string (Unicode):
(hyperref)                removing `math shift' on input line 11.

[1063])
(xvii/tex/components/30_expose_XVII_section6_4_completion_and_proposition7_1_1_
page039.tex [1064])
(xvii/tex/components/31_expose_XVII_proposition7_1_1_completion_and_theorem7_2_
1_page040.tex [1065])
(xvii/tex/components/32_expose_XVII_theorem7_2_1_completion_through_lemma7_3_2_
page041.tex [1066])
(xvii/tex/components/33_expose_XVII_lemma7_3_2_completion_and_appendixA_opening
_page042.tex [1067])
(xvii/tex/components/34_expose_XVII_appendixA_1_completion_and_A_2_page043.tex
[1068])
(xvii/tex/components/35_expose_XVII_appendixA_sections2_3_and_appendixB_opening
_page044.tex [1069])
(xvii/tex/components/36_expose_XVII_appendixB_pages045_046_and_appendixC_openin
g.tex [1070] [1071])
(xvii/tex/components/37_expose_XVII_appendixC_sections2_through5_and_end_pages0
47_049.tex [1072] [1073] [1074])) [1075] (xviii/tex/SGA3_Expose_XVIII_body.tex
(xviii/tex/components/01_expose_XVIII_introduction_and_section1.tex [1076]
[1077]) (xviii/tex/components/02_expose_XVIII_section2.tex
(native_diagrams/exp18/001_proposition_2_3_compatibility_square.tex) [1078]
[1079] [1080]) (xviii/tex/components/03_expose_XVIII_section3.tex [1081]
[1082] [1083] [1084] [1085] [1086] [1087] [1088] [1089] [1090]
(native_diagrams/exp18/002_cartesian_relation_square.tex) [1091] [1092]
[1093] [1094])) [1095] (guide/tex/SGA3_Tome_III_Mathematical_Guide_body.tex
(guide/tex/components/01_tomeIII_contents_english.tex [1096] [1097] [1098]))
[1099] (xix/tex/SGA3_Expose_XIX_body.tex
(xix/tex/components/00_expose_XIX_title_intro_and_section1_opening_page001.tex)
(xix/tex/components/01_expose_XIX_section1_1_through_1_3_page002.tex [1100])
(xix/tex/components/02_expose_XIX_corollary1_3_3_through_section1_5_page003.tex
[1101])
(xix/tex/components/03_expose_XIX_definition1_6_1_through_section1_7_page004.te
x [1102])
(xix/tex/components/04_expose_XIX_sections1_8_through_1_10_pages005_006.tex
[1103]) (xix/tex/components/05_expose_XIX_lemma1_11_opening_page006.tex
[1104])
(xix/tex/components/06_expose_XIX_lemma1_11_completion_and_proposition1_12_page
s007_008.tex [1105] [1106])
(xix/tex/components/07_expose_XIX_section2_scholium2_1_and_2_2_pages008_009.tex
) (xix/tex/components/08_expose_XIX_lemma2_3_and_remark2_4_page009.tex [1107])
(xix/tex/components/09_expose_XIX_notations2_5_0_and_theorem2_5_page010.tex
[1108]) (xix/tex/components/10_expose_XIX_theorem2_5_proof_pages010_012.tex
[1109])
(xix/tex/components/11_expose_XIX_corollary2_6_through_remark2_9_page012.tex
[1110]) (xix/tex/components/12_expose_XIX_section3_1_through_3_4_page013.tex
[1111])
(xix/tex/components/13_expose_XIX_lemma3_5_through_root_functor_page014.tex
[1112])
(xix/tex/components/14_expose_XIX_proposition3_8_through_3_10_page015.tex)
(xix/tex/components/15_expose_XIX_section4_1_and_lemma4_2_pages015_016.tex
[1113])
(xix/tex/components/16_expose_XIX_notations4_3_through_scholium4_4_2_page016.te
x [1114])
(xix/tex/components/17_expose_XIX_paragraph4_5_through_corollary4_9_page017.tex
[1115])
(xix/tex/components/18_expose_XIX_reminder4_10_through_proposition4_12_statemen
t_page018.tex [1116])
(xix/tex/components/19_expose_XIX_proposition4_12_part_c_and_proof_page019.tex
[1117])
(xix/tex/components/20_expose_XIX_section5_1_through_lemma5_3_page020.tex
[1118])
(xix/tex/components/21_expose_XIX_lemma5_3_completion_through_lemma5_7_page021.
tex [1119])
(xix/tex/components/22_expose_XIX_lemma5_7_proof_through_paragraph5_11_page022.
tex [1120])
(xix/tex/components/23_expose_XIX_paragraph5_11_completion_through_proposition6
_1_opening_page023.tex [1121])
(xix/tex/components/24_expose_XIX_proposition6_1_proof_through_proposition6_3_o
pening_page024.tex [1122])
(xix/tex/components/25_expose_XIX_proposition6_3_completion_and_bibliography_pa
ge025.tex [1123])) [1124] (xx/tex/SGA3_Expose_XX_body.tex
(xx/tex/components/00_expose_XX_recollection11_through_14_en.tex

Package hyperref Warning: Token not allowed in a PDF string (Unicode):
(hyperref)                removing `math shift' on input line 9.


Package hyperref Warning: Token not allowed in a PDF string (Unicode):
(hyperref)                removing `subscript' on input line 9.


Package hyperref Warning: Token not allowed in a PDF string (Unicode):
(hyperref)                removing `\alpha' on input line 9.


Package hyperref Warning: Token not allowed in a PDF string (Unicode):
(hyperref)                removing `math shift' on input line 9.


Package hyperref Warning: Token not allowed in a PDF string (Unicode):
(hyperref)                removing `subscript' on input line 9.


Package hyperref Warning: Token not allowed in a PDF string (Unicode):
(hyperref)                removing `\alpha' on input line 9.

[1125] [1126]) (xx/tex/components/01_expose_XX_theorem15_through_lemma18_en.tex
 [1127] [1128]) (xx/tex/components/02_expose_XX_proof17_through_proof110_en.tex
 [1129] [1130]) (xx/tex/components/03_expose_XX_par112_through_cor121_en.tex
[1131] [1132]) (xx/tex/components/04_expose_XX_theorem21_prop22_partA_en.tex
[1133] [1134] [1135])
(xx/tex/components/05_expose_XX_prop22_partsBC_lemma23_en.tex [1136] [1137])
(xx/tex/components/06_expose_XX_prop22_partsD_through_G_en.tex [1138] [1139]
[1140]) (xx/tex/components/07_expose_XX_cor24_through_lemma213_en.tex [1141]
[1142])
(xx/tex/components/08_expose_XX_lemma214_through_theorem31_statement_en.tex
[1143] [1144])
(xx/tex/components/09_expose_XX_theorem31_proof_through_remark34_en.tex
[1145] [1146]) (xx/tex/components/10_expose_XX_par35_through_cor38_en.tex
[1147] [1148] [1149])
(xx/tex/components/11_expose_XX_remark39_through_prop311_en.tex
Underfull \hbox (badness 1466) in paragraph at lines 51--54
\T1/lmr/m/it/10.95 be the con-tra-gre-di-ent iso-mor-phism. Sup-pose that, for 
ev-ery $\OML/lmm/m/it/10.95 S[] \OMS/lmsy/m/n/10.95 ! \OML/lmm/m/it/10.95 S$ \T
1/lmr/m/it/10.95 and ev-ery
[1150] [1151]) (xx/tex/components/12_expose_XX_prop312_through_cor44_en.tex
[1152] [1153])
(xx/tex/components/13_expose_XX_section5_par51_through_par56_en.tex [1154]
[1155] [1156]) (xx/tex/components/14_expose_XX_par57_through_theorem511_en.tex
[1157] [1158]) (xx/tex/components/15_expose_XX_section6_through_lemma621_en.tex
[1159] [1160]) (xx/tex/components/16_expose_XX_lemma622_through_end_en.tex
[1161])) [1162] (xxi/tex/SGA3_Expose_XXI_body.tex
(xxi/tex/components/00_expose_XXI_opening_through_scholium1113_en.tex [1163]
[1164])
(xxi/tex/components/01_expose_XXI_section12_through_application212_en.tex
[1165] [1166] [1167])
(xxi/tex/components/02_expose_XXI_definition213_through_definition223_en.tex
[1168]) (xxi/tex/components/03_expose_XXI_remark224_through_lemma311_en.tex
[1169] [1170] [1171])
(xxi/tex/components/04_expose_XXI_proposition312_through_remark319_en.tex
[1172] [1173])
(xxi/tex/components/05_expose_XXI_corollary3110_through_definition325_en.tex
[1174])
(xxi/tex/components/06_expose_XXI_proposition326_through_lemma3210_en.tex
[1175]) (xxi/tex/components/07_expose_XXI_lemma3211_through_lemma3216_en.tex
[1176]) (xxi/tex/components/08_expose_XXI_lemma331_through_corollary339_en.tex
[1177])
(xxi/tex/components/09_expose_XXI_proof336_through_definition33101_en.tex
[1178]) (xxi/tex/components/10_expose_XXI_scholium3311_through_remark345_en.tex
[1179] [1180])
(xxi/tex/components/11_expose_XXI_definition346_through_lemma349_en.tex
[1181])
(xxi/tex/components/12_expose_XXI_lemma3410_through_proposition354_en.tex
[1182])
(xxi/tex/components/13_expose_XXI_proposition355_through_lemma361_en.tex
[1183] [1184])
(xxi/tex/components/14_expose_XXI_definition362_through_definition368_en.tex
[1185])
(xxi/tex/components/15_expose_XXI_proposition369_through_remark3614_en.tex
[1186]) (xxi/tex/components/16_expose_XXI_section4_rank_two_tables_en.tex

Package hyperref Warning: Token not allowed in a PDF string (Unicode):
(hyperref)                removing `math shift' on input line 1.

[1187]) (xxi/tex/components/17_expose_XXI_proposition41_through_lemma42_en.tex
[1188])
(xxi/tex/components/18_expose_XXI_corollary43_through_lemma52_statement_en.tex
[1189] [1190]) (xxi/tex/components/19_expose_XXI_lemma52_proof_partA_en.tex
[1191])
(xxi/tex/components/20_expose_XXI_lemma52_partB_through_theorem56_statement_en.
tex [1192]) (xxi/tex/components/21_expose_XXI_theorem56_proof_en.tex [1193])
(xxi/tex/components/22_expose_XXI_section61_morphisms_en.tex [1194])
(xxi/tex/components/23_expose_XXI_section62_isogenies_en.tex [1195])
(xxi/tex/components/24_expose_XXI_section63_radical_coradical_en.tex [1196]
[1197]) (xxi/tex/components/25_expose_XXI_section64_products_en.tex [1198])
(xxi/tex/components/26_expose_XXI_section65_induced_through_lemma654_en.tex
[1199]) (xxi/tex/components/27_expose_XXI_section65_special_cases_en.tex
[1200] [1201]) (xxi/tex/components/28_expose_XXI_section66_weights_partA_en.tex
[1202])
(xxi/tex/components/29_expose_XXI_section66_partB_through_lemma671_en.tex
[1203] [1204])
(xxi/tex/components/30_expose_XXI_proposition672_through_lemma677_en.tex
[1205]) (xxi/tex/components/31_expose_XXI_remark678_through_example686_en.tex

Package hyperref Warning: Token not allowed in a PDF string (Unicode):
(hyperref)                removing `math shift' on input line 9.

[1206])
(xxi/tex/components/32_expose_XXI_proposition687_through_proposition711_en.tex
[1207])
(xxi/tex/components/33_expose_XXI_proposition713_through_lemma723_en.tex
[1208] [1209])
(xxi/tex/components/34_expose_XXI_remark724_through_remark729_en.tex [1210])
(xxi/tex/components/35_expose_XXI_section73_cartan_matrix_en.tex [1211])
(xxi/tex/components/36_expose_XXI_section74_dynkin_diagrams_en.tex [1212]
(xxi/tex/figures/xxi_p44_dynkin_classification_native.tex) [1213])
(xxi/tex/components/37_expose_XXI_section75_p_morphisms_and_bibliography_en.tex

Package hyperref Warning: Token not allowed in a PDF string (Unicode):
(hyperref)                removing `math shift' on input line 1.

[1214])) [1215] (xxii/tex/SGA3_Expose_XXII_body.tex
(xxii/tex/components/01_expose_XXII_title_section1.tex [1216]
(native_diagrams/exp22/diag_001_root_transport_square.tex) [1217] [1218]
[1219] [1220] [1221] [1222] [1223]
(native_diagrams/exp22/diag_002_weyl_commutative_triangle.tex)
(native_diagrams/exp22/diag_003_Nw_fiber_square.tex) [1224] [1225] [1226]
[1227] [1228] [1229] (native_diagrams/exp22/diag_004_split_morphism_grid.tex)
(native_diagrams/exp22/diag_005_weyl_isomorphism_square.tex) [1230] [1231]
[1232] [1233] [1234] [1235] [1236] [1237] [1238] [1239] [1240] [1241] [1242]
[1243] [1244] [1245] [1246] [1247] [1248] [1249] [1250] [1251] [1252]
(native_diagrams/exp22/diag_006_prop561_implication_scheme.tex) [1253] [1254]
[1255] [1256] [1257] [1258] [1259] [1260] [1261] [1262] [1263] [1264] [1265]
[1266] [1267] [1268] (native_diagrams/exp22/diag_007_opposite_borel_square.tex)
[1269] [1270] [1271] [1272] [1273] [1274] [1275] [1276] [1277] [1278] [1279]
[1280] [1281] [1282] [1283] [1284]
(native_diagrams/exp22/diag_008_coradical_triangle.tex) [1285] [1286] [1287]
[1288])) [1289] (xxiii/tex/SGA3_Expose_XXIII_body.tex
(xxiii/tex/components/00_expose_XXIII_title_and_definition11.tex)
(xxiii/tex/components/01_expose_XXIII_par12_and_definition13.tex [1290])
(xxiii/tex/components/02_expose_XXIII_par14_through_scholium16.tex [1291])
(xxiii/tex/components/03_expose_XXIII_par17_through_remark193.tex

Package hyperref Warning: Token not allowed in a PDF string (Unicode):
(hyperref)                removing `math shift' on input line 1.


Package hyperref Warning: Token not allowed in a PDF string (Unicode):
(hyperref)                removing `subscript' on input line 1.


Package hyperref Warning: Token not allowed in a PDF string (Unicode):
(hyperref)                removing `\Delta' on input line 1.


Package hyperref Warning: Token not allowed in a PDF string (Unicode):
(hyperref)                removing `subscript' on input line 1.


Package hyperref Warning: Token not allowed in a PDF string (Unicode):
(hyperref)                removing `math shift' on input line 63.


Package hyperref Warning: Token not allowed in a PDF string (Unicode):
(hyperref)                removing `\new@ifnextchar' on input line 63.


Package hyperref Warning: Token not allowed in a PDF string (Unicode):
(hyperref)                removing `subscript' on input line 63.

[1292] [1293]

Package hyperref Warning: Token not allowed in a PDF string (Unicode):
(hyperref)                removing `math shift' on input line 173.

) (xxiii/tex/components/04_expose_XXIII_theorem21_through_corollary24.tex
[1294] [1295] [1296] [1297] [1298] [1299])
(xxiii/tex/components/05_expose_XXIII_cor25_through_par313.tex [1300] [1301]

Package hyperref Warning: Token not allowed in a PDF string (Unicode):
(hyperref)                removing `math shift' on input line 158.

[1302] [1303]) (xxiii/tex/components/06_expose_XXIII_type_A2_and_B2.tex

Package hyperref Warning: Token not allowed in a PDF string (Unicode):
(hyperref)                removing `math shift' on input line 1.


Package hyperref Warning: Token not allowed in a PDF string (Unicode):
(hyperref)                removing `subscript' on input line 1.

[1304] [1305]

Package hyperref Warning: Token not allowed in a PDF string (Unicode):
(hyperref)                removing `math shift' on input line 209.


Package hyperref Warning: Token not allowed in a PDF string (Unicode):
(hyperref)                removing `subscript' on input line 209.

[1306] [1307]) (xxiii/tex/components/07_expose_XXIII_type_G2.tex

Package hyperref Warning: Token not allowed in a PDF string (Unicode):
(hyperref)                removing `math shift' on input line 1.


Package hyperref Warning: Token not allowed in a PDF string (Unicode):
(hyperref)                removing `subscript' on input line 1.

[1308] [1309] [1310] [1311])
(xxiii/tex/components/08_expose_XXIII_generators_relations_explicit.tex
[1312]) (xxiii/tex/components/09_expose_XXIII_fundamental_theorem.tex [1313]
[1314] [1315] [1316]) (xxiii/tex/components/10_expose_XXIII_corollaries.tex
[1317] [1318] [1319])
(xxiii/tex/components/11_expose_XXIII_chevalley_systems_and_bibliography.tex
[1320] [1321] [1322] [1323])) [1324] (xxiv/tex/SGA3_Expose_XXIV_body.tex
(xxiv/tex/components/01_expose_XXIV_title_intro.tex [1325] [1326])
(xxiv/tex/components/02_expose_XXIV_theorem13_lemma15_uniqueness.tex [1327]
[1328])
(xxiv/tex/components/03_expose_XXIV_lemma15_existence_corollaries16_18.tex
[1329]) (xxiv/tex/components/04_expose_XXIV_corollaries19_110_remark111.tex
[1330]) (xxiv/tex/components/05_expose_XXIV_corollaries112_115.tex [1331])
(xxiv/tex/components/06_expose_XXIV_corollary115_through_proposition28_en.tex
[1332] [1333] [1334] [1335] [1336])
(xxiv/tex/components/07_expose_XXIV_section2_conclusion_and_section3_through_39
_en.tex [1337] [1338] [1339] [1340])
(xxiv/tex/components/08_expose_XXIV_39_proof_through_corollary312_en.tex
[1341] (native_diagrams/exp24/001_split_autext_exact_sequence.tex)
(<LOCAL_HOME>\AppData\Local\Programs\MiKTeX\tex/latex/lm\ot1lmss.fd)
(native_diagrams/exp24/002_rev_qep_redext_triangle.tex) [1342] [1343] [1344])
(xxiv/tex/components/09_expose_XXIV_proposition313_through_remark3168_en.tex
[1345] [1346] [1347])
(xxiv/tex/components/10_expose_XXIV_section4_through_theorem441_setup_en.tex
[1348] [1349] [1350] [1351] (native_diagrams/exp24/003_inverse_image_grid.tex)
[1352] (native_diagrams/exp24/004_rev_base_triangle.tex))
(xxiv/tex/components/11_expose_XXIV_lemma444_through_section54_en.tex [1353]
[1354])
(xxiv/tex/components/12_expose_XXIV_proposition55_through_remark631_en.tex
[1355] (native_diagrams/exp24/012_isomorphism_dynkin_comparison.tex) [1356]
(native_diagrams/exp24/013_automorphism_exact_columns.tex) [1357] [1358]
[1359])
(xxiv/tex/components/13_expose_XXIV_remark631_continuation_through_bibliography
_en.tex [1360]
(native_diagrams/exp24/005_borel_automorphism_exact_sequences.tex) [1361]
[1362] [1363] (native_diagrams/exp24/006_equivalence_relation_pair.tex)
(native_diagrams/exp24/007_kernel_pair.tex) [1364] [1365]
(native_diagrams/exp24/008_pushout_square.tex)
(native_diagrams/exp24/009_hom_cartesian_square.tex) [1366] [1367] [1368]
(native_diagrams/exp24/010_group_lie_cohomology_rows.tex) [1369] [1370]
[1371] [1372] [1373] [1374] [1375]
(native_diagrams/exp24/011_weil_restriction_torsor_functors.tex) [1376]
[1377])) [1378] (xxv/tex/SGA3_Expose_XXV_body.tex
(xxv/tex/components/00_title_introduction_and_section1.tex [1379])
(xxv/tex/components/01_section2_1_through_2_5.tex [1380] [1381])
(xxv/tex/components/02_section2_6_through_2_9.tex [1382] [1383] [1384])
(xxv/tex/components/03_section2_10_and_section3.tex [1385] [1386])
(xxv/tex/components/04_section4_and_bibliography.tex [1387] [1388])) [1389]
(xxvi/tex/SGA3_Expose_XXVI_body.tex
(xxvi/tex/components/00_title_introduction_and_section1.tex [1390] [1391]
[1392] [1393] [1394]) (xxvi/tex/components/01_section2.tex [1395] [1396]
[1397] [1398]) (xxvi/tex/components/02_section3.tex [1399] [1400] [1401]
[1402] [1403] [1404] [1405])
(xxvi/tex/components/03_section4_1_through_4_2_4.tex [1406] [1407] [1408]
[1409]) (xxvi/tex/components/04_section4_2_5_through_4_2_7.tex [1410] [1411]
[1412]) (xxvi/tex/components/05_section4_3.tex [1413] [1414] [1415])
(xxvi/tex/components/06_section4_4.tex [1416] [1417])
(xxvi/tex/components/07_section4_5.tex [1418] [1419] [1420])
(xxvi/tex/components/08_section5_1.tex [1421] [1422] [1423])
(xxvi/tex/components/09_section5_2_through_5_5.tex [1424] [1425] [1426])
(xxvi/tex/components/10_section5_6_through_5_11.tex [1427] [1428])
(xxvi/tex/components/11_section6_1_through_6_8.tex [1429] [1430] [1431])
(xxvi/tex/components/12_section6_9_through_6_18.tex [1432] [1433] [1434])
(xxvi/tex/components/13_section7_opening_through_7_4.tex [1435] [1436] [1437]
[1438]) (xxvi/tex/components/14_section7_5_through_7_9.tex [1439] [1440])
(xxvi/tex/components/15_section7_10_and_7_11.tex [1441])
(xxvi/tex/components/16_section7_12_through_bibliography.tex [1442] [1443]
[1444] [1445])) [1446] (index/tex/SGA3_TomeIII_Index_body.tex
(index/tex/components/00_tomeIII_index_entries.tex [1447] [1448])) [1449]
(SGA3_English_Complete_Reader_Native_Update_R18_20260729.aux)

LaTeX Font Warning: Some font shapes were not available, defaults substituted.

 )
(see the transcript file for additional information)
Output written on SGA3_English_Complete_Reader_Native_Update_R18_20260729.xdv (
1460 pages, 10447244 bytes).
Transcript written on SGA3_English_Complete_Reader_Native_Update_R18_20260729.l
og.
Latexmk: Getting log file 'SGA3_English_Complete_Reader_Native_Update_R18_20260729.log'
Latexmk: Examining 'SGA3_English_Complete_Reader_Native_Update_R18_20260729.fls'
Latexmk: Examining 'SGA3_English_Complete_Reader_Native_Update_R18_20260729.log'
Latexmk: Log file says output to 'SGA3_English_Complete_Reader_Native_Update_R18_20260729.xdv'
Latexmk: applying rule 'xdvipdfmx'...
Rule 'xdvipdfmx':  Reasons for rerun
Changed files or newly in use/created:
  SGA3_English_Complete_Reader_Native_Update_R18_20260729.xdv
Category 'changed_source_rules':
  xelatex
Category 'no_dest':
  xdvipdfmx

------------
Run number 1 of rule 'xdvipdfmx'
------------
------------
Running 'xdvipdfmx -E -o "SGA3_English_Complete_Reader_Native_Update_R18_20260729.pdf"  "SGA3_English_Complete_Reader_Native_Update_R18_20260729.xdv"'
------------
SGA3_English_Complete_Reader_Native_Update_R18_20260729.xdv -> SGA3_English_Complete_Reader_Native_Update_R18_20260729.pdf
[1][2][3][4][5][6][7][8][9][10][11][12][13][14][15][16][17][18][19][20][21][22][23][24][25][26][27][28][29][30][31][32][33][34][35][36][37][38][39][40][41][42][43][44][45][46][47][48][49][50][51][52][53][54][55][56][57][58][59][60][61][62][63][64][65][66][67][68][69][70][71][72][73][74][75][76][77][78][79][80][81][82][83][84][85][86][87][88][89][90][91][92][93][94][95][96][97][98][99][100][101][102][103][104][105][106][107][108][109][110][111][112][113][114][115][116][117][118][119][120][121][122][123][124][125][126][127][128][129][130][131][132][133][134][135][136][137][138][139][140][141][142][143][144][145][146][147][148][149][150][151][152][153][154][155][156][157][158][159][160][161][162][163][164][165][166][167][168][169][170][171][172][173][174][175][176][177][178][179][180][181][182][183][184][185][186][187][188][189][190][191][192][193][194][195][196][197][198][199][200][201][202][203][204][205][206][207][208][209][210][211][212][213][214][215][216][217][218][219][220][221][222][223][224][225][226][227][228][229][230][231][232][233][234][235][236][237][238][239][240][241][242][243][244][245][246][247][248][249][250][251][252][253][254][255][256][257][258][259][260][261][262][263][264][265][266][267][268][269][270][271][272][273][274][275][276][277][278][279][280][281][282][283][284][285][286][287][288][289][290][291][292][293][294][295][296][297][298][299][300][301][302][303][304][305][306][307][308][309][310][311][312][313][314][315][316][317][318][319][320][321][322][323][324][325][326][327][328][329][330][331][332][333][334][335][336][337][338][339][340][341][342][343][344][345][346][347][348][349][350][351][352][353][354][355][356][357][358][359][360][361][362][363][364][365][366][367][368][369][370][371][372][373][374][375][376][377][378][379][380][381][382][383][384][385][386][387][388][389][390][391][392][393][394][395][396][397][398][399][400][401][402][403][404][405][406][407][408][409][410][411][412][413][414][415][416][417][418][419][420][421][422][423][424][425][426][427][428][429][430][431][432][433][434][435][436][437][438][439][440][441][442][443][444][445][446][447][448][449][450][451][452][453][454][455][456][457
xdvipdfmx:warning: Object @Hfootnote.2329 already defined.
][458][459][460][461][462][463][464][465][466][467][468][469][470][471][472][473][474][475][476][477][478][479][480][481][482][483][484][485][486][487][488][489][490][491][492][493][494][495][496][497][498][499][500][501][502][503][504][505][506][507][508][509][510][511][512][513][514][515][516][517][518][519][520][521][522][523][524][525][526][527][528][529][530][531][532][533][534][535][536][537][538][539][540][541][542][543][544][545][546][547][548][549][550][551][552][553][554][555][556][557][558][559][560][561][562][563][564][565][566][567][568][569][570][571][572][573][574][575][576][577][578][579][580][581][582][583][584][585][586][587][588][589][590][591][592][593][594][595][596][597][598][599][600][601][602][603][604][605][606][607][608][609][610][611][612][613][614][615][616][617][618][619][620][621][622][623][624][625][626][627][628][629][630][631][632][633][634][635][636][637][638][639][640][641][642][643][644][645][646][647][648][649][650][651][652][653][654][655][656][657][658][659][660][661][662][663][664][665][666][667][668][669][670][671][672][673][674][675][676][677][678][679][680][681][682][683][684][685][686][687][688][689][690][691][692][693][694][695][696][697][698][699][700][701][702][703][704][705][706][707][708][709][710][711][712][713][714][715][716][717][718][719][720][721][722][723][724][725][726][727][728][729][730][731][732][733][734][735][736][737][738][739][740][741][742][743][744][745][746][747][748][749][750][751][752][753][754][755][756
xdvipdfmx:warning: Object @Hfootnote.3928 already defined.
][757][758][759
xdvipdfmx:warning: Object @Hfootnote.3968 already defined.
][760][761][762][763][764][765][766][767][768][769][770][771][772][773][774][775][776][777][778][779][780][781][782][783][784][785][786][787][788][789][790][791][792][793][794][795][796][797][798][799][800][801][802][803][804][805][806][807][808][809][810][811][812][813][814][815][816][817][818][819][820][821][822][823][824][825][826][827][828][829][830][831][832][833][834][835][836
xdvipdfmx:warning: Object @Hfootnote.4367 already defined.
][837][838][839][840][841][842][843][844][845][846][847][848][849][850][851][852][853][854][855][856][857][858][859][860][861][862][863][864][865][866][867][868][869][870][871][872][873][874][875][876][877][878][879][880][881][882][883][884][885][886][887][888][889][890][891][892][893][894][895][896][897][898][899][900][901][902][903][904][905][906][907][908][909][910][911][912][913][914
xdvipdfmx:warning: Object @Hfootnote.4761 already defined.
][915][916][917][918][919][920][921][922][923][924][925][926][927][928][929][930][931][932][933][934][935][936][937][938][939][940][941][942][943][944][945][946][947][948][949][950][951][952][953][954][955][956][957][958][959][960][961][962][963][964][965][966][967][968][969][970][971][972][973][974][975][976][977][978][979][980][981][982][983][984][985][986][987][988][989][990][991][992][993][994][995][996][997][998][999][1000][1001][1002][1003][1004][1005][1006][1007][1008][1009][1010][1011
xdvipdfmx:warning: Object @Hfootnote.5242 already defined.
xdvipdfmx:warning: Object @Hfootnote.5242 already defined.
][1012][1013][1014][1015][1016][1017][1018][1019][1020][1021][1022][1023][1024][1025][1026][1027][1028][1029][1030][1031][1032][1033][1034][1035][1036][1037][1038][1039][1040][1041][1042][1043][1044][1045][1046][1047][1048][1049][1050][1051][1052][1053][1054][1055][1056][1057][1058][1059][1060][1061][1062][1063][1064][1065][1066][1067][1068][1069][1070][1071][1072][1073][1074][1075][1076][1077][1078][1079][1080][1081][1082][1083][1084][1085][1086][1087
xdvipdfmx:warning: Object @Hfootnote.5650 already defined.
][1088][1089][1090][1091][1092][1093][1094][1095][1096][1097][1098][1099][1100][1101][1102][1103][1104][1105][1106][1107][1108][1109][1110][1111
xdvipdfmx:warning: Object @Hfootnote.5771 already defined.
][1112][1113][1114][1115][1116][1117][1118][1119][1120][1121][1122][1123][1124][1125][1126][1127][1128][1129][1130][1131][1132][1133][1134][1135][1136
xdvipdfmx:warning: Object @Hfootnote.5922 already defined.
][1137][1138][1139][1140][1141][1142][1143][1144][1145][1146][1147][1148][1149][1150][1151][1152][1153][1154][1155][1156][1157][1158][1159][1160][1161][1162][1163][1164][1165][1166][1167][1168][1169][1170][1171][1172][1173][1174][1175][1176][1177][1178][1179][1180][1181][1182][1183][1184][1185][1186][1187][1188][1189][1190][1191][1192][1193][1194][1195][1196][1197][1198][1199][1200][1201][1202][1203][1204][1205][1206][1207][1208][1209][1210][1211][1212][1213][1214][1215][1216][1217][1218][1219][1220][1221][1222][1223][1224][1225][1226][1227][1228][1229][1230][1231][1232][1233][1234][1235][1236][1237][1238][1239][1240][1241][1242][1243][1244][1245][1246][1247][1248][1249][1250][1251][1252][1253][1254][1255][1256][1257][1258][1259][1260][1261][1262][1263][1264][1265][1266][1267][1268][1269][1270][1271][1272][1273][1274][1275][1276][1277][1278][1279][1280][1281][1282][1283][1284][1285][1286][1287][1288][1289][1290][1291][1292][1293][1294][1295][1296][1297][1298][1299][1300][1301][1302][1303][1304][1305][1306][1307][1308][1309][1310][1311][1312][1313][1314][1315][1316][1317][1318][1319][1320][1321][1322][1323][1324][1325][1326][1327][1328][1329][1330][1331][1332][1333][1334][1335][1336][1337][1338][1339][1340][1341][1342][1343][1344][1345][1346][1347][1348][1349][1350][1351][1352][1353][1354][1355][1356][1357][1358][1359][1360][1361][1362][1363][1364][1365][1366][1367][1368][1369][1370][1371][1372][1373][1374][1375][1376][1377][1378][1379][1380][1381][1382][1383][1384][1385][1386][1387][1388][1389][1390][1391][1392][1393][1394][1395][1396][1397][1398][1399][1400][1401][1402][1403][1404][1405][1406][1407][1408][1409][1410][1411][1412][1413][1414][1415][1416][1417][1418][1419][1420][1421][1422][1423][1424][1425][1426][1427][1428][1429][1430][1431][1432][1433][1434][1435][1436][1437][1438][1439][1440][1441][1442][1443][1444][1445][1446][1447][1448][1449][1450][1451][1452][1453][1454][1455][1456][1457][1458][1459][1460]
7466067 bytes written
Latexmk: All targets (SGA3_English_Complete_Reader_Native_Update_R18_20260729.xdv SGA3_English_Complete_Reader_Native_Update_R18_20260729.pdf) are up-to-date

Reverting Windows console CPs to (in,out) = (437,65001)
