"durable_run_log_id","micro_evidence_id","source_row_id","row_group","concept_id","english","route_bucket","primary_route_bucket","downstream_consumer_lane","source_artifact","source_path_or_url","source_basis","evidence_status","motivation","support_choice","draft_support_choice","noncanonical_micro_translation_support","blocker_status","blocker_reason","exact_blocker_proof","controlled_arabic_surface","persian_farsi_surface","dari_afghan_surface_or_gate","tajik_surface","urdu_hindustani_surface","bridge_candidate_nonpromoted","allowed_use","term_promotion_allowed","bridge_promotion_allowed","native_review_claim","git_push","route_arabic_rtl_lane","route_persianate_farsi_lane","route_dari_afghan_lane","route_tajik_cyrillic_lane","route_urdu_hindustani_lane","route_pan_turkic_lane","route_adjacent_linear_algebra_lane","gate_notes","archive_sidecar_decision","source_micro_evidence_artifact","durable_log_created_utc"
"r3run:0001","r3micro:paper01_60term:definition","paper01_60term:definition","paper01_60_term_route_ledger","definition","definition","arabic; persianate_tajik; novel_blocked","arabic","arabic_rtl_lane; persianate_farsi_lane","R3_ARABIC_FARSI_PERSIANATE_60_TERM_LEDGER_20260629T073239Z.json","C:\Users\memo_\Documents\Codex\2026-06-28\see-attached-you-do-prompt-a-3\outputs\R3_ARABIC_FARSI_PERSIANATE_60_TERM_LEDGER_20260629T073239Z.json","cluster=proof_grammar","mixed_source_and_review_seed_from_recovered_ledger","source-gated R3 row from R3_ARABIC_FARSI_PERSIANATE_60_TERM_LEDGER_20260629T073239Z.json; primary owner arabic; downstream lane(s) arabic_rtl_lane; persianate_farsi_lane; evidence status mixed_source_and_review_seed_from_recovered_ledger; draft support emitted only from consume-routed surface fields","draft_noncanonical_micro_translation_support","emit_review_only_micro_support","Arabic RTL draft support: تعريف || Persian/Farsi draft support: تعریف","draft_support_available_review_only","dari_independent_gate_required; tajik_independent_gate_required; pan_turkic_no_merge_without_own_gate; urdu_hindustani_separate_lane_no_persianate_merge","","تعريف","تعریف","","","","تعریف","noncanonical_micro_translation_support_for_named_route_only","false","false","false","false","consume_draft_support_review_only","consume_farsi_draft_support_review_only","do_not_consume_from_farsi_comparator_independent_dari_gate_required","do_not_consume_from_farsi_comparator_independent_tajik_gate_required","separate_lane_no_inheritance","separate_lane_no_inheritance","source_question_if_matching_translation_context","controlled_arabic_status=source_backed_promotable_seed | persian_farsi_status=source_backed_seed | bridge_status=promotable_seed_with_review | bridge candidate is comparator only; no bridge promotion | source-backed proof grammar","leave_unpacked_in_durable_run_log; copy_to_route_sidecar=arabic; copy_to_row_group_sidecar=paper01_60_term_route_ledger; copy_to_support_or_blocker_sidecar; include_in_convenience_zip_archive; session_b_can_consume_unpacked","R3_MICRO_EVIDENCE_ARTIFACT_20260704T040935Z","20260704T041521Z"
"r3run:0002","r3micro:paper01_60term:theorem","paper01_60term:theorem","paper01_60_term_route_ledger","theorem","theorem","arabic; persianate_tajik; novel_blocked","arabic","arabic_rtl_lane; persianate_farsi_lane","R3_ARABIC_FARSI_PERSIANATE_60_TERM_LEDGER_20260629T073239Z.json","C:\Users\memo_\Documents\Codex\2026-06-28\see-attached-you-do-prompt-a-3\outputs\R3_ARABIC_FARSI_PERSIANATE_60_TERM_LEDGER_20260629T073239Z.json","cluster=proof_grammar","mixed_source_and_review_seed_from_recovered_ledger","source-gated R3 row from R3_ARABIC_FARSI_PERSIANATE_60_TERM_LEDGER_20260629T073239Z.json; primary owner arabic; downstream lane(s) arabic_rtl_lane; persianate_farsi_lane; evidence status mixed_source_and_review_seed_from_recovered_ledger; draft support emitted only from consume-routed surface fields","draft_noncanonical_micro_translation_support","emit_review_only_micro_support","Arabic RTL draft support: مبرهنات || Persian/Farsi draft support: قضیه","draft_support_available_review_only","dari_independent_gate_required; tajik_independent_gate_required; pan_turkic_no_merge_without_own_gate; urdu_hindustani_separate_lane_no_persianate_merge","","مبرهنات","قضیه","","","","قضیه","noncanonical_micro_translation_support_for_named_route_only","false","false","false","false","consume_draft_support_review_only","consume_farsi_draft_support_review_only","do_not_consume_from_farsi_comparator_independent_dari_gate_required","do_not_consume_from_farsi_comparator_independent_tajik_gate_required","separate_lane_no_inheritance","separate_lane_no_inheritance","source_question_if_matching_translation_context","controlled_arabic_status=source_backed_promotable_seed | persian_farsi_status=source_backed_seed | bridge_status=promotable_seed_with_review | bridge candidate is comparator only; no bridge promotion | proof grammar; theorem/proposition distinction open","leave_unpacked_in_durable_run_log; copy_to_route_sidecar=arabic; copy_to_row_group_sidecar=paper01_60_term_route_ledger; copy_to_support_or_blocker_sidecar; include_in_convenience_zip_archive; session_b_can_consume_unpacked","R3_MICRO_EVIDENCE_ARTIFACT_20260704T040935Z","20260704T041521Z"
"r3run:0003","r3micro:paper01_60term:proof","paper01_60term:proof","paper01_60_term_route_ledger","proof","proof","arabic; persianate_tajik; novel_blocked","arabic","arabic_rtl_lane; persianate_farsi_lane","R3_ARABIC_FARSI_PERSIANATE_60_TERM_LEDGER_20260629T073239Z.json","C:\Users\memo_\Documents\Codex\2026-06-28\see-attached-you-do-prompt-a-3\outputs\R3_ARABIC_FARSI_PERSIANATE_60_TERM_LEDGER_20260629T073239Z.json","cluster=proof_grammar","mixed_source_and_review_seed_from_recovered_ledger","source-gated R3 row from R3_ARABIC_FARSI_PERSIANATE_60_TERM_LEDGER_20260629T073239Z.json; primary owner arabic; downstream lane(s) arabic_rtl_lane; persianate_farsi_lane; evidence status mixed_source_and_review_seed_from_recovered_ledger; draft support emitted only from consume-routed surface fields","draft_noncanonical_micro_translation_support","emit_review_only_micro_support","Arabic RTL draft support: برهان || Persian/Farsi draft support: برهان","draft_support_available_review_only","dari_independent_gate_required; tajik_independent_gate_required; pan_turkic_no_merge_without_own_gate; urdu_hindustani_separate_lane_no_persianate_merge","","برهان","برهان","","","","برهان","noncanonical_micro_translation_support_for_named_route_only","false","false","false","false","consume_draft_support_review_only","consume_farsi_draft_support_review_only","do_not_consume_from_farsi_comparator_independent_dari_gate_required","do_not_consume_from_farsi_comparator_independent_tajik_gate_required","separate_lane_no_inheritance","separate_lane_no_inheritance","source_question_if_matching_translation_context","controlled_arabic_status=fallback_attested_needs_review | persian_farsi_status=source_backed_seed | bridge_status=promotable_seed_with_review | bridge candidate is comparator only; no bridge promotion | proof grammar","leave_unpacked_in_durable_run_log; copy_to_route_sidecar=arabic; copy_to_row_group_sidecar=paper01_60_term_route_ledger; copy_to_support_or_blocker_sidecar; include_in_convenience_zip_archive; session_b_can_consume_unpacked","R3_MICRO_EVIDENCE_ARTIFACT_20260704T040935Z","20260704T041521Z"
"r3run:0004","r3micro:paper01_60term:lemma","paper01_60term:lemma","paper01_60_term_route_ledger","lemma","lemma","arabic; persianate_tajik; novel_blocked","persianate_tajik","persianate_farsi_lane","R3_ARABIC_FARSI_PERSIANATE_60_TERM_LEDGER_20260629T073239Z.json","C:\Users\memo_\Documents\Codex\2026-06-28\see-attached-you-do-prompt-a-3\outputs\R3_ARABIC_FARSI_PERSIANATE_60_TERM_LEDGER_20260629T073239Z.json","cluster=proof_grammar","mixed_source_and_review_seed_from_recovered_ledger","source-gated R3 row from R3_ARABIC_FARSI_PERSIANATE_60_TERM_LEDGER_20260629T073239Z.json; primary owner persianate_tajik; downstream lane(s) persianate_farsi_lane; evidence status mixed_source_and_review_seed_from_recovered_ledger; draft support emitted only from consume-routed surface fields","draft_noncanonical_micro_translation_support","emit_review_only_micro_support","Persian/Farsi draft support: لم","draft_support_available_review_only","dari_independent_gate_required; tajik_independent_gate_required; pan_turkic_no_merge_without_own_gate; urdu_hindustani_separate_lane_no_persianate_merge; arabic_lane_open_or_not_consumable","","لمّة","لم","","","","لم/نتیجهٔ کمکی","noncanonical_micro_translation_support_for_named_route_only","false","false","false","false","open_source_gate_do_not_consume","consume_farsi_draft_support_review_only","do_not_consume_from_farsi_comparator_independent_dari_gate_required","do_not_consume_from_farsi_comparator_independent_tajik_gate_required","separate_lane_no_inheritance","separate_lane_no_inheritance","source_question_if_matching_translation_context","controlled_arabic_status=open_no_direct_evidence | persian_farsi_status=source_backed_seed | bridge_status=bridge_candidate_review_required | bridge candidate is comparator only; no bridge promotion | likely weak in both lanes","leave_unpacked_in_durable_run_log; copy_to_route_sidecar=persianate_tajik; copy_to_row_group_sidecar=paper01_60_term_route_ledger; copy_to_support_or_blocker_sidecar; include_in_convenience_zip_archive; session_b_can_consume_unpacked","R3_MICRO_EVIDENCE_ARTIFACT_20260704T040935Z","20260704T041521Z"
"r3run:0005","r3micro:paper01_60term:corollary","paper01_60term:corollary","paper01_60_term_route_ledger","corollary","corollary","arabic; persianate_tajik; novel_blocked","arabic","arabic_rtl_lane; persianate_farsi_lane","R3_ARABIC_FARSI_PERSIANATE_60_TERM_LEDGER_20260629T073239Z.json","C:\Users\memo_\Documents\Codex\2026-06-28\see-attached-you-do-prompt-a-3\outputs\R3_ARABIC_FARSI_PERSIANATE_60_TERM_LEDGER_20260629T073239Z.json","cluster=proof_grammar","mixed_source_and_review_seed_from_recovered_ledger","source-gated R3 row from R3_ARABIC_FARSI_PERSIANATE_60_TERM_LEDGER_20260629T073239Z.json; primary owner arabic; downstream lane(s) arabic_rtl_lane; persianate_farsi_lane; evidence status mixed_source_and_review_seed_from_recovered_ledger; draft support emitted only from consume-routed surface fields","draft_noncanonical_micro_translation_support","emit_review_only_micro_support","Arabic RTL draft support: نتيجة || Persian/Farsi draft support: نتیجه","draft_support_available_review_only","dari_independent_gate_required; tajik_independent_gate_required; pan_turkic_no_merge_without_own_gate; urdu_hindustani_separate_lane_no_persianate_merge","","نتيجة","نتیجه","","","","نتیجه","noncanonical_micro_translation_support_for_named_route_only","false","false","false","false","consume_draft_support_review_only","consume_farsi_draft_support_review_only","do_not_consume_from_farsi_comparator_independent_dari_gate_required","do_not_consume_from_farsi_comparator_independent_tajik_gate_required","separate_lane_no_inheritance","separate_lane_no_inheritance","source_question_if_matching_translation_context","controlled_arabic_status=attested_needs_review | persian_farsi_status=source_backed_seed | bridge_status=promotable_seed_with_review | bridge candidate is comparator only; no bridge promotion | proof grammar","leave_unpacked_in_durable_run_log; copy_to_route_sidecar=arabic; copy_to_row_group_sidecar=paper01_60_term_route_ledger; copy_to_support_or_blocker_sidecar; include_in_convenience_zip_archive; session_b_can_consume_unpacked","R3_MICRO_EVIDENCE_ARTIFACT_20260704T040935Z","20260704T041521Z"
"r3run:0006","r3micro:paper01_60term:example","paper01_60term:example","paper01_60_term_route_ledger","example","example","arabic; persianate_tajik; novel_blocked","arabic","arabic_rtl_lane; persianate_farsi_lane","R3_ARABIC_FARSI_PERSIANATE_60_TERM_LEDGER_20260629T073239Z.json","C:\Users\memo_\Documents\Codex\2026-06-28\see-attached-you-do-prompt-a-3\outputs\R3_ARABIC_FARSI_PERSIANATE_60_TERM_LEDGER_20260629T073239Z.json","cluster=proof_grammar","mixed_source_and_review_seed_from_recovered_ledger","source-gated R3 row from R3_ARABIC_FARSI_PERSIANATE_60_TERM_LEDGER_20260629T073239Z.json; primary owner arabic; downstream lane(s) arabic_rtl_lane; persianate_farsi_lane; evidence status mixed_source_and_review_seed_from_recovered_ledger; draft support emitted only from consume-routed surface fields","draft_noncanonical_micro_translation_support","emit_review_only_micro_support","Arabic RTL draft support: أمثلة || Persian/Farsi draft support: مثال","draft_support_available_review_only","dari_independent_gate_required; tajik_independent_gate_required; pan_turkic_no_merge_without_own_gate; urdu_hindustani_separate_lane_no_persianate_merge","","أمثلة","مثال","","","","مثال","noncanonical_micro_translation_support_for_named_route_only","false","false","false","false","consume_draft_support_review_only","consume_farsi_draft_support_review_only","do_not_consume_from_farsi_comparator_independent_dari_gate_required","do_not_consume_from_farsi_comparator_independent_tajik_gate_required","separate_lane_no_inheritance","separate_lane_no_inheritance","source_question_if_matching_translation_context","controlled_arabic_status=source_backed_promotable_seed | persian_farsi_status=source_backed_seed | bridge_status=promotable_seed_with_review | bridge candidate is comparator only; no bridge promotion | proof grammar","leave_unpacked_in_durable_run_log; copy_to_route_sidecar=arabic; copy_to_row_group_sidecar=paper01_60_term_route_ledger; copy_to_support_or_blocker_sidecar; include_in_convenience_zip_archive; session_b_can_consume_unpacked","R3_MICRO_EVIDENCE_ARTIFACT_20260704T040935Z","20260704T041521Z"
"r3run:0007","r3micro:paper01_60term:problem","paper01_60term:problem","paper01_60_term_route_ledger","problem","problem","arabic; persianate_tajik; novel_blocked","arabic","arabic_rtl_lane; persianate_farsi_lane","R3_ARABIC_FARSI_PERSIANATE_60_TERM_LEDGER_20260629T073239Z.json","C:\Users\memo_\Documents\Codex\2026-06-28\see-attached-you-do-prompt-a-3\outputs\R3_ARABIC_FARSI_PERSIANATE_60_TERM_LEDGER_20260629T073239Z.json","cluster=proof_grammar","mixed_source_and_review_seed_from_recovered_ledger","source-gated R3 row from R3_ARABIC_FARSI_PERSIANATE_60_TERM_LEDGER_20260629T073239Z.json; primary owner arabic; downstream lane(s) arabic_rtl_lane; persianate_farsi_lane; evidence status mixed_source_and_review_seed_from_recovered_ledger; draft support emitted only from consume-routed surface fields","draft_noncanonical_micro_translation_support","emit_review_only_micro_support","Arabic RTL draft support: مسائل || Persian/Farsi draft support: مسئله","draft_support_available_review_only","dari_independent_gate_required; tajik_independent_gate_required; pan_turkic_no_merge_without_own_gate; urdu_hindustani_separate_lane_no_persianate_merge","","مسائل","مسئله","","","","مسئله","noncanonical_micro_translation_support_for_named_route_only","false","false","false","false","consume_draft_support_review_only","consume_farsi_draft_support_review_only","do_not_consume_from_farsi_comparator_independent_dari_gate_required","do_not_consume_from_farsi_comparator_independent_tajik_gate_required","separate_lane_no_inheritance","separate_lane_no_inheritance","source_question_if_matching_translation_context","controlled_arabic_status=source_backed_promotable_seed | persian_farsi_status=source_backed_seed | bridge_status=promotable_seed_with_review | bridge candidate is comparator only; no bridge promotion | proof grammar","leave_unpacked_in_durable_run_log; copy_to_route_sidecar=arabic; copy_to_row_group_sidecar=paper01_60_term_route_ledger; copy_to_support_or_blocker_sidecar; include_in_convenience_zip_archive; session_b_can_consume_unpacked","R3_MICRO_EVIDENCE_ARTIFACT_20260704T040935Z","20260704T041521Z"
"r3run:0008","r3micro:paper01_60term:set","paper01_60term:set","paper01_60_term_route_ledger","set","set","arabic; persianate_tajik; novel_blocked","arabic","arabic_rtl_lane; persianate_farsi_lane","R3_ARABIC_FARSI_PERSIANATE_60_TERM_LEDGER_20260629T073239Z.json","C:\Users\memo_\Documents\Codex\2026-06-28\see-attached-you-do-prompt-a-3\outputs\R3_ARABIC_FARSI_PERSIANATE_60_TERM_LEDGER_20260629T073239Z.json","cluster=sets_maps","mixed_source_and_review_seed_from_recovered_ledger","source-gated R3 row from R3_ARABIC_FARSI_PERSIANATE_60_TERM_LEDGER_20260629T073239Z.json; primary owner arabic; downstream lane(s) arabic_rtl_lane; persianate_farsi_lane; evidence status mixed_source_and_review_seed_from_recovered_ledger; draft support emitted only from consume-routed surface fields","draft_noncanonical_micro_translation_support","emit_review_only_micro_support","Arabic RTL draft support: مجموعة || Persian/Farsi draft support: مجموعه","draft_support_available_review_only","dari_independent_gate_required; tajik_independent_gate_required; pan_turkic_no_merge_without_own_gate; urdu_hindustani_separate_lane_no_persianate_merge","","مجموعة","مجموعه","","","","مجموعه","noncanonical_micro_translation_support_for_named_route_only","false","false","false","false","consume_draft_support_review_only","consume_farsi_draft_support_review_only","do_not_consume_from_farsi_comparator_independent_dari_gate_required","do_not_consume_from_farsi_comparator_independent_tajik_gate_required","separate_lane_no_inheritance","separate_lane_no_inheritance","source_question_if_matching_translation_context","controlled_arabic_status=source_backed_promotable_seed | persian_farsi_status=source_backed_seed | bridge_status=promotable_seed_with_review | bridge candidate is comparator only; no bridge promotion | set theory","leave_unpacked_in_durable_run_log; copy_to_route_sidecar=arabic; copy_to_row_group_sidecar=paper01_60_term_route_ledger; copy_to_support_or_blocker_sidecar; include_in_convenience_zip_archive; session_b_can_consume_unpacked","R3_MICRO_EVIDENCE_ARTIFACT_20260704T040935Z","20260704T041521Z"
"r3run:0009","r3micro:paper01_60term:element","paper01_60term:element","paper01_60_term_route_ledger","element","element","arabic; persianate_tajik; novel_blocked","arabic","arabic_rtl_lane; persianate_farsi_lane","R3_ARABIC_FARSI_PERSIANATE_60_TERM_LEDGER_20260629T073239Z.json","C:\Users\memo_\Documents\Codex\2026-06-28\see-attached-you-do-prompt-a-3\outputs\R3_ARABIC_FARSI_PERSIANATE_60_TERM_LEDGER_20260629T073239Z.json","cluster=sets_maps","mixed_source_and_review_seed_from_recovered_ledger","source-gated R3 row from R3_ARABIC_FARSI_PERSIANATE_60_TERM_LEDGER_20260629T073239Z.json; primary owner arabic; downstream lane(s) arabic_rtl_lane; persianate_farsi_lane; evidence status mixed_source_and_review_seed_from_recovered_ledger; draft support emitted only from consume-routed surface fields","draft_noncanonical_micro_translation_support","emit_review_only_micro_support","Arabic RTL draft support: عناصر || Persian/Farsi draft support: عضو","draft_support_available_review_only","dari_independent_gate_required; tajik_independent_gate_required; pan_turkic_no_merge_without_own_gate; urdu_hindustani_separate_lane_no_persianate_merge","","عناصر","عضو","","","","عضو/عنصر","noncanonical_micro_translation_support_for_named_route_only","false","false","false","false","consume_draft_support_review_only","consume_farsi_draft_support_review_only","do_not_consume_from_farsi_comparator_independent_dari_gate_required","do_not_consume_from_farsi_comparator_independent_tajik_gate_required","separate_lane_no_inheritance","separate_lane_no_inheritance","source_question_if_matching_translation_context","controlled_arabic_status=source_backed_promotable_seed | persian_farsi_status=source_backed_seed | bridge_status=promotable_seed_with_review | bridge candidate is comparator only; no bridge promotion | set theory","leave_unpacked_in_durable_run_log; copy_to_route_sidecar=arabic; copy_to_row_group_sidecar=paper01_60_term_route_ledger; copy_to_support_or_blocker_sidecar; include_in_convenience_zip_archive; session_b_can_consume_unpacked","R3_MICRO_EVIDENCE_ARTIFACT_20260704T040935Z","20260704T041521Z"
"r3run:0010","r3micro:paper01_60term:subset","paper01_60term:subset","paper01_60_term_route_ledger","subset","subset","arabic; persianate_tajik; novel_blocked","arabic","arabic_rtl_lane; persianate_farsi_lane","R3_ARABIC_FARSI_PERSIANATE_60_TERM_LEDGER_20260629T073239Z.json","C:\Users\memo_\Documents\Codex\2026-06-28\see-attached-you-do-prompt-a-3\outputs\R3_ARABIC_FARSI_PERSIANATE_60_TERM_LEDGER_20260629T073239Z.json","cluster=sets_maps","mixed_source_and_review_seed_from_recovered_ledger","source-gated R3 row from R3_ARABIC_FARSI_PERSIANATE_60_TERM_LEDGER_20260629T073239Z.json; primary owner arabic; downstream lane(s) arabic_rtl_lane; persianate_farsi_lane; evidence status mixed_source_and_review_seed_from_recovered_ledger; draft support emitted only from consume-routed surface fields","draft_noncanonical_micro_translation_support","emit_review_only_micro_support","Arabic RTL draft support: جزئية || Persian/Farsi draft support: زیرمجموعه","draft_support_available_review_only","dari_independent_gate_required; tajik_independent_gate_required; pan_turkic_no_merge_without_own_gate; urdu_hindustani_separate_lane_no_persianate_merge","","جزئية","زیرمجموعه","","","","زیرمجموعه","noncanonical_micro_translation_support_for_named_route_only","false","false","false","false","consume_draft_support_review_only","consume_farsi_draft_support_review_only","do_not_consume_from_farsi_comparator_independent_dari_gate_required","do_not_consume_from_farsi_comparator_independent_tajik_gate_required","separate_lane_no_inheritance","separate_lane_no_inheritance","source_question_if_matching_translation_context","controlled_arabic_status=attested_needs_review | persian_farsi_status=source_backed_seed | bridge_status=promotable_seed_with_review | bridge candidate is comparator only; no bridge promotion | set theory","leave_unpacked_in_durable_run_log; copy_to_route_sidecar=arabic; copy_to_row_group_sidecar=paper01_60_term_route_ledger; copy_to_support_or_blocker_sidecar; include_in_convenience_zip_archive; session_b_can_consume_unpacked","R3_MICRO_EVIDENCE_ARTIFACT_20260704T040935Z","20260704T041521Z"
"r3run:0011","r3micro:paper01_60term:function","paper01_60term:function","paper01_60_term_route_ledger","function","function","arabic; persianate_tajik; novel_blocked","arabic","arabic_rtl_lane; persianate_farsi_lane","R3_ARABIC_FARSI_PERSIANATE_60_TERM_LEDGER_20260629T073239Z.json","C:\Users\memo_\Documents\Codex\2026-06-28\see-attached-you-do-prompt-a-3\outputs\R3_ARABIC_FARSI_PERSIANATE_60_TERM_LEDGER_20260629T073239Z.json","cluster=sets_maps","mixed_source_and_review_seed_from_recovered_ledger","source-gated R3 row from R3_ARABIC_FARSI_PERSIANATE_60_TERM_LEDGER_20260629T073239Z.json; primary owner arabic; downstream lane(s) arabic_rtl_lane; persianate_farsi_lane; evidence status mixed_source_and_review_seed_from_recovered_ledger; draft support emitted only from consume-routed surface fields","draft_noncanonical_micro_translation_support","emit_review_only_micro_support","Arabic RTL draft support: دالة || Persian/Farsi draft support: تابع","draft_support_available_review_only","dari_independent_gate_required; tajik_independent_gate_required; pan_turkic_no_merge_without_own_gate; urdu_hindustani_separate_lane_no_persianate_merge","","دالة","تابع","","","","تابع","noncanonical_micro_translation_support_for_named_route_only","false","false","false","false","consume_draft_support_review_only","consume_farsi_draft_support_review_only","do_not_consume_from_farsi_comparator_independent_dari_gate_required","do_not_consume_from_farsi_comparator_independent_tajik_gate_required","separate_lane_no_inheritance","separate_lane_no_inheritance","source_question_if_matching_translation_context","controlled_arabic_status=source_backed_promotable_seed | persian_farsi_status=source_backed_seed | bridge_status=promotable_seed_with_review | bridge candidate is comparator only; no bridge promotion | maps/functions","leave_unpacked_in_durable_run_log; copy_to_route_sidecar=arabic; copy_to_row_group_sidecar=paper01_60_term_route_ledger; copy_to_support_or_blocker_sidecar; include_in_convenience_zip_archive; session_b_can_consume_unpacked","R3_MICRO_EVIDENCE_ARTIFACT_20260704T040935Z","20260704T041521Z"
"r3run:0012","r3micro:paper01_60term:map","paper01_60term:map","paper01_60_term_route_ledger","map","map/application","arabic; persianate_tajik; novel_blocked","arabic","arabic_rtl_lane; persianate_farsi_lane","R3_ARABIC_FARSI_PERSIANATE_60_TERM_LEDGER_20260629T073239Z.json","C:\Users\memo_\Documents\Codex\2026-06-28\see-attached-you-do-prompt-a-3\outputs\R3_ARABIC_FARSI_PERSIANATE_60_TERM_LEDGER_20260629T073239Z.json","cluster=sets_maps","mixed_source_and_review_seed_from_recovered_ledger","source-gated R3 row from R3_ARABIC_FARSI_PERSIANATE_60_TERM_LEDGER_20260629T073239Z.json; primary owner arabic; downstream lane(s) arabic_rtl_lane; persianate_farsi_lane; evidence status mixed_source_and_review_seed_from_recovered_ledger; draft support emitted only from consume-routed surface fields","draft_noncanonical_micro_translation_support","emit_review_only_micro_support","Arabic RTL draft support: تطبيق || Persian/Farsi draft support: نگاشت","draft_support_available_review_only","dari_independent_gate_required; tajik_independent_gate_required; pan_turkic_no_merge_without_own_gate; urdu_hindustani_separate_lane_no_persianate_merge","","تطبيق","نگاشت","","","","نگاشت","noncanonical_micro_translation_support_for_named_route_only","false","false","false","false","consume_draft_support_review_only","consume_farsi_draft_support_review_only","do_not_consume_from_farsi_comparator_independent_dari_gate_required","do_not_consume_from_farsi_comparator_independent_tajik_gate_required","separate_lane_no_inheritance","separate_lane_no_inheritance","source_question_if_matching_translation_context","controlled_arabic_status=source_backed_promotable_seed | persian_farsi_status=source_backed_seed | bridge_status=promotable_seed_with_review | bridge candidate is comparator only; no bridge promotion | maps/functions","leave_unpacked_in_durable_run_log; copy_to_route_sidecar=arabic; copy_to_row_group_sidecar=paper01_60_term_route_ledger; copy_to_support_or_blocker_sidecar; include_in_convenience_zip_archive; session_b_can_consume_unpacked","R3_MICRO_EVIDENCE_ARTIFACT_20260704T040935Z","20260704T041521Z"
"r3run:0013","r3micro:paper01_60term:isomorphism","paper01_60term:isomorphism","paper01_60_term_route_ledger","isomorphism","isomorphism","arabic; persianate_tajik; novel_blocked","arabic","arabic_rtl_lane","R3_ARABIC_FARSI_PERSIANATE_60_TERM_LEDGER_20260629T073239Z.json","C:\Users\memo_\Documents\Codex\2026-06-28\see-attached-you-do-prompt-a-3\outputs\R3_ARABIC_FARSI_PERSIANATE_60_TERM_LEDGER_20260629T073239Z.json","cluster=morphisms","mixed_source_and_review_seed_from_recovered_ledger","source-gated R3 row from R3_ARABIC_FARSI_PERSIANATE_60_TERM_LEDGER_20260629T073239Z.json; primary owner arabic; downstream lane(s) arabic_rtl_lane; evidence status mixed_source_and_review_seed_from_recovered_ledger; draft support emitted only from consume-routed surface fields","draft_noncanonical_micro_translation_support","emit_review_only_micro_support","Arabic RTL draft support: تماثل","draft_support_available_review_only","dari_independent_gate_required; tajik_independent_gate_required; pan_turkic_no_merge_without_own_gate; urdu_hindustani_separate_lane_no_persianate_merge; persian_farsi_lane_open_or_not_consumable","","تماثل","یکریختی","","","","یکریختی","noncanonical_micro_translation_support_for_named_route_only","false","false","false","false","consume_draft_support_review_only","open_source_gate_do_not_consume","do_not_consume_from_farsi_comparator_independent_dari_gate_required","do_not_consume_from_farsi_comparator_independent_tajik_gate_required","separate_lane_no_inheritance","separate_lane_no_inheritance","source_question_if_matching_translation_context","controlled_arabic_status=attested_needs_review | persian_farsi_status=open_no_direct_hit | bridge_status=bridge_candidate_review_required | bridge candidate is comparator only; no bridge promotion | morphism family","leave_unpacked_in_durable_run_log; copy_to_route_sidecar=arabic; copy_to_row_group_sidecar=paper01_60_term_route_ledger; copy_to_support_or_blocker_sidecar; include_in_convenience_zip_archive; session_b_can_consume_unpacked","R3_MICRO_EVIDENCE_ARTIFACT_20260704T040935Z","20260704T041521Z"
"r3run:0014","r3micro:paper01_60term:homomorphism","paper01_60term:homomorphism","paper01_60_term_route_ledger","homomorphism","homomorphism","arabic; persianate_tajik; novel_blocked","arabic","arabic_rtl_lane; persianate_farsi_lane","R3_ARABIC_FARSI_PERSIANATE_60_TERM_LEDGER_20260629T073239Z.json","C:\Users\memo_\Documents\Codex\2026-06-28\see-attached-you-do-prompt-a-3\outputs\R3_ARABIC_FARSI_PERSIANATE_60_TERM_LEDGER_20260629T073239Z.json","cluster=morphisms","mixed_source_and_review_seed_from_recovered_ledger","source-gated R3 row from R3_ARABIC_FARSI_PERSIANATE_60_TERM_LEDGER_20260629T073239Z.json; primary owner arabic; downstream lane(s) arabic_rtl_lane; persianate_farsi_lane; evidence status mixed_source_and_review_seed_from_recovered_ledger; draft support emitted only from consume-routed surface fields","draft_noncanonical_micro_translation_support","emit_review_only_micro_support","Arabic RTL draft support: تشاكل || Persian/Farsi draft support: همریختی","draft_support_available_review_only","dari_independent_gate_required; tajik_independent_gate_required; pan_turkic_no_merge_without_own_gate; urdu_hindustani_separate_lane_no_persianate_merge","","تشاكل","همریختی","","","","همریختی","noncanonical_micro_translation_support_for_named_route_only","false","false","false","false","consume_draft_support_review_only","consume_farsi_draft_support_review_only","do_not_consume_from_farsi_comparator_independent_dari_gate_required","do_not_consume_from_farsi_comparator_independent_tajik_gate_required","separate_lane_no_inheritance","separate_lane_no_inheritance","source_question_if_matching_translation_context","controlled_arabic_status=attested_needs_review | persian_farsi_status=attested_needs_review | bridge_status=bridge_candidate_review_required | bridge candidate is comparator only; no bridge promotion | morphism family","leave_unpacked_in_durable_run_log; copy_to_route_sidecar=arabic; copy_to_row_group_sidecar=paper01_60_term_route_ledger; copy_to_support_or_blocker_sidecar; include_in_convenience_zip_archive; session_b_can_consume_unpacked","R3_MICRO_EVIDENCE_ARTIFACT_20260704T040935Z","20260704T041521Z"
"r3run:0015","r3micro:paper01_60term:kernel","paper01_60term:kernel","paper01_60_term_route_ledger","kernel","kernel","arabic; persianate_tajik; novel_blocked","arabic","arabic_rtl_lane; persianate_farsi_lane","R3_ARABIC_FARSI_PERSIANATE_60_TERM_LEDGER_20260629T073239Z.json","C:\Users\memo_\Documents\Codex\2026-06-28\see-attached-you-do-prompt-a-3\outputs\R3_ARABIC_FARSI_PERSIANATE_60_TERM_LEDGER_20260629T073239Z.json","cluster=morphisms","mixed_source_and_review_seed_from_recovered_ledger","source-gated R3 row from R3_ARABIC_FARSI_PERSIANATE_60_TERM_LEDGER_20260629T073239Z.json; primary owner arabic; downstream lane(s) arabic_rtl_lane; persianate_farsi_lane; evidence status mixed_source_and_review_seed_from_recovered_ledger; draft support emitted only from consume-routed surface fields","draft_noncanonical_micro_translation_support","emit_review_only_micro_support","Arabic RTL draft support: نواة || Persian/Farsi draft support: هسته","draft_support_available_review_only","dari_independent_gate_required; tajik_independent_gate_required; pan_turkic_no_merge_without_own_gate; urdu_hindustani_separate_lane_no_persianate_merge","","نواة","هسته","","","","هسته","noncanonical_micro_translation_support_for_named_route_only","false","false","false","false","consume_draft_support_review_only","consume_farsi_draft_support_review_only","do_not_consume_from_farsi_comparator_independent_dari_gate_required","do_not_consume_from_farsi_comparator_independent_tajik_gate_required","separate_lane_no_inheritance","separate_lane_no_inheritance","source_question_if_matching_translation_context","controlled_arabic_status=fallback_attested_needs_review | persian_farsi_status=source_backed_seed | bridge_status=promotable_seed_with_review | bridge candidate is comparator only; no bridge promotion | morphism family","leave_unpacked_in_durable_run_log; copy_to_route_sidecar=arabic; copy_to_row_group_sidecar=paper01_60_term_route_ledger; copy_to_support_or_blocker_sidecar; include_in_convenience_zip_archive; session_b_can_consume_unpacked","R3_MICRO_EVIDENCE_ARTIFACT_20260704T040935Z","20260704T041521Z"
"r3run:0016","r3micro:paper01_60term:image","paper01_60term:image","paper01_60_term_route_ledger","image","image","arabic; persianate_tajik; novel_blocked","arabic","arabic_rtl_lane; persianate_farsi_lane","R3_ARABIC_FARSI_PERSIANATE_60_TERM_LEDGER_20260629T073239Z.json","C:\Users\memo_\Documents\Codex\2026-06-28\see-attached-you-do-prompt-a-3\outputs\R3_ARABIC_FARSI_PERSIANATE_60_TERM_LEDGER_20260629T073239Z.json","cluster=morphisms","mixed_source_and_review_seed_from_recovered_ledger","source-gated R3 row from R3_ARABIC_FARSI_PERSIANATE_60_TERM_LEDGER_20260629T073239Z.json; primary owner arabic; downstream lane(s) arabic_rtl_lane; persianate_farsi_lane; evidence status mixed_source_and_review_seed_from_recovered_ledger; draft support emitted only from consume-routed surface fields","draft_noncanonical_micro_translation_support","emit_review_only_micro_support","Arabic RTL draft support: مدى || Persian/Farsi draft support: تصویر","draft_support_available_review_only","dari_independent_gate_required; tajik_independent_gate_required; pan_turkic_no_merge_without_own_gate; urdu_hindustani_separate_lane_no_persianate_merge","","مدى","تصویر","","","","تصویر","noncanonical_micro_translation_support_for_named_route_only","false","false","false","false","consume_draft_support_review_only","consume_farsi_draft_support_review_only","do_not_consume_from_farsi_comparator_independent_dari_gate_required","do_not_consume_from_farsi_comparator_independent_tajik_gate_required","separate_lane_no_inheritance","separate_lane_no_inheritance","source_question_if_matching_translation_context","controlled_arabic_status=fallback_attested_needs_review | persian_farsi_status=source_backed_seed | bridge_status=promotable_seed_with_review | bridge candidate is comparator only; no bridge promotion | morphism family","leave_unpacked_in_durable_run_log; copy_to_route_sidecar=arabic; copy_to_row_group_sidecar=paper01_60_term_route_ledger; copy_to_support_or_blocker_sidecar; include_in_convenience_zip_archive; session_b_can_consume_unpacked","R3_MICRO_EVIDENCE_ARTIFACT_20260704T040935Z","20260704T041521Z"
"r3run:0017","r3micro:paper01_60term:group","paper01_60term:group","paper01_60_term_route_ledger","group","group","arabic; persianate_tajik; novel_blocked","arabic","arabic_rtl_lane; persianate_farsi_lane","R3_ARABIC_FARSI_PERSIANATE_60_TERM_LEDGER_20260629T073239Z.json","C:\Users\memo_\Documents\Codex\2026-06-28\see-attached-you-do-prompt-a-3\outputs\R3_ARABIC_FARSI_PERSIANATE_60_TERM_LEDGER_20260629T073239Z.json","cluster=group_theory","mixed_source_and_review_seed_from_recovered_ledger","source-gated R3 row from R3_ARABIC_FARSI_PERSIANATE_60_TERM_LEDGER_20260629T073239Z.json; primary owner arabic; downstream lane(s) arabic_rtl_lane; persianate_farsi_lane; evidence status mixed_source_and_review_seed_from_recovered_ledger; draft support emitted only from consume-routed surface fields","draft_noncanonical_micro_translation_support","emit_review_only_micro_support","Arabic RTL draft support: زمرة || Persian/Farsi draft support: گروه","draft_support_available_review_only","dari_independent_gate_required; tajik_independent_gate_required; pan_turkic_no_merge_without_own_gate; urdu_hindustani_separate_lane_no_persianate_merge","","زمرة","گروه","","","","گروه","noncanonical_micro_translation_support_for_named_route_only","false","false","false","false","consume_draft_support_review_only","consume_farsi_draft_support_review_only","do_not_consume_from_farsi_comparator_independent_dari_gate_required","do_not_consume_from_farsi_comparator_independent_tajik_gate_required","separate_lane_no_inheritance","separate_lane_no_inheritance","source_question_if_matching_translation_context","controlled_arabic_status=source_backed_promotable_seed | persian_farsi_status=source_backed_seed | bridge_status=promotable_seed_with_review | bridge candidate is comparator only; no bridge promotion | group theory","leave_unpacked_in_durable_run_log; copy_to_route_sidecar=arabic; copy_to_row_group_sidecar=paper01_60_term_route_ledger; copy_to_support_or_blocker_sidecar; include_in_convenience_zip_archive; session_b_can_consume_unpacked","R3_MICRO_EVIDENCE_ARTIFACT_20260704T040935Z","20260704T041521Z"
"r3run:0018","r3micro:paper01_60term:subgroup","paper01_60term:subgroup","paper01_60_term_route_ledger","subgroup","subgroup","arabic; persianate_tajik; novel_blocked","arabic","arabic_rtl_lane","R3_ARABIC_FARSI_PERSIANATE_60_TERM_LEDGER_20260629T073239Z.json","C:\Users\memo_\Documents\Codex\2026-06-28\see-attached-you-do-prompt-a-3\outputs\R3_ARABIC_FARSI_PERSIANATE_60_TERM_LEDGER_20260629T073239Z.json","cluster=group_theory","mixed_source_and_review_seed_from_recovered_ledger","source-gated R3 row from R3_ARABIC_FARSI_PERSIANATE_60_TERM_LEDGER_20260629T073239Z.json; primary owner arabic; downstream lane(s) arabic_rtl_lane; evidence status mixed_source_and_review_seed_from_recovered_ledger; draft support emitted only from consume-routed surface fields","draft_noncanonical_micro_translation_support","emit_review_only_micro_support","Arabic RTL draft support: زمرة جزئية","draft_support_available_review_only","dari_independent_gate_required; tajik_independent_gate_required; pan_turkic_no_merge_without_own_gate; urdu_hindustani_separate_lane_no_persianate_merge; persian_farsi_lane_open_or_not_consumable","","زمرة جزئية","زیرگروه","","","","زیرگروه","noncanonical_micro_translation_support_for_named_route_only","false","false","false","false","consume_draft_support_review_only","open_source_gate_do_not_consume","do_not_consume_from_farsi_comparator_independent_dari_gate_required","do_not_consume_from_farsi_comparator_independent_tajik_gate_required","separate_lane_no_inheritance","separate_lane_no_inheritance","source_question_if_matching_translation_context","controlled_arabic_status=attested_needs_review | persian_farsi_status=open_no_direct_hit | bridge_status=bridge_candidate_review_required | bridge candidate is comparator only; no bridge promotion | group theory","leave_unpacked_in_durable_run_log; copy_to_route_sidecar=arabic; copy_to_row_group_sidecar=paper01_60_term_route_ledger; copy_to_support_or_blocker_sidecar; include_in_convenience_zip_archive; session_b_can_consume_unpacked","R3_MICRO_EVIDENCE_ARTIFACT_20260704T040935Z","20260704T041521Z"
"r3run:0019","r3micro:paper01_60term:quotient_group","paper01_60term:quotient_group","paper01_60_term_route_ledger","quotient_group","quotient group","arabic; persianate_tajik; novel_blocked","novel_blocked","none_until_gate_closure","R3_ARABIC_FARSI_PERSIANATE_60_TERM_LEDGER_20260629T073239Z.json","C:\Users\memo_\Documents\Codex\2026-06-28\see-attached-you-do-prompt-a-3\outputs\R3_ARABIC_FARSI_PERSIANATE_60_TERM_LEDGER_20260629T073239Z.json","cluster=group_theory","mixed_source_and_review_seed_from_recovered_ledger","source-gated R3 row from R3_ARABIC_FARSI_PERSIANATE_60_TERM_LEDGER_20260629T073239Z.json; primary owner novel_blocked; downstream lane(s) none_until_gate_closure; evidence status mixed_source_and_review_seed_from_recovered_ledger; no draft support emitted; row remains blocker/source question","exact_blocker_or_source_question","do_not_emit_surface","","blocked_or_source_question_only","dari_independent_gate_required; tajik_independent_gate_required; pan_turkic_no_merge_without_own_gate; urdu_hindustani_separate_lane_no_persianate_merge; arabic_lane_open_or_not_consumable; persian_farsi_lane_open_or_not_consumable","dari_independent_gate_required; tajik_independent_gate_required; pan_turkic_no_merge_without_own_gate; urdu_hindustani_separate_lane_no_persianate_merge; arabic_lane_open_or_not_consumable; persian_farsi_lane_open_or_not_consumable","زمرة خارجية","گروه خارج‌قسمتی","","","","گروه خارج‌قسمتی","blocker_record_or_source_question_only","false","false","false","false","open_source_gate_do_not_consume","open_source_gate_do_not_consume","do_not_consume_from_farsi_comparator_independent_dari_gate_required","do_not_consume_from_farsi_comparator_independent_tajik_gate_required","separate_lane_no_inheritance","separate_lane_no_inheritance","source_question_if_matching_translation_context","controlled_arabic_status=open_no_direct_evidence | persian_farsi_status=open_no_direct_hit | bridge_status=bridge_candidate_review_required | bridge candidate is comparator only; no bridge promotion | group theory","leave_unpacked_in_durable_run_log; copy_to_route_sidecar=novel_blocked; copy_to_row_group_sidecar=paper01_60_term_route_ledger; copy_to_support_or_blocker_sidecar; include_in_convenience_zip_archive; session_b_can_consume_unpacked","R3_MICRO_EVIDENCE_ARTIFACT_20260704T040935Z","20260704T041521Z"
"r3run:0020","r3micro:paper01_60term:representation","paper01_60term:representation","paper01_60_term_route_ledger","representation","representation","arabic; persianate_tajik; novel_blocked","arabic","arabic_rtl_lane; persianate_farsi_lane","R3_ARABIC_FARSI_PERSIANATE_60_TERM_LEDGER_20260629T073239Z.json","C:\Users\memo_\Documents\Codex\2026-06-28\see-attached-you-do-prompt-a-3\outputs\R3_ARABIC_FARSI_PERSIANATE_60_TERM_LEDGER_20260629T073239Z.json","cluster=representation_theory","mixed_source_and_review_seed_from_recovered_ledger","source-gated R3 row from R3_ARABIC_FARSI_PERSIANATE_60_TERM_LEDGER_20260629T073239Z.json; primary owner arabic; downstream lane(s) arabic_rtl_lane; persianate_farsi_lane; evidence status mixed_source_and_review_seed_from_recovered_ledger; draft support emitted only from consume-routed surface fields","draft_noncanonical_micro_translation_support","emit_review_only_micro_support","Arabic RTL draft support: تمثيل || Persian/Farsi draft support: نمایش","draft_support_available_review_only","dari_independent_gate_required; tajik_independent_gate_required; pan_turkic_no_merge_without_own_gate; urdu_hindustani_separate_lane_no_persianate_merge","","تمثيل","نمایش","","","","نمایش","noncanonical_micro_translation_support_for_named_route_only","false","false","false","false","consume_draft_support_review_only","consume_farsi_draft_support_review_only","do_not_consume_from_farsi_comparator_independent_dari_gate_required","do_not_consume_from_farsi_comparator_independent_tajik_gate_required","separate_lane_no_inheritance","separate_lane_no_inheritance","source_question_if_matching_translation_context","controlled_arabic_status=source_backed_promotable_seed | persian_farsi_status=source_backed_seed | bridge_status=promotable_seed_with_review | bridge candidate is comparator only; no bridge promotion | representation theory","leave_unpacked_in_durable_run_log; copy_to_route_sidecar=arabic; copy_to_row_group_sidecar=paper01_60_term_route_ledger; copy_to_support_or_blocker_sidecar; include_in_convenience_zip_archive; session_b_can_consume_unpacked","R3_MICRO_EVIDENCE_ARTIFACT_20260704T040935Z","20260704T041521Z"
"r3run:0021","r3micro:paper01_60term:ring","paper01_60term:ring","paper01_60_term_route_ledger","ring","ring","arabic; persianate_tajik; novel_blocked","arabic","arabic_rtl_lane; persianate_farsi_lane","R3_ARABIC_FARSI_PERSIANATE_60_TERM_LEDGER_20260629T073239Z.json","C:\Users\memo_\Documents\Codex\2026-06-28\see-attached-you-do-prompt-a-3\outputs\R3_ARABIC_FARSI_PERSIANATE_60_TERM_LEDGER_20260629T073239Z.json","cluster=rings_modules","mixed_source_and_review_seed_from_recovered_ledger","source-gated R3 row from R3_ARABIC_FARSI_PERSIANATE_60_TERM_LEDGER_20260629T073239Z.json; primary owner arabic; downstream lane(s) arabic_rtl_lane; persianate_farsi_lane; evidence status mixed_source_and_review_seed_from_recovered_ledger; draft support emitted only from consume-routed surface fields","draft_noncanonical_micro_translation_support","emit_review_only_micro_support","Arabic RTL draft support: حلقة || Persian/Farsi draft support: حلقه","draft_support_available_review_only","dari_independent_gate_required; tajik_independent_gate_required; pan_turkic_no_merge_without_own_gate; urdu_hindustani_separate_lane_no_persianate_merge","","حلقة","حلقه","","","","حلقه","noncanonical_micro_translation_support_for_named_route_only","false","false","false","false","consume_draft_support_review_only","consume_farsi_draft_support_review_only","do_not_consume_from_farsi_comparator_independent_dari_gate_required","do_not_consume_from_farsi_comparator_independent_tajik_gate_required","separate_lane_no_inheritance","separate_lane_no_inheritance","source_question_if_matching_translation_context","controlled_arabic_status=fallback_attested_needs_review | persian_farsi_status=source_backed_seed | bridge_status=promotable_seed_with_review | bridge candidate is comparator only; no bridge promotion | ring theory","leave_unpacked_in_durable_run_log; copy_to_route_sidecar=arabic; copy_to_row_group_sidecar=paper01_60_term_route_ledger; copy_to_support_or_blocker_sidecar; include_in_convenience_zip_archive; session_b_can_consume_unpacked","R3_MICRO_EVIDENCE_ARTIFACT_20260704T040935Z","20260704T041521Z"
"r3run:0022","r3micro:paper01_60term:commutative_ring","paper01_60term:commutative_ring","paper01_60_term_route_ledger","commutative_ring","commutative ring","arabic; persianate_tajik; novel_blocked","novel_blocked","none_until_gate_closure","R3_ARABIC_FARSI_PERSIANATE_60_TERM_LEDGER_20260629T073239Z.json","C:\Users\memo_\Documents\Codex\2026-06-28\see-attached-you-do-prompt-a-3\outputs\R3_ARABIC_FARSI_PERSIANATE_60_TERM_LEDGER_20260629T073239Z.json","cluster=rings_modules","mixed_source_and_review_seed_from_recovered_ledger","source-gated R3 row from R3_ARABIC_FARSI_PERSIANATE_60_TERM_LEDGER_20260629T073239Z.json; primary owner novel_blocked; downstream lane(s) none_until_gate_closure; evidence status mixed_source_and_review_seed_from_recovered_ledger; no draft support emitted; row remains blocker/source question","exact_blocker_or_source_question","do_not_emit_surface","","blocked_or_source_question_only","dari_independent_gate_required; tajik_independent_gate_required; pan_turkic_no_merge_without_own_gate; urdu_hindustani_separate_lane_no_persianate_merge; arabic_lane_open_or_not_consumable; persian_farsi_lane_open_or_not_consumable","dari_independent_gate_required; tajik_independent_gate_required; pan_turkic_no_merge_without_own_gate; urdu_hindustani_separate_lane_no_persianate_merge; arabic_lane_open_or_not_consumable; persian_farsi_lane_open_or_not_consumable","حلقة تبديلية","حلقهٔ جابجایی","","","","حلقهٔ جابجایی","blocker_record_or_source_question_only","false","false","false","false","open_source_gate_do_not_consume","open_source_gate_do_not_consume","do_not_consume_from_farsi_comparator_independent_dari_gate_required","do_not_consume_from_farsi_comparator_independent_tajik_gate_required","separate_lane_no_inheritance","separate_lane_no_inheritance","source_question_if_matching_translation_context","controlled_arabic_status=open_no_direct_evidence | persian_farsi_status=open_no_direct_hit | bridge_status=bridge_candidate_review_required | bridge candidate is comparator only; no bridge promotion | ring theory","leave_unpacked_in_durable_run_log; copy_to_route_sidecar=novel_blocked; copy_to_row_group_sidecar=paper01_60_term_route_ledger; copy_to_support_or_blocker_sidecar; include_in_convenience_zip_archive; session_b_can_consume_unpacked","R3_MICRO_EVIDENCE_ARTIFACT_20260704T040935Z","20260704T041521Z"
"r3run:0023","r3micro:paper01_60term:ideal","paper01_60term:ideal","paper01_60_term_route_ledger","ideal","ideal","arabic; persianate_tajik; novel_blocked","persianate_tajik","persianate_farsi_lane","R3_ARABIC_FARSI_PERSIANATE_60_TERM_LEDGER_20260629T073239Z.json","C:\Users\memo_\Documents\Codex\2026-06-28\see-attached-you-do-prompt-a-3\outputs\R3_ARABIC_FARSI_PERSIANATE_60_TERM_LEDGER_20260629T073239Z.json","cluster=rings_modules","mixed_source_and_review_seed_from_recovered_ledger","source-gated R3 row from R3_ARABIC_FARSI_PERSIANATE_60_TERM_LEDGER_20260629T073239Z.json; primary owner persianate_tajik; downstream lane(s) persianate_farsi_lane; evidence status mixed_source_and_review_seed_from_recovered_ledger; draft support emitted only from consume-routed surface fields","draft_noncanonical_micro_translation_support","emit_review_only_micro_support","Persian/Farsi draft support: ایده‌آل","draft_support_available_review_only","dari_independent_gate_required; tajik_independent_gate_required; pan_turkic_no_merge_without_own_gate; urdu_hindustani_separate_lane_no_persianate_merge; arabic_lane_open_or_not_consumable","","مثالي","ایده‌آل","","","","ایده‌آل","noncanonical_micro_translation_support_for_named_route_only","false","false","false","false","open_source_gate_do_not_consume","consume_farsi_draft_support_review_only","do_not_consume_from_farsi_comparator_independent_dari_gate_required","do_not_consume_from_farsi_comparator_independent_tajik_gate_required","separate_lane_no_inheritance","separate_lane_no_inheritance","source_question_if_matching_translation_context","controlled_arabic_status=open_no_direct_evidence | persian_farsi_status=attested_needs_review | bridge_status=bridge_candidate_review_required | bridge candidate is comparator only; no bridge promotion | ring theory","leave_unpacked_in_durable_run_log; copy_to_route_sidecar=persianate_tajik; copy_to_row_group_sidecar=paper01_60_term_route_ledger; copy_to_support_or_blocker_sidecar; include_in_convenience_zip_archive; session_b_can_consume_unpacked","R3_MICRO_EVIDENCE_ARTIFACT_20260704T040935Z","20260704T041521Z"
"r3run:0024","r3micro:paper01_60term:module","paper01_60term:module","paper01_60_term_route_ledger","module","module","arabic; persianate_tajik; novel_blocked","arabic","arabic_rtl_lane; persianate_farsi_lane","R3_ARABIC_FARSI_PERSIANATE_60_TERM_LEDGER_20260629T073239Z.json","C:\Users\memo_\Documents\Codex\2026-06-28\see-attached-you-do-prompt-a-3\outputs\R3_ARABIC_FARSI_PERSIANATE_60_TERM_LEDGER_20260629T073239Z.json","cluster=rings_modules","mixed_source_and_review_seed_from_recovered_ledger","source-gated R3 row from R3_ARABIC_FARSI_PERSIANATE_60_TERM_LEDGER_20260629T073239Z.json; primary owner arabic; downstream lane(s) arabic_rtl_lane; persianate_farsi_lane; evidence status mixed_source_and_review_seed_from_recovered_ledger; draft support emitted only from consume-routed surface fields","draft_noncanonical_micro_translation_support","emit_review_only_micro_support","Arabic RTL draft support: مقاسات || Persian/Farsi draft support: مدول","draft_support_available_review_only","dari_independent_gate_required; tajik_independent_gate_required; pan_turkic_no_merge_without_own_gate; urdu_hindustani_separate_lane_no_persianate_merge","","مقاسات","مدول","","","","مدول","noncanonical_micro_translation_support_for_named_route_only","false","false","false","false","consume_draft_support_review_only","consume_farsi_draft_support_review_only","do_not_consume_from_farsi_comparator_independent_dari_gate_required","do_not_consume_from_farsi_comparator_independent_tajik_gate_required","separate_lane_no_inheritance","separate_lane_no_inheritance","source_question_if_matching_translation_context","controlled_arabic_status=fallback_attested_needs_review | persian_farsi_status=attested_needs_review | bridge_status=bridge_candidate_review_required | bridge candidate is comparator only; no bridge promotion | module theory; keep separate from Noether's modulus","leave_unpacked_in_durable_run_log; copy_to_route_sidecar=arabic; copy_to_row_group_sidecar=paper01_60_term_route_ledger; copy_to_support_or_blocker_sidecar; include_in_convenience_zip_archive; session_b_can_consume_unpacked","R3_MICRO_EVIDENCE_ARTIFACT_20260704T040935Z","20260704T041521Z"
"r3run:0025","r3micro:paper01_60term:submodule","paper01_60term:submodule","paper01_60_term_route_ledger","submodule","submodule","arabic; persianate_tajik; novel_blocked","persianate_tajik","persianate_farsi_lane","R3_ARABIC_FARSI_PERSIANATE_60_TERM_LEDGER_20260629T073239Z.json","C:\Users\memo_\Documents\Codex\2026-06-28\see-attached-you-do-prompt-a-3\outputs\R3_ARABIC_FARSI_PERSIANATE_60_TERM_LEDGER_20260629T073239Z.json","cluster=rings_modules","mixed_source_and_review_seed_from_recovered_ledger","source-gated R3 row from R3_ARABIC_FARSI_PERSIANATE_60_TERM_LEDGER_20260629T073239Z.json; primary owner persianate_tajik; downstream lane(s) persianate_farsi_lane; evidence status mixed_source_and_review_seed_from_recovered_ledger; draft support emitted only from consume-routed surface fields","draft_noncanonical_micro_translation_support","emit_review_only_micro_support","Persian/Farsi draft support: زیرمدول","draft_support_available_review_only","dari_independent_gate_required; tajik_independent_gate_required; pan_turkic_no_merge_without_own_gate; urdu_hindustani_separate_lane_no_persianate_merge; arabic_lane_open_or_not_consumable","","مقاس جزئي","زیرمدول","","","","زیرمدول","noncanonical_micro_translation_support_for_named_route_only","false","false","false","false","open_source_gate_do_not_consume","consume_farsi_draft_support_review_only","do_not_consume_from_farsi_comparator_independent_dari_gate_required","do_not_consume_from_farsi_comparator_independent_tajik_gate_required","separate_lane_no_inheritance","separate_lane_no_inheritance","source_question_if_matching_translation_context","controlled_arabic_status=open_no_direct_evidence | persian_farsi_status=attested_needs_review | bridge_status=bridge_candidate_review_required | bridge candidate is comparator only; no bridge promotion | module theory","leave_unpacked_in_durable_run_log; copy_to_route_sidecar=persianate_tajik; copy_to_row_group_sidecar=paper01_60_term_route_ledger; copy_to_support_or_blocker_sidecar; include_in_convenience_zip_archive; session_b_can_consume_unpacked","R3_MICRO_EVIDENCE_ARTIFACT_20260704T040935Z","20260704T041521Z"
"r3run:0026","r3micro:paper01_60term:noetherian_module","paper01_60term:noetherian_module","paper01_60_term_route_ledger","noetherian_module","Noetherian module","arabic; persianate_tajik; novel_blocked","arabic","arabic_rtl_lane","R3_ARABIC_FARSI_PERSIANATE_60_TERM_LEDGER_20260629T073239Z.json","C:\Users\memo_\Documents\Codex\2026-06-28\see-attached-you-do-prompt-a-3\outputs\R3_ARABIC_FARSI_PERSIANATE_60_TERM_LEDGER_20260629T073239Z.json","cluster=rings_modules","mixed_source_and_review_seed_from_recovered_ledger","source-gated R3 row from R3_ARABIC_FARSI_PERSIANATE_60_TERM_LEDGER_20260629T073239Z.json; primary owner arabic; downstream lane(s) arabic_rtl_lane; evidence status mixed_source_and_review_seed_from_recovered_ledger; draft support emitted only from consume-routed surface fields","draft_noncanonical_micro_translation_support","emit_review_only_micro_support","Arabic RTL draft support: المقاسات النوثيرية","draft_support_available_review_only","dari_independent_gate_required; tajik_independent_gate_required; pan_turkic_no_merge_without_own_gate; urdu_hindustani_separate_lane_no_persianate_merge; persian_farsi_lane_open_or_not_consumable","","المقاسات النوثيرية","مدول نوتری","","","","مدول نوتری","noncanonical_micro_translation_support_for_named_route_only","false","false","false","false","consume_draft_support_review_only","open_source_gate_do_not_consume","do_not_consume_from_farsi_comparator_independent_dari_gate_required","do_not_consume_from_farsi_comparator_independent_tajik_gate_required","separate_lane_no_inheritance","separate_lane_no_inheritance","source_question_if_matching_translation_context","controlled_arabic_status=fallback_attested_needs_review | persian_farsi_status=open_no_direct_hit | bridge_status=bridge_candidate_review_required | bridge candidate is comparator only; no bridge promotion | Noether-adjacent","leave_unpacked_in_durable_run_log; copy_to_route_sidecar=arabic; copy_to_row_group_sidecar=paper01_60_term_route_ledger; copy_to_support_or_blocker_sidecar; include_in_convenience_zip_archive; session_b_can_consume_unpacked","R3_MICRO_EVIDENCE_ARTIFACT_20260704T040935Z","20260704T041521Z"
"r3run:0027","r3micro:paper01_60term:field","paper01_60term:field","paper01_60_term_route_ledger","field","field","arabic; persianate_tajik; novel_blocked","arabic","arabic_rtl_lane; persianate_farsi_lane; adjacent_linear_algebra_source_lane","R3_ARABIC_FARSI_PERSIANATE_60_TERM_LEDGER_20260629T073239Z.json","C:\Users\memo_\Documents\Codex\2026-06-28\see-attached-you-do-prompt-a-3\outputs\R3_ARABIC_FARSI_PERSIANATE_60_TERM_LEDGER_20260629T073239Z.json","cluster=linear_algebra","mixed_source_and_review_seed_from_recovered_ledger","source-gated R3 row from R3_ARABIC_FARSI_PERSIANATE_60_TERM_LEDGER_20260629T073239Z.json; primary owner arabic; downstream lane(s) arabic_rtl_lane; persianate_farsi_lane; adjacent_linear_algebra_source_lane; evidence status mixed_source_and_review_seed_from_recovered_ledger; draft support emitted only from consume-routed surface fields","draft_noncanonical_micro_translation_support","emit_review_only_micro_support","Arabic RTL draft support: حقل || Persian/Farsi draft support: میدان","draft_support_available_review_only","dari_independent_gate_required; tajik_independent_gate_required; pan_turkic_no_merge_without_own_gate; urdu_hindustani_separate_lane_no_persianate_merge","","حقل","میدان","","","","میدان","noncanonical_micro_translation_support_for_named_route_only","false","false","false","false","consume_draft_support_review_only","consume_farsi_draft_support_review_only","do_not_consume_from_farsi_comparator_independent_dari_gate_required","do_not_consume_from_farsi_comparator_independent_tajik_gate_required","separate_lane_no_inheritance","separate_lane_no_inheritance","consume_source_question_review_only","controlled_arabic_status=source_backed_promotable_seed | persian_farsi_status=source_backed_seed | bridge_status=promotable_seed_with_review | bridge candidate is comparator only; no bridge promotion | field/linear algebra","leave_unpacked_in_durable_run_log; copy_to_route_sidecar=arabic; copy_to_row_group_sidecar=paper01_60_term_route_ledger; copy_to_support_or_blocker_sidecar; include_in_convenience_zip_archive; session_b_can_consume_unpacked","R3_MICRO_EVIDENCE_ARTIFACT_20260704T040935Z","20260704T041521Z"
"r3run:0028","r3micro:paper01_60term:vector_space","paper01_60term:vector_space","paper01_60_term_route_ledger","vector_space","vector space","arabic; persianate_tajik; novel_blocked","arabic","arabic_rtl_lane; persianate_farsi_lane; adjacent_linear_algebra_source_lane","R3_ARABIC_FARSI_PERSIANATE_60_TERM_LEDGER_20260629T073239Z.json","C:\Users\memo_\Documents\Codex\2026-06-28\see-attached-you-do-prompt-a-3\outputs\R3_ARABIC_FARSI_PERSIANATE_60_TERM_LEDGER_20260629T073239Z.json","cluster=linear_algebra","mixed_source_and_review_seed_from_recovered_ledger","source-gated R3 row from R3_ARABIC_FARSI_PERSIANATE_60_TERM_LEDGER_20260629T073239Z.json; primary owner arabic; downstream lane(s) arabic_rtl_lane; persianate_farsi_lane; adjacent_linear_algebra_source_lane; evidence status mixed_source_and_review_seed_from_recovered_ledger; draft support emitted only from consume-routed surface fields","draft_noncanonical_micro_translation_support","emit_review_only_micro_support","Arabic RTL draft support: فضاء شعاعي || Persian/Farsi draft support: فضای برداری","draft_support_available_review_only","dari_independent_gate_required; tajik_independent_gate_required; pan_turkic_no_merge_without_own_gate; urdu_hindustani_separate_lane_no_persianate_merge","","فضاء شعاعي","فضای برداری","","","","فضای برداری","noncanonical_micro_translation_support_for_named_route_only","false","false","false","false","consume_draft_support_review_only","consume_farsi_draft_support_review_only","do_not_consume_from_farsi_comparator_independent_dari_gate_required","do_not_consume_from_farsi_comparator_independent_tajik_gate_required","separate_lane_no_inheritance","separate_lane_no_inheritance","consume_source_question_review_only","controlled_arabic_status=source_backed_promotable_seed | persian_farsi_status=source_backed_seed | bridge_status=promotable_seed_with_review | bridge candidate is comparator only; no bridge promotion | linear algebra","leave_unpacked_in_durable_run_log; copy_to_route_sidecar=arabic; copy_to_row_group_sidecar=paper01_60_term_route_ledger; copy_to_support_or_blocker_sidecar; include_in_convenience_zip_archive; session_b_can_consume_unpacked","R3_MICRO_EVIDENCE_ARTIFACT_20260704T040935Z","20260704T041521Z"
"r3run:0029","r3micro:paper01_60term:vector","paper01_60term:vector","paper01_60_term_route_ledger","vector","vector","arabic; persianate_tajik; novel_blocked","arabic","arabic_rtl_lane; persianate_farsi_lane; adjacent_linear_algebra_source_lane","R3_ARABIC_FARSI_PERSIANATE_60_TERM_LEDGER_20260629T073239Z.json","C:\Users\memo_\Documents\Codex\2026-06-28\see-attached-you-do-prompt-a-3\outputs\R3_ARABIC_FARSI_PERSIANATE_60_TERM_LEDGER_20260629T073239Z.json","cluster=linear_algebra","mixed_source_and_review_seed_from_recovered_ledger","source-gated R3 row from R3_ARABIC_FARSI_PERSIANATE_60_TERM_LEDGER_20260629T073239Z.json; primary owner arabic; downstream lane(s) arabic_rtl_lane; persianate_farsi_lane; adjacent_linear_algebra_source_lane; evidence status mixed_source_and_review_seed_from_recovered_ledger; draft support emitted only from consume-routed surface fields","draft_noncanonical_micro_translation_support","emit_review_only_micro_support","Arabic RTL draft support: متجه || Persian/Farsi draft support: بردار","draft_support_available_review_only","dari_independent_gate_required; tajik_independent_gate_required; pan_turkic_no_merge_without_own_gate; urdu_hindustani_separate_lane_no_persianate_merge","","متجه","بردار","","","","بردار","noncanonical_micro_translation_support_for_named_route_only","false","false","false","false","consume_draft_support_review_only","consume_farsi_draft_support_review_only","do_not_consume_from_farsi_comparator_independent_dari_gate_required","do_not_consume_from_farsi_comparator_independent_tajik_gate_required","separate_lane_no_inheritance","separate_lane_no_inheritance","consume_source_question_review_only","controlled_arabic_status=attested_needs_review | persian_farsi_status=source_backed_seed | bridge_status=promotable_seed_with_review | bridge candidate is comparator only; no bridge promotion | linear algebra","leave_unpacked_in_durable_run_log; copy_to_route_sidecar=arabic; copy_to_row_group_sidecar=paper01_60_term_route_ledger; copy_to_support_or_blocker_sidecar; include_in_convenience_zip_archive; session_b_can_consume_unpacked","R3_MICRO_EVIDENCE_ARTIFACT_20260704T040935Z","20260704T041521Z"
"r3run:0030","r3micro:paper01_60term:basis","paper01_60term:basis","paper01_60_term_route_ledger","basis","basis","arabic; persianate_tajik; novel_blocked","arabic","arabic_rtl_lane; persianate_farsi_lane; adjacent_linear_algebra_source_lane","R3_ARABIC_FARSI_PERSIANATE_60_TERM_LEDGER_20260629T073239Z.json","C:\Users\memo_\Documents\Codex\2026-06-28\see-attached-you-do-prompt-a-3\outputs\R3_ARABIC_FARSI_PERSIANATE_60_TERM_LEDGER_20260629T073239Z.json","cluster=linear_algebra","mixed_source_and_review_seed_from_recovered_ledger","source-gated R3 row from R3_ARABIC_FARSI_PERSIANATE_60_TERM_LEDGER_20260629T073239Z.json; primary owner arabic; downstream lane(s) arabic_rtl_lane; persianate_farsi_lane; adjacent_linear_algebra_source_lane; evidence status mixed_source_and_review_seed_from_recovered_ledger; draft support emitted only from consume-routed surface fields","draft_noncanonical_micro_translation_support","emit_review_only_micro_support","Arabic RTL draft support: قاعدة || Persian/Farsi draft support: پایه","draft_support_available_review_only","dari_independent_gate_required; tajik_independent_gate_required; pan_turkic_no_merge_without_own_gate; urdu_hindustani_separate_lane_no_persianate_merge","","قاعدة","پایه","","","","پایه","noncanonical_micro_translation_support_for_named_route_only","false","false","false","false","consume_draft_support_review_only","consume_farsi_draft_support_review_only","do_not_consume_from_farsi_comparator_independent_dari_gate_required","do_not_consume_from_farsi_comparator_independent_tajik_gate_required","separate_lane_no_inheritance","separate_lane_no_inheritance","consume_source_question_review_only","controlled_arabic_status=attested_needs_review | persian_farsi_status=source_backed_seed | bridge_status=promotable_seed_with_review | bridge candidate is comparator only; no bridge promotion | linear algebra","leave_unpacked_in_durable_run_log; copy_to_route_sidecar=arabic; copy_to_row_group_sidecar=paper01_60_term_route_ledger; copy_to_support_or_blocker_sidecar; include_in_convenience_zip_archive; session_b_can_consume_unpacked","R3_MICRO_EVIDENCE_ARTIFACT_20260704T040935Z","20260704T041521Z"
"r3run:0031","r3micro:paper01_60term:dimension","paper01_60term:dimension","paper01_60_term_route_ledger","dimension","dimension","arabic; persianate_tajik; novel_blocked","arabic","arabic_rtl_lane; persianate_farsi_lane; adjacent_linear_algebra_source_lane","R3_ARABIC_FARSI_PERSIANATE_60_TERM_LEDGER_20260629T073239Z.json","C:\Users\memo_\Documents\Codex\2026-06-28\see-attached-you-do-prompt-a-3\outputs\R3_ARABIC_FARSI_PERSIANATE_60_TERM_LEDGER_20260629T073239Z.json","cluster=linear_algebra","mixed_source_and_review_seed_from_recovered_ledger","source-gated R3 row from R3_ARABIC_FARSI_PERSIANATE_60_TERM_LEDGER_20260629T073239Z.json; primary owner arabic; downstream lane(s) arabic_rtl_lane; persianate_farsi_lane; adjacent_linear_algebra_source_lane; evidence status mixed_source_and_review_seed_from_recovered_ledger; draft support emitted only from consume-routed surface fields","draft_noncanonical_micro_translation_support","emit_review_only_micro_support","Arabic RTL draft support: بعد || Persian/Farsi draft support: بعد","draft_support_available_review_only","dari_independent_gate_required; tajik_independent_gate_required; pan_turkic_no_merge_without_own_gate; urdu_hindustani_separate_lane_no_persianate_merge","","بعد","بعد","","","","بعد","noncanonical_micro_translation_support_for_named_route_only","false","false","false","false","consume_draft_support_review_only","consume_farsi_draft_support_review_only","do_not_consume_from_farsi_comparator_independent_dari_gate_required","do_not_consume_from_farsi_comparator_independent_tajik_gate_required","separate_lane_no_inheritance","separate_lane_no_inheritance","consume_source_question_review_only","controlled_arabic_status=source_backed_promotable_seed | persian_farsi_status=source_backed_seed | bridge_status=promotable_seed_with_review | bridge candidate is comparator only; no bridge promotion | linear algebra","leave_unpacked_in_durable_run_log; copy_to_route_sidecar=arabic; copy_to_row_group_sidecar=paper01_60_term_route_ledger; copy_to_support_or_blocker_sidecar; include_in_convenience_zip_archive; session_b_can_consume_unpacked","R3_MICRO_EVIDENCE_ARTIFACT_20260704T040935Z","20260704T041521Z"
"r3run:0032","r3micro:paper01_60term:linear_map","paper01_60term:linear_map","paper01_60_term_route_ledger","linear_map","linear map","arabic; persianate_tajik; novel_blocked","arabic","arabic_rtl_lane; persianate_farsi_lane; adjacent_linear_algebra_source_lane","R3_ARABIC_FARSI_PERSIANATE_60_TERM_LEDGER_20260629T073239Z.json","C:\Users\memo_\Documents\Codex\2026-06-28\see-attached-you-do-prompt-a-3\outputs\R3_ARABIC_FARSI_PERSIANATE_60_TERM_LEDGER_20260629T073239Z.json","cluster=linear_algebra","mixed_source_and_review_seed_from_recovered_ledger","source-gated R3 row from R3_ARABIC_FARSI_PERSIANATE_60_TERM_LEDGER_20260629T073239Z.json; primary owner arabic; downstream lane(s) arabic_rtl_lane; persianate_farsi_lane; adjacent_linear_algebra_source_lane; evidence status mixed_source_and_review_seed_from_recovered_ledger; draft support emitted only from consume-routed surface fields","draft_noncanonical_micro_translation_support","emit_review_only_micro_support","Arabic RTL draft support: تطبيق خطي || Persian/Farsi draft support: نگاشت خطی","draft_support_available_review_only","dari_independent_gate_required; tajik_independent_gate_required; pan_turkic_no_merge_without_own_gate; urdu_hindustani_separate_lane_no_persianate_merge","","تطبيق خطي","نگاشت خطی","","","","نگاشت خطی","noncanonical_micro_translation_support_for_named_route_only","false","false","false","false","consume_draft_support_review_only","consume_farsi_draft_support_review_only","do_not_consume_from_farsi_comparator_independent_dari_gate_required","do_not_consume_from_farsi_comparator_independent_tajik_gate_required","separate_lane_no_inheritance","separate_lane_no_inheritance","consume_source_question_review_only","controlled_arabic_status=attested_needs_review | persian_farsi_status=attested_needs_review | bridge_status=bridge_candidate_review_required | bridge candidate is comparator only; no bridge promotion | linear algebra","leave_unpacked_in_durable_run_log; copy_to_route_sidecar=arabic; copy_to_row_group_sidecar=paper01_60_term_route_ledger; copy_to_support_or_blocker_sidecar; include_in_convenience_zip_archive; session_b_can_consume_unpacked","R3_MICRO_EVIDENCE_ARTIFACT_20260704T040935Z","20260704T041521Z"
"r3run:0033","r3micro:paper01_60term:matrix","paper01_60term:matrix","paper01_60_term_route_ledger","matrix","matrix","arabic; persianate_tajik; novel_blocked","arabic","arabic_rtl_lane; persianate_farsi_lane; adjacent_linear_algebra_source_lane","R3_ARABIC_FARSI_PERSIANATE_60_TERM_LEDGER_20260629T073239Z.json","C:\Users\memo_\Documents\Codex\2026-06-28\see-attached-you-do-prompt-a-3\outputs\R3_ARABIC_FARSI_PERSIANATE_60_TERM_LEDGER_20260629T073239Z.json","cluster=linear_algebra","mixed_source_and_review_seed_from_recovered_ledger","source-gated R3 row from R3_ARABIC_FARSI_PERSIANATE_60_TERM_LEDGER_20260629T073239Z.json; primary owner arabic; downstream lane(s) arabic_rtl_lane; persianate_farsi_lane; adjacent_linear_algebra_source_lane; evidence status mixed_source_and_review_seed_from_recovered_ledger; draft support emitted only from consume-routed surface fields","draft_noncanonical_micro_translation_support","emit_review_only_micro_support","Arabic RTL draft support: مصفوفة || Persian/Farsi draft support: ماتریس","draft_support_available_review_only","dari_independent_gate_required; tajik_independent_gate_required; pan_turkic_no_merge_without_own_gate; urdu_hindustani_separate_lane_no_persianate_merge","","مصفوفة","ماتریس","","","","ماتریس","noncanonical_micro_translation_support_for_named_route_only","false","false","false","false","consume_draft_support_review_only","consume_farsi_draft_support_review_only","do_not_consume_from_farsi_comparator_independent_dari_gate_required","do_not_consume_from_farsi_comparator_independent_tajik_gate_required","separate_lane_no_inheritance","separate_lane_no_inheritance","consume_source_question_review_only","controlled_arabic_status=source_backed_promotable_seed | persian_farsi_status=source_backed_seed | bridge_status=promotable_seed_with_review | bridge candidate is comparator only; no bridge promotion | linear algebra","leave_unpacked_in_durable_run_log; copy_to_route_sidecar=arabic; copy_to_row_group_sidecar=paper01_60_term_route_ledger; copy_to_support_or_blocker_sidecar; include_in_convenience_zip_archive; session_b_can_consume_unpacked","R3_MICRO_EVIDENCE_ARTIFACT_20260704T040935Z","20260704T041521Z"
"r3run:0034","r3micro:paper01_60term:determinant","paper01_60term:determinant","paper01_60_term_route_ledger","determinant","determinant","arabic; persianate_tajik; novel_blocked","arabic","arabic_rtl_lane; persianate_farsi_lane; adjacent_linear_algebra_source_lane","R3_ARABIC_FARSI_PERSIANATE_60_TERM_LEDGER_20260629T073239Z.json","C:\Users\memo_\Documents\Codex\2026-06-28\see-attached-you-do-prompt-a-3\outputs\R3_ARABIC_FARSI_PERSIANATE_60_TERM_LEDGER_20260629T073239Z.json","cluster=linear_algebra","mixed_source_and_review_seed_from_recovered_ledger","source-gated R3 row from R3_ARABIC_FARSI_PERSIANATE_60_TERM_LEDGER_20260629T073239Z.json; primary owner arabic; downstream lane(s) arabic_rtl_lane; persianate_farsi_lane; adjacent_linear_algebra_source_lane; evidence status mixed_source_and_review_seed_from_recovered_ledger; draft support emitted only from consume-routed surface fields","draft_noncanonical_micro_translation_support","emit_review_only_micro_support","Arabic RTL draft support: محدد || Persian/Farsi draft support: دترمینان","draft_support_available_review_only","dari_independent_gate_required; tajik_independent_gate_required; pan_turkic_no_merge_without_own_gate; urdu_hindustani_separate_lane_no_persianate_merge","","محدد","دترمینان","","","","دترمینان","noncanonical_micro_translation_support_for_named_route_only","false","false","false","false","consume_draft_support_review_only","consume_farsi_draft_support_review_only","do_not_consume_from_farsi_comparator_independent_dari_gate_required","do_not_consume_from_farsi_comparator_independent_tajik_gate_required","separate_lane_no_inheritance","separate_lane_no_inheritance","consume_source_question_review_only","controlled_arabic_status=attested_needs_review | persian_farsi_status=source_backed_seed | bridge_status=promotable_seed_with_review | bridge candidate is comparator only; no bridge promotion | linear algebra","leave_unpacked_in_durable_run_log; copy_to_route_sidecar=arabic; copy_to_row_group_sidecar=paper01_60_term_route_ledger; copy_to_support_or_blocker_sidecar; include_in_convenience_zip_archive; session_b_can_consume_unpacked","R3_MICRO_EVIDENCE_ARTIFACT_20260704T040935Z","20260704T041521Z"
"r3run:0035","r3micro:paper01_60term:polynomial","paper01_60term:polynomial","paper01_60_term_route_ledger","polynomial","polynomial","arabic; persianate_tajik; novel_blocked","persianate_tajik","persianate_farsi_lane; adjacent_linear_algebra_source_lane","R3_ARABIC_FARSI_PERSIANATE_60_TERM_LEDGER_20260629T073239Z.json","C:\Users\memo_\Documents\Codex\2026-06-28\see-attached-you-do-prompt-a-3\outputs\R3_ARABIC_FARSI_PERSIANATE_60_TERM_LEDGER_20260629T073239Z.json","cluster=algebra_general","mixed_source_and_review_seed_from_recovered_ledger","source-gated R3 row from R3_ARABIC_FARSI_PERSIANATE_60_TERM_LEDGER_20260629T073239Z.json; primary owner persianate_tajik; downstream lane(s) persianate_farsi_lane; adjacent_linear_algebra_source_lane; evidence status mixed_source_and_review_seed_from_recovered_ledger; draft support emitted only from consume-routed surface fields","draft_noncanonical_micro_translation_support","emit_review_only_micro_support","Persian/Farsi draft support: چندجمله‌ای","draft_support_available_review_only","dari_independent_gate_required; tajik_independent_gate_required; pan_turkic_no_merge_without_own_gate; urdu_hindustani_separate_lane_no_persianate_merge; arabic_lane_open_or_not_consumable","","كثير حدود","چندجمله‌ای","","","","چندجمله‌ای","noncanonical_micro_translation_support_for_named_route_only","false","false","false","false","open_source_gate_do_not_consume","consume_farsi_draft_support_review_only","do_not_consume_from_farsi_comparator_independent_dari_gate_required","do_not_consume_from_farsi_comparator_independent_tajik_gate_required","separate_lane_no_inheritance","separate_lane_no_inheritance","consume_source_question_review_only","controlled_arabic_status=open_no_direct_evidence | persian_farsi_status=source_backed_seed | bridge_status=bridge_candidate_review_required | bridge candidate is comparator only; no bridge promotion | algebra general","leave_unpacked_in_durable_run_log; copy_to_route_sidecar=persianate_tajik; copy_to_row_group_sidecar=paper01_60_term_route_ledger; copy_to_support_or_blocker_sidecar; include_in_convenience_zip_archive; session_b_can_consume_unpacked","R3_MICRO_EVIDENCE_ARTIFACT_20260704T040935Z","20260704T041521Z"
"r3run:0036","r3micro:paper01_60term:algebra","paper01_60term:algebra","paper01_60_term_route_ledger","algebra","algebra","arabic; persianate_tajik; novel_blocked","arabic","arabic_rtl_lane; persianate_farsi_lane; adjacent_linear_algebra_source_lane","R3_ARABIC_FARSI_PERSIANATE_60_TERM_LEDGER_20260629T073239Z.json","C:\Users\memo_\Documents\Codex\2026-06-28\see-attached-you-do-prompt-a-3\outputs\R3_ARABIC_FARSI_PERSIANATE_60_TERM_LEDGER_20260629T073239Z.json","cluster=algebra_general","mixed_source_and_review_seed_from_recovered_ledger","source-gated R3 row from R3_ARABIC_FARSI_PERSIANATE_60_TERM_LEDGER_20260629T073239Z.json; primary owner arabic; downstream lane(s) arabic_rtl_lane; persianate_farsi_lane; adjacent_linear_algebra_source_lane; evidence status mixed_source_and_review_seed_from_recovered_ledger; draft support emitted only from consume-routed surface fields","draft_noncanonical_micro_translation_support","emit_review_only_micro_support","Arabic RTL draft support: جبر || Persian/Farsi draft support: جبر","draft_support_available_review_only","dari_independent_gate_required; tajik_independent_gate_required; pan_turkic_no_merge_without_own_gate; urdu_hindustani_separate_lane_no_persianate_merge","","جبر","جبر","","","","جبر","noncanonical_micro_translation_support_for_named_route_only","false","false","false","false","consume_draft_support_review_only","consume_farsi_draft_support_review_only","do_not_consume_from_farsi_comparator_independent_dari_gate_required","do_not_consume_from_farsi_comparator_independent_tajik_gate_required","separate_lane_no_inheritance","separate_lane_no_inheritance","consume_source_question_review_only","controlled_arabic_status=source_backed_promotable_seed | persian_farsi_status=source_backed_seed | bridge_status=promotable_seed_with_review | bridge candidate is comparator only; no bridge promotion | algebra general","leave_unpacked_in_durable_run_log; copy_to_route_sidecar=arabic; copy_to_row_group_sidecar=paper01_60_term_route_ledger; copy_to_support_or_blocker_sidecar; include_in_convenience_zip_archive; session_b_can_consume_unpacked","R3_MICRO_EVIDENCE_ARTIFACT_20260704T040935Z","20260704T041521Z"
"r3run:0037","r3micro:paper01_60term:algebra_over_field","paper01_60term:algebra_over_field","paper01_60_term_route_ledger","algebra_over_field","algebra over a field","arabic; persianate_tajik; novel_blocked","arabic","arabic_rtl_lane; adjacent_linear_algebra_source_lane","R3_ARABIC_FARSI_PERSIANATE_60_TERM_LEDGER_20260629T073239Z.json","C:\Users\memo_\Documents\Codex\2026-06-28\see-attached-you-do-prompt-a-3\outputs\R3_ARABIC_FARSI_PERSIANATE_60_TERM_LEDGER_20260629T073239Z.json","cluster=algebra_general","mixed_source_and_review_seed_from_recovered_ledger","source-gated R3 row from R3_ARABIC_FARSI_PERSIANATE_60_TERM_LEDGER_20260629T073239Z.json; primary owner arabic; downstream lane(s) arabic_rtl_lane; adjacent_linear_algebra_source_lane; evidence status mixed_source_and_review_seed_from_recovered_ledger; draft support emitted only from consume-routed surface fields","draft_noncanonical_micro_translation_support","emit_review_only_micro_support","Arabic RTL draft support: الجبر على حقل","draft_support_available_review_only","dari_independent_gate_required; tajik_independent_gate_required; pan_turkic_no_merge_without_own_gate; urdu_hindustani_separate_lane_no_persianate_merge; persian_farsi_lane_open_or_not_consumable","","الجبر على حقل","جبر روی میدان","","","","جبر روی میدان","noncanonical_micro_translation_support_for_named_route_only","false","false","false","false","consume_draft_support_review_only","open_source_gate_do_not_consume","do_not_consume_from_farsi_comparator_independent_dari_gate_required","do_not_consume_from_farsi_comparator_independent_tajik_gate_required","separate_lane_no_inheritance","separate_lane_no_inheritance","consume_source_question_review_only","controlled_arabic_status=attested_needs_review | persian_farsi_status=open_no_direct_hit | bridge_status=bridge_candidate_review_required | bridge candidate is comparator only; no bridge promotion | algebra general","leave_unpacked_in_durable_run_log; copy_to_route_sidecar=arabic; copy_to_row_group_sidecar=paper01_60_term_route_ledger; copy_to_support_or_blocker_sidecar; include_in_convenience_zip_archive; session_b_can_consume_unpacked","R3_MICRO_EVIDENCE_ARTIFACT_20260704T040935Z","20260704T041521Z"
"r3run:0038","r3micro:paper01_60term:direct_sum","paper01_60term:direct_sum","paper01_60_term_route_ledger","direct_sum","direct sum","arabic; persianate_tajik; novel_blocked","novel_blocked","adjacent_linear_algebra_source_lane","R3_ARABIC_FARSI_PERSIANATE_60_TERM_LEDGER_20260629T073239Z.json","C:\Users\memo_\Documents\Codex\2026-06-28\see-attached-you-do-prompt-a-3\outputs\R3_ARABIC_FARSI_PERSIANATE_60_TERM_LEDGER_20260629T073239Z.json","cluster=algebra_general","mixed_source_and_review_seed_from_recovered_ledger","source-gated R3 row from R3_ARABIC_FARSI_PERSIANATE_60_TERM_LEDGER_20260629T073239Z.json; primary owner novel_blocked; downstream lane(s) adjacent_linear_algebra_source_lane; evidence status mixed_source_and_review_seed_from_recovered_ledger; no draft support emitted; row remains blocker/source question","exact_blocker_or_source_question","do_not_emit_surface","","blocked_or_source_question_only","dari_independent_gate_required; tajik_independent_gate_required; pan_turkic_no_merge_without_own_gate; urdu_hindustani_separate_lane_no_persianate_merge; arabic_lane_open_or_not_consumable; persian_farsi_lane_open_or_not_consumable","dari_independent_gate_required; tajik_independent_gate_required; pan_turkic_no_merge_without_own_gate; urdu_hindustani_separate_lane_no_persianate_merge; arabic_lane_open_or_not_consumable; persian_farsi_lane_open_or_not_consumable","مجموع مباشر","جمع مستقیم","","","","جمع مستقیم","blocker_record_or_source_question_only","false","false","false","false","open_source_gate_do_not_consume","open_source_gate_do_not_consume","do_not_consume_from_farsi_comparator_independent_dari_gate_required","do_not_consume_from_farsi_comparator_independent_tajik_gate_required","separate_lane_no_inheritance","separate_lane_no_inheritance","consume_source_question_review_only","controlled_arabic_status=open_no_direct_evidence | persian_farsi_status=open_no_direct_hit | bridge_status=bridge_candidate_review_required | bridge candidate is comparator only; no bridge promotion | algebra general","leave_unpacked_in_durable_run_log; copy_to_route_sidecar=novel_blocked; copy_to_row_group_sidecar=paper01_60_term_route_ledger; copy_to_support_or_blocker_sidecar; include_in_convenience_zip_archive; session_b_can_consume_unpacked","R3_MICRO_EVIDENCE_ARTIFACT_20260704T040935Z","20260704T041521Z"
"r3run:0039","r3micro:paper01_60term:direct_product","paper01_60term:direct_product","paper01_60_term_route_ledger","direct_product","direct product","arabic; persianate_tajik; novel_blocked","arabic","arabic_rtl_lane; adjacent_linear_algebra_source_lane","R3_ARABIC_FARSI_PERSIANATE_60_TERM_LEDGER_20260629T073239Z.json","C:\Users\memo_\Documents\Codex\2026-06-28\see-attached-you-do-prompt-a-3\outputs\R3_ARABIC_FARSI_PERSIANATE_60_TERM_LEDGER_20260629T073239Z.json","cluster=algebra_general","mixed_source_and_review_seed_from_recovered_ledger","source-gated R3 row from R3_ARABIC_FARSI_PERSIANATE_60_TERM_LEDGER_20260629T073239Z.json; primary owner arabic; downstream lane(s) arabic_rtl_lane; adjacent_linear_algebra_source_lane; evidence status mixed_source_and_review_seed_from_recovered_ledger; draft support emitted only from consume-routed surface fields","draft_noncanonical_micro_translation_support","emit_review_only_micro_support","Arabic RTL draft support: الضرب المباشر","draft_support_available_review_only","dari_independent_gate_required; tajik_independent_gate_required; pan_turkic_no_merge_without_own_gate; urdu_hindustani_separate_lane_no_persianate_merge; persian_farsi_lane_open_or_not_consumable","","الضرب المباشر","ضرب مستقیم","","","","ضرب مستقیم","noncanonical_micro_translation_support_for_named_route_only","false","false","false","false","consume_draft_support_review_only","open_source_gate_do_not_consume","do_not_consume_from_farsi_comparator_independent_dari_gate_required","do_not_consume_from_farsi_comparator_independent_tajik_gate_required","separate_lane_no_inheritance","separate_lane_no_inheritance","consume_source_question_review_only","controlled_arabic_status=fallback_attested_needs_review | persian_farsi_status=open_no_direct_hit | bridge_status=bridge_candidate_review_required | bridge candidate is comparator only; no bridge promotion | algebra general","leave_unpacked_in_durable_run_log; copy_to_route_sidecar=arabic; copy_to_row_group_sidecar=paper01_60_term_route_ledger; copy_to_support_or_blocker_sidecar; include_in_convenience_zip_archive; session_b_can_consume_unpacked","R3_MICRO_EVIDENCE_ARTIFACT_20260704T040935Z","20260704T041521Z"
"r3run:0040","r3micro:paper01_60term:lie_group","paper01_60term:lie_group","paper01_60_term_route_ledger","lie_group","Lie group","arabic; persianate_tajik; novel_blocked","arabic","arabic_rtl_lane; persianate_farsi_lane","R3_ARABIC_FARSI_PERSIANATE_60_TERM_LEDGER_20260629T073239Z.json","C:\Users\memo_\Documents\Codex\2026-06-28\see-attached-you-do-prompt-a-3\outputs\R3_ARABIC_FARSI_PERSIANATE_60_TERM_LEDGER_20260629T073239Z.json","cluster=lie_theory","mixed_source_and_review_seed_from_recovered_ledger","source-gated R3 row from R3_ARABIC_FARSI_PERSIANATE_60_TERM_LEDGER_20260629T073239Z.json; primary owner arabic; downstream lane(s) arabic_rtl_lane; persianate_farsi_lane; evidence status mixed_source_and_review_seed_from_recovered_ledger; draft support emitted only from consume-routed surface fields","draft_noncanonical_micro_translation_support","emit_review_only_micro_support","Arabic RTL draft support: زمر لي || Persian/Farsi draft support: گروه لی","draft_support_available_review_only","dari_independent_gate_required; tajik_independent_gate_required; pan_turkic_no_merge_without_own_gate; urdu_hindustani_separate_lane_no_persianate_merge","","زمر لي","گروه لی","","","","گروه لی","noncanonical_micro_translation_support_for_named_route_only","false","false","false","false","consume_draft_support_review_only","consume_farsi_draft_support_review_only","do_not_consume_from_farsi_comparator_independent_dari_gate_required","do_not_consume_from_farsi_comparator_independent_tajik_gate_required","separate_lane_no_inheritance","separate_lane_no_inheritance","source_question_if_matching_translation_context","controlled_arabic_status=source_backed_promotable_seed | persian_farsi_status=attested_needs_review | bridge_status=bridge_candidate_review_required | bridge candidate is comparator only; no bridge promotion | Lie theory","leave_unpacked_in_durable_run_log; copy_to_route_sidecar=arabic; copy_to_row_group_sidecar=paper01_60_term_route_ledger; copy_to_support_or_blocker_sidecar; include_in_convenience_zip_archive; session_b_can_consume_unpacked","R3_MICRO_EVIDENCE_ARTIFACT_20260704T040935Z","20260704T041521Z"
"r3run:0041","r3micro:paper01_60term:lie_algebra","paper01_60term:lie_algebra","paper01_60_term_route_ledger","lie_algebra","Lie algebra","arabic; persianate_tajik; novel_blocked","arabic","arabic_rtl_lane","R3_ARABIC_FARSI_PERSIANATE_60_TERM_LEDGER_20260629T073239Z.json","C:\Users\memo_\Documents\Codex\2026-06-28\see-attached-you-do-prompt-a-3\outputs\R3_ARABIC_FARSI_PERSIANATE_60_TERM_LEDGER_20260629T073239Z.json","cluster=lie_theory","mixed_source_and_review_seed_from_recovered_ledger","source-gated R3 row from R3_ARABIC_FARSI_PERSIANATE_60_TERM_LEDGER_20260629T073239Z.json; primary owner arabic; downstream lane(s) arabic_rtl_lane; evidence status mixed_source_and_review_seed_from_recovered_ledger; draft support emitted only from consume-routed surface fields","draft_noncanonical_micro_translation_support","emit_review_only_micro_support","Arabic RTL draft support: جبر لي","draft_support_available_review_only","dari_independent_gate_required; tajik_independent_gate_required; pan_turkic_no_merge_without_own_gate; urdu_hindustani_separate_lane_no_persianate_merge; persian_farsi_lane_open_or_not_consumable","","جبر لي","جبر لی","","","","جبر لی","noncanonical_micro_translation_support_for_named_route_only","false","false","false","false","consume_draft_support_review_only","open_source_gate_do_not_consume","do_not_consume_from_farsi_comparator_independent_dari_gate_required","do_not_consume_from_farsi_comparator_independent_tajik_gate_required","separate_lane_no_inheritance","separate_lane_no_inheritance","source_question_if_matching_translation_context","controlled_arabic_status=source_backed_promotable_seed | persian_farsi_status=open_no_direct_hit | bridge_status=bridge_candidate_review_required | bridge candidate is comparator only; no bridge promotion | Lie theory","leave_unpacked_in_durable_run_log; copy_to_route_sidecar=arabic; copy_to_row_group_sidecar=paper01_60_term_route_ledger; copy_to_support_or_blocker_sidecar; include_in_convenience_zip_archive; session_b_can_consume_unpacked","R3_MICRO_EVIDENCE_ARTIFACT_20260704T040935Z","20260704T041521Z"
"r3run:0042","r3micro:paper01_60term:invariant","paper01_60term:invariant","paper01_60_term_route_ledger","invariant","invariant","arabic; persianate_tajik; novel_blocked","novel_blocked","none_until_gate_closure","R3_ARABIC_FARSI_PERSIANATE_60_TERM_LEDGER_20260629T073239Z.json","C:\Users\memo_\Documents\Codex\2026-06-28\see-attached-you-do-prompt-a-3\outputs\R3_ARABIC_FARSI_PERSIANATE_60_TERM_LEDGER_20260629T073239Z.json","cluster=invariant_theory","mixed_source_and_review_seed_from_recovered_ledger","source-gated R3 row from R3_ARABIC_FARSI_PERSIANATE_60_TERM_LEDGER_20260629T073239Z.json; primary owner novel_blocked; downstream lane(s) none_until_gate_closure; evidence status mixed_source_and_review_seed_from_recovered_ledger; no draft support emitted; row remains blocker/source question","exact_blocker_or_source_question","do_not_emit_surface","","blocked_or_source_question_only","dari_independent_gate_required; tajik_independent_gate_required; pan_turkic_no_merge_without_own_gate; urdu_hindustani_separate_lane_no_persianate_merge; arabic_lane_open_or_not_consumable; persian_farsi_lane_open_or_not_consumable","dari_independent_gate_required; tajik_independent_gate_required; pan_turkic_no_merge_without_own_gate; urdu_hindustani_separate_lane_no_persianate_merge; arabic_lane_open_or_not_consumable; persian_farsi_lane_open_or_not_consumable","ثابت","ناوردا","","","","ناوردا","blocker_record_or_source_question_only","false","false","false","false","open_source_gate_do_not_consume","open_source_gate_do_not_consume","do_not_consume_from_farsi_comparator_independent_dari_gate_required","do_not_consume_from_farsi_comparator_independent_tajik_gate_required","separate_lane_no_inheritance","separate_lane_no_inheritance","source_question_if_matching_translation_context","controlled_arabic_status=open_specialist_evidence_required | persian_farsi_status=open_no_direct_hit | bridge_status=bridge_candidate_review_required | bridge candidate is comparator only; no bridge promotion | classical invariant theory; needs source check","leave_unpacked_in_durable_run_log; copy_to_route_sidecar=novel_blocked; copy_to_row_group_sidecar=paper01_60_term_route_ledger; copy_to_support_or_blocker_sidecar; include_in_convenience_zip_archive; session_b_can_consume_unpacked","R3_MICRO_EVIDENCE_ARTIFACT_20260704T040935Z","20260704T041521Z"
"r3run:0043","r3micro:paper01_60term:invariant_theory","paper01_60term:invariant_theory","paper01_60_term_route_ledger","invariant_theory","invariant theory","arabic; persianate_tajik; novel_blocked","novel_blocked","none_until_gate_closure","R3_ARABIC_FARSI_PERSIANATE_60_TERM_LEDGER_20260629T073239Z.json","C:\Users\memo_\Documents\Codex\2026-06-28\see-attached-you-do-prompt-a-3\outputs\R3_ARABIC_FARSI_PERSIANATE_60_TERM_LEDGER_20260629T073239Z.json","cluster=invariant_theory","mixed_source_and_review_seed_from_recovered_ledger","source-gated R3 row from R3_ARABIC_FARSI_PERSIANATE_60_TERM_LEDGER_20260629T073239Z.json; primary owner novel_blocked; downstream lane(s) none_until_gate_closure; evidence status mixed_source_and_review_seed_from_recovered_ledger; no draft support emitted; row remains blocker/source question","exact_blocker_or_source_question","do_not_emit_surface","","blocked_or_source_question_only","high_risk_bridge_placeholder_or_review_required; dari_independent_gate_required; tajik_independent_gate_required; pan_turkic_no_merge_without_own_gate; urdu_hindustani_separate_lane_no_persianate_merge; arabic_lane_open_or_not_consumable; persian_farsi_lane_open_or_not_consumable","high_risk_bridge_placeholder_or_review_required; dari_independent_gate_required; tajik_independent_gate_required; pan_turkic_no_merge_without_own_gate; urdu_hindustani_separate_lane_no_persianate_merge; arabic_lane_open_or_not_consumable; persian_farsi_lane_open_or_not_consumable","نظرية الثوابت","نظریهٔ ناورداها","","","","نظریهٔ ناورداها","blocker_record_or_source_question_only","false","false","false","false","open_source_gate_do_not_consume","open_source_gate_do_not_consume","do_not_consume_from_farsi_comparator_independent_dari_gate_required","do_not_consume_from_farsi_comparator_independent_tajik_gate_required","separate_lane_no_inheritance","separate_lane_no_inheritance","source_question_if_matching_translation_context","controlled_arabic_status=open_specialist_evidence_required | persian_farsi_status=open_specialist_source_required | bridge_status=high_risk_bridge_placeholder | high-risk bridge placeholder; do not promote or route as accepted surface | specialist source needed","leave_unpacked_in_durable_run_log; copy_to_route_sidecar=novel_blocked; copy_to_row_group_sidecar=paper01_60_term_route_ledger; copy_to_support_or_blocker_sidecar; include_in_convenience_zip_archive; session_b_can_consume_unpacked","R3_MICRO_EVIDENCE_ARTIFACT_20260704T040935Z","20260704T041521Z"
"r3run:0044","r3micro:paper01_60term:covariant","paper01_60term:covariant","paper01_60_term_route_ledger","covariant","covariant","arabic; persianate_tajik; novel_blocked","novel_blocked","none_until_gate_closure","R3_ARABIC_FARSI_PERSIANATE_60_TERM_LEDGER_20260629T073239Z.json","C:\Users\memo_\Documents\Codex\2026-06-28\see-attached-you-do-prompt-a-3\outputs\R3_ARABIC_FARSI_PERSIANATE_60_TERM_LEDGER_20260629T073239Z.json","cluster=invariant_theory","mixed_source_and_review_seed_from_recovered_ledger","source-gated R3 row from R3_ARABIC_FARSI_PERSIANATE_60_TERM_LEDGER_20260629T073239Z.json; primary owner novel_blocked; downstream lane(s) none_until_gate_closure; evidence status mixed_source_and_review_seed_from_recovered_ledger; no draft support emitted; row remains blocker/source question","exact_blocker_or_source_question","do_not_emit_surface","","blocked_or_source_question_only","high_risk_bridge_placeholder_or_review_required; dari_independent_gate_required; tajik_independent_gate_required; pan_turkic_no_merge_without_own_gate; urdu_hindustani_separate_lane_no_persianate_merge; arabic_lane_open_or_not_consumable; persian_farsi_lane_open_or_not_consumable","high_risk_bridge_placeholder_or_review_required; dari_independent_gate_required; tajik_independent_gate_required; pan_turkic_no_merge_without_own_gate; urdu_hindustani_separate_lane_no_persianate_merge; arabic_lane_open_or_not_consumable; persian_farsi_lane_open_or_not_consumable","مصاحب","هموردا","","","","هموردا/کوواریانت","blocker_record_or_source_question_only","false","false","false","false","open_source_gate_do_not_consume","open_source_gate_do_not_consume","do_not_consume_from_farsi_comparator_independent_dari_gate_required","do_not_consume_from_farsi_comparator_independent_tajik_gate_required","separate_lane_no_inheritance","separate_lane_no_inheritance","source_question_if_matching_translation_context","controlled_arabic_status=open_specialist_evidence_required | persian_farsi_status=open_specialist_source_required | bridge_status=high_risk_bridge_placeholder | high-risk bridge placeholder; do not promote or route as accepted surface | specialist source needed","leave_unpacked_in_durable_run_log; copy_to_route_sidecar=novel_blocked; copy_to_row_group_sidecar=paper01_60_term_route_ledger; copy_to_support_or_blocker_sidecar; include_in_convenience_zip_archive; session_b_can_consume_unpacked","R3_MICRO_EVIDENCE_ARTIFACT_20260704T040935Z","20260704T041521Z"
"r3run:0045","r3micro:paper01_60term:contravariant","paper01_60term:contravariant","paper01_60_term_route_ledger","contravariant","contravariant","arabic; persianate_tajik; novel_blocked","novel_blocked","none_until_gate_closure","R3_ARABIC_FARSI_PERSIANATE_60_TERM_LEDGER_20260629T073239Z.json","C:\Users\memo_\Documents\Codex\2026-06-28\see-attached-you-do-prompt-a-3\outputs\R3_ARABIC_FARSI_PERSIANATE_60_TERM_LEDGER_20260629T073239Z.json","cluster=invariant_theory","mixed_source_and_review_seed_from_recovered_ledger","source-gated R3 row from R3_ARABIC_FARSI_PERSIANATE_60_TERM_LEDGER_20260629T073239Z.json; primary owner novel_blocked; downstream lane(s) none_until_gate_closure; evidence status mixed_source_and_review_seed_from_recovered_ledger; no draft support emitted; row remains blocker/source question","exact_blocker_or_source_question","do_not_emit_surface","","blocked_or_source_question_only","high_risk_bridge_placeholder_or_review_required; dari_independent_gate_required; tajik_independent_gate_required; pan_turkic_no_merge_without_own_gate; urdu_hindustani_separate_lane_no_persianate_merge; arabic_lane_open_or_not_consumable; persian_farsi_lane_open_or_not_consumable","high_risk_bridge_placeholder_or_review_required; dari_independent_gate_required; tajik_independent_gate_required; pan_turkic_no_merge_without_own_gate; urdu_hindustani_separate_lane_no_persianate_merge; arabic_lane_open_or_not_consumable; persian_farsi_lane_open_or_not_consumable","مضاد التغاير","پادوردا","","","","پادوردا/کنتراواریانت","blocker_record_or_source_question_only","false","false","false","false","open_source_gate_do_not_consume","open_source_gate_do_not_consume","do_not_consume_from_farsi_comparator_independent_dari_gate_required","do_not_consume_from_farsi_comparator_independent_tajik_gate_required","separate_lane_no_inheritance","separate_lane_no_inheritance","source_question_if_matching_translation_context","controlled_arabic_status=paper01_open_specialist_source_required | persian_farsi_status=open_specialist_source_required | bridge_status=high_risk_bridge_placeholder | high-risk bridge placeholder; do not promote or route as accepted surface | specialist source needed","leave_unpacked_in_durable_run_log; copy_to_route_sidecar=novel_blocked; copy_to_row_group_sidecar=paper01_60_term_route_ledger; copy_to_support_or_blocker_sidecar; include_in_convenience_zip_archive; session_b_can_consume_unpacked","R3_MICRO_EVIDENCE_ARTIFACT_20260704T040935Z","20260704T041521Z"
"r3run:0046","r3micro:paper01_60term:binary_form","paper01_60term:binary_form","paper01_60_term_route_ledger","binary_form","binary form","arabic; persianate_tajik; novel_blocked","novel_blocked","none_until_gate_closure","R3_ARABIC_FARSI_PERSIANATE_60_TERM_LEDGER_20260629T073239Z.json","C:\Users\memo_\Documents\Codex\2026-06-28\see-attached-you-do-prompt-a-3\outputs\R3_ARABIC_FARSI_PERSIANATE_60_TERM_LEDGER_20260629T073239Z.json","cluster=invariant_theory","mixed_source_and_review_seed_from_recovered_ledger","source-gated R3 row from R3_ARABIC_FARSI_PERSIANATE_60_TERM_LEDGER_20260629T073239Z.json; primary owner novel_blocked; downstream lane(s) none_until_gate_closure; evidence status mixed_source_and_review_seed_from_recovered_ledger; no draft support emitted; row remains blocker/source question","exact_blocker_or_source_question","do_not_emit_surface","","blocked_or_source_question_only","dari_independent_gate_required; tajik_independent_gate_required; pan_turkic_no_merge_without_own_gate; urdu_hindustani_separate_lane_no_persianate_merge; arabic_lane_open_or_not_consumable; persian_farsi_lane_open_or_not_consumable","dari_independent_gate_required; tajik_independent_gate_required; pan_turkic_no_merge_without_own_gate; urdu_hindustani_separate_lane_no_persianate_merge; arabic_lane_open_or_not_consumable; persian_farsi_lane_open_or_not_consumable","صورة ثنائية","صورت دوتایی","","","","صورت دوتایی","blocker_record_or_source_question_only","false","false","false","false","open_source_gate_do_not_consume","open_source_gate_do_not_consume","do_not_consume_from_farsi_comparator_independent_dari_gate_required","do_not_consume_from_farsi_comparator_independent_tajik_gate_required","separate_lane_no_inheritance","separate_lane_no_inheritance","source_question_if_matching_translation_context","controlled_arabic_status=open_specialist_evidence_required | persian_farsi_status=open_no_direct_hit | bridge_status=bridge_candidate_review_required | bridge candidate is comparator only; no bridge promotion | classical invariant theory","leave_unpacked_in_durable_run_log; copy_to_route_sidecar=novel_blocked; copy_to_row_group_sidecar=paper01_60_term_route_ledger; copy_to_support_or_blocker_sidecar; include_in_convenience_zip_archive; session_b_can_consume_unpacked","R3_MICRO_EVIDENCE_ARTIFACT_20260704T040935Z","20260704T041521Z"
"r3run:0047","r3micro:paper01_60term:ternary_form","paper01_60term:ternary_form","paper01_60_term_route_ledger","ternary_form","ternary form","arabic; persianate_tajik; novel_blocked","novel_blocked","none_until_gate_closure","R3_ARABIC_FARSI_PERSIANATE_60_TERM_LEDGER_20260629T073239Z.json","C:\Users\memo_\Documents\Codex\2026-06-28\see-attached-you-do-prompt-a-3\outputs\R3_ARABIC_FARSI_PERSIANATE_60_TERM_LEDGER_20260629T073239Z.json","cluster=invariant_theory","mixed_source_and_review_seed_from_recovered_ledger","source-gated R3 row from R3_ARABIC_FARSI_PERSIANATE_60_TERM_LEDGER_20260629T073239Z.json; primary owner novel_blocked; downstream lane(s) none_until_gate_closure; evidence status mixed_source_and_review_seed_from_recovered_ledger; no draft support emitted; row remains blocker/source question","exact_blocker_or_source_question","do_not_emit_surface","","blocked_or_source_question_only","dari_independent_gate_required; tajik_independent_gate_required; pan_turkic_no_merge_without_own_gate; urdu_hindustani_separate_lane_no_persianate_merge; arabic_lane_open_or_not_consumable; persian_farsi_lane_open_or_not_consumable","dari_independent_gate_required; tajik_independent_gate_required; pan_turkic_no_merge_without_own_gate; urdu_hindustani_separate_lane_no_persianate_merge; arabic_lane_open_or_not_consumable; persian_farsi_lane_open_or_not_consumable","شكل ثلاثي","صورت سه‌متغیره","","","","صورت سه‌متغیره/سه‌تایی","blocker_record_or_source_question_only","false","false","false","false","open_source_gate_do_not_consume","open_source_gate_do_not_consume","do_not_consume_from_farsi_comparator_independent_dari_gate_required","do_not_consume_from_farsi_comparator_independent_tajik_gate_required","separate_lane_no_inheritance","separate_lane_no_inheritance","source_question_if_matching_translation_context","controlled_arabic_status=paper01_open_specialist_source_required | persian_farsi_status=open_no_direct_hit | bridge_status=bridge_candidate_review_required | bridge candidate is comparator only; no bridge promotion | Paper01-specific","leave_unpacked_in_durable_run_log; copy_to_route_sidecar=novel_blocked; copy_to_row_group_sidecar=paper01_60_term_route_ledger; copy_to_support_or_blocker_sidecar; include_in_convenience_zip_archive; session_b_can_consume_unpacked","R3_MICRO_EVIDENCE_ARTIFACT_20260704T040935Z","20260704T041521Z"
"r3run:0048","r3micro:paper01_60term:biquadratic_form","paper01_60term:biquadratic_form","paper01_60_term_route_ledger","biquadratic_form","biquadratic form","arabic; persianate_tajik; novel_blocked","novel_blocked","none_until_gate_closure","R3_ARABIC_FARSI_PERSIANATE_60_TERM_LEDGER_20260629T073239Z.json","C:\Users\memo_\Documents\Codex\2026-06-28\see-attached-you-do-prompt-a-3\outputs\R3_ARABIC_FARSI_PERSIANATE_60_TERM_LEDGER_20260629T073239Z.json","cluster=invariant_theory","mixed_source_and_review_seed_from_recovered_ledger","source-gated R3 row from R3_ARABIC_FARSI_PERSIANATE_60_TERM_LEDGER_20260629T073239Z.json; primary owner novel_blocked; downstream lane(s) none_until_gate_closure; evidence status mixed_source_and_review_seed_from_recovered_ledger; no draft support emitted; row remains blocker/source question","exact_blocker_or_source_question","do_not_emit_surface","","blocked_or_source_question_only","dari_independent_gate_required; tajik_independent_gate_required; pan_turkic_no_merge_without_own_gate; urdu_hindustani_separate_lane_no_persianate_merge; arabic_lane_open_or_not_consumable; persian_farsi_lane_open_or_not_consumable","dari_independent_gate_required; tajik_independent_gate_required; pan_turkic_no_merge_without_own_gate; urdu_hindustani_separate_lane_no_persianate_merge; arabic_lane_open_or_not_consumable; persian_farsi_lane_open_or_not_consumable","شكل من الدرجة الرابعة","صورت درجهٔ چهارم","","","","صورت سه‌متغیرهٔ درجهٔ چهارم","blocker_record_or_source_question_only","false","false","false","false","open_source_gate_do_not_consume","open_source_gate_do_not_consume","do_not_consume_from_farsi_comparator_independent_dari_gate_required","do_not_consume_from_farsi_comparator_independent_tajik_gate_required","separate_lane_no_inheritance","separate_lane_no_inheritance","source_question_if_matching_translation_context","controlled_arabic_status=paper01_open_specialist_source_required | persian_farsi_status=open_specialist_source_required | bridge_status=bridge_candidate_review_required | bridge candidate is comparator only; no bridge promotion | Paper01-specific; avoid quadratic confusion","leave_unpacked_in_durable_run_log; copy_to_route_sidecar=novel_blocked; copy_to_row_group_sidecar=paper01_60_term_route_ledger; copy_to_support_or_blocker_sidecar; include_in_convenience_zip_archive; session_b_can_consume_unpacked","R3_MICRO_EVIDENCE_ARTIFACT_20260704T040935Z","20260704T041521Z"
"r3run:0049","r3micro:paper01_60term:form_system","paper01_60term:form_system","paper01_60_term_route_ledger","form_system","form system","arabic; persianate_tajik; novel_blocked","novel_blocked","none_until_gate_closure","R3_ARABIC_FARSI_PERSIANATE_60_TERM_LEDGER_20260629T073239Z.json","C:\Users\memo_\Documents\Codex\2026-06-28\see-attached-you-do-prompt-a-3\outputs\R3_ARABIC_FARSI_PERSIANATE_60_TERM_LEDGER_20260629T073239Z.json","cluster=invariant_theory","mixed_source_and_review_seed_from_recovered_ledger","source-gated R3 row from R3_ARABIC_FARSI_PERSIANATE_60_TERM_LEDGER_20260629T073239Z.json; primary owner novel_blocked; downstream lane(s) none_until_gate_closure; evidence status mixed_source_and_review_seed_from_recovered_ledger; no draft support emitted; row remains blocker/source question","exact_blocker_or_source_question","do_not_emit_surface","","blocked_or_source_question_only","dari_independent_gate_required; tajik_independent_gate_required; pan_turkic_no_merge_without_own_gate; urdu_hindustani_separate_lane_no_persianate_merge; arabic_lane_open_or_not_consumable; persian_farsi_lane_open_or_not_consumable","dari_independent_gate_required; tajik_independent_gate_required; pan_turkic_no_merge_without_own_gate; urdu_hindustani_separate_lane_no_persianate_merge; arabic_lane_open_or_not_consumable; persian_farsi_lane_open_or_not_consumable","منظومة الأشكال","دستگاه صورت‌ها","","","","دستگاه/سامانهٔ صورت‌ها","blocker_record_or_source_question_only","false","false","false","false","open_source_gate_do_not_consume","open_source_gate_do_not_consume","do_not_consume_from_farsi_comparator_independent_dari_gate_required","do_not_consume_from_farsi_comparator_independent_tajik_gate_required","separate_lane_no_inheritance","separate_lane_no_inheritance","source_question_if_matching_translation_context","controlled_arabic_status=paper01_open_specialist_source_required | persian_farsi_status=open_specialist_source_required | bridge_status=bridge_candidate_review_required | bridge candidate is comparator only; no bridge promotion | Paper01-specific","leave_unpacked_in_durable_run_log; copy_to_route_sidecar=novel_blocked; copy_to_row_group_sidecar=paper01_60_term_route_ledger; copy_to_support_or_blocker_sidecar; include_in_convenience_zip_archive; session_b_can_consume_unpacked","R3_MICRO_EVIDENCE_ARTIFACT_20260704T040935Z","20260704T041521Z"
"r3run:0050","r3micro:paper01_60term:complete_system","paper01_60term:complete_system","paper01_60_term_route_ledger","complete_system","complete system","arabic; persianate_tajik; novel_blocked","novel_blocked","none_until_gate_closure","R3_ARABIC_FARSI_PERSIANATE_60_TERM_LEDGER_20260629T073239Z.json","C:\Users\memo_\Documents\Codex\2026-06-28\see-attached-you-do-prompt-a-3\outputs\R3_ARABIC_FARSI_PERSIANATE_60_TERM_LEDGER_20260629T073239Z.json","cluster=invariant_theory","mixed_source_and_review_seed_from_recovered_ledger","source-gated R3 row from R3_ARABIC_FARSI_PERSIANATE_60_TERM_LEDGER_20260629T073239Z.json; primary owner novel_blocked; downstream lane(s) none_until_gate_closure; evidence status mixed_source_and_review_seed_from_recovered_ledger; no draft support emitted; row remains blocker/source question","exact_blocker_or_source_question","do_not_emit_surface","","blocked_or_source_question_only","dari_independent_gate_required; tajik_independent_gate_required; pan_turkic_no_merge_without_own_gate; urdu_hindustani_separate_lane_no_persianate_merge; arabic_lane_open_or_not_consumable; persian_farsi_lane_open_or_not_consumable","dari_independent_gate_required; tajik_independent_gate_required; pan_turkic_no_merge_without_own_gate; urdu_hindustani_separate_lane_no_persianate_merge; arabic_lane_open_or_not_consumable; persian_farsi_lane_open_or_not_consumable","نظام كامل","دستگاه کامل","","","","دستگاه کامل","blocker_record_or_source_question_only","false","false","false","false","open_source_gate_do_not_consume","open_source_gate_do_not_consume","do_not_consume_from_farsi_comparator_independent_dari_gate_required","do_not_consume_from_farsi_comparator_independent_tajik_gate_required","separate_lane_no_inheritance","separate_lane_no_inheritance","source_question_if_matching_translation_context","controlled_arabic_status=paper01_open_specialist_source_required | persian_farsi_status=open_no_direct_hit | bridge_status=bridge_candidate_review_required | bridge candidate is comparator only; no bridge promotion | Paper01-specific","leave_unpacked_in_durable_run_log; copy_to_route_sidecar=novel_blocked; copy_to_row_group_sidecar=paper01_60_term_route_ledger; copy_to_support_or_blocker_sidecar; include_in_convenience_zip_archive; session_b_can_consume_unpacked","R3_MICRO_EVIDENCE_ARTIFACT_20260704T040935Z","20260704T041521Z"
"r3run:0051","r3micro:paper01_60term:relatively_complete_system","paper01_60term:relatively_complete_system","paper01_60_term_route_ledger","relatively_complete_system","relatively complete system","arabic; persianate_tajik; novel_blocked","novel_blocked","none_until_gate_closure","R3_ARABIC_FARSI_PERSIANATE_60_TERM_LEDGER_20260629T073239Z.json","C:\Users\memo_\Documents\Codex\2026-06-28\see-attached-you-do-prompt-a-3\outputs\R3_ARABIC_FARSI_PERSIANATE_60_TERM_LEDGER_20260629T073239Z.json","cluster=invariant_theory","mixed_source_and_review_seed_from_recovered_ledger","source-gated R3 row from R3_ARABIC_FARSI_PERSIANATE_60_TERM_LEDGER_20260629T073239Z.json; primary owner novel_blocked; downstream lane(s) none_until_gate_closure; evidence status mixed_source_and_review_seed_from_recovered_ledger; no draft support emitted; row remains blocker/source question","exact_blocker_or_source_question","do_not_emit_surface","","blocked_or_source_question_only","high_risk_bridge_placeholder_or_review_required; dari_independent_gate_required; tajik_independent_gate_required; pan_turkic_no_merge_without_own_gate; urdu_hindustani_separate_lane_no_persianate_merge; arabic_lane_open_or_not_consumable; persian_farsi_lane_open_or_not_consumable","high_risk_bridge_placeholder_or_review_required; dari_independent_gate_required; tajik_independent_gate_required; pan_turkic_no_merge_without_own_gate; urdu_hindustani_separate_lane_no_persianate_merge; arabic_lane_open_or_not_consumable; persian_farsi_lane_open_or_not_consumable","نظام كامل نسبياً","دستگاه نسبتاً کامل","","","","دستگاه نسبتاً کامل","blocker_record_or_source_question_only","false","false","false","false","open_source_gate_do_not_consume","open_source_gate_do_not_consume","do_not_consume_from_farsi_comparator_independent_dari_gate_required","do_not_consume_from_farsi_comparator_independent_tajik_gate_required","separate_lane_no_inheritance","separate_lane_no_inheritance","source_question_if_matching_translation_context","controlled_arabic_status=paper01_open_specialist_source_required | persian_farsi_status=open_specialist_source_required | bridge_status=high_risk_bridge_placeholder | high-risk bridge placeholder; do not promote or route as accepted surface | Paper01-specific","leave_unpacked_in_durable_run_log; copy_to_route_sidecar=novel_blocked; copy_to_row_group_sidecar=paper01_60_term_route_ledger; copy_to_support_or_blocker_sidecar; include_in_convenience_zip_archive; session_b_can_consume_unpacked","R3_MICRO_EVIDENCE_ARTIFACT_20260704T040935Z","20260704T041521Z"
"r3run:0052","r3micro:paper01_60term:absolutely_complete_system","paper01_60term:absolutely_complete_system","paper01_60_term_route_ledger","absolutely_complete_system","absolutely complete system","arabic; persianate_tajik; novel_blocked","novel_blocked","none_until_gate_closure","R3_ARABIC_FARSI_PERSIANATE_60_TERM_LEDGER_20260629T073239Z.json","C:\Users\memo_\Documents\Codex\2026-06-28\see-attached-you-do-prompt-a-3\outputs\R3_ARABIC_FARSI_PERSIANATE_60_TERM_LEDGER_20260629T073239Z.json","cluster=invariant_theory","mixed_source_and_review_seed_from_recovered_ledger","source-gated R3 row from R3_ARABIC_FARSI_PERSIANATE_60_TERM_LEDGER_20260629T073239Z.json; primary owner novel_blocked; downstream lane(s) none_until_gate_closure; evidence status mixed_source_and_review_seed_from_recovered_ledger; no draft support emitted; row remains blocker/source question","exact_blocker_or_source_question","do_not_emit_surface","","blocked_or_source_question_only","high_risk_bridge_placeholder_or_review_required; dari_independent_gate_required; tajik_independent_gate_required; pan_turkic_no_merge_without_own_gate; urdu_hindustani_separate_lane_no_persianate_merge; arabic_lane_open_or_not_consumable; persian_farsi_lane_open_or_not_consumable","high_risk_bridge_placeholder_or_review_required; dari_independent_gate_required; tajik_independent_gate_required; pan_turkic_no_merge_without_own_gate; urdu_hindustani_separate_lane_no_persianate_merge; arabic_lane_open_or_not_consumable; persian_farsi_lane_open_or_not_consumable","نظام كامل مطلقاً","دستگاه مطلقاً کامل","","","","دستگاه مطلقاً کامل","blocker_record_or_source_question_only","false","false","false","false","open_source_gate_do_not_consume","open_source_gate_do_not_consume","do_not_consume_from_farsi_comparator_independent_dari_gate_required","do_not_consume_from_farsi_comparator_independent_tajik_gate_required","separate_lane_no_inheritance","separate_lane_no_inheritance","source_question_if_matching_translation_context","controlled_arabic_status=paper01_open_specialist_source_required | persian_farsi_status=open_specialist_source_required | bridge_status=high_risk_bridge_placeholder | high-risk bridge placeholder; do not promote or route as accepted surface | Paper01-specific","leave_unpacked_in_durable_run_log; copy_to_route_sidecar=novel_blocked; copy_to_row_group_sidecar=paper01_60_term_route_ledger; copy_to_support_or_blocker_sidecar; include_in_convenience_zip_archive; session_b_can_consume_unpacked","R3_MICRO_EVIDENCE_ARTIFACT_20260704T040935Z","20260704T041521Z"
"r3run:0053","r3micro:paper01_60term:modulus_not_module","paper01_60term:modulus_not_module","paper01_60_term_route_ledger","modulus_not_module","modulus","arabic; persianate_tajik; novel_blocked","novel_blocked","none_until_gate_closure","R3_ARABIC_FARSI_PERSIANATE_60_TERM_LEDGER_20260629T073239Z.json","C:\Users\memo_\Documents\Codex\2026-06-28\see-attached-you-do-prompt-a-3\outputs\R3_ARABIC_FARSI_PERSIANATE_60_TERM_LEDGER_20260629T073239Z.json","cluster=invariant_theory","mixed_source_and_review_seed_from_recovered_ledger","source-gated R3 row from R3_ARABIC_FARSI_PERSIANATE_60_TERM_LEDGER_20260629T073239Z.json; primary owner novel_blocked; downstream lane(s) none_until_gate_closure; evidence status mixed_source_and_review_seed_from_recovered_ledger; no draft support emitted; row remains blocker/source question","exact_blocker_or_source_question","do_not_emit_surface","","blocked_or_source_question_only","high_risk_bridge_placeholder_or_review_required; dari_independent_gate_required; tajik_independent_gate_required; pan_turkic_no_merge_without_own_gate; urdu_hindustani_separate_lane_no_persianate_merge; arabic_lane_open_or_not_consumable; persian_farsi_lane_open_or_not_consumable","high_risk_bridge_placeholder_or_review_required; dari_independent_gate_required; tajik_independent_gate_required; pan_turkic_no_merge_without_own_gate; urdu_hindustani_separate_lane_no_persianate_merge; arabic_lane_open_or_not_consumable; persian_farsi_lane_open_or_not_consumable","مودول","مودول","","","","مودول","blocker_record_or_source_question_only","false","false","false","false","open_source_gate_do_not_consume","open_source_gate_do_not_consume","do_not_consume_from_farsi_comparator_independent_dari_gate_required","do_not_consume_from_farsi_comparator_independent_tajik_gate_required","separate_lane_no_inheritance","separate_lane_no_inheritance","source_question_if_matching_translation_context","controlled_arabic_status=paper01_open_specialist_source_required | persian_farsi_status=open_specialist_source_required | bridge_status=high_risk_bridge_placeholder | high-risk bridge placeholder; do not promote or route as accepted surface | Paper01-specific; not algebraic module","leave_unpacked_in_durable_run_log; copy_to_route_sidecar=novel_blocked; copy_to_row_group_sidecar=paper01_60_term_route_ledger; copy_to_support_or_blocker_sidecar; include_in_convenience_zip_archive; session_b_can_consume_unpacked","R3_MICRO_EVIDENCE_ARTIFACT_20260704T040935Z","20260704T041521Z"
"r3run:0054","r3micro:paper01_60term:ground_form","paper01_60term:ground_form","paper01_60_term_route_ledger","ground_form","ground form","arabic; persianate_tajik; novel_blocked","novel_blocked","none_until_gate_closure","R3_ARABIC_FARSI_PERSIANATE_60_TERM_LEDGER_20260629T073239Z.json","C:\Users\memo_\Documents\Codex\2026-06-28\see-attached-you-do-prompt-a-3\outputs\R3_ARABIC_FARSI_PERSIANATE_60_TERM_LEDGER_20260629T073239Z.json","cluster=invariant_theory","mixed_source_and_review_seed_from_recovered_ledger","source-gated R3 row from R3_ARABIC_FARSI_PERSIANATE_60_TERM_LEDGER_20260629T073239Z.json; primary owner novel_blocked; downstream lane(s) none_until_gate_closure; evidence status mixed_source_and_review_seed_from_recovered_ledger; no draft support emitted; row remains blocker/source question","exact_blocker_or_source_question","do_not_emit_surface","","blocked_or_source_question_only","dari_independent_gate_required; tajik_independent_gate_required; pan_turkic_no_merge_without_own_gate; urdu_hindustani_separate_lane_no_persianate_merge; arabic_lane_open_or_not_consumable; persian_farsi_lane_open_or_not_consumable","dari_independent_gate_required; tajik_independent_gate_required; pan_turkic_no_merge_without_own_gate; urdu_hindustani_separate_lane_no_persianate_merge; arabic_lane_open_or_not_consumable; persian_farsi_lane_open_or_not_consumable","شكل أساسي","صورت پایه","","","","صورت پایه","blocker_record_or_source_question_only","false","false","false","false","open_source_gate_do_not_consume","open_source_gate_do_not_consume","do_not_consume_from_farsi_comparator_independent_dari_gate_required","do_not_consume_from_farsi_comparator_independent_tajik_gate_required","separate_lane_no_inheritance","separate_lane_no_inheritance","source_question_if_matching_translation_context","controlled_arabic_status=paper01_open_specialist_source_required | persian_farsi_status=open_no_direct_hit | bridge_status=bridge_candidate_review_required | bridge candidate is comparator only; no bridge promotion | Paper01-specific","leave_unpacked_in_durable_run_log; copy_to_route_sidecar=novel_blocked; copy_to_row_group_sidecar=paper01_60_term_route_ledger; copy_to_support_or_blocker_sidecar; include_in_convenience_zip_archive; session_b_can_consume_unpacked","R3_MICRO_EVIDENCE_ARTIFACT_20260704T040935Z","20260704T041521Z"
"r3run:0055","r3micro:paper01_60term:factor","paper01_60term:factor","paper01_60_term_route_ledger","factor","factor","arabic; persianate_tajik; novel_blocked","persianate_tajik","persianate_farsi_lane; adjacent_linear_algebra_source_lane","R3_ARABIC_FARSI_PERSIANATE_60_TERM_LEDGER_20260629T073239Z.json","C:\Users\memo_\Documents\Codex\2026-06-28\see-attached-you-do-prompt-a-3\outputs\R3_ARABIC_FARSI_PERSIANATE_60_TERM_LEDGER_20260629T073239Z.json","cluster=algebra_general","mixed_source_and_review_seed_from_recovered_ledger","source-gated R3 row from R3_ARABIC_FARSI_PERSIANATE_60_TERM_LEDGER_20260629T073239Z.json; primary owner persianate_tajik; downstream lane(s) persianate_farsi_lane; adjacent_linear_algebra_source_lane; evidence status mixed_source_and_review_seed_from_recovered_ledger; draft support emitted only from consume-routed surface fields","draft_noncanonical_micro_translation_support","emit_review_only_micro_support","Persian/Farsi draft support: عامل","draft_support_available_review_only","dari_independent_gate_required; tajik_independent_gate_required; pan_turkic_no_merge_without_own_gate; urdu_hindustani_separate_lane_no_persianate_merge; arabic_lane_open_or_not_consumable","","عامل","عامل","","","","عامل","noncanonical_micro_translation_support_for_named_route_only","false","false","false","false","do_not_consume_not_in_arabic_spine","consume_farsi_draft_support_review_only","do_not_consume_from_farsi_comparator_independent_dari_gate_required","do_not_consume_from_farsi_comparator_independent_tajik_gate_required","separate_lane_no_inheritance","separate_lane_no_inheritance","consume_source_question_review_only","controlled_arabic_status=not_in_arabic_spine | persian_farsi_status=source_backed_seed | bridge_status=promotable_seed_with_review | bridge candidate is comparator only; no bridge promotion | factor/decomposition","leave_unpacked_in_durable_run_log; copy_to_route_sidecar=persianate_tajik; copy_to_row_group_sidecar=paper01_60_term_route_ledger; copy_to_support_or_blocker_sidecar; include_in_convenience_zip_archive; session_b_can_consume_unpacked","R3_MICRO_EVIDENCE_ARTIFACT_20260704T040935Z","20260704T041521Z"
"r3run:0056","r3micro:paper01_60term:decomposition","paper01_60term:decomposition","paper01_60_term_route_ledger","decomposition","decomposition","arabic; persianate_tajik; novel_blocked","persianate_tajik","persianate_farsi_lane; adjacent_linear_algebra_source_lane","R3_ARABIC_FARSI_PERSIANATE_60_TERM_LEDGER_20260629T073239Z.json","C:\Users\memo_\Documents\Codex\2026-06-28\see-attached-you-do-prompt-a-3\outputs\R3_ARABIC_FARSI_PERSIANATE_60_TERM_LEDGER_20260629T073239Z.json","cluster=algebra_general","mixed_source_and_review_seed_from_recovered_ledger","source-gated R3 row from R3_ARABIC_FARSI_PERSIANATE_60_TERM_LEDGER_20260629T073239Z.json; primary owner persianate_tajik; downstream lane(s) persianate_farsi_lane; adjacent_linear_algebra_source_lane; evidence status mixed_source_and_review_seed_from_recovered_ledger; draft support emitted only from consume-routed surface fields","draft_noncanonical_micro_translation_support","emit_review_only_micro_support","Persian/Farsi draft support: تجزیه","draft_support_available_review_only","dari_independent_gate_required; tajik_independent_gate_required; pan_turkic_no_merge_without_own_gate; urdu_hindustani_separate_lane_no_persianate_merge; arabic_lane_open_or_not_consumable","","تحليل/تفكيك","تجزیه","","","","تجزیه","noncanonical_micro_translation_support_for_named_route_only","false","false","false","false","do_not_consume_not_in_arabic_spine","consume_farsi_draft_support_review_only","do_not_consume_from_farsi_comparator_independent_dari_gate_required","do_not_consume_from_farsi_comparator_independent_tajik_gate_required","separate_lane_no_inheritance","separate_lane_no_inheritance","consume_source_question_review_only","controlled_arabic_status=not_in_arabic_spine | persian_farsi_status=source_backed_seed | bridge_status=promotable_seed_with_review | bridge candidate is comparator only; no bridge promotion | factor/decomposition","leave_unpacked_in_durable_run_log; copy_to_route_sidecar=persianate_tajik; copy_to_row_group_sidecar=paper01_60_term_route_ledger; copy_to_support_or_blocker_sidecar; include_in_convenience_zip_archive; session_b_can_consume_unpacked","R3_MICRO_EVIDENCE_ARTIFACT_20260704T040935Z","20260704T041521Z"
"r3run:0057","r3micro:paper01_60term:reducible","paper01_60term:reducible","paper01_60_term_route_ledger","reducible","reducible","arabic; persianate_tajik; novel_blocked","persianate_tajik","persianate_farsi_lane; adjacent_linear_algebra_source_lane","R3_ARABIC_FARSI_PERSIANATE_60_TERM_LEDGER_20260629T073239Z.json","C:\Users\memo_\Documents\Codex\2026-06-28\see-attached-you-do-prompt-a-3\outputs\R3_ARABIC_FARSI_PERSIANATE_60_TERM_LEDGER_20260629T073239Z.json","cluster=algebra_general","mixed_source_and_review_seed_from_recovered_ledger","source-gated R3 row from R3_ARABIC_FARSI_PERSIANATE_60_TERM_LEDGER_20260629T073239Z.json; primary owner persianate_tajik; downstream lane(s) persianate_farsi_lane; adjacent_linear_algebra_source_lane; evidence status mixed_source_and_review_seed_from_recovered_ledger; draft support emitted only from consume-routed surface fields","draft_noncanonical_micro_translation_support","emit_review_only_micro_support","Persian/Farsi draft support: فروکاستنی/تحویل‌پذیر","draft_support_available_review_only","dari_independent_gate_required; tajik_independent_gate_required; pan_turkic_no_merge_without_own_gate; urdu_hindustani_separate_lane_no_persianate_merge; arabic_lane_open_or_not_consumable","","قابل للاختزال","فروکاستنی/تحویل‌پذیر","","","","فروکاستنی","noncanonical_micro_translation_support_for_named_route_only","false","false","false","false","do_not_consume_not_in_arabic_spine","consume_farsi_draft_support_review_only","do_not_consume_from_farsi_comparator_independent_dari_gate_required","do_not_consume_from_farsi_comparator_independent_tajik_gate_required","separate_lane_no_inheritance","separate_lane_no_inheritance","consume_source_question_review_only","controlled_arabic_status=not_in_arabic_spine | persian_farsi_status=attested_needs_review | bridge_status=bridge_candidate_review_required | bridge candidate is comparator only; no bridge promotion | reduction terminology open","leave_unpacked_in_durable_run_log; copy_to_route_sidecar=persianate_tajik; copy_to_row_group_sidecar=paper01_60_term_route_ledger; copy_to_support_or_blocker_sidecar; include_in_convenience_zip_archive; session_b_can_consume_unpacked","R3_MICRO_EVIDENCE_ARTIFACT_20260704T040935Z","20260704T041521Z"
"r3run:0058","r3micro:paper01_60term:reduction","paper01_60term:reduction","paper01_60_term_route_ledger","reduction","reduction","arabic; persianate_tajik; novel_blocked","persianate_tajik","persianate_farsi_lane; adjacent_linear_algebra_source_lane","R3_ARABIC_FARSI_PERSIANATE_60_TERM_LEDGER_20260629T073239Z.json","C:\Users\memo_\Documents\Codex\2026-06-28\see-attached-you-do-prompt-a-3\outputs\R3_ARABIC_FARSI_PERSIANATE_60_TERM_LEDGER_20260629T073239Z.json","cluster=algebra_general","mixed_source_and_review_seed_from_recovered_ledger","source-gated R3 row from R3_ARABIC_FARSI_PERSIANATE_60_TERM_LEDGER_20260629T073239Z.json; primary owner persianate_tajik; downstream lane(s) persianate_farsi_lane; adjacent_linear_algebra_source_lane; evidence status mixed_source_and_review_seed_from_recovered_ledger; draft support emitted only from consume-routed surface fields","draft_noncanonical_micro_translation_support","emit_review_only_micro_support","Persian/Farsi draft support: فروکاست/کاهش","draft_support_available_review_only","dari_independent_gate_required; tajik_independent_gate_required; pan_turkic_no_merge_without_own_gate; urdu_hindustani_separate_lane_no_persianate_merge; arabic_lane_open_or_not_consumable","","ردّ/اختزال","فروکاست/کاهش","","","","فروکاست","noncanonical_micro_translation_support_for_named_route_only","false","false","false","false","do_not_consume_not_in_arabic_spine","consume_farsi_draft_support_review_only","do_not_consume_from_farsi_comparator_independent_dari_gate_required","do_not_consume_from_farsi_comparator_independent_tajik_gate_required","separate_lane_no_inheritance","separate_lane_no_inheritance","consume_source_question_review_only","controlled_arabic_status=not_in_arabic_spine | persian_farsi_status=source_backed_seed | bridge_status=promotable_seed_with_review | bridge candidate is comparator only; no bridge promotion | reduction terminology open","leave_unpacked_in_durable_run_log; copy_to_route_sidecar=persianate_tajik; copy_to_row_group_sidecar=paper01_60_term_route_ledger; copy_to_support_or_blocker_sidecar; include_in_convenience_zip_archive; session_b_can_consume_unpacked","R3_MICRO_EVIDENCE_ARTIFACT_20260704T040935Z","20260704T041521Z"
"r3run:0059","r3micro:paper01_60term:transvection","paper01_60term:transvection","paper01_60_term_route_ledger","transvection","transvection","arabic; persianate_tajik; novel_blocked","novel_blocked","none_until_gate_closure","R3_ARABIC_FARSI_PERSIANATE_60_TERM_LEDGER_20260629T073239Z.json","C:\Users\memo_\Documents\Codex\2026-06-28\see-attached-you-do-prompt-a-3\outputs\R3_ARABIC_FARSI_PERSIANATE_60_TERM_LEDGER_20260629T073239Z.json","cluster=invariant_theory","mixed_source_and_review_seed_from_recovered_ledger","source-gated R3 row from R3_ARABIC_FARSI_PERSIANATE_60_TERM_LEDGER_20260629T073239Z.json; primary owner novel_blocked; downstream lane(s) none_until_gate_closure; evidence status mixed_source_and_review_seed_from_recovered_ledger; no draft support emitted; row remains blocker/source question","exact_blocker_or_source_question","do_not_emit_surface","","blocked_or_source_question_only","high_risk_bridge_placeholder_or_review_required; dari_independent_gate_required; tajik_independent_gate_required; pan_turkic_no_merge_without_own_gate; urdu_hindustani_separate_lane_no_persianate_merge; arabic_lane_open_or_not_consumable; persian_farsi_lane_open_or_not_consumable","high_risk_bridge_placeholder_or_review_required; dari_independent_gate_required; tajik_independent_gate_required; pan_turkic_no_merge_without_own_gate; urdu_hindustani_separate_lane_no_persianate_merge; arabic_lane_open_or_not_consumable; persian_farsi_lane_open_or_not_consumable","ترانسفكشن","ترانسوکسیون","","","","ترانسوکسیون","blocker_record_or_source_question_only","false","false","false","false","open_source_gate_do_not_consume","open_source_gate_do_not_consume","do_not_consume_from_farsi_comparator_independent_dari_gate_required","do_not_consume_from_farsi_comparator_independent_tajik_gate_required","separate_lane_no_inheritance","separate_lane_no_inheritance","source_question_if_matching_translation_context","controlled_arabic_status=paper01_open_specialist_source_required | persian_farsi_status=open_specialist_source_required | bridge_status=high_risk_bridge_placeholder | high-risk bridge placeholder; do not promote or route as accepted surface | unpromoted placeholder","leave_unpacked_in_durable_run_log; copy_to_route_sidecar=novel_blocked; copy_to_row_group_sidecar=paper01_60_term_route_ledger; copy_to_support_or_blocker_sidecar; include_in_convenience_zip_archive; session_b_can_consume_unpacked","R3_MICRO_EVIDENCE_ARTIFACT_20260704T040935Z","20260704T041521Z"
"r3run:0060","r3micro:paper01_60term:finite","paper01_60term:finite","paper01_60_term_route_ledger","finite","finite","arabic; persianate_tajik; novel_blocked","persianate_tajik","persianate_farsi_lane; adjacent_linear_algebra_source_lane","R3_ARABIC_FARSI_PERSIANATE_60_TERM_LEDGER_20260629T073239Z.json","C:\Users\memo_\Documents\Codex\2026-06-28\see-attached-you-do-prompt-a-3\outputs\R3_ARABIC_FARSI_PERSIANATE_60_TERM_LEDGER_20260629T073239Z.json","cluster=algebra_general","mixed_source_and_review_seed_from_recovered_ledger","source-gated R3 row from R3_ARABIC_FARSI_PERSIANATE_60_TERM_LEDGER_20260629T073239Z.json; primary owner persianate_tajik; downstream lane(s) persianate_farsi_lane; adjacent_linear_algebra_source_lane; evidence status mixed_source_and_review_seed_from_recovered_ledger; draft support emitted only from consume-routed surface fields","draft_noncanonical_micro_translation_support","emit_review_only_micro_support","Persian/Farsi draft support: متناهی","draft_support_available_review_only","dari_independent_gate_required; tajik_independent_gate_required; pan_turkic_no_merge_without_own_gate; urdu_hindustani_separate_lane_no_persianate_merge; arabic_lane_open_or_not_consumable","","","متناهی","","","","متناهی","noncanonical_micro_translation_support_for_named_route_only","false","false","false","false","do_not_consume_not_in_arabic_spine","consume_farsi_draft_support_review_only","do_not_consume_from_farsi_comparator_independent_dari_gate_required","do_not_consume_from_farsi_comparator_independent_tajik_gate_required","separate_lane_no_inheritance","separate_lane_no_inheritance","consume_source_question_review_only","controlled_arabic_status=not_in_arabic_spine | persian_farsi_status=source_backed_seed | bridge_status=promotable_seed_with_review | bridge candidate is comparator only; no bridge promotion | general math","leave_unpacked_in_durable_run_log; copy_to_route_sidecar=persianate_tajik; copy_to_row_group_sidecar=paper01_60_term_route_ledger; copy_to_support_or_blocker_sidecar; include_in_convenience_zip_archive; session_b_can_consume_unpacked","R3_MICRO_EVIDENCE_ARTIFACT_20260704T040935Z","20260704T041521Z"
"r3run:0061","r3micro:paper01_60term:coefficient","paper01_60term:coefficient","paper01_60_term_route_ledger","coefficient","coefficient","arabic; persianate_tajik; novel_blocked","persianate_tajik","persianate_farsi_lane; adjacent_linear_algebra_source_lane","R3_ARABIC_FARSI_PERSIANATE_60_TERM_LEDGER_20260629T073239Z.json","C:\Users\memo_\Documents\Codex\2026-06-28\see-attached-you-do-prompt-a-3\outputs\R3_ARABIC_FARSI_PERSIANATE_60_TERM_LEDGER_20260629T073239Z.json","cluster=algebra_general","mixed_source_and_review_seed_from_recovered_ledger","source-gated R3 row from R3_ARABIC_FARSI_PERSIANATE_60_TERM_LEDGER_20260629T073239Z.json; primary owner persianate_tajik; downstream lane(s) persianate_farsi_lane; adjacent_linear_algebra_source_lane; evidence status mixed_source_and_review_seed_from_recovered_ledger; draft support emitted only from consume-routed surface fields","draft_noncanonical_micro_translation_support","emit_review_only_micro_support","Persian/Farsi draft support: ضریب","draft_support_available_review_only","dari_independent_gate_required; tajik_independent_gate_required; pan_turkic_no_merge_without_own_gate; urdu_hindustani_separate_lane_no_persianate_merge; arabic_lane_open_or_not_consumable","","","ضریب","","","","ضریب","noncanonical_micro_translation_support_for_named_route_only","false","false","false","false","do_not_consume_not_in_arabic_spine","consume_farsi_draft_support_review_only","do_not_consume_from_farsi_comparator_independent_dari_gate_required","do_not_consume_from_farsi_comparator_independent_tajik_gate_required","separate_lane_no_inheritance","separate_lane_no_inheritance","consume_source_question_review_only","controlled_arabic_status=not_in_arabic_spine | persian_farsi_status=source_backed_seed | bridge_status=promotable_seed_with_review | bridge candidate is comparator only; no bridge promotion | polynomial/form terminology","leave_unpacked_in_durable_run_log; copy_to_route_sidecar=persianate_tajik; copy_to_row_group_sidecar=paper01_60_term_route_ledger; copy_to_support_or_blocker_sidecar; include_in_convenience_zip_archive; session_b_can_consume_unpacked","R3_MICRO_EVIDENCE_ARTIFACT_20260704T040935Z","20260704T041521Z"
"r3run:0062","r3micro:paper01_60term:variable","paper01_60term:variable","paper01_60_term_route_ledger","variable","variable","arabic; persianate_tajik; novel_blocked","persianate_tajik","persianate_farsi_lane; adjacent_linear_algebra_source_lane","R3_ARABIC_FARSI_PERSIANATE_60_TERM_LEDGER_20260629T073239Z.json","C:\Users\memo_\Documents\Codex\2026-06-28\see-attached-you-do-prompt-a-3\outputs\R3_ARABIC_FARSI_PERSIANATE_60_TERM_LEDGER_20260629T073239Z.json","cluster=algebra_general","mixed_source_and_review_seed_from_recovered_ledger","source-gated R3 row from R3_ARABIC_FARSI_PERSIANATE_60_TERM_LEDGER_20260629T073239Z.json; primary owner persianate_tajik; downstream lane(s) persianate_farsi_lane; adjacent_linear_algebra_source_lane; evidence status mixed_source_and_review_seed_from_recovered_ledger; draft support emitted only from consume-routed surface fields","draft_noncanonical_micro_translation_support","emit_review_only_micro_support","Persian/Farsi draft support: متغیر","draft_support_available_review_only","dari_independent_gate_required; tajik_independent_gate_required; pan_turkic_no_merge_without_own_gate; urdu_hindustani_separate_lane_no_persianate_merge; arabic_lane_open_or_not_consumable","","","متغیر","","","","متغیر","noncanonical_micro_translation_support_for_named_route_only","false","false","false","false","do_not_consume_not_in_arabic_spine","consume_farsi_draft_support_review_only","do_not_consume_from_farsi_comparator_independent_dari_gate_required","do_not_consume_from_farsi_comparator_independent_tajik_gate_required","separate_lane_no_inheritance","separate_lane_no_inheritance","consume_source_question_review_only","controlled_arabic_status=not_in_arabic_spine | persian_farsi_status=source_backed_seed | bridge_status=promotable_seed_with_review | bridge candidate is comparator only; no bridge promotion | polynomial/form terminology","leave_unpacked_in_durable_run_log; copy_to_route_sidecar=persianate_tajik; copy_to_row_group_sidecar=paper01_60_term_route_ledger; copy_to_support_or_blocker_sidecar; include_in_convenience_zip_archive; session_b_can_consume_unpacked","R3_MICRO_EVIDENCE_ARTIFACT_20260704T040935Z","20260704T041521Z"
"r3run:0063","r3micro:hefferon_seed:linear_combination","hefferon_seed:linear_combination","hefferon_first_slice_linear_algebra_seed","linear_combination","linear combination","arabic; persianate_tajik; pan_turkic; novel_blocked","arabic","arabic_rtl_lane; persianate_farsi_lane; urdu_hindustani_separate_lane; adjacent_linear_algebra_source_lane","HEFFERON_LINEAR_ALGEBRA_FIRST_SLICE_TERM_SEED_20260629T160120Z.json","C:\Users\memo_\Documents\Codex\2026-06-28\see-attached-you-do-prompt-a-3\outputs\HEFFERON_LINEAR_ALGEBRA_FIRST_SLICE_TERM_SEED_20260629T160120Z.json","src/gr/gr1.tex:@{source_file=src/gr/gr1.tex; local_path=sources/non_slavic_reference_corpus/20260629t155724z_hefferon_linear_algebra_source_first_intake/raw/src/gr/gr1.tex; line=77; snippet=A \definend{linear combination}\index{linear combination} of}","hefferon_source_aligned_review_seed","source-gated R3 row from HEFFERON_LINEAR_ALGEBRA_FIRST_SLICE_TERM_SEED_20260629T160120Z.json; primary owner arabic; downstream lane(s) arabic_rtl_lane; persianate_farsi_lane; urdu_hindustani_separate_lane; adjacent_linear_algebra_source_lane; evidence status hefferon_source_aligned_review_seed; draft support emitted only from consume-routed surface fields","draft_noncanonical_micro_translation_support","emit_review_only_micro_support","Arabic RTL draft support: تركيب خطي || Persian/Farsi draft support: ترکیب خطی","draft_support_available_review_only","dari_independent_gate_required; tajik_independent_gate_required; pan_turkic_no_merge_without_own_gate; urdu_hindustani_separate_lane_no_persianate_merge","","تركيب خطي","ترکیب خطی","","","","ترکیب/تركيب خطی","noncanonical_micro_translation_support_for_named_route_only","false","false","false","false","consume_linear_algebra_draft_support_review_only","consume_linear_algebra_draft_support_review_only","source_question_only_independent_dari_gate_required","source_question_only_independent_tajik_gate_required","separate_lane_review_only_no_persianate_merge","separate_lane_no_inheritance","consume_source_alignment_review_only","seed_status=review_seed_no_promotion | risk=Must not become ordinary mixture/combination without the linear-algebra coefficient structure. | dari_review=ترکیب خطی | tajik_review=комбинатсияи хаттӣ | urdu_review=خطی ترکیب | central_asian_turkic_review=blocked_exact_source_required","leave_unpacked_in_durable_run_log; copy_to_route_sidecar=arabic; copy_to_row_group_sidecar=hefferon_first_slice_linear_algebra_seed; copy_to_support_or_blocker_sidecar; include_in_convenience_zip_archive; session_b_can_consume_unpacked","R3_MICRO_EVIDENCE_ARTIFACT_20260704T040935Z","20260704T041521Z"
"r3run:0064","r3micro:hefferon_seed:linear_equation","hefferon_seed:linear_equation","hefferon_first_slice_linear_algebra_seed","linear_equation","linear equation","arabic; persianate_tajik; pan_turkic; novel_blocked","arabic","arabic_rtl_lane; persianate_farsi_lane; urdu_hindustani_separate_lane; adjacent_linear_algebra_source_lane","HEFFERON_LINEAR_ALGEBRA_FIRST_SLICE_TERM_SEED_20260629T160120Z.json","C:\Users\memo_\Documents\Codex\2026-06-28\see-attached-you-do-prompt-a-3\outputs\HEFFERON_LINEAR_ALGEBRA_FIRST_SLICE_TERM_SEED_20260629T160120Z.json","src/gr/gr1.tex:@{source_file=src/gr/gr1.tex; local_path=sources/non_slavic_reference_corpus/20260629t155724z_hefferon_linear_algebra_source_first_intake/raw/src/gr/gr1.tex; line=83; snippet=\definend{coefficients}\index{linear equation!coefficients}.}","hefferon_source_aligned_review_seed","source-gated R3 row from HEFFERON_LINEAR_ALGEBRA_FIRST_SLICE_TERM_SEED_20260629T160120Z.json; primary owner arabic; downstream lane(s) arabic_rtl_lane; persianate_farsi_lane; urdu_hindustani_separate_lane; adjacent_linear_algebra_source_lane; evidence status hefferon_source_aligned_review_seed; draft support emitted only from consume-routed surface fields","draft_noncanonical_micro_translation_support","emit_review_only_micro_support","Arabic RTL draft support: معادلة خطية || Persian/Farsi draft support: معادلهٔ خطی","draft_support_available_review_only","dari_independent_gate_required; tajik_independent_gate_required; pan_turkic_no_merge_without_own_gate; urdu_hindustani_separate_lane_no_persianate_merge","","معادلة خطية","معادلهٔ خطی","","","","معادله/معادلة خطی","noncanonical_micro_translation_support_for_named_route_only","false","false","false","false","consume_linear_algebra_draft_support_review_only","consume_linear_algebra_draft_support_review_only","source_question_only_independent_dari_gate_required","source_question_only_independent_tajik_gate_required","separate_lane_review_only_no_persianate_merge","separate_lane_no_inheritance","consume_source_alignment_review_only","seed_status=review_seed_no_promotion | risk=Equation vocabulary is stable in Arabic/Persian comparators but still needs local review in adjacent lanes. | dari_review=معادلهٔ خطی | tajik_review=муодилаи хаттӣ | urdu_review=خطی مساوات | central_asian_turkic_review=blocked_exact_source_required","leave_unpacked_in_durable_run_log; copy_to_route_sidecar=arabic; copy_to_row_group_sidecar=hefferon_first_slice_linear_algebra_seed; copy_to_support_or_blocker_sidecar; include_in_convenience_zip_archive; session_b_can_consume_unpacked","R3_MICRO_EVIDENCE_ARTIFACT_20260704T040935Z","20260704T041521Z"
"r3run:0065","r3micro:hefferon_seed:system_linear_equations","hefferon_seed:system_linear_equations","hefferon_first_slice_linear_algebra_seed","system_linear_equations","system of linear equations","arabic; persianate_tajik; pan_turkic; novel_blocked","arabic","arabic_rtl_lane; persianate_farsi_lane; urdu_hindustani_separate_lane; adjacent_linear_algebra_source_lane","HEFFERON_LINEAR_ALGEBRA_FIRST_SLICE_TERM_SEED_20260629T160120Z.json","C:\Users\memo_\Documents\Codex\2026-06-28\see-attached-you-do-prompt-a-3\outputs\HEFFERON_LINEAR_ALGEBRA_FIRST_SLICE_TERM_SEED_20260629T160120Z.json","src/gr/gr1.tex:@{source_file=src/gr/gr1.tex; local_path=sources/non_slavic_reference_corpus/20260629t155724z_hefferon_linear_algebra_source_first_intake/raw/src/gr/gr1.tex; line=99; snippet=A \definend{system of linear equations}\index{linear equation!system of}%}","hefferon_source_aligned_review_seed","source-gated R3 row from HEFFERON_LINEAR_ALGEBRA_FIRST_SLICE_TERM_SEED_20260629T160120Z.json; primary owner arabic; downstream lane(s) arabic_rtl_lane; persianate_farsi_lane; urdu_hindustani_separate_lane; adjacent_linear_algebra_source_lane; evidence status hefferon_source_aligned_review_seed; draft support emitted only from consume-routed surface fields","draft_noncanonical_micro_translation_support","emit_review_only_micro_support","Arabic RTL draft support: نظام معادلات خطية || Persian/Farsi draft support: دستگاه معادلات خطی","draft_support_available_review_only","dari_independent_gate_required; tajik_independent_gate_required; pan_turkic_no_merge_without_own_gate; urdu_hindustani_separate_lane_no_persianate_merge","","نظام معادلات خطية","دستگاه معادلات خطی","","","","دستگاه/نظام معادلات خطی","noncanonical_micro_translation_support_for_named_route_only","false","false","false","false","consume_linear_algebra_draft_support_review_only","consume_linear_algebra_draft_support_review_only","source_question_only_independent_dari_gate_required","source_question_only_independent_tajik_gate_required","separate_lane_review_only_no_persianate_merge","separate_lane_no_inheritance","consume_source_alignment_review_only","seed_status=review_seed_no_promotion | risk=Keep system-as-equation-system separate from Noether complete-system/form-system vocabulary. | dari_review=سیستم/دستگاه معادلات خطی | tajik_review=системаи муодилаҳои хаттӣ | urdu_review=خطی مساواتوں کا نظام | central_asian_turkic_review=blocked_exact_source_required","leave_unpacked_in_durable_run_log; copy_to_route_sidecar=arabic; copy_to_row_group_sidecar=hefferon_first_slice_linear_algebra_seed; copy_to_support_or_blocker_sidecar; include_in_convenience_zip_archive; session_b_can_consume_unpacked","R3_MICRO_EVIDENCE_ARTIFACT_20260704T040935Z","20260704T041521Z"
"r3run:0066","r3micro:hefferon_seed:solution","hefferon_seed:solution","hefferon_first_slice_linear_algebra_seed","solution","solution","arabic; persianate_tajik; pan_turkic; novel_blocked","arabic","arabic_rtl_lane; persianate_farsi_lane; urdu_hindustani_separate_lane; adjacent_linear_algebra_source_lane","HEFFERON_LINEAR_ALGEBRA_FIRST_SLICE_TERM_SEED_20260629T160120Z.json","C:\Users\memo_\Documents\Codex\2026-06-28\see-attached-you-do-prompt-a-3\outputs\HEFFERON_LINEAR_ALGEBRA_FIRST_SLICE_TERM_SEED_20260629T160120Z.json","src/gr/gr1.tex:@{source_file=src/gr/gr1.tex; local_path=sources/non_slavic_reference_corpus/20260629t155724z_hefferon_linear_algebra_source_first_intake/raw/src/gr/gr1.tex; line=94; snippet=\definend{solution}\index{linear equation!solution of} %}","hefferon_source_aligned_review_seed","source-gated R3 row from HEFFERON_LINEAR_ALGEBRA_FIRST_SLICE_TERM_SEED_20260629T160120Z.json; primary owner arabic; downstream lane(s) arabic_rtl_lane; persianate_farsi_lane; urdu_hindustani_separate_lane; adjacent_linear_algebra_source_lane; evidence status hefferon_source_aligned_review_seed; draft support emitted only from consume-routed surface fields","draft_noncanonical_micro_translation_support","emit_review_only_micro_support","Arabic RTL draft support: حل || Persian/Farsi draft support: جواب/حل","draft_support_available_review_only","dari_independent_gate_required; tajik_independent_gate_required; pan_turkic_no_merge_without_own_gate; urdu_hindustani_separate_lane_no_persianate_merge","","حل","جواب/حل","","","","حل/جواب","noncanonical_micro_translation_support_for_named_route_only","false","false","false","false","consume_linear_algebra_draft_support_review_only","consume_linear_algebra_draft_support_review_only","source_question_only_independent_dari_gate_required","source_question_only_independent_tajik_gate_required","separate_lane_review_only_no_persianate_merge","separate_lane_no_inheritance","consume_source_alignment_review_only","seed_status=review_seed_no_promotion | risk=Separate equation solution from proof solution/manual answer and from solution-as-liquid false friends. | dari_review=جواب/حل | tajik_review=ҳал/ҷавоб | urdu_review=حل | central_asian_turkic_review=blocked_exact_source_required","leave_unpacked_in_durable_run_log; copy_to_route_sidecar=arabic; copy_to_row_group_sidecar=hefferon_first_slice_linear_algebra_seed; copy_to_support_or_blocker_sidecar; include_in_convenience_zip_archive; session_b_can_consume_unpacked","R3_MICRO_EVIDENCE_ARTIFACT_20260704T040935Z","20260704T041521Z"
"r3run:0067","r3micro:hefferon_seed:gauss_method","hefferon_seed:gauss_method","hefferon_first_slice_linear_algebra_seed","gauss_method","Gauss's Method / Gaussian elimination","arabic; persianate_tajik; pan_turkic; novel_blocked","arabic","arabic_rtl_lane; persianate_farsi_lane; urdu_hindustani_separate_lane; adjacent_linear_algebra_source_lane","HEFFERON_LINEAR_ALGEBRA_FIRST_SLICE_TERM_SEED_20260629T160120Z.json","C:\Users\memo_\Documents\Codex\2026-06-28\see-attached-you-do-prompt-a-3\outputs\HEFFERON_LINEAR_ALGEBRA_FIRST_SLICE_TERM_SEED_20260629T160120Z.json","src/gr/gr1.tex:@{source_file=src/gr/gr1.tex; local_path=sources/non_slavic_reference_corpus/20260629t155724z_hefferon_linear_algebra_source_first_intake/raw/src/gr/gr1.tex; line=74; snippet=\subsection{Gauss's Method}}","hefferon_source_aligned_review_seed","source-gated R3 row from HEFFERON_LINEAR_ALGEBRA_FIRST_SLICE_TERM_SEED_20260629T160120Z.json; primary owner arabic; downstream lane(s) arabic_rtl_lane; persianate_farsi_lane; urdu_hindustani_separate_lane; adjacent_linear_algebra_source_lane; evidence status hefferon_source_aligned_review_seed; draft support emitted only from consume-routed surface fields","draft_noncanonical_micro_translation_support","emit_review_only_micro_support","Arabic RTL draft support: طريقة غاوس / الحذف الغاوسي || Persian/Farsi draft support: روش گاوس / حذف گاوسی","draft_support_available_review_only","dari_independent_gate_required; tajik_independent_gate_required; pan_turkic_no_merge_without_own_gate; urdu_hindustani_separate_lane_no_persianate_merge","","طريقة غاوس / الحذف الغاوسي","روش گاوس / حذف گاوسی","","","","روش/طريقة گاوس، حذف گاوسی","noncanonical_micro_translation_support_for_named_route_only","false","false","false","false","consume_linear_algebra_draft_support_review_only","consume_linear_algebra_draft_support_review_only","source_question_only_independent_dari_gate_required","source_question_only_independent_tajik_gate_required","separate_lane_review_only_no_persianate_merge","separate_lane_no_inheritance","consume_source_alignment_review_only","seed_status=review_seed_no_promotion | risk=Method/procedure terms must remain algorithmic and not become generic reduction/reducer language. | dari_review=روش گاوس / حذف گاوسی | tajik_review=усули Гаусс / хориҷкунии гауссӣ | urdu_review=طریقۂ گاوس / گاوسی حذف | central_asian_turkic_review=blocked_exact_source_required","leave_unpacked_in_durable_run_log; copy_to_route_sidecar=arabic; copy_to_row_group_sidecar=hefferon_first_slice_linear_algebra_seed; copy_to_support_or_blocker_sidecar; include_in_convenience_zip_archive; session_b_can_consume_unpacked","R3_MICRO_EVIDENCE_ARTIFACT_20260704T040935Z","20260704T041521Z"
"r3run:0068","r3micro:hefferon_seed:matrix","hefferon_seed:matrix","hefferon_first_slice_linear_algebra_seed","matrix","matrix","arabic; persianate_tajik; pan_turkic; novel_blocked","arabic","arabic_rtl_lane; persianate_farsi_lane; urdu_hindustani_separate_lane; adjacent_linear_algebra_source_lane","HEFFERON_LINEAR_ALGEBRA_FIRST_SLICE_TERM_SEED_20260629T160120Z.json","C:\Users\memo_\Documents\Codex\2026-06-28\see-attached-you-do-prompt-a-3\outputs\HEFFERON_LINEAR_ALGEBRA_FIRST_SLICE_TERM_SEED_20260629T160120Z.json","src/gr/gr1.tex:@{source_file=src/gr/gr1.tex; local_path=sources/non_slavic_reference_corpus/20260629t155724z_hefferon_linear_algebra_source_first_intake/raw/src/gr/gr1.tex; line=972; snippet=% sage: M = matrix(RDF, [[1,1,1], [1,-1,0], [0,1,2]])}","hefferon_source_aligned_review_seed","source-gated R3 row from HEFFERON_LINEAR_ALGEBRA_FIRST_SLICE_TERM_SEED_20260629T160120Z.json; primary owner arabic; downstream lane(s) arabic_rtl_lane; persianate_farsi_lane; urdu_hindustani_separate_lane; adjacent_linear_algebra_source_lane; evidence status hefferon_source_aligned_review_seed; draft support emitted only from consume-routed surface fields","draft_noncanonical_micro_translation_support","emit_review_only_micro_support","Arabic RTL draft support: مصفوفة || Persian/Farsi draft support: ماتریس","draft_support_available_review_only","dari_independent_gate_required; tajik_independent_gate_required; pan_turkic_no_merge_without_own_gate; urdu_hindustani_separate_lane_no_persianate_merge","","مصفوفة","ماتریس","","","","ماتریس/مصفوفة","noncanonical_micro_translation_support_for_named_route_only","false","false","false","false","consume_linear_algebra_draft_support_review_only","consume_linear_algebra_draft_support_review_only","source_question_only_independent_dari_gate_required","source_question_only_independent_tajik_gate_required","separate_lane_review_only_no_persianate_merge","separate_lane_no_inheritance","consume_source_alignment_review_only","seed_status=review_seed_no_promotion | risk=Do not let the ordinary array/table sense erase algebraic matrix usage. | dari_review=ماتریس | tajik_review=матрица | urdu_review=میٹرکس/مصفوفہ | central_asian_turkic_review=blocked_exact_source_required","leave_unpacked_in_durable_run_log; copy_to_route_sidecar=arabic; copy_to_row_group_sidecar=hefferon_first_slice_linear_algebra_seed; copy_to_support_or_blocker_sidecar; include_in_convenience_zip_archive; session_b_can_consume_unpacked","R3_MICRO_EVIDENCE_ARTIFACT_20260704T040935Z","20260704T041521Z"
"r3run:0069","r3micro:hefferon_seed:vector_space","hefferon_seed:vector_space","hefferon_first_slice_linear_algebra_seed","vector_space","vector space","arabic; persianate_tajik; pan_turkic; novel_blocked","arabic","arabic_rtl_lane; persianate_farsi_lane; urdu_hindustani_separate_lane; adjacent_linear_algebra_source_lane","HEFFERON_LINEAR_ALGEBRA_FIRST_SLICE_TERM_SEED_20260629T160120Z.json","C:\Users\memo_\Documents\Codex\2026-06-28\see-attached-you-do-prompt-a-3\outputs\HEFFERON_LINEAR_ALGEBRA_FIRST_SLICE_TERM_SEED_20260629T160120Z.json","src/vs/vs1.tex:@{source_file=src/vs/vs1.tex; local_path=sources/non_slavic_reference_corpus/20260629t155724z_hefferon_linear_algebra_source_first_intake/raw/src/vs/vs1.tex; line=37; snippet=We shall call any such set a \definend{vector space}.}","hefferon_source_aligned_review_seed","source-gated R3 row from HEFFERON_LINEAR_ALGEBRA_FIRST_SLICE_TERM_SEED_20260629T160120Z.json; primary owner arabic; downstream lane(s) arabic_rtl_lane; persianate_farsi_lane; urdu_hindustani_separate_lane; adjacent_linear_algebra_source_lane; evidence status hefferon_source_aligned_review_seed; draft support emitted only from consume-routed surface fields","draft_noncanonical_micro_translation_support","emit_review_only_micro_support","Arabic RTL draft support: فضاء متجهات || Persian/Farsi draft support: فضای برداری","draft_support_available_review_only","dari_independent_gate_required; tajik_independent_gate_required; pan_turkic_no_merge_without_own_gate; urdu_hindustani_separate_lane_no_persianate_merge","","فضاء متجهات","فضای برداری","","","","فضا/فضاء برداری-متجهی","noncanonical_micro_translation_support_for_named_route_only","false","false","false","false","consume_linear_algebra_draft_support_review_only","consume_linear_algebra_draft_support_review_only","source_question_only_independent_dari_gate_required","source_question_only_independent_tajik_gate_required","separate_lane_review_only_no_persianate_merge","separate_lane_no_inheritance","consume_source_alignment_review_only","seed_status=review_seed_no_promotion | risk=Bridge form is annotation-only; Arabic/Persian cannot authorize adjacent vector-space terminology. | dari_review=فضای برداری | tajik_review=фазои векторӣ | urdu_review=ویکٹر اسپیس / سمتی فضا | central_asian_turkic_review=blocked_exact_source_required","leave_unpacked_in_durable_run_log; copy_to_route_sidecar=arabic; copy_to_row_group_sidecar=hefferon_first_slice_linear_algebra_seed; copy_to_support_or_blocker_sidecar; include_in_convenience_zip_archive; session_b_can_consume_unpacked","R3_MICRO_EVIDENCE_ARTIFACT_20260704T040935Z","20260704T041521Z"
"r3run:0070","r3micro:hefferon_seed:scalar","hefferon_seed:scalar","hefferon_first_slice_linear_algebra_seed","scalar","scalar","arabic; persianate_tajik; pan_turkic; novel_blocked","arabic","arabic_rtl_lane; persianate_farsi_lane; urdu_hindustani_separate_lane; adjacent_linear_algebra_source_lane","HEFFERON_LINEAR_ALGEBRA_FIRST_SLICE_TERM_SEED_20260629T160120Z.json","C:\Users\memo_\Documents\Codex\2026-06-28\see-attached-you-do-prompt-a-3\outputs\HEFFERON_LINEAR_ALGEBRA_FIRST_SLICE_TERM_SEED_20260629T160120Z.json","src/vs/vs1.tex:@{source_file=src/vs/vs1.tex; local_path=sources/non_slavic_reference_corpus/20260629t155724z_hefferon_linear_algebra_source_first_intake/raw/src/vs/vs1.tex; line=72; snippet=an addition and a scalar multiplication, that are subject to some}","hefferon_source_aligned_review_seed","source-gated R3 row from HEFFERON_LINEAR_ALGEBRA_FIRST_SLICE_TERM_SEED_20260629T160120Z.json; primary owner arabic; downstream lane(s) arabic_rtl_lane; persianate_farsi_lane; urdu_hindustani_separate_lane; adjacent_linear_algebra_source_lane; evidence status hefferon_source_aligned_review_seed; draft support emitted only from consume-routed surface fields","draft_noncanonical_micro_translation_support","emit_review_only_micro_support","Arabic RTL draft support: عدد قياسي || Persian/Farsi draft support: اسکالر","draft_support_available_review_only","dari_independent_gate_required; tajik_independent_gate_required; pan_turkic_no_merge_without_own_gate; urdu_hindustani_separate_lane_no_persianate_merge","","عدد قياسي","اسکالر","","","","اسکالر/عدد قیاسی","noncanonical_micro_translation_support_for_named_route_only","false","false","false","false","consume_linear_algebra_draft_support_review_only","consume_linear_algebra_draft_support_review_only","source_question_only_independent_dari_gate_required","source_question_only_independent_tajik_gate_required","separate_lane_review_only_no_persianate_merge","separate_lane_no_inheritance","consume_source_alignment_review_only","seed_status=review_seed_no_promotion | risk=Scalar multiplication must not be confused with dot/scalar product terminology. | dari_review=اسکالر | tajik_review=скаляр | urdu_review=اسکیلر | central_asian_turkic_review=blocked_exact_source_required","leave_unpacked_in_durable_run_log; copy_to_route_sidecar=arabic; copy_to_row_group_sidecar=hefferon_first_slice_linear_algebra_seed; copy_to_support_or_blocker_sidecar; include_in_convenience_zip_archive; session_b_can_consume_unpacked","R3_MICRO_EVIDENCE_ARTIFACT_20260704T040935Z","20260704T041521Z"
"r3run:0071","r3micro:hefferon_seed:zero_vector","hefferon_seed:zero_vector","hefferon_first_slice_linear_algebra_seed","zero_vector","zero vector","arabic; persianate_tajik; pan_turkic; novel_blocked","arabic","arabic_rtl_lane; persianate_farsi_lane; urdu_hindustani_separate_lane; adjacent_linear_algebra_source_lane","HEFFERON_LINEAR_ALGEBRA_FIRST_SLICE_TERM_SEED_20260629T160120Z.json","C:\Users\memo_\Documents\Codex\2026-06-28\see-attached-you-do-prompt-a-3\outputs\HEFFERON_LINEAR_ALGEBRA_FIRST_SLICE_TERM_SEED_20260629T160120Z.json","src/vs/vs1.tex:@{source_file=src/vs/vs1.tex; local_path=sources/non_slavic_reference_corpus/20260629t155724z_hefferon_linear_algebra_source_first_intake/raw/src/vs/vs1.tex; line=106; snippet=\item there is a \definend{zero vector}\index{zero vector}}","hefferon_source_aligned_review_seed","source-gated R3 row from HEFFERON_LINEAR_ALGEBRA_FIRST_SLICE_TERM_SEED_20260629T160120Z.json; primary owner arabic; downstream lane(s) arabic_rtl_lane; persianate_farsi_lane; urdu_hindustani_separate_lane; adjacent_linear_algebra_source_lane; evidence status hefferon_source_aligned_review_seed; draft support emitted only from consume-routed surface fields","draft_noncanonical_micro_translation_support","emit_review_only_micro_support","Arabic RTL draft support: المتجه الصفري || Persian/Farsi draft support: بردار صفر","draft_support_available_review_only","dari_independent_gate_required; tajik_independent_gate_required; pan_turkic_no_merge_without_own_gate; urdu_hindustani_separate_lane_no_persianate_merge","","المتجه الصفري","بردار صفر","","","","بردار/متجه صفر","noncanonical_micro_translation_support_for_named_route_only","false","false","false","false","consume_linear_algebra_draft_support_review_only","consume_linear_algebra_draft_support_review_only","source_question_only_independent_dari_gate_required","source_question_only_independent_tajik_gate_required","separate_lane_review_only_no_persianate_merge","separate_lane_no_inheritance","consume_source_alignment_review_only","seed_status=review_seed_no_promotion | risk=Need lane-specific choice between loan vector and local vector/calque forms. | dari_review=بردار صفر | tajik_review=вектори сифрӣ | urdu_review=صفر ویکٹر / صفر سمتیہ | central_asian_turkic_review=blocked_exact_source_required","leave_unpacked_in_durable_run_log; copy_to_route_sidecar=arabic; copy_to_row_group_sidecar=hefferon_first_slice_linear_algebra_seed; copy_to_support_or_blocker_sidecar; include_in_convenience_zip_archive; session_b_can_consume_unpacked","R3_MICRO_EVIDENCE_ARTIFACT_20260704T040935Z","20260704T041521Z"
"r3run:0072","r3micro:hefferon_seed:scalar_multiplication","hefferon_seed:scalar_multiplication","hefferon_first_slice_linear_algebra_seed","scalar_multiplication","scalar multiplication","arabic; persianate_tajik; pan_turkic; novel_blocked","arabic","arabic_rtl_lane; persianate_farsi_lane; urdu_hindustani_separate_lane; adjacent_linear_algebra_source_lane","HEFFERON_LINEAR_ALGEBRA_FIRST_SLICE_TERM_SEED_20260629T160120Z.json","C:\Users\memo_\Documents\Codex\2026-06-28\see-attached-you-do-prompt-a-3\outputs\HEFFERON_LINEAR_ALGEBRA_FIRST_SLICE_TERM_SEED_20260629T160120Z.json","src/vs/vs1.tex:@{source_file=src/vs/vs1.tex; local_path=sources/non_slavic_reference_corpus/20260629t155724z_hefferon_linear_algebra_source_first_intake/raw/src/vs/vs1.tex; line=72; snippet=an addition and a scalar multiplication, that are subject to some}","hefferon_source_aligned_review_seed","source-gated R3 row from HEFFERON_LINEAR_ALGEBRA_FIRST_SLICE_TERM_SEED_20260629T160120Z.json; primary owner arabic; downstream lane(s) arabic_rtl_lane; persianate_farsi_lane; urdu_hindustani_separate_lane; adjacent_linear_algebra_source_lane; evidence status hefferon_source_aligned_review_seed; draft support emitted only from consume-routed surface fields","draft_noncanonical_micro_translation_support","emit_review_only_micro_support","Arabic RTL draft support: الضرب في عدد قياسي || Persian/Farsi draft support: ضرب اسکالر","draft_support_available_review_only","dari_independent_gate_required; tajik_independent_gate_required; pan_turkic_no_merge_without_own_gate; urdu_hindustani_separate_lane_no_persianate_merge","","الضرب في عدد قياسي","ضرب اسکالر","","","","ضرب اسکالر/در عدد قیاسی","noncanonical_micro_translation_support_for_named_route_only","false","false","false","false","consume_linear_algebra_draft_support_review_only","consume_linear_algebra_draft_support_review_only","source_question_only_independent_dari_gate_required","source_question_only_independent_tajik_gate_required","separate_lane_review_only_no_persianate_merge","separate_lane_no_inheritance","consume_source_alignment_review_only","seed_status=review_seed_no_promotion | risk=Avoid collision with scalar/dot product terms in every lane. | dari_review=ضرب اسکالر | tajik_review=зарб ба скаляр | urdu_review=اسکیلر ضرب | central_asian_turkic_review=blocked_exact_source_required","leave_unpacked_in_durable_run_log; copy_to_route_sidecar=arabic; copy_to_row_group_sidecar=hefferon_first_slice_linear_algebra_seed; copy_to_support_or_blocker_sidecar; include_in_convenience_zip_archive; session_b_can_consume_unpacked","R3_MICRO_EVIDENCE_ARTIFACT_20260704T040935Z","20260704T041521Z"
"r3run:0073","r3micro:hefferon_seed:span","hefferon_seed:span","hefferon_first_slice_linear_algebra_seed","span","span","arabic; persianate_tajik; pan_turkic; novel_blocked","arabic","arabic_rtl_lane; persianate_farsi_lane; urdu_hindustani_separate_lane; adjacent_linear_algebra_source_lane","HEFFERON_LINEAR_ALGEBRA_FIRST_SLICE_TERM_SEED_20260629T160120Z.json","C:\Users\memo_\Documents\Codex\2026-06-28\see-attached-you-do-prompt-a-3\outputs\HEFFERON_LINEAR_ALGEBRA_FIRST_SLICE_TERM_SEED_20260629T160120Z.json","src/vs/vs2.tex:@{source_file=src/vs/vs2.tex; local_path=sources/non_slavic_reference_corpus/20260629t155724z_hefferon_linear_algebra_source_first_intake/raw/src/vs/vs2.tex; line=6; snippet=as a span,}","hefferon_source_aligned_review_seed","source-gated R3 row from HEFFERON_LINEAR_ALGEBRA_FIRST_SLICE_TERM_SEED_20260629T160120Z.json; primary owner arabic; downstream lane(s) arabic_rtl_lane; persianate_farsi_lane; urdu_hindustani_separate_lane; adjacent_linear_algebra_source_lane; evidence status hefferon_source_aligned_review_seed; draft support emitted only from consume-routed surface fields","draft_noncanonical_micro_translation_support","emit_review_only_micro_support","Arabic RTL draft support: الغلاف الخطي / المدى المولد || Persian/Farsi draft support: پوشش خطی / گستره","draft_support_available_review_only","high_risk_bridge_placeholder_or_review_required; dari_independent_gate_required; tajik_independent_gate_required; pan_turkic_no_merge_without_own_gate; urdu_hindustani_separate_lane_no_persianate_merge","","الغلاف الخطي / المدى المولد","پوشش خطی / گستره","","","","پوشش/غلاف خطی","noncanonical_micro_translation_support_for_named_route_only","false","false","false","false","consume_linear_algebra_draft_support_review_only","consume_linear_algebra_draft_support_review_only","source_question_only_independent_dari_gate_required","source_question_only_independent_tajik_gate_required","separate_lane_review_only_no_persianate_merge","separate_lane_no_inheritance","consume_source_alignment_review_only","seed_status=review_seed_no_promotion | risk=High-risk ordinary-word term; exact local math source and reviewer needed before promotion. | dari_review=پوشش خطی / گستره | tajik_review=пӯшиши хаттӣ | urdu_review=خطی پھیلاؤ / اسپین | central_asian_turkic_review=blocked_exact_source_required","leave_unpacked_in_durable_run_log; copy_to_route_sidecar=arabic; copy_to_row_group_sidecar=hefferon_first_slice_linear_algebra_seed; copy_to_support_or_blocker_sidecar; include_in_convenience_zip_archive; session_b_can_consume_unpacked","R3_MICRO_EVIDENCE_ARTIFACT_20260704T040935Z","20260704T041521Z"
"r3run:0074","r3micro:hefferon_seed:basis","hefferon_seed:basis","hefferon_first_slice_linear_algebra_seed","basis","basis","arabic; persianate_tajik; pan_turkic; novel_blocked","arabic","arabic_rtl_lane; persianate_farsi_lane; urdu_hindustani_separate_lane; adjacent_linear_algebra_source_lane","HEFFERON_LINEAR_ALGEBRA_FIRST_SLICE_TERM_SEED_20260629T160120Z.json","C:\Users\memo_\Documents\Codex\2026-06-28\see-attached-you-do-prompt-a-3\outputs\HEFFERON_LINEAR_ALGEBRA_FIRST_SLICE_TERM_SEED_20260629T160120Z.json","src/map/map1.tex:@{source_file=src/map/map1.tex; local_path=sources/non_slavic_reference_corpus/20260629t155724z_hefferon_linear_algebra_source_first_intake/raw/src/map/map1.tex; line=46; snippet=instead it led to new insights such as the idea of a basis.}","hefferon_source_aligned_review_seed","source-gated R3 row from HEFFERON_LINEAR_ALGEBRA_FIRST_SLICE_TERM_SEED_20260629T160120Z.json; primary owner arabic; downstream lane(s) arabic_rtl_lane; persianate_farsi_lane; urdu_hindustani_separate_lane; adjacent_linear_algebra_source_lane; evidence status hefferon_source_aligned_review_seed; draft support emitted only from consume-routed surface fields","draft_noncanonical_micro_translation_support","emit_review_only_micro_support","Arabic RTL draft support: أساس || Persian/Farsi draft support: پایه","draft_support_available_review_only","dari_independent_gate_required; tajik_independent_gate_required; pan_turkic_no_merge_without_own_gate; urdu_hindustani_separate_lane_no_persianate_merge","","أساس","پایه","","","","پایه/أساس","noncanonical_micro_translation_support_for_named_route_only","false","false","false","false","consume_linear_algebra_draft_support_review_only","consume_linear_algebra_draft_support_review_only","source_question_only_independent_dari_gate_required","source_question_only_independent_tajik_gate_required","separate_lane_review_only_no_persianate_merge","separate_lane_no_inheritance","consume_source_alignment_review_only","seed_status=review_seed_no_promotion | risk=Basis/base/foundation false friends; keep algebraic basis distinct. | dari_review=پایه/اساس | tajik_review=базис/асос | urdu_review=اساس/بنیاد | central_asian_turkic_review=blocked_exact_source_required","leave_unpacked_in_durable_run_log; copy_to_route_sidecar=arabic; copy_to_row_group_sidecar=hefferon_first_slice_linear_algebra_seed; copy_to_support_or_blocker_sidecar; include_in_convenience_zip_archive; session_b_can_consume_unpacked","R3_MICRO_EVIDENCE_ARTIFACT_20260704T040935Z","20260704T041521Z"
"r3run:0075","r3micro:hefferon_seed:linearly_independent","hefferon_seed:linearly_independent","hefferon_first_slice_linear_algebra_seed","linearly_independent","linearly independent","arabic; persianate_tajik; pan_turkic; novel_blocked","arabic","arabic_rtl_lane; persianate_farsi_lane; urdu_hindustani_separate_lane; adjacent_linear_algebra_source_lane","HEFFERON_LINEAR_ALGEBRA_FIRST_SLICE_TERM_SEED_20260629T160120Z.json","C:\Users\memo_\Documents\Codex\2026-06-28\see-attached-you-do-prompt-a-3\outputs\HEFFERON_LINEAR_ALGEBRA_FIRST_SLICE_TERM_SEED_20260629T160120Z.json","src/vs/vs2.tex:@{source_file=src/vs/vs2.tex; local_path=sources/non_slavic_reference_corpus/20260629t155724z_hefferon_linear_algebra_source_first_intake/raw/src/vs/vs2.tex; line=150; snippet=\definend{linearly independent}\index{linearly independent}%}","hefferon_source_aligned_review_seed","source-gated R3 row from HEFFERON_LINEAR_ALGEBRA_FIRST_SLICE_TERM_SEED_20260629T160120Z.json; primary owner arabic; downstream lane(s) arabic_rtl_lane; persianate_farsi_lane; urdu_hindustani_separate_lane; adjacent_linear_algebra_source_lane; evidence status hefferon_source_aligned_review_seed; draft support emitted only from consume-routed surface fields","draft_noncanonical_micro_translation_support","emit_review_only_micro_support","Arabic RTL draft support: مستقل خطياً || Persian/Farsi draft support: مستقل خطی","draft_support_available_review_only","dari_independent_gate_required; tajik_independent_gate_required; pan_turkic_no_merge_without_own_gate; urdu_hindustani_separate_lane_no_persianate_merge","","مستقل خطياً","مستقل خطی","","","","مستقل خطی","noncanonical_micro_translation_support_for_named_route_only","false","false","false","false","consume_linear_algebra_draft_support_review_only","consume_linear_algebra_draft_support_review_only","source_question_only_independent_dari_gate_required","source_question_only_independent_tajik_gate_required","separate_lane_review_only_no_persianate_merge","separate_lane_no_inheritance","consume_source_alignment_review_only","seed_status=review_seed_no_promotion | risk=Independence vocabulary is politically and mathematically overloaded; require reviewer confirmation. | dari_review=مستقل خطی | tajik_review=хаттӣ мустақил | urdu_review=خطی طور پر آزاد | central_asian_turkic_review=blocked_exact_source_required","leave_unpacked_in_durable_run_log; copy_to_route_sidecar=arabic; copy_to_row_group_sidecar=hefferon_first_slice_linear_algebra_seed; copy_to_support_or_blocker_sidecar; include_in_convenience_zip_archive; session_b_can_consume_unpacked","R3_MICRO_EVIDENCE_ARTIFACT_20260704T040935Z","20260704T041521Z"
"r3run:0076","r3micro:hefferon_seed:isomorphism","hefferon_seed:isomorphism","hefferon_first_slice_linear_algebra_seed","isomorphism","isomorphism","arabic; persianate_tajik; pan_turkic; novel_blocked","arabic","arabic_rtl_lane; persianate_farsi_lane; urdu_hindustani_separate_lane; adjacent_linear_algebra_source_lane","HEFFERON_LINEAR_ALGEBRA_FIRST_SLICE_TERM_SEED_20260629T160120Z.json","C:\Users\memo_\Documents\Codex\2026-06-28\see-attached-you-do-prompt-a-3\outputs\HEFFERON_LINEAR_ALGEBRA_FIRST_SLICE_TERM_SEED_20260629T160120Z.json","src/map/map1.tex:@{source_file=src/map/map1.tex; local_path=sources/non_slavic_reference_corpus/20260629t155724z_hefferon_linear_algebra_source_first_intake/raw/src/map/map1.tex; line=8; snippet=\index{isomorphism|(}}","hefferon_source_aligned_review_seed","source-gated R3 row from HEFFERON_LINEAR_ALGEBRA_FIRST_SLICE_TERM_SEED_20260629T160120Z.json; primary owner arabic; downstream lane(s) arabic_rtl_lane; persianate_farsi_lane; urdu_hindustani_separate_lane; adjacent_linear_algebra_source_lane; evidence status hefferon_source_aligned_review_seed; draft support emitted only from consume-routed surface fields","draft_noncanonical_micro_translation_support","emit_review_only_micro_support","Arabic RTL draft support: تماثل || Persian/Farsi draft support: یکریختی","draft_support_available_review_only","dari_independent_gate_required; tajik_independent_gate_required; pan_turkic_no_merge_without_own_gate; urdu_hindustani_separate_lane_no_persianate_merge","","تماثل","یکریختی","","","","یکریختی/تماثل","noncanonical_micro_translation_support_for_named_route_only","false","false","false","false","consume_linear_algebra_draft_support_review_only","consume_linear_algebra_draft_support_review_only","source_question_only_independent_dari_gate_required","source_question_only_independent_tajik_gate_required","separate_lane_review_only_no_persianate_merge","separate_lane_no_inheritance","consume_source_alignment_review_only","seed_status=review_seed_no_promotion | risk=Coordinate with AATA isomorphism row; map/vector-space context may change preferred wording. | dari_review=یکریختی / ایزومورفیزم | tajik_review=изоморфизм | urdu_review=یک ریختی / آئسومارفزم | central_asian_turkic_review=blocked_exact_source_required","leave_unpacked_in_durable_run_log; copy_to_route_sidecar=arabic; copy_to_row_group_sidecar=hefferon_first_slice_linear_algebra_seed; copy_to_support_or_blocker_sidecar; include_in_convenience_zip_archive; session_b_can_consume_unpacked","R3_MICRO_EVIDENCE_ARTIFACT_20260704T040935Z","20260704T041521Z"
"r3run:0077","r3micro:hefferon_seed:homomorphism_linear_map","hefferon_seed:homomorphism_linear_map","hefferon_first_slice_linear_algebra_seed","homomorphism_linear_map","homomorphism / linear map","arabic; persianate_tajik; pan_turkic; novel_blocked","arabic","arabic_rtl_lane; persianate_farsi_lane; urdu_hindustani_separate_lane; adjacent_linear_algebra_source_lane","HEFFERON_LINEAR_ALGEBRA_FIRST_SLICE_TERM_SEED_20260629T160120Z.json","C:\Users\memo_\Documents\Codex\2026-06-28\see-attached-you-do-prompt-a-3\outputs\HEFFERON_LINEAR_ALGEBRA_FIRST_SLICE_TERM_SEED_20260629T160120Z.json","src/map/map2.tex:@{source_file=src/map/map2.tex; local_path=sources/non_slavic_reference_corpus/20260629t155724z_hefferon_linear_algebra_source_first_intake/raw/src/map/map2.tex; line=4; snippet=\section{Homomorphisms}}","hefferon_source_aligned_review_seed","source-gated R3 row from HEFFERON_LINEAR_ALGEBRA_FIRST_SLICE_TERM_SEED_20260629T160120Z.json; primary owner arabic; downstream lane(s) arabic_rtl_lane; persianate_farsi_lane; urdu_hindustani_separate_lane; adjacent_linear_algebra_source_lane; evidence status hefferon_source_aligned_review_seed; draft support emitted only from consume-routed surface fields","draft_noncanonical_micro_translation_support","emit_review_only_micro_support","Arabic RTL draft support: تشاكل / تطبيق خطي || Persian/Farsi draft support: همریختی / نگاشت خطی","draft_support_available_review_only","dari_independent_gate_required; tajik_independent_gate_required; pan_turkic_no_merge_without_own_gate; urdu_hindustani_separate_lane_no_persianate_merge","","تشاكل / تطبيق خطي","همریختی / نگاشت خطی","","","","همریختی/تشاكل، نگاشت/تطبيق خطی","noncanonical_micro_translation_support_for_named_route_only","false","false","false","false","consume_linear_algebra_draft_support_review_only","consume_linear_algebra_draft_support_review_only","source_question_only_independent_dari_gate_required","source_question_only_independent_tajik_gate_required","separate_lane_review_only_no_persianate_merge","separate_lane_no_inheritance","consume_source_alignment_review_only","seed_status=review_seed_no_promotion | risk=Hefferon uses homomorphism and linear map together; align with AATA homomorphism without forcing a single term across all contexts. | dari_review=همریختی / نگاشت خطی | tajik_review=гомоморфизм / тасвири хаттӣ | urdu_review=ہم ریختی / خطی نگاشت | central_asian_turkic_review=blocked_exact_source_required","leave_unpacked_in_durable_run_log; copy_to_route_sidecar=arabic; copy_to_row_group_sidecar=hefferon_first_slice_linear_algebra_seed; copy_to_support_or_blocker_sidecar; include_in_convenience_zip_archive; session_b_can_consume_unpacked","R3_MICRO_EVIDENCE_ARTIFACT_20260704T040935Z","20260704T041521Z"
"r3run:0078","r3micro:hefferon_seed:kernel_linear_map","hefferon_seed:kernel_linear_map","hefferon_first_slice_linear_algebra_seed","kernel_linear_map","kernel of a linear map","arabic; persianate_tajik; pan_turkic; novel_blocked","arabic","arabic_rtl_lane; persianate_farsi_lane; urdu_hindustani_separate_lane; adjacent_linear_algebra_source_lane","HEFFERON_LINEAR_ALGEBRA_FIRST_SLICE_TERM_SEED_20260629T160120Z.json","C:\Users\memo_\Documents\Codex\2026-06-28\see-attached-you-do-prompt-a-3\outputs\HEFFERON_LINEAR_ALGEBRA_FIRST_SLICE_TERM_SEED_20260629T160120Z.json","src/map/map2.tex:@{source_file=src/map/map2.tex; local_path=sources/non_slavic_reference_corpus/20260629t155724z_hefferon_linear_algebra_source_first_intake/raw/src/map/map2.tex; line=1786; snippet=or \definend{kernel}\index{kernel, of linear map} of a linear map}","hefferon_source_aligned_review_seed","source-gated R3 row from HEFFERON_LINEAR_ALGEBRA_FIRST_SLICE_TERM_SEED_20260629T160120Z.json; primary owner arabic; downstream lane(s) arabic_rtl_lane; persianate_farsi_lane; urdu_hindustani_separate_lane; adjacent_linear_algebra_source_lane; evidence status hefferon_source_aligned_review_seed; draft support emitted only from consume-routed surface fields","draft_noncanonical_micro_translation_support","emit_review_only_micro_support","Arabic RTL draft support: نواة التطبيق الخطي || Persian/Farsi draft support: هستهٔ نگاشت خطی","draft_support_available_review_only","dari_independent_gate_required; tajik_independent_gate_required; pan_turkic_no_merge_without_own_gate; urdu_hindustani_separate_lane_no_persianate_merge","","نواة التطبيق الخطي","هستهٔ نگاشت خطی","","","","هسته/نواة نگاشت-تطبيق خطی","noncanonical_micro_translation_support_for_named_route_only","false","false","false","false","consume_linear_algebra_draft_support_review_only","consume_linear_algebra_draft_support_review_only","source_question_only_independent_dari_gate_required","source_question_only_independent_tajik_gate_required","separate_lane_review_only_no_persianate_merge","separate_lane_no_inheritance","consume_source_alignment_review_only","seed_status=review_seed_no_promotion | risk=Coordinate with AATA kernel row; computing/ordinary-core senses must not leak in. | dari_review=هستهٔ نگاشت خطی | tajik_review=ҳастаи тасвири хаттӣ | urdu_review=خطی نگاشت کا کرنل/مرکزہ | central_asian_turkic_review=blocked_exact_source_required","leave_unpacked_in_durable_run_log; copy_to_route_sidecar=arabic; copy_to_row_group_sidecar=hefferon_first_slice_linear_algebra_seed; copy_to_support_or_blocker_sidecar; include_in_convenience_zip_archive; session_b_can_consume_unpacked","R3_MICRO_EVIDENCE_ARTIFACT_20260704T040935Z","20260704T041521Z"
"r3run:0079","r3micro:arabic_msa_linear_system_microdraft:linear_algebra","arabic_msa_linear_system_microdraft:linear_algebra","arabic_msa_linear_system_microdraft","linear_algebra","linear algebra","arabic; persianate_tajik; novel_blocked","arabic","arabic_rtl_lane; adjacent_linear_algebra_source_lane","HEFFERON_LINEAR_SYSTEM_DEFINITION_ARABIC_MSA_MICRODRAFT_20260702T011438Z.json","C:\Users\memo_\Documents\Codex\2026-06-28\see-attached-you-do-prompt-a-3\outputs\HEFFERON_LINEAR_SYSTEM_DEFINITION_ARABIC_MSA_MICRODRAFT_20260702T011438Z.json","source_id=arwiki_linear_algebra_raw; microdraft_use=source note / lane label","source_backed_review_ready","source-gated R3 row from HEFFERON_LINEAR_SYSTEM_DEFINITION_ARABIC_MSA_MICRODRAFT_20260702T011438Z.json; primary owner arabic; downstream lane(s) arabic_rtl_lane; adjacent_linear_algebra_source_lane; evidence status source_backed_review_ready; draft support emitted only from consume-routed surface fields","draft_noncanonical_micro_translation_support","emit_review_only_micro_support","Arabic RTL draft support: جبر خطي / الجبر الخطي","draft_support_available_review_only","pan_turkic_no_merge_without_own_gate; urdu_hindustani_separate_lane_no_persianate_merge; persian_farsi_lane_open_or_not_consumable","","جبر خطي / الجبر الخطي","","","","","","noncanonical_micro_translation_support_for_named_route_only","false","false","false","false","consume_review_only_microdraft_support","do_not_consume_not_in_lane","do_not_consume_not_in_lane","do_not_consume_not_in_lane","separate_lane_no_inheritance","separate_lane_no_inheritance","consume_hefferon_linear_system_source_alignment","Arabic raw page is titled جبر خطي and article prose uses الجبر الخطي.","leave_unpacked_in_durable_run_log; copy_to_route_sidecar=arabic; copy_to_row_group_sidecar=arabic_msa_linear_system_microdraft; copy_to_support_or_blocker_sidecar; include_in_convenience_zip_archive; session_b_can_consume_unpacked","R3_MICRO_EVIDENCE_ARTIFACT_20260704T040935Z","20260704T041521Z"
"r3run:0080","r3micro:arabic_msa_linear_system_microdraft:linear_combination","arabic_msa_linear_system_microdraft:linear_combination","arabic_msa_linear_system_microdraft","linear_combination","linear combination","arabic; persianate_tajik; novel_blocked","arabic","arabic_rtl_lane; adjacent_linear_algebra_source_lane","HEFFERON_LINEAR_SYSTEM_DEFINITION_ARABIC_MSA_MICRODRAFT_20260702T011438Z.json","C:\Users\memo_\Documents\Codex\2026-06-28\see-attached-you-do-prompt-a-3\outputs\HEFFERON_LINEAR_SYSTEM_DEFINITION_ARABIC_MSA_MICRODRAFT_20260702T011438Z.json","source_id=arwiki_linear_combination_raw; microdraft_use=تركيبة خطية","source_backed_review_ready_with_title_body_variant","source-gated R3 row from HEFFERON_LINEAR_SYSTEM_DEFINITION_ARABIC_MSA_MICRODRAFT_20260702T011438Z.json; primary owner arabic; downstream lane(s) arabic_rtl_lane; adjacent_linear_algebra_source_lane; evidence status source_backed_review_ready_with_title_body_variant; draft support emitted only from consume-routed surface fields","draft_noncanonical_micro_translation_support","emit_review_only_micro_support","Arabic RTL draft support: تركيبة خطية / تركيب خطي","draft_support_available_review_only","pan_turkic_no_merge_without_own_gate; urdu_hindustani_separate_lane_no_persianate_merge; persian_farsi_lane_open_or_not_consumable","","تركيبة خطية / تركيب خطي","","","","","","noncanonical_micro_translation_support_for_named_route_only","false","false","false","false","consume_review_only_microdraft_support","do_not_consume_not_in_lane","do_not_consume_not_in_lane","do_not_consume_not_in_lane","separate_lane_no_inheritance","separate_lane_no_inheritance","consume_hefferon_linear_system_source_alignment","Page title is تركيب خطي; body uses تركيبة خطية. Draft uses body form and flags reviewer choice.","leave_unpacked_in_durable_run_log; copy_to_route_sidecar=arabic; copy_to_row_group_sidecar=arabic_msa_linear_system_microdraft; copy_to_support_or_blocker_sidecar; include_in_convenience_zip_archive; session_b_can_consume_unpacked","R3_MICRO_EVIDENCE_ARTIFACT_20260704T040935Z","20260704T041521Z"
"r3run:0081","r3micro:arabic_msa_linear_system_microdraft:linear_equation","arabic_msa_linear_system_microdraft:linear_equation","arabic_msa_linear_system_microdraft","linear_equation","linear equation","arabic; persianate_tajik; novel_blocked","arabic","arabic_rtl_lane; adjacent_linear_algebra_source_lane","HEFFERON_LINEAR_SYSTEM_DEFINITION_ARABIC_MSA_MICRODRAFT_20260702T011438Z.json","C:\Users\memo_\Documents\Codex\2026-06-28\see-attached-you-do-prompt-a-3\outputs\HEFFERON_LINEAR_SYSTEM_DEFINITION_ARABIC_MSA_MICRODRAFT_20260702T011438Z.json","source_id=arwiki_linear_equation_raw; microdraft_use=المعادلة الخطية","source_backed_review_ready","source-gated R3 row from HEFFERON_LINEAR_SYSTEM_DEFINITION_ARABIC_MSA_MICRODRAFT_20260702T011438Z.json; primary owner arabic; downstream lane(s) arabic_rtl_lane; adjacent_linear_algebra_source_lane; evidence status source_backed_review_ready; draft support emitted only from consume-routed surface fields","draft_noncanonical_micro_translation_support","emit_review_only_micro_support","Arabic RTL draft support: معادلة خطية / المعادلة الخطية","draft_support_available_review_only","pan_turkic_no_merge_without_own_gate; urdu_hindustani_separate_lane_no_persianate_merge; persian_farsi_lane_open_or_not_consumable","","معادلة خطية / المعادلة الخطية","","","","","","noncanonical_micro_translation_support_for_named_route_only","false","false","false","false","consume_review_only_microdraft_support","do_not_consume_not_in_lane","do_not_consume_not_in_lane","do_not_consume_not_in_lane","separate_lane_no_inheritance","separate_lane_no_inheritance","consume_hefferon_linear_system_source_alignment","Direct Arabic raw page exists.","leave_unpacked_in_durable_run_log; copy_to_route_sidecar=arabic; copy_to_row_group_sidecar=arabic_msa_linear_system_microdraft; copy_to_support_or_blocker_sidecar; include_in_convenience_zip_archive; session_b_can_consume_unpacked","R3_MICRO_EVIDENCE_ARTIFACT_20260704T040935Z","20260704T041521Z"
"r3run:0082","r3micro:arabic_msa_linear_system_microdraft:system_of_linear_equations","arabic_msa_linear_system_microdraft:system_of_linear_equations","arabic_msa_linear_system_microdraft","system_of_linear_equations","system of linear equations","arabic; persianate_tajik; novel_blocked","arabic","arabic_rtl_lane; adjacent_linear_algebra_source_lane","HEFFERON_LINEAR_SYSTEM_DEFINITION_ARABIC_MSA_MICRODRAFT_20260702T011438Z.json","C:\Users\memo_\Documents\Codex\2026-06-28\see-attached-you-do-prompt-a-3\outputs\HEFFERON_LINEAR_SYSTEM_DEFINITION_ARABIC_MSA_MICRODRAFT_20260702T011438Z.json","source_id=arwiki_linear_system_raw; microdraft_use=نظام المعادلات الخطية","source_backed_review_ready","source-gated R3 row from HEFFERON_LINEAR_SYSTEM_DEFINITION_ARABIC_MSA_MICRODRAFT_20260702T011438Z.json; primary owner arabic; downstream lane(s) arabic_rtl_lane; adjacent_linear_algebra_source_lane; evidence status source_backed_review_ready; draft support emitted only from consume-routed surface fields","draft_noncanonical_micro_translation_support","emit_review_only_micro_support","Arabic RTL draft support: نظام معادلات خطية / نظام المعادلات الخطية","draft_support_available_review_only","pan_turkic_no_merge_without_own_gate; urdu_hindustani_separate_lane_no_persianate_merge; persian_farsi_lane_open_or_not_consumable","","نظام معادلات خطية / نظام المعادلات الخطية","","","","","","noncanonical_micro_translation_support_for_named_route_only","false","false","false","false","consume_review_only_microdraft_support","do_not_consume_not_in_lane","do_not_consume_not_in_lane","do_not_consume_not_in_lane","separate_lane_no_inheritance","separate_lane_no_inheritance","consume_hefferon_linear_system_source_alignment","Direct Arabic raw page exists and uses solution/system context.","leave_unpacked_in_durable_run_log; copy_to_route_sidecar=arabic; copy_to_row_group_sidecar=arabic_msa_linear_system_microdraft; copy_to_support_or_blocker_sidecar; include_in_convenience_zip_archive; session_b_can_consume_unpacked","R3_MICRO_EVIDENCE_ARTIFACT_20260704T040935Z","20260704T041521Z"
"r3run:0083","r3micro:arabic_msa_linear_system_microdraft:solution_solve","arabic_msa_linear_system_microdraft:solution_solve","arabic_msa_linear_system_microdraft","solution_solve","solution / solve","arabic; persianate_tajik; novel_blocked","arabic","arabic_rtl_lane; adjacent_linear_algebra_source_lane","HEFFERON_LINEAR_SYSTEM_DEFINITION_ARABIC_MSA_MICRODRAFT_20260702T011438Z.json","C:\Users\memo_\Documents\Codex\2026-06-28\see-attached-you-do-prompt-a-3\outputs\HEFFERON_LINEAR_SYSTEM_DEFINITION_ARABIC_MSA_MICRODRAFT_20260702T011438Z.json","source_id=arwiki_linear_system_raw; arwiki_gaussian_elimination_raw; microdraft_use=حل","source_backed_review_ready","source-gated R3 row from HEFFERON_LINEAR_SYSTEM_DEFINITION_ARABIC_MSA_MICRODRAFT_20260702T011438Z.json; primary owner arabic; downstream lane(s) arabic_rtl_lane; adjacent_linear_algebra_source_lane; evidence status source_backed_review_ready; draft support emitted only from consume-routed surface fields","draft_noncanonical_micro_translation_support","emit_review_only_micro_support","Arabic RTL draft support: حل","draft_support_available_review_only","pan_turkic_no_merge_without_own_gate; urdu_hindustani_separate_lane_no_persianate_merge; persian_farsi_lane_open_or_not_consumable","","حل","","","","","","noncanonical_micro_translation_support_for_named_route_only","false","false","false","false","consume_review_only_microdraft_support","do_not_consume_not_in_lane","do_not_consume_not_in_lane","do_not_consume_not_in_lane","separate_lane_no_inheritance","separate_lane_no_inheritance","consume_hefferon_linear_system_source_alignment","Linear system and Gaussian-elimination pages both support solve/solution context.","leave_unpacked_in_durable_run_log; copy_to_route_sidecar=arabic; copy_to_row_group_sidecar=arabic_msa_linear_system_microdraft; copy_to_support_or_blocker_sidecar; include_in_convenience_zip_archive; session_b_can_consume_unpacked","R3_MICRO_EVIDENCE_ARTIFACT_20260704T040935Z","20260704T041521Z"
"r3run:0084","r3micro:arabic_msa_linear_system_microdraft:variable","arabic_msa_linear_system_microdraft:variable","arabic_msa_linear_system_microdraft","variable","variable","arabic; persianate_tajik; novel_blocked","arabic","arabic_rtl_lane; adjacent_linear_algebra_source_lane","HEFFERON_LINEAR_SYSTEM_DEFINITION_ARABIC_MSA_MICRODRAFT_20260702T011438Z.json","C:\Users\memo_\Documents\Codex\2026-06-28\see-attached-you-do-prompt-a-3\outputs\HEFFERON_LINEAR_SYSTEM_DEFINITION_ARABIC_MSA_MICRODRAFT_20260702T011438Z.json","source_id=arwiki_linear_equation_raw; arwiki_linear_system_raw; microdraft_use=متغيرات","source_backed_review_ready","source-gated R3 row from HEFFERON_LINEAR_SYSTEM_DEFINITION_ARABIC_MSA_MICRODRAFT_20260702T011438Z.json; primary owner arabic; downstream lane(s) arabic_rtl_lane; adjacent_linear_algebra_source_lane; evidence status source_backed_review_ready; draft support emitted only from consume-routed surface fields","draft_noncanonical_micro_translation_support","emit_review_only_micro_support","Arabic RTL draft support: متغير","draft_support_available_review_only","pan_turkic_no_merge_without_own_gate; urdu_hindustani_separate_lane_no_persianate_merge; persian_farsi_lane_open_or_not_consumable","","متغير","","","","","","noncanonical_micro_translation_support_for_named_route_only","false","false","false","false","consume_review_only_microdraft_support","do_not_consume_not_in_lane","do_not_consume_not_in_lane","do_not_consume_not_in_lane","separate_lane_no_inheritance","separate_lane_no_inheritance","consume_hefferon_linear_system_source_alignment","Used in the linear equation and system source pages.","leave_unpacked_in_durable_run_log; copy_to_route_sidecar=arabic; copy_to_row_group_sidecar=arabic_msa_linear_system_microdraft; copy_to_support_or_blocker_sidecar; include_in_convenience_zip_archive; session_b_can_consume_unpacked","R3_MICRO_EVIDENCE_ARTIFACT_20260704T040935Z","20260704T041521Z"
"r3run:0085","r3micro:arabic_msa_linear_system_microdraft:coefficient","arabic_msa_linear_system_microdraft:coefficient","arabic_msa_linear_system_microdraft","coefficient","coefficient","arabic; persianate_tajik; novel_blocked","arabic","arabic_rtl_lane; adjacent_linear_algebra_source_lane","HEFFERON_LINEAR_SYSTEM_DEFINITION_ARABIC_MSA_MICRODRAFT_20260702T011438Z.json","C:\Users\memo_\Documents\Codex\2026-06-28\see-attached-you-do-prompt-a-3\outputs\HEFFERON_LINEAR_SYSTEM_DEFINITION_ARABIC_MSA_MICRODRAFT_20260702T011438Z.json","source_id=arwiki_coefficient_raw; arwiki_linear_equation_raw; microdraft_use=معاملات","source_backed_review_ready","source-gated R3 row from HEFFERON_LINEAR_SYSTEM_DEFINITION_ARABIC_MSA_MICRODRAFT_20260702T011438Z.json; primary owner arabic; downstream lane(s) arabic_rtl_lane; adjacent_linear_algebra_source_lane; evidence status source_backed_review_ready; draft support emitted only from consume-routed surface fields","draft_noncanonical_micro_translation_support","emit_review_only_micro_support","Arabic RTL draft support: معامل","draft_support_available_review_only","pan_turkic_no_merge_without_own_gate; urdu_hindustani_separate_lane_no_persianate_merge; persian_farsi_lane_open_or_not_consumable","","معامل","","","","","","noncanonical_micro_translation_support_for_named_route_only","false","false","false","false","consume_review_only_microdraft_support","do_not_consume_not_in_lane","do_not_consume_not_in_lane","do_not_consume_not_in_lane","separate_lane_no_inheritance","separate_lane_no_inheritance","consume_hefferon_linear_system_source_alignment","Dedicated Arabic coefficient page exists; source body may include vocalization.","leave_unpacked_in_durable_run_log; copy_to_route_sidecar=arabic; copy_to_row_group_sidecar=arabic_msa_linear_system_microdraft; copy_to_support_or_blocker_sidecar; include_in_convenience_zip_archive; session_b_can_consume_unpacked","R3_MICRO_EVIDENCE_ARTIFACT_20260704T040935Z","20260704T041521Z"
"r3run:0086","r3micro:arabic_msa_linear_system_microdraft:constant","arabic_msa_linear_system_microdraft:constant","arabic_msa_linear_system_microdraft","constant","constant","arabic; persianate_tajik; novel_blocked","arabic","arabic_rtl_lane; adjacent_linear_algebra_source_lane","HEFFERON_LINEAR_SYSTEM_DEFINITION_ARABIC_MSA_MICRODRAFT_20260702T011438Z.json","C:\Users\memo_\Documents\Codex\2026-06-28\see-attached-you-do-prompt-a-3\outputs\HEFFERON_LINEAR_SYSTEM_DEFINITION_ARABIC_MSA_MICRODRAFT_20260702T011438Z.json","source_id=arwiki_mathematical_constant_raw; arwiki_linear_equation_raw; microdraft_use=ثابت","source_backed_but_context_gate","source-gated R3 row from HEFFERON_LINEAR_SYSTEM_DEFINITION_ARABIC_MSA_MICRODRAFT_20260702T011438Z.json; primary owner arabic; downstream lane(s) arabic_rtl_lane; adjacent_linear_algebra_source_lane; evidence status source_backed_but_context_gate; draft support emitted only from consume-routed surface fields","draft_noncanonical_micro_translation_support","emit_review_only_micro_support","Arabic RTL draft support: ثابت","draft_support_available_review_only","pan_turkic_no_merge_without_own_gate; urdu_hindustani_separate_lane_no_persianate_merge; persian_farsi_lane_open_or_not_consumable","","ثابت","","","","","","noncanonical_micro_translation_support_for_named_route_only","false","false","false","false","consume_review_only_microdraft_support","do_not_consume_not_in_lane","do_not_consume_not_in_lane","do_not_consume_not_in_lane","separate_lane_no_inheritance","separate_lane_no_inheritance","consume_hefferon_linear_system_source_alignment","Linear-equation source uses number-constant context; mathematical-constant page gives broader term evidence.","leave_unpacked_in_durable_run_log; copy_to_route_sidecar=arabic; copy_to_row_group_sidecar=arabic_msa_linear_system_microdraft; copy_to_support_or_blocker_sidecar; include_in_convenience_zip_archive; session_b_can_consume_unpacked","R3_MICRO_EVIDENCE_ARTIFACT_20260704T040935Z","20260704T041521Z"
"r3run:0087","r3micro:arabic_msa_linear_system_microdraft:matrix","arabic_msa_linear_system_microdraft:matrix","arabic_msa_linear_system_microdraft","matrix","matrix","arabic; persianate_tajik; novel_blocked","arabic","arabic_rtl_lane; adjacent_linear_algebra_source_lane","HEFFERON_LINEAR_SYSTEM_DEFINITION_ARABIC_MSA_MICRODRAFT_20260702T011438Z.json","C:\Users\memo_\Documents\Codex\2026-06-28\see-attached-you-do-prompt-a-3\outputs\HEFFERON_LINEAR_SYSTEM_DEFINITION_ARABIC_MSA_MICRODRAFT_20260702T011438Z.json","source_id=arwiki_matrix_math_raw; arwiki_linear_algebra_raw; microdraft_use=not used","source_backed_review_ready","source-gated R3 row from HEFFERON_LINEAR_SYSTEM_DEFINITION_ARABIC_MSA_MICRODRAFT_20260702T011438Z.json; primary owner arabic; downstream lane(s) arabic_rtl_lane; adjacent_linear_algebra_source_lane; evidence status source_backed_review_ready; draft support emitted only from consume-routed surface fields","draft_noncanonical_micro_translation_support","emit_review_only_micro_support","Arabic RTL draft support: مصفوفة","draft_support_available_review_only","pan_turkic_no_merge_without_own_gate; urdu_hindustani_separate_lane_no_persianate_merge; persian_farsi_lane_open_or_not_consumable","","مصفوفة","","","","","","noncanonical_micro_translation_support_for_named_route_only","false","false","false","false","consume_review_only_microdraft_support","do_not_consume_not_in_lane","do_not_consume_not_in_lane","do_not_consume_not_in_lane","separate_lane_no_inheritance","separate_lane_no_inheritance","consume_hefferon_linear_system_source_alignment","Bare مصفوفة redirects/disambiguates; this packet uses مصفوفة (رياضيات).","leave_unpacked_in_durable_run_log; copy_to_route_sidecar=arabic; copy_to_row_group_sidecar=arabic_msa_linear_system_microdraft; copy_to_support_or_blocker_sidecar; include_in_convenience_zip_archive; session_b_can_consume_unpacked","R3_MICRO_EVIDENCE_ARTIFACT_20260704T040935Z","20260704T041521Z"
"r3run:0088","r3micro:arabic_msa_linear_system_microdraft:vector","arabic_msa_linear_system_microdraft:vector","arabic_msa_linear_system_microdraft","vector","vector","arabic; persianate_tajik; novel_blocked","arabic","arabic_rtl_lane; adjacent_linear_algebra_source_lane","HEFFERON_LINEAR_SYSTEM_DEFINITION_ARABIC_MSA_MICRODRAFT_20260702T011438Z.json","C:\Users\memo_\Documents\Codex\2026-06-28\see-attached-you-do-prompt-a-3\outputs\HEFFERON_LINEAR_SYSTEM_DEFINITION_ARABIC_MSA_MICRODRAFT_20260702T011438Z.json","source_id=arwiki_vector_raw; arwiki_linear_algebra_raw; microdraft_use=not used","source_backed_review_ready","source-gated R3 row from HEFFERON_LINEAR_SYSTEM_DEFINITION_ARABIC_MSA_MICRODRAFT_20260702T011438Z.json; primary owner arabic; downstream lane(s) arabic_rtl_lane; adjacent_linear_algebra_source_lane; evidence status source_backed_review_ready; draft support emitted only from consume-routed surface fields","draft_noncanonical_micro_translation_support","emit_review_only_micro_support","Arabic RTL draft support: متجه","draft_support_available_review_only","pan_turkic_no_merge_without_own_gate; urdu_hindustani_separate_lane_no_persianate_merge; persian_farsi_lane_open_or_not_consumable","","متجه","","","","","","noncanonical_micro_translation_support_for_named_route_only","false","false","false","false","consume_review_only_microdraft_support","do_not_consume_not_in_lane","do_not_consume_not_in_lane","do_not_consume_not_in_lane","separate_lane_no_inheritance","separate_lane_no_inheritance","consume_hefferon_linear_system_source_alignment","Recorded for vector-space expansion.","leave_unpacked_in_durable_run_log; copy_to_route_sidecar=arabic; copy_to_row_group_sidecar=arabic_msa_linear_system_microdraft; copy_to_support_or_blocker_sidecar; include_in_convenience_zip_archive; session_b_can_consume_unpacked","R3_MICRO_EVIDENCE_ARTIFACT_20260704T040935Z","20260704T041521Z"
"r3run:0089","r3micro:arabic_msa_linear_system_microdraft:vector_space","arabic_msa_linear_system_microdraft:vector_space","arabic_msa_linear_system_microdraft","vector_space","vector space","arabic; persianate_tajik; novel_blocked","arabic","arabic_rtl_lane; adjacent_linear_algebra_source_lane","HEFFERON_LINEAR_SYSTEM_DEFINITION_ARABIC_MSA_MICRODRAFT_20260702T011438Z.json","C:\Users\memo_\Documents\Codex\2026-06-28\see-attached-you-do-prompt-a-3\outputs\HEFFERON_LINEAR_SYSTEM_DEFINITION_ARABIC_MSA_MICRODRAFT_20260702T011438Z.json","source_id=arwiki_vector_space_raw; microdraft_use=open next slice","source_backed_review_ready","source-gated R3 row from HEFFERON_LINEAR_SYSTEM_DEFINITION_ARABIC_MSA_MICRODRAFT_20260702T011438Z.json; primary owner arabic; downstream lane(s) arabic_rtl_lane; adjacent_linear_algebra_source_lane; evidence status source_backed_review_ready; draft support emitted only from consume-routed surface fields","draft_noncanonical_micro_translation_support","emit_review_only_micro_support","Arabic RTL draft support: فضاء متجهي","draft_support_available_review_only","pan_turkic_no_merge_without_own_gate; urdu_hindustani_separate_lane_no_persianate_merge; persian_farsi_lane_open_or_not_consumable","","فضاء متجهي","","","","","","noncanonical_micro_translation_support_for_named_route_only","false","false","false","false","consume_review_only_microdraft_support","do_not_consume_not_in_lane","do_not_consume_not_in_lane","do_not_consume_not_in_lane","separate_lane_no_inheritance","separate_lane_no_inheritance","consume_hefferon_linear_system_source_alignment","Not used in this body except as an open-gate note.","leave_unpacked_in_durable_run_log; copy_to_route_sidecar=arabic; copy_to_row_group_sidecar=arabic_msa_linear_system_microdraft; copy_to_support_or_blocker_sidecar; include_in_convenience_zip_archive; session_b_can_consume_unpacked","R3_MICRO_EVIDENCE_ARTIFACT_20260704T040935Z","20260704T041521Z"
"r3run:0090","r3micro:arabic_msa_linear_system_microdraft:gaussian_elimination","arabic_msa_linear_system_microdraft:gaussian_elimination","arabic_msa_linear_system_microdraft","gaussian_elimination","Gaussian elimination","arabic; persianate_tajik; novel_blocked","arabic","arabic_rtl_lane; adjacent_linear_algebra_source_lane","HEFFERON_LINEAR_SYSTEM_DEFINITION_ARABIC_MSA_MICRODRAFT_20260702T011438Z.json","C:\Users\memo_\Documents\Codex\2026-06-28\see-attached-you-do-prompt-a-3\outputs\HEFFERON_LINEAR_SYSTEM_DEFINITION_ARABIC_MSA_MICRODRAFT_20260702T011438Z.json","source_id=arwiki_gaussian_elimination_raw; microdraft_use=not used","source_backed_future_gate_not_used_as_base","source-gated R3 row from HEFFERON_LINEAR_SYSTEM_DEFINITION_ARABIC_MSA_MICRODRAFT_20260702T011438Z.json; primary owner arabic; downstream lane(s) arabic_rtl_lane; adjacent_linear_algebra_source_lane; evidence status source_backed_future_gate_not_used_as_base; draft support emitted only from consume-routed surface fields","draft_noncanonical_micro_translation_support","emit_review_only_micro_support","Arabic RTL draft support: حذف غاوسي / الحذف الغاوسي","draft_support_available_review_only","pan_turkic_no_merge_without_own_gate; urdu_hindustani_separate_lane_no_persianate_merge; persian_farsi_lane_open_or_not_consumable","","حذف غاوسي / الحذف الغاوسي","","","","","","noncanonical_micro_translation_support_for_named_route_only","false","false","false","false","consume_review_only_microdraft_support","do_not_consume_not_in_lane","do_not_consume_not_in_lane","do_not_consume_not_in_lane","separate_lane_no_inheritance","separate_lane_no_inheritance","consume_hefferon_linear_system_source_alignment","Recorded for next Arabic row-reduction microdraft.","leave_unpacked_in_durable_run_log; copy_to_route_sidecar=arabic; copy_to_row_group_sidecar=arabic_msa_linear_system_microdraft; copy_to_support_or_blocker_sidecar; include_in_convenience_zip_archive; session_b_can_consume_unpacked","R3_MICRO_EVIDENCE_ARTIFACT_20260704T040935Z","20260704T041521Z"
"r3run:0091","r3micro:arabic_msa_linear_system_microdraft:row_echelon_form","arabic_msa_linear_system_microdraft:row_echelon_form","arabic_msa_linear_system_microdraft","row_echelon_form","row echelon form","arabic; persianate_tajik; novel_blocked","arabic","arabic_rtl_lane; adjacent_linear_algebra_source_lane","HEFFERON_LINEAR_SYSTEM_DEFINITION_ARABIC_MSA_MICRODRAFT_20260702T011438Z.json","C:\Users\memo_\Documents\Codex\2026-06-28\see-attached-you-do-prompt-a-3\outputs\HEFFERON_LINEAR_SYSTEM_DEFINITION_ARABIC_MSA_MICRODRAFT_20260702T011438Z.json","source_id=arabic_review_needed; microdraft_use=not used","open_gate_not_promoted","source-gated R3 row from HEFFERON_LINEAR_SYSTEM_DEFINITION_ARABIC_MSA_MICRODRAFT_20260702T011438Z.json; primary owner arabic; downstream lane(s) arabic_rtl_lane; adjacent_linear_algebra_source_lane; evidence status open_gate_not_promoted; draft support emitted only from consume-routed surface fields","draft_noncanonical_micro_translation_support","emit_review_only_micro_support","Arabic RTL draft support: OPEN","draft_support_available_review_only","source_gap_or_open_direct_evidence; pan_turkic_no_merge_without_own_gate; urdu_hindustani_separate_lane_no_persianate_merge; persian_farsi_lane_open_or_not_consumable","","OPEN","","","","","","noncanonical_micro_translation_support_for_named_route_only","false","false","false","false","consume_review_only_microdraft_support","do_not_consume_not_in_lane","do_not_consume_not_in_lane","do_not_consume_not_in_lane","separate_lane_no_inheritance","separate_lane_no_inheritance","consume_hefferon_linear_system_source_alignment","Direct Arabic row-echelon page probes failed; do not invent a surface.","leave_unpacked_in_durable_run_log; copy_to_route_sidecar=arabic; copy_to_row_group_sidecar=arabic_msa_linear_system_microdraft; copy_to_support_or_blocker_sidecar; include_in_convenience_zip_archive; session_b_can_consume_unpacked","R3_MICRO_EVIDENCE_ARTIFACT_20260704T040935Z","20260704T041521Z"
"r3run:0092","r3micro:arabic_msa_linear_system_microdraft:n_tuple","arabic_msa_linear_system_microdraft:n_tuple","arabic_msa_linear_system_microdraft","n_tuple","n-tuple","arabic; persianate_tajik; novel_blocked","arabic","arabic_rtl_lane; adjacent_linear_algebra_source_lane","HEFFERON_LINEAR_SYSTEM_DEFINITION_ARABIC_MSA_MICRODRAFT_20260702T011438Z.json","C:\Users\memo_\Documents\Codex\2026-06-28\see-attached-you-do-prompt-a-3\outputs\HEFFERON_LINEAR_SYSTEM_DEFINITION_ARABIC_MSA_MICRODRAFT_20260702T011438Z.json","source_id=hefferon_gr1_latex_source; arabic_review_needed; microdraft_use=paraphrased as قائمة مرتبة","open_gate_not_promoted","source-gated R3 row from HEFFERON_LINEAR_SYSTEM_DEFINITION_ARABIC_MSA_MICRODRAFT_20260702T011438Z.json; primary owner arabic; downstream lane(s) arabic_rtl_lane; adjacent_linear_algebra_source_lane; evidence status open_gate_not_promoted; draft support emitted only from consume-routed surface fields","draft_noncanonical_micro_translation_support","emit_review_only_micro_support","Arabic RTL draft support: OPEN","draft_support_available_review_only","source_gap_or_open_direct_evidence; pan_turkic_no_merge_without_own_gate; urdu_hindustani_separate_lane_no_persianate_merge; persian_farsi_lane_open_or_not_consumable","","OPEN","","","","","","noncanonical_micro_translation_support_for_named_route_only","false","false","false","false","consume_review_only_microdraft_support","do_not_consume_not_in_lane","do_not_consume_not_in_lane","do_not_consume_not_in_lane","separate_lane_no_inheritance","separate_lane_no_inheritance","consume_hefferon_linear_system_source_alignment","Paraphrased in body; no Arabic term promoted.","leave_unpacked_in_durable_run_log; copy_to_route_sidecar=arabic; copy_to_row_group_sidecar=arabic_msa_linear_system_microdraft; copy_to_support_or_blocker_sidecar; include_in_convenience_zip_archive; session_b_can_consume_unpacked","R3_MICRO_EVIDENCE_ARTIFACT_20260704T040935Z","20260704T041521Z"
"r3run:0093","r3micro:arabic_msa_vector_space_microdraft:vector_space","arabic_msa_vector_space_microdraft:vector_space","arabic_msa_vector_space_microdraft","vector_space","vector space","arabic; persianate_tajik; novel_blocked","arabic","arabic_rtl_lane; adjacent_linear_algebra_source_lane","HEFFERON_VECTOR_SPACE_DEFINITION_ARABIC_MSA_MICRODRAFT_20260702T081500Z.json","C:\Users\memo_\Documents\Codex\2026-06-28\see-attached-you-do-prompt-a-3\outputs\HEFFERON_VECTOR_SPACE_DEFINITION_ARABIC_MSA_MICRODRAFT_20260702T081500Z.json","source_id=arwiki_vector_space_raw; arwiki_linear_algebra_raw; microdraft_use=الفضاء المتجهي","source_backed_review_ready_with_variants","source-gated R3 row from HEFFERON_VECTOR_SPACE_DEFINITION_ARABIC_MSA_MICRODRAFT_20260702T081500Z.json; primary owner arabic; downstream lane(s) arabic_rtl_lane; adjacent_linear_algebra_source_lane; evidence status source_backed_review_ready_with_variants; draft support emitted only from consume-routed surface fields","draft_noncanonical_micro_translation_support","emit_review_only_micro_support","Arabic RTL draft support: الفضاء المتجهي / الفضاء الاتجاهي / الفضاء الشعاعي","draft_support_available_review_only","pan_turkic_no_merge_without_own_gate; urdu_hindustani_separate_lane_no_persianate_merge; persian_farsi_lane_open_or_not_consumable","","الفضاء المتجهي / الفضاء الاتجاهي / الفضاء الشعاعي","","","","","","noncanonical_micro_translation_support_for_named_route_only","false","false","false","false","consume_review_only_microdraft_support","do_not_consume_not_in_lane","do_not_consume_not_in_lane","do_not_consume_not_in_lane","separate_lane_no_inheritance","separate_lane_no_inheritance","consume_hefferon_vector_space_source_alignment","Vector-space page lists three surfaces; body chooses الفضاء المتجهي pending review.","leave_unpacked_in_durable_run_log; copy_to_route_sidecar=arabic; copy_to_row_group_sidecar=arabic_msa_vector_space_microdraft; copy_to_support_or_blocker_sidecar; include_in_convenience_zip_archive; session_b_can_consume_unpacked","R3_MICRO_EVIDENCE_ARTIFACT_20260704T040935Z","20260704T041521Z"
"r3run:0094","r3micro:arabic_msa_vector_space_microdraft:vector","arabic_msa_vector_space_microdraft:vector","arabic_msa_vector_space_microdraft","vector","vector","arabic; persianate_tajik; novel_blocked","arabic","arabic_rtl_lane; adjacent_linear_algebra_source_lane","HEFFERON_VECTOR_SPACE_DEFINITION_ARABIC_MSA_MICRODRAFT_20260702T081500Z.json","C:\Users\memo_\Documents\Codex\2026-06-28\see-attached-you-do-prompt-a-3\outputs\HEFFERON_VECTOR_SPACE_DEFINITION_ARABIC_MSA_MICRODRAFT_20260702T081500Z.json","source_id=arwiki_vector_raw; arwiki_vector_space_raw; microdraft_use=متجه","source_backed_review_ready_with_variants","source-gated R3 row from HEFFERON_VECTOR_SPACE_DEFINITION_ARABIC_MSA_MICRODRAFT_20260702T081500Z.json; primary owner arabic; downstream lane(s) arabic_rtl_lane; adjacent_linear_algebra_source_lane; evidence status source_backed_review_ready_with_variants; draft support emitted only from consume-routed surface fields","draft_noncanonical_micro_translation_support","emit_review_only_micro_support","Arabic RTL draft support: متجه / متجهة / شعاع","draft_support_available_review_only","pan_turkic_no_merge_without_own_gate; urdu_hindustani_separate_lane_no_persianate_merge; persian_farsi_lane_open_or_not_consumable","","متجه / متجهة / شعاع","","","","","","noncanonical_micro_translation_support_for_named_route_only","false","false","false","false","consume_review_only_microdraft_support","do_not_consume_not_in_lane","do_not_consume_not_in_lane","do_not_consume_not_in_lane","separate_lane_no_inheritance","separate_lane_no_inheritance","consume_hefferon_vector_space_source_alignment","The vector page records several variants; body uses متجه.","leave_unpacked_in_durable_run_log; copy_to_route_sidecar=arabic; copy_to_row_group_sidecar=arabic_msa_vector_space_microdraft; copy_to_support_or_blocker_sidecar; include_in_convenience_zip_archive; session_b_can_consume_unpacked","R3_MICRO_EVIDENCE_ARTIFACT_20260704T040935Z","20260704T041521Z"
"r3run:0095","r3micro:arabic_msa_vector_space_microdraft:vector_addition","arabic_msa_vector_space_microdraft:vector_addition","arabic_msa_vector_space_microdraft","vector_addition","vector addition","arabic; persianate_tajik; novel_blocked","arabic","arabic_rtl_lane; adjacent_linear_algebra_source_lane","HEFFERON_VECTOR_SPACE_DEFINITION_ARABIC_MSA_MICRODRAFT_20260702T081500Z.json","C:\Users\memo_\Documents\Codex\2026-06-28\see-attached-you-do-prompt-a-3\outputs\HEFFERON_VECTOR_SPACE_DEFINITION_ARABIC_MSA_MICRODRAFT_20260702T081500Z.json","source_id=arwiki_vector_space_raw; microdraft_use=جمع المتجهات","source_backed_review_ready","source-gated R3 row from HEFFERON_VECTOR_SPACE_DEFINITION_ARABIC_MSA_MICRODRAFT_20260702T081500Z.json; primary owner arabic; downstream lane(s) arabic_rtl_lane; adjacent_linear_algebra_source_lane; evidence status source_backed_review_ready; draft support emitted only from consume-routed surface fields","draft_noncanonical_micro_translation_support","emit_review_only_micro_support","Arabic RTL draft support: جمع المتجهات","draft_support_available_review_only","pan_turkic_no_merge_without_own_gate; urdu_hindustani_separate_lane_no_persianate_merge; persian_farsi_lane_open_or_not_consumable","","جمع المتجهات","","","","","","noncanonical_micro_translation_support_for_named_route_only","false","false","false","false","consume_review_only_microdraft_support","do_not_consume_not_in_lane","do_not_consume_not_in_lane","do_not_consume_not_in_lane","separate_lane_no_inheritance","separate_lane_no_inheritance","consume_hefferon_vector_space_source_alignment","Used in vector-space page caption/source wording.","leave_unpacked_in_durable_run_log; copy_to_route_sidecar=arabic; copy_to_row_group_sidecar=arabic_msa_vector_space_microdraft; copy_to_support_or_blocker_sidecar; include_in_convenience_zip_archive; session_b_can_consume_unpacked","R3_MICRO_EVIDENCE_ARTIFACT_20260704T040935Z","20260704T041521Z"
"r3run:0096","r3micro:arabic_msa_vector_space_microdraft:scalar_quantity","arabic_msa_vector_space_microdraft:scalar_quantity","arabic_msa_vector_space_microdraft","scalar_quantity","scalar","arabic; persianate_tajik; novel_blocked","arabic","arabic_rtl_lane; adjacent_linear_algebra_source_lane","HEFFERON_VECTOR_SPACE_DEFINITION_ARABIC_MSA_MICRODRAFT_20260702T081500Z.json","C:\Users\memo_\Documents\Codex\2026-06-28\see-attached-you-do-prompt-a-3\outputs\HEFFERON_VECTOR_SPACE_DEFINITION_ARABIC_MSA_MICRODRAFT_20260702T081500Z.json","source_id=arwiki_vector_space_raw; arwiki_dot_product_false_friend_raw; microdraft_use=كمية قياسية","source_backed_context_review_ready","source-gated R3 row from HEFFERON_VECTOR_SPACE_DEFINITION_ARABIC_MSA_MICRODRAFT_20260702T081500Z.json; primary owner arabic; downstream lane(s) arabic_rtl_lane; adjacent_linear_algebra_source_lane; evidence status source_backed_context_review_ready; draft support emitted only from consume-routed surface fields","draft_noncanonical_micro_translation_support","emit_review_only_micro_support","Arabic RTL draft support: كمية قياسية","draft_support_available_review_only","pan_turkic_no_merge_without_own_gate; urdu_hindustani_separate_lane_no_persianate_merge; persian_farsi_lane_open_or_not_consumable","","كمية قياسية","","","","","","noncanonical_micro_translation_support_for_named_route_only","false","false","false","false","consume_review_only_microdraft_support","do_not_consume_not_in_lane","do_not_consume_not_in_lane","do_not_consume_not_in_lane","separate_lane_no_inheritance","separate_lane_no_inheritance","consume_hefferon_vector_space_source_alignment","Used cautiously; scalar-quantity redirect is recorded but not used alone for promotion.","leave_unpacked_in_durable_run_log; copy_to_route_sidecar=arabic; copy_to_row_group_sidecar=arabic_msa_vector_space_microdraft; copy_to_support_or_blocker_sidecar; include_in_convenience_zip_archive; session_b_can_consume_unpacked","R3_MICRO_EVIDENCE_ARTIFACT_20260704T040935Z","20260704T041521Z"
"r3run:0097","r3micro:arabic_msa_vector_space_microdraft:scalar_multiplication","arabic_msa_vector_space_microdraft:scalar_multiplication","arabic_msa_vector_space_microdraft","scalar_multiplication","scalar multiplication","arabic; persianate_tajik; novel_blocked","arabic","arabic_rtl_lane; adjacent_linear_algebra_source_lane","HEFFERON_VECTOR_SPACE_DEFINITION_ARABIC_MSA_MICRODRAFT_20260702T081500Z.json","C:\Users\memo_\Documents\Codex\2026-06-28\see-attached-you-do-prompt-a-3\outputs\HEFFERON_VECTOR_SPACE_DEFINITION_ARABIC_MSA_MICRODRAFT_20260702T081500Z.json","source_id=arwiki_vector_space_raw; microdraft_use=الضرب في كمية قياسية","source_backed_review_ready_false_friend_guarded","source-gated R3 row from HEFFERON_VECTOR_SPACE_DEFINITION_ARABIC_MSA_MICRODRAFT_20260702T081500Z.json; primary owner arabic; downstream lane(s) arabic_rtl_lane; adjacent_linear_algebra_source_lane; evidence status source_backed_review_ready_false_friend_guarded; draft support emitted only from consume-routed surface fields","draft_noncanonical_micro_translation_support","emit_review_only_micro_support","Arabic RTL draft support: الضرب في كمية قياسية","draft_support_available_review_only","pan_turkic_no_merge_without_own_gate; urdu_hindustani_separate_lane_no_persianate_merge; persian_farsi_lane_open_or_not_consumable","","الضرب في كمية قياسية","","","","","","noncanonical_micro_translation_support_for_named_route_only","false","false","false","false","consume_review_only_microdraft_support","do_not_consume_not_in_lane","do_not_consume_not_in_lane","do_not_consume_not_in_lane","separate_lane_no_inheritance","separate_lane_no_inheritance","consume_hefferon_vector_space_source_alignment","Do not use الضرب القياسي here; Arabic dot-product page records that as dot/scalar product.","leave_unpacked_in_durable_run_log; copy_to_route_sidecar=arabic; copy_to_row_group_sidecar=arabic_msa_vector_space_microdraft; copy_to_support_or_blocker_sidecar; include_in_convenience_zip_archive; session_b_can_consume_unpacked","R3_MICRO_EVIDENCE_ARTIFACT_20260704T040935Z","20260704T041521Z"
"r3run:0098","r3micro:arabic_msa_vector_space_microdraft:zero_vector","arabic_msa_vector_space_microdraft:zero_vector","arabic_msa_vector_space_microdraft","zero_vector","zero vector / null vector","arabic; persianate_tajik; novel_blocked","arabic","arabic_rtl_lane; adjacent_linear_algebra_source_lane","HEFFERON_VECTOR_SPACE_DEFINITION_ARABIC_MSA_MICRODRAFT_20260702T081500Z.json","C:\Users\memo_\Documents\Codex\2026-06-28\see-attached-you-do-prompt-a-3\outputs\HEFFERON_VECTOR_SPACE_DEFINITION_ARABIC_MSA_MICRODRAFT_20260702T081500Z.json","source_id=arwiki_zero_vector_raw; microdraft_use=متجه صفري","source_backed_review_ready","source-gated R3 row from HEFFERON_VECTOR_SPACE_DEFINITION_ARABIC_MSA_MICRODRAFT_20260702T081500Z.json; primary owner arabic; downstream lane(s) arabic_rtl_lane; adjacent_linear_algebra_source_lane; evidence status source_backed_review_ready; draft support emitted only from consume-routed surface fields","draft_noncanonical_micro_translation_support","emit_review_only_micro_support","Arabic RTL draft support: متجه صفري / متجهة منعدمة","draft_support_available_review_only","pan_turkic_no_merge_without_own_gate; urdu_hindustani_separate_lane_no_persianate_merge; persian_farsi_lane_open_or_not_consumable","","متجه صفري / متجهة منعدمة","","","","","","noncanonical_micro_translation_support_for_named_route_only","false","false","false","false","consume_review_only_microdraft_support","do_not_consume_not_in_lane","do_not_consume_not_in_lane","do_not_consume_not_in_lane","separate_lane_no_inheritance","separate_lane_no_inheritance","consume_hefferon_vector_space_source_alignment","Dedicated Arabic raw page exists.","leave_unpacked_in_durable_run_log; copy_to_route_sidecar=arabic; copy_to_row_group_sidecar=arabic_msa_vector_space_microdraft; copy_to_support_or_blocker_sidecar; include_in_convenience_zip_archive; session_b_can_consume_unpacked","R3_MICRO_EVIDENCE_ARTIFACT_20260704T040935Z","20260704T041521Z"
"r3run:0099","r3micro:arabic_msa_vector_space_microdraft:additive_inverse","arabic_msa_vector_space_microdraft:additive_inverse","arabic_msa_vector_space_microdraft","additive_inverse","additive inverse","arabic; persianate_tajik; novel_blocked","arabic","arabic_rtl_lane; adjacent_linear_algebra_source_lane","HEFFERON_VECTOR_SPACE_DEFINITION_ARABIC_MSA_MICRODRAFT_20260702T081500Z.json","C:\Users\memo_\Documents\Codex\2026-06-28\see-attached-you-do-prompt-a-3\outputs\HEFFERON_VECTOR_SPACE_DEFINITION_ARABIC_MSA_MICRODRAFT_20260702T081500Z.json","source_id=arwiki_additive_inverse_raw; microdraft_use=معاكساً جمعياً","source_backed_general_algebra_review_needed_for_vector_axiom","source-gated R3 row from HEFFERON_VECTOR_SPACE_DEFINITION_ARABIC_MSA_MICRODRAFT_20260702T081500Z.json; primary owner arabic; downstream lane(s) arabic_rtl_lane; adjacent_linear_algebra_source_lane; evidence status source_backed_general_algebra_review_needed_for_vector_axiom; draft support emitted only from consume-routed surface fields","draft_noncanonical_micro_translation_support","emit_review_only_micro_support","Arabic RTL draft support: المعاكس الجمعي / النظير الجمعي / المقلوب الجمعي","draft_support_available_review_only","pan_turkic_no_merge_without_own_gate; urdu_hindustani_separate_lane_no_persianate_merge; persian_farsi_lane_open_or_not_consumable","","المعاكس الجمعي / النظير الجمعي / المقلوب الجمعي","","","","","","noncanonical_micro_translation_support_for_named_route_only","false","false","false","false","consume_review_only_microdraft_support","do_not_consume_not_in_lane","do_not_consume_not_in_lane","do_not_consume_not_in_lane","separate_lane_no_inheritance","separate_lane_no_inheritance","consume_hefferon_vector_space_source_alignment","General algebra support; vector-space prose still needs Arabic math review.","leave_unpacked_in_durable_run_log; copy_to_route_sidecar=arabic; copy_to_row_group_sidecar=arabic_msa_vector_space_microdraft; copy_to_support_or_blocker_sidecar; include_in_convenience_zip_archive; session_b_can_consume_unpacked","R3_MICRO_EVIDENCE_ARTIFACT_20260704T040935Z","20260704T041521Z"
"r3run:0100","r3micro:arabic_msa_vector_space_microdraft:identity_element","arabic_msa_vector_space_microdraft:identity_element","arabic_msa_vector_space_microdraft","identity_element","identity element","arabic; persianate_tajik; novel_blocked","arabic","arabic_rtl_lane; adjacent_linear_algebra_source_lane","HEFFERON_VECTOR_SPACE_DEFINITION_ARABIC_MSA_MICRODRAFT_20260702T081500Z.json","C:\Users\memo_\Documents\Codex\2026-06-28\see-attached-you-do-prompt-a-3\outputs\HEFFERON_VECTOR_SPACE_DEFINITION_ARABIC_MSA_MICRODRAFT_20260702T081500Z.json","source_id=arwiki_identity_element_raw; microdraft_use=not used directly","source_backed_general_algebra_context_only","source-gated R3 row from HEFFERON_VECTOR_SPACE_DEFINITION_ARABIC_MSA_MICRODRAFT_20260702T081500Z.json; primary owner arabic; downstream lane(s) arabic_rtl_lane; adjacent_linear_algebra_source_lane; evidence status source_backed_general_algebra_context_only; draft support emitted only from consume-routed surface fields","draft_noncanonical_micro_translation_support","emit_review_only_micro_support","Arabic RTL draft support: العنصر المحايد / المحايد الجمعي","draft_support_available_review_only","pan_turkic_no_merge_without_own_gate; urdu_hindustani_separate_lane_no_persianate_merge; persian_farsi_lane_open_or_not_consumable","","العنصر المحايد / المحايد الجمعي","","","","","","noncanonical_micro_translation_support_for_named_route_only","false","false","false","false","consume_review_only_microdraft_support","do_not_consume_not_in_lane","do_not_consume_not_in_lane","do_not_consume_not_in_lane","separate_lane_no_inheritance","separate_lane_no_inheritance","consume_hefferon_vector_space_source_alignment","Body uses zero-vector wording instead of promoting a separate identity-element phrase.","leave_unpacked_in_durable_run_log; copy_to_route_sidecar=arabic; copy_to_row_group_sidecar=arabic_msa_vector_space_microdraft; copy_to_support_or_blocker_sidecar; include_in_convenience_zip_archive; session_b_can_consume_unpacked","R3_MICRO_EVIDENCE_ARTIFACT_20260704T040935Z","20260704T041521Z"
"r3run:0101","r3micro:arabic_msa_vector_space_microdraft:commutative","arabic_msa_vector_space_microdraft:commutative","arabic_msa_vector_space_microdraft","commutative","commutative","arabic; persianate_tajik; novel_blocked","arabic","arabic_rtl_lane; adjacent_linear_algebra_source_lane","HEFFERON_VECTOR_SPACE_DEFINITION_ARABIC_MSA_MICRODRAFT_20260702T081500Z.json","C:\Users\memo_\Documents\Codex\2026-06-28\see-attached-you-do-prompt-a-3\outputs\HEFFERON_VECTOR_SPACE_DEFINITION_ARABIC_MSA_MICRODRAFT_20260702T081500Z.json","source_id=microdraft_register; microdraft_use=تبادلي","math_register_review_needed","source-gated R3 row from HEFFERON_VECTOR_SPACE_DEFINITION_ARABIC_MSA_MICRODRAFT_20260702T081500Z.json; primary owner arabic; downstream lane(s) arabic_rtl_lane; adjacent_linear_algebra_source_lane; evidence status math_register_review_needed; draft support emitted only from consume-routed surface fields","draft_noncanonical_micro_translation_support","emit_review_only_micro_support","Arabic RTL draft support: تبادلي","draft_support_available_review_only","pan_turkic_no_merge_without_own_gate; urdu_hindustani_separate_lane_no_persianate_merge; persian_farsi_lane_open_or_not_consumable","","تبادلي","","","","","","noncanonical_micro_translation_support_for_named_route_only","false","false","false","false","consume_review_only_microdraft_support","do_not_consume_not_in_lane","do_not_consume_not_in_lane","do_not_consume_not_in_lane","separate_lane_no_inheritance","separate_lane_no_inheritance","consume_hefferon_vector_space_source_alignment","Needs Arabic math reviewer for final textbook style.","leave_unpacked_in_durable_run_log; copy_to_route_sidecar=arabic; copy_to_row_group_sidecar=arabic_msa_vector_space_microdraft; copy_to_support_or_blocker_sidecar; include_in_convenience_zip_archive; session_b_can_consume_unpacked","R3_MICRO_EVIDENCE_ARTIFACT_20260704T040935Z","20260704T041521Z"
"r3run:0102","r3micro:arabic_msa_vector_space_microdraft:associative","arabic_msa_vector_space_microdraft:associative","arabic_msa_vector_space_microdraft","associative","associative","arabic; persianate_tajik; novel_blocked","arabic","arabic_rtl_lane; adjacent_linear_algebra_source_lane","HEFFERON_VECTOR_SPACE_DEFINITION_ARABIC_MSA_MICRODRAFT_20260702T081500Z.json","C:\Users\memo_\Documents\Codex\2026-06-28\see-attached-you-do-prompt-a-3\outputs\HEFFERON_VECTOR_SPACE_DEFINITION_ARABIC_MSA_MICRODRAFT_20260702T081500Z.json","source_id=microdraft_register; microdraft_use=تجميعي","math_register_review_needed","source-gated R3 row from HEFFERON_VECTOR_SPACE_DEFINITION_ARABIC_MSA_MICRODRAFT_20260702T081500Z.json; primary owner arabic; downstream lane(s) arabic_rtl_lane; adjacent_linear_algebra_source_lane; evidence status math_register_review_needed; draft support emitted only from consume-routed surface fields","draft_noncanonical_micro_translation_support","emit_review_only_micro_support","Arabic RTL draft support: تجميعي","draft_support_available_review_only","pan_turkic_no_merge_without_own_gate; urdu_hindustani_separate_lane_no_persianate_merge; persian_farsi_lane_open_or_not_consumable","","تجميعي","","","","","","noncanonical_micro_translation_support_for_named_route_only","false","false","false","false","consume_review_only_microdraft_support","do_not_consume_not_in_lane","do_not_consume_not_in_lane","do_not_consume_not_in_lane","separate_lane_no_inheritance","separate_lane_no_inheritance","consume_hefferon_vector_space_source_alignment","Needs Arabic math reviewer for final textbook style.","leave_unpacked_in_durable_run_log; copy_to_route_sidecar=arabic; copy_to_row_group_sidecar=arabic_msa_vector_space_microdraft; copy_to_support_or_blocker_sidecar; include_in_convenience_zip_archive; session_b_can_consume_unpacked","R3_MICRO_EVIDENCE_ARTIFACT_20260704T040935Z","20260704T041521Z"
"r3run:0103","r3micro:arabic_msa_vector_space_microdraft:distributive","arabic_msa_vector_space_microdraft:distributive","arabic_msa_vector_space_microdraft","distributive","distributive","arabic; persianate_tajik; novel_blocked","arabic","arabic_rtl_lane; adjacent_linear_algebra_source_lane","HEFFERON_VECTOR_SPACE_DEFINITION_ARABIC_MSA_MICRODRAFT_20260702T081500Z.json","C:\Users\memo_\Documents\Codex\2026-06-28\see-attached-you-do-prompt-a-3\outputs\HEFFERON_VECTOR_SPACE_DEFINITION_ARABIC_MSA_MICRODRAFT_20260702T081500Z.json","source_id=microdraft_register; microdraft_use=يتوزع","math_register_review_needed","source-gated R3 row from HEFFERON_VECTOR_SPACE_DEFINITION_ARABIC_MSA_MICRODRAFT_20260702T081500Z.json; primary owner arabic; downstream lane(s) arabic_rtl_lane; adjacent_linear_algebra_source_lane; evidence status math_register_review_needed; draft support emitted only from consume-routed surface fields","draft_noncanonical_micro_translation_support","emit_review_only_micro_support","Arabic RTL draft support: يتوزع","draft_support_available_review_only","pan_turkic_no_merge_without_own_gate; urdu_hindustani_separate_lane_no_persianate_merge; persian_farsi_lane_open_or_not_consumable","","يتوزع","","","","","","noncanonical_micro_translation_support_for_named_route_only","false","false","false","false","consume_review_only_microdraft_support","do_not_consume_not_in_lane","do_not_consume_not_in_lane","do_not_consume_not_in_lane","separate_lane_no_inheritance","separate_lane_no_inheritance","consume_hefferon_vector_space_source_alignment","Needs Arabic math reviewer for final textbook style.","leave_unpacked_in_durable_run_log; copy_to_route_sidecar=arabic; copy_to_row_group_sidecar=arabic_msa_vector_space_microdraft; copy_to_support_or_blocker_sidecar; include_in_convenience_zip_archive; session_b_can_consume_unpacked","R3_MICRO_EVIDENCE_ARTIFACT_20260704T040935Z","20260704T041521Z"
"r3run:0104","r3micro:arabic_msa_vector_space_microdraft:dot_product_false_friend","arabic_msa_vector_space_microdraft:dot_product_false_friend","arabic_msa_vector_space_microdraft","dot_product_false_friend","dot product / scalar product false friend","arabic; persianate_tajik; novel_blocked","arabic","arabic_rtl_lane; adjacent_linear_algebra_source_lane","HEFFERON_VECTOR_SPACE_DEFINITION_ARABIC_MSA_MICRODRAFT_20260702T081500Z.json","C:\Users\memo_\Documents\Codex\2026-06-28\see-attached-you-do-prompt-a-3\outputs\HEFFERON_VECTOR_SPACE_DEFINITION_ARABIC_MSA_MICRODRAFT_20260702T081500Z.json","source_id=arwiki_dot_product_false_friend_raw; microdraft_use=guardrail only","source_backed_guardrail","source-gated R3 row from HEFFERON_VECTOR_SPACE_DEFINITION_ARABIC_MSA_MICRODRAFT_20260702T081500Z.json; primary owner arabic; downstream lane(s) arabic_rtl_lane; adjacent_linear_algebra_source_lane; evidence status source_backed_guardrail; draft support emitted only from consume-routed surface fields","draft_noncanonical_micro_translation_support","emit_review_only_micro_support","Arabic RTL draft support: الجداء النقطي / الضرب القياسي / الجداء السلمي","draft_support_available_review_only","pan_turkic_no_merge_without_own_gate; urdu_hindustani_separate_lane_no_persianate_merge; persian_farsi_lane_open_or_not_consumable","","الجداء النقطي / الضرب القياسي / الجداء السلمي","","","","","","noncanonical_micro_translation_support_for_named_route_only","false","false","false","false","consume_review_only_microdraft_support","do_not_consume_not_in_lane","do_not_consume_not_in_lane","do_not_consume_not_in_lane","separate_lane_no_inheritance","separate_lane_no_inheritance","consume_hefferon_vector_space_source_alignment","Explicitly not used for Hefferon scalar multiplication.","leave_unpacked_in_durable_run_log; copy_to_route_sidecar=arabic; copy_to_row_group_sidecar=arabic_msa_vector_space_microdraft; copy_to_support_or_blocker_sidecar; include_in_convenience_zip_archive; session_b_can_consume_unpacked","R3_MICRO_EVIDENCE_ARTIFACT_20260704T040935Z","20260704T041521Z"
"r3run:0105","r3micro:arabic_msa_vector_space_microdraft:linear_algebra","arabic_msa_vector_space_microdraft:linear_algebra","arabic_msa_vector_space_microdraft","linear_algebra","linear algebra","arabic; persianate_tajik; novel_blocked","arabic","arabic_rtl_lane; adjacent_linear_algebra_source_lane","HEFFERON_VECTOR_SPACE_DEFINITION_ARABIC_MSA_MICRODRAFT_20260702T081500Z.json","C:\Users\memo_\Documents\Codex\2026-06-28\see-attached-you-do-prompt-a-3\outputs\HEFFERON_VECTOR_SPACE_DEFINITION_ARABIC_MSA_MICRODRAFT_20260702T081500Z.json","source_id=arwiki_linear_algebra_raw; microdraft_use=source note / lane label","source_backed_review_ready","source-gated R3 row from HEFFERON_VECTOR_SPACE_DEFINITION_ARABIC_MSA_MICRODRAFT_20260702T081500Z.json; primary owner arabic; downstream lane(s) arabic_rtl_lane; adjacent_linear_algebra_source_lane; evidence status source_backed_review_ready; draft support emitted only from consume-routed surface fields","draft_noncanonical_micro_translation_support","emit_review_only_micro_support","Arabic RTL draft support: الجبر الخطي","draft_support_available_review_only","pan_turkic_no_merge_without_own_gate; urdu_hindustani_separate_lane_no_persianate_merge; persian_farsi_lane_open_or_not_consumable","","الجبر الخطي","","","","","","noncanonical_micro_translation_support_for_named_route_only","false","false","false","false","consume_review_only_microdraft_support","do_not_consume_not_in_lane","do_not_consume_not_in_lane","do_not_consume_not_in_lane","separate_lane_no_inheritance","separate_lane_no_inheritance","consume_hefferon_vector_space_source_alignment","Arabic MSA lane label.","leave_unpacked_in_durable_run_log; copy_to_route_sidecar=arabic; copy_to_row_group_sidecar=arabic_msa_vector_space_microdraft; copy_to_support_or_blocker_sidecar; include_in_convenience_zip_archive; session_b_can_consume_unpacked","R3_MICRO_EVIDENCE_ARTIFACT_20260704T040935Z","20260704T041521Z"
"r3run:0106","r3micro:persian_farsi_linear_system_microdraft:linear_algebra","persian_farsi_linear_system_microdraft:linear_algebra","persian_farsi_linear_system_microdraft","linear_algebra","linear algebra","arabic; persianate_tajik; novel_blocked","persianate_tajik","persianate_farsi_lane; adjacent_linear_algebra_source_lane","HEFFERON_LINEAR_SYSTEM_DEFINITION_PERSIAN_FARSI_MICRODRAFT_20260702T010709Z.json","C:\Users\memo_\Documents\Codex\2026-06-28\see-attached-you-do-prompt-a-3\outputs\HEFFERON_LINEAR_SYSTEM_DEFINITION_PERSIAN_FARSI_MICRODRAFT_20260702T010709Z.json","source_id=fawiki_linear_algebra_raw; microdraft_use=source note / lane label","source_backed_review_ready","source-gated R3 row from HEFFERON_LINEAR_SYSTEM_DEFINITION_PERSIAN_FARSI_MICRODRAFT_20260702T010709Z.json; primary owner persianate_tajik; downstream lane(s) persianate_farsi_lane; adjacent_linear_algebra_source_lane; evidence status source_backed_review_ready; draft support emitted only from consume-routed surface fields","draft_noncanonical_micro_translation_support","emit_review_only_micro_support","Persian/Farsi draft support: جبر خطی","draft_support_available_review_only","dari_independent_gate_required; tajik_independent_gate_required; pan_turkic_no_merge_without_own_gate; urdu_hindustani_separate_lane_no_persianate_merge; arabic_lane_open_or_not_consumable","","","جبر خطی","","","","","noncanonical_micro_translation_support_for_named_route_only","false","false","false","false","do_not_consume_not_in_lane","consume_review_only_microdraft_support","source_question_only_do_not_inherit_farsi","source_question_only_do_not_inherit_farsi","separate_lane_no_inheritance","separate_lane_no_inheritance","consume_hefferon_linear_system_source_alignment","Persian raw page opens with the term and connects it to matrices, vectors, vector spaces, maps, and linear equations.","leave_unpacked_in_durable_run_log; copy_to_route_sidecar=persianate_tajik; copy_to_row_group_sidecar=persian_farsi_linear_system_microdraft; copy_to_support_or_blocker_sidecar; include_in_convenience_zip_archive; session_b_can_consume_unpacked","R3_MICRO_EVIDENCE_ARTIFACT_20260704T040935Z","20260704T041521Z"
"r3run:0107","r3micro:persian_farsi_linear_system_microdraft:linear_combination","persian_farsi_linear_system_microdraft:linear_combination","persian_farsi_linear_system_microdraft","linear_combination","linear combination","arabic; persianate_tajik; novel_blocked","persianate_tajik","persianate_farsi_lane; adjacent_linear_algebra_source_lane","HEFFERON_LINEAR_SYSTEM_DEFINITION_PERSIAN_FARSI_MICRODRAFT_20260702T010709Z.json","C:\Users\memo_\Documents\Codex\2026-06-28\see-attached-you-do-prompt-a-3\outputs\HEFFERON_LINEAR_SYSTEM_DEFINITION_PERSIAN_FARSI_MICRODRAFT_20260702T010709Z.json","source_id=fawiki_linear_combination_raw; microdraft_use=ترکیب خطی","source_backed_review_ready","source-gated R3 row from HEFFERON_LINEAR_SYSTEM_DEFINITION_PERSIAN_FARSI_MICRODRAFT_20260702T010709Z.json; primary owner persianate_tajik; downstream lane(s) persianate_farsi_lane; adjacent_linear_algebra_source_lane; evidence status source_backed_review_ready; draft support emitted only from consume-routed surface fields","draft_noncanonical_micro_translation_support","emit_review_only_micro_support","Persian/Farsi draft support: ترکیب خطی","draft_support_available_review_only","dari_independent_gate_required; tajik_independent_gate_required; pan_turkic_no_merge_without_own_gate; urdu_hindustani_separate_lane_no_persianate_merge; arabic_lane_open_or_not_consumable","","","ترکیب خطی","","","","","noncanonical_micro_translation_support_for_named_route_only","false","false","false","false","do_not_consume_not_in_lane","consume_review_only_microdraft_support","source_question_only_do_not_inherit_farsi","source_question_only_do_not_inherit_farsi","separate_lane_no_inheritance","separate_lane_no_inheritance","consume_hefferon_linear_system_source_alignment","Used for Hefferon's first definition in the selected source unit.","leave_unpacked_in_durable_run_log; copy_to_route_sidecar=persianate_tajik; copy_to_row_group_sidecar=persian_farsi_linear_system_microdraft; copy_to_support_or_blocker_sidecar; include_in_convenience_zip_archive; session_b_can_consume_unpacked","R3_MICRO_EVIDENCE_ARTIFACT_20260704T040935Z","20260704T041521Z"
"r3run:0108","r3micro:persian_farsi_linear_system_microdraft:linear_equation","persian_farsi_linear_system_microdraft:linear_equation","persian_farsi_linear_system_microdraft","linear_equation","linear equation","arabic; persianate_tajik; novel_blocked","persianate_tajik","persianate_farsi_lane; adjacent_linear_algebra_source_lane","HEFFERON_LINEAR_SYSTEM_DEFINITION_PERSIAN_FARSI_MICRODRAFT_20260702T010709Z.json","C:\Users\memo_\Documents\Codex\2026-06-28\see-attached-you-do-prompt-a-3\outputs\HEFFERON_LINEAR_SYSTEM_DEFINITION_PERSIAN_FARSI_MICRODRAFT_20260702T010709Z.json","source_id=fawiki_linear_equation_raw; microdraft_use=معادلهٔ خطی","source_backed_review_ready","source-gated R3 row from HEFFERON_LINEAR_SYSTEM_DEFINITION_PERSIAN_FARSI_MICRODRAFT_20260702T010709Z.json; primary owner persianate_tajik; downstream lane(s) persianate_farsi_lane; adjacent_linear_algebra_source_lane; evidence status source_backed_review_ready; draft support emitted only from consume-routed surface fields","draft_noncanonical_micro_translation_support","emit_review_only_micro_support","Persian/Farsi draft support: معادلهٔ خطی","draft_support_available_review_only","dari_independent_gate_required; tajik_independent_gate_required; pan_turkic_no_merge_without_own_gate; urdu_hindustani_separate_lane_no_persianate_merge; arabic_lane_open_or_not_consumable","","","معادلهٔ خطی","","","","","noncanonical_micro_translation_support_for_named_route_only","false","false","false","false","do_not_consume_not_in_lane","consume_review_only_microdraft_support","source_question_only_do_not_inherit_farsi","source_question_only_do_not_inherit_farsi","separate_lane_no_inheritance","separate_lane_no_inheritance","consume_hefferon_linear_system_source_alignment","Persian page title is معادله خطی and article text uses معادلهٔ خطی.","leave_unpacked_in_durable_run_log; copy_to_route_sidecar=persianate_tajik; copy_to_row_group_sidecar=persian_farsi_linear_system_microdraft; copy_to_support_or_blocker_sidecar; include_in_convenience_zip_archive; session_b_can_consume_unpacked","R3_MICRO_EVIDENCE_ARTIFACT_20260704T040935Z","20260704T041521Z"
"r3run:0109","r3micro:persian_farsi_linear_system_microdraft:system_of_linear_equations","persian_farsi_linear_system_microdraft:system_of_linear_equations","persian_farsi_linear_system_microdraft","system_of_linear_equations","system of linear equations","arabic; persianate_tajik; novel_blocked","persianate_tajik","persianate_farsi_lane; adjacent_linear_algebra_source_lane","HEFFERON_LINEAR_SYSTEM_DEFINITION_PERSIAN_FARSI_MICRODRAFT_20260702T010709Z.json","C:\Users\memo_\Documents\Codex\2026-06-28\see-attached-you-do-prompt-a-3\outputs\HEFFERON_LINEAR_SYSTEM_DEFINITION_PERSIAN_FARSI_MICRODRAFT_20260702T010709Z.json","source_id=fawiki_linear_system_raw; microdraft_use=دستگاه معادلات خطی","source_backed_review_ready","source-gated R3 row from HEFFERON_LINEAR_SYSTEM_DEFINITION_PERSIAN_FARSI_MICRODRAFT_20260702T010709Z.json; primary owner persianate_tajik; downstream lane(s) persianate_farsi_lane; adjacent_linear_algebra_source_lane; evidence status source_backed_review_ready; draft support emitted only from consume-routed surface fields","draft_noncanonical_micro_translation_support","emit_review_only_micro_support","Persian/Farsi draft support: دستگاه معادلات خطی","draft_support_available_review_only","dari_independent_gate_required; tajik_independent_gate_required; pan_turkic_no_merge_without_own_gate; urdu_hindustani_separate_lane_no_persianate_merge; arabic_lane_open_or_not_consumable","","","دستگاه معادلات خطی","","","","","noncanonical_micro_translation_support_for_named_route_only","false","false","false","false","do_not_consume_not_in_lane","consume_review_only_microdraft_support","source_question_only_do_not_inherit_farsi","source_question_only_do_not_inherit_farsi","separate_lane_no_inheritance","separate_lane_no_inheritance","consume_hefferon_linear_system_source_alignment","Direct Persian page exists and includes solving/answer context.","leave_unpacked_in_durable_run_log; copy_to_route_sidecar=persianate_tajik; copy_to_row_group_sidecar=persian_farsi_linear_system_microdraft; copy_to_support_or_blocker_sidecar; include_in_convenience_zip_archive; session_b_can_consume_unpacked","R3_MICRO_EVIDENCE_ARTIFACT_20260704T040935Z","20260704T041521Z"
"r3run:0110","r3micro:persian_farsi_linear_system_microdraft:solution_answer","persian_farsi_linear_system_microdraft:solution_answer","persian_farsi_linear_system_microdraft","solution_answer","solution / answer","arabic; persianate_tajik; novel_blocked","persianate_tajik","persianate_farsi_lane; adjacent_linear_algebra_source_lane","HEFFERON_LINEAR_SYSTEM_DEFINITION_PERSIAN_FARSI_MICRODRAFT_20260702T010709Z.json","C:\Users\memo_\Documents\Codex\2026-06-28\see-attached-you-do-prompt-a-3\outputs\HEFFERON_LINEAR_SYSTEM_DEFINITION_PERSIAN_FARSI_MICRODRAFT_20260702T010709Z.json","source_id=fawiki_linear_system_raw; fawiki_gaussian_elimination_raw; microdraft_use=جواب","source_backed_but_style_gate","source-gated R3 row from HEFFERON_LINEAR_SYSTEM_DEFINITION_PERSIAN_FARSI_MICRODRAFT_20260702T010709Z.json; primary owner persianate_tajik; downstream lane(s) persianate_farsi_lane; adjacent_linear_algebra_source_lane; evidence status source_backed_but_style_gate; draft support emitted only from consume-routed surface fields","draft_noncanonical_micro_translation_support","emit_review_only_micro_support","Persian/Farsi draft support: جواب / حل","draft_support_available_review_only","dari_independent_gate_required; tajik_independent_gate_required; pan_turkic_no_merge_without_own_gate; urdu_hindustani_separate_lane_no_persianate_merge; arabic_lane_open_or_not_consumable","","","جواب / حل","","","","","noncanonical_micro_translation_support_for_named_route_only","false","false","false","false","do_not_consume_not_in_lane","consume_review_only_microdraft_support","source_question_only_do_not_inherit_farsi","source_question_only_do_not_inherit_farsi","separate_lane_no_inheritance","separate_lane_no_inheritance","consume_hefferon_linear_system_source_alignment","System page uses جواب; Gaussian elimination page uses حل دستگاه. Final register should decide answer vs solution wording.","leave_unpacked_in_durable_run_log; copy_to_route_sidecar=persianate_tajik; copy_to_row_group_sidecar=persian_farsi_linear_system_microdraft; copy_to_support_or_blocker_sidecar; include_in_convenience_zip_archive; session_b_can_consume_unpacked","R3_MICRO_EVIDENCE_ARTIFACT_20260704T040935Z","20260704T041521Z"
"r3run:0111","r3micro:persian_farsi_linear_system_microdraft:variable","persian_farsi_linear_system_microdraft:variable","persian_farsi_linear_system_microdraft","variable","variable","arabic; persianate_tajik; novel_blocked","persianate_tajik","persianate_farsi_lane; adjacent_linear_algebra_source_lane","HEFFERON_LINEAR_SYSTEM_DEFINITION_PERSIAN_FARSI_MICRODRAFT_20260702T010709Z.json","C:\Users\memo_\Documents\Codex\2026-06-28\see-attached-you-do-prompt-a-3\outputs\HEFFERON_LINEAR_SYSTEM_DEFINITION_PERSIAN_FARSI_MICRODRAFT_20260702T010709Z.json","source_id=fawiki_linear_equation_raw; microdraft_use=متغیر","source_backed_review_ready","source-gated R3 row from HEFFERON_LINEAR_SYSTEM_DEFINITION_PERSIAN_FARSI_MICRODRAFT_20260702T010709Z.json; primary owner persianate_tajik; downstream lane(s) persianate_farsi_lane; adjacent_linear_algebra_source_lane; evidence status source_backed_review_ready; draft support emitted only from consume-routed surface fields","draft_noncanonical_micro_translation_support","emit_review_only_micro_support","Persian/Farsi draft support: متغیر","draft_support_available_review_only","dari_independent_gate_required; tajik_independent_gate_required; pan_turkic_no_merge_without_own_gate; urdu_hindustani_separate_lane_no_persianate_merge; arabic_lane_open_or_not_consumable","","","متغیر","","","","","noncanonical_micro_translation_support_for_named_route_only","false","false","false","false","do_not_consume_not_in_lane","consume_review_only_microdraft_support","source_question_only_do_not_inherit_farsi","source_question_only_do_not_inherit_farsi","separate_lane_no_inheritance","separate_lane_no_inheritance","consume_hefferon_linear_system_source_alignment","Used in the linear equation definition.","leave_unpacked_in_durable_run_log; copy_to_route_sidecar=persianate_tajik; copy_to_row_group_sidecar=persian_farsi_linear_system_microdraft; copy_to_support_or_blocker_sidecar; include_in_convenience_zip_archive; session_b_can_consume_unpacked","R3_MICRO_EVIDENCE_ARTIFACT_20260704T040935Z","20260704T041521Z"
"r3run:0112","r3micro:persian_farsi_linear_system_microdraft:coefficient","persian_farsi_linear_system_microdraft:coefficient","persian_farsi_linear_system_microdraft","coefficient","coefficient","arabic; persianate_tajik; novel_blocked","persianate_tajik","persianate_farsi_lane; adjacent_linear_algebra_source_lane","HEFFERON_LINEAR_SYSTEM_DEFINITION_PERSIAN_FARSI_MICRODRAFT_20260702T010709Z.json","C:\Users\memo_\Documents\Codex\2026-06-28\see-attached-you-do-prompt-a-3\outputs\HEFFERON_LINEAR_SYSTEM_DEFINITION_PERSIAN_FARSI_MICRODRAFT_20260702T010709Z.json","source_id=fawiki_coefficient_raw; fawiki_gaussian_elimination_raw; microdraft_use=ضریب","source_backed_review_ready","source-gated R3 row from HEFFERON_LINEAR_SYSTEM_DEFINITION_PERSIAN_FARSI_MICRODRAFT_20260702T010709Z.json; primary owner persianate_tajik; downstream lane(s) persianate_farsi_lane; adjacent_linear_algebra_source_lane; evidence status source_backed_review_ready; draft support emitted only from consume-routed surface fields","draft_noncanonical_micro_translation_support","emit_review_only_micro_support","Persian/Farsi draft support: ضریب","draft_support_available_review_only","dari_independent_gate_required; tajik_independent_gate_required; pan_turkic_no_merge_without_own_gate; urdu_hindustani_separate_lane_no_persianate_merge; arabic_lane_open_or_not_consumable","","","ضریب","","","","","noncanonical_micro_translation_support_for_named_route_only","false","false","false","false","do_not_consume_not_in_lane","consume_review_only_microdraft_support","source_question_only_do_not_inherit_farsi","source_question_only_do_not_inherit_farsi","separate_lane_no_inheritance","separate_lane_no_inheritance","consume_hefferon_linear_system_source_alignment","Dedicated Persian coefficient page exists; Gaussian elimination page also has ماتریس ضرایب.","leave_unpacked_in_durable_run_log; copy_to_route_sidecar=persianate_tajik; copy_to_row_group_sidecar=persian_farsi_linear_system_microdraft; copy_to_support_or_blocker_sidecar; include_in_convenience_zip_archive; session_b_can_consume_unpacked","R3_MICRO_EVIDENCE_ARTIFACT_20260704T040935Z","20260704T041521Z"
"r3run:0113","r3micro:persian_farsi_linear_system_microdraft:constant","persian_farsi_linear_system_microdraft:constant","persian_farsi_linear_system_microdraft","constant","constant","arabic; persianate_tajik; novel_blocked","persianate_tajik","persianate_farsi_lane; adjacent_linear_algebra_source_lane","HEFFERON_LINEAR_SYSTEM_DEFINITION_PERSIAN_FARSI_MICRODRAFT_20260702T010709Z.json","C:\Users\memo_\Documents\Codex\2026-06-28\see-attached-you-do-prompt-a-3\outputs\HEFFERON_LINEAR_SYSTEM_DEFINITION_PERSIAN_FARSI_MICRODRAFT_20260702T010709Z.json","source_id=fawiki_mathematical_constant_raw; microdraft_use=ثابت","source_backed_but_context_gate","source-gated R3 row from HEFFERON_LINEAR_SYSTEM_DEFINITION_PERSIAN_FARSI_MICRODRAFT_20260702T010709Z.json; primary owner persianate_tajik; downstream lane(s) persianate_farsi_lane; adjacent_linear_algebra_source_lane; evidence status source_backed_but_context_gate; draft support emitted only from consume-routed surface fields","draft_noncanonical_micro_translation_support","emit_review_only_micro_support","Persian/Farsi draft support: ثابت","draft_support_available_review_only","dari_independent_gate_required; tajik_independent_gate_required; pan_turkic_no_merge_without_own_gate; urdu_hindustani_separate_lane_no_persianate_merge; arabic_lane_open_or_not_consumable","","","ثابت","","","","","noncanonical_micro_translation_support_for_named_route_only","false","false","false","false","do_not_consume_not_in_lane","consume_review_only_microdraft_support","source_question_only_do_not_inherit_farsi","source_question_only_do_not_inherit_farsi","separate_lane_no_inheritance","separate_lane_no_inheritance","consume_hefferon_linear_system_source_alignment","Dedicated mathematical constant source exists; equation right-hand-side usage should be checked by reviewer.","leave_unpacked_in_durable_run_log; copy_to_route_sidecar=persianate_tajik; copy_to_row_group_sidecar=persian_farsi_linear_system_microdraft; copy_to_support_or_blocker_sidecar; include_in_convenience_zip_archive; session_b_can_consume_unpacked","R3_MICRO_EVIDENCE_ARTIFACT_20260704T040935Z","20260704T041521Z"
"r3run:0114","r3micro:persian_farsi_linear_system_microdraft:matrix","persian_farsi_linear_system_microdraft:matrix","persian_farsi_linear_system_microdraft","matrix","matrix","arabic; persianate_tajik; novel_blocked","persianate_tajik","persianate_farsi_lane; adjacent_linear_algebra_source_lane","HEFFERON_LINEAR_SYSTEM_DEFINITION_PERSIAN_FARSI_MICRODRAFT_20260702T010709Z.json","C:\Users\memo_\Documents\Codex\2026-06-28\see-attached-you-do-prompt-a-3\outputs\HEFFERON_LINEAR_SYSTEM_DEFINITION_PERSIAN_FARSI_MICRODRAFT_20260702T010709Z.json","source_id=fawiki_matrix_raw; fawiki_linear_algebra_raw; microdraft_use=not used","source_backed_review_ready","source-gated R3 row from HEFFERON_LINEAR_SYSTEM_DEFINITION_PERSIAN_FARSI_MICRODRAFT_20260702T010709Z.json; primary owner persianate_tajik; downstream lane(s) persianate_farsi_lane; adjacent_linear_algebra_source_lane; evidence status source_backed_review_ready; draft support emitted only from consume-routed surface fields","draft_noncanonical_micro_translation_support","emit_review_only_micro_support","Persian/Farsi draft support: ماتریس","draft_support_available_review_only","dari_independent_gate_required; tajik_independent_gate_required; pan_turkic_no_merge_without_own_gate; urdu_hindustani_separate_lane_no_persianate_merge; arabic_lane_open_or_not_consumable","","","ماتریس","","","","","noncanonical_micro_translation_support_for_named_route_only","false","false","false","false","do_not_consume_not_in_lane","consume_review_only_microdraft_support","source_question_only_do_not_inherit_farsi","source_question_only_do_not_inherit_farsi","separate_lane_no_inheritance","separate_lane_no_inheritance","consume_hefferon_linear_system_source_alignment","Recorded for the next matrix/row-operation expansion.","leave_unpacked_in_durable_run_log; copy_to_route_sidecar=persianate_tajik; copy_to_row_group_sidecar=persian_farsi_linear_system_microdraft; copy_to_support_or_blocker_sidecar; include_in_convenience_zip_archive; session_b_can_consume_unpacked","R3_MICRO_EVIDENCE_ARTIFACT_20260704T040935Z","20260704T041521Z"
"r3run:0115","r3micro:persian_farsi_linear_system_microdraft:vector","persian_farsi_linear_system_microdraft:vector","persian_farsi_linear_system_microdraft","vector","vector","arabic; persianate_tajik; novel_blocked","persianate_tajik","persianate_farsi_lane; adjacent_linear_algebra_source_lane","HEFFERON_LINEAR_SYSTEM_DEFINITION_PERSIAN_FARSI_MICRODRAFT_20260702T010709Z.json","C:\Users\memo_\Documents\Codex\2026-06-28\see-attached-you-do-prompt-a-3\outputs\HEFFERON_LINEAR_SYSTEM_DEFINITION_PERSIAN_FARSI_MICRODRAFT_20260702T010709Z.json","source_id=fawiki_vector_raw; fawiki_linear_algebra_raw; microdraft_use=not used","source_backed_review_ready","source-gated R3 row from HEFFERON_LINEAR_SYSTEM_DEFINITION_PERSIAN_FARSI_MICRODRAFT_20260702T010709Z.json; primary owner persianate_tajik; downstream lane(s) persianate_farsi_lane; adjacent_linear_algebra_source_lane; evidence status source_backed_review_ready; draft support emitted only from consume-routed surface fields","draft_noncanonical_micro_translation_support","emit_review_only_micro_support","Persian/Farsi draft support: بردار","draft_support_available_review_only","dari_independent_gate_required; tajik_independent_gate_required; pan_turkic_no_merge_without_own_gate; urdu_hindustani_separate_lane_no_persianate_merge; arabic_lane_open_or_not_consumable","","","بردار","","","","","noncanonical_micro_translation_support_for_named_route_only","false","false","false","false","do_not_consume_not_in_lane","consume_review_only_microdraft_support","source_question_only_do_not_inherit_farsi","source_question_only_do_not_inherit_farsi","separate_lane_no_inheritance","separate_lane_no_inheritance","consume_hefferon_linear_system_source_alignment","Recorded for vector-space expansion.","leave_unpacked_in_durable_run_log; copy_to_route_sidecar=persianate_tajik; copy_to_row_group_sidecar=persian_farsi_linear_system_microdraft; copy_to_support_or_blocker_sidecar; include_in_convenience_zip_archive; session_b_can_consume_unpacked","R3_MICRO_EVIDENCE_ARTIFACT_20260704T040935Z","20260704T041521Z"
"r3run:0116","r3micro:persian_farsi_linear_system_microdraft:vector_space","persian_farsi_linear_system_microdraft:vector_space","persian_farsi_linear_system_microdraft","vector_space","vector space","arabic; persianate_tajik; novel_blocked","persianate_tajik","persianate_farsi_lane; adjacent_linear_algebra_source_lane","HEFFERON_LINEAR_SYSTEM_DEFINITION_PERSIAN_FARSI_MICRODRAFT_20260702T010709Z.json","C:\Users\memo_\Documents\Codex\2026-06-28\see-attached-you-do-prompt-a-3\outputs\HEFFERON_LINEAR_SYSTEM_DEFINITION_PERSIAN_FARSI_MICRODRAFT_20260702T010709Z.json","source_id=fawiki_vector_space_raw; microdraft_use=open next slice","source_backed_review_ready","source-gated R3 row from HEFFERON_LINEAR_SYSTEM_DEFINITION_PERSIAN_FARSI_MICRODRAFT_20260702T010709Z.json; primary owner persianate_tajik; downstream lane(s) persianate_farsi_lane; adjacent_linear_algebra_source_lane; evidence status source_backed_review_ready; draft support emitted only from consume-routed surface fields","draft_noncanonical_micro_translation_support","emit_review_only_micro_support","Persian/Farsi draft support: فضای برداری","draft_support_available_review_only","dari_independent_gate_required; tajik_independent_gate_required; pan_turkic_no_merge_without_own_gate; urdu_hindustani_separate_lane_no_persianate_merge; arabic_lane_open_or_not_consumable","","","فضای برداری","","","","","noncanonical_micro_translation_support_for_named_route_only","false","false","false","false","do_not_consume_not_in_lane","consume_review_only_microdraft_support","source_question_only_do_not_inherit_farsi","source_question_only_do_not_inherit_farsi","separate_lane_no_inheritance","separate_lane_no_inheritance","consume_hefferon_linear_system_source_alignment","Not used in this linear-system body except as a non-erasure/open-gate note.","leave_unpacked_in_durable_run_log; copy_to_route_sidecar=persianate_tajik; copy_to_row_group_sidecar=persian_farsi_linear_system_microdraft; copy_to_support_or_blocker_sidecar; include_in_convenience_zip_archive; session_b_can_consume_unpacked","R3_MICRO_EVIDENCE_ARTIFACT_20260704T040935Z","20260704T041521Z"
"r3run:0117","r3micro:persian_farsi_linear_system_microdraft:gaussian_elimination","persian_farsi_linear_system_microdraft:gaussian_elimination","persian_farsi_linear_system_microdraft","gaussian_elimination","Gaussian elimination","arabic; persianate_tajik; novel_blocked","persianate_tajik","persianate_farsi_lane; adjacent_linear_algebra_source_lane","HEFFERON_LINEAR_SYSTEM_DEFINITION_PERSIAN_FARSI_MICRODRAFT_20260702T010709Z.json","C:\Users\memo_\Documents\Codex\2026-06-28\see-attached-you-do-prompt-a-3\outputs\HEFFERON_LINEAR_SYSTEM_DEFINITION_PERSIAN_FARSI_MICRODRAFT_20260702T010709Z.json","source_id=fawiki_gaussian_elimination_raw; microdraft_use=not used","source_backed_future_gate_not_used_as_base","source-gated R3 row from HEFFERON_LINEAR_SYSTEM_DEFINITION_PERSIAN_FARSI_MICRODRAFT_20260702T010709Z.json; primary owner persianate_tajik; downstream lane(s) persianate_farsi_lane; adjacent_linear_algebra_source_lane; evidence status source_backed_future_gate_not_used_as_base; draft support emitted only from consume-routed surface fields","draft_noncanonical_micro_translation_support","emit_review_only_micro_support","Persian/Farsi draft support: حذف گاوسی","draft_support_available_review_only","dari_independent_gate_required; tajik_independent_gate_required; pan_turkic_no_merge_without_own_gate; urdu_hindustani_separate_lane_no_persianate_merge; arabic_lane_open_or_not_consumable","","","حذف گاوسی","","","","","noncanonical_micro_translation_support_for_named_route_only","false","false","false","false","do_not_consume_not_in_lane","consume_review_only_microdraft_support","source_question_only_do_not_inherit_farsi","source_question_only_do_not_inherit_farsi","separate_lane_no_inheritance","separate_lane_no_inheritance","consume_hefferon_linear_system_source_alignment","Recorded for the next Persian row-reduction microdraft.","leave_unpacked_in_durable_run_log; copy_to_route_sidecar=persianate_tajik; copy_to_row_group_sidecar=persian_farsi_linear_system_microdraft; copy_to_support_or_blocker_sidecar; include_in_convenience_zip_archive; session_b_can_consume_unpacked","R3_MICRO_EVIDENCE_ARTIFACT_20260704T040935Z","20260704T041521Z"
"r3run:0118","r3micro:persian_farsi_linear_system_microdraft:row_operations","persian_farsi_linear_system_microdraft:row_operations","persian_farsi_linear_system_microdraft","row_operations","row operations","arabic; persianate_tajik; novel_blocked","persianate_tajik","persianate_farsi_lane; adjacent_linear_algebra_source_lane","HEFFERON_LINEAR_SYSTEM_DEFINITION_PERSIAN_FARSI_MICRODRAFT_20260702T010709Z.json","C:\Users\memo_\Documents\Codex\2026-06-28\see-attached-you-do-prompt-a-3\outputs\HEFFERON_LINEAR_SYSTEM_DEFINITION_PERSIAN_FARSI_MICRODRAFT_20260702T010709Z.json","source_id=fawiki_gaussian_elimination_raw; microdraft_use=open gate note","source_backed_future_gate_not_promoted_in_body","source-gated R3 row from HEFFERON_LINEAR_SYSTEM_DEFINITION_PERSIAN_FARSI_MICRODRAFT_20260702T010709Z.json; primary owner persianate_tajik; downstream lane(s) persianate_farsi_lane; adjacent_linear_algebra_source_lane; evidence status source_backed_future_gate_not_promoted_in_body; draft support emitted only from consume-routed surface fields","draft_noncanonical_micro_translation_support","emit_review_only_micro_support","Persian/Farsi draft support: عملیات سطری","draft_support_available_review_only","dari_independent_gate_required; tajik_independent_gate_required; pan_turkic_no_merge_without_own_gate; urdu_hindustani_separate_lane_no_persianate_merge; arabic_lane_open_or_not_consumable","","","عملیات سطری","","","","","noncanonical_micro_translation_support_for_named_route_only","false","false","false","false","do_not_consume_not_in_lane","consume_review_only_microdraft_support","source_question_only_do_not_inherit_farsi","source_question_only_do_not_inherit_farsi","separate_lane_no_inheritance","separate_lane_no_inheritance","consume_hefferon_linear_system_source_alignment","Do not expand row-reduction prose until the full row/echelon term cluster is reviewed.","leave_unpacked_in_durable_run_log; copy_to_route_sidecar=persianate_tajik; copy_to_row_group_sidecar=persian_farsi_linear_system_microdraft; copy_to_support_or_blocker_sidecar; include_in_convenience_zip_archive; session_b_can_consume_unpacked","R3_MICRO_EVIDENCE_ARTIFACT_20260704T040935Z","20260704T041521Z"
"r3run:0119","r3micro:persian_farsi_linear_system_microdraft:n_tuple","persian_farsi_linear_system_microdraft:n_tuple","persian_farsi_linear_system_microdraft","n_tuple","n-tuple","arabic; persianate_tajik; novel_blocked","persianate_tajik","persianate_farsi_lane; adjacent_linear_algebra_source_lane","HEFFERON_LINEAR_SYSTEM_DEFINITION_PERSIAN_FARSI_MICRODRAFT_20260702T010709Z.json","C:\Users\memo_\Documents\Codex\2026-06-28\see-attached-you-do-prompt-a-3\outputs\HEFFERON_LINEAR_SYSTEM_DEFINITION_PERSIAN_FARSI_MICRODRAFT_20260702T010709Z.json","source_id=hefferon_gr1_latex_source; persian_reviewer_needed; microdraft_use=n-تایی","constructed_not_source_backed_review_needed","source-gated R3 row from HEFFERON_LINEAR_SYSTEM_DEFINITION_PERSIAN_FARSI_MICRODRAFT_20260702T010709Z.json; primary owner persianate_tajik; downstream lane(s) persianate_farsi_lane; adjacent_linear_algebra_source_lane; evidence status constructed_not_source_backed_review_needed; draft support emitted only from consume-routed surface fields","draft_noncanonical_micro_translation_support","emit_review_only_micro_support","Persian/Farsi draft support: n-تایی","draft_support_available_review_only","dari_independent_gate_required; tajik_independent_gate_required; pan_turkic_no_merge_without_own_gate; urdu_hindustani_separate_lane_no_persianate_merge; arabic_lane_open_or_not_consumable","","","n-تایی","","","","","noncanonical_micro_translation_support_for_named_route_only","false","false","false","false","do_not_consume_not_in_lane","consume_review_only_microdraft_support","source_question_only_do_not_inherit_farsi","source_question_only_do_not_inherit_farsi","separate_lane_no_inheritance","separate_lane_no_inheritance","consume_hefferon_linear_system_source_alignment","Transparent mathematical rendering for review only; no independent Persian source captured in this packet.","leave_unpacked_in_durable_run_log; copy_to_route_sidecar=persianate_tajik; copy_to_row_group_sidecar=persian_farsi_linear_system_microdraft; copy_to_support_or_blocker_sidecar; include_in_convenience_zip_archive; session_b_can_consume_unpacked","R3_MICRO_EVIDENCE_ARTIFACT_20260704T040935Z","20260704T041521Z"
"r3run:0120","r3micro:persian_farsi_vector_space_microdraft:vector_space","persian_farsi_vector_space_microdraft:vector_space","persian_farsi_vector_space_microdraft","vector_space","vector space","arabic; persianate_tajik; novel_blocked","persianate_tajik","persianate_farsi_lane; adjacent_linear_algebra_source_lane","HEFFERON_VECTOR_SPACE_DEFINITION_PERSIAN_FARSI_MICRODRAFT_20260702T071500Z.json","C:\Users\memo_\Documents\Codex\2026-06-28\see-attached-you-do-prompt-a-3\outputs\HEFFERON_VECTOR_SPACE_DEFINITION_PERSIAN_FARSI_MICRODRAFT_20260702T071500Z.json","source_id=fawiki_vector_space_raw; fawiki_linear_algebra_raw; microdraft_use=فضای برداری","source_backed_review_ready","source-gated R3 row from HEFFERON_VECTOR_SPACE_DEFINITION_PERSIAN_FARSI_MICRODRAFT_20260702T071500Z.json; primary owner persianate_tajik; downstream lane(s) persianate_farsi_lane; adjacent_linear_algebra_source_lane; evidence status source_backed_review_ready; draft support emitted only from consume-routed surface fields","draft_noncanonical_micro_translation_support","emit_review_only_micro_support","Persian/Farsi draft support: فضای برداری / فضای خطی","draft_support_available_review_only","dari_independent_gate_required; tajik_independent_gate_required; pan_turkic_no_merge_without_own_gate; urdu_hindustani_separate_lane_no_persianate_merge; arabic_lane_open_or_not_consumable","","","فضای برداری / فضای خطی","","","","","noncanonical_micro_translation_support_for_named_route_only","false","false","false","false","do_not_consume_not_in_lane","consume_review_only_microdraft_support","source_question_only_do_not_inherit_farsi","source_question_only_do_not_inherit_farsi","separate_lane_no_inheritance","separate_lane_no_inheritance","consume_hefferon_vector_space_source_alignment","فضای خطی is recorded as an alternate, but the body keeps فضای برداری to match the primary source title.","leave_unpacked_in_durable_run_log; copy_to_route_sidecar=persianate_tajik; copy_to_row_group_sidecar=persian_farsi_vector_space_microdraft; copy_to_support_or_blocker_sidecar; include_in_convenience_zip_archive; session_b_can_consume_unpacked","R3_MICRO_EVIDENCE_ARTIFACT_20260704T040935Z","20260704T041521Z"
"r3run:0121","r3micro:persian_farsi_vector_space_microdraft:vector","persian_farsi_vector_space_microdraft:vector","persian_farsi_vector_space_microdraft","vector","vector","arabic; persianate_tajik; novel_blocked","persianate_tajik","persianate_farsi_lane; adjacent_linear_algebra_source_lane","HEFFERON_VECTOR_SPACE_DEFINITION_PERSIAN_FARSI_MICRODRAFT_20260702T071500Z.json","C:\Users\memo_\Documents\Codex\2026-06-28\see-attached-you-do-prompt-a-3\outputs\HEFFERON_VECTOR_SPACE_DEFINITION_PERSIAN_FARSI_MICRODRAFT_20260702T071500Z.json","source_id=fawiki_vector_raw; fawiki_vector_space_raw; microdraft_use=بردار","source_backed_review_ready","source-gated R3 row from HEFFERON_VECTOR_SPACE_DEFINITION_PERSIAN_FARSI_MICRODRAFT_20260702T071500Z.json; primary owner persianate_tajik; downstream lane(s) persianate_farsi_lane; adjacent_linear_algebra_source_lane; evidence status source_backed_review_ready; draft support emitted only from consume-routed surface fields","draft_noncanonical_micro_translation_support","emit_review_only_micro_support","Persian/Farsi draft support: بردار","draft_support_available_review_only","dari_independent_gate_required; tajik_independent_gate_required; pan_turkic_no_merge_without_own_gate; urdu_hindustani_separate_lane_no_persianate_merge; arabic_lane_open_or_not_consumable","","","بردار","","","","","noncanonical_micro_translation_support_for_named_route_only","false","false","false","false","do_not_consume_not_in_lane","consume_review_only_microdraft_support","source_question_only_do_not_inherit_farsi","source_question_only_do_not_inherit_farsi","separate_lane_no_inheritance","separate_lane_no_inheritance","consume_hefferon_vector_space_source_alignment","Used for the quantified objects in V.","leave_unpacked_in_durable_run_log; copy_to_route_sidecar=persianate_tajik; copy_to_row_group_sidecar=persian_farsi_vector_space_microdraft; copy_to_support_or_blocker_sidecar; include_in_convenience_zip_archive; session_b_can_consume_unpacked","R3_MICRO_EVIDENCE_ARTIFACT_20260704T040935Z","20260704T041521Z"
"r3run:0122","r3micro:persian_farsi_vector_space_microdraft:scalar","persian_farsi_vector_space_microdraft:scalar","persian_farsi_vector_space_microdraft","scalar","scalar","arabic; persianate_tajik; novel_blocked","persianate_tajik","persianate_farsi_lane; adjacent_linear_algebra_source_lane","HEFFERON_VECTOR_SPACE_DEFINITION_PERSIAN_FARSI_MICRODRAFT_20260702T071500Z.json","C:\Users\memo_\Documents\Codex\2026-06-28\see-attached-you-do-prompt-a-3\outputs\HEFFERON_VECTOR_SPACE_DEFINITION_PERSIAN_FARSI_MICRODRAFT_20260702T071500Z.json","source_id=fawiki_scalar_math_raw; fawiki_vector_space_raw; microdraft_use=اسکالر","source_backed_review_ready","source-gated R3 row from HEFFERON_VECTOR_SPACE_DEFINITION_PERSIAN_FARSI_MICRODRAFT_20260702T071500Z.json; primary owner persianate_tajik; downstream lane(s) persianate_farsi_lane; adjacent_linear_algebra_source_lane; evidence status source_backed_review_ready; draft support emitted only from consume-routed surface fields","draft_noncanonical_micro_translation_support","emit_review_only_micro_support","Persian/Farsi draft support: اسکالر","draft_support_available_review_only","dari_independent_gate_required; tajik_independent_gate_required; pan_turkic_no_merge_without_own_gate; urdu_hindustani_separate_lane_no_persianate_merge; arabic_lane_open_or_not_consumable","","","اسکالر","","","","","noncanonical_micro_translation_support_for_named_route_only","false","false","false","false","do_not_consume_not_in_lane","consume_review_only_microdraft_support","source_question_only_do_not_inherit_farsi","source_question_only_do_not_inherit_farsi","separate_lane_no_inheritance","separate_lane_no_inheritance","consume_hefferon_vector_space_source_alignment","The scalar page explicitly links scalars to vector spaces and scalar multiplication.","leave_unpacked_in_durable_run_log; copy_to_route_sidecar=persianate_tajik; copy_to_row_group_sidecar=persian_farsi_vector_space_microdraft; copy_to_support_or_blocker_sidecar; include_in_convenience_zip_archive; session_b_can_consume_unpacked","R3_MICRO_EVIDENCE_ARTIFACT_20260704T040935Z","20260704T041521Z"
"r3run:0123","r3micro:persian_farsi_vector_space_microdraft:scalar_multiplication","persian_farsi_vector_space_microdraft:scalar_multiplication","persian_farsi_vector_space_microdraft","scalar_multiplication","scalar multiplication","arabic; persianate_tajik; novel_blocked","persianate_tajik","persianate_farsi_lane; adjacent_linear_algebra_source_lane","HEFFERON_VECTOR_SPACE_DEFINITION_PERSIAN_FARSI_MICRODRAFT_20260702T071500Z.json","C:\Users\memo_\Documents\Codex\2026-06-28\see-attached-you-do-prompt-a-3\outputs\HEFFERON_VECTOR_SPACE_DEFINITION_PERSIAN_FARSI_MICRODRAFT_20260702T071500Z.json","source_id=fawiki_scalar_multiplication_raw; fawiki_vector_space_raw; microdraft_use=ضرب نرده‌ای","source_backed_style_gate","source-gated R3 row from HEFFERON_VECTOR_SPACE_DEFINITION_PERSIAN_FARSI_MICRODRAFT_20260702T071500Z.json; primary owner persianate_tajik; downstream lane(s) persianate_farsi_lane; adjacent_linear_algebra_source_lane; evidence status source_backed_style_gate; draft support emitted only from consume-routed surface fields","draft_noncanonical_micro_translation_support","emit_review_only_micro_support","Persian/Farsi draft support: ضرب نرده‌ای / ضرب در اسکالر","draft_support_available_review_only","dari_independent_gate_required; tajik_independent_gate_required; pan_turkic_no_merge_without_own_gate; urdu_hindustani_separate_lane_no_persianate_merge; arabic_lane_open_or_not_consumable","","","ضرب نرده‌ای / ضرب در اسکالر","","","","","noncanonical_micro_translation_support_for_named_route_only","false","false","false","false","do_not_consume_not_in_lane","consume_review_only_microdraft_support","source_question_only_do_not_inherit_farsi","source_question_only_do_not_inherit_farsi","separate_lane_no_inheritance","separate_lane_no_inheritance","consume_hefferon_vector_space_source_alignment","Use ضرب نرده‌ای for scalar multiplication to reduce confusion with scalar product/internal product.","leave_unpacked_in_durable_run_log; copy_to_route_sidecar=persianate_tajik; copy_to_row_group_sidecar=persian_farsi_vector_space_microdraft; copy_to_support_or_blocker_sidecar; include_in_convenience_zip_archive; session_b_can_consume_unpacked","R3_MICRO_EVIDENCE_ARTIFACT_20260704T040935Z","20260704T041521Z"
"r3run:0124","r3micro:persian_farsi_vector_space_microdraft:vector_addition","persian_farsi_vector_space_microdraft:vector_addition","persian_farsi_vector_space_microdraft","vector_addition","vector addition","arabic; persianate_tajik; novel_blocked","persianate_tajik","persianate_farsi_lane; adjacent_linear_algebra_source_lane","HEFFERON_VECTOR_SPACE_DEFINITION_PERSIAN_FARSI_MICRODRAFT_20260702T071500Z.json","C:\Users\memo_\Documents\Codex\2026-06-28\see-attached-you-do-prompt-a-3\outputs\HEFFERON_VECTOR_SPACE_DEFINITION_PERSIAN_FARSI_MICRODRAFT_20260702T071500Z.json","source_id=fawiki_vector_space_raw; microdraft_use=جمع برداری","source_backed_review_ready","source-gated R3 row from HEFFERON_VECTOR_SPACE_DEFINITION_PERSIAN_FARSI_MICRODRAFT_20260702T071500Z.json; primary owner persianate_tajik; downstream lane(s) persianate_farsi_lane; adjacent_linear_algebra_source_lane; evidence status source_backed_review_ready; draft support emitted only from consume-routed surface fields","draft_noncanonical_micro_translation_support","emit_review_only_micro_support","Persian/Farsi draft support: جمع برداری","draft_support_available_review_only","dari_independent_gate_required; tajik_independent_gate_required; pan_turkic_no_merge_without_own_gate; urdu_hindustani_separate_lane_no_persianate_merge; arabic_lane_open_or_not_consumable","","","جمع برداری","","","","","noncanonical_micro_translation_support_for_named_route_only","false","false","false","false","do_not_consume_not_in_lane","consume_review_only_microdraft_support","source_question_only_do_not_inherit_farsi","source_question_only_do_not_inherit_farsi","separate_lane_no_inheritance","separate_lane_no_inheritance","consume_hefferon_vector_space_source_alignment","Used in the operation and axiom wording.","leave_unpacked_in_durable_run_log; copy_to_route_sidecar=persianate_tajik; copy_to_row_group_sidecar=persian_farsi_vector_space_microdraft; copy_to_support_or_blocker_sidecar; include_in_convenience_zip_archive; session_b_can_consume_unpacked","R3_MICRO_EVIDENCE_ARTIFACT_20260704T040935Z","20260704T041521Z"
"r3run:0125","r3micro:persian_farsi_vector_space_microdraft:closed_under_operation","persian_farsi_vector_space_microdraft:closed_under_operation","persian_farsi_vector_space_microdraft","closed_under_operation","closed under operation","arabic; persianate_tajik; novel_blocked","persianate_tajik","persianate_farsi_lane; adjacent_linear_algebra_source_lane","HEFFERON_VECTOR_SPACE_DEFINITION_PERSIAN_FARSI_MICRODRAFT_20260702T071500Z.json","C:\Users\memo_\Documents\Codex\2026-06-28\see-attached-you-do-prompt-a-3\outputs\HEFFERON_VECTOR_SPACE_DEFINITION_PERSIAN_FARSI_MICRODRAFT_20260702T071500Z.json","source_id=fawiki_linear_subspace_raw; microdraft_use=نسبت به ... بسته است","source_witness_review_needed","source-gated R3 row from HEFFERON_VECTOR_SPACE_DEFINITION_PERSIAN_FARSI_MICRODRAFT_20260702T071500Z.json; primary owner persianate_tajik; downstream lane(s) persianate_farsi_lane; adjacent_linear_algebra_source_lane; evidence status source_witness_review_needed; draft support emitted only from consume-routed surface fields","draft_noncanonical_micro_translation_support","emit_review_only_micro_support","Persian/Farsi draft support: نسبت به ... بسته است / بستار","draft_support_available_review_only","dari_independent_gate_required; tajik_independent_gate_required; pan_turkic_no_merge_without_own_gate; urdu_hindustani_separate_lane_no_persianate_merge; arabic_lane_open_or_not_consumable","","","نسبت به ... بسته است / بستار","","","","","noncanonical_micro_translation_support_for_named_route_only","false","false","false","false","do_not_consume_not_in_lane","consume_review_only_microdraft_support","source_question_only_do_not_inherit_farsi","source_question_only_do_not_inherit_farsi","separate_lane_no_inheritance","separate_lane_no_inheritance","consume_hefferon_vector_space_source_alignment","Closure wording is transparent but should be checked against Persian linear-algebra textbook style.","leave_unpacked_in_durable_run_log; copy_to_route_sidecar=persianate_tajik; copy_to_row_group_sidecar=persian_farsi_vector_space_microdraft; copy_to_support_or_blocker_sidecar; include_in_convenience_zip_archive; session_b_can_consume_unpacked","R3_MICRO_EVIDENCE_ARTIFACT_20260704T040935Z","20260704T041521Z"
"r3run:0126","r3micro:persian_farsi_vector_space_microdraft:commutative","persian_farsi_vector_space_microdraft:commutative","persian_farsi_vector_space_microdraft","commutative","commutative","arabic; persianate_tajik; novel_blocked","persianate_tajik","persianate_farsi_lane; adjacent_linear_algebra_source_lane","HEFFERON_VECTOR_SPACE_DEFINITION_PERSIAN_FARSI_MICRODRAFT_20260702T071500Z.json","C:\Users\memo_\Documents\Codex\2026-06-28\see-attached-you-do-prompt-a-3\outputs\HEFFERON_VECTOR_SPACE_DEFINITION_PERSIAN_FARSI_MICRODRAFT_20260702T071500Z.json","source_id=microdraft_register; microdraft_use=جابه‌جایی‌پذیر","math_register_review_needed","source-gated R3 row from HEFFERON_VECTOR_SPACE_DEFINITION_PERSIAN_FARSI_MICRODRAFT_20260702T071500Z.json; primary owner persianate_tajik; downstream lane(s) persianate_farsi_lane; adjacent_linear_algebra_source_lane; evidence status math_register_review_needed; draft support emitted only from consume-routed surface fields","draft_noncanonical_micro_translation_support","emit_review_only_micro_support","Persian/Farsi draft support: جابه‌جایی‌پذیر","draft_support_available_review_only","dari_independent_gate_required; tajik_independent_gate_required; pan_turkic_no_merge_without_own_gate; urdu_hindustani_separate_lane_no_persianate_merge; arabic_lane_open_or_not_consumable","","","جابه‌جایی‌پذیر","","","","","noncanonical_micro_translation_support_for_named_route_only","false","false","false","false","do_not_consume_not_in_lane","consume_review_only_microdraft_support","source_question_only_do_not_inherit_farsi","source_question_only_do_not_inherit_farsi","separate_lane_no_inheritance","separate_lane_no_inheritance","consume_hefferon_vector_space_source_alignment","Needs Persian math reviewer for final textbook style.","leave_unpacked_in_durable_run_log; copy_to_route_sidecar=persianate_tajik; copy_to_row_group_sidecar=persian_farsi_vector_space_microdraft; copy_to_support_or_blocker_sidecar; include_in_convenience_zip_archive; session_b_can_consume_unpacked","R3_MICRO_EVIDENCE_ARTIFACT_20260704T040935Z","20260704T041521Z"
"r3run:0127","r3micro:persian_farsi_vector_space_microdraft:associative","persian_farsi_vector_space_microdraft:associative","persian_farsi_vector_space_microdraft","associative","associative","arabic; persianate_tajik; novel_blocked","persianate_tajik","persianate_farsi_lane; adjacent_linear_algebra_source_lane","HEFFERON_VECTOR_SPACE_DEFINITION_PERSIAN_FARSI_MICRODRAFT_20260702T071500Z.json","C:\Users\memo_\Documents\Codex\2026-06-28\see-attached-you-do-prompt-a-3\outputs\HEFFERON_VECTOR_SPACE_DEFINITION_PERSIAN_FARSI_MICRODRAFT_20260702T071500Z.json","source_id=microdraft_register; microdraft_use=شرکت‌پذیر","math_register_review_needed","source-gated R3 row from HEFFERON_VECTOR_SPACE_DEFINITION_PERSIAN_FARSI_MICRODRAFT_20260702T071500Z.json; primary owner persianate_tajik; downstream lane(s) persianate_farsi_lane; adjacent_linear_algebra_source_lane; evidence status math_register_review_needed; draft support emitted only from consume-routed surface fields","draft_noncanonical_micro_translation_support","emit_review_only_micro_support","Persian/Farsi draft support: شرکت‌پذیر","draft_support_available_review_only","dari_independent_gate_required; tajik_independent_gate_required; pan_turkic_no_merge_without_own_gate; urdu_hindustani_separate_lane_no_persianate_merge; arabic_lane_open_or_not_consumable","","","شرکت‌پذیر","","","","","noncanonical_micro_translation_support_for_named_route_only","false","false","false","false","do_not_consume_not_in_lane","consume_review_only_microdraft_support","source_question_only_do_not_inherit_farsi","source_question_only_do_not_inherit_farsi","separate_lane_no_inheritance","separate_lane_no_inheritance","consume_hefferon_vector_space_source_alignment","Needs Persian math reviewer for final textbook style.","leave_unpacked_in_durable_run_log; copy_to_route_sidecar=persianate_tajik; copy_to_row_group_sidecar=persian_farsi_vector_space_microdraft; copy_to_support_or_blocker_sidecar; include_in_convenience_zip_archive; session_b_can_consume_unpacked","R3_MICRO_EVIDENCE_ARTIFACT_20260704T040935Z","20260704T041521Z"
"r3run:0128","r3micro:persian_farsi_vector_space_microdraft:zero_vector","persian_farsi_vector_space_microdraft:zero_vector","persian_farsi_vector_space_microdraft","zero_vector","zero vector","arabic; persianate_tajik; novel_blocked","persianate_tajik","persianate_farsi_lane; adjacent_linear_algebra_source_lane","HEFFERON_VECTOR_SPACE_DEFINITION_PERSIAN_FARSI_MICRODRAFT_20260702T071500Z.json","C:\Users\memo_\Documents\Codex\2026-06-28\see-attached-you-do-prompt-a-3\outputs\HEFFERON_VECTOR_SPACE_DEFINITION_PERSIAN_FARSI_MICRODRAFT_20260702T071500Z.json","source_id=fawiki_linear_subspace_raw; fawiki_additive_identity_raw; microdraft_use=بردار صفر","source_backed_review_ready","source-gated R3 row from HEFFERON_VECTOR_SPACE_DEFINITION_PERSIAN_FARSI_MICRODRAFT_20260702T071500Z.json; primary owner persianate_tajik; downstream lane(s) persianate_farsi_lane; adjacent_linear_algebra_source_lane; evidence status source_backed_review_ready; draft support emitted only from consume-routed surface fields","draft_noncanonical_micro_translation_support","emit_review_only_micro_support","Persian/Farsi draft support: بردار صفر","draft_support_available_review_only","dari_independent_gate_required; tajik_independent_gate_required; pan_turkic_no_merge_without_own_gate; urdu_hindustani_separate_lane_no_persianate_merge; arabic_lane_open_or_not_consumable","","","بردار صفر","","","","","noncanonical_micro_translation_support_for_named_route_only","false","false","false","false","do_not_consume_not_in_lane","consume_review_only_microdraft_support","source_question_only_do_not_inherit_farsi","source_question_only_do_not_inherit_farsi","separate_lane_no_inheritance","separate_lane_no_inheritance","consume_hefferon_vector_space_source_alignment","Source-backed enough for review text; exact axiom phrasing still review-only.","leave_unpacked_in_durable_run_log; copy_to_route_sidecar=persianate_tajik; copy_to_row_group_sidecar=persian_farsi_vector_space_microdraft; copy_to_support_or_blocker_sidecar; include_in_convenience_zip_archive; session_b_can_consume_unpacked","R3_MICRO_EVIDENCE_ARTIFACT_20260704T040935Z","20260704T041521Z"
"r3run:0129","r3micro:persian_farsi_vector_space_microdraft:additive_inverse","persian_farsi_vector_space_microdraft:additive_inverse","persian_farsi_vector_space_microdraft","additive_inverse","additive inverse","arabic; persianate_tajik; novel_blocked","persianate_tajik","persianate_farsi_lane; adjacent_linear_algebra_source_lane","HEFFERON_VECTOR_SPACE_DEFINITION_PERSIAN_FARSI_MICRODRAFT_20260702T071500Z.json","C:\Users\memo_\Documents\Codex\2026-06-28\see-attached-you-do-prompt-a-3\outputs\HEFFERON_VECTOR_SPACE_DEFINITION_PERSIAN_FARSI_MICRODRAFT_20260702T071500Z.json","source_id=microdraft_register; fawiki_additive_identity_raw_supports_additive_identity_only; microdraft_use=وارون جمعی","review_needed_not_source_promoted","source-gated R3 row from HEFFERON_VECTOR_SPACE_DEFINITION_PERSIAN_FARSI_MICRODRAFT_20260702T071500Z.json; primary owner persianate_tajik; downstream lane(s) persianate_farsi_lane; adjacent_linear_algebra_source_lane; evidence status review_needed_not_source_promoted; draft support emitted only from consume-routed surface fields","draft_noncanonical_micro_translation_support","emit_review_only_micro_support","Persian/Farsi draft support: وارون جمعی / معکوس جمعی","draft_support_available_review_only","dari_independent_gate_required; tajik_independent_gate_required; pan_turkic_no_merge_without_own_gate; urdu_hindustani_separate_lane_no_persianate_merge; arabic_lane_open_or_not_consumable","","","وارون جمعی / معکوس جمعی","","","","","noncanonical_micro_translation_support_for_named_route_only","false","false","false","false","do_not_consume_not_in_lane","consume_review_only_microdraft_support","source_question_only_do_not_inherit_farsi","source_question_only_do_not_inherit_farsi","separate_lane_no_inheritance","separate_lane_no_inheritance","consume_hefferon_vector_space_source_alignment","Kept as review-only wording; do not promote without Persian math review.","leave_unpacked_in_durable_run_log; copy_to_route_sidecar=persianate_tajik; copy_to_row_group_sidecar=persian_farsi_vector_space_microdraft; copy_to_support_or_blocker_sidecar; include_in_convenience_zip_archive; session_b_can_consume_unpacked","R3_MICRO_EVIDENCE_ARTIFACT_20260704T040935Z","20260704T041521Z"
"r3run:0130","r3micro:persian_farsi_vector_space_microdraft:identity_operation","persian_farsi_vector_space_microdraft:identity_operation","persian_farsi_vector_space_microdraft","identity_operation","identity operation","arabic; persianate_tajik; novel_blocked","persianate_tajik","persianate_farsi_lane; adjacent_linear_algebra_source_lane","HEFFERON_VECTOR_SPACE_DEFINITION_PERSIAN_FARSI_MICRODRAFT_20260702T071500Z.json","C:\Users\memo_\Documents\Codex\2026-06-28\see-attached-you-do-prompt-a-3\outputs\HEFFERON_VECTOR_SPACE_DEFINITION_PERSIAN_FARSI_MICRODRAFT_20260702T071500Z.json","source_id=fawiki_additive_identity_raw; microdraft_use=عمل همانی","source_backed_context_review_needed","source-gated R3 row from HEFFERON_VECTOR_SPACE_DEFINITION_PERSIAN_FARSI_MICRODRAFT_20260702T071500Z.json; primary owner persianate_tajik; downstream lane(s) persianate_farsi_lane; adjacent_linear_algebra_source_lane; evidence status source_backed_context_review_needed; draft support emitted only from consume-routed surface fields","draft_noncanonical_micro_translation_support","emit_review_only_micro_support","Persian/Farsi draft support: عمل همانی","draft_support_available_review_only","dari_independent_gate_required; tajik_independent_gate_required; pan_turkic_no_merge_without_own_gate; urdu_hindustani_separate_lane_no_persianate_merge; arabic_lane_open_or_not_consumable","","","عمل همانی","","","","","noncanonical_micro_translation_support_for_named_route_only","false","false","false","false","do_not_consume_not_in_lane","consume_review_only_microdraft_support","source_question_only_do_not_inherit_farsi","source_question_only_do_not_inherit_farsi","separate_lane_no_inheritance","separate_lane_no_inheritance","consume_hefferon_vector_space_source_alignment","The additive identity source supports همانی language; scalar-1 identity wording remains context-gated.","leave_unpacked_in_durable_run_log; copy_to_route_sidecar=persianate_tajik; copy_to_row_group_sidecar=persian_farsi_vector_space_microdraft; copy_to_support_or_blocker_sidecar; include_in_convenience_zip_archive; session_b_can_consume_unpacked","R3_MICRO_EVIDENCE_ARTIFACT_20260704T040935Z","20260704T041521Z"
"r3run:0131","r3micro:persian_farsi_vector_space_microdraft:field","persian_farsi_vector_space_microdraft:field","persian_farsi_vector_space_microdraft","field","field","arabic; persianate_tajik; novel_blocked","persianate_tajik","persianate_farsi_lane; adjacent_linear_algebra_source_lane","HEFFERON_VECTOR_SPACE_DEFINITION_PERSIAN_FARSI_MICRODRAFT_20260702T071500Z.json","C:\Users\memo_\Documents\Codex\2026-06-28\see-attached-you-do-prompt-a-3\outputs\HEFFERON_VECTOR_SPACE_DEFINITION_PERSIAN_FARSI_MICRODRAFT_20260702T071500Z.json","source_id=fawiki_vector_space_raw; microdraft_use=not used in body","source_backed_background","source-gated R3 row from HEFFERON_VECTOR_SPACE_DEFINITION_PERSIAN_FARSI_MICRODRAFT_20260702T071500Z.json; primary owner persianate_tajik; downstream lane(s) persianate_farsi_lane; adjacent_linear_algebra_source_lane; evidence status source_backed_background; draft support emitted only from consume-routed surface fields","draft_noncanonical_micro_translation_support","emit_review_only_micro_support","Persian/Farsi draft support: میدان","draft_support_available_review_only","dari_independent_gate_required; tajik_independent_gate_required; pan_turkic_no_merge_without_own_gate; urdu_hindustani_separate_lane_no_persianate_merge; arabic_lane_open_or_not_consumable","","","میدان","","","","","noncanonical_micro_translation_support_for_named_route_only","false","false","false","false","do_not_consume_not_in_lane","consume_review_only_microdraft_support","source_question_only_do_not_inherit_farsi","source_question_only_do_not_inherit_farsi","separate_lane_no_inheritance","separate_lane_no_inheritance","consume_hefferon_vector_space_source_alignment","Hefferon slice is over R; field language is noted for future generalization.","leave_unpacked_in_durable_run_log; copy_to_route_sidecar=persianate_tajik; copy_to_row_group_sidecar=persian_farsi_vector_space_microdraft; copy_to_support_or_blocker_sidecar; include_in_convenience_zip_archive; session_b_can_consume_unpacked","R3_MICRO_EVIDENCE_ARTIFACT_20260704T040935Z","20260704T041521Z"
"r3run:0132","r3micro:persian_farsi_vector_space_microdraft:inner_product_false_friend","persian_farsi_vector_space_microdraft:inner_product_false_friend","persian_farsi_vector_space_microdraft","inner_product_false_friend","inner product / scalar product false friend","arabic; persianate_tajik; novel_blocked","persianate_tajik","persianate_farsi_lane; adjacent_linear_algebra_source_lane","HEFFERON_VECTOR_SPACE_DEFINITION_PERSIAN_FARSI_MICRODRAFT_20260702T071500Z.json","C:\Users\memo_\Documents\Codex\2026-06-28\see-attached-you-do-prompt-a-3\outputs\HEFFERON_VECTOR_SPACE_DEFINITION_PERSIAN_FARSI_MICRODRAFT_20260702T071500Z.json","source_id=fawiki_inner_product_raw; microdraft_use=guardrail only","source_backed_guardrail","source-gated R3 row from HEFFERON_VECTOR_SPACE_DEFINITION_PERSIAN_FARSI_MICRODRAFT_20260702T071500Z.json; primary owner persianate_tajik; downstream lane(s) persianate_farsi_lane; adjacent_linear_algebra_source_lane; evidence status source_backed_guardrail; draft support emitted only from consume-routed surface fields","draft_noncanonical_micro_translation_support","emit_review_only_micro_support","Persian/Farsi draft support: ضرب داخلی / ضرب اسکالر","draft_support_available_review_only","dari_independent_gate_required; tajik_independent_gate_required; pan_turkic_no_merge_without_own_gate; urdu_hindustani_separate_lane_no_persianate_merge; arabic_lane_open_or_not_consumable","","","ضرب داخلی / ضرب اسکالر","","","","","noncanonical_micro_translation_support_for_named_route_only","false","false","false","false","do_not_consume_not_in_lane","consume_review_only_microdraft_support","source_question_only_do_not_inherit_farsi","source_question_only_do_not_inherit_farsi","separate_lane_no_inheritance","separate_lane_no_inheritance","consume_hefferon_vector_space_source_alignment","Do not use scalar-product terminology for Hefferon scalar multiplication.","leave_unpacked_in_durable_run_log; copy_to_route_sidecar=persianate_tajik; copy_to_row_group_sidecar=persian_farsi_vector_space_microdraft; copy_to_support_or_blocker_sidecar; include_in_convenience_zip_archive; session_b_can_consume_unpacked","R3_MICRO_EVIDENCE_ARTIFACT_20260704T040935Z","20260704T041521Z"
"r3run:0133","r3micro:tajik_cyrillic_vector_space_microdraft:vector_space","tajik_cyrillic_vector_space_microdraft:vector_space","tajik_cyrillic_vector_space_microdraft","vector_space","vector space","arabic; persianate_tajik; novel_blocked","persianate_tajik","tajik_cyrillic_lane; adjacent_linear_algebra_source_lane","HEFFERON_VECTOR_SPACE_DEFINITION_TAJIK_MICRODRAFT_20260701T200135Z.json","C:\Users\memo_\Documents\Codex\2026-06-28\see-attached-you-do-prompt-a-3\outputs\HEFFERON_VECTOR_SPACE_DEFINITION_TAJIK_MICRODRAFT_20260701T200135Z.json","source_id=tg_wikipedia_linear_algebra; microdraft_use=фазои векторӣ","source_backed_native_tajik_html_review_ready","source-gated R3 row from HEFFERON_VECTOR_SPACE_DEFINITION_TAJIK_MICRODRAFT_20260701T200135Z.json; primary owner persianate_tajik; downstream lane(s) tajik_cyrillic_lane; adjacent_linear_algebra_source_lane; evidence status source_backed_native_tajik_html_review_ready; draft support emitted only from consume-routed surface fields","draft_noncanonical_micro_translation_support","emit_review_only_micro_support","Tajik Cyrillic draft support: фазои векторӣ","draft_support_available_review_only","pan_turkic_no_merge_without_own_gate; urdu_hindustani_separate_lane_no_persianate_merge; arabic_lane_open_or_not_consumable; persian_farsi_lane_open_or_not_consumable","","","","","фазои векторӣ","","","noncanonical_micro_translation_support_for_named_route_only","false","false","false","false","do_not_consume_not_in_lane","do_not_consume_not_in_lane","do_not_consume_not_in_lane","consume_review_only_microdraft_support","separate_lane_no_inheritance","separate_lane_no_inheritance","consume_hefferon_vector_space_source_alignment","Used for Hefferon vector space; KHKT also has фазои хаттӣ/фазоҳои хаттӣ as a related linear-space lane requiring review.","leave_unpacked_in_durable_run_log; copy_to_route_sidecar=persianate_tajik; copy_to_row_group_sidecar=tajik_cyrillic_vector_space_microdraft; copy_to_support_or_blocker_sidecar; include_in_convenience_zip_archive; session_b_can_consume_unpacked","R3_MICRO_EVIDENCE_ARTIFACT_20260704T040935Z","20260704T041521Z"
"r3run:0134","r3micro:tajik_cyrillic_vector_space_microdraft:vector","tajik_cyrillic_vector_space_microdraft:vector","tajik_cyrillic_vector_space_microdraft","vector","vector","arabic; persianate_tajik; novel_blocked","persianate_tajik","tajik_cyrillic_lane; adjacent_linear_algebra_source_lane","HEFFERON_VECTOR_SPACE_DEFINITION_TAJIK_MICRODRAFT_20260701T200135Z.json","C:\Users\memo_\Documents\Codex\2026-06-28\see-attached-you-do-prompt-a-3\outputs\HEFFERON_VECTOR_SPACE_DEFINITION_TAJIK_MICRODRAFT_20260701T200135Z.json","source_id=tg_wikipedia_linear_algebra; khkt_asoshoi_algebrai_khatti; hgu_open_algebra_class; microdraft_use=вектор","source_backed_native_tajik_html_review_ready","source-gated R3 row from HEFFERON_VECTOR_SPACE_DEFINITION_TAJIK_MICRODRAFT_20260701T200135Z.json; primary owner persianate_tajik; downstream lane(s) tajik_cyrillic_lane; adjacent_linear_algebra_source_lane; evidence status source_backed_native_tajik_html_review_ready; draft support emitted only from consume-routed surface fields","draft_noncanonical_micro_translation_support","emit_review_only_micro_support","Tajik Cyrillic draft support: вектор","draft_support_available_review_only","pan_turkic_no_merge_without_own_gate; urdu_hindustani_separate_lane_no_persianate_merge; arabic_lane_open_or_not_consumable; persian_farsi_lane_open_or_not_consumable","","","","","вектор","","","noncanonical_micro_translation_support_for_named_route_only","false","false","false","false","do_not_consume_not_in_lane","do_not_consume_not_in_lane","do_not_consume_not_in_lane","consume_review_only_microdraft_support","separate_lane_no_inheritance","separate_lane_no_inheritance","consume_hefferon_vector_space_source_alignment","Do not substitute Persian бурдор unless a Tajik Cyrillic source or reviewer specifically asks for it.","leave_unpacked_in_durable_run_log; copy_to_route_sidecar=persianate_tajik; copy_to_row_group_sidecar=tajik_cyrillic_vector_space_microdraft; copy_to_support_or_blocker_sidecar; include_in_convenience_zip_archive; session_b_can_consume_unpacked","R3_MICRO_EVIDENCE_ARTIFACT_20260704T040935Z","20260704T041521Z"
"r3run:0135","r3micro:tajik_cyrillic_vector_space_microdraft:linear_algebra","tajik_cyrillic_vector_space_microdraft:linear_algebra","tajik_cyrillic_vector_space_microdraft","linear_algebra","linear algebra","arabic; persianate_tajik; novel_blocked","persianate_tajik","tajik_cyrillic_lane; adjacent_linear_algebra_source_lane","HEFFERON_VECTOR_SPACE_DEFINITION_TAJIK_MICRODRAFT_20260701T200135Z.json","C:\Users\memo_\Documents\Codex\2026-06-28\see-attached-you-do-prompt-a-3\outputs\HEFFERON_VECTOR_SPACE_DEFINITION_TAJIK_MICRODRAFT_20260701T200135Z.json","source_id=tg_wikipedia_linear_algebra; khkt_asoshoi_algebrai_khatti; microdraft_use=source note only","source_backed_native_and_catalog_review_ready","source-gated R3 row from HEFFERON_VECTOR_SPACE_DEFINITION_TAJIK_MICRODRAFT_20260701T200135Z.json; primary owner persianate_tajik; downstream lane(s) tajik_cyrillic_lane; adjacent_linear_algebra_source_lane; evidence status source_backed_native_and_catalog_review_ready; draft support emitted only from consume-routed surface fields","draft_noncanonical_micro_translation_support","emit_review_only_micro_support","Tajik Cyrillic draft support: алгебраи хаттӣ","draft_support_available_review_only","pan_turkic_no_merge_without_own_gate; urdu_hindustani_separate_lane_no_persianate_merge; arabic_lane_open_or_not_consumable; persian_farsi_lane_open_or_not_consumable","","","","","алгебраи хаттӣ","","","noncanonical_micro_translation_support_for_named_route_only","false","false","false","false","do_not_consume_not_in_lane","do_not_consume_not_in_lane","do_not_consume_not_in_lane","consume_review_only_microdraft_support","separate_lane_no_inheritance","separate_lane_no_inheritance","consume_hefferon_vector_space_source_alignment","Core lane label.","leave_unpacked_in_durable_run_log; copy_to_route_sidecar=persianate_tajik; copy_to_row_group_sidecar=tajik_cyrillic_vector_space_microdraft; copy_to_support_or_blocker_sidecar; include_in_convenience_zip_archive; session_b_can_consume_unpacked","R3_MICRO_EVIDENCE_ARTIFACT_20260704T040935Z","20260704T041521Z"
"r3run:0136","r3micro:tajik_cyrillic_vector_space_microdraft:linear_dependence","tajik_cyrillic_vector_space_microdraft:linear_dependence","tajik_cyrillic_vector_space_microdraft","linear_dependence","linear dependence","arabic; persianate_tajik; novel_blocked","persianate_tajik","tajik_cyrillic_lane; adjacent_linear_algebra_source_lane","HEFFERON_VECTOR_SPACE_DEFINITION_TAJIK_MICRODRAFT_20260701T200135Z.json","C:\Users\memo_\Documents\Codex\2026-06-28\see-attached-you-do-prompt-a-3\outputs\HEFFERON_VECTOR_SPACE_DEFINITION_TAJIK_MICRODRAFT_20260701T200135Z.json","source_id=tg_wikipedia_linear_dependence; microdraft_use=review note only","source_backed_native_tajik_html_review_ready","source-gated R3 row from HEFFERON_VECTOR_SPACE_DEFINITION_TAJIK_MICRODRAFT_20260701T200135Z.json; primary owner persianate_tajik; downstream lane(s) tajik_cyrillic_lane; adjacent_linear_algebra_source_lane; evidence status source_backed_native_tajik_html_review_ready; draft support emitted only from consume-routed surface fields","draft_noncanonical_micro_translation_support","emit_review_only_micro_support","Tajik Cyrillic draft support: вобастагии хаттӣ","draft_support_available_review_only","pan_turkic_no_merge_without_own_gate; urdu_hindustani_separate_lane_no_persianate_merge; arabic_lane_open_or_not_consumable; persian_farsi_lane_open_or_not_consumable","","","","","вобастагии хаттӣ","","","noncanonical_micro_translation_support_for_named_route_only","false","false","false","false","do_not_consume_not_in_lane","do_not_consume_not_in_lane","do_not_consume_not_in_lane","consume_review_only_microdraft_support","separate_lane_no_inheritance","separate_lane_no_inheritance","consume_hefferon_vector_space_source_alignment","Useful for later axiom/independence slices.","leave_unpacked_in_durable_run_log; copy_to_route_sidecar=persianate_tajik; copy_to_row_group_sidecar=tajik_cyrillic_vector_space_microdraft; copy_to_support_or_blocker_sidecar; include_in_convenience_zip_archive; session_b_can_consume_unpacked","R3_MICRO_EVIDENCE_ARTIFACT_20260704T040935Z","20260704T041521Z"
"r3run:0137","r3micro:tajik_cyrillic_vector_space_microdraft:linear_combination","tajik_cyrillic_vector_space_microdraft:linear_combination","tajik_cyrillic_vector_space_microdraft","linear_combination","linear combination","arabic; persianate_tajik; novel_blocked","persianate_tajik","tajik_cyrillic_lane; adjacent_linear_algebra_source_lane","HEFFERON_VECTOR_SPACE_DEFINITION_TAJIK_MICRODRAFT_20260701T200135Z.json","C:\Users\memo_\Documents\Codex\2026-06-28\see-attached-you-do-prompt-a-3\outputs\HEFFERON_VECTOR_SPACE_DEFINITION_TAJIK_MICRODRAFT_20260701T200135Z.json","source_id=tg_wikipedia_linear_dependence; microdraft_use=review note only","source_backed_native_tajik_html_review_ready","source-gated R3 row from HEFFERON_VECTOR_SPACE_DEFINITION_TAJIK_MICRODRAFT_20260701T200135Z.json; primary owner persianate_tajik; downstream lane(s) tajik_cyrillic_lane; adjacent_linear_algebra_source_lane; evidence status source_backed_native_tajik_html_review_ready; draft support emitted only from consume-routed surface fields","draft_noncanonical_micro_translation_support","emit_review_only_micro_support","Tajik Cyrillic draft support: комбинатсияи хаттӣ","draft_support_available_review_only","pan_turkic_no_merge_without_own_gate; urdu_hindustani_separate_lane_no_persianate_merge; arabic_lane_open_or_not_consumable; persian_farsi_lane_open_or_not_consumable","","","","","комбинатсияи хаттӣ","","","noncanonical_micro_translation_support_for_named_route_only","false","false","false","false","do_not_consume_not_in_lane","do_not_consume_not_in_lane","do_not_consume_not_in_lane","consume_review_only_microdraft_support","separate_lane_no_inheritance","separate_lane_no_inheritance","consume_hefferon_vector_space_source_alignment","Useful for later span/linear dependence slices.","leave_unpacked_in_durable_run_log; copy_to_route_sidecar=persianate_tajik; copy_to_row_group_sidecar=tajik_cyrillic_vector_space_microdraft; copy_to_support_or_blocker_sidecar; include_in_convenience_zip_archive; session_b_can_consume_unpacked","R3_MICRO_EVIDENCE_ARTIFACT_20260704T040935Z","20260704T041521Z"
"r3run:0138","r3micro:tajik_cyrillic_vector_space_microdraft:matrix","tajik_cyrillic_vector_space_microdraft:matrix","tajik_cyrillic_vector_space_microdraft","matrix","matrix","arabic; persianate_tajik; novel_blocked","persianate_tajik","tajik_cyrillic_lane; adjacent_linear_algebra_source_lane","HEFFERON_VECTOR_SPACE_DEFINITION_TAJIK_MICRODRAFT_20260701T200135Z.json","C:\Users\memo_\Documents\Codex\2026-06-28\see-attached-you-do-prompt-a-3\outputs\HEFFERON_VECTOR_SPACE_DEFINITION_TAJIK_MICRODRAFT_20260701T200135Z.json","source_id=tg_wikipedia_linear_algebra; khkt_asoshoi_algebrai_khatti; microdraft_use=not central in this slice","source_backed_variation_needs_review","source-gated R3 row from HEFFERON_VECTOR_SPACE_DEFINITION_TAJIK_MICRODRAFT_20260701T200135Z.json; primary owner persianate_tajik; downstream lane(s) tajik_cyrillic_lane; adjacent_linear_algebra_source_lane; evidence status source_backed_variation_needs_review; draft support emitted only from consume-routed surface fields","draft_noncanonical_micro_translation_support","emit_review_only_micro_support","Tajik Cyrillic draft support: матритса / матриса","draft_support_available_review_only","pan_turkic_no_merge_without_own_gate; urdu_hindustani_separate_lane_no_persianate_merge; arabic_lane_open_or_not_consumable; persian_farsi_lane_open_or_not_consumable","","","","","матритса / матриса","","","noncanonical_micro_translation_support_for_named_route_only","false","false","false","false","do_not_consume_not_in_lane","do_not_consume_not_in_lane","do_not_consume_not_in_lane","consume_review_only_microdraft_support","separate_lane_no_inheritance","separate_lane_no_inheritance","consume_hefferon_vector_space_source_alignment","Existing packet observed матритсаҳо and матрисаҳо variation; keep both until reviewer resolves.","leave_unpacked_in_durable_run_log; copy_to_route_sidecar=persianate_tajik; copy_to_row_group_sidecar=tajik_cyrillic_vector_space_microdraft; copy_to_support_or_blocker_sidecar; include_in_convenience_zip_archive; session_b_can_consume_unpacked","R3_MICRO_EVIDENCE_ARTIFACT_20260704T040935Z","20260704T041521Z"
"r3run:0139","r3micro:tajik_cyrillic_vector_space_microdraft:scalar","tajik_cyrillic_vector_space_microdraft:scalar","tajik_cyrillic_vector_space_microdraft","scalar","scalar","arabic; persianate_tajik; novel_blocked","persianate_tajik","tajik_cyrillic_lane; adjacent_linear_algebra_source_lane","HEFFERON_VECTOR_SPACE_DEFINITION_TAJIK_MICRODRAFT_20260701T200135Z.json","C:\Users\memo_\Documents\Codex\2026-06-28\see-attached-you-do-prompt-a-3\outputs\HEFFERON_VECTOR_SPACE_DEFINITION_TAJIK_MICRODRAFT_20260701T200135Z.json","source_id=tg_wikipedia_speed_scalar_vector; microdraft_use=скаляр","native_lexical_support_not_linear_algebra_definition","source-gated R3 row from HEFFERON_VECTOR_SPACE_DEFINITION_TAJIK_MICRODRAFT_20260701T200135Z.json; primary owner persianate_tajik; downstream lane(s) tajik_cyrillic_lane; adjacent_linear_algebra_source_lane; evidence status native_lexical_support_not_linear_algebra_definition; draft support emitted only from consume-routed surface fields","draft_noncanonical_micro_translation_support","emit_review_only_micro_support","Tajik Cyrillic draft support: скаляр","draft_support_available_review_only","pan_turkic_no_merge_without_own_gate; urdu_hindustani_separate_lane_no_persianate_merge; arabic_lane_open_or_not_consumable; persian_farsi_lane_open_or_not_consumable","","","","","скаляр","","","noncanonical_micro_translation_support_for_named_route_only","false","false","false","false","do_not_consume_not_in_lane","do_not_consume_not_in_lane","do_not_consume_not_in_lane","consume_review_only_microdraft_support","separate_lane_no_inheritance","separate_lane_no_inheritance","consume_hefferon_vector_space_source_alignment","Use is review-only in this vector-space definition; stronger algebra-specific source still desirable.","leave_unpacked_in_durable_run_log; copy_to_route_sidecar=persianate_tajik; copy_to_row_group_sidecar=tajik_cyrillic_vector_space_microdraft; copy_to_support_or_blocker_sidecar; include_in_convenience_zip_archive; session_b_can_consume_unpacked","R3_MICRO_EVIDENCE_ARTIFACT_20260704T040935Z","20260704T041521Z"
"r3run:0140","r3micro:tajik_cyrillic_vector_space_microdraft:scalar_multiplication","tajik_cyrillic_vector_space_microdraft:scalar_multiplication","tajik_cyrillic_vector_space_microdraft","scalar_multiplication","scalar multiplication","arabic; persianate_tajik; novel_blocked","persianate_tajik","tajik_cyrillic_lane; adjacent_linear_algebra_source_lane","HEFFERON_VECTOR_SPACE_DEFINITION_TAJIK_MICRODRAFT_20260701T200135Z.json","C:\Users\memo_\Documents\Codex\2026-06-28\see-attached-you-do-prompt-a-3\outputs\HEFFERON_VECTOR_SPACE_DEFINITION_TAJIK_MICRODRAFT_20260701T200135Z.json","source_id=microdraft_inference; khkt has зарби скалярии for scalar product and must not be conflated; microdraft_use=зарб ба скаляр","draft_paraphrase_needs_native_math_review","source-gated R3 row from HEFFERON_VECTOR_SPACE_DEFINITION_TAJIK_MICRODRAFT_20260701T200135Z.json; primary owner persianate_tajik; downstream lane(s) tajik_cyrillic_lane; adjacent_linear_algebra_source_lane; evidence status draft_paraphrase_needs_native_math_review; draft support emitted only from consume-routed surface fields","draft_noncanonical_micro_translation_support","emit_review_only_micro_support","Tajik Cyrillic draft support: зарб ба скаляр","draft_support_available_review_only","pan_turkic_no_merge_without_own_gate; urdu_hindustani_separate_lane_no_persianate_merge; arabic_lane_open_or_not_consumable; persian_farsi_lane_open_or_not_consumable","","","","","зарб ба скаляр","","","noncanonical_micro_translation_support_for_named_route_only","false","false","false","false","do_not_consume_not_in_lane","do_not_consume_not_in_lane","do_not_consume_not_in_lane","consume_review_only_microdraft_support","separate_lane_no_inheritance","separate_lane_no_inheritance","consume_hefferon_vector_space_source_alignment","Avoid promoting зарби скалярӣ for scalar multiplication because KHKT uses it for scalar product.","leave_unpacked_in_durable_run_log; copy_to_route_sidecar=persianate_tajik; copy_to_row_group_sidecar=tajik_cyrillic_vector_space_microdraft; copy_to_support_or_blocker_sidecar; include_in_convenience_zip_archive; session_b_can_consume_unpacked","R3_MICRO_EVIDENCE_ARTIFACT_20260704T040935Z","20260704T041521Z"
"r3run:0141","r3micro:tajik_cyrillic_vector_space_microdraft:closed_under_operation","tajik_cyrillic_vector_space_microdraft:closed_under_operation","tajik_cyrillic_vector_space_microdraft","closed_under_operation","closed under operation","arabic; persianate_tajik; novel_blocked","persianate_tajik","tajik_cyrillic_lane; adjacent_linear_algebra_source_lane","HEFFERON_VECTOR_SPACE_DEFINITION_TAJIK_MICRODRAFT_20260701T200135Z.json","C:\Users\memo_\Documents\Codex\2026-06-28\see-attached-you-do-prompt-a-3\outputs\HEFFERON_VECTOR_SPACE_DEFINITION_TAJIK_MICRODRAFT_20260701T200135Z.json","source_id=microdraft_inference; microdraft_use=зери ҷамъ / зери зарб ба скаляр баста аст","draft_paraphrase_needs_native_math_review","source-gated R3 row from HEFFERON_VECTOR_SPACE_DEFINITION_TAJIK_MICRODRAFT_20260701T200135Z.json; primary owner persianate_tajik; downstream lane(s) tajik_cyrillic_lane; adjacent_linear_algebra_source_lane; evidence status draft_paraphrase_needs_native_math_review; draft support emitted only from consume-routed surface fields","draft_noncanonical_micro_translation_support","emit_review_only_micro_support","Tajik Cyrillic draft support: зери амал баста аст","draft_support_available_review_only","pan_turkic_no_merge_without_own_gate; urdu_hindustani_separate_lane_no_persianate_merge; arabic_lane_open_or_not_consumable; persian_farsi_lane_open_or_not_consumable","","","","","зери амал баста аст","","","noncanonical_micro_translation_support_for_named_route_only","false","false","false","false","do_not_consume_not_in_lane","do_not_consume_not_in_lane","do_not_consume_not_in_lane","consume_review_only_microdraft_support","separate_lane_no_inheritance","separate_lane_no_inheritance","consume_hefferon_vector_space_source_alignment","Closure wording requires Tajik math review.","leave_unpacked_in_durable_run_log; copy_to_route_sidecar=persianate_tajik; copy_to_row_group_sidecar=tajik_cyrillic_vector_space_microdraft; copy_to_support_or_blocker_sidecar; include_in_convenience_zip_archive; session_b_can_consume_unpacked","R3_MICRO_EVIDENCE_ARTIFACT_20260704T040935Z","20260704T041521Z"
"r3run:0142","r3micro:tajik_cyrillic_vector_space_microdraft:zero_vector","tajik_cyrillic_vector_space_microdraft:zero_vector","tajik_cyrillic_vector_space_microdraft","zero_vector","zero vector","arabic; persianate_tajik; novel_blocked","persianate_tajik","tajik_cyrillic_lane; adjacent_linear_algebra_source_lane","HEFFERON_VECTOR_SPACE_DEFINITION_TAJIK_MICRODRAFT_20260701T200135Z.json","C:\Users\memo_\Documents\Codex\2026-06-28\see-attached-you-do-prompt-a-3\outputs\HEFFERON_VECTOR_SPACE_DEFINITION_TAJIK_MICRODRAFT_20260701T200135Z.json","source_id=microdraft_inference; microdraft_use=вектори сифрӣ","draft_paraphrase_needs_native_math_review","source-gated R3 row from HEFFERON_VECTOR_SPACE_DEFINITION_TAJIK_MICRODRAFT_20260701T200135Z.json; primary owner persianate_tajik; downstream lane(s) tajik_cyrillic_lane; adjacent_linear_algebra_source_lane; evidence status draft_paraphrase_needs_native_math_review; draft support emitted only from consume-routed surface fields","draft_noncanonical_micro_translation_support","emit_review_only_micro_support","Tajik Cyrillic draft support: вектори сифрӣ","draft_support_available_review_only","pan_turkic_no_merge_without_own_gate; urdu_hindustani_separate_lane_no_persianate_merge; arabic_lane_open_or_not_consumable; persian_farsi_lane_open_or_not_consumable","","","","","вектори сифрӣ","","","noncanonical_micro_translation_support_for_named_route_only","false","false","false","false","do_not_consume_not_in_lane","do_not_consume_not_in_lane","do_not_consume_not_in_lane","consume_review_only_microdraft_support","separate_lane_no_inheritance","separate_lane_no_inheritance","consume_hefferon_vector_space_source_alignment","Check against Tajik textbook convention before promotion.","leave_unpacked_in_durable_run_log; copy_to_route_sidecar=persianate_tajik; copy_to_row_group_sidecar=tajik_cyrillic_vector_space_microdraft; copy_to_support_or_blocker_sidecar; include_in_convenience_zip_archive; session_b_can_consume_unpacked","R3_MICRO_EVIDENCE_ARTIFACT_20260704T040935Z","20260704T041521Z"
"r3run:0143","r3micro:tajik_cyrillic_vector_space_microdraft:additive_inverse","tajik_cyrillic_vector_space_microdraft:additive_inverse","tajik_cyrillic_vector_space_microdraft","additive_inverse","additive inverse","arabic; persianate_tajik; novel_blocked","persianate_tajik","tajik_cyrillic_lane; adjacent_linear_algebra_source_lane","HEFFERON_VECTOR_SPACE_DEFINITION_TAJIK_MICRODRAFT_20260701T200135Z.json","C:\Users\memo_\Documents\Codex\2026-06-28\see-attached-you-do-prompt-a-3\outputs\HEFFERON_VECTOR_SPACE_DEFINITION_TAJIK_MICRODRAFT_20260701T200135Z.json","source_id=microdraft_inference; microdraft_use=вектори муқобили ҷамъӣ","draft_paraphrase_needs_native_math_review","source-gated R3 row from HEFFERON_VECTOR_SPACE_DEFINITION_TAJIK_MICRODRAFT_20260701T200135Z.json; primary owner persianate_tajik; downstream lane(s) tajik_cyrillic_lane; adjacent_linear_algebra_source_lane; evidence status draft_paraphrase_needs_native_math_review; draft support emitted only from consume-routed surface fields","draft_noncanonical_micro_translation_support","emit_review_only_micro_support","Tajik Cyrillic draft support: вектори муқобили ҷамъӣ","draft_support_available_review_only","pan_turkic_no_merge_without_own_gate; urdu_hindustani_separate_lane_no_persianate_merge; arabic_lane_open_or_not_consumable; persian_farsi_lane_open_or_not_consumable","","","","","вектори муқобили ҷамъӣ","","","noncanonical_micro_translation_support_for_named_route_only","false","false","false","false","do_not_consume_not_in_lane","do_not_consume_not_in_lane","do_not_consume_not_in_lane","consume_review_only_microdraft_support","separate_lane_no_inheritance","separate_lane_no_inheritance","consume_hefferon_vector_space_source_alignment","Phrase chosen to make the algebraic role visible; review required.","leave_unpacked_in_durable_run_log; copy_to_route_sidecar=persianate_tajik; copy_to_row_group_sidecar=tajik_cyrillic_vector_space_microdraft; copy_to_support_or_blocker_sidecar; include_in_convenience_zip_archive; session_b_can_consume_unpacked","R3_MICRO_EVIDENCE_ARTIFACT_20260704T040935Z","20260704T041521Z"
"r3run:0144","r3micro:tajik_cyrillic_vector_space_microdraft:eigen_pair","tajik_cyrillic_vector_space_microdraft:eigen_pair","tajik_cyrillic_vector_space_microdraft","eigen_pair","eigenvalue/eigenvector","arabic; persianate_tajik; novel_blocked","persianate_tajik","tajik_cyrillic_lane; adjacent_linear_algebra_source_lane","HEFFERON_VECTOR_SPACE_DEFINITION_TAJIK_MICRODRAFT_20260701T200135Z.json","C:\Users\memo_\Documents\Codex\2026-06-28\see-attached-you-do-prompt-a-3\outputs\HEFFERON_VECTOR_SPACE_DEFINITION_TAJIK_MICRODRAFT_20260701T200135Z.json","source_id=hgu_open_algebra_class; khkt_asoshoi_algebrai_khatti; microdraft_use=not used in this slice","nonpdf_html_and_catalog_witness_not_definition_level","source-gated R3 row from HEFFERON_VECTOR_SPACE_DEFINITION_TAJIK_MICRODRAFT_20260701T200135Z.json; primary owner persianate_tajik; downstream lane(s) tajik_cyrillic_lane; adjacent_linear_algebra_source_lane; evidence status nonpdf_html_and_catalog_witness_not_definition_level; draft support emitted only from consume-routed surface fields","draft_noncanonical_micro_translation_support","emit_review_only_micro_support","Tajik Cyrillic draft support: қимати хос / вектори хоси матритса; векторҳои хос ва қиматҳои хоси оператори хаттӣ","draft_support_available_review_only","pan_turkic_no_merge_without_own_gate; urdu_hindustani_separate_lane_no_persianate_merge; arabic_lane_open_or_not_consumable; persian_farsi_lane_open_or_not_consumable","","","","","қимати хос / вектори хоси матритса; векторҳои хос ва қиматҳои хоси оператори хаттӣ","","","noncanonical_micro_translation_support_for_named_route_only","false","false","false","false","do_not_consume_not_in_lane","do_not_consume_not_in_lane","do_not_consume_not_in_lane","consume_review_only_microdraft_support","separate_lane_no_inheritance","separate_lane_no_inheritance","consume_hefferon_vector_space_source_alignment","Upgrades from pure lead-only to non-PDF witness, but still not a full definition gate.","leave_unpacked_in_durable_run_log; copy_to_route_sidecar=persianate_tajik; copy_to_row_group_sidecar=tajik_cyrillic_vector_space_microdraft; copy_to_support_or_blocker_sidecar; include_in_convenience_zip_archive; session_b_can_consume_unpacked","R3_MICRO_EVIDENCE_ARTIFACT_20260704T040935Z","20260704T041521Z"
"r3run:0145","r3micro:urdu_hindustani_vector_space_microdraft:vector_space","urdu_hindustani_vector_space_microdraft:vector_space","urdu_hindustani_vector_space_microdraft","vector_space","vector space","arabic; persianate_tajik; novel_blocked","novel_blocked","urdu_hindustani_separate_lane; adjacent_linear_algebra_source_lane","HEFFERON_VECTOR_SPACE_DEFINITION_URDU_MICRODRAFT_20260702T085500Z.json","C:\Users\memo_\Documents\Codex\2026-06-28\see-attached-you-do-prompt-a-3\outputs\HEFFERON_VECTOR_SPACE_DEFINITION_URDU_MICRODRAFT_20260702T085500Z.json","source_id=urwiki_vector_space_raw; microdraft_use=سمتیہ مکان","source_backed_review_ready_with_title_variant","source-gated R3 row from HEFFERON_VECTOR_SPACE_DEFINITION_URDU_MICRODRAFT_20260702T085500Z.json; primary owner novel_blocked; downstream lane(s) urdu_hindustani_separate_lane; adjacent_linear_algebra_source_lane; evidence status source_backed_review_ready_with_title_variant; draft support emitted only from consume-routed surface fields","draft_noncanonical_micro_translation_support","emit_review_only_micro_support","Urdu/Hindustani separate-lane support: سمتیہ مکان / سمتیہ مکاں / لکیری مکان","draft_support_available_review_only","pan_turkic_no_merge_without_own_gate; urdu_hindustani_separate_lane_no_persianate_merge; arabic_lane_open_or_not_consumable; persian_farsi_lane_open_or_not_consumable","","","","","","سمتیہ مکان / سمتیہ مکاں / لکیری مکان","","noncanonical_micro_translation_support_for_named_route_only","false","false","false","false","do_not_consume_not_in_lane","do_not_consume_not_in_lane","do_not_consume_not_in_lane","do_not_consume_not_in_lane","separate_lane_review_only_no_persianate_merge","separate_lane_no_inheritance","consume_hefferon_vector_space_source_alignment","Page title uses مکاں; term table and prose support سمتیہ مکان and لکیری مکان.","leave_unpacked_in_durable_run_log; copy_to_route_sidecar=novel_blocked; copy_to_row_group_sidecar=urdu_hindustani_vector_space_microdraft; copy_to_support_or_blocker_sidecar; include_in_convenience_zip_archive; session_b_can_consume_unpacked","R3_MICRO_EVIDENCE_ARTIFACT_20260704T040935Z","20260704T041521Z"
"r3run:0146","r3micro:urdu_hindustani_vector_space_microdraft:vector","urdu_hindustani_vector_space_microdraft:vector","urdu_hindustani_vector_space_microdraft","vector","vector","arabic; persianate_tajik; novel_blocked","novel_blocked","urdu_hindustani_separate_lane; adjacent_linear_algebra_source_lane","HEFFERON_VECTOR_SPACE_DEFINITION_URDU_MICRODRAFT_20260702T085500Z.json","C:\Users\memo_\Documents\Codex\2026-06-28\see-attached-you-do-prompt-a-3\outputs\HEFFERON_VECTOR_SPACE_DEFINITION_URDU_MICRODRAFT_20260702T085500Z.json","source_id=urwiki_vector_space_raw; urwiki_linear_algebra_raw; urwiki_euclidean_vector_raw; microdraft_use=سمتیہ","source_backed_review_ready","source-gated R3 row from HEFFERON_VECTOR_SPACE_DEFINITION_URDU_MICRODRAFT_20260702T085500Z.json; primary owner novel_blocked; downstream lane(s) urdu_hindustani_separate_lane; adjacent_linear_algebra_source_lane; evidence status source_backed_review_ready; draft support emitted only from consume-routed surface fields","draft_noncanonical_micro_translation_support","emit_review_only_micro_support","Urdu/Hindustani separate-lane support: سمتیہ","draft_support_available_review_only","pan_turkic_no_merge_without_own_gate; urdu_hindustani_separate_lane_no_persianate_merge; arabic_lane_open_or_not_consumable; persian_farsi_lane_open_or_not_consumable","","","","","","سمتیہ","","noncanonical_micro_translation_support_for_named_route_only","false","false","false","false","do_not_consume_not_in_lane","do_not_consume_not_in_lane","do_not_consume_not_in_lane","do_not_consume_not_in_lane","separate_lane_review_only_no_persianate_merge","separate_lane_no_inheritance","consume_hefferon_vector_space_source_alignment","Used for quantified objects in V.","leave_unpacked_in_durable_run_log; copy_to_route_sidecar=novel_blocked; copy_to_row_group_sidecar=urdu_hindustani_vector_space_microdraft; copy_to_support_or_blocker_sidecar; include_in_convenience_zip_archive; session_b_can_consume_unpacked","R3_MICRO_EVIDENCE_ARTIFACT_20260704T040935Z","20260704T041521Z"
"r3run:0147","r3micro:urdu_hindustani_vector_space_microdraft:linear_space","urdu_hindustani_vector_space_microdraft:linear_space","urdu_hindustani_vector_space_microdraft","linear_space","linear space","arabic; persianate_tajik; novel_blocked","novel_blocked","urdu_hindustani_separate_lane; adjacent_linear_algebra_source_lane","HEFFERON_VECTOR_SPACE_DEFINITION_URDU_MICRODRAFT_20260702T085500Z.json","C:\Users\memo_\Documents\Codex\2026-06-28\see-attached-you-do-prompt-a-3\outputs\HEFFERON_VECTOR_SPACE_DEFINITION_URDU_MICRODRAFT_20260702T085500Z.json","source_id=urwiki_vector_space_raw; microdraft_use=review note only","source_backed_variant_review_needed","source-gated R3 row from HEFFERON_VECTOR_SPACE_DEFINITION_URDU_MICRODRAFT_20260702T085500Z.json; primary owner novel_blocked; downstream lane(s) urdu_hindustani_separate_lane; adjacent_linear_algebra_source_lane; evidence status source_backed_variant_review_needed; draft support emitted only from consume-routed surface fields","draft_noncanonical_micro_translation_support","emit_review_only_micro_support","Urdu/Hindustani separate-lane support: لکیری مکان","draft_support_available_review_only","pan_turkic_no_merge_without_own_gate; urdu_hindustani_separate_lane_no_persianate_merge; arabic_lane_open_or_not_consumable; persian_farsi_lane_open_or_not_consumable","","","","","","لکیری مکان","","noncanonical_micro_translation_support_for_named_route_only","false","false","false","false","do_not_consume_not_in_lane","do_not_consume_not_in_lane","do_not_consume_not_in_lane","do_not_consume_not_in_lane","separate_lane_review_only_no_persianate_merge","separate_lane_no_inheritance","consume_hefferon_vector_space_source_alignment","Recorded as a source-backed alternate for vector space.","leave_unpacked_in_durable_run_log; copy_to_route_sidecar=novel_blocked; copy_to_row_group_sidecar=urdu_hindustani_vector_space_microdraft; copy_to_support_or_blocker_sidecar; include_in_convenience_zip_archive; session_b_can_consume_unpacked","R3_MICRO_EVIDENCE_ARTIFACT_20260704T040935Z","20260704T041521Z"
"r3run:0148","r3micro:urdu_hindustani_vector_space_microdraft:scalar","urdu_hindustani_vector_space_microdraft:scalar","urdu_hindustani_vector_space_microdraft","scalar","scalar","arabic; persianate_tajik; novel_blocked","novel_blocked","urdu_hindustani_separate_lane; adjacent_linear_algebra_source_lane","HEFFERON_VECTOR_SPACE_DEFINITION_URDU_MICRODRAFT_20260702T085500Z.json","C:\Users\memo_\Documents\Codex\2026-06-28\see-attached-you-do-prompt-a-3\outputs\HEFFERON_VECTOR_SPACE_DEFINITION_URDU_MICRODRAFT_20260702T085500Z.json","source_id=urwiki_linear_combination_raw; urwiki_scalar_disambiguation_raw; urwiki_nonvector_disambiguation_raw; microdraft_use=عددیہ","source_backed_review_ready_with_disambiguation_caveat","source-gated R3 row from HEFFERON_VECTOR_SPACE_DEFINITION_URDU_MICRODRAFT_20260702T085500Z.json; primary owner novel_blocked; downstream lane(s) urdu_hindustani_separate_lane; adjacent_linear_algebra_source_lane; evidence status source_backed_review_ready_with_disambiguation_caveat; draft support emitted only from consume-routed surface fields","draft_noncanonical_micro_translation_support","emit_review_only_micro_support","Urdu/Hindustani separate-lane support: عددیہ / غیر سمتیہ","draft_support_available_review_only","pan_turkic_no_merge_without_own_gate; urdu_hindustani_separate_lane_no_persianate_merge; arabic_lane_open_or_not_consumable; persian_farsi_lane_open_or_not_consumable","","","","","","عددیہ / غیر سمتیہ","","noncanonical_micro_translation_support_for_named_route_only","false","false","false","false","do_not_consume_not_in_lane","do_not_consume_not_in_lane","do_not_consume_not_in_lane","do_not_consume_not_in_lane","separate_lane_review_only_no_persianate_merge","separate_lane_no_inheritance","consume_hefferon_vector_space_source_alignment","Linear combination page uses عددیہ for scalar; disambiguation pages are witness-only.","leave_unpacked_in_durable_run_log; copy_to_route_sidecar=novel_blocked; copy_to_row_group_sidecar=urdu_hindustani_vector_space_microdraft; copy_to_support_or_blocker_sidecar; include_in_convenience_zip_archive; session_b_can_consume_unpacked","R3_MICRO_EVIDENCE_ARTIFACT_20260704T040935Z","20260704T041521Z"
"r3run:0149","r3micro:urdu_hindustani_vector_space_microdraft:scalar_multiplication","urdu_hindustani_vector_space_microdraft:scalar_multiplication","urdu_hindustani_vector_space_microdraft","scalar_multiplication","scalar multiplication","arabic; persianate_tajik; novel_blocked","novel_blocked","urdu_hindustani_separate_lane; adjacent_linear_algebra_source_lane","HEFFERON_VECTOR_SPACE_DEFINITION_URDU_MICRODRAFT_20260702T085500Z.json","C:\Users\memo_\Documents\Codex\2026-06-28\see-attached-you-do-prompt-a-3\outputs\HEFFERON_VECTOR_SPACE_DEFINITION_URDU_MICRODRAFT_20260702T085500Z.json","source_id=urwiki_vector_space_raw; urwiki_linear_combination_raw; microdraft_use=عددیہ سے ضرب","source_witness_review_needed","source-gated R3 row from HEFFERON_VECTOR_SPACE_DEFINITION_URDU_MICRODRAFT_20260702T085500Z.json; primary owner novel_blocked; downstream lane(s) urdu_hindustani_separate_lane; adjacent_linear_algebra_source_lane; evidence status source_witness_review_needed; draft support emitted only from consume-routed surface fields","draft_noncanonical_micro_translation_support","emit_review_only_micro_support","Urdu/Hindustani separate-lane support: عددیہ سے ضرب / عددیہ ضرب","draft_support_available_review_only","pan_turkic_no_merge_without_own_gate; urdu_hindustani_separate_lane_no_persianate_merge; arabic_lane_open_or_not_consumable; persian_farsi_lane_open_or_not_consumable","","","","","","عددیہ سے ضرب / عددیہ ضرب","","noncanonical_micro_translation_support_for_named_route_only","false","false","false","false","do_not_consume_not_in_lane","do_not_consume_not_in_lane","do_not_consume_not_in_lane","do_not_consume_not_in_lane","separate_lane_review_only_no_persianate_merge","separate_lane_no_inheritance","consume_hefferon_vector_space_source_alignment","Vector-space page describes scaling and linear-combination page describes weighting vectors by scalars; exact operation label needs review.","leave_unpacked_in_durable_run_log; copy_to_route_sidecar=novel_blocked; copy_to_row_group_sidecar=urdu_hindustani_vector_space_microdraft; copy_to_support_or_blocker_sidecar; include_in_convenience_zip_archive; session_b_can_consume_unpacked","R3_MICRO_EVIDENCE_ARTIFACT_20260704T040935Z","20260704T041521Z"
"r3run:0150","r3micro:urdu_hindustani_vector_space_microdraft:vector_addition","urdu_hindustani_vector_space_microdraft:vector_addition","urdu_hindustani_vector_space_microdraft","vector_addition","vector addition","arabic; persianate_tajik; novel_blocked","novel_blocked","urdu_hindustani_separate_lane; adjacent_linear_algebra_source_lane","HEFFERON_VECTOR_SPACE_DEFINITION_URDU_MICRODRAFT_20260702T085500Z.json","C:\Users\memo_\Documents\Codex\2026-06-28\see-attached-you-do-prompt-a-3\outputs\HEFFERON_VECTOR_SPACE_DEFINITION_URDU_MICRODRAFT_20260702T085500Z.json","source_id=urwiki_vector_space_raw; microdraft_use=سمتیات کا جمع","source_backed_review_needed","source-gated R3 row from HEFFERON_VECTOR_SPACE_DEFINITION_URDU_MICRODRAFT_20260702T085500Z.json; primary owner novel_blocked; downstream lane(s) urdu_hindustani_separate_lane; adjacent_linear_algebra_source_lane; evidence status source_backed_review_needed; draft support emitted only from consume-routed surface fields","draft_noncanonical_micro_translation_support","emit_review_only_micro_support","Urdu/Hindustani separate-lane support: سمتیات کا جمع / جمع","draft_support_available_review_only","pan_turkic_no_merge_without_own_gate; urdu_hindustani_separate_lane_no_persianate_merge; arabic_lane_open_or_not_consumable; persian_farsi_lane_open_or_not_consumable","","","","","","سمتیات کا جمع / جمع","","noncanonical_micro_translation_support_for_named_route_only","false","false","false","false","do_not_consume_not_in_lane","do_not_consume_not_in_lane","do_not_consume_not_in_lane","do_not_consume_not_in_lane","separate_lane_review_only_no_persianate_merge","separate_lane_no_inheritance","consume_hefferon_vector_space_source_alignment","Source page directly mentions جمع/تفریق operations.","leave_unpacked_in_durable_run_log; copy_to_route_sidecar=novel_blocked; copy_to_row_group_sidecar=urdu_hindustani_vector_space_microdraft; copy_to_support_or_blocker_sidecar; include_in_convenience_zip_archive; session_b_can_consume_unpacked","R3_MICRO_EVIDENCE_ARTIFACT_20260704T040935Z","20260704T041521Z"
"r3run:0151","r3micro:urdu_hindustani_vector_space_microdraft:field","urdu_hindustani_vector_space_microdraft:field","urdu_hindustani_vector_space_microdraft","field","field","arabic; persianate_tajik; novel_blocked","novel_blocked","urdu_hindustani_separate_lane; adjacent_linear_algebra_source_lane","HEFFERON_VECTOR_SPACE_DEFINITION_URDU_MICRODRAFT_20260702T085500Z.json","C:\Users\memo_\Documents\Codex\2026-06-28\see-attached-you-do-prompt-a-3\outputs\HEFFERON_VECTOR_SPACE_DEFINITION_URDU_MICRODRAFT_20260702T085500Z.json","source_id=urwiki_field_redirect_raw; urwiki_vector_space_raw; urwiki_linear_combination_raw; microdraft_use=source note only","source_backed_redirect_review_ready","source-gated R3 row from HEFFERON_VECTOR_SPACE_DEFINITION_URDU_MICRODRAFT_20260702T085500Z.json; primary owner novel_blocked; downstream lane(s) urdu_hindustani_separate_lane; adjacent_linear_algebra_source_lane; evidence status source_backed_redirect_review_ready; draft support emitted only from consume-routed surface fields","draft_noncanonical_micro_translation_support","emit_review_only_micro_support","Urdu/Hindustani separate-lane support: میدان","draft_support_available_review_only","pan_turkic_no_merge_without_own_gate; urdu_hindustani_separate_lane_no_persianate_merge; arabic_lane_open_or_not_consumable; persian_farsi_lane_open_or_not_consumable","","","","","","میدان","","noncanonical_micro_translation_support_for_named_route_only","false","false","false","false","do_not_consume_not_in_lane","do_not_consume_not_in_lane","do_not_consume_not_in_lane","do_not_consume_not_in_lane","separate_lane_review_only_no_persianate_merge","separate_lane_no_inheritance","consume_hefferon_vector_space_source_alignment","Scalars are over a field in source context; Hefferon slice uses R.","leave_unpacked_in_durable_run_log; copy_to_route_sidecar=novel_blocked; copy_to_row_group_sidecar=urdu_hindustani_vector_space_microdraft; copy_to_support_or_blocker_sidecar; include_in_convenience_zip_archive; session_b_can_consume_unpacked","R3_MICRO_EVIDENCE_ARTIFACT_20260704T040935Z","20260704T041521Z"
"r3run:0152","r3micro:urdu_hindustani_vector_space_microdraft:zero_vector","urdu_hindustani_vector_space_microdraft:zero_vector","urdu_hindustani_vector_space_microdraft","zero_vector","zero vector","arabic; persianate_tajik; novel_blocked","novel_blocked","urdu_hindustani_separate_lane; adjacent_linear_algebra_source_lane","HEFFERON_VECTOR_SPACE_DEFINITION_URDU_MICRODRAFT_20260702T085500Z.json","C:\Users\memo_\Documents\Codex\2026-06-28\see-attached-you-do-prompt-a-3\outputs\HEFFERON_VECTOR_SPACE_DEFINITION_URDU_MICRODRAFT_20260702T085500Z.json","source_id=microdraft_register; microdraft_use=صفر سمتیہ","review_needed_not_source_promoted","source-gated R3 row from HEFFERON_VECTOR_SPACE_DEFINITION_URDU_MICRODRAFT_20260702T085500Z.json; primary owner novel_blocked; downstream lane(s) urdu_hindustani_separate_lane; adjacent_linear_algebra_source_lane; evidence status review_needed_not_source_promoted; draft support emitted only from consume-routed surface fields","draft_noncanonical_micro_translation_support","emit_review_only_micro_support","Urdu/Hindustani separate-lane support: صفر سمتیہ","draft_support_available_review_only","pan_turkic_no_merge_without_own_gate; urdu_hindustani_separate_lane_no_persianate_merge; arabic_lane_open_or_not_consumable; persian_farsi_lane_open_or_not_consumable","","","","","","صفر سمتیہ","","noncanonical_micro_translation_support_for_named_route_only","false","false","false","false","do_not_consume_not_in_lane","do_not_consume_not_in_lane","do_not_consume_not_in_lane","do_not_consume_not_in_lane","separate_lane_review_only_no_persianate_merge","separate_lane_no_inheritance","consume_hefferon_vector_space_source_alignment","Transparent Urdu phrase; direct source gate still needed.","leave_unpacked_in_durable_run_log; copy_to_route_sidecar=novel_blocked; copy_to_row_group_sidecar=urdu_hindustani_vector_space_microdraft; copy_to_support_or_blocker_sidecar; include_in_convenience_zip_archive; session_b_can_consume_unpacked","R3_MICRO_EVIDENCE_ARTIFACT_20260704T040935Z","20260704T041521Z"
"r3run:0153","r3micro:urdu_hindustani_vector_space_microdraft:additive_inverse","urdu_hindustani_vector_space_microdraft:additive_inverse","urdu_hindustani_vector_space_microdraft","additive_inverse","additive inverse","arabic; persianate_tajik; novel_blocked","novel_blocked","urdu_hindustani_separate_lane; adjacent_linear_algebra_source_lane","HEFFERON_VECTOR_SPACE_DEFINITION_URDU_MICRODRAFT_20260702T085500Z.json","C:\Users\memo_\Documents\Codex\2026-06-28\see-attached-you-do-prompt-a-3\outputs\HEFFERON_VECTOR_SPACE_DEFINITION_URDU_MICRODRAFT_20260702T085500Z.json","source_id=microdraft_register; microdraft_use=جمعی معکوس","review_needed_not_source_promoted","source-gated R3 row from HEFFERON_VECTOR_SPACE_DEFINITION_URDU_MICRODRAFT_20260702T085500Z.json; primary owner novel_blocked; downstream lane(s) urdu_hindustani_separate_lane; adjacent_linear_algebra_source_lane; evidence status review_needed_not_source_promoted; draft support emitted only from consume-routed surface fields","draft_noncanonical_micro_translation_support","emit_review_only_micro_support","Urdu/Hindustani separate-lane support: جمعی معکوس","draft_support_available_review_only","pan_turkic_no_merge_without_own_gate; urdu_hindustani_separate_lane_no_persianate_merge; arabic_lane_open_or_not_consumable; persian_farsi_lane_open_or_not_consumable","","","","","","جمعی معکوس","","noncanonical_micro_translation_support_for_named_route_only","false","false","false","false","do_not_consume_not_in_lane","do_not_consume_not_in_lane","do_not_consume_not_in_lane","do_not_consume_not_in_lane","separate_lane_review_only_no_persianate_merge","separate_lane_no_inheritance","consume_hefferon_vector_space_source_alignment","Transparent Urdu/Arabic-register phrase; direct source gate still needed.","leave_unpacked_in_durable_run_log; copy_to_route_sidecar=novel_blocked; copy_to_row_group_sidecar=urdu_hindustani_vector_space_microdraft; copy_to_support_or_blocker_sidecar; include_in_convenience_zip_archive; session_b_can_consume_unpacked","R3_MICRO_EVIDENCE_ARTIFACT_20260704T040935Z","20260704T041521Z"
"r3run:0154","r3micro:urdu_hindustani_vector_space_microdraft:closed_under_operation","urdu_hindustani_vector_space_microdraft:closed_under_operation","urdu_hindustani_vector_space_microdraft","closed_under_operation","closed under operation","arabic; persianate_tajik; novel_blocked","novel_blocked","urdu_hindustani_separate_lane; adjacent_linear_algebra_source_lane","HEFFERON_VECTOR_SPACE_DEFINITION_URDU_MICRODRAFT_20260702T085500Z.json","C:\Users\memo_\Documents\Codex\2026-06-28\see-attached-you-do-prompt-a-3\outputs\HEFFERON_VECTOR_SPACE_DEFINITION_URDU_MICRODRAFT_20260702T085500Z.json","source_id=microdraft_register; urwiki_vector_space_raw; microdraft_use=نتیجہ پھر V میں رہتا ہے","transparent_paraphrase_review_needed","source-gated R3 row from HEFFERON_VECTOR_SPACE_DEFINITION_URDU_MICRODRAFT_20260702T085500Z.json; primary owner novel_blocked; downstream lane(s) urdu_hindustani_separate_lane; adjacent_linear_algebra_source_lane; evidence status transparent_paraphrase_review_needed; draft support emitted only from consume-routed surface fields","draft_noncanonical_micro_translation_support","emit_review_only_micro_support","Urdu/Hindustani separate-lane support: نتیجہ پھر V میں رہتا ہے","draft_support_available_review_only","pan_turkic_no_merge_without_own_gate; urdu_hindustani_separate_lane_no_persianate_merge; arabic_lane_open_or_not_consumable; persian_farsi_lane_open_or_not_consumable","","","","","","نتیجہ پھر V میں رہتا ہے","","noncanonical_micro_translation_support_for_named_route_only","false","false","false","false","do_not_consume_not_in_lane","do_not_consume_not_in_lane","do_not_consume_not_in_lane","do_not_consume_not_in_lane","separate_lane_review_only_no_persianate_merge","separate_lane_no_inheritance","consume_hefferon_vector_space_source_alignment","Avoids over-promoting a technical closure term.","leave_unpacked_in_durable_run_log; copy_to_route_sidecar=novel_blocked; copy_to_row_group_sidecar=urdu_hindustani_vector_space_microdraft; copy_to_support_or_blocker_sidecar; include_in_convenience_zip_archive; session_b_can_consume_unpacked","R3_MICRO_EVIDENCE_ARTIFACT_20260704T040935Z","20260704T041521Z"
"r3run:0155","r3micro:urdu_hindustani_linear_system_microdraft:linear_algebra","urdu_hindustani_linear_system_microdraft:linear_algebra","urdu_hindustani_linear_system_microdraft","linear_algebra","linear algebra","arabic; persianate_tajik; novel_blocked","novel_blocked","urdu_hindustani_separate_lane; adjacent_linear_algebra_source_lane","HEFFERON_LINEAR_SYSTEM_DEFINITION_URDU_MICRODRAFT_20260702T013759Z.json","C:\Users\memo_\Documents\Codex\2026-06-28\see-attached-you-do-prompt-a-3\outputs\HEFFERON_LINEAR_SYSTEM_DEFINITION_URDU_MICRODRAFT_20260702T013759Z.json","source_id=urwiki_linear_algebra_raw; microdraft_use=source note / lane label","source_backed_review_ready","source-gated R3 row from HEFFERON_LINEAR_SYSTEM_DEFINITION_URDU_MICRODRAFT_20260702T013759Z.json; primary owner novel_blocked; downstream lane(s) urdu_hindustani_separate_lane; adjacent_linear_algebra_source_lane; evidence status source_backed_review_ready; draft support emitted only from consume-routed surface fields","draft_noncanonical_micro_translation_support","emit_review_only_micro_support","Urdu/Hindustani separate-lane support: خطی الجبرا","draft_support_available_review_only","pan_turkic_no_merge_without_own_gate; urdu_hindustani_separate_lane_no_persianate_merge; arabic_lane_open_or_not_consumable; persian_farsi_lane_open_or_not_consumable","","","","","","خطی الجبرا","","noncanonical_micro_translation_support_for_named_route_only","false","false","false","false","do_not_consume_not_in_lane","do_not_consume_not_in_lane","do_not_consume_not_in_lane","do_not_consume_not_in_lane","separate_lane_review_only_no_persianate_merge","separate_lane_no_inheritance","consume_hefferon_linear_system_source_alignment","Direct Urdu page exists.","leave_unpacked_in_durable_run_log; copy_to_route_sidecar=novel_blocked; copy_to_row_group_sidecar=urdu_hindustani_linear_system_microdraft; copy_to_support_or_blocker_sidecar; include_in_convenience_zip_archive; session_b_can_consume_unpacked","R3_MICRO_EVIDENCE_ARTIFACT_20260704T040935Z","20260704T041521Z"
"r3run:0156","r3micro:urdu_hindustani_linear_system_microdraft:linear_combination","urdu_hindustani_linear_system_microdraft:linear_combination","urdu_hindustani_linear_system_microdraft","linear_combination","linear combination","arabic; persianate_tajik; novel_blocked","novel_blocked","urdu_hindustani_separate_lane; adjacent_linear_algebra_source_lane","HEFFERON_LINEAR_SYSTEM_DEFINITION_URDU_MICRODRAFT_20260702T013759Z.json","C:\Users\memo_\Documents\Codex\2026-06-28\see-attached-you-do-prompt-a-3\outputs\HEFFERON_LINEAR_SYSTEM_DEFINITION_URDU_MICRODRAFT_20260702T013759Z.json","source_id=urwiki_linear_combination_raw; urwiki_linear_combination_redirect_raw; microdraft_use=خطی اجتماع","source_backed_review_ready_with_redirect_variant","source-gated R3 row from HEFFERON_LINEAR_SYSTEM_DEFINITION_URDU_MICRODRAFT_20260702T013759Z.json; primary owner novel_blocked; downstream lane(s) urdu_hindustani_separate_lane; adjacent_linear_algebra_source_lane; evidence status source_backed_review_ready_with_redirect_variant; draft support emitted only from consume-routed surface fields","draft_noncanonical_micro_translation_support","emit_review_only_micro_support","Urdu/Hindustani separate-lane support: خطی اجتماع / لکیری تولیف","draft_support_available_review_only","pan_turkic_no_merge_without_own_gate; urdu_hindustani_separate_lane_no_persianate_merge; arabic_lane_open_or_not_consumable; persian_farsi_lane_open_or_not_consumable","","","","","","خطی اجتماع / لکیری تولیف","","noncanonical_micro_translation_support_for_named_route_only","false","false","false","false","do_not_consume_not_in_lane","do_not_consume_not_in_lane","do_not_consume_not_in_lane","do_not_consume_not_in_lane","separate_lane_review_only_no_persianate_merge","separate_lane_no_inheritance","consume_hefferon_linear_system_source_alignment","لکیری تولیف redirects to خطی اجتماع; draft uses source target.","leave_unpacked_in_durable_run_log; copy_to_route_sidecar=novel_blocked; copy_to_row_group_sidecar=urdu_hindustani_linear_system_microdraft; copy_to_support_or_blocker_sidecar; include_in_convenience_zip_archive; session_b_can_consume_unpacked","R3_MICRO_EVIDENCE_ARTIFACT_20260704T040935Z","20260704T041521Z"
"r3run:0157","r3micro:urdu_hindustani_linear_system_microdraft:linear_equation","urdu_hindustani_linear_system_microdraft:linear_equation","urdu_hindustani_linear_system_microdraft","linear_equation","linear equation","arabic; persianate_tajik; novel_blocked","novel_blocked","urdu_hindustani_separate_lane; adjacent_linear_algebra_source_lane","HEFFERON_LINEAR_SYSTEM_DEFINITION_URDU_MICRODRAFT_20260702T013759Z.json","C:\Users\memo_\Documents\Codex\2026-06-28\see-attached-you-do-prompt-a-3\outputs\HEFFERON_LINEAR_SYSTEM_DEFINITION_URDU_MICRODRAFT_20260702T013759Z.json","source_id=urwiki_first_degree_equation_raw; urwiki_linear_equation_redirect_raw; microdraft_use=لکیری مساوات","source_backed_review_ready","source-gated R3 row from HEFFERON_LINEAR_SYSTEM_DEFINITION_URDU_MICRODRAFT_20260702T013759Z.json; primary owner novel_blocked; downstream lane(s) urdu_hindustani_separate_lane; adjacent_linear_algebra_source_lane; evidence status source_backed_review_ready; draft support emitted only from consume-routed surface fields","draft_noncanonical_micro_translation_support","emit_review_only_micro_support","Urdu/Hindustani separate-lane support: لکیری مساوات","draft_support_available_review_only","pan_turkic_no_merge_without_own_gate; urdu_hindustani_separate_lane_no_persianate_merge; arabic_lane_open_or_not_consumable; persian_farsi_lane_open_or_not_consumable","","","","","","لکیری مساوات","","noncanonical_micro_translation_support_for_named_route_only","false","false","false","false","do_not_consume_not_in_lane","do_not_consume_not_in_lane","do_not_consume_not_in_lane","do_not_consume_not_in_lane","separate_lane_review_only_no_persianate_merge","separate_lane_no_inheritance","consume_hefferon_linear_system_source_alignment","Linear equation surface redirects to one-degree equation article whose body opens with لکیری مساوات.","leave_unpacked_in_durable_run_log; copy_to_route_sidecar=novel_blocked; copy_to_row_group_sidecar=urdu_hindustani_linear_system_microdraft; copy_to_support_or_blocker_sidecar; include_in_convenience_zip_archive; session_b_can_consume_unpacked","R3_MICRO_EVIDENCE_ARTIFACT_20260704T040935Z","20260704T041521Z"
"r3run:0158","r3micro:urdu_hindustani_linear_system_microdraft:system_of_linear_equations","urdu_hindustani_linear_system_microdraft:system_of_linear_equations","urdu_hindustani_linear_system_microdraft","system_of_linear_equations","system of linear equations","arabic; persianate_tajik; novel_blocked","novel_blocked","urdu_hindustani_separate_lane; adjacent_linear_algebra_source_lane","HEFFERON_LINEAR_SYSTEM_DEFINITION_URDU_MICRODRAFT_20260702T013759Z.json","C:\Users\memo_\Documents\Codex\2026-06-28\see-attached-you-do-prompt-a-3\outputs\HEFFERON_LINEAR_SYSTEM_DEFINITION_URDU_MICRODRAFT_20260702T013759Z.json","source_id=urwiki_simultaneous_linear_system_raw; microdraft_use=یکلخت لکیری مساوات کا نظام","source_backed_review_ready_with_register_gate","source-gated R3 row from HEFFERON_LINEAR_SYSTEM_DEFINITION_URDU_MICRODRAFT_20260702T013759Z.json; primary owner novel_blocked; downstream lane(s) urdu_hindustani_separate_lane; adjacent_linear_algebra_source_lane; evidence status source_backed_review_ready_with_register_gate; draft support emitted only from consume-routed surface fields","draft_noncanonical_micro_translation_support","emit_review_only_micro_support","Urdu/Hindustani separate-lane support: یکلخت لکیری مساوات کا نظام","draft_support_available_review_only","pan_turkic_no_merge_without_own_gate; urdu_hindustani_separate_lane_no_persianate_merge; arabic_lane_open_or_not_consumable; persian_farsi_lane_open_or_not_consumable","","","","","","یکلخت لکیری مساوات کا نظام","","noncanonical_micro_translation_support_for_named_route_only","false","false","false","false","do_not_consume_not_in_lane","do_not_consume_not_in_lane","do_not_consume_not_in_lane","do_not_consume_not_in_lane","separate_lane_review_only_no_persianate_merge","separate_lane_no_inheritance","consume_hefferon_linear_system_source_alignment","Direct source article exists; earlier متواقت خطی مساوات remains a register gate.","leave_unpacked_in_durable_run_log; copy_to_route_sidecar=novel_blocked; copy_to_row_group_sidecar=urdu_hindustani_linear_system_microdraft; copy_to_support_or_blocker_sidecar; include_in_convenience_zip_archive; session_b_can_consume_unpacked","R3_MICRO_EVIDENCE_ARTIFACT_20260704T040935Z","20260704T041521Z"
"r3run:0159","r3micro:urdu_hindustani_linear_system_microdraft:solution_satisfies","urdu_hindustani_linear_system_microdraft:solution_satisfies","urdu_hindustani_linear_system_microdraft","solution_satisfies","solution / satisfies","arabic; persianate_tajik; novel_blocked","novel_blocked","urdu_hindustani_separate_lane; adjacent_linear_algebra_source_lane","HEFFERON_LINEAR_SYSTEM_DEFINITION_URDU_MICRODRAFT_20260702T013759Z.json","C:\Users\memo_\Documents\Codex\2026-06-28\see-attached-you-do-prompt-a-3\outputs\HEFFERON_LINEAR_SYSTEM_DEFINITION_URDU_MICRODRAFT_20260702T013759Z.json","source_id=urwiki_simultaneous_linear_system_raw; microdraft_use=حل; تسکین","source_backed_review_ready","source-gated R3 row from HEFFERON_LINEAR_SYSTEM_DEFINITION_URDU_MICRODRAFT_20260702T013759Z.json; primary owner novel_blocked; downstream lane(s) urdu_hindustani_separate_lane; adjacent_linear_algebra_source_lane; evidence status source_backed_review_ready; draft support emitted only from consume-routed surface fields","draft_noncanonical_micro_translation_support","emit_review_only_micro_support","Urdu/Hindustani separate-lane support: حل / تسکین","draft_support_available_review_only","pan_turkic_no_merge_without_own_gate; urdu_hindustani_separate_lane_no_persianate_merge; arabic_lane_open_or_not_consumable; persian_farsi_lane_open_or_not_consumable","","","","","","حل / تسکین","","noncanonical_micro_translation_support_for_named_route_only","false","false","false","false","do_not_consume_not_in_lane","do_not_consume_not_in_lane","do_not_consume_not_in_lane","do_not_consume_not_in_lane","separate_lane_review_only_no_persianate_merge","separate_lane_no_inheritance","consume_hefferon_linear_system_source_alignment","System source states such values are the system's حل and satisfy both equations.","leave_unpacked_in_durable_run_log; copy_to_route_sidecar=novel_blocked; copy_to_row_group_sidecar=urdu_hindustani_linear_system_microdraft; copy_to_support_or_blocker_sidecar; include_in_convenience_zip_archive; session_b_can_consume_unpacked","R3_MICRO_EVIDENCE_ARTIFACT_20260704T040935Z","20260704T041521Z"
"r3run:0160","r3micro:urdu_hindustani_linear_system_microdraft:variable","urdu_hindustani_linear_system_microdraft:variable","urdu_hindustani_linear_system_microdraft","variable","variable","arabic; persianate_tajik; novel_blocked","novel_blocked","urdu_hindustani_separate_lane; adjacent_linear_algebra_source_lane","HEFFERON_LINEAR_SYSTEM_DEFINITION_URDU_MICRODRAFT_20260702T013759Z.json","C:\Users\memo_\Documents\Codex\2026-06-28\see-attached-you-do-prompt-a-3\outputs\HEFFERON_LINEAR_SYSTEM_DEFINITION_URDU_MICRODRAFT_20260702T013759Z.json","source_id=urwiki_first_degree_equation_raw; urwiki_simultaneous_linear_system_raw; microdraft_use=متغیرات","source_backed_review_ready","source-gated R3 row from HEFFERON_LINEAR_SYSTEM_DEFINITION_URDU_MICRODRAFT_20260702T013759Z.json; primary owner novel_blocked; downstream lane(s) urdu_hindustani_separate_lane; adjacent_linear_algebra_source_lane; evidence status source_backed_review_ready; draft support emitted only from consume-routed surface fields","draft_noncanonical_micro_translation_support","emit_review_only_micro_support","Urdu/Hindustani separate-lane support: متغیر","draft_support_available_review_only","pan_turkic_no_merge_without_own_gate; urdu_hindustani_separate_lane_no_persianate_merge; arabic_lane_open_or_not_consumable; persian_farsi_lane_open_or_not_consumable","","","","","","متغیر","","noncanonical_micro_translation_support_for_named_route_only","false","false","false","false","do_not_consume_not_in_lane","do_not_consume_not_in_lane","do_not_consume_not_in_lane","do_not_consume_not_in_lane","separate_lane_review_only_no_persianate_merge","separate_lane_no_inheritance","consume_hefferon_linear_system_source_alignment","Used in both source pages.","leave_unpacked_in_durable_run_log; copy_to_route_sidecar=novel_blocked; copy_to_row_group_sidecar=urdu_hindustani_linear_system_microdraft; copy_to_support_or_blocker_sidecar; include_in_convenience_zip_archive; session_b_can_consume_unpacked","R3_MICRO_EVIDENCE_ARTIFACT_20260704T040935Z","20260704T041521Z"
"r3run:0161","r3micro:urdu_hindustani_linear_system_microdraft:coefficient","urdu_hindustani_linear_system_microdraft:coefficient","urdu_hindustani_linear_system_microdraft","coefficient","coefficient","arabic; persianate_tajik; novel_blocked","novel_blocked","urdu_hindustani_separate_lane; adjacent_linear_algebra_source_lane","HEFFERON_LINEAR_SYSTEM_DEFINITION_URDU_MICRODRAFT_20260702T013759Z.json","C:\Users\memo_\Documents\Codex\2026-06-28\see-attached-you-do-prompt-a-3\outputs\HEFFERON_LINEAR_SYSTEM_DEFINITION_URDU_MICRODRAFT_20260702T013759Z.json","source_id=urwiki_numeric_coefficient_raw; microdraft_use=عددی سر","source_backed_sparse_review_needed","source-gated R3 row from HEFFERON_LINEAR_SYSTEM_DEFINITION_URDU_MICRODRAFT_20260702T013759Z.json; primary owner novel_blocked; downstream lane(s) urdu_hindustani_separate_lane; adjacent_linear_algebra_source_lane; evidence status source_backed_sparse_review_needed; draft support emitted only from consume-routed surface fields","draft_noncanonical_micro_translation_support","emit_review_only_micro_support","Urdu/Hindustani separate-lane support: عددی سر","draft_support_available_review_only","pan_turkic_no_merge_without_own_gate; urdu_hindustani_separate_lane_no_persianate_merge; arabic_lane_open_or_not_consumable; persian_farsi_lane_open_or_not_consumable","","","","","","عددی سر","","noncanonical_micro_translation_support_for_named_route_only","false","false","false","false","do_not_consume_not_in_lane","do_not_consume_not_in_lane","do_not_consume_not_in_lane","do_not_consume_not_in_lane","separate_lane_review_only_no_persianate_merge","separate_lane_no_inheritance","consume_hefferon_linear_system_source_alignment","Sparse Urdu source page gives Coefficient; reviewer should decide against معامل or other terms.","leave_unpacked_in_durable_run_log; copy_to_route_sidecar=novel_blocked; copy_to_row_group_sidecar=urdu_hindustani_linear_system_microdraft; copy_to_support_or_blocker_sidecar; include_in_convenience_zip_archive; session_b_can_consume_unpacked","R3_MICRO_EVIDENCE_ARTIFACT_20260704T040935Z","20260704T041521Z"
"r3run:0162","r3micro:urdu_hindustani_linear_system_microdraft:constant","urdu_hindustani_linear_system_microdraft:constant","urdu_hindustani_linear_system_microdraft","constant","constant","arabic; persianate_tajik; novel_blocked","novel_blocked","urdu_hindustani_separate_lane; adjacent_linear_algebra_source_lane","HEFFERON_LINEAR_SYSTEM_DEFINITION_URDU_MICRODRAFT_20260702T013759Z.json","C:\Users\memo_\Documents\Codex\2026-06-28\see-attached-you-do-prompt-a-3\outputs\HEFFERON_LINEAR_SYSTEM_DEFINITION_URDU_MICRODRAFT_20260702T013759Z.json","source_id=urwiki_first_degree_equation_raw; urwiki_constant_fixed_raw; urwiki_gaussian_elimination_raw; microdraft_use=دائم عدد","source_backed_context_review_needed","source-gated R3 row from HEFFERON_LINEAR_SYSTEM_DEFINITION_URDU_MICRODRAFT_20260702T013759Z.json; primary owner novel_blocked; downstream lane(s) urdu_hindustani_separate_lane; adjacent_linear_algebra_source_lane; evidence status source_backed_context_review_needed; draft support emitted only from consume-routed surface fields","draft_noncanonical_micro_translation_support","emit_review_only_micro_support","Urdu/Hindustani separate-lane support: دائم / مستقل","draft_support_available_review_only","pan_turkic_no_merge_without_own_gate; urdu_hindustani_separate_lane_no_persianate_merge; arabic_lane_open_or_not_consumable; persian_farsi_lane_open_or_not_consumable","","","","","","دائم / مستقل","","noncanonical_micro_translation_support_for_named_route_only","false","false","false","false","do_not_consume_not_in_lane","do_not_consume_not_in_lane","do_not_consume_not_in_lane","do_not_consume_not_in_lane","separate_lane_review_only_no_persianate_merge","separate_lane_no_inheritance","consume_hefferon_linear_system_source_alignment","Linear-equation and Gaussian-elimination contexts support دائم; مستقل page supports fixed/constant quantity.","leave_unpacked_in_durable_run_log; copy_to_route_sidecar=novel_blocked; copy_to_row_group_sidecar=urdu_hindustani_linear_system_microdraft; copy_to_support_or_blocker_sidecar; include_in_convenience_zip_archive; session_b_can_consume_unpacked","R3_MICRO_EVIDENCE_ARTIFACT_20260704T040935Z","20260704T041521Z"
"r3run:0163","r3micro:urdu_hindustani_linear_system_microdraft:matrix","urdu_hindustani_linear_system_microdraft:matrix","urdu_hindustani_linear_system_microdraft","matrix","matrix","arabic; persianate_tajik; novel_blocked","novel_blocked","urdu_hindustani_separate_lane; adjacent_linear_algebra_source_lane","HEFFERON_LINEAR_SYSTEM_DEFINITION_URDU_MICRODRAFT_20260702T013759Z.json","C:\Users\memo_\Documents\Codex\2026-06-28\see-attached-you-do-prompt-a-3\outputs\HEFFERON_LINEAR_SYSTEM_DEFINITION_URDU_MICRODRAFT_20260702T013759Z.json","source_id=urwiki_gaussian_elimination_raw; urwiki_linear_algebra_raw; microdraft_use=not used","source_backed_review_ready","source-gated R3 row from HEFFERON_LINEAR_SYSTEM_DEFINITION_URDU_MICRODRAFT_20260702T013759Z.json; primary owner novel_blocked; downstream lane(s) urdu_hindustani_separate_lane; adjacent_linear_algebra_source_lane; evidence status source_backed_review_ready; draft support emitted only from consume-routed surface fields","draft_noncanonical_micro_translation_support","emit_review_only_micro_support","Urdu/Hindustani separate-lane support: میٹرکس","draft_support_available_review_only","pan_turkic_no_merge_without_own_gate; urdu_hindustani_separate_lane_no_persianate_merge; arabic_lane_open_or_not_consumable; persian_farsi_lane_open_or_not_consumable","","","","","","میٹرکس","","noncanonical_micro_translation_support_for_named_route_only","false","false","false","false","do_not_consume_not_in_lane","do_not_consume_not_in_lane","do_not_consume_not_in_lane","do_not_consume_not_in_lane","separate_lane_review_only_no_persianate_merge","separate_lane_no_inheritance","consume_hefferon_linear_system_source_alignment","Recorded for future matrix-form expansion.","leave_unpacked_in_durable_run_log; copy_to_route_sidecar=novel_blocked; copy_to_row_group_sidecar=urdu_hindustani_linear_system_microdraft; copy_to_support_or_blocker_sidecar; include_in_convenience_zip_archive; session_b_can_consume_unpacked","R3_MICRO_EVIDENCE_ARTIFACT_20260704T040935Z","20260704T041521Z"
"r3run:0164","r3micro:urdu_hindustani_linear_system_microdraft:vector","urdu_hindustani_linear_system_microdraft:vector","urdu_hindustani_linear_system_microdraft","vector","vector","arabic; persianate_tajik; novel_blocked","novel_blocked","urdu_hindustani_separate_lane; adjacent_linear_algebra_source_lane","HEFFERON_LINEAR_SYSTEM_DEFINITION_URDU_MICRODRAFT_20260702T013759Z.json","C:\Users\memo_\Documents\Codex\2026-06-28\see-attached-you-do-prompt-a-3\outputs\HEFFERON_LINEAR_SYSTEM_DEFINITION_URDU_MICRODRAFT_20260702T013759Z.json","source_id=urwiki_linear_algebra_raw; urwiki_vector_space_raw; microdraft_use=not used","source_backed_review_ready","source-gated R3 row from HEFFERON_LINEAR_SYSTEM_DEFINITION_URDU_MICRODRAFT_20260702T013759Z.json; primary owner novel_blocked; downstream lane(s) urdu_hindustani_separate_lane; adjacent_linear_algebra_source_lane; evidence status source_backed_review_ready; draft support emitted only from consume-routed surface fields","draft_noncanonical_micro_translation_support","emit_review_only_micro_support","Urdu/Hindustani separate-lane support: سمتیہ","draft_support_available_review_only","pan_turkic_no_merge_without_own_gate; urdu_hindustani_separate_lane_no_persianate_merge; arabic_lane_open_or_not_consumable; persian_farsi_lane_open_or_not_consumable","","","","","","سمتیہ","","noncanonical_micro_translation_support_for_named_route_only","false","false","false","false","do_not_consume_not_in_lane","do_not_consume_not_in_lane","do_not_consume_not_in_lane","do_not_consume_not_in_lane","separate_lane_review_only_no_persianate_merge","separate_lane_no_inheritance","consume_hefferon_linear_system_source_alignment","Recorded for vector-space work.","leave_unpacked_in_durable_run_log; copy_to_route_sidecar=novel_blocked; copy_to_row_group_sidecar=urdu_hindustani_linear_system_microdraft; copy_to_support_or_blocker_sidecar; include_in_convenience_zip_archive; session_b_can_consume_unpacked","R3_MICRO_EVIDENCE_ARTIFACT_20260704T040935Z","20260704T041521Z"
"r3run:0165","r3micro:urdu_hindustani_linear_system_microdraft:n_tuple","urdu_hindustani_linear_system_microdraft:n_tuple","urdu_hindustani_linear_system_microdraft","n_tuple","n-tuple","arabic; persianate_tajik; novel_blocked","novel_blocked","urdu_hindustani_separate_lane; adjacent_linear_algebra_source_lane","HEFFERON_LINEAR_SYSTEM_DEFINITION_URDU_MICRODRAFT_20260702T013759Z.json","C:\Users\memo_\Documents\Codex\2026-06-28\see-attached-you-do-prompt-a-3\outputs\HEFFERON_LINEAR_SYSTEM_DEFINITION_URDU_MICRODRAFT_20260702T013759Z.json","source_id=hefferon_gr1_latex_source; urdu_reviewer_needed; microdraft_use=n-تائی","constructed_not_source_backed_review_needed","source-gated R3 row from HEFFERON_LINEAR_SYSTEM_DEFINITION_URDU_MICRODRAFT_20260702T013759Z.json; primary owner novel_blocked; downstream lane(s) urdu_hindustani_separate_lane; adjacent_linear_algebra_source_lane; evidence status constructed_not_source_backed_review_needed; draft support emitted only from consume-routed surface fields","draft_noncanonical_micro_translation_support","emit_review_only_micro_support","Urdu/Hindustani separate-lane support: n-تائی","draft_support_available_review_only","pan_turkic_no_merge_without_own_gate; urdu_hindustani_separate_lane_no_persianate_merge; arabic_lane_open_or_not_consumable; persian_farsi_lane_open_or_not_consumable","","","","","","n-تائی","","noncanonical_micro_translation_support_for_named_route_only","false","false","false","false","do_not_consume_not_in_lane","do_not_consume_not_in_lane","do_not_consume_not_in_lane","do_not_consume_not_in_lane","separate_lane_review_only_no_persianate_merge","separate_lane_no_inheritance","consume_hefferon_linear_system_source_alignment","Transparent review-only rendering; no independent source captured.","leave_unpacked_in_durable_run_log; copy_to_route_sidecar=novel_blocked; copy_to_row_group_sidecar=urdu_hindustani_linear_system_microdraft; copy_to_support_or_blocker_sidecar; include_in_convenience_zip_archive; session_b_can_consume_unpacked","R3_MICRO_EVIDENCE_ARTIFACT_20260704T040935Z","20260704T041521Z"
"r3run:0166","r3micro:dari_afghan_vector_space_source_gate:vector_space","dari_afghan_vector_space_source_gate:vector_space","dari_afghan_vector_space_source_gate","vector_space","vector space","arabic; persianate_tajik; novel_blocked","persianate_tajik","persianate_dari_gate_lane; adjacent_linear_algebra_source_lane","DARI_AFGHAN_VECTOR_SPACE_SOURCE_GATE_20260702T074500Z.json","C:\Users\memo_\Documents\Codex\2026-06-28\see-attached-you-do-prompt-a-3\outputs\DARI_AFGHAN_VECTOR_SPACE_SOURCE_GATE_20260702T074500Z.json","DDL page 204 row 3046; prior gap-fill packet records older curriculum lead for فضاهای وکتوری","definition_gate_present_not_microdraft_ready","source-gated R3 row from DARI_AFGHAN_VECTOR_SPACE_SOURCE_GATE_20260702T074500Z.json; primary owner persianate_tajik; downstream lane(s) persianate_dari_gate_lane; adjacent_linear_algebra_source_lane; evidence status definition_gate_present_not_microdraft_ready; draft support emitted only from consume-routed surface fields","draft_noncanonical_micro_translation_support","emit_review_only_micro_support","Dari/Afghan source-gate support: فضای برداری; فضای خطی; فضای وکتوری lead","draft_support_available_review_only","tajik_independent_gate_required; pan_turkic_no_merge_without_own_gate; urdu_hindustani_separate_lane_no_persianate_merge; arabic_lane_open_or_not_consumable; persian_farsi_lane_open_or_not_consumable","","","","فضای برداری; فضای خطی; فضای وکتوری lead","","","","noncanonical_micro_translation_support_for_named_route_only","false","false","false","false","do_not_consume_not_in_lane","do_not_consume_not_in_lane","consume_source_gate_only_no_microdraft_promotion","do_not_consume_from_dari_gate_independent_tajik_review_required","separate_lane_no_inheritance","separate_lane_no_inheritance","consume_source_gate_question_review_only","review_ready_gate_for_concept_not_body_translation | DDL definition is strong, but the vector register inside the lane still needs review before Hefferon axiom prose.","leave_unpacked_in_durable_run_log; copy_to_route_sidecar=persianate_tajik; copy_to_row_group_sidecar=dari_afghan_vector_space_source_gate; copy_to_support_or_blocker_sidecar; include_in_convenience_zip_archive; session_b_can_consume_unpacked","R3_MICRO_EVIDENCE_ARTIFACT_20260704T040935Z","20260704T041521Z"
"r3run:0167","r3micro:dari_afghan_vector_space_source_gate:vector","dari_afghan_vector_space_source_gate:vector","dari_afghan_vector_space_source_gate","vector","vector","arabic; persianate_tajik; novel_blocked","persianate_tajik","persianate_dari_gate_lane; adjacent_linear_algebra_source_lane","DARI_AFGHAN_VECTOR_SPACE_SOURCE_GATE_20260702T074500Z.json","C:\Users\memo_\Documents\Codex\2026-06-28\see-attached-you-do-prompt-a-3\outputs\DARI_AFGHAN_VECTOR_SPACE_SOURCE_GATE_20260702T074500Z.json","DDL page 204 row 3047","definition_gate_present","source-gated R3 row from DARI_AFGHAN_VECTOR_SPACE_SOURCE_GATE_20260702T074500Z.json; primary owner persianate_tajik; downstream lane(s) persianate_dari_gate_lane; adjacent_linear_algebra_source_lane; evidence status definition_gate_present; draft support emitted only from consume-routed surface fields","draft_noncanonical_micro_translation_support","emit_review_only_micro_support","Dari/Afghan source-gate support: وکتور","draft_support_available_review_only","tajik_independent_gate_required; pan_turkic_no_merge_without_own_gate; urdu_hindustani_separate_lane_no_persianate_merge; arabic_lane_open_or_not_consumable; persian_farsi_lane_open_or_not_consumable","","","","وکتور","","","","noncanonical_micro_translation_support_for_named_route_only","false","false","false","false","do_not_consume_not_in_lane","do_not_consume_not_in_lane","consume_source_gate_only_no_microdraft_promotion","do_not_consume_from_dari_gate_independent_tajik_review_required","separate_lane_no_inheritance","separate_lane_no_inheritance","consume_source_gate_question_review_only","strong_non_erasure_anchor | Do not inherit Iranian Persian بردار without Afghan review.","leave_unpacked_in_durable_run_log; copy_to_route_sidecar=persianate_tajik; copy_to_row_group_sidecar=dari_afghan_vector_space_source_gate; copy_to_support_or_blocker_sidecar; include_in_convenience_zip_archive; session_b_can_consume_unpacked","R3_MICRO_EVIDENCE_ARTIFACT_20260704T040935Z","20260704T041521Z"
"r3run:0168","r3micro:dari_afghan_vector_space_source_gate:vector_addition","dari_afghan_vector_space_source_gate:vector_addition","dari_afghan_vector_space_source_gate","vector_addition","vector addition","arabic; persianate_tajik; novel_blocked","persianate_tajik","persianate_dari_gate_lane; adjacent_linear_algebra_source_lane","DARI_AFGHAN_VECTOR_SPACE_SOURCE_GATE_20260702T074500Z.json","C:\Users\memo_\Documents\Codex\2026-06-28\see-attached-you-do-prompt-a-3\outputs\DARI_AFGHAN_VECTOR_SPACE_SOURCE_GATE_20260702T074500Z.json","DDL page 204 vector-space definition","source_witness_from_vector_space_definition","source-gated R3 row from DARI_AFGHAN_VECTOR_SPACE_SOURCE_GATE_20260702T074500Z.json; primary owner persianate_tajik; downstream lane(s) persianate_dari_gate_lane; adjacent_linear_algebra_source_lane; evidence status source_witness_from_vector_space_definition; draft support emitted only from consume-routed surface fields","draft_noncanonical_micro_translation_support","emit_review_only_micro_support","Dari/Afghan source-gate support: جمع برداری","draft_support_available_review_only","tajik_independent_gate_required; pan_turkic_no_merge_without_own_gate; urdu_hindustani_separate_lane_no_persianate_merge; arabic_lane_open_or_not_consumable; persian_farsi_lane_open_or_not_consumable","","","","جمع برداری","","","","noncanonical_micro_translation_support_for_named_route_only","false","false","false","false","do_not_consume_not_in_lane","do_not_consume_not_in_lane","consume_source_gate_only_no_microdraft_promotion","do_not_consume_from_dari_gate_independent_tajik_review_required","separate_lane_no_inheritance","separate_lane_no_inheritance","consume_source_gate_question_review_only","term_gate_only | Useful, but Hefferon axiom wording still not promoted.","leave_unpacked_in_durable_run_log; copy_to_route_sidecar=persianate_tajik; copy_to_row_group_sidecar=dari_afghan_vector_space_source_gate; copy_to_support_or_blocker_sidecar; include_in_convenience_zip_archive; session_b_can_consume_unpacked","R3_MICRO_EVIDENCE_ARTIFACT_20260704T040935Z","20260704T041521Z"
"r3run:0169","r3micro:dari_afghan_vector_space_source_gate:scalar_multiplication","dari_afghan_vector_space_source_gate:scalar_multiplication","dari_afghan_vector_space_source_gate","scalar_multiplication","scalar multiplication","arabic; persianate_tajik; novel_blocked","persianate_tajik","persianate_dari_gate_lane; adjacent_linear_algebra_source_lane","DARI_AFGHAN_VECTOR_SPACE_SOURCE_GATE_20260702T074500Z.json","C:\Users\memo_\Documents\Codex\2026-06-28\see-attached-you-do-prompt-a-3\outputs\DARI_AFGHAN_VECTOR_SPACE_SOURCE_GATE_20260702T074500Z.json","DDL page 204 vector-space definition","source_witness_from_vector_space_definition","source-gated R3 row from DARI_AFGHAN_VECTOR_SPACE_SOURCE_GATE_20260702T074500Z.json; primary owner persianate_tajik; downstream lane(s) persianate_dari_gate_lane; adjacent_linear_algebra_source_lane; evidence status source_witness_from_vector_space_definition; draft support emitted only from consume-routed surface fields","draft_noncanonical_micro_translation_support","emit_review_only_micro_support","Dari/Afghan source-gate support: ضرب نرده‌ای","draft_support_available_review_only","tajik_independent_gate_required; pan_turkic_no_merge_without_own_gate; urdu_hindustani_separate_lane_no_persianate_merge; arabic_lane_open_or_not_consumable; persian_farsi_lane_open_or_not_consumable","","","","ضرب نرده‌ای","","","","noncanonical_micro_translation_support_for_named_route_only","false","false","false","false","do_not_consume_not_in_lane","do_not_consume_not_in_lane","consume_source_gate_only_no_microdraft_promotion","do_not_consume_from_dari_gate_independent_tajik_review_required","separate_lane_no_inheritance","separate_lane_no_inheritance","consume_source_gate_question_review_only","term_gate_only | Need Afghan reviewer/source to confirm scalar multiplication register before full axiom text.","leave_unpacked_in_durable_run_log; copy_to_route_sidecar=persianate_tajik; copy_to_row_group_sidecar=dari_afghan_vector_space_source_gate; copy_to_support_or_blocker_sidecar; include_in_convenience_zip_archive; session_b_can_consume_unpacked","R3_MICRO_EVIDENCE_ARTIFACT_20260704T040935Z","20260704T041521Z"
"r3run:0170","r3micro:dari_afghan_vector_space_source_gate:scalar","dari_afghan_vector_space_source_gate:scalar","dari_afghan_vector_space_source_gate","scalar","scalar","arabic; persianate_tajik; novel_blocked","persianate_tajik","persianate_dari_gate_lane; adjacent_linear_algebra_source_lane","DARI_AFGHAN_VECTOR_SPACE_SOURCE_GATE_20260702T074500Z.json","C:\Users\memo_\Documents\Codex\2026-06-28\see-attached-you-do-prompt-a-3\outputs\DARI_AFGHAN_VECTOR_SPACE_SOURCE_GATE_20260702T074500Z.json","No standalone Afghan Dari row captured in this pass.","open_in_afghan_dari_packet","source-gated R3 row from DARI_AFGHAN_VECTOR_SPACE_SOURCE_GATE_20260702T074500Z.json; primary owner persianate_tajik; downstream lane(s) persianate_dari_gate_lane; adjacent_linear_algebra_source_lane; evidence status open_in_afghan_dari_packet; draft support emitted only from consume-routed surface fields","draft_noncanonical_micro_translation_support","emit_review_only_micro_support","Dari/Afghan source-gate support: OPEN / possible اسکالر from adjacent Persian/Farsi only","draft_support_available_review_only","source_gap_or_open_direct_evidence; tajik_independent_gate_required; pan_turkic_no_merge_without_own_gate; urdu_hindustani_separate_lane_no_persianate_merge; arabic_lane_open_or_not_consumable; persian_farsi_lane_open_or_not_consumable","","","","OPEN / possible اسکالر from adjacent Persian/Farsi only","","","","noncanonical_micro_translation_support_for_named_route_only","false","false","false","false","do_not_consume_not_in_lane","do_not_consume_not_in_lane","consume_source_gate_only_no_microdraft_promotion","do_not_consume_from_dari_gate_independent_tajik_review_required","separate_lane_no_inheritance","separate_lane_no_inheritance","consume_source_gate_question_review_only","do_not_promote | Do not inherit Persian/Farsi scalar row automatically.","leave_unpacked_in_durable_run_log; copy_to_route_sidecar=persianate_tajik; copy_to_row_group_sidecar=dari_afghan_vector_space_source_gate; copy_to_support_or_blocker_sidecar; include_in_convenience_zip_archive; session_b_can_consume_unpacked","R3_MICRO_EVIDENCE_ARTIFACT_20260704T040935Z","20260704T041521Z"
"r3run:0171","r3micro:dari_afghan_vector_space_source_gate:zero_vector","dari_afghan_vector_space_source_gate:zero_vector","dari_afghan_vector_space_source_gate","zero_vector","zero vector","arabic; persianate_tajik; novel_blocked","persianate_tajik","persianate_dari_gate_lane; adjacent_linear_algebra_source_lane","DARI_AFGHAN_VECTOR_SPACE_SOURCE_GATE_20260702T074500Z.json","C:\Users\memo_\Documents\Codex\2026-06-28\see-attached-you-do-prompt-a-3\outputs\DARI_AFGHAN_VECTOR_SPACE_SOURCE_GATE_20260702T074500Z.json","No captured Afghan Dari row.","open","source-gated R3 row from DARI_AFGHAN_VECTOR_SPACE_SOURCE_GATE_20260702T074500Z.json; primary owner persianate_tajik; downstream lane(s) persianate_dari_gate_lane; adjacent_linear_algebra_source_lane; evidence status open; draft support emitted only from consume-routed surface fields","draft_noncanonical_micro_translation_support","emit_review_only_micro_support","Dari/Afghan source-gate support: OPEN","draft_support_available_review_only","source_gap_or_open_direct_evidence; tajik_independent_gate_required; pan_turkic_no_merge_without_own_gate; urdu_hindustani_separate_lane_no_persianate_merge; arabic_lane_open_or_not_consumable; persian_farsi_lane_open_or_not_consumable","","","","OPEN","","","","noncanonical_micro_translation_support_for_named_route_only","false","false","false","false","do_not_consume_not_in_lane","do_not_consume_not_in_lane","consume_source_gate_only_no_microdraft_promotion","do_not_consume_from_dari_gate_independent_tajik_review_required","separate_lane_no_inheritance","separate_lane_no_inheritance","consume_source_gate_question_review_only","do_not_promote | Needed before a Hefferon vector-space microdraft.","leave_unpacked_in_durable_run_log; copy_to_route_sidecar=persianate_tajik; copy_to_row_group_sidecar=dari_afghan_vector_space_source_gate; copy_to_support_or_blocker_sidecar; include_in_convenience_zip_archive; session_b_can_consume_unpacked","R3_MICRO_EVIDENCE_ARTIFACT_20260704T040935Z","20260704T041521Z"
"r3run:0172","r3micro:dari_afghan_vector_space_source_gate:additive_inverse","dari_afghan_vector_space_source_gate:additive_inverse","dari_afghan_vector_space_source_gate","additive_inverse","additive inverse","arabic; persianate_tajik; novel_blocked","persianate_tajik","persianate_dari_gate_lane; adjacent_linear_algebra_source_lane","DARI_AFGHAN_VECTOR_SPACE_SOURCE_GATE_20260702T074500Z.json","C:\Users\memo_\Documents\Codex\2026-06-28\see-attached-you-do-prompt-a-3\outputs\DARI_AFGHAN_VECTOR_SPACE_SOURCE_GATE_20260702T074500Z.json","No captured Afghan Dari row.","open","source-gated R3 row from DARI_AFGHAN_VECTOR_SPACE_SOURCE_GATE_20260702T074500Z.json; primary owner persianate_tajik; downstream lane(s) persianate_dari_gate_lane; adjacent_linear_algebra_source_lane; evidence status open; draft support emitted only from consume-routed surface fields","draft_noncanonical_micro_translation_support","emit_review_only_micro_support","Dari/Afghan source-gate support: OPEN","draft_support_available_review_only","source_gap_or_open_direct_evidence; tajik_independent_gate_required; pan_turkic_no_merge_without_own_gate; urdu_hindustani_separate_lane_no_persianate_merge; arabic_lane_open_or_not_consumable; persian_farsi_lane_open_or_not_consumable","","","","OPEN","","","","noncanonical_micro_translation_support_for_named_route_only","false","false","false","false","do_not_consume_not_in_lane","do_not_consume_not_in_lane","consume_source_gate_only_no_microdraft_promotion","do_not_consume_from_dari_gate_independent_tajik_review_required","separate_lane_no_inheritance","separate_lane_no_inheritance","consume_source_gate_question_review_only","do_not_promote | Needed before a Hefferon vector-space microdraft.","leave_unpacked_in_durable_run_log; copy_to_route_sidecar=persianate_tajik; copy_to_row_group_sidecar=dari_afghan_vector_space_source_gate; copy_to_support_or_blocker_sidecar; include_in_convenience_zip_archive; session_b_can_consume_unpacked","R3_MICRO_EVIDENCE_ARTIFACT_20260704T040935Z","20260704T041521Z"
"r3run:0173","r3micro:dari_afghan_vector_space_source_gate:closure","dari_afghan_vector_space_source_gate:closure","dari_afghan_vector_space_source_gate","closure","closed under operation","arabic; persianate_tajik; novel_blocked","persianate_tajik","persianate_dari_gate_lane; adjacent_linear_algebra_source_lane","DARI_AFGHAN_VECTOR_SPACE_SOURCE_GATE_20260702T074500Z.json","C:\Users\memo_\Documents\Codex\2026-06-28\see-attached-you-do-prompt-a-3\outputs\DARI_AFGHAN_VECTOR_SPACE_SOURCE_GATE_20260702T074500Z.json","No captured Afghan Dari axiom wording.","open","source-gated R3 row from DARI_AFGHAN_VECTOR_SPACE_SOURCE_GATE_20260702T074500Z.json; primary owner persianate_tajik; downstream lane(s) persianate_dari_gate_lane; adjacent_linear_algebra_source_lane; evidence status open; draft support emitted only from consume-routed surface fields","draft_noncanonical_micro_translation_support","emit_review_only_micro_support","Dari/Afghan source-gate support: OPEN","draft_support_available_review_only","source_gap_or_open_direct_evidence; tajik_independent_gate_required; pan_turkic_no_merge_without_own_gate; urdu_hindustani_separate_lane_no_persianate_merge; arabic_lane_open_or_not_consumable; persian_farsi_lane_open_or_not_consumable","","","","OPEN","","","","noncanonical_micro_translation_support_for_named_route_only","false","false","false","false","do_not_consume_not_in_lane","do_not_consume_not_in_lane","consume_source_gate_only_no_microdraft_promotion","do_not_consume_from_dari_gate_independent_tajik_review_required","separate_lane_no_inheritance","separate_lane_no_inheritance","consume_source_gate_question_review_only","do_not_promote | Needed before a Hefferon vector-space microdraft.","leave_unpacked_in_durable_run_log; copy_to_route_sidecar=persianate_tajik; copy_to_row_group_sidecar=dari_afghan_vector_space_source_gate; copy_to_support_or_blocker_sidecar; include_in_convenience_zip_archive; session_b_can_consume_unpacked","R3_MICRO_EVIDENCE_ARTIFACT_20260704T040935Z","20260704T041521Z"
"r3run:0174","r3micro:dari_afghan_linear_system_source_gate:linear_algebra","dari_afghan_linear_system_source_gate:linear_algebra","dari_afghan_linear_system_source_gate","linear_algebra","linear algebra","arabic; persianate_tajik; novel_blocked","persianate_tajik","persianate_dari_gate_lane; adjacent_linear_algebra_source_lane","DARI_AFGHAN_LINEAR_SYSTEM_GAP_FILL_UPDATE_20260702T021500Z.json","C:\Users\memo_\Documents\Codex\2026-06-28\see-attached-you-do-prompt-a-3\outputs\DARI_AFGHAN_LINEAR_SYSTEM_GAP_FILL_UPDATE_20260702T021500Z.json","DDL page 90 row 1347; KPU math department HTML; older Afghan bridge source ledger","unchanged_review_ready_term_gate","source-gated R3 row from DARI_AFGHAN_LINEAR_SYSTEM_GAP_FILL_UPDATE_20260702T021500Z.json; primary owner persianate_tajik; downstream lane(s) persianate_dari_gate_lane; adjacent_linear_algebra_source_lane; evidence status unchanged_review_ready_term_gate; draft support emitted only from consume-routed surface fields","draft_noncanonical_micro_translation_support","emit_review_only_micro_support","Dari/Afghan source-gate support: الجبر خطی","draft_support_available_review_only","tajik_independent_gate_required; pan_turkic_no_merge_without_own_gate; urdu_hindustani_separate_lane_no_persianate_merge; arabic_lane_open_or_not_consumable; persian_farsi_lane_open_or_not_consumable","","","","الجبر خطی","","","","noncanonical_micro_translation_support_for_named_route_only","false","false","false","false","do_not_consume_not_in_lane","do_not_consume_not_in_lane","consume_source_gate_only_no_microdraft_promotion","do_not_consume_from_dari_gate_independent_tajik_review_required","separate_lane_no_inheritance","separate_lane_no_inheritance","consume_source_gate_question_review_only","review_ready_term_gate_not_full_prose | Do not normalize away Afghan initial الجبر.","leave_unpacked_in_durable_run_log; copy_to_route_sidecar=persianate_tajik; copy_to_row_group_sidecar=dari_afghan_linear_system_source_gate; copy_to_support_or_blocker_sidecar; include_in_convenience_zip_archive; session_b_can_consume_unpacked","R3_MICRO_EVIDENCE_ARTIFACT_20260704T040935Z","20260704T041521Z"
"r3run:0175","r3micro:dari_afghan_linear_system_source_gate:linear_equation","dari_afghan_linear_system_source_gate:linear_equation","dari_afghan_linear_system_source_gate","linear_equation","linear equation","arabic; persianate_tajik; novel_blocked","persianate_tajik","persianate_dari_gate_lane; adjacent_linear_algebra_source_lane","DARI_AFGHAN_LINEAR_SYSTEM_GAP_FILL_UPDATE_20260702T021500Z.json","C:\Users\memo_\Documents\Codex\2026-06-28\see-attached-you-do-prompt-a-3\outputs\DARI_AFGHAN_LINEAR_SYSTEM_GAP_FILL_UPDATE_20260702T021500Z.json","DDL page 84 row 1258 Mathematical equation => معادله ریاضی; older rendered Afghan curriculum lead has معادلات خطی","improved_adjacent_equation_family_not_linear_equation","source-gated R3 row from DARI_AFGHAN_LINEAR_SYSTEM_GAP_FILL_UPDATE_20260702T021500Z.json; primary owner persianate_tajik; downstream lane(s) persianate_dari_gate_lane; adjacent_linear_algebra_source_lane; evidence status improved_adjacent_equation_family_not_linear_equation; draft support emitted only from consume-routed surface fields","draft_noncanonical_micro_translation_support","emit_review_only_micro_support","Dari/Afghan source-gate support: معادله ریاضی; معادلات خطی","draft_support_available_review_only","tajik_independent_gate_required; pan_turkic_no_merge_without_own_gate; urdu_hindustani_separate_lane_no_persianate_merge; arabic_lane_open_or_not_consumable; persian_farsi_lane_open_or_not_consumable","","","","معادله ریاضی; معادلات خطی","","","","noncanonical_micro_translation_support_for_named_route_only","false","false","false","false","do_not_consume_not_in_lane","do_not_consume_not_in_lane","consume_source_gate_only_no_microdraft_promotion","do_not_consume_from_dari_gate_independent_tajik_review_required","separate_lane_no_inheritance","separate_lane_no_inheritance","consume_source_gate_question_review_only","term_family_gate_improved_but_no_singular_hefferon_microdraft | This supports equation-family and plural linear-equations wording, but not enough for singular Hefferon 'a linear equation' without reviewer/source confirmation.","leave_unpacked_in_durable_run_log; copy_to_route_sidecar=persianate_tajik; copy_to_row_group_sidecar=dari_afghan_linear_system_source_gate; copy_to_support_or_blocker_sidecar; include_in_convenience_zip_archive; session_b_can_consume_unpacked","R3_MICRO_EVIDENCE_ARTIFACT_20260704T040935Z","20260704T041521Z"
"r3run:0176","r3micro:dari_afghan_linear_system_source_gate:system_of_linear_equations","dari_afghan_linear_system_source_gate:system_of_linear_equations","dari_afghan_linear_system_source_gate","system_of_linear_equations","system of linear equations / linear system","arabic; persianate_tajik; novel_blocked","persianate_tajik","persianate_dari_gate_lane; adjacent_linear_algebra_source_lane","DARI_AFGHAN_LINEAR_SYSTEM_GAP_FILL_UPDATE_20260702T021500Z.json","C:\Users\memo_\Documents\Codex\2026-06-28\see-attached-you-do-prompt-a-3\outputs\DARI_AFGHAN_LINEAR_SYSTEM_GAP_FILL_UPDATE_20260702T021500Z.json","DDL page 90 row 1342; older rendered Afghan curriculum lead has معادلات خطی","improved_with_plural_linear_equations_curriculum_lead","source-gated R3 row from DARI_AFGHAN_LINEAR_SYSTEM_GAP_FILL_UPDATE_20260702T021500Z.json; primary owner persianate_tajik; downstream lane(s) persianate_dari_gate_lane; adjacent_linear_algebra_source_lane; evidence status improved_with_plural_linear_equations_curriculum_lead; draft support emitted only from consume-routed surface fields","draft_noncanonical_micro_translation_support","emit_review_only_micro_support","Dari/Afghan source-gate support: سیستم خطی، دستگاه خطی; معادلات خطی","draft_support_available_review_only","tajik_independent_gate_required; pan_turkic_no_merge_without_own_gate; urdu_hindustani_separate_lane_no_persianate_merge; arabic_lane_open_or_not_consumable; persian_farsi_lane_open_or_not_consumable","","","","سیستم خطی، دستگاه خطی; معادلات خطی","","","","noncanonical_micro_translation_support_for_named_route_only","false","false","false","false","do_not_consume_not_in_lane","do_not_consume_not_in_lane","consume_source_gate_only_no_microdraft_promotion","do_not_consume_from_dari_gate_independent_tajik_review_required","separate_lane_no_inheritance","separate_lane_no_inheritance","consume_source_gate_question_review_only","review_ready_gate_but_hefferon_full_system_phrase_still_open | Still need clean Afghan prose deciding سیستم معادلات خطی versus دستگاه/سیستم خطی for Hefferon's phrase.","leave_unpacked_in_durable_run_log; copy_to_route_sidecar=persianate_tajik; copy_to_row_group_sidecar=dari_afghan_linear_system_source_gate; copy_to_support_or_blocker_sidecar; include_in_convenience_zip_archive; session_b_can_consume_unpacked","R3_MICRO_EVIDENCE_ARTIFACT_20260704T040935Z","20260704T041521Z"
"r3run:0177","r3micro:dari_afghan_linear_system_source_gate:matrix","dari_afghan_linear_system_source_gate:matrix","dari_afghan_linear_system_source_gate","matrix","matrix","arabic; persianate_tajik; novel_blocked","persianate_tajik","persianate_dari_gate_lane; adjacent_linear_algebra_source_lane","DARI_AFGHAN_LINEAR_SYSTEM_GAP_FILL_UPDATE_20260702T021500Z.json","C:\Users\memo_\Documents\Codex\2026-06-28\see-attached-you-do-prompt-a-3\outputs\DARI_AFGHAN_LINEAR_SYSTEM_GAP_FILL_UPDATE_20260702T021500Z.json","Older Afghan rendered software-engineering curriculum HTML ledgers; no PDF downloaded","improved_rendered_curriculum_review_gate","source-gated R3 row from DARI_AFGHAN_LINEAR_SYSTEM_GAP_FILL_UPDATE_20260702T021500Z.json; primary owner persianate_tajik; downstream lane(s) persianate_dari_gate_lane; adjacent_linear_algebra_source_lane; evidence status improved_rendered_curriculum_review_gate; draft support emitted only from consume-routed surface fields","draft_noncanonical_micro_translation_support","emit_review_only_micro_support","Dari/Afghan source-gate support: ماتریس; ماتریس ها; ترانهاده ماتریس; معکوس ماتریس","draft_support_available_review_only","tajik_independent_gate_required; pan_turkic_no_merge_without_own_gate; urdu_hindustani_separate_lane_no_persianate_merge; arabic_lane_open_or_not_consumable; persian_farsi_lane_open_or_not_consumable","","","","ماتریس; ماتریس ها; ترانهاده ماتریس; معکوس ماتریس","","","","noncanonical_micro_translation_support_for_named_route_only","false","false","false","false","do_not_consume_not_in_lane","do_not_consume_not_in_lane","consume_source_gate_only_no_microdraft_promotion","do_not_consume_from_dari_gate_independent_tajik_review_required","separate_lane_no_inheritance","separate_lane_no_inheritance","consume_source_gate_question_review_only","review_ready_curriculum_gate_not_base_text | Enough to mark Afghan Dari matrix register as curriculum-review-ready; still prefer original university/source text before using as base prose.","leave_unpacked_in_durable_run_log; copy_to_route_sidecar=persianate_tajik; copy_to_row_group_sidecar=dari_afghan_linear_system_source_gate; copy_to_support_or_blocker_sidecar; include_in_convenience_zip_archive; session_b_can_consume_unpacked","R3_MICRO_EVIDENCE_ARTIFACT_20260704T040935Z","20260704T041521Z"
"r3run:0178","r3micro:dari_afghan_linear_system_source_gate:solution","dari_afghan_linear_system_source_gate:solution","dari_afghan_linear_system_source_gate","solution","solution / answer","arabic; persianate_tajik; novel_blocked","persianate_tajik","persianate_dari_gate_lane; adjacent_linear_algebra_source_lane","DARI_AFGHAN_LINEAR_SYSTEM_GAP_FILL_UPDATE_20260702T021500Z.json","C:\Users\memo_\Documents\Codex\2026-06-28\see-attached-you-do-prompt-a-3\outputs\DARI_AFGHAN_LINEAR_SYSTEM_GAP_FILL_UPDATE_20260702T021500Z.json","DDL page 124 row 1851 Exact solution => حل دقیق، پاسخ دقیق","improved_adjacent_solution_register_gate","source-gated R3 row from DARI_AFGHAN_LINEAR_SYSTEM_GAP_FILL_UPDATE_20260702T021500Z.json; primary owner persianate_tajik; downstream lane(s) persianate_dari_gate_lane; adjacent_linear_algebra_source_lane; evidence status improved_adjacent_solution_register_gate; draft support emitted only from consume-routed surface fields","draft_noncanonical_micro_translation_support","emit_review_only_micro_support","Dari/Afghan source-gate support: حل دقیق، پاسخ دقیق","draft_support_available_review_only","tajik_independent_gate_required; pan_turkic_no_merge_without_own_gate; urdu_hindustani_separate_lane_no_persianate_merge; arabic_lane_open_or_not_consumable; persian_farsi_lane_open_or_not_consumable","","","","حل دقیق، پاسخ دقیق","","","","noncanonical_micro_translation_support_for_named_route_only","false","false","false","false","do_not_consume_not_in_lane","do_not_consume_not_in_lane","consume_source_gate_only_no_microdraft_promotion","do_not_consume_from_dari_gate_independent_tajik_review_required","separate_lane_no_inheritance","separate_lane_no_inheritance","consume_source_gate_question_review_only","adjacent_review_gate_not_hefferon_solution_promotion | Supports both حل and پاسخ in Afghan math glossary context, but final equation/system solution register remains open.","leave_unpacked_in_durable_run_log; copy_to_route_sidecar=persianate_tajik; copy_to_row_group_sidecar=dari_afghan_linear_system_source_gate; copy_to_support_or_blocker_sidecar; include_in_convenience_zip_archive; session_b_can_consume_unpacked","R3_MICRO_EVIDENCE_ARTIFACT_20260704T040935Z","20260704T041521Z"
"r3run:0179","r3micro:dari_afghan_linear_system_source_gate:coefficient","dari_afghan_linear_system_source_gate:coefficient","dari_afghan_linear_system_source_gate","coefficient","coefficient","arabic; persianate_tajik; novel_blocked","persianate_tajik","persianate_dari_gate_lane; adjacent_linear_algebra_source_lane","DARI_AFGHAN_LINEAR_SYSTEM_GAP_FILL_UPDATE_20260702T021500Z.json","C:\Users\memo_\Documents\Codex\2026-06-28\see-attached-you-do-prompt-a-3\outputs\DARI_AFGHAN_LINEAR_SYSTEM_GAP_FILL_UPDATE_20260702T021500Z.json","DDL page 202 row 3022 absorption coefficient => ضریب جذب is chemistry, not equation coefficient","still_open_chemistry_coefficient_rejected_for_math_equation","source-gated R3 row from DARI_AFGHAN_LINEAR_SYSTEM_GAP_FILL_UPDATE_20260702T021500Z.json; primary owner persianate_tajik; downstream lane(s) persianate_dari_gate_lane; adjacent_linear_algebra_source_lane; evidence status still_open_chemistry_coefficient_rejected_for_math_equation; draft support emitted only from consume-routed surface fields","draft_noncanonical_micro_translation_support","emit_review_only_micro_support","Dari/Afghan source-gate support: OPEN","draft_support_available_review_only","source_gap_or_open_direct_evidence; tajik_independent_gate_required; pan_turkic_no_merge_without_own_gate; urdu_hindustani_separate_lane_no_persianate_merge; arabic_lane_open_or_not_consumable; persian_farsi_lane_open_or_not_consumable","","","","OPEN","","","","noncanonical_micro_translation_support_for_named_route_only","false","false","false","false","do_not_consume_not_in_lane","do_not_consume_not_in_lane","consume_source_gate_only_no_microdraft_promotion","do_not_consume_from_dari_gate_independent_tajik_review_required","separate_lane_no_inheritance","separate_lane_no_inheritance","consume_source_gate_question_review_only","do_not_promote | Do not inherit Iranian Persian ضریب; chemistry coefficient row is only a morphology hint.","leave_unpacked_in_durable_run_log; copy_to_route_sidecar=persianate_tajik; copy_to_row_group_sidecar=dari_afghan_linear_system_source_gate; copy_to_support_or_blocker_sidecar; include_in_convenience_zip_archive; session_b_can_consume_unpacked","R3_MICRO_EVIDENCE_ARTIFACT_20260704T040935Z","20260704T041521Z"
"r3run:0180","r3micro:dari_afghan_linear_system_source_gate:constant","dari_afghan_linear_system_source_gate:constant","dari_afghan_linear_system_source_gate","constant","constant","arabic; persianate_tajik; novel_blocked","persianate_tajik","persianate_dari_gate_lane; adjacent_linear_algebra_source_lane","DARI_AFGHAN_LINEAR_SYSTEM_GAP_FILL_UPDATE_20260702T021500Z.json","C:\Users\memo_\Documents\Codex\2026-06-28\see-attached-you-do-prompt-a-3\outputs\DARI_AFGHAN_LINEAR_SYSTEM_GAP_FILL_UPDATE_20260702T021500Z.json","No captured Afghan math-row source for equation constant","still_open","source-gated R3 row from DARI_AFGHAN_LINEAR_SYSTEM_GAP_FILL_UPDATE_20260702T021500Z.json; primary owner persianate_tajik; downstream lane(s) persianate_dari_gate_lane; adjacent_linear_algebra_source_lane; evidence status still_open; draft support emitted only from consume-routed surface fields","draft_noncanonical_micro_translation_support","emit_review_only_micro_support","Dari/Afghan source-gate support: OPEN","draft_support_available_review_only","source_gap_or_open_direct_evidence; tajik_independent_gate_required; pan_turkic_no_merge_without_own_gate; urdu_hindustani_separate_lane_no_persianate_merge; arabic_lane_open_or_not_consumable; persian_farsi_lane_open_or_not_consumable","","","","OPEN","","","","noncanonical_micro_translation_support_for_named_route_only","false","false","false","false","do_not_consume_not_in_lane","do_not_consume_not_in_lane","consume_source_gate_only_no_microdraft_promotion","do_not_consume_from_dari_gate_independent_tajik_review_required","separate_lane_no_inheritance","separate_lane_no_inheritance","consume_source_gate_question_review_only","do_not_promote | Generic KPU/DDL uses of ثابت do not decide Hefferon's constant d.","leave_unpacked_in_durable_run_log; copy_to_route_sidecar=persianate_tajik; copy_to_row_group_sidecar=dari_afghan_linear_system_source_gate; copy_to_support_or_blocker_sidecar; include_in_convenience_zip_archive; session_b_can_consume_unpacked","R3_MICRO_EVIDENCE_ARTIFACT_20260704T040935Z","20260704T041521Z"
"r3run:0181","r3micro:dari_afghan_linear_system_source_gate:n_tuple","dari_afghan_linear_system_source_gate:n_tuple","dari_afghan_linear_system_source_gate","n_tuple","n-tuple","arabic; persianate_tajik; novel_blocked","persianate_tajik","persianate_dari_gate_lane; adjacent_linear_algebra_source_lane","DARI_AFGHAN_LINEAR_SYSTEM_GAP_FILL_UPDATE_20260702T021500Z.json","C:\Users\memo_\Documents\Codex\2026-06-28\see-attached-you-do-prompt-a-3\outputs\DARI_AFGHAN_LINEAR_SYSTEM_GAP_FILL_UPDATE_20260702T021500Z.json","No captured Afghan source-level n-tuple row","still_open","source-gated R3 row from DARI_AFGHAN_LINEAR_SYSTEM_GAP_FILL_UPDATE_20260702T021500Z.json; primary owner persianate_tajik; downstream lane(s) persianate_dari_gate_lane; adjacent_linear_algebra_source_lane; evidence status still_open; draft support emitted only from consume-routed surface fields","draft_noncanonical_micro_translation_support","emit_review_only_micro_support","Dari/Afghan source-gate support: OPEN","draft_support_available_review_only","source_gap_or_open_direct_evidence; tajik_independent_gate_required; pan_turkic_no_merge_without_own_gate; urdu_hindustani_separate_lane_no_persianate_merge; arabic_lane_open_or_not_consumable; persian_farsi_lane_open_or_not_consumable","","","","OPEN","","","","noncanonical_micro_translation_support_for_named_route_only","false","false","false","false","do_not_consume_not_in_lane","do_not_consume_not_in_lane","consume_source_gate_only_no_microdraft_promotion","do_not_consume_from_dari_gate_independent_tajik_review_required","separate_lane_no_inheritance","separate_lane_no_inheritance","consume_source_gate_question_review_only","do_not_promote | Keep n-tuple untranslated or paraphrased only in future review notes.","leave_unpacked_in_durable_run_log; copy_to_route_sidecar=persianate_tajik; copy_to_row_group_sidecar=dari_afghan_linear_system_source_gate; copy_to_support_or_blocker_sidecar; include_in_convenience_zip_archive; session_b_can_consume_unpacked","R3_MICRO_EVIDENCE_ARTIFACT_20260704T040935Z","20260704T041521Z"
"r3run:0182","r3micro:dari_afghan_linear_system_source_gate:vector","dari_afghan_linear_system_source_gate:vector","dari_afghan_linear_system_source_gate","vector","vector","arabic; persianate_tajik; novel_blocked","persianate_tajik","persianate_dari_gate_lane; adjacent_linear_algebra_source_lane","DARI_AFGHAN_LINEAR_SYSTEM_GAP_FILL_UPDATE_20260702T021500Z.json","C:\Users\memo_\Documents\Codex\2026-06-28\see-attached-you-do-prompt-a-3\outputs\DARI_AFGHAN_LINEAR_SYSTEM_GAP_FILL_UPDATE_20260702T021500Z.json","DDL page 204 row 3047; older Afghan curriculum lead","unchanged_non_erasure_anchor","source-gated R3 row from DARI_AFGHAN_LINEAR_SYSTEM_GAP_FILL_UPDATE_20260702T021500Z.json; primary owner persianate_tajik; downstream lane(s) persianate_dari_gate_lane; adjacent_linear_algebra_source_lane; evidence status unchanged_non_erasure_anchor; draft support emitted only from consume-routed surface fields","draft_noncanonical_micro_translation_support","emit_review_only_micro_support","Dari/Afghan source-gate support: وکتور","draft_support_available_review_only","tajik_independent_gate_required; pan_turkic_no_merge_without_own_gate; urdu_hindustani_separate_lane_no_persianate_merge; arabic_lane_open_or_not_consumable; persian_farsi_lane_open_or_not_consumable","","","","وکتور","","","","noncanonical_micro_translation_support_for_named_route_only","false","false","false","false","do_not_consume_not_in_lane","do_not_consume_not_in_lane","consume_source_gate_only_no_microdraft_promotion","do_not_consume_from_dari_gate_independent_tajik_review_required","separate_lane_no_inheritance","separate_lane_no_inheritance","consume_source_gate_question_review_only","review_ready_but_register_differs_from_iranian_persian | Strong non-erasure anchor against blindly using Persian بردار.","leave_unpacked_in_durable_run_log; copy_to_route_sidecar=persianate_tajik; copy_to_row_group_sidecar=dari_afghan_linear_system_source_gate; copy_to_support_or_blocker_sidecar; include_in_convenience_zip_archive; session_b_can_consume_unpacked","R3_MICRO_EVIDENCE_ARTIFACT_20260704T040935Z","20260704T041521Z"
"r3run:0183","r3micro:dari_afghan_linear_system_source_gate:vector_space","dari_afghan_linear_system_source_gate:vector_space","dari_afghan_linear_system_source_gate","vector_space","vector space","arabic; persianate_tajik; novel_blocked","persianate_tajik","persianate_dari_gate_lane; adjacent_linear_algebra_source_lane","DARI_AFGHAN_LINEAR_SYSTEM_GAP_FILL_UPDATE_20260702T021500Z.json","C:\Users\memo_\Documents\Codex\2026-06-28\see-attached-you-do-prompt-a-3\outputs\DARI_AFGHAN_LINEAR_SYSTEM_GAP_FILL_UPDATE_20260702T021500Z.json","DDL page 204 row 3046; older Afghan curriculum lead","unchanged_future_microdraft_gate","source-gated R3 row from DARI_AFGHAN_LINEAR_SYSTEM_GAP_FILL_UPDATE_20260702T021500Z.json; primary owner persianate_tajik; downstream lane(s) persianate_dari_gate_lane; adjacent_linear_algebra_source_lane; evidence status unchanged_future_microdraft_gate; draft support emitted only from consume-routed surface fields","draft_noncanonical_micro_translation_support","emit_review_only_micro_support","Dari/Afghan source-gate support: فضای برداری; فضای وکتوری","draft_support_available_review_only","tajik_independent_gate_required; pan_turkic_no_merge_without_own_gate; urdu_hindustani_separate_lane_no_persianate_merge; arabic_lane_open_or_not_consumable; persian_farsi_lane_open_or_not_consumable","","","","فضای برداری; فضای وکتوری","","","","noncanonical_micro_translation_support_for_named_route_only","false","false","false","false","do_not_consume_not_in_lane","do_not_consume_not_in_lane","consume_source_gate_only_no_microdraft_promotion","do_not_consume_from_dari_gate_independent_tajik_review_required","separate_lane_no_inheritance","separate_lane_no_inheritance","consume_source_gate_question_review_only","future_vector_space_microdraft_gate | Useful for later vector-space work, not enough to complete this linear-system definition.","leave_unpacked_in_durable_run_log; copy_to_route_sidecar=persianate_tajik; copy_to_row_group_sidecar=dari_afghan_linear_system_source_gate; copy_to_support_or_blocker_sidecar; include_in_convenience_zip_archive; session_b_can_consume_unpacked","R3_MICRO_EVIDENCE_ARTIFACT_20260704T040935Z","20260704T041521Z"
"r3run:0184","r3micro:wikibooks_hefferon:vector_space","wikibooks_hefferon:vector_space","wikibooks_hefferon_crosscheck","vector_space","vector_space","arabic; persianate_tajik; novel_blocked","arabic","arabic_rtl_lane; persianate_farsi_lane; urdu_hindustani_separate_lane; adjacent_linear_algebra_source_lane","r3_wikibooks_hefferon_term_crosscheck.csv","C:\Users\memo_\Documents\Codex\2026-06-28\see-attached-you-do-prompt-a-3\outputs\r3_wikibooks_hefferon_term_crosscheck.csv","hefferon_hits=5; wikibooks_hits=6","no_term_promotion_no_translation_unlock","source-gated R3 row from r3_wikibooks_hefferon_term_crosscheck.csv; primary owner arabic; downstream lane(s) arabic_rtl_lane; persianate_farsi_lane; urdu_hindustani_separate_lane; adjacent_linear_algebra_source_lane; evidence status no_term_promotion_no_translation_unlock; no draft support emitted; row remains blocker/source question","exact_blocker_or_source_question","do_not_emit_surface","","blocked_or_source_question_only","dari_independent_gate_required; tajik_independent_gate_required; pan_turkic_no_merge_without_own_gate; urdu_hindustani_separate_lane_no_persianate_merge","dari_independent_gate_required; tajik_independent_gate_required; pan_turkic_no_merge_without_own_gate; urdu_hindustani_separate_lane_no_persianate_merge","","","","","","","blocker_record_or_source_question_only","false","false","false","false","consume_english_source_crosscheck_only_if_local_arabic_row_exists","consume_english_source_crosscheck_only_if_local_farsi_row_exists","source_question_only_independent_dari_gate_required","source_question_only_independent_tajik_gate_required","separate_lane_source_question_only","separate_lane_no_inheritance","consume_english_source_crosscheck_review_only","has_multilane_vector_slice_drafts | sources/non_slavic_reference_corpus/20260629t155724z_hefferon_linear_algebra_source_first_intake/raw/src/map/map1.tex:10 | sources/non_slavic_reference_corpus/20260629t155724z_hefferon_linear_algebra_source_first_intake/raw/src/map/map2.tex:28 | sources/non_slavic_reference_corpus/20260629t155724z_hefferon_linear_algebra_source_first_intake/raw/src/pref/pref.tex:11 | sources/non_slavic_reference_corpus/20260629t155724z_hefferon_linear_algebra_source_first_intake/raw/src/vs/vs1.tex:4 | sources/non_slavic_reference_corpus/20260629t155724z_hefferon_linear_algebra_source_first_intake/raw/src/vs/vs2.tex:5 | sources/non_slavic_reference_corpus/20260630t064759z_r3_wikibooks_linear_algebra_candidate_intake/wikitext/linear_algebra_basis_vectors.wiki.txt:2 | sources/non_slavic_reference_corpus/20260630t064759z_r3_wikibooks_linear_algebra_candidate_intake/wikitext/linear_algebra_bibliography.wiki.txt:9 | sources/non_slavic_reference_corpus/20260630t064759z_r3_wikibooks_linear_algebra_candidate_intake/wikitext/linear_algebra_complex_vector_spaces.wiki.txt:2 | sources/non_slavic_reference_corpus/20260630t064759z_r3_wikibooks_linear_algebra_candidate_intake/wikitext/linear_algebra_definition_and_examples_of_vector_spaces.wiki.txt:2 | sources/non_slavic_reference_corpus/20260630t064759z_r3_wikibooks_linear_algebra_candidate_intake/wikitext/linear_algebra_index.wiki.txt:8 | sources/non_slavic_reference_corpus/20260630t064759z_r3_wikibooks_linear_algebra_candidate_intake/wikitext/linear_algebra_linear_transformations.wiki.txt:25","leave_unpacked_in_durable_run_log; copy_to_route_sidecar=arabic; copy_to_row_group_sidecar=wikibooks_hefferon_crosscheck; copy_to_support_or_blocker_sidecar; include_in_convenience_zip_archive; session_b_can_consume_unpacked","R3_MICRO_EVIDENCE_ARTIFACT_20260704T040935Z","20260704T041521Z"
"r3run:0185","r3micro:wikibooks_hefferon:zero_vector","wikibooks_hefferon:zero_vector","wikibooks_hefferon_crosscheck","zero_vector","zero_vector","arabic; persianate_tajik; novel_blocked","arabic","arabic_rtl_lane; persianate_farsi_lane; urdu_hindustani_separate_lane; adjacent_linear_algebra_source_lane","r3_wikibooks_hefferon_term_crosscheck.csv","C:\Users\memo_\Documents\Codex\2026-06-28\see-attached-you-do-prompt-a-3\outputs\r3_wikibooks_hefferon_term_crosscheck.csv","hefferon_hits=6; wikibooks_hits=6","no_term_promotion_no_translation_unlock","source-gated R3 row from r3_wikibooks_hefferon_term_crosscheck.csv; primary owner arabic; downstream lane(s) arabic_rtl_lane; persianate_farsi_lane; urdu_hindustani_separate_lane; adjacent_linear_algebra_source_lane; evidence status no_term_promotion_no_translation_unlock; no draft support emitted; row remains blocker/source question","exact_blocker_or_source_question","do_not_emit_surface","","blocked_or_source_question_only","dari_independent_gate_required; tajik_independent_gate_required; pan_turkic_no_merge_without_own_gate; urdu_hindustani_separate_lane_no_persianate_merge","dari_independent_gate_required; tajik_independent_gate_required; pan_turkic_no_merge_without_own_gate; urdu_hindustani_separate_lane_no_persianate_merge","","","","","","","blocker_record_or_source_question_only","false","false","false","false","consume_english_source_crosscheck_only_if_local_arabic_row_exists","consume_english_source_crosscheck_only_if_local_farsi_row_exists","source_question_only_independent_dari_gate_required","source_question_only_independent_tajik_gate_required","separate_lane_source_question_only","separate_lane_no_inheritance","consume_english_source_crosscheck_review_only","has_multilane_vector_slice_drafts | sources/non_slavic_reference_corpus/20260629t155724z_hefferon_linear_algebra_source_first_intake/raw/src/gr/gr1.tex:2214 | sources/non_slavic_reference_corpus/20260629t155724z_hefferon_linear_algebra_source_first_intake/raw/src/gr/gr2.tex:1024 | sources/non_slavic_reference_corpus/20260629t155724z_hefferon_linear_algebra_source_first_intake/raw/src/map/map1.tex:411 | sources/non_slavic_reference_corpus/20260629t155724z_hefferon_linear_algebra_source_first_intake/raw/src/map/map2.tex:80 | sources/non_slavic_reference_corpus/20260629t155724z_hefferon_linear_algebra_source_first_intake/raw/src/vs/vs1.tex:106 | sources/non_slavic_reference_corpus/20260629t155724z_hefferon_linear_algebra_source_first_intake/raw/src/vs/vs2.tex:382 | sources/non_slavic_reference_corpus/20260630t064759z_r3_wikibooks_linear_algebra_candidate_intake/wikitext/linear_algebra_definition_and_examples_of_vector_spaces.wiki.txt:14 | sources/non_slavic_reference_corpus/20260630t064759z_r3_wikibooks_linear_algebra_candidate_intake/wikitext/linear_algebra_index.wiki.txt:1053 | sources/non_slavic_reference_corpus/20260630t064759z_r3_wikibooks_linear_algebra_candidate_intake/wikitext/linear_algebra_linear_transformations.wiki.txt:98 | sources/non_slavic_reference_corpus/20260630t064759z_r3_wikibooks_linear_algebra_candidate_intake/wikitext/linear_algebra_old_toc.wiki.txt:48 | sources/non_slavic_reference_corpus/20260630t064759z_r3_wikibooks_linear_algebra_candidate_intake/wikitext/linear_algebra_old_vector_spaces.wiki.txt:58 | sources/non_slavic_reference_corpus/20260630t064759z_r3_wikibooks_linear_algebra_candidate_intake/wikitext/linear_algebra_vector_spaces_and_subspaces.wiki.txt:44","leave_unpacked_in_durable_run_log; copy_to_route_sidecar=arabic; copy_to_row_group_sidecar=wikibooks_hefferon_crosscheck; copy_to_support_or_blocker_sidecar; include_in_convenience_zip_archive; session_b_can_consume_unpacked","R3_MICRO_EVIDENCE_ARTIFACT_20260704T040935Z","20260704T041521Z"
"r3run:0186","r3micro:wikibooks_hefferon:linear_combination","wikibooks_hefferon:linear_combination","wikibooks_hefferon_crosscheck","linear_combination","linear_combination","arabic; persianate_tajik; novel_blocked","arabic","arabic_rtl_lane; persianate_farsi_lane; urdu_hindustani_separate_lane; adjacent_linear_algebra_source_lane","r3_wikibooks_hefferon_term_crosscheck.csv","C:\Users\memo_\Documents\Codex\2026-06-28\see-attached-you-do-prompt-a-3\outputs\r3_wikibooks_hefferon_term_crosscheck.csv","hefferon_hits=6; wikibooks_hits=6","no_term_promotion_no_translation_unlock","source-gated R3 row from r3_wikibooks_hefferon_term_crosscheck.csv; primary owner arabic; downstream lane(s) arabic_rtl_lane; persianate_farsi_lane; urdu_hindustani_separate_lane; adjacent_linear_algebra_source_lane; evidence status no_term_promotion_no_translation_unlock; no draft support emitted; row remains blocker/source question","exact_blocker_or_source_question","do_not_emit_surface","","blocked_or_source_question_only","dari_independent_gate_required; tajik_independent_gate_required; pan_turkic_no_merge_without_own_gate; urdu_hindustani_separate_lane_no_persianate_merge","dari_independent_gate_required; tajik_independent_gate_required; pan_turkic_no_merge_without_own_gate; urdu_hindustani_separate_lane_no_persianate_merge","","","","","","","blocker_record_or_source_question_only","false","false","false","false","consume_english_source_crosscheck_only_if_local_arabic_row_exists","consume_english_source_crosscheck_only_if_local_farsi_row_exists","source_question_only_independent_dari_gate_required","source_question_only_independent_tajik_gate_required","separate_lane_source_question_only","separate_lane_no_inheritance","consume_english_source_crosscheck_review_only","has_arabic_persian_bridge_microdraft_needs_extended_lane_review | sources/non_slavic_reference_corpus/20260629t155724z_hefferon_linear_algebra_source_first_intake/raw/src/gr/gr1.tex:77 | sources/non_slavic_reference_corpus/20260629t155724z_hefferon_linear_algebra_source_first_intake/raw/src/gr/gr2.tex:852 | sources/non_slavic_reference_corpus/20260629t155724z_hefferon_linear_algebra_source_first_intake/raw/src/map/map1.tex:41 | sources/non_slavic_reference_corpus/20260629t155724z_hefferon_linear_algebra_source_first_intake/raw/src/map/map2.tex:132 | sources/non_slavic_reference_corpus/20260629t155724z_hefferon_linear_algebra_source_first_intake/raw/src/vs/vs1.tex:8 | sources/non_slavic_reference_corpus/20260629t155724z_hefferon_linear_algebra_source_first_intake/raw/src/vs/vs2.tex:7 | sources/non_slavic_reference_corpus/20260630t064759z_r3_wikibooks_linear_algebra_candidate_intake/wikitext/linear_algebra_basis_vectors.wiki.txt:4 | sources/non_slavic_reference_corpus/20260630t064759z_r3_wikibooks_linear_algebra_candidate_intake/wikitext/linear_algebra_definition_and_examples_of_vector_spaces.wiki.txt:198 | sources/non_slavic_reference_corpus/20260630t064759z_r3_wikibooks_linear_algebra_candidate_intake/wikitext/linear_algebra_index.wiki.txt:456 | sources/non_slavic_reference_corpus/20260630t064759z_r3_wikibooks_linear_algebra_candidate_intake/wikitext/linear_algebra_matrices.wiki.txt:35 | sources/non_slavic_reference_corpus/20260630t064759z_r3_wikibooks_linear_algebra_candidate_intake/wikitext/linear_algebra_old_vector_spaces.wiki.txt:102 | sources/non_slavic_reference_corpus/20260630t064759z_r3_wikibooks_linear_algebra_candidate_intake/wikitext/linear_algebra_row_equivalence.wiki.txt:31","leave_unpacked_in_durable_run_log; copy_to_route_sidecar=arabic; copy_to_row_group_sidecar=wikibooks_hefferon_crosscheck; copy_to_support_or_blocker_sidecar; include_in_convenience_zip_archive; session_b_can_consume_unpacked","R3_MICRO_EVIDENCE_ARTIFACT_20260704T040935Z","20260704T041521Z"
"r3run:0187","r3micro:wikibooks_hefferon:matrix","wikibooks_hefferon:matrix","wikibooks_hefferon_crosscheck","matrix","matrix","arabic; persianate_tajik; novel_blocked","arabic","arabic_rtl_lane; persianate_farsi_lane; urdu_hindustani_separate_lane; adjacent_linear_algebra_source_lane","r3_wikibooks_hefferon_term_crosscheck.csv","C:\Users\memo_\Documents\Codex\2026-06-28\see-attached-you-do-prompt-a-3\outputs\r3_wikibooks_hefferon_term_crosscheck.csv","hefferon_hits=6; wikibooks_hits=6","no_term_promotion_no_translation_unlock","source-gated R3 row from r3_wikibooks_hefferon_term_crosscheck.csv; primary owner arabic; downstream lane(s) arabic_rtl_lane; persianate_farsi_lane; urdu_hindustani_separate_lane; adjacent_linear_algebra_source_lane; evidence status no_term_promotion_no_translation_unlock; no draft support emitted; row remains blocker/source question","exact_blocker_or_source_question","do_not_emit_surface","","blocked_or_source_question_only","dari_independent_gate_required; tajik_independent_gate_required; pan_turkic_no_merge_without_own_gate; urdu_hindustani_separate_lane_no_persianate_merge","dari_independent_gate_required; tajik_independent_gate_required; pan_turkic_no_merge_without_own_gate; urdu_hindustani_separate_lane_no_persianate_merge","","","","","","","blocker_record_or_source_question_only","false","false","false","false","consume_english_source_crosscheck_only_if_local_arabic_row_exists","consume_english_source_crosscheck_only_if_local_farsi_row_exists","source_question_only_independent_dari_gate_required","source_question_only_independent_tajik_gate_required","separate_lane_source_question_only","separate_lane_no_inheritance","consume_english_source_crosscheck_review_only","has_arabic_persian_bridge_microdraft_needs_expansion | sources/non_slavic_reference_corpus/20260629t155724z_hefferon_linear_algebra_source_first_intake/raw/src/gr/gr1.tex:972 | sources/non_slavic_reference_corpus/20260629t155724z_hefferon_linear_algebra_source_first_intake/raw/src/map/map1.tex:22 | sources/non_slavic_reference_corpus/20260629t155724z_hefferon_linear_algebra_source_first_intake/raw/src/map/map2.tex:359 | sources/non_slavic_reference_corpus/20260629t155724z_hefferon_linear_algebra_source_first_intake/raw/src/pref/pref.tex:52 | sources/non_slavic_reference_corpus/20260629t155724z_hefferon_linear_algebra_source_first_intake/raw/src/vs/vs1.tex:500 | sources/non_slavic_reference_corpus/20260629t155724z_hefferon_linear_algebra_source_first_intake/raw/src/vs/vs2.tex:318 | sources/non_slavic_reference_corpus/20260630t064759z_r3_wikibooks_linear_algebra_candidate_intake/wikitext/linear_algebra_and_the_c_language_a0ga.wiki.txt:3 | sources/non_slavic_reference_corpus/20260630t064759z_r3_wikibooks_linear_algebra_candidate_intake/wikitext/linear_algebra_bibliography.wiki.txt:63 | sources/non_slavic_reference_corpus/20260630t064759z_r3_wikibooks_linear_algebra_candidate_intake/wikitext/linear_algebra_complex_vector_spaces.wiki.txt:17 | sources/non_slavic_reference_corpus/20260630t064759z_r3_wikibooks_linear_algebra_candidate_intake/wikitext/linear_algebra_definition_and_examples_of_vector_spaces.wiki.txt:95 | sources/non_slavic_reference_corpus/20260630t064759z_r3_wikibooks_linear_algebra_candidate_intake/wikitext/linear_algebra_gauss-jordan_reduction.wiki.txt:109 | sources/non_slavic_reference_corpus/20260630t064759z_r3_wikibooks_linear_algebra_candidate_intake/wikitext/linear_algebra_index.wiki.txt:12","leave_unpacked_in_durable_run_log; copy_to_route_sidecar=arabic; copy_to_row_group_sidecar=wikibooks_hefferon_crosscheck; copy_to_support_or_blocker_sidecar; include_in_convenience_zip_archive; session_b_can_consume_unpacked","R3_MICRO_EVIDENCE_ARTIFACT_20260704T040935Z","20260704T041521Z"
"r3run:0188","r3micro:wikibooks_hefferon:row_reduction","wikibooks_hefferon:row_reduction","wikibooks_hefferon_crosscheck","row_reduction","row_reduction","arabic; persianate_tajik; novel_blocked","arabic","arabic_rtl_lane; persianate_farsi_lane; urdu_hindustani_separate_lane; adjacent_linear_algebra_source_lane","r3_wikibooks_hefferon_term_crosscheck.csv","C:\Users\memo_\Documents\Codex\2026-06-28\see-attached-you-do-prompt-a-3\outputs\r3_wikibooks_hefferon_term_crosscheck.csv","hefferon_hits=5; wikibooks_hits=6","no_term_promotion_no_translation_unlock","source-gated R3 row from r3_wikibooks_hefferon_term_crosscheck.csv; primary owner arabic; downstream lane(s) arabic_rtl_lane; persianate_farsi_lane; urdu_hindustani_separate_lane; adjacent_linear_algebra_source_lane; evidence status no_term_promotion_no_translation_unlock; no draft support emitted; row remains blocker/source question","exact_blocker_or_source_question","do_not_emit_surface","","blocked_or_source_question_only","dari_independent_gate_required; tajik_independent_gate_required; pan_turkic_no_merge_without_own_gate; urdu_hindustani_separate_lane_no_persianate_merge","dari_independent_gate_required; tajik_independent_gate_required; pan_turkic_no_merge_without_own_gate; urdu_hindustani_separate_lane_no_persianate_merge","","","","","","","blocker_record_or_source_question_only","false","false","false","false","consume_english_source_crosscheck_only_if_local_arabic_row_exists","consume_english_source_crosscheck_only_if_local_farsi_row_exists","source_question_only_independent_dari_gate_required","source_question_only_independent_tajik_gate_required","separate_lane_source_question_only","separate_lane_no_inheritance","consume_english_source_crosscheck_review_only","has_gauss_row_ops_microdraft_needs_expansion | sources/non_slavic_reference_corpus/20260629t155724z_hefferon_linear_algebra_source_first_intake/raw/src/gr/gr1.tex:878 | sources/non_slavic_reference_corpus/20260629t155724z_hefferon_linear_algebra_source_first_intake/raw/src/gr/gr2.tex:621 | sources/non_slavic_reference_corpus/20260629t155724z_hefferon_linear_algebra_source_first_intake/raw/src/pref/pref.tex:10 | sources/non_slavic_reference_corpus/20260629t155724z_hefferon_linear_algebra_source_first_intake/raw/src/vs/vs1.tex:7 | sources/non_slavic_reference_corpus/20260629t155724z_hefferon_linear_algebra_source_first_intake/raw/src/vs/vs2.tex:1917 | sources/non_slavic_reference_corpus/20260630t064759z_r3_wikibooks_linear_algebra_candidate_intake/wikitext/linear_algebra_gauss-jordan_reduction.wiki.txt:415 | sources/non_slavic_reference_corpus/20260630t064759z_r3_wikibooks_linear_algebra_candidate_intake/wikitext/linear_algebra_index.wiki.txt:217 | sources/non_slavic_reference_corpus/20260630t064759z_r3_wikibooks_linear_algebra_candidate_intake/wikitext/linear_algebra_old_toc.wiki.txt:44 | sources/non_slavic_reference_corpus/20260630t064759z_r3_wikibooks_linear_algebra_candidate_intake/wikitext/linear_algebra_resources.wiki.txt:14 | sources/non_slavic_reference_corpus/20260630t064759z_r3_wikibooks_linear_algebra_candidate_intake/wikitext/linear_algebra_row_equivalence.wiki.txt:3 | sources/non_slavic_reference_corpus/20260630t064759z_r3_wikibooks_linear_algebra_candidate_intake/wikitext/linear_algebra_row_reduction_and_echelon_forms.wiki.txt:2","leave_unpacked_in_durable_run_log; copy_to_route_sidecar=arabic; copy_to_row_group_sidecar=wikibooks_hefferon_crosscheck; copy_to_support_or_blocker_sidecar; include_in_convenience_zip_archive; session_b_can_consume_unpacked","R3_MICRO_EVIDENCE_ARTIFACT_20260704T040935Z","20260704T041521Z"
"r3run:0189","r3micro:wikibooks_hefferon:echelon_form","wikibooks_hefferon:echelon_form","wikibooks_hefferon_crosscheck","echelon_form","echelon_form","arabic; persianate_tajik; novel_blocked","arabic","arabic_rtl_lane; persianate_farsi_lane; urdu_hindustani_separate_lane; adjacent_linear_algebra_source_lane","r3_wikibooks_hefferon_term_crosscheck.csv","C:\Users\memo_\Documents\Codex\2026-06-28\see-attached-you-do-prompt-a-3\outputs\r3_wikibooks_hefferon_term_crosscheck.csv","hefferon_hits=4; wikibooks_hits=6","no_term_promotion_no_translation_unlock","source-gated R3 row from r3_wikibooks_hefferon_term_crosscheck.csv; primary owner arabic; downstream lane(s) arabic_rtl_lane; persianate_farsi_lane; urdu_hindustani_separate_lane; adjacent_linear_algebra_source_lane; evidence status no_term_promotion_no_translation_unlock; no draft support emitted; row remains blocker/source question","exact_blocker_or_source_question","do_not_emit_surface","","blocked_or_source_question_only","dari_independent_gate_required; tajik_independent_gate_required; pan_turkic_no_merge_without_own_gate; urdu_hindustani_separate_lane_no_persianate_merge","dari_independent_gate_required; tajik_independent_gate_required; pan_turkic_no_merge_without_own_gate; urdu_hindustani_separate_lane_no_persianate_merge","","","","","","","blocker_record_or_source_question_only","false","false","false","false","consume_english_source_crosscheck_only_if_local_arabic_row_exists","consume_english_source_crosscheck_only_if_local_farsi_row_exists","source_question_only_independent_dari_gate_required","source_question_only_independent_tajik_gate_required","separate_lane_source_question_only","separate_lane_no_inheritance","consume_english_source_crosscheck_review_only","has_matrix_echelon_microdraft_needs_expansion | sources/non_slavic_reference_corpus/20260629t155724z_hefferon_linear_algebra_source_first_intake/raw/src/gr/gr1.tex:419 | sources/non_slavic_reference_corpus/20260629t155724z_hefferon_linear_algebra_source_first_intake/raw/src/gr/gr2.tex:424 | sources/non_slavic_reference_corpus/20260629t155724z_hefferon_linear_algebra_source_first_intake/raw/src/map/map1.tex:2387 | sources/non_slavic_reference_corpus/20260629t155724z_hefferon_linear_algebra_source_first_intake/raw/src/vs/vs2.tex:330 | sources/non_slavic_reference_corpus/20260630t064759z_r3_wikibooks_linear_algebra_candidate_intake/wikitext/linear_algebra_gauss-jordan_reduction.wiki.txt:3 | sources/non_slavic_reference_corpus/20260630t064759z_r3_wikibooks_linear_algebra_candidate_intake/wikitext/linear_algebra_index.wiki.txt:214 | sources/non_slavic_reference_corpus/20260630t064759z_r3_wikibooks_linear_algebra_candidate_intake/wikitext/linear_algebra_old_toc.wiki.txt:44 | sources/non_slavic_reference_corpus/20260630t064759z_r3_wikibooks_linear_algebra_candidate_intake/wikitext/linear_algebra_resources.wiki.txt:19 | sources/non_slavic_reference_corpus/20260630t064759z_r3_wikibooks_linear_algebra_candidate_intake/wikitext/linear_algebra_row_equivalence.wiki.txt:7 | sources/non_slavic_reference_corpus/20260630t064759z_r3_wikibooks_linear_algebra_candidate_intake/wikitext/linear_algebra_row_reduction_and_echelon_forms.wiki.txt:2","leave_unpacked_in_durable_run_log; copy_to_route_sidecar=arabic; copy_to_row_group_sidecar=wikibooks_hefferon_crosscheck; copy_to_support_or_blocker_sidecar; include_in_convenience_zip_archive; session_b_can_consume_unpacked","R3_MICRO_EVIDENCE_ARTIFACT_20260704T040935Z","20260704T041521Z"
"r3run:0190","r3micro:wikibooks_hefferon:linear_transformation","wikibooks_hefferon:linear_transformation","wikibooks_hefferon_crosscheck","linear_transformation","linear_transformation","arabic; persianate_tajik; novel_blocked","arabic","arabic_rtl_lane; persianate_farsi_lane; urdu_hindustani_separate_lane; adjacent_linear_algebra_source_lane","r3_wikibooks_hefferon_term_crosscheck.csv","C:\Users\memo_\Documents\Codex\2026-06-28\see-attached-you-do-prompt-a-3\outputs\r3_wikibooks_hefferon_term_crosscheck.csv","hefferon_hits=3; wikibooks_hits=6","no_term_promotion_no_translation_unlock","source-gated R3 row from r3_wikibooks_hefferon_term_crosscheck.csv; primary owner arabic; downstream lane(s) arabic_rtl_lane; persianate_farsi_lane; urdu_hindustani_separate_lane; adjacent_linear_algebra_source_lane; evidence status no_term_promotion_no_translation_unlock; no draft support emitted; row remains blocker/source question","exact_blocker_or_source_question","do_not_emit_surface","","blocked_or_source_question_only","dari_independent_gate_required; tajik_independent_gate_required; pan_turkic_no_merge_without_own_gate; urdu_hindustani_separate_lane_no_persianate_merge","dari_independent_gate_required; tajik_independent_gate_required; pan_turkic_no_merge_without_own_gate; urdu_hindustani_separate_lane_no_persianate_merge","","","","","","","blocker_record_or_source_question_only","false","false","false","false","consume_english_source_crosscheck_only_if_local_arabic_row_exists","consume_english_source_crosscheck_only_if_local_farsi_row_exists","source_question_only_independent_dari_gate_required","source_question_only_independent_tajik_gate_required","separate_lane_source_question_only","separate_lane_no_inheritance","consume_english_source_crosscheck_review_only","has_arabic_persian_bridge_microdraft_needs_lanes | sources/non_slavic_reference_corpus/20260629t155724z_hefferon_linear_algebra_source_first_intake/raw/src/map/map1.tex:716 | sources/non_slavic_reference_corpus/20260629t155724z_hefferon_linear_algebra_source_first_intake/raw/src/map/map2.tex:328 | sources/non_slavic_reference_corpus/20260629t155724z_hefferon_linear_algebra_source_first_intake/raw/src/pref/pref.tex:11 | sources/non_slavic_reference_corpus/20260630t064759z_r3_wikibooks_linear_algebra_candidate_intake/wikitext/linear_algebra_bibliography.wiki.txt:24 | sources/non_slavic_reference_corpus/20260630t064759z_r3_wikibooks_linear_algebra_candidate_intake/wikitext/linear_algebra_index.wiki.txt:485 | sources/non_slavic_reference_corpus/20260630t064759z_r3_wikibooks_linear_algebra_candidate_intake/wikitext/linear_algebra_linear_transformations.wiki.txt:1 | sources/non_slavic_reference_corpus/20260630t064759z_r3_wikibooks_linear_algebra_candidate_intake/wikitext/linear_algebra_matrices.wiki.txt:2 | sources/non_slavic_reference_corpus/20260630t064759z_r3_wikibooks_linear_algebra_candidate_intake/wikitext/linear_algebra_old_toc.wiki.txt:7 | sources/non_slavic_reference_corpus/20260630t064759z_r3_wikibooks_linear_algebra_candidate_intake/wikitext/linear_algebra.wiki.txt:73","leave_unpacked_in_durable_run_log; copy_to_route_sidecar=arabic; copy_to_row_group_sidecar=wikibooks_hefferon_crosscheck; copy_to_support_or_blocker_sidecar; include_in_convenience_zip_archive; session_b_can_consume_unpacked","R3_MICRO_EVIDENCE_ARTIFACT_20260704T040935Z","20260704T041521Z"
"r3run:0191","r3micro:wikibooks_hefferon:eigenvalue","wikibooks_hefferon:eigenvalue","wikibooks_hefferon_crosscheck","eigenvalue","eigenvalue","arabic; persianate_tajik; novel_blocked","arabic","arabic_rtl_lane; persianate_farsi_lane; urdu_hindustani_separate_lane; adjacent_linear_algebra_source_lane","r3_wikibooks_hefferon_term_crosscheck.csv","C:\Users\memo_\Documents\Codex\2026-06-28\see-attached-you-do-prompt-a-3\outputs\r3_wikibooks_hefferon_term_crosscheck.csv","hefferon_hits=1; wikibooks_hits=5","no_term_promotion_no_translation_unlock","source-gated R3 row from r3_wikibooks_hefferon_term_crosscheck.csv; primary owner arabic; downstream lane(s) arabic_rtl_lane; persianate_farsi_lane; urdu_hindustani_separate_lane; adjacent_linear_algebra_source_lane; evidence status no_term_promotion_no_translation_unlock; no draft support emitted; row remains blocker/source question","exact_blocker_or_source_question","do_not_emit_surface","","blocked_or_source_question_only","dari_independent_gate_required; tajik_independent_gate_required; pan_turkic_no_merge_without_own_gate; urdu_hindustani_separate_lane_no_persianate_merge","dari_independent_gate_required; tajik_independent_gate_required; pan_turkic_no_merge_without_own_gate; urdu_hindustani_separate_lane_no_persianate_merge","","","","","","","blocker_record_or_source_question_only","false","false","false","false","consume_english_source_crosscheck_only_if_local_arabic_row_exists","consume_english_source_crosscheck_only_if_local_farsi_row_exists","source_question_only_independent_dari_gate_required","source_question_only_independent_tajik_gate_required","separate_lane_source_question_only","separate_lane_no_inheritance","consume_english_source_crosscheck_review_only","candidate_future_slice_no_current_translation | sources/non_slavic_reference_corpus/20260629t155724z_hefferon_linear_algebra_source_first_intake/raw/src/pref/pref.tex:12 | sources/non_slavic_reference_corpus/20260630t064759z_r3_wikibooks_linear_algebra_candidate_intake/wikitext/linear_algebra_bibliography.wiki.txt:94 | sources/non_slavic_reference_corpus/20260630t064759z_r3_wikibooks_linear_algebra_candidate_intake/wikitext/linear_algebra_index.wiki.txt:82 | sources/non_slavic_reference_corpus/20260630t064759z_r3_wikibooks_linear_algebra_candidate_intake/wikitext/linear_algebra_old_toc.wiki.txt:47 | sources/non_slavic_reference_corpus/20260630t064759z_r3_wikibooks_linear_algebra_candidate_intake/wikitext/linear_algebra_resources.wiki.txt:15 | sources/non_slavic_reference_corpus/20260630t064759z_r3_wikibooks_linear_algebra_candidate_intake/wikitext/linear_algebra.wiki.txt:118","leave_unpacked_in_durable_run_log; copy_to_route_sidecar=arabic; copy_to_row_group_sidecar=wikibooks_hefferon_crosscheck; copy_to_support_or_blocker_sidecar; include_in_convenience_zip_archive; session_b_can_consume_unpacked","R3_MICRO_EVIDENCE_ARTIFACT_20260704T040935Z","20260704T041521Z"
"r3run:0192","r3micro:wikibooks_hefferon:scalar_multiplication","wikibooks_hefferon:scalar_multiplication","wikibooks_hefferon_crosscheck","scalar_multiplication","scalar_multiplication","arabic; persianate_tajik; novel_blocked","arabic","arabic_rtl_lane; persianate_farsi_lane; urdu_hindustani_separate_lane; adjacent_linear_algebra_source_lane","r3_wikibooks_hefferon_term_crosscheck.csv","C:\Users\memo_\Documents\Codex\2026-06-28\see-attached-you-do-prompt-a-3\outputs\r3_wikibooks_hefferon_term_crosscheck.csv","hefferon_hits=6; wikibooks_hits=6","no_term_promotion_no_translation_unlock","source-gated R3 row from r3_wikibooks_hefferon_term_crosscheck.csv; primary owner arabic; downstream lane(s) arabic_rtl_lane; persianate_farsi_lane; urdu_hindustani_separate_lane; adjacent_linear_algebra_source_lane; evidence status no_term_promotion_no_translation_unlock; no draft support emitted; row remains blocker/source question","exact_blocker_or_source_question","do_not_emit_surface","","blocked_or_source_question_only","dari_independent_gate_required; tajik_independent_gate_required; pan_turkic_no_merge_without_own_gate; urdu_hindustani_separate_lane_no_persianate_merge","dari_independent_gate_required; tajik_independent_gate_required; pan_turkic_no_merge_without_own_gate; urdu_hindustani_separate_lane_no_persianate_merge","","","","","","","blocker_record_or_source_question_only","false","false","false","false","consume_english_source_crosscheck_only_if_local_arabic_row_exists","consume_english_source_crosscheck_only_if_local_farsi_row_exists","source_question_only_independent_dari_gate_required","source_question_only_independent_tajik_gate_required","separate_lane_source_question_only","separate_lane_no_inheritance","consume_english_source_crosscheck_review_only","has_multilane_vector_slice_drafts | sources/non_slavic_reference_corpus/20260629t155724z_hefferon_linear_algebra_source_first_intake/raw/src/gr/gr1.tex:2283 | sources/non_slavic_reference_corpus/20260629t155724z_hefferon_linear_algebra_source_first_intake/raw/src/gr/gr2.tex:257 | sources/non_slavic_reference_corpus/20260629t155724z_hefferon_linear_algebra_source_first_intake/raw/src/map/map1.tex:82 | sources/non_slavic_reference_corpus/20260629t155724z_hefferon_linear_algebra_source_first_intake/raw/src/map/map2.tex:35 | sources/non_slavic_reference_corpus/20260629t155724z_hefferon_linear_algebra_source_first_intake/raw/src/vs/vs1.tex:72 | sources/non_slavic_reference_corpus/20260629t155724z_hefferon_linear_algebra_source_first_intake/raw/src/vs/vs2.tex:2091 | sources/non_slavic_reference_corpus/20260630t064759z_r3_wikibooks_linear_algebra_candidate_intake/wikitext/linear_algebra_complex_vector_spaces.wiki.txt:11 | sources/non_slavic_reference_corpus/20260630t064759z_r3_wikibooks_linear_algebra_candidate_intake/wikitext/linear_algebra_definition_and_examples_of_vector_spaces.wiki.txt:29 | sources/non_slavic_reference_corpus/20260630t064759z_r3_wikibooks_linear_algebra_candidate_intake/wikitext/linear_algebra_index.wiki.txt:855 | sources/non_slavic_reference_corpus/20260630t064759z_r3_wikibooks_linear_algebra_candidate_intake/wikitext/linear_algebra_linear_transformations.wiki.txt:31 | sources/non_slavic_reference_corpus/20260630t064759z_r3_wikibooks_linear_algebra_candidate_intake/wikitext/linear_algebra_matrices.wiki.txt:63 | sources/non_slavic_reference_corpus/20260630t064759z_r3_wikibooks_linear_algebra_candidate_intake/wikitext/linear_algebra_old_vector_spaces.wiki.txt:14","leave_unpacked_in_durable_run_log; copy_to_route_sidecar=arabic; copy_to_row_group_sidecar=wikibooks_hefferon_crosscheck; copy_to_support_or_blocker_sidecar; include_in_convenience_zip_archive; session_b_can_consume_unpacked","R3_MICRO_EVIDENCE_ARTIFACT_20260704T040935Z","20260704T041521Z"
"r3run:0193","r3micro:eigen:ar:eigenvalue_eigenvector_future_slice","eigen:ar:eigenvalue_eigenvector_future_slice","eigenvalue_regional_future_slice","eigenvalue_eigenvector_future_slice","eigenvalue/eigenvector future slice - Arabic","arabic; persianate_tajik; novel_blocked","arabic","arabic_rtl_lane; adjacent_linear_algebra_source_lane","r3_eigenvalue_regional_evidence_ledger.csv","https://ar.wikipedia.org/wiki/%D9%82%D9%8A%D9%85_%D8%B0%D8%A7%D8%AA%D9%8A%D8%A9_%D9%88%D9%85%D8%AA%D8%AC%D9%87%D8%A7%D8%AA_%D8%B0%D8%A7%D8%AA%D9%8A%D8%A9","sources/non_slavic_reference_corpus/20260630t065535z_r3_eigenvalue_regional_evidence_capture/wikitext/ar/eigenvalues_and_eigenvectors__قيم_ذاتية_ومتجهات_ذاتية.wiki.txt","no_term_promotion_no_bridge_promotion_no_pilot","source-gated R3 row from r3_eigenvalue_regional_evidence_ledger.csv; primary owner arabic; downstream lane(s) arabic_rtl_lane; adjacent_linear_algebra_source_lane; evidence status no_term_promotion_no_bridge_promotion_no_pilot; draft support emitted only from consume-routed surface fields","draft_noncanonical_micro_translation_support","emit_review_only_micro_support","Arabic RTL draft support: قيمة ذاتية | متجه ذاتي","draft_support_available_review_only","dari_independent_gate_required; pan_turkic_no_merge_without_own_gate; urdu_hindustani_separate_lane_no_persianate_merge; persian_farsi_lane_open_or_not_consumable","","قيمة ذاتية | متجه ذاتي","","","","","","noncanonical_micro_translation_support_for_named_route_only","false","false","false","false","consume_future_eigen_source_evidence_review_only","do_not_consume_not_in_lane","do_not_consume_independent_dari_gate_required","do_not_consume_not_in_lane","separate_lane_no_inheritance","separate_lane_no_inheritance","consume_future_eigen_source_evidence_review_only","Raw wikitext captured for future eigenvalue/eigenvector slice. Review before drafting or term promotion.","leave_unpacked_in_durable_run_log; copy_to_route_sidecar=arabic; copy_to_row_group_sidecar=eigenvalue_regional_future_slice; copy_to_support_or_blocker_sidecar; include_in_convenience_zip_archive; session_b_can_consume_unpacked","R3_MICRO_EVIDENCE_ARTIFACT_20260704T040935Z","20260704T041521Z"
"r3run:0194","r3micro:eigen:fa:eigenvalue_eigenvector_future_slice","eigen:fa:eigenvalue_eigenvector_future_slice","eigenvalue_regional_future_slice","eigenvalue_eigenvector_future_slice","eigenvalue/eigenvector future slice - Persian/Farsi","arabic; persianate_tajik; novel_blocked","persianate_tajik","persianate_farsi_lane; adjacent_linear_algebra_source_lane","r3_eigenvalue_regional_evidence_ledger.csv","https://fa.wikipedia.org/wiki/%D9%85%D9%82%D8%AF%D8%A7%D8%B1%D9%88%DB%8C%DA%98%D9%87_%D9%88_%D8%A8%D8%B1%D8%AF%D8%A7%D8%B1%D9%88%DB%8C%DA%98%D9%87","sources/non_slavic_reference_corpus/20260630t065535z_r3_eigenvalue_regional_evidence_capture/wikitext/fa/eigenvalues_and_eigenvectors__مقدارویژه_و_بردارویژه.wiki.txt","no_term_promotion_no_bridge_promotion_no_pilot","source-gated R3 row from r3_eigenvalue_regional_evidence_ledger.csv; primary owner persianate_tajik; downstream lane(s) persianate_farsi_lane; adjacent_linear_algebra_source_lane; evidence status no_term_promotion_no_bridge_promotion_no_pilot; draft support emitted only from consume-routed surface fields","draft_noncanonical_micro_translation_support","emit_review_only_micro_support","Persian/Farsi draft support: مقدار ویژه | بردار ویژه | مقادیر ویژه","draft_support_available_review_only","dari_independent_gate_required; pan_turkic_no_merge_without_own_gate; urdu_hindustani_separate_lane_no_persianate_merge; arabic_lane_open_or_not_consumable","","","مقدار ویژه | بردار ویژه | مقادیر ویژه","","","","","noncanonical_micro_translation_support_for_named_route_only","false","false","false","false","do_not_consume_not_in_lane","consume_future_eigen_source_evidence_review_only","do_not_consume_independent_dari_gate_required","do_not_consume_not_in_lane","separate_lane_no_inheritance","separate_lane_no_inheritance","consume_future_eigen_source_evidence_review_only","Raw wikitext captured for future eigenvalue/eigenvector slice. Review before drafting or term promotion.","leave_unpacked_in_durable_run_log; copy_to_route_sidecar=persianate_tajik; copy_to_row_group_sidecar=eigenvalue_regional_future_slice; copy_to_support_or_blocker_sidecar; include_in_convenience_zip_archive; session_b_can_consume_unpacked","R3_MICRO_EVIDENCE_ARTIFACT_20260704T040935Z","20260704T041521Z"
"r3run:0195","r3micro:eigen:ps:eigenvalue_eigenvector_future_slice","eigen:ps:eigenvalue_eigenvector_future_slice","eigenvalue_regional_future_slice","eigenvalue_eigenvector_future_slice","eigenvalue/eigenvector future slice - Pashto","arabic; persianate_tajik; novel_blocked","novel_blocked","adjacent_linear_algebra_source_lane","r3_eigenvalue_regional_evidence_ledger.csv","","","no_term_promotion_no_bridge_promotion_no_pilot","source-gated R3 row from r3_eigenvalue_regional_evidence_ledger.csv; primary owner novel_blocked; downstream lane(s) adjacent_linear_algebra_source_lane; evidence status no_term_promotion_no_bridge_promotion_no_pilot; no draft support emitted; row remains blocker/source question","exact_blocker_or_source_question","do_not_emit_surface","","blocked_or_source_question_only","dari_independent_gate_required; pan_turkic_no_merge_without_own_gate; urdu_hindustani_separate_lane_no_persianate_merge; arabic_lane_open_or_not_consumable; persian_farsi_lane_open_or_not_consumable","dari_independent_gate_required; pan_turkic_no_merge_without_own_gate; urdu_hindustani_separate_lane_no_persianate_merge; arabic_lane_open_or_not_consumable; persian_farsi_lane_open_or_not_consumable","","","","","","","blocker_record_or_source_question_only","false","false","false","false","do_not_consume_not_in_lane","do_not_consume_not_in_lane","do_not_consume_independent_dari_gate_required","do_not_consume_not_in_lane","separate_lane_no_inheritance","separate_lane_no_inheritance","consume_future_eigen_source_evidence_review_only","No langlink from English eigenvalue/eigenvector page in this bounded pass.","leave_unpacked_in_durable_run_log; copy_to_route_sidecar=novel_blocked; copy_to_row_group_sidecar=eigenvalue_regional_future_slice; copy_to_support_or_blocker_sidecar; include_in_convenience_zip_archive; session_b_can_consume_unpacked","R3_MICRO_EVIDENCE_ARTIFACT_20260704T040935Z","20260704T041521Z"
"r3run:0196","r3micro:eigen:sd:eigenvalue_eigenvector_future_slice","eigen:sd:eigenvalue_eigenvector_future_slice","eigenvalue_regional_future_slice","eigenvalue_eigenvector_future_slice","eigenvalue/eigenvector future slice - Sindhi","arabic; persianate_tajik; novel_blocked","novel_blocked","adjacent_linear_algebra_source_lane","r3_eigenvalue_regional_evidence_ledger.csv","","","no_term_promotion_no_bridge_promotion_no_pilot","source-gated R3 row from r3_eigenvalue_regional_evidence_ledger.csv; primary owner novel_blocked; downstream lane(s) adjacent_linear_algebra_source_lane; evidence status no_term_promotion_no_bridge_promotion_no_pilot; no draft support emitted; row remains blocker/source question","exact_blocker_or_source_question","do_not_emit_surface","","blocked_or_source_question_only","dari_independent_gate_required; pan_turkic_no_merge_without_own_gate; urdu_hindustani_separate_lane_no_persianate_merge; arabic_lane_open_or_not_consumable; persian_farsi_lane_open_or_not_consumable","dari_independent_gate_required; pan_turkic_no_merge_without_own_gate; urdu_hindustani_separate_lane_no_persianate_merge; arabic_lane_open_or_not_consumable; persian_farsi_lane_open_or_not_consumable","","","","","","","blocker_record_or_source_question_only","false","false","false","false","do_not_consume_not_in_lane","do_not_consume_not_in_lane","do_not_consume_independent_dari_gate_required","do_not_consume_not_in_lane","separate_lane_no_inheritance","separate_lane_no_inheritance","consume_future_eigen_source_evidence_review_only","No langlink from English eigenvalue/eigenvector page in this bounded pass.","leave_unpacked_in_durable_run_log; copy_to_route_sidecar=novel_blocked; copy_to_row_group_sidecar=eigenvalue_regional_future_slice; copy_to_support_or_blocker_sidecar; include_in_convenience_zip_archive; session_b_can_consume_unpacked","R3_MICRO_EVIDENCE_ARTIFACT_20260704T040935Z","20260704T041521Z"
"r3run:0197","r3micro:eigen:ug:eigenvalue_eigenvector_future_slice","eigen:ug:eigenvalue_eigenvector_future_slice","eigenvalue_regional_future_slice","eigenvalue_eigenvector_future_slice","eigenvalue/eigenvector future slice - Uyghur","arabic; persianate_tajik; pan_turkic; novel_blocked","pan_turkic","adjacent_linear_algebra_source_lane","r3_eigenvalue_regional_evidence_ledger.csv","","","no_term_promotion_no_bridge_promotion_no_pilot","source-gated R3 row from r3_eigenvalue_regional_evidence_ledger.csv; primary owner pan_turkic; downstream lane(s) adjacent_linear_algebra_source_lane; evidence status no_term_promotion_no_bridge_promotion_no_pilot; no draft support emitted; row remains blocker/source question","exact_blocker_or_source_question","do_not_emit_surface","","blocked_or_source_question_only","dari_independent_gate_required; pan_turkic_no_merge_without_own_gate; urdu_hindustani_separate_lane_no_persianate_merge; arabic_lane_open_or_not_consumable; persian_farsi_lane_open_or_not_consumable","dari_independent_gate_required; pan_turkic_no_merge_without_own_gate; urdu_hindustani_separate_lane_no_persianate_merge; arabic_lane_open_or_not_consumable; persian_farsi_lane_open_or_not_consumable","","","","","","","blocker_record_or_source_question_only","false","false","false","false","do_not_consume_not_in_lane","do_not_consume_not_in_lane","do_not_consume_independent_dari_gate_required","do_not_consume_not_in_lane","separate_lane_no_inheritance","separate_lane_open_source_gate_or_witness_no_pan_turkic_merge","consume_future_eigen_source_evidence_review_only","No langlink from English eigenvalue/eigenvector page in this bounded pass.","leave_unpacked_in_durable_run_log; copy_to_route_sidecar=pan_turkic; copy_to_row_group_sidecar=eigenvalue_regional_future_slice; copy_to_support_or_blocker_sidecar; include_in_convenience_zip_archive; session_b_can_consume_unpacked","R3_MICRO_EVIDENCE_ARTIFACT_20260704T040935Z","20260704T041521Z"
"r3run:0198","r3micro:eigen:tg:eigenvalue_eigenvector_future_slice","eigen:tg:eigenvalue_eigenvector_future_slice","eigenvalue_regional_future_slice","eigenvalue_eigenvector_future_slice","eigenvalue/eigenvector future slice - Tajik","arabic; persianate_tajik; novel_blocked","novel_blocked","adjacent_linear_algebra_source_lane","r3_eigenvalue_regional_evidence_ledger.csv","","","no_term_promotion_no_bridge_promotion_no_pilot","source-gated R3 row from r3_eigenvalue_regional_evidence_ledger.csv; primary owner novel_blocked; downstream lane(s) adjacent_linear_algebra_source_lane; evidence status no_term_promotion_no_bridge_promotion_no_pilot; no draft support emitted; row remains blocker/source question","exact_blocker_or_source_question","do_not_emit_surface","","blocked_or_source_question_only","dari_independent_gate_required; tajik_independent_gate_required; pan_turkic_no_merge_without_own_gate; urdu_hindustani_separate_lane_no_persianate_merge; arabic_lane_open_or_not_consumable; persian_farsi_lane_open_or_not_consumable","dari_independent_gate_required; tajik_independent_gate_required; pan_turkic_no_merge_without_own_gate; urdu_hindustani_separate_lane_no_persianate_merge; arabic_lane_open_or_not_consumable; persian_farsi_lane_open_or_not_consumable","","","","","","","blocker_record_or_source_question_only","false","false","false","false","do_not_consume_not_in_lane","do_not_consume_not_in_lane","do_not_consume_independent_dari_gate_required","open_source_gate_do_not_consume","separate_lane_no_inheritance","separate_lane_no_inheritance","consume_future_eigen_source_evidence_review_only","No langlink from English eigenvalue/eigenvector page in this bounded pass.","leave_unpacked_in_durable_run_log; copy_to_route_sidecar=novel_blocked; copy_to_row_group_sidecar=eigenvalue_regional_future_slice; copy_to_support_or_blocker_sidecar; include_in_convenience_zip_archive; session_b_can_consume_unpacked","R3_MICRO_EVIDENCE_ARTIFACT_20260704T040935Z","20260704T041521Z"
"r3run:0199","r3micro:eigen:ky:eigenvalue_eigenvector_future_slice","eigen:ky:eigenvalue_eigenvector_future_slice","eigenvalue_regional_future_slice","eigenvalue_eigenvector_future_slice","eigenvalue/eigenvector future slice - Kyrgyz","arabic; persianate_tajik; pan_turkic; novel_blocked","pan_turkic","adjacent_linear_algebra_source_lane","r3_eigenvalue_regional_evidence_ledger.csv","","","no_term_promotion_no_bridge_promotion_no_pilot","source-gated R3 row from r3_eigenvalue_regional_evidence_ledger.csv; primary owner pan_turkic; downstream lane(s) adjacent_linear_algebra_source_lane; evidence status no_term_promotion_no_bridge_promotion_no_pilot; no draft support emitted; row remains blocker/source question","exact_blocker_or_source_question","do_not_emit_surface","","blocked_or_source_question_only","dari_independent_gate_required; pan_turkic_no_merge_without_own_gate; urdu_hindustani_separate_lane_no_persianate_merge; arabic_lane_open_or_not_consumable; persian_farsi_lane_open_or_not_consumable","dari_independent_gate_required; pan_turkic_no_merge_without_own_gate; urdu_hindustani_separate_lane_no_persianate_merge; arabic_lane_open_or_not_consumable; persian_farsi_lane_open_or_not_consumable","","","","","","","blocker_record_or_source_question_only","false","false","false","false","do_not_consume_not_in_lane","do_not_consume_not_in_lane","do_not_consume_independent_dari_gate_required","do_not_consume_not_in_lane","separate_lane_no_inheritance","separate_lane_open_source_gate_or_witness_no_pan_turkic_merge","consume_future_eigen_source_evidence_review_only","No langlink from English eigenvalue/eigenvector page in this bounded pass.","leave_unpacked_in_durable_run_log; copy_to_route_sidecar=pan_turkic; copy_to_row_group_sidecar=eigenvalue_regional_future_slice; copy_to_support_or_blocker_sidecar; include_in_convenience_zip_archive; session_b_can_consume_unpacked","R3_MICRO_EVIDENCE_ARTIFACT_20260704T040935Z","20260704T041521Z"
"r3run:0200","r3micro:eigen:uz:eigenvalue_eigenvector_future_slice","eigen:uz:eigenvalue_eigenvector_future_slice","eigenvalue_regional_future_slice","eigenvalue_eigenvector_future_slice","eigenvalue/eigenvector future slice - Uzbek","arabic; persianate_tajik; pan_turkic; novel_blocked","pan_turkic","adjacent_linear_algebra_source_lane","r3_eigenvalue_regional_evidence_ledger.csv","","","no_term_promotion_no_bridge_promotion_no_pilot","source-gated R3 row from r3_eigenvalue_regional_evidence_ledger.csv; primary owner pan_turkic; downstream lane(s) adjacent_linear_algebra_source_lane; evidence status no_term_promotion_no_bridge_promotion_no_pilot; no draft support emitted; row remains blocker/source question","exact_blocker_or_source_question","do_not_emit_surface","","blocked_or_source_question_only","dari_independent_gate_required; pan_turkic_no_merge_without_own_gate; urdu_hindustani_separate_lane_no_persianate_merge; arabic_lane_open_or_not_consumable; persian_farsi_lane_open_or_not_consumable","dari_independent_gate_required; pan_turkic_no_merge_without_own_gate; urdu_hindustani_separate_lane_no_persianate_merge; arabic_lane_open_or_not_consumable; persian_farsi_lane_open_or_not_consumable","","","","","","","blocker_record_or_source_question_only","false","false","false","false","do_not_consume_not_in_lane","do_not_consume_not_in_lane","do_not_consume_independent_dari_gate_required","do_not_consume_not_in_lane","separate_lane_no_inheritance","separate_lane_open_source_gate_or_witness_no_pan_turkic_merge","consume_future_eigen_source_evidence_review_only","No langlink from English eigenvalue/eigenvector page in this bounded pass.","leave_unpacked_in_durable_run_log; copy_to_route_sidecar=pan_turkic; copy_to_row_group_sidecar=eigenvalue_regional_future_slice; copy_to_support_or_blocker_sidecar; include_in_convenience_zip_archive; session_b_can_consume_unpacked","R3_MICRO_EVIDENCE_ARTIFACT_20260704T040935Z","20260704T041521Z"
"r3run:0201","r3micro:eigen:ur:eigenvalue_eigenvector_future_slice","eigen:ur:eigenvalue_eigenvector_future_slice","eigenvalue_regional_future_slice","eigenvalue_eigenvector_future_slice","eigenvalue/eigenvector future slice - Urdu","arabic; persianate_tajik; novel_blocked","novel_blocked","urdu_hindustani_separate_lane; adjacent_linear_algebra_source_lane","r3_eigenvalue_regional_evidence_ledger.csv","https://ur.wikipedia.org/wiki/%D9%88%DB%8C%DA%98%DB%81_%D9%82%D8%AF%D8%B1","sources/non_slavic_reference_corpus/20260630t065535z_r3_eigenvalue_regional_evidence_capture/wikitext/ur/eigenvalues_and_eigenvectors__ویژہ_قدر.wiki.txt","no_term_promotion_no_bridge_promotion_no_pilot","source-gated R3 row from r3_eigenvalue_regional_evidence_ledger.csv; primary owner novel_blocked; downstream lane(s) urdu_hindustani_separate_lane; adjacent_linear_algebra_source_lane; evidence status no_term_promotion_no_bridge_promotion_no_pilot; no draft support emitted; row remains blocker/source question","exact_blocker_or_source_question","do_not_emit_surface","","blocked_or_source_question_only","dari_independent_gate_required; pan_turkic_no_merge_without_own_gate; urdu_hindustani_separate_lane_no_persianate_merge; arabic_lane_open_or_not_consumable; persian_farsi_lane_open_or_not_consumable","dari_independent_gate_required; pan_turkic_no_merge_without_own_gate; urdu_hindustani_separate_lane_no_persianate_merge; arabic_lane_open_or_not_consumable; persian_farsi_lane_open_or_not_consumable","","","","","","","blocker_record_or_source_question_only","false","false","false","false","do_not_consume_not_in_lane","do_not_consume_not_in_lane","do_not_consume_independent_dari_gate_required","do_not_consume_not_in_lane","separate_lane_source_witness_review_only","separate_lane_no_inheritance","consume_future_eigen_source_evidence_review_only","Raw wikitext captured for future eigenvalue/eigenvector slice. Review before drafting or term promotion.","leave_unpacked_in_durable_run_log; copy_to_route_sidecar=novel_blocked; copy_to_row_group_sidecar=eigenvalue_regional_future_slice; copy_to_support_or_blocker_sidecar; include_in_convenience_zip_archive; session_b_can_consume_unpacked","R3_MICRO_EVIDENCE_ARTIFACT_20260704T040935Z","20260704T041521Z"
"r3run:0202","r3micro:eigen:ku:eigenvalue_eigenvector_future_slice","eigen:ku:eigenvalue_eigenvector_future_slice","eigenvalue_regional_future_slice","eigenvalue_eigenvector_future_slice","eigenvalue/eigenvector future slice - Kurmanji Kurdish","arabic; persianate_tajik; novel_blocked","novel_blocked","adjacent_linear_algebra_source_lane","r3_eigenvalue_regional_evidence_ledger.csv","","","no_term_promotion_no_bridge_promotion_no_pilot","source-gated R3 row from r3_eigenvalue_regional_evidence_ledger.csv; primary owner novel_blocked; downstream lane(s) adjacent_linear_algebra_source_lane; evidence status no_term_promotion_no_bridge_promotion_no_pilot; no draft support emitted; row remains blocker/source question","exact_blocker_or_source_question","do_not_emit_surface","","blocked_or_source_question_only","dari_independent_gate_required; pan_turkic_no_merge_without_own_gate; urdu_hindustani_separate_lane_no_persianate_merge; arabic_lane_open_or_not_consumable; persian_farsi_lane_open_or_not_consumable","dari_independent_gate_required; pan_turkic_no_merge_without_own_gate; urdu_hindustani_separate_lane_no_persianate_merge; arabic_lane_open_or_not_consumable; persian_farsi_lane_open_or_not_consumable","","","","","","","blocker_record_or_source_question_only","false","false","false","false","do_not_consume_not_in_lane","do_not_consume_not_in_lane","do_not_consume_independent_dari_gate_required","do_not_consume_not_in_lane","separate_lane_no_inheritance","separate_lane_no_inheritance","consume_future_eigen_source_evidence_review_only","No langlink from English eigenvalue/eigenvector page in this bounded pass.","leave_unpacked_in_durable_run_log; copy_to_route_sidecar=novel_blocked; copy_to_row_group_sidecar=eigenvalue_regional_future_slice; copy_to_support_or_blocker_sidecar; include_in_convenience_zip_archive; session_b_can_consume_unpacked","R3_MICRO_EVIDENCE_ARTIFACT_20260704T040935Z","20260704T041521Z"
"r3run:0203","r3micro:eigen:ckb:eigenvalue_eigenvector_future_slice","eigen:ckb:eigenvalue_eigenvector_future_slice","eigenvalue_regional_future_slice","eigenvalue_eigenvector_future_slice","eigenvalue/eigenvector future slice - Sorani Kurdish","arabic; persianate_tajik; novel_blocked","novel_blocked","adjacent_linear_algebra_source_lane","r3_eigenvalue_regional_evidence_ledger.csv","","","no_term_promotion_no_bridge_promotion_no_pilot","source-gated R3 row from r3_eigenvalue_regional_evidence_ledger.csv; primary owner novel_blocked; downstream lane(s) adjacent_linear_algebra_source_lane; evidence status no_term_promotion_no_bridge_promotion_no_pilot; no draft support emitted; row remains blocker/source question","exact_blocker_or_source_question","do_not_emit_surface","","blocked_or_source_question_only","dari_independent_gate_required; pan_turkic_no_merge_without_own_gate; urdu_hindustani_separate_lane_no_persianate_merge; arabic_lane_open_or_not_consumable; persian_farsi_lane_open_or_not_consumable","dari_independent_gate_required; pan_turkic_no_merge_without_own_gate; urdu_hindustani_separate_lane_no_persianate_merge; arabic_lane_open_or_not_consumable; persian_farsi_lane_open_or_not_consumable","","","","","","","blocker_record_or_source_question_only","false","false","false","false","do_not_consume_not_in_lane","do_not_consume_not_in_lane","do_not_consume_independent_dari_gate_required","do_not_consume_not_in_lane","separate_lane_no_inheritance","separate_lane_no_inheritance","consume_future_eigen_source_evidence_review_only","No langlink from English eigenvalue/eigenvector page in this bounded pass.","leave_unpacked_in_durable_run_log; copy_to_route_sidecar=novel_blocked; copy_to_row_group_sidecar=eigenvalue_regional_future_slice; copy_to_support_or_blocker_sidecar; include_in_convenience_zip_archive; session_b_can_consume_unpacked","R3_MICRO_EVIDENCE_ARTIFACT_20260704T040935Z","20260704T041521Z"
"r3run:0204","r3micro:eigen:tr:eigenvalue_eigenvector_future_slice","eigen:tr:eigenvalue_eigenvector_future_slice","eigenvalue_regional_future_slice","eigenvalue_eigenvector_future_slice","eigenvalue/eigenvector future slice - Turkish","arabic; persianate_tajik; novel_blocked","novel_blocked","adjacent_linear_algebra_source_lane","r3_eigenvalue_regional_evidence_ledger.csv","https://tr.wikipedia.org/wiki/%C3%96zde%C4%9Ferler_ve_%C3%B6zvekt%C3%B6rler","sources/non_slavic_reference_corpus/20260630t065535z_r3_eigenvalue_regional_evidence_capture/wikitext/tr/eigenvalues_and_eigenvectors__ozdegerler_ve_ozvektorler.wiki.txt","no_term_promotion_no_bridge_promotion_no_pilot","source-gated R3 row from r3_eigenvalue_regional_evidence_ledger.csv; primary owner novel_blocked; downstream lane(s) adjacent_linear_algebra_source_lane; evidence status no_term_promotion_no_bridge_promotion_no_pilot; no draft support emitted; row remains blocker/source question","exact_blocker_or_source_question","do_not_emit_surface","","blocked_or_source_question_only","dari_independent_gate_required; pan_turkic_no_merge_without_own_gate; urdu_hindustani_separate_lane_no_persianate_merge; arabic_lane_open_or_not_consumable; persian_farsi_lane_open_or_not_consumable","dari_independent_gate_required; pan_turkic_no_merge_without_own_gate; urdu_hindustani_separate_lane_no_persianate_merge; arabic_lane_open_or_not_consumable; persian_farsi_lane_open_or_not_consumable","","","","","","","blocker_record_or_source_question_only","false","false","false","false","do_not_consume_not_in_lane","do_not_consume_not_in_lane","do_not_consume_independent_dari_gate_required","do_not_consume_not_in_lane","separate_lane_no_inheritance","separate_lane_no_inheritance","consume_future_eigen_source_evidence_review_only","Raw wikitext captured for future eigenvalue/eigenvector slice. Review before drafting or term promotion.","leave_unpacked_in_durable_run_log; copy_to_route_sidecar=novel_blocked; copy_to_row_group_sidecar=eigenvalue_regional_future_slice; copy_to_support_or_blocker_sidecar; include_in_convenience_zip_archive; session_b_can_consume_unpacked","R3_MICRO_EVIDENCE_ARTIFACT_20260704T040935Z","20260704T041521Z"
"r3run:0205","r3micro:eigen:az:eigenvalue_eigenvector_future_slice","eigen:az:eigenvalue_eigenvector_future_slice","eigenvalue_regional_future_slice","eigenvalue_eigenvector_future_slice","eigenvalue/eigenvector future slice - Azerbaijani","arabic; persianate_tajik; novel_blocked","novel_blocked","adjacent_linear_algebra_source_lane","r3_eigenvalue_regional_evidence_ledger.csv","","","no_term_promotion_no_bridge_promotion_no_pilot","source-gated R3 row from r3_eigenvalue_regional_evidence_ledger.csv; primary owner novel_blocked; downstream lane(s) adjacent_linear_algebra_source_lane; evidence status no_term_promotion_no_bridge_promotion_no_pilot; no draft support emitted; row remains blocker/source question","exact_blocker_or_source_question","do_not_emit_surface","","blocked_or_source_question_only","dari_independent_gate_required; pan_turkic_no_merge_without_own_gate; urdu_hindustani_separate_lane_no_persianate_merge; arabic_lane_open_or_not_consumable; persian_farsi_lane_open_or_not_consumable","dari_independent_gate_required; pan_turkic_no_merge_without_own_gate; urdu_hindustani_separate_lane_no_persianate_merge; arabic_lane_open_or_not_consumable; persian_farsi_lane_open_or_not_consumable","","","","","","","blocker_record_or_source_question_only","false","false","false","false","do_not_consume_not_in_lane","do_not_consume_not_in_lane","do_not_consume_independent_dari_gate_required","do_not_consume_not_in_lane","separate_lane_no_inheritance","separate_lane_no_inheritance","consume_future_eigen_source_evidence_review_only","No langlink from English eigenvalue/eigenvector page in this bounded pass.","leave_unpacked_in_durable_run_log; copy_to_route_sidecar=novel_blocked; copy_to_row_group_sidecar=eigenvalue_regional_future_slice; copy_to_support_or_blocker_sidecar; include_in_convenience_zip_archive; session_b_can_consume_unpacked","R3_MICRO_EVIDENCE_ARTIFACT_20260704T040935Z","20260704T041521Z"
"r3run:0206","r3micro:eigen:kk:eigenvalue_eigenvector_future_slice","eigen:kk:eigenvalue_eigenvector_future_slice","eigenvalue_regional_future_slice","eigenvalue_eigenvector_future_slice","eigenvalue/eigenvector future slice - Kazakh","arabic; persianate_tajik; novel_blocked","novel_blocked","adjacent_linear_algebra_source_lane","r3_eigenvalue_regional_evidence_ledger.csv","","","no_term_promotion_no_bridge_promotion_no_pilot","source-gated R3 row from r3_eigenvalue_regional_evidence_ledger.csv; primary owner novel_blocked; downstream lane(s) adjacent_linear_algebra_source_lane; evidence status no_term_promotion_no_bridge_promotion_no_pilot; no draft support emitted; row remains blocker/source question","exact_blocker_or_source_question","do_not_emit_surface","","blocked_or_source_question_only","dari_independent_gate_required; pan_turkic_no_merge_without_own_gate; urdu_hindustani_separate_lane_no_persianate_merge; arabic_lane_open_or_not_consumable; persian_farsi_lane_open_or_not_consumable","dari_independent_gate_required; pan_turkic_no_merge_without_own_gate; urdu_hindustani_separate_lane_no_persianate_merge; arabic_lane_open_or_not_consumable; persian_farsi_lane_open_or_not_consumable","","","","","","","blocker_record_or_source_question_only","false","false","false","false","do_not_consume_not_in_lane","do_not_consume_not_in_lane","do_not_consume_independent_dari_gate_required","do_not_consume_not_in_lane","separate_lane_no_inheritance","separate_lane_no_inheritance","consume_future_eigen_source_evidence_review_only","No langlink from English eigenvalue/eigenvector page in this bounded pass.","leave_unpacked_in_durable_run_log; copy_to_route_sidecar=novel_blocked; copy_to_row_group_sidecar=eigenvalue_regional_future_slice; copy_to_support_or_blocker_sidecar; include_in_convenience_zip_archive; session_b_can_consume_unpacked","R3_MICRO_EVIDENCE_ARTIFACT_20260704T040935Z","20260704T041521Z"
"r3run:0207","r3micro:eigen:ba:eigenvalue_eigenvector_future_slice","eigen:ba:eigenvalue_eigenvector_future_slice","eigenvalue_regional_future_slice","eigenvalue_eigenvector_future_slice","eigenvalue/eigenvector future slice - Bashkir","arabic; persianate_tajik; novel_blocked","novel_blocked","adjacent_linear_algebra_source_lane","r3_eigenvalue_regional_evidence_ledger.csv","","","no_term_promotion_no_bridge_promotion_no_pilot","source-gated R3 row from r3_eigenvalue_regional_evidence_ledger.csv; primary owner novel_blocked; downstream lane(s) adjacent_linear_algebra_source_lane; evidence status no_term_promotion_no_bridge_promotion_no_pilot; no draft support emitted; row remains blocker/source question","exact_blocker_or_source_question","do_not_emit_surface","","blocked_or_source_question_only","dari_independent_gate_required; pan_turkic_no_merge_without_own_gate; urdu_hindustani_separate_lane_no_persianate_merge; arabic_lane_open_or_not_consumable; persian_farsi_lane_open_or_not_consumable","dari_independent_gate_required; pan_turkic_no_merge_without_own_gate; urdu_hindustani_separate_lane_no_persianate_merge; arabic_lane_open_or_not_consumable; persian_farsi_lane_open_or_not_consumable","","","","","","","blocker_record_or_source_question_only","false","false","false","false","do_not_consume_not_in_lane","do_not_consume_not_in_lane","do_not_consume_independent_dari_gate_required","do_not_consume_not_in_lane","separate_lane_no_inheritance","separate_lane_no_inheritance","consume_future_eigen_source_evidence_review_only","No langlink from English eigenvalue/eigenvector page in this bounded pass.","leave_unpacked_in_durable_run_log; copy_to_route_sidecar=novel_blocked; copy_to_row_group_sidecar=eigenvalue_regional_future_slice; copy_to_support_or_blocker_sidecar; include_in_convenience_zip_archive; session_b_can_consume_unpacked","R3_MICRO_EVIDENCE_ARTIFACT_20260704T040935Z","20260704T041521Z"
"r3run:0208","r3micro:eigen:cv:eigenvalue_eigenvector_future_slice","eigen:cv:eigenvalue_eigenvector_future_slice","eigenvalue_regional_future_slice","eigenvalue_eigenvector_future_slice","eigenvalue/eigenvector future slice - Chuvash","arabic; persianate_tajik; novel_blocked","novel_blocked","adjacent_linear_algebra_source_lane","r3_eigenvalue_regional_evidence_ledger.csv","","","no_term_promotion_no_bridge_promotion_no_pilot","source-gated R3 row from r3_eigenvalue_regional_evidence_ledger.csv; primary owner novel_blocked; downstream lane(s) adjacent_linear_algebra_source_lane; evidence status no_term_promotion_no_bridge_promotion_no_pilot; no draft support emitted; row remains blocker/source question","exact_blocker_or_source_question","do_not_emit_surface","","blocked_or_source_question_only","dari_independent_gate_required; pan_turkic_no_merge_without_own_gate; urdu_hindustani_separate_lane_no_persianate_merge; arabic_lane_open_or_not_consumable; persian_farsi_lane_open_or_not_consumable","dari_independent_gate_required; pan_turkic_no_merge_without_own_gate; urdu_hindustani_separate_lane_no_persianate_merge; arabic_lane_open_or_not_consumable; persian_farsi_lane_open_or_not_consumable","","","","","","","blocker_record_or_source_question_only","false","false","false","false","do_not_consume_not_in_lane","do_not_consume_not_in_lane","do_not_consume_independent_dari_gate_required","do_not_consume_not_in_lane","separate_lane_no_inheritance","separate_lane_no_inheritance","consume_future_eigen_source_evidence_review_only","No langlink from English eigenvalue/eigenvector page in this bounded pass.","leave_unpacked_in_durable_run_log; copy_to_route_sidecar=novel_blocked; copy_to_row_group_sidecar=eigenvalue_regional_future_slice; copy_to_support_or_blocker_sidecar; include_in_convenience_zip_archive; session_b_can_consume_unpacked","R3_MICRO_EVIDENCE_ARTIFACT_20260704T040935Z","20260704T041521Z"
"r3run:0209","r3micro:eigen:hi:eigenvalue_eigenvector_future_slice","eigen:hi:eigenvalue_eigenvector_future_slice","eigenvalue_regional_future_slice","eigenvalue_eigenvector_future_slice","eigenvalue/eigenvector future slice - Hindi","arabic; persianate_tajik; novel_blocked","novel_blocked","adjacent_linear_algebra_source_lane","r3_eigenvalue_regional_evidence_ledger.csv","https://hi.wikipedia.org/wiki/%E0%A4%85%E0%A4%AD%E0%A4%BF%E0%A4%B2%E0%A4%95%E0%A5%8D%E0%A4%B7%E0%A4%A3%E0%A4%BF%E0%A4%95_%E0%A4%AE%E0%A4%BE%E0%A4%A8_%E0%A4%A4%E0%A4%A5%E0%A4%BE_%E0%A4%85%E0%A4%AD%E0%A4%BF%E0%A4%B2%E0%A4%95%E0%A5%8D%E0%A4%B7%E0%A4%A3%E0%A4%BF%E0%A4%95_%E0%A4%B8%E0%A4%A6%E0%A4%BF%E0%A4%B6","sources/non_slavic_reference_corpus/20260630t065535z_r3_eigenvalue_regional_evidence_capture/wikitext/hi/eigenvalues_and_eigenvectors__अभ_लक_षण_क_म_न_तथ_अभ_लक_षण_क_सद_श.wiki.txt","no_term_promotion_no_bridge_promotion_no_pilot","source-gated R3 row from r3_eigenvalue_regional_evidence_ledger.csv; primary owner novel_blocked; downstream lane(s) adjacent_linear_algebra_source_lane; evidence status no_term_promotion_no_bridge_promotion_no_pilot; no draft support emitted; row remains blocker/source question","exact_blocker_or_source_question","do_not_emit_surface","","blocked_or_source_question_only","dari_independent_gate_required; pan_turkic_no_merge_without_own_gate; urdu_hindustani_separate_lane_no_persianate_merge; arabic_lane_open_or_not_consumable; persian_farsi_lane_open_or_not_consumable","dari_independent_gate_required; pan_turkic_no_merge_without_own_gate; urdu_hindustani_separate_lane_no_persianate_merge; arabic_lane_open_or_not_consumable; persian_farsi_lane_open_or_not_consumable","","","","","","","blocker_record_or_source_question_only","false","false","false","false","do_not_consume_not_in_lane","do_not_consume_not_in_lane","do_not_consume_independent_dari_gate_required","do_not_consume_not_in_lane","separate_lane_no_inheritance","separate_lane_no_inheritance","consume_future_eigen_source_evidence_review_only","Raw wikitext captured for future eigenvalue/eigenvector slice. Review before drafting or term promotion.","leave_unpacked_in_durable_run_log; copy_to_route_sidecar=novel_blocked; copy_to_row_group_sidecar=eigenvalue_regional_future_slice; copy_to_support_or_blocker_sidecar; include_in_convenience_zip_archive; session_b_can_consume_unpacked","R3_MICRO_EVIDENCE_ARTIFACT_20260704T040935Z","20260704T041521Z"
"r3run:0210","r3micro:eigen:he:eigenvalue_eigenvector_future_slice","eigen:he:eigenvalue_eigenvector_future_slice","eigenvalue_regional_future_slice","eigenvalue_eigenvector_future_slice","eigenvalue/eigenvector future slice - Hebrew","arabic; persianate_tajik; novel_blocked","novel_blocked","adjacent_linear_algebra_source_lane","r3_eigenvalue_regional_evidence_ledger.csv","https://he.wikipedia.org/wiki/%D7%A2%D7%A8%D7%9A_%D7%A2%D7%A6%D7%9E%D7%99","sources/non_slavic_reference_corpus/20260630t065535z_r3_eigenvalue_regional_evidence_capture/wikitext/he/eigenvalues_and_eigenvectors__ערך_עצמי.wiki.txt","no_term_promotion_no_bridge_promotion_no_pilot","source-gated R3 row from r3_eigenvalue_regional_evidence_ledger.csv; primary owner novel_blocked; downstream lane(s) adjacent_linear_algebra_source_lane; evidence status no_term_promotion_no_bridge_promotion_no_pilot; no draft support emitted; row remains blocker/source question","exact_blocker_or_source_question","do_not_emit_surface","","blocked_or_source_question_only","dari_independent_gate_required; pan_turkic_no_merge_without_own_gate; urdu_hindustani_separate_lane_no_persianate_merge; arabic_lane_open_or_not_consumable; persian_farsi_lane_open_or_not_consumable","dari_independent_gate_required; pan_turkic_no_merge_without_own_gate; urdu_hindustani_separate_lane_no_persianate_merge; arabic_lane_open_or_not_consumable; persian_farsi_lane_open_or_not_consumable","","","","","","","blocker_record_or_source_question_only","false","false","false","false","do_not_consume_not_in_lane","do_not_consume_not_in_lane","do_not_consume_independent_dari_gate_required","do_not_consume_not_in_lane","separate_lane_no_inheritance","separate_lane_no_inheritance","consume_future_eigen_source_evidence_review_only","Raw wikitext captured for future eigenvalue/eigenvector slice. Review before drafting or term promotion.","leave_unpacked_in_durable_run_log; copy_to_route_sidecar=novel_blocked; copy_to_row_group_sidecar=eigenvalue_regional_future_slice; copy_to_support_or_blocker_sidecar; include_in_convenience_zip_archive; session_b_can_consume_unpacked","R3_MICRO_EVIDENCE_ARTIFACT_20260704T040935Z","20260704T041521Z"
"r3run:0211","r3micro:eigen:hy:eigenvalue_eigenvector_future_slice","eigen:hy:eigenvalue_eigenvector_future_slice","eigenvalue_regional_future_slice","eigenvalue_eigenvector_future_slice","eigenvalue/eigenvector future slice - Armenian","arabic; persianate_tajik; novel_blocked","novel_blocked","adjacent_linear_algebra_source_lane","r3_eigenvalue_regional_evidence_ledger.csv","","","no_term_promotion_no_bridge_promotion_no_pilot","source-gated R3 row from r3_eigenvalue_regional_evidence_ledger.csv; primary owner novel_blocked; downstream lane(s) adjacent_linear_algebra_source_lane; evidence status no_term_promotion_no_bridge_promotion_no_pilot; no draft support emitted; row remains blocker/source question","exact_blocker_or_source_question","do_not_emit_surface","","blocked_or_source_question_only","dari_independent_gate_required; pan_turkic_no_merge_without_own_gate; urdu_hindustani_separate_lane_no_persianate_merge; arabic_lane_open_or_not_consumable; persian_farsi_lane_open_or_not_consumable","dari_independent_gate_required; pan_turkic_no_merge_without_own_gate; urdu_hindustani_separate_lane_no_persianate_merge; arabic_lane_open_or_not_consumable; persian_farsi_lane_open_or_not_consumable","","","","","","","blocker_record_or_source_question_only","false","false","false","false","do_not_consume_not_in_lane","do_not_consume_not_in_lane","do_not_consume_independent_dari_gate_required","do_not_consume_not_in_lane","separate_lane_no_inheritance","separate_lane_no_inheritance","consume_future_eigen_source_evidence_review_only","No langlink from English eigenvalue/eigenvector page in this bounded pass.","leave_unpacked_in_durable_run_log; copy_to_route_sidecar=novel_blocked; copy_to_row_group_sidecar=eigenvalue_regional_future_slice; copy_to_support_or_blocker_sidecar; include_in_convenience_zip_archive; session_b_can_consume_unpacked","R3_MICRO_EVIDENCE_ARTIFACT_20260704T040935Z","20260704T041521Z"
"r3run:0212","r3micro:eigen:id:eigenvalue_eigenvector_future_slice","eigen:id:eigenvalue_eigenvector_future_slice","eigenvalue_regional_future_slice","eigenvalue_eigenvector_future_slice","eigenvalue/eigenvector future slice - Indonesian","arabic; persianate_tajik; novel_blocked","novel_blocked","adjacent_linear_algebra_source_lane","r3_eigenvalue_regional_evidence_ledger.csv","https://id.wikipedia.org/wiki/Nilai_dan_vektor_eigen","sources/non_slavic_reference_corpus/20260630t065535z_r3_eigenvalue_regional_evidence_capture/wikitext/id/eigenvalues_and_eigenvectors__nilai_dan_vektor_eigen.wiki.txt","no_term_promotion_no_bridge_promotion_no_pilot","source-gated R3 row from r3_eigenvalue_regional_evidence_ledger.csv; primary owner novel_blocked; downstream lane(s) adjacent_linear_algebra_source_lane; evidence status no_term_promotion_no_bridge_promotion_no_pilot; no draft support emitted; row remains blocker/source question","exact_blocker_or_source_question","do_not_emit_surface","","blocked_or_source_question_only","dari_independent_gate_required; pan_turkic_no_merge_without_own_gate; urdu_hindustani_separate_lane_no_persianate_merge; arabic_lane_open_or_not_consumable; persian_farsi_lane_open_or_not_consumable","dari_independent_gate_required; pan_turkic_no_merge_without_own_gate; urdu_hindustani_separate_lane_no_persianate_merge; arabic_lane_open_or_not_consumable; persian_farsi_lane_open_or_not_consumable","","","","","","","blocker_record_or_source_question_only","false","false","false","false","do_not_consume_not_in_lane","do_not_consume_not_in_lane","do_not_consume_independent_dari_gate_required","do_not_consume_not_in_lane","separate_lane_no_inheritance","separate_lane_no_inheritance","consume_future_eigen_source_evidence_review_only","Raw wikitext captured for future eigenvalue/eigenvector slice. Review before drafting or term promotion.","leave_unpacked_in_durable_run_log; copy_to_route_sidecar=novel_blocked; copy_to_row_group_sidecar=eigenvalue_regional_future_slice; copy_to_support_or_blocker_sidecar; include_in_convenience_zip_archive; session_b_can_consume_unpacked","R3_MICRO_EVIDENCE_ARTIFACT_20260704T040935Z","20260704T041521Z"
"r3run:0213","r3micro:eigen:ja:eigenvalue_eigenvector_future_slice","eigen:ja:eigenvalue_eigenvector_future_slice","eigenvalue_regional_future_slice","eigenvalue_eigenvector_future_slice","eigenvalue/eigenvector future slice - Japanese","arabic; persianate_tajik; novel_blocked","novel_blocked","adjacent_linear_algebra_source_lane","r3_eigenvalue_regional_evidence_ledger.csv","https://ja.wikipedia.org/wiki/%E5%9B%BA%E6%9C%89%E5%80%A4%E3%81%A8%E5%9B%BA%E6%9C%89%E3%83%99%E3%82%AF%E3%83%88%E3%83%AB","sources/non_slavic_reference_corpus/20260630t065535z_r3_eigenvalue_regional_evidence_capture/wikitext/ja/eigenvalues_and_eigenvectors__固有値と固有ヘ_クトル.wiki.txt","no_term_promotion_no_bridge_promotion_no_pilot","source-gated R3 row from r3_eigenvalue_regional_evidence_ledger.csv; primary owner novel_blocked; downstream lane(s) adjacent_linear_algebra_source_lane; evidence status no_term_promotion_no_bridge_promotion_no_pilot; no draft support emitted; row remains blocker/source question","exact_blocker_or_source_question","do_not_emit_surface","","blocked_or_source_question_only","dari_independent_gate_required; pan_turkic_no_merge_without_own_gate; urdu_hindustani_separate_lane_no_persianate_merge; arabic_lane_open_or_not_consumable; persian_farsi_lane_open_or_not_consumable","dari_independent_gate_required; pan_turkic_no_merge_without_own_gate; urdu_hindustani_separate_lane_no_persianate_merge; arabic_lane_open_or_not_consumable; persian_farsi_lane_open_or_not_consumable","","","","","","","blocker_record_or_source_question_only","false","false","false","false","do_not_consume_not_in_lane","do_not_consume_not_in_lane","do_not_consume_independent_dari_gate_required","do_not_consume_not_in_lane","separate_lane_no_inheritance","separate_lane_no_inheritance","consume_future_eigen_source_evidence_review_only","Raw wikitext captured for future eigenvalue/eigenvector slice. Review before drafting or term promotion.","leave_unpacked_in_durable_run_log; copy_to_route_sidecar=novel_blocked; copy_to_row_group_sidecar=eigenvalue_regional_future_slice; copy_to_support_or_blocker_sidecar; include_in_convenience_zip_archive; session_b_can_consume_unpacked","R3_MICRO_EVIDENCE_ARTIFACT_20260704T040935Z","20260704T041521Z"
"r3run:0214","r3micro:eigen:ko:eigenvalue_eigenvector_future_slice","eigen:ko:eigenvalue_eigenvector_future_slice","eigenvalue_regional_future_slice","eigenvalue_eigenvector_future_slice","eigenvalue/eigenvector future slice - Korean","arabic; persianate_tajik; novel_blocked","novel_blocked","adjacent_linear_algebra_source_lane","r3_eigenvalue_regional_evidence_ledger.csv","https://ko.wikipedia.org/wiki/%EA%B3%A0%EC%9C%B3%EA%B0%92%EA%B3%BC_%EA%B3%A0%EC%9C%A0_%EB%B2%A1%ED%84%B0","sources/non_slavic_reference_corpus/20260630t065535z_r3_eigenvalue_regional_evidence_capture/wikitext/ko/eigenvalues_and_eigenvectors__고윳값과_고유_벡터.wiki.txt","no_term_promotion_no_bridge_promotion_no_pilot","source-gated R3 row from r3_eigenvalue_regional_evidence_ledger.csv; primary owner novel_blocked; downstream lane(s) adjacent_linear_algebra_source_lane; evidence status no_term_promotion_no_bridge_promotion_no_pilot; no draft support emitted; row remains blocker/source question","exact_blocker_or_source_question","do_not_emit_surface","","blocked_or_source_question_only","dari_independent_gate_required; pan_turkic_no_merge_without_own_gate; urdu_hindustani_separate_lane_no_persianate_merge; arabic_lane_open_or_not_consumable; persian_farsi_lane_open_or_not_consumable","dari_independent_gate_required; pan_turkic_no_merge_without_own_gate; urdu_hindustani_separate_lane_no_persianate_merge; arabic_lane_open_or_not_consumable; persian_farsi_lane_open_or_not_consumable","","","","","","","blocker_record_or_source_question_only","false","false","false","false","do_not_consume_not_in_lane","do_not_consume_not_in_lane","do_not_consume_independent_dari_gate_required","do_not_consume_not_in_lane","separate_lane_no_inheritance","separate_lane_no_inheritance","consume_future_eigen_source_evidence_review_only","Raw wikitext captured for future eigenvalue/eigenvector slice. Review before drafting or term promotion.","leave_unpacked_in_durable_run_log; copy_to_route_sidecar=novel_blocked; copy_to_row_group_sidecar=eigenvalue_regional_future_slice; copy_to_support_or_blocker_sidecar; include_in_convenience_zip_archive; session_b_can_consume_unpacked","R3_MICRO_EVIDENCE_ARTIFACT_20260704T040935Z","20260704T041521Z"
"r3run:0215","r3micro:eigen:vi:eigenvalue_eigenvector_future_slice","eigen:vi:eigenvalue_eigenvector_future_slice","eigenvalue_regional_future_slice","eigenvalue_eigenvector_future_slice","eigenvalue/eigenvector future slice - Vietnamese","arabic; persianate_tajik; novel_blocked","novel_blocked","adjacent_linear_algebra_source_lane","r3_eigenvalue_regional_evidence_ledger.csv","https://vi.wikipedia.org/wiki/Gi%C3%A1_tr%E1%BB%8B_ri%C3%AAng_v%C3%A0_vect%C6%A1_ri%C3%AAng","sources/non_slavic_reference_corpus/20260630t065535z_r3_eigenvalue_regional_evidence_capture/wikitext/vi/eigenvalues_and_eigenvectors__gia_tri_rieng_va_vecto_rieng.wiki.txt","no_term_promotion_no_bridge_promotion_no_pilot","source-gated R3 row from r3_eigenvalue_regional_evidence_ledger.csv; primary owner novel_blocked; downstream lane(s) adjacent_linear_algebra_source_lane; evidence status no_term_promotion_no_bridge_promotion_no_pilot; no draft support emitted; row remains blocker/source question","exact_blocker_or_source_question","do_not_emit_surface","","blocked_or_source_question_only","dari_independent_gate_required; pan_turkic_no_merge_without_own_gate; urdu_hindustani_separate_lane_no_persianate_merge; arabic_lane_open_or_not_consumable; persian_farsi_lane_open_or_not_consumable","dari_independent_gate_required; pan_turkic_no_merge_without_own_gate; urdu_hindustani_separate_lane_no_persianate_merge; arabic_lane_open_or_not_consumable; persian_farsi_lane_open_or_not_consumable","","","","","","","blocker_record_or_source_question_only","false","false","false","false","do_not_consume_not_in_lane","do_not_consume_not_in_lane","do_not_consume_independent_dari_gate_required","do_not_consume_not_in_lane","separate_lane_no_inheritance","separate_lane_no_inheritance","consume_future_eigen_source_evidence_review_only","Raw wikitext captured for future eigenvalue/eigenvector slice. Review before drafting or term promotion.","leave_unpacked_in_durable_run_log; copy_to_route_sidecar=novel_blocked; copy_to_row_group_sidecar=eigenvalue_regional_future_slice; copy_to_support_or_blocker_sidecar; include_in_convenience_zip_archive; session_b_can_consume_unpacked","R3_MICRO_EVIDENCE_ARTIFACT_20260704T040935Z","20260704T041521Z"
"r3run:0216","r3micro:eigen:zh:eigenvalue_eigenvector_future_slice","eigen:zh:eigenvalue_eigenvector_future_slice","eigenvalue_regional_future_slice","eigenvalue_eigenvector_future_slice","eigenvalue/eigenvector future slice - Chinese","arabic; persianate_tajik; novel_blocked","novel_blocked","adjacent_linear_algebra_source_lane","r3_eigenvalue_regional_evidence_ledger.csv","https://zh.wikipedia.org/wiki/%E7%89%B9%E5%BE%81%E5%80%BC%E5%92%8C%E7%89%B9%E5%BE%81%E5%90%91%E9%87%8F","sources/non_slavic_reference_corpus/20260630t065535z_r3_eigenvalue_regional_evidence_capture/wikitext/zh/eigenvalues_and_eigenvectors__特征值和特征向量.wiki.txt","no_term_promotion_no_bridge_promotion_no_pilot","source-gated R3 row from r3_eigenvalue_regional_evidence_ledger.csv; primary owner novel_blocked; downstream lane(s) adjacent_linear_algebra_source_lane; evidence status no_term_promotion_no_bridge_promotion_no_pilot; no draft support emitted; row remains blocker/source question","exact_blocker_or_source_question","do_not_emit_surface","","blocked_or_source_question_only","dari_independent_gate_required; pan_turkic_no_merge_without_own_gate; urdu_hindustani_separate_lane_no_persianate_merge; arabic_lane_open_or_not_consumable; persian_farsi_lane_open_or_not_consumable","dari_independent_gate_required; pan_turkic_no_merge_without_own_gate; urdu_hindustani_separate_lane_no_persianate_merge; arabic_lane_open_or_not_consumable; persian_farsi_lane_open_or_not_consumable","","","","","","","blocker_record_or_source_question_only","false","false","false","false","do_not_consume_not_in_lane","do_not_consume_not_in_lane","do_not_consume_independent_dari_gate_required","do_not_consume_not_in_lane","separate_lane_no_inheritance","separate_lane_no_inheritance","consume_future_eigen_source_evidence_review_only","Raw wikitext captured for future eigenvalue/eigenvector slice. Review before drafting or term promotion.","leave_unpacked_in_durable_run_log; copy_to_route_sidecar=novel_blocked; copy_to_row_group_sidecar=eigenvalue_regional_future_slice; copy_to_support_or_blocker_sidecar; include_in_convenience_zip_archive; session_b_can_consume_unpacked","R3_MICRO_EVIDENCE_ARTIFACT_20260704T040935Z","20260704T041521Z"
"r3run:0217","r3micro:eigen:yue:eigenvalue_eigenvector_future_slice","eigen:yue:eigenvalue_eigenvector_future_slice","eigenvalue_regional_future_slice","eigenvalue_eigenvector_future_slice","eigenvalue/eigenvector future slice - Cantonese","arabic; persianate_tajik; novel_blocked","novel_blocked","adjacent_linear_algebra_source_lane","r3_eigenvalue_regional_evidence_ledger.csv","https://yue.wikipedia.org/wiki/%E7%89%B9%E5%BE%B5%E5%80%BC%E3%80%81%E7%89%B9%E5%BE%B5%E5%90%91%E9%87%8F%E5%90%8C%E7%89%B9%E5%BE%B5%E7%A9%BA%E9%96%93","sources/non_slavic_reference_corpus/20260630t065535z_r3_eigenvalue_regional_evidence_capture/wikitext/yue/eigenvalues_and_eigenvectors__特徵值_特徵向量同特徵空間.wiki.txt","no_term_promotion_no_bridge_promotion_no_pilot","source-gated R3 row from r3_eigenvalue_regional_evidence_ledger.csv; primary owner novel_blocked; downstream lane(s) adjacent_linear_algebra_source_lane; evidence status no_term_promotion_no_bridge_promotion_no_pilot; no draft support emitted; row remains blocker/source question","exact_blocker_or_source_question","do_not_emit_surface","","blocked_or_source_question_only","dari_independent_gate_required; pan_turkic_no_merge_without_own_gate; urdu_hindustani_separate_lane_no_persianate_merge; arabic_lane_open_or_not_consumable; persian_farsi_lane_open_or_not_consumable","dari_independent_gate_required; pan_turkic_no_merge_without_own_gate; urdu_hindustani_separate_lane_no_persianate_merge; arabic_lane_open_or_not_consumable; persian_farsi_lane_open_or_not_consumable","","","","","","","blocker_record_or_source_question_only","false","false","false","false","do_not_consume_not_in_lane","do_not_consume_not_in_lane","do_not_consume_independent_dari_gate_required","do_not_consume_not_in_lane","separate_lane_no_inheritance","separate_lane_no_inheritance","consume_future_eigen_source_evidence_review_only","Raw wikitext captured for future eigenvalue/eigenvector slice. Review before drafting or term promotion.","leave_unpacked_in_durable_run_log; copy_to_route_sidecar=novel_blocked; copy_to_row_group_sidecar=eigenvalue_regional_future_slice; copy_to_support_or_blocker_sidecar; include_in_convenience_zip_archive; session_b_can_consume_unpacked","R3_MICRO_EVIDENCE_ARTIFACT_20260704T040935Z","20260704T041521Z"
"r3run:0218","r3micro:eigen:ru:eigenvalue_eigenvector_future_slice","eigen:ru:eigenvalue_eigenvector_future_slice","eigenvalue_regional_future_slice","eigenvalue_eigenvector_future_slice","eigenvalue/eigenvector future slice - Russian","arabic; persianate_tajik; novel_blocked","novel_blocked","adjacent_linear_algebra_source_lane","r3_eigenvalue_regional_evidence_ledger.csv","https://ru.wikipedia.org/wiki/%D0%A1%D0%BE%D0%B1%D1%81%D1%82%D0%B2%D0%B5%D0%BD%D0%BD%D1%8B%D0%B5_%D0%B2%D0%B5%D0%BA%D1%82%D0%BE%D1%80%D1%8B%2C_%D0%B7%D0%BD%D0%B0%D1%87%D0%B5%D0%BD%D0%B8%D1%8F_%D0%B8_%D0%BF%D1%80%D0%BE%D1%81%D1%82%D1%80%D0%B0%D0%BD%D1%81%D1%82%D0%B2%D0%B0","sources/non_slavic_reference_corpus/20260630t065535z_r3_eigenvalue_regional_evidence_capture/wikitext/ru/eigenvalues_and_eigenvectors__собственные_векторы_значения_и_пространства.wiki.txt","no_term_promotion_no_bridge_promotion_no_pilot","source-gated R3 row from r3_eigenvalue_regional_evidence_ledger.csv; primary owner novel_blocked; downstream lane(s) adjacent_linear_algebra_source_lane; evidence status no_term_promotion_no_bridge_promotion_no_pilot; no draft support emitted; row remains blocker/source question","exact_blocker_or_source_question","do_not_emit_surface","","blocked_or_source_question_only","dari_independent_gate_required; pan_turkic_no_merge_without_own_gate; urdu_hindustani_separate_lane_no_persianate_merge; arabic_lane_open_or_not_consumable; persian_farsi_lane_open_or_not_consumable","dari_independent_gate_required; pan_turkic_no_merge_without_own_gate; urdu_hindustani_separate_lane_no_persianate_merge; arabic_lane_open_or_not_consumable; persian_farsi_lane_open_or_not_consumable","","","","","","","blocker_record_or_source_question_only","false","false","false","false","do_not_consume_not_in_lane","do_not_consume_not_in_lane","do_not_consume_independent_dari_gate_required","do_not_consume_not_in_lane","separate_lane_no_inheritance","separate_lane_no_inheritance","consume_future_eigen_source_evidence_review_only","Raw wikitext captured for future eigenvalue/eigenvector slice. Review before drafting or term promotion.","leave_unpacked_in_durable_run_log; copy_to_route_sidecar=novel_blocked; copy_to_row_group_sidecar=eigenvalue_regional_future_slice; copy_to_support_or_blocker_sidecar; include_in_convenience_zip_archive; session_b_can_consume_unpacked","R3_MICRO_EVIDENCE_ARTIFACT_20260704T040935Z","20260704T041521Z"
