current_head,prior_source_head,source_table,source_packet,language_gate,support_id,concept,target_rendering,source_context_locator,resolved_source_path,source_hash_status,zip_witness_family,zip_relevant_entry_count_for_family,zip_scan_note,formula_neighboring_usage_note,source_use_label,boundary,head_refresh_note,carried_from_head,token_reset_recovery_note,current_head_boundary_note,source_key,branch_row_number,actual_fetched_head,output_label,sublane_boundary
0d148231ec91503b4083a187a738ddaf3a0abeae,9bbcb11b3e68d29ab98d3dee20ebf27855aed936,R3_9BBCB11B_ZIP_INFORMED_MICRO_EVIDENCE_REFRESH.csv,R3_5DCC7BF5_E58_PACKET_VISIBILITY_20260706T122646Z,fa_IR,POSTPUSH-C2-DRAFT-0062,Noetherian ring,نوتری,pdf-page-4:line-28:utf16-24,source-canon-recovery\rtl-persianate-arabic-gap-source-canon-cycle2-20260705\source-bodies\fa_IR\FA-IDEAL-001_IUT_advanced_algebra_behboodi.pdf,hash-match,fa_IR_or_persian,48,local source-corpus ZIP scanned for path/text witnesses; raw bodies not copied,"Use only with the cited source_context_locator; preserve RTL/formula adjacency as source-context support, not as accepted terminology.",zip-informed-source-gated-micro-evidence,"source-use/provenance/gap/generated-draft/noncanonical/not-native-reviewed; no bridge promotion, cross-gate merge, native-review, accepted terminology, canonical approval, license clearance, gate promotion, source certification, final status, bridge/pilot, or translation completion",carried forward under 68C877C0; Romance/Non-Slavic branch material is adjacent context only and does not alter R3 gates,1233d6f1557c831c23f6de8395182d8ae81e2217,token-reset/mutual-wake recovery; exact row carried forward from source-gated 68C packet under C33 current head; source-use/draft/non-canonical/review-only boundaries preserved,0D148231 branch delta makes C33 token-reset row packet branch-visible and adds Old-B DE6C read-only audit; exact R3 row support remains draft/non-canonical/source-gated only,r3_0d_micro,62,faa2c330deb886098750dafb5c500e244e1333fe,"generated-draft/non-canonical/not-native-reviewed/source-use/gap; no native review, community consent, accepted terminology, approval, license clearance, gate promotion, source certification, final status, bridge/pilot, visual inventory, term spine, sign rendering, or translation completion",fa_IR only; no Dari/Tajik authorization
0d148231ec91503b4083a187a738ddaf3a0abeae,9bbcb11b3e68d29ab98d3dee20ebf27855aed936,R3_9BBCB11B_ZIP_INFORMED_MICRO_EVIDENCE_REFRESH.csv,R3_5DCC7BF5_E58_PACKET_VISIBILITY_20260706T122646Z,fa_IR,POSTPUSH-C2-DRAFT-0063,ideal,ایدهآل,pdf-page-4:line-30:utf16-37,source-canon-recovery\rtl-persianate-arabic-gap-source-canon-cycle2-20260705\source-bodies\fa_IR\FA-IDEAL-001_IUT_advanced_algebra_behboodi.pdf,hash-match,fa_IR_or_persian,48,local source-corpus ZIP scanned for path/text witnesses; raw bodies not copied,"Use only with the cited source_context_locator; preserve RTL/formula adjacency as source-context support, not as accepted terminology.",zip-informed-source-gated-micro-evidence,"source-use/provenance/gap/generated-draft/noncanonical/not-native-reviewed; no bridge promotion, cross-gate merge, native-review, accepted terminology, canonical approval, license clearance, gate promotion, source certification, final status, bridge/pilot, or translation completion",carried forward under 68C877C0; Romance/Non-Slavic branch material is adjacent context only and does not alter R3 gates,1233d6f1557c831c23f6de8395182d8ae81e2217,token-reset/mutual-wake recovery; exact row carried forward from source-gated 68C packet under C33 current head; source-use/draft/non-canonical/review-only boundaries preserved,0D148231 branch delta makes C33 token-reset row packet branch-visible and adds Old-B DE6C read-only audit; exact R3 row support remains draft/non-canonical/source-gated only,r3_0d_micro,63,faa2c330deb886098750dafb5c500e244e1333fe,"generated-draft/non-canonical/not-native-reviewed/source-use/gap; no native review, community consent, accepted terminology, approval, license clearance, gate promotion, source certification, final status, bridge/pilot, visual inventory, term spine, sign rendering, or translation completion",fa_IR only; no Dari/Tajik authorization
0d148231ec91503b4083a187a738ddaf3a0abeae,9bbcb11b3e68d29ab98d3dee20ebf27855aed936,R3_9BBCB11B_ZIP_INFORMED_MICRO_EVIDENCE_REFRESH.csv,R3_5DCC7BF5_E58_PACKET_VISIBILITY_20260706T122646Z,fa_IR,POSTPUSH-C2-DRAFT-0064,field,میدان,pdf-page-6:line-11:utf16-40,source-canon-recovery\rtl-persianate-arabic-gap-source-canon-cycle2-20260705\source-bodies\fa_IR\FA-IDEAL-001_IUT_advanced_algebra_behboodi.pdf,hash-match,fa_IR_or_persian,48,local source-corpus ZIP scanned for path/text witnesses; raw bodies not copied,"Use only with the cited source_context_locator; preserve RTL/formula adjacency as source-context support, not as accepted terminology.",zip-informed-source-gated-micro-evidence,"source-use/provenance/gap/generated-draft/noncanonical/not-native-reviewed; no bridge promotion, cross-gate merge, native-review, accepted terminology, canonical approval, license clearance, gate promotion, source certification, final status, bridge/pilot, or translation completion",carried forward under 68C877C0; Romance/Non-Slavic branch material is adjacent context only and does not alter R3 gates,1233d6f1557c831c23f6de8395182d8ae81e2217,token-reset/mutual-wake recovery; exact row carried forward from source-gated 68C packet under C33 current head; source-use/draft/non-canonical/review-only boundaries preserved,0D148231 branch delta makes C33 token-reset row packet branch-visible and adds Old-B DE6C read-only audit; exact R3 row support remains draft/non-canonical/source-gated only,r3_0d_micro,64,faa2c330deb886098750dafb5c500e244e1333fe,"generated-draft/non-canonical/not-native-reviewed/source-use/gap; no native review, community consent, accepted terminology, approval, license clearance, gate promotion, source certification, final status, bridge/pilot, visual inventory, term spine, sign rendering, or translation completion",fa_IR only; no Dari/Tajik authorization
0d148231ec91503b4083a187a738ddaf3a0abeae,9bbcb11b3e68d29ab98d3dee20ebf27855aed936,R3_9BBCB11B_ZIP_INFORMED_MICRO_EVIDENCE_REFRESH.csv,R3_5DCC7BF5_E58_PACKET_VISIBILITY_20260706T122646Z,fa_IR,POSTPUSH-C2-DRAFT-0065,field,میدان,pdf-page-6:line-19:utf16-32,source-canon-recovery\rtl-persianate-arabic-gap-source-canon-cycle2-20260705\source-bodies\fa_IR\FA-IDEAL-001_IUT_advanced_algebra_behboodi.pdf,hash-match,fa_IR_or_persian,48,local source-corpus ZIP scanned for path/text witnesses; raw bodies not copied,"Use only with the cited source_context_locator; preserve RTL/formula adjacency as source-context support, not as accepted terminology.",zip-informed-source-gated-micro-evidence,"source-use/provenance/gap/generated-draft/noncanonical/not-native-reviewed; no bridge promotion, cross-gate merge, native-review, accepted terminology, canonical approval, license clearance, gate promotion, source certification, final status, bridge/pilot, or translation completion",carried forward under 68C877C0; Romance/Non-Slavic branch material is adjacent context only and does not alter R3 gates,1233d6f1557c831c23f6de8395182d8ae81e2217,token-reset/mutual-wake recovery; exact row carried forward from source-gated 68C packet under C33 current head; source-use/draft/non-canonical/review-only boundaries preserved,0D148231 branch delta makes C33 token-reset row packet branch-visible and adds Old-B DE6C read-only audit; exact R3 row support remains draft/non-canonical/source-gated only,r3_0d_micro,65,faa2c330deb886098750dafb5c500e244e1333fe,"generated-draft/non-canonical/not-native-reviewed/source-use/gap; no native review, community consent, accepted terminology, approval, license clearance, gate promotion, source certification, final status, bridge/pilot, visual inventory, term spine, sign rendering, or translation completion",fa_IR only; no Dari/Tajik authorization
0d148231ec91503b4083a187a738ddaf3a0abeae,9bbcb11b3e68d29ab98d3dee20ebf27855aed936,R3_9BBCB11B_ZIP_INFORMED_MICRO_EVIDENCE_REFRESH.csv,R3_5DCC7BF5_E58_PACKET_VISIBILITY_20260706T122646Z,fa_IR,POSTPUSH-C2-DRAFT-0066,ideal,ایدهآل,pdf-page-7:line-31:utf16-47,source-canon-recovery\rtl-persianate-arabic-gap-source-canon-cycle2-20260705\source-bodies\fa_IR\FA-IDEAL-001_IUT_advanced_algebra_behboodi.pdf,hash-match,fa_IR_or_persian,48,local source-corpus ZIP scanned for path/text witnesses; raw bodies not copied,"Use only with the cited source_context_locator; preserve RTL/formula adjacency as source-context support, not as accepted terminology.",zip-informed-source-gated-micro-evidence,"source-use/provenance/gap/generated-draft/noncanonical/not-native-reviewed; no bridge promotion, cross-gate merge, native-review, accepted terminology, canonical approval, license clearance, gate promotion, source certification, final status, bridge/pilot, or translation completion",carried forward under 68C877C0; Romance/Non-Slavic branch material is adjacent context only and does not alter R3 gates,1233d6f1557c831c23f6de8395182d8ae81e2217,token-reset/mutual-wake recovery; exact row carried forward from source-gated 68C packet under C33 current head; source-use/draft/non-canonical/review-only boundaries preserved,0D148231 branch delta makes C33 token-reset row packet branch-visible and adds Old-B DE6C read-only audit; exact R3 row support remains draft/non-canonical/source-gated only,r3_0d_micro,66,faa2c330deb886098750dafb5c500e244e1333fe,"generated-draft/non-canonical/not-native-reviewed/source-use/gap; no native review, community consent, accepted terminology, approval, license clearance, gate promotion, source certification, final status, bridge/pilot, visual inventory, term spine, sign rendering, or translation completion",fa_IR only; no Dari/Tajik authorization
0d148231ec91503b4083a187a738ddaf3a0abeae,9bbcb11b3e68d29ab98d3dee20ebf27855aed936,R3_9BBCB11B_ZIP_INFORMED_MICRO_EVIDENCE_REFRESH.csv,R3_5DCC7BF5_E58_PACKET_VISIBILITY_20260706T122646Z,fa_IR,POSTPUSH-C2-DRAFT-0067,field,میدان,pdf-page-7:line-36:utf16-30,source-canon-recovery\rtl-persianate-arabic-gap-source-canon-cycle2-20260705\source-bodies\fa_IR\FA-IDEAL-001_IUT_advanced_algebra_behboodi.pdf,hash-match,fa_IR_or_persian,48,local source-corpus ZIP scanned for path/text witnesses; raw bodies not copied,"Use only with the cited source_context_locator; preserve RTL/formula adjacency as source-context support, not as accepted terminology.",zip-informed-source-gated-micro-evidence,"source-use/provenance/gap/generated-draft/noncanonical/not-native-reviewed; no bridge promotion, cross-gate merge, native-review, accepted terminology, canonical approval, license clearance, gate promotion, source certification, final status, bridge/pilot, or translation completion",carried forward under 68C877C0; Romance/Non-Slavic branch material is adjacent context only and does not alter R3 gates,1233d6f1557c831c23f6de8395182d8ae81e2217,token-reset/mutual-wake recovery; exact row carried forward from source-gated 68C packet under C33 current head; source-use/draft/non-canonical/review-only boundaries preserved,0D148231 branch delta makes C33 token-reset row packet branch-visible and adds Old-B DE6C read-only audit; exact R3 row support remains draft/non-canonical/source-gated only,r3_0d_micro,67,faa2c330deb886098750dafb5c500e244e1333fe,"generated-draft/non-canonical/not-native-reviewed/source-use/gap; no native review, community consent, accepted terminology, approval, license clearance, gate promotion, source certification, final status, bridge/pilot, visual inventory, term spine, sign rendering, or translation completion",fa_IR only; no Dari/Tajik authorization
0d148231ec91503b4083a187a738ddaf3a0abeae,9bbcb11b3e68d29ab98d3dee20ebf27855aed936,R3_9BBCB11B_ZIP_INFORMED_MICRO_EVIDENCE_REFRESH.csv,R3_5DCC7BF5_E58_PACKET_VISIBILITY_20260706T122646Z,fa_IR,POSTPUSH-C2-DRAFT-0068,ideal,ایدهآل,pdf-page-8:line-4:utf16-30,source-canon-recovery\rtl-persianate-arabic-gap-source-canon-cycle2-20260705\source-bodies\fa_IR\FA-IDEAL-001_IUT_advanced_algebra_behboodi.pdf,hash-match,fa_IR_or_persian,48,local source-corpus ZIP scanned for path/text witnesses; raw bodies not copied,"Use only with the cited source_context_locator; preserve RTL/formula adjacency as source-context support, not as accepted terminology.",zip-informed-source-gated-micro-evidence,"source-use/provenance/gap/generated-draft/noncanonical/not-native-reviewed; no bridge promotion, cross-gate merge, native-review, accepted terminology, canonical approval, license clearance, gate promotion, source certification, final status, bridge/pilot, or translation completion",carried forward under 68C877C0; Romance/Non-Slavic branch material is adjacent context only and does not alter R3 gates,1233d6f1557c831c23f6de8395182d8ae81e2217,token-reset/mutual-wake recovery; exact row carried forward from source-gated 68C packet under C33 current head; source-use/draft/non-canonical/review-only boundaries preserved,0D148231 branch delta makes C33 token-reset row packet branch-visible and adds Old-B DE6C read-only audit; exact R3 row support remains draft/non-canonical/source-gated only,r3_0d_micro,68,faa2c330deb886098750dafb5c500e244e1333fe,"generated-draft/non-canonical/not-native-reviewed/source-use/gap; no native review, community consent, accepted terminology, approval, license clearance, gate promotion, source certification, final status, bridge/pilot, visual inventory, term spine, sign rendering, or translation completion",fa_IR only; no Dari/Tajik authorization
0d148231ec91503b4083a187a738ddaf3a0abeae,9bbcb11b3e68d29ab98d3dee20ebf27855aed936,R3_9BBCB11B_ZIP_INFORMED_MICRO_EVIDENCE_REFRESH.csv,R3_5DCC7BF5_E58_PACKET_VISIBILITY_20260706T122646Z,fa_IR,POSTPUSH-C2-DRAFT-0069,field,میدان,pdf-page-9:line-12:utf16-22,source-canon-recovery\rtl-persianate-arabic-gap-source-canon-cycle2-20260705\source-bodies\fa_IR\FA-IDEAL-001_IUT_advanced_algebra_behboodi.pdf,hash-match,fa_IR_or_persian,48,local source-corpus ZIP scanned for path/text witnesses; raw bodies not copied,"Use only with the cited source_context_locator; preserve RTL/formula adjacency as source-context support, not as accepted terminology.",zip-informed-source-gated-micro-evidence,"source-use/provenance/gap/generated-draft/noncanonical/not-native-reviewed; no bridge promotion, cross-gate merge, native-review, accepted terminology, canonical approval, license clearance, gate promotion, source certification, final status, bridge/pilot, or translation completion",carried forward under 68C877C0; Romance/Non-Slavic branch material is adjacent context only and does not alter R3 gates,1233d6f1557c831c23f6de8395182d8ae81e2217,token-reset/mutual-wake recovery; exact row carried forward from source-gated 68C packet under C33 current head; source-use/draft/non-canonical/review-only boundaries preserved,0D148231 branch delta makes C33 token-reset row packet branch-visible and adds Old-B DE6C read-only audit; exact R3 row support remains draft/non-canonical/source-gated only,r3_0d_micro,69,faa2c330deb886098750dafb5c500e244e1333fe,"generated-draft/non-canonical/not-native-reviewed/source-use/gap; no native review, community consent, accepted terminology, approval, license clearance, gate promotion, source certification, final status, bridge/pilot, visual inventory, term spine, sign rendering, or translation completion",fa_IR only; no Dari/Tajik authorization
0d148231ec91503b4083a187a738ddaf3a0abeae,9bbcb11b3e68d29ab98d3dee20ebf27855aed936,R3_9BBCB11B_ZIP_INFORMED_MICRO_EVIDENCE_REFRESH.csv,R3_5DCC7BF5_E58_PACKET_VISIBILITY_20260706T122646Z,fa_IR,POSTPUSH-C2-DRAFT-0070,ideal,ایدهآل,pdf-page-10:line-18:utf16-56,source-canon-recovery\rtl-persianate-arabic-gap-source-canon-cycle2-20260705\source-bodies\fa_IR\FA-IDEAL-001_IUT_advanced_algebra_behboodi.pdf,hash-match,fa_IR_or_persian,48,local source-corpus ZIP scanned for path/text witnesses; raw bodies not copied,"Use only with the cited source_context_locator; preserve RTL/formula adjacency as source-context support, not as accepted terminology.",zip-informed-source-gated-micro-evidence,"source-use/provenance/gap/generated-draft/noncanonical/not-native-reviewed; no bridge promotion, cross-gate merge, native-review, accepted terminology, canonical approval, license clearance, gate promotion, source certification, final status, bridge/pilot, or translation completion",carried forward under 68C877C0; Romance/Non-Slavic branch material is adjacent context only and does not alter R3 gates,1233d6f1557c831c23f6de8395182d8ae81e2217,token-reset/mutual-wake recovery; exact row carried forward from source-gated 68C packet under C33 current head; source-use/draft/non-canonical/review-only boundaries preserved,0D148231 branch delta makes C33 token-reset row packet branch-visible and adds Old-B DE6C read-only audit; exact R3 row support remains draft/non-canonical/source-gated only,r3_0d_micro,70,faa2c330deb886098750dafb5c500e244e1333fe,"generated-draft/non-canonical/not-native-reviewed/source-use/gap; no native review, community consent, accepted terminology, approval, license clearance, gate promotion, source certification, final status, bridge/pilot, visual inventory, term spine, sign rendering, or translation completion",fa_IR only; no Dari/Tajik authorization
0d148231ec91503b4083a187a738ddaf3a0abeae,9bbcb11b3e68d29ab98d3dee20ebf27855aed936,R3_9BBCB11B_ZIP_INFORMED_MICRO_EVIDENCE_REFRESH.csv,R3_5DCC7BF5_E58_PACKET_VISIBILITY_20260706T122646Z,fa_IR,POSTPUSH-C2-DRAFT-0071,field,میدان,pdf-page-11:line-9:utf16-40,source-canon-recovery\rtl-persianate-arabic-gap-source-canon-cycle2-20260705\source-bodies\fa_IR\FA-IDEAL-001_IUT_advanced_algebra_behboodi.pdf,hash-match,fa_IR_or_persian,48,local source-corpus ZIP scanned for path/text witnesses; raw bodies not copied,"Use only with the cited source_context_locator; preserve RTL/formula adjacency as source-context support, not as accepted terminology.",zip-informed-source-gated-micro-evidence,"source-use/provenance/gap/generated-draft/noncanonical/not-native-reviewed; no bridge promotion, cross-gate merge, native-review, accepted terminology, canonical approval, license clearance, gate promotion, source certification, final status, bridge/pilot, or translation completion",carried forward under 68C877C0; Romance/Non-Slavic branch material is adjacent context only and does not alter R3 gates,1233d6f1557c831c23f6de8395182d8ae81e2217,token-reset/mutual-wake recovery; exact row carried forward from source-gated 68C packet under C33 current head; source-use/draft/non-canonical/review-only boundaries preserved,0D148231 branch delta makes C33 token-reset row packet branch-visible and adds Old-B DE6C read-only audit; exact R3 row support remains draft/non-canonical/source-gated only,r3_0d_micro,71,faa2c330deb886098750dafb5c500e244e1333fe,"generated-draft/non-canonical/not-native-reviewed/source-use/gap; no native review, community consent, accepted terminology, approval, license clearance, gate promotion, source certification, final status, bridge/pilot, visual inventory, term spine, sign rendering, or translation completion",fa_IR only; no Dari/Tajik authorization
0d148231ec91503b4083a187a738ddaf3a0abeae,9bbcb11b3e68d29ab98d3dee20ebf27855aed936,R3_9BBCB11B_ZIP_INFORMED_MICRO_EVIDENCE_REFRESH.csv,R3_5DCC7BF5_E58_PACKET_VISIBILITY_20260706T122646Z,fa_IR,POSTPUSH-C2-DRAFT-0072,ideal,ایدهآل,pdf-page-15:line-22:utf16-66,source-canon-recovery\rtl-persianate-arabic-gap-source-canon-cycle2-20260705\source-bodies\fa_IR\FA-IDEAL-001_IUT_advanced_algebra_behboodi.pdf,hash-match,fa_IR_or_persian,48,local source-corpus ZIP scanned for path/text witnesses; raw bodies not copied,"Use only with the cited source_context_locator; preserve RTL/formula adjacency as source-context support, not as accepted terminology.",zip-informed-source-gated-micro-evidence,"source-use/provenance/gap/generated-draft/noncanonical/not-native-reviewed; no bridge promotion, cross-gate merge, native-review, accepted terminology, canonical approval, license clearance, gate promotion, source certification, final status, bridge/pilot, or translation completion",carried forward under 68C877C0; Romance/Non-Slavic branch material is adjacent context only and does not alter R3 gates,1233d6f1557c831c23f6de8395182d8ae81e2217,token-reset/mutual-wake recovery; exact row carried forward from source-gated 68C packet under C33 current head; source-use/draft/non-canonical/review-only boundaries preserved,0D148231 branch delta makes C33 token-reset row packet branch-visible and adds Old-B DE6C read-only audit; exact R3 row support remains draft/non-canonical/source-gated only,r3_0d_micro,72,faa2c330deb886098750dafb5c500e244e1333fe,"generated-draft/non-canonical/not-native-reviewed/source-use/gap; no native review, community consent, accepted terminology, approval, license clearance, gate promotion, source certification, final status, bridge/pilot, visual inventory, term spine, sign rendering, or translation completion",fa_IR only; no Dari/Tajik authorization
0d148231ec91503b4083a187a738ddaf3a0abeae,9bbcb11b3e68d29ab98d3dee20ebf27855aed936,R3_9BBCB11B_ZIP_INFORMED_MICRO_EVIDENCE_REFRESH.csv,R3_5DCC7BF5_E58_PACKET_VISIBILITY_20260706T122646Z,fa_IR,POSTPUSH-C2-DRAFT-0073,ideal,ایدهآل,pdf-page-15:line-23:utf16-58,source-canon-recovery\rtl-persianate-arabic-gap-source-canon-cycle2-20260705\source-bodies\fa_IR\FA-IDEAL-001_IUT_advanced_algebra_behboodi.pdf,hash-match,fa_IR_or_persian,48,local source-corpus ZIP scanned for path/text witnesses; raw bodies not copied,"Use only with the cited source_context_locator; preserve RTL/formula adjacency as source-context support, not as accepted terminology.",zip-informed-source-gated-micro-evidence,"source-use/provenance/gap/generated-draft/noncanonical/not-native-reviewed; no bridge promotion, cross-gate merge, native-review, accepted terminology, canonical approval, license clearance, gate promotion, source certification, final status, bridge/pilot, or translation completion",carried forward under 68C877C0; Romance/Non-Slavic branch material is adjacent context only and does not alter R3 gates,1233d6f1557c831c23f6de8395182d8ae81e2217,token-reset/mutual-wake recovery; exact row carried forward from source-gated 68C packet under C33 current head; source-use/draft/non-canonical/review-only boundaries preserved,0D148231 branch delta makes C33 token-reset row packet branch-visible and adds Old-B DE6C read-only audit; exact R3 row support remains draft/non-canonical/source-gated only,r3_0d_micro,73,faa2c330deb886098750dafb5c500e244e1333fe,"generated-draft/non-canonical/not-native-reviewed/source-use/gap; no native review, community consent, accepted terminology, approval, license clearance, gate promotion, source certification, final status, bridge/pilot, visual inventory, term spine, sign rendering, or translation completion",fa_IR only; no Dari/Tajik authorization
0d148231ec91503b4083a187a738ddaf3a0abeae,9bbcb11b3e68d29ab98d3dee20ebf27855aed936,R3_9BBCB11B_ZIP_INFORMED_MICRO_EVIDENCE_REFRESH.csv,R3_5DCC7BF5_E58_PACKET_VISIBILITY_20260706T122646Z,fa_IR,POSTPUSH-C2-DRAFT-0074,ideal,ایدهآل,pdf-page-15:line-31:utf16-43,source-canon-recovery\rtl-persianate-arabic-gap-source-canon-cycle2-20260705\source-bodies\fa_IR\FA-IDEAL-001_IUT_advanced_algebra_behboodi.pdf,hash-match,fa_IR_or_persian,48,local source-corpus ZIP scanned for path/text witnesses; raw bodies not copied,"Use only with the cited source_context_locator; preserve RTL/formula adjacency as source-context support, not as accepted terminology.",zip-informed-source-gated-micro-evidence,"source-use/provenance/gap/generated-draft/noncanonical/not-native-reviewed; no bridge promotion, cross-gate merge, native-review, accepted terminology, canonical approval, license clearance, gate promotion, source certification, final status, bridge/pilot, or translation completion",carried forward under 68C877C0; Romance/Non-Slavic branch material is adjacent context only and does not alter R3 gates,1233d6f1557c831c23f6de8395182d8ae81e2217,token-reset/mutual-wake recovery; exact row carried forward from source-gated 68C packet under C33 current head; source-use/draft/non-canonical/review-only boundaries preserved,0D148231 branch delta makes C33 token-reset row packet branch-visible and adds Old-B DE6C read-only audit; exact R3 row support remains draft/non-canonical/source-gated only,r3_0d_micro,74,faa2c330deb886098750dafb5c500e244e1333fe,"generated-draft/non-canonical/not-native-reviewed/source-use/gap; no native review, community consent, accepted terminology, approval, license clearance, gate promotion, source certification, final status, bridge/pilot, visual inventory, term spine, sign rendering, or translation completion",fa_IR only; no Dari/Tajik authorization
0d148231ec91503b4083a187a738ddaf3a0abeae,9bbcb11b3e68d29ab98d3dee20ebf27855aed936,R3_9BBCB11B_ZIP_INFORMED_MICRO_EVIDENCE_REFRESH.csv,R3_5DCC7BF5_E58_PACKET_VISIBILITY_20260706T122646Z,fa_IR,POSTPUSH-C2-DRAFT-0075,ideal,ایدهآل,pdf-page-15:line-38:utf16-36,source-canon-recovery\rtl-persianate-arabic-gap-source-canon-cycle2-20260705\source-bodies\fa_IR\FA-IDEAL-001_IUT_advanced_algebra_behboodi.pdf,hash-match,fa_IR_or_persian,48,local source-corpus ZIP scanned for path/text witnesses; raw bodies not copied,"Use only with the cited source_context_locator; preserve RTL/formula adjacency as source-context support, not as accepted terminology.",zip-informed-source-gated-micro-evidence,"source-use/provenance/gap/generated-draft/noncanonical/not-native-reviewed; no bridge promotion, cross-gate merge, native-review, accepted terminology, canonical approval, license clearance, gate promotion, source certification, final status, bridge/pilot, or translation completion",carried forward under 68C877C0; Romance/Non-Slavic branch material is adjacent context only and does not alter R3 gates,1233d6f1557c831c23f6de8395182d8ae81e2217,token-reset/mutual-wake recovery; exact row carried forward from source-gated 68C packet under C33 current head; source-use/draft/non-canonical/review-only boundaries preserved,0D148231 branch delta makes C33 token-reset row packet branch-visible and adds Old-B DE6C read-only audit; exact R3 row support remains draft/non-canonical/source-gated only,r3_0d_micro,75,faa2c330deb886098750dafb5c500e244e1333fe,"generated-draft/non-canonical/not-native-reviewed/source-use/gap; no native review, community consent, accepted terminology, approval, license clearance, gate promotion, source certification, final status, bridge/pilot, visual inventory, term spine, sign rendering, or translation completion",fa_IR only; no Dari/Tajik authorization
0d148231ec91503b4083a187a738ddaf3a0abeae,9bbcb11b3e68d29ab98d3dee20ebf27855aed936,R3_9BBCB11B_ZIP_INFORMED_MICRO_EVIDENCE_REFRESH.csv,R3_5DCC7BF5_E58_PACKET_VISIBILITY_20260706T122646Z,fa_IR,POSTPUSH-C2-DRAFT-0076,ideal,ایدهآل,pdf-page-16:line-1:utf16-49,source-canon-recovery\rtl-persianate-arabic-gap-source-canon-cycle2-20260705\source-bodies\fa_IR\FA-IDEAL-001_IUT_advanced_algebra_behboodi.pdf,hash-match,fa_IR_or_persian,48,local source-corpus ZIP scanned for path/text witnesses; raw bodies not copied,"Use only with the cited source_context_locator; preserve RTL/formula adjacency as source-context support, not as accepted terminology.",zip-informed-source-gated-micro-evidence,"source-use/provenance/gap/generated-draft/noncanonical/not-native-reviewed; no bridge promotion, cross-gate merge, native-review, accepted terminology, canonical approval, license clearance, gate promotion, source certification, final status, bridge/pilot, or translation completion",carried forward under 68C877C0; Romance/Non-Slavic branch material is adjacent context only and does not alter R3 gates,1233d6f1557c831c23f6de8395182d8ae81e2217,token-reset/mutual-wake recovery; exact row carried forward from source-gated 68C packet under C33 current head; source-use/draft/non-canonical/review-only boundaries preserved,0D148231 branch delta makes C33 token-reset row packet branch-visible and adds Old-B DE6C read-only audit; exact R3 row support remains draft/non-canonical/source-gated only,r3_0d_micro,76,faa2c330deb886098750dafb5c500e244e1333fe,"generated-draft/non-canonical/not-native-reviewed/source-use/gap; no native review, community consent, accepted terminology, approval, license clearance, gate promotion, source certification, final status, bridge/pilot, visual inventory, term spine, sign rendering, or translation completion",fa_IR only; no Dari/Tajik authorization
0d148231ec91503b4083a187a738ddaf3a0abeae,9bbcb11b3e68d29ab98d3dee20ebf27855aed936,R3_9BBCB11B_ZIP_INFORMED_MICRO_EVIDENCE_REFRESH.csv,R3_5DCC7BF5_E58_PACKET_VISIBILITY_20260706T122646Z,fa_IR,POSTPUSH-C2-DRAFT-0077,ideal,ایدهآل,pdf-page-21:line-3:utf16-78,source-canon-recovery\rtl-persianate-arabic-gap-source-canon-cycle2-20260705\source-bodies\fa_IR\FA-IDEAL-001_IUT_advanced_algebra_behboodi.pdf,hash-match,fa_IR_or_persian,48,local source-corpus ZIP scanned for path/text witnesses; raw bodies not copied,"Use only with the cited source_context_locator; preserve RTL/formula adjacency as source-context support, not as accepted terminology.",zip-informed-source-gated-micro-evidence,"source-use/provenance/gap/generated-draft/noncanonical/not-native-reviewed; no bridge promotion, cross-gate merge, native-review, accepted terminology, canonical approval, license clearance, gate promotion, source certification, final status, bridge/pilot, or translation completion",carried forward under 68C877C0; Romance/Non-Slavic branch material is adjacent context only and does not alter R3 gates,1233d6f1557c831c23f6de8395182d8ae81e2217,token-reset/mutual-wake recovery; exact row carried forward from source-gated 68C packet under C33 current head; source-use/draft/non-canonical/review-only boundaries preserved,0D148231 branch delta makes C33 token-reset row packet branch-visible and adds Old-B DE6C read-only audit; exact R3 row support remains draft/non-canonical/source-gated only,r3_0d_micro,77,faa2c330deb886098750dafb5c500e244e1333fe,"generated-draft/non-canonical/not-native-reviewed/source-use/gap; no native review, community consent, accepted terminology, approval, license clearance, gate promotion, source certification, final status, bridge/pilot, visual inventory, term spine, sign rendering, or translation completion",fa_IR only; no Dari/Tajik authorization
0d148231ec91503b4083a187a738ddaf3a0abeae,9bbcb11b3e68d29ab98d3dee20ebf27855aed936,R3_9BBCB11B_ZIP_INFORMED_MICRO_EVIDENCE_REFRESH.csv,R3_5DCC7BF5_E58_PACKET_VISIBILITY_20260706T122646Z,fa_IR,POSTPUSH-C2-DRAFT-0078,ideal,ایدهآل,pdf-page-21:line-8:utf16-32,source-canon-recovery\rtl-persianate-arabic-gap-source-canon-cycle2-20260705\source-bodies\fa_IR\FA-IDEAL-001_IUT_advanced_algebra_behboodi.pdf,hash-match,fa_IR_or_persian,48,local source-corpus ZIP scanned for path/text witnesses; raw bodies not copied,"Use only with the cited source_context_locator; preserve RTL/formula adjacency as source-context support, not as accepted terminology.",zip-informed-source-gated-micro-evidence,"source-use/provenance/gap/generated-draft/noncanonical/not-native-reviewed; no bridge promotion, cross-gate merge, native-review, accepted terminology, canonical approval, license clearance, gate promotion, source certification, final status, bridge/pilot, or translation completion",carried forward under 68C877C0; Romance/Non-Slavic branch material is adjacent context only and does not alter R3 gates,1233d6f1557c831c23f6de8395182d8ae81e2217,token-reset/mutual-wake recovery; exact row carried forward from source-gated 68C packet under C33 current head; source-use/draft/non-canonical/review-only boundaries preserved,0D148231 branch delta makes C33 token-reset row packet branch-visible and adds Old-B DE6C read-only audit; exact R3 row support remains draft/non-canonical/source-gated only,r3_0d_micro,78,faa2c330deb886098750dafb5c500e244e1333fe,"generated-draft/non-canonical/not-native-reviewed/source-use/gap; no native review, community consent, accepted terminology, approval, license clearance, gate promotion, source certification, final status, bridge/pilot, visual inventory, term spine, sign rendering, or translation completion",fa_IR only; no Dari/Tajik authorization
0d148231ec91503b4083a187a738ddaf3a0abeae,9bbcb11b3e68d29ab98d3dee20ebf27855aed936,R3_9BBCB11B_ZIP_INFORMED_MICRO_EVIDENCE_REFRESH.csv,R3_5DCC7BF5_E58_PACKET_VISIBILITY_20260706T122646Z,fa_IR,POSTPUSH-C2-DRAFT-0079,ideal,ایدهآل,pdf-page-24:line-26:utf16-27,source-canon-recovery\rtl-persianate-arabic-gap-source-canon-cycle2-20260705\source-bodies\fa_IR\FA-IDEAL-001_IUT_advanced_algebra_behboodi.pdf,hash-match,fa_IR_or_persian,48,local source-corpus ZIP scanned for path/text witnesses; raw bodies not copied,"Use only with the cited source_context_locator; preserve RTL/formula adjacency as source-context support, not as accepted terminology.",zip-informed-source-gated-micro-evidence,"source-use/provenance/gap/generated-draft/noncanonical/not-native-reviewed; no bridge promotion, cross-gate merge, native-review, accepted terminology, canonical approval, license clearance, gate promotion, source certification, final status, bridge/pilot, or translation completion",carried forward under 68C877C0; Romance/Non-Slavic branch material is adjacent context only and does not alter R3 gates,1233d6f1557c831c23f6de8395182d8ae81e2217,token-reset/mutual-wake recovery; exact row carried forward from source-gated 68C packet under C33 current head; source-use/draft/non-canonical/review-only boundaries preserved,0D148231 branch delta makes C33 token-reset row packet branch-visible and adds Old-B DE6C read-only audit; exact R3 row support remains draft/non-canonical/source-gated only,r3_0d_micro,79,faa2c330deb886098750dafb5c500e244e1333fe,"generated-draft/non-canonical/not-native-reviewed/source-use/gap; no native review, community consent, accepted terminology, approval, license clearance, gate promotion, source certification, final status, bridge/pilot, visual inventory, term spine, sign rendering, or translation completion",fa_IR only; no Dari/Tajik authorization
0d148231ec91503b4083a187a738ddaf3a0abeae,9bbcb11b3e68d29ab98d3dee20ebf27855aed936,R3_9BBCB11B_ZIP_INFORMED_MICRO_EVIDENCE_REFRESH.csv,R3_5DCC7BF5_E58_PACKET_VISIBILITY_20260706T122646Z,fa_IR,POSTPUSH-C2-DRAFT-0080,ideal,ایدهآل,pdf-page-24:line-29:utf16-1,source-canon-recovery\rtl-persianate-arabic-gap-source-canon-cycle2-20260705\source-bodies\fa_IR\FA-IDEAL-001_IUT_advanced_algebra_behboodi.pdf,hash-match,fa_IR_or_persian,48,local source-corpus ZIP scanned for path/text witnesses; raw bodies not copied,"Use only with the cited source_context_locator; preserve RTL/formula adjacency as source-context support, not as accepted terminology.",zip-informed-source-gated-micro-evidence,"source-use/provenance/gap/generated-draft/noncanonical/not-native-reviewed; no bridge promotion, cross-gate merge, native-review, accepted terminology, canonical approval, license clearance, gate promotion, source certification, final status, bridge/pilot, or translation completion",carried forward under 68C877C0; Romance/Non-Slavic branch material is adjacent context only and does not alter R3 gates,1233d6f1557c831c23f6de8395182d8ae81e2217,token-reset/mutual-wake recovery; exact row carried forward from source-gated 68C packet under C33 current head; source-use/draft/non-canonical/review-only boundaries preserved,0D148231 branch delta makes C33 token-reset row packet branch-visible and adds Old-B DE6C read-only audit; exact R3 row support remains draft/non-canonical/source-gated only,r3_0d_micro,80,faa2c330deb886098750dafb5c500e244e1333fe,"generated-draft/non-canonical/not-native-reviewed/source-use/gap; no native review, community consent, accepted terminology, approval, license clearance, gate promotion, source certification, final status, bridge/pilot, visual inventory, term spine, sign rendering, or translation completion",fa_IR only; no Dari/Tajik authorization
0d148231ec91503b4083a187a738ddaf3a0abeae,9bbcb11b3e68d29ab98d3dee20ebf27855aed936,R3_9BBCB11B_ZIP_INFORMED_MICRO_EVIDENCE_REFRESH.csv,R3_5DCC7BF5_E58_PACKET_VISIBILITY_20260706T122646Z,fa_IR,POSTPUSH-C2-DRAFT-0081,ideal,ایدهآل,pdf-page-24:line-33:utf16-70,source-canon-recovery\rtl-persianate-arabic-gap-source-canon-cycle2-20260705\source-bodies\fa_IR\FA-IDEAL-001_IUT_advanced_algebra_behboodi.pdf,hash-match,fa_IR_or_persian,48,local source-corpus ZIP scanned for path/text witnesses; raw bodies not copied,"Use only with the cited source_context_locator; preserve RTL/formula adjacency as source-context support, not as accepted terminology.",zip-informed-source-gated-micro-evidence,"source-use/provenance/gap/generated-draft/noncanonical/not-native-reviewed; no bridge promotion, cross-gate merge, native-review, accepted terminology, canonical approval, license clearance, gate promotion, source certification, final status, bridge/pilot, or translation completion",carried forward under 68C877C0; Romance/Non-Slavic branch material is adjacent context only and does not alter R3 gates,1233d6f1557c831c23f6de8395182d8ae81e2217,token-reset/mutual-wake recovery; exact row carried forward from source-gated 68C packet under C33 current head; source-use/draft/non-canonical/review-only boundaries preserved,0D148231 branch delta makes C33 token-reset row packet branch-visible and adds Old-B DE6C read-only audit; exact R3 row support remains draft/non-canonical/source-gated only,r3_0d_micro,81,faa2c330deb886098750dafb5c500e244e1333fe,"generated-draft/non-canonical/not-native-reviewed/source-use/gap; no native review, community consent, accepted terminology, approval, license clearance, gate promotion, source certification, final status, bridge/pilot, visual inventory, term spine, sign rendering, or translation completion",fa_IR only; no Dari/Tajik authorization
0d148231ec91503b4083a187a738ddaf3a0abeae,9bbcb11b3e68d29ab98d3dee20ebf27855aed936,R3_9BBCB11B_ZIP_INFORMED_MICRO_EVIDENCE_REFRESH.csv,R3_5DCC7BF5_E58_PACKET_VISIBILITY_20260706T122646Z,fa_IR,POSTPUSH-C2-DRAFT-0082,ideal,ایدهآل,pdf-page-24:line-38:utf16-45,source-canon-recovery\rtl-persianate-arabic-gap-source-canon-cycle2-20260705\source-bodies\fa_IR\FA-IDEAL-001_IUT_advanced_algebra_behboodi.pdf,hash-match,fa_IR_or_persian,48,local source-corpus ZIP scanned for path/text witnesses; raw bodies not copied,"Use only with the cited source_context_locator; preserve RTL/formula adjacency as source-context support, not as accepted terminology.",zip-informed-source-gated-micro-evidence,"source-use/provenance/gap/generated-draft/noncanonical/not-native-reviewed; no bridge promotion, cross-gate merge, native-review, accepted terminology, canonical approval, license clearance, gate promotion, source certification, final status, bridge/pilot, or translation completion",carried forward under 68C877C0; Romance/Non-Slavic branch material is adjacent context only and does not alter R3 gates,1233d6f1557c831c23f6de8395182d8ae81e2217,token-reset/mutual-wake recovery; exact row carried forward from source-gated 68C packet under C33 current head; source-use/draft/non-canonical/review-only boundaries preserved,0D148231 branch delta makes C33 token-reset row packet branch-visible and adds Old-B DE6C read-only audit; exact R3 row support remains draft/non-canonical/source-gated only,r3_0d_micro,82,faa2c330deb886098750dafb5c500e244e1333fe,"generated-draft/non-canonical/not-native-reviewed/source-use/gap; no native review, community consent, accepted terminology, approval, license clearance, gate promotion, source certification, final status, bridge/pilot, visual inventory, term spine, sign rendering, or translation completion",fa_IR only; no Dari/Tajik authorization
0d148231ec91503b4083a187a738ddaf3a0abeae,9bbcb11b3e68d29ab98d3dee20ebf27855aed936,R3_9BBCB11B_ZIP_INFORMED_MICRO_EVIDENCE_REFRESH.csv,R3_5DCC7BF5_E58_PACKET_VISIBILITY_20260706T122646Z,fa_IR,POSTPUSH-C2-DRAFT-0083,ideal,ایدهآل,pdf-page-26:line-8:utf16-65,source-canon-recovery\rtl-persianate-arabic-gap-source-canon-cycle2-20260705\source-bodies\fa_IR\FA-IDEAL-001_IUT_advanced_algebra_behboodi.pdf,hash-match,fa_IR_or_persian,48,local source-corpus ZIP scanned for path/text witnesses; raw bodies not copied,"Use only with the cited source_context_locator; preserve RTL/formula adjacency as source-context support, not as accepted terminology.",zip-informed-source-gated-micro-evidence,"source-use/provenance/gap/generated-draft/noncanonical/not-native-reviewed; no bridge promotion, cross-gate merge, native-review, accepted terminology, canonical approval, license clearance, gate promotion, source certification, final status, bridge/pilot, or translation completion",carried forward under 68C877C0; Romance/Non-Slavic branch material is adjacent context only and does not alter R3 gates,1233d6f1557c831c23f6de8395182d8ae81e2217,token-reset/mutual-wake recovery; exact row carried forward from source-gated 68C packet under C33 current head; source-use/draft/non-canonical/review-only boundaries preserved,0D148231 branch delta makes C33 token-reset row packet branch-visible and adds Old-B DE6C read-only audit; exact R3 row support remains draft/non-canonical/source-gated only,r3_0d_micro,83,faa2c330deb886098750dafb5c500e244e1333fe,"generated-draft/non-canonical/not-native-reviewed/source-use/gap; no native review, community consent, accepted terminology, approval, license clearance, gate promotion, source certification, final status, bridge/pilot, visual inventory, term spine, sign rendering, or translation completion",fa_IR only; no Dari/Tajik authorization
0d148231ec91503b4083a187a738ddaf3a0abeae,9bbcb11b3e68d29ab98d3dee20ebf27855aed936,R3_9BBCB11B_ZIP_INFORMED_MICRO_EVIDENCE_REFRESH.csv,R3_5DCC7BF5_E58_PACKET_VISIBILITY_20260706T122646Z,fa_IR,POSTPUSH-C2-DRAFT-0084,ideal,ایدهآل,pdf-page-27:line-11:utf16-48,source-canon-recovery\rtl-persianate-arabic-gap-source-canon-cycle2-20260705\source-bodies\fa_IR\FA-IDEAL-001_IUT_advanced_algebra_behboodi.pdf,hash-match,fa_IR_or_persian,48,local source-corpus ZIP scanned for path/text witnesses; raw bodies not copied,"Use only with the cited source_context_locator; preserve RTL/formula adjacency as source-context support, not as accepted terminology.",zip-informed-source-gated-micro-evidence,"source-use/provenance/gap/generated-draft/noncanonical/not-native-reviewed; no bridge promotion, cross-gate merge, native-review, accepted terminology, canonical approval, license clearance, gate promotion, source certification, final status, bridge/pilot, or translation completion",carried forward under 68C877C0; Romance/Non-Slavic branch material is adjacent context only and does not alter R3 gates,1233d6f1557c831c23f6de8395182d8ae81e2217,token-reset/mutual-wake recovery; exact row carried forward from source-gated 68C packet under C33 current head; source-use/draft/non-canonical/review-only boundaries preserved,0D148231 branch delta makes C33 token-reset row packet branch-visible and adds Old-B DE6C read-only audit; exact R3 row support remains draft/non-canonical/source-gated only,r3_0d_micro,84,faa2c330deb886098750dafb5c500e244e1333fe,"generated-draft/non-canonical/not-native-reviewed/source-use/gap; no native review, community consent, accepted terminology, approval, license clearance, gate promotion, source certification, final status, bridge/pilot, visual inventory, term spine, sign rendering, or translation completion",fa_IR only; no Dari/Tajik authorization
0d148231ec91503b4083a187a738ddaf3a0abeae,9bbcb11b3e68d29ab98d3dee20ebf27855aed936,R3_9BBCB11B_ZIP_INFORMED_MICRO_EVIDENCE_REFRESH.csv,R3_5DCC7BF5_E58_PACKET_VISIBILITY_20260706T122646Z,fa_IR,POSTPUSH-C2-DRAFT-0085,ideal,ایدهآل,pdf-page-27:line-16:utf16-48,source-canon-recovery\rtl-persianate-arabic-gap-source-canon-cycle2-20260705\source-bodies\fa_IR\FA-IDEAL-001_IUT_advanced_algebra_behboodi.pdf,hash-match,fa_IR_or_persian,48,local source-corpus ZIP scanned for path/text witnesses; raw bodies not copied,"Use only with the cited source_context_locator; preserve RTL/formula adjacency as source-context support, not as accepted terminology.",zip-informed-source-gated-micro-evidence,"source-use/provenance/gap/generated-draft/noncanonical/not-native-reviewed; no bridge promotion, cross-gate merge, native-review, accepted terminology, canonical approval, license clearance, gate promotion, source certification, final status, bridge/pilot, or translation completion",carried forward under 68C877C0; Romance/Non-Slavic branch material is adjacent context only and does not alter R3 gates,1233d6f1557c831c23f6de8395182d8ae81e2217,token-reset/mutual-wake recovery; exact row carried forward from source-gated 68C packet under C33 current head; source-use/draft/non-canonical/review-only boundaries preserved,0D148231 branch delta makes C33 token-reset row packet branch-visible and adds Old-B DE6C read-only audit; exact R3 row support remains draft/non-canonical/source-gated only,r3_0d_micro,85,faa2c330deb886098750dafb5c500e244e1333fe,"generated-draft/non-canonical/not-native-reviewed/source-use/gap; no native review, community consent, accepted terminology, approval, license clearance, gate promotion, source certification, final status, bridge/pilot, visual inventory, term spine, sign rendering, or translation completion",fa_IR only; no Dari/Tajik authorization
0d148231ec91503b4083a187a738ddaf3a0abeae,9bbcb11b3e68d29ab98d3dee20ebf27855aed936,R3_9BBCB11B_ZIP_INFORMED_MICRO_EVIDENCE_REFRESH.csv,R3_5DCC7BF5_E58_PACKET_VISIBILITY_20260706T122646Z,fa_IR,POSTPUSH-C2-DRAFT-0086,ring,حلقه,pdf-page-1:line-17:utf16-33,source-canon-recovery\rtl-persianate-arabic-gap-source-canon-cycle2-20260705\source-bodies\fa_IR\FA-IDEAL-002_Shahrood_zero_divisor_matrix_rings.pdf,hash-match,fa_IR_or_persian,48,local source-corpus ZIP scanned for path/text witnesses; raw bodies not copied,"Use only with the cited source_context_locator; preserve RTL/formula adjacency as source-context support, not as accepted terminology.",zip-informed-source-gated-micro-evidence,"source-use/provenance/gap/generated-draft/noncanonical/not-native-reviewed; no bridge promotion, cross-gate merge, native-review, accepted terminology, canonical approval, license clearance, gate promotion, source certification, final status, bridge/pilot, or translation completion",carried forward under 68C877C0; Romance/Non-Slavic branch material is adjacent context only and does not alter R3 gates,1233d6f1557c831c23f6de8395182d8ae81e2217,token-reset/mutual-wake recovery; exact row carried forward from source-gated 68C packet under C33 current head; source-use/draft/non-canonical/review-only boundaries preserved,0D148231 branch delta makes C33 token-reset row packet branch-visible and adds Old-B DE6C read-only audit; exact R3 row support remains draft/non-canonical/source-gated only,r3_0d_micro,86,faa2c330deb886098750dafb5c500e244e1333fe,"generated-draft/non-canonical/not-native-reviewed/source-use/gap; no native review, community consent, accepted terminology, approval, license clearance, gate promotion, source certification, final status, bridge/pilot, visual inventory, term spine, sign rendering, or translation completion",fa_IR only; no Dari/Tajik authorization
0d148231ec91503b4083a187a738ddaf3a0abeae,9bbcb11b3e68d29ab98d3dee20ebf27855aed936,R3_9BBCB11B_ZIP_INFORMED_MICRO_EVIDENCE_REFRESH.csv,R3_5DCC7BF5_E58_PACKET_VISIBILITY_20260706T122646Z,fa_IR,POSTPUSH-C2-DRAFT-0087,ring,حلقه,pdf-page-1:line-18:utf16-22,source-canon-recovery\rtl-persianate-arabic-gap-source-canon-cycle2-20260705\source-bodies\fa_IR\FA-IDEAL-002_Shahrood_zero_divisor_matrix_rings.pdf,hash-match,fa_IR_or_persian,48,local source-corpus ZIP scanned for path/text witnesses; raw bodies not copied,"Use only with the cited source_context_locator; preserve RTL/formula adjacency as source-context support, not as accepted terminology.",zip-informed-source-gated-micro-evidence,"source-use/provenance/gap/generated-draft/noncanonical/not-native-reviewed; no bridge promotion, cross-gate merge, native-review, accepted terminology, canonical approval, license clearance, gate promotion, source certification, final status, bridge/pilot, or translation completion",carried forward under 68C877C0; Romance/Non-Slavic branch material is adjacent context only and does not alter R3 gates,1233d6f1557c831c23f6de8395182d8ae81e2217,token-reset/mutual-wake recovery; exact row carried forward from source-gated 68C packet under C33 current head; source-use/draft/non-canonical/review-only boundaries preserved,0D148231 branch delta makes C33 token-reset row packet branch-visible and adds Old-B DE6C read-only audit; exact R3 row support remains draft/non-canonical/source-gated only,r3_0d_micro,87,faa2c330deb886098750dafb5c500e244e1333fe,"generated-draft/non-canonical/not-native-reviewed/source-use/gap; no native review, community consent, accepted terminology, approval, license clearance, gate promotion, source certification, final status, bridge/pilot, visual inventory, term spine, sign rendering, or translation completion",fa_IR only; no Dari/Tajik authorization
0d148231ec91503b4083a187a738ddaf3a0abeae,9bbcb11b3e68d29ab98d3dee20ebf27855aed936,R3_9BBCB11B_ZIP_INFORMED_MICRO_EVIDENCE_REFRESH.csv,R3_5DCC7BF5_E58_PACKET_VISIBILITY_20260706T122646Z,fa_IR,POSTPUSH-C2-DRAFT-0088,ring,حلقه,pdf-page-2:line-4:utf16-50,source-canon-recovery\rtl-persianate-arabic-gap-source-canon-cycle2-20260705\source-bodies\fa_IR\FA-IDEAL-002_Shahrood_zero_divisor_matrix_rings.pdf,hash-match,fa_IR_or_persian,48,local source-corpus ZIP scanned for path/text witnesses; raw bodies not copied,"Use only with the cited source_context_locator; preserve RTL/formula adjacency as source-context support, not as accepted terminology.",zip-informed-source-gated-micro-evidence,"source-use/provenance/gap/generated-draft/noncanonical/not-native-reviewed; no bridge promotion, cross-gate merge, native-review, accepted terminology, canonical approval, license clearance, gate promotion, source certification, final status, bridge/pilot, or translation completion",carried forward under 68C877C0; Romance/Non-Slavic branch material is adjacent context only and does not alter R3 gates,1233d6f1557c831c23f6de8395182d8ae81e2217,token-reset/mutual-wake recovery; exact row carried forward from source-gated 68C packet under C33 current head; source-use/draft/non-canonical/review-only boundaries preserved,0D148231 branch delta makes C33 token-reset row packet branch-visible and adds Old-B DE6C read-only audit; exact R3 row support remains draft/non-canonical/source-gated only,r3_0d_micro,88,faa2c330deb886098750dafb5c500e244e1333fe,"generated-draft/non-canonical/not-native-reviewed/source-use/gap; no native review, community consent, accepted terminology, approval, license clearance, gate promotion, source certification, final status, bridge/pilot, visual inventory, term spine, sign rendering, or translation completion",fa_IR only; no Dari/Tajik authorization
0d148231ec91503b4083a187a738ddaf3a0abeae,9bbcb11b3e68d29ab98d3dee20ebf27855aed936,R3_9BBCB11B_ZIP_INFORMED_MICRO_EVIDENCE_REFRESH.csv,R3_5DCC7BF5_E58_PACKET_VISIBILITY_20260706T122646Z,fa_IR,POSTPUSH-C2-DRAFT-0089,ring,حلقه,pdf-page-2:line-17:utf16-17,source-canon-recovery\rtl-persianate-arabic-gap-source-canon-cycle2-20260705\source-bodies\fa_IR\FA-IDEAL-002_Shahrood_zero_divisor_matrix_rings.pdf,hash-match,fa_IR_or_persian,48,local source-corpus ZIP scanned for path/text witnesses; raw bodies not copied,"Use only with the cited source_context_locator; preserve RTL/formula adjacency as source-context support, not as accepted terminology.",zip-informed-source-gated-micro-evidence,"source-use/provenance/gap/generated-draft/noncanonical/not-native-reviewed; no bridge promotion, cross-gate merge, native-review, accepted terminology, canonical approval, license clearance, gate promotion, source certification, final status, bridge/pilot, or translation completion",carried forward under 68C877C0; Romance/Non-Slavic branch material is adjacent context only and does not alter R3 gates,1233d6f1557c831c23f6de8395182d8ae81e2217,token-reset/mutual-wake recovery; exact row carried forward from source-gated 68C packet under C33 current head; source-use/draft/non-canonical/review-only boundaries preserved,0D148231 branch delta makes C33 token-reset row packet branch-visible and adds Old-B DE6C read-only audit; exact R3 row support remains draft/non-canonical/source-gated only,r3_0d_micro,89,faa2c330deb886098750dafb5c500e244e1333fe,"generated-draft/non-canonical/not-native-reviewed/source-use/gap; no native review, community consent, accepted terminology, approval, license clearance, gate promotion, source certification, final status, bridge/pilot, visual inventory, term spine, sign rendering, or translation completion",fa_IR only; no Dari/Tajik authorization
0d148231ec91503b4083a187a738ddaf3a0abeae,9bbcb11b3e68d29ab98d3dee20ebf27855aed936,R3_9BBCB11B_ZIP_INFORMED_MICRO_EVIDENCE_REFRESH.csv,R3_5DCC7BF5_E58_PACKET_VISIBILITY_20260706T122646Z,fa_IR,POSTPUSH-C2-DRAFT-0090,ring,حلقه,pdf-page-2:line-18:utf16-67,source-canon-recovery\rtl-persianate-arabic-gap-source-canon-cycle2-20260705\source-bodies\fa_IR\FA-IDEAL-002_Shahrood_zero_divisor_matrix_rings.pdf,hash-match,fa_IR_or_persian,48,local source-corpus ZIP scanned for path/text witnesses; raw bodies not copied,"Use only with the cited source_context_locator; preserve RTL/formula adjacency as source-context support, not as accepted terminology.",zip-informed-source-gated-micro-evidence,"source-use/provenance/gap/generated-draft/noncanonical/not-native-reviewed; no bridge promotion, cross-gate merge, native-review, accepted terminology, canonical approval, license clearance, gate promotion, source certification, final status, bridge/pilot, or translation completion",carried forward under 68C877C0; Romance/Non-Slavic branch material is adjacent context only and does not alter R3 gates,1233d6f1557c831c23f6de8395182d8ae81e2217,token-reset/mutual-wake recovery; exact row carried forward from source-gated 68C packet under C33 current head; source-use/draft/non-canonical/review-only boundaries preserved,0D148231 branch delta makes C33 token-reset row packet branch-visible and adds Old-B DE6C read-only audit; exact R3 row support remains draft/non-canonical/source-gated only,r3_0d_micro,90,faa2c330deb886098750dafb5c500e244e1333fe,"generated-draft/non-canonical/not-native-reviewed/source-use/gap; no native review, community consent, accepted terminology, approval, license clearance, gate promotion, source certification, final status, bridge/pilot, visual inventory, term spine, sign rendering, or translation completion",fa_IR only; no Dari/Tajik authorization
0d148231ec91503b4083a187a738ddaf3a0abeae,9bbcb11b3e68d29ab98d3dee20ebf27855aed936,R3_9BBCB11B_ZIP_INFORMED_MICRO_EVIDENCE_REFRESH.csv,R3_5DCC7BF5_E58_PACKET_VISIBILITY_20260706T122646Z,fa_IR,POSTPUSH-C2-DRAFT-0091,ring,حلقه,pdf-page-2:line-23:utf16-1,source-canon-recovery\rtl-persianate-arabic-gap-source-canon-cycle2-20260705\source-bodies\fa_IR\FA-IDEAL-002_Shahrood_zero_divisor_matrix_rings.pdf,hash-match,fa_IR_or_persian,48,local source-corpus ZIP scanned for path/text witnesses; raw bodies not copied,"Use only with the cited source_context_locator; preserve RTL/formula adjacency as source-context support, not as accepted terminology.",zip-informed-source-gated-micro-evidence,"source-use/provenance/gap/generated-draft/noncanonical/not-native-reviewed; no bridge promotion, cross-gate merge, native-review, accepted terminology, canonical approval, license clearance, gate promotion, source certification, final status, bridge/pilot, or translation completion",carried forward under 68C877C0; Romance/Non-Slavic branch material is adjacent context only and does not alter R3 gates,1233d6f1557c831c23f6de8395182d8ae81e2217,token-reset/mutual-wake recovery; exact row carried forward from source-gated 68C packet under C33 current head; source-use/draft/non-canonical/review-only boundaries preserved,0D148231 branch delta makes C33 token-reset row packet branch-visible and adds Old-B DE6C read-only audit; exact R3 row support remains draft/non-canonical/source-gated only,r3_0d_micro,91,faa2c330deb886098750dafb5c500e244e1333fe,"generated-draft/non-canonical/not-native-reviewed/source-use/gap; no native review, community consent, accepted terminology, approval, license clearance, gate promotion, source certification, final status, bridge/pilot, visual inventory, term spine, sign rendering, or translation completion",fa_IR only; no Dari/Tajik authorization
0d148231ec91503b4083a187a738ddaf3a0abeae,9bbcb11b3e68d29ab98d3dee20ebf27855aed936,R3_9BBCB11B_ZIP_INFORMED_MICRO_EVIDENCE_REFRESH.csv,R3_5DCC7BF5_E58_PACKET_VISIBILITY_20260706T122646Z,fa_IR,POSTPUSH-C2-DRAFT-0092,ring,حلقه,pdf-page-2:line-25:utf16-60,source-canon-recovery\rtl-persianate-arabic-gap-source-canon-cycle2-20260705\source-bodies\fa_IR\FA-IDEAL-002_Shahrood_zero_divisor_matrix_rings.pdf,hash-match,fa_IR_or_persian,48,local source-corpus ZIP scanned for path/text witnesses; raw bodies not copied,"Use only with the cited source_context_locator; preserve RTL/formula adjacency as source-context support, not as accepted terminology.",zip-informed-source-gated-micro-evidence,"source-use/provenance/gap/generated-draft/noncanonical/not-native-reviewed; no bridge promotion, cross-gate merge, native-review, accepted terminology, canonical approval, license clearance, gate promotion, source certification, final status, bridge/pilot, or translation completion",carried forward under 68C877C0; Romance/Non-Slavic branch material is adjacent context only and does not alter R3 gates,1233d6f1557c831c23f6de8395182d8ae81e2217,token-reset/mutual-wake recovery; exact row carried forward from source-gated 68C packet under C33 current head; source-use/draft/non-canonical/review-only boundaries preserved,0D148231 branch delta makes C33 token-reset row packet branch-visible and adds Old-B DE6C read-only audit; exact R3 row support remains draft/non-canonical/source-gated only,r3_0d_micro,92,faa2c330deb886098750dafb5c500e244e1333fe,"generated-draft/non-canonical/not-native-reviewed/source-use/gap; no native review, community consent, accepted terminology, approval, license clearance, gate promotion, source certification, final status, bridge/pilot, visual inventory, term spine, sign rendering, or translation completion",fa_IR only; no Dari/Tajik authorization
0d148231ec91503b4083a187a738ddaf3a0abeae,9bbcb11b3e68d29ab98d3dee20ebf27855aed936,R3_9BBCB11B_ZIP_INFORMED_MICRO_EVIDENCE_REFRESH.csv,R3_5DCC7BF5_E58_PACKET_VISIBILITY_20260706T122646Z,fa_IR,POSTPUSH-C2-DRAFT-0093,ring,حلقه,pdf-page-2:line-27:utf16-26,source-canon-recovery\rtl-persianate-arabic-gap-source-canon-cycle2-20260705\source-bodies\fa_IR\FA-IDEAL-002_Shahrood_zero_divisor_matrix_rings.pdf,hash-match,fa_IR_or_persian,48,local source-corpus ZIP scanned for path/text witnesses; raw bodies not copied,"Use only with the cited source_context_locator; preserve RTL/formula adjacency as source-context support, not as accepted terminology.",zip-informed-source-gated-micro-evidence,"source-use/provenance/gap/generated-draft/noncanonical/not-native-reviewed; no bridge promotion, cross-gate merge, native-review, accepted terminology, canonical approval, license clearance, gate promotion, source certification, final status, bridge/pilot, or translation completion",carried forward under 68C877C0; Romance/Non-Slavic branch material is adjacent context only and does not alter R3 gates,1233d6f1557c831c23f6de8395182d8ae81e2217,token-reset/mutual-wake recovery; exact row carried forward from source-gated 68C packet under C33 current head; source-use/draft/non-canonical/review-only boundaries preserved,0D148231 branch delta makes C33 token-reset row packet branch-visible and adds Old-B DE6C read-only audit; exact R3 row support remains draft/non-canonical/source-gated only,r3_0d_micro,93,faa2c330deb886098750dafb5c500e244e1333fe,"generated-draft/non-canonical/not-native-reviewed/source-use/gap; no native review, community consent, accepted terminology, approval, license clearance, gate promotion, source certification, final status, bridge/pilot, visual inventory, term spine, sign rendering, or translation completion",fa_IR only; no Dari/Tajik authorization
0d148231ec91503b4083a187a738ddaf3a0abeae,9bbcb11b3e68d29ab98d3dee20ebf27855aed936,R3_9BBCB11B_ZIP_INFORMED_MICRO_EVIDENCE_REFRESH.csv,R3_5DCC7BF5_E58_PACKET_VISIBILITY_20260706T122646Z,fa_IR,POSTPUSH-C2-DRAFT-0094,ring,حلقه,pdf-page-2:line-29:utf16-41,source-canon-recovery\rtl-persianate-arabic-gap-source-canon-cycle2-20260705\source-bodies\fa_IR\FA-IDEAL-002_Shahrood_zero_divisor_matrix_rings.pdf,hash-match,fa_IR_or_persian,48,local source-corpus ZIP scanned for path/text witnesses; raw bodies not copied,"Use only with the cited source_context_locator; preserve RTL/formula adjacency as source-context support, not as accepted terminology.",zip-informed-source-gated-micro-evidence,"source-use/provenance/gap/generated-draft/noncanonical/not-native-reviewed; no bridge promotion, cross-gate merge, native-review, accepted terminology, canonical approval, license clearance, gate promotion, source certification, final status, bridge/pilot, or translation completion",carried forward under 68C877C0; Romance/Non-Slavic branch material is adjacent context only and does not alter R3 gates,1233d6f1557c831c23f6de8395182d8ae81e2217,token-reset/mutual-wake recovery; exact row carried forward from source-gated 68C packet under C33 current head; source-use/draft/non-canonical/review-only boundaries preserved,0D148231 branch delta makes C33 token-reset row packet branch-visible and adds Old-B DE6C read-only audit; exact R3 row support remains draft/non-canonical/source-gated only,r3_0d_micro,94,faa2c330deb886098750dafb5c500e244e1333fe,"generated-draft/non-canonical/not-native-reviewed/source-use/gap; no native review, community consent, accepted terminology, approval, license clearance, gate promotion, source certification, final status, bridge/pilot, visual inventory, term spine, sign rendering, or translation completion",fa_IR only; no Dari/Tajik authorization
0d148231ec91503b4083a187a738ddaf3a0abeae,9bbcb11b3e68d29ab98d3dee20ebf27855aed936,R3_9BBCB11B_ZIP_INFORMED_MICRO_EVIDENCE_REFRESH.csv,R3_5DCC7BF5_E58_PACKET_VISIBILITY_20260706T122646Z,fa_IR,POSTPUSH-C2-DRAFT-0095,ring,حلقه,pdf-page-2:line-30:utf16-53,source-canon-recovery\rtl-persianate-arabic-gap-source-canon-cycle2-20260705\source-bodies\fa_IR\FA-IDEAL-002_Shahrood_zero_divisor_matrix_rings.pdf,hash-match,fa_IR_or_persian,48,local source-corpus ZIP scanned for path/text witnesses; raw bodies not copied,"Use only with the cited source_context_locator; preserve RTL/formula adjacency as source-context support, not as accepted terminology.",zip-informed-source-gated-micro-evidence,"source-use/provenance/gap/generated-draft/noncanonical/not-native-reviewed; no bridge promotion, cross-gate merge, native-review, accepted terminology, canonical approval, license clearance, gate promotion, source certification, final status, bridge/pilot, or translation completion",carried forward under 68C877C0; Romance/Non-Slavic branch material is adjacent context only and does not alter R3 gates,1233d6f1557c831c23f6de8395182d8ae81e2217,token-reset/mutual-wake recovery; exact row carried forward from source-gated 68C packet under C33 current head; source-use/draft/non-canonical/review-only boundaries preserved,0D148231 branch delta makes C33 token-reset row packet branch-visible and adds Old-B DE6C read-only audit; exact R3 row support remains draft/non-canonical/source-gated only,r3_0d_micro,95,faa2c330deb886098750dafb5c500e244e1333fe,"generated-draft/non-canonical/not-native-reviewed/source-use/gap; no native review, community consent, accepted terminology, approval, license clearance, gate promotion, source certification, final status, bridge/pilot, visual inventory, term spine, sign rendering, or translation completion",fa_IR only; no Dari/Tajik authorization
0d148231ec91503b4083a187a738ddaf3a0abeae,9bbcb11b3e68d29ab98d3dee20ebf27855aed936,R3_9BBCB11B_ZIP_INFORMED_MICRO_EVIDENCE_REFRESH.csv,R3_5DCC7BF5_E58_PACKET_VISIBILITY_20260706T122646Z,fa_IR,POSTPUSH-C2-DRAFT-0096,ring,حلقه,pdf-page-2:line-31:utf16-37,source-canon-recovery\rtl-persianate-arabic-gap-source-canon-cycle2-20260705\source-bodies\fa_IR\FA-IDEAL-002_Shahrood_zero_divisor_matrix_rings.pdf,hash-match,fa_IR_or_persian,48,local source-corpus ZIP scanned for path/text witnesses; raw bodies not copied,"Use only with the cited source_context_locator; preserve RTL/formula adjacency as source-context support, not as accepted terminology.",zip-informed-source-gated-micro-evidence,"source-use/provenance/gap/generated-draft/noncanonical/not-native-reviewed; no bridge promotion, cross-gate merge, native-review, accepted terminology, canonical approval, license clearance, gate promotion, source certification, final status, bridge/pilot, or translation completion",carried forward under 68C877C0; Romance/Non-Slavic branch material is adjacent context only and does not alter R3 gates,1233d6f1557c831c23f6de8395182d8ae81e2217,token-reset/mutual-wake recovery; exact row carried forward from source-gated 68C packet under C33 current head; source-use/draft/non-canonical/review-only boundaries preserved,0D148231 branch delta makes C33 token-reset row packet branch-visible and adds Old-B DE6C read-only audit; exact R3 row support remains draft/non-canonical/source-gated only,r3_0d_micro,96,faa2c330deb886098750dafb5c500e244e1333fe,"generated-draft/non-canonical/not-native-reviewed/source-use/gap; no native review, community consent, accepted terminology, approval, license clearance, gate promotion, source certification, final status, bridge/pilot, visual inventory, term spine, sign rendering, or translation completion",fa_IR only; no Dari/Tajik authorization
0d148231ec91503b4083a187a738ddaf3a0abeae,9bbcb11b3e68d29ab98d3dee20ebf27855aed936,R3_9BBCB11B_ZIP_INFORMED_MICRO_EVIDENCE_REFRESH.csv,R3_5DCC7BF5_E58_PACKET_VISIBILITY_20260706T122646Z,fa_IR,POSTPUSH-C2-DRAFT-0097,ring,حلقه,pdf-page-6:line-9:utf16-38,source-canon-recovery\rtl-persianate-arabic-gap-source-canon-cycle2-20260705\source-bodies\fa_IR\FA-IDEAL-002_Shahrood_zero_divisor_matrix_rings.pdf,hash-match,fa_IR_or_persian,48,local source-corpus ZIP scanned for path/text witnesses; raw bodies not copied,"Use only with the cited source_context_locator; preserve RTL/formula adjacency as source-context support, not as accepted terminology.",zip-informed-source-gated-micro-evidence,"source-use/provenance/gap/generated-draft/noncanonical/not-native-reviewed; no bridge promotion, cross-gate merge, native-review, accepted terminology, canonical approval, license clearance, gate promotion, source certification, final status, bridge/pilot, or translation completion",carried forward under 68C877C0; Romance/Non-Slavic branch material is adjacent context only and does not alter R3 gates,1233d6f1557c831c23f6de8395182d8ae81e2217,token-reset/mutual-wake recovery; exact row carried forward from source-gated 68C packet under C33 current head; source-use/draft/non-canonical/review-only boundaries preserved,0D148231 branch delta makes C33 token-reset row packet branch-visible and adds Old-B DE6C read-only audit; exact R3 row support remains draft/non-canonical/source-gated only,r3_0d_micro,97,faa2c330deb886098750dafb5c500e244e1333fe,"generated-draft/non-canonical/not-native-reviewed/source-use/gap; no native review, community consent, accepted terminology, approval, license clearance, gate promotion, source certification, final status, bridge/pilot, visual inventory, term spine, sign rendering, or translation completion",fa_IR only; no Dari/Tajik authorization
0d148231ec91503b4083a187a738ddaf3a0abeae,9bbcb11b3e68d29ab98d3dee20ebf27855aed936,R3_9BBCB11B_ZIP_INFORMED_MICRO_EVIDENCE_REFRESH.csv,R3_5DCC7BF5_E58_PACKET_VISIBILITY_20260706T122646Z,fa_IR,POSTPUSH-C2-DRAFT-0098,ring,حلقه,pdf-page-6:line-14:utf16-38,source-canon-recovery\rtl-persianate-arabic-gap-source-canon-cycle2-20260705\source-bodies\fa_IR\FA-IDEAL-002_Shahrood_zero_divisor_matrix_rings.pdf,hash-match,fa_IR_or_persian,48,local source-corpus ZIP scanned for path/text witnesses; raw bodies not copied,"Use only with the cited source_context_locator; preserve RTL/formula adjacency as source-context support, not as accepted terminology.",zip-informed-source-gated-micro-evidence,"source-use/provenance/gap/generated-draft/noncanonical/not-native-reviewed; no bridge promotion, cross-gate merge, native-review, accepted terminology, canonical approval, license clearance, gate promotion, source certification, final status, bridge/pilot, or translation completion",carried forward under 68C877C0; Romance/Non-Slavic branch material is adjacent context only and does not alter R3 gates,1233d6f1557c831c23f6de8395182d8ae81e2217,token-reset/mutual-wake recovery; exact row carried forward from source-gated 68C packet under C33 current head; source-use/draft/non-canonical/review-only boundaries preserved,0D148231 branch delta makes C33 token-reset row packet branch-visible and adds Old-B DE6C read-only audit; exact R3 row support remains draft/non-canonical/source-gated only,r3_0d_micro,98,faa2c330deb886098750dafb5c500e244e1333fe,"generated-draft/non-canonical/not-native-reviewed/source-use/gap; no native review, community consent, accepted terminology, approval, license clearance, gate promotion, source certification, final status, bridge/pilot, visual inventory, term spine, sign rendering, or translation completion",fa_IR only; no Dari/Tajik authorization
0d148231ec91503b4083a187a738ddaf3a0abeae,9bbcb11b3e68d29ab98d3dee20ebf27855aed936,R3_9BBCB11B_ZIP_INFORMED_MICRO_EVIDENCE_REFRESH.csv,R3_5DCC7BF5_E58_PACKET_VISIBILITY_20260706T122646Z,fa_IR,POSTPUSH-C2-DRAFT-0099,ring,حلقه,pdf-page-6:line-30:utf16-47,source-canon-recovery\rtl-persianate-arabic-gap-source-canon-cycle2-20260705\source-bodies\fa_IR\FA-IDEAL-002_Shahrood_zero_divisor_matrix_rings.pdf,hash-match,fa_IR_or_persian,48,local source-corpus ZIP scanned for path/text witnesses; raw bodies not copied,"Use only with the cited source_context_locator; preserve RTL/formula adjacency as source-context support, not as accepted terminology.",zip-informed-source-gated-micro-evidence,"source-use/provenance/gap/generated-draft/noncanonical/not-native-reviewed; no bridge promotion, cross-gate merge, native-review, accepted terminology, canonical approval, license clearance, gate promotion, source certification, final status, bridge/pilot, or translation completion",carried forward under 68C877C0; Romance/Non-Slavic branch material is adjacent context only and does not alter R3 gates,1233d6f1557c831c23f6de8395182d8ae81e2217,token-reset/mutual-wake recovery; exact row carried forward from source-gated 68C packet under C33 current head; source-use/draft/non-canonical/review-only boundaries preserved,0D148231 branch delta makes C33 token-reset row packet branch-visible and adds Old-B DE6C read-only audit; exact R3 row support remains draft/non-canonical/source-gated only,r3_0d_micro,99,faa2c330deb886098750dafb5c500e244e1333fe,"generated-draft/non-canonical/not-native-reviewed/source-use/gap; no native review, community consent, accepted terminology, approval, license clearance, gate promotion, source certification, final status, bridge/pilot, visual inventory, term spine, sign rendering, or translation completion",fa_IR only; no Dari/Tajik authorization
0d148231ec91503b4083a187a738ddaf3a0abeae,9bbcb11b3e68d29ab98d3dee20ebf27855aed936,R3_9BBCB11B_ZIP_INFORMED_MICRO_EVIDENCE_REFRESH.csv,R3_5DCC7BF5_E58_PACKET_VISIBILITY_20260706T122646Z,fa_IR,POSTPUSH-C2-DRAFT-0100,ring,حلقه,pdf-page-6:line-32:utf16-41,source-canon-recovery\rtl-persianate-arabic-gap-source-canon-cycle2-20260705\source-bodies\fa_IR\FA-IDEAL-002_Shahrood_zero_divisor_matrix_rings.pdf,hash-match,fa_IR_or_persian,48,local source-corpus ZIP scanned for path/text witnesses; raw bodies not copied,"Use only with the cited source_context_locator; preserve RTL/formula adjacency as source-context support, not as accepted terminology.",zip-informed-source-gated-micro-evidence,"source-use/provenance/gap/generated-draft/noncanonical/not-native-reviewed; no bridge promotion, cross-gate merge, native-review, accepted terminology, canonical approval, license clearance, gate promotion, source certification, final status, bridge/pilot, or translation completion",carried forward under 68C877C0; Romance/Non-Slavic branch material is adjacent context only and does not alter R3 gates,1233d6f1557c831c23f6de8395182d8ae81e2217,token-reset/mutual-wake recovery; exact row carried forward from source-gated 68C packet under C33 current head; source-use/draft/non-canonical/review-only boundaries preserved,0D148231 branch delta makes C33 token-reset row packet branch-visible and adds Old-B DE6C read-only audit; exact R3 row support remains draft/non-canonical/source-gated only,r3_0d_micro,100,faa2c330deb886098750dafb5c500e244e1333fe,"generated-draft/non-canonical/not-native-reviewed/source-use/gap; no native review, community consent, accepted terminology, approval, license clearance, gate promotion, source certification, final status, bridge/pilot, visual inventory, term spine, sign rendering, or translation completion",fa_IR only; no Dari/Tajik authorization
0d148231ec91503b4083a187a738ddaf3a0abeae,9bbcb11b3e68d29ab98d3dee20ebf27855aed936,R3_9BBCB11B_ZIP_INFORMED_MICRO_EVIDENCE_REFRESH.csv,R3_5DCC7BF5_E58_PACKET_VISIBILITY_20260706T122646Z,fa_IR,POSTPUSH-C2-DRAFT-0101,ring,حلقه,pdf-page-10:line-3:utf16-44,source-canon-recovery\rtl-persianate-arabic-gap-source-canon-cycle2-20260705\source-bodies\fa_IR\FA-IDEAL-002_Shahrood_zero_divisor_matrix_rings.pdf,hash-match,fa_IR_or_persian,48,local source-corpus ZIP scanned for path/text witnesses; raw bodies not copied,"Use only with the cited source_context_locator; preserve RTL/formula adjacency as source-context support, not as accepted terminology.",zip-informed-source-gated-micro-evidence,"source-use/provenance/gap/generated-draft/noncanonical/not-native-reviewed; no bridge promotion, cross-gate merge, native-review, accepted terminology, canonical approval, license clearance, gate promotion, source certification, final status, bridge/pilot, or translation completion",carried forward under 68C877C0; Romance/Non-Slavic branch material is adjacent context only and does not alter R3 gates,1233d6f1557c831c23f6de8395182d8ae81e2217,token-reset/mutual-wake recovery; exact row carried forward from source-gated 68C packet under C33 current head; source-use/draft/non-canonical/review-only boundaries preserved,0D148231 branch delta makes C33 token-reset row packet branch-visible and adds Old-B DE6C read-only audit; exact R3 row support remains draft/non-canonical/source-gated only,r3_0d_micro,101,faa2c330deb886098750dafb5c500e244e1333fe,"generated-draft/non-canonical/not-native-reviewed/source-use/gap; no native review, community consent, accepted terminology, approval, license clearance, gate promotion, source certification, final status, bridge/pilot, visual inventory, term spine, sign rendering, or translation completion",fa_IR only; no Dari/Tajik authorization
0d148231ec91503b4083a187a738ddaf3a0abeae,9bbcb11b3e68d29ab98d3dee20ebf27855aed936,R3_9BBCB11B_ZIP_INFORMED_MICRO_EVIDENCE_REFRESH.csv,R3_5DCC7BF5_E58_PACKET_VISIBILITY_20260706T122646Z,fa_IR,POSTPUSH-C2-DRAFT-0102,ring,حلقه,pdf-page-10:line-5:utf16-37,source-canon-recovery\rtl-persianate-arabic-gap-source-canon-cycle2-20260705\source-bodies\fa_IR\FA-IDEAL-002_Shahrood_zero_divisor_matrix_rings.pdf,hash-match,fa_IR_or_persian,48,local source-corpus ZIP scanned for path/text witnesses; raw bodies not copied,"Use only with the cited source_context_locator; preserve RTL/formula adjacency as source-context support, not as accepted terminology.",zip-informed-source-gated-micro-evidence,"source-use/provenance/gap/generated-draft/noncanonical/not-native-reviewed; no bridge promotion, cross-gate merge, native-review, accepted terminology, canonical approval, license clearance, gate promotion, source certification, final status, bridge/pilot, or translation completion",carried forward under 68C877C0; Romance/Non-Slavic branch material is adjacent context only and does not alter R3 gates,1233d6f1557c831c23f6de8395182d8ae81e2217,token-reset/mutual-wake recovery; exact row carried forward from source-gated 68C packet under C33 current head; source-use/draft/non-canonical/review-only boundaries preserved,0D148231 branch delta makes C33 token-reset row packet branch-visible and adds Old-B DE6C read-only audit; exact R3 row support remains draft/non-canonical/source-gated only,r3_0d_micro,102,faa2c330deb886098750dafb5c500e244e1333fe,"generated-draft/non-canonical/not-native-reviewed/source-use/gap; no native review, community consent, accepted terminology, approval, license clearance, gate promotion, source certification, final status, bridge/pilot, visual inventory, term spine, sign rendering, or translation completion",fa_IR only; no Dari/Tajik authorization
0d148231ec91503b4083a187a738ddaf3a0abeae,9bbcb11b3e68d29ab98d3dee20ebf27855aed936,R3_9BBCB11B_ZIP_INFORMED_MICRO_EVIDENCE_REFRESH.csv,R3_5DCC7BF5_E58_PACKET_VISIBILITY_20260706T122646Z,fa_IR,POSTPUSH-C2-DRAFT-0103,ring,حلقه,pdf-page-10:line-9:utf16-43,source-canon-recovery\rtl-persianate-arabic-gap-source-canon-cycle2-20260705\source-bodies\fa_IR\FA-IDEAL-002_Shahrood_zero_divisor_matrix_rings.pdf,hash-match,fa_IR_or_persian,48,local source-corpus ZIP scanned for path/text witnesses; raw bodies not copied,"Use only with the cited source_context_locator; preserve RTL/formula adjacency as source-context support, not as accepted terminology.",zip-informed-source-gated-micro-evidence,"source-use/provenance/gap/generated-draft/noncanonical/not-native-reviewed; no bridge promotion, cross-gate merge, native-review, accepted terminology, canonical approval, license clearance, gate promotion, source certification, final status, bridge/pilot, or translation completion",carried forward under 68C877C0; Romance/Non-Slavic branch material is adjacent context only and does not alter R3 gates,1233d6f1557c831c23f6de8395182d8ae81e2217,token-reset/mutual-wake recovery; exact row carried forward from source-gated 68C packet under C33 current head; source-use/draft/non-canonical/review-only boundaries preserved,0D148231 branch delta makes C33 token-reset row packet branch-visible and adds Old-B DE6C read-only audit; exact R3 row support remains draft/non-canonical/source-gated only,r3_0d_micro,103,faa2c330deb886098750dafb5c500e244e1333fe,"generated-draft/non-canonical/not-native-reviewed/source-use/gap; no native review, community consent, accepted terminology, approval, license clearance, gate promotion, source certification, final status, bridge/pilot, visual inventory, term spine, sign rendering, or translation completion",fa_IR only; no Dari/Tajik authorization
0d148231ec91503b4083a187a738ddaf3a0abeae,9bbcb11b3e68d29ab98d3dee20ebf27855aed936,R3_9BBCB11B_ZIP_INFORMED_MICRO_EVIDENCE_REFRESH.csv,R3_5DCC7BF5_E58_PACKET_VISIBILITY_20260706T122646Z,fa_IR,POSTPUSH-C2-DRAFT-0104,ring,حلقه,pdf-page-10:line-11:utf16-5,source-canon-recovery\rtl-persianate-arabic-gap-source-canon-cycle2-20260705\source-bodies\fa_IR\FA-IDEAL-002_Shahrood_zero_divisor_matrix_rings.pdf,hash-match,fa_IR_or_persian,48,local source-corpus ZIP scanned for path/text witnesses; raw bodies not copied,"Use only with the cited source_context_locator; preserve RTL/formula adjacency as source-context support, not as accepted terminology.",zip-informed-source-gated-micro-evidence,"source-use/provenance/gap/generated-draft/noncanonical/not-native-reviewed; no bridge promotion, cross-gate merge, native-review, accepted terminology, canonical approval, license clearance, gate promotion, source certification, final status, bridge/pilot, or translation completion",carried forward under 68C877C0; Romance/Non-Slavic branch material is adjacent context only and does not alter R3 gates,1233d6f1557c831c23f6de8395182d8ae81e2217,token-reset/mutual-wake recovery; exact row carried forward from source-gated 68C packet under C33 current head; source-use/draft/non-canonical/review-only boundaries preserved,0D148231 branch delta makes C33 token-reset row packet branch-visible and adds Old-B DE6C read-only audit; exact R3 row support remains draft/non-canonical/source-gated only,r3_0d_micro,104,faa2c330deb886098750dafb5c500e244e1333fe,"generated-draft/non-canonical/not-native-reviewed/source-use/gap; no native review, community consent, accepted terminology, approval, license clearance, gate promotion, source certification, final status, bridge/pilot, visual inventory, term spine, sign rendering, or translation completion",fa_IR only; no Dari/Tajik authorization
0d148231ec91503b4083a187a738ddaf3a0abeae,9bbcb11b3e68d29ab98d3dee20ebf27855aed936,R3_9BBCB11B_ZIP_INFORMED_MICRO_EVIDENCE_REFRESH.csv,R3_5DCC7BF5_E58_PACKET_VISIBILITY_20260706T122646Z,fa_IR,POSTPUSH-C2-DRAFT-0105,ring,حلقه,pdf-page-10:line-13:utf16-87,source-canon-recovery\rtl-persianate-arabic-gap-source-canon-cycle2-20260705\source-bodies\fa_IR\FA-IDEAL-002_Shahrood_zero_divisor_matrix_rings.pdf,hash-match,fa_IR_or_persian,48,local source-corpus ZIP scanned for path/text witnesses; raw bodies not copied,"Use only with the cited source_context_locator; preserve RTL/formula adjacency as source-context support, not as accepted terminology.",zip-informed-source-gated-micro-evidence,"source-use/provenance/gap/generated-draft/noncanonical/not-native-reviewed; no bridge promotion, cross-gate merge, native-review, accepted terminology, canonical approval, license clearance, gate promotion, source certification, final status, bridge/pilot, or translation completion",carried forward under 68C877C0; Romance/Non-Slavic branch material is adjacent context only and does not alter R3 gates,1233d6f1557c831c23f6de8395182d8ae81e2217,token-reset/mutual-wake recovery; exact row carried forward from source-gated 68C packet under C33 current head; source-use/draft/non-canonical/review-only boundaries preserved,0D148231 branch delta makes C33 token-reset row packet branch-visible and adds Old-B DE6C read-only audit; exact R3 row support remains draft/non-canonical/source-gated only,r3_0d_micro,105,faa2c330deb886098750dafb5c500e244e1333fe,"generated-draft/non-canonical/not-native-reviewed/source-use/gap; no native review, community consent, accepted terminology, approval, license clearance, gate promotion, source certification, final status, bridge/pilot, visual inventory, term spine, sign rendering, or translation completion",fa_IR only; no Dari/Tajik authorization
0d148231ec91503b4083a187a738ddaf3a0abeae,9bbcb11b3e68d29ab98d3dee20ebf27855aed936,R3_9BBCB11B_ZIP_INFORMED_MICRO_EVIDENCE_REFRESH.csv,R3_5DCC7BF5_E58_PACKET_VISIBILITY_20260706T122646Z,fa_IR,POSTPUSH-C2-DRAFT-0106,ring,حلقه,pdf-page-10:line-15:utf16-35,source-canon-recovery\rtl-persianate-arabic-gap-source-canon-cycle2-20260705\source-bodies\fa_IR\FA-IDEAL-002_Shahrood_zero_divisor_matrix_rings.pdf,hash-match,fa_IR_or_persian,48,local source-corpus ZIP scanned for path/text witnesses; raw bodies not copied,"Use only with the cited source_context_locator; preserve RTL/formula adjacency as source-context support, not as accepted terminology.",zip-informed-source-gated-micro-evidence,"source-use/provenance/gap/generated-draft/noncanonical/not-native-reviewed; no bridge promotion, cross-gate merge, native-review, accepted terminology, canonical approval, license clearance, gate promotion, source certification, final status, bridge/pilot, or translation completion",carried forward under 68C877C0; Romance/Non-Slavic branch material is adjacent context only and does not alter R3 gates,1233d6f1557c831c23f6de8395182d8ae81e2217,token-reset/mutual-wake recovery; exact row carried forward from source-gated 68C packet under C33 current head; source-use/draft/non-canonical/review-only boundaries preserved,0D148231 branch delta makes C33 token-reset row packet branch-visible and adds Old-B DE6C read-only audit; exact R3 row support remains draft/non-canonical/source-gated only,r3_0d_micro,106,faa2c330deb886098750dafb5c500e244e1333fe,"generated-draft/non-canonical/not-native-reviewed/source-use/gap; no native review, community consent, accepted terminology, approval, license clearance, gate promotion, source certification, final status, bridge/pilot, visual inventory, term spine, sign rendering, or translation completion",fa_IR only; no Dari/Tajik authorization
0d148231ec91503b4083a187a738ddaf3a0abeae,9bbcb11b3e68d29ab98d3dee20ebf27855aed936,R3_9BBCB11B_ZIP_INFORMED_MICRO_EVIDENCE_REFRESH.csv,R3_5DCC7BF5_E58_PACKET_VISIBILITY_20260706T122646Z,fa_IR,POSTPUSH-C2-DRAFT-0107,ring,حلقه,pdf-page-10:line-17:utf16-56,source-canon-recovery\rtl-persianate-arabic-gap-source-canon-cycle2-20260705\source-bodies\fa_IR\FA-IDEAL-002_Shahrood_zero_divisor_matrix_rings.pdf,hash-match,fa_IR_or_persian,48,local source-corpus ZIP scanned for path/text witnesses; raw bodies not copied,"Use only with the cited source_context_locator; preserve RTL/formula adjacency as source-context support, not as accepted terminology.",zip-informed-source-gated-micro-evidence,"source-use/provenance/gap/generated-draft/noncanonical/not-native-reviewed; no bridge promotion, cross-gate merge, native-review, accepted terminology, canonical approval, license clearance, gate promotion, source certification, final status, bridge/pilot, or translation completion",carried forward under 68C877C0; Romance/Non-Slavic branch material is adjacent context only and does not alter R3 gates,1233d6f1557c831c23f6de8395182d8ae81e2217,token-reset/mutual-wake recovery; exact row carried forward from source-gated 68C packet under C33 current head; source-use/draft/non-canonical/review-only boundaries preserved,0D148231 branch delta makes C33 token-reset row packet branch-visible and adds Old-B DE6C read-only audit; exact R3 row support remains draft/non-canonical/source-gated only,r3_0d_micro,107,faa2c330deb886098750dafb5c500e244e1333fe,"generated-draft/non-canonical/not-native-reviewed/source-use/gap; no native review, community consent, accepted terminology, approval, license clearance, gate promotion, source certification, final status, bridge/pilot, visual inventory, term spine, sign rendering, or translation completion",fa_IR only; no Dari/Tajik authorization
0d148231ec91503b4083a187a738ddaf3a0abeae,9bbcb11b3e68d29ab98d3dee20ebf27855aed936,R3_9BBCB11B_ZIP_INFORMED_MICRO_EVIDENCE_REFRESH.csv,R3_5DCC7BF5_E58_PACKET_VISIBILITY_20260706T122646Z,fa_IR,POSTPUSH-C2-DRAFT-0108,ring,حلقه,pdf-page-10:line-19:utf16-66,source-canon-recovery\rtl-persianate-arabic-gap-source-canon-cycle2-20260705\source-bodies\fa_IR\FA-IDEAL-002_Shahrood_zero_divisor_matrix_rings.pdf,hash-match,fa_IR_or_persian,48,local source-corpus ZIP scanned for path/text witnesses; raw bodies not copied,"Use only with the cited source_context_locator; preserve RTL/formula adjacency as source-context support, not as accepted terminology.",zip-informed-source-gated-micro-evidence,"source-use/provenance/gap/generated-draft/noncanonical/not-native-reviewed; no bridge promotion, cross-gate merge, native-review, accepted terminology, canonical approval, license clearance, gate promotion, source certification, final status, bridge/pilot, or translation completion",carried forward under 68C877C0; Romance/Non-Slavic branch material is adjacent context only and does not alter R3 gates,1233d6f1557c831c23f6de8395182d8ae81e2217,token-reset/mutual-wake recovery; exact row carried forward from source-gated 68C packet under C33 current head; source-use/draft/non-canonical/review-only boundaries preserved,0D148231 branch delta makes C33 token-reset row packet branch-visible and adds Old-B DE6C read-only audit; exact R3 row support remains draft/non-canonical/source-gated only,r3_0d_micro,108,faa2c330deb886098750dafb5c500e244e1333fe,"generated-draft/non-canonical/not-native-reviewed/source-use/gap; no native review, community consent, accepted terminology, approval, license clearance, gate promotion, source certification, final status, bridge/pilot, visual inventory, term spine, sign rendering, or translation completion",fa_IR only; no Dari/Tajik authorization
0d148231ec91503b4083a187a738ddaf3a0abeae,9bbcb11b3e68d29ab98d3dee20ebf27855aed936,R3_9BBCB11B_ZIP_INFORMED_MICRO_EVIDENCE_REFRESH.csv,R3_5DCC7BF5_E58_PACKET_VISIBILITY_20260706T122646Z,fa_IR,POSTPUSH-C2-DRAFT-0109,ring,حلقه,pdf-page-10:line-21:utf16-52,source-canon-recovery\rtl-persianate-arabic-gap-source-canon-cycle2-20260705\source-bodies\fa_IR\FA-IDEAL-002_Shahrood_zero_divisor_matrix_rings.pdf,hash-match,fa_IR_or_persian,48,local source-corpus ZIP scanned for path/text witnesses; raw bodies not copied,"Use only with the cited source_context_locator; preserve RTL/formula adjacency as source-context support, not as accepted terminology.",zip-informed-source-gated-micro-evidence,"source-use/provenance/gap/generated-draft/noncanonical/not-native-reviewed; no bridge promotion, cross-gate merge, native-review, accepted terminology, canonical approval, license clearance, gate promotion, source certification, final status, bridge/pilot, or translation completion",carried forward under 68C877C0; Romance/Non-Slavic branch material is adjacent context only and does not alter R3 gates,1233d6f1557c831c23f6de8395182d8ae81e2217,token-reset/mutual-wake recovery; exact row carried forward from source-gated 68C packet under C33 current head; source-use/draft/non-canonical/review-only boundaries preserved,0D148231 branch delta makes C33 token-reset row packet branch-visible and adds Old-B DE6C read-only audit; exact R3 row support remains draft/non-canonical/source-gated only,r3_0d_micro,109,faa2c330deb886098750dafb5c500e244e1333fe,"generated-draft/non-canonical/not-native-reviewed/source-use/gap; no native review, community consent, accepted terminology, approval, license clearance, gate promotion, source certification, final status, bridge/pilot, visual inventory, term spine, sign rendering, or translation completion",fa_IR only; no Dari/Tajik authorization
0d148231ec91503b4083a187a738ddaf3a0abeae,9bbcb11b3e68d29ab98d3dee20ebf27855aed936,R3_9BBCB11B_ZIP_INFORMED_MICRO_EVIDENCE_REFRESH.csv,R3_5DCC7BF5_E58_PACKET_VISIBILITY_20260706T122646Z,fa_IR,POSTPUSH-C2-DRAFT-0110,ideal,ایدهآل,pdf-page-4:line-1:utf16-42,source-canon-recovery\rtl-persianate-arabic-gap-source-canon-cycle2-20260705\source-bodies\fa_IR\FA-IDEAL-003_KHU_nil_graphs_ideals.pdf,hash-match,fa_IR_or_persian,48,local source-corpus ZIP scanned for path/text witnesses; raw bodies not copied,"Use only with the cited source_context_locator; preserve RTL/formula adjacency as source-context support, not as accepted terminology.",zip-informed-source-gated-micro-evidence,"source-use/provenance/gap/generated-draft/noncanonical/not-native-reviewed; no bridge promotion, cross-gate merge, native-review, accepted terminology, canonical approval, license clearance, gate promotion, source certification, final status, bridge/pilot, or translation completion",carried forward under 68C877C0; Romance/Non-Slavic branch material is adjacent context only and does not alter R3 gates,1233d6f1557c831c23f6de8395182d8ae81e2217,token-reset/mutual-wake recovery; exact row carried forward from source-gated 68C packet under C33 current head; source-use/draft/non-canonical/review-only boundaries preserved,0D148231 branch delta makes C33 token-reset row packet branch-visible and adds Old-B DE6C read-only audit; exact R3 row support remains draft/non-canonical/source-gated only,r3_0d_micro,110,faa2c330deb886098750dafb5c500e244e1333fe,"generated-draft/non-canonical/not-native-reviewed/source-use/gap; no native review, community consent, accepted terminology, approval, license clearance, gate promotion, source certification, final status, bridge/pilot, visual inventory, term spine, sign rendering, or translation completion",fa_IR only; no Dari/Tajik authorization
0d148231ec91503b4083a187a738ddaf3a0abeae,9bbcb11b3e68d29ab98d3dee20ebf27855aed936,R3_9BBCB11B_ZIP_INFORMED_MICRO_EVIDENCE_REFRESH.csv,R3_5DCC7BF5_E58_PACKET_VISIBILITY_20260706T122646Z,fa_IR,POSTPUSH-C2-DRAFT-0111,ring,حلقه,pdf-page-4:line-1:utf16-55,source-canon-recovery\rtl-persianate-arabic-gap-source-canon-cycle2-20260705\source-bodies\fa_IR\FA-IDEAL-003_KHU_nil_graphs_ideals.pdf,hash-match,fa_IR_or_persian,48,local source-corpus ZIP scanned for path/text witnesses; raw bodies not copied,"Use only with the cited source_context_locator; preserve RTL/formula adjacency as source-context support, not as accepted terminology.",zip-informed-source-gated-micro-evidence,"source-use/provenance/gap/generated-draft/noncanonical/not-native-reviewed; no bridge promotion, cross-gate merge, native-review, accepted terminology, canonical approval, license clearance, gate promotion, source certification, final status, bridge/pilot, or translation completion",carried forward under 68C877C0; Romance/Non-Slavic branch material is adjacent context only and does not alter R3 gates,1233d6f1557c831c23f6de8395182d8ae81e2217,token-reset/mutual-wake recovery; exact row carried forward from source-gated 68C packet under C33 current head; source-use/draft/non-canonical/review-only boundaries preserved,0D148231 branch delta makes C33 token-reset row packet branch-visible and adds Old-B DE6C read-only audit; exact R3 row support remains draft/non-canonical/source-gated only,r3_0d_micro,111,faa2c330deb886098750dafb5c500e244e1333fe,"generated-draft/non-canonical/not-native-reviewed/source-use/gap; no native review, community consent, accepted terminology, approval, license clearance, gate promotion, source certification, final status, bridge/pilot, visual inventory, term spine, sign rendering, or translation completion",fa_IR only; no Dari/Tajik authorization
0d148231ec91503b4083a187a738ddaf3a0abeae,9bbcb11b3e68d29ab98d3dee20ebf27855aed936,R3_9BBCB11B_ZIP_INFORMED_MICRO_EVIDENCE_REFRESH.csv,R3_5DCC7BF5_E58_PACKET_VISIBILITY_20260706T122646Z,fa_IR,POSTPUSH-C2-DRAFT-0112,ring,حلقه,pdf-page-4:line-13:utf16-74,source-canon-recovery\rtl-persianate-arabic-gap-source-canon-cycle2-20260705\source-bodies\fa_IR\FA-IDEAL-003_KHU_nil_graphs_ideals.pdf,hash-match,fa_IR_or_persian,48,local source-corpus ZIP scanned for path/text witnesses; raw bodies not copied,"Use only with the cited source_context_locator; preserve RTL/formula adjacency as source-context support, not as accepted terminology.",zip-informed-source-gated-micro-evidence,"source-use/provenance/gap/generated-draft/noncanonical/not-native-reviewed; no bridge promotion, cross-gate merge, native-review, accepted terminology, canonical approval, license clearance, gate promotion, source certification, final status, bridge/pilot, or translation completion",carried forward under 68C877C0; Romance/Non-Slavic branch material is adjacent context only and does not alter R3 gates,1233d6f1557c831c23f6de8395182d8ae81e2217,token-reset/mutual-wake recovery; exact row carried forward from source-gated 68C packet under C33 current head; source-use/draft/non-canonical/review-only boundaries preserved,0D148231 branch delta makes C33 token-reset row packet branch-visible and adds Old-B DE6C read-only audit; exact R3 row support remains draft/non-canonical/source-gated only,r3_0d_micro,112,faa2c330deb886098750dafb5c500e244e1333fe,"generated-draft/non-canonical/not-native-reviewed/source-use/gap; no native review, community consent, accepted terminology, approval, license clearance, gate promotion, source certification, final status, bridge/pilot, visual inventory, term spine, sign rendering, or translation completion",fa_IR only; no Dari/Tajik authorization
0d148231ec91503b4083a187a738ddaf3a0abeae,9bbcb11b3e68d29ab98d3dee20ebf27855aed936,R3_9BBCB11B_ZIP_INFORMED_MICRO_EVIDENCE_REFRESH.csv,R3_5DCC7BF5_E58_PACKET_VISIBILITY_20260706T122646Z,fa_IR,POSTPUSH-C2-DRAFT-0113,ideal,ایدهآل,pdf-page-4:line-15:utf16-18,source-canon-recovery\rtl-persianate-arabic-gap-source-canon-cycle2-20260705\source-bodies\fa_IR\FA-IDEAL-003_KHU_nil_graphs_ideals.pdf,hash-match,fa_IR_or_persian,48,local source-corpus ZIP scanned for path/text witnesses; raw bodies not copied,"Use only with the cited source_context_locator; preserve RTL/formula adjacency as source-context support, not as accepted terminology.",zip-informed-source-gated-micro-evidence,"source-use/provenance/gap/generated-draft/noncanonical/not-native-reviewed; no bridge promotion, cross-gate merge, native-review, accepted terminology, canonical approval, license clearance, gate promotion, source certification, final status, bridge/pilot, or translation completion",carried forward under 68C877C0; Romance/Non-Slavic branch material is adjacent context only and does not alter R3 gates,1233d6f1557c831c23f6de8395182d8ae81e2217,token-reset/mutual-wake recovery; exact row carried forward from source-gated 68C packet under C33 current head; source-use/draft/non-canonical/review-only boundaries preserved,0D148231 branch delta makes C33 token-reset row packet branch-visible and adds Old-B DE6C read-only audit; exact R3 row support remains draft/non-canonical/source-gated only,r3_0d_micro,113,faa2c330deb886098750dafb5c500e244e1333fe,"generated-draft/non-canonical/not-native-reviewed/source-use/gap; no native review, community consent, accepted terminology, approval, license clearance, gate promotion, source certification, final status, bridge/pilot, visual inventory, term spine, sign rendering, or translation completion",fa_IR only; no Dari/Tajik authorization
0d148231ec91503b4083a187a738ddaf3a0abeae,9bbcb11b3e68d29ab98d3dee20ebf27855aed936,R3_9BBCB11B_ZIP_INFORMED_MICRO_EVIDENCE_REFRESH.csv,R3_5DCC7BF5_E58_PACKET_VISIBILITY_20260706T122646Z,fa_IR,POSTPUSH-C2-DRAFT-0114,ring,حلقه,pdf-page-4:line-23:utf16-4,source-canon-recovery\rtl-persianate-arabic-gap-source-canon-cycle2-20260705\source-bodies\fa_IR\FA-IDEAL-003_KHU_nil_graphs_ideals.pdf,hash-match,fa_IR_or_persian,48,local source-corpus ZIP scanned for path/text witnesses; raw bodies not copied,"Use only with the cited source_context_locator; preserve RTL/formula adjacency as source-context support, not as accepted terminology.",zip-informed-source-gated-micro-evidence,"source-use/provenance/gap/generated-draft/noncanonical/not-native-reviewed; no bridge promotion, cross-gate merge, native-review, accepted terminology, canonical approval, license clearance, gate promotion, source certification, final status, bridge/pilot, or translation completion",carried forward under 68C877C0; Romance/Non-Slavic branch material is adjacent context only and does not alter R3 gates,1233d6f1557c831c23f6de8395182d8ae81e2217,token-reset/mutual-wake recovery; exact row carried forward from source-gated 68C packet under C33 current head; source-use/draft/non-canonical/review-only boundaries preserved,0D148231 branch delta makes C33 token-reset row packet branch-visible and adds Old-B DE6C read-only audit; exact R3 row support remains draft/non-canonical/source-gated only,r3_0d_micro,114,faa2c330deb886098750dafb5c500e244e1333fe,"generated-draft/non-canonical/not-native-reviewed/source-use/gap; no native review, community consent, accepted terminology, approval, license clearance, gate promotion, source certification, final status, bridge/pilot, visual inventory, term spine, sign rendering, or translation completion",fa_IR only; no Dari/Tajik authorization
0d148231ec91503b4083a187a738ddaf3a0abeae,9bbcb11b3e68d29ab98d3dee20ebf27855aed936,R3_9BBCB11B_ZIP_INFORMED_MICRO_EVIDENCE_REFRESH.csv,R3_5DCC7BF5_E58_PACKET_VISIBILITY_20260706T122646Z,fa_IR,POSTPUSH-C2-DRAFT-0115,ideal,ایدهآل,pdf-page-4:line-25:utf16-26,source-canon-recovery\rtl-persianate-arabic-gap-source-canon-cycle2-20260705\source-bodies\fa_IR\FA-IDEAL-003_KHU_nil_graphs_ideals.pdf,hash-match,fa_IR_or_persian,48,local source-corpus ZIP scanned for path/text witnesses; raw bodies not copied,"Use only with the cited source_context_locator; preserve RTL/formula adjacency as source-context support, not as accepted terminology.",zip-informed-source-gated-micro-evidence,"source-use/provenance/gap/generated-draft/noncanonical/not-native-reviewed; no bridge promotion, cross-gate merge, native-review, accepted terminology, canonical approval, license clearance, gate promotion, source certification, final status, bridge/pilot, or translation completion",carried forward under 68C877C0; Romance/Non-Slavic branch material is adjacent context only and does not alter R3 gates,1233d6f1557c831c23f6de8395182d8ae81e2217,token-reset/mutual-wake recovery; exact row carried forward from source-gated 68C packet under C33 current head; source-use/draft/non-canonical/review-only boundaries preserved,0D148231 branch delta makes C33 token-reset row packet branch-visible and adds Old-B DE6C read-only audit; exact R3 row support remains draft/non-canonical/source-gated only,r3_0d_micro,115,faa2c330deb886098750dafb5c500e244e1333fe,"generated-draft/non-canonical/not-native-reviewed/source-use/gap; no native review, community consent, accepted terminology, approval, license clearance, gate promotion, source certification, final status, bridge/pilot, visual inventory, term spine, sign rendering, or translation completion",fa_IR only; no Dari/Tajik authorization
0d148231ec91503b4083a187a738ddaf3a0abeae,9bbcb11b3e68d29ab98d3dee20ebf27855aed936,R3_9BBCB11B_ZIP_INFORMED_MICRO_EVIDENCE_REFRESH.csv,R3_5DCC7BF5_E58_PACKET_VISIBILITY_20260706T122646Z,fa_IR,POSTPUSH-C2-DRAFT-0116,ideal,ایدهآل,pdf-page-4:line-34:utf16-75,source-canon-recovery\rtl-persianate-arabic-gap-source-canon-cycle2-20260705\source-bodies\fa_IR\FA-IDEAL-003_KHU_nil_graphs_ideals.pdf,hash-match,fa_IR_or_persian,48,local source-corpus ZIP scanned for path/text witnesses; raw bodies not copied,"Use only with the cited source_context_locator; preserve RTL/formula adjacency as source-context support, not as accepted terminology.",zip-informed-source-gated-micro-evidence,"source-use/provenance/gap/generated-draft/noncanonical/not-native-reviewed; no bridge promotion, cross-gate merge, native-review, accepted terminology, canonical approval, license clearance, gate promotion, source certification, final status, bridge/pilot, or translation completion",carried forward under 68C877C0; Romance/Non-Slavic branch material is adjacent context only and does not alter R3 gates,1233d6f1557c831c23f6de8395182d8ae81e2217,token-reset/mutual-wake recovery; exact row carried forward from source-gated 68C packet under C33 current head; source-use/draft/non-canonical/review-only boundaries preserved,0D148231 branch delta makes C33 token-reset row packet branch-visible and adds Old-B DE6C read-only audit; exact R3 row support remains draft/non-canonical/source-gated only,r3_0d_micro,116,faa2c330deb886098750dafb5c500e244e1333fe,"generated-draft/non-canonical/not-native-reviewed/source-use/gap; no native review, community consent, accepted terminology, approval, license clearance, gate promotion, source certification, final status, bridge/pilot, visual inventory, term spine, sign rendering, or translation completion",fa_IR only; no Dari/Tajik authorization
0d148231ec91503b4083a187a738ddaf3a0abeae,9bbcb11b3e68d29ab98d3dee20ebf27855aed936,R3_9BBCB11B_ZIP_INFORMED_MICRO_EVIDENCE_REFRESH.csv,R3_5DCC7BF5_E58_PACKET_VISIBILITY_20260706T122646Z,fa_IR,POSTPUSH-C2-DRAFT-0117,ring,حلقه,pdf-page-4:line-34:utf16-88,source-canon-recovery\rtl-persianate-arabic-gap-source-canon-cycle2-20260705\source-bodies\fa_IR\FA-IDEAL-003_KHU_nil_graphs_ideals.pdf,hash-match,fa_IR_or_persian,48,local source-corpus ZIP scanned for path/text witnesses; raw bodies not copied,"Use only with the cited source_context_locator; preserve RTL/formula adjacency as source-context support, not as accepted terminology.",zip-informed-source-gated-micro-evidence,"source-use/provenance/gap/generated-draft/noncanonical/not-native-reviewed; no bridge promotion, cross-gate merge, native-review, accepted terminology, canonical approval, license clearance, gate promotion, source certification, final status, bridge/pilot, or translation completion",carried forward under 68C877C0; Romance/Non-Slavic branch material is adjacent context only and does not alter R3 gates,1233d6f1557c831c23f6de8395182d8ae81e2217,token-reset/mutual-wake recovery; exact row carried forward from source-gated 68C packet under C33 current head; source-use/draft/non-canonical/review-only boundaries preserved,0D148231 branch delta makes C33 token-reset row packet branch-visible and adds Old-B DE6C read-only audit; exact R3 row support remains draft/non-canonical/source-gated only,r3_0d_micro,117,faa2c330deb886098750dafb5c500e244e1333fe,"generated-draft/non-canonical/not-native-reviewed/source-use/gap; no native review, community consent, accepted terminology, approval, license clearance, gate promotion, source certification, final status, bridge/pilot, visual inventory, term spine, sign rendering, or translation completion",fa_IR only; no Dari/Tajik authorization
0d148231ec91503b4083a187a738ddaf3a0abeae,9bbcb11b3e68d29ab98d3dee20ebf27855aed936,R3_9BBCB11B_ZIP_INFORMED_MICRO_EVIDENCE_REFRESH.csv,R3_5DCC7BF5_E58_PACKET_VISIBILITY_20260706T122646Z,fa_IR,POSTPUSH-C2-DRAFT-0118,ideal,ایدهآل,pdf-page-5:line-1:utf16-108,source-canon-recovery\rtl-persianate-arabic-gap-source-canon-cycle2-20260705\source-bodies\fa_IR\FA-IDEAL-003_KHU_nil_graphs_ideals.pdf,hash-match,fa_IR_or_persian,48,local source-corpus ZIP scanned for path/text witnesses; raw bodies not copied,"Use only with the cited source_context_locator; preserve RTL/formula adjacency as source-context support, not as accepted terminology.",zip-informed-source-gated-micro-evidence,"source-use/provenance/gap/generated-draft/noncanonical/not-native-reviewed; no bridge promotion, cross-gate merge, native-review, accepted terminology, canonical approval, license clearance, gate promotion, source certification, final status, bridge/pilot, or translation completion",carried forward under 68C877C0; Romance/Non-Slavic branch material is adjacent context only and does not alter R3 gates,1233d6f1557c831c23f6de8395182d8ae81e2217,token-reset/mutual-wake recovery; exact row carried forward from source-gated 68C packet under C33 current head; source-use/draft/non-canonical/review-only boundaries preserved,0D148231 branch delta makes C33 token-reset row packet branch-visible and adds Old-B DE6C read-only audit; exact R3 row support remains draft/non-canonical/source-gated only,r3_0d_micro,118,faa2c330deb886098750dafb5c500e244e1333fe,"generated-draft/non-canonical/not-native-reviewed/source-use/gap; no native review, community consent, accepted terminology, approval, license clearance, gate promotion, source certification, final status, bridge/pilot, visual inventory, term spine, sign rendering, or translation completion",fa_IR only; no Dari/Tajik authorization
0d148231ec91503b4083a187a738ddaf3a0abeae,9bbcb11b3e68d29ab98d3dee20ebf27855aed936,R3_9BBCB11B_ZIP_INFORMED_MICRO_EVIDENCE_REFRESH.csv,R3_5DCC7BF5_E58_PACKET_VISIBILITY_20260706T122646Z,fa_IR,POSTPUSH-C2-DRAFT-0119,ring,حلقه,pdf-page-5:line-13:utf16-28,source-canon-recovery\rtl-persianate-arabic-gap-source-canon-cycle2-20260705\source-bodies\fa_IR\FA-IDEAL-003_KHU_nil_graphs_ideals.pdf,hash-match,fa_IR_or_persian,48,local source-corpus ZIP scanned for path/text witnesses; raw bodies not copied,"Use only with the cited source_context_locator; preserve RTL/formula adjacency as source-context support, not as accepted terminology.",zip-informed-source-gated-micro-evidence,"source-use/provenance/gap/generated-draft/noncanonical/not-native-reviewed; no bridge promotion, cross-gate merge, native-review, accepted terminology, canonical approval, license clearance, gate promotion, source certification, final status, bridge/pilot, or translation completion",carried forward under 68C877C0; Romance/Non-Slavic branch material is adjacent context only and does not alter R3 gates,1233d6f1557c831c23f6de8395182d8ae81e2217,token-reset/mutual-wake recovery; exact row carried forward from source-gated 68C packet under C33 current head; source-use/draft/non-canonical/review-only boundaries preserved,0D148231 branch delta makes C33 token-reset row packet branch-visible and adds Old-B DE6C read-only audit; exact R3 row support remains draft/non-canonical/source-gated only,r3_0d_micro,119,faa2c330deb886098750dafb5c500e244e1333fe,"generated-draft/non-canonical/not-native-reviewed/source-use/gap; no native review, community consent, accepted terminology, approval, license clearance, gate promotion, source certification, final status, bridge/pilot, visual inventory, term spine, sign rendering, or translation completion",fa_IR only; no Dari/Tajik authorization
0d148231ec91503b4083a187a738ddaf3a0abeae,9bbcb11b3e68d29ab98d3dee20ebf27855aed936,R3_9BBCB11B_ZIP_INFORMED_MICRO_EVIDENCE_REFRESH.csv,R3_5DCC7BF5_E58_PACKET_VISIBILITY_20260706T122646Z,fa_IR,POSTPUSH-C2-DRAFT-0120,ideal,ایدهآل,pdf-page-5:line-14:utf16-36,source-canon-recovery\rtl-persianate-arabic-gap-source-canon-cycle2-20260705\source-bodies\fa_IR\FA-IDEAL-003_KHU_nil_graphs_ideals.pdf,hash-match,fa_IR_or_persian,48,local source-corpus ZIP scanned for path/text witnesses; raw bodies not copied,"Use only with the cited source_context_locator; preserve RTL/formula adjacency as source-context support, not as accepted terminology.",zip-informed-source-gated-micro-evidence,"source-use/provenance/gap/generated-draft/noncanonical/not-native-reviewed; no bridge promotion, cross-gate merge, native-review, accepted terminology, canonical approval, license clearance, gate promotion, source certification, final status, bridge/pilot, or translation completion",carried forward under 68C877C0; Romance/Non-Slavic branch material is adjacent context only and does not alter R3 gates,1233d6f1557c831c23f6de8395182d8ae81e2217,token-reset/mutual-wake recovery; exact row carried forward from source-gated 68C packet under C33 current head; source-use/draft/non-canonical/review-only boundaries preserved,0D148231 branch delta makes C33 token-reset row packet branch-visible and adds Old-B DE6C read-only audit; exact R3 row support remains draft/non-canonical/source-gated only,r3_0d_micro,120,faa2c330deb886098750dafb5c500e244e1333fe,"generated-draft/non-canonical/not-native-reviewed/source-use/gap; no native review, community consent, accepted terminology, approval, license clearance, gate promotion, source certification, final status, bridge/pilot, visual inventory, term spine, sign rendering, or translation completion",fa_IR only; no Dari/Tajik authorization
0d148231ec91503b4083a187a738ddaf3a0abeae,9bbcb11b3e68d29ab98d3dee20ebf27855aed936,R3_9BBCB11B_ZIP_INFORMED_MICRO_EVIDENCE_REFRESH.csv,R3_5DCC7BF5_E58_PACKET_VISIBILITY_20260706T122646Z,fa_IR,POSTPUSH-C2-DRAFT-0121,ideal,ایدهآل,pdf-page-5:line-15:utf16-1,source-canon-recovery\rtl-persianate-arabic-gap-source-canon-cycle2-20260705\source-bodies\fa_IR\FA-IDEAL-003_KHU_nil_graphs_ideals.pdf,hash-match,fa_IR_or_persian,48,local source-corpus ZIP scanned for path/text witnesses; raw bodies not copied,"Use only with the cited source_context_locator; preserve RTL/formula adjacency as source-context support, not as accepted terminology.",zip-informed-source-gated-micro-evidence,"source-use/provenance/gap/generated-draft/noncanonical/not-native-reviewed; no bridge promotion, cross-gate merge, native-review, accepted terminology, canonical approval, license clearance, gate promotion, source certification, final status, bridge/pilot, or translation completion",carried forward under 68C877C0; Romance/Non-Slavic branch material is adjacent context only and does not alter R3 gates,1233d6f1557c831c23f6de8395182d8ae81e2217,token-reset/mutual-wake recovery; exact row carried forward from source-gated 68C packet under C33 current head; source-use/draft/non-canonical/review-only boundaries preserved,0D148231 branch delta makes C33 token-reset row packet branch-visible and adds Old-B DE6C read-only audit; exact R3 row support remains draft/non-canonical/source-gated only,r3_0d_micro,121,faa2c330deb886098750dafb5c500e244e1333fe,"generated-draft/non-canonical/not-native-reviewed/source-use/gap; no native review, community consent, accepted terminology, approval, license clearance, gate promotion, source certification, final status, bridge/pilot, visual inventory, term spine, sign rendering, or translation completion",fa_IR only; no Dari/Tajik authorization
0d148231ec91503b4083a187a738ddaf3a0abeae,9bbcb11b3e68d29ab98d3dee20ebf27855aed936,R3_9BBCB11B_ZIP_INFORMED_MICRO_EVIDENCE_REFRESH.csv,R3_5DCC7BF5_E58_PACKET_VISIBILITY_20260706T122646Z,fa_IR,POSTPUSH-C2-DRAFT-0122,ring,حلقه,pdf-page-5:line-15:utf16-90,source-canon-recovery\rtl-persianate-arabic-gap-source-canon-cycle2-20260705\source-bodies\fa_IR\FA-IDEAL-003_KHU_nil_graphs_ideals.pdf,hash-match,fa_IR_or_persian,48,local source-corpus ZIP scanned for path/text witnesses; raw bodies not copied,"Use only with the cited source_context_locator; preserve RTL/formula adjacency as source-context support, not as accepted terminology.",zip-informed-source-gated-micro-evidence,"source-use/provenance/gap/generated-draft/noncanonical/not-native-reviewed; no bridge promotion, cross-gate merge, native-review, accepted terminology, canonical approval, license clearance, gate promotion, source certification, final status, bridge/pilot, or translation completion",carried forward under 68C877C0; Romance/Non-Slavic branch material is adjacent context only and does not alter R3 gates,1233d6f1557c831c23f6de8395182d8ae81e2217,token-reset/mutual-wake recovery; exact row carried forward from source-gated 68C packet under C33 current head; source-use/draft/non-canonical/review-only boundaries preserved,0D148231 branch delta makes C33 token-reset row packet branch-visible and adds Old-B DE6C read-only audit; exact R3 row support remains draft/non-canonical/source-gated only,r3_0d_micro,122,faa2c330deb886098750dafb5c500e244e1333fe,"generated-draft/non-canonical/not-native-reviewed/source-use/gap; no native review, community consent, accepted terminology, approval, license clearance, gate promotion, source certification, final status, bridge/pilot, visual inventory, term spine, sign rendering, or translation completion",fa_IR only; no Dari/Tajik authorization
0d148231ec91503b4083a187a738ddaf3a0abeae,9bbcb11b3e68d29ab98d3dee20ebf27855aed936,R3_9BBCB11B_ZIP_INFORMED_MICRO_EVIDENCE_REFRESH.csv,R3_5DCC7BF5_E58_PACKET_VISIBILITY_20260706T122646Z,fa_IR,POSTPUSH-C2-DRAFT-0123,ideal,ایدهآل,pdf-page-6:line-6:utf16-11,source-canon-recovery\rtl-persianate-arabic-gap-source-canon-cycle2-20260705\source-bodies\fa_IR\FA-IDEAL-003_KHU_nil_graphs_ideals.pdf,hash-match,fa_IR_or_persian,48,local source-corpus ZIP scanned for path/text witnesses; raw bodies not copied,"Use only with the cited source_context_locator; preserve RTL/formula adjacency as source-context support, not as accepted terminology.",zip-informed-source-gated-micro-evidence,"source-use/provenance/gap/generated-draft/noncanonical/not-native-reviewed; no bridge promotion, cross-gate merge, native-review, accepted terminology, canonical approval, license clearance, gate promotion, source certification, final status, bridge/pilot, or translation completion",carried forward under 68C877C0; Romance/Non-Slavic branch material is adjacent context only and does not alter R3 gates,1233d6f1557c831c23f6de8395182d8ae81e2217,token-reset/mutual-wake recovery; exact row carried forward from source-gated 68C packet under C33 current head; source-use/draft/non-canonical/review-only boundaries preserved,0D148231 branch delta makes C33 token-reset row packet branch-visible and adds Old-B DE6C read-only audit; exact R3 row support remains draft/non-canonical/source-gated only,r3_0d_micro,123,faa2c330deb886098750dafb5c500e244e1333fe,"generated-draft/non-canonical/not-native-reviewed/source-use/gap; no native review, community consent, accepted terminology, approval, license clearance, gate promotion, source certification, final status, bridge/pilot, visual inventory, term spine, sign rendering, or translation completion",fa_IR only; no Dari/Tajik authorization
0d148231ec91503b4083a187a738ddaf3a0abeae,9bbcb11b3e68d29ab98d3dee20ebf27855aed936,R3_9BBCB11B_ZIP_INFORMED_MICRO_EVIDENCE_REFRESH.csv,R3_5DCC7BF5_E58_PACKET_VISIBILITY_20260706T122646Z,fa_IR,POSTPUSH-C2-DRAFT-0124,ideal,ایدهآل,pdf-page-6:line-7:utf16-63,source-canon-recovery\rtl-persianate-arabic-gap-source-canon-cycle2-20260705\source-bodies\fa_IR\FA-IDEAL-003_KHU_nil_graphs_ideals.pdf,hash-match,fa_IR_or_persian,48,local source-corpus ZIP scanned for path/text witnesses; raw bodies not copied,"Use only with the cited source_context_locator; preserve RTL/formula adjacency as source-context support, not as accepted terminology.",zip-informed-source-gated-micro-evidence,"source-use/provenance/gap/generated-draft/noncanonical/not-native-reviewed; no bridge promotion, cross-gate merge, native-review, accepted terminology, canonical approval, license clearance, gate promotion, source certification, final status, bridge/pilot, or translation completion",carried forward under 68C877C0; Romance/Non-Slavic branch material is adjacent context only and does not alter R3 gates,1233d6f1557c831c23f6de8395182d8ae81e2217,token-reset/mutual-wake recovery; exact row carried forward from source-gated 68C packet under C33 current head; source-use/draft/non-canonical/review-only boundaries preserved,0D148231 branch delta makes C33 token-reset row packet branch-visible and adds Old-B DE6C read-only audit; exact R3 row support remains draft/non-canonical/source-gated only,r3_0d_micro,124,faa2c330deb886098750dafb5c500e244e1333fe,"generated-draft/non-canonical/not-native-reviewed/source-use/gap; no native review, community consent, accepted terminology, approval, license clearance, gate promotion, source certification, final status, bridge/pilot, visual inventory, term spine, sign rendering, or translation completion",fa_IR only; no Dari/Tajik authorization
0d148231ec91503b4083a187a738ddaf3a0abeae,9bbcb11b3e68d29ab98d3dee20ebf27855aed936,R3_9BBCB11B_ZIP_INFORMED_MICRO_EVIDENCE_REFRESH.csv,R3_5DCC7BF5_E58_PACKET_VISIBILITY_20260706T122646Z,fa_IR,POSTPUSH-C2-DRAFT-0125,ideal,ایدهآل,pdf-page-6:line-8:utf16-1,source-canon-recovery\rtl-persianate-arabic-gap-source-canon-cycle2-20260705\source-bodies\fa_IR\FA-IDEAL-003_KHU_nil_graphs_ideals.pdf,hash-match,fa_IR_or_persian,48,local source-corpus ZIP scanned for path/text witnesses; raw bodies not copied,"Use only with the cited source_context_locator; preserve RTL/formula adjacency as source-context support, not as accepted terminology.",zip-informed-source-gated-micro-evidence,"source-use/provenance/gap/generated-draft/noncanonical/not-native-reviewed; no bridge promotion, cross-gate merge, native-review, accepted terminology, canonical approval, license clearance, gate promotion, source certification, final status, bridge/pilot, or translation completion",carried forward under 68C877C0; Romance/Non-Slavic branch material is adjacent context only and does not alter R3 gates,1233d6f1557c831c23f6de8395182d8ae81e2217,token-reset/mutual-wake recovery; exact row carried forward from source-gated 68C packet under C33 current head; source-use/draft/non-canonical/review-only boundaries preserved,0D148231 branch delta makes C33 token-reset row packet branch-visible and adds Old-B DE6C read-only audit; exact R3 row support remains draft/non-canonical/source-gated only,r3_0d_micro,125,faa2c330deb886098750dafb5c500e244e1333fe,"generated-draft/non-canonical/not-native-reviewed/source-use/gap; no native review, community consent, accepted terminology, approval, license clearance, gate promotion, source certification, final status, bridge/pilot, visual inventory, term spine, sign rendering, or translation completion",fa_IR only; no Dari/Tajik authorization
0d148231ec91503b4083a187a738ddaf3a0abeae,9bbcb11b3e68d29ab98d3dee20ebf27855aed936,R3_9BBCB11B_ZIP_INFORMED_MICRO_EVIDENCE_REFRESH.csv,R3_5DCC7BF5_E58_PACKET_VISIBILITY_20260706T122646Z,fa_IR,POSTPUSH-C2-DRAFT-0126,ideal,ایدهآل,pdf-page-6:line-10:utf16-55,source-canon-recovery\rtl-persianate-arabic-gap-source-canon-cycle2-20260705\source-bodies\fa_IR\FA-IDEAL-003_KHU_nil_graphs_ideals.pdf,hash-match,fa_IR_or_persian,48,local source-corpus ZIP scanned for path/text witnesses; raw bodies not copied,"Use only with the cited source_context_locator; preserve RTL/formula adjacency as source-context support, not as accepted terminology.",zip-informed-source-gated-micro-evidence,"source-use/provenance/gap/generated-draft/noncanonical/not-native-reviewed; no bridge promotion, cross-gate merge, native-review, accepted terminology, canonical approval, license clearance, gate promotion, source certification, final status, bridge/pilot, or translation completion",carried forward under 68C877C0; Romance/Non-Slavic branch material is adjacent context only and does not alter R3 gates,1233d6f1557c831c23f6de8395182d8ae81e2217,token-reset/mutual-wake recovery; exact row carried forward from source-gated 68C packet under C33 current head; source-use/draft/non-canonical/review-only boundaries preserved,0D148231 branch delta makes C33 token-reset row packet branch-visible and adds Old-B DE6C read-only audit; exact R3 row support remains draft/non-canonical/source-gated only,r3_0d_micro,126,faa2c330deb886098750dafb5c500e244e1333fe,"generated-draft/non-canonical/not-native-reviewed/source-use/gap; no native review, community consent, accepted terminology, approval, license clearance, gate promotion, source certification, final status, bridge/pilot, visual inventory, term spine, sign rendering, or translation completion",fa_IR only; no Dari/Tajik authorization
0d148231ec91503b4083a187a738ddaf3a0abeae,9bbcb11b3e68d29ab98d3dee20ebf27855aed936,R3_9BBCB11B_ZIP_INFORMED_MICRO_EVIDENCE_REFRESH.csv,R3_5DCC7BF5_E58_PACKET_VISIBILITY_20260706T122646Z,fa_IR,POSTPUSH-C2-DRAFT-0127,ring,حلقه,pdf-page-6:line-10:utf16-19,source-canon-recovery\rtl-persianate-arabic-gap-source-canon-cycle2-20260705\source-bodies\fa_IR\FA-IDEAL-003_KHU_nil_graphs_ideals.pdf,hash-match,fa_IR_or_persian,48,local source-corpus ZIP scanned for path/text witnesses; raw bodies not copied,"Use only with the cited source_context_locator; preserve RTL/formula adjacency as source-context support, not as accepted terminology.",zip-informed-source-gated-micro-evidence,"source-use/provenance/gap/generated-draft/noncanonical/not-native-reviewed; no bridge promotion, cross-gate merge, native-review, accepted terminology, canonical approval, license clearance, gate promotion, source certification, final status, bridge/pilot, or translation completion",carried forward under 68C877C0; Romance/Non-Slavic branch material is adjacent context only and does not alter R3 gates,1233d6f1557c831c23f6de8395182d8ae81e2217,token-reset/mutual-wake recovery; exact row carried forward from source-gated 68C packet under C33 current head; source-use/draft/non-canonical/review-only boundaries preserved,0D148231 branch delta makes C33 token-reset row packet branch-visible and adds Old-B DE6C read-only audit; exact R3 row support remains draft/non-canonical/source-gated only,r3_0d_micro,127,faa2c330deb886098750dafb5c500e244e1333fe,"generated-draft/non-canonical/not-native-reviewed/source-use/gap; no native review, community consent, accepted terminology, approval, license clearance, gate promotion, source certification, final status, bridge/pilot, visual inventory, term spine, sign rendering, or translation completion",fa_IR only; no Dari/Tajik authorization
0d148231ec91503b4083a187a738ddaf3a0abeae,9bbcb11b3e68d29ab98d3dee20ebf27855aed936,R3_9BBCB11B_ZIP_INFORMED_MICRO_EVIDENCE_REFRESH.csv,R3_5DCC7BF5_E58_PACKET_VISIBILITY_20260706T122646Z,fa_IR,POSTPUSH-C2-DRAFT-0128,ideal,ایدهآل,pdf-page-6:line-13:utf16-33,source-canon-recovery\rtl-persianate-arabic-gap-source-canon-cycle2-20260705\source-bodies\fa_IR\FA-IDEAL-003_KHU_nil_graphs_ideals.pdf,hash-match,fa_IR_or_persian,48,local source-corpus ZIP scanned for path/text witnesses; raw bodies not copied,"Use only with the cited source_context_locator; preserve RTL/formula adjacency as source-context support, not as accepted terminology.",zip-informed-source-gated-micro-evidence,"source-use/provenance/gap/generated-draft/noncanonical/not-native-reviewed; no bridge promotion, cross-gate merge, native-review, accepted terminology, canonical approval, license clearance, gate promotion, source certification, final status, bridge/pilot, or translation completion",carried forward under 68C877C0; Romance/Non-Slavic branch material is adjacent context only and does not alter R3 gates,1233d6f1557c831c23f6de8395182d8ae81e2217,token-reset/mutual-wake recovery; exact row carried forward from source-gated 68C packet under C33 current head; source-use/draft/non-canonical/review-only boundaries preserved,0D148231 branch delta makes C33 token-reset row packet branch-visible and adds Old-B DE6C read-only audit; exact R3 row support remains draft/non-canonical/source-gated only,r3_0d_micro,128,faa2c330deb886098750dafb5c500e244e1333fe,"generated-draft/non-canonical/not-native-reviewed/source-use/gap; no native review, community consent, accepted terminology, approval, license clearance, gate promotion, source certification, final status, bridge/pilot, visual inventory, term spine, sign rendering, or translation completion",fa_IR only; no Dari/Tajik authorization
0d148231ec91503b4083a187a738ddaf3a0abeae,9bbcb11b3e68d29ab98d3dee20ebf27855aed936,R3_9BBCB11B_ZIP_INFORMED_MICRO_EVIDENCE_REFRESH.csv,R3_5DCC7BF5_E58_PACKET_VISIBILITY_20260706T122646Z,fa_IR,POSTPUSH-C2-DRAFT-0129,ideal,ایدهآل,pdf-page-6:line-17:utf16-71,source-canon-recovery\rtl-persianate-arabic-gap-source-canon-cycle2-20260705\source-bodies\fa_IR\FA-IDEAL-003_KHU_nil_graphs_ideals.pdf,hash-match,fa_IR_or_persian,48,local source-corpus ZIP scanned for path/text witnesses; raw bodies not copied,"Use only with the cited source_context_locator; preserve RTL/formula adjacency as source-context support, not as accepted terminology.",zip-informed-source-gated-micro-evidence,"source-use/provenance/gap/generated-draft/noncanonical/not-native-reviewed; no bridge promotion, cross-gate merge, native-review, accepted terminology, canonical approval, license clearance, gate promotion, source certification, final status, bridge/pilot, or translation completion",carried forward under 68C877C0; Romance/Non-Slavic branch material is adjacent context only and does not alter R3 gates,1233d6f1557c831c23f6de8395182d8ae81e2217,token-reset/mutual-wake recovery; exact row carried forward from source-gated 68C packet under C33 current head; source-use/draft/non-canonical/review-only boundaries preserved,0D148231 branch delta makes C33 token-reset row packet branch-visible and adds Old-B DE6C read-only audit; exact R3 row support remains draft/non-canonical/source-gated only,r3_0d_micro,129,faa2c330deb886098750dafb5c500e244e1333fe,"generated-draft/non-canonical/not-native-reviewed/source-use/gap; no native review, community consent, accepted terminology, approval, license clearance, gate promotion, source certification, final status, bridge/pilot, visual inventory, term spine, sign rendering, or translation completion",fa_IR only; no Dari/Tajik authorization
0d148231ec91503b4083a187a738ddaf3a0abeae,9bbcb11b3e68d29ab98d3dee20ebf27855aed936,R3_9BBCB11B_ZIP_INFORMED_MICRO_EVIDENCE_REFRESH.csv,R3_5DCC7BF5_E58_PACKET_VISIBILITY_20260706T122646Z,fa_IR,POSTPUSH-C2-DRAFT-0130,ideal,ایدهآل,pdf-page-6:line-18:utf16-75,source-canon-recovery\rtl-persianate-arabic-gap-source-canon-cycle2-20260705\source-bodies\fa_IR\FA-IDEAL-003_KHU_nil_graphs_ideals.pdf,hash-match,fa_IR_or_persian,48,local source-corpus ZIP scanned for path/text witnesses; raw bodies not copied,"Use only with the cited source_context_locator; preserve RTL/formula adjacency as source-context support, not as accepted terminology.",zip-informed-source-gated-micro-evidence,"source-use/provenance/gap/generated-draft/noncanonical/not-native-reviewed; no bridge promotion, cross-gate merge, native-review, accepted terminology, canonical approval, license clearance, gate promotion, source certification, final status, bridge/pilot, or translation completion",carried forward under 68C877C0; Romance/Non-Slavic branch material is adjacent context only and does not alter R3 gates,1233d6f1557c831c23f6de8395182d8ae81e2217,token-reset/mutual-wake recovery; exact row carried forward from source-gated 68C packet under C33 current head; source-use/draft/non-canonical/review-only boundaries preserved,0D148231 branch delta makes C33 token-reset row packet branch-visible and adds Old-B DE6C read-only audit; exact R3 row support remains draft/non-canonical/source-gated only,r3_0d_micro,130,faa2c330deb886098750dafb5c500e244e1333fe,"generated-draft/non-canonical/not-native-reviewed/source-use/gap; no native review, community consent, accepted terminology, approval, license clearance, gate promotion, source certification, final status, bridge/pilot, visual inventory, term spine, sign rendering, or translation completion",fa_IR only; no Dari/Tajik authorization
0d148231ec91503b4083a187a738ddaf3a0abeae,9bbcb11b3e68d29ab98d3dee20ebf27855aed936,R3_9BBCB11B_ZIP_INFORMED_MICRO_EVIDENCE_REFRESH.csv,R3_5DCC7BF5_E58_PACKET_VISIBILITY_20260706T122646Z,fa_IR,POSTPUSH-C2-DRAFT-0131,ideal,ایدهآل,pdf-page-6:line-19:utf16-28,source-canon-recovery\rtl-persianate-arabic-gap-source-canon-cycle2-20260705\source-bodies\fa_IR\FA-IDEAL-003_KHU_nil_graphs_ideals.pdf,hash-match,fa_IR_or_persian,48,local source-corpus ZIP scanned for path/text witnesses; raw bodies not copied,"Use only with the cited source_context_locator; preserve RTL/formula adjacency as source-context support, not as accepted terminology.",zip-informed-source-gated-micro-evidence,"source-use/provenance/gap/generated-draft/noncanonical/not-native-reviewed; no bridge promotion, cross-gate merge, native-review, accepted terminology, canonical approval, license clearance, gate promotion, source certification, final status, bridge/pilot, or translation completion",carried forward under 68C877C0; Romance/Non-Slavic branch material is adjacent context only and does not alter R3 gates,1233d6f1557c831c23f6de8395182d8ae81e2217,token-reset/mutual-wake recovery; exact row carried forward from source-gated 68C packet under C33 current head; source-use/draft/non-canonical/review-only boundaries preserved,0D148231 branch delta makes C33 token-reset row packet branch-visible and adds Old-B DE6C read-only audit; exact R3 row support remains draft/non-canonical/source-gated only,r3_0d_micro,131,faa2c330deb886098750dafb5c500e244e1333fe,"generated-draft/non-canonical/not-native-reviewed/source-use/gap; no native review, community consent, accepted terminology, approval, license clearance, gate promotion, source certification, final status, bridge/pilot, visual inventory, term spine, sign rendering, or translation completion",fa_IR only; no Dari/Tajik authorization
0d148231ec91503b4083a187a738ddaf3a0abeae,9bbcb11b3e68d29ab98d3dee20ebf27855aed936,R3_9BBCB11B_ZIP_INFORMED_MICRO_EVIDENCE_REFRESH.csv,R3_5DCC7BF5_E58_PACKET_VISIBILITY_20260706T122646Z,fa_IR,POSTPUSH-C2-DRAFT-0132,ring,حلقه,pdf-page-6:line-19:utf16-107,source-canon-recovery\rtl-persianate-arabic-gap-source-canon-cycle2-20260705\source-bodies\fa_IR\FA-IDEAL-003_KHU_nil_graphs_ideals.pdf,hash-match,fa_IR_or_persian,48,local source-corpus ZIP scanned for path/text witnesses; raw bodies not copied,"Use only with the cited source_context_locator; preserve RTL/formula adjacency as source-context support, not as accepted terminology.",zip-informed-source-gated-micro-evidence,"source-use/provenance/gap/generated-draft/noncanonical/not-native-reviewed; no bridge promotion, cross-gate merge, native-review, accepted terminology, canonical approval, license clearance, gate promotion, source certification, final status, bridge/pilot, or translation completion",carried forward under 68C877C0; Romance/Non-Slavic branch material is adjacent context only and does not alter R3 gates,1233d6f1557c831c23f6de8395182d8ae81e2217,token-reset/mutual-wake recovery; exact row carried forward from source-gated 68C packet under C33 current head; source-use/draft/non-canonical/review-only boundaries preserved,0D148231 branch delta makes C33 token-reset row packet branch-visible and adds Old-B DE6C read-only audit; exact R3 row support remains draft/non-canonical/source-gated only,r3_0d_micro,132,faa2c330deb886098750dafb5c500e244e1333fe,"generated-draft/non-canonical/not-native-reviewed/source-use/gap; no native review, community consent, accepted terminology, approval, license clearance, gate promotion, source certification, final status, bridge/pilot, visual inventory, term spine, sign rendering, or translation completion",fa_IR only; no Dari/Tajik authorization
0d148231ec91503b4083a187a738ddaf3a0abeae,9bbcb11b3e68d29ab98d3dee20ebf27855aed936,R3_9BBCB11B_ZIP_INFORMED_MICRO_EVIDENCE_REFRESH.csv,R3_5DCC7BF5_E58_PACKET_VISIBILITY_20260706T122646Z,fa_IR,POSTPUSH-C2-DRAFT-0133,ideal,ایدهآل,pdf-page-6:line-20:utf16-83,source-canon-recovery\rtl-persianate-arabic-gap-source-canon-cycle2-20260705\source-bodies\fa_IR\FA-IDEAL-003_KHU_nil_graphs_ideals.pdf,hash-match,fa_IR_or_persian,48,local source-corpus ZIP scanned for path/text witnesses; raw bodies not copied,"Use only with the cited source_context_locator; preserve RTL/formula adjacency as source-context support, not as accepted terminology.",zip-informed-source-gated-micro-evidence,"source-use/provenance/gap/generated-draft/noncanonical/not-native-reviewed; no bridge promotion, cross-gate merge, native-review, accepted terminology, canonical approval, license clearance, gate promotion, source certification, final status, bridge/pilot, or translation completion",carried forward under 68C877C0; Romance/Non-Slavic branch material is adjacent context only and does not alter R3 gates,1233d6f1557c831c23f6de8395182d8ae81e2217,token-reset/mutual-wake recovery; exact row carried forward from source-gated 68C packet under C33 current head; source-use/draft/non-canonical/review-only boundaries preserved,0D148231 branch delta makes C33 token-reset row packet branch-visible and adds Old-B DE6C read-only audit; exact R3 row support remains draft/non-canonical/source-gated only,r3_0d_micro,133,faa2c330deb886098750dafb5c500e244e1333fe,"generated-draft/non-canonical/not-native-reviewed/source-use/gap; no native review, community consent, accepted terminology, approval, license clearance, gate promotion, source certification, final status, bridge/pilot, visual inventory, term spine, sign rendering, or translation completion",fa_IR only; no Dari/Tajik authorization
