Initial Win CP for (console input, console output, system): (CP437, CP65001, CP1252)
I changed them all to CP1252
Rc files read (in order):
  NONE
Latexmk: This is Latexmk, John Collins, 9 March 2026. Version 4.88.
No existing .aux file, so I'll make a simple one, and require run of *latex.
Latexmk: applying rule 'pdflatex'...
Rule 'pdflatex':  Reasons for rerun
Category 'other':
  Rerun of 'pdflatex' forced or previously required:
    Reason or flag: 'Initial setup'

------------
Run number 1 of rule 'pdflatex'
------------
------------
Running 'pdflatex  -interaction=nonstopmode -halt-on-error -file-line-error -recorder  "SGA2_English_Full_Reader.tex"'
------------
This is pdfTeX, Version 3.141592653-2.6-1.40.29 (MiKTeX 26.5) (preloaded format=pdflatex.fmt)
 restricted \write18 enabled.
entering extended mode
(SGA2_English_Full_Reader.tex
LaTeX2e <2025-11-01>
L3 programming layer <2026-03-20>
(<LOCAL_HOME>\AppData\Local\Programs\MiKTeX\tex/latex/base\book.cls
Document Class: book 2025/01/22 v1.4n Standard LaTeX document class
(<LOCAL_HOME>\AppData\Local\Programs\MiKTeX\tex/latex/base\bk11.clo))
(<LOCAL_HOME>\AppData\Local\Programs\MiKTeX\tex/latex/base\fontenc.sty)
(<LOCAL_HOME>\AppData\Local\Programs\MiKTeX\tex/latex/base\inputenc.sty)
(<LOCAL_HOME>\AppData\Local\Programs\MiKTeX\tex/latex/lm\lmodern.sty)
(<LOCAL_HOME>\AppData\Local\Programs\MiKTeX\tex/latex/microtype\microtype.st
y (<LOCAL_HOME>\AppData\Local\Programs\MiKTeX\tex/latex/graphics\keyval.sty)
 (<LOCAL_HOME>\AppData\Local\Programs\MiKTeX\tex/latex/etoolbox\etoolbox.sty
)
(<LOCAL_HOME>\AppData\Local\Programs\MiKTeX\tex/latex/microtype\microtype-pd
ftex.def)
(<LOCAL_HOME>\AppData\Local\Programs\MiKTeX\tex/latex/microtype\microtype.cf
g))
(<LOCAL_HOME>\AppData\Local\Programs\MiKTeX\tex/latex/amsmath\amsmath.sty
For additional information on amsmath, use the `?' option.
(<LOCAL_HOME>\AppData\Local\Programs\MiKTeX\tex/latex/amsmath\amstext.sty
(<LOCAL_HOME>\AppData\Local\Programs\MiKTeX\tex/latex/amsmath\amsgen.sty))
(<LOCAL_HOME>\AppData\Local\Programs\MiKTeX\tex/latex/amsmath\amsbsy.sty)
(<LOCAL_HOME>\AppData\Local\Programs\MiKTeX\tex/latex/amsmath\amsopn.sty))
(<LOCAL_HOME>\AppData\Local\Programs\MiKTeX\tex/latex/amsfonts\amssymb.sty
(<LOCAL_HOME>\AppData\Local\Programs\MiKTeX\tex/latex/amsfonts\amsfonts.sty)
) (<LOCAL_HOME>\AppData\Local\Programs\MiKTeX\tex/latex/amscls\amsthm.sty)
(<LOCAL_HOME>\AppData\Local\Programs\MiKTeX\tex/latex/amsmath\amscd.sty)
(<LOCAL_HOME>\AppData\Local\Programs\MiKTeX\tex/latex/mathtools\mathtools.st
y (<LOCAL_HOME>\AppData\Local\Programs\MiKTeX\tex/latex/tools\calc.sty)
(<LOCAL_HOME>\AppData\Local\Programs\MiKTeX\tex/latex/mathtools\mhsetup.sty)
)
(<LOCAL_HOME>\AppData\Local\Programs\MiKTeX\tex/latex/jknappen\mathrsfs.sty)
 (<LOCAL_HOME>\AppData\Local\Programs\MiKTeX\tex/latex/tools\xspace.sty)
(<LOCAL_HOME>\AppData\Local\Programs\MiKTeX\tex/latex/xcolor\xcolor.sty
(<LOCAL_HOME>\AppData\Local\Programs\MiKTeX\tex/latex/graphics-cfg\color.cfg
)
(<LOCAL_HOME>\AppData\Local\Programs\MiKTeX\tex/latex/graphics-def\pdftex.de
f)
(<LOCAL_HOME>\AppData\Local\Programs\MiKTeX\tex/latex/graphics\mathcolor.ltx
))
(<LOCAL_HOME>\AppData\Local\Programs\MiKTeX\tex/latex/graphics\graphicx.sty
(<LOCAL_HOME>\AppData\Local\Programs\MiKTeX\tex/latex/graphics\graphics.sty
(<LOCAL_HOME>\AppData\Local\Programs\MiKTeX\tex/latex/graphics\trig.sty)
(<LOCAL_HOME>\AppData\Local\Programs\MiKTeX\tex/latex/graphics-cfg\graphics.
cfg))) (<LOCAL_HOME>\AppData\Local\Programs\MiKTeX\tex/latex/tools\array.sty
)
(<LOCAL_HOME>\AppData\Local\Programs\MiKTeX\tex/latex/booktabs\booktabs.sty)
 (<LOCAL_HOME>\AppData\Local\Programs\MiKTeX\tex/latex/tools\longtable.sty)
(<LOCAL_HOME>\AppData\Local\Programs\MiKTeX\tex/latex/enumitem\enumitem.sty)
 (<LOCAL_HOME>\AppData\Local\Programs\MiKTeX\tex/latex/tocloft\tocloft.sty)
(<LOCAL_HOME>\AppData\Local\Programs\MiKTeX\tex/latex/tikz-cd\tikz-cd.sty
(<LOCAL_HOME>\AppData\Local\Programs\MiKTeX\tex/latex/pgf/frontendlayer\tikz
.sty
(<LOCAL_HOME>\AppData\Local\Programs\MiKTeX\tex/latex/pgf/basiclayer\pgf.sty

(<LOCAL_HOME>\AppData\Local\Programs\MiKTeX\tex/latex/pgf/utilities\pgfrcs.s
ty
(<LOCAL_HOME>\AppData\Local\Programs\MiKTeX\tex/generic/pgf/utilities\pgfuti
l-common.tex)
(<LOCAL_HOME>\AppData\Local\Programs\MiKTeX\tex/generic/pgf/utilities\pgfuti
l-latex.def)
(<LOCAL_HOME>\AppData\Local\Programs\MiKTeX\tex/generic/pgf/utilities\pgfrcs
.code.tex
(<LOCAL_HOME>\AppData\Local\Programs\MiKTeX\tex/generic/pgf\pgf.revision.tex
)))
(<LOCAL_HOME>\AppData\Local\Programs\MiKTeX\tex/latex/pgf/basiclayer\pgfcore
.sty
(<LOCAL_HOME>\AppData\Local\Programs\MiKTeX\tex/latex/pgf/systemlayer\pgfsys
.sty
(<LOCAL_HOME>\AppData\Local\Programs\MiKTeX\tex/generic/pgf/systemlayer\pgfs
ys.code.tex
(<LOCAL_HOME>\AppData\Local\Programs\MiKTeX\tex/generic/pgf/utilities\pgfkey
s.code.tex
(<LOCAL_HOME>\AppData\Local\Programs\MiKTeX\tex/generic/pgf/utilities\pgfkey
slibraryfiltered.code.tex))
(<LOCAL_HOME>\AppData\Local\Programs\MiKTeX\tex/generic/pgf/systemlayer\pgf.
cfg)
(<LOCAL_HOME>\AppData\Local\Programs\MiKTeX\tex/generic/pgf/systemlayer\pgfs
ys-pdftex.def
(<LOCAL_HOME>\AppData\Local\Programs\MiKTeX\tex/generic/pgf/systemlayer\pgfs
ys-common-pdf.def)))
(<LOCAL_HOME>\AppData\Local\Programs\MiKTeX\tex/generic/pgf/systemlayer\pgfs
yssoftpath.code.tex)
(<LOCAL_HOME>\AppData\Local\Programs\MiKTeX\tex/generic/pgf/systemlayer\pgfs
ysprotocol.code.tex))
(<LOCAL_HOME>\AppData\Local\Programs\MiKTeX\tex/generic/pgf/basiclayer\pgfco
re.code.tex
(<LOCAL_HOME>\AppData\Local\Programs\MiKTeX\tex/generic/pgf/math\pgfmath.cod
e.tex
(<LOCAL_HOME>\AppData\Local\Programs\MiKTeX\tex/generic/pgf/math\pgfmathutil
.code.tex)
(<LOCAL_HOME>\AppData\Local\Programs\MiKTeX\tex/generic/pgf/math\pgfmathpars
er.code.tex)
(<LOCAL_HOME>\AppData\Local\Programs\MiKTeX\tex/generic/pgf/math\pgfmathfunc
tions.code.tex)
(<LOCAL_HOME>\AppData\Local\Programs\MiKTeX\tex/generic/pgf/math\pgfmathfunc
tions.basic.code.tex)
(<LOCAL_HOME>\AppData\Local\Programs\MiKTeX\tex/generic/pgf/math\pgfmathfunc
tions.trigonometric.code.tex)
(<LOCAL_HOME>\AppData\Local\Programs\MiKTeX\tex/generic/pgf/math\pgfmathfunc
tions.random.code.tex)
(<LOCAL_HOME>\AppData\Local\Programs\MiKTeX\tex/generic/pgf/math\pgfmathfunc
tions.comparison.code.tex)
(<LOCAL_HOME>\AppData\Local\Programs\MiKTeX\tex/generic/pgf/math\pgfmathfunc
tions.base.code.tex)
(<LOCAL_HOME>\AppData\Local\Programs\MiKTeX\tex/generic/pgf/math\pgfmathfunc
tions.round.code.tex)
(<LOCAL_HOME>\AppData\Local\Programs\MiKTeX\tex/generic/pgf/math\pgfmathfunc
tions.misc.code.tex)
(<LOCAL_HOME>\AppData\Local\Programs\MiKTeX\tex/generic/pgf/math\pgfmathfunc
tions.integerarithmetics.code.tex)
(<LOCAL_HOME>\AppData\Local\Programs\MiKTeX\tex/generic/pgf/math\pgfmathcalc
.code.tex)
(<LOCAL_HOME>\AppData\Local\Programs\MiKTeX\tex/generic/pgf/math\pgfmathfloa
t.code.tex))
(<LOCAL_HOME>\AppData\Local\Programs\MiKTeX\tex/generic/pgf/math\pgfint.code
.tex)
(<LOCAL_HOME>\AppData\Local\Programs\MiKTeX\tex/generic/pgf/basiclayer\pgfco
repoints.code.tex)
(<LOCAL_HOME>\AppData\Local\Programs\MiKTeX\tex/generic/pgf/basiclayer\pgfco
repathconstruct.code.tex)
(<LOCAL_HOME>\AppData\Local\Programs\MiKTeX\tex/generic/pgf/basiclayer\pgfco
repathusage.code.tex)
(<LOCAL_HOME>\AppData\Local\Programs\MiKTeX\tex/generic/pgf/basiclayer\pgfco
rescopes.code.tex)
(<LOCAL_HOME>\AppData\Local\Programs\MiKTeX\tex/generic/pgf/basiclayer\pgfco
regraphicstate.code.tex)
(<LOCAL_HOME>\AppData\Local\Programs\MiKTeX\tex/generic/pgf/basiclayer\pgfco
retransformations.code.tex)
(<LOCAL_HOME>\AppData\Local\Programs\MiKTeX\tex/generic/pgf/basiclayer\pgfco
requick.code.tex)
(<LOCAL_HOME>\AppData\Local\Programs\MiKTeX\tex/generic/pgf/basiclayer\pgfco
reobjects.code.tex)
(<LOCAL_HOME>\AppData\Local\Programs\MiKTeX\tex/generic/pgf/basiclayer\pgfco
repathprocessing.code.tex)
(<LOCAL_HOME>\AppData\Local\Programs\MiKTeX\tex/generic/pgf/basiclayer\pgfco
rearrows.code.tex)
(<LOCAL_HOME>\AppData\Local\Programs\MiKTeX\tex/generic/pgf/basiclayer\pgfco
reshade.code.tex)
(<LOCAL_HOME>\AppData\Local\Programs\MiKTeX\tex/generic/pgf/basiclayer\pgfco
reimage.code.tex)
(<LOCAL_HOME>\AppData\Local\Programs\MiKTeX\tex/generic/pgf/basiclayer\pgfco
reexternal.code.tex)
(<LOCAL_HOME>\AppData\Local\Programs\MiKTeX\tex/generic/pgf/basiclayer\pgfco
relayers.code.tex)
(<LOCAL_HOME>\AppData\Local\Programs\MiKTeX\tex/generic/pgf/basiclayer\pgfco
retransparency.code.tex)
(<LOCAL_HOME>\AppData\Local\Programs\MiKTeX\tex/generic/pgf/basiclayer\pgfco
repatterns.code.tex)
(<LOCAL_HOME>\AppData\Local\Programs\MiKTeX\tex/generic/pgf/basiclayer\pgfco
rerdf.code.tex)))
(<LOCAL_HOME>\AppData\Local\Programs\MiKTeX\tex/generic/pgf/modules\pgfmodul
eshapes.code.tex)
(<LOCAL_HOME>\AppData\Local\Programs\MiKTeX\tex/generic/pgf/modules\pgfmodul
eplot.code.tex)
(<LOCAL_HOME>\AppData\Local\Programs\MiKTeX\tex/latex/pgf/compatibility\pgfc
omp-version-0-65.sty)
(<LOCAL_HOME>\AppData\Local\Programs\MiKTeX\tex/latex/pgf/compatibility\pgfc
omp-version-1-18.sty))
(<LOCAL_HOME>\AppData\Local\Programs\MiKTeX\tex/latex/pgf/utilities\pgffor.s
ty
(<LOCAL_HOME>\AppData\Local\Programs\MiKTeX\tex/latex/pgf/utilities\pgfkeys.
sty
(<LOCAL_HOME>\AppData\Local\Programs\MiKTeX\tex/generic/pgf/utilities\pgfkey
s.code.tex))
(<LOCAL_HOME>\AppData\Local\Programs\MiKTeX\tex/latex/pgf/math\pgfmath.sty
(<LOCAL_HOME>\AppData\Local\Programs\MiKTeX\tex/generic/pgf/math\pgfmath.cod
e.tex))
(<LOCAL_HOME>\AppData\Local\Programs\MiKTeX\tex/generic/pgf/utilities\pgffor
.code.tex))
(<LOCAL_HOME>\AppData\Local\Programs\MiKTeX\tex/generic/pgf/frontendlayer/ti
kz\tikz.code.tex
(<LOCAL_HOME>\AppData\Local\Programs\MiKTeX\tex/generic/pgf/libraries\pgflib
raryplothandlers.code.tex)
(<LOCAL_HOME>\AppData\Local\Programs\MiKTeX\tex/generic/pgf/modules\pgfmodul
ematrix.code.tex)
(<LOCAL_HOME>\AppData\Local\Programs\MiKTeX\tex/generic/pgf/frontendlayer/ti
kz/libraries\tikzlibrarytopaths.code.tex)))
(<LOCAL_HOME>\AppData\Local\Programs\MiKTeX\tex/latex/tikz-cd\tikzlibrarycd.
code.tex
(<LOCAL_HOME>\AppData\Local\Programs\MiKTeX\tex/generic/pgf/frontendlayer/ti
kz/libraries\tikzlibrarymatrix.code.tex)
(<LOCAL_HOME>\AppData\Local\Programs\MiKTeX\tex/generic/pgf/frontendlayer/ti
kz/libraries\tikzlibraryquotes.code.tex)
(<LOCAL_HOME>\AppData\Local\Programs\MiKTeX\tex/generic/pgf/libraries\pgflib
raryarrows.meta.code.tex)))
(<LOCAL_HOME>\AppData\Local\Programs\MiKTeX\tex/generic/xypic\xy.sty
(<LOCAL_HOME>\AppData\Local\Programs\MiKTeX\tex/generic/xypic\xy.tex
Bootstrap'ing: catcodes, docmode,
(<LOCAL_HOME>\AppData\Local\Programs\MiKTeX\tex/generic/xypic\xyrecat.tex)
(<LOCAL_HOME>\AppData\Local\Programs\MiKTeX\tex/generic/xypic\xyidioms.tex)

 Xy-pic version 3.8.9 <2013/10/06>
 Copyright (c) 1991-2013 by Kristoffer H. Rose <krisrose@tug.org> and others
 Xy-pic is free software: see the User's Guide for details.

Loading kernel: messages; fonts; allocations: state, direction,
utility macros; pictures: \xy, positions, objects, decorations;
kernel objects: directionals, circles, text; options; algorithms: directions,
edges, connections;  Xy-pic loaded)
(<LOCAL_HOME>\AppData\Local\Programs\MiKTeX\tex/generic/iftex\ifpdf.sty
(<LOCAL_HOME>\AppData\Local\Programs\MiKTeX\tex/generic/iftex\iftex.sty))
(<LOCAL_HOME>\AppData\Local\Programs\MiKTeX\tex/generic/xypic\xyall.tex
 Xy-pic option: All features v.3.8
(<LOCAL_HOME>\AppData\Local\Programs\MiKTeX\tex/generic/xypic\xycurve.tex
 Xy-pic option: Curve and Spline extension v.3.12 curve, circles, loaded)
(<LOCAL_HOME>\AppData\Local\Programs\MiKTeX\tex/generic/xypic\xyframe.tex
 Xy-pic option: Frame and Bracket extension v.3.14 loaded)
(<LOCAL_HOME>\AppData\Local\Programs\MiKTeX\tex/generic/xypic\xycmtip.tex
 Xy-pic option: Computer Modern tip extension v.3.7
(<LOCAL_HOME>\AppData\Local\Programs\MiKTeX\tex/generic/xypic\xytips.tex
 Xy-pic option: More Tips extension v.3.11 loaded) loaded)
(<LOCAL_HOME>\AppData\Local\Programs\MiKTeX\tex/generic/xypic\xyline.tex
 Xy-pic option: Line styles extension v.3.10 loaded)
(<LOCAL_HOME>\AppData\Local\Programs\MiKTeX\tex/generic/xypic\xyrotate.tex
 Xy-pic option: Rotate and Scale extension v.3.8 loaded)
(<LOCAL_HOME>\AppData\Local\Programs\MiKTeX\tex/generic/xypic\xycolor.tex
 Xy-pic option: Colour extension v.3.11 loaded)
(<LOCAL_HOME>\AppData\Local\Programs\MiKTeX\tex/generic/xypic\xymatrix.tex
 Xy-pic option: Matrix feature v.3.14 loaded)
(<LOCAL_HOME>\AppData\Local\Programs\MiKTeX\tex/generic/xypic\xyarrow.tex
 Xy-pic option: Arrow and Path feature v.3.9 path, \ar, loaded)
(<LOCAL_HOME>\AppData\Local\Programs\MiKTeX\tex/generic/xypic\xygraph.tex
 Xy-pic option: Graph feature v.3.11 loaded) loaded)
(<LOCAL_HOME>\AppData\Local\Programs\MiKTeX\tex/generic/xypic\xypdf.tex
 Xy-pic option: PDF driver v.1.7 Xy-pic pdf driver: `color' extension support
(<LOCAL_HOME>\AppData\Local\Programs\MiKTeX\tex/generic/xypic\xypdf-co.tex
loaded) Xy-pic pdf driver: `curve' extension support
(<LOCAL_HOME>\AppData\Local\Programs\MiKTeX\tex/generic/xypic\xypdf-cu.tex
loaded) Xy-pic pdf driver: `frame' extension support
(<LOCAL_HOME>\AppData\Local\Programs\MiKTeX\tex/generic/xypic\xypdf-fr.tex
loaded) Xy-pic pdf driver: `line' extension support
(<LOCAL_HOME>\AppData\Local\Programs\MiKTeX\tex/generic/xypic\xypdf-li.tex
loaded) Xy-pic pdf driver: `rotate' extension support
(<LOCAL_HOME>\AppData\Local\Programs\MiKTeX\tex/generic/xypic\xypdf-ro.tex
loaded) loaded))
(<LOCAL_HOME>\AppData\Local\Programs\MiKTeX\tex/latex/geometry\geometry.sty
(<LOCAL_HOME>\AppData\Local\Programs\MiKTeX\tex/generic/iftex\ifvtex.sty)
(<LOCAL_HOME>\AppData\Local\Programs\MiKTeX\tex/latex/geometry\geometry.cfg)
)
(<LOCAL_HOME>\AppData\Local\Programs\MiKTeX\tex/latex/hyperref\hyperref.sty
(<LOCAL_HOME>\AppData\Local\Programs\MiKTeX\tex/latex/kvsetkeys\kvsetkeys.st
y)
(<LOCAL_HOME>\AppData\Local\Programs\MiKTeX\tex/generic/kvdefinekeys\kvdefin
ekeys.sty)
(<LOCAL_HOME>\AppData\Local\Programs\MiKTeX\tex/generic/pdfescape\pdfescape.
sty
(<LOCAL_HOME>\AppData\Local\Programs\MiKTeX\tex/generic/ltxcmds\ltxcmds.sty)

(<LOCAL_HOME>\AppData\Local\Programs\MiKTeX\tex/generic/pdftexcmds\pdftexcmd
s.sty
(<LOCAL_HOME>\AppData\Local\Programs\MiKTeX\tex/generic/infwarerr\infwarerr.
sty)))
(<LOCAL_HOME>\AppData\Local\Programs\MiKTeX\tex/latex/hycolor\hycolor.sty)
(<LOCAL_HOME>\AppData\Local\Programs\MiKTeX\tex/latex/hyperref\nameref.sty
(<LOCAL_HOME>\AppData\Local\Programs\MiKTeX\tex/latex/refcount\refcount.sty)

(<LOCAL_HOME>\AppData\Local\Programs\MiKTeX\tex/generic/gettitlestring\getti
tlestring.sty
(<LOCAL_HOME>\AppData\Local\Programs\MiKTeX\tex/latex/kvoptions\kvoptions.st
y)))
(<LOCAL_HOME>\AppData\Local\Programs\MiKTeX\tex/generic/stringenc\stringenc.
sty)
(<LOCAL_HOME>\AppData\Local\Programs\MiKTeX\tex/latex/hyperref\pd1enc.def)
(<LOCAL_HOME>\AppData\Local\Programs\MiKTeX\tex/generic/intcalc\intcalc.sty)
(<LOCAL_HOME>\AppData\Local\Programs\MiKTeX\tex/latex/hyperref\puenc.def)
(<LOCAL_HOME>\AppData\Local\Programs\MiKTeX\tex/latex/url\url.sty)
(<LOCAL_HOME>\AppData\Local\Programs\MiKTeX\tex/generic/bitset\bitset.sty
(<LOCAL_HOME>\AppData\Local\Programs\MiKTeX\tex/generic/bigintcalc\bigintcal
c.sty)))
(<LOCAL_HOME>\AppData\Local\Programs\MiKTeX\tex/latex/hyperref\hpdftex.def
(<LOCAL_HOME>\AppData\Local\Programs\MiKTeX\tex/latex/rerunfilecheck\rerunfi
lecheck.sty
(<LOCAL_HOME>\AppData\Local\Programs\MiKTeX\tex/generic/uniquecounter\unique
counter.sty))) (sga2_reader_macros.tex)
(<LOCAL_HOME>\AppData\Local\Programs\MiKTeX\tex/generic/stringenc\se-pdfdoc.
def) (<LOCAL_HOME>\AppData\Local\Programs\MiKTeX\tex/latex/lm\t1lmr.fd)
(<LOCAL_HOME>\AppData\Local\Programs\MiKTeX\tex/latex/l3backend\l3backend-pd
ftex.def) (SGA2_English_Full_Reader.aux)
(<LOCAL_HOME>\AppData\Local\Programs\MiKTeX\tex/latex/microtype\mt-cmr.cfg)
(<LOCAL_HOME>\AppData\Local\Programs\MiKTeX\tex/context/base/mkii\supp-pdf.m
kii
[Loading MPS to PDF converter (version 2006.09.02).]
)
(<LOCAL_HOME>\AppData\Local\Programs\MiKTeX\tex/latex/epstopdf-pkg\epstopdf-
base.sty
(<LOCAL_HOME>\AppData\Local\Programs\MiKTeX\tex/latex/00miktex\epstopdf-sys.
cfg)) (<LOCAL_HOME>\AppData\Local\Programs\MiKTeX\tex/latex/lm\ot1lmr.fd)
(<LOCAL_HOME>\AppData\Local\Programs\MiKTeX\tex/latex/lm\omllmm.fd)
(<LOCAL_HOME>\AppData\Local\Programs\MiKTeX\tex/latex/lm\omslmsy.fd)
(<LOCAL_HOME>\AppData\Local\Programs\MiKTeX\tex/latex/lm\omxlmex.fd)
(<LOCAL_HOME>\AppData\Local\Programs\MiKTeX\tex/latex/amsfonts\umsa.fd)
(<LOCAL_HOME>\AppData\Local\Programs\MiKTeX\tex/latex/microtype\mt-msa.cfg)
(<LOCAL_HOME>\AppData\Local\Programs\MiKTeX\tex/latex/amsfonts\umsb.fd)
(<LOCAL_HOME>\AppData\Local\Programs\MiKTeX\tex/latex/microtype\mt-msb.cfg)
(<LOCAL_HOME>\AppData\Local\Programs\MiKTeX\tex/latex/jknappen\ursfs.fd)
*geometry* driver: auto-detecting
*geometry* detected driver: pdftex
[1{<LOCAL_HOME>/AppData/Local/MiKTeX/fonts/map/pdftex/pdftex.map}{C:/Users/F
loris/AppData/Local/Programs/MiKTeX/fonts/enc/dvips/lm/lm-ec.enc}] [1] [2{C:/Us
ers/Floris/AppData/Local/Programs/MiKTeX/fonts/enc/dvips/lm/lm-mathit.enc}]
No file SGA2_English_Full_Reader.toc.
[3] (parts/00_introduction.tex

LaTeX Warning: Hyper reference `I' on page 1 undefined on input line 15.


LaTeX Warning: Reference `I' on page 1 undefined on input line 15.


LaTeX Warning: Hyper reference `XI' on page 1 undefined on input line 15.


LaTeX Warning: Reference `XI' on page 1 undefined on input line 15.


LaTeX Warning: Hyper reference `III' on page 1 undefined on input line 35.


LaTeX Warning: Reference `III' on page 1 undefined on input line 35.


LaTeX Warning: Hyper reference `VIII' on page 1 undefined on input line 35.


LaTeX Warning: Reference `VIII' on page 1 undefined on input line 35.


LaTeX Warning: Hyper reference `IV' on page 1 undefined on input line 43.


LaTeX Warning: Reference `IV' on page 1 undefined on input line 43.


LaTeX Warning: Hyper reference `XIV' on page 1 undefined on input line 48.


LaTeX Warning: Reference `XIV' on page 1 undefined on input line 48.


LaTeX Warning: Hyper reference `XIII' on page 1 undefined on input line 51.


LaTeX Warning: Reference `XIII' on page 1 undefined on input line 51.


LaTeX Warning: Hyper reference `XIII' on page 1 undefined on input line 51.


LaTeX Warning: Reference `XIII' on page 1 undefined on input line 51.


LaTeX Warning: Hyper reference `XIII.6' on page 1 undefined on input line 51.


LaTeX Warning: Reference `XIII.6' on page 1 undefined on input line 51.


LaTeX Warning: Hyper reference `I' on page 1 undefined on input line 61.


LaTeX Warning: Reference `I' on page 1 undefined on input line 61.


LaTeX Warning: Hyper reference `I' on page 1 undefined on input line 66.


LaTeX Warning: Reference `I' on page 1 undefined on input line 66.


LaTeX Warning: Hyper reference `I.2.6' on page 1 undefined on input line 66.


LaTeX Warning: Reference `I.2.6' on page 1 undefined on input line 66.


LaTeX Warning: Hyper reference `II' on page 1 undefined on input line 72.


LaTeX Warning: Reference `II' on page 1 undefined on input line 72.


LaTeX Warning: Hyper reference `III' on page 1 undefined on input line 73.


LaTeX Warning: Reference `III' on page 1 undefined on input line 73.


LaTeX Warning: Hyper reference `III' on page 1 undefined on input line 74.


LaTeX Warning: Reference `III' on page 1 undefined on input line 74.


LaTeX Warning: Hyper reference `III.3.3' on page 1 undefined on input line 74.


LaTeX Warning: Reference `III.3.3' on page 1 undefined on input line 74.

[1{<LOCAL_HOME>/AppData/Local/Programs/MiKTeX/fonts/enc/dvips/lm/lm-mathsy.e
nc}{<LOCAL_HOME>/AppData/Local/Programs/MiKTeX/fonts/enc/dvips/lm/lm-rm.enc}
]

LaTeX Warning: Hyper reference `IV' on page 2 undefined on input line 76.


LaTeX Warning: Reference `IV' on page 2 undefined on input line 76.


LaTeX Warning: Hyper reference `V' on page 2 undefined on input line 76.


LaTeX Warning: Reference `V' on page 2 undefined on input line 76.


LaTeX Warning: Hyper reference `XII' on page 2 undefined on input line 78.


LaTeX Warning: Reference `XII' on page 2 undefined on input line 78.


LaTeX Warning: Hyper reference `XII.1.1' on page 2 undefined on input line 78.


LaTeX Warning: Reference `XII.1.1' on page 2 undefined on input line 78.


LaTeX Warning: Hyper reference `IV' on page 2 undefined on input line 80.


LaTeX Warning: Reference `IV' on page 2 undefined on input line 80.


LaTeX Warning: Hyper reference `VI' on page 2 undefined on input line 99.


LaTeX Warning: Reference `VI' on page 2 undefined on input line 99.


LaTeX Warning: Hyper reference `VII' on page 2 undefined on input line 99.


LaTeX Warning: Reference `VII' on page 2 undefined on input line 99.


LaTeX Warning: Hyper reference `VIII' on page 2 undefined on input line 100.


LaTeX Warning: Reference `VIII' on page 2 undefined on input line 100.


LaTeX Warning: Hyper reference `VIII' on page 2 undefined on input line 101.


LaTeX Warning: Reference `VIII' on page 2 undefined on input line 101.


LaTeX Warning: Hyper reference `VIII.2.3' on page 2 undefined on input line 101
.


LaTeX Warning: Reference `VIII.2.3' on page 2 undefined on input line 101.


LaTeX Warning: Hyper reference `IX' on page 2 undefined on input line 106.


LaTeX Warning: Reference `IX' on page 2 undefined on input line 106.


LaTeX Warning: Hyper reference `X' on page 2 undefined on input line 112.


LaTeX Warning: Reference `X' on page 2 undefined on input line 112.


LaTeX Warning: Hyper reference `XI' on page 2 undefined on input line 112.


LaTeX Warning: Reference `XI' on page 2 undefined on input line 112.


LaTeX Warning: Hyper reference `IX' on page 2 undefined on input line 120.


LaTeX Warning: Reference `IX' on page 2 undefined on input line 120.


LaTeX Warning: Hyper reference `X' on page 2 undefined on input line 125.


LaTeX Warning: Reference `X' on page 2 undefined on input line 125.


LaTeX Warning: Hyper reference `XI' on page 2 undefined on input line 125.


LaTeX Warning: Reference `XI' on page 2 undefined on input line 125.


LaTeX Warning: Hyper reference `XII' on page 2 undefined on input line 125.


LaTeX Warning: Reference `XII' on page 2 undefined on input line 125.


LaTeX Warning: Hyper reference `X' on page 2 undefined on input line 127.


LaTeX Warning: Reference `X' on page 2 undefined on input line 127.


LaTeX Warning: Hyper reference `XI' on page 2 undefined on input line 127.


LaTeX Warning: Reference `XI' on page 2 undefined on input line 127.


LaTeX Warning: Hyper reference `X' on page 2 undefined on input line 128.


LaTeX Warning: Reference `X' on page 2 undefined on input line 128.


LaTeX Warning: Hyper reference `X.3.4' on page 2 undefined on input line 128.


LaTeX Warning: Reference `X.3.4' on page 2 undefined on input line 128.


LaTeX Warning: Hyper reference `XI' on page 2 undefined on input line 129.


LaTeX Warning: Reference `XI' on page 2 undefined on input line 129.


LaTeX Warning: Hyper reference `XI.3.14' on page 2 undefined on input line 129.



LaTeX Warning: Reference `XI.3.14' on page 2 undefined on input line 129.


LaTeX Warning: Hyper reference `XII' on page 2 undefined on input line 131.


LaTeX Warning: Reference `XII' on page 2 undefined on input line 131.


LaTeX Warning: Hyper reference `XII' on page 2 undefined on input line 134.


LaTeX Warning: Reference `XII' on page 2 undefined on input line 134.


LaTeX Warning: Hyper reference `XII.3.5' on page 2 undefined on input line 134.



LaTeX Warning: Reference `XII.3.5' on page 2 undefined on input line 134.


LaTeX Warning: Hyper reference `XII' on page 2 undefined on input line 134.


LaTeX Warning: Reference `XII' on page 2 undefined on input line 134.


LaTeX Warning: Hyper reference `XII.3.7' on page 2 undefined on input line 134.



LaTeX Warning: Reference `XII.3.7' on page 2 undefined on input line 134.


LaTeX Warning: Hyper reference `XIII' on page 2 undefined on input line 136.


LaTeX Warning: Reference `XIII' on page 2 undefined on input line 136.


LaTeX Warning: Hyper reference `XIII' on page 2 undefined on input line 139.


LaTeX Warning: Reference `XIII' on page 2 undefined on input line 139.


LaTeX Warning: Hyper reference `XIII' on page 2 undefined on input line 142.


LaTeX Warning: Reference `XIII' on page 2 undefined on input line 142.


LaTeX Warning: Hyper reference `XIV' on page 2 undefined on input line 142.


LaTeX Warning: Reference `XIV' on page 2 undefined on input line 142.


LaTeX Warning: Hyper reference `XIV' on page 2 undefined on input line 144.


LaTeX Warning: Reference `XIV' on page 2 undefined on input line 144.


LaTeX Warning: Hyper reference `XIII' on page 2 undefined on input line 145.


LaTeX Warning: Reference `XIII' on page 2 undefined on input line 145.


LaTeX Warning: Hyper reference `XIV' on page 2 undefined on input line 146.


LaTeX Warning: Reference `XIV' on page 2 undefined on input line 146.


LaTeX Warning: Hyper reference `XIV.6.4' on page 2 undefined on input line 146.



LaTeX Warning: Reference `XIV.6.4' on page 2 undefined on input line 146.


LaTeX Warning: Hyper reference `XIV' on page 2 undefined on input line 149.


LaTeX Warning: Reference `XIV' on page 2 undefined on input line 149.


LaTeX Warning: Hyper reference `XIV.6.4' on page 2 undefined on input line 149.



LaTeX Warning: Reference `XIV.6.4' on page 2 undefined on input line 149.

[2]) (parts/01_expose_I.tex [3]
Expos\'e I.
[4]

LaTeX Warning: Reference `eq:I.8' on page 5 undefined on input line 132.


LaTeX Warning: Reference `eq:I.6' on page 5 undefined on input line 138.


LaTeX Warning: Reference `eq:I.8' on page 5 undefined on input line 139.


LaTeX Warning: Hyper reference `eq:I.8' on page 5 undefined on input line 142.


LaTeX Warning: Reference `eq:I.6' on page 5 undefined on input line 156.


LaTeX Warning: Reference `eq:I.7' on page 5 undefined on input line 156.

[5]

LaTeX Warning: Citation `Godement' on page 6 undefined on input line 193.


LaTeX Warning: Hyper reference `I.1.3' on page 6 undefined on input line 233.


LaTeX Warning: Hyper reference `I.1.3' on page 6 undefined on input line 245.


LaTeX Warning: Hyper reference `I.1.5' on page 6 undefined on input line 245.


LaTeX Warning: Hyper reference `I.1.3' on page 6 undefined on input line 266.


LaTeX Warning: Hyper reference `I.1.6' on page 6 undefined on input line 266.

[6{<LOCAL_HOME>/AppData/Local/Programs/MiKTeX/fonts/enc/dvips/lm/lm-mathex.e
nc}]

LaTeX Warning: Reference `eq:I.13' on page 7 undefined on input line 286.


LaTeX Warning: Reference `eq:I.8'' on page 7 undefined on input line 301.


LaTeX Warning: Reference `eq:I.14' on page 7 undefined on input line 302.


LaTeX Warning: Reference `eq:I.14' on page 7 undefined on input line 308.


LaTeX Warning: Reference `eq:I.8''' on page 7 undefined on input line 309.


LaTeX Warning: Reference `eq:I.16' on page 7 undefined on input line 337.


LaTeX Warning: Reference `eq:I.16' on page 7 undefined on input line 344.


LaTeX Warning: Hyper reference `I.1.8' on page 7 undefined on input line 359.


LaTeX Warning: Hyper reference `I.1.6' on page 7 undefined on input line 359.


LaTeX Warning: Reference `eq:I.17' on page 7 undefined on input line 374.


LaTeX Warning: Citation `Godement' on page 7 undefined on input line 375.

[7]

LaTeX Warning: Hyper reference `I.1.8' on page 8 undefined on input line 389.


LaTeX Warning: Hyper reference `I.1.9' on page 8 undefined on input line 389.


LaTeX Warning: Reference `eq:I.18' on page 8 undefined on input line 390.


LaTeX Warning: Reference `eq:I.16' on page 8 undefined on input line 394.


LaTeX Warning: Reference `eq:I.16bis' on page 8 undefined on input line 395.


LaTeX Warning: Hyper reference `I.2.2' on page 8 undefined on input line 418.


LaTeX Warning: Hyper reference `eq:I.14' on page 8 undefined on input line 432.



LaTeX Warning: Hyper reference `I.1.4' on page 8 undefined on input line 433.


LaTeX Warning: Reference `eq:I.19' on page 8 undefined on input line 434.


LaTeX Warning: Hyper reference `I.1.6' on page 8 undefined on input line 446.


LaTeX Warning: Citation `Tohoku' on page 8 undefined on input line 447.


LaTeX Warning: Hyper reference `I.2.3bof' on page 8 undefined on input line 461
.


LaTeX Warning: Hyper reference `I.2.3bis' on page 8 undefined on input line 462
.


LaTeX Warning: Citation `Tohoku' on page 8 undefined on input line 464.

[8]

LaTeX Warning: Hyper reference `I.2.3bof' on page 9 undefined on input line 477
.


LaTeX Warning: Hyper reference `I.2.6' on page 9 undefined on input line 491.


LaTeX Warning: Hyper reference `I.2.4' on page 9 undefined on input line 502.


LaTeX Warning: Reference `eq:I.23' on page 9 undefined on input line 507.


LaTeX Warning: Hyper reference `I.2.6' on page 9 undefined on input line 508.


LaTeX Warning: Reference `eq:I.23' on page 9 undefined on input line 510.


LaTeX Warning: Hyper reference `eq:I.23' on page 9 undefined on input line 515.



LaTeX Warning: Hyper reference `I.2.6' on page 9 undefined on input line 518.


LaTeX Warning: Hyper reference `I.2.5' on page 9 undefined on input line 520.


LaTeX Warning: Hyper reference `eq:I.18' on page 9 undefined on input line 522.



LaTeX Warning: Citation `Tohoku' on page 9 undefined on input line 523.


LaTeX Warning: Hyper reference `I.1.10' on page 9 undefined on input line 526.


LaTeX Warning: Hyper reference `eq:I.18' on page 9 undefined on input line 526.



LaTeX Warning: Hyper reference `eq:I.18' on page 9 undefined on input line 549.



LaTeX Warning: Hyper reference `I.1.8' on page 9 undefined on input line 558.


LaTeX Warning: Reference `eq:I.24' on page 9 undefined on input line 559.


LaTeX Warning: Reference `eq:I.24' on page 9 undefined on input line 570.

[9]

LaTeX Warning: Reference `eq:I.24' on page 10 undefined on input line 596.


LaTeX Warning: Reference `eq:I.27' on page 10 undefined on input line 596.


LaTeX Warning: Hyper reference `I.2.8' on page 10 undefined on input line 601.


LaTeX Warning: Reference `eq:I.27' on page 10 undefined on input line 657.


LaTeX Warning: Hyper reference `I.2.4' on page 10 undefined on input line 658.


LaTeX Warning: Reference `eq:I.27' on page 10 undefined on input line 660.


LaTeX Warning: Hyper reference `I.2.9' on page 10 undefined on input line 665.


LaTeX Warning: Hyper reference `eq:I.27' on page 10 undefined on input line 666
.


LaTeX Warning: Hyper reference `I.2.6' on page 10 undefined on input line 668.


LaTeX Warning: Hyper reference `I.2.8' on page 10 undefined on input line 668.

[10]

LaTeX Warning: Hyper reference `I.2.13' on page 11 undefined on input line 693.



LaTeX Warning: Reference `eq:I.27' on page 11 undefined on input line 700.


LaTeX Warning: Reference `eq:I.23bis' on page 11 undefined on input line 702.


LaTeX Warning: Hyper reference `I.2.6' on page 11 undefined on input line 705.


LaTeX Warning: Hyper reference `eq:I.23bis' on page 11 undefined on input line 
706.


LaTeX Warning: Hyper reference `I.2.13' on page 11 undefined on input line 708.



LaTeX Warning: Hyper reference `I.2.4' on page 11 undefined on input line 714.


LaTeX Warning: Reference `eq:I.28' on page 11 undefined on input line 716.


LaTeX Warning: Reference `eq:I.29' on page 11 undefined on input line 717.


LaTeX Warning: Hyper reference `I.2.11' on page 11 undefined on input line 720.



LaTeX Warning: Hyper reference `I.2.13' on page 11 undefined on input line 721.



LaTeX Warning: Reference `eq:I.23bis' on page 11 undefined on input line 742.

[11]) (parts/02_expose_II.tex [12]
Expos\'e II.

LaTeX Warning: Hyper reference `eq:I.24' on page 13 undefined on input line 25.



LaTeX Warning: Hyper reference `eq:I.22' on page 13 undefined on input line 40.



LaTeX Warning: Hyper reference `II.2' on page 13 undefined on input line 61.


LaTeX Warning: Hyper reference `II.2' on page 13 undefined on input line 89.


LaTeX Warning: Hyper reference `eq:I.23' on page 13 undefined on input line 92.


[13]

LaTeX Warning: Reference `eq:II.4.1' on page 14 undefined on input line 96.


LaTeX Warning: Reference `eq:II.4.2' on page 14 undefined on input line 97.


LaTeX Warning: Reference `eq:II.4.3' on page 14 undefined on input line 97.


LaTeX Warning: Hyper reference `eq:I.27' on page 14 undefined on input line 98.



LaTeX Warning: Hyper reference `II.1' on page 14 undefined on input line 102.


LaTeX Warning: Hyper reference `II.2' on page 14 undefined on input line 102.


LaTeX Warning: Hyper reference `II.4' on page 14 undefined on input line 106.


LaTeX Warning: Reference `eq:II.4.2' on page 14 undefined on input line 135.


LaTeX Warning: Reference `eq:II.4.3' on page 14 undefined on input line 136.


LaTeX Warning: Reference `eq:II.5.1' on page 14 undefined on input line 139.


LaTeX Warning: Reference `eq:II.5.*' on page 14 undefined on input line 183.

[14]

LaTeX Warning: Hyper reference `II.6' on page 15 undefined on input line 203.


LaTeX Warning: Hyper reference `II.6' on page 15 undefined on input line 203.


LaTeX Warning: Hyper reference `II.7' on page 15 undefined on input line 211.


LaTeX Warning: Reference `eq:II.7.2n' on page 15 undefined on input line 230.


LaTeX Warning: Reference `eq:II.7.1' on page 15 undefined on input line 231.


LaTeX Warning: Hyper reference `II.7' on page 15 undefined on input line 251.


LaTeX Warning: Hyper reference `II.6' on page 15 undefined on input line 253.


LaTeX Warning: Hyper reference `II.4' on page 15 undefined on input line 253.


LaTeX Warning: Hyper reference `II.6' on page 15 undefined on input line 256.


LaTeX Warning: Reference `eq:II.7.3' on page 15 undefined on input line 267.

[15]

LaTeX Warning: Reference `eq:II.7.5' on page 16 undefined on input line 292.


LaTeX Warning: Reference `eq:II.7.3' on page 16 undefined on input line 294.


LaTeX Warning: Reference `eq:II.5.1' on page 16 undefined on input line 295.


LaTeX Warning: Reference `eq:II.7.6' on page 16 undefined on input line 296.


LaTeX Warning: Reference `eq:II.7.6' on page 16 undefined on input line 297.


LaTeX Warning: Hyper reference `II.6' on page 16 undefined on input line 297.


LaTeX Warning: Reference `eq:II.7.6' on page 16 undefined on input line 303.


LaTeX Warning: Reference `eq:II.7.6' on page 16 undefined on input line 311.


LaTeX Warning: Reference `eq:II.7.6' on page 16 undefined on input line 324.


LaTeX Warning: Hyper reference `II.9' on page 16 undefined on input line 363.


LaTeX Warning: Reference `eq:II.5.1' on page 16 undefined on input line 366.


LaTeX Warning: Hyper reference `II.9' on page 16 undefined on input line 371.

[16]

LaTeX Warning: Hyper reference `II.11' on page 17 undefined on input line 426.


LaTeX Warning: Hyper reference `II.8' on page 17 undefined on input line 426.


LaTeX Warning: Hyper reference `II.6' on page 17 undefined on input line 426.


LaTeX Warning: Hyper reference `II.6' on page 17 undefined on input line 429.


LaTeX Warning: Hyper reference `II.10' on page 17 undefined on input line 429.

) (parts/03_expose_III.tex [17]
Expos\'e III.
(<LOCAL_HOME>\AppData\Local\Programs\MiKTeX\tex/latex/lm\ts1lmr.fd)
(<LOCAL_HOME>\AppData\Local\Programs\MiKTeX\tex/latex/amsfonts\ueuf.fd)
(<LOCAL_HOME>\AppData\Local\Programs\MiKTeX\tex/latex/microtype\mt-euf.cfg)
[18{<LOCAL_HOME>/AppData/Local/Programs/MiKTeX/fonts/enc/dvips/lm/lm-ts1.enc
}]

LaTeX Warning: Hyper reference `III.1.3' on page 19 undefined on input line 109
.


LaTeX Warning: Hyper reference `III.1.2' on page 19 undefined on input line 110
.


LaTeX Warning: Hyper reference `III.1.1' on page 19 undefined on input line 122
.


LaTeX Warning: Hyper reference `III.1.3' on page 19 undefined on input line 133
.

[19]

LaTeX Warning: Hyper reference `III.2.1' on page 20 undefined on input line 194
.


LaTeX Warning: Reference `eq:III.2.1' on page 20 undefined on input line 196.

[20]

LaTeX Warning: Hyper reference `III.2.4' on page 21 undefined on input line 242
.


LaTeX Warning: Hyper reference `III.2.4' on page 21 undefined on input line 242
.


LaTeX Warning: Hyper reference `III.2.4' on page 21 undefined on input line 242
.


LaTeX Warning: Hyper reference `III.2.4' on page 21 undefined on input line 244
.


LaTeX Warning: Hyper reference `III.2.4' on page 21 undefined on input line 252
.


LaTeX Warning: Hyper reference `III.2.4' on page 21 undefined on input line 252
.


LaTeX Warning: Hyper reference `III.2.4' on page 21 undefined on input line 253
.


LaTeX Warning: Hyper reference `III.2.4' on page 21 undefined on input line 253
.


LaTeX Warning: Hyper reference `III.2.4' on page 21 undefined on input line 254
.


LaTeX Warning: Hyper reference `III.2.4' on page 21 undefined on input line 254
.


LaTeX Warning: Hyper reference `III.2.2' on page 21 undefined on input line 254
.


LaTeX Warning: Hyper reference `III.2.4' on page 21 undefined on input line 255
.


LaTeX Warning: Hyper reference `III.2.4' on page 21 undefined on input line 255
.


LaTeX Warning: Hyper reference `III.2.2' on page 21 undefined on input line 255
.


LaTeX Warning: Reference `eq:III.2.2' on page 21 undefined on input line 273.


LaTeX Warning: Hyper reference `III.2.9' on page 21 undefined on input line 316
.

[21]

LaTeX Warning: Hyper reference `III.2.9' on page 22 undefined on input line 319
.


LaTeX Warning: Hyper reference `III.2.5' on page 22 undefined on input line 329
.


LaTeX Warning: Hyper reference `III.2.1' on page 22 undefined on input line 336
.

[22]

LaTeX Warning: Hyper reference `I.2.13' on page 23 undefined on input line 420.



LaTeX Warning: Hyper reference `III.3.1' on page 23 undefined on input line 428
.


LaTeX Warning: Hyper reference `III.2.4' on page 23 undefined on input line 446
.


LaTeX Warning: Hyper reference `III.3.3' on page 23 undefined on input line 447
.


LaTeX Warning: Hyper reference `III.2.4' on page 23 undefined on input line 449
.


LaTeX Warning: Hyper reference `II.6' on page 23 undefined on input line 454.

[23]

LaTeX Warning: Hyper reference `III.3.2' on page 24 undefined on input line 495
.


LaTeX Warning: Hyper reference `III.3.5' on page 24 undefined on input line 527
.

[24]

LaTeX Warning: Hyper reference `III.3.7' on page 25 undefined on input line 638
.


LaTeX Warning: Hyper reference `III.3.6' on page 25 undefined on input line 655
.

[25]

LaTeX Warning: Hyper reference `III.3.10' on page 26 undefined on input line 68
6.

) (parts/04_expose_IV.tex [26]
Expos\'e IV.
[27]

LaTeX Warning: Hyper reference `IV.1.1' on page 28 undefined on input line 116.



LaTeX Warning: Hyper reference `IV.1.1' on page 28 undefined on input line 127.



LaTeX Warning: Hyper reference `IV.1.1' on page 28 undefined on input line 131.


[28]

LaTeX Warning: Hyper reference `IV.1.3' on page 29 undefined on input line 180.



LaTeX Warning: Hyper reference `IV.1.3' on page 29 undefined on input line 220.


[29]

LaTeX Warning: Hyper reference `IV.2.1' on page 30 undefined on input line 287.


[30]

LaTeX Warning: Hyper reference `IV.2.1' on page 31 undefined on input line 348.


[31]

LaTeX Warning: Hyper reference `IV.2.1' on page 32 undefined on input line 437.



LaTeX Warning: Hyper reference `IV.3.1' on page 32 undefined on input line 473.



LaTeX Warning: Hyper reference `IV.4.1' on page 32 undefined on input line 481.


[32]

LaTeX Warning: Hyper reference `IV.4.5' on page 33 undefined on input line 586.


[33]

LaTeX Warning: Hyper reference `IV.4.6' on page 34 undefined on input line 613.



LaTeX Warning: Hyper reference `IV.4.3' on page 34 undefined on input line 617.



LaTeX Warning: Hyper reference `IV.4.7' on page 34 undefined on input line 626.



LaTeX Warning: Hyper reference `IV.4.7' on page 34 undefined on input line 656.


[34]

LaTeX Warning: Hyper reference `IV.1.3' on page 35 undefined on input line 684.



LaTeX Warning: Hyper reference `IV.2.1' on page 35 undefined on input line 687.



LaTeX Warning: Hyper reference `IV.3.1' on page 35 undefined on input line 688.



LaTeX Warning: Hyper reference `IV.2.2' on page 35 undefined on input line 705.


[35]

LaTeX Warning: Hyper reference `IV.5.1' on page 36 undefined on input line 816.


[36]

LaTeX Warning: Hyper reference `II.6' on page 37 undefined on input line 875.

[37]) (parts/05_expose_V.tex [38]
Expos\'e V.

Package hyperref Warning: Token not allowed in a PDF string (Unicode):
(hyperref)                removing `math shift' on input line 10.


Package hyperref Warning: Token not allowed in a PDF string (Unicode):
(hyperref)                removing `superscript' on input line 10.


Package hyperref Warning: Token not allowed in a PDF string (Unicode):
(hyperref)                removing `math shift' on input line 10.

[39]

LaTeX Warning: Hyper reference `eq:V.1.3' on page 40 undefined on input line 11
2.


LaTeX Warning: Hyper reference `eq:V.6' on page 40 undefined on input line 119.



LaTeX Warning: Hyper reference `eq:V.5' on page 40 undefined on input line 119.



LaTeX Warning: Hyper reference `eq:V.1.4' on page 40 undefined on input line 13
6.


LaTeX Warning: Hyper reference `eq:V.5' on page 40 undefined on input line 137.



LaTeX Warning: Hyper reference `eq:V.6' on page 40 undefined on input line 137.


[40]

LaTeX Warning: Hyper reference `eq:V.1.4' on page 41 undefined on input line 16
0.


LaTeX Warning: Hyper reference `eq:V.12' on page 41 undefined on input line 172
.


LaTeX Warning: Hyper reference `eq:V.12' on page 41 undefined on input line 183
.


LaTeX Warning: Hyper reference `eq:V.1.3' on page 41 undefined on input line 18
9.


LaTeX Warning: Hyper reference `eq:V.1.4' on page 41 undefined on input line 18
9.


LaTeX Warning: Hyper reference `IV.5.4' on page 41 undefined on input line 209.



LaTeX Warning: Hyper reference `eq:V.1.5' on page 41 undefined on input line 21
0.

[41]

LaTeX Warning: Hyper reference `eq:V.14' on page 42 undefined on input line 232
.


LaTeX Warning: Hyper reference `eq:V.14' on page 42 undefined on input line 247
.


LaTeX Warning: Hyper reference `III.3.4' on page 42 undefined on input line 250
.

[42]

LaTeX Warning: Hyper reference `eq:V.16' on page 43 undefined on input line 331
.


LaTeX Warning: Hyper reference `eq:V.17' on page 43 undefined on input line 331
.


LaTeX Warning: Hyper reference `I.2.3bof' on page 43 undefined on input line 33
6.


LaTeX Warning: Marginpar on page 43 moved.


LaTeX Warning: Hyper reference `eq:V.15' on page 43 undefined on input line 349
.


LaTeX Warning: Hyper reference `V.3.2' on page 43 undefined on input line 350.


LaTeX Warning: Hyper reference `V.2.1' on page 43 undefined on input line 376.

[43]

LaTeX Warning: Hyper reference `eq:V.22' on page 44 undefined on input line 435
.


LaTeX Warning: Hyper reference `eq:V.22' on page 44 undefined on input line 451
.

[44]

LaTeX Warning: Hyper reference `I.2.9' on page 45 undefined on input line 560.


LaTeX Warning: Hyper reference `V.3.1' on page 45 undefined on input line 566.

[45]

LaTeX Warning: Hyper reference `V.3.2' on page 46 undefined on input line 597.


LaTeX Warning: Hyper reference `V.2.1' on page 46 undefined on input line 598.


LaTeX Warning: Hyper reference `IV.4.7' on page 46 undefined on input line 602.



LaTeX Warning: Hyper reference `eq:V.24' on page 46 undefined on input line 622
.


LaTeX Warning: Hyper reference `V.2.1' on page 46 undefined on input line 628.


LaTeX Warning: Hyper reference `V.3.5' on page 46 undefined on input line 658.


LaTeX Warning: Hyper reference `III.3.1' on page 46 undefined on input line 658
.

) (parts/06_expose_VI.tex [46]
Expos\'e VI.

Package hyperref Warning: Token not allowed in a PDF string (Unicode):
(hyperref)                removing `math shift' on input line 11.


Package hyperref Warning: Token not allowed in a PDF string (Unicode):
(hyperref)                removing `\new@ifnextchar' on input line 11.


Package hyperref Warning: Token not allowed in a PDF string (Unicode):
(hyperref)                removing `subscript' on input line 11.


Package hyperref Warning: Token not allowed in a PDF string (Unicode):
(hyperref)                removing `superscript' on input line 11.


Package hyperref Warning: Token not allowed in a PDF string (Unicode):
(hyperref)                removing `\bullet' on input line 11.


Package hyperref Warning: Token not allowed in a PDF string (Unicode):
(hyperref)                removing `math shift' on input line 11.


Package hyperref Warning: Token not allowed in a PDF string (Unicode):
(hyperref)                removing `math shift' on input line 11.


Package hyperref Warning: Token not allowed in a PDF string (Unicode):
(hyperref)                removing `\leavevmode@ifvmode' on input line 11.


Package hyperref Warning: Token not allowed in a PDF string (Unicode):
(hyperref)                \kern -1.82538pt
(hyperref)                removed on input line 11.


Package hyperref Warning: Token not allowed in a PDF string (Unicode):
(hyperref)                removing `subscript' on input line 11.


Package hyperref Warning: Token not allowed in a PDF string (Unicode):
(hyperref)                removing `superscript' on input line 11.


Package hyperref Warning: Token not allowed in a PDF string (Unicode):
(hyperref)                removing `\bullet' on input line 11.


Package hyperref Warning: Token not allowed in a PDF string (Unicode):
(hyperref)                removing `math shift' on input line 11.


LaTeX Warning: Hyper reference `VI.1.3' on page 47 undefined on input line 44.


LaTeX Warning: Reference `VI.1.4.2' on page 47 undefined on input line 87.

[47]

LaTeX Warning: Hyper reference `I.1.9' on page 48 undefined on input line 101.


LaTeX Warning: Hyper reference `I.2.12' on page 48 undefined on input line 102.



LaTeX Warning: Reference `VI.1.4.3' on page 48 undefined on input line 109.


LaTeX Warning: Hyper reference `I.1.4' on page 48 undefined on input line 113.


LaTeX Warning: Reference `VI.1.4.2' on page 48 undefined on input line 120.


LaTeX Warning: Hyper reference `VI.1.7.2' on page 48 undefined on input line 15
6.


LaTeX Warning: Hyper reference `VI.1.4.2' on page 48 undefined on input line 15
6.


LaTeX Warning: Hyper reference `VI.1.3' on page 48 undefined on input line 189.



LaTeX Warning: Hyper reference `VI.1.8' on page 48 undefined on input line 189.


[48]

LaTeX Warning: Hyper reference `VI.1.6.3' on page 49 undefined on input line 20
0.


LaTeX Warning: Hyper reference `II.3' on page 49 undefined on input line 205.


LaTeX Warning: Hyper reference `VI.1.4' on page 49 undefined on input line 235.



LaTeX Warning: Hyper reference `VI.2.3' on page 49 undefined on input line 256.



LaTeX Warning: Hyper reference `II.6' on page 49 undefined on input line 258.


LaTeX Warning: Hyper reference `VI.1.6.2' on page 49 undefined on input line 25
8.


LaTeX Warning: Hyper reference `VI.2.1' on page 49 undefined on input line 261.


[49]

LaTeX Warning: Hyper reference `VI.2.3.1' on page 50 undefined on input line 27
2.


LaTeX Warning: Hyper reference `VI.2.3.1' on page 50 undefined on input line 27
5.


LaTeX Warning: Hyper reference `II.9' on page 50 undefined on input line 283.


LaTeX Warning: Hyper reference `II.11' on page 50 undefined on input line 283.


LaTeX Warning: Hyper reference `IV.2.2' on page 50 undefined on input line 284.



LaTeX Warning: Hyper reference `VI.1.6.3' on page 50 undefined on input line 29
1.

) (parts/07_expose_VII.tex [50]
Expos\'e VII.

LaTeX Warning: Hyper reference `VII.1.1' on page 51 undefined on input line 37.



LaTeX Warning: Hyper reference `IV.1.3' on page 51 undefined on input line 50.


LaTeX Warning: Hyper reference `II.6' on page 51 undefined on input line 55.


LaTeX Warning: Hyper reference `VI.2.3' on page 51 undefined on input line 61.

[51]

LaTeX Warning: Hyper reference `VII.1.2' on page 52 undefined on input line 127
.


LaTeX Warning: Hyper reference `eq:VII.1.1' on page 52 undefined on input line 
141.


LaTeX Warning: Hyper reference `eq:VII.1.1' on page 52 undefined on input line 
142.


LaTeX Warning: Hyper reference `eq:VII.1.1' on page 52 undefined on input line 
144.

[52]

LaTeX Warning: Hyper reference `VII.1.3' on page 53 undefined on input line 166
.


LaTeX Warning: Hyper reference `VII.1.2' on page 53 undefined on input line 183
.


LaTeX Warning: Hyper reference `VII.1.1' on page 53 undefined on input line 185
.


LaTeX Warning: Hyper reference `VII.1.2' on page 53 undefined on input line 191
.


LaTeX Warning: Hyper reference `III.3.3' on page 53 undefined on input line 206
.


LaTeX Warning: Hyper reference `VII.1.2' on page 53 undefined on input line 206
.


LaTeX Warning: Reference `eq:VII.1.2' on page 53 undefined on input line 221.

[53]

LaTeX Warning: Hyper reference `VII.1.6' on page 54 undefined on input line 270
.


LaTeX Warning: Hyper reference `VII.1.5' on page 54 undefined on input line 270
.


LaTeX Warning: Hyper reference `III.3.3' on page 54 undefined on input line 275
.


LaTeX Warning: Hyper reference `VII.1.2' on page 54 undefined on input line 276
.


LaTeX Warning: Hyper reference `VII.1.5' on page 54 undefined on input line 277
.

[54]

LaTeX Warning: Hyper reference `VII.2.1' on page 55 undefined on input line 307
.


LaTeX Warning: Hyper reference `VII.2.1' on page 55 undefined on input line 311
.


LaTeX Warning: Hyper reference `VII.2.1' on page 55 undefined on input line 311
.


LaTeX Warning: Hyper reference `VII.1.5' on page 55 undefined on input line 312
.


LaTeX Warning: Hyper reference `VII.2.1' on page 55 undefined on input line 312
.


LaTeX Warning: Hyper reference `VII.2.2' on page 55 undefined on input line 349
.

[55]

LaTeX Warning: Hyper reference `VII.2.3' on page 56 undefined on input line 371
.


LaTeX Warning: Hyper reference `VII.1.7' on page 56 undefined on input line 387
.


LaTeX Warning: Hyper reference `VII.2.2' on page 56 undefined on input line 389
.


LaTeX Warning: Hyper reference `VII.2.2' on page 56 undefined on input line 395
.


LaTeX Warning: Hyper reference `VII.2.1' on page 56 undefined on input line 402
.


LaTeX Warning: Hyper reference `VII.1.7' on page 56 undefined on input line 409
.

) (parts/08_expose_VIII.tex [56]
Expos\'e VIII.
[57] [58]

LaTeX Warning: Hyper reference `VIII.1.2' on page 59 undefined on input line 21
9.


LaTeX Warning: Hyper reference `eq:VIII.1.5' on page 59 undefined on input line
 257.


LaTeX Warning: Hyper reference `VIII.1.4' on page 59 undefined on input line 25
7.


LaTeX Warning: Hyper reference `eq:VIII.1.1' on page 59 undefined on input line
 259.

[59]

LaTeX Warning: Hyper reference `VIII.2.4' on page 60 undefined on input line 36
0.


LaTeX Warning: Hyper reference `VIII.3' on page 60 undefined on input line 390.


[60] [61]

LaTeX Warning: Hyper reference `V.2.1' on page 62 undefined on input line 497.


LaTeX Warning: Hyper reference `eq:VIII.2.3' on page 62 undefined on input line
 529.


LaTeX Warning: Hyper reference `eq:VIII.2.2' on page 62 undefined on input line
 568.


LaTeX Warning: Hyper reference `eq:VIII.2.6' on page 62 undefined on input line
 588.

[62]

LaTeX Warning: Hyper reference `VIII.2.5' on page 63 undefined on input line 60
7.


LaTeX Warning: Hyper reference `VII.2.3' on page 63 undefined on input line 629
.


LaTeX Warning: Hyper reference `I.2.11' on page 63 undefined on input line 655.


[63]

LaTeX Warning: Hyper reference `eq:VIII.2.7' on page 64 undefined on input line
 783.

[64]

LaTeX Warning: Hyper reference `III.2.1' on page 65 undefined on input line 813
.

[65]

LaTeX Warning: Hyper reference `VIII.2.3' on page 66 undefined on input line 90
4.

[66]) (parts/09_expose_IX.tex [67]
Expos\'e IX.
[68]

LaTeX Warning: Hyper reference `eq:IX.1.6' on page 69 undefined on input line 1
02.


LaTeX Warning: Hyper reference `eq:IX.1.7' on page 69 undefined on input line 1
04.


LaTeX Warning: Hyper reference `eq:IX.1.10' on page 69 undefined on input line 
188.

[69]

LaTeX Warning: Hyper reference `eq:IX.1.11' on page 70 undefined on input line 
200.

[70]

LaTeX Warning: Hyper reference `eq:IX.1.22' on page 71 undefined on input line 
303.


LaTeX Warning: Hyper reference `IX.1.1' on page 71 undefined on input line 328.



LaTeX Warning: Hyper reference `IX.1.1' on page 71 undefined on input line 341.



LaTeX Warning: Hyper reference `eq:IX.1.14' on page 71 undefined on input line 
356.


LaTeX Warning: Hyper reference `eq:IX.1.15' on page 71 undefined on input line 
356.


LaTeX Warning: Hyper reference `IX.1.1' on page 71 undefined on input line 356.


[71]

LaTeX Warning: Hyper reference `eq:IX.1.30' on page 72 undefined on input line 
403.


LaTeX Warning: Hyper reference `eq:IX.1.7' on page 72 undefined on input line 4
03.

[72]

LaTeX Warning: Hyper reference `eq:IX.1.30' on page 73 undefined on input line 
436.


LaTeX Warning: Hyper reference `eq:IX.1.3' on page 73 undefined on input line 4
44.


LaTeX Warning: Hyper reference `eq:IX.1.2' on page 73 undefined on input line 4
44.


LaTeX Warning: Hyper reference `IX.2.1' on page 73 undefined on input line 446.



LaTeX Warning: Hyper reference `IX.1.4' on page 73 undefined on input line 452.



LaTeX Warning: Hyper reference `IX.1.4' on page 73 undefined on input line 469.



LaTeX Warning: Hyper reference `eq:IX.1.33' on page 73 undefined on input line 
470.

[73]

LaTeX Warning: Hyper reference `eq:IX.2.3' on page 74 undefined on input line 5
50.


LaTeX Warning: Hyper reference `eq:IX.2.3' on page 74 undefined on input line 5
51.


LaTeX Warning: Hyper reference `eq:IX.1.31' on page 74 undefined on input line 
567.


LaTeX Warning: Hyper reference `eq:IX.1.32' on page 74 undefined on input line 
567.


LaTeX Warning: Hyper reference `eq:IX.1.33' on page 74 undefined on input line 
567.


LaTeX Warning: Hyper reference `IX.2.1' on page 74 undefined on input line 603.



LaTeX Warning: Hyper reference `IX.2.2' on page 74 undefined on input line 604.



LaTeX Warning: Hyper reference `IX.2.1' on page 74 undefined on input line 610.



LaTeX Warning: Hyper reference `IX.2.2' on page 74 undefined on input line 614.



LaTeX Warning: Hyper reference `IX.2.1' on page 74 undefined on input line 615.



LaTeX Warning: Hyper reference `eq:IX.1.31' on page 74 undefined on input line 
634.


LaTeX Warning: Hyper reference `eq:IX.1.32' on page 74 undefined on input line 
634.


LaTeX Warning: Hyper reference `eq:IX.1.33' on page 74 undefined on input line 
634.

[74]) (parts/10_expose_X.tex [75]
Expos\'e X.
[76]

LaTeX Warning: Hyper reference `VIII.2.3' on page 77 undefined on input line 13
5.


LaTeX Warning: Hyper reference `VIII.2.1' on page 77 undefined on input line 14
8.

[77]

LaTeX Warning: Hyper reference `IX.1.5' on page 78 undefined on input line 179.


<xymatrix 3x2 142>

LaTeX Warning: Hyper reference `IX.2.3' on page 78 undefined on input line 226.


[78]

LaTeX Warning: Hyper reference `X.2.1' on page 79 undefined on input line 244.

(<LOCAL_HOME>\AppData\Local\Programs\MiKTeX\tex/latex/lm\ot1lmss.fd)
[79]

LaTeX Warning: Hyper reference `X.1.1' on page 80 undefined on input line 331.


LaTeX Warning: Hyper reference `X.1.1' on page 80 undefined on input line 380.


LaTeX Warning: Hyper reference `X.2.3' on page 80 undefined on input line 380.


LaTeX Warning: Hyper reference `X.3.3' on page 80 undefined on input line 383.


LaTeX Warning: Hyper reference `XII.2.4' on page 80 undefined on input line 383
.


LaTeX Warning: Hyper reference `XII.3.4' on page 80 undefined on input line 383
.


LaTeX Warning: Hyper reference `X.3.4' on page 80 undefined on input line 394.

[80]

LaTeX Warning: Hyper reference `XIV.1.6' on page 81 undefined on input line 447
.


LaTeX Warning: Hyper reference `XIV.1.8' on page 81 undefined on input line 468
.


LaTeX Warning: Hyper reference `X.3.3' on page 81 undefined on input line 468.

[81]

LaTeX Warning: Hyper reference `III' on page 82 undefined on input line 529.


LaTeX Warning: Reference `III' on page 82 undefined on input line 529.


LaTeX Warning: Hyper reference `III.3.3' on page 82 undefined on input line 529
.


LaTeX Warning: Reference `III.3.3' on page 82 undefined on input line 529.


LaTeX Warning: Hyper reference `X.3.6' on page 82 undefined on input line 559.


LaTeX Warning: Hyper reference `X.3.5' on page 82 undefined on input line 595.


LaTeX Warning: Hyper reference `X.3.6' on page 82 undefined on input line 595.

[82]

LaTeX Warning: Hyper reference `X.1.1' on page 83 undefined on input line 631.

<xymatrix 5x2 342>

LaTeX Warning: Hyper reference `X.2.1' on page 83 undefined on input line 645.


LaTeX Warning: Hyper reference `X.2.3' on page 83 undefined on input line 645.


LaTeX Warning: Hyper reference `X.2.1' on page 83 undefined on input line 649.


LaTeX Warning: Hyper reference `X.2.3' on page 83 undefined on input line 651.


LaTeX Warning: Hyper reference `X.3.3' on page 83 undefined on input line 653.


LaTeX Warning: Hyper reference `X.3.5' on page 83 undefined on input line 663.


LaTeX Warning: Hyper reference `VIII.2.3' on page 83 undefined on input line 67
2.


LaTeX Warning: Hyper reference `X.3.8' on page 83 undefined on input line 690.


LaTeX Warning: Hyper reference `X.3.9' on page 83 undefined on input line 694.

[83]

LaTeX Warning: Hyper reference `X.3.8' on page 84 undefined on input line 707.


LaTeX Warning: Hyper reference `X.3.9' on page 84 undefined on input line 713.


LaTeX Warning: Hyper reference `X.2.1' on page 84 undefined on input line 725.


LaTeX Warning: Hyper reference `X.2.2' on page 84 undefined on input line 725.


LaTeX Warning: Hyper reference `X.2.1' on page 84 undefined on input line 742.


LaTeX Warning: Hyper reference `X.2.2' on page 84 undefined on input line 742.

) (parts/11_expose_XI.tex [84]
Expos\'e XI.

Package hyperref Warning: Token not allowed in a PDF string (Unicode):
(hyperref)                removing `math shift' on input line 16.


Package hyperref Warning: Token not allowed in a PDF string (Unicode):
(hyperref)                removing `\new@ifnextchar' on input line 16.


Package hyperref Warning: Token not allowed in a PDF string (Unicode):
(hyperref)                removing `\setbox' on input line 16.


Package hyperref Warning: Token not allowed in a PDF string (Unicode):
(hyperref)                removing `\z@' on input line 16.


Package hyperref Warning: Token not allowed in a PDF string (Unicode):
(hyperref)                removing `\hbox' on input line 16.


Package hyperref Warning: Token not allowed in a PDF string (Unicode):
(hyperref)                removing `\mathsurround' on input line 16.


Package hyperref Warning: Token not allowed in a PDF string (Unicode):
(hyperref)                removing `\z@' on input line 16.


Package hyperref Warning: Token not allowed in a PDF string (Unicode):
(hyperref)                removing `math shift' on input line 16.


Package hyperref Warning: Token not allowed in a PDF string (Unicode):
(hyperref)                removing `\textstyle' on input line 16.


Package hyperref Warning: Token not allowed in a PDF string (Unicode):
(hyperref)                removing `math shift' on input line 16.


Package hyperref Warning: Token not allowed in a PDF string (Unicode):
(hyperref)                removing `\mathaccent' on input line 16.


Package hyperref Warning: Token not allowed in a PDF string (Unicode):
(hyperref)                removing `math shift' on input line 16.


Package hyperref Warning: Token not allowed in a PDF string (Unicode):
(hyperref)                removing `math shift' on input line 16.


Package hyperref Warning: Token not allowed in a PDF string (Unicode):
(hyperref)                removing `\new@ifnextchar' on input line 16.


Package hyperref Warning: Token not allowed in a PDF string (Unicode):
(hyperref)                removing `math shift' on input line 16.


LaTeX Warning: Reference `eq:XI.1.1' on page 85 undefined on input line 34.

[85]

Package hyperref Warning: Token not allowed in a PDF string (Unicode):
(hyperref)                removing `math shift' on input line 80.


Package hyperref Warning: Token not allowed in a PDF string (Unicode):
(hyperref)                removing `\new@ifnextchar' on input line 80.


Package hyperref Warning: Token not allowed in a PDF string (Unicode):
(hyperref)                removing `math shift' on input line 80.


Package hyperref Warning: Token not allowed in a PDF string (Unicode):
(hyperref)                removing `math shift' on input line 80.


Package hyperref Warning: Token not allowed in a PDF string (Unicode):
(hyperref)                removing `\new@ifnextchar' on input line 80.


Package hyperref Warning: Token not allowed in a PDF string (Unicode):
(hyperref)                removing `\setbox' on input line 80.


Package hyperref Warning: Token not allowed in a PDF string (Unicode):
(hyperref)                removing `\z@' on input line 80.


Package hyperref Warning: Token not allowed in a PDF string (Unicode):
(hyperref)                removing `\hbox' on input line 80.


Package hyperref Warning: Token not allowed in a PDF string (Unicode):
(hyperref)                removing `\mathsurround' on input line 80.


Package hyperref Warning: Token not allowed in a PDF string (Unicode):
(hyperref)                removing `\z@' on input line 80.


Package hyperref Warning: Token not allowed in a PDF string (Unicode):
(hyperref)                removing `math shift' on input line 80.


Package hyperref Warning: Token not allowed in a PDF string (Unicode):
(hyperref)                removing `\textstyle' on input line 80.


Package hyperref Warning: Token not allowed in a PDF string (Unicode):
(hyperref)                removing `math shift' on input line 80.


Package hyperref Warning: Token not allowed in a PDF string (Unicode):
(hyperref)                removing `\mathaccent' on input line 80.


Package hyperref Warning: Token not allowed in a PDF string (Unicode):
(hyperref)                removing `math shift' on input line 80.


LaTeX Warning: Reference `eq:XI.2.3' on page 86 undefined on input line 95.


Package hyperref Warning: Token not allowed in a PDF string (Unicode):
(hyperref)                removing `math shift' on input line 112.


Package hyperref Warning: Token not allowed in a PDF string (Unicode):
(hyperref)                removing `math shift' on input line 112.


Package hyperref Warning: Token not allowed in a PDF string (Unicode):
(hyperref)                removing `math shift' on input line 112.


Package hyperref Warning: Token not allowed in a PDF string (Unicode):
(hyperref)                removing `math shift' on input line 112.


LaTeX Warning: Hyper reference `XI.3.3' on page 86 undefined on input line 116.



LaTeX Warning: Reference `XI.3.3' on page 86 undefined on input line 116.


LaTeX Warning: Hyper reference `X.3.5' on page 86 undefined on input line 132.


LaTeX Warning: Reference `X.3.5' on page 86 undefined on input line 132.


LaTeX Warning: Hyper reference `X' on page 86 undefined on input line 132.


LaTeX Warning: Reference `X' on page 86 undefined on input line 132.

[86]

LaTeX Warning: Hyper reference `XI.3.4' on page 87 undefined on input line 146.



LaTeX Warning: Reference `XI.3.4' on page 87 undefined on input line 146.


LaTeX Warning: Hyper reference `XI.3.5' on page 87 undefined on input line 157.



LaTeX Warning: Reference `XI.3.5' on page 87 undefined on input line 157.

[87] [88]

LaTeX Warning: Hyper reference `XI.3.10' on page 89 undefined on input line 240
.


LaTeX Warning: Reference `XI.3.10' on page 89 undefined on input line 240.


LaTeX Warning: Hyper reference `XI.3.11' on page 89 undefined on input line 242
.


LaTeX Warning: Reference `XI.3.11' on page 89 undefined on input line 242.


LaTeX Warning: Hyper reference `XI.3.9' on page 89 undefined on input line 242.



LaTeX Warning: Reference `XI.3.9' on page 89 undefined on input line 242.


LaTeX Warning: Hyper reference `XI.3.9' on page 89 undefined on input line 244.



LaTeX Warning: Reference `XI.3.9' on page 89 undefined on input line 244.


LaTeX Warning: Hyper reference `X' on page 89 undefined on input line 252.


LaTeX Warning: Reference `X' on page 89 undefined on input line 252.

<xymatrix 3x2 128>

LaTeX Warning: Hyper reference `XI.3.13' on page 89 undefined on input line 270
.


LaTeX Warning: Reference `XI.3.13' on page 89 undefined on input line 270.

[89]

LaTeX Warning: Hyper reference `XI.3.13' on page 90 undefined on input line 285
.


LaTeX Warning: Reference `XI.3.13' on page 90 undefined on input line 285.


LaTeX Warning: Hyper reference `XI.3.10' on page 90 undefined on input line 285
.


LaTeX Warning: Reference `XI.3.10' on page 90 undefined on input line 285.


LaTeX Warning: Hyper reference `XI.3.13' on page 90 undefined on input line 287
.


LaTeX Warning: Reference `XI.3.13' on page 90 undefined on input line 287.


LaTeX Warning: Hyper reference `XI.3.10' on page 90 undefined on input line 289
.


LaTeX Warning: Reference `XI.3.10' on page 90 undefined on input line 289.

[90]

LaTeX Warning: Hyper reference `X' on page 91 undefined on input line 323.


LaTeX Warning: Reference `X' on page 91 undefined on input line 323.


LaTeX Warning: Hyper reference `X.2.1' on page 91 undefined on input line 323.


LaTeX Warning: Reference `X.2.1' on page 91 undefined on input line 323.


LaTeX Warning: Hyper reference `XI.2.2' on page 91 undefined on input line 323.



LaTeX Warning: Reference `XI.2.2' on page 91 undefined on input line 323.


LaTeX Warning: Hyper reference `XI.3.5' on page 91 undefined on input line 323.



LaTeX Warning: Reference `XI.3.5' on page 91 undefined on input line 323.


LaTeX Warning: Hyper reference `XI.3.5' on page 91 undefined on input line 323.



LaTeX Warning: Reference `XI.3.5' on page 91 undefined on input line 323.


LaTeX Warning: Hyper reference `XI.1' on page 91 undefined on input line 325.


LaTeX Warning: Reference `XI.1' on page 91 undefined on input line 325.


LaTeX Warning: Hyper reference `I' on page 91 undefined on input line 325.


LaTeX Warning: Reference `I' on page 91 undefined on input line 325.


LaTeX Warning: Hyper reference `eq:I.27' on page 91 undefined on input line 325
.


LaTeX Warning: Reference `eq:I.27' on page 91 undefined on input line 325.


LaTeX Warning: Hyper reference `XI.3.16' on page 91 undefined on input line 332
.


LaTeX Warning: Reference `XI.3.16' on page 91 undefined on input line 332.


LaTeX Warning: Hyper reference `X' on page 91 undefined on input line 342.


LaTeX Warning: Reference `X' on page 91 undefined on input line 342.


LaTeX Warning: Hyper reference `X.2.1' on page 91 undefined on input line 342.


LaTeX Warning: Reference `X.2.1' on page 91 undefined on input line 342.


LaTeX Warning: Hyper reference `XI.3.12' on page 91 undefined on input line 342
.


LaTeX Warning: Reference `XI.3.12' on page 91 undefined on input line 342.


LaTeX Warning: Hyper reference `XI.3.5' on page 91 undefined on input line 342.



LaTeX Warning: Reference `XI.3.5' on page 91 undefined on input line 342.


LaTeX Warning: Hyper reference `XI.3.13' on page 91 undefined on input line 344
.


LaTeX Warning: Reference `XI.3.13' on page 91 undefined on input line 344.


LaTeX Warning: Hyper reference `XI.3.13' on page 91 undefined on input line 344
.


LaTeX Warning: Reference `XI.3.13' on page 91 undefined on input line 344.


LaTeX Warning: Hyper reference `XI.3.10' on page 91 undefined on input line 344
.


LaTeX Warning: Reference `XI.3.10' on page 91 undefined on input line 344.


LaTeX Warning: Hyper reference `XI.3.7' on page 91 undefined on input line 344.



LaTeX Warning: Reference `XI.3.7' on page 91 undefined on input line 344.


LaTeX Warning: Hyper reference `XI.3.17' on page 91 undefined on input line 344
.


LaTeX Warning: Reference `XI.3.17' on page 91 undefined on input line 344.


LaTeX Warning: Hyper reference `X' on page 91 undefined on input line 350.


LaTeX Warning: Reference `X' on page 91 undefined on input line 350.


LaTeX Warning: Hyper reference `X.2.1' on page 91 undefined on input line 350.


LaTeX Warning: Reference `X.2.1' on page 91 undefined on input line 350.


LaTeX Warning: Hyper reference `X' on page 91 undefined on input line 350.


LaTeX Warning: Reference `X' on page 91 undefined on input line 350.


LaTeX Warning: Hyper reference `X.2.2' on page 91 undefined on input line 350.


LaTeX Warning: Reference `X.2.2' on page 91 undefined on input line 350.

[91]

LaTeX Warning: Hyper reference `XI.3.12' on page 92 undefined on input line 364
.


LaTeX Warning: Reference `XI.3.12' on page 92 undefined on input line 364.


LaTeX Warning: Hyper reference `XI.3.13' on page 92 undefined on input line 364
.


LaTeX Warning: Reference `XI.3.13' on page 92 undefined on input line 364.

) (parts/12_expose_XII.tex [92]
Expos\'e XII.

LaTeX Warning: Hyper reference `IV' on page 93 undefined on input line 9.


LaTeX Warning: Reference `IV' on page 93 undefined on input line 9.


LaTeX Warning: Hyper reference `IV' on page 93 undefined on input line 23.


LaTeX Warning: Reference `IV' on page 93 undefined on input line 23.


LaTeX Warning: Hyper reference `XII.1.1' on page 93 undefined on input line 23.



LaTeX Warning: Reference `XII.1.1' on page 93 undefined on input line 23.


LaTeX Warning: Hyper reference `eq:XII.1' on page 93 undefined on input line 24
.


LaTeX Warning: Reference `eq:XII.1' on page 93 undefined on input line 24.


LaTeX Warning: Hyper reference `eq:XII.1' on page 93 undefined on input line 32
.


LaTeX Warning: Reference `eq:XII.1' on page 93 undefined on input line 32.

[93]

LaTeX Warning: Hyper reference `eq:XII.5' on page 94 undefined on input line 52
.


LaTeX Warning: Reference `eq:XII.5' on page 94 undefined on input line 52.


LaTeX Warning: Hyper reference `eq:XII.6' on page 94 undefined on input line 52
.


LaTeX Warning: Reference `eq:XII.6' on page 94 undefined on input line 52.


LaTeX Warning: Hyper reference `eq:XII.1' on page 94 undefined on input line 52
.


LaTeX Warning: Reference `eq:XII.1' on page 94 undefined on input line 52.


LaTeX Warning: Hyper reference `XII.1.2' on page 94 undefined on input line 73.



LaTeX Warning: Reference `XII.1.2' on page 94 undefined on input line 73.


LaTeX Warning: Hyper reference `V.2.1' on page 94 undefined on input line 77.

[94]

LaTeX Warning: Hyper reference `XII.1.3' on page 95 undefined on input line 102
.


LaTeX Warning: Reference `XII.1.3' on page 95 undefined on input line 102.


LaTeX Warning: Hyper reference `XII.1.4' on page 95 undefined on input line 102
.


LaTeX Warning: Reference `XII.1.4' on page 95 undefined on input line 102.


LaTeX Warning: Hyper reference `XII.1.3' on page 95 undefined on input line 102
.


LaTeX Warning: Reference `XII.1.3' on page 95 undefined on input line 102.


LaTeX Warning: Hyper reference `XII.1.3' on page 95 undefined on input line 102
.


LaTeX Warning: Reference `XII.1.3' on page 95 undefined on input line 102.


LaTeX Warning: Hyper reference `XII.1.5' on page 95 undefined on input line 116
.


LaTeX Warning: Reference `XII.1.5' on page 95 undefined on input line 116.

[95]

LaTeX Warning: Hyper reference `XII.1.1' on page 96 undefined on input line 134
.


LaTeX Warning: Reference `XII.1.1' on page 96 undefined on input line 134.


LaTeX Warning: Hyper reference `XII.1.2' on page 96 undefined on input line 134
.


LaTeX Warning: Reference `XII.1.2' on page 96 undefined on input line 134.


LaTeX Warning: Hyper reference `eq:XII.8' on page 96 undefined on input line 14
4.


LaTeX Warning: Reference `eq:XII.8' on page 96 undefined on input line 144.


LaTeX Warning: Hyper reference `eq:XII.10' on page 96 undefined on input line 1
50.


LaTeX Warning: Reference `eq:XII.10' on page 96 undefined on input line 150.


LaTeX Warning: Hyper reference `eq:XII.8' on page 96 undefined on input line 15
2.


LaTeX Warning: Reference `eq:XII.8' on page 96 undefined on input line 152.


LaTeX Warning: Hyper reference `XII.1.5' on page 96 undefined on input line 156
.


LaTeX Warning: Reference `XII.1.5' on page 96 undefined on input line 156.


LaTeX Warning: Hyper reference `eq:XII.11' on page 96 undefined on input line 1
56.


LaTeX Warning: Reference `eq:XII.11' on page 96 undefined on input line 156.


LaTeX Warning: Hyper reference `eq:XII.8' on page 96 undefined on input line 15
6.


LaTeX Warning: Reference `eq:XII.8' on page 96 undefined on input line 156.


LaTeX Warning: Hyper reference `XII.1.5' on page 96 undefined on input line 164
.


LaTeX Warning: Reference `XII.1.5' on page 96 undefined on input line 164.


LaTeX Warning: Hyper reference `XII.1.3' on page 96 undefined on input line 164
.


LaTeX Warning: Reference `XII.1.3' on page 96 undefined on input line 164.


LaTeX Warning: Reference `P5' on page 96 undefined on input line 167.


LaTeX Warning: Hyper reference `XII.1.5' on page 96 undefined on input line 167
.


LaTeX Warning: Reference `XII.1.5' on page 96 undefined on input line 167.


LaTeX Warning: Hyper reference `XII.1.5' on page 96 undefined on input line 167
.


LaTeX Warning: Reference `XII.1.5' on page 96 undefined on input line 167.

[96]

LaTeX Warning: Hyper reference `XII.2.1' on page 97 undefined on input line 198
.


LaTeX Warning: Reference `XII.2.1' on page 97 undefined on input line 198.


LaTeX Warning: Hyper reference `XII.1.5' on page 97 undefined on input line 224
.


LaTeX Warning: Reference `XII.1.5' on page 97 undefined on input line 224.


LaTeX Warning: Hyper reference `XII.2.3' on page 97 undefined on input line 235
.


LaTeX Warning: Reference `XII.2.3' on page 97 undefined on input line 235.

[97]

LaTeX Warning: Hyper reference `X' on page 98 undefined on input line 243.


LaTeX Warning: Reference `X' on page 98 undefined on input line 243.


LaTeX Warning: Hyper reference `X.2' on page 98 undefined on input line 243.


LaTeX Warning: Reference `X.2' on page 98 undefined on input line 243.


LaTeX Warning: Hyper reference `XII.2.1' on page 98 undefined on input line 254
.


LaTeX Warning: Reference `XII.2.1' on page 98 undefined on input line 254.


LaTeX Warning: Hyper reference `XII.2.4' on page 98 undefined on input line 254
.


LaTeX Warning: Reference `XII.2.4' on page 98 undefined on input line 254.


LaTeX Warning: Hyper reference `eq:XII.15' on page 98 undefined on input line 2
66.


LaTeX Warning: Reference `eq:XII.15' on page 98 undefined on input line 266.


LaTeX Warning: Hyper reference `eq:XII.15' on page 98 undefined on input line 2
66.


LaTeX Warning: Reference `eq:XII.15' on page 98 undefined on input line 266.

[98]

LaTeX Warning: Hyper reference `XII.2.5' on page 99 undefined on input line 279
.


LaTeX Warning: Reference `XII.2.5' on page 99 undefined on input line 279.


LaTeX Warning: Hyper reference `XII.3.1a' on page 99 undefined on input line 30
8.


LaTeX Warning: Reference `XII.3.1a' on page 99 undefined on input line 308.


LaTeX Warning: Hyper reference `XII.3.1b' on page 99 undefined on input line 30
8.


LaTeX Warning: Reference `XII.3.1b' on page 99 undefined on input line 308.


LaTeX Warning: Hyper reference `XII.3.1c' on page 99 undefined on input line 30
8.


LaTeX Warning: Reference `XII.3.1c' on page 99 undefined on input line 308.


LaTeX Warning: Hyper reference `XII.3.1' on page 99 undefined on input line 317
.


LaTeX Warning: Reference `XII.3.1' on page 99 undefined on input line 317.


LaTeX Warning: Hyper reference `XII.3.1' on page 99 undefined on input line 317
.


LaTeX Warning: Reference `XII.3.1' on page 99 undefined on input line 317.


LaTeX Warning: Hyper reference `XII.3.1' on page 99 undefined on input line 317
.


LaTeX Warning: Reference `XII.3.1' on page 99 undefined on input line 317.

[99]

LaTeX Warning: Hyper reference `XII.3.2' on page 100 undefined on input line 32
3.


LaTeX Warning: Reference `XII.3.2' on page 100 undefined on input line 323.


LaTeX Warning: Hyper reference `eq:XII.17' on page 100 undefined on input line 
328.


LaTeX Warning: Reference `eq:XII.17' on page 100 undefined on input line 328.


LaTeX Warning: Hyper reference `XII.2.1' on page 100 undefined on input line 33
3.


LaTeX Warning: Reference `XII.2.1' on page 100 undefined on input line 333.


LaTeX Warning: Hyper reference `XII.2.4' on page 100 undefined on input line 33
3.


LaTeX Warning: Reference `XII.2.4' on page 100 undefined on input line 333.


LaTeX Warning: Hyper reference `eq:XII.18' on page 100 undefined on input line 
333.


LaTeX Warning: Reference `eq:XII.18' on page 100 undefined on input line 333.


LaTeX Warning: Hyper reference `XII.3.2' on page 100 undefined on input line 33
5.


LaTeX Warning: Reference `XII.3.2' on page 100 undefined on input line 335.


LaTeX Warning: Hyper reference `IX.2.1' on page 100 undefined on input line 339
.


LaTeX Warning: Reference `IX.2.1' on page 100 undefined on input line 339.


LaTeX Warning: Hyper reference `IX' on page 100 undefined on input line 341.


LaTeX Warning: Reference `IX' on page 100 undefined on input line 341.


LaTeX Warning: Hyper reference `IX.2' on page 100 undefined on input line 342.


LaTeX Warning: Reference `IX.2' on page 100 undefined on input line 342.


LaTeX Warning: Hyper reference `IX.2.1' on page 100 undefined on input line 345
.


LaTeX Warning: Reference `IX.2.1' on page 100 undefined on input line 345.


LaTeX Warning: Hyper reference `IX.2.1' on page 100 undefined on input line 350
.


LaTeX Warning: Reference `IX.2.1' on page 100 undefined on input line 350.


LaTeX Warning: Hyper reference `XII.1.5' on page 100 undefined on input line 35
9.


LaTeX Warning: Reference `XII.1.5' on page 100 undefined on input line 359.


LaTeX Warning: Hyper reference `XII.3.2' on page 100 undefined on input line 36
1.


LaTeX Warning: Reference `XII.3.2' on page 100 undefined on input line 361.


LaTeX Warning: Hyper reference `XII.3.2' on page 100 undefined on input line 36
1.


LaTeX Warning: Reference `XII.3.2' on page 100 undefined on input line 361.


LaTeX Warning: Hyper reference `XII.3.1a' on page 100 undefined on input line 3
64.


LaTeX Warning: Reference `XII.3.1a' on page 100 undefined on input line 364.


LaTeX Warning: Hyper reference `XII.3.1b' on page 100 undefined on input line 3
64.


LaTeX Warning: Reference `XII.3.1b' on page 100 undefined on input line 364.


LaTeX Warning: Hyper reference `XII.3.1c' on page 100 undefined on input line 3
64.


LaTeX Warning: Reference `XII.3.1c' on page 100 undefined on input line 364.


LaTeX Warning: Hyper reference `XII.3.1' on page 100 undefined on input line 36
4.


LaTeX Warning: Reference `XII.3.1' on page 100 undefined on input line 364.


LaTeX Warning: Hyper reference `IX' on page 100 undefined on input line 371.


LaTeX Warning: Reference `IX' on page 100 undefined on input line 371.


LaTeX Warning: Reference `pagerectif' on page 100 undefined on input line 371.


LaTeX Warning: Hyper reference `XII.1.5' on page 100 undefined on input line 37
1.


LaTeX Warning: Reference `XII.1.5' on page 100 undefined on input line 371.


LaTeX Warning: Hyper reference `XII.3.3' on page 100 undefined on input line 37
1.


LaTeX Warning: Reference `XII.3.3' on page 100 undefined on input line 371.

[100]

LaTeX Warning: Hyper reference `XII.3.2' on page 101 undefined on input line 37
3.


LaTeX Warning: Reference `XII.3.2' on page 101 undefined on input line 373.


LaTeX Warning: Hyper reference `XII.3.2' on page 101 undefined on input line 37
3.


LaTeX Warning: Reference `XII.3.2' on page 101 undefined on input line 373.


LaTeX Warning: Hyper reference `XII.3.1' on page 101 undefined on input line 37
3.


LaTeX Warning: Reference `XII.3.1' on page 101 undefined on input line 373.


LaTeX Warning: Hyper reference `X.2' on page 101 undefined on input line 376.


LaTeX Warning: Reference `X.2' on page 101 undefined on input line 376.


LaTeX Warning: Hyper reference `X' on page 101 undefined on input line 376.


LaTeX Warning: Reference `X' on page 101 undefined on input line 376.


LaTeX Warning: Hyper reference `XII.2.4' on page 101 undefined on input line 38
9.


LaTeX Warning: Reference `XII.2.4' on page 101 undefined on input line 389.


LaTeX Warning: Hyper reference `XII.3.1' on page 101 undefined on input line 38
9.


LaTeX Warning: Reference `XII.3.1' on page 101 undefined on input line 389.


LaTeX Warning: Hyper reference `XII.2.5' on page 101 undefined on input line 38
9.


LaTeX Warning: Reference `XII.2.5' on page 101 undefined on input line 389.


LaTeX Warning: Hyper reference `XII.2.4' on page 101 undefined on input line 39
1.


LaTeX Warning: Reference `XII.2.4' on page 101 undefined on input line 391.


LaTeX Warning: Hyper reference `XII.3.4' on page 101 undefined on input line 39
1.


LaTeX Warning: Reference `XII.3.4' on page 101 undefined on input line 391.


LaTeX Warning: Hyper reference `X' on page 101 undefined on input line 391.


LaTeX Warning: Reference `X' on page 101 undefined on input line 391.


LaTeX Warning: Hyper reference `XI' on page 101 undefined on input line 391.


LaTeX Warning: Reference `XI' on page 101 undefined on input line 391.


LaTeX Warning: Hyper reference `X.3.2' on page 101 undefined on input line 393.



LaTeX Warning: Reference `X.3.2' on page 101 undefined on input line 393.

[101]

LaTeX Warning: Hyper reference `X.2.4' on page 102 undefined on input line 396.



LaTeX Warning: Reference `X.2.4' on page 102 undefined on input line 396.


LaTeX Warning: Hyper reference `XII.3.4' on page 102 undefined on input line 39
6.


LaTeX Warning: Reference `XII.3.4' on page 102 undefined on input line 396.


LaTeX Warning: Hyper reference `XII.3.5' on page 102 undefined on input line 39
9.


LaTeX Warning: Reference `XII.3.5' on page 102 undefined on input line 399.


LaTeX Warning: Hyper reference `XII.3.5' on page 102 undefined on input line 39
9.


LaTeX Warning: Reference `XII.3.5' on page 102 undefined on input line 399.


LaTeX Warning: Hyper reference `XII.3.5' on page 102 undefined on input line 39
9.


LaTeX Warning: Reference `XII.3.5' on page 102 undefined on input line 399.


LaTeX Warning: Hyper reference `XII.3.1' on page 102 undefined on input line 39
9.


LaTeX Warning: Reference `XII.3.1' on page 102 undefined on input line 399.


LaTeX Warning: Hyper reference `XII.3.5' on page 102 undefined on input line 40
2.


LaTeX Warning: Reference `XII.3.5' on page 102 undefined on input line 402.


LaTeX Warning: Hyper reference `XII.1.4' on page 102 undefined on input line 40
6.


LaTeX Warning: Reference `XII.1.4' on page 102 undefined on input line 406.


LaTeX Warning: Hyper reference `XI.3.1' on page 102 undefined on input line 406
.


LaTeX Warning: Reference `XI.3.1' on page 102 undefined on input line 406.


LaTeX Warning: Hyper reference `XI' on page 102 undefined on input line 408.


LaTeX Warning: Reference `XI' on page 102 undefined on input line 408.


LaTeX Warning: Hyper reference `XI.3.12' on page 102 undefined on input line 40
8.


LaTeX Warning: Reference `XI.3.12' on page 102 undefined on input line 408.


LaTeX Warning: Hyper reference `XI.3.13' on page 102 undefined on input line 40
8.


LaTeX Warning: Reference `XI.3.13' on page 102 undefined on input line 408.


LaTeX Warning: Hyper reference `XII.3.6' on page 102 undefined on input line 41
2.


LaTeX Warning: Reference `XII.3.6' on page 102 undefined on input line 412.


LaTeX Warning: Hyper reference `XII.3.7' on page 102 undefined on input line 41
5.


LaTeX Warning: Reference `XII.3.7' on page 102 undefined on input line 415.


LaTeX Warning: Hyper reference `XII.3.7' on page 102 undefined on input line 41
5.


LaTeX Warning: Reference `XII.3.7' on page 102 undefined on input line 415.


LaTeX Warning: Hyper reference `XI' on page 102 undefined on input line 415.


LaTeX Warning: Reference `XI' on page 102 undefined on input line 415.


LaTeX Warning: Hyper reference `XI.3.13' on page 102 undefined on input line 41
5.


LaTeX Warning: Reference `XI.3.13' on page 102 undefined on input line 415.


LaTeX Warning: Hyper reference `XII.3.7' on page 102 undefined on input line 41
5.


LaTeX Warning: Reference `XII.3.7' on page 102 undefined on input line 415.


LaTeX Warning: Hyper reference `XII.3.5' on page 102 undefined on input line 41
7.


LaTeX Warning: Reference `XII.3.5' on page 102 undefined on input line 417.


LaTeX Warning: Hyper reference `XII.3.7' on page 102 undefined on input line 41
7.


LaTeX Warning: Reference `XII.3.7' on page 102 undefined on input line 417.


LaTeX Warning: Hyper reference `XII.2.4' on page 102 undefined on input line 41
7.


LaTeX Warning: Reference `XII.2.4' on page 102 undefined on input line 417.


LaTeX Warning: Hyper reference `XII.3.4' on page 102 undefined on input line 41
7.


LaTeX Warning: Reference `XII.3.4' on page 102 undefined on input line 417.


LaTeX Warning: Hyper reference `XII.3.5' on page 102 undefined on input line 41
7.


LaTeX Warning: Reference `XII.3.5' on page 102 undefined on input line 417.


LaTeX Warning: Hyper reference `XII.3.6' on page 102 undefined on input line 41
7.


LaTeX Warning: Reference `XII.3.6' on page 102 undefined on input line 417.

[102] <xymatrix 2x2 188>

LaTeX Warning: Hyper reference `eq:XII.19' on page 103 undefined on input line 
474.


LaTeX Warning: Reference `eq:XII.19' on page 103 undefined on input line 474.


LaTeX Warning: Hyper reference `eq:XII.20' on page 103 undefined on input line 
474.


LaTeX Warning: Reference `eq:XII.20' on page 103 undefined on input line 474.


LaTeX Warning: Hyper reference `XII.4.1' on page 103 undefined on input line 47
4.


LaTeX Warning: Hyper reference `VIII' on page 103 undefined on input line 474.


LaTeX Warning: Reference `VIII' on page 103 undefined on input line 474.


LaTeX Warning: Hyper reference `VIII.2.3' on page 103 undefined on input line 4
74.


LaTeX Warning: Reference `VIII.2.3' on page 103 undefined on input line 474.

[103]

LaTeX Warning: Hyper reference `eq:XII.21' on page 104 undefined on input line 
481.


LaTeX Warning: Reference `eq:XII.21' on page 104 undefined on input line 481.


LaTeX Warning: Hyper reference `eq:XII.21' on page 104 undefined on input line 
481.


LaTeX Warning: Reference `eq:XII.21' on page 104 undefined on input line 481.


LaTeX Warning: Hyper reference `eq:XII.20' on page 104 undefined on input line 
486.


LaTeX Warning: Reference `eq:XII.20' on page 104 undefined on input line 486.


LaTeX Warning: Hyper reference `VIII.2.3' on page 104 undefined on input line 4
86.


LaTeX Warning: Reference `VIII.2.3' on page 104 undefined on input line 486.


LaTeX Warning: Hyper reference `VIII' on page 104 undefined on input line 486.


LaTeX Warning: Reference `VIII' on page 104 undefined on input line 486.


LaTeX Warning: Hyper reference `III' on page 104 undefined on input line 490.


LaTeX Warning: Reference `III' on page 104 undefined on input line 490.


LaTeX Warning: Hyper reference `XII.4.2' on page 104 undefined on input line 50
6.


LaTeX Warning: Reference `XII.4.2' on page 104 undefined on input line 506.


LaTeX Warning: Hyper reference `XII.4.1' on page 104 undefined on input line 50
6.


LaTeX Warning: Reference `XII.4.1' on page 104 undefined on input line 506.


LaTeX Warning: Hyper reference `XII.4.1' on page 104 undefined on input line 50
8.


LaTeX Warning: Reference `XII.4.1' on page 104 undefined on input line 508.

<xymatrix 2x2 188> [104]

LaTeX Warning: Hyper reference `VIII' on page 105 undefined on input line 523.


LaTeX Warning: Reference `VIII' on page 105 undefined on input line 523.


LaTeX Warning: Hyper reference `VIII.2.3' on page 105 undefined on input line 5
23.


LaTeX Warning: Reference `VIII.2.3' on page 105 undefined on input line 523.


LaTeX Warning: Hyper reference `XII.4.2' on page 105 undefined on input line 53
1.


LaTeX Warning: Reference `XII.4.2' on page 105 undefined on input line 531.


LaTeX Warning: Hyper reference `XII.4.1' on page 105 undefined on input line 53
1.


LaTeX Warning: Reference `XII.4.1' on page 105 undefined on input line 531.


LaTeX Warning: Hyper reference `XII.4.1' on page 105 undefined on input line 53
9.


LaTeX Warning: Reference `XII.4.1' on page 105 undefined on input line 539.


LaTeX Warning: Hyper reference `IX' on page 105 undefined on input line 539.


LaTeX Warning: Reference `IX' on page 105 undefined on input line 539.


LaTeX Warning: Hyper reference `XII.4.1' on page 105 undefined on input line 54
2.


LaTeX Warning: Reference `XII.4.1' on page 105 undefined on input line 542.


LaTeX Warning: Hyper reference `X' on page 105 undefined on input line 546.


LaTeX Warning: Reference `X' on page 105 undefined on input line 546.


LaTeX Warning: Hyper reference `X' on page 105 undefined on input line 549.


LaTeX Warning: Reference `X' on page 105 undefined on input line 549.


LaTeX Warning: Hyper reference `X.2.1' on page 105 undefined on input line 549.



LaTeX Warning: Reference `X.2.1' on page 105 undefined on input line 549.


LaTeX Warning: Hyper reference `XII.4.4' on page 105 undefined on input line 55
2.


LaTeX Warning: Reference `XII.4.4' on page 105 undefined on input line 552.


LaTeX Warning: Hyper reference `XII.4.3' on page 105 undefined on input line 56
8.


LaTeX Warning: Reference `XII.4.3' on page 105 undefined on input line 568.

[105]

LaTeX Warning: Hyper reference `X' on page 106 undefined on input line 570.


LaTeX Warning: Reference `X' on page 106 undefined on input line 570.


LaTeX Warning: Hyper reference `XI' on page 106 undefined on input line 570.


LaTeX Warning: Reference `XI' on page 106 undefined on input line 570.


LaTeX Warning: Hyper reference `XII.4.5' on page 106 undefined on input line 57
0.


LaTeX Warning: Reference `XII.4.5' on page 106 undefined on input line 570.


LaTeX Warning: Hyper reference `XII.4.5' on page 106 undefined on input line 57
3.


LaTeX Warning: Reference `XII.4.5' on page 106 undefined on input line 573.


LaTeX Warning: Hyper reference `III' on page 106 undefined on input line 576.


LaTeX Warning: Reference `III' on page 106 undefined on input line 576.


LaTeX Warning: Hyper reference `III.3.1' on page 106 undefined on input line 57
6.


LaTeX Warning: Reference `III.3.1' on page 106 undefined on input line 576.


LaTeX Warning: Hyper reference `XII.4.5' on page 106 undefined on input line 59
2.


LaTeX Warning: Reference `XII.4.5' on page 106 undefined on input line 592.


LaTeX Warning: Hyper reference `X' on page 106 undefined on input line 605.


LaTeX Warning: Reference `X' on page 106 undefined on input line 605.


LaTeX Warning: Hyper reference `X.3.1' on page 106 undefined on input line 605.



LaTeX Warning: Reference `X.3.1' on page 106 undefined on input line 605.


LaTeX Warning: Hyper reference `XI' on page 106 undefined on input line 605.


LaTeX Warning: Reference `XI' on page 106 undefined on input line 605.


LaTeX Warning: Hyper reference `XI.3.1' on page 106 undefined on input line 605
.


LaTeX Warning: Reference `XI.3.1' on page 106 undefined on input line 605.


LaTeX Warning: Hyper reference `X' on page 106 undefined on input line 615.


LaTeX Warning: Reference `X' on page 106 undefined on input line 615.


LaTeX Warning: Hyper reference `X.3.6' on page 106 undefined on input line 615.



LaTeX Warning: Reference `X.3.6' on page 106 undefined on input line 615.


LaTeX Warning: Hyper reference `XI' on page 106 undefined on input line 615.


LaTeX Warning: Reference `XI' on page 106 undefined on input line 615.


LaTeX Warning: Hyper reference `XI.3.6' on page 106 undefined on input line 615
.


LaTeX Warning: Reference `XI.3.6' on page 106 undefined on input line 615.


LaTeX Warning: Hyper reference `XII.4.5' on page 106 undefined on input line 61
5.


LaTeX Warning: Reference `XII.4.5' on page 106 undefined on input line 615.


LaTeX Warning: Hyper reference `XII.4.6' on page 106 undefined on input line 61
5.


LaTeX Warning: Reference `XII.4.6' on page 106 undefined on input line 615.


LaTeX Warning: Hyper reference `XII.4.5' on page 106 undefined on input line 61
5.


LaTeX Warning: Reference `XII.4.5' on page 106 undefined on input line 615.


LaTeX Warning: Hyper reference `XII.3.5' on page 106 undefined on input line 62
3.


LaTeX Warning: Reference `XII.3.5' on page 106 undefined on input line 623.


LaTeX Warning: Hyper reference `XII.3.4' on page 106 undefined on input line 62
3.


LaTeX Warning: Reference `XII.3.4' on page 106 undefined on input line 623.

[106]

LaTeX Warning: Hyper reference `XII.4.9' on page 107 undefined on input line 66
0.


LaTeX Warning: Reference `XII.4.9' on page 107 undefined on input line 660.


LaTeX Warning: Hyper reference `XII.1.5' on page 107 undefined on input line 66
5.


LaTeX Warning: Reference `XII.1.5' on page 107 undefined on input line 665.


LaTeX Warning: Hyper reference `XII.4.9' on page 107 undefined on input line 67
0.


LaTeX Warning: Reference `XII.4.9' on page 107 undefined on input line 670.


LaTeX Warning: Hyper reference `XII.1.5' on page 107 undefined on input line 67
0.


LaTeX Warning: Reference `XII.1.5' on page 107 undefined on input line 670.


LaTeX Warning: Hyper reference `XII.4.9' on page 107 undefined on input line 67
0.


LaTeX Warning: Reference `XII.4.9' on page 107 undefined on input line 670.


LaTeX Warning: Hyper reference `XII.4.9' on page 107 undefined on input line 67
0.


LaTeX Warning: Reference `XII.4.9' on page 107 undefined on input line 670.

[107]

LaTeX Warning: Hyper reference `VIII' on page 108 undefined on input line 687.


LaTeX Warning: Reference `VIII' on page 108 undefined on input line 687.


LaTeX Warning: Hyper reference `VII.2.3' on page 108 undefined on input line 68
7.


LaTeX Warning: Reference `VII.2.3' on page 108 undefined on input line 687.


LaTeX Warning: Hyper reference `XII.5.3' on page 108 undefined on input line 71
6.


LaTeX Warning: Reference `XII.5.3' on page 108 undefined on input line 716.

[108]

LaTeX Warning: Hyper reference `XII.5.3' on page 109 undefined on input line 72
0.


LaTeX Warning: Reference `XII.5.3' on page 109 undefined on input line 720.


LaTeX Warning: Hyper reference `XII.5.2' on page 109 undefined on input line 72
2.


LaTeX Warning: Reference `XII.5.2' on page 109 undefined on input line 722.


LaTeX Warning: Hyper reference `XII.5.3' on page 109 undefined on input line 73
5.


LaTeX Warning: Reference `XII.5.3' on page 109 undefined on input line 735.


LaTeX Warning: Hyper reference `eq:XII.26' on page 109 undefined on input line 
749.


LaTeX Warning: Reference `eq:XII.26' on page 109 undefined on input line 749.


LaTeX Warning: Hyper reference `XII.5.2' on page 109 undefined on input line 74
9.


LaTeX Warning: Hyper reference `XII.5.2' on page 109 undefined on input line 75
3.


LaTeX Warning: Reference `XII.5.2' on page 109 undefined on input line 753.


LaTeX Warning: Hyper reference `III' on page 109 undefined on input line 763.


LaTeX Warning: Reference `III' on page 109 undefined on input line 763.


LaTeX Warning: Hyper reference `III.3.3' on page 109 undefined on input line 76
3.


LaTeX Warning: Reference `III.3.3' on page 109 undefined on input line 763.


LaTeX Warning: Hyper reference `XII.5.2' on page 109 undefined on input line 76
3.


LaTeX Warning: Reference `XII.5.2' on page 109 undefined on input line 763.


LaTeX Warning: Hyper reference `XII.5.4' on page 109 undefined on input line 76
3.


LaTeX Warning: Reference `XII.5.4' on page 109 undefined on input line 763.


LaTeX Warning: Hyper reference `XII.5.2' on page 109 undefined on input line 76
6.


LaTeX Warning: Reference `XII.5.2' on page 109 undefined on input line 766.


LaTeX Warning: Hyper reference `XII.5.5' on page 109 undefined on input line 76
6.


LaTeX Warning: Reference `XII.5.5' on page 109 undefined on input line 766.


LaTeX Warning: Hyper reference `XII.5.2' on page 109 undefined on input line 76
6.


LaTeX Warning: Reference `XII.5.2' on page 109 undefined on input line 766.


LaTeX Warning: Hyper reference `VIII' on page 109 undefined on input line 766.


LaTeX Warning: Reference `VIII' on page 109 undefined on input line 766.


LaTeX Warning: Hyper reference `VIII.2.1' on page 109 undefined on input line 7
66.


LaTeX Warning: Reference `VIII.2.1' on page 109 undefined on input line 766.


LaTeX Warning: Hyper reference `XII.5.5' on page 109 undefined on input line 76
6.


LaTeX Warning: Reference `XII.5.5' on page 109 undefined on input line 766.

[109]

LaTeX Warning: Hyper reference `XII.1.4' on page 110 undefined on input line 76
8.


LaTeX Warning: Reference `XII.1.4' on page 110 undefined on input line 768.


LaTeX Warning: Hyper reference `IX' on page 110 undefined on input line 795.


LaTeX Warning: Reference `IX' on page 110 undefined on input line 795.


LaTeX Warning: Hyper reference `XII.5.1' on page 110 undefined on input line 79
5.


LaTeX Warning: Reference `XII.5.1' on page 110 undefined on input line 795.

[110]

LaTeX Warning: Hyper reference `IX.1.1' on page 111 undefined on input line 815
.


LaTeX Warning: Reference `IX.1.1' on page 111 undefined on input line 815.


LaTeX Warning: Hyper reference `XII.5.8' on page 111 undefined on input line 82
4.


LaTeX Warning: Reference `XII.5.8' on page 111 undefined on input line 824.


LaTeX Warning: Hyper reference `XII.5.9' on page 111 undefined on input line 82
4.


LaTeX Warning: Reference `XII.5.9' on page 111 undefined on input line 824.


LaTeX Warning: Hyper reference `XII.5.8' on page 111 undefined on input line 82
4.


LaTeX Warning: Reference `XII.5.8' on page 111 undefined on input line 824.


LaTeX Warning: Hyper reference `VIII' on page 111 undefined on input line 824.


LaTeX Warning: Reference `VIII' on page 111 undefined on input line 824.


LaTeX Warning: Hyper reference `VIII.2.3' on page 111 undefined on input line 8
24.


LaTeX Warning: Reference `VIII.2.3' on page 111 undefined on input line 824.


LaTeX Warning: Hyper reference `IX' on page 111 undefined on input line 824.


LaTeX Warning: Reference `IX' on page 111 undefined on input line 824.


LaTeX Warning: Hyper reference `XII.5.9' on page 111 undefined on input line 83
7.


LaTeX Warning: Reference `XII.5.9' on page 111 undefined on input line 837.


LaTeX Warning: Hyper reference `IX.2.1' on page 111 undefined on input line 837
.


LaTeX Warning: Reference `IX.2.1' on page 111 undefined on input line 837.


LaTeX Warning: Hyper reference `XII.5.10' on page 111 undefined on input line 8
40.


LaTeX Warning: Reference `XII.5.10' on page 111 undefined on input line 840.


LaTeX Warning: Hyper reference `XII.4.7' on page 111 undefined on input line 84
0.


LaTeX Warning: Reference `XII.4.7' on page 111 undefined on input line 840.


LaTeX Warning: Hyper reference `XII' on page 111 undefined on input line 840.


LaTeX Warning: Reference `XII' on page 111 undefined on input line 840.


LaTeX Warning: Hyper reference `XIII' on page 111 undefined on input line 840.


LaTeX Warning: Reference `XIII' on page 111 undefined on input line 840.


LaTeX Warning: Reference `Boutot' on page 111 undefined on input line 840.


LaTeX Warning: Reference `Boutot' on page 111 undefined on input line 840.

[111]

LaTeX Warning: Hyper reference `XII.5.10' on page 112 undefined on input line 8
42.


LaTeX Warning: Reference `XII.5.10' on page 112 undefined on input line 842.


LaTeX Warning: Hyper reference `VIII' on page 112 undefined on input line 842.


LaTeX Warning: Reference `VIII' on page 112 undefined on input line 842.


LaTeX Warning: Hyper reference `VIII.2.3' on page 112 undefined on input line 8
42.


LaTeX Warning: Reference `VIII.2.3' on page 112 undefined on input line 842.

[112]

LaTeX Warning: Hyper reference `XII.5.10' on page 113 undefined on input line 8
44.


LaTeX Warning: Reference `XII.5.10' on page 113 undefined on input line 844.


LaTeX Warning: Hyper reference `XII.2.5' on page 113 undefined on input line 84
8.


LaTeX Warning: Reference `XII.2.5' on page 113 undefined on input line 848.


LaTeX Warning: Hyper reference `eq:XII.16' on page 113 undefined on input line 
848.


LaTeX Warning: Reference `eq:XII.16' on page 113 undefined on input line 848.


LaTeX Warning: Hyper reference `XII.2.5' on page 113 undefined on input line 84
8.


LaTeX Warning: Reference `XII.2.5' on page 113 undefined on input line 848.

) (parts/13_expose_XIII.tex [113]
Expos\'e XIII.

LaTeX Warning: Hyper reference `XII' on page 114 undefined on input line 19.


LaTeX Warning: Reference `XII' on page 114 undefined on input line 19.


LaTeX Warning: Hyper reference `XII.1.1' on page 114 undefined on input line 19
.


LaTeX Warning: Reference `XII.1.1' on page 114 undefined on input line 19.


LaTeX Warning: Hyper reference `V' on page 114 undefined on input line 20.


LaTeX Warning: Reference `V' on page 114 undefined on input line 20.


LaTeX Warning: Hyper reference `V.2.1' on page 114 undefined on input line 20.


LaTeX Warning: Reference `V.2.1' on page 114 undefined on input line 20.


LaTeX Warning: Hyper reference `V' on page 114 undefined on input line 26.


LaTeX Warning: Reference `V' on page 114 undefined on input line 26.


LaTeX Warning: Hyper reference `V.3' on page 114 undefined on input line 26.


LaTeX Warning: Reference `V.3' on page 114 undefined on input line 26.


LaTeX Warning: Hyper reference `X' on page 114 undefined on input line 31.


LaTeX Warning: Reference `X' on page 114 undefined on input line 31.


LaTeX Warning: Hyper reference `XI' on page 114 undefined on input line 31.


LaTeX Warning: Reference `XI' on page 114 undefined on input line 31.


LaTeX Warning: Hyper reference `XII' on page 114 undefined on input line 34.


LaTeX Warning: Reference `XII' on page 114 undefined on input line 34.


LaTeX Warning: Hyper reference `XII.1.3' on page 114 undefined on input line 34
.


LaTeX Warning: Reference `XII.1.3' on page 114 undefined on input line 34.


LaTeX Warning: Hyper reference `X' on page 114 undefined on input line 38.


LaTeX Warning: Reference `X' on page 114 undefined on input line 38.


LaTeX Warning: Hyper reference `X.3.4' on page 114 undefined on input line 38.


LaTeX Warning: Reference `X.3.4' on page 114 undefined on input line 38.


LaTeX Warning: Hyper reference `XI' on page 114 undefined on input line 39.


LaTeX Warning: Reference `XI' on page 114 undefined on input line 39.


LaTeX Warning: Hyper reference `XI.3.13' on page 114 undefined on input line 39
.


LaTeX Warning: Reference `XI.3.13' on page 114 undefined on input line 39.


LaTeX Warning: Hyper reference `X' on page 114 undefined on input line 41.


LaTeX Warning: Reference `X' on page 114 undefined on input line 41.


LaTeX Warning: Hyper reference `X.3.5' on page 114 undefined on input line 41.


LaTeX Warning: Reference `X.3.5' on page 114 undefined on input line 41.


LaTeX Warning: Hyper reference `X.3.6' on page 114 undefined on input line 41.


LaTeX Warning: Reference `X.3.6' on page 114 undefined on input line 41.


LaTeX Warning: Hyper reference `X.3.7' on page 114 undefined on input line 42.


LaTeX Warning: Reference `X.3.7' on page 114 undefined on input line 42.


LaTeX Warning: Reference `noteconrad' on page 114 undefined on input line 44.


LaTeX Warning: Reference `noteconrad' on page 114 undefined on input line 44.


LaTeX Warning: Hyper reference `IV' on page 114 undefined on input line 44.


LaTeX Warning: Reference `IV' on page 114 undefined on input line 44.


LaTeX Warning: Hyper reference `XII' on page 114 undefined on input line 44.


LaTeX Warning: Reference `XII' on page 114 undefined on input line 44.


LaTeX Warning: Hyper reference `XII.4.9' on page 114 undefined on input line 44
.


LaTeX Warning: Reference `XII.4.9' on page 114 undefined on input line 44.


LaTeX Warning: Hyper reference `XII' on page 114 undefined on input line 44.


LaTeX Warning: Reference `XII' on page 114 undefined on input line 44.


LaTeX Warning: Hyper reference `XII.4.7' on page 114 undefined on input line 44
.


LaTeX Warning: Reference `XII.4.7' on page 114 undefined on input line 44.


LaTeX Warning: Hyper reference `IX' on page 114 undefined on input line 44.


LaTeX Warning: Reference `IX' on page 114 undefined on input line 44.

[114]

LaTeX Warning: Hyper reference `XIII.1.2' on page 115 undefined on input line 5
2.


LaTeX Warning: Hyper reference `I' on page 115 undefined on input line 60.


LaTeX Warning: Reference `I' on page 115 undefined on input line 60.


LaTeX Warning: Hyper reference `II' on page 115 undefined on input line 60.


LaTeX Warning: Reference `II' on page 115 undefined on input line 60.


LaTeX Warning: Hyper reference `XIII.1.1' on page 115 undefined on input line 6
0.


LaTeX Warning: Reference `XIII.1.1' on page 115 undefined on input line 60.


LaTeX Warning: Hyper reference `XIII.1.1' on page 115 undefined on input line 6
0.


LaTeX Warning: Reference `XIII.1.1' on page 115 undefined on input line 60.

[115]

LaTeX Warning: Hyper reference `IV' on page 116 undefined on input line 79.


LaTeX Warning: Reference `IV' on page 116 undefined on input line 79.


LaTeX Warning: Hyper reference `XIII.1.2' on page 116 undefined on input line 7
9.


LaTeX Warning: Reference `XIII.1.2' on page 116 undefined on input line 79.


LaTeX Warning: Hyper reference `XIII.1.1' on page 116 undefined on input line 7
9.


LaTeX Warning: Reference `XIII.1.1' on page 116 undefined on input line 79.


LaTeX Warning: Hyper reference `XIII.1.1' on page 116 undefined on input line 7
9.


LaTeX Warning: Reference `XIII.1.1' on page 116 undefined on input line 79.


LaTeX Warning: Hyper reference `XIII.1.1' on page 116 undefined on input line 9
8.


LaTeX Warning: Reference `XIII.1.1' on page 116 undefined on input line 98.


LaTeX Warning: Hyper reference `XIII.1.1' on page 116 undefined on input line 1
01.


LaTeX Warning: Reference `XIII.1.1' on page 116 undefined on input line 101.


LaTeX Warning: Hyper reference `XIII.1.3' on page 116 undefined on input line 1
01.


LaTeX Warning: Reference `XIII.1.3' on page 116 undefined on input line 101.


LaTeX Warning: Hyper reference `XII.3.5' on page 116 undefined on input line 10
1.


LaTeX Warning: Reference `XII.3.5' on page 116 undefined on input line 101.

[116]

Package hyperref Warning: Token not allowed in a PDF string (Unicode):
(hyperref)                removing `math shift' on input line 109.


Package hyperref Warning: Token not allowed in a PDF string (Unicode):
(hyperref)                removing `\pi' on input line 109.


Package hyperref Warning: Token not allowed in a PDF string (Unicode):
(hyperref)                removing `subscript' on input line 109.


Package hyperref Warning: Token not allowed in a PDF string (Unicode):
(hyperref)                removing `math shift' on input line 109.


LaTeX Warning: Hyper reference `III' on page 117 undefined on input line 134.


LaTeX Warning: Reference `III' on page 117 undefined on input line 134.


LaTeX Warning: Hyper reference `III.3.8' on page 117 undefined on input line 13
4.


LaTeX Warning: Reference `III.3.8' on page 117 undefined on input line 134.


LaTeX Warning: Hyper reference `XIII.2.1' on page 117 undefined on input line 1
40.


LaTeX Warning: Reference `XIII.2.1' on page 117 undefined on input line 140.


LaTeX Warning: Hyper reference `XIII.2.1' on page 117 undefined on input line 1
44.


LaTeX Warning: Reference `XIII.2.1' on page 117 undefined on input line 144.


LaTeX Warning: Hyper reference `III' on page 117 undefined on input line 144.


LaTeX Warning: Reference `III' on page 117 undefined on input line 144.


LaTeX Warning: Hyper reference `III.3.6' on page 117 undefined on input line 14
4.


LaTeX Warning: Reference `III.3.6' on page 117 undefined on input line 144.

[117]

LaTeX Warning: Hyper reference `XIII.2.1' on page 118 undefined on input line 1
60.


LaTeX Warning: Reference `XIII.2.1' on page 118 undefined on input line 160.


LaTeX Warning: Hyper reference `XIII.2.2' on page 118 undefined on input line 1
62.


LaTeX Warning: Reference `XIII.2.2' on page 118 undefined on input line 162.


LaTeX Warning: Hyper reference `XIII.2.1' on page 118 undefined on input line 1
62.


LaTeX Warning: Reference `XIII.2.1' on page 118 undefined on input line 162.


LaTeX Warning: Citation `HL' on page 118 undefined on input line 168.


LaTeX Warning: Reference `HL' on page 118 undefined on input line 168.


LaTeX Warning: Reference `HL' on page 118 undefined on input line 168.

[118]

LaTeX Warning: Hyper reference `XIII.2.1' on page 119 undefined on input line 1
76.


LaTeX Warning: Reference `XIII.2.1' on page 119 undefined on input line 176.


LaTeX Warning: Hyper reference `XIII.2.1' on page 119 undefined on input line 1
91.


LaTeX Warning: Reference `XIII.2.1' on page 119 undefined on input line 191.


LaTeX Warning: Hyper reference `XIII.2.5' on page 119 undefined on input line 1
94.


LaTeX Warning: Reference `XIII.2.5' on page 119 undefined on input line 194.


LaTeX Warning: Citation `XIII.2' on page 119 undefined on input line 202.


Package hyperref Warning: Token not allowed in a PDF string (Unicode):
(hyperref)                removing `math shift' on input line 204.


Package hyperref Warning: Token not allowed in a PDF string (Unicode):
(hyperref)                removing `\pi' on input line 204.


Package hyperref Warning: Token not allowed in a PDF string (Unicode):
(hyperref)                removing `subscript' on input line 204.


Package hyperref Warning: Token not allowed in a PDF string (Unicode):
(hyperref)                removing `math shift' on input line 204.

[119]

LaTeX Warning: Hyper reference `XIII.2.4' on page 120 undefined on input line 2
32.


LaTeX Warning: Citation `XIII.5' on page 120 undefined on input line 234.


LaTeX Warning: Citation `XIII.1' on page 120 undefined on input line 239.


LaTeX Warning: Citation `XIII.8' on page 120 undefined on input line 242.


LaTeX Warning: Hyper reference `XIII.3.1' on page 120 undefined on input line 2
45.


LaTeX Warning: Reference `XIII.3.1' on page 120 undefined on input line 245.


LaTeX Warning: Hyper reference `XIII.3.3' on page 120 undefined on input line 2
74.


LaTeX Warning: Reference `XIII.3.3' on page 120 undefined on input line 274.


LaTeX Warning: Hyper reference `XIII.3.1' on page 120 undefined on input line 2
74.


LaTeX Warning: Reference `XIII.3.1' on page 120 undefined on input line 274.


LaTeX Warning: Citation `XIII.4' on page 120 undefined on input line 302.

[120]

Package hyperref Warning: Token not allowed in a PDF string (Unicode):
(hyperref)                removing `math shift' on input line 306.


Package hyperref Warning: Token not allowed in a PDF string (Unicode):
(hyperref)                removing `\pi' on input line 306.


Package hyperref Warning: Token not allowed in a PDF string (Unicode):
(hyperref)                removing `subscript' on input line 306.


Package hyperref Warning: Token not allowed in a PDF string (Unicode):
(hyperref)                removing `math shift' on input line 306.


LaTeX Warning: Hyper reference `XIII.6' on page 121 undefined on input line 310
.


LaTeX Warning: Reference `XIII.6' on page 121 undefined on input line 310.


LaTeX Warning: Hyper reference `XIII.6' on page 121 undefined on input line 310
.


LaTeX Warning: Reference `XIII.6' on page 121 undefined on input line 310.


LaTeX Warning: Citation `XIII.7' on page 121 undefined on input line 351.


LaTeX Warning: Hyper reference `XII' on page 121 undefined on input line 374.


LaTeX Warning: Reference `XII' on page 121 undefined on input line 374.


LaTeX Warning: Hyper reference `XIII.4.1' on page 121 undefined on input line 3
82.


LaTeX Warning: Reference `XIII.4.1' on page 121 undefined on input line 382.


LaTeX Warning: Hyper reference `XIII.4.3' on page 121 undefined on input line 3
82.


LaTeX Warning: Reference `XIII.4.3' on page 121 undefined on input line 382.


LaTeX Warning: Reference `XIII.6.A' on page 121 undefined on input line 382.


LaTeX Warning: Reference `XIII.6.D' on page 121 undefined on input line 382.


LaTeX Warning: Hyper reference `XIII' on page 121 undefined on input line 382.


LaTeX Warning: Reference `XIII' on page 121 undefined on input line 382.


LaTeX Warning: Hyper reference `XIV' on page 121 undefined on input line 382.


LaTeX Warning: Reference `XIV' on page 121 undefined on input line 382.

[121]

LaTeX Warning: Reference `p25y' on page 122 undefined on input line 404.


LaTeX Warning: Reference `p25y' on page 122 undefined on input line 420.


LaTeX Warning: Hyper reference `I' on page 122 undefined on input line 424.


LaTeX Warning: Reference `I' on page 122 undefined on input line 424.


LaTeX Warning: Reference `p25y' on page 122 undefined on input line 434.


LaTeX Warning: Hyper reference `XIII.4.1' on page 122 undefined on input line 4
35.


LaTeX Warning: Reference `XIII.4.1' on page 122 undefined on input line 435.

[122]

LaTeX Warning: Hyper reference `XIII.4.1' on page 123 undefined on input line 4
67.


LaTeX Warning: Reference `XIII.4.1' on page 123 undefined on input line 467.


LaTeX Warning: Hyper reference `XIII.4.2' on page 123 undefined on input line 4
85.


LaTeX Warning: Reference `XIII.4.2' on page 123 undefined on input line 485.


LaTeX Warning: Hyper reference `XIV' on page 123 undefined on input line 513.


LaTeX Warning: Reference `XIV' on page 123 undefined on input line 513.


LaTeX Warning: Hyper reference `XIII.4.2' on page 123 undefined on input line 5
16.


LaTeX Warning: Reference `XIII.4.2' on page 123 undefined on input line 516.


LaTeX Warning: Citation `XIII.5' on page 123 undefined on input line 531.

[123]

LaTeX Warning: Hyper reference `eq:XIII.5.+' on page 124 undefined on input lin
e 535.


LaTeX Warning: Reference `eq:XIII.5.+' on page 124 undefined on input line 535.



LaTeX Warning: Citation `XIII.3' on page 124 undefined on input line 537.


LaTeX Warning: Citation `XIII.6' on page 124 undefined on input line 537.


LaTeX Warning: Hyper reference `XI' on page 124 undefined on input line 552.


LaTeX Warning: Reference `XI' on page 124 undefined on input line 552.


LaTeX Warning: Hyper reference `XI.3.11' on page 124 undefined on input line 55
2.


LaTeX Warning: Reference `XI.3.11' on page 124 undefined on input line 552.


LaTeX Warning: Hyper reference `V' on page 124 undefined on input line 552.


LaTeX Warning: Reference `V' on page 124 undefined on input line 552.


LaTeX Warning: Hyper reference `V.3.6' on page 124 undefined on input line 552.



LaTeX Warning: Reference `V.3.6' on page 124 undefined on input line 552.

[124]

LaTeX Warning: Reference `commpara' on page 125 undefined on input line 558.


LaTeX Warning: Reference `commpara' on page 125 undefined on input line 558.

[125]

LaTeX Warning: Hyper reference `XIII.2' on page 126 undefined on input line 576
.


LaTeX Warning: Reference `XIII.2' on page 126 undefined on input line 576.


LaTeX Warning: Hyper reference `XIII.3' on page 126 undefined on input line 576
.


LaTeX Warning: Reference `XIII.3' on page 126 undefined on input line 576.

[126]

LaTeX Warning: Hyper reference `XIII.5' on page 127 undefined on input line 579
.


LaTeX Warning: Reference `XIII.5' on page 127 undefined on input line 579.


LaTeX Warning: Reference `pXIII20' on page 127 undefined on input line 579.


LaTeX Warning: Hyper reference `XIII.3.4' on page 127 undefined on input line 5
81.


LaTeX Warning: Reference `XIII.3.4' on page 127 undefined on input line 581.


LaTeX Warning: Hyper reference `XIII.4.2' on page 127 undefined on input line 5
81.


LaTeX Warning: Reference `XIII.4.2' on page 127 undefined on input line 581.


LaTeX Warning: Hyper reference `XIII.4.3' on page 127 undefined on input line 5
81.


LaTeX Warning: Reference `XIII.4.3' on page 127 undefined on input line 581.


LaTeX Warning: Hyper reference `XIII.4.3' on page 127 undefined on input line 5
81.


LaTeX Warning: Reference `XIII.4.3' on page 127 undefined on input line 581.


LaTeX Warning: Hyper reference `XIV' on page 127 undefined on input line 581.


LaTeX Warning: Reference `XIV' on page 127 undefined on input line 581.

[127]

LaTeX Warning: Reference `pip15' on page 128 undefined on input line 584.


LaTeX Warning: Reference `p15l' on page 128 undefined on input line 593.


LaTeX Warning: Hyper reference `XIII.4.2' on page 128 undefined on input line 5
97.


LaTeX Warning: Reference `XIII.4.2' on page 128 undefined on input line 597.


LaTeX Warning: Hyper reference `XIII.4.3' on page 128 undefined on input line 5
97.


LaTeX Warning: Reference `XIII.4.3' on page 128 undefined on input line 597.


LaTeX Warning: Hyper reference `XIII.4.2' on page 128 undefined on input line 5
99.


LaTeX Warning: Reference `XIII.4.2' on page 128 undefined on input line 599.


LaTeX Warning: Hyper reference `XIII.4.3' on page 128 undefined on input line 5
99.


LaTeX Warning: Reference `XIII.4.3' on page 128 undefined on input line 599.


LaTeX Warning: Hyper reference `eq:XIII.6.x' on page 128 undefined on input lin
e 618.


LaTeX Warning: Reference `eq:XIII.6.x' on page 128 undefined on input line 618.



LaTeX Warning: Hyper reference `XIII.6.2' on page 128 undefined on input line 6
18.


LaTeX Warning: Reference `XIII.6.2' on page 128 undefined on input line 618.


LaTeX Warning: Citation `HL' on page 128 undefined on input line 618.

[128]

LaTeX Warning: Citation `HL' on page 129 undefined on input line 624.


LaTeX Warning: Hyper reference `X' on page 129 undefined on input line 636.


LaTeX Warning: Reference `X' on page 129 undefined on input line 636.


LaTeX Warning: Hyper reference `XIII.4.1' on page 129 undefined on input line 6
38.


LaTeX Warning: Reference `XIII.4.1' on page 129 undefined on input line 638.


LaTeX Warning: Citation `HL' on page 129 undefined on input line 641.


LaTeX Warning: Hyper reference `XIII.4.1' on page 129 undefined on input line 6
45.


LaTeX Warning: Reference `XIII.4.1' on page 129 undefined on input line 645.


LaTeX Warning: Hyper reference `XIII.4.2' on page 129 undefined on input line 6
47.


LaTeX Warning: Reference `XIII.4.2' on page 129 undefined on input line 647.


LaTeX Warning: Hyper reference `XIII.4.3' on page 129 undefined on input line 6
47.


LaTeX Warning: Reference `XIII.4.3' on page 129 undefined on input line 647.


LaTeX Warning: Citation `HL' on page 129 undefined on input line 650.


LaTeX Warning: Hyper reference `XIII.6.B' on page 129 undefined on input line 6
51.


LaTeX Warning: Reference `XIII.6.B' on page 129 undefined on input line 651.


LaTeX Warning: Citation `HL' on page 129 undefined on input line 660.

[129]

LaTeX Warning: Hyper reference `XIII.6.C' on page 130 undefined on input line 6
69.


LaTeX Warning: Reference `XIII.6.C' on page 130 undefined on input line 669.


LaTeX Warning: Hyper reference `XIII.6.D' on page 130 undefined on input line 6
69.


LaTeX Warning: Reference `XIII.6.D' on page 130 undefined on input line 669.


LaTeX Warning: Reference `FH' on page 130 undefined on input line 673.


LaTeX Warning: Reference `FH' on page 130 undefined on input line 673.


LaTeX Warning: Hyper reference `XIII.6.D' on page 130 undefined on input line 6
76.


LaTeX Warning: Reference `XIII.6.D' on page 130 undefined on input line 676.


LaTeX Warning: Citation `HL' on page 130 undefined on input line 680.

[130]) (parts/14_expose_XIV.tex [131]
Expos\'e XIV.

LaTeX Warning: Hyper reference `XIV.1' on page 132 undefined on input line 8.


LaTeX Warning: Reference `XIV.1' on page 132 undefined on input line 8.


LaTeX Warning: Hyper reference `III' on page 132 undefined on input line 8.


LaTeX Warning: Reference `III' on page 132 undefined on input line 8.


LaTeX Warning: Hyper reference `XIV.4' on page 132 undefined on input line 8.


LaTeX Warning: Reference `XIV.4' on page 132 undefined on input line 8.


LaTeX Warning: Hyper reference `XIV.4.2' on page 132 undefined on input line 8.



LaTeX Warning: Reference `XIV.4.2' on page 132 undefined on input line 8.


LaTeX Warning: Hyper reference `XIV.5' on page 132 undefined on input line 11.


LaTeX Warning: Reference `XIV.5' on page 132 undefined on input line 11.


LaTeX Warning: Hyper reference `XIV.5.7' on page 132 undefined on input line 11
.


LaTeX Warning: Reference `XIV.5.7' on page 132 undefined on input line 11.


LaTeX Warning: Hyper reference `XIV.6' on page 132 undefined on input line 11.


LaTeX Warning: Reference `XIV.6' on page 132 undefined on input line 11.


LaTeX Warning: Citation `XIV.3' on page 132 undefined on input line 18.

[132]

LaTeX Warning: Hyper reference `XIV.1.0' on page 133 undefined on input line 71
.

[133] [134]

LaTeX Warning: Hyper reference `eq:XIV.1.1.*' on page 135 undefined on input li
ne 131.


LaTeX Warning: Reference `eq:XIV.1.1.*' on page 135 undefined on input line 131
.


LaTeX Warning: Hyper reference `XIV.1.1' on page 135 undefined on input line 13
8.


LaTeX Warning: Reference `XIV.1.1' on page 135 undefined on input line 138.


LaTeX Warning: Hyper reference `XIV.1.1' on page 135 undefined on input line 14
1.


LaTeX Warning: Reference `XIV.1.1' on page 135 undefined on input line 141.


LaTeX Warning: Hyper reference `XIV.1.1' on page 135 undefined on input line 15
6.


LaTeX Warning: Reference `XIV.1.1' on page 135 undefined on input line 156.


LaTeX Warning: Hyper reference `XIV.1.1' on page 135 undefined on input line 16
2.


LaTeX Warning: Reference `XIV.1.1' on page 135 undefined on input line 162.


LaTeX Warning: Hyper reference `XIV.1.3' on page 135 undefined on input line 16
7.


LaTeX Warning: Reference `XIV.1.3' on page 135 undefined on input line 167.


LaTeX Warning: Hyper reference `XIV.1.1' on page 135 undefined on input line 16
9.


LaTeX Warning: Reference `XIV.1.1' on page 135 undefined on input line 169.

[135]

LaTeX Warning: Hyper reference `XIV.1.1' on page 136 undefined on input line 17
8.


LaTeX Warning: Reference `XIV.1.1' on page 136 undefined on input line 178.


LaTeX Warning: Hyper reference `XIV.1.1' on page 136 undefined on input line 18
0.


LaTeX Warning: Reference `XIV.1.1' on page 136 undefined on input line 180.


LaTeX Warning: Hyper reference `XIV.1.1' on page 136 undefined on input line 19
8.


LaTeX Warning: Reference `XIV.1.1' on page 136 undefined on input line 198.


LaTeX Warning: Hyper reference `III' on page 136 undefined on input line 198.


LaTeX Warning: Reference `III' on page 136 undefined on input line 198.


LaTeX Warning: Hyper reference `XIV.1.1' on page 136 undefined on input line 20
2.


LaTeX Warning: Reference `XIV.1.1' on page 136 undefined on input line 202.


LaTeX Warning: Hyper reference `XIV.1.4' on page 136 undefined on input line 20
4.


LaTeX Warning: Reference `XIV.1.4' on page 136 undefined on input line 204.


LaTeX Warning: Hyper reference `X' on page 136 undefined on input line 204.


LaTeX Warning: Reference `X' on page 136 undefined on input line 204.


LaTeX Warning: Hyper reference `X.3.1' on page 136 undefined on input line 204.



LaTeX Warning: Reference `X.3.1' on page 136 undefined on input line 204.


LaTeX Warning: Hyper reference `X' on page 136 undefined on input line 204.


LaTeX Warning: Reference `X' on page 136 undefined on input line 204.


LaTeX Warning: Hyper reference `X.3.4' on page 136 undefined on input line 204.



LaTeX Warning: Reference `X.3.4' on page 136 undefined on input line 204.


LaTeX Warning: Citation `XIV.3' on page 136 undefined on input line 206.


LaTeX Warning: Citation `XIV.1' on page 136 undefined on input line 211.


LaTeX Warning: Hyper reference `XIV.1.1' on page 136 undefined on input line 21
3.


LaTeX Warning: Reference `XIV.1.1' on page 136 undefined on input line 213.

[136]

LaTeX Warning: Hyper reference `XIV.1.7' on page 137 undefined on input line 22
8.


LaTeX Warning: Reference `XIV.1.7' on page 137 undefined on input line 228.


LaTeX Warning: Hyper reference `XIV.1.3' on page 137 undefined on input line 22
8.


LaTeX Warning: Reference `XIV.1.3' on page 137 undefined on input line 228.


LaTeX Warning: Hyper reference `XIV.1.1' on page 137 undefined on input line 23
2.


LaTeX Warning: Reference `XIV.1.1' on page 137 undefined on input line 232.


LaTeX Warning: Hyper reference `XIV.1.8' on page 137 undefined on input line 24
3.


LaTeX Warning: Reference `XIV.1.8' on page 137 undefined on input line 243.

[137]

LaTeX Warning: Hyper reference `XIV.1.1' on page 138 undefined on input line 26
3.


LaTeX Warning: Reference `XIV.1.1' on page 138 undefined on input line 263.

[138]

LaTeX Warning: Hyper reference `eq:XIV.1.8.*' on page 139 undefined on input li
ne 285.


LaTeX Warning: Reference `eq:XIV.1.8.*' on page 139 undefined on input line 285
.


LaTeX Warning: Hyper reference `XIV.1.5' on page 139 undefined on input line 28
5.


LaTeX Warning: Reference `XIV.1.5' on page 139 undefined on input line 285.


LaTeX Warning: Hyper reference `eq:XIV.1.8.**' on page 139 undefined on input l
ine 301.


LaTeX Warning: Reference `eq:XIV.1.8.**' on page 139 undefined on input line 30
1.


LaTeX Warning: Hyper reference `eq:XIV.1.8.*' on page 139 undefined on input li
ne 301.


LaTeX Warning: Reference `eq:XIV.1.8.*' on page 139 undefined on input line 301
.


LaTeX Warning: Hyper reference `XIV.1.8.1' on page 139 undefined on input line 
303.


LaTeX Warning: Reference `XIV.1.8.1' on page 139 undefined on input line 303.


LaTeX Warning: Hyper reference `XIV.1.8' on page 139 undefined on input line 31
0.


LaTeX Warning: Reference `XIV.1.8' on page 139 undefined on input line 310.


LaTeX Warning: Hyper reference `XIV.1.8' on page 139 undefined on input line 31
3.


LaTeX Warning: Reference `XIV.1.8' on page 139 undefined on input line 313.


LaTeX Warning: Reference `gabaf' on page 139 undefined on input line 316.


LaTeX Warning: Reference `gabaf' on page 139 undefined on input line 316.

[139]

LaTeX Warning: Hyper reference `XIV.1.8' on page 140 undefined on input line 32
4.


LaTeX Warning: Reference `XIV.1.8' on page 140 undefined on input line 324.


LaTeX Warning: Reference `XIII.7' on page 140 undefined on input line 338.


LaTeX Warning: Citation `XIII.5' on page 140 undefined on input line 338.


LaTeX Warning: Hyper reference `XIV.1.8' on page 140 undefined on input line 34
4.


LaTeX Warning: Reference `XIV.1.8' on page 140 undefined on input line 344.


LaTeX Warning: Hyper reference `X' on page 140 undefined on input line 344.


LaTeX Warning: Reference `X' on page 140 undefined on input line 344.


LaTeX Warning: Hyper reference `X.3.4' on page 140 undefined on input line 344.



LaTeX Warning: Reference `X.3.4' on page 140 undefined on input line 344.


LaTeX Warning: Hyper reference `XIV.1.6' on page 140 undefined on input line 34
7.


LaTeX Warning: Hyper reference `III' on page 140 undefined on input line 347.


LaTeX Warning: Reference `III' on page 140 undefined on input line 347.


LaTeX Warning: Hyper reference `III.1' on page 140 undefined on input line 347.



LaTeX Warning: Reference `III.1' on page 140 undefined on input line 347.


LaTeX Warning: Hyper reference `XIV.1.4' on page 140 undefined on input line 34
7.


LaTeX Warning: Reference `XIV.1.4' on page 140 undefined on input line 347.

[140] <xymatrix 2x2 188> <xymatrix 5x2 423> <xymatrix 2x2 154>

LaTeX Warning: Hyper reference `XIV.1.13' on page 141 undefined on input line 4
02.


LaTeX Warning: Reference `XIV.1.13' on page 141 undefined on input line 402.


LaTeX Warning: Hyper reference `XIV.1.13.1' on page 141 undefined on input line
 402.


LaTeX Warning: Reference `XIV.1.13.1' on page 141 undefined on input line 402.

[141]

LaTeX Warning: Hyper reference `XIV.1.0' on page 142 undefined on input line 40
8.


LaTeX Warning: Reference `XIV.1.0' on page 142 undefined on input line 408.


LaTeX Warning: Hyper reference `XIV.1.13' on page 142 undefined on input line 4
12.


LaTeX Warning: Hyper reference `XIV.1.8' on page 142 undefined on input line 42
0.


LaTeX Warning: Reference `XIV.1.8' on page 142 undefined on input line 420.


LaTeX Warning: Hyper reference `XIV.1.14' on page 142 undefined on input line 4
20.


LaTeX Warning: Reference `XIV.1.14' on page 142 undefined on input line 420.


LaTeX Warning: Hyper reference `XIV.1.14' on page 142 undefined on input line 4
24.


LaTeX Warning: Reference `XIV.1.14' on page 142 undefined on input line 424.

<xymatrix 3x2 145> [142]

LaTeX Warning: Hyper reference `XIV.1.14' on page 143 undefined on input line 4
33.


LaTeX Warning: Reference `XIV.1.14' on page 143 undefined on input line 433.


LaTeX Warning: Hyper reference `XIV.1.13' on page 143 undefined on input line 4
45.


LaTeX Warning: Reference `XIV.1.13' on page 143 undefined on input line 445.


LaTeX Warning: Hyper reference `XIV.1.15' on page 143 undefined on input line 4
45.


LaTeX Warning: Reference `eq:XIV.115..*' on page 143 undefined on input line 44
5.


LaTeX Warning: Hyper reference `XIV.1.13' on page 143 undefined on input line 4
45.


LaTeX Warning: Reference `XIV.1.13' on page 143 undefined on input line 445.


LaTeX Warning: Reference `eq:XIV.1.13.2' on page 143 undefined on input line 44
5.


LaTeX Warning: Hyper reference `XIV.1.15' on page 143 undefined on input line 4
58.


LaTeX Warning: Reference `XIV.1.15' on page 143 undefined on input line 458.


LaTeX Warning: Hyper reference `XIV.1.10' on page 143 undefined on input line 4
62.


LaTeX Warning: Reference `XIV.1.10' on page 143 undefined on input line 462.


LaTeX Warning: Hyper reference `XIV.1.15' on page 143 undefined on input line 4
69.


LaTeX Warning: Reference `XIV.1.15' on page 143 undefined on input line 469.


LaTeX Warning: Hyper reference `XIV.1.13' on page 143 undefined on input line 4
69.


LaTeX Warning: Reference `XIV.1.13' on page 143 undefined on input line 469.


LaTeX Warning: Hyper reference `XIV.1.13' on page 143 undefined on input line 4
76.


LaTeX Warning: Reference `XIV.1.13' on page 143 undefined on input line 476.

[143]

LaTeX Warning: Hyper reference `XIV.1.14' on page 144 undefined on input line 4
99.


LaTeX Warning: Reference `XIV.1.14' on page 144 undefined on input line 499.


LaTeX Warning: Hyper reference `XIV.1.15' on page 144 undefined on input line 4
99.


LaTeX Warning: Reference `XIV.1.15' on page 144 undefined on input line 499.

<xymatrix 4x2 276> <xymatrix 2x2 181> <xymatrix 3x2 248>

LaTeX Warning: Reference `eq:XIV.1.18.**' on page 144 undefined on input line 5
29.

[144] <xymatrix 5x3 443>

LaTeX Warning: Reference `eq:XIV.18.***' on page 145 undefined on input line 56
1.

<xymatrix 4x2 285> [145]

LaTeX Warning: Reference `eq:XIV.18.***' on page 146 undefined on input line 57
7.


LaTeX Warning: Hyper reference `XIV.1.18' on page 146 undefined on input line 5
77.


LaTeX Warning: Reference `XIV.1.18' on page 146 undefined on input line 577.


LaTeX Warning: Hyper reference `XIV.1.13' on page 146 undefined on input line 5
98.


LaTeX Warning: Reference `XIV.1.13' on page 146 undefined on input line 598.


LaTeX Warning: Hyper reference `XIV.1.6' on page 146 undefined on input line 59
8.


LaTeX Warning: Reference `XIV.1.6' on page 146 undefined on input line 598.


LaTeX Warning: Hyper reference `XIV.1.8' on page 146 undefined on input line 59
8.


LaTeX Warning: Reference `XIV.1.8' on page 146 undefined on input line 598.


LaTeX Warning: Hyper reference `XIV.1.13' on page 146 undefined on input line 5
98.


LaTeX Warning: Reference `XIV.1.13' on page 146 undefined on input line 598.


LaTeX Warning: Hyper reference `XIV.1.18' on page 146 undefined on input line 6
17.


LaTeX Warning: Reference `XIV.1.18' on page 146 undefined on input line 617.


LaTeX Warning: Hyper reference `XIV.1.11' on page 146 undefined on input line 6
17.


LaTeX Warning: Reference `XIV.1.11' on page 146 undefined on input line 617.

[146] <xymatrix 2x2 182> <xymatrix 2x2 182> [147]

LaTeX Warning: Reference `eq:XIV.2.2.*' on page 148 undefined on input line 683
.

<xymatrix 2x2 154>

LaTeX Warning: Hyper reference `XIV.4' on page 148 undefined on input line 705.



LaTeX Warning: Reference `XIV.4' on page 148 undefined on input line 705.

[148]

LaTeX Warning: Hyper reference `XIV.2.3.1' on page 149 undefined on input line 
732.


LaTeX Warning: Reference `XIV.2.3.1' on page 149 undefined on input line 732.


LaTeX Warning: Hyper reference `XIV.2.3.1' on page 149 undefined on input line 
736.


LaTeX Warning: Reference `XIV.2.3.1' on page 149 undefined on input line 736.


LaTeX Warning: Hyper reference `XIV.4' on page 149 undefined on input line 741.



LaTeX Warning: Reference `XIV.4' on page 149 undefined on input line 741.

<xymatrix 2x2 182> [149]

LaTeX Warning: Hyper reference `XIV.4' on page 150 undefined on input line 766.



LaTeX Warning: Reference `XIV.4' on page 150 undefined on input line 766.


LaTeX Warning: Reference `gabpur' on page 150 undefined on input line 770.


LaTeX Warning: Reference `gabpur' on page 150 undefined on input line 770.

[150]

LaTeX Warning: Citation `XIV.2' on page 151 undefined on input line 788.


LaTeX Warning: Hyper reference `XIV.3.2' on page 151 undefined on input line 80
0.


LaTeX Warning: Reference `XIV.3.2' on page 151 undefined on input line 800.


LaTeX Warning: Hyper reference `XIV.3.2' on page 151 undefined on input line 80
4.


LaTeX Warning: Reference `XIV.3.2' on page 151 undefined on input line 804.

<xymatrix 3x2 149>

LaTeX Warning: Hyper reference `XIV.4' on page 151 undefined on input line 822.



LaTeX Warning: Reference `XIV.4' on page 151 undefined on input line 822.


LaTeX Warning: Hyper reference `XIV.3.1' on page 151 undefined on input line 82
2.


LaTeX Warning: Reference `XIV.3.1' on page 151 undefined on input line 822.

[151] <xymatrix 2x2 182>

LaTeX Warning: Hyper reference `XIV.2.1.1' on page 152 undefined on input line 
850.


LaTeX Warning: Reference `XIV.2.1.1' on page 152 undefined on input line 850.

[152]

LaTeX Warning: Hyper reference `XIV.3.1' on page 153 undefined on input line 87
7.


LaTeX Warning: Reference `XIV.3.1' on page 153 undefined on input line 877.


LaTeX Warning: Hyper reference `XIV.3.1' on page 153 undefined on input line 88
3.


LaTeX Warning: Reference `XIV.3.1' on page 153 undefined on input line 883.


LaTeX Warning: Hyper reference `XIV.3.3' on page 153 undefined on input line 88
9.


LaTeX Warning: Reference `XIV.3.3' on page 153 undefined on input line 889.


LaTeX Warning: Hyper reference `XIV.3.4' on page 153 undefined on input line 89
2.


LaTeX Warning: Reference `XIV.3.4' on page 153 undefined on input line 892.


LaTeX Warning: Hyper reference `XIV.3.2' on page 153 undefined on input line 90
7.


LaTeX Warning: Reference `XIV.3.2' on page 153 undefined on input line 907.

[153]

LaTeX Warning: Hyper reference `XIV.3.4' on page 154 undefined on input line 91
1.


LaTeX Warning: Reference `XIV.3.4' on page 154 undefined on input line 911.


LaTeX Warning: Hyper reference `XIV.3.5' on page 154 undefined on input line 92
7.


LaTeX Warning: Reference `XIV.3.5' on page 154 undefined on input line 927.


LaTeX Warning: Hyper reference `XIV.3.5' on page 154 undefined on input line 92
7.


LaTeX Warning: Reference `XIV.3.5' on page 154 undefined on input line 927.


LaTeX Warning: Hyper reference `XIV.3.7' on page 154 undefined on input line 93
7.


LaTeX Warning: Reference `XIV.3.7' on page 154 undefined on input line 937.


LaTeX Warning: Hyper reference `XIV.3.5' on page 154 undefined on input line 93
7.


LaTeX Warning: Reference `XIV.3.5' on page 154 undefined on input line 937.


LaTeX Warning: Hyper reference `XIV.3.1' on page 154 undefined on input line 94
2.


LaTeX Warning: Reference `XIV.3.1' on page 154 undefined on input line 942.

[154]

LaTeX Warning: Reference `eq:XIV.3.6.**' on page 155 undefined on input line 96
3.


LaTeX Warning: Hyper reference `XIV.3.1' on page 155 undefined on input line 96
3.


LaTeX Warning: Reference `XIV.3.1' on page 155 undefined on input line 963.


LaTeX Warning: Hyper reference `eq:XIV.3.6.*' on page 155 undefined on input li
ne 963.


LaTeX Warning: Reference `eq:XIV.3.6.*' on page 155 undefined on input line 963
.


LaTeX Warning: Hyper reference `XIV.3.1' on page 155 undefined on input line 96
3.


LaTeX Warning: Reference `XIV.3.1' on page 155 undefined on input line 963.


LaTeX Warning: Hyper reference `eq:XIV.3.6.***' on page 155 undefined on input 
line 963.


LaTeX Warning: Reference `eq:XIV.3.6.***' on page 155 undefined on input line 9
63.


LaTeX Warning: Hyper reference `XIV.3.5' on page 155 undefined on input line 96
5.


LaTeX Warning: Reference `XIV.3.5' on page 155 undefined on input line 965.


LaTeX Warning: Hyper reference `XIV.3.6' on page 155 undefined on input line 98
4.


LaTeX Warning: Reference `XIV.3.6' on page 155 undefined on input line 984.


LaTeX Warning: Hyper reference `XIV.3.1' on page 155 undefined on input line 98
6.


LaTeX Warning: Reference `XIV.3.1' on page 155 undefined on input line 986.

<xymatrix 3x2 158> [155] <xymatrix 3x2 158>

LaTeX Warning: Citation `XIV.3' on page 156 undefined on input line 1032.

<xymatrix 3x2 128> <xymatrix 3x2 128>

LaTeX Warning: Hyper reference `XIV.1.2' on page 156 undefined on input line 10
46.


LaTeX Warning: Reference `XIV.1.2' on page 156 undefined on input line 1046.


LaTeX Warning: Reference `eq:XIV.4.1.*' on page 156 undefined on input line 104
9.


LaTeX Warning: Reference `eq:XIV.4.1.*' on page 156 undefined on input line 105
8.

[156]

LaTeX Warning: Hyper reference `XIV.4.0' on page 157 undefined on input line 10
61.


LaTeX Warning: Reference `XIV.4.0' on page 157 undefined on input line 1061.


LaTeX Warning: Reference `eq:XIV.4.1.**' on page 157 undefined on input line 10
64.


LaTeX Warning: Hyper reference `XIV.4.1' on page 157 undefined on input line 10
69.


LaTeX Warning: Reference `XIV.4.1' on page 157 undefined on input line 1069.


LaTeX Warning: Hyper reference `XIV.4.1' on page 157 undefined on input line 10
80.


LaTeX Warning: Reference `XIV.4.1' on page 157 undefined on input line 1080.


LaTeX Warning: Hyper reference `XIV.2.2' on page 157 undefined on input line 10
86.


LaTeX Warning: Reference `XIV.2.2' on page 157 undefined on input line 1086.

<xymatrix 2x2 194> [157]

LaTeX Warning: Hyper reference `XIV.1.8' on page 158 undefined on input line 11
17.


LaTeX Warning: Reference `XIV.1.8' on page 158 undefined on input line 1117.


LaTeX Warning: Hyper reference `XIV.1.16' on page 158 undefined on input line 1
121.


LaTeX Warning: Reference `XIV.1.16' on page 158 undefined on input line 1121.


LaTeX Warning: Hyper reference `XIV.2.2' on page 158 undefined on input line 11
31.


LaTeX Warning: Reference `XIV.2.2' on page 158 undefined on input line 1131.


LaTeX Warning: Hyper reference `XIV.2.1.1' on page 158 undefined on input line 
1135.


LaTeX Warning: Reference `XIV.2.1.1' on page 158 undefined on input line 1135.


LaTeX Warning: Hyper reference `XIV.1.16' on page 158 undefined on input line 1
135.


LaTeX Warning: Reference `XIV.1.16' on page 158 undefined on input line 1135.


LaTeX Warning: Hyper reference `XIV.2.2.1' on page 158 undefined on input line 
1141.


LaTeX Warning: Reference `XIV.2.2.1' on page 158 undefined on input line 1141.


LaTeX Warning: Hyper reference `XIV.1.16' on page 158 undefined on input line 1
141.


LaTeX Warning: Reference `XIV.1.16' on page 158 undefined on input line 1141.


LaTeX Warning: Hyper reference `XIV.2.2.1' on page 158 undefined on input line 
1145.


LaTeX Warning: Reference `XIV.2.2.1' on page 158 undefined on input line 1145.


LaTeX Warning: Hyper reference `XIV.2.3' on page 158 undefined on input line 11
51.


LaTeX Warning: Reference `XIV.2.3' on page 158 undefined on input line 1151.

[158]

LaTeX Warning: Hyper reference `XIV.2.3.2' on page 159 undefined on input line 
1166.


LaTeX Warning: Reference `XIV.2.3.2' on page 159 undefined on input line 1166.


LaTeX Warning: Reference `eq:XIV.4.2.*' on page 159 undefined on input line 117
0.


LaTeX Warning: Reference `eq:XIV.4.2.**' on page 159 undefined on input line 11
75.


LaTeX Warning: Hyper reference `XIV.3.1' on page 159 undefined on input line 11
75.


LaTeX Warning: Reference `XIV.3.1' on page 159 undefined on input line 1175.


LaTeX Warning: Reference `eq:XIV.4.2.**' on page 159 undefined on input line 11
79.


LaTeX Warning: Hyper reference `XIV.3.6' on page 159 undefined on input line 11
92.


LaTeX Warning: Reference `XIV.3.6' on page 159 undefined on input line 1192.


LaTeX Warning: Hyper reference `XIV.3.6' on page 159 undefined on input line 11
92.


LaTeX Warning: Reference `XIV.3.6' on page 159 undefined on input line 1192.


LaTeX Warning: Hyper reference `XIV.2.3.3' on page 159 undefined on input line 
1192.


LaTeX Warning: Reference `XIV.2.3.3' on page 159 undefined on input line 1192.


LaTeX Warning: Reference `eq:XIV.4.2.**' on page 159 undefined on input line 11
96.


LaTeX Warning: Reference `eq:XIV.4.2.***' on page 159 undefined on input line 1
198.


LaTeX Warning: Reference `eq:XIV.4.2.***' on page 159 undefined on input line 1
200.

[159]

LaTeX Warning: Hyper reference `XIV.2.3.3' on page 160 undefined on input line 
1224.


LaTeX Warning: Reference `XIV.2.3.3' on page 160 undefined on input line 1224.


LaTeX Warning: Hyper reference `XIV.3.6' on page 160 undefined on input line 12
24.


LaTeX Warning: Reference `XIV.3.6' on page 160 undefined on input line 1224.


LaTeX Warning: Hyper reference `XIV.3.7' on page 160 undefined on input line 12
24.


LaTeX Warning: Reference `XIV.3.7' on page 160 undefined on input line 1224.


LaTeX Warning: Hyper reference `XIV.4.2' on page 160 undefined on input line 12
38.


LaTeX Warning: Reference `XIV.4.2' on page 160 undefined on input line 1238.


LaTeX Warning: Hyper reference `XIV.4.2' on page 160 undefined on input line 12
46.


LaTeX Warning: Reference `XIV.4.2' on page 160 undefined on input line 1246.


LaTeX Warning: Hyper reference `XIV.4.1' on page 160 undefined on input line 12
59.


LaTeX Warning: Reference `XIV.4.1' on page 160 undefined on input line 1259.


LaTeX Warning: Hyper reference `XIV.4.3' on page 160 undefined on input line 12
59.


LaTeX Warning: Reference `XIV.4.3' on page 160 undefined on input line 1259.

[160]

LaTeX Warning: Hyper reference `XIV.4.2' on page 161 undefined on input line 12
73.


LaTeX Warning: Reference `XIV.4.2' on page 161 undefined on input line 1273.

<xymatrix 3x2 128>

LaTeX Warning: Reference `eq:XIV.4.5.*' on page 161 undefined on input line 128
8.

[161]

LaTeX Warning: Hyper reference `XIV.4.4' on page 162 undefined on input line 13
13.


LaTeX Warning: Reference `XIV.4.4' on page 162 undefined on input line 1313.


LaTeX Warning: Hyper reference `XIV.4.3' on page 162 undefined on input line 13
15.


LaTeX Warning: Reference `XIV.4.3' on page 162 undefined on input line 1315.


LaTeX Warning: Hyper reference `XIV.3.1' on page 162 undefined on input line 13
38.


LaTeX Warning: Reference `XIV.3.1' on page 162 undefined on input line 1338.


LaTeX Warning: Hyper reference `XIV.4.7' on page 162 undefined on input line 13
38.


LaTeX Warning: Reference `XIV.4.7' on page 162 undefined on input line 1338.


LaTeX Warning: Hyper reference `XIV.4.3' on page 162 undefined on input line 13
38.


LaTeX Warning: Reference `XIV.4.3' on page 162 undefined on input line 1338.


LaTeX Warning: Hyper reference `XIV.4.2' on page 162 undefined on input line 13
40.


LaTeX Warning: Reference `XIV.4.2' on page 162 undefined on input line 1340.


LaTeX Warning: Hyper reference `XIV.4.4' on page 162 undefined on input line 13
66.


LaTeX Warning: Reference `XIV.4.4' on page 162 undefined on input line 1366.


LaTeX Warning: Hyper reference `XIV.4.5' on page 162 undefined on input line 13
66.


LaTeX Warning: Reference `XIV.4.5' on page 162 undefined on input line 1366.


LaTeX Warning: Hyper reference `XIV.4.6' on page 162 undefined on input line 13
66.


LaTeX Warning: Reference `XIV.4.6' on page 162 undefined on input line 1366.

[162]

LaTeX Warning: Hyper reference `XIV.4.4' on page 163 undefined on input line 13
69.


LaTeX Warning: Reference `XIV.4.4' on page 163 undefined on input line 1369.


LaTeX Warning: Hyper reference `XIV.4.5' on page 163 undefined on input line 13
69.


LaTeX Warning: Reference `XIV.4.5' on page 163 undefined on input line 1369.


LaTeX Warning: Hyper reference `XIV.4.6' on page 163 undefined on input line 13
69.


LaTeX Warning: Reference `XIV.4.6' on page 163 undefined on input line 1369.


LaTeX Warning: Hyper reference `XIV.4.9' on page 163 undefined on input line 13
88.


LaTeX Warning: Reference `XIV.4.9' on page 163 undefined on input line 1388.


LaTeX Warning: Hyper reference `XIV.4.8' on page 163 undefined on input line 13
88.


LaTeX Warning: Reference `XIV.4.8' on page 163 undefined on input line 1388.


LaTeX Warning: Hyper reference `XIV.4.4' on page 163 undefined on input line 13
88.


LaTeX Warning: Reference `XIV.4.4' on page 163 undefined on input line 1388.


LaTeX Warning: Hyper reference `XIV.4.5' on page 163 undefined on input line 13
88.


LaTeX Warning: Reference `XIV.4.5' on page 163 undefined on input line 1388.

<xymatrix 2x2 194>

LaTeX Warning: Hyper reference `XIV.4.2.1' on page 163 undefined on input line 
1392.


LaTeX Warning: Reference `XIV.4.2.1' on page 163 undefined on input line 1392.


LaTeX Warning: Hyper reference `XIV.1.16' on page 163 undefined on input line 1
392.


LaTeX Warning: Reference `XIV.1.16' on page 163 undefined on input line 1392.


LaTeX Warning: Hyper reference `XIV.4.2.2' on page 163 undefined on input line 
1394.


LaTeX Warning: Reference `XIV.4.2.2' on page 163 undefined on input line 1394.

[163]

LaTeX Warning: Hyper reference `XIV.4.9.1' on page 164 undefined on input line 
1403.


LaTeX Warning: Reference `XIV.4.9.1' on page 164 undefined on input line 1403.


LaTeX Warning: Hyper reference `XIV.4.2.2' on page 164 undefined on input line 
1403.


LaTeX Warning: Reference `XIV.4.2.2' on page 164 undefined on input line 1403.


LaTeX Warning: Hyper reference `XIV.1.16' on page 164 undefined on input line 1
403.


LaTeX Warning: Reference `XIV.1.16' on page 164 undefined on input line 1403.


LaTeX Warning: Reference `eq:XIV.4.9.*' on page 164 undefined on input line 141
4.


LaTeX Warning: Hyper reference `XIV.1.6' on page 164 undefined on input line 14
14.


LaTeX Warning: Reference `XIV.1.6' on page 164 undefined on input line 1414.


LaTeX Warning: Hyper reference `XIV.4.4' on page 164 undefined on input line 14
14.


LaTeX Warning: Reference `XIV.4.4' on page 164 undefined on input line 1414.


LaTeX Warning: Hyper reference `XIV.4.5' on page 164 undefined on input line 14
14.


LaTeX Warning: Reference `XIV.4.5' on page 164 undefined on input line 1414.


LaTeX Warning: Hyper reference `XIV.4.2' on page 164 undefined on input line 14
28.


LaTeX Warning: Reference `XIV.4.2' on page 164 undefined on input line 1428.


LaTeX Warning: Hyper reference `XIV.4.5' on page 164 undefined on input line 14
28.


LaTeX Warning: Reference `XIV.4.5' on page 164 undefined on input line 1428.


LaTeX Warning: Hyper reference `XIV.4.5' on page 164 undefined on input line 14
30.


LaTeX Warning: Reference `XIV.4.5' on page 164 undefined on input line 1430.

[164] <xymatrix 3x2 158> <xymatrix 3x3 214> <xymatrix 3x3 174> [165]

LaTeX Warning: Reference `eq:XIV.5.2.*' on page 166 undefined on input line 147
0.


LaTeX Warning: Hyper reference `XIV.5.2' on page 166 undefined on input line 14
72.


LaTeX Warning: Reference `XIV.5.2' on page 166 undefined on input line 1472.


LaTeX Warning: Hyper reference `XIV.5.6' on page 166 undefined on input line 14
99.


LaTeX Warning: Reference `XIV.5.6' on page 166 undefined on input line 1499.


LaTeX Warning: Hyper reference `XIV.5.5' on page 166 undefined on input line 15
06.


LaTeX Warning: Reference `XIV.5.5' on page 166 undefined on input line 1506.


LaTeX Warning: Hyper reference `XIV.1.16' on page 166 undefined on input line 1
506.


LaTeX Warning: Reference `XIV.1.16' on page 166 undefined on input line 1506.

[166]

LaTeX Warning: Hyper reference `XIV.1.10' on page 167 undefined on input line 1
517.


LaTeX Warning: Reference `XIV.1.10' on page 167 undefined on input line 1517.


LaTeX Warning: Hyper reference `XIV.4.5' on page 167 undefined on input line 15
21.


LaTeX Warning: Reference `XIV.4.5' on page 167 undefined on input line 1521.


LaTeX Warning: Hyper reference `XIV.1.10' on page 167 undefined on input line 1
524.


LaTeX Warning: Reference `XIV.1.10' on page 167 undefined on input line 1524.


LaTeX Warning: Hyper reference `XIV.4.5' on page 167 undefined on input line 15
28.


LaTeX Warning: Reference `XIV.4.5' on page 167 undefined on input line 1528.


LaTeX Warning: Reference `eq:XIV.5.6.*' on page 167 undefined on input line 152
8.


LaTeX Warning: Hyper reference `XIV.4.5' on page 167 undefined on input line 15
39.


LaTeX Warning: Reference `XIV.4.5' on page 167 undefined on input line 1539.


LaTeX Warning: Hyper reference `XIV.4.6' on page 167 undefined on input line 15
39.


LaTeX Warning: Reference `XIV.4.6' on page 167 undefined on input line 1539.


LaTeX Warning: Hyper reference `XIV.5.6' on page 167 undefined on input line 15
39.


LaTeX Warning: Reference `XIV.5.6' on page 167 undefined on input line 1539.


LaTeX Warning: Hyper reference `XIV.4.2' on page 167 undefined on input line 15
50.


LaTeX Warning: Reference `XIV.4.2' on page 167 undefined on input line 1550.


LaTeX Warning: Hyper reference `XIV.4.5' on page 167 undefined on input line 15
53.


LaTeX Warning: Reference `XIV.4.5' on page 167 undefined on input line 1553.


LaTeX Warning: Hyper reference `XIV.4.6' on page 167 undefined on input line 15
53.


LaTeX Warning: Reference `XIV.4.6' on page 167 undefined on input line 1553.


LaTeX Warning: Hyper reference `XIV.4.9' on page 167 undefined on input line 15
53.


LaTeX Warning: Reference `XIV.4.9' on page 167 undefined on input line 1553.

[167] [168]

LaTeX Warning: Hyper reference `XIV.6.2' on page 169 undefined on input line 15
95.


LaTeX Warning: Reference `XIV.6.2' on page 169 undefined on input line 1595.


LaTeX Warning: Hyper reference `XIII' on page 169 undefined on input line 1595.



LaTeX Warning: Reference `XIII' on page 169 undefined on input line 1595.


LaTeX Warning: Hyper reference `XIII.2.1' on page 169 undefined on input line 1
595.


LaTeX Warning: Reference `XIII.2.1' on page 169 undefined on input line 1595.


LaTeX Warning: Hyper reference `X' on page 169 undefined on input line 1595.


LaTeX Warning: Reference `X' on page 169 undefined on input line 1595.


LaTeX Warning: Hyper reference `X.3.4' on page 169 undefined on input line 1595
.


LaTeX Warning: Reference `X.3.4' on page 169 undefined on input line 1595.


LaTeX Warning: Hyper reference `XII' on page 169 undefined on input line 1595.


LaTeX Warning: Reference `XII' on page 169 undefined on input line 1595.


LaTeX Warning: Hyper reference `XII.3.5' on page 169 undefined on input line 15
95.


LaTeX Warning: Reference `XII.3.5' on page 169 undefined on input line 1595.


LaTeX Warning: Hyper reference `XIV.4.8' on page 169 undefined on input line 15
95.


LaTeX Warning: Reference `XIV.4.8' on page 169 undefined on input line 1595.


LaTeX Warning: Hyper reference `XIV.4.9' on page 169 undefined on input line 15
95.


LaTeX Warning: Reference `XIV.4.9' on page 169 undefined on input line 1595.


LaTeX Warning: Hyper reference `XIV.5.6' on page 169 undefined on input line 15
98.


LaTeX Warning: Reference `XIV.5.6' on page 169 undefined on input line 1598.


LaTeX Warning: Hyper reference `XIV.1.11' on page 169 undefined on input line 1
598.


LaTeX Warning: Reference `XIV.1.11' on page 169 undefined on input line 1598.


LaTeX Warning: Hyper reference `XIV.4.2' on page 169 undefined on input line 16
01.


LaTeX Warning: Reference `XIV.4.2' on page 169 undefined on input line 1601.


LaTeX Warning: Hyper reference `XIII' on page 169 undefined on input line 1601.



LaTeX Warning: Reference `XIII' on page 169 undefined on input line 1601.


LaTeX Warning: Hyper reference `XIV.4.2' on page 169 undefined on input line 16
01.


LaTeX Warning: Reference `XIV.4.2' on page 169 undefined on input line 1601.


LaTeX Warning: Hyper reference `XIV.6.2' on page 169 undefined on input line 16
01.


LaTeX Warning: Reference `XIV.6.2' on page 169 undefined on input line 1601.


LaTeX Warning: Hyper reference `X' on page 169 undefined on input line 1601.


LaTeX Warning: Reference `X' on page 169 undefined on input line 1601.


LaTeX Warning: Hyper reference `XII' on page 169 undefined on input line 1601.


LaTeX Warning: Reference `XII' on page 169 undefined on input line 1601.


LaTeX Warning: Hyper reference `XIII' on page 169 undefined on input line 1601.



LaTeX Warning: Reference `XIII' on page 169 undefined on input line 1601.


LaTeX Warning: Hyper reference `XIV.6.2' on page 169 undefined on input line 16
01.


LaTeX Warning: Reference `XIV.6.2' on page 169 undefined on input line 1601.

[169] [170]

LaTeX Warning: Hyper reference `I' on page 171 undefined on input line 1625.


LaTeX Warning: Reference `I' on page 171 undefined on input line 1625.


LaTeX Warning: Hyper reference `I.1' on page 171 undefined on input line 1625.


LaTeX Warning: Reference `I.1' on page 171 undefined on input line 1625.


LaTeX Warning: Hyper reference `I' on page 171 undefined on input line 1626.


LaTeX Warning: Reference `I' on page 171 undefined on input line 1626.


LaTeX Warning: Hyper reference `I.1' on page 171 undefined on input line 1626.


LaTeX Warning: Reference `I.1' on page 171 undefined on input line 1626.


LaTeX Warning: Hyper reference `I' on page 171 undefined on input line 1627.


LaTeX Warning: Reference `I' on page 171 undefined on input line 1627.


LaTeX Warning: Hyper reference `I.1.6' on page 171 undefined on input line 1627
.


LaTeX Warning: Reference `I.1.6' on page 171 undefined on input line 1627.


LaTeX Warning: Hyper reference `I' on page 171 undefined on input line 1628.


LaTeX Warning: Reference `I' on page 171 undefined on input line 1628.


LaTeX Warning: Hyper reference `I.2' on page 171 undefined on input line 1628.


LaTeX Warning: Reference `I.2' on page 171 undefined on input line 1628.


LaTeX Warning: Hyper reference `IV' on page 171 undefined on input line 1629.


LaTeX Warning: Reference `IV' on page 171 undefined on input line 1629.


LaTeX Warning: Hyper reference `IV.5.4' on page 171 undefined on input line 162
9.


LaTeX Warning: Reference `IV.5.4' on page 171 undefined on input line 1629.


LaTeX Warning: Hyper reference `V' on page 171 undefined on input line 1629.


LaTeX Warning: Reference `V' on page 171 undefined on input line 1629.


LaTeX Warning: Hyper reference `V.2' on page 171 undefined on input line 1629.


LaTeX Warning: Reference `V.2' on page 171 undefined on input line 1629.


LaTeX Warning: Reference `pV2.4' on page 171 undefined on input line 1629.


Underfull \hbox (badness 7397) in paragraph at lines 1629--1630
[]|[] []\T1/lmr/m/n/10.95 (+20) , [] []

LaTeX Warning: Hyper reference `III' on page 171 undefined on input line 1630.


LaTeX Warning: Reference `III' on page 171 undefined on input line 1630.


LaTeX Warning: Hyper reference `III.1.1' on page 171 undefined on input line 16
30.


LaTeX Warning: Reference `III.1.1' on page 171 undefined on input line 1630.


LaTeX Warning: Hyper reference `III' on page 171 undefined on input line 1631.


LaTeX Warning: Reference `III' on page 171 undefined on input line 1631.


LaTeX Warning: Hyper reference `III.2.3' on page 171 undefined on input line 16
31.


LaTeX Warning: Reference `III.2.3' on page 171 undefined on input line 1631.


LaTeX Warning: Hyper reference `III.2.8' on page 171 undefined on input line 16
31.


LaTeX Warning: Reference `III.2.8' on page 171 undefined on input line 1631.


LaTeX Warning: Hyper reference `IV' on page 171 undefined on input line 1632.


LaTeX Warning: Reference `IV' on page 171 undefined on input line 1632.


LaTeX Warning: Hyper reference `IV.1' on page 171 undefined on input line 1632.



LaTeX Warning: Reference `IV.1' on page 171 undefined on input line 1632.


LaTeX Warning: Reference `pIV.1' on page 171 undefined on input line 1632.


LaTeX Warning: Hyper reference `V' on page 171 undefined on input line 1633.


LaTeX Warning: Reference `V' on page 171 undefined on input line 1633.


LaTeX Warning: Hyper reference `V.1.1' on page 171 undefined on input line 1633
.


LaTeX Warning: Reference `V.1.1' on page 171 undefined on input line 1633.


LaTeX Warning: Hyper reference `VI' on page 171 undefined on input line 1634.


LaTeX Warning: Reference `VI' on page 171 undefined on input line 1634.


LaTeX Warning: Hyper reference `VI.1.1' on page 171 undefined on input line 163
4.


LaTeX Warning: Reference `VI.1.1' on page 171 undefined on input line 1634.


LaTeX Warning: Hyper reference `X' on page 171 undefined on input line 1635.


LaTeX Warning: Reference `X' on page 171 undefined on input line 1635.


LaTeX Warning: Reference `pX.1' on page 171 undefined on input line 1635.


LaTeX Warning: Hyper reference `X' on page 171 undefined on input line 1636.


LaTeX Warning: Reference `X' on page 171 undefined on input line 1636.


LaTeX Warning: Hyper reference `X.2' on page 171 undefined on input line 1636.


LaTeX Warning: Reference `X.2' on page 171 undefined on input line 1636.


LaTeX Warning: Reference `pX.2' on page 171 undefined on input line 1636.


LaTeX Warning: Hyper reference `XI' on page 171 undefined on input line 1637.


LaTeX Warning: Reference `XI' on page 171 undefined on input line 1637.


LaTeX Warning: Reference `pXI.1' on page 171 undefined on input line 1637.


LaTeX Warning: Hyper reference `XIII' on page 171 undefined on input line 1638.



LaTeX Warning: Reference `XIII' on page 171 undefined on input line 1638.


LaTeX Warning: Reference `pXIII.15' on page 171 undefined on input line 1638.


LaTeX Warning: Hyper reference `XIV' on page 171 undefined on input line 1639.


LaTeX Warning: Reference `XIV' on page 171 undefined on input line 1639.


LaTeX Warning: Hyper reference `XIV.1.0' on page 171 undefined on input line 16
39.


LaTeX Warning: Reference `XIV.1.0' on page 171 undefined on input line 1639.


LaTeX Warning: Hyper reference `XIV' on page 171 undefined on input line 1640.


LaTeX Warning: Reference `XIV' on page 171 undefined on input line 1640.


LaTeX Warning: Hyper reference `XIV.1.2' on page 171 undefined on input line 16
40.


LaTeX Warning: Reference `XIV.1.2' on page 171 undefined on input line 1640.


LaTeX Warning: Hyper reference `XIV' on page 171 undefined on input line 1641.


LaTeX Warning: Reference `XIV' on page 171 undefined on input line 1641.


LaTeX Warning: Hyper reference `XIV.1.2' on page 171 undefined on input line 16
41.


LaTeX Warning: Reference `XIV.1.2' on page 171 undefined on input line 1641.


LaTeX Warning: Hyper reference `XIV' on page 171 undefined on input line 1642.


LaTeX Warning: Reference `XIV' on page 171 undefined on input line 1642.


LaTeX Warning: Hyper reference `XIV.1.2' on page 171 undefined on input line 16
42.


LaTeX Warning: Reference `XIV.1.2' on page 171 undefined on input line 1642.


LaTeX Warning: Hyper reference `XIV' on page 171 undefined on input line 1643.


LaTeX Warning: Reference `XIV' on page 171 undefined on input line 1643.


LaTeX Warning: Hyper reference `XIV.1.2' on page 171 undefined on input line 16
43.


LaTeX Warning: Reference `XIV.1.2' on page 171 undefined on input line 1643.


LaTeX Warning: Hyper reference `XIV' on page 171 undefined on input line 1644.


LaTeX Warning: Reference `XIV' on page 171 undefined on input line 1644.


LaTeX Warning: Hyper reference `XIV.1.7' on page 171 undefined on input line 16
44.


LaTeX Warning: Reference `XIV.1.7' on page 171 undefined on input line 1644.


LaTeX Warning: Hyper reference `XIV' on page 171 undefined on input line 1645.


LaTeX Warning: Reference `XIV' on page 171 undefined on input line 1645.


LaTeX Warning: Hyper reference `XIV.1.7' on page 171 undefined on input line 16
45.


LaTeX Warning: Reference `XIV.1.7' on page 171 undefined on input line 1645.


LaTeX Warning: Hyper reference `XIV' on page 171 undefined on input line 1646.


LaTeX Warning: Reference `XIV' on page 171 undefined on input line 1646.


LaTeX Warning: Hyper reference `XIV.1.7' on page 171 undefined on input line 16
46.


LaTeX Warning: Reference `XIV.1.7' on page 171 undefined on input line 1646.


LaTeX Warning: Hyper reference `XIV' on page 171 undefined on input line 1647.


LaTeX Warning: Reference `XIV' on page 171 undefined on input line 1647.


LaTeX Warning: Hyper reference `XIV.1.7' on page 171 undefined on input line 16
47.


LaTeX Warning: Reference `XIV.1.7' on page 171 undefined on input line 1647.


LaTeX Warning: Hyper reference `XIV' on page 171 undefined on input line 1648.


LaTeX Warning: Reference `XIV' on page 171 undefined on input line 1648.


LaTeX Warning: Hyper reference `XIV.2.1' on page 171 undefined on input line 16
48.


LaTeX Warning: Reference `XIV.2.1' on page 171 undefined on input line 1648.


LaTeX Warning: Hyper reference `XIV' on page 171 undefined on input line 1649.


LaTeX Warning: Reference `XIV' on page 171 undefined on input line 1649.


LaTeX Warning: Hyper reference `XIV.4.0' on page 171 undefined on input line 16
49.


LaTeX Warning: Reference `XIV.4.0' on page 171 undefined on input line 1649.

[171]

LaTeX Warning: Hyper reference `XI' on page 172 undefined on input line 1658.


LaTeX Warning: Reference `XI' on page 172 undefined on input line 1658.


LaTeX Warning: Hyper reference `XI.3.13' on page 172 undefined on input line 16
58.


LaTeX Warning: Reference `XI.3.13' on page 172 undefined on input line 1658.


LaTeX Warning: Hyper reference `IX' on page 172 undefined on input line 1659.


LaTeX Warning: Reference `IX' on page 172 undefined on input line 1659.


LaTeX Warning: Hyper reference `IX.1.1' on page 172 undefined on input line 165
9.


LaTeX Warning: Reference `IX.1.1' on page 172 undefined on input line 1659.


LaTeX Warning: Hyper reference `XII' on page 172 undefined on input line 1659.


LaTeX Warning: Reference `XII' on page 172 undefined on input line 1659.


LaTeX Warning: Hyper reference `XII.2.1' on page 172 undefined on input line 16
59.


LaTeX Warning: Reference `XII.2.1' on page 172 undefined on input line 1659.


LaTeX Warning: Hyper reference `V' on page 172 undefined on input line 1660.


LaTeX Warning: Reference `V' on page 172 undefined on input line 1660.


LaTeX Warning: Hyper reference `V.2.1' on page 172 undefined on input line 1660
.


LaTeX Warning: Reference `V.2.1' on page 172 undefined on input line 1660.


LaTeX Warning: Hyper reference `XII' on page 172 undefined on input line 1661.


LaTeX Warning: Reference `XII' on page 172 undefined on input line 1661.


LaTeX Warning: Hyper reference `XII.1.1' on page 172 undefined on input line 16
61.


LaTeX Warning: Reference `XII.1.1' on page 172 undefined on input line 1661.


LaTeX Warning: Hyper reference `IV' on page 172 undefined on input line 1662.


LaTeX Warning: Reference `IV' on page 172 undefined on input line 1662.


LaTeX Warning: Reference `pIV.13' on page 172 undefined on input line 1662.


LaTeX Warning: Hyper reference `I' on page 172 undefined on input line 1663.


LaTeX Warning: Reference `I' on page 172 undefined on input line 1663.


LaTeX Warning: Hyper reference `I.2.2' on page 172 undefined on input line 1663
.


LaTeX Warning: Reference `I.2.2' on page 172 undefined on input line 1663.


LaTeX Warning: Hyper reference `VI' on page 172 undefined on input line 1663.


LaTeX Warning: Reference `VI' on page 172 undefined on input line 1663.


LaTeX Warning: Hyper reference `VI.1.3' on page 172 undefined on input line 166
3.


LaTeX Warning: Reference `VI.1.3' on page 172 undefined on input line 1663.


LaTeX Warning: Hyper reference `IX' on page 172 undefined on input line 1664.


LaTeX Warning: Reference `IX' on page 172 undefined on input line 1664.


LaTeX Warning: Hyper reference `IX.2.1' on page 172 undefined on input line 166
4.


LaTeX Warning: Reference `IX.2.1' on page 172 undefined on input line 1664.


LaTeX Warning: Hyper reference `XII' on page 172 undefined on input line 1664.


LaTeX Warning: Reference `XII' on page 172 undefined on input line 1664.


LaTeX Warning: Hyper reference `XII.3.1' on page 172 undefined on input line 16
64.


LaTeX Warning: Reference `XII.3.1' on page 172 undefined on input line 1664.


LaTeX Warning: Hyper reference `IV' on page 172 undefined on input line 1665.


LaTeX Warning: Reference `IV' on page 172 undefined on input line 1665.


LaTeX Warning: Reference `pIV.13' on page 172 undefined on input line 1665.


LaTeX Warning: Hyper reference `VIII' on page 172 undefined on input line 1666.



LaTeX Warning: Reference `VIII' on page 172 undefined on input line 1666.


LaTeX Warning: Hyper reference `VIII.2.1' on page 172 undefined on input line 1
666.


LaTeX Warning: Reference `VIII.2.1' on page 172 undefined on input line 1666.


LaTeX Warning: Hyper reference `XII' on page 172 undefined on input line 1666.


LaTeX Warning: Reference `XII' on page 172 undefined on input line 1666.


LaTeX Warning: Hyper reference `XII.1.5' on page 172 undefined on input line 16
66.


LaTeX Warning: Reference `XII.1.5' on page 172 undefined on input line 1666.


LaTeX Warning: Hyper reference `IV' on page 172 undefined on input line 1667.


LaTeX Warning: Reference `IV' on page 172 undefined on input line 1667.


LaTeX Warning: Hyper reference `IV.4.1' on page 172 undefined on input line 166
7.


LaTeX Warning: Reference `IV.4.1' on page 172 undefined on input line 1667.


LaTeX Warning: Hyper reference `IV.4.2' on page 172 undefined on input line 166
7.


LaTeX Warning: Reference `IV.4.2' on page 172 undefined on input line 1667.


LaTeX Warning: Hyper reference `IV' on page 172 undefined on input line 1668.


LaTeX Warning: Reference `IV' on page 172 undefined on input line 1668.


LaTeX Warning: Hyper reference `IV.5.5' on page 172 undefined on input line 166
8.


LaTeX Warning: Reference `IV.5.5' on page 172 undefined on input line 1668.


LaTeX Warning: Hyper reference `XIII' on page 172 undefined on input line 1670.



LaTeX Warning: Reference `XIII' on page 172 undefined on input line 1670.


LaTeX Warning: Hyper reference `XIII' on page 172 undefined on input line 1671.



LaTeX Warning: Reference `XIII' on page 172 undefined on input line 1671.


LaTeX Warning: Reference `pXIII.15' on page 172 undefined on input line 1671.


LaTeX Warning: Hyper reference `I' on page 172 undefined on input line 1672.


LaTeX Warning: Reference `I' on page 172 undefined on input line 1672.


LaTeX Warning: Reference `hgysin' on page 172 undefined on input line 1672.


LaTeX Warning: Hyper reference `III' on page 172 undefined on input line 1673.


LaTeX Warning: Reference `III' on page 172 undefined on input line 1673.


LaTeX Warning: Hyper reference `III.3.6' on page 172 undefined on input line 16
73.


LaTeX Warning: Reference `III.3.6' on page 172 undefined on input line 1673.


LaTeX Warning: Hyper reference `X' on page 172 undefined on input line 1674.


LaTeX Warning: Reference `X' on page 172 undefined on input line 1674.


LaTeX Warning: Hyper reference `X.2' on page 172 undefined on input line 1674.


LaTeX Warning: Reference `X.2' on page 172 undefined on input line 1674.


LaTeX Warning: Reference `pX.2' on page 172 undefined on input line 1674.


LaTeX Warning: Hyper reference `X' on page 172 undefined on input line 1675.


LaTeX Warning: Reference `X' on page 172 undefined on input line 1675.


LaTeX Warning: Hyper reference `X.2' on page 172 undefined on input line 1675.


LaTeX Warning: Reference `X.2' on page 172 undefined on input line 1675.


LaTeX Warning: Reference `pX.2' on page 172 undefined on input line 1675.


LaTeX Warning: Hyper reference `XIV' on page 172 undefined on input line 1676.


LaTeX Warning: Reference `XIV' on page 172 undefined on input line 1676.


LaTeX Warning: Hyper reference `XIV.3.1' on page 172 undefined on input line 16
76.


LaTeX Warning: Reference `XIV.3.1' on page 172 undefined on input line 1676.


LaTeX Warning: Hyper reference `IV' on page 172 undefined on input line 1677.


LaTeX Warning: Reference `IV' on page 172 undefined on input line 1677.


LaTeX Warning: Hyper reference `IV.4.1' on page 172 undefined on input line 167
7.


LaTeX Warning: Reference `IV.4.1' on page 172 undefined on input line 1677.


LaTeX Warning: Hyper reference `IV' on page 172 undefined on input line 1678.


LaTeX Warning: Reference `IV' on page 172 undefined on input line 1678.


LaTeX Warning: Hyper reference `IV.5' on page 172 undefined on input line 1678.



LaTeX Warning: Reference `IV.5' on page 172 undefined on input line 1678.


LaTeX Warning: Hyper reference `XI' on page 172 undefined on input line 1679.


LaTeX Warning: Reference `XI' on page 172 undefined on input line 1679.


LaTeX Warning: Hyper reference `XI.3.1' on page 172 undefined on input line 167
9.


LaTeX Warning: Reference `XI.3.1' on page 172 undefined on input line 1679.


LaTeX Warning: Hyper reference `XI' on page 172 undefined on input line 1680.


LaTeX Warning: Reference `XI' on page 172 undefined on input line 1680.


LaTeX Warning: Hyper reference `XI.3.2' on page 172 undefined on input line 168
0.


LaTeX Warning: Reference `XI.3.2' on page 172 undefined on input line 1680.


LaTeX Warning: Hyper reference `III' on page 172 undefined on input line 1681.


LaTeX Warning: Reference `III' on page 172 undefined on input line 1681.


LaTeX Warning: Hyper reference `III.2.3' on page 172 undefined on input line 16
81.


LaTeX Warning: Reference `III.2.3' on page 172 undefined on input line 1681.


LaTeX Warning: Hyper reference `XIV' on page 172 undefined on input line 1682.


LaTeX Warning: Reference `XIV' on page 172 undefined on input line 1682.


LaTeX Warning: Hyper reference `XIV.1.2' on page 172 undefined on input line 16
82.


LaTeX Warning: Reference `XIV.1.2' on page 172 undefined on input line 1682.


LaTeX Warning: Hyper reference `XIV' on page 172 undefined on input line 1684.


LaTeX Warning: Reference `XIV' on page 172 undefined on input line 1684.


LaTeX Warning: Hyper reference `XIV.5.3' on page 172 undefined on input line 16
84.


LaTeX Warning: Reference `XIV.5.3' on page 172 undefined on input line 1684.


LaTeX Warning: Hyper reference `XIII' on page 172 undefined on input line 1685.



LaTeX Warning: Reference `XIII' on page 172 undefined on input line 1685.


LaTeX Warning: Hyper reference `XIII.6' on page 172 undefined on input line 168
5.


LaTeX Warning: Reference `XIII.6' on page 172 undefined on input line 1685.


LaTeX Warning: Reference `XIII.6.1' on page 172 undefined on input line 1685.


LaTeX Warning: Hyper reference `XIV' on page 172 undefined on input line 1686.


LaTeX Warning: Reference `XIV' on page 172 undefined on input line 1686.


LaTeX Warning: Hyper reference `XIV.1.2' on page 172 undefined on input line 16
86.


LaTeX Warning: Reference `XIV.1.2' on page 172 undefined on input line 1686.


LaTeX Warning: Hyper reference `XIII' on page 172 undefined on input line 1687.



LaTeX Warning: Reference `XIII' on page 172 undefined on input line 1687.


LaTeX Warning: Reference `XIII.6.2' on page 172 undefined on input line 1687.

[172]

LaTeX Warning: Hyper reference `X' on page 173 undefined on input line 1691.


LaTeX Warning: Reference `X' on page 173 undefined on input line 1691.


LaTeX Warning: Hyper reference `X.3.2' on page 173 undefined on input line 1691
.


LaTeX Warning: Reference `X.3.2' on page 173 undefined on input line 1691.


LaTeX Warning: Hyper reference `X' on page 173 undefined on input line 1692.


LaTeX Warning: Reference `X' on page 173 undefined on input line 1692.


LaTeX Warning: Hyper reference `X.3.1' on page 173 undefined on input line 1692
.


LaTeX Warning: Reference `X.3.1' on page 173 undefined on input line 1692.


LaTeX Warning: Hyper reference `X' on page 173 undefined on input line 1693.


LaTeX Warning: Reference `X' on page 173 undefined on input line 1693.


LaTeX Warning: Hyper reference `X.3.4' on page 173 undefined on input line 1693
.


LaTeX Warning: Reference `X.3.4' on page 173 undefined on input line 1693.


LaTeX Warning: Hyper reference `XIV' on page 173 undefined on input line 1694.


LaTeX Warning: Reference `XIV' on page 173 undefined on input line 1694.


LaTeX Warning: Hyper reference `XIV.1.11' on page 173 undefined on input line 1
694.


LaTeX Warning: Reference `XIV.1.11' on page 173 undefined on input line 1694.


LaTeX Warning: Hyper reference `III.2.1' on page 173 undefined on input line 16
95.


LaTeX Warning: Reference `III.2.1' on page 173 undefined on input line 1695.


LaTeX Warning: Hyper reference `XI' on page 173 undefined on input line 1696.


LaTeX Warning: Reference `XI' on page 173 undefined on input line 1696.


LaTeX Warning: Hyper reference `XI.3.14' on page 173 undefined on input line 16
96.


LaTeX Warning: Reference `XI.3.14' on page 173 undefined on input line 1696.


LaTeX Warning: Hyper reference `XIV' on page 173 undefined on input line 1697.


LaTeX Warning: Reference `XIV' on page 173 undefined on input line 1697.


LaTeX Warning: Hyper reference `XIV.1.10' on page 173 undefined on input line 1
697.


LaTeX Warning: Reference `XIV.1.10' on page 173 undefined on input line 1697.


LaTeX Warning: Hyper reference `XIII' on page 173 undefined on input line 1698.



LaTeX Warning: Reference `XIII' on page 173 undefined on input line 1698.


LaTeX Warning: Hyper reference `XIII.6' on page 173 undefined on input line 169
8.


LaTeX Warning: Reference `XIII.6' on page 173 undefined on input line 1698.


LaTeX Warning: Reference `pXIII.6' on page 173 undefined on input line 1698.


LaTeX Warning: Hyper reference `X' on page 173 undefined on input line 1699.


LaTeX Warning: Reference `X' on page 173 undefined on input line 1699.


LaTeX Warning: Hyper reference `X.3.4' on page 173 undefined on input line 1699
.


LaTeX Warning: Reference `X.3.4' on page 173 undefined on input line 1699.

[173]) (SGA2_English_Full_Reader.aux)

LaTeX Warning: There were undefined references.


LaTeX Warning: Label(s) may have changed. Rerun to get cross-references right.


Package rerunfilecheck Warning: File `SGA2_English_Full_Reader.out' has changed
.
(rerunfilecheck)                Rerun to get outlines right
(rerunfilecheck)                or use package `bookmark'.

 )
(see the transcript file for additional information)<<LOCAL_HOME>/AppData/Lo
cal/Programs/MiKTeX/fonts/type1/public/amsfonts/euler/eufm10.pfb><C:/Users/Flor
is/AppData/Local/Programs/MiKTeX/fonts/type1/public/amsfonts/euler/eufm7.pfb><C
:/Users/Floris/AppData/Local/Programs/MiKTeX/fonts/type1/public/lm/lmbsy10.pfb>
<<LOCAL_HOME>/AppData/Local/Programs/MiKTeX/fonts/type1/public/lm/lmbx10.pfb
><<LOCAL_HOME>/AppData/Local/Programs/MiKTeX/fonts/type1/public/lm/lmbx12.pf
b><<LOCAL_HOME>/AppData/Local/Programs/MiKTeX/fonts/type1/public/lm/lmbx6.pf
b><<LOCAL_HOME>/AppData/Local/Programs/MiKTeX/fonts/type1/public/lm/lmbx8.pf
b><<LOCAL_HOME>/AppData/Local/Programs/MiKTeX/fonts/type1/public/lm/lmbx9.pf
b><<LOCAL_HOME>/AppData/Local/Programs/MiKTeX/fonts/type1/public/lm/lmbxi10.
pfb><<LOCAL_HOME>/AppData/Local/Programs/MiKTeX/fonts/type1/public/lm/lmcsc1
0.pfb><<LOCAL_HOME>/AppData/Local/Programs/MiKTeX/fonts/type1/public/lm/lmex
10.pfb><<LOCAL_HOME>/AppData/Local/Programs/MiKTeX/fonts/type1/public/lm/lmm
i10.pfb><<LOCAL_HOME>/AppData/Local/Programs/MiKTeX/fonts/type1/public/lm/lm
mi12.pfb><<LOCAL_HOME>/AppData/Local/Programs/MiKTeX/fonts/type1/public/lm/l
mmi5.pfb><<LOCAL_HOME>/AppData/Local/Programs/MiKTeX/fonts/type1/public/lm/l
mmi6.pfb><<LOCAL_HOME>/AppData/Local/Programs/MiKTeX/fonts/type1/public/lm/l
mmi8.pfb><<LOCAL_HOME>/AppData/Local/Programs/MiKTeX/fonts/type1/public/lm/l
mmi9.pfb><<LOCAL_HOME>/AppData/Local/Programs/MiKTeX/fonts/type1/public/lm/l
mmib10.pfb><<LOCAL_HOME>/AppData/Local/Programs/MiKTeX/fonts/type1/public/lm
/lmr10.pfb><<LOCAL_HOME>/AppData/Local/Programs/MiKTeX/fonts/type1/public/lm
/lmr12.pfb><<LOCAL_HOME>/AppData/Local/Programs/MiKTeX/fonts/type1/public/lm
/lmr17.pfb><<LOCAL_HOME>/AppData/Local/Programs/MiKTeX/fonts/type1/public/lm
/lmr6.pfb><<LOCAL_HOME>/AppData/Local/Programs/MiKTeX/fonts/type1/public/lm/
lmr8.pfb><<LOCAL_HOME>/AppData/Local/Programs/MiKTeX/fonts/type1/public/lm/l
mr9.pfb><<LOCAL_HOME>/AppData/Local/Programs/MiKTeX/fonts/type1/public/lm/lm
ri10.pfb><<LOCAL_HOME>/AppData/Local/Programs/MiKTeX/fonts/type1/public/lm/l
mri9.pfb><<LOCAL_HOME>/AppData/Local/Programs/MiKTeX/fonts/type1/public/lm/l
mro10.pfb><<LOCAL_HOME>/AppData/Local/Programs/MiKTeX/fonts/type1/public/lm/
lmss10.pfb><<LOCAL_HOME>/AppData/Local/Programs/MiKTeX/fonts/type1/public/lm
/lmsy10.pfb><<LOCAL_HOME>/AppData/Local/Programs/MiKTeX/fonts/type1/public/l
m/lmsy6.pfb><<LOCAL_HOME>/AppData/Local/Programs/MiKTeX/fonts/type1/public/l
m/lmsy8.pfb><<LOCAL_HOME>/AppData/Local/Programs/MiKTeX/fonts/type1/public/l
m/lmsy9.pfb><<LOCAL_HOME>/AppData/Local/Programs/MiKTeX/fonts/type1/public/a
msfonts/symbols/msam10.pfb><<LOCAL_HOME>/AppData/Local/Programs/MiKTeX/fonts
/type1/public/amsfonts/symbols/msbm10.pfb><<LOCAL_HOME>/AppData/Local/Progra
ms/MiKTeX/fonts/type1/public/xypic/xyatip10.pfb><<LOCAL_HOME>/AppData/Local/
Programs/MiKTeX/fonts/type1/public/xypic/xybtip10.pfb>
Output written on SGA2_English_Full_Reader.pdf (177 pages, 1765615 bytes).
Transcript written on SGA2_English_Full_Reader.log.
Latexmk: Getting log file 'SGA2_English_Full_Reader.log'
Latexmk: Examining 'SGA2_English_Full_Reader.fls'
Latexmk: Examining 'SGA2_English_Full_Reader.log'
Latexmk: Missing input file 'SGA2_English_Full_Reader.toc' message in .log file:
  No file SGA2_English_Full_Reader.toc.
Latexmk: References changed.
Latexmk: References changed.
Latexmk: Log file says output to 'SGA2_English_Full_Reader.pdf'
Latexmk: applying rule 'pdflatex'...
Rule 'pdflatex':  Reasons for rerun
Changed files or newly in use/created:
  SGA2_English_Full_Reader.aux
  SGA2_English_Full_Reader.out
  SGA2_English_Full_Reader.toc

------------
Run number 2 of rule 'pdflatex'
------------
------------
Running 'pdflatex  -interaction=nonstopmode -halt-on-error -file-line-error -recorder  "SGA2_English_Full_Reader.tex"'
------------
This is pdfTeX, Version 3.141592653-2.6-1.40.29 (MiKTeX 26.5) (preloaded format=pdflatex.fmt)
 restricted \write18 enabled.
entering extended mode
(SGA2_English_Full_Reader.tex
LaTeX2e <2025-11-01>
L3 programming layer <2026-03-20>
(<LOCAL_HOME>\AppData\Local\Programs\MiKTeX\tex/latex/base\book.cls
Document Class: book 2025/01/22 v1.4n Standard LaTeX document class
(<LOCAL_HOME>\AppData\Local\Programs\MiKTeX\tex/latex/base\bk11.clo))
(<LOCAL_HOME>\AppData\Local\Programs\MiKTeX\tex/latex/base\fontenc.sty)
(<LOCAL_HOME>\AppData\Local\Programs\MiKTeX\tex/latex/base\inputenc.sty)
(<LOCAL_HOME>\AppData\Local\Programs\MiKTeX\tex/latex/lm\lmodern.sty)
(<LOCAL_HOME>\AppData\Local\Programs\MiKTeX\tex/latex/microtype\microtype.st
y (<LOCAL_HOME>\AppData\Local\Programs\MiKTeX\tex/latex/graphics\keyval.sty)
 (<LOCAL_HOME>\AppData\Local\Programs\MiKTeX\tex/latex/etoolbox\etoolbox.sty
)
(<LOCAL_HOME>\AppData\Local\Programs\MiKTeX\tex/latex/microtype\microtype-pd
ftex.def)
(<LOCAL_HOME>\AppData\Local\Programs\MiKTeX\tex/latex/microtype\microtype.cf
g))
(<LOCAL_HOME>\AppData\Local\Programs\MiKTeX\tex/latex/amsmath\amsmath.sty
For additional information on amsmath, use the `?' option.
(<LOCAL_HOME>\AppData\Local\Programs\MiKTeX\tex/latex/amsmath\amstext.sty
(<LOCAL_HOME>\AppData\Local\Programs\MiKTeX\tex/latex/amsmath\amsgen.sty))
(<LOCAL_HOME>\AppData\Local\Programs\MiKTeX\tex/latex/amsmath\amsbsy.sty)
(<LOCAL_HOME>\AppData\Local\Programs\MiKTeX\tex/latex/amsmath\amsopn.sty))
(<LOCAL_HOME>\AppData\Local\Programs\MiKTeX\tex/latex/amsfonts\amssymb.sty
(<LOCAL_HOME>\AppData\Local\Programs\MiKTeX\tex/latex/amsfonts\amsfonts.sty)
) (<LOCAL_HOME>\AppData\Local\Programs\MiKTeX\tex/latex/amscls\amsthm.sty)
(<LOCAL_HOME>\AppData\Local\Programs\MiKTeX\tex/latex/amsmath\amscd.sty)
(<LOCAL_HOME>\AppData\Local\Programs\MiKTeX\tex/latex/mathtools\mathtools.st
y (<LOCAL_HOME>\AppData\Local\Programs\MiKTeX\tex/latex/tools\calc.sty)
(<LOCAL_HOME>\AppData\Local\Programs\MiKTeX\tex/latex/mathtools\mhsetup.sty)
)
(<LOCAL_HOME>\AppData\Local\Programs\MiKTeX\tex/latex/jknappen\mathrsfs.sty)
 (<LOCAL_HOME>\AppData\Local\Programs\MiKTeX\tex/latex/tools\xspace.sty)
(<LOCAL_HOME>\AppData\Local\Programs\MiKTeX\tex/latex/xcolor\xcolor.sty
(<LOCAL_HOME>\AppData\Local\Programs\MiKTeX\tex/latex/graphics-cfg\color.cfg
)
(<LOCAL_HOME>\AppData\Local\Programs\MiKTeX\tex/latex/graphics-def\pdftex.de
f)
(<LOCAL_HOME>\AppData\Local\Programs\MiKTeX\tex/latex/graphics\mathcolor.ltx
))
(<LOCAL_HOME>\AppData\Local\Programs\MiKTeX\tex/latex/graphics\graphicx.sty
(<LOCAL_HOME>\AppData\Local\Programs\MiKTeX\tex/latex/graphics\graphics.sty
(<LOCAL_HOME>\AppData\Local\Programs\MiKTeX\tex/latex/graphics\trig.sty)
(<LOCAL_HOME>\AppData\Local\Programs\MiKTeX\tex/latex/graphics-cfg\graphics.
cfg))) (<LOCAL_HOME>\AppData\Local\Programs\MiKTeX\tex/latex/tools\array.sty
)
(<LOCAL_HOME>\AppData\Local\Programs\MiKTeX\tex/latex/booktabs\booktabs.sty)
 (<LOCAL_HOME>\AppData\Local\Programs\MiKTeX\tex/latex/tools\longtable.sty)
(<LOCAL_HOME>\AppData\Local\Programs\MiKTeX\tex/latex/enumitem\enumitem.sty)
 (<LOCAL_HOME>\AppData\Local\Programs\MiKTeX\tex/latex/tocloft\tocloft.sty)
(<LOCAL_HOME>\AppData\Local\Programs\MiKTeX\tex/latex/tikz-cd\tikz-cd.sty
(<LOCAL_HOME>\AppData\Local\Programs\MiKTeX\tex/latex/pgf/frontendlayer\tikz
.sty
(<LOCAL_HOME>\AppData\Local\Programs\MiKTeX\tex/latex/pgf/basiclayer\pgf.sty

(<LOCAL_HOME>\AppData\Local\Programs\MiKTeX\tex/latex/pgf/utilities\pgfrcs.s
ty
(<LOCAL_HOME>\AppData\Local\Programs\MiKTeX\tex/generic/pgf/utilities\pgfuti
l-common.tex)
(<LOCAL_HOME>\AppData\Local\Programs\MiKTeX\tex/generic/pgf/utilities\pgfuti
l-latex.def)
(<LOCAL_HOME>\AppData\Local\Programs\MiKTeX\tex/generic/pgf/utilities\pgfrcs
.code.tex
(<LOCAL_HOME>\AppData\Local\Programs\MiKTeX\tex/generic/pgf\pgf.revision.tex
)))
(<LOCAL_HOME>\AppData\Local\Programs\MiKTeX\tex/latex/pgf/basiclayer\pgfcore
.sty
(<LOCAL_HOME>\AppData\Local\Programs\MiKTeX\tex/latex/pgf/systemlayer\pgfsys
.sty
(<LOCAL_HOME>\AppData\Local\Programs\MiKTeX\tex/generic/pgf/systemlayer\pgfs
ys.code.tex
(<LOCAL_HOME>\AppData\Local\Programs\MiKTeX\tex/generic/pgf/utilities\pgfkey
s.code.tex
(<LOCAL_HOME>\AppData\Local\Programs\MiKTeX\tex/generic/pgf/utilities\pgfkey
slibraryfiltered.code.tex))
(<LOCAL_HOME>\AppData\Local\Programs\MiKTeX\tex/generic/pgf/systemlayer\pgf.
cfg)
(<LOCAL_HOME>\AppData\Local\Programs\MiKTeX\tex/generic/pgf/systemlayer\pgfs
ys-pdftex.def
(<LOCAL_HOME>\AppData\Local\Programs\MiKTeX\tex/generic/pgf/systemlayer\pgfs
ys-common-pdf.def)))
(<LOCAL_HOME>\AppData\Local\Programs\MiKTeX\tex/generic/pgf/systemlayer\pgfs
yssoftpath.code.tex)
(<LOCAL_HOME>\AppData\Local\Programs\MiKTeX\tex/generic/pgf/systemlayer\pgfs
ysprotocol.code.tex))
(<LOCAL_HOME>\AppData\Local\Programs\MiKTeX\tex/generic/pgf/basiclayer\pgfco
re.code.tex
(<LOCAL_HOME>\AppData\Local\Programs\MiKTeX\tex/generic/pgf/math\pgfmath.cod
e.tex
(<LOCAL_HOME>\AppData\Local\Programs\MiKTeX\tex/generic/pgf/math\pgfmathutil
.code.tex)
(<LOCAL_HOME>\AppData\Local\Programs\MiKTeX\tex/generic/pgf/math\pgfmathpars
er.code.tex)
(<LOCAL_HOME>\AppData\Local\Programs\MiKTeX\tex/generic/pgf/math\pgfmathfunc
tions.code.tex)
(<LOCAL_HOME>\AppData\Local\Programs\MiKTeX\tex/generic/pgf/math\pgfmathfunc
tions.basic.code.tex)
(<LOCAL_HOME>\AppData\Local\Programs\MiKTeX\tex/generic/pgf/math\pgfmathfunc
tions.trigonometric.code.tex)
(<LOCAL_HOME>\AppData\Local\Programs\MiKTeX\tex/generic/pgf/math\pgfmathfunc
tions.random.code.tex)
(<LOCAL_HOME>\AppData\Local\Programs\MiKTeX\tex/generic/pgf/math\pgfmathfunc
tions.comparison.code.tex)
(<LOCAL_HOME>\AppData\Local\Programs\MiKTeX\tex/generic/pgf/math\pgfmathfunc
tions.base.code.tex)
(<LOCAL_HOME>\AppData\Local\Programs\MiKTeX\tex/generic/pgf/math\pgfmathfunc
tions.round.code.tex)
(<LOCAL_HOME>\AppData\Local\Programs\MiKTeX\tex/generic/pgf/math\pgfmathfunc
tions.misc.code.tex)
(<LOCAL_HOME>\AppData\Local\Programs\MiKTeX\tex/generic/pgf/math\pgfmathfunc
tions.integerarithmetics.code.tex)
(<LOCAL_HOME>\AppData\Local\Programs\MiKTeX\tex/generic/pgf/math\pgfmathcalc
.code.tex)
(<LOCAL_HOME>\AppData\Local\Programs\MiKTeX\tex/generic/pgf/math\pgfmathfloa
t.code.tex))
(<LOCAL_HOME>\AppData\Local\Programs\MiKTeX\tex/generic/pgf/math\pgfint.code
.tex)
(<LOCAL_HOME>\AppData\Local\Programs\MiKTeX\tex/generic/pgf/basiclayer\pgfco
repoints.code.tex)
(<LOCAL_HOME>\AppData\Local\Programs\MiKTeX\tex/generic/pgf/basiclayer\pgfco
repathconstruct.code.tex)
(<LOCAL_HOME>\AppData\Local\Programs\MiKTeX\tex/generic/pgf/basiclayer\pgfco
repathusage.code.tex)
(<LOCAL_HOME>\AppData\Local\Programs\MiKTeX\tex/generic/pgf/basiclayer\pgfco
rescopes.code.tex)
(<LOCAL_HOME>\AppData\Local\Programs\MiKTeX\tex/generic/pgf/basiclayer\pgfco
regraphicstate.code.tex)
(<LOCAL_HOME>\AppData\Local\Programs\MiKTeX\tex/generic/pgf/basiclayer\pgfco
retransformations.code.tex)
(<LOCAL_HOME>\AppData\Local\Programs\MiKTeX\tex/generic/pgf/basiclayer\pgfco
requick.code.tex)
(<LOCAL_HOME>\AppData\Local\Programs\MiKTeX\tex/generic/pgf/basiclayer\pgfco
reobjects.code.tex)
(<LOCAL_HOME>\AppData\Local\Programs\MiKTeX\tex/generic/pgf/basiclayer\pgfco
repathprocessing.code.tex)
(<LOCAL_HOME>\AppData\Local\Programs\MiKTeX\tex/generic/pgf/basiclayer\pgfco
rearrows.code.tex)
(<LOCAL_HOME>\AppData\Local\Programs\MiKTeX\tex/generic/pgf/basiclayer\pgfco
reshade.code.tex)
(<LOCAL_HOME>\AppData\Local\Programs\MiKTeX\tex/generic/pgf/basiclayer\pgfco
reimage.code.tex)
(<LOCAL_HOME>\AppData\Local\Programs\MiKTeX\tex/generic/pgf/basiclayer\pgfco
reexternal.code.tex)
(<LOCAL_HOME>\AppData\Local\Programs\MiKTeX\tex/generic/pgf/basiclayer\pgfco
relayers.code.tex)
(<LOCAL_HOME>\AppData\Local\Programs\MiKTeX\tex/generic/pgf/basiclayer\pgfco
retransparency.code.tex)
(<LOCAL_HOME>\AppData\Local\Programs\MiKTeX\tex/generic/pgf/basiclayer\pgfco
repatterns.code.tex)
(<LOCAL_HOME>\AppData\Local\Programs\MiKTeX\tex/generic/pgf/basiclayer\pgfco
rerdf.code.tex)))
(<LOCAL_HOME>\AppData\Local\Programs\MiKTeX\tex/generic/pgf/modules\pgfmodul
eshapes.code.tex)
(<LOCAL_HOME>\AppData\Local\Programs\MiKTeX\tex/generic/pgf/modules\pgfmodul
eplot.code.tex)
(<LOCAL_HOME>\AppData\Local\Programs\MiKTeX\tex/latex/pgf/compatibility\pgfc
omp-version-0-65.sty)
(<LOCAL_HOME>\AppData\Local\Programs\MiKTeX\tex/latex/pgf/compatibility\pgfc
omp-version-1-18.sty))
(<LOCAL_HOME>\AppData\Local\Programs\MiKTeX\tex/latex/pgf/utilities\pgffor.s
ty
(<LOCAL_HOME>\AppData\Local\Programs\MiKTeX\tex/latex/pgf/utilities\pgfkeys.
sty
(<LOCAL_HOME>\AppData\Local\Programs\MiKTeX\tex/generic/pgf/utilities\pgfkey
s.code.tex))
(<LOCAL_HOME>\AppData\Local\Programs\MiKTeX\tex/latex/pgf/math\pgfmath.sty
(<LOCAL_HOME>\AppData\Local\Programs\MiKTeX\tex/generic/pgf/math\pgfmath.cod
e.tex))
(<LOCAL_HOME>\AppData\Local\Programs\MiKTeX\tex/generic/pgf/utilities\pgffor
.code.tex))
(<LOCAL_HOME>\AppData\Local\Programs\MiKTeX\tex/generic/pgf/frontendlayer/ti
kz\tikz.code.tex
(<LOCAL_HOME>\AppData\Local\Programs\MiKTeX\tex/generic/pgf/libraries\pgflib
raryplothandlers.code.tex)
(<LOCAL_HOME>\AppData\Local\Programs\MiKTeX\tex/generic/pgf/modules\pgfmodul
ematrix.code.tex)
(<LOCAL_HOME>\AppData\Local\Programs\MiKTeX\tex/generic/pgf/frontendlayer/ti
kz/libraries\tikzlibrarytopaths.code.tex)))
(<LOCAL_HOME>\AppData\Local\Programs\MiKTeX\tex/latex/tikz-cd\tikzlibrarycd.
code.tex
(<LOCAL_HOME>\AppData\Local\Programs\MiKTeX\tex/generic/pgf/frontendlayer/ti
kz/libraries\tikzlibrarymatrix.code.tex)
(<LOCAL_HOME>\AppData\Local\Programs\MiKTeX\tex/generic/pgf/frontendlayer/ti
kz/libraries\tikzlibraryquotes.code.tex)
(<LOCAL_HOME>\AppData\Local\Programs\MiKTeX\tex/generic/pgf/libraries\pgflib
raryarrows.meta.code.tex)))
(<LOCAL_HOME>\AppData\Local\Programs\MiKTeX\tex/generic/xypic\xy.sty
(<LOCAL_HOME>\AppData\Local\Programs\MiKTeX\tex/generic/xypic\xy.tex
Bootstrap'ing: catcodes, docmode,
(<LOCAL_HOME>\AppData\Local\Programs\MiKTeX\tex/generic/xypic\xyrecat.tex)
(<LOCAL_HOME>\AppData\Local\Programs\MiKTeX\tex/generic/xypic\xyidioms.tex)

 Xy-pic version 3.8.9 <2013/10/06>
 Copyright (c) 1991-2013 by Kristoffer H. Rose <krisrose@tug.org> and others
 Xy-pic is free software: see the User's Guide for details.

Loading kernel: messages; fonts; allocations: state, direction,
utility macros; pictures: \xy, positions, objects, decorations;
kernel objects: directionals, circles, text; options; algorithms: directions,
edges, connections;  Xy-pic loaded)
(<LOCAL_HOME>\AppData\Local\Programs\MiKTeX\tex/generic/iftex\ifpdf.sty
(<LOCAL_HOME>\AppData\Local\Programs\MiKTeX\tex/generic/iftex\iftex.sty))
(<LOCAL_HOME>\AppData\Local\Programs\MiKTeX\tex/generic/xypic\xyall.tex
 Xy-pic option: All features v.3.8
(<LOCAL_HOME>\AppData\Local\Programs\MiKTeX\tex/generic/xypic\xycurve.tex
 Xy-pic option: Curve and Spline extension v.3.12 curve, circles, loaded)
(<LOCAL_HOME>\AppData\Local\Programs\MiKTeX\tex/generic/xypic\xyframe.tex
 Xy-pic option: Frame and Bracket extension v.3.14 loaded)
(<LOCAL_HOME>\AppData\Local\Programs\MiKTeX\tex/generic/xypic\xycmtip.tex
 Xy-pic option: Computer Modern tip extension v.3.7
(<LOCAL_HOME>\AppData\Local\Programs\MiKTeX\tex/generic/xypic\xytips.tex
 Xy-pic option: More Tips extension v.3.11 loaded) loaded)
(<LOCAL_HOME>\AppData\Local\Programs\MiKTeX\tex/generic/xypic\xyline.tex
 Xy-pic option: Line styles extension v.3.10 loaded)
(<LOCAL_HOME>\AppData\Local\Programs\MiKTeX\tex/generic/xypic\xyrotate.tex
 Xy-pic option: Rotate and Scale extension v.3.8 loaded)
(<LOCAL_HOME>\AppData\Local\Programs\MiKTeX\tex/generic/xypic\xycolor.tex
 Xy-pic option: Colour extension v.3.11 loaded)
(<LOCAL_HOME>\AppData\Local\Programs\MiKTeX\tex/generic/xypic\xymatrix.tex
 Xy-pic option: Matrix feature v.3.14 loaded)
(<LOCAL_HOME>\AppData\Local\Programs\MiKTeX\tex/generic/xypic\xyarrow.tex
 Xy-pic option: Arrow and Path feature v.3.9 path, \ar, loaded)
(<LOCAL_HOME>\AppData\Local\Programs\MiKTeX\tex/generic/xypic\xygraph.tex
 Xy-pic option: Graph feature v.3.11 loaded) loaded)
(<LOCAL_HOME>\AppData\Local\Programs\MiKTeX\tex/generic/xypic\xypdf.tex
 Xy-pic option: PDF driver v.1.7 Xy-pic pdf driver: `color' extension support
(<LOCAL_HOME>\AppData\Local\Programs\MiKTeX\tex/generic/xypic\xypdf-co.tex
loaded) Xy-pic pdf driver: `curve' extension support
(<LOCAL_HOME>\AppData\Local\Programs\MiKTeX\tex/generic/xypic\xypdf-cu.tex
loaded) Xy-pic pdf driver: `frame' extension support
(<LOCAL_HOME>\AppData\Local\Programs\MiKTeX\tex/generic/xypic\xypdf-fr.tex
loaded) Xy-pic pdf driver: `line' extension support
(<LOCAL_HOME>\AppData\Local\Programs\MiKTeX\tex/generic/xypic\xypdf-li.tex
loaded) Xy-pic pdf driver: `rotate' extension support
(<LOCAL_HOME>\AppData\Local\Programs\MiKTeX\tex/generic/xypic\xypdf-ro.tex
loaded) loaded))
(<LOCAL_HOME>\AppData\Local\Programs\MiKTeX\tex/latex/geometry\geometry.sty
(<LOCAL_HOME>\AppData\Local\Programs\MiKTeX\tex/generic/iftex\ifvtex.sty)
(<LOCAL_HOME>\AppData\Local\Programs\MiKTeX\tex/latex/geometry\geometry.cfg)
)
(<LOCAL_HOME>\AppData\Local\Programs\MiKTeX\tex/latex/hyperref\hyperref.sty
(<LOCAL_HOME>\AppData\Local\Programs\MiKTeX\tex/latex/kvsetkeys\kvsetkeys.st
y)
(<LOCAL_HOME>\AppData\Local\Programs\MiKTeX\tex/generic/kvdefinekeys\kvdefin
ekeys.sty)
(<LOCAL_HOME>\AppData\Local\Programs\MiKTeX\tex/generic/pdfescape\pdfescape.
sty
(<LOCAL_HOME>\AppData\Local\Programs\MiKTeX\tex/generic/ltxcmds\ltxcmds.sty)

(<LOCAL_HOME>\AppData\Local\Programs\MiKTeX\tex/generic/pdftexcmds\pdftexcmd
s.sty
(<LOCAL_HOME>\AppData\Local\Programs\MiKTeX\tex/generic/infwarerr\infwarerr.
sty)))
(<LOCAL_HOME>\AppData\Local\Programs\MiKTeX\tex/latex/hycolor\hycolor.sty)
(<LOCAL_HOME>\AppData\Local\Programs\MiKTeX\tex/latex/hyperref\nameref.sty
(<LOCAL_HOME>\AppData\Local\Programs\MiKTeX\tex/latex/refcount\refcount.sty)

(<LOCAL_HOME>\AppData\Local\Programs\MiKTeX\tex/generic/gettitlestring\getti
tlestring.sty
(<LOCAL_HOME>\AppData\Local\Programs\MiKTeX\tex/latex/kvoptions\kvoptions.st
y)))
(<LOCAL_HOME>\AppData\Local\Programs\MiKTeX\tex/generic/stringenc\stringenc.
sty)
(<LOCAL_HOME>\AppData\Local\Programs\MiKTeX\tex/latex/hyperref\pd1enc.def)
(<LOCAL_HOME>\AppData\Local\Programs\MiKTeX\tex/generic/intcalc\intcalc.sty)
(<LOCAL_HOME>\AppData\Local\Programs\MiKTeX\tex/latex/hyperref\puenc.def)
(<LOCAL_HOME>\AppData\Local\Programs\MiKTeX\tex/latex/url\url.sty)
(<LOCAL_HOME>\AppData\Local\Programs\MiKTeX\tex/generic/bitset\bitset.sty
(<LOCAL_HOME>\AppData\Local\Programs\MiKTeX\tex/generic/bigintcalc\bigintcal
c.sty)))
(<LOCAL_HOME>\AppData\Local\Programs\MiKTeX\tex/latex/hyperref\hpdftex.def
(<LOCAL_HOME>\AppData\Local\Programs\MiKTeX\tex/latex/rerunfilecheck\rerunfi
lecheck.sty
(<LOCAL_HOME>\AppData\Local\Programs\MiKTeX\tex/generic/uniquecounter\unique
counter.sty))) (sga2_reader_macros.tex)
(<LOCAL_HOME>\AppData\Local\Programs\MiKTeX\tex/generic/stringenc\se-pdfdoc.
def) (<LOCAL_HOME>\AppData\Local\Programs\MiKTeX\tex/latex/lm\t1lmr.fd)
(<LOCAL_HOME>\AppData\Local\Programs\MiKTeX\tex/latex/l3backend\l3backend-pd
ftex.def) (SGA2_English_Full_Reader.aux)
(<LOCAL_HOME>\AppData\Local\Programs\MiKTeX\tex/latex/microtype\mt-cmr.cfg)
(<LOCAL_HOME>\AppData\Local\Programs\MiKTeX\tex/context/base/mkii\supp-pdf.m
kii
[Loading MPS to PDF converter (version 2006.09.02).]
)
(<LOCAL_HOME>\AppData\Local\Programs\MiKTeX\tex/latex/epstopdf-pkg\epstopdf-
base.sty
(<LOCAL_HOME>\AppData\Local\Programs\MiKTeX\tex/latex/00miktex\epstopdf-sys.
cfg)) (<LOCAL_HOME>\AppData\Local\Programs\MiKTeX\tex/latex/lm\ot1lmr.fd)
(<LOCAL_HOME>\AppData\Local\Programs\MiKTeX\tex/latex/lm\omllmm.fd)
(<LOCAL_HOME>\AppData\Local\Programs\MiKTeX\tex/latex/lm\omslmsy.fd)
(<LOCAL_HOME>\AppData\Local\Programs\MiKTeX\tex/latex/lm\omxlmex.fd)
(<LOCAL_HOME>\AppData\Local\Programs\MiKTeX\tex/latex/amsfonts\umsa.fd)
(<LOCAL_HOME>\AppData\Local\Programs\MiKTeX\tex/latex/microtype\mt-msa.cfg)
(<LOCAL_HOME>\AppData\Local\Programs\MiKTeX\tex/latex/amsfonts\umsb.fd)
(<LOCAL_HOME>\AppData\Local\Programs\MiKTeX\tex/latex/microtype\mt-msb.cfg)
(<LOCAL_HOME>\AppData\Local\Programs\MiKTeX\tex/latex/jknappen\ursfs.fd)
*geometry* driver: auto-detecting
*geometry* detected driver: pdftex
(SGA2_English_Full_Reader.out) (SGA2_English_Full_Reader.out) [1{C:/Users/Flori
s/AppData/Local/MiKTeX/fonts/map/pdftex/pdftex.map}{<LOCAL_HOME>/AppData/Loc
al/Programs/MiKTeX/fonts/enc/dvips/lm/lm-ec.enc}] [1] [2{<LOCAL_HOME>/AppDat
a/Local/Programs/MiKTeX/fonts/enc/dvips/lm/lm-mathit.enc}]
(SGA2_English_Full_Reader.toc [3{<LOCAL_HOME>/AppData/Local/Programs/MiKTeX/
fonts/enc/dvips/lm/lm-rm.enc}{<LOCAL_HOME>/AppData/Local/Programs/MiKTeX/fon
ts/enc/dvips/lm/lm-mathsy.enc}{<LOCAL_HOME>/AppData/Local/Programs/MiKTeX/fo
nts/enc/dvips/lm/lm-mathex.enc}]) [4] (parts/00_introduction.tex [1] [2])
(parts/01_expose_I.tex [3]
Expos\'e I.
[4] [5] [6] [7] [8] [9] [10] [11]) (parts/02_expose_II.tex [12]
Expos\'e II.
[13] [14] [15] [16]) (parts/03_expose_III.tex [17]
Expos\'e III.
(<LOCAL_HOME>\AppData\Local\Programs\MiKTeX\tex/latex/lm\ts1lmr.fd)
(<LOCAL_HOME>\AppData\Local\Programs\MiKTeX\tex/latex/amsfonts\ueuf.fd)
(<LOCAL_HOME>\AppData\Local\Programs\MiKTeX\tex/latex/microtype\mt-euf.cfg)
[18{<LOCAL_HOME>/AppData/Local/Programs/MiKTeX/fonts/enc/dvips/lm/lm-ts1.enc
}] [19] [20] [21] [22] [23] [24] [25]) (parts/04_expose_IV.tex [26]
Expos\'e IV.
[27] [28] [29] [30] [31] [32] [33] [34] [35] [36] [37]) (parts/05_expose_V.tex
[38]
Expos\'e V.

Package hyperref Warning: Token not allowed in a PDF string (Unicode):
(hyperref)                removing `math shift' on input line 10.


Package hyperref Warning: Token not allowed in a PDF string (Unicode):
(hyperref)                removing `superscript' on input line 10.


Package hyperref Warning: Token not allowed in a PDF string (Unicode):
(hyperref)                removing `math shift' on input line 10.

[39] [40] [41] [42]

LaTeX Warning: Marginpar on page 43 moved.

[43] [44] [45]) (parts/06_expose_VI.tex [46]
Expos\'e VI.

Package hyperref Warning: Token not allowed in a PDF string (Unicode):
(hyperref)                removing `math shift' on input line 11.


Package hyperref Warning: Token not allowed in a PDF string (Unicode):
(hyperref)                removing `\new@ifnextchar' on input line 11.


Package hyperref Warning: Token not allowed in a PDF string (Unicode):
(hyperref)                removing `subscript' on input line 11.


Package hyperref Warning: Token not allowed in a PDF string (Unicode):
(hyperref)                removing `superscript' on input line 11.


Package hyperref Warning: Token not allowed in a PDF string (Unicode):
(hyperref)                removing `\bullet' on input line 11.


Package hyperref Warning: Token not allowed in a PDF string (Unicode):
(hyperref)                removing `math shift' on input line 11.


Package hyperref Warning: Token not allowed in a PDF string (Unicode):
(hyperref)                removing `math shift' on input line 11.


Package hyperref Warning: Token not allowed in a PDF string (Unicode):
(hyperref)                removing `\leavevmode@ifvmode' on input line 11.


Package hyperref Warning: Token not allowed in a PDF string (Unicode):
(hyperref)                \kern -1.82538pt
(hyperref)                removed on input line 11.


Package hyperref Warning: Token not allowed in a PDF string (Unicode):
(hyperref)                removing `subscript' on input line 11.


Package hyperref Warning: Token not allowed in a PDF string (Unicode):
(hyperref)                removing `superscript' on input line 11.


Package hyperref Warning: Token not allowed in a PDF string (Unicode):
(hyperref)                removing `\bullet' on input line 11.


Package hyperref Warning: Token not allowed in a PDF string (Unicode):
(hyperref)                removing `math shift' on input line 11.

[47] [48] [49]) (parts/07_expose_VII.tex [50]
Expos\'e VII.
[51] [52] [53] [54] [55]) (parts/08_expose_VIII.tex [56]
Expos\'e VIII.
[57] [58] [59] [60] [61] [62] [63] [64] [65] [66]) (parts/09_expose_IX.tex
[67]
Expos\'e IX.
[68] [69] [70] [71] [72] [73] [74]) (parts/10_expose_X.tex [75]
Expos\'e X.
[76] [77] <xymatrix 3x2 142> [78]
(<LOCAL_HOME>\AppData\Local\Programs\MiKTeX\tex/latex/lm\ot1lmss.fd)
[79] [80] [81] [82] <xymatrix 5x2 342> [83]) (parts/11_expose_XI.tex [84]
Expos\'e XI.

Package hyperref Warning: Token not allowed in a PDF string (Unicode):
(hyperref)                removing `math shift' on input line 16.


Package hyperref Warning: Token not allowed in a PDF string (Unicode):
(hyperref)                removing `\new@ifnextchar' on input line 16.


Package hyperref Warning: Token not allowed in a PDF string (Unicode):
(hyperref)                removing `\setbox' on input line 16.


Package hyperref Warning: Token not allowed in a PDF string (Unicode):
(hyperref)                removing `\z@' on input line 16.


Package hyperref Warning: Token not allowed in a PDF string (Unicode):
(hyperref)                removing `\hbox' on input line 16.


Package hyperref Warning: Token not allowed in a PDF string (Unicode):
(hyperref)                removing `\mathsurround' on input line 16.


Package hyperref Warning: Token not allowed in a PDF string (Unicode):
(hyperref)                removing `\z@' on input line 16.


Package hyperref Warning: Token not allowed in a PDF string (Unicode):
(hyperref)                removing `math shift' on input line 16.


Package hyperref Warning: Token not allowed in a PDF string (Unicode):
(hyperref)                removing `\textstyle' on input line 16.


Package hyperref Warning: Token not allowed in a PDF string (Unicode):
(hyperref)                removing `math shift' on input line 16.


Package hyperref Warning: Token not allowed in a PDF string (Unicode):
(hyperref)                removing `\mathaccent' on input line 16.


Package hyperref Warning: Token not allowed in a PDF string (Unicode):
(hyperref)                removing `math shift' on input line 16.


Package hyperref Warning: Token not allowed in a PDF string (Unicode):
(hyperref)                removing `math shift' on input line 16.


Package hyperref Warning: Token not allowed in a PDF string (Unicode):
(hyperref)                removing `\new@ifnextchar' on input line 16.


Package hyperref Warning: Token not allowed in a PDF string (Unicode):
(hyperref)                removing `math shift' on input line 16.

[85]

Package hyperref Warning: Token not allowed in a PDF string (Unicode):
(hyperref)                removing `math shift' on input line 80.


Package hyperref Warning: Token not allowed in a PDF string (Unicode):
(hyperref)                removing `\new@ifnextchar' on input line 80.


Package hyperref Warning: Token not allowed in a PDF string (Unicode):
(hyperref)                removing `math shift' on input line 80.


Package hyperref Warning: Token not allowed in a PDF string (Unicode):
(hyperref)                removing `math shift' on input line 80.


Package hyperref Warning: Token not allowed in a PDF string (Unicode):
(hyperref)                removing `\new@ifnextchar' on input line 80.


Package hyperref Warning: Token not allowed in a PDF string (Unicode):
(hyperref)                removing `\setbox' on input line 80.


Package hyperref Warning: Token not allowed in a PDF string (Unicode):
(hyperref)                removing `\z@' on input line 80.


Package hyperref Warning: Token not allowed in a PDF string (Unicode):
(hyperref)                removing `\hbox' on input line 80.


Package hyperref Warning: Token not allowed in a PDF string (Unicode):
(hyperref)                removing `\mathsurround' on input line 80.


Package hyperref Warning: Token not allowed in a PDF string (Unicode):
(hyperref)                removing `\z@' on input line 80.


Package hyperref Warning: Token not allowed in a PDF string (Unicode):
(hyperref)                removing `math shift' on input line 80.


Package hyperref Warning: Token not allowed in a PDF string (Unicode):
(hyperref)                removing `\textstyle' on input line 80.


Package hyperref Warning: Token not allowed in a PDF string (Unicode):
(hyperref)                removing `math shift' on input line 80.


Package hyperref Warning: Token not allowed in a PDF string (Unicode):
(hyperref)                removing `\mathaccent' on input line 80.


Package hyperref Warning: Token not allowed in a PDF string (Unicode):
(hyperref)                removing `math shift' on input line 80.


Package hyperref Warning: Token not allowed in a PDF string (Unicode):
(hyperref)                removing `math shift' on input line 112.


Package hyperref Warning: Token not allowed in a PDF string (Unicode):
(hyperref)                removing `math shift' on input line 112.


Package hyperref Warning: Token not allowed in a PDF string (Unicode):
(hyperref)                removing `math shift' on input line 112.


Package hyperref Warning: Token not allowed in a PDF string (Unicode):
(hyperref)                removing `math shift' on input line 112.

[86] [87] [88] <xymatrix 3x2 128> [89] [90] [91]) (parts/12_expose_XII.tex
[92]
Expos\'e XII.
[93] [94] [95] [96] [97] [98] [99] [100] [101] [102] [103] <xymatrix 2x2 188>
[104] <xymatrix 2x2 188> [105] [106] [107] [108] [109] [110] [111] [112])
(parts/13_expose_XIII.tex [113]
Expos\'e XIII.
[114] [115] [116]

Package hyperref Warning: Token not allowed in a PDF string (Unicode):
(hyperref)                removing `math shift' on input line 109.


Package hyperref Warning: Token not allowed in a PDF string (Unicode):
(hyperref)                removing `\pi' on input line 109.


Package hyperref Warning: Token not allowed in a PDF string (Unicode):
(hyperref)                removing `subscript' on input line 109.


Package hyperref Warning: Token not allowed in a PDF string (Unicode):
(hyperref)                removing `math shift' on input line 109.

[117] [118]

Package hyperref Warning: Token not allowed in a PDF string (Unicode):
(hyperref)                removing `math shift' on input line 204.


Package hyperref Warning: Token not allowed in a PDF string (Unicode):
(hyperref)                removing `\pi' on input line 204.


Package hyperref Warning: Token not allowed in a PDF string (Unicode):
(hyperref)                removing `subscript' on input line 204.


Package hyperref Warning: Token not allowed in a PDF string (Unicode):
(hyperref)                removing `math shift' on input line 204.

[119] [120]

Package hyperref Warning: Token not allowed in a PDF string (Unicode):
(hyperref)                removing `math shift' on input line 306.


Package hyperref Warning: Token not allowed in a PDF string (Unicode):
(hyperref)                removing `\pi' on input line 306.


Package hyperref Warning: Token not allowed in a PDF string (Unicode):
(hyperref)                removing `subscript' on input line 306.


Package hyperref Warning: Token not allowed in a PDF string (Unicode):
(hyperref)                removing `math shift' on input line 306.

[121] [122] [123] [124] [125] [126] [127] [128] [129] [130])
(parts/14_expose_XIV.tex [131]
Expos\'e XIV.
[132] [133] [134] [135] [136] [137] [138] [139] [140] <xymatrix 2x2 188>
<xymatrix 5x2 423> <xymatrix 2x2 154> [141] <xymatrix 3x2 145> [142] [143]
<xymatrix 4x2 276> <xymatrix 2x2 181> <xymatrix 3x2 248> [144] <xymatrix 5x3
443> <xymatrix 4x2 285> [145] [146] <xymatrix 2x2 182> <xymatrix 2x2 182>
[147] <xymatrix 2x2 154> [148] <xymatrix 2x2 182> [149] [150] <xymatrix 3x2
149> [151] <xymatrix 2x2 182> [152] [153] [154] <xymatrix 3x2 158> [155]
<xymatrix 3x2 158> <xymatrix 3x2 128> <xymatrix 3x2 128> [156] <xymatrix 2x2
194> [157] [158] [159] [160] <xymatrix 3x2 128> [161] [162] <xymatrix 2x2 194>
[163] [164] <xymatrix 3x2 158> <xymatrix 3x3 214> <xymatrix 3x3 174> [165]
[166] [167] [168] [169] [170] [171]
Overfull \hbox (8.19598pt too wide) in paragraph at lines 1656--1689
[] 
[172]
Overfull \hbox (4.57872pt too wide) in paragraph at lines 1690--1702
[][]

Underfull \hbox (badness 10000) in paragraph at lines 1690--1702

[173]) (SGA2_English_Full_Reader.aux)

LaTeX Warning: Label(s) may have changed. Rerun to get cross-references right.

 )
(see the transcript file for additional information)<<LOCAL_HOME>/AppData/Lo
cal/Programs/MiKTeX/fonts/type1/public/amsfonts/euler/eufm10.pfb><C:/Users/Flor
is/AppData/Local/Programs/MiKTeX/fonts/type1/public/amsfonts/euler/eufm7.pfb><C
:/Users/Floris/AppData/Local/Programs/MiKTeX/fonts/type1/public/lm/lmbsy10.pfb>
<<LOCAL_HOME>/AppData/Local/Programs/MiKTeX/fonts/type1/public/lm/lmbx10.pfb
><<LOCAL_HOME>/AppData/Local/Programs/MiKTeX/fonts/type1/public/lm/lmbx12.pf
b><<LOCAL_HOME>/AppData/Local/Programs/MiKTeX/fonts/type1/public/lm/lmbx6.pf
b><<LOCAL_HOME>/AppData/Local/Programs/MiKTeX/fonts/type1/public/lm/lmbx8.pf
b><<LOCAL_HOME>/AppData/Local/Programs/MiKTeX/fonts/type1/public/lm/lmbx9.pf
b><<LOCAL_HOME>/AppData/Local/Programs/MiKTeX/fonts/type1/public/lm/lmbxi10.
pfb><<LOCAL_HOME>/AppData/Local/Programs/MiKTeX/fonts/type1/public/lm/lmcsc1
0.pfb><<LOCAL_HOME>/AppData/Local/Programs/MiKTeX/fonts/type1/public/lm/lmex
10.pfb><<LOCAL_HOME>/AppData/Local/Programs/MiKTeX/fonts/type1/public/lm/lmm
i10.pfb><<LOCAL_HOME>/AppData/Local/Programs/MiKTeX/fonts/type1/public/lm/lm
mi12.pfb><<LOCAL_HOME>/AppData/Local/Programs/MiKTeX/fonts/type1/public/lm/l
mmi5.pfb><<LOCAL_HOME>/AppData/Local/Programs/MiKTeX/fonts/type1/public/lm/l
mmi6.pfb><<LOCAL_HOME>/AppData/Local/Programs/MiKTeX/fonts/type1/public/lm/l
mmi8.pfb><<LOCAL_HOME>/AppData/Local/Programs/MiKTeX/fonts/type1/public/lm/l
mmi9.pfb><<LOCAL_HOME>/AppData/Local/Programs/MiKTeX/fonts/type1/public/lm/l
mmib10.pfb><<LOCAL_HOME>/AppData/Local/Programs/MiKTeX/fonts/type1/public/lm
/lmr10.pfb><<LOCAL_HOME>/AppData/Local/Programs/MiKTeX/fonts/type1/public/lm
/lmr12.pfb><<LOCAL_HOME>/AppData/Local/Programs/MiKTeX/fonts/type1/public/lm
/lmr17.pfb><<LOCAL_HOME>/AppData/Local/Programs/MiKTeX/fonts/type1/public/lm
/lmr6.pfb><<LOCAL_HOME>/AppData/Local/Programs/MiKTeX/fonts/type1/public/lm/
lmr8.pfb><<LOCAL_HOME>/AppData/Local/Programs/MiKTeX/fonts/type1/public/lm/l
mr9.pfb><<LOCAL_HOME>/AppData/Local/Programs/MiKTeX/fonts/type1/public/lm/lm
ri10.pfb><<LOCAL_HOME>/AppData/Local/Programs/MiKTeX/fonts/type1/public/lm/l
mri9.pfb><<LOCAL_HOME>/AppData/Local/Programs/MiKTeX/fonts/type1/public/lm/l
mro10.pfb><<LOCAL_HOME>/AppData/Local/Programs/MiKTeX/fonts/type1/public/lm/
lmss10.pfb><<LOCAL_HOME>/AppData/Local/Programs/MiKTeX/fonts/type1/public/lm
/lmsy10.pfb><<LOCAL_HOME>/AppData/Local/Programs/MiKTeX/fonts/type1/public/l
m/lmsy6.pfb><<LOCAL_HOME>/AppData/Local/Programs/MiKTeX/fonts/type1/public/l
m/lmsy8.pfb><<LOCAL_HOME>/AppData/Local/Programs/MiKTeX/fonts/type1/public/l
m/lmsy9.pfb><<LOCAL_HOME>/AppData/Local/Programs/MiKTeX/fonts/type1/public/a
msfonts/symbols/msam10.pfb><<LOCAL_HOME>/AppData/Local/Programs/MiKTeX/fonts
/type1/public/amsfonts/symbols/msbm10.pfb><<LOCAL_HOME>/AppData/Local/Progra
ms/MiKTeX/fonts/type1/public/xypic/xyatip10.pfb><<LOCAL_HOME>/AppData/Local/
Programs/MiKTeX/fonts/type1/public/xypic/xybtip10.pfb>
Output written on SGA2_English_Full_Reader.pdf (178 pages, 2001863 bytes).
Transcript written on SGA2_English_Full_Reader.log.
Latexmk: Getting log file 'SGA2_English_Full_Reader.log'
Latexmk: Examining 'SGA2_English_Full_Reader.fls'
Latexmk: Examining 'SGA2_English_Full_Reader.log'
Latexmk: References changed.
Latexmk: Log file says output to 'SGA2_English_Full_Reader.pdf'
Latexmk: applying rule 'pdflatex'...
Rule 'pdflatex':  Reasons for rerun
Changed files or newly in use/created:
  SGA2_English_Full_Reader.aux
  SGA2_English_Full_Reader.toc

------------
Run number 3 of rule 'pdflatex'
------------
------------
Running 'pdflatex  -interaction=nonstopmode -halt-on-error -file-line-error -recorder  "SGA2_English_Full_Reader.tex"'
------------
This is pdfTeX, Version 3.141592653-2.6-1.40.29 (MiKTeX 26.5) (preloaded format=pdflatex.fmt)
 restricted \write18 enabled.
entering extended mode
(SGA2_English_Full_Reader.tex
LaTeX2e <2025-11-01>
L3 programming layer <2026-03-20>
(<LOCAL_HOME>\AppData\Local\Programs\MiKTeX\tex/latex/base\book.cls
Document Class: book 2025/01/22 v1.4n Standard LaTeX document class
(<LOCAL_HOME>\AppData\Local\Programs\MiKTeX\tex/latex/base\bk11.clo))
(<LOCAL_HOME>\AppData\Local\Programs\MiKTeX\tex/latex/base\fontenc.sty)
(<LOCAL_HOME>\AppData\Local\Programs\MiKTeX\tex/latex/base\inputenc.sty)
(<LOCAL_HOME>\AppData\Local\Programs\MiKTeX\tex/latex/lm\lmodern.sty)
(<LOCAL_HOME>\AppData\Local\Programs\MiKTeX\tex/latex/microtype\microtype.st
y (<LOCAL_HOME>\AppData\Local\Programs\MiKTeX\tex/latex/graphics\keyval.sty)
 (<LOCAL_HOME>\AppData\Local\Programs\MiKTeX\tex/latex/etoolbox\etoolbox.sty
)
(<LOCAL_HOME>\AppData\Local\Programs\MiKTeX\tex/latex/microtype\microtype-pd
ftex.def)
(<LOCAL_HOME>\AppData\Local\Programs\MiKTeX\tex/latex/microtype\microtype.cf
g))
(<LOCAL_HOME>\AppData\Local\Programs\MiKTeX\tex/latex/amsmath\amsmath.sty
For additional information on amsmath, use the `?' option.
(<LOCAL_HOME>\AppData\Local\Programs\MiKTeX\tex/latex/amsmath\amstext.sty
(<LOCAL_HOME>\AppData\Local\Programs\MiKTeX\tex/latex/amsmath\amsgen.sty))
(<LOCAL_HOME>\AppData\Local\Programs\MiKTeX\tex/latex/amsmath\amsbsy.sty)
(<LOCAL_HOME>\AppData\Local\Programs\MiKTeX\tex/latex/amsmath\amsopn.sty))
(<LOCAL_HOME>\AppData\Local\Programs\MiKTeX\tex/latex/amsfonts\amssymb.sty
(<LOCAL_HOME>\AppData\Local\Programs\MiKTeX\tex/latex/amsfonts\amsfonts.sty)
) (<LOCAL_HOME>\AppData\Local\Programs\MiKTeX\tex/latex/amscls\amsthm.sty)
(<LOCAL_HOME>\AppData\Local\Programs\MiKTeX\tex/latex/amsmath\amscd.sty)
(<LOCAL_HOME>\AppData\Local\Programs\MiKTeX\tex/latex/mathtools\mathtools.st
y (<LOCAL_HOME>\AppData\Local\Programs\MiKTeX\tex/latex/tools\calc.sty)
(<LOCAL_HOME>\AppData\Local\Programs\MiKTeX\tex/latex/mathtools\mhsetup.sty)
)
(<LOCAL_HOME>\AppData\Local\Programs\MiKTeX\tex/latex/jknappen\mathrsfs.sty)
 (<LOCAL_HOME>\AppData\Local\Programs\MiKTeX\tex/latex/tools\xspace.sty)
(<LOCAL_HOME>\AppData\Local\Programs\MiKTeX\tex/latex/xcolor\xcolor.sty
(<LOCAL_HOME>\AppData\Local\Programs\MiKTeX\tex/latex/graphics-cfg\color.cfg
)
(<LOCAL_HOME>\AppData\Local\Programs\MiKTeX\tex/latex/graphics-def\pdftex.de
f)
(<LOCAL_HOME>\AppData\Local\Programs\MiKTeX\tex/latex/graphics\mathcolor.ltx
))
(<LOCAL_HOME>\AppData\Local\Programs\MiKTeX\tex/latex/graphics\graphicx.sty
(<LOCAL_HOME>\AppData\Local\Programs\MiKTeX\tex/latex/graphics\graphics.sty
(<LOCAL_HOME>\AppData\Local\Programs\MiKTeX\tex/latex/graphics\trig.sty)
(<LOCAL_HOME>\AppData\Local\Programs\MiKTeX\tex/latex/graphics-cfg\graphics.
cfg))) (<LOCAL_HOME>\AppData\Local\Programs\MiKTeX\tex/latex/tools\array.sty
)
(<LOCAL_HOME>\AppData\Local\Programs\MiKTeX\tex/latex/booktabs\booktabs.sty)
 (<LOCAL_HOME>\AppData\Local\Programs\MiKTeX\tex/latex/tools\longtable.sty)
(<LOCAL_HOME>\AppData\Local\Programs\MiKTeX\tex/latex/enumitem\enumitem.sty)
 (<LOCAL_HOME>\AppData\Local\Programs\MiKTeX\tex/latex/tocloft\tocloft.sty)
(<LOCAL_HOME>\AppData\Local\Programs\MiKTeX\tex/latex/tikz-cd\tikz-cd.sty
(<LOCAL_HOME>\AppData\Local\Programs\MiKTeX\tex/latex/pgf/frontendlayer\tikz
.sty
(<LOCAL_HOME>\AppData\Local\Programs\MiKTeX\tex/latex/pgf/basiclayer\pgf.sty

(<LOCAL_HOME>\AppData\Local\Programs\MiKTeX\tex/latex/pgf/utilities\pgfrcs.s
ty
(<LOCAL_HOME>\AppData\Local\Programs\MiKTeX\tex/generic/pgf/utilities\pgfuti
l-common.tex)
(<LOCAL_HOME>\AppData\Local\Programs\MiKTeX\tex/generic/pgf/utilities\pgfuti
l-latex.def)
(<LOCAL_HOME>\AppData\Local\Programs\MiKTeX\tex/generic/pgf/utilities\pgfrcs
.code.tex
(<LOCAL_HOME>\AppData\Local\Programs\MiKTeX\tex/generic/pgf\pgf.revision.tex
)))
(<LOCAL_HOME>\AppData\Local\Programs\MiKTeX\tex/latex/pgf/basiclayer\pgfcore
.sty
(<LOCAL_HOME>\AppData\Local\Programs\MiKTeX\tex/latex/pgf/systemlayer\pgfsys
.sty
(<LOCAL_HOME>\AppData\Local\Programs\MiKTeX\tex/generic/pgf/systemlayer\pgfs
ys.code.tex
(<LOCAL_HOME>\AppData\Local\Programs\MiKTeX\tex/generic/pgf/utilities\pgfkey
s.code.tex
(<LOCAL_HOME>\AppData\Local\Programs\MiKTeX\tex/generic/pgf/utilities\pgfkey
slibraryfiltered.code.tex))
(<LOCAL_HOME>\AppData\Local\Programs\MiKTeX\tex/generic/pgf/systemlayer\pgf.
cfg)
(<LOCAL_HOME>\AppData\Local\Programs\MiKTeX\tex/generic/pgf/systemlayer\pgfs
ys-pdftex.def
(<LOCAL_HOME>\AppData\Local\Programs\MiKTeX\tex/generic/pgf/systemlayer\pgfs
ys-common-pdf.def)))
(<LOCAL_HOME>\AppData\Local\Programs\MiKTeX\tex/generic/pgf/systemlayer\pgfs
yssoftpath.code.tex)
(<LOCAL_HOME>\AppData\Local\Programs\MiKTeX\tex/generic/pgf/systemlayer\pgfs
ysprotocol.code.tex))
(<LOCAL_HOME>\AppData\Local\Programs\MiKTeX\tex/generic/pgf/basiclayer\pgfco
re.code.tex
(<LOCAL_HOME>\AppData\Local\Programs\MiKTeX\tex/generic/pgf/math\pgfmath.cod
e.tex
(<LOCAL_HOME>\AppData\Local\Programs\MiKTeX\tex/generic/pgf/math\pgfmathutil
.code.tex)
(<LOCAL_HOME>\AppData\Local\Programs\MiKTeX\tex/generic/pgf/math\pgfmathpars
er.code.tex)
(<LOCAL_HOME>\AppData\Local\Programs\MiKTeX\tex/generic/pgf/math\pgfmathfunc
tions.code.tex)
(<LOCAL_HOME>\AppData\Local\Programs\MiKTeX\tex/generic/pgf/math\pgfmathfunc
tions.basic.code.tex)
(<LOCAL_HOME>\AppData\Local\Programs\MiKTeX\tex/generic/pgf/math\pgfmathfunc
tions.trigonometric.code.tex)
(<LOCAL_HOME>\AppData\Local\Programs\MiKTeX\tex/generic/pgf/math\pgfmathfunc
tions.random.code.tex)
(<LOCAL_HOME>\AppData\Local\Programs\MiKTeX\tex/generic/pgf/math\pgfmathfunc
tions.comparison.code.tex)
(<LOCAL_HOME>\AppData\Local\Programs\MiKTeX\tex/generic/pgf/math\pgfmathfunc
tions.base.code.tex)
(<LOCAL_HOME>\AppData\Local\Programs\MiKTeX\tex/generic/pgf/math\pgfmathfunc
tions.round.code.tex)
(<LOCAL_HOME>\AppData\Local\Programs\MiKTeX\tex/generic/pgf/math\pgfmathfunc
tions.misc.code.tex)
(<LOCAL_HOME>\AppData\Local\Programs\MiKTeX\tex/generic/pgf/math\pgfmathfunc
tions.integerarithmetics.code.tex)
(<LOCAL_HOME>\AppData\Local\Programs\MiKTeX\tex/generic/pgf/math\pgfmathcalc
.code.tex)
(<LOCAL_HOME>\AppData\Local\Programs\MiKTeX\tex/generic/pgf/math\pgfmathfloa
t.code.tex))
(<LOCAL_HOME>\AppData\Local\Programs\MiKTeX\tex/generic/pgf/math\pgfint.code
.tex)
(<LOCAL_HOME>\AppData\Local\Programs\MiKTeX\tex/generic/pgf/basiclayer\pgfco
repoints.code.tex)
(<LOCAL_HOME>\AppData\Local\Programs\MiKTeX\tex/generic/pgf/basiclayer\pgfco
repathconstruct.code.tex)
(<LOCAL_HOME>\AppData\Local\Programs\MiKTeX\tex/generic/pgf/basiclayer\pgfco
repathusage.code.tex)
(<LOCAL_HOME>\AppData\Local\Programs\MiKTeX\tex/generic/pgf/basiclayer\pgfco
rescopes.code.tex)
(<LOCAL_HOME>\AppData\Local\Programs\MiKTeX\tex/generic/pgf/basiclayer\pgfco
regraphicstate.code.tex)
(<LOCAL_HOME>\AppData\Local\Programs\MiKTeX\tex/generic/pgf/basiclayer\pgfco
retransformations.code.tex)
(<LOCAL_HOME>\AppData\Local\Programs\MiKTeX\tex/generic/pgf/basiclayer\pgfco
requick.code.tex)
(<LOCAL_HOME>\AppData\Local\Programs\MiKTeX\tex/generic/pgf/basiclayer\pgfco
reobjects.code.tex)
(<LOCAL_HOME>\AppData\Local\Programs\MiKTeX\tex/generic/pgf/basiclayer\pgfco
repathprocessing.code.tex)
(<LOCAL_HOME>\AppData\Local\Programs\MiKTeX\tex/generic/pgf/basiclayer\pgfco
rearrows.code.tex)
(<LOCAL_HOME>\AppData\Local\Programs\MiKTeX\tex/generic/pgf/basiclayer\pgfco
reshade.code.tex)
(<LOCAL_HOME>\AppData\Local\Programs\MiKTeX\tex/generic/pgf/basiclayer\pgfco
reimage.code.tex)
(<LOCAL_HOME>\AppData\Local\Programs\MiKTeX\tex/generic/pgf/basiclayer\pgfco
reexternal.code.tex)
(<LOCAL_HOME>\AppData\Local\Programs\MiKTeX\tex/generic/pgf/basiclayer\pgfco
relayers.code.tex)
(<LOCAL_HOME>\AppData\Local\Programs\MiKTeX\tex/generic/pgf/basiclayer\pgfco
retransparency.code.tex)
(<LOCAL_HOME>\AppData\Local\Programs\MiKTeX\tex/generic/pgf/basiclayer\pgfco
repatterns.code.tex)
(<LOCAL_HOME>\AppData\Local\Programs\MiKTeX\tex/generic/pgf/basiclayer\pgfco
rerdf.code.tex)))
(<LOCAL_HOME>\AppData\Local\Programs\MiKTeX\tex/generic/pgf/modules\pgfmodul
eshapes.code.tex)
(<LOCAL_HOME>\AppData\Local\Programs\MiKTeX\tex/generic/pgf/modules\pgfmodul
eplot.code.tex)
(<LOCAL_HOME>\AppData\Local\Programs\MiKTeX\tex/latex/pgf/compatibility\pgfc
omp-version-0-65.sty)
(<LOCAL_HOME>\AppData\Local\Programs\MiKTeX\tex/latex/pgf/compatibility\pgfc
omp-version-1-18.sty))
(<LOCAL_HOME>\AppData\Local\Programs\MiKTeX\tex/latex/pgf/utilities\pgffor.s
ty
(<LOCAL_HOME>\AppData\Local\Programs\MiKTeX\tex/latex/pgf/utilities\pgfkeys.
sty
(<LOCAL_HOME>\AppData\Local\Programs\MiKTeX\tex/generic/pgf/utilities\pgfkey
s.code.tex))
(<LOCAL_HOME>\AppData\Local\Programs\MiKTeX\tex/latex/pgf/math\pgfmath.sty
(<LOCAL_HOME>\AppData\Local\Programs\MiKTeX\tex/generic/pgf/math\pgfmath.cod
e.tex))
(<LOCAL_HOME>\AppData\Local\Programs\MiKTeX\tex/generic/pgf/utilities\pgffor
.code.tex))
(<LOCAL_HOME>\AppData\Local\Programs\MiKTeX\tex/generic/pgf/frontendlayer/ti
kz\tikz.code.tex
(<LOCAL_HOME>\AppData\Local\Programs\MiKTeX\tex/generic/pgf/libraries\pgflib
raryplothandlers.code.tex)
(<LOCAL_HOME>\AppData\Local\Programs\MiKTeX\tex/generic/pgf/modules\pgfmodul
ematrix.code.tex)
(<LOCAL_HOME>\AppData\Local\Programs\MiKTeX\tex/generic/pgf/frontendlayer/ti
kz/libraries\tikzlibrarytopaths.code.tex)))
(<LOCAL_HOME>\AppData\Local\Programs\MiKTeX\tex/latex/tikz-cd\tikzlibrarycd.
code.tex
(<LOCAL_HOME>\AppData\Local\Programs\MiKTeX\tex/generic/pgf/frontendlayer/ti
kz/libraries\tikzlibrarymatrix.code.tex)
(<LOCAL_HOME>\AppData\Local\Programs\MiKTeX\tex/generic/pgf/frontendlayer/ti
kz/libraries\tikzlibraryquotes.code.tex)
(<LOCAL_HOME>\AppData\Local\Programs\MiKTeX\tex/generic/pgf/libraries\pgflib
raryarrows.meta.code.tex)))
(<LOCAL_HOME>\AppData\Local\Programs\MiKTeX\tex/generic/xypic\xy.sty
(<LOCAL_HOME>\AppData\Local\Programs\MiKTeX\tex/generic/xypic\xy.tex
Bootstrap'ing: catcodes, docmode,
(<LOCAL_HOME>\AppData\Local\Programs\MiKTeX\tex/generic/xypic\xyrecat.tex)
(<LOCAL_HOME>\AppData\Local\Programs\MiKTeX\tex/generic/xypic\xyidioms.tex)

 Xy-pic version 3.8.9 <2013/10/06>
 Copyright (c) 1991-2013 by Kristoffer H. Rose <krisrose@tug.org> and others
 Xy-pic is free software: see the User's Guide for details.

Loading kernel: messages; fonts; allocations: state, direction,
utility macros; pictures: \xy, positions, objects, decorations;
kernel objects: directionals, circles, text; options; algorithms: directions,
edges, connections;  Xy-pic loaded)
(<LOCAL_HOME>\AppData\Local\Programs\MiKTeX\tex/generic/iftex\ifpdf.sty
(<LOCAL_HOME>\AppData\Local\Programs\MiKTeX\tex/generic/iftex\iftex.sty))
(<LOCAL_HOME>\AppData\Local\Programs\MiKTeX\tex/generic/xypic\xyall.tex
 Xy-pic option: All features v.3.8
(<LOCAL_HOME>\AppData\Local\Programs\MiKTeX\tex/generic/xypic\xycurve.tex
 Xy-pic option: Curve and Spline extension v.3.12 curve, circles, loaded)
(<LOCAL_HOME>\AppData\Local\Programs\MiKTeX\tex/generic/xypic\xyframe.tex
 Xy-pic option: Frame and Bracket extension v.3.14 loaded)
(<LOCAL_HOME>\AppData\Local\Programs\MiKTeX\tex/generic/xypic\xycmtip.tex
 Xy-pic option: Computer Modern tip extension v.3.7
(<LOCAL_HOME>\AppData\Local\Programs\MiKTeX\tex/generic/xypic\xytips.tex
 Xy-pic option: More Tips extension v.3.11 loaded) loaded)
(<LOCAL_HOME>\AppData\Local\Programs\MiKTeX\tex/generic/xypic\xyline.tex
 Xy-pic option: Line styles extension v.3.10 loaded)
(<LOCAL_HOME>\AppData\Local\Programs\MiKTeX\tex/generic/xypic\xyrotate.tex
 Xy-pic option: Rotate and Scale extension v.3.8 loaded)
(<LOCAL_HOME>\AppData\Local\Programs\MiKTeX\tex/generic/xypic\xycolor.tex
 Xy-pic option: Colour extension v.3.11 loaded)
(<LOCAL_HOME>\AppData\Local\Programs\MiKTeX\tex/generic/xypic\xymatrix.tex
 Xy-pic option: Matrix feature v.3.14 loaded)
(<LOCAL_HOME>\AppData\Local\Programs\MiKTeX\tex/generic/xypic\xyarrow.tex
 Xy-pic option: Arrow and Path feature v.3.9 path, \ar, loaded)
(<LOCAL_HOME>\AppData\Local\Programs\MiKTeX\tex/generic/xypic\xygraph.tex
 Xy-pic option: Graph feature v.3.11 loaded) loaded)
(<LOCAL_HOME>\AppData\Local\Programs\MiKTeX\tex/generic/xypic\xypdf.tex
 Xy-pic option: PDF driver v.1.7 Xy-pic pdf driver: `color' extension support
(<LOCAL_HOME>\AppData\Local\Programs\MiKTeX\tex/generic/xypic\xypdf-co.tex
loaded) Xy-pic pdf driver: `curve' extension support
(<LOCAL_HOME>\AppData\Local\Programs\MiKTeX\tex/generic/xypic\xypdf-cu.tex
loaded) Xy-pic pdf driver: `frame' extension support
(<LOCAL_HOME>\AppData\Local\Programs\MiKTeX\tex/generic/xypic\xypdf-fr.tex
loaded) Xy-pic pdf driver: `line' extension support
(<LOCAL_HOME>\AppData\Local\Programs\MiKTeX\tex/generic/xypic\xypdf-li.tex
loaded) Xy-pic pdf driver: `rotate' extension support
(<LOCAL_HOME>\AppData\Local\Programs\MiKTeX\tex/generic/xypic\xypdf-ro.tex
loaded) loaded))
(<LOCAL_HOME>\AppData\Local\Programs\MiKTeX\tex/latex/geometry\geometry.sty
(<LOCAL_HOME>\AppData\Local\Programs\MiKTeX\tex/generic/iftex\ifvtex.sty)
(<LOCAL_HOME>\AppData\Local\Programs\MiKTeX\tex/latex/geometry\geometry.cfg)
)
(<LOCAL_HOME>\AppData\Local\Programs\MiKTeX\tex/latex/hyperref\hyperref.sty
(<LOCAL_HOME>\AppData\Local\Programs\MiKTeX\tex/latex/kvsetkeys\kvsetkeys.st
y)
(<LOCAL_HOME>\AppData\Local\Programs\MiKTeX\tex/generic/kvdefinekeys\kvdefin
ekeys.sty)
(<LOCAL_HOME>\AppData\Local\Programs\MiKTeX\tex/generic/pdfescape\pdfescape.
sty
(<LOCAL_HOME>\AppData\Local\Programs\MiKTeX\tex/generic/ltxcmds\ltxcmds.sty)

(<LOCAL_HOME>\AppData\Local\Programs\MiKTeX\tex/generic/pdftexcmds\pdftexcmd
s.sty
(<LOCAL_HOME>\AppData\Local\Programs\MiKTeX\tex/generic/infwarerr\infwarerr.
sty)))
(<LOCAL_HOME>\AppData\Local\Programs\MiKTeX\tex/latex/hycolor\hycolor.sty)
(<LOCAL_HOME>\AppData\Local\Programs\MiKTeX\tex/latex/hyperref\nameref.sty
(<LOCAL_HOME>\AppData\Local\Programs\MiKTeX\tex/latex/refcount\refcount.sty)

(<LOCAL_HOME>\AppData\Local\Programs\MiKTeX\tex/generic/gettitlestring\getti
tlestring.sty
(<LOCAL_HOME>\AppData\Local\Programs\MiKTeX\tex/latex/kvoptions\kvoptions.st
y)))
(<LOCAL_HOME>\AppData\Local\Programs\MiKTeX\tex/generic/stringenc\stringenc.
sty)
(<LOCAL_HOME>\AppData\Local\Programs\MiKTeX\tex/latex/hyperref\pd1enc.def)
(<LOCAL_HOME>\AppData\Local\Programs\MiKTeX\tex/generic/intcalc\intcalc.sty)
(<LOCAL_HOME>\AppData\Local\Programs\MiKTeX\tex/latex/hyperref\puenc.def)
(<LOCAL_HOME>\AppData\Local\Programs\MiKTeX\tex/latex/url\url.sty)
(<LOCAL_HOME>\AppData\Local\Programs\MiKTeX\tex/generic/bitset\bitset.sty
(<LOCAL_HOME>\AppData\Local\Programs\MiKTeX\tex/generic/bigintcalc\bigintcal
c.sty)))
(<LOCAL_HOME>\AppData\Local\Programs\MiKTeX\tex/latex/hyperref\hpdftex.def
(<LOCAL_HOME>\AppData\Local\Programs\MiKTeX\tex/latex/rerunfilecheck\rerunfi
lecheck.sty
(<LOCAL_HOME>\AppData\Local\Programs\MiKTeX\tex/generic/uniquecounter\unique
counter.sty))) (sga2_reader_macros.tex)
(<LOCAL_HOME>\AppData\Local\Programs\MiKTeX\tex/generic/stringenc\se-pdfdoc.
def) (<LOCAL_HOME>\AppData\Local\Programs\MiKTeX\tex/latex/lm\t1lmr.fd)
(<LOCAL_HOME>\AppData\Local\Programs\MiKTeX\tex/latex/l3backend\l3backend-pd
ftex.def) (SGA2_English_Full_Reader.aux)
(<LOCAL_HOME>\AppData\Local\Programs\MiKTeX\tex/latex/microtype\mt-cmr.cfg)
(<LOCAL_HOME>\AppData\Local\Programs\MiKTeX\tex/context/base/mkii\supp-pdf.m
kii
[Loading MPS to PDF converter (version 2006.09.02).]
)
(<LOCAL_HOME>\AppData\Local\Programs\MiKTeX\tex/latex/epstopdf-pkg\epstopdf-
base.sty
(<LOCAL_HOME>\AppData\Local\Programs\MiKTeX\tex/latex/00miktex\epstopdf-sys.
cfg)) (<LOCAL_HOME>\AppData\Local\Programs\MiKTeX\tex/latex/lm\ot1lmr.fd)
(<LOCAL_HOME>\AppData\Local\Programs\MiKTeX\tex/latex/lm\omllmm.fd)
(<LOCAL_HOME>\AppData\Local\Programs\MiKTeX\tex/latex/lm\omslmsy.fd)
(<LOCAL_HOME>\AppData\Local\Programs\MiKTeX\tex/latex/lm\omxlmex.fd)
(<LOCAL_HOME>\AppData\Local\Programs\MiKTeX\tex/latex/amsfonts\umsa.fd)
(<LOCAL_HOME>\AppData\Local\Programs\MiKTeX\tex/latex/microtype\mt-msa.cfg)
(<LOCAL_HOME>\AppData\Local\Programs\MiKTeX\tex/latex/amsfonts\umsb.fd)
(<LOCAL_HOME>\AppData\Local\Programs\MiKTeX\tex/latex/microtype\mt-msb.cfg)
(<LOCAL_HOME>\AppData\Local\Programs\MiKTeX\tex/latex/jknappen\ursfs.fd)
*geometry* driver: auto-detecting
*geometry* detected driver: pdftex
(SGA2_English_Full_Reader.out) (SGA2_English_Full_Reader.out) [1{C:/Users/Flori
s/AppData/Local/MiKTeX/fonts/map/pdftex/pdftex.map}{<LOCAL_HOME>/AppData/Loc
al/Programs/MiKTeX/fonts/enc/dvips/lm/lm-ec.enc}] [1] [2{<LOCAL_HOME>/AppDat
a/Local/Programs/MiKTeX/fonts/enc/dvips/lm/lm-mathit.enc}]
(SGA2_English_Full_Reader.toc [3{<LOCAL_HOME>/AppData/Local/Programs/MiKTeX/
fonts/enc/dvips/lm/lm-rm.enc}{<LOCAL_HOME>/AppData/Local/Programs/MiKTeX/fon
ts/enc/dvips/lm/lm-mathsy.enc}{<LOCAL_HOME>/AppData/Local/Programs/MiKTeX/fo
nts/enc/dvips/lm/lm-mathex.enc}]) [4] (parts/00_introduction.tex [1] [2])
(parts/01_expose_I.tex [3]
Expos\'e I.
[4] [5] [6] [7] [8] [9] [10] [11]) (parts/02_expose_II.tex [12]
Expos\'e II.
[13] [14] [15] [16]) (parts/03_expose_III.tex [17]
Expos\'e III.
(<LOCAL_HOME>\AppData\Local\Programs\MiKTeX\tex/latex/lm\ts1lmr.fd)
(<LOCAL_HOME>\AppData\Local\Programs\MiKTeX\tex/latex/amsfonts\ueuf.fd)
(<LOCAL_HOME>\AppData\Local\Programs\MiKTeX\tex/latex/microtype\mt-euf.cfg)
[18{<LOCAL_HOME>/AppData/Local/Programs/MiKTeX/fonts/enc/dvips/lm/lm-ts1.enc
}] [19] [20] [21] [22] [23] [24] [25]) (parts/04_expose_IV.tex [26]
Expos\'e IV.
[27] [28] [29] [30] [31] [32] [33] [34] [35] [36] [37]) (parts/05_expose_V.tex
[38]
Expos\'e V.

Package hyperref Warning: Token not allowed in a PDF string (Unicode):
(hyperref)                removing `math shift' on input line 10.


Package hyperref Warning: Token not allowed in a PDF string (Unicode):
(hyperref)                removing `superscript' on input line 10.


Package hyperref Warning: Token not allowed in a PDF string (Unicode):
(hyperref)                removing `math shift' on input line 10.

[39] [40] [41] [42]

LaTeX Warning: Marginpar on page 43 moved.

[43] [44] [45]) (parts/06_expose_VI.tex [46]
Expos\'e VI.

Package hyperref Warning: Token not allowed in a PDF string (Unicode):
(hyperref)                removing `math shift' on input line 11.


Package hyperref Warning: Token not allowed in a PDF string (Unicode):
(hyperref)                removing `\new@ifnextchar' on input line 11.


Package hyperref Warning: Token not allowed in a PDF string (Unicode):
(hyperref)                removing `subscript' on input line 11.


Package hyperref Warning: Token not allowed in a PDF string (Unicode):
(hyperref)                removing `superscript' on input line 11.


Package hyperref Warning: Token not allowed in a PDF string (Unicode):
(hyperref)                removing `\bullet' on input line 11.


Package hyperref Warning: Token not allowed in a PDF string (Unicode):
(hyperref)                removing `math shift' on input line 11.


Package hyperref Warning: Token not allowed in a PDF string (Unicode):
(hyperref)                removing `math shift' on input line 11.


Package hyperref Warning: Token not allowed in a PDF string (Unicode):
(hyperref)                removing `\leavevmode@ifvmode' on input line 11.


Package hyperref Warning: Token not allowed in a PDF string (Unicode):
(hyperref)                \kern -1.82538pt
(hyperref)                removed on input line 11.


Package hyperref Warning: Token not allowed in a PDF string (Unicode):
(hyperref)                removing `subscript' on input line 11.


Package hyperref Warning: Token not allowed in a PDF string (Unicode):
(hyperref)                removing `superscript' on input line 11.


Package hyperref Warning: Token not allowed in a PDF string (Unicode):
(hyperref)                removing `\bullet' on input line 11.


Package hyperref Warning: Token not allowed in a PDF string (Unicode):
(hyperref)                removing `math shift' on input line 11.

[47] [48] [49]) (parts/07_expose_VII.tex [50]
Expos\'e VII.
[51] [52] [53] [54] [55]) (parts/08_expose_VIII.tex [56]
Expos\'e VIII.
[57] [58] [59] [60] [61] [62] [63] [64] [65] [66]) (parts/09_expose_IX.tex
[67]
Expos\'e IX.
[68] [69] [70] [71] [72] [73] [74]) (parts/10_expose_X.tex [75]
Expos\'e X.
[76] [77] <xymatrix 3x2 142> [78]
(<LOCAL_HOME>\AppData\Local\Programs\MiKTeX\tex/latex/lm\ot1lmss.fd)
[79] [80] [81] [82] <xymatrix 5x2 342> [83]) (parts/11_expose_XI.tex [84]
Expos\'e XI.

Package hyperref Warning: Token not allowed in a PDF string (Unicode):
(hyperref)                removing `math shift' on input line 16.


Package hyperref Warning: Token not allowed in a PDF string (Unicode):
(hyperref)                removing `\new@ifnextchar' on input line 16.


Package hyperref Warning: Token not allowed in a PDF string (Unicode):
(hyperref)                removing `\setbox' on input line 16.


Package hyperref Warning: Token not allowed in a PDF string (Unicode):
(hyperref)                removing `\z@' on input line 16.


Package hyperref Warning: Token not allowed in a PDF string (Unicode):
(hyperref)                removing `\hbox' on input line 16.


Package hyperref Warning: Token not allowed in a PDF string (Unicode):
(hyperref)                removing `\mathsurround' on input line 16.


Package hyperref Warning: Token not allowed in a PDF string (Unicode):
(hyperref)                removing `\z@' on input line 16.


Package hyperref Warning: Token not allowed in a PDF string (Unicode):
(hyperref)                removing `math shift' on input line 16.


Package hyperref Warning: Token not allowed in a PDF string (Unicode):
(hyperref)                removing `\textstyle' on input line 16.


Package hyperref Warning: Token not allowed in a PDF string (Unicode):
(hyperref)                removing `math shift' on input line 16.


Package hyperref Warning: Token not allowed in a PDF string (Unicode):
(hyperref)                removing `\mathaccent' on input line 16.


Package hyperref Warning: Token not allowed in a PDF string (Unicode):
(hyperref)                removing `math shift' on input line 16.


Package hyperref Warning: Token not allowed in a PDF string (Unicode):
(hyperref)                removing `math shift' on input line 16.


Package hyperref Warning: Token not allowed in a PDF string (Unicode):
(hyperref)                removing `\new@ifnextchar' on input line 16.


Package hyperref Warning: Token not allowed in a PDF string (Unicode):
(hyperref)                removing `math shift' on input line 16.

[85]

Package hyperref Warning: Token not allowed in a PDF string (Unicode):
(hyperref)                removing `math shift' on input line 80.


Package hyperref Warning: Token not allowed in a PDF string (Unicode):
(hyperref)                removing `\new@ifnextchar' on input line 80.


Package hyperref Warning: Token not allowed in a PDF string (Unicode):
(hyperref)                removing `math shift' on input line 80.


Package hyperref Warning: Token not allowed in a PDF string (Unicode):
(hyperref)                removing `math shift' on input line 80.


Package hyperref Warning: Token not allowed in a PDF string (Unicode):
(hyperref)                removing `\new@ifnextchar' on input line 80.


Package hyperref Warning: Token not allowed in a PDF string (Unicode):
(hyperref)                removing `\setbox' on input line 80.


Package hyperref Warning: Token not allowed in a PDF string (Unicode):
(hyperref)                removing `\z@' on input line 80.


Package hyperref Warning: Token not allowed in a PDF string (Unicode):
(hyperref)                removing `\hbox' on input line 80.


Package hyperref Warning: Token not allowed in a PDF string (Unicode):
(hyperref)                removing `\mathsurround' on input line 80.


Package hyperref Warning: Token not allowed in a PDF string (Unicode):
(hyperref)                removing `\z@' on input line 80.


Package hyperref Warning: Token not allowed in a PDF string (Unicode):
(hyperref)                removing `math shift' on input line 80.


Package hyperref Warning: Token not allowed in a PDF string (Unicode):
(hyperref)                removing `\textstyle' on input line 80.


Package hyperref Warning: Token not allowed in a PDF string (Unicode):
(hyperref)                removing `math shift' on input line 80.


Package hyperref Warning: Token not allowed in a PDF string (Unicode):
(hyperref)                removing `\mathaccent' on input line 80.


Package hyperref Warning: Token not allowed in a PDF string (Unicode):
(hyperref)                removing `math shift' on input line 80.


Package hyperref Warning: Token not allowed in a PDF string (Unicode):
(hyperref)                removing `math shift' on input line 112.


Package hyperref Warning: Token not allowed in a PDF string (Unicode):
(hyperref)                removing `math shift' on input line 112.


Package hyperref Warning: Token not allowed in a PDF string (Unicode):
(hyperref)                removing `math shift' on input line 112.


Package hyperref Warning: Token not allowed in a PDF string (Unicode):
(hyperref)                removing `math shift' on input line 112.

[86] [87] [88] <xymatrix 3x2 128> [89] [90] [91]) (parts/12_expose_XII.tex
[92]
Expos\'e XII.
[93] [94] [95] [96] [97] [98] [99] [100] [101] [102] [103] <xymatrix 2x2 188>
[104] <xymatrix 2x2 188> [105] [106] [107] [108] [109] [110] [111] [112])
(parts/13_expose_XIII.tex [113]
Expos\'e XIII.
[114] [115] [116]

Package hyperref Warning: Token not allowed in a PDF string (Unicode):
(hyperref)                removing `math shift' on input line 109.


Package hyperref Warning: Token not allowed in a PDF string (Unicode):
(hyperref)                removing `\pi' on input line 109.


Package hyperref Warning: Token not allowed in a PDF string (Unicode):
(hyperref)                removing `subscript' on input line 109.


Package hyperref Warning: Token not allowed in a PDF string (Unicode):
(hyperref)                removing `math shift' on input line 109.

[117] [118]

Package hyperref Warning: Token not allowed in a PDF string (Unicode):
(hyperref)                removing `math shift' on input line 204.


Package hyperref Warning: Token not allowed in a PDF string (Unicode):
(hyperref)                removing `\pi' on input line 204.


Package hyperref Warning: Token not allowed in a PDF string (Unicode):
(hyperref)                removing `subscript' on input line 204.


Package hyperref Warning: Token not allowed in a PDF string (Unicode):
(hyperref)                removing `math shift' on input line 204.

[119] [120]

Package hyperref Warning: Token not allowed in a PDF string (Unicode):
(hyperref)                removing `math shift' on input line 306.


Package hyperref Warning: Token not allowed in a PDF string (Unicode):
(hyperref)                removing `\pi' on input line 306.


Package hyperref Warning: Token not allowed in a PDF string (Unicode):
(hyperref)                removing `subscript' on input line 306.


Package hyperref Warning: Token not allowed in a PDF string (Unicode):
(hyperref)                removing `math shift' on input line 306.

[121] [122] [123] [124] [125] [126] [127] [128] [129] [130])
(parts/14_expose_XIV.tex [131]
Expos\'e XIV.
[132] [133] [134] [135] [136] [137] [138] [139] [140] <xymatrix 2x2 188>
<xymatrix 5x2 423> <xymatrix 2x2 154> [141] <xymatrix 3x2 145> [142] [143]
<xymatrix 4x2 276> <xymatrix 2x2 181> <xymatrix 3x2 248> [144] <xymatrix 5x3
443> <xymatrix 4x2 285> [145] [146] <xymatrix 2x2 182> <xymatrix 2x2 182>
[147] <xymatrix 2x2 154> [148] <xymatrix 2x2 182> [149] [150] <xymatrix 3x2
149> [151] <xymatrix 2x2 182> [152] [153] [154] <xymatrix 3x2 158> [155]
<xymatrix 3x2 158> <xymatrix 3x2 128> <xymatrix 3x2 128> [156] <xymatrix 2x2
194> [157] [158] [159] [160] <xymatrix 3x2 128> [161] [162] <xymatrix 2x2 194>
[163] [164] <xymatrix 3x2 158> <xymatrix 3x3 214> <xymatrix 3x3 174> [165]
[166] [167] [168] [169] [170] [171]
Overfull \hbox (8.19598pt too wide) in paragraph at lines 1656--1689
[] 
[172]
Overfull \hbox (4.57872pt too wide) in paragraph at lines 1690--1702
[][]

Underfull \hbox (badness 10000) in paragraph at lines 1690--1702

[173]) (SGA2_English_Full_Reader.aux) )
(see the transcript file for additional information)<<LOCAL_HOME>/AppData/Lo
cal/Programs/MiKTeX/fonts/type1/public/amsfonts/euler/eufm10.pfb><C:/Users/Flor
is/AppData/Local/Programs/MiKTeX/fonts/type1/public/amsfonts/euler/eufm7.pfb><C
:/Users/Floris/AppData/Local/Programs/MiKTeX/fonts/type1/public/lm/lmbsy10.pfb>
<<LOCAL_HOME>/AppData/Local/Programs/MiKTeX/fonts/type1/public/lm/lmbx10.pfb
><<LOCAL_HOME>/AppData/Local/Programs/MiKTeX/fonts/type1/public/lm/lmbx12.pf
b><<LOCAL_HOME>/AppData/Local/Programs/MiKTeX/fonts/type1/public/lm/lmbx6.pf
b><<LOCAL_HOME>/AppData/Local/Programs/MiKTeX/fonts/type1/public/lm/lmbx8.pf
b><<LOCAL_HOME>/AppData/Local/Programs/MiKTeX/fonts/type1/public/lm/lmbx9.pf
b><<LOCAL_HOME>/AppData/Local/Programs/MiKTeX/fonts/type1/public/lm/lmbxi10.
pfb><<LOCAL_HOME>/AppData/Local/Programs/MiKTeX/fonts/type1/public/lm/lmcsc1
0.pfb><<LOCAL_HOME>/AppData/Local/Programs/MiKTeX/fonts/type1/public/lm/lmex
10.pfb><<LOCAL_HOME>/AppData/Local/Programs/MiKTeX/fonts/type1/public/lm/lmm
i10.pfb><<LOCAL_HOME>/AppData/Local/Programs/MiKTeX/fonts/type1/public/lm/lm
mi12.pfb><<LOCAL_HOME>/AppData/Local/Programs/MiKTeX/fonts/type1/public/lm/l
mmi5.pfb><<LOCAL_HOME>/AppData/Local/Programs/MiKTeX/fonts/type1/public/lm/l
mmi6.pfb><<LOCAL_HOME>/AppData/Local/Programs/MiKTeX/fonts/type1/public/lm/l
mmi8.pfb><<LOCAL_HOME>/AppData/Local/Programs/MiKTeX/fonts/type1/public/lm/l
mmi9.pfb><<LOCAL_HOME>/AppData/Local/Programs/MiKTeX/fonts/type1/public/lm/l
mmib10.pfb><<LOCAL_HOME>/AppData/Local/Programs/MiKTeX/fonts/type1/public/lm
/lmr10.pfb><<LOCAL_HOME>/AppData/Local/Programs/MiKTeX/fonts/type1/public/lm
/lmr12.pfb><<LOCAL_HOME>/AppData/Local/Programs/MiKTeX/fonts/type1/public/lm
/lmr17.pfb><<LOCAL_HOME>/AppData/Local/Programs/MiKTeX/fonts/type1/public/lm
/lmr6.pfb><<LOCAL_HOME>/AppData/Local/Programs/MiKTeX/fonts/type1/public/lm/
lmr8.pfb><<LOCAL_HOME>/AppData/Local/Programs/MiKTeX/fonts/type1/public/lm/l
mr9.pfb><<LOCAL_HOME>/AppData/Local/Programs/MiKTeX/fonts/type1/public/lm/lm
ri10.pfb><<LOCAL_HOME>/AppData/Local/Programs/MiKTeX/fonts/type1/public/lm/l
mri9.pfb><<LOCAL_HOME>/AppData/Local/Programs/MiKTeX/fonts/type1/public/lm/l
mro10.pfb><<LOCAL_HOME>/AppData/Local/Programs/MiKTeX/fonts/type1/public/lm/
lmss10.pfb><<LOCAL_HOME>/AppData/Local/Programs/MiKTeX/fonts/type1/public/lm
/lmsy10.pfb><<LOCAL_HOME>/AppData/Local/Programs/MiKTeX/fonts/type1/public/l
m/lmsy6.pfb><<LOCAL_HOME>/AppData/Local/Programs/MiKTeX/fonts/type1/public/l
m/lmsy8.pfb><<LOCAL_HOME>/AppData/Local/Programs/MiKTeX/fonts/type1/public/l
m/lmsy9.pfb><<LOCAL_HOME>/AppData/Local/Programs/MiKTeX/fonts/type1/public/a
msfonts/symbols/msam10.pfb><<LOCAL_HOME>/AppData/Local/Programs/MiKTeX/fonts
/type1/public/amsfonts/symbols/msbm10.pfb><<LOCAL_HOME>/AppData/Local/Progra
ms/MiKTeX/fonts/type1/public/xypic/xyatip10.pfb><<LOCAL_HOME>/AppData/Local/
Programs/MiKTeX/fonts/type1/public/xypic/xybtip10.pfb>
Output written on SGA2_English_Full_Reader.pdf (178 pages, 2001862 bytes).
Transcript written on SGA2_English_Full_Reader.log.
Latexmk: Getting log file 'SGA2_English_Full_Reader.log'
Latexmk: Examining 'SGA2_English_Full_Reader.fls'
Latexmk: Examining 'SGA2_English_Full_Reader.log'
Latexmk: Log file says output to 'SGA2_English_Full_Reader.pdf'
Latexmk: All targets (SGA2_English_Full_Reader.pdf) are up-to-date

Reverting Windows console CPs to (in,out) = (437,65001)
