term_id,chosen_form_latin,f10_flag,E,W,S,I,X,safe_to_show_external,required_fix,route,route_key,c2_priority,shelf_langs,witness_writeback_level,witness_writeback_concept
ISV-30_märz_1926--30_marca_1926,30. marca 1926.,F10-1,3,0,0,0,0,review,backfill witness vector from 20-source shelf or mark explicit gap,D_no_route_true_gap,,False,,,
ISV-a_b_c_a_b_c--a_b_c_a_b_c,"A) / B) / C), a) / b) / c)",F10-0,2,0,0,0,1,yes,add W/S witness forms or explicit gap note from the 20-source shelf,,,,,,
ISV-a_b_c_d--a_b_c_d,A) / B) / C) / D),F10-1,2,0,0,0,0,review,backfill witness vector from 20-source shelf or mark explicit gap,D_no_route_true_gap,,False,,,
ISV-a_b_c_d_a_b--a_b_c_d_a_b,"A) / B) / C) / D), a) / b)",F10-1,2,0,0,0,0,review,backfill witness vector from 20-source shelf or mark explicit gap,D_no_route_true_gap,,False,,,
ISV-a_ist_teilbar_durch_t_vielfaches_a_von_t--a_jest_děljiva_črez_,"a jest děljiva črez t / ideal a, kratny od t",F10-1,2,0,0,0,0,review,backfill witness vector from 20-source shelf or mark explicit gap,A_probe_covered_concept,determinant,True,ar;bg;cs;es;fa;fr;hr;mk;pl;sk;sl;sr,,
ISV-abbildungsfunktionen--funkcije_odobraženja,funkcije odobraženja,F10-1,2,0,0,0,0,review,backfill witness vector from 20-source shelf or mark explicit gap,A_probe_covered_concept,coefficient,True,ar;es;fa;fr,,
ISV-abbildungskörper_abbildungsbereich--polje_obrazov_oblast,polje obrazov / oblast obrazov,F10-0,2,1,1,0,0,yes,record witness forms in the term row (currently prose/shelf only),,,,,,
ISV-abbildungssystem--odobražajuči_sistem,odobražajuči sistem,F10-1,2,0,0,0,0,review,backfill witness vector from 20-source shelf or mark explicit gap,B_intl_stem_probeable,sistem,False,all_shelves,,
ISV-abelsche_gruppenkörper--abelove_grupypolja,Abelove grupy/polja,F10-1,3,1,1,0,0,review,backfill witness vector from 20-source shelf or mark explicit gap,A_probe_covered_concept,field,True,ar;be;bg;bs;cs;es;fa;fr;hr;mk;pl;sk;sl;sr,concept_shelf,field
ISV-abgeleitetes_hauptideal--glavny_ideal_izveden,"glavny ideal, izvedeny iz p",F10-1,2,0,0,0,0,review,backfill witness vector from 20-source shelf or mark explicit gap,A_probe_covered_concept,ideal,True,be;bg;bs;cs;es;fa;fr;hr;mk;pl;sk;sl;sr,,
ISV-abhängigkeiten_zwischen_den_lagrangesche--zavisnosti_medžu_lag,zavisnosti medžu Lagranževymi izrazami,F10-1,2,0,0,0,0,review,backfill witness vector from 20-source shelf or mark explicit gap,A_probe_covered_concept,module,True,ar;be;bg;bs;cs;es;fa;fr;mk;pl;sk;sl;sr,,
ISV-abschnittskörper_kvartheta--polje_početnogo_odrě,polje početnogo odrězka K(vartheta),F10-0,2,1,1,0,0,yes,record witness forms in the term row (currently prose/shelf only),,,,,,
ISV-absolut-irreduzibel--absolutno_ireducibil,absolutno ireducibilny,F10-1,2,0,0,0,0,review,backfill witness vector from 20-source shelf or mark explicit gap,A_probe_covered_concept,field,True,ar;be;bg;bs;cs;es;fa;fr;hr;mk;pl;sk;sl;sr,,
ISV-absolut-irreduzible_darstellung--absolutno_ireducibil,absolutno ireducibilno predstavjenje,F10-1,2,1,1,0,0,review,backfill witness vector from 20-source shelf or mark explicit gap,A_probe_covered_concept,field,True,ar;be;bg;bs;cs;es;fa;fr;hr;mk;pl;sk;sl;sr,concept_shelf,representation
ISV-absolut_algebraischer_körper--absolutno_algebraičn,absolutno algebraično polje,F10-0,2,1,1,0,0,yes,record witness forms in the term row (currently prose/shelf only),,,,,,
ISV-absolute_irreduzibilität_absolut_irreduz--absolutna_nerazložim,absolutna nerazložimost / absolutno nerazložimy,F10-0,3,0,0,0,1,yes,add W/S witness forms or explicit gap note from the 20-source shelf,,,,,,
ISV-absoluter_multiplikatorenbereich--absolutna_oblast_mno,absolutna oblast množiteljev,F10-1,2,0,0,0,0,review,backfill witness vector from 20-source shelf or mark explicit gap,C_concept_linked_shelf_plausible,multiplier domain,False,,,
ISV-absolutes_primideal--absolutny_prosty_ide,absolutny prosty ideal,F10-1,2,1,1,0,0,review,backfill witness vector from 20-source shelf or mark explicit gap,A_probe_covered_concept,ideal,True,be;bg;bs;cs;es;fa;fr;hr;mk;pl;sk;sl;sr,concept_shelf,prime ideal
ISV-abstrakte_idealtheorie--abstraktna_teorija_i,abstraktna teorija idealov,F10-0,2,0,0,0,1,yes,add W/S witness forms or explicit gap note from the 20-source shelf,,,,,,
ISV-abzählbar_unendlich_viele_klassen--izčetno_beskonečno_m,izčetno beskonečno mnogo klasov,F10-1,2,0,0,0,0,review,backfill witness vector from 20-source shelf or mark explicit gap,C_concept_linked_shelf_plausible,decomposition,True,,,
ISV-adjungieren--adjungujemo,adjungujemo,F10-1,3,0,0,0,0,review,backfill witness vector from 20-source shelf or mark explicit gap,C_concept_linked_shelf_plausible,adjunction,False,,,
ISV-adjungieren_von_log_x_zum_rationalitätsb--adjungovati_funkciju,adjungovati funkciju log x k oblasti racionalnosti,F10-1,3,0,0,0,0,review,backfill witness vector from 20-source shelf or mark explicit gap,B_intl_stem_probeable,funkci,False,all_shelves,,
ISV-adjunktion--adjunkcija,adjunkcija,F10-0,3,0,0,0,1,yes,add W/S witness forms or explicit gap note from the 20-source shelf,,,,,,
ISV-adjunktion_adjungieren--adjunkcija_adjungova,adjunkcija / adjungovati,F10-0,3,0,0,0,1,yes,add W/S witness forms or explicit gap note from the 20-source shelf,,,,,,
ISV-adjunktion_der_u_munu--prisojedinjenje_u_mu,prisojedinjenje u_{\mu\nu},F10-1,2,0,0,0,0,review,backfill witness vector from 20-source shelf or mark explicit gap,C_concept_linked_shelf_plausible,adjunction,False,,,
ISV-adjunktion_der_unbestimmten_u_mu_nu--prisojedinjenje_neop,prisojedinjenje neopreděljenyh u_{mu nu},F10-1,2,0,0,0,0,review,backfill witness vector from 20-source shelf or mark explicit gap,C_concept_linked_shelf_plausible,adjunction,False,,,
ISV-adjunktion_eines_primitiven_elementes_er--prisojedinjenje_prim,prisojedinjenje primitivnogo elementa prvogo roda,F10-1,2,0,0,0,0,review,backfill witness vector from 20-source shelf or mark explicit gap,A_probe_covered_concept,element,True,es;fr,,
ISV-affekt_affektlos--afekt_bez_afekta,afekt / bez afekta,F10-1,2,0,0,0,0,review,backfill witness vector from 20-source shelf or mark explicit gap,D_no_route_true_gap,,False,,,
ISV-affektlose_gleichungen--jednačenja_bez_afekt,"jednačenja ""bez afekta""",F10-1,2,0,0,0,0,review,backfill witness vector from 20-source shelf or mark explicit gap,A_probe_covered_concept,equation,True,ar;bg;cs;es;fa;fr;hr;pl;sk;sl,,
ISV-algebraic_gebilde--algebraično_obrazova,algebraično obrazovanje,F10-1,2,0,0,0,0,review,backfill witness vector from 20-source shelf or mark explicit gap,B_intl_stem_probeable,algebr,False,all_shelves,,
ISV-algebraisch-abgeschlossener_algebraische--algebraično_zatvorje,algebraično zatvorjeno polje / algebraično razširiteljno polje,F10-0,2,1,1,0,0,yes,record witness forms in the term row (currently prose/shelf only),,,,,,
ISV-algebraisch-abgeschlossener_unterring_p--algebraično_zamknjen,algebraično zamknjeno podkolco P,F10-3,3,0,0,0,0,no_fix_first,resolve vs okruh/prsten/kolobar with access-gain ledger + Interslavic authority input before external showing,,,,,,
ISV-algebraisch-abhängig_algebraisch-unabhän--algebraično_zavisny_,algebraično zavisny / algebraično nezavisny,F10-1,2,0,0,0,0,review,backfill witness vector from 20-source shelf or mark explicit gap,A_probe_covered_concept,field,True,ar;be;bg;bs;cs;es;fa;fr;hr;mk;pl;sk;sl;sr,,
ISV-algebraisch-ganz_abgeschlossen--algebraično-cělo_zat,algebraično-cělo zatvorjena,F10-1,2,0,0,0,0,review,backfill witness vector from 20-source shelf or mark explicit gap,A_probe_covered_concept,field,True,ar;be;bg;bs;cs;es;fa;fr;hr;mk;pl;sk;sl;sr,,
ISV-algebraisch-ganz_abhängig_von_hxi_i--algebraično-cělo_zav,"algebraično-cělo zavisi od [H,xi_i]",F10-1,2,0,0,0,0,review,backfill witness vector from 20-source shelf or mark explicit gap,A_probe_covered_concept,field,True,ar;be;bg;bs;cs;es;fa;fr;hr;mk;pl;sk;sl;sr,,
ISV-algebraisch-ganz_algebraisch-gebrochen--algebraično-cěle_alg,algebraično-cěle / algebraično-drobne,F10-1,2,0,0,0,0,review,backfill witness vector from 20-source shelf or mark explicit gap,A_probe_covered_concept,field,True,ar;be;bg;bs;cs;es;fa;fr;hr;mk;pl;sk;sl;sr,,
ISV-algebraisch-ganz_rational-ganz--algebraično-cěly_rac,algebraično-cěly / racionalno-cěly,F10-1,2,0,0,0,0,review,backfill witness vector from 20-source shelf or mark explicit gap,A_probe_covered_concept,field,True,ar;be;bg;bs;cs;es;fa;fr;hr;mk;pl;sk;sl;sr,,
ISV-algebraisch-ganz_und_ganzzahlig_in_bezug--algebraično_cěla_i_c,algebraično cěla i celočislena vzhodno k,F10-1,2,0,0,0,0,review,backfill witness vector from 20-source shelf or mark explicit gap,A_probe_covered_concept,field,True,ar;be;bg;bs;cs;es;fa;fr;hr;mk;pl;sk;sl;sr,,
ISV-algebraisch-ganze_abgeschlossenheit--algebraično-cěla_zat,algebraično-cěla zatvorenost,F10-1,2,0,0,0,0,review,backfill witness vector from 20-source shelf or mark explicit gap,A_probe_covered_concept,field,True,ar;be;bg;bs;cs;es;fa;fr;hr;mk;pl;sk;sl;sr,,
ISV-algebraisch-ganzzahlige_polynome--algebraično-celočisl,algebraično-celočislene polinomy,F10-1,2,1,1,0,0,review,backfill witness vector from 20-source shelf or mark explicit gap,A_probe_covered_concept,field,True,ar;be;bg;bs;cs;es;fa;fr;hr;mk;pl;sk;sl;sr,concept_shelf,polynomial
ISV-algebraisch-ganzzahlige_substitutionen_a--algebraično-cěle_sub,algebraično-cěle substitucije / cěle algebraične čisla,F10-1,2,0,0,0,0,review,backfill witness vector from 20-source shelf or mark explicit gap,A_probe_covered_concept,field,True,ar;be;bg;bs;cs;es;fa;fr;hr;mk;pl;sk;sl;sr,,
ISV-algebraisch-gebrochene_zahl--algebraično-drobno_č,algebraično-drobno čislo,F10-1,2,0,0,0,0,review,backfill witness vector from 20-source shelf or mark explicit gap,A_probe_covered_concept,field,True,ar;be;bg;bs;cs;es;fa;fr;hr;mk;pl;sk;sl;sr,,
ISV-algebraisch_abgeschlossener_körper--algebraično_zamknjen,algebraično zamknjeno polje,F10-0,3,1,1,0,0,yes,record witness forms in the term row (currently prose/shelf only),,,,,,
ISV-algebraisch_abhängig_unabhängig--algebraično_zavisimy,algebraično zavisimy / nezavisimy,F10-1,2,0,0,0,0,review,backfill witness vector from 20-source shelf or mark explicit gap,A_probe_covered_concept,field,True,ar;be;bg;bs;cs;es;fa;fr;hr;mk;pl;sk;sl;sr,,
ISV-algebraisch_abhängig_unabhängig--algebraično_zavisny_,algebraično zavisny / nezavisny,F10-1,2,0,0,0,0,review,backfill witness vector from 20-source shelf or mark explicit gap,A_probe_covered_concept,field,True,ar;be;bg;bs;cs;es;fa;fr;hr;mk;pl;sk;sl;sr,,
ISV-algebraisch_unabhängig--algebraično_nezavisn,algebraično nezavisne,F10-1,2,0,0,0,0,review,backfill witness vector from 20-source shelf or mark explicit gap,A_probe_covered_concept,field,True,ar;be;bg;bs;cs;es;fa;fr;hr;mk;pl;sk;sl;sr,,
ISV-algebraisch_unabhängig_abhängig--algebraično_nezavisn,algebraično nezavisne / zavisne,F10-1,2,0,0,0,0,review,backfill witness vector from 20-source shelf or mark explicit gap,A_probe_covered_concept,field,True,ar;be;bg;bs;cs;es;fa;fr;hr;mk;pl;sk;sl;sr,,
ISV-algebraisch_unabhängige_funktionen--algebraično_nezavisn,algebraično nezavisne funkcije,F10-1,2,0,0,0,0,review,backfill witness vector from 20-source shelf or mark explicit gap,A_probe_covered_concept,field,True,ar;be;bg;bs;cs;es;fa;fr;hr;mk;pl;sk;sl;sr,,
ISV-algebraische_basis--algebraična_baza,algebraična baza,F10-1,2,1,1,0,0,review,backfill witness vector from 20-source shelf or mark explicit gap,A_probe_covered_concept,basis,True,ar;be;bg;cs;fa;hr;mk;pl;sl;sr,concept_shelf,basis
ISV-algebraische_basis_h_aus_theta--algebraična_baza_h_i,algebraična baza H iz Theta,F10-1,2,1,1,0,0,review,backfill witness vector from 20-source shelf or mark explicit gap,A_probe_covered_concept,basis,True,ar;be;bg;cs;fa;hr;mk;pl;sl;sr,concept_shelf,basis
ISV-algebraische_basis_rationale_basis--algebraična_baza_rac,algebraična baza / racionalna baza,F10-1,2,1,1,0,0,review,backfill witness vector from 20-source shelf or mark explicit gap,A_probe_covered_concept,basis,True,ar;be;bg;cs;fa;hr;mk;pl;sl;sr,concept_shelf,basis
ISV-algebraische_erweiterung--algebraično_razširen,algebraično razširenje,F10-1,2,0,0,0,0,review,backfill witness vector from 20-source shelf or mark explicit gap,A_probe_covered_concept,basis,True,ar;be;bg;cs;fa;hr;mk;pl;sl;sr,,
ISV-algebraischer_rang--algebraičny_rang,algebraičny rang,F10-1,2,0,0,0,0,review,backfill witness vector from 20-source shelf or mark explicit gap,A_probe_covered_concept,field,True,ar;be;bg;bs;cs;es;fa;fr;hr;mk;pl;sk;sl;sr,,
ISV-algebraischer_rang_restklassenkörper--algebraičny_rang_pol,algebraičny rang / polje ostatkovyh klasov,F10-0,2,1,1,0,0,yes,record witness forms in the term row (currently prose/shelf only),,,,,,
ISV-algebraischer_zahlkörper--algebraično_čislovo_,algebraično čislovo polje,F10-0,2,1,1,0,0,yes,record witness forms in the term row (currently prose/shelf only),,,,,,
ISV-alle_geraden_ganzen_rationalen_zahlen--vse_parne_cěle_racio,vse parne cěle racionalne čisla,F10-1,2,0,0,0,0,review,backfill witness vector from 20-source shelf or mark explicit gap,A_probe_covered_concept,polynomial,True,be;bg;bs;cs;es;fa;fr;hr;mk;pl;sk;sl;sr,,
ISV-alle_systeme_von_je_n_elementen_aus_t--vse_sistemy_iz_n_ele,vse sistemy iz n elementov iz T,F10-1,2,0,0,0,0,review,backfill witness vector from 20-source shelf or mark explicit gap,A_probe_covered_concept,element,True,es;fr,,
ISV-allgemeine_idealtheorie--obča_teorija_idealov,obča teorija idealov,F10-1,2,0,0,0,0,review,backfill witness vector from 20-source shelf or mark explicit gap,A_probe_covered_concept,ideal,True,be;bg;bs;cs;es;fa;fr;hr;mk;pl;sk;sl;sr,,
ISV-allgemeiner_diskriminantensatz--obči_teorem_o_diskri,obči teorem o diskriminantu,F10-1,2,0,0,0,0,review,backfill witness vector from 20-source shelf or mark explicit gap,B_intl_stem_probeable,teorem,False,all_shelves,,
ISV-als_kovariante_betrachtet--razmatrivana_kako_ko,razmatrivana kako kovariant,F10-1,2,0,0,0,0,review,backfill witness vector from 20-source shelf or mark explicit gap,A_probe_covered_concept,covariant,True,es;fr,,
ISV-als_moduln_adjungiert--adjungujut_se_kako_m,adjungujut se kako moduly,F10-0,3,0,0,0,1,yes,add W/S witness forms or explicit gap note from the 20-source shelf,,,,,,
ISV-als_produkte_von_system_i_und_ii_bleiben--kako_produkty_sistem,kako produkty sistemov I i II ostavaju,F10-1,2,0,0,0,0,review,backfill witness vector from 20-source shelf or mark explicit gap,A_probe_covered_concept,covariant,True,es;fr,,
ISV-anfangsform--početna_forma,početna forma,F10-1,2,0,0,0,0,review,backfill witness vector from 20-source shelf or mark explicit gap,B_intl_stem_probeable,form,False,all_shelves,,
ISV-ansatz--shema,shema,F10-1,2,0,0,0,0,review,backfill witness vector from 20-source shelf or mark explicit gap,C_concept_linked_shelf_plausible,ansatz / setup,False,,,
ISV-antistrophe_matrix--antistrofna_matrica,antistrofna matrica,F10-0,2,0,0,0,1,yes,add W/S witness forms or explicit gap note from the 20-source shelf,,,,,,
ISV-anzahlgleichheit_der_komponenten--ravnost_čisla_kompon,ravnost čisla komponentov,F10-1,2,0,0,0,0,review,backfill witness vector from 20-source shelf or mark explicit gap,A_probe_covered_concept,field,True,ar;be;bg;bs;cs;es;fa;fr;hr;mk;pl;sk;sl;sr,,
ISV-arithmetische_fassung_des_dimensionsbegr--aritmetična_formulac,Aritmetična formulacija pojma dimenzije,F10-1,2,1,1,0,0,review,backfill witness vector from 20-source shelf or mark explicit gap,A_probe_covered_concept,dimension,True,ar;bg;cs;es;fa;fr;hr;mk;pl;sk;sl;sr,concept_shelf,dimension
ISV-associated_system_of_values--prinaležny_sistem_ve,prinaležny sistem veličin,F10-1,2,0,0,0,0,review,backfill witness vector from 20-source shelf or mark explicit gap,A_probe_covered_concept,covariant,True,es;fr,,
ISV-aufgefaßt_als_r-moduln_--_isomorph--izomorfne_kako_r-mod,izomorfne kako R-moduly,F10-1,2,1,1,0,0,review,backfill witness vector from 20-source shelf or mark explicit gap,B_intl_stem_probeable,izomorf,False,all_shelves,concept_shelf,isomorphism
ISV-auflösbarer_zerfällungskörper--rěšimo_polje_razlože,rěšimo polje razloženja,F10-0,2,1,1,0,0,yes,record witness forms in the term row (currently prose/shelf only),,,,,,
ISV-aus_s_in_t_abgeleiteter_ring_ideal_p-mod--kolco_ideal_p-modul_,kolco / ideal / P-modul izvedeny iz S v T,F10-3,2,1,1,0,0,no_fix_first,resolve vs okruh/prsten/kolobar with access-gain ledger + Interslavic authority input before external showing,,,,,concept_shelf,ideal
ISV-ausgelassen_sind--sut_izpušćene,sut izpušćene,F10-1,2,0,0,0,0,review,backfill witness vector from 20-source shelf or mark explicit gap,C_concept_linked_shelf_plausible,form,False,,,
ISV-ausgezeichnete_basis--vyznačena_baza,vyznačena baza,F10-1,2,1,1,0,0,review,backfill witness vector from 20-source shelf or mark explicit gap,A_probe_covered_concept,basis,True,ar;be;bg;cs;fa;hr;mk;pl;sl;sr,concept_shelf,basis
ISV-ausnahmeprimzahlen_ausnahme-primideale--izključene_prvočisla,izključene prvočisla / izključene proste idealy,F10-1,2,1,1,0,0,review,backfill witness vector from 20-source shelf or mark explicit gap,A_probe_covered_concept,ideal,True,be;bg;bs;cs;es;fa;fr;hr;mk;pl;sk;sl;sr,concept_shelf,prime ideal
ISV-auswahlpostulat--postulat_izbora,postulat izbora,F10-1,2,0,0,0,0,review,backfill witness vector from 20-source shelf or mark explicit gap,C_concept_linked_shelf_plausible,chain condition,False,,,
ISV-automorphismenkörper_k_ν--tělo_avtomorfizmov_k,tělo avtomorfizmov K_ν,F10-0,2,1,1,0,0,yes,record witness forms in the term row (currently prose/shelf only),,,,,,
ISV-automorphismenring--kolco_avtomorfizmov,kolco avtomorfizmov,F10-3,2,0,0,0,0,no_fix_first,resolve vs okruh/prsten/kolobar with access-gain ledger + Interslavic authority input before external showing,,,,,,
ISV-basis_der_direkten_summe_blockdiagonale_--baza_direktnoj_sumy_,baza direktnoj sumy / blokovo-diagonalna diskriminantna matrica,F10-1,2,1,1,0,0,review,backfill witness vector from 20-source shelf or mark explicit gap,A_probe_covered_concept,basis,True,ar;be;bg;cs;fa;hr;mk;pl;sl;sr,concept_shelf,basis
ISV-basis_des_abgeleiteten_primideals--element_ktory_poražd,"element, ktory poraždaje izvedeny prosty ideal",F10-1,2,1,1,0,0,review,backfill witness vector from 20-source shelf or mark explicit gap,A_probe_covered_concept,basis,True,ar;be;bg;cs;fa;hr;mk;pl;sl;sr,concept_shelf,basis
ISV-basis_des_erweiterungsideals_des_diskrim--baza_razširjenogo_id,baza razširjenogo ideala diskriminantnogo ideala,F10-0,2,1,1,0,0,yes,record witness forms in the term row (currently prose/shelf only),,,,,concept_shelf,basis
ISV-basis_zur_erzeugung_der_spur--baza_za_tvorjenje_sl,baza za tvorjenje slěda,F10-1,3,1,1,0,0,review,backfill witness vector from 20-source shelf or mark explicit gap,A_probe_covered_concept,basis,True,ar;be;bg;cs;fa;hr;mk;pl;sl;sr,concept_shelf,basis
ISV-basisbegriffe--pojmy_bazy,pojmy bazy,F10-1,2,0,0,0,0,review,backfill witness vector from 20-source shelf or mark explicit gap,A_probe_covered_concept,basis,True,ar;be;bg;cs;fa;hr;mk;pl;sl;sr,,
ISV-basisfragen--pitanja_o_bazah,pitanja o bazah,F10-1,2,0,0,0,0,review,backfill witness vector from 20-source shelf or mark explicit gap,A_probe_covered_concept,basis,True,ar;be;bg;cs;fa;hr;mk;pl;sl;sr,,
ISV-basisfreie_form--bezbazisna_forma,bezbazisna forma,F10-1,2,0,0,0,0,review,backfill witness vector from 20-source shelf or mark explicit gap,A_probe_covered_concept,basis,True,ar;be;bg;cs;fa;hr;mk;pl;sl;sr,,
ISV-bereich_aller_geraden_polynome--oblast_vseh_parnyh_p,oblast vseh parnyh polinomov,F10-1,2,1,1,0,0,review,backfill witness vector from 20-source shelf or mark explicit gap,A_probe_covered_concept,polynomial,True,be;bg;bs;cs;es;fa;fr;hr;mk;pl;sk;sl;sr,concept_shelf,polynomial
ISV-bereich_aller_homogenen_formen--oblast_vseh_homogeny,oblast vseh homogenyh form,F10-0,2,0,0,0,1,yes,add W/S witness forms or explicit gap note from the 20-source shelf,,,,,,
ISV-bereich_zahlbereich--oblast_čislova_oblas,oblast / čislova oblast,F10-1,2,0,0,0,0,review,backfill witness vector from 20-source shelf or mark explicit gap,C_concept_linked_shelf_plausible,extension of the first kind,False,,,
ISV-beschränkt_in_x_i_den_grad_k_nicht_errei--ograničeny_po_x_i_ne,ograničeny po x_i / ne dosega stepena k,F10-1,2,0,0,0,0,review,backfill witness vector from 20-source shelf or mark explicit gap,C_concept_linked_shelf_plausible,degree,False,,,
ISV-bibliographie--bibliografija,bibliografija,F10-0,2,0,0,0,1,yes,add W/S witness forms or explicit gap note from the 20-source shelf,,,,,,
ISV-binäre_form_binäre_linearform--binarna_forma_binarn,binarna forma / binarna linearna forma,F10-0,2,0,0,0,1,yes,add W/S witness forms or explicit gap note from the 20-source shelf,,,,,,
ISV-birationale_transformation--biracionalna_transfo,biracionalna transformacija,F10-1,2,0,0,0,0,review,backfill witness vector from 20-source shelf or mark explicit gap,A_probe_covered_concept,basis,True,ar;be;bg;cs;fa;hr;mk;pl;sl;sr,,
ISV-block-dreiecksform_matrizendarstellung--blokovo-trikutna_for,blokovo-trikutna forma / matrično predstavjenje,F10-2,3,0,0,0,0,no_fix_first,"back the claim with W/S witness forms from the shelf, or weaken the claim",,,,,,
ISV-buchbesprechungen--recenzije,recenzije,F10-1,2,0,0,0,0,review,backfill witness vector from 20-source shelf or mark explicit gap,D_no_route_true_gap,,False,,,
ISV-burnsidescher_satz_verallgemeinerter_bur--teorema_burnsida_obo,teorema Burnsida / obobčena teorema Burnsida,F10-1,2,0,0,0,0,review,backfill witness vector from 20-source shelf or mark explicit gap,B_intl_stem_probeable,teorem,False,all_shelves,,
ISV-bücher_entstanden_unter_mitwirkung_von_e--knjigy_sostavjene_s_,"knjigy, sostavjene s učestjem Emmy Noether",F10-1,2,0,0,0,0,review,backfill witness vector from 20-source shelf or mark explicit gap,A_probe_covered_concept,corollary,True,es;fr,,
ISV-characteristic_zero--karakteristika_nul,karakteristika nul,F10-0,2,0,0,0,1,yes,add W/S witness forms or explicit gap note from the 20-source shelf,,,,,,
ISV-charakter--karakter,karakter,F10-1,2,0,0,0,0,review,backfill witness vector from 20-source shelf or mark explicit gap,C_concept_linked_shelf_plausible,character,False,,,
ISV-charaktere--karaktere,karaktere,F10-0,3,0,0,0,1,yes,add W/S witness forms or explicit gap note from the 20-source shelf,,,,,,
ISV-charakteristik--karakteristika,karakteristika,F10-1,2,0,0,0,0,review,backfill witness vector from 20-source shelf or mark explicit gap,A_probe_covered_concept,field,True,ar;be;bg;bs;cs;es;fa;fr;hr;mk;pl;sk;sl;sr,,
ISV-charakteristik_0_p--karakteristika_0_p,karakteristika 0 / p,F10-1,2,0,0,0,0,review,backfill witness vector from 20-source shelf or mark explicit gap,A_probe_covered_concept,field,True,ar;be;bg;bs;cs;es;fa;fr;hr;mk;pl;sk;sl;sr,,
ISV-charakteristik_null_primkörper--karakteristika_nul_p,karakteristika nul / prosto polje,F10-0,2,1,1,0,0,yes,record witness forms in the term row (currently prose/shelf only),,,,,,
ISV-charakteristik_p--harakteristika_p,harakteristika p,F10-0,2,0,0,0,1,yes,add W/S witness forms or explicit gap note from the 20-source shelf,,,,,,
ISV-charakteristische_multiplizität--harakteristična_mnog,harakteristična mnogokratnost,F10-2,3,0,0,0,0,no_fix_first,"back the claim with W/S witness forms from the shelf, or weaken the claim",,,,,,
ISV-charakteristische_reihe--karakterističny_rjad,karakterističny rjad,F10-1,2,0,0,0,0,review,backfill witness vector from 20-source shelf or mark explicit gap,C_concept_linked_shelf_plausible,characteristic series,False,,,
ISV-conjugate_factors--konjugovane_faktory,konjugovane faktory,F10-0,2,0,0,0,1,yes,add W/S witness forms or explicit gap note from the 20-source shelf,,,,,,
ISV-cyrillic_reader_generation_for_section_1--matematične_proměnne,matematične proměnne i rimske označenja ostavajut zaštićene,F10-1,2,0,0,0,0,review,backfill witness vector from 20-source shelf or mark explicit gap,C_concept_linked_shelf_plausible,associated prime ideal,False,,,
ISV-d--d,\D,F10-1,2,0,0,0,0,review,backfill witness vector from 20-source shelf or mark explicit gap,D_no_route_true_gap,,False,,,
ISV-damit_ist_der_satz_bewiesen--tym_teorem_jest_doka,Tym teorem jest dokazany,F10-1,2,0,1,0,0,review,backfill witness vector from 20-source shelf or mark explicit gap,A_probe_covered_concept,theorem,True,ar;bg;bs;cs;es;fa;fr;hr;mk;pl;sk;sl;sr,concept_shelf,theorem
ISV-darstellung_als_kleinstes_gemeinsames_vi--predstavjenje_kako_n,predstavjenje kako najmenše obče mnogokratno,F10-1,2,0,0,0,0,review,backfill witness vector from 20-source shelf or mark explicit gap,C_concept_linked_shelf_plausible,crossed representation,False,,,
ISV-darstellung_mit_festem_nenner--predstavjenje_s_stal,predstavjenje s stalym imenovateljem,F10-1,2,1,1,0,0,review,backfill witness vector from 20-source shelf or mark explicit gap,C_concept_linked_shelf_plausible,crossed representation,False,,concept_shelf,representation
ISV-darstellung_von_spur_norm_und_diskrimina--predstavjenje_slěda_,"predstavjenje slěda, normy i diskriminanta",F10-0,3,0,0,0,1,yes,add W/S witness forms or explicit gap note from the 20-source shelf,,,,,,
ISV-darstellungsklassen--klasy_predstavjenj,klasy predstavjenj,F10-1,2,0,0,0,0,review,backfill witness vector from 20-source shelf or mark explicit gap,C_concept_linked_shelf_plausible,crossed representation,False,,,
ISV-darstellungsmoduln--moduly_predstavjenja,moduly predstavjenja,F10-1,3,0,0,0,0,review,backfill witness vector from 20-source shelf or mark explicit gap,B_intl_stem_probeable,modul,False,all_shelves,,
ISV-das_zeichen_equiv_bedeutet--znak_equiv_znači,Znak \equiv znači ...,F10-1,2,0,0,0,0,review,backfill witness vector from 20-source shelf or mark explicit gap,D_no_route_true_gap,,False,,,
ISV-das_zum_nullideal_gehörige_primideal--prosty_ideal_asociov,"prosty ideal, asociovany s nulovym idealom",F10-0,2,1,1,0,1,yes,add W/S witness forms or explicit gap note from the 20-source shelf,,,,,concept_shelf,prime ideal
ISV-dedekind-mertensscher_satz--dedekind--mertensov_,Dedekind--Mertensov teorem,F10-0,2,0,0,0,1,yes,add W/S witness forms or explicit gap note from the 20-source shelf,,,,,,
ISV-dedekind-mertensscher_satz--teorem_dedekinda--me,teorem Dedekinda--Mertensa,F10-0,2,0,0,0,1,yes,add W/S witness forms or explicit gap note from the 20-source shelf,,,,,,
ISV-dedekindsche_folgerung_iii--dedekindov_poslědok_,Dedekindov poslědok I/II,F10-1,2,0,1,0,0,review,backfill witness vector from 20-source shelf or mark explicit gap,A_probe_covered_concept,corollary,True,es;fr,concept_shelf,corollary
ISV-determinante_eines_hyperkomplexen_system--determinanta_hiperko,determinanta hiperkompleksnogo sistema,F10-0,3,1,1,0,1,yes,add W/S witness forms or explicit gap note from the 20-source shelf,,,,,concept_shelf,determinant
ISV-determinanten_aus_je_n_basiselementen_un--determinanty_iz_vsak,determinanty iz vsakih n baznyh elementov i jih konjugovanyh elementov,F10-1,2,1,1,0,0,review,backfill witness vector from 20-source shelf or mark explicit gap,A_probe_covered_concept,basis,True,ar;be;bg;cs;fa;hr;mk;pl;sl;sr,concept_shelf,determinant
ISV-determinantenquadrat_der_konjugierten_ba--kvadrat_determinanta,"kvadrat determinanta soprjaženyh bazovyh elementov (§6, 4)",F10-1,2,0,0,0,0,review,backfill witness vector from 20-source shelf or mark explicit gap,A_probe_covered_concept,basis,True,ar;be;bg;cs;fa;hr;mk;pl;sl;sr,,
ISV-determinantenteiler--determinantny_dělite,determinantny dělitelj,F10-1,2,0,0,0,0,review,backfill witness vector from 20-source shelf or mark explicit gap,A_probe_covered_concept,determinant,True,ar;bg;cs;es;fa;fr;hr;mk;pl;sk;sl;sr,,
ISV-diagonalglied--diagonalny_člen,diagonalny člen,F10-1,2,0,0,0,0,review,backfill witness vector from 20-source shelf or mark explicit gap,C_concept_linked_shelf_plausible,diagonal entry,False,,,
ISV-diagonalmatrix_durch_diagonalmatrizen_tr--diagonalna_matrica_t,diagonalna matrica / transformovane čerez diagonalne matrice,F10-1,2,0,0,0,0,review,backfill witness vector from 20-source shelf or mark explicit gap,A_probe_covered_concept,matrix,True,be;bg;cs;fa;hr;mk;pl;sk;sl;sr,,
ISV-diagonalschema--diagonalna_shema,diagonalna shema,F10-0,2,0,0,0,1,yes,add W/S witness forms or explicit gap note from the 20-source shelf,,,,,,
ISV-die_definition_deckt_sich_mit_der_in_7_1--definicija_se_pokryv,"definicija se pokryva s definicijeju v §7, 1",F10-1,2,1,1,0,0,review,backfill witness vector from 20-source shelf or mark explicit gap,A_probe_covered_concept,definition,True,ar;es;fa;fr,concept_shelf,definition
ISV-die_in_der_literatur_übliche_definition_--obična_v_literaturě_,obična v literaturě definicija polnoj razložimosti,F10-1,2,1,1,0,0,review,backfill witness vector from 20-source shelf or mark explicit gap,A_probe_covered_concept,definition,True,ar;es;fa;fr,concept_shelf,definition
ISV-die_übrigen_formen--ostale_formy,ostale formy,F10-1,3,0,0,0,0,review,backfill witness vector from 20-source shelf or mark explicit gap,A_probe_covered_concept,coefficient,True,ar;es;fa;fr,,
ISV-diedergruppen--diedralne_grupy,diedralne grupy,F10-1,2,0,0,0,0,review,backfill witness vector from 20-source shelf or mark explicit gap,A_probe_covered_concept,field,True,ar;be;bg;bs;cs;es;fa;fr;hr;mk;pl;sk;sl;sr,,
ISV-dieselben_überlegungen_gelten_für_den_mu--te_same_razmysljenja,te same razmysljenja važe za multiplikacijsko kolco,F10-3,2,0,0,0,0,no_fix_first,resolve vs okruh/prsten/kolobar with access-gain ledger + Interslavic authority input before external showing,,,,,,
ISV-differentialausdruecke--diferencialne_izrazy,diferencialne izrazy,F10-0,3,0,0,0,1,yes,add W/S witness forms or explicit gap note from the 20-source shelf,,,,,,
ISV-differenzenausdruecke--razlikove_izrazy,razlikove izrazy,F10-1,2,0,0,0,0,review,backfill witness vector from 20-source shelf or mark explicit gap,C_concept_linked_shelf_plausible,one-to-one,False,,,
ISV-dimension_schlechthin--dimenzija_v_sobstven,dimenzija v sobstvenom smyslu,F10-1,2,1,1,0,0,review,backfill witness vector from 20-source shelf or mark explicit gap,A_probe_covered_concept,dimension,True,ar;bg;cs;es;fa;fr;hr;mk;pl;sk;sl;sr,concept_shelf,dimension
ISV-dimensionszahlen--dimenzijne_čisla,dimenzijne čisla,F10-1,2,0,0,0,0,review,backfill witness vector from 20-source shelf or mark explicit gap,A_probe_covered_concept,dimension,True,ar;bg;cs;es;fa;fr;hr;mk;pl;sk;sl;sr,,
ISV-direkt-unzerlegbar--direktno_nerazložimy,direktno nerazložimy,F10-1,2,0,0,0,0,review,backfill witness vector from 20-source shelf or mark explicit gap,C_concept_linked_shelf_plausible,direct factor,False,,,
ISV-direkt-unzerlegbar_zerlegbar--direktno_nerazložimy,direktno nerazložimy / razložimy,F10-1,2,0,0,0,0,review,backfill witness vector from 20-source shelf or mark explicit gap,C_concept_linked_shelf_plausible,direct factor,False,,,
ISV-direkt_unzerlegbare_faktoren--direktno_nerazložime,direktno nerazložime faktory,F10-1,2,0,0,0,0,review,backfill witness vector from 20-source shelf or mark explicit gap,C_concept_linked_shelf_plausible,direct factor,False,,,
ISV-direkte_summe--direktna_suma,direktna suma,F10-0,2,0,0,0,1,yes,add W/S witness forms or explicit gap note from the 20-source shelf,,,,,,
ISV-direkte_summe_direkter_summand--direktna_suma_direkt,direktna suma / direktny sumand,F10-0,3,1,0,0,1,yes,record witness forms in the term row (currently prose/shelf only),,,,,,
ISV-direkte_summe_von_ringen_vom_rang_eins--direktna_suma_kolc_r,direktna suma kolc ranga jedan,F10-2,2,0,0,0,0,no_fix_first,"back the claim with W/S witness forms from the shelf, or weaken the claim",,,,,,
ISV-direkte_summenzerlegung--direktno_sumno_razlo,direktno sumno razloženje,F10-0,2,0,0,0,1,yes,add W/S witness forms or explicit gap note from the 20-source shelf,,,,,,
ISV-direkte_summenzerlegung_in_rechtsideale--direktno_razloženje_,direktno razloženje na prave idealy,F10-1,2,0,0,0,0,review,backfill witness vector from 20-source shelf or mark explicit gap,A_probe_covered_concept,ideal,True,be;bg;bs;cs;es;fa;fr;hr;mk;pl;sk;sl;sr,,
ISV-direkter_faktor--direktny_faktor,direktny faktor,F10-1,2,0,0,0,0,review,backfill witness vector from 20-source shelf or mark explicit gap,C_concept_linked_shelf_plausible,direct factor,False,,,
ISV-direkter_summand--direktny_sumand,direktny sumand,F10-0,3,0,0,0,1,yes,add W/S witness forms or explicit gap note from the 20-source shelf,,,,,,
ISV-diskriminante_d_t_p--diskriminant_d_t_p,diskriminant D_{T_P},F10-1,2,0,0,0,0,review,backfill witness vector from 20-source shelf or mark explicit gap,B_intl_stem_probeable,diskriminant,False,all_shelves,,
ISV-diskriminantenideal--diskriminantny_ideal,diskriminantny ideal,F10-1,2,0,0,0,0,review,backfill witness vector from 20-source shelf or mark explicit gap,A_probe_covered_concept,ideal,True,be;bg;bs;cs;es;fa;fr;hr;mk;pl;sk;sl;sr,,
ISV-diskriminantenideal_des_komponentenideal--diskriminantny_ideal,diskriminantny ideal komponentnogo ideala,F10-1,2,0,0,0,0,review,backfill witness vector from 20-source shelf or mark explicit gap,A_probe_covered_concept,ideal,True,be;bg;bs;cs;es;fa;fr;hr;mk;pl;sk;sl;sr,,
ISV-diskriminantenideal_des_ringes--diskriminantny_ideal,diskriminantny ideal kolca,F10-1,2,0,0,0,0,review,backfill witness vector from 20-source shelf or mark explicit gap,A_probe_covered_concept,ideal,True,be;bg;bs;cs;es;fa;fr;hr;mk;pl;sk;sl;sr,,
ISV-diskriminantenideal_von_r--diskriminantny_ideal,diskriminantny ideal od R,F10-1,2,0,0,0,0,review,backfill witness vector from 20-source shelf or mark explicit gap,A_probe_covered_concept,ideal,True,be;bg;bs;cs;es;fa;fr;hr;mk;pl;sk;sl;sr,,
ISV-diskriminantenideal_von_t_in_bezug_auf_o--diskriminantny_ideal,diskriminantny ideal T vzhodno k o,F10-1,2,0,0,0,0,review,backfill witness vector from 20-source shelf or mark explicit gap,A_probe_covered_concept,ideal,True,be;bg;bs;cs;es;fa;fr;hr;mk;pl;sk;sl;sr,,
ISV-diskriminantenideale_primärer_ringe--diskriminantne_ideal,diskriminantne idealy primarnyh kolc,F10-0,2,0,0,0,1,yes,add W/S witness forms or explicit gap note from the 20-source shelf,,,,,,
ISV-diskriminantenkriterium_der_vollständige--diskriminantny_krite,diskriminantny kriterij polnoj razložimosti prvogo roda,F10-1,3,0,0,0,0,review,backfill witness vector from 20-source shelf or mark explicit gap,A_probe_covered_concept,definition,True,ar;es;fa;fr,,
ISV-diskriminantensatz--teorem_o_diskriminan,teorem o diskriminantu,F10-1,2,0,0,0,0,review,backfill witness vector from 20-source shelf or mark explicit gap,B_intl_stem_probeable,teorem,False,all_shelves,,
ISV-divergenz_divergenzrelationen--divergencija_diverge,divergencija / divergencijne relacije,F10-0,3,0,0,0,1,yes,add W/S witness forms or explicit gap note from the 20-source shelf,,,,,,
ISV-divisionsalgebra_zugeordnete_divisionsal--dělitvena_algebra_pr,dělitvena algebra; prirěđena dělitvena algebra,F10-1,2,0,0,0,0,review,backfill witness vector from 20-source shelf or mark explicit gap,B_intl_stem_probeable,algebr,False,all_shelves,,
ISV-doppelbereich_σt--dvojna_oblast_σt,"dvojna oblast (Σ,T)",F10-1,2,0,0,0,0,review,backfill witness vector from 20-source shelf or mark explicit gap,C_concept_linked_shelf_plausible,extension of the first kind,False,,,
ISV-doppelindex--dvojny_indeks,dvojny indeks,F10-1,2,0,0,0,0,review,backfill witness vector from 20-source shelf or mark explicit gap,D_no_route_true_gap,,False,,,
ISV-doppelkettensatz--dvojno_uslovje_cěpov,dvojno uslovje cěpov,F10-1,2,0,0,0,0,review,backfill witness vector from 20-source shelf or mark explicit gap,D_no_route_true_gap,,False,,,
ISV-doppelkettensatz--teorem_o_dvojnoj_cěp,teorem o dvojnoj cěpi,F10-1,2,0,0,0,0,review,backfill witness vector from 20-source shelf or mark explicit gap,B_intl_stem_probeable,teorem,False,all_shelves,,
ISV-doppelmodul--dvojny_modul_odnosno,dvojny modul odnosno bimodul,F10-1,2,0,0,0,0,review,backfill witness vector from 20-source shelf or mark explicit gap,B_intl_stem_probeable,modul,False,all_shelves,,
ISV-doppelmodul--dvomodul,dvomodul,F10-0,3,0,0,0,1,yes,add W/S witness forms or explicit gap note from the 20-source shelf,,,,,,
ISV-doppelte_reduktion--dvojna_redukcija,dvojna redukcija,F10-0,2,0,0,0,1,yes,add W/S witness forms or explicit gap note from the 20-source shelf,,,,,,
ISV-dreidimensionaler_raum--tridimensionalny_pro,tridimensionalny prostor,F10-1,2,0,0,0,0,review,backfill witness vector from 20-source shelf or mark explicit gap,A_probe_covered_concept,dimension,True,ar;bg;cs;es;fa;fr;hr;mk;pl;sk;sl;sr,,
ISV-dualistischen_formen--dualistične_formy,dualistične formy,F10-0,2,0,0,0,1,yes,add W/S witness forms or explicit gap note from the 20-source shelf,,,,,,
ISV-durch_den_homomorphismus_geht_die_diskri--črez_homomorfizm_dis,črez homomorfizm diskriminant prěhodi,F10-1,2,1,1,0,0,review,backfill witness vector from 20-source shelf or mark explicit gap,B_intl_stem_probeable,homomorf,False,all_shelves,concept_shelf,homomorphism
ISV-durch_dieselben_primideale_p_und_zur_gle--sut_dělimy_tymi_samy,sut dělimy tymi samymi prostymi idealami p i v tyh samyh stepenjah,F10-1,2,1,1,0,0,review,backfill witness vector from 20-source shelf or mark explicit gap,A_probe_covered_concept,ideal,True,be;bg;bs;cs;es;fa;fr;hr;mk;pl;sk;sl;sr,concept_shelf,prime ideal
ISV-durch_dualistisch_entgegengesetzte_betra--po_dualistično_proti,po dualistično protivopoložnom razmatrjenju,F10-1,3,0,0,0,0,review,backfill witness vector from 20-source shelf or mark explicit gap,A_probe_covered_concept,set,True,es;fa;fr,,
ISV-durch_ein_ideal_teilbar_f_0_m--dělimy_črez_ideal_f_,dělimy črez ideal / f ≡ 0 (M),F10-1,2,1,1,0,0,review,backfill witness vector from 20-source shelf or mark explicit gap,A_probe_covered_concept,ideal,True,be;bg;bs;cs;es;fa;fr;hr;mk;pl;sk;sl;sr,concept_shelf,ideal
ISV-durch_p_teilbar_verschwindet_in_p--dělimo_črez_p_izčeza,dělimo črez p / izčezaje v P,F10-1,3,0,0,0,0,review,backfill witness vector from 20-source shelf or mark explicit gap,A_probe_covered_concept,determinant,True,ar;bg;cs;es;fa;fr;hr;mk;pl;sk;sl;sr,,
ISV-durchschnittskörper--prěsěčno_polje,prěsěčno polje,F10-0,2,1,1,0,0,yes,record witness forms in the term row (currently prose/shelf only),,,,,,
ISV-e_noether_o_ore_witness_normalization--e_noether_o_ore,"E. Noether, O. Ore",F10-1,2,0,0,0,0,review,backfill witness vector from 20-source shelf or mark explicit gap,A_probe_covered_concept,corollary,True,es;fr,,
ISV-echte_untergruppe--vlastna_podgrupa,vlastna podgrupa,F10-1,3,0,0,0,0,review,backfill witness vector from 20-source shelf or mark explicit gap,A_probe_covered_concept,group,True,ar;be;bg;bs;cs;es;fa;fr;hr;mk;pl;sk;sl;sr,,
ISV-echter_teiler--vlastny_dělitelj,vlastny dělitelj,F10-1,3,0,0,0,0,review,backfill witness vector from 20-source shelf or mark explicit gap,C_concept_linked_shelf_plausible,proper divisor,False,,,
ISV-echter_teiler_durchschnittsklasse--vlastny_dělitelj_prě,vlastny dělitelj / prěsěčna klasa,F10-1,2,0,0,0,0,review,backfill witness vector from 20-source shelf or mark explicit gap,C_concept_linked_shelf_plausible,proper divisor,False,,,
ISV-echter_teiler_gleichen_ranges--vlastny_dělitelj_jed,vlastny dělitelj jednakogo ranga,F10-1,2,0,0,0,0,review,backfill witness vector from 20-source shelf or mark explicit gap,A_probe_covered_concept,field,True,ar;be;bg;bs;cs;es;fa;fr;hr;mk;pl;sk;sl;sr,,
ISV-echter_teiler_gliederzahl--vlastny_dělitelj_čis,vlastny dělitelj / čislo členov,F10-1,2,0,0,0,0,review,backfill witness vector from 20-source shelf or mark explicit gap,C_concept_linked_shelf_plausible,proper divisor,False,,,
ISV-echter_unterring--vlastno_podkolco,vlastno podkolco,F10-3,2,0,0,0,0,no_fix_first,resolve vs okruh/prsten/kolobar with access-gain ledger + Interslavic authority input before external showing,,,,,,
ISV-eigentlich_primäre_komponente--vlastno_primarna_kom,vlastno primarna komponenta,F10-1,2,0,0,0,0,review,backfill witness vector from 20-source shelf or mark explicit gap,A_probe_covered_concept,ideal,True,be;bg;bs;cs;es;fa;fr;hr;mk;pl;sk;sl;sr,,
ISV-eigentliche_eliminationstheorie--vlastna_teorija_elim,vlastna teorija eliminacije,F10-1,2,0,0,0,0,review,backfill witness vector from 20-source shelf or mark explicit gap,C_concept_linked_shelf_plausible,prime ideal,True,,,
ISV-eigentliche_primärideale_oder_primideale--vlastno_primarne_ide,vlastno primarne idealy abo proste idealy,F10-1,2,1,1,0,0,review,backfill witness vector from 20-source shelf or mark explicit gap,A_probe_covered_concept,ideal,True,be;bg;bs;cs;es;fa;fr;hr;mk;pl;sk;sl;sr,concept_shelf,prime ideal
ISV-eigentliche_primärkomponente--vlastno_primarna_kom,vlastno primarna komponenta,F10-1,2,0,0,0,0,review,backfill witness vector from 20-source shelf or mark explicit gap,C_concept_linked_shelf_plausible,prime ideal,True,,,
ISV-eigentliche_uneigentliche_divergenzrelat--vlastne_nevlastne_di,vlastne / nevlastne divergencijne relacije,F10-1,2,0,0,0,0,review,backfill witness vector from 20-source shelf or mark explicit gap,A_probe_covered_concept,relation,True,es;fr,,
ISV-eigentliches_primärideal--vlastny_primarny_ide,vlastny primarny ideal,F10-1,2,0,0,0,0,review,backfill witness vector from 20-source shelf or mark explicit gap,A_probe_covered_concept,ideal,True,be;bg;bs;cs;es;fa;fr;hr;mk;pl;sk;sl;sr,,
ISV-eigentliches_primärideal_eigentlich_prim--vlastny_primarny_ide,vlastny primarny ideal / vlastno primarna komponenta,F10-1,2,0,0,0,0,review,backfill witness vector from 20-source shelf or mark explicit gap,A_probe_covered_concept,ideal,True,be;bg;bs;cs;es;fa;fr;hr;mk;pl;sk;sl;sr,,
ISV-ein-_und_zweimalige_faltungen--jedno-_i_dvojnokratn,jedno- i dvojnokratna svijanja,F10-1,2,0,0,0,0,review,backfill witness vector from 20-source shelf or mark explicit gap,C_concept_linked_shelf_plausible,folding,False,,,
ISV-ein-eindeutig--vzaimno_jednoznačno,vzaimno jednoznačno,F10-1,2,0,0,0,0,review,backfill witness vector from 20-source shelf or mark explicit gap,D_no_route_true_gap,,False,,,
ISV-ein-eindeutige_abbildung--vzaimno_jednoznačno_,vzaimno jednoznačno odobraženje,F10-1,2,0,0,0,0,review,backfill witness vector from 20-source shelf or mark explicit gap,A_probe_covered_concept,group,True,ar;be;bg;bs;cs;es;fa;fr;hr;mk;pl;sk;sl;sr,,
ISV-ein_fall_eindeutiger_zerlegung--slučaj_jednoznačnogo,slučaj jednoznačnogo razklada,F10-1,3,0,0,0,0,review,backfill witness vector from 20-source shelf or mark explicit gap,C_concept_linked_shelf_plausible,decomposition,True,,,
ISV-eindeutig_bestimmt_vieldeutigkeit--jednoznačno_oprědělj,jednoznačno oprěděljene / mnogoznačnost,F10-1,2,0,0,0,0,review,backfill witness vector from 20-source shelf or mark explicit gap,D_no_route_true_gap,,False,,,
ISV-eindeutig_darstellen--jednoznačno_byti_pre,jednoznačno byti predstavjen,F10-1,2,0,0,0,0,review,backfill witness vector from 20-source shelf or mark explicit gap,D_no_route_true_gap,,False,,,
ISV-eindeutige_abbildung_umkehrbar_eindeutig--jednoznačno_opredělj,jednoznačno opreděljeno preslikanje / obratno jednoznačno,F10-1,2,0,0,0,0,review,backfill witness vector from 20-source shelf or mark explicit gap,A_probe_covered_concept,group,True,ar;be;bg;bs;cs;es;fa;fr;hr;mk;pl;sk;sl;sr,,
ISV-eindeutige_additive_zerlegung_der_restgr--jednoznačny_additivn,jednoznačny additivny razklad grupy ostatkov,F10-1,2,0,0,0,0,review,backfill witness vector from 20-source shelf or mark explicit gap,A_probe_covered_concept,group,True,ar;be;bg;bs;cs;es;fa;fr;hr;mk;pl;sk;sl;sr,,
ISV-eindeutige_bestimmtheit--jednoznačnost,jednoznačnost,F10-1,3,0,0,0,0,review,backfill witness vector from 20-source shelf or mark explicit gap,A_probe_covered_concept,group,True,ar;be;bg;bs;cs;es;fa;fr;hr;mk;pl;sk;sl;sr,,
ISV-eindeutige_produktdarstellung_durch_irre--jednoznačno_produktn,jednoznačno produktno predstavjenje črez nerazložime polinomy oblasti,F10-1,2,1,1,0,0,review,backfill witness vector from 20-source shelf or mark explicit gap,A_probe_covered_concept,group,True,ar;be;bg;bs;cs;es;fa;fr;hr;mk;pl;sk;sl;sr,concept_shelf,polynomial
ISV-eindeutigkeits-_und_anordnungssatz--teorema_jednoznačnos,teorema jednoznačnosti i uporjadženja,F10-1,2,0,0,0,0,review,backfill witness vector from 20-source shelf or mark explicit gap,A_probe_covered_concept,coefficient,True,ar;es;fa;fr,,
ISV-eineindeutig--vzaimno-jednoznačno,vzaimno-jednoznačno,F10-1,2,0,0,0,0,review,backfill witness vector from 20-source shelf or mark explicit gap,C_concept_linked_shelf_plausible,one-to-one,False,,,
ISV-eineindeutig_differenz_und_multiplikatio--jednoznačno_vzajemno,jednoznačno vzajemno ... razlika i množenje tym samym elementom,F10-1,2,0,0,0,0,review,backfill witness vector from 20-source shelf or mark explicit gap,A_probe_covered_concept,element,True,es;fr,,
ISV-eineindeutig_eineindeutig_zuordnen--jedno-jednoznačno_je,jedno-jednoznačno / jedno-jednoznačno pridružiti,F10-1,2,0,0,0,0,review,backfill witness vector from 20-source shelf or mark explicit gap,C_concept_linked_shelf_plausible,one-to-one,False,,,
ISV-eineindeutig_eineindeutige_zuordnung--jedno-jednoznačny_je,jedno-jednoznačny / jedno-jednoznačno prirěđenje,F10-1,2,0,0,0,0,review,backfill witness vector from 20-source shelf or mark explicit gap,C_concept_linked_shelf_plausible,one-to-one,False,,,
ISV-eineindeutig_entsprechen--odgovarjajut_jednozn,odgovarjajut ... jednoznačno vzajemno,F10-1,2,0,0,0,0,review,backfill witness vector from 20-source shelf or mark explicit gap,C_concept_linked_shelf_plausible,one-to-one,False,,,
ISV-eineindeutig_entsprechende_basis--vzaimno_jednoznačno_,vzaimno jednoznačno sootvětujuča baza,F10-1,2,0,0,0,0,review,backfill witness vector from 20-source shelf or mark explicit gap,A_probe_covered_concept,basis,True,ar;be;bg;cs;fa;hr;mk;pl;sl;sr,,
ISV-eineindeutig_und_isomorph_abbilden--jedno-jednoznačno_i_,jedno-jednoznačno i izomorfno odobraziti,F10-1,2,0,0,0,0,review,backfill witness vector from 20-source shelf or mark explicit gap,B_intl_stem_probeable,izomorf,False,all_shelves,,
ISV-eineindeutige_zuordnung_isomorph--jedno-jednoznačno_pr,jedno-jednoznačno pridruženje / izomorfny,F10-1,2,1,1,0,0,review,backfill witness vector from 20-source shelf or mark explicit gap,B_intl_stem_probeable,izomorf,False,all_shelves,concept_shelf,isomorphism
ISV-einfach--prosta_grupa,prosta grupa,F10-1,2,0,0,0,0,review,backfill witness vector from 20-source shelf or mark explicit gap,B_intl_stem_probeable,grup,False,all_shelves,,
ISV-einfache_gruppe--prosta_grupa,prosta grupa,F10-1,2,1,1,0,0,review,backfill witness vector from 20-source shelf or mark explicit gap,A_probe_covered_concept,group,True,ar;be;bg;bs;cs;es;fa;fr;hr;mk;pl;sk;sl;sr,concept_shelf,group
ISV-einfacher_modul--prosty_modul,prosty modul,F10-1,2,1,1,0,0,review,backfill witness vector from 20-source shelf or mark explicit gap,A_probe_covered_concept,module,True,ar;be;bg;bs;cs;es;fa;fr;mk;pl;sk;sl;sr,concept_shelf,module
ISV-einförmiger_fall--jednoformny_slučaj,jednoformny slučaj,F10-1,2,0,0,0,0,review,backfill witness vector from 20-source shelf or mark explicit gap,B_intl_stem_probeable,form,False,all_shelves,,
ISV-eingliedrige_mehrgliedrige_modulbasis--jednoelementny_mnogo,jednoelementny / mnogočlenny bazis modula,F10-1,2,0,0,0,0,review,backfill witness vector from 20-source shelf or mark explicit gap,A_probe_covered_concept,basis,True,ar;be;bg;cs;fa;hr;mk;pl;sl;sr,,
ISV-einheit_aus_omega--jedinica_iz_omega,jedinica iz [Omega],F10-1,2,0,0,0,0,review,backfill witness vector from 20-source shelf or mark explicit gap,C_concept_linked_shelf_plausible,unit,False,,,
ISV-einheiten--jedinice,jedinice,F10-1,2,0,0,0,0,review,backfill witness vector from 20-source shelf or mark explicit gap,C_concept_linked_shelf_plausible,unit,False,,,
ISV-einheiten_der_restgruppe_rechnen_mit_ein--jedinice_grupy_ostat,jedinice grupy ostatkov / računanje s jedinicami,F10-1,2,0,0,0,0,review,backfill witness vector from 20-source shelf or mark explicit gap,A_probe_covered_concept,group,True,ar;be;bg;bs;cs;es;fa;fr;hr;mk;pl;sk;sl;sr,,
ISV-einheitselement--jediničny_element,jediničny element,F10-1,2,0,0,0,0,review,backfill witness vector from 20-source shelf or mark explicit gap,A_probe_covered_concept,element,True,es;fr,,
ISV-einheitselement_e_modulbasis--jediničny_element_e_,jediničny element e / modulna baza,F10-1,3,0,0,0,0,review,backfill witness vector from 20-source shelf or mark explicit gap,A_probe_covered_concept,basis,True,ar;be;bg;cs;fa;hr;mk;pl;sl;sr,,
ISV-einheitsideal--jediničny_ideal,jediničny ideal,F10-1,2,0,0,0,0,review,backfill witness vector from 20-source shelf or mark explicit gap,A_probe_covered_concept,ideal,True,be;bg;bs;cs;es;fa;fr;hr;mk;pl;sk;sl;sr,,
ISV-einheitsideal_d--jediničny_ideal_d,jediničny ideal D,F10-1,2,0,0,0,0,review,backfill witness vector from 20-source shelf or mark explicit gap,A_probe_covered_concept,ideal,True,be;bg;bs;cs;es;fa;fr;hr;mk;pl;sk;sl;sr,,
ISV-einheitsideal_einheitselement--jediničny_ideal_jedi,jediničny ideal / jediničny element,F10-1,2,0,0,0,0,review,backfill witness vector from 20-source shelf or mark explicit gap,A_probe_covered_concept,element,True,es;fr,,
ISV-einheitsideal_nullideal_frako--jediničny_ideal_nulo,jediničny ideal / nulovy ideal / \frako kako jediničny ideal,F10-1,2,0,0,0,0,review,backfill witness vector from 20-source shelf or mark explicit gap,A_probe_covered_concept,ideal,True,be;bg;bs;cs;es;fa;fr;hr;mk;pl;sk;sl;sr,,
ISV-einheitsklasse--jediničny_klas,jediničny klas,F10-1,2,0,0,0,0,review,backfill witness vector from 20-source shelf or mark explicit gap,C_concept_linked_shelf_plausible,unit,False,,,
ISV-einheitsklasse_einheit--jediničny_klas_jedin,jediničny klas / jedinica,F10-1,2,0,0,0,0,review,backfill witness vector from 20-source shelf or mark explicit gap,C_concept_linked_shelf_plausible,unit,False,,,
ISV-einheitsmatrix--jedinična_matrica,jedinična matrica,F10-4,2,0,0,0,1,yes_with_definition,keep explicit definition at first use; mark authority-needed in review packet,,,,,,
ISV-einheitsmodul--jediničny_modul,jediničny modul,F10-1,2,0,0,0,0,review,backfill witness vector from 20-source shelf or mark explicit gap,A_probe_covered_concept,module,True,ar;be;bg;bs;cs;es;fa;fr;mk;pl;sk;sl;sr,,
ISV-einheitsoperator--jediničny_operator,jediničny operator,F10-1,2,0,0,0,0,review,backfill witness vector from 20-source shelf or mark explicit gap,C_concept_linked_shelf_plausible,identity operator,False,,,
ISV-einige_der_unbestimmten_durch_zahlen_ers--něktore_neopreděljen,něktore neopreděljene zaměniti čislami,F10-1,2,0,0,0,0,review,backfill witness vector from 20-source shelf or mark explicit gap,A_probe_covered_concept,set,True,es;fa;fr,,
ISV-einmalige_faltung--jednokratno_svijanje,jednokratno svijanje,F10-1,2,0,0,0,0,review,backfill witness vector from 20-source shelf or mark explicit gap,C_concept_linked_shelf_plausible,folding,False,,,
ISV-einmalige_faltung--jednorazovo_svijanje,jednorazovo svijanje,F10-1,2,0,0,0,0,review,backfill witness vector from 20-source shelf or mark explicit gap,C_concept_linked_shelf_plausible,folding,False,,,
ISV-einordnung_der_hyperkomplexen_systeme--uvrstjenje_hiperkomp,Uvrstjenje hiperkompleksnyh sistemov v teoriju,F10-1,2,0,0,0,0,review,backfill witness vector from 20-source shelf or mark explicit gap,A_probe_covered_concept,determinant,True,ar;bg;cs;es;fa;fr;hr;mk;pl;sk;sl;sr,,
ISV-einseitige_moduln--jednostranne_moduly,jednostranne moduly,F10-0,2,1,1,0,0,yes,record witness forms in the term row (currently prose/shelf only),,,,,,
ISV-einstufig_isomorph--prosto_izomorfna,prosto izomorfna,F10-1,2,1,1,0,0,review,backfill witness vector from 20-source shelf or mark explicit gap,B_intl_stem_probeable,izomorf,False,all_shelves,concept_shelf,isomorphism
ISV-einteilung_der_bereiche_in_klassen--razděljenje_oblastij,razděljenje oblastij ... na klasy,F10-2,3,0,0,0,0,no_fix_first,"back the claim with W/S witness forms from the shelf, or weaken the claim",,,,,,
ISV-einzelnorm--pojedina_norma,pojedina norma,F10-1,2,0,0,0,0,review,backfill witness vector from 20-source shelf or mark explicit gap,D_no_route_true_gap,,False,,,
ISV-element_zweiter_art_exponent--element_drugogo_roda,element drugogo roda / eksponenta,F10-1,2,0,0,0,0,review,backfill witness vector from 20-source shelf or mark explicit gap,A_probe_covered_concept,element,True,es;fr,,
ISV-elementarteiler--elementarne_dělitelj,elementarne dělitelje,F10-1,2,0,0,0,0,review,backfill witness vector from 20-source shelf or mark explicit gap,A_probe_covered_concept,element,True,es;fr,,
ISV-elementarteiler--elementarny_dělitelj,elementarny dělitelj,F10-1,2,0,0,0,0,review,backfill witness vector from 20-source shelf or mark explicit gap,A_probe_covered_concept,element,True,es;fr,,
ISV-elementarteilerform--forma_elementarnyh_d,forma elementarnyh děliteljev,F10-1,2,0,0,0,0,review,backfill witness vector from 20-source shelf or mark explicit gap,A_probe_covered_concept,element,True,es;fr,,
ISV-elementarteilerform_norm--forma_elementarnyh_d,forma elementarnyh děliteljev / norma,F10-0,2,0,0,0,1,yes,add W/S witness forms or explicit gap note from the 20-source shelf,,,,,,
ISV-elementarteilersystem--sistem_elementarnyh_,sistem elementarnyh děliteljev,F10-1,2,0,0,0,0,review,backfill witness vector from 20-source shelf or mark explicit gap,A_probe_covered_concept,element,True,es;fr,,
ISV-elementarteilertheorie--teorija_elementarnyh,teorija elementarnyh děliteljev,F10-1,2,0,0,0,0,review,backfill witness vector from 20-source shelf or mark explicit gap,A_probe_covered_concept,element,True,es;fr,,
ISV-elementenweise_vertauschbare_unterringe_--elementno_komutujuče,elementno komutujuče podkolca; komutantny teorem,F10-0,2,0,0,0,1,yes,add W/S witness forms or explicit gap note from the 20-source shelf,,,,,,
ISV-elimination--eliminacija,eliminacija,F10-0,3,0,0,0,1,yes,add W/S witness forms or explicit gap note from the 20-source shelf,,,,,,
ISV-eliminationstheorie--teorija_eliminacije,teorija eliminacije,F10-4,3,0,0,0,1,yes_with_definition,keep explicit definition at first use; mark authority-needed in review packet,,,,,,
ISV-endlich_viele_linear_unabhängige_restkla--konečno_mnogo_ostatk,konečno mnogo ostatkovyh klasov linearno nezavisnyh,F10-1,2,0,0,0,0,review,backfill witness vector from 20-source shelf or mark explicit gap,B_intl_stem_probeable,linear,False,all_shelves,,
ISV-endliche_abelsche_gruppe--konečna_abelova_grup,konečna Abelova grupa,F10-0,3,1,1,0,1,yes,add W/S witness forms or explicit gap note from the 20-source shelf,,,,,concept_shelf,group
ISV-endliche_algebraische_erweiterung--konečno_algebraično_,konečno algebraično razširenje,F10-1,2,0,0,0,0,review,backfill witness vector from 20-source shelf or mark explicit gap,A_probe_covered_concept,basis,True,ar;be;bg;cs;fa;hr;mk;pl;sl;sr,,
ISV-endliche_basis_der_differentialausdrueck--konečny_bazis_difere,konečny bazis diferencialnyh izrazov,F10-1,2,1,1,0,0,review,backfill witness vector from 20-source shelf or mark explicit gap,A_probe_covered_concept,basis,True,ar;be;bg;cs;fa;hr;mk;pl;sl;sr,concept_shelf,basis
ISV-endliche_gruppe--konečna_grupa,konečna grupa,F10-1,2,1,1,0,0,review,backfill witness vector from 20-source shelf or mark explicit gap,A_probe_covered_concept,basis,True,ar;be;bg;cs;fa;hr;mk;pl;sl;sr,concept_shelf,group
ISV-endliche_unendliche_kontinuierliche_grup--konečna_beskonečna_k,konečna / beskonečna kontinuirna grupa,F10-1,2,1,1,0,0,review,backfill witness vector from 20-source shelf or mark explicit gap,A_probe_covered_concept,basis,True,ar;be;bg;cs;fa;hr;mk;pl;sl;sr,concept_shelf,group
ISV-endliche_unendliche_restgruppe--konečna_beskonečna_g,konečna / beskonečna grupa ostatkov,F10-1,2,0,0,0,0,review,backfill witness vector from 20-source shelf or mark explicit gap,A_probe_covered_concept,basis,True,ar;be;bg;cs;fa;hr;mk;pl;sl;sr,,
ISV-endlicher_algebraischer_erweiterungskörp--konečno_algebraično_,konečno algebraično razširjenje polja,F10-1,2,0,0,0,0,review,backfill witness vector from 20-source shelf or mark explicit gap,A_probe_covered_concept,field,True,ar;be;bg;bs;cs;es;fa;fr;hr;mk;pl;sk;sl;sr,,
ISV-endlicher_algebraischer_körper_über--konečno_algebraično_,konečno algebraično razširenje nad,F10-1,2,1,1,0,0,review,backfill witness vector from 20-source shelf or mark explicit gap,A_probe_covered_concept,field,True,ar;be;bg;bs;cs;es;fa;fr;hr;mk;pl;sk;sl;sr,concept_shelf,field
ISV-endlicher_modul--konečny_to_jest_kone,"konečny, to jest konečno porodženy modul",F10-1,2,1,1,0,0,review,backfill witness vector from 20-source shelf or mark explicit gap,A_probe_covered_concept,field,True,ar;be;bg;bs;cs;es;fa;fr;hr;mk;pl;sk;sl;sr,concept_shelf,module
ISV-endliches_ideal_idealbasis--konečny_ideal_idealn,konečny ideal / idealny bazis,F10-1,2,1,1,0,0,review,backfill witness vector from 20-source shelf or mark explicit gap,A_probe_covered_concept,basis,True,ar;be;bg;cs;fa;hr;mk;pl;sl;sr,concept_shelf,ideal
ISV-endlichkeit_im_engeren_sinn--konečnost_v_užšem_sm,konečnost v užšem smyslu,F10-1,2,0,0,0,0,review,backfill witness vector from 20-source shelf or mark explicit gap,C_concept_linked_shelf_plausible,residue class,False,,,
ISV-endlichkeitsbedingung_endlicher_modul_mo--uslovje_konečnosti_k,uslovje konečnosti; konečny modul; modulny bazis,F10-0,3,1,1,0,1,yes,add W/S witness forms or explicit gap note from the 20-source shelf,,,,,concept_shelf,module
ISV-endlichkeitsbedingung_idealbasis--uslovje_konečnosti_i,uslovje konečnosti / idealny bazis,F10-1,2,0,0,0,0,review,backfill witness vector from 20-source shelf or mark explicit gap,A_probe_covered_concept,basis,True,ar;be;bg;cs;fa;hr;mk;pl;sl;sr,,
ISV-endlichkeitssaetze--teoremy_konečnosti,teoremy konečnosti,F10-1,3,0,0,0,0,review,backfill witness vector from 20-source shelf or mark explicit gap,B_intl_stem_probeable,teorem,False,all_shelves,,
ISV-endlichkeitssaetze_hilbertscher_modulsat--teoremy_konečnosti_h,teoremy konečnosti / Hilbertov teorem o bazisu modula,F10-1,2,0,0,0,0,review,backfill witness vector from 20-source shelf or mark explicit gap,A_probe_covered_concept,theorem,True,ar;bg;bs;cs;es;fa;fr;hr;mk;pl;sk;sl;sr,,
ISV-endlichkeitssatz--teorem_o_konečnosti,teorem o konečnosti,F10-1,2,0,0,0,0,review,backfill witness vector from 20-source shelf or mark explicit gap,B_intl_stem_probeable,teorem,False,all_shelves,,
ISV-energierelationen_energiesätze_energieko--energijske_relacije_,energijske relacije / energijske zakony / energijske komponenty,F10-1,2,0,0,0,0,review,backfill witness vector from 20-source shelf or mark explicit gap,A_probe_covered_concept,relation,True,es;fr,,
ISV-entsprechenden_formen--odgovarjajuče_formy,odgovarjajuče formy,F10-1,2,0,0,0,0,review,backfill witness vector from 20-source shelf or mark explicit gap,A_probe_covered_concept,coefficient,True,ar;es;fa;fr,,
ISV-ergänzungsdarstellung--dopolnitelno_predsta,dopolnitelno predstavjenje,F10-1,2,0,0,0,0,review,backfill witness vector from 20-source shelf or mark explicit gap,C_concept_linked_shelf_plausible,representation,True,,,
ISV-erste_integrale--prve_integraly,prve integraly,F10-1,2,0,0,0,0,review,backfill witness vector from 20-source shelf or mark explicit gap,A_probe_covered_concept,coefficient,True,ar;es;fa;fr,,
ISV-erster_art--prvogo_roda,prvogo roda,F10-1,2,0,0,0,0,review,backfill witness vector from 20-source shelf or mark explicit gap,C_concept_linked_shelf_plausible,adjunction,False,,,
ISV-erster_isomorphiesatz--prvy_teorem_o_izomor,prvy teorem o izomorfizmu,F10-1,2,0,0,0,0,review,backfill witness vector from 20-source shelf or mark explicit gap,B_intl_stem_probeable,teorem,False,all_shelves,,
ISV-erweiterung_des_grundkörpers--razširenje_osnovnogo,razširenje osnovnogo těla,F10-1,3,0,1,0,0,review,backfill witness vector from 20-source shelf or mark explicit gap,C_concept_linked_shelf_plausible,extension of the first kind,False,,concept_shelf,extension of the ground field
ISV-erweiterung_erster_art--razširenje_prvogo_ro,razširenje prvogo roda,F10-1,2,0,0,0,0,review,backfill witness vector from 20-source shelf or mark explicit gap,C_concept_linked_shelf_plausible,extension of the first kind,False,,,
ISV-erweiterung_erster_art_zweiter_art--razširjenje_prvogo_r,razširjenje prvogo roda / vtorogo roda,F10-1,2,0,0,0,0,review,backfill witness vector from 20-source shelf or mark explicit gap,C_concept_linked_shelf_plausible,extension of the first kind,False,,,
ISV-erweiterungen_in_allen_quotientenringen_--razširjenja_sovpadaj,razširjenja ... sovpadajut v vsih kolcah kvocientov,F10-1,2,0,0,0,0,review,backfill witness vector from 20-source shelf or mark explicit gap,A_probe_covered_concept,ring,True,be;bg;bs;cs;es;fa;fr;hr;mk;pl;sk;sl;sr,,
ISV-erweiterungsideal--ideal_razširenja,ideal razširenja,F10-1,2,0,0,0,0,review,backfill witness vector from 20-source shelf or mark explicit gap,A_probe_covered_concept,ideal,True,be;bg;bs;cs;es;fa;fr;hr;mk;pl;sk;sl;sr,,
ISV-erweiterungsideal--razširjeny_ideal,razširjeny ideal,F10-1,2,0,0,0,0,review,backfill witness vector from 20-source shelf or mark explicit gap,A_probe_covered_concept,ideal,True,be;bg;bs;cs;es;fa;fr;hr;mk;pl;sk;sl;sr,,
ISV-erweiterungsideal_eines_beliebigen_ideal--razširjeny_ideal_lib,razširjeny ideal libovoljnogo ideala c,F10-1,2,0,0,0,0,review,backfill witness vector from 20-source shelf or mark explicit gap,A_probe_covered_concept,ideal,True,be;bg;bs;cs;es;fa;fr;hr;mk;pl;sk;sl;sr,,
ISV-erweiterungskörper--razširitelno_polje,razširitelno polje,F10-0,3,1,1,0,0,yes,record witness forms in the term row (currently prose/shelf only),,,,,,
ISV-erweiterungskörper_erweiterungsring--razširjeno_polje_raz,razširjeno polje / razširjeno kolco,F10-3,2,1,1,0,0,no_fix_first,resolve vs okruh/prsten/kolobar with access-gain ledger + Interslavic authority input before external showing,,,,,,
ISV-erweiterungsring--razširjeno_kolco,razširjeno kolco,F10-3,2,0,0,0,0,no_fix_first,resolve vs okruh/prsten/kolobar with access-gain ledger + Interslavic authority input before external showing,,,,,,
ISV-erweiterungsring_eines_körpers_erweiteru--razširjeno_kolco_pol,razširjeno kolco polja / razširjeno polje,F10-3,2,1,1,0,0,no_fix_first,resolve vs okruh/prsten/kolobar with access-gain ledger + Interslavic authority input before external showing,,,,,,
ISV-erweiterungsring_erweiterungsmodul--kolco_razširenja_mod,kolco razširenja; modul razširenja,F10-3,2,0,0,0,0,no_fix_first,resolve vs okruh/prsten/kolobar with access-gain ledger + Interslavic authority input before external showing,,,,,,
ISV-erweiterungsring_ohne_nullteiler_von_z--razširjeno_kolco_od_,razširjeno kolco od Z bez nulovyh děliteljev,F10-3,2,0,0,0,0,no_fix_first,resolve vs okruh/prsten/kolobar with access-gain ledger + Interslavic authority input before external showing,,,,,,
ISV-erweiterungsring_overlinemathfrak_rmathf--razširjeno_kolco_ove,razširjeno kolco \overline{\mathfrak R}=\mathfrak R[\overline P],F10-3,2,0,0,0,0,no_fix_first,resolve vs okruh/prsten/kolobar with access-gain ledger + Interslavic authority input before external showing,,,,,,
ISV-erweiterungsringe_von_körpern--razširjene_kolca_pol,razširjene kolca polj,F10-1,2,0,0,0,0,review,backfill witness vector from 20-source shelf or mark explicit gap,A_probe_covered_concept,ring,True,be;bg;bs;cs;es;fa;fr;hr;mk;pl;sk;sl;sr,,
ISV-es_sollen_daher_vorerst_diskriminantenid--zato_najprvo_treba_r,Zato najprvo treba razsmotriti diskriminantne idealy primarnyh kolc.,F10-1,2,0,0,0,0,review,backfill witness vector from 20-source shelf or mark explicit gap,A_probe_covered_concept,ideal,True,be;bg;bs;cs;es;fa;fr;hr;mk;pl;sk;sl;sr,,
ISV-eventuelle_adjunktion_von_unbestimmten--možno_prisojedinjenj,možno prisojedinjenje neopreděljenyh,F10-1,2,0,0,0,0,review,backfill witness vector from 20-source shelf or mark explicit gap,C_concept_linked_shelf_plausible,adjunction,False,,,
ISV-explizite_zerlegung--eksplicitno_razložen,eksplicitno razloženje,F10-1,2,0,0,0,0,review,backfill witness vector from 20-source shelf or mark explicit gap,C_concept_linked_shelf_plausible,decomposition,True,,,
ISV-exponent--eksponent,eksponent,F10-0,2,0,0,0,1,yes,add W/S witness forms or explicit gap note from the 20-source shelf,,,,,,
ISV-exponent_eines_primären_ideals--eksponent_primarnogo,eksponent primarnogo ideala,F10-0,2,0,0,0,1,yes,add W/S witness forms or explicit gap note from the 20-source shelf,,,,,,
ISV-exponent_index--eksponent_indeks,eksponent = indeks,F10-1,2,0,0,0,0,review,backfill witness vector from 20-source shelf or mark explicit gap,B_intl_stem_probeable,eksponent,False,all_shelves,,
ISV-faktorensystem--faktorna_sistema,faktorna sistema,F10-1,2,0,0,0,0,review,backfill witness vector from 20-source shelf or mark explicit gap,B_intl_stem_probeable,sistem,False,all_shelves,,
ISV-faktorensystem--unnamed,,F10-1,0,0,0,0,0,review,backfill witness vector from 20-source shelf or mark explicit gap,C_concept_linked_shelf_plausible,factor system,False,,,
ISV-faktorgruppe--faktorgrupa,faktorgrupa,F10-0,2,0,0,0,1,yes,add W/S witness forms or explicit gap note from the 20-source shelf,,,,,,
ISV-faltung--svijanje,svijanje,F10-0,3,0,0,0,1,yes,add W/S witness forms or explicit gap note from the 20-source shelf,,,,,,
ISV-faltung_von_s_mit_den_formen_7_ordnung--svijanje_s_s_formami,svijanje s s formami 7. poręda,F10-1,2,0,0,0,0,review,backfill witness vector from 20-source shelf or mark explicit gap,A_probe_covered_concept,coefficient,True,ar;es;fa;fr,,
ISV-faltung_von_s_mit_den_formen_fünfter_ord--svijanje_s_s_formami,svijanje s s formami 5. poręda i s produktom,F10-1,2,0,0,0,0,review,backfill witness vector from 20-source shelf or mark explicit gap,A_probe_covered_concept,coefficient,True,ar;es;fa;fr,,
ISV-faltung_von_s_mit_den_formen_sechster_or--svijanje_s_s_formami,svijanje s s formami 6. poręda,F10-1,3,0,0,0,0,review,backfill witness vector from 20-source shelf or mark explicit gap,A_probe_covered_concept,coefficient,True,ar;es;fa;fr,,
ISV-faltung_von_s_mit_nu_h_l_h2--svijanje_s_s_nu_h_l_,svijanje $s$ s $\nu; H; L; H^2$,F10-1,2,0,0,0,0,review,backfill witness vector from 20-source shelf or mark explicit gap,C_concept_linked_shelf_plausible,folding,False,,,
ISV-faltungsprozeß_faltung--proces_svijanja_svij,proces svijanja / svijanje,F10-1,2,0,0,0,0,review,backfill witness vector from 20-source shelf or mark explicit gap,C_concept_linked_shelf_plausible,folding,False,,,
ISV-folgerung--poslědok,poslědok,F10-1,2,0,1,0,0,review,backfill witness vector from 20-source shelf or mark explicit gap,A_probe_covered_concept,corollary,True,es;fr,concept_shelf,corollary
ISV-folgerungen--poslědki,poslědki,F10-1,2,0,0,0,0,review,backfill witness vector from 20-source shelf or mark explicit gap,A_probe_covered_concept,corollary,True,es;fr,,
ISV-formen_11_ordnung--formy_11_poręda,formy 11. poręda,F10-1,2,0,0,0,0,review,backfill witness vector from 20-source shelf or mark explicit gap,A_probe_covered_concept,coefficient,True,ar;es;fa;fr,,
ISV-formen_neunter_ordnung--formy_9_poręda,formy 9. poręda,F10-1,2,0,0,0,0,review,backfill witness vector from 20-source shelf or mark explicit gap,A_probe_covered_concept,coefficient,True,ar;es;fa;fr,,
ISV-formen_zehnter_ordnung--formy_10_poręda,formy 10. poręda,F10-1,2,0,0,0,0,review,backfill witness vector from 20-source shelf or mark explicit gap,A_probe_covered_concept,coefficient,True,ar;es;fa;fr,,
ISV-formen_zehnter_ordnung--formy_desętogo_poręd,formy desętogo poręda,F10-1,3,0,0,0,0,review,backfill witness vector from 20-source shelf or mark explicit gap,A_probe_covered_concept,coefficient,True,ar;es;fa;fr,,
ISV-formenreihe--ręd_form,ręd form,F10-2,3,0,0,0,0,no_fix_first,"back the claim with W/S witness forms from the shelf, or weaken the claim",,,,,,
ISV-formenreiheformenreihen--ręd_form_rędy_form,ręd form / rędy form,F10-1,2,0,0,0,0,review,backfill witness vector from 20-source shelf or mark explicit gap,B_intl_stem_probeable,form,False,all_shelves,,
ISV-formensystem--sistema_form,sistema form,F10-1,2,0,0,0,0,review,backfill witness vector from 20-source shelf or mark explicit gap,B_intl_stem_probeable,sistem,False,all_shelves,,
ISV-frei_von_x_1x_i-1--svobodne_od_x_1x_i-1,"svobodne od x_1,...,x_{i-1}",F10-1,2,0,0,0,0,review,backfill witness vector from 20-source shelf or mark explicit gap,D_no_route_true_gap,,False,,,
ISV-fundamentalgleichung_fundamentalform--fundamentalno_uravne,fundamentalno uravnenje / fundamentalna forma,F10-0,2,0,0,0,1,yes,add W/S witness forms or explicit gap note from the 20-source shelf,,,,,,
ISV-fundamentalsatz_der_eliminationstheorie--fundamentalny_teorem,fundamentalny teorem teorije eliminacije,F10-1,2,0,0,0,0,review,backfill witness vector from 20-source shelf or mark explicit gap,B_intl_stem_probeable,teorem,False,all_shelves,,
ISV-funktion_erster_art_körper_erster_art--funkcija_prvogo_roda,funkcija prvogo roda / polje prvogo roda,F10-0,2,1,1,0,0,yes,record witness forms in the term row (currently prose/shelf only),,,,,,
ISV-funktionalbereich--funkcionalna_oblast,funkcionalna oblast,F10-1,2,0,0,0,0,review,backfill witness vector from 20-source shelf or mark explicit gap,B_intl_stem_probeable,funkci,False,all_shelves,,
ISV-funktionaldeterminante--funkcionalny_determi,funkcionalny determinant,F10-1,2,0,0,0,0,review,backfill witness vector from 20-source shelf or mark explicit gap,A_probe_covered_concept,determinant,True,ar;bg;cs;es;fa;fr;hr;mk;pl;sk;sl;sr,,
ISV-funktionaldeterminante_funktionalmatrix--funkcionalny_determi,funkcionalny determinant / funkcionalna matrica,F10-1,2,0,0,0,0,review,backfill witness vector from 20-source shelf or mark explicit gap,A_probe_covered_concept,determinant,True,ar;bg;cs;es;fa;fr;hr;mk;pl;sk;sl;sr,,
ISV-funktionaldeterminanten--funkcionalne_determi,funkcionalne determinanty,F10-0,2,0,0,0,1,yes,add W/S witness forms or explicit gap note from the 20-source shelf,,,,,,
ISV-funktionen_nullten_grades--funkcije_nultogo_ste,funkcije nultogo stepena,F10-1,2,0,0,0,0,review,backfill witness vector from 20-source shelf or mark explicit gap,A_probe_covered_concept,coefficient,True,ar;es;fa;fr,,
ISV-galoissche_körper_galoisscher_erweiterun--galoisova_polja_galo,Galoisova polja / Galoisovo razširjeno polje,F10-0,2,1,1,0,1,yes,record witness forms in the term row (currently prose/shelf only),,,,,,
ISV-galoissche_resolvente--galoisova_rezolventa,Galoisova rezolventa,F10-1,2,0,0,0,0,review,backfill witness vector from 20-source shelf or mark explicit gap,A_probe_covered_concept,field,True,ar;be;bg;bs;cs;es;fa;fr;hr;mk;pl;sk;sl;sr,,
ISV-ganz-abgeschlossen_ganze_abgeschlossenhe--integralno_zamknjeno,integralno zamknjeno / integralna zamknjenost,F10-4,2,0,0,0,0,yes_with_definition,keep explicit definition at first use; mark authority-needed in review packet,,,,,,
ISV-ganz_abgeschlossen--integralno_zamknjeny,integralno zamknjeny / integralna zamknjenost,F10-1,2,0,0,0,0,review,backfill witness vector from 20-source shelf or mark explicit gap,B_intl_stem_probeable,integral,False,all_shelves,,
ISV-ganz_in_bezug_auf_r--cěly_vzhodno_k_r,cěly vzhodno k R,F10-1,3,0,0,0,0,review,backfill witness vector from 20-source shelf or mark explicit gap,D_no_route_true_gap,,False,,,
ISV-ganz_in_bezug_auf_r_ganze_größen--cěly_vzhodno_k_r_ele,cěly vzhodno k R / elementy cěle vzhodno k R,F10-1,2,0,0,0,0,review,backfill witness vector from 20-source shelf or mark explicit gap,B_intl_stem_probeable,element,True,all_shelves,,
ISV-ganz_rational--cělo-racionalny,cělo-racionalny,F10-1,2,0,0,0,0,review,backfill witness vector from 20-source shelf or mark explicit gap,B_intl_stem_probeable,racional,False,all_shelves,,
ISV-ganz_und_primitiv_in_den_variablen--cěly_i_primitivny_po,cěly i primitivny po sootvětnyh neopreděljenyh,F10-1,2,0,0,0,0,review,backfill witness vector from 20-source shelf or mark explicit gap,D_no_route_true_gap,,False,,,
ISV-ganze_abgeschlossenheit_von_o_in_omega--integralna_zamknutos,integralna zamknutost o v Omega,F10-1,3,0,0,0,0,review,backfill witness vector from 20-source shelf or mark explicit gap,B_intl_stem_probeable,integral,False,all_shelves,,
ISV-ganze_algebraische_funktionen--cěle_algebraične_fun,cěle algebraične funkcije,F10-1,2,0,0,0,0,review,backfill witness vector from 20-source shelf or mark explicit gap,A_probe_covered_concept,basis,True,ar;be;bg;cs;fa;hr;mk;pl;sl;sr,,
ISV-ganze_ganzzahlige_symmetrische_funktione--cěle_celočislene_sim,cěle celočislene simetrične funkcije od n redov veličin,F10-1,2,0,0,0,0,review,backfill witness vector from 20-source shelf or mark explicit gap,A_probe_covered_concept,coefficient,True,ar;es;fa;fr,,
ISV-ganze_größen--cěle_veličiny,cěle veličiny,F10-1,2,0,0,0,0,review,backfill witness vector from 20-source shelf or mark explicit gap,D_no_route_true_gap,,False,,,
ISV-ganze_größen_eines_beliebigen_körpers--cěle_veličiny_libovo,cěle veličiny libovoljnogo polja,F10-1,2,0,0,0,0,review,backfill witness vector from 20-source shelf or mark explicit gap,A_probe_covered_concept,field,True,ar;be;bg;bs;cs;es;fa;fr;hr;mk;pl;sk;sl;sr,,
ISV-ganze_größen_ganze_rationale_zahlen--cěle_veličiny_cěle_r,cěle veličiny / cěle racionalne čisla,F10-1,2,0,0,0,0,review,backfill witness vector from 20-source shelf or mark explicit gap,A_probe_covered_concept,basis,True,ar;be;bg;cs;fa;hr;mk;pl;sl;sr,,
ISV-ganze_rationale_absolute_invariante--cěly_racionalny_abso,cěly racionalny (absolutny) invariant,F10-1,2,1,1,0,0,review,backfill witness vector from 20-source shelf or mark explicit gap,A_probe_covered_concept,basis,True,ar;be;bg;cs;fa;hr;mk;pl;sl;sr,concept_shelf,invariant
ISV-ganze_rationale_darstellbarkeit--cělo_racionalno_pred,cělo racionalno predstavjanje,F10-1,2,0,0,0,0,review,backfill witness vector from 20-source shelf or mark explicit gap,A_probe_covered_concept,basis,True,ar;be;bg;cs;fa;hr;mk;pl;sl;sr,,
ISV-ganze_rationale_funktion--cěla_racionalna_funk,cěla racionalna funkcija,F10-1,2,1,1,0,0,review,backfill witness vector from 20-source shelf or mark explicit gap,A_probe_covered_concept,basis,True,ar;be;bg;cs;fa;hr;mk;pl;sl;sr,concept_shelf,polynomial
ISV-ganze_rationale_funktionen--cěle_racionalne_funk,cěle racionalne funkcije,F10-1,2,0,0,0,0,review,backfill witness vector from 20-source shelf or mark explicit gap,A_probe_covered_concept,basis,True,ar;be;bg;cs;fa;hr;mk;pl;sl;sr,,
ISV-ganze_rationale_funktionen_polynome--cěle_racionalne_funk,cěle racionalne funkcije (polinomy),F10-1,2,1,1,0,0,review,backfill witness vector from 20-source shelf or mark explicit gap,A_probe_covered_concept,basis,True,ar;be;bg;cs;fa;hr;mk;pl;sl;sr,concept_shelf,polynomial
ISV-ganze_rationale_zahlen--cěle_racionalne_čisl,cěle racionalne čisla,F10-1,2,0,0,0,0,review,backfill witness vector from 20-source shelf or mark explicit gap,A_probe_covered_concept,basis,True,ar;be;bg;cs;fa;hr;mk;pl;sl;sr,,
ISV-ganze_transzendente_zahlen--cěle_transcendentne_,cěle transcendentne čisla,F10-1,2,0,0,0,0,review,backfill witness vector from 20-source shelf or mark explicit gap,A_probe_covered_concept,basis,True,ar;be;bg;cs;fa;hr;mk;pl;sl;sr,,
ISV-ganzrationale_zahlkoeffizienten_ganzrati--racionalno-cěle_koef,racionalno-cěle koeficienty / cělo-racionalno-čislove invarianty,F10-1,3,1,1,0,0,review,backfill witness vector from 20-source shelf or mark explicit gap,B_intl_stem_probeable,racional,False,all_shelves,concept_shelf,invariant
ISV-ganzzahlig--celočisleny,celočisleny,F10-1,2,0,0,0,0,review,backfill witness vector from 20-source shelf or mark explicit gap,D_no_route_true_gap,,False,,,
ISV-ganzzahlig-regulär--celočisleno-regularn,celočisleno-regularny,F10-1,2,0,0,0,0,review,backfill witness vector from 20-source shelf or mark explicit gap,B_intl_stem_probeable,regular,False,all_shelves,,
ISV-ganzzahlige_funktionen--cěločislne_funkcije,cěločislne funkcije,F10-1,2,0,0,0,0,review,backfill witness vector from 20-source shelf or mark explicit gap,A_probe_covered_concept,coefficient,True,ar;es;fa;fr,,
ISV-ganzzahlige_integritätsbasis--celočislena_integral,celočislena integralna baza,F10-1,2,0,0,0,0,review,backfill witness vector from 20-source shelf or mark explicit gap,A_probe_covered_concept,basis,True,ar;be;bg;cs;fa;hr;mk;pl;sl;sr,,
ISV-ganzzahlige_invariante--cěločislovy_invarian,cěločislovy invariant,F10-2,3,1,1,0,0,no_fix_first,"back the claim with W/S witness forms from the shelf, or weaken the claim",,,,,concept_shelf,invariant
ISV-ganzzahlige_matrizen--cěločiselne_matrice,cěločiselne matrice,F10-1,2,0,0,0,0,review,backfill witness vector from 20-source shelf or mark explicit gap,B_intl_stem_probeable,matric,False,all_shelves,,
ISV-ganzzahliger_relativ-ganzer_bereich_erst--celočislena_relativn,celočislena relativno cěla oblast prvogo roda,F10-1,2,0,0,0,0,review,backfill witness vector from 20-source shelf or mark explicit gap,C_concept_linked_shelf_plausible,extension of the first kind,False,,,
ISV-ganzzahligkeit_der_darstellung--integralnost_predsta,integralnost predstavjenja,F10-1,2,1,1,0,0,review,backfill witness vector from 20-source shelf or mark explicit gap,B_intl_stem_probeable,integral,False,all_shelves,concept_shelf,representation
ISV-gegenseitig_relativprim--vzaimno_relativno_pr,vzaimno relativno proste,F10-1,2,0,0,0,0,review,backfill witness vector from 20-source shelf or mark explicit gap,C_concept_linked_shelf_plausible,irreducible,False,,,
ISV-geht_in_dem_diskriminantenideal_auf--vhodi_v_diskriminant,vhodi v diskriminantny ideal,F10-1,2,0,0,0,0,review,backfill witness vector from 20-source shelf or mark explicit gap,A_probe_covered_concept,ideal,True,be;bg;bs;cs;es;fa;fr;hr;mk;pl;sk;sl;sr,,
ISV-gemeinsame_nullstelle--občna_nuleva_točka,občna nuleva točka,F10-1,2,0,0,0,0,review,backfill witness vector from 20-source shelf or mark explicit gap,A_probe_covered_concept,corollary,True,es;fr,,
ISV-gemeinsame_nullstellen--obče_nule,obče nule,F10-1,2,0,0,0,0,review,backfill witness vector from 20-source shelf or mark explicit gap,A_probe_covered_concept,corollary,True,es;fr,,
ISV-gemischte_gruppe--směšana_grupa,směšana grupa,F10-1,2,1,1,0,0,review,backfill witness vector from 20-source shelf or mark explicit gap,A_probe_covered_concept,group,True,ar;be;bg;bs;cs;es;fa;fr;hr;mk;pl;sk;sl;sr,concept_shelf,group
ISV-gesamtformenreihe--cěly_ręd_form,cěly ręd form,F10-1,2,0,0,0,0,review,backfill witness vector from 20-source shelf or mark explicit gap,B_intl_stem_probeable,form,False,all_shelves,,
ISV-gesamtheit_aller_funktionen--cělost_vseh_funkcij,cělost vseh funkcij,F10-1,2,0,0,0,0,review,backfill witness vector from 20-source shelf or mark explicit gap,A_probe_covered_concept,coefficient,True,ar;es;fa;fr,,
ISV-gesamtheit_aller_gesamtheit_der_restklas--cělokupnost,cělokupnost,F10-1,2,0,0,0,0,review,backfill witness vector from 20-source shelf or mark explicit gap,C_concept_linked_shelf_plausible,identity (relation),False,,,
ISV-gesetz_der_unbeschränkten_und_eindeutige--zakon_neograničenogo,zakon neograničenogo i jednoznačnogo odčitanja,F10-1,2,0,0,0,0,review,backfill witness vector from 20-source shelf or mark explicit gap,A_probe_covered_concept,set,True,es;fa;fr,,
ISV-gewichtsbedingungen_symmetriebedingungen--uslovja_věsy_uslovja,uslovja věsy / uslovja simetrije,F10-1,2,0,0,0,0,review,backfill witness vector from 20-source shelf or mark explicit gap,B_intl_stem_probeable,simetri,False,all_shelves,,
ISV-gewöhnliche_lineare_differentialgleichun--obyčno_linearno_dife,obyčno linearno diferencialno uravnenje 2-go reda,F10-1,2,0,0,0,0,review,backfill witness vector from 20-source shelf or mark explicit gap,A_probe_covered_concept,coefficient,True,ar;es;fa;fr,,
ISV-gleichheits-_und_verknüpfungsbeziehungen--odnosi_ravnosti_i_od,odnosi ravnosti i odnosi operacij,F10-1,2,0,0,0,0,review,backfill witness vector from 20-source shelf or mark explicit gap,C_concept_linked_shelf_plausible,least common multiple,False,,,
ISV-gleichung_niedrigsten_grades--uravnenje_najnižšego,uravnenje najnižšego stepena,F10-1,2,0,0,0,0,review,backfill witness vector from 20-source shelf or mark explicit gap,A_probe_covered_concept,equation,True,ar;bg;cs;es;fa;fr;hr;pl;sk;sl,,
ISV-gleichungen_mit_vorgeschriebener_gruppe--uravnenja_s_zadanoj_,uravnenja s zadanoj grupoj,F10-1,2,0,0,0,0,review,backfill witness vector from 20-source shelf or mark explicit gap,A_probe_covered_concept,equation,True,ar;bg;cs;es;fa;fr;hr;pl;sk;sl,,
ISV-grad_eines_primideals--stepenj_prostogo_ide,stepenj prostogo ideala,F10-1,2,0,0,0,0,review,backfill witness vector from 20-source shelf or mark explicit gap,A_probe_covered_concept,ideal,True,be;bg;bs;cs;es;fa;fr;hr;mk;pl;sk;sl;sr,,
ISV-grenzbereiche--granične_oblasti,granične oblasti,F10-1,2,0,0,0,0,review,backfill witness vector from 20-source shelf or mark explicit gap,C_concept_linked_shelf_plausible,extension of the first kind,False,,,
ISV-groesster_gemeinsamer_teiler_kleinstes_g--največši_obči_dělite,največši obči dělitelj / najmene obče mnogokratno,F10-1,2,0,0,0,0,review,backfill witness vector from 20-source shelf or mark explicit gap,C_concept_linked_shelf_plausible,least common multiple,False,,,
ISV-grundbereiche--osnovne_oblasti,osnovne oblasti,F10-1,2,0,0,0,0,review,backfill witness vector from 20-source shelf or mark explicit gap,C_concept_linked_shelf_plausible,extension of the first kind,False,,,
ISV-grundfaltungen--osnovne_svijanja,osnovne svijanja,F10-1,2,0,0,0,0,review,backfill witness vector from 20-source shelf or mark explicit gap,C_concept_linked_shelf_plausible,folding,False,,,
ISV-grundform--osnovna_forma,osnovna forma,F10-1,2,0,0,0,0,review,backfill witness vector from 20-source shelf or mark explicit gap,B_intl_stem_probeable,form,False,all_shelves,,
ISV-grundform_grundformensystem--osnovna_forma_sistem,osnovna forma / sistema osnovnyh form,F10-1,2,0,0,0,0,review,backfill witness vector from 20-source shelf or mark explicit gap,B_intl_stem_probeable,form,False,all_shelves,,
ISV-grundformen--osnovne_formy,osnovne formy,F10-1,2,0,0,0,0,review,backfill witness vector from 20-source shelf or mark explicit gap,B_intl_stem_probeable,form,False,all_shelves,,
ISV-grundideal--osnovny_ideal,osnovny ideal,F10-1,2,0,0,0,0,review,backfill witness vector from 20-source shelf or mark explicit gap,A_probe_covered_concept,ideal,True,be;bg;bs;cs;es;fa;fr;hr;mk;pl;sk;sl;sr,,
ISV-grundideal_i-ter_stufe--osnovny_ideal_i-go_n,osnovny ideal i-go nivoja,F10-1,2,0,0,0,0,review,backfill witness vector from 20-source shelf or mark explicit gap,A_probe_covered_concept,ideal,True,be;bg;bs;cs;es;fa;fr;hr;mk;pl;sk;sl;sr,,
ISV-grundmodul--osnovny_modul,osnovny modul,F10-4,2,0,0,0,0,yes_with_definition,keep explicit definition at first use; mark authority-needed in review packet,,,,,,
ISV-grundmodul_grundideal--osnovny_modul_osnovn,osnovny modul / osnovny ideal,F10-1,2,0,0,0,0,review,backfill witness vector from 20-source shelf or mark explicit gap,A_probe_covered_concept,ideal,True,be;bg;bs;cs;es;fa;fr;hr;mk;pl;sk;sl;sr,,
ISV-gruppendeterminante--grupova_determinanta,grupova determinanta,F10-1,3,0,0,0,0,review,backfill witness vector from 20-source shelf or mark explicit gap,A_probe_covered_concept,determinant,True,ar;bg;cs;es;fa;fr;hr;mk;pl;sk;sl;sr,,
ISV-gruppeneinteilung_der_zugehörigen_primid--grupno_razděljenje_p,grupno razděljenje pridruženih prostyh idealov,F10-1,2,1,1,0,0,review,backfill witness vector from 20-source shelf or mark explicit gap,A_probe_covered_concept,ideal,True,be;bg;bs;cs;es;fa;fr;hr;mk;pl;sk;sl;sr,concept_shelf,prime ideal
ISV-gruppeneinteilung_nach_nicht-teilerfremd--grupno_razděljenje_p,grupno razděljenje po nevzaimnoj prostosti,F10-1,2,0,0,0,0,review,backfill witness vector from 20-source shelf or mark explicit gap,B_intl_stem_probeable,grup,False,all_shelves,,
ISV-gruppenordnung_ordnungen_h_i--porjadok_grupy_porja,porjadok grupy / porjadkov h_i,F10-1,2,0,0,0,0,review,backfill witness vector from 20-source shelf or mark explicit gap,A_probe_covered_concept,coefficient,True,ar;es;fa;fr,,
ISV-gruppenring--grupno_kolco,grupno kolco,F10-3,2,0,0,0,0,no_fix_first,resolve vs okruh/prsten/kolobar with access-gain ledger + Interslavic authority input before external showing,,,,,,
ISV-gruppenring--grupovo_kolco,grupovo kolco,F10-3,3,0,0,0,0,no_fix_first,resolve vs okruh/prsten/kolobar with access-gain ledger + Interslavic authority input before external showing,,,,,,
ISV-größen_y_z_vartheta--veličiny_y_z_varthet,"veličiny y, z, vartheta",F10-1,2,0,0,0,0,review,backfill witness vector from 20-source shelf or mark explicit gap,D_no_route_true_gap,,False,,,
ISV-größenreihe_größenreihen--red_veličin_redy_vel,red veličin / redy veličin,F10-1,2,0,0,0,0,review,backfill witness vector from 20-source shelf or mark explicit gap,D_no_route_true_gap,,False,,,
ISV-größenreihen_reihen--rędy_veličin_rędy,rędy veličin / rędy,F10-1,2,0,0,0,0,review,backfill witness vector from 20-source shelf or mark explicit gap,D_no_route_true_gap,,False,,,
ISV-größte_primäre_ideale--najveće_primarne_ide,najveće primarne idealy,F10-1,2,1,1,0,0,review,backfill witness vector from 20-source shelf or mark explicit gap,A_probe_covered_concept,ideal,True,be;bg;bs;cs;es;fa;fr;hr;mk;pl;sk;sl;sr,concept_shelf,ideal
ISV-größte_primäre_komponenten--največe_primarne_kom,največe primarne komponenty,F10-1,2,0,0,0,0,review,backfill witness vector from 20-source shelf or mark explicit gap,A_probe_covered_concept,ideal,True,be;bg;bs;cs;es;fa;fr;hr;mk;pl;sk;sl;sr,,
ISV-größte_primäre_komponenten--največše_primarne_ko,največše primarne komponenty,F10-0,2,0,0,0,1,yes,add W/S witness forms or explicit gap note from the 20-source shelf,,,,,,
ISV-größte_primäre_komponenten_größte_primär--največše_primarne_ko,največše primarne komponenty / največše primarne faktory,F10-1,2,0,0,0,0,review,backfill witness vector from 20-source shelf or mark explicit gap,A_probe_covered_concept,ideal,True,be;bg;bs;cs;es;fa;fr;hr;mk;pl;sk;sl;sr,,
ISV-größte_primäre_komponenten_ideale--najveće_primarne_kom,najveće primarne komponenty / idealy,F10-1,2,1,1,0,0,review,backfill witness vector from 20-source shelf or mark explicit gap,A_probe_covered_concept,ideal,True,be;bg;bs;cs;es;fa;fr;hr;mk;pl;sk;sl;sr,concept_shelf,ideal
ISV-größte_primärkomponente--največša_primarna_ko,največša primarna komponenta,F10-1,2,0,0,0,0,review,backfill witness vector from 20-source shelf or mark explicit gap,A_probe_covered_concept,ideal,True,be;bg;bs;cs;es;fa;fr;hr;mk;pl;sk;sl;sr,,
ISV-größte_primärkomponenten_isolierte_kompo--največše_primarne_ko,največše primarne komponenty / izolovane komponenty,F10-1,2,0,0,0,0,review,backfill witness vector from 20-source shelf or mark explicit gap,A_probe_covered_concept,ideal,True,be;bg;bs;cs;es;fa;fr;hr;mk;pl;sk;sl;sr,,
ISV-größter_gemeinsamer_teiler--največši_obči_dělite,največši obči dělitelj,F10-1,2,0,0,0,0,review,backfill witness vector from 20-source shelf or mark explicit gap,C_concept_linked_shelf_plausible,least common multiple,False,,,
ISV-größter_gemeinsamer_teiler_gleich_dem_ei--največši_obči_dělite,največši obči dělitelj jest jednaky jediničnomu idealu D=(ε),F10-1,2,0,0,0,0,review,backfill witness vector from 20-source shelf or mark explicit gap,A_probe_covered_concept,ideal,True,be;bg;bs;cs;es;fa;fr;hr;mk;pl;sk;sl;sr,,
ISV-größter_gemeinsamer_teiler_im_polynomsin--največši_obči_dělite,največši obči dělitelj v polinomnom smyslu,F10-1,2,0,0,0,0,review,backfill witness vector from 20-source shelf or mark explicit gap,A_probe_covered_concept,polynomial,True,be;bg;bs;cs;es;fa;fr;hr;mk;pl;sk;sl;sr,,
ISV-größter_gemeinsamer_teiler_von_idealen--najveći_obšty_dělite,najveći obšty dělitelj idealov,F10-1,2,0,0,0,0,review,backfill witness vector from 20-source shelf or mark explicit gap,A_probe_covered_concept,ideal,True,be;bg;bs;cs;es;fa;fr;hr;mk;pl;sk;sl;sr,,
ISV-größter_primärer_teiler_primärer_teiler--najveći_primarny_děl,najveći primarny dělitelj / primarny dělitelj,F10-1,2,0,0,0,0,review,backfill witness vector from 20-source shelf or mark explicit gap,A_probe_covered_concept,ideal,True,be;bg;bs;cs;es;fa;fr;hr;mk;pl;sk;sl;sr,,
ISV-größter_vollständig_reduzibler_modul--največši_popolno_red,največši popolno reducibilny modul,F10-1,2,1,1,0,0,review,backfill witness vector from 20-source shelf or mark explicit gap,A_probe_covered_concept,module,True,ar;be;bg;bs;cs;es;fa;fr;mk;pl;sk;sl;sr,concept_shelf,module
ISV-göttingen--göttingen,Göttingen,F10-0,3,0,0,0,1,yes,add W/S witness forms or explicit gap note from the 20-source shelf,,,,,,
ISV-halbeinfacher_ring--poluprosto_kolco,poluprosto kolco,F10-3,2,0,0,0,0,no_fix_first,resolve vs okruh/prsten/kolobar with access-gain ledger + Interslavic authority input before external showing,,,,,,
ISV-hassescher_normensatz--normna_teorema_hasse,normna teorema Hasse,F10-1,2,0,0,0,0,review,backfill witness vector from 20-source shelf or mark explicit gap,A_probe_covered_concept,module,True,ar;be;bg;bs;cs;es;fa;fr;mk;pl;sk;sl;sr,,
ISV-haupteinheit--glavna_jedinica,glavna jedinica,F10-1,2,0,0,0,0,review,backfill witness vector from 20-source shelf or mark explicit gap,C_concept_linked_shelf_plausible,unit,False,,,
ISV-hauptgeschlechtssatz--teorem_o_glavnom_rod,teorem o glavnom rodu,F10-1,2,0,0,0,0,review,backfill witness vector from 20-source shelf or mark explicit gap,B_intl_stem_probeable,teorem,False,all_shelves,,
ISV-hauptgeschlechtssatz--unnamed,,F10-1,0,0,0,0,0,review,backfill witness vector from 20-source shelf or mark explicit gap,C_concept_linked_shelf_plausible,principal genus theorem,False,,,
ISV-hauptideal--glavny_ideal,glavny ideal,F10-1,2,0,0,0,0,review,backfill witness vector from 20-source shelf or mark explicit gap,A_probe_covered_concept,ideal,True,be;bg;bs;cs;es;fa;fr;hr;mk;pl;sk;sl;sr,,
ISV-hauptideal_basispolynom--glavny_ideal_bazny_p,glavny ideal / bazny polinom,F10-1,3,0,0,0,0,review,backfill witness vector from 20-source shelf or mark explicit gap,A_probe_covered_concept,basis,True,ar;be;bg;cs;fa;hr;mk;pl;sl;sr,,
ISV-hauptidealring--kolco_glavnyh_idealo,kolco glavnyh idealov,F10-3,2,0,0,0,0,no_fix_first,resolve vs okruh/prsten/kolobar with access-gain ledger + Interslavic authority input before external showing,,,,,,
ISV-hauptidealring_ausgangsring--kolco_glavnyh_idealo,kolco glavnyh idealov / izhodno kolco,F10-3,2,0,0,0,0,no_fix_first,resolve vs okruh/prsten/kolobar with access-gain ledger + Interslavic authority input before external showing,,,,,,
ISV-hauptklasse--glavny_klas,glavny klas,F10-0,3,0,0,0,1,yes,add W/S witness forms or explicit gap note from the 20-source shelf,,,,,,
ISV-hauptmodul--glavny_modul,glavny modul,F10-1,2,0,0,0,0,review,backfill witness vector from 20-source shelf or mark explicit gap,A_probe_covered_concept,module,True,ar;be;bg;bs;cs;es;fa;fr;mk;pl;sk;sl;sr,,
ISV-hauptordnung_des_relativkörpers--glavny_porjadok_rela,glavny porjadok relativnogo polja,F10-1,2,0,0,0,0,review,backfill witness vector from 20-source shelf or mark explicit gap,A_probe_covered_concept,coefficient,True,ar;es;fa;fr,,
ISV-hauptordnung_eines_zahl-_oder_funktionen--glavny_porjadok_čisl,glavny porjadok čislovogo abo funkcionalnogo polja,F10-1,2,0,0,0,0,review,backfill witness vector from 20-source shelf or mark explicit gap,A_probe_covered_concept,coefficient,True,ar;es;fa;fr,,
ISV-hauptreihe--glavny_rjad,glavny rjad,F10-1,2,0,0,0,0,review,backfill witness vector from 20-source shelf or mark explicit gap,D_no_route_true_gap,,False,,,
ISV-hauptsatz--glavna_teorema,glavna teorema,F10-1,2,0,0,0,0,review,backfill witness vector from 20-source shelf or mark explicit gap,A_probe_covered_concept,lemma,True,es;fr,,
ISV-hauptsatz_hilfssatz_zusatz_bemerkung--glavny_teorem_pomočn,glavny teorem / pomočny teorem / dodatok / zamětka,F10-1,3,1,1,0,0,review,backfill witness vector from 20-source shelf or mark explicit gap,A_probe_covered_concept,lemma,True,es;fr,concept_shelf,lemma
ISV-hauptspur--glavny_slěd,glavny slěd,F10-1,2,0,0,0,0,review,backfill witness vector from 20-source shelf or mark explicit gap,D_no_route_true_gap,,False,,,
ISV-highest_elementary_divisor--najvyšši_elementarny,najvyšši elementarny dělitelj,F10-1,2,0,0,0,0,review,backfill witness vector from 20-source shelf or mark explicit gap,A_probe_covered_concept,element,True,es;fr,,
ISV-hilbertsche_anzahlen--hilbertove_funkcije,Hilbertove funkcije,F10-1,2,0,0,0,0,review,backfill witness vector from 20-source shelf or mark explicit gap,A_probe_covered_concept,basis,True,ar;be;bg;cs;fa;hr;mk;pl;sl;sr,,
ISV-hilbertsche_behauptung--hilbertovo_tvrđenje,Hilbertovo tvrđenje,F10-1,2,0,0,0,0,review,backfill witness vector from 20-source shelf or mark explicit gap,D_no_route_true_gap,,False,,,
ISV-hilbertscher_irreduzibilitätssatz--hilbertov_teorem_o_n,Hilbertov teorem o nerazložimosti,F10-2,2,0,0,0,0,no_fix_first,"back the claim with W/S witness forms from the shelf, or weaken the claim",,,,,,
ISV-hilbertscher_irreduzibilitätssatz--hilbertova_teorema_o,Hilbertova teorema o nerazložimosti,F10-0,2,0,0,0,1,yes,add W/S witness forms or explicit gap note from the 20-source shelf,,,,,,
ISV-hilbertscher_satz_von_der_modulbasis--hilbertov_teorem_o_b,Hilbertov teorem o bazisu modula,F10-1,2,0,1,0,0,review,backfill witness vector from 20-source shelf or mark explicit gap,A_probe_covered_concept,basis,True,ar;be;bg;cs;fa;hr;mk;pl;sl;sr,concept_shelf,theorem
ISV-hilbertsches_theorem_ii_von_der_ganzzahl--hilbertov_teorem_ii_,Hilbertov teorem II o celočislenej modulnoj bazi,F10-1,2,0,0,0,0,review,backfill witness vector from 20-source shelf or mark explicit gap,A_probe_covered_concept,basis,True,ar;be;bg;cs;fa;hr;mk;pl;sl;sr,,
ISV-hilbertsches_theorem_von_der_modulbasis--hilbertov_teorem_o_m,Hilbertov teorem o modulnom bazisu,F10-1,2,0,0,0,0,review,backfill witness vector from 20-source shelf or mark explicit gap,A_probe_covered_concept,basis,True,ar;be;bg;cs;fa;hr;mk;pl;sl;sr,,
ISV-hilfssatz--pomočny_teorem,Pomočny teorem,F10-1,3,1,1,0,0,review,backfill witness vector from 20-source shelf or mark explicit gap,A_probe_covered_concept,lemma,True,es;fr,concept_shelf,lemma
ISV-hilfsvariablen--pomoćne_prěměnne,pomoćne prěměnne,F10-1,2,0,0,0,0,review,backfill witness vector from 20-source shelf or mark explicit gap,D_no_route_true_gap,,False,,,
ISV-homogene_formen_i-ter_dimension--homogene_formy_i-toj,homogene formy i-toj dimenzije,F10-1,2,1,1,0,0,review,backfill witness vector from 20-source shelf or mark explicit gap,A_probe_covered_concept,dimension,True,ar;bg;cs;es;fa;fr;hr;mk;pl;sk;sl;sr,concept_shelf,dimension
ISV-homogene_formen_inhomogene_polynome--homogene_formy_nehom,homogene formy / nehomogenny polinomy,F10-0,3,1,1,0,1,yes,add W/S witness forms or explicit gap note from the 20-source shelf,,,,,concept_shelf,polynomial
ISV-homogene_isobare_invarianten--homogenny_izobarny_i,homogenny izobarny invarianty,F10-0,2,1,1,0,1,yes,add W/S witness forms or explicit gap note from the 20-source shelf,,,,,concept_shelf,invariant
ISV-homogene_polynome--homogene_polinomy,homogene polinomy,F10-0,3,1,1,0,1,yes,add W/S witness forms or explicit gap note from the 20-source shelf,,,,,concept_shelf,polynomial
ISV-homogene_resultante_der_glieder_höchster--homogena_rezultanta_,homogena rezultanta členov najvyššego stepena,F10-1,2,0,0,0,0,review,backfill witness vector from 20-source shelf or mark explicit gap,A_probe_covered_concept,dimension,True,ar;bg;cs;es;fa;fr;hr;mk;pl;sk;sl;sr,,
ISV-homomorphe_matrizenring_durch_ein_ideal_--homomorfno_matrično_,homomorfno matrično kolco ... stvorjeno idealom,F10-3,2,1,1,0,0,no_fix_first,resolve vs okruh/prsten/kolobar with access-gain ledger + Interslavic authority input before external showing,,,,,concept_shelf,ideal
ISV-homomorphiesatz_für_ringe--teorem_o_homomorfizm,teorem o homomorfizmu za kolca,F10-1,2,0,0,0,0,review,backfill witness vector from 20-source shelf or mark explicit gap,A_probe_covered_concept,ring,True,be;bg;bs;cs;es;fa;fr;hr;mk;pl;sk;sl;sr,,
ISV-homomorphismen_von_z_in_omega--homomorfizmy_iz_cent,homomorfizmy iz centra v Omega,F10-1,2,0,0,0,0,review,backfill witness vector from 20-source shelf or mark explicit gap,B_intl_stem_probeable,homomorf,False,all_shelves,,
ISV-hyperkomplexes_system--hiperkompleksny_sist,hiperkompleksny sistem,F10-1,2,0,0,0,0,review,backfill witness vector from 20-source shelf or mark explicit gap,A_probe_covered_concept,covariant,True,es;fr,,
ISV-höchstdimension--najvyšša_dimenzija,najvyšša dimenzija,F10-4,2,0,0,0,0,yes_with_definition,keep explicit definition at first use; mark authority-needed in review packet,,,,,,
ISV-höchstdimension_eines_beliebigen_ideals--najvyšša_dimenzija_l,najvyšša dimenzija libovoljnogo ideala,F10-1,2,0,0,0,0,review,backfill witness vector from 20-source shelf or mark explicit gap,A_probe_covered_concept,dimension,True,ar;bg;cs;es;fa;fr;hr;mk;pl;sk;sl;sr,,
ISV-höchster_elementarteiler--najvyšši_elementarny,najvyšši elementarny dělitelj,F10-1,2,0,0,0,0,review,backfill witness vector from 20-source shelf or mark explicit gap,A_probe_covered_concept,element,True,es;fr,,
ISV-höhere_form--vyša_forma,vyša forma,F10-1,2,0,0,0,0,review,backfill witness vector from 20-source shelf or mark explicit gap,B_intl_stem_probeable,form,False,all_shelves,,
ISV-ideal_aus_polynomen--ideal_iz_polinomov,ideal iz polinomov,F10-1,2,1,1,0,0,review,backfill witness vector from 20-source shelf or mark explicit gap,A_probe_covered_concept,ideal,True,be;bg;bs;cs;es;fa;fr;hr;mk;pl;sk;sl;sr,concept_shelf,ideal
ISV-ideal_modul_formenmodul--ideal_modul_modul_fo,ideal / modul / modul form,F10-1,2,1,1,0,0,review,backfill witness vector from 20-source shelf or mark explicit gap,A_probe_covered_concept,ideal,True,be;bg;bs;cs;es;fa;fr;hr;mk;pl;sk;sl;sr,concept_shelf,ideal
ISV-idealbasis--baza_ideala,baza ideala,F10-1,3,0,0,0,0,review,backfill witness vector from 20-source shelf or mark explicit gap,A_probe_covered_concept,basis,True,ar;be;bg;cs;fa;hr;mk;pl;sl;sr,,
ISV-idealbasis_des_diskriminantenideals--baza_diskriminantnog,baza diskriminantnogo ideala,F10-1,2,0,0,0,0,review,backfill witness vector from 20-source shelf or mark explicit gap,A_probe_covered_concept,basis,True,ar;be;bg;cs;fa;hr;mk;pl;sl;sr,,
ISV-idealklasse_hauptklasse_hauptideale--idealna_klasa_glavna,idealna klasa; glavna klasa; glavne idealy,F10-1,2,0,0,0,0,review,backfill witness vector from 20-source shelf or mark explicit gap,A_probe_covered_concept,ideal,True,be;bg;bs;cs;es;fa;fr;hr;mk;pl;sk;sl;sr,,
ISV-idealklassen--klasy_idealov,klasy idealov,F10-1,2,0,0,0,0,review,backfill witness vector from 20-source shelf or mark explicit gap,A_probe_covered_concept,ideal,True,be;bg;bs;cs;es;fa;fr;hr;mk;pl;sk;sl;sr,,
ISV-idealquotienten--kvocienty_idealov,kvocienty idealov,F10-1,2,0,0,0,0,review,backfill witness vector from 20-source shelf or mark explicit gap,A_probe_covered_concept,ideal,True,be;bg;bs;cs;es;fa;fr;hr;mk;pl;sk;sl;sr,,
ISV-idealquotienten_hauptideal_prim_zu_t--idealne_kvocienty_gl,idealne kvocienty / glavny ideal / prost vzhodno k t,F10-1,2,0,0,0,0,review,backfill witness vector from 20-source shelf or mark explicit gap,A_probe_covered_concept,ideal,True,be;bg;bs;cs;es;fa;fr;hr;mk;pl;sk;sl;sr,,
ISV-idealtheorie_7_3--idealtheorie_7_3,"Idealtheorie, §7, 3",F10-1,2,0,0,0,0,review,backfill witness vector from 20-source shelf or mark explicit gap,A_probe_covered_concept,ideal,True,be;bg;bs;cs;es;fa;fr;hr;mk;pl;sk;sl;sr,,
ISV-idealtheorie_9_7_footnote--idealtheorie_9_7,"Idealtheorie, §9, 7",F10-1,2,0,0,0,0,review,backfill witness vector from 20-source shelf or mark explicit gap,A_probe_covered_concept,ideal,True,be;bg;bs;cs;es;fa;fr;hr;mk;pl;sk;sl;sr,,
ISV-idealtheorie_9_und_3_1_footnote--idealtheorie_9_i_3_1,"Idealtheorie, §9 i §3, 1",F10-1,2,0,0,0,0,review,backfill witness vector from 20-source shelf or mark explicit gap,A_probe_covered_concept,ideal,True,be;bg;bs;cs;es;fa;fr;hr;mk;pl;sk;sl;sr,,
ISV-idealtheorie_in_t--teorija_idealov_v_t,teorija idealov v T,F10-0,2,0,0,0,1,yes,add W/S witness forms or explicit gap note from the 20-source shelf,,,,,,
ISV-idealzerlegung_von_t_p--razloženje_ideala_t_,razloženje ideala T p,F10-1,2,0,0,0,0,review,backfill witness vector from 20-source shelf or mark explicit gap,A_probe_covered_concept,ideal,True,be;bg;bs;cs;es;fa;fr;hr;mk;pl;sk;sl;sr,,
ISV-idealzerlegung_zerlegung_des_nullideals--razloženje_ideala_ra,razloženje ideala / razloženje nulovogo ideala,F10-1,2,0,0,0,0,review,backfill witness vector from 20-source shelf or mark explicit gap,A_probe_covered_concept,ideal,True,be;bg;bs;cs;es;fa;fr;hr;mk;pl;sk;sl;sr,,
ISV-idempotente_elemente--idempotentne_element,idempotentne elementy,F10-4,2,1,1,0,1,yes_with_definition,keep explicit definition at first use; mark authority-needed in review packet,,,,,,
ISV-idempotente_komplementäre_basen--idempotenty_kompleme,idempotenty; komplementarne bazy,F10-4,2,1,1,0,1,yes_with_definition,keep explicit definition at first use; mark authority-needed in review packet,,,,,,
ISV-identisch_in_y--identično_v_y,identično v Y,F10-1,2,0,0,0,0,review,backfill witness vector from 20-source shelf or mark explicit gap,D_no_route_true_gap,,False,,,
ISV-identische_zerlegungen--identične_razklady,identične razklady,F10-1,2,0,0,0,0,review,backfill witness vector from 20-source shelf or mark explicit gap,C_concept_linked_shelf_plausible,decomposition,True,,,
ISV-identität_der_körper--identičnost_polj,identičnost polj,F10-1,2,0,0,0,0,review,backfill witness vector from 20-source shelf or mark explicit gap,A_probe_covered_concept,field,True,ar;be;bg;bs;cs;es;fa;fr;hr;mk;pl;sk;sl;sr,,
ISV-identitätssatz--teorema_identičnosti,teorema identičnosti,F10-0,2,0,0,0,1,yes,add W/S witness forms or explicit gap note from the 20-source shelf,,,,,,
ISV-in_bezug_auf_die_hauptklasse--vzhodno_k_glavnomu_k,vzhodno k glavnomu klasu,F10-1,2,0,0,0,0,review,backfill witness vector from 20-source shelf or mark explicit gap,C_concept_linked_shelf_plausible,trace,False,,,
ISV-in_bezug_auf_die_hauptklasse_genommene_s--slěd_vzety_vzhodno_k,"slěd, vzety vzhodno k glavnomu klasu",F10-1,2,0,1,0,0,review,backfill witness vector from 20-source shelf or mark explicit gap,C_concept_linked_shelf_plausible,trace,False,,concept_shelf,trace
ISV-in_bezug_auf_omega_linear_unabhängigen_e--linearno_nezavisnyh_,linearno nezavisnyh nad Omega elementov,F10-1,2,0,0,0,0,review,backfill witness vector from 20-source shelf or mark explicit gap,A_probe_covered_concept,element,True,es;fr,,
ISV-in_den_koeffizienten_niedrigsten_formen--najnižše_po_koeficie,najnižše po koeficientah formy,F10-1,2,0,0,0,0,review,backfill witness vector from 20-source shelf or mark explicit gap,A_probe_covered_concept,coefficient,True,ar;es;fa;fr,,
ISV-induktionsschluss--indukcija,indukcija,F10-1,2,0,0,0,0,review,backfill witness vector from 20-source shelf or mark explicit gap,D_no_route_true_gap,,False,,,
ISV-induzierte_transformationen_totale_diffe--indukovane_transform,indukovane transformacije / totalna diferencialna forma,F10-0,2,0,0,0,1,yes,add W/S witness forms or explicit gap note from the 20-source shelf,,,,,,
ISV-integrabilitätsbedingungen--uslovja_integrabilno,uslovja integrabilnosti,F10-1,2,0,0,0,0,review,backfill witness vector from 20-source shelf or mark explicit gap,D_no_route_true_gap,,False,,,
ISV-integrale_eines_differentialgleichungssy--integraly_sistema_di,integraly sistema diferencialnyh uravnenj,F10-1,2,0,0,0,0,review,backfill witness vector from 20-source shelf or mark explicit gap,A_probe_covered_concept,coefficient,True,ar;es;fa;fr,,
ISV-integritaetsbereich--oblast_cělosti,oblast cělosti,F10-1,2,0,0,0,0,review,backfill witness vector from 20-source shelf or mark explicit gap,C_concept_linked_shelf_plausible,integral domain,False,,,
ISV-integritätsbasis--integralna_baza,integralna baza,F10-1,2,0,0,0,0,review,backfill witness vector from 20-source shelf or mark explicit gap,A_probe_covered_concept,basis,True,ar;be;bg;cs;fa;hr;mk;pl;sl;sr,,
ISV-integritätsbereich--oblast_cělosti,oblast cělosti,F10-0,3,0,0,0,1,yes,add W/S witness forms or explicit gap note from the 20-source shelf,,,,,,
ISV-integritätsbereich_bereich_der_integritä--oblast_cělosti,oblast cělosti,F10-1,2,0,0,0,0,review,backfill witness vector from 20-source shelf or mark explicit gap,C_concept_linked_shelf_plausible,integral domain,False,,,
ISV-integritätsbereich_ring_ohne_nullteiler--integritetna_oblast_,integritetna oblast / kolco bez nulovyh děliteljev,F10-3,3,0,0,0,1,no_fix_first,resolve vs okruh/prsten/kolobar with access-gain ledger + Interslavic authority input before external showing,,,,,,
ISV-integritätsbereich_theta--oblast_cělosti_theta,oblast cělosti [Theta],F10-1,2,0,0,0,0,review,backfill witness vector from 20-source shelf or mark explicit gap,C_concept_linked_shelf_plausible,integral domain,False,,,
ISV-integritätsbereiche--integralne_oblasti,integralne oblasti,F10-1,3,0,0,0,0,review,backfill witness vector from 20-source shelf or mark explicit gap,B_intl_stem_probeable,integral,False,all_shelves,,
ISV-invariante_der_gruppe_invariantes_integr--invarianta_grupy_inv,invarianta grupy / invariantny integral,F10-1,2,1,1,0,0,review,backfill witness vector from 20-source shelf or mark explicit gap,A_probe_covered_concept,group,True,ar;be;bg;bs;cs;es;fa;fr;hr;mk;pl;sk;sl;sr,concept_shelf,invariant
ISV-invariante_variationsprobleme--invariantne_variacij,invariantne variacijske problemy,F10-0,2,1,1,0,1,yes,add W/S witness forms or explicit gap note from the 20-source shelf,,,,,concept_shelf,invariant
ISV-invariantenkörper--invariantno_polje,invariantno polje,F10-0,2,1,1,0,0,yes,record witness forms in the term row (currently prose/shelf only),,,,,,
ISV-involutionsbasis--involucijska_baza,involucijska baza,F10-1,2,0,0,0,0,review,backfill witness vector from 20-source shelf or mark explicit gap,A_probe_covered_concept,basis,True,ar;be;bg;cs;fa;hr;mk;pl;sl;sr,,
ISV-involutionsform--involucijska_forma,involucijska forma,F10-1,2,0,0,0,0,review,backfill witness vector from 20-source shelf or mark explicit gap,B_intl_stem_probeable,form,False,all_shelves,,
ISV-irrationale_rationale_richtung--iracionalny_racional,«iracionalny» / «racionalny» směr,F10-1,2,0,0,0,0,review,backfill witness vector from 20-source shelf or mark explicit gap,A_probe_covered_concept,basis,True,ar;be;bg;cs;fa;hr;mk;pl;sl;sr,,
ISV-irreducible_polynomials--nerazložimy_polinomy,nerazložimy polinomy,F10-1,3,0,0,0,0,review,backfill witness vector from 20-source shelf or mark explicit gap,A_probe_covered_concept,polynomial,True,be;bg;bs;cs;es;fa;fr;hr;mk;pl;sk;sl;sr,,
ISV-irreduzibel--nerazložimy_nerazlož,nerazložimy / nerazložimo,F10-1,3,0,0,0,0,review,backfill witness vector from 20-source shelf or mark explicit gap,C_concept_linked_shelf_plausible,irreducible,False,,,
ISV-irreduzibel_reduzibel--nerazložimy_razložim,nerazložimy / razložimy,F10-1,2,0,0,0,0,review,backfill witness vector from 20-source shelf or mark explicit gap,C_concept_linked_shelf_plausible,irreducible,False,,,
ISV-irreduzible_bestandteile--ireducibilne_sostavn,ireducibilne sostavne česti,F10-0,2,0,0,0,1,yes,add W/S witness forms or explicit gap note from the 20-source shelf,,,,,,
ISV-irreduzible_formen--nereducibilne_formy,nereducibilne formy,F10-4,3,0,0,0,1,yes_with_definition,keep explicit definition at first use; mark authority-needed in review packet,,,,,,
ISV-irreduzible_formen_ordnung--nereducibilne_formy_,nereducibilne formy / poręd,F10-4,2,0,0,0,0,yes_with_definition,keep explicit definition at first use; mark authority-needed in review packet,,,,,,
ISV-irreduzible_gleichung_in_bezug_auf_omega--nerazložimo_uravnenj,nerazložimo uravnenje vzhodno k Omega_i,F10-1,2,0,0,0,0,review,backfill witness vector from 20-source shelf or mark explicit gap,A_probe_covered_concept,equation,True,ar;bg;cs;es;fa;fr;hr;pl;sk;sl,,
ISV-irreduzible_zweiseitige_klassen--nerazložime_dvustran,nerazložime dvustranne klasy,F10-1,2,0,0,0,0,review,backfill witness vector from 20-source shelf or mark explicit gap,A_probe_covered_concept,equation,True,ar;bg;cs;es;fa;fr;hr;pl;sk;sl,,
ISV-irreduzibles_algebraisches_gebilde--nerazložima_algebrai,nerazložima algebraična mnogovidnost,F10-1,3,0,0,0,0,review,backfill witness vector from 20-source shelf or mark explicit gap,A_probe_covered_concept,ideal,True,be;bg;bs;cs;es;fa;fr;hr;mk;pl;sk;sl;sr,,
ISV-irreduzibles_ideal--nerazložimy_ideal,nerazložimy ideal,F10-1,2,1,1,0,0,review,backfill witness vector from 20-source shelf or mark explicit gap,A_probe_covered_concept,ideal,True,be;bg;bs;cs;es;fa;fr;hr;mk;pl;sk;sl;sr,concept_shelf,ideal
ISV-isolierte_größte_primäre_ideale--izolovane_najveće_pr,izolovane najveće primarne idealy,F10-1,2,1,1,0,0,review,backfill witness vector from 20-source shelf or mark explicit gap,A_probe_covered_concept,ideal,True,be;bg;bs;cs;es;fa;fr;hr;mk;pl;sk;sl;sr,concept_shelf,ideal
ISV-isolierte_ideale--izolovane_idealy,izolovane idealy,F10-1,2,1,1,0,0,review,backfill witness vector from 20-source shelf or mark explicit gap,A_probe_covered_concept,ideal,True,be;bg;bs;cs;es;fa;fr;hr;mk;pl;sk;sl;sr,concept_shelf,ideal
ISV-isolierte_komponente--izolovana_komponenta,izolovana komponenta,F10-1,2,0,0,0,0,review,backfill witness vector from 20-source shelf or mark explicit gap,A_probe_covered_concept,ideal,True,be;bg;bs;cs;es;fa;fr;hr;mk;pl;sk;sl;sr,,
ISV-isoliertes_ideal_nicht-isoliertes_ideal--izolovany_ideal_neiz,izolovany ideal / neizolovany ideal,F10-1,2,1,1,0,0,review,backfill witness vector from 20-source shelf or mark explicit gap,A_probe_covered_concept,ideal,True,be;bg;bs;cs;es;fa;fr;hr;mk;pl;sk;sl;sr,concept_shelf,ideal
ISV-isomorph_isomorphe_beziehung_isomorphe_a--izomorfne_izomorfna_,izomorfne / izomorfna sootvětnost / izomorfno odobraženje,F10-0,3,1,1,0,1,yes,add W/S witness forms or explicit gap note from the 20-source shelf,,,,,concept_shelf,isomorphism
ISV-isomorph_isomorphie--izomorfny_izomorfija,izomorfny / izomorfija,F10-0,2,1,1,0,1,yes,add W/S witness forms or explicit gap note from the 20-source shelf,,,,,concept_shelf,isomorphism
ISV-isomorphe_zuordnung_nullklasse_nullteile--izomorfna_prirědba_n,izomorfna prirědba / nulovy klas / dělitelji nuly,F10-1,2,0,0,0,0,review,backfill witness vector from 20-source shelf or mark explicit gap,A_probe_covered_concept,field,True,ar;be;bg;bs;cs;es;fa;fr;hr;mk;pl;sk;sl;sr,,
ISV-ist_somit_bewiesen--tym_je_dokazana,tym je dokazana,F10-1,3,0,0,0,0,review,backfill witness vector from 20-source shelf or mark explicit gap,A_probe_covered_concept,theorem,True,ar;bg;bs;cs;es;fa;fr;hr;mk;pl;sk;sl;sr,,
ISV-jahresberichte_der_deutschen_mathematike--letopisy_njemeckogo_,letopisy Njemeckogo matematičnogo družstva,F10-0,2,0,0,0,1,yes,add W/S witness forms or explicit gap note from the 20-source shelf,,,,,,
ISV-jordan-hölderscher_satz--teorem_jordan--hölde,teorem Jordan--Hölder,F10-0,2,0,1,0,1,yes,add W/S witness forms or explicit gap note from the 20-source shelf,,,,,concept_shelf,theorem
ISV-k-rechtsmodul--pravy_k-modul,pravy K-modul,F10-1,2,0,0,0,0,review,backfill witness vector from 20-source shelf or mark explicit gap,A_probe_covered_concept,module,True,ar;be;bg;bs;cs;es;fa;fr;mk;pl;sk;sl;sr,,
ISV-k_als_omega-modul_aufgefaßt--k_jest_razsmatrjany_,K jest razsmatrjany kako Omega-modul,F10-1,2,1,1,0,0,review,backfill witness vector from 20-source shelf or mark explicit gap,B_intl_stem_probeable,modul,False,all_shelves,concept_shelf,module
ISV-k_i-reihige_determinanten--k_i-rędne_determinan,k_i-rędne determinanty,F10-1,2,1,1,0,0,review,backfill witness vector from 20-source shelf or mark explicit gap,A_probe_covered_concept,determinant,True,ar;bg;cs;es;fa;fr;hr;mk;pl;sk;sl;sr,concept_shelf,determinant
ISV-kapitel_iii--glava_iii,Glava III,F10-1,3,0,0,0,0,review,backfill witness vector from 20-source shelf or mark explicit gap,D_no_route_true_gap,,False,,,
ISV-keinen_vom_einheitsideal_verschiedenen_e--ne_imajut_nikakogo_v,ne imajut nikakogo vlastnogo dělitelja raznogo od jediničnogo ideala,F10-1,2,0,0,0,0,review,backfill witness vector from 20-source shelf or mark explicit gap,A_probe_covered_concept,ideal,True,be;bg;bs;cs;es;fa;fr;hr;mk;pl;sk;sl;sr,,
ISV-ketten_von_primidealen_kettendefinition--cepi_prostyh_idealov,cepi prostyh idealov / cepova definicija,F10-1,2,0,0,0,0,review,backfill witness vector from 20-source shelf or mark explicit gap,A_probe_covered_concept,definition,True,ar;es;fa;fr,,
ISV-klasse_eines_gruppenelements--klasa_grupovogo_elem,klasa grupovogo elementa,F10-1,2,0,0,0,0,review,backfill witness vector from 20-source shelf or mark explicit gap,A_probe_covered_concept,element,True,es;fr,,
ISV-klasse_r_i_r_i--klasa_r_i_podmnožstv,klasa R_i / podmnožstvo R_i^*,F10-1,2,0,0,0,0,review,backfill witness vector from 20-source shelf or mark explicit gap,C_concept_linked_shelf_plausible,trace,False,,,
ISV-klassen_ähnlicher_algebren_gruppe_der_kl--klasy_podobnyh_algeb,klasy podobnyh algeber; grupa klasov,F10-1,2,1,1,0,0,review,backfill witness vector from 20-source shelf or mark explicit gap,A_probe_covered_concept,group,True,ar;be;bg;bs;cs;es;fa;fr;hr;mk;pl;sk;sl;sr,concept_shelf,group
ISV-kleinster_enthaltender_körper--najmenjše_polje_ktor,"najmenjše polje, ktore soderži sistem",F10-0,2,1,1,0,0,yes,record witness forms in the term row (currently prose/shelf only),,,,,,
ISV-kleinster_erweiterungskörper--najmenše_razširjeno_,najmenše razširjeno polje,F10-0,2,1,1,0,0,yes,record witness forms in the term row (currently prose/shelf only),,,,,,
ISV-kleinstes_gemeinsames_vielfaches--najmene_obče_mnogokr,najmene obče mnogokratno,F10-1,2,0,0,0,0,review,backfill witness vector from 20-source shelf or mark explicit gap,C_concept_linked_shelf_plausible,least common multiple,False,,,
ISV-kleinstes_gemeinsames_vielfaches--najmenše_obče_mnogok,najmenše obče mnogokratno,F10-0,3,0,0,0,1,yes,add W/S witness forms or explicit gap note from the 20-source shelf,,,,,,
ISV-kleinstes_gemeinsames_vielfaches--najmenši_obči_kratni,najmenši obči kratnik,F10-1,2,0,0,0,0,review,backfill witness vector from 20-source shelf or mark explicit gap,C_concept_linked_shelf_plausible,least common multiple,False,,,
ISV-kleinstes_gemeinsames_vielfaches_gleich_--najmenše_obče_mnogok,najmenše obče mnogokratno stavaje jednako produktu,F10-1,2,0,0,0,0,review,backfill witness vector from 20-source shelf or mark explicit gap,C_concept_linked_shelf_plausible,least common multiple,False,,,
ISV-kleinstes_gemeinsames_vielfaches_größter--najmenše_obče_mnogok,najmenše obče mnogokratno / največši obči dělitelj,F10-1,2,0,0,0,0,review,backfill witness vector from 20-source shelf or mark explicit gap,C_concept_linked_shelf_plausible,least common multiple,False,,,
ISV-koeffizienten_als_symmetrische_funktione--koeficienty_kako_sim,koeficienty kako simetrične funkcije integralov,F10-1,2,0,0,0,0,review,backfill witness vector from 20-source shelf or mark explicit gap,A_probe_covered_concept,coefficient,True,ar;es;fa;fr,,
ISV-koeffizientenbereich--koeficientno_podružj,koeficientno podružje,F10-1,2,0,0,0,0,review,backfill witness vector from 20-source shelf or mark explicit gap,A_probe_covered_concept,field,True,ar;be;bg;bs;cs;es;fa;fr;hr;mk;pl;sk;sl;sr,,
ISV-koeffizientenbereich--oblast_koeficientov,oblast koeficientov,F10-1,2,0,0,0,0,review,backfill witness vector from 20-source shelf or mark explicit gap,A_probe_covered_concept,field,True,ar;be;bg;bs;cs;es;fa;fr;hr;mk;pl;sk;sl;sr,,
ISV-koeffizientenbereich_körper_pu--oblast_koeficientov_,oblast koeficientov / polje P(u),F10-0,2,1,1,0,0,yes,record witness forms in the term row (currently prose/shelf only),,,,,,
ISV-koeffizientenbereich_omega--koeficientna_oblast_,koeficientna oblast Omega,F10-1,2,0,0,0,0,review,backfill witness vector from 20-source shelf or mark explicit gap,A_probe_covered_concept,field,True,ar;be;bg;bs;cs;es;fa;fr;hr;mk;pl;sk;sl;sr,,
ISV-koeffizientenbereich_ω--koeficientno_polje_ω,koeficientno polje Ω,F10-0,2,1,1,0,0,yes,record witness forms in the term row (currently prose/shelf only),,,,,,
ISV-koeffizientengleichheit--ravnost_koeficientov,ravnost koeficientov,F10-1,2,0,0,0,0,review,backfill witness vector from 20-source shelf or mark explicit gap,A_probe_covered_concept,coefficient,True,ar;es;fa;fr,,
ISV-kommutativer_körper_k--komutativno_polje_k,komutativno polje K,F10-0,2,1,1,0,0,yes,record witness forms in the term row (currently prose/shelf only),,,,,,
ISV-kommutativer_körper_p--komutativno_tělo_p,komutativno tělo P,F10-0,3,1,1,0,0,yes,record witness forms in the term row (currently prose/shelf only),,,,,,
ISV-kommutatives_gesetz_vertauschbarkeit--komutativny_zakon_za,komutativny zakon / zaměnljivost,F10-1,2,0,0,0,0,review,backfill witness vector from 20-source shelf or mark explicit gap,A_probe_covered_concept,set,True,es;fa;fr,,
ISV-komplement--komplement,komplement,F10-0,3,0,0,0,1,yes,add W/S witness forms or explicit gap note from the 20-source shelf,,,,,,
ISV-komplement_von_q--komplement_q,komplement Q,F10-0,2,0,0,0,1,yes,add W/S witness forms or explicit gap note from the 20-source shelf,,,,,,
ISV-komplementpotenz_durch_ein_primärideal_t--stepen_komplementa_d,stepen komplementa / dělimy črez primarny ideal,F10-1,2,0,0,0,0,review,backfill witness vector from 20-source shelf or mark explicit gap,A_probe_covered_concept,ideal,True,be;bg;bs;cs;es;fa;fr;hr;mk;pl;sk;sl;sr,,
ISV-komponente--komponenta,komponenta,F10-1,2,0,0,0,0,review,backfill witness vector from 20-source shelf or mark explicit gap,C_concept_linked_shelf_plausible,primary ideal,False,,,
ISV-komponenten_als_für_sich_betrachtete_rin--komponenty_kako_kolc,"komponenty kako kolca same po sebě, a ne kako idealy od \overline{\mathfrak R}",F10-1,2,1,1,0,0,review,backfill witness vector from 20-source shelf or mark explicit gap,A_probe_covered_concept,ideal,True,be;bg;bs;cs;es;fa;fr;hr;mk;pl;sk;sl;sr,concept_shelf,ideal
ISV-komponenten_in_gruppen_zusammenfassen--shvatiti_komponenty_,shvatiti komponenty v grupy,F10-1,2,1,1,0,0,review,backfill witness vector from 20-source shelf or mark explicit gap,A_probe_covered_concept,field,True,ar;be;bg;bs;cs;es;fa;fr;hr;mk;pl;sk;sl;sr,concept_shelf,group
ISV-komponentenklasse--komponentny_klas,komponentny klas,F10-1,2,0,0,0,0,review,backfill witness vector from 20-source shelf or mark explicit gap,A_probe_covered_concept,field,True,ar;be;bg;bs;cs;es;fa;fr;hr;mk;pl;sk;sl;sr,,
ISV-kompositionsfaktoren--kompozicijne_faktory,kompozicijne faktory,F10-1,2,0,0,0,0,review,backfill witness vector from 20-source shelf or mark explicit gap,C_concept_linked_shelf_plausible,direct factor,False,,,
ISV-kompositionsreihe--kompozicijny_red,kompozicijny red,F10-0,2,0,0,0,1,yes,add W/S witness forms or explicit gap note from the 20-source shelf,,,,,,
ISV-kompositionsreihe--kompozicijny_rjad,kompozicijny rjad,F10-0,3,0,0,0,1,yes,add W/S witness forms or explicit gap note from the 20-source shelf,,,,,,
ISV-kompositionsreihe_des_darstellungsmoduls--kompozicijna_serija_,kompozicijna serija modula predstavjenja,F10-1,3,0,0,0,0,review,backfill witness vector from 20-source shelf or mark explicit gap,B_intl_stem_probeable,modul,False,all_shelves,,
ISV-kompositionsreihe_kompositionsfaktor--kompozicijny_rjad_ko,kompozicijny rjad / kompozicijny faktor,F10-1,2,0,0,0,0,review,backfill witness vector from 20-source shelf or mark explicit gap,C_concept_linked_shelf_plausible,direct factor,False,,,
ISV-kongruent_mod_m--kongruentny_po_modul,kongruentny po modulu,F10-1,2,0,0,0,0,review,backfill witness vector from 20-source shelf or mark explicit gap,B_intl_stem_probeable,kongruen,False,all_shelves,,
ISV-kongruenzkomposition--kongruenzkomposition,Kongruenzkomposition,F10-1,2,0,0,0,0,review,backfill witness vector from 20-source shelf or mark explicit gap,B_intl_stem_probeable,kongruen,False,all_shelves,,
ISV-konjugierte--konjugaty,konjugaty,F10-0,3,0,0,0,1,yes,add W/S witness forms or explicit gap note from the 20-source shelf,,,,,,
ISV-konjugierte_des_nenners--konjugaty_imenovatel,konjugaty imenovatelja,F10-1,2,0,0,0,0,review,backfill witness vector from 20-source shelf or mark explicit gap,C_concept_linked_shelf_plausible,trace,False,,,
ISV-konjugierte_elemente--konjugovane_elementy,konjugovane elementy,F10-0,3,0,0,0,1,yes,add W/S witness forms or explicit gap note from the 20-source shelf,,,,,,
ISV-konjugierte_in_bezug_auf_h_konjugierten--konjugat_konjugaty_v,konjugat / konjugaty vzhodno k (H),F10-0,3,0,0,0,1,yes,add W/S witness forms or explicit gap note from the 20-source shelf,,,,,,
ISV-konjugiertenklasse_klassen_konjugierter_--konjugacijna_klasa,konjugacijna klasa,F10-0,3,0,0,0,1,yes,add W/S witness forms or explicit gap note from the 20-source shelf,,,,,,
ISV-konstanten_ξ_i_a_a_ξ_i--konstanty,konstanty,F10-1,2,0,0,0,0,review,backfill witness vector from 20-source shelf or mark explicit gap,D_no_route_true_gap,,False,,,
ISV-konstruktion_nach_vorgegebener_wohlordnu--konstrukcija_po_zada,konstrukcija po zadannom dobrom uporjadkovanju,F10-1,2,0,0,0,0,review,backfill witness vector from 20-source shelf or mark explicit gap,B_intl_stem_probeable,konstru,False,all_shelves,,
ISV-konstruktion_von_fz--konstrukcija_fz,konstrukcija f(z),F10-0,2,0,0,0,1,yes,add W/S witness forms or explicit gap note from the 20-source shelf,,,,,,
ISV-kontinuierliche_gruppe_im_lieschen_sinne--kontinuirna_grupa_v_,kontinuirna grupa v smislu Lija,F10-1,2,1,1,0,0,review,backfill witness vector from 20-source shelf or mark explicit gap,A_probe_covered_concept,group,True,ar;be;bg;bs;cs;es;fa;fr;hr;mk;pl;sk;sl;sr,concept_shelf,group
ISV-kontragredient_kogredient--kontragradientny_kog,kontragradientny / kogradientny,F10-1,2,0,0,0,0,review,backfill witness vector from 20-source shelf or mark explicit gap,D_no_route_true_gap,,False,,,
ISV-kontragrediente_formen--kontragredientne_for,kontragredientne formy,F10-0,3,0,0,0,1,yes,add W/S witness forms or explicit gap note from the 20-source shelf,,,,,,
ISV-kontragrediente_symbole--kontragredientne_sim,kontragredientne simboly,F10-0,2,0,0,0,1,yes,add W/S witness forms or explicit gap note from the 20-source shelf,,,,,,
ISV-kreiskörper--ciklotomične_polja,ciklotomične polja,F10-0,3,0,0,0,1,yes,add W/S witness forms or explicit gap note from the 20-source shelf,,,,,,
ISV-kreiskörper--kružno_polje,kružno polje,F10-0,2,1,1,0,0,yes,record witness forms in the term row (currently prose/shelf only),,,,,,
ISV-kroneckersche_substitution--kroneckerova_substit,Kroneckerova substitucija,F10-0,3,0,0,0,1,yes,add W/S witness forms or explicit gap note from the 20-source shelf,,,,,,
ISV-kroneckerscher_satz_relativ-abelsche_kör--teorem_kronekera_rel,teorem Kronekera / relativno-Abelove polja,F10-1,2,1,1,0,0,review,backfill witness vector from 20-source shelf or mark explicit gap,A_probe_covered_concept,field,True,ar;be;bg;bs;cs;es;fa;fr;hr;mk;pl;sk;sl;sr,concept_shelf,field
ISV-kurzmitteilungen--kratke_komunikacije,kratke komunikacije,F10-1,3,0,0,0,0,review,backfill witness vector from 20-source shelf or mark explicit gap,D_no_route_true_gap,,False,,,
ISV-körper--tělo,tělo,F10-0,2,1,1,0,0,yes,record witness forms in the term row (currently prose/shelf only),,,,,,
ISV-körper_aller_komplexen_zahlen--polje_vsih_kompleksn,polje vsih kompleksnyh čisel,F10-0,2,1,1,0,0,yes,record witness forms in the term row (currently prose/shelf only),,,,,,
ISV-körper_funktionenkörper_zahlkörper--polje_polje_funkcij_,polje / polje funkcij / čislovo polje,F10-0,2,1,1,0,0,yes,record witness forms in the term row (currently prose/shelf only),,,,,,
ISV-körper_k_n_ho--polja_k_n_ho,"polja K_{nho}",F10-1,2,1,1,0,0,review,backfill witness vector from 20-source shelf or mark explicit gap,C_concept_linked_shelf_plausible,extension of the first kind,False,,concept_shelf,field
ISV-körper_kommutativer_körper--tělo_komutativno_pol,tělo; komutativno polje,F10-0,3,1,1,0,0,yes,record witness forms in the term row (currently prose/shelf only),,,,,,
ISV-körper_nicht_notwendig_kommutativ--tělo,tělo,F10-0,2,1,1,0,0,yes,record witness forms in the term row (currently prose/shelf only),,,,,,
ISV-körper_und_systeme_rationaler_funktionen--polja_i_sistemy_raci,Polja i sistemy racionalnyh funkcij,F10-1,2,1,1,0,0,review,backfill witness vector from 20-source shelf or mark explicit gap,A_probe_covered_concept,field,True,ar;be;bg;bs;cs;es;fa;fr;hr;mk;pl;sk;sl;sr,concept_shelf,field
ISV-kürzeste_darstellung--najkrajše_predstavje,najkrajše predstavjenje,F10-1,2,1,1,0,0,review,backfill witness vector from 20-source shelf or mark explicit gap,C_concept_linked_shelf_plausible,representation,True,,concept_shelf,representation
ISV-kürzeste_darstellungen--najkratše_predstavje,najkratše predstavjenja,F10-1,2,1,1,0,0,review,backfill witness vector from 20-source shelf or mark explicit gap,C_concept_linked_shelf_plausible,representation,True,,concept_shelf,representation
ISV-laenge_des_ideals_kompositionsreihe--dolžina_ideala_kompo,dolžina ideala / kompozicijna serija,F10-1,2,0,0,0,0,review,backfill witness vector from 20-source shelf or mark explicit gap,A_probe_covered_concept,ideal,True,be;bg;bs;cs;es;fa;fr;hr;mk;pl;sk;sl;sr,,
ISV-lagrangesche_ausdrücke--lagranževe_izrazy,Lagranževe izrazy,F10-1,2,0,0,0,0,review,backfill witness vector from 20-source shelf or mark explicit gap,A_probe_covered_concept,field,True,ar;be;bg;bs;cs;es;fa;fr;hr;mk;pl;sk;sl;sr,,
ISV-lagrangesche_gattungsbereiche--lagrangeve_rodove_ob,Lagrangeve rodove oblasti,F10-2,2,0,0,0,0,no_fix_first,"back the claim with W/S witness forms from the shelf, or weaken the claim",,,,,,
ISV-lagrangesche_interpolationsformel--lagrangeva_interpola,Lagrangeva interpolacijska formula,F10-1,2,0,0,0,0,review,backfill witness vector from 20-source shelf or mark explicit gap,A_probe_covered_concept,field,True,ar;be;bg;bs;cs;es;fa;fr;hr;mk;pl;sk;sl;sr,,
ISV-lagrangescher_gattungsbereich--lagrangeva_rodova_ob,Lagrangeva rodova oblast,F10-1,2,0,0,0,0,review,backfill witness vector from 20-source shelf or mark explicit gap,A_probe_covered_concept,field,True,ar;be;bg;bs;cs;es;fa;fr;hr;mk;pl;sk;sl;sr,,
ISV-lagrangescher_gattungsbereich--lagranžev_rodovy_dom,Lagranžev rodovy domen,F10-1,2,0,0,0,0,review,backfill witness vector from 20-source shelf or mark explicit gap,A_probe_covered_concept,field,True,ar;be;bg;bs;cs;es;fa;fr;hr;mk;pl;sk;sl;sr,,
ISV-lambda_beliebig--lambda_jest_proizvol,$\lambda$ jest proizvoljno,F10-1,3,0,0,0,0,review,backfill witness vector from 20-source shelf or mark explicit gap,D_no_route_true_gap,,False,,,
ISV-lexikographische_anordnung_höchste_glied--leksikografičny_red_,leksikografičny red / najvyšše členy,F10-1,3,0,0,0,0,review,backfill witness vector from 20-source shelf or mark explicit gap,A_probe_covered_concept,coefficient,True,ar;es;fa;fr,,
ISV-lexikographische_ordnung--leksikografičny_red,leksikografičny red,F10-1,3,0,0,0,0,review,backfill witness vector from 20-source shelf or mark explicit gap,A_probe_covered_concept,coefficient,True,ar;es;fa;fr,,
ISV-linear_gebrochene_abhängigkeit--linearno-drobna_zavi,linearno-drobna zavisnost,F10-1,2,0,0,0,0,review,backfill witness vector from 20-source shelf or mark explicit gap,B_intl_stem_probeable,linear,False,all_shelves,,
ISV-linear_unabhängig_in_bezug_auf_p--linearno_nezavisny_v,linearno nezavisny vzhodno k P,F10-1,2,0,0,0,0,review,backfill witness vector from 20-source shelf or mark explicit gap,B_intl_stem_probeable,linear,False,all_shelves,,
ISV-linear_unabhängig_voneinander_und_von--linearno_nezavisne_m,linearno nezavisne medžu soboju i od ...,F10-1,2,0,0,0,0,review,backfill witness vector from 20-source shelf or mark explicit gap,B_intl_stem_probeable,linear,False,all_shelves,,
ISV-linear_unabhängige_modulbasis_restklasse--linearno_nezavisna_m,linearno nezavisna modulna baza / klasy ostatkov / kongruencija,F10-0,2,0,0,0,1,yes,add W/S witness forms or explicit gap note from the 20-source shelf,,,,,,
ISV-lineare_basis_der_restgruppe--linearna_baza_grupy_,linearna baza grupy ostatkov,F10-1,2,1,1,0,0,review,backfill witness vector from 20-source shelf or mark explicit gap,A_probe_covered_concept,basis,True,ar;be;bg;cs;fa;hr;mk;pl;sl;sr,concept_shelf,basis
ISV-lineare_gleichungssysteme--linearne_sistemy_jed,linearne sistemy jednačenj,F10-1,2,0,0,0,0,review,backfill witness vector from 20-source shelf or mark explicit gap,A_probe_covered_concept,equation,True,ar;bg;cs;es;fa;fr;hr;pl;sk;sl,,
ISV-lineare_transformation--linearna_transformac,linearna transformacija,F10-1,2,0,0,0,0,review,backfill witness vector from 20-source shelf or mark explicit gap,B_intl_stem_probeable,linear,False,all_shelves,,
ISV-lineare_unabhängigkeit_gleichheitsdefini--linearna_nezavisimos,linearna nezavisimost / definicija ravnosti,F10-1,2,0,0,0,0,review,backfill witness vector from 20-source shelf or mark explicit gap,A_probe_covered_concept,definition,True,ar;es;fa;fr,,
ISV-lineare_verbindung_linearform--linearno_sočinenje_l,linearno sočinenje / linearna forma,F10-1,2,0,0,0,0,review,backfill witness vector from 20-source shelf or mark explicit gap,B_intl_stem_probeable,linear,False,all_shelves,,
ISV-lineare_verbindungen--linearne_kombinacije,linearne kombinacije,F10-1,2,0,0,0,0,review,backfill witness vector from 20-source shelf or mark explicit gap,B_intl_stem_probeable,linear,False,all_shelves,,
ISV-linearfaktor--linearny_faktor,linearny faktor,F10-0,3,0,0,0,1,yes,add W/S witness forms or explicit gap note from the 20-source shelf,,,,,,
ISV-linearfaktoren--linearne_faktory,linearne faktory,F10-1,2,0,0,0,0,review,backfill witness vector from 20-source shelf or mark explicit gap,B_intl_stem_probeable,linear,False,all_shelves,,
ISV-linearfaktoren_homogen_gemachte_wurzeln--linearne_faktory_odn,linearne faktory; odnorodnjene korenji,F10-0,2,0,0,0,1,yes,add W/S witness forms or explicit gap note from the 20-source shelf,,,,,,
ISV-linearformenmodul--modul_linearnyh_form,modul linearnyh form,F10-1,2,0,0,0,0,review,backfill witness vector from 20-source shelf or mark explicit gap,A_probe_covered_concept,module,True,ar;be;bg;bs;cs;es;fa;fr;mk;pl;sk;sl;sr,,
ISV-lineargebrochene_transformation--drobno-linearne_preo,drobno-linearne preobraženje,F10-1,2,0,0,0,0,review,backfill witness vector from 20-source shelf or mark explicit gap,B_intl_stem_probeable,linear,False,all_shelves,,
ISV-lineargebrochene_transformation--linearno-drobna_tran,linearno-drobna transformacija,F10-1,2,0,0,0,0,review,backfill witness vector from 20-source shelf or mark explicit gap,B_intl_stem_probeable,linear,False,all_shelves,,
ISV-linearunabhängigkeit_der_alpha_i--linearna_nezavisnost,linearna nezavisnost (alpha_i),F10-1,2,0,0,0,0,review,backfill witness vector from 20-source shelf or mark explicit gap,B_intl_stem_probeable,linear,False,all_shelves,,
ISV-linker_oberer_eckpunkt--lěvy_gorny_kut,lěvy gorny kut,F10-1,2,0,0,0,0,review,backfill witness vector from 20-source shelf or mark explicit gap,D_no_route_true_gap,,False,,,
ISV-linkseinheit--lěva_jedinica,lěva jedinica,F10-1,2,0,0,0,0,review,backfill witness vector from 20-source shelf or mark explicit gap,C_concept_linked_shelf_plausible,unit,False,,,
ISV-linkseinheit_rechtseinheit--lěva_jedinica_prava_,lěva jedinica / prava jedinica,F10-1,2,0,0,0,0,review,backfill witness vector from 20-source shelf or mark explicit gap,C_concept_linked_shelf_plausible,unit,False,,,
ISV-linksideale_rechtsideal--lěve_idealy_pravy_id,lěve idealy / pravy ideal,F10-1,2,0,0,0,0,review,backfill witness vector from 20-source shelf or mark explicit gap,A_probe_covered_concept,ideal,True,be;bg;bs;cs;es;fa;fr;hr;mk;pl;sk;sl;sr,,
ISV-lürothsche_funktion--lürothova_funkcija,Lürothova funkcija,F10-0,2,0,0,0,1,yes,add W/S witness forms or explicit gap note from the 20-source shelf,,,,,,
ISV-m_definierendes_ideal_implicit_in_scan_c--definujuči_ideal,definujuči ideal,F10-0,3,1,1,0,1,yes,add W/S witness forms or explicit gap note from the 20-source shelf,,,,,concept_shelf,ideal
ISV-mannigfaltigkeit--mnogovidnost,mnogovidnost,F10-1,3,0,0,0,0,review,backfill witness vector from 20-source shelf or mark explicit gap,D_no_route_true_gap,,False,,,
ISV-matrizeneinheiten--matrične_jedinice,matrične jedinice,F10-1,2,0,0,0,0,review,backfill witness vector from 20-source shelf or mark explicit gap,C_concept_linked_shelf_plausible,unit,False,,,
ISV-maximalbedingung--uslovje_maksimalnost,uslovje maksimalnosti,F10-1,2,0,0,0,0,review,backfill witness vector from 20-source shelf or mark explicit gap,B_intl_stem_probeable,maksimal,False,all_shelves,,
ISV-maximalbedingung_minimalbedingung_für_re--uslovje_maksimalnost,uslovje maksimalnosti / minimalnosti za prave idealy,F10-1,2,0,0,0,0,review,backfill witness vector from 20-source shelf or mark explicit gap,A_probe_covered_concept,ideal,True,be;bg;bs;cs;es;fa;fr;hr;mk;pl;sk;sl;sr,,
ISV-maximalbereich--maksimalna_oblast,maksimalna oblast,F10-1,2,0,0,0,0,review,backfill witness vector from 20-source shelf or mark explicit gap,B_intl_stem_probeable,maksimal,False,all_shelves,,
ISV-mengentheoretischer_durchschnitt--množinno-teoretičny_,množinno-teoretičny prěsěk,F10-1,2,0,0,0,0,review,backfill witness vector from 20-source shelf or mark explicit gap,D_no_route_true_gap,,False,,,
ISV-minimalbasis--minimalna_baza,minimalna baza,F10-1,2,0,0,0,0,review,backfill witness vector from 20-source shelf or mark explicit gap,A_probe_covered_concept,basis,True,ar;be;bg;cs;fa;hr;mk;pl;sl;sr,,
ISV-minimalbedingung--uslovje_minimalnosti,uslovje minimalnosti,F10-1,2,0,0,0,0,review,backfill witness vector from 20-source shelf or mark explicit gap,B_intl_stem_probeable,minimal,False,all_shelves,,
ISV-minimalresolvente--minimalna_rezolventa,minimalna rezolventa,F10-0,2,0,0,0,1,yes,add W/S witness forms or explicit gap note from the 20-source shelf,,,,,,
ISV-mit_ausnahme_von--s_izključenjem,s izključenjem,F10-1,3,0,0,0,0,review,backfill witness vector from 20-source shelf or mark explicit gap,C_concept_linked_shelf_plausible,prime ideal,True,,,
ISV-mit_einem_zusatz_gemeinsam_mit_e_noether--s_dodatkom_společně_,"s dodatkom, společně s E. Noether",F10-1,2,0,1,0,0,review,backfill witness vector from 20-source shelf or mark explicit gap,A_probe_covered_concept,corollary,True,es;fr,concept_shelf,corollary
ISV-mit_koeffizienten_aus_o_darstellbar--predstavime_s_koefic,predstavime s koeficientami iz o,F10-1,2,0,0,0,0,review,backfill witness vector from 20-source shelf or mark explicit gap,A_probe_covered_concept,coefficient,True,ar;es;fa;fr,,
ISV-modul_aus_linearformen--modul_iz_linearnyh_f,modul iz linearnyh form,F10-1,2,1,1,0,0,review,backfill witness vector from 20-source shelf or mark explicit gap,A_probe_covered_concept,module,True,ar;be;bg;bs;cs;es;fa;fr;mk;pl;sk;sl;sr,concept_shelf,module
ISV-modul_historical_generated_polynomial_se--modul,modul,F10-1,2,1,1,0,0,review,backfill witness vector from 20-source shelf or mark explicit gap,A_probe_covered_concept,polynomial,True,be;bg;bs;cs;es;fa;fr;hr;mk;pl;sk;sl;sr,concept_shelf,module
ISV-modul_in_σt--modul_v_σt,"modul v (Σ,T)",F10-1,3,1,1,0,0,review,backfill witness vector from 20-source shelf or mark explicit gap,B_intl_stem_probeable,modul,False,all_shelves,concept_shelf,module
ISV-modul_m_sigma_moduleigenschaft--modul_m_sigma_moduln,modul M_sigma / modulno svojstvo,F10-1,2,1,1,0,0,review,backfill witness vector from 20-source shelf or mark explicit gap,A_probe_covered_concept,module,True,ar;be;bg;bs;cs;es;fa;fr;mk;pl;sk;sl;sr,concept_shelf,module
ISV-modulbasen--modulne_bazy,modulne bazy,F10-1,2,0,0,0,0,review,backfill witness vector from 20-source shelf or mark explicit gap,B_intl_stem_probeable,modul,False,all_shelves,,
ISV-modulbasis--modulna_baza,modulna baza,F10-1,2,0,0,0,0,review,backfill witness vector from 20-source shelf or mark explicit gap,A_probe_covered_concept,basis,True,ar;be;bg;cs;fa;hr;mk;pl;sl;sr,,
ISV-modulbasis_endliche_modulbasis--bazis_modula_konečny,bazis modula / konečny bazis modula,F10-1,2,0,0,0,0,review,backfill witness vector from 20-source shelf or mark explicit gap,A_probe_covered_concept,basis,True,ar;be;bg;cs;fa;hr;mk;pl;sl;sr,,
ISV-modulbasis_fundamentalform_fundamentalgl--modulna_baza_fundame,modulna baza / fundamentalna forma / fundamentalno uravnenje,F10-0,2,0,0,0,1,yes,add W/S witness forms or explicit gap note from the 20-source shelf,,,,,,
ISV-modulbereich--modulna_oblast,modulna oblast,F10-1,2,0,0,0,0,review,backfill witness vector from 20-source shelf or mark explicit gap,B_intl_stem_probeable,modul,False,all_shelves,,
ISV-moduldarstellung--modulno_predstavjenj,modulno predstavjenje,F10-1,2,0,0,0,0,review,backfill witness vector from 20-source shelf or mark explicit gap,B_intl_stem_probeable,modul,False,all_shelves,,
ISV-moduleigenschaft_der_restgruppe--modulne_svojstvo,modulne svojstvo,F10-1,2,0,0,0,0,review,backfill witness vector from 20-source shelf or mark explicit gap,A_probe_covered_concept,module,True,ar;be;bg;bs;cs;es;fa;fr;mk;pl;sk;sl;sr,,
ISV-modulhomomorphie_zum_system_der_spuren_4--modulna_homomorfnost,"modulna homomorfnost ... k sistemě slědov (§4, 3)",F10-1,2,0,0,0,0,review,backfill witness vector from 20-source shelf or mark explicit gap,A_probe_covered_concept,covariant,True,es;fr,,
ISV-moduln--moduly,moduly,F10-1,2,1,1,0,0,review,backfill witness vector from 20-source shelf or mark explicit gap,B_intl_stem_probeable,modul,False,all_shelves,concept_shelf,module
ISV-modulprodukt--modulny_produkt,modulny produkt,F10-1,2,0,0,0,0,review,backfill witness vector from 20-source shelf or mark explicit gap,B_intl_stem_probeable,modul,False,all_shelves,,
ISV-modulquotient_idealquotient--modulny_kvocient_ide,modulny kvocient / idealny kvocient,F10-1,2,0,0,0,0,review,backfill witness vector from 20-source shelf or mark explicit gap,A_probe_covered_concept,ideal,True,be;bg;bs;cs;es;fa;fr;hr;mk;pl;sk;sl;sr,,
ISV-modultheorie_modulbasis_primmodul_nullmo--teorija_modulov_bazi,teorija modulov / bazis modula / prosty modul / nulovy modul,F10-1,2,0,0,0,0,review,backfill witness vector from 20-source shelf or mark explicit gap,A_probe_covered_concept,basis,True,ar;be;bg;cs;fa;hr;mk;pl;sl;sr,,
ISV-multiplicity_numbers--čisla_mnogokratnosti,čisla mnogokratnosti,F10-1,2,0,0,0,0,review,backfill witness vector from 20-source shelf or mark explicit gap,D_no_route_true_gap,,False,,,
ISV-multiplikationsring_reguläre_multiplikat--multiplikacijsko_kol,multiplikacijsko kolco / regularne multiplikacijske kolca,F10-3,2,0,0,0,1,no_fix_first,resolve vs okruh/prsten/kolobar with access-gain ledger + Interslavic authority input before external showing,,,,,,
ISV-multiplikationstafel--tablica_množenja,tablica množenja,F10-1,2,0,0,0,0,review,backfill witness vector from 20-source shelf or mark explicit gap,C_concept_linked_shelf_plausible,one-to-one,False,,,
ISV-multiplikatoren--množitelje,množitelje,F10-1,2,0,0,0,0,review,backfill witness vector from 20-source shelf or mark explicit gap,D_no_route_true_gap,,False,,,
ISV-multiplikatorenbereich--oblast_množiteljev,oblast množiteljev,F10-1,2,0,0,0,0,review,backfill witness vector from 20-source shelf or mark explicit gap,C_concept_linked_shelf_plausible,multiplier domain,False,,,
ISV-multiplizitaetsbedingungen_multiplizitae--uslovja_mnogokratnos,uslovja mnogokratnosti / mnogokratnost,F10-0,2,0,0,0,1,yes,add W/S witness forms or explicit gap note from the 20-source shelf,,,,,,
ISV-mächtigkeit--močnosť,močnosť,F10-0,2,0,0,0,1,yes,add W/S witness forms or explicit gap note from the 20-source shelf,,,,,,
ISV-mächtigkeit_des_kontinuums--močnosť_kontinuuma,močnosť kontinuuma,F10-1,2,0,0,0,0,review,backfill witness vector from 20-source shelf or mark explicit gap,D_no_route_true_gap,,False,,,
ISV-mächtigkeit_kontinuum_wohlordnungen--močnosť_kontinuum_do,močnosť / kontinuum / dobra uporjadkovanja,F10-1,3,0,0,0,0,review,backfill witness vector from 20-source shelf or mark explicit gap,C_concept_linked_shelf_plausible,chain condition,False,,,
ISV-nach_1_wird_jede_determinante_teilbar--po_punktu_1_vsaky_de,po punktu 1 vsaky determinant ... jest dělimy črez,F10-1,2,1,1,0,0,review,backfill witness vector from 20-source shelf or mark explicit gap,A_probe_covered_concept,determinant,True,ar;bg;cs;es;fa;fr;hr;mk;pl;sk;sl;sr,concept_shelf,determinant
ISV-nachbemerkung--dodatna_primětka,Dodatna primětka,F10-1,2,0,0,0,0,review,backfill witness vector from 20-source shelf or mark explicit gap,C_concept_linked_shelf_plausible,remark,False,,,
ISV-nachbemerkung--primětka,primětka,F10-1,2,0,0,0,0,review,backfill witness vector from 20-source shelf or mark explicit gap,C_concept_linked_shelf_plausible,remark,False,,,
ISV-natürliche_zur_gruppe_gehörige_irrationa--prirodne_iracionalno,prirodne iracionalnosti prinadležeče grupě,F10-1,2,1,1,0,0,review,backfill witness vector from 20-source shelf or mark explicit gap,A_probe_covered_concept,group,True,ar;be;bg;bs;cs;es;fa;fr;hr;mk;pl;sk;sl;sr,concept_shelf,group
ISV-nebenbedingung--dodatno_uslovje,dodatno uslovje,F10-1,2,0,0,0,0,review,backfill witness vector from 20-source shelf or mark explicit gap,A_probe_covered_concept,basis,True,ar;be;bg;cs;fa;hr;mk;pl;sl;sr,,
ISV-nenner--imenovatelj,imenovatelj,F10-1,2,0,0,0,0,review,backfill witness vector from 20-source shelf or mark explicit gap,C_concept_linked_shelf_plausible,representation,True,,,
ISV-nicht-isolierte_imbedded_primäre_ideale--neizolovane_imbedded,neizolovane (imbedded) primarne idealy,F10-0,2,1,1,0,1,yes,add W/S witness forms or explicit gap note from the 20-source shelf,,,,,concept_shelf,ideal
ISV-nicht-isomorph_oder_wesentlich_verschied--neizomorfne_ili_sušt,neizomorfne ili suštno različne,F10-1,2,1,1,0,0,review,backfill witness vector from 20-source shelf or mark explicit gap,B_intl_stem_probeable,izomorf,False,all_shelves,concept_shelf,isomorphism
ISV-nicht-kommutativer_ringbereich_nicht-kom--nekomutativna_kolcev,nekomutativna kolceva oblast / nekomutativno kolco,F10-3,2,0,0,0,0,no_fix_first,resolve vs okruh/prsten/kolobar with access-gain ledger + Interslavic authority input before external showing,,,,,,
ISV-nicht-rationale_involution--neracionalna_involuc,neracionalna involucija,F10-1,2,0,0,0,0,review,backfill witness vector from 20-source shelf or mark explicit gap,A_probe_covered_concept,basis,True,ar;be;bg;cs;fa;hr;mk;pl;sl;sr,,
ISV-nicht_identisch_verschwinden_identisch_v--ne_izčezaje_identičn,ne izčezaje identično / identično izčezaje,F10-1,3,0,0,0,0,review,backfill witness vector from 20-source shelf or mark explicit gap,D_no_route_true_gap,,False,,,
ISV-nicht_stichhaltig--ne_jest_dostatočno_o,ne jest dostatočno obosnovany,F10-1,2,0,0,0,0,review,backfill witness vector from 20-source shelf or mark explicit gap,D_no_route_true_gap,,False,,,
ISV-nichtkommutative_bereiche--nekomutativne_oblast,nekomutativne oblasti,F10-1,2,0,0,0,0,review,backfill witness vector from 20-source shelf or mark explicit gap,A_probe_covered_concept,ring,True,be;bg;bs;cs;es;fa;fr;hr;mk;pl;sk;sl;sr,,
ISV-nichtkommutative_ringe_sigma_vertauschba--nekomutativne_kolca_,nekomutativne kolca ... Sigma komutuje so vsimi elementami,F10-1,2,0,0,0,0,review,backfill witness vector from 20-source shelf or mark explicit gap,A_probe_covered_concept,ring,True,be;bg;bs;cs;es;fa;fr;hr;mk;pl;sk;sl;sr,,
ISV-nichtkommutativer_zweiseitiger_fall--nekomutativny_dvustr,nekomutativny dvustranny slučaj,F10-1,2,0,0,0,0,review,backfill witness vector from 20-source shelf or mark explicit gap,A_probe_covered_concept,ring,True,be;bg;bs;cs;es;fa;fr;hr;mk;pl;sk;sl;sr,,
ISV-nichtprimär--neprimarny,neprimarny,F10-1,2,0,0,0,0,review,backfill witness vector from 20-source shelf or mark explicit gap,D_no_route_true_gap,,False,,,
ISV-nichtprimär_primär--neprimarny_primarny,neprimarny / primarny,F10-1,2,0,0,0,0,review,backfill witness vector from 20-source shelf or mark explicit gap,D_no_route_true_gap,,False,,,
ISV-nichtverschwinden_der_diskriminante--nenulovost_diskrimin,nenulovost diskriminanta,F10-1,2,0,0,0,0,review,backfill witness vector from 20-source shelf or mark explicit gap,B_intl_stem_probeable,diskriminant,False,all_shelves,,
ISV-niedrigere_mannigfaltigkeit--nižša_mnogovidnost,nižša mnogovidnost,F10-1,2,0,0,0,0,review,backfill witness vector from 20-source shelf or mark explicit gap,C_concept_linked_shelf_plausible,form,False,,,
ISV-niedrigeren_grades--nižšego_stepena,nižšego stepena,F10-1,2,0,0,0,0,review,backfill witness vector from 20-source shelf or mark explicit gap,A_probe_covered_concept,equation,True,ar;bg;cs;es;fa;fr;hr;pl;sk;sl,,
ISV-nilpotentes_ideal--nilpotentny_ideal,nilpotentny ideal,F10-4,3,1,1,0,1,yes_with_definition,keep explicit definition at first use; mark authority-needed in review packet,,,,,concept_shelf,ideal
ISV-noetherscher_fundamentalsatz_der_algebra--noetherov_fundamenta,Noetherov fundamentalny teorem algebraičnyh funkcij,F10-0,3,0,0,0,1,yes,add W/S witness forms or explicit gap note from the 20-source shelf,,,,,,
ISV-norm_des_grundideals_nach_m--norma_osnovnogo_idea,norma osnovnogo ideala vzhodno k m,F10-1,2,1,1,0,0,review,backfill witness vector from 20-source shelf or mark explicit gap,A_probe_covered_concept,ideal,True,be;bg;bs;cs;es;fa;fr;hr;mk;pl;sk;sl;sr,concept_shelf,norm
ISV-norm_elementarteiler--norma_elementarny_dě,norma / elementarny dělitelj,F10-1,2,1,1,0,0,review,backfill witness vector from 20-source shelf or mark explicit gap,A_probe_covered_concept,element,True,es;fr,concept_shelf,norm
ISV-norm_nach_diesem_modul_nach_q--norma_po_tom_modulu_,norma po tom modulu / po Q,F10-1,2,1,1,0,0,review,backfill witness vector from 20-source shelf or mark explicit gap,A_probe_covered_concept,module,True,ar;be;bg;bs;cs;es;fa;fr;mk;pl;sk;sl;sr,concept_shelf,module
ISV-norm_normbildung--norma_obrazovanje_no,norma / obrazovanje normy,F10-1,2,1,1,0,0,review,backfill witness vector from 20-source shelf or mark explicit gap,C_concept_linked_shelf_plausible,norm,False,,concept_shelf,norm
ISV-norm_von_g_nach_a--norma_g_vzhodno_k_a,norma G vzhodno k A,F10-1,2,1,1,0,0,review,backfill witness vector from 20-source shelf or mark explicit gap,D_no_route_true_gap,,False,,concept_shelf,norm
ISV-normale_divisionsalgebra--normalna_dělitvena_a,normalna dělitvena algebra,F10-1,2,0,0,0,0,review,backfill witness vector from 20-source shelf or mark explicit gap,B_intl_stem_probeable,normal,False,all_shelves,,
ISV-normale_einfache_algebra--normalna_prosta_alge,normalna prosta algebra,F10-1,2,0,0,0,0,review,backfill witness vector from 20-source shelf or mark explicit gap,A_probe_covered_concept,group,True,ar;be;bg;bs;cs;es;fa;fr;hr;mk;pl;sk;sl;sr,,
ISV-normalform--normalna_forma,normalna forma,F10-1,2,0,0,0,0,review,backfill witness vector from 20-source shelf or mark explicit gap,B_intl_stem_probeable,normal,False,all_shelves,,
ISV-normalteiler--normalny_dělitelj,normalny dělitelj,F10-1,2,0,0,0,0,review,backfill witness vector from 20-source shelf or mark explicit gap,B_intl_stem_probeable,normal,False,all_shelves,,
ISV-normalteiler--normalny_podgrup,normalny podgrup,F10-1,2,0,0,0,0,review,backfill witness vector from 20-source shelf or mark explicit gap,B_intl_stem_probeable,normal,False,all_shelves,,
ISV-normenrest--unnamed,,F10-1,0,0,0,0,0,review,backfill witness vector from 20-source shelf or mark explicit gap,A_probe_covered_concept,module,True,ar;be;bg;bs;cs;es;fa;fr;mk;pl;sk;sl;sr,,
ISV-normenrestsymbol--normno-ostatkovy_sym,normno-ostatkovy symbol,F10-1,3,0,0,0,0,review,backfill witness vector from 20-source shelf or mark explicit gap,A_probe_covered_concept,module,True,ar;be;bg;bs;cs;es;fa;fr;mk;pl;sk;sl;sr,,
ISV-normensatz--normny_teorem,normny teorem,F10-1,2,0,0,0,0,review,backfill witness vector from 20-source shelf or mark explicit gap,A_probe_covered_concept,module,True,ar;be;bg;bs;cs;es;fa;fr;mk;pl;sk;sl;sr,,
ISV-nte_einheitswurzeln--n-e_korenje_iz_jedin,$n$-e korenje iz jedinice,F10-1,2,0,0,0,0,review,backfill witness vector from 20-source shelf or mark explicit gap,C_concept_linked_shelf_plausible,unit,False,,,
ISV-null-_bzw_einheitsideal--nulovy_ili_jediničny,nulovy ili jediničny ideal,F10-1,2,0,0,0,0,review,backfill witness vector from 20-source shelf or mark explicit gap,A_probe_covered_concept,ideal,True,be;bg;bs;cs;es;fa;fr;hr;mk;pl;sk;sl;sr,,
ISV-null_einheit_eigentliche_integritätsbere--nula_jedinica_vlastn,nula / jedinica / vlastne oblasti cělosti,F10-1,2,0,0,0,0,review,backfill witness vector from 20-source shelf or mark explicit gap,C_concept_linked_shelf_plausible,unit,False,,,
ISV-nullideal_einheitsideal--nulovy_ideal_jedinič,nulovy ideal / jediničny ideal,F10-1,2,0,0,0,0,review,backfill witness vector from 20-source shelf or mark explicit gap,A_probe_covered_concept,ideal,True,be;bg;bs;cs;es;fa;fr;hr;mk;pl;sk;sl;sr,,
ISV-nullideal_primideal--nulovy_ideal_prosty_,nulovy ideal / prosty ideal,F10-1,2,0,0,0,0,review,backfill witness vector from 20-source shelf or mark explicit gap,A_probe_covered_concept,ideal,True,be;bg;bs;cs;es;fa;fr;hr;mk;pl;sk;sl;sr,,
ISV-nulloperator--nuljevy_operator,nuljevy operator,F10-1,2,0,0,0,0,review,backfill witness vector from 20-source shelf or mark explicit gap,D_no_route_true_gap,,False,,,
ISV-nullstelle--nuljeva_točka,nuljeva točka,F10-1,3,0,0,0,0,review,backfill witness vector from 20-source shelf or mark explicit gap,A_probe_covered_concept,equation,True,ar;bg;cs;es;fa;fr;hr;pl;sk;sl,,
ISV-nullstelle_eines_primideals--nula_prostogo_ideala,nula prostogo ideala,F10-1,3,0,0,0,0,review,backfill witness vector from 20-source shelf or mark explicit gap,A_probe_covered_concept,ideal,True,be;bg;bs;cs;es;fa;fr;hr;mk;pl;sk;sl;sr,,
ISV-nullstelle_nullstellenkörper--nula_polje_nuljev,nula / polje nuljev,F10-0,2,1,1,0,0,yes,record witness forms in the term row (currently prose/shelf only),,,,,,
ISV-nullstelle_wurzel_einer_gleichung--korenj_uravnenja,korenj uravnenja,F10-1,3,0,0,0,0,review,backfill witness vector from 20-source shelf or mark explicit gap,A_probe_covered_concept,equation,True,ar;bg;cs;es;fa;fr;hr;pl;sk;sl,,
ISV-nullstellen--nulje,nulje,F10-1,2,0,0,0,0,review,backfill witness vector from 20-source shelf or mark explicit gap,A_probe_covered_concept,equation,True,ar;bg;cs;es;fa;fr;hr;pl;sk;sl,,
ISV-nullstellenkörper--polje_nuljev,polje nuljev,F10-0,2,1,1,0,0,yes,record witness forms in the term row (currently prose/shelf only),,,,,,
ISV-nullteiler--nulovy_dělitelj,nulovy dělitelj,F10-1,2,0,0,0,0,review,backfill witness vector from 20-source shelf or mark explicit gap,C_concept_linked_shelf_plausible,integral domain,False,,,
ISV-nullteilerideal--ideal-dělitelj_nuly,ideal-dělitelj nuly,F10-1,2,0,0,0,0,review,backfill witness vector from 20-source shelf or mark explicit gap,A_probe_covered_concept,ideal,True,be;bg;bs;cs;es;fa;fr;hr;mk;pl;sk;sl;sr,,
ISV-nächsthöherer_modul--najbližši_vyši_modul,najbližši vyši modul,F10-1,2,1,1,0,0,review,backfill witness vector from 20-source shelf or mark explicit gap,A_probe_covered_concept,module,True,ar;be;bg;bs;cs;es;fa;fr;mk;pl;sk;sl;sr,concept_shelf,module
ISV-o_p_has_only_one_prime_ideal_different_f--o_p_imaje_samo_jedin,"o_p imaje samo jedin prosty ideal, različny od nulovogo i jediničnogo",F10-1,2,1,1,0,0,review,backfill witness vector from 20-source shelf or mark explicit gap,A_probe_covered_concept,ideal,True,be;bg;bs;cs;es;fa;fr;hr;mk;pl;sk;sl;sr,concept_shelf,ideal
ISV-ohne_wiederholung_einmal_und_nur_einmal--bez_povtorjenja_jedi,bez povtorjenja / jedin raz i samo jedin raz,F10-1,2,0,0,0,0,review,backfill witness vector from 20-source shelf or mark explicit gap,D_no_route_true_gap,,False,,,
ISV-omega-prozeß--omega-proces,$\Omega$-proces,F10-1,2,0,0,0,0,review,backfill witness vector from 20-source shelf or mark explicit gap,D_no_route_true_gap,,False,,,
ISV-operatorhomomorphismus--operatorny_homomorfi,operatorny homomorfizm,F10-1,2,0,0,0,0,review,backfill witness vector from 20-source shelf or mark explicit gap,B_intl_stem_probeable,homomorf,False,all_shelves,,
ISV-operatorisomorphie--operatorny_izomorfiz,operatorny izomorfizm,F10-1,2,0,0,0,0,review,backfill witness vector from 20-source shelf or mark explicit gap,B_intl_stem_probeable,izomorf,False,all_shelves,,
ISV-ordnung--porjadok,porjadok,F10-2,3,0,0,0,0,no_fix_first,"back the claim with W/S witness forms from the shelf, or weaken the claim",,,,,,
ISV-ordnung_der_gruppe--red_grupy,red grupy,F10-1,3,0,0,0,0,review,backfill witness vector from 20-source shelf or mark explicit gap,A_probe_covered_concept,coefficient,True,ar;es;fa;fr,,
ISV-ordnung_endliche_ordnung--porjadok_konečny_por,porjadok / konečny porjadok,F10-1,2,0,0,0,0,review,backfill witness vector from 20-source shelf or mark explicit gap,A_probe_covered_concept,coefficient,True,ar;es;fa;fr,,
ISV-ordnung_in_bezug_auf_o--porjadok_vzhodno_k_o,porjadok vzhodno k o,F10-1,2,0,0,0,0,review,backfill witness vector from 20-source shelf or mark explicit gap,A_probe_covered_concept,coefficient,True,ar;es;fa;fr,,
ISV-ordnung_in_den_koeffizienten--poręd_v_koeficientah,poręd v koeficientah,F10-1,2,0,0,0,0,review,backfill witness vector from 20-source shelf or mark explicit gap,A_probe_covered_concept,coefficient,True,ar;es;fa;fr,,
ISV-ordnungen_von_relativkörpern--porjadky_relativnyh_,porjadky relativnyh polj,F10-0,2,0,0,0,1,yes,add W/S witness forms or explicit gap note from the 20-source shelf,,,,,,
ISV-orthogonalitätsbedingungen--ortogonalnostne_uslo,ortogonalnostne uslovja,F10-1,2,0,0,0,0,review,backfill witness vector from 20-source shelf or mark explicit gap,D_no_route_true_gap,,False,,,
ISV-orthogonalitätsrelationen--relacije_ortogonalno,relacije ortogonalnosti,F10-0,2,0,0,0,1,yes,add W/S witness forms or explicit gap note from the 20-source shelf,,,,,,
ISV-paarweise_teilerfremd--po_parah_vzajemno_pr,po parah vzajemno proste,F10-1,2,0,0,0,0,review,backfill witness vector from 20-source shelf or mark explicit gap,C_concept_linked_shelf_plausible,irreducible,False,,,
ISV-paarweise_teilerfremd--poparno_vzaimno_pros,poparno vzaimno proste,F10-1,2,0,0,0,0,review,backfill witness vector from 20-source shelf or mark explicit gap,C_concept_linked_shelf_plausible,irreducible,False,,,
ISV-paarweise_teilerfremde_primärideale--po_parah_vzajemno_pr,po parah vzajemno proste primarne ideale,F10-1,2,0,0,0,0,review,backfill witness vector from 20-source shelf or mark explicit gap,A_probe_covered_concept,ideal,True,be;bg;bs;cs;es;fa;fr;hr;mk;pl;sk;sl;sr,,
ISV-paarweise_teilerfremde_primärkomponenten--po_parah_vzajemno_pr,po parah vzajemno proste primarne komponenty,F10-0,2,1,0,0,1,yes,record witness forms in the term row (currently prose/shelf only),,,,,,
ISV-palpha_oder_einheitsideal--palpha_abo_jediničny,(p)^alpha abo jediničny ideal,F10-1,2,0,0,0,0,review,backfill witness vector from 20-source shelf or mark explicit gap,A_probe_covered_concept,ideal,True,be;bg;bs;cs;es;fa;fr;hr;mk;pl;sk;sl;sr,,
ISV-paper16_erratum_expanded_fields_with_con--razširjene_polja_s_k,razširjene polja s konjugatami y i Y,F10-1,2,0,0,0,0,review,backfill witness vector from 20-source shelf or mark explicit gap,A_probe_covered_concept,field,True,ar;be;bg;bs;cs;es;fa;fr;hr;mk;pl;sk;sl;sr,,
ISV-parameterdarstellung--parametrično_predsta,parametrično predstavjenje,F10-1,2,0,0,0,0,review,backfill witness vector from 20-source shelf or mark explicit gap,C_concept_linked_shelf_plausible,representation,True,,,
ISV-parameterdarstellung--parametrno_predstavj,parametrno predstavjenje,F10-1,2,0,0,0,0,review,backfill witness vector from 20-source shelf or mark explicit gap,C_concept_linked_shelf_plausible,representation,True,,,
ISV-peircesche_zerlegung--peirceovo_razloženje,Peirceovo razloženje,F10-1,2,0,0,0,0,review,backfill witness vector from 20-source shelf or mark explicit gap,C_concept_linked_shelf_plausible,decomposition,True,,,
ISV-polynombereich--polinomialno_kolco,polinomialno kolco,F10-3,3,0,0,0,1,no_fix_first,resolve vs okruh/prsten/kolobar with access-gain ledger + Interslavic authority input before external showing,,,,,,
ISV-polynombereich--polinomna_oblast,polinomna oblast,F10-0,3,0,0,0,1,yes,add W/S witness forms or explicit gap note from the 20-source shelf,,,,,,
ISV-polynombereich_polynome--polinomna_oblast_pol,polinomna oblast / polinomy,F10-1,2,1,1,0,0,review,backfill witness vector from 20-source shelf or mark explicit gap,A_probe_covered_concept,polynomial,True,be;bg;bs;cs;es;fa;fr;hr;mk;pl;sk;sl;sr,concept_shelf,polynomial
ISV-polynombereich_von_abzählbar_vielen_unbe--polinomna_oblast_iz_,polinomna oblast iz izčetno mnogih neopreděljenyh,F10-1,2,0,0,0,0,review,backfill witness vector from 20-source shelf or mark explicit gap,A_probe_covered_concept,polynomial,True,be;bg;bs;cs;es;fa;fr;hr;mk;pl;sk;sl;sr,,
ISV-polynomial_sense--v_polinomnom_smyslu,v polinomnom smyslu,F10-1,2,0,0,0,0,review,backfill witness vector from 20-source shelf or mark explicit gap,A_probe_covered_concept,polynomial,True,be;bg;bs;cs;es;fa;fr;hr;mk;pl;sk;sl;sr,,
ISV-potenzprodukt--stepenovy_produkt,stepenovy produkt,F10-1,2,0,0,0,0,review,backfill witness vector from 20-source shelf or mark explicit gap,C_concept_linked_shelf_plausible,proper divisor,False,,,
ISV-potenzprodukt_von_primidealen_echter_tei--produkt_stepenjev_pr,produkt stepenjev prostyh idealov / vlastny dělitelj,F10-1,2,0,0,0,0,review,backfill witness vector from 20-source shelf or mark explicit gap,A_probe_covered_concept,ideal,True,be;bg;bs;cs;es;fa;fr;hr;mk;pl;sk;sl;sr,,
ISV-potenzprodukte--potencijalne_produkt,potencijalne produkty,F10-0,2,0,0,0,1,yes,add W/S witness forms or explicit gap note from the 20-source shelf,,,,,,
ISV-potenzprodukte--produkty_stepenev,produkty stepenev,F10-2,2,0,0,0,0,no_fix_first,"back the claim with W/S witness forms from the shelf, or weaken the claim",,,,,,
ISV-potenzprodukte--stepenove_produkty,stepenove produkty,F10-1,2,0,0,0,0,review,backfill witness vector from 20-source shelf or mark explicit gap,A_probe_covered_concept,dimension,True,ar;bg;cs;es;fa;fr;hr;mk;pl;sk;sl;sr,,
ISV-potenzprodukte_im_nenner_partielle_ablei--produkty_stepenev_v_,produkty stepenev v imenovatelju / častne derivaty,F10-1,2,0,0,0,0,review,backfill witness vector from 20-source shelf or mark explicit gap,A_probe_covered_concept,dimension,True,ar;bg;cs;es;fa;fr;hr;mk;pl;sk;sl;sr,,
ISV-potenzprodukte_q-ter_dimension--stepenove_produkty_q,stepenove produkty q-oj stepeni,F10-1,2,1,1,0,0,review,backfill witness vector from 20-source shelf or mark explicit gap,A_probe_covered_concept,dimension,True,ar;bg;cs;es;fa;fr;hr;mk;pl;sk;sl;sr,concept_shelf,dimension
ISV-potenzsumme--stepenna_suma,stepenna suma,F10-1,2,0,0,0,0,review,backfill witness vector from 20-source shelf or mark explicit gap,C_concept_linked_shelf_plausible,prime ideal,True,,,
ISV-prim_zu_a_gegenseitig_prim--prost_vzhodno_k_a_vz,prost vzhodno k a / vzaimno proste v tom smyslu,F10-1,2,0,0,0,0,review,backfill witness vector from 20-source shelf or mark explicit gap,D_no_route_true_gap,,False,,,
ISV-primfunktion--nerazložimy_polinom,nerazložimy polinom,F10-1,2,0,0,0,0,review,backfill witness vector from 20-source shelf or mark explicit gap,B_intl_stem_probeable,polinom,False,all_shelves,,
ISV-primfunktion--prosta_funkcija,prosta funkcija,F10-1,2,0,0,0,0,review,backfill witness vector from 20-source shelf or mark explicit gap,B_intl_stem_probeable,funkci,False,all_shelves,,
ISV-primfunktion_erster_art--nerazložimy_polinom_,nerazložimy polinom prvogo roda,F10-1,2,0,0,0,0,review,backfill witness vector from 20-source shelf or mark explicit gap,B_intl_stem_probeable,polinom,False,all_shelves,,
ISV-primfunktion_primfaktoren--ireducibilna_funkcij,ireducibilna funkcija / ireducibilne faktory,F10-0,2,0,0,0,1,yes,add W/S witness forms or explicit gap note from the 20-source shelf,,,,,,
ISV-primfunktion_primärfunktion--prosta_funkcija_prim,prosta funkcija / primarna funkcija,F10-4,2,0,0,0,1,yes_with_definition,keep explicit definition at first use; mark authority-needed in review packet,,,,,,
ISV-primgruppe--prosta_grupa,prosta grupa,F10-1,2,0,0,0,0,review,backfill witness vector from 20-source shelf or mark explicit gap,A_probe_covered_concept,group,True,ar;be;bg;bs;cs;es;fa;fr;hr;mk;pl;sk;sl;sr,,
ISV-primgröße--prosty_element,prosty element,F10-1,2,0,0,0,0,review,backfill witness vector from 20-source shelf or mark explicit gap,B_intl_stem_probeable,element,True,all_shelves,,
ISV-primgröße_des_grundbereichs--prosty_element_osnov,prosty element osnovnoj oblasti,F10-1,2,0,0,0,0,review,backfill witness vector from 20-source shelf or mark explicit gap,A_probe_covered_concept,polynomial,True,be;bg;bs;cs;es;fa;fr;hr;mk;pl;sk;sl;sr,,
ISV-primideal--prost_ideal,prost ideal,F10-1,2,1,1,0,0,review,backfill witness vector from 20-source shelf or mark explicit gap,A_probe_covered_concept,ideal,True,be;bg;bs;cs;es;fa;fr;hr;mk;pl;sk;sl;sr,concept_shelf,prime ideal
ISV-primideal--prosty_ideal,prosty ideal,F10-1,2,1,1,0,0,review,backfill witness vector from 20-source shelf or mark explicit gap,A_probe_covered_concept,ideal,True,be;bg;bs;cs;es;fa;fr;hr;mk;pl;sk;sl;sr,concept_shelf,prime ideal
ISV-primideal_eigentliches_primärideal--prost_ideal_vlastny_,prost ideal / vlastny primarny ideal,F10-1,3,1,1,0,0,review,backfill witness vector from 20-source shelf or mark explicit gap,A_probe_covered_concept,ideal,True,be;bg;bs;cs;es;fa;fr;hr;mk;pl;sk;sl;sr,concept_shelf,prime ideal
ISV-primideal_erster_und_zweiter_art--prosty_ideal_prvogo_,prosty ideal prvogo i drugogo roda,F10-1,3,1,1,0,0,review,backfill witness vector from 20-source shelf or mark explicit gap,A_probe_covered_concept,ideal,True,be;bg;bs;cs;es;fa;fr;hr;mk;pl;sk;sl;sr,concept_shelf,prime ideal
ISV-primideal_erster_zweiter_art--prosty_ideal_prvogo_,prosty ideal prvogo / drugogo roda,F10-1,2,1,1,0,0,review,backfill witness vector from 20-source shelf or mark explicit gap,A_probe_covered_concept,ideal,True,be;bg;bs;cs;es;fa;fr;hr;mk;pl;sk;sl;sr,concept_shelf,prime ideal
ISV-primideal_p_aus_einem_multiplikationsrin--prosty_ideal_p_iz_mu,prosty ideal p iz multiplikacijskogo kolca o,F10-1,2,1,1,0,0,review,backfill witness vector from 20-source shelf or mark explicit gap,A_probe_covered_concept,ideal,True,be;bg;bs;cs;es;fa;fr;hr;mk;pl;sk;sl;sr,concept_shelf,prime ideal
ISV-primideal_primaerideal_primaerkomponente--prosty_ideal_primarn,prosty ideal / primarny ideal / primarna komponenta,F10-1,2,1,1,0,0,review,backfill witness vector from 20-source shelf or mark explicit gap,A_probe_covered_concept,ideal,True,be;bg;bs;cs;es;fa;fr;hr;mk;pl;sk;sl;sr,concept_shelf,prime ideal
ISV-primideal_primideale--prosty_ideal_proste_,prosty ideal / proste idealy,F10-1,2,1,1,0,0,review,backfill witness vector from 20-source shelf or mark explicit gap,A_probe_covered_concept,ideal,True,be;bg;bs;cs;es;fa;fr;hr;mk;pl;sk;sl;sr,concept_shelf,prime ideal
ISV-primideal_primärideal_zugehöriges_primid--prost_ideal_primarny,prost ideal / primarny ideal / asociovany prost ideal,F10-0,3,1,1,0,1,yes,add W/S witness forms or explicit gap note from the 20-source shelf,,,,,concept_shelf,prime ideal
ISV-primideal_primärideal_zugehöriges_primid--prosty_ideal_primarn,prosty ideal / primarny ideal / asociovany prosty ideal,F10-1,2,1,1,0,0,review,backfill witness vector from 20-source shelf or mark explicit gap,A_probe_covered_concept,ideal,True,be;bg;bs;cs;es;fa;fr;hr;mk;pl;sk;sl;sr,concept_shelf,prime ideal
ISV-primideal_zweiter_art--prosty_ideal_drugogo,prosty ideal drugogo roda,F10-1,2,1,1,0,0,review,backfill witness vector from 20-source shelf or mark explicit gap,A_probe_covered_concept,ideal,True,be;bg;bs;cs;es;fa;fr;hr;mk;pl;sk;sl;sr,concept_shelf,prime ideal
ISV-primidealen--proste_idealy,proste idealy,F10-1,2,0,0,0,0,review,backfill witness vector from 20-source shelf or mark explicit gap,A_probe_covered_concept,ideal,True,be;bg;bs;cs;es;fa;fr;hr;mk;pl;sk;sl;sr,,
ISV-primitive_polynome--primitivne_polinomy,primitivne polinomy,F10-1,2,1,1,0,0,review,backfill witness vector from 20-source shelf or mark explicit gap,A_probe_covered_concept,polynomial,True,be;bg;bs;cs;es;fa;fr;hr;mk;pl;sk;sl;sr,concept_shelf,polynomial
ISV-primitives_element_primitive_funktion--primitivny_element_p,primitivny element / primitivna funkcija,F10-1,2,0,0,0,0,review,backfill witness vector from 20-source shelf or mark explicit gap,A_probe_covered_concept,element,True,es;fr,,
ISV-primkörper--prvotno_polje,prvotno polje,F10-0,3,1,1,0,0,yes,record witness forms in the term row (currently prose/shelf only),,,,,,
ISV-primmodul--prosty_modul,prosty modul,F10-1,2,0,0,0,0,review,backfill witness vector from 20-source shelf or mark explicit gap,A_probe_covered_concept,module,True,ar;be;bg;bs;cs;es;fa;fr;mk;pl;sk;sl;sr,,
ISV-primär--primarny,primarny,F10-0,2,0,0,0,1,yes,add W/S witness forms or explicit gap note from the 20-source shelf,,,,,,
ISV-primäre_ideale_primärer_faktor--primarne_idealy_prim,primarne idealy / primarny faktor,F10-0,3,1,1,0,1,yes,add W/S witness forms or explicit gap note from the 20-source shelf,,,,,concept_shelf,ideal
ISV-primäre_ringe--primarne_kolca,primarne kolca,F10-1,2,0,0,0,0,review,backfill witness vector from 20-source shelf or mark explicit gap,A_probe_covered_concept,ring,True,be;bg;bs;cs;es;fa;fr;hr;mk;pl;sk;sl;sr,,
ISV-primärer_ring--primarno_kolco,primarno kolco,F10-3,2,0,0,0,0,no_fix_first,resolve vs okruh/prsten/kolobar with access-gain ledger + Interslavic authority input before external showing,,,,,,
ISV-primärfaktoren--primarne_faktory,primarne faktory,F10-1,2,0,0,0,0,review,backfill witness vector from 20-source shelf or mark explicit gap,C_concept_linked_shelf_plausible,direct factor,False,,,
ISV-primärfunktion--primarna_funkcija,primarna funkcija,F10-1,2,0,0,0,0,review,backfill witness vector from 20-source shelf or mark explicit gap,B_intl_stem_probeable,funkci,False,all_shelves,,
ISV-primärideal--primarny_ideal,primarny ideal,F10-0,3,0,0,0,1,yes,add W/S witness forms or explicit gap note from the 20-source shelf,,,,,,
ISV-produkt_der_diskriminantenideale_der_kom--produkt_diskriminant,produkt diskriminantnyh idealov komponentov,F10-0,3,0,0,0,1,yes,add W/S witness forms or explicit gap note from the 20-source shelf,,,,,,
ISV-produkt_von_endlich_vielen_paarweise_tei--produkt_konečno_mnog,produkt konečno mnogih poparno vzaimno prostyh idealov,F10-1,2,0,0,0,0,review,backfill witness vector from 20-source shelf or mark explicit gap,A_probe_covered_concept,ideal,True,be;bg;bs;cs;es;fa;fr;hr;mk;pl;sk;sl;sr,,
ISV-produkt_von_endlich_vielen_paarweise_tei--produkt_konečno_mnog,produkt konečno mnogih po parah vzajemno prostyh primarnyh idealov,F10-1,2,0,0,0,0,review,backfill witness vector from 20-source shelf or mark explicit gap,A_probe_covered_concept,ideal,True,be;bg;bs;cs;es;fa;fr;hr;mk;pl;sk;sl;sr,,
ISV-produkt_von_idealen_definition_iiia--produkt_idealov,produkt idealov,F10-1,2,1,1,0,0,review,backfill witness vector from 20-source shelf or mark explicit gap,A_probe_covered_concept,definition,True,ar;es;fa;fr,concept_shelf,definition
ISV-produktbegriff_nicht_auf_moduln_übertrag--pojem_produkta_ne_pr,pojem produkta ne prěnosi se na moduly,F10-1,2,1,1,0,0,review,backfill witness vector from 20-source shelf or mark explicit gap,A_probe_covered_concept,module,True,ar;be;bg;bs;cs;es;fa;fr;mk;pl;sk;sl;sr,concept_shelf,module
ISV-produktdarstellung--produktno_predstavje,produktno predstavjenje,F10-1,3,0,0,0,0,review,backfill witness vector from 20-source shelf or mark explicit gap,A_probe_covered_concept,polynomial,True,be;bg;bs;cs;es;fa;fr;hr;mk;pl;sk;sl;sr,,
ISV-produkte--produkty,produkty,F10-0,2,0,0,0,1,yes,add W/S witness forms or explicit gap note from the 20-source shelf,,,,,,
ISV-produktenring--kolco_produkta,kolco produkta,F10-3,2,1,0,0,1,no_fix_first,resolve vs okruh/prsten/kolobar with access-gain ledger + Interslavic authority input before external showing,,,,,,
ISV-produktsaetze_von_landau--landauove_produktne_,Landauove produktne teoremy,F10-1,2,0,0,0,0,review,backfill witness vector from 20-source shelf or mark explicit gap,B_intl_stem_probeable,teorem,False,all_shelves,,
ISV-produktsatz_für_matrizen--teorema_produkta_za_,teorema produkta za matrice,F10-1,2,0,0,0,0,review,backfill witness vector from 20-source shelf or mark explicit gap,B_intl_stem_probeable,teorem,False,all_shelves,,
ISV-projektive_invariantenkörper--projektivna_invarian,projektivna invariantna polja,F10-1,2,0,0,0,0,review,backfill witness vector from 20-source shelf or mark explicit gap,A_probe_covered_concept,field,True,ar;be;bg;bs;cs;es;fa;fr;hr;mk;pl;sk;sl;sr,,
ISV-proper-name_and_bibliography_protection_--foreign_journaltitle,foreign journal/title fragments protected with \emph; running Interslavic prose transliterated,F10-0,2,0,0,0,1,yes,add W/S witness forms or explicit gap note from the 20-source shelf,,,,,,
ISV-quadratische_relationen_quadratische_for--kvadratične_relacije,kvadratične relacije / kvadratične formy,F10-1,3,0,0,0,0,review,backfill witness vector from 20-source shelf or mark explicit gap,A_probe_covered_concept,relation,True,es;fr,,
ISV-quasi-lexikographische_anordnung--kvazi-leksikografičn,kvazi-leksikografičny porjadok,F10-0,2,0,0,0,1,yes,add W/S witness forms or explicit gap note from the 20-source shelf,,,,,,
ISV-quotient_adi--kvocient_adi,kvocient a/D^{(i)},F10-1,2,0,0,0,0,review,backfill witness vector from 20-source shelf or mark explicit gap,A_probe_covered_concept,ideal,True,be;bg;bs;cs;es;fa;fr;hr;mk;pl;sk;sl;sr,,
ISV-quotient_by_the_basic_ideal--kvocient_črez_osnovn,kvocient ... črez osnovny ideal,F10-1,2,1,1,0,0,review,backfill witness vector from 20-source shelf or mark explicit gap,A_probe_covered_concept,ideal,True,be;bg;bs;cs;es;fa;fr;hr;mk;pl;sk;sl;sr,concept_shelf,ideal
ISV-quotient_zweier_moduln--kvocient_dvoh_modulo,kvocient dvoh modulov,F10-1,2,1,1,0,0,review,backfill witness vector from 20-source shelf or mark explicit gap,A_probe_covered_concept,ideal,True,be;bg;bs;cs;es;fa;fr;hr;mk;pl;sk;sl;sr,concept_shelf,module
ISV-quotientenbildung--tvorjenje_kvocientov,tvorjenje kvocientov,F10-0,2,0,0,0,1,yes,add W/S witness forms or explicit gap note from the 20-source shelf,,,,,,
ISV-quotientenkörper--kvocientno_polje,kvocientno polje,F10-0,3,1,1,0,1,yes,record witness forms in the term row (currently prose/shelf only),,,,,,
ISV-quotientenkörper--polje_kvocientov,polje kvocientov,F10-0,3,1,1,0,1,yes,record witness forms in the term row (currently prose/shelf only),,,,,,
ISV-quotientenkörper_eines_integritätsbereic--polje_kvocientov_int,polje kvocientov integralnoj oblasti,F10-0,2,1,1,0,1,yes,record witness forms in the term row (currently prose/shelf only),,,,,,
ISV-quotientenring--kolco_kvocientov,kolco kvocientov,F10-3,2,0,0,0,0,no_fix_first,resolve vs okruh/prsten/kolobar with access-gain ledger + Interslavic authority input before external showing,,,,,,
ISV-r-ordnung--r-porjadok,R-porjadok,F10-0,2,0,0,0,1,yes,add W/S witness forms or explicit gap note from the 20-source shelf,,,,,,
ISV-r_brauersche_gruppe--brauerova_grupa,Brauerova grupa,F10-1,2,1,1,0,0,review,backfill witness vector from 20-source shelf or mark explicit gap,A_probe_covered_concept,group,True,ar;be;bg;bs;cs;es;fa;fr;hr;mk;pl;sk;sl;sr,concept_shelf,group
ISV-r_homomorph_zu_k_i_durch_elemente_aus_k_--r_jest_homomorfno_k_,R jest homomorfno k K_i / izraziti črez elementy iz K_i,F10-0,3,1,1,0,1,yes,add W/S witness forms or explicit gap note from the 20-source shelf,,,,,concept_shelf,homomorphism
ISV-radikal--radikal,radikal,F10-1,2,0,0,0,0,review,backfill witness vector from 20-source shelf or mark explicit gap,C_concept_linked_shelf_plausible,ring without radical,False,,,
ISV-randglieder_randintegral--granične_členy_grani,granične členy / graničny integral,F10-1,2,0,0,0,0,review,backfill witness vector from 20-source shelf or mark explicit gap,A_probe_covered_concept,resultant,True,es,,
ISV-rang--rang,rang,F10-0,2,0,0,0,1,yes,add W/S witness forms or explicit gap note from the 20-source shelf,,,,,,
ISV-rational-ganze_adjunktion--racionalno-cěla_adju,racionalno-cěla adjunkcija,F10-0,2,0,0,0,1,yes,add W/S witness forms or explicit gap note from the 20-source shelf,,,,,,
ISV-rational-gebrochen_algebraisch-gebrochen--racionalno-drobny_al,racionalno-drobny / algebraično-drobny,F10-1,2,0,0,0,0,review,backfill witness vector from 20-source shelf or mark explicit gap,A_probe_covered_concept,field,True,ar;be;bg;bs;cs;es;fa;fr;hr;mk;pl;sk;sl;sr,,
ISV-rational_abhängigunabhängig--racionalno_zavisny_n,racionalno zavisny / nezavisny,F10-1,2,0,0,0,0,review,backfill witness vector from 20-source shelf or mark explicit gap,B_intl_stem_probeable,racional,False,all_shelves,,
ISV-rationalbasis--racionalna_baza,racionalna baza,F10-1,2,0,0,0,0,review,backfill witness vector from 20-source shelf or mark explicit gap,A_probe_covered_concept,basis,True,ar;be;bg;cs;fa;hr;mk;pl;sl;sr,,
ISV-rationale_basis_algebraische_basis--racionalna_baza_alge,racionalna baza / algebraična baza,F10-1,2,1,1,0,0,review,backfill witness vector from 20-source shelf or mark explicit gap,A_probe_covered_concept,basis,True,ar;be;bg;cs;fa;hr;mk;pl;sl;sr,concept_shelf,basis
ISV-rationale_basis_aller_zahlen--racionalna_baza_vsih,racionalna baza vsih čisel,F10-1,3,1,1,0,0,review,backfill witness vector from 20-source shelf or mark explicit gap,A_probe_covered_concept,basis,True,ar;be;bg;cs;fa;hr;mk;pl;sl;sr,concept_shelf,basis
ISV-rationale_basis_mit_nebenbedingung--racionalna_baza_s_do,racionalna baza s dodatnym uslovjem,F10-1,2,1,1,0,0,review,backfill witness vector from 20-source shelf or mark explicit gap,A_probe_covered_concept,basis,True,ar;be;bg;cs;fa;hr;mk;pl;sl;sr,concept_shelf,basis
ISV-rationale_darstellung--racionalno_predstavj,racionalno predstavjenje,F10-1,2,1,1,0,0,review,backfill witness vector from 20-source shelf or mark explicit gap,A_probe_covered_concept,basis,True,ar;be;bg;cs;fa;hr;mk;pl;sl;sr,concept_shelf,representation
ISV-rationale_funktionenkörper_rationaler_fu--polja_racionalnyh_fu,polja racionalnyh funkcij / polje racionalnyh funkcij,F10-0,2,1,1,0,0,yes,record witness forms in the term row (currently prose/shelf only),,,,,,
ISV-rationale_verbindung--racionalna_kombinaci,racionalna kombinacija,F10-1,2,0,0,0,0,review,backfill witness vector from 20-source shelf or mark explicit gap,A_probe_covered_concept,basis,True,ar;be;bg;cs;fa;hr;mk;pl;sl;sr,,
ISV-rationale_zahl_algebraische_zahl_transze--racionalno_algebraič,racionalno / algebraično / transcendentno čislo,F10-0,2,0,0,0,1,yes,add W/S witness forms or explicit gap note from the 20-source shelf,,,,,,
ISV-rationalitätsbereich--oblast_racionalnosti,oblast racionalnosti,F10-1,2,0,0,0,0,review,backfill witness vector from 20-source shelf or mark explicit gap,B_intl_stem_probeable,racional,False,all_shelves,,
ISV-rationalzahlige_koeffizienten_funktionen--racionalno-čislove_k,racionalno-čislove koeficienty / funkcije,F10-1,2,0,0,0,0,review,backfill witness vector from 20-source shelf or mark explicit gap,A_probe_covered_concept,coefficient,True,ar;es;fa;fr,,
ISV-rechteckiges_schema--pręmougolna_shema,pręmougolna shema,F10-1,2,0,0,0,0,review,backfill witness vector from 20-source shelf or mark explicit gap,C_concept_linked_shelf_plausible,folding,False,,,
ISV-rechts-_bzw_linksklassen--prave_odnosno_lěve_k,prave odnosno lěve klasy,F10-1,2,0,0,0,0,review,backfill witness vector from 20-source shelf or mark explicit gap,C_concept_linked_shelf_plausible,discriminant,False,,,
ISV-rechtsdarstellung_linksdarstellung--pravo_predstavjenje_,pravo predstavjenje / lěvo predstavjenje,F10-1,2,0,0,0,0,review,backfill witness vector from 20-source shelf or mark explicit gap,C_concept_linked_shelf_plausible,representation,True,,,
ISV-rechtsseitig_linksseitig_zweiseitig--pravostranny_lěvostr,pravostranny / lěvostranny / dvustranny modul,F10-1,2,0,0,0,0,review,backfill witness vector from 20-source shelf or mark explicit gap,A_probe_covered_concept,ring,True,be;bg;bs;cs;es;fa;fr;hr;mk;pl;sk;sl;sr,,
ISV-rechtsseitige_linksseitige_zweiseitige_m--pravostranne_lěvostr,pravostranne / lěvostranne / dvostranne moduly i idealy,F10-0,2,1,1,0,1,yes,add W/S witness forms or explicit gap note from the 20-source shelf,,,,,concept_shelf,ideal
ISV-red_norm_red_differente--reducirana_norma_red,reducirana norma / reducirana diferenta,F10-0,2,1,1,0,1,yes,add W/S witness forms or explicit gap note from the 20-source shelf,,,,,concept_shelf,norm
ISV-reduktion_oder_zerfallen--redukcija_abo_razkla,redukcija abo razklad,F10-1,2,0,0,0,0,review,backfill witness vector from 20-source shelf or mark explicit gap,B_intl_stem_probeable,reduk,False,all_shelves,,
ISV-reduktionen--redukcije,redukcije,F10-0,2,0,0,0,1,yes,add W/S witness forms or explicit gap note from the 20-source shelf,,,,,,
ISV-reduktionen_folgen_direkt_durch_einmalig--redukcije_slědujut_n,redukcije slědujut neposrědno ... črez jednokratno svijanje,F10-1,2,0,0,0,0,review,backfill witness vector from 20-source shelf or mark explicit gap,B_intl_stem_probeable,reduk,False,all_shelves,,
ISV-reduktionssätze--redukcijne_teoremy,redukcijne teoremy,F10-0,3,0,0,0,1,yes,add W/S witness forms or explicit gap note from the 20-source shelf,,,,,,
ISV-reduzent--reducent,reducent,F10-4,2,0,0,0,0,yes_with_definition,keep explicit definition at first use; mark authority-needed in review packet,,,,,,
ISV-reduzenten--reducenty,reducenty,F10-1,2,0,0,0,0,review,backfill witness vector from 20-source shelf or mark explicit gap,C_concept_linked_shelf_plausible,reducent,False,,,
ISV-reduzibel--reducibilny,reducibilny,F10-4,3,0,0,0,1,yes_with_definition,keep explicit definition at first use; mark authority-needed in review packet,,,,,,
ISV-reduzibel_irreduzibel--razložimy_nerazložim,razložimy / nerazložimy,F10-1,2,0,0,0,0,review,backfill witness vector from 20-source shelf or mark explicit gap,C_concept_linked_shelf_plausible,completely reducible,False,,,
ISV-reduzibel_irreduzibel--reducibilny_ireducib,reducibilny / ireducibilny,F10-0,3,0,0,0,1,yes,add W/S witness forms or explicit gap note from the 20-source shelf,,,,,,
ISV-reduzibilitätsform--forma_reducibilnosti,forma reducibilnosti,F10-0,3,0,0,0,1,yes,add W/S witness forms or explicit gap note from the 20-source shelf,,,,,,
ISV-reduziert_in_bezug_auf_das_komplement_in--redukovano_v_odnosu_,redukovano v odnosu k komplementu / k R,F10-1,2,0,0,0,0,review,backfill witness vector from 20-source shelf or mark explicit gap,B_intl_stem_probeable,reduk,False,all_shelves,,
ISV-reduzierte_darstellung--redukovano_predstavj,redukovano predstavjenje,F10-1,2,1,1,0,0,review,backfill witness vector from 20-source shelf or mark explicit gap,B_intl_stem_probeable,reduk,False,all_shelves,concept_shelf,representation
ISV-reduzierter_grad--redukovany_stepen,redukovany stepen,F10-0,2,0,0,0,1,yes,add W/S witness forms or explicit gap note from the 20-source shelf,,,,,,
ISV-reduzierter_grad_exponent--redukovany_stepenj_e,redukovany stepenj / eksponenta,F10-1,2,0,0,0,0,review,backfill witness vector from 20-source shelf or mark explicit gap,B_intl_stem_probeable,reduk,False,all_shelves,,
ISV-regulaeres_wertsystem_singularitaeten--regularny_sistem_vrě,regularny sistem vrědnostij / singularnosti,F10-1,2,0,0,0,0,review,backfill witness vector from 20-source shelf or mark explicit gap,A_probe_covered_concept,covariant,True,es;fr,,
ISV-reguläre_darstellung--regularno_predstavje,regularno predstavjenje,F10-0,2,0,0,0,1,yes,add W/S witness forms or explicit gap note from the 20-source shelf,,,,,,
ISV-reguläre_systeme_fundamentalpunktlos--regularne_sistemy_be,regularne sistemy; bez fundamentalnyh toček,F10-1,2,0,0,0,0,review,backfill witness vector from 20-source shelf or mark explicit gap,A_probe_covered_concept,field,True,ar;be;bg;bs;cs;es;fa;fr;hr;mk;pl;sk;sl;sr,,
ISV-reguläres_element_nichtnullteiler--regularny_element_ne,regularny element / nedělitelj nuly,F10-0,2,0,0,0,1,yes,add W/S witness forms or explicit gap note from the 20-source shelf,,,,,,
ISV-reguläres_polynom_in_bezug_auf_x_i--regularny_polinom_vz,regularny polinom vzhodno k x_i,F10-0,2,1,1,0,1,yes,add W/S witness forms or explicit gap note from the 20-source shelf,,,,,concept_shelf,polynomial
ISV-reihenentwicklung--razvitje_v_rěd,razvitje v rěd,F10-1,2,0,0,0,0,review,backfill witness vector from 20-source shelf or mark explicit gap,D_no_route_true_gap,,False,,,
ISV-reihenentwicklung_nach_polaren--razvitje_v_ręd_po_po,razvitje v ręd po polarah,F10-1,2,0,0,0,0,review,backfill witness vector from 20-source shelf or mark explicit gap,D_no_route_true_gap,,False,,,
ISV-rekurrierend_definierte_basisgrößen--rekurzivno_označene_,rekurzivno označene bazove veličiny,F10-1,2,0,0,0,0,review,backfill witness vector from 20-source shelf or mark explicit gap,A_probe_covered_concept,basis,True,ar;be;bg;cs;fa;hr;mk;pl;sl;sr,,
ISV-rekurrierend_gefundenen_schlußwerte--konečne_vrědnosti_na,konečne vrědnosti najdene rekursivno,F10-0,2,0,0,0,1,yes,add W/S witness forms or explicit gap note from the 20-source shelf,,,,,,
ISV-relationen--relacije,relacije,F10-1,2,0,0,0,0,review,backfill witness vector from 20-source shelf or mark explicit gap,A_probe_covered_concept,relation,True,es;fr,,
ISV-relativ-galoissche_zahlkörper--relativno-galoisove_,relativno-Galoisove čislove polja,F10-1,3,0,0,0,0,review,backfill witness vector from 20-source shelf or mark explicit gap,A_probe_covered_concept,field,True,ar;be;bg;bs;cs;es;fa;fr;hr;mk;pl;sk;sl;sr,,
ISV-relativ-galoissche_zahlkörper--unnamed,,F10-1,0,0,0,0,0,review,backfill witness vector from 20-source shelf or mark explicit gap,A_probe_covered_concept,field,True,ar;be;bg;bs;cs;es;fa;fr;hr;mk;pl;sk;sl;sr,,
ISV-relativ-ganze_funktionen--relativno_cěle_funkc,relativno cěle funkcije,F10-1,2,0,0,0,0,review,backfill witness vector from 20-source shelf or mark explicit gap,A_probe_covered_concept,coefficient,True,ar;es;fa;fr,,
ISV-relativ-ganze_funktionen_bereiche_erster--relativno_cěle_funkc,relativno cěle funkcije / oblasti prvogo roda,F10-1,2,0,0,0,0,review,backfill witness vector from 20-source shelf or mark explicit gap,A_probe_covered_concept,coefficient,True,ar;es;fa;fr,,
ISV-relativ_ganze_funktionen--relativno_cěle_funkc,relativno cěle funkcije,F10-1,2,0,0,0,0,review,backfill witness vector from 20-source shelf or mark explicit gap,A_probe_covered_concept,coefficient,True,ar;es;fa;fr,,
ISV-relativ_prim_im_polynomsinn--vzaimno_proste_v_pol,vzaimno proste v polinomnom smyslu,F10-1,2,0,0,0,0,review,backfill witness vector from 20-source shelf or mark explicit gap,A_probe_covered_concept,polynomial,True,be;bg;bs;cs;es;fa;fr;hr;mk;pl;sk;sl;sr,,
ISV-relativ_vollständige_system--relativno_polny_sist,relativno polny sistem,F10-1,2,0,0,0,0,review,backfill witness vector from 20-source shelf or mark explicit gap,A_probe_covered_concept,covariant,True,es;fr,,
ISV-relativ_vollständiges_system_mod_sρt--relativno_polny_sist,"relativno polny sistem mod (s,ρ,t)",F10-1,2,0,0,0,0,review,backfill witness vector from 20-source shelf or mark explicit gap,A_probe_covered_concept,covariant,True,es;fr,,
ISV-relativ_vollständiges_system_modulo--relativno_polny_sist,relativno polny sistem po modulu ... / mod ...,F10-1,2,0,0,0,0,review,backfill witness vector from 20-source shelf or mark explicit gap,A_probe_covered_concept,covariant,True,es;fr,,
ISV-relativdiskriminante--relativny_diskrimina,relativny diskriminant,F10-1,2,0,0,0,0,review,backfill witness vector from 20-source shelf or mark explicit gap,B_intl_stem_probeable,diskriminant,False,all_shelves,,
ISV-relative_invarianz--relativna_invariantn,relativna invariantnost,F10-1,2,0,0,0,0,review,backfill witness vector from 20-source shelf or mark explicit gap,B_intl_stem_probeable,invariant,True,all_shelves,,
ISV-relativprim-irreduzibel--relativno-prosto-ner,relativno-prosto-nerazlozimy,F10-1,2,0,0,0,0,review,backfill witness vector from 20-source shelf or mark explicit gap,C_concept_linked_shelf_plausible,irreducible,False,,,
ISV-relativprim-irreduzibel--relativno-prosto-ner,relativno-prosto-nerazložimy,F10-1,2,0,0,0,0,review,backfill witness vector from 20-source shelf or mark explicit gap,C_concept_linked_shelf_plausible,irreducible,False,,,
ISV-relativprim_relativ_prim--relativno_proste,relativno proste,F10-1,2,0,0,0,0,review,backfill witness vector from 20-source shelf or mark explicit gap,C_concept_linked_shelf_plausible,irreducible,False,,,
ISV-relativprim_relativprim_zu--relativno_prosty_k,relativno prosty k,F10-1,2,0,0,0,0,review,backfill witness vector from 20-source shelf or mark explicit gap,C_concept_linked_shelf_plausible,irreducible,False,,,
ISV-repräsentantensystem--sistem_predstavitelj,sistem predstaviteljev,F10-1,2,0,0,0,0,review,backfill witness vector from 20-source shelf or mark explicit gap,A_probe_covered_concept,covariant,True,es;fr,,
ISV-residualmodul_quotient_zweier_moduln--residualny_modul_kvo,residualny modul / kvocient dvoh modulov,F10-0,2,1,1,0,1,yes,add W/S witness forms or explicit gap note from the 20-source shelf,,,,,concept_shelf,module
ISV-restgruppen--faktor-grupy,faktor-grupy,F10-0,3,0,0,0,1,yes,add W/S witness forms or explicit gap note from the 20-source shelf,,,,,,
ISV-restgruppen_isomorph--grupy_ostatkov_sut_i,grupy ostatkov sut izomorfne,F10-1,2,1,1,0,0,review,backfill witness vector from 20-source shelf or mark explicit gap,B_intl_stem_probeable,grup,False,all_shelves,concept_shelf,isomorphism
ISV-restklasse--ostatkova_klasa,ostatkova klasa,F10-1,2,0,0,0,0,review,backfill witness vector from 20-source shelf or mark explicit gap,C_concept_linked_shelf_plausible,residue class,False,,,
ISV-restklasse_system_der_restklassen--ostatkova_klasa_sist,ostatkova klasa / sistem ostatkovyh klasov,F10-1,3,0,0,0,0,review,backfill witness vector from 20-source shelf or mark explicit gap,A_probe_covered_concept,covariant,True,es;fr,,
ISV-restklassen--klasy_ostatkov,klasy ostatkov,F10-2,3,0,0,0,0,no_fix_first,"back the claim with W/S witness forms from the shelf, or weaken the claim",,,,,,
ISV-restklassen_modulo_p--ostatkove_klase_modu,ostatkove klase modulo p,F10-0,3,0,0,0,1,yes,add W/S witness forms or explicit gap note from the 20-source shelf,,,,,,
ISV-restklassen_normierung_der_restklassen_n--klasy_ostatkov_normo,klasy ostatkov; normovanje klasov ostatkov; normovany polinom,F10-0,2,0,0,0,1,yes,add W/S witness forms or explicit gap note from the 20-source shelf,,,,,,
ISV-restklassen_restgruppen--klasy_ostatkov_grupy,klasy ostatkov / grupy ostatkov,F10-1,3,0,0,0,0,review,backfill witness vector from 20-source shelf or mark explicit gap,B_intl_stem_probeable,grup,False,all_shelves,,
ISV-restklassenbereich_restklassenring--oblastkolco_klasov_o,oblast/kolco klasov ostatkov,F10-3,2,0,0,0,0,no_fix_first,resolve vs okruh/prsten/kolobar with access-gain ledger + Interslavic authority input before external showing,,,,,,
ISV-restklassenkörper--polje_ostatkovyh_kla,polje ostatkovyh klasov,F10-0,2,1,1,0,0,yes,record witness forms in the term row (currently prose/shelf only),,,,,,
ISV-restklassenmodul--modul_ostatkovyh_kla,modul ostatkovyh klasov,F10-2,2,0,0,0,0,no_fix_first,"back the claim with W/S witness forms from the shelf, or weaken the claim",,,,,,
ISV-restklassenring--kolco_klasov_ostatko,kolco klasov ostatkov,F10-3,3,0,0,0,1,no_fix_first,resolve vs okruh/prsten/kolobar with access-gain ledger + Interslavic authority input before external showing,,,,,,
ISV-restklassenring_nach_dem_radikal--kolco_klasov_ostatko,kolco klasov ostatkov po radikalu,F10-3,2,0,0,0,0,no_fix_first,resolve vs okruh/prsten/kolobar with access-gain ledger + Interslavic authority input before external showing,,,,,,
ISV-restklassenring_ohne_nullteiler_nullteil--kolco_klasov_ostatko,kolco klasov ostatkov bez děliteljev nuly / dělitelj nuly,F10-3,2,0,0,0,0,no_fix_first,resolve vs okruh/prsten/kolobar with access-gain ledger + Interslavic authority input before external showing,,,,,,
ISV-restklassenring_restklassenkörper--kolco_klasov_ostatko,kolco klasov ostatkov / polje klasov ostatkov,F10-3,2,1,1,0,1,no_fix_first,resolve vs okruh/prsten/kolobar with access-gain ledger + Interslavic authority input before external showing,,,,,,
ISV-restklassensystem--sistem_ostatkovyh_kl,sistem ostatkovyh klasov,F10-1,3,0,0,0,0,review,backfill witness vector from 20-source shelf or mark explicit gap,B_intl_stem_probeable,sistem,False,all_shelves,,
ISV-restklassensystem_einer_primzahl_p--sistem_ostatkovyh_kl,sistem ostatkovyh klasov prostogo čisla p,F10-1,2,0,0,0,0,review,backfill witness vector from 20-source shelf or mark explicit gap,B_intl_stem_probeable,sistem,False,all_shelves,,
ISV-restklassensystem_restklassenkörper--sistem_ostatkovyh_kl,sistem ostatkovyh klasov / polje ostatkovyh klasov,F10-0,2,1,1,0,0,yes,record witness forms in the term row (currently prose/shelf only),,,,,,
ISV-restklassensystem_ring_ohne_nullteiler--sistem_ostatkovyh_kl,sistem ostatkovyh klasov / kolco bez nulovyh děliteljev,F10-3,2,0,0,0,0,no_fix_first,resolve vs okruh/prsten/kolobar with access-gain ledger + Interslavic authority input before external showing,,,,,,
ISV-restsystem_restklassenring_restklassen--sistem_ostatkov_kolc,sistem ostatkov / kolco ostatkovyh klasov / ostatkove klasy,F10-3,3,0,0,0,0,no_fix_first,resolve vs okruh/prsten/kolobar with access-gain ledger + Interslavic authority input before external showing,,,,,,
ISV-resultante_der_glieder_höchster_dimensio--rezultant_členov_naj,rezultant členov najvyššej dimenzije,F10-1,2,0,0,0,0,review,backfill witness vector from 20-source shelf or mark explicit gap,A_probe_covered_concept,dimension,True,ar;bg;cs;es;fa;fr;hr;mk;pl;sk;sl;sr,,
ISV-resultante_i-ter_stufe_elementarteiler_i--rezultant_i-go_nivoj,rezultant i-go nivoja / elementarny dělitelj i-go nivoja,F10-1,2,0,0,0,0,review,backfill witness vector from 20-source shelf or mark explicit gap,A_probe_covered_concept,element,True,es;fr,,
ISV-resultantenbedeutung--rezultantno_značenje,rezultantno značenje,F10-1,2,0,0,0,0,review,backfill witness vector from 20-source shelf or mark explicit gap,A_probe_covered_concept,resultant,True,es,,
ISV-resultantenform--rezultanta_forma,rezultanta forma,F10-0,3,0,0,0,1,yes,add W/S witness forms or explicit gap note from the 20-source shelf,,,,,,
ISV-resultantenform_elementarteilerform--rezultantna_forma_fo,rezultantna forma / forma elementarnyh děliteljev,F10-0,3,0,0,0,1,yes,add W/S witness forms or explicit gap note from the 20-source shelf,,,,,,
ISV-resultantenform_und_eliminationstheorie--rezultantna_forma_i_,rezultantna forma i teorija eliminacije,F10-0,2,0,0,0,1,yes,add W/S witness forms or explicit gap note from the 20-source shelf,,,,,,
ISV-reziproke_darstellung_direkte_darstellun--recipročno_predstavj,recipročno predstavjenje; direktno predstavjenje,F10-0,2,1,1,0,1,yes,add W/S witness forms or explicit gap note from the 20-source shelf,,,,,concept_shelf,representation
ISV-reziproke_der_matrix--obratna_matrica,obratna matrica,F10-1,2,0,0,0,0,review,backfill witness vector from 20-source shelf or mark explicit gap,A_probe_covered_concept,matrix,True,be;bg;cs;fa;hr;mk;pl;sk;sl;sr,,
ISV-reziprozitäten--vzaimnosti,vzaimnosti,F10-1,2,0,0,0,0,review,backfill witness vector from 20-source shelf or mark explicit gap,D_no_route_true_gap,,False,,,
ISV-ring-adjunktion--kolcova_adjunkcija,kolcova adjunkcija,F10-3,3,0,0,0,1,no_fix_first,resolve vs okruh/prsten/kolobar with access-gain ledger + Interslavic authority input before external showing,,,,,,
ISV-ring_in_abstrakter_definition--kolco_v_abstraktnoj_,kolco v abstraktnoj definiciji,F10-3,2,1,1,0,0,no_fix_first,resolve vs okruh/prsten/kolobar with access-gain ledger + Interslavic authority input before external showing,,,,,concept_shelf,definition
ISV-ring_ohne_nullteiler_und_mit_einheitsele--kolco_bez_děliteljev,kolco bez děliteljev nula i s jediničnym elementom,F10-3,2,0,0,0,0,no_fix_first,resolve vs okruh/prsten/kolobar with access-gain ledger + Interslavic authority input before external showing,,,,,,
ISV-ring_ohne_radikal--kolco_bez_radikala,kolco bez radikala,F10-3,2,0,0,0,0,no_fix_first,resolve vs okruh/prsten/kolobar with access-gain ledger + Interslavic authority input before external showing,,,,,,
ISV-ringbereich--kolceva_oblast,kolceva oblast,F10-1,2,0,0,0,0,review,backfill witness vector from 20-source shelf or mark explicit gap,A_probe_covered_concept,ring,True,be;bg;bs;cs;es;fa;fr;hr;mk;pl;sk;sl;sr,,
ISV-ringe_endlichen_ranges--kolca_konečnogo_rang,kolca konečnogo ranga,F10-1,2,0,0,0,0,review,backfill witness vector from 20-source shelf or mark explicit gap,A_probe_covered_concept,ring,True,be;bg;bs;cs;es;fa;fr;hr;mk;pl;sk;sl;sr,,
ISV-ringe_mit_einheitselement_ring_mit_einhe--kolca_s_jediničnym_e,kolca s jediničnym elementom / kolco s jedinico,F10-3,3,0,0,0,1,no_fix_first,resolve vs okruh/prsten/kolobar with access-gain ledger + Interslavic authority input before external showing,,,,,,
ISV-ringe_vom_rang_eins--kolca_ranga_jedan,kolca ranga jedan,F10-1,2,0,0,0,0,review,backfill witness vector from 20-source shelf or mark explicit gap,A_probe_covered_concept,ring,True,be;bg;bs;cs;es;fa;fr;hr;mk;pl;sk;sl;sr,,
ISV-ringverknüpfungen_aus_ringelementen--kolcove_operacije_iz,kolcove operacije iz elementov kolca,F10-3,2,0,0,0,0,no_fix_first,resolve vs okruh/prsten/kolobar with access-gain ledger + Interslavic authority input before external showing,,,,,,
ISV-ränderung--obrubljenje,obrubljenje,F10-2,3,0,0,0,0,no_fix_first,"back the claim with W/S witness forms from the shelf, or weaken the claim",,,,,,
ISV-salpha_i_alpha_j--salpha_i_alpha_j,|S(alpha_i alpha_j)|,F10-0,2,0,0,0,1,yes,add W/S witness forms or explicit gap note from the 20-source shelf,,,,,,
ISV-same_extensions_in_all_quotient_rings_im--sovpadajuča_razširje,sovpadajuča razširjenja v vsih kolcah kvocientov daju identične idealy,F10-1,2,0,0,0,0,review,backfill witness vector from 20-source shelf or mark explicit gap,A_probe_covered_concept,ideal,True,be;bg;bs;cs;es;fa;fr;hr;mk;pl;sk;sl;sr,,
ISV-satz_i--teorema_i,Teorema I,F10-1,2,0,1,0,0,review,backfill witness vector from 20-source shelf or mark explicit gap,B_intl_stem_probeable,teorem,False,all_shelves,concept_shelf,theorem
ISV-satz_vi_satz_vii--teorem_vi_teorem_vii,Teorem VI / Teorem VII,F10-0,2,0,1,0,1,yes,add W/S witness forms or explicit gap note from the 20-source shelf,,,,,concept_shelf,theorem
ISV-satz_von_der_endlichen_kette--teorem_o_konečnoj_cě,teorem o konečnoj cěpi,F10-0,2,0,1,0,1,yes,add W/S witness forms or explicit gap note from the 20-source shelf,,,,,concept_shelf,theorem
ISV-satz_von_der_isomorphie--teorem_o_izomorfiji,teorem o izomorfiji,F10-1,2,0,1,0,0,review,backfill witness vector from 20-source shelf or mark explicit gap,B_intl_stem_probeable,teorem,False,all_shelves,concept_shelf,theorem
ISV-satz_von_lüroth_castelnuovo_enriques--teorem_lurota_kastel,teorem Lurota / Kastelnuova / Enrikesa,F10-1,2,0,1,0,0,review,backfill witness vector from 20-source shelf or mark explicit gap,A_probe_covered_concept,theorem,True,ar;bg;bs;cs;es;fa;fr;hr;mk;pl;sk;sl;sr,concept_shelf,theorem
ISV-satz_von_ostrowski--teorem_ostrowski,teorem Ostrowski,F10-0,2,0,1,0,1,yes,add W/S witness forms or explicit gap note from the 20-source shelf,,,,,concept_shelf,theorem
ISV-satz_x_reference_in_section12--teorema_x,Teorema X,F10-0,2,0,1,0,1,yes,add W/S witness forms or explicit gap note from the 20-source shelf,,,,,concept_shelf,theorem
ISV-satz_xi_satz_xii--teorem_xi_teorem_xii,Teorem XI / Teorem XII,F10-0,2,0,1,0,1,yes,add W/S witness forms or explicit gap note from the 20-source shelf,,,,,concept_shelf,theorem
ISV-schema_zur_faltung--shema_svijanja,shema svijanja,F10-1,2,0,0,0,0,review,backfill witness vector from 20-source shelf or mark explicit gap,C_concept_linked_shelf_plausible,folding,False,,,
ISV-schlußfolgerung--zaključenje,zaključenje,F10-2,2,0,0,0,0,no_fix_first,"back the claim with W/S witness forms from the shelf, or weaken the claim",,,,,,
ISV-schlußformel--konečna_formula,konečna formula,F10-1,2,0,0,0,0,review,backfill witness vector from 20-source shelf or mark explicit gap,B_intl_stem_probeable,form,False,all_shelves,,
ISV-schnittpunktmultiplizitaet_resultantenmu--mnogokratnost_prěsek,mnogokratnost prěseka / rezultanta-mnogokratnost,F10-1,2,0,0,0,0,review,backfill witness vector from 20-source shelf or mark explicit gap,A_probe_covered_concept,resultant,True,es,,
ISV-schwaches_starkes_primideal--slaby_silny_prosty_i,slaby / silny prosty ideal,F10-1,2,1,1,0,0,review,backfill witness vector from 20-source shelf or mark explicit gap,A_probe_covered_concept,ideal,True,be;bg;bs;cs;es;fa;fr;hr;mk;pl;sk;sl;sr,concept_shelf,prime ideal
ISV-schwaches_starkes_primärideal--slaby_silny_primarny,slaby / silny primarny ideal,F10-1,2,0,0,0,0,review,backfill witness vector from 20-source shelf or mark explicit gap,A_probe_covered_concept,ideal,True,be;bg;bs;cs;es;fa;fr;hr;mk;pl;sk;sl;sr,,
ISV-schärfere_relationen_27_28--ostrejše_relacije_27,"ostrejše relacije (27), (28)",F10-1,2,0,0,0,0,review,backfill witness vector from 20-source shelf or mark explicit gap,A_probe_covered_concept,relation,True,es;fr,,
ISV-singuläre_wertsysteme--singularne_sistemy_v,singularne sistemy vrědnostij,F10-1,2,0,0,0,0,review,backfill witness vector from 20-source shelf or mark explicit gap,A_probe_covered_concept,field,True,ar;be;bg;bs;cs;es;fa;fr;hr;mk;pl;sk;sl;sr,,
ISV-source-critical_normalization_a_und_psi_--prevedeno_kako_a_i_b,prevedeno kako 'A i B',F10-1,2,0,0,0,0,review,backfill witness vector from 20-source shelf or mark explicit gap,E_noise_or_bibliographic,,False,,,
ISV-spezialisierung--specializacija_speci,specializacija / specializovati,F10-4,2,0,0,0,1,yes_with_definition,keep explicit definition at first use; mark authority-needed in review packet,,,,,,
ISV-spezialisierung_u_mu_nuubar_mu_nu--specializacija_u_mu_,specializacija u_{mu nu}=ubar_{mu nu},F10-0,2,0,0,0,1,yes,add W/S witness forms or explicit gap note from the 20-source shelf,,,,,,
ISV-spezielle_p-modulbasen--specialne_p-modulne_,specialne P-modulne bazy,F10-1,2,0,0,0,0,review,backfill witness vector from 20-source shelf or mark explicit gap,B_intl_stem_probeable,special,False,all_shelves,,
ISV-spur--slěd,slěd,F10-0,3,0,1,0,1,yes,add W/S witness forms or explicit gap note from the 20-source shelf,,,,,concept_shelf,trace
ISV-spur_eines_elementes_genommen_in_bezug_a--slěd_elementa_vzety_,"slěd elementa, vzety vzhodno k klasu",F10-1,2,0,1,0,0,review,backfill witness vector from 20-source shelf or mark explicit gap,A_probe_covered_concept,element,True,es;fr,concept_shelf,trace
ISV-spur_matrizendarstellung_konjugierte_ele--slěd_matrična_predst,slěd / matrična predstavjenost / konjugovane elementy,F10-4,2,0,1,0,1,yes_with_definition,keep explicit definition at first use; mark authority-needed in review packet,,,,,concept_shelf,trace
ISV-stau_i_tau_j--determinant_stau_i_t,determinant |S(tau_i tau_j)|,F10-1,2,0,0,0,0,review,backfill witness vector from 20-source shelf or mark explicit gap,B_intl_stem_probeable,determinant,True,all_shelves,,
ISV-steinitzsche_bezeichnung_erweiterung_ers--štejnicova_terminolo,Štejnicova terminologija / razširjenje prvogo ili drugogo roda,F10-1,2,0,0,0,0,review,backfill witness vector from 20-source shelf or mark explicit gap,C_concept_linked_shelf_plausible,extension of the first kind,False,,,
ISV-stets_existierende_o-modulbasis--vsegda_obstojna_o-mo,vsegda obstojna o-modulna baza,F10-1,2,0,0,0,0,review,backfill witness vector from 20-source shelf or mark explicit gap,A_probe_covered_concept,basis,True,ar;be;bg;cs;fa;hr;mk;pl;sl;sr,,
ISV-strahlklassen--lučne_klasy,lučne klasy,F10-1,2,0,0,0,0,review,backfill witness vector from 20-source shelf or mark explicit gap,C_concept_linked_shelf_plausible,discriminant,False,,,
ISV-strahlklasseneinteilung--unnamed,,F10-1,0,0,0,0,0,review,backfill witness vector from 20-source shelf or mark explicit gap,C_concept_linked_shelf_plausible,discriminant,False,,,
ISV-substitution_35--substitucija_35,substitucija (35),F10-1,2,0,0,0,0,review,backfill witness vector from 20-source shelf or mark explicit gap,C_concept_linked_shelf_plausible,substitution,False,,,
ISV-sukzessive_elimination--sukcesivna_eliminaci,sukcesivna eliminacija,F10-0,2,0,0,0,1,yes,add W/S witness forms or explicit gap note from the 20-source shelf,,,,,,
ISV-sukzessive_zerlegung--sukcesivno_razloženj,sukcesivno razloženje,F10-1,2,0,0,0,0,review,backfill witness vector from 20-source shelf or mark explicit gap,C_concept_linked_shelf_plausible,decomposition,True,,,
ISV-sukzessive_zerlegung_in_zwei_bestandteil--sukcesivny_razklad_v,sukcesivny razklad v dvě sostavne česti,F10-1,2,0,0,0,0,review,backfill witness vector from 20-source shelf or mark explicit gap,C_concept_linked_shelf_plausible,decomposition,True,,,
ISV-sylowkörper--sylowovo_polje,Sylowovo polje,F10-0,2,1,1,0,0,yes,record witness forms in the term row (currently prose/shelf only),,,,,,
ISV-symbole_theta-h_f-h--simboly_theta-h_f-h,simboly theta-H / f-H,F10-1,2,0,0,0,0,review,backfill witness vector from 20-source shelf or mark explicit gap,D_no_route_true_gap,,False,,,
ISV-system_der_restklassen_komplement--sistem_klasov_ostatk,sistem klasov ostatkov / komplement,F10-0,2,0,0,0,1,yes,add W/S witness forms or explicit gap note from the 20-source shelf,,,,,,
ISV-system_iii--sistem_iii,Sistem III,F10-1,2,0,0,0,0,review,backfill witness vector from 20-source shelf or mark explicit gap,A_probe_covered_concept,covariant,True,es;fr,,
ISV-system_s_ii--sistem_s_ii,sistem $s_{II}$,F10-1,2,0,0,0,0,review,backfill witness vector from 20-source shelf or mark explicit gap,A_probe_covered_concept,covariant,True,es;fr,,
ISV-system_s_iv--sistem_s_iv,sistem $s_{IV}$,F10-1,2,0,0,0,0,review,backfill witness vector from 20-source shelf or mark explicit gap,A_probe_covered_concept,covariant,True,es;fr,,
ISV-systemdeterminante--sistemna_determinant,sistemna determinanta,F10-1,2,0,0,0,0,review,backfill witness vector from 20-source shelf or mark explicit gap,A_probe_covered_concept,determinant,True,ar;bg;cs;es;fa;fr;hr;mk;pl;sk;sl;sr,,
ISV-systeme_linearer_partieller_differential--sistemy_linearnyh_di,sistemy linearnyh diferencialnyh uravnenj v častnyh derivatah,F10-1,2,0,0,0,0,review,backfill witness vector from 20-source shelf or mark explicit gap,A_probe_covered_concept,field,True,ar;be;bg;bs;cs;es;fa;fr;hr;mk;pl;sk;sl;sr,,
ISV-systeme_partieller_oder_gewöhnlicher_lin--sistemy_parcialnyh_i,sistemy parcialnyh ili obyčnyh linearnyh diferencialnyh izrazov,F10-0,2,0,0,0,1,yes,add W/S witness forms or explicit gap note from the 20-source shelf,,,,,,
ISV-systeme_s_n_ho--sistemy_s_n_ho,"sistemy S_{nho}",F10-1,2,0,0,0,0,review,backfill witness vector from 20-source shelf or mark explicit gap,A_probe_covered_concept,field,True,ar;be;bg;bs;cs;es;fa;fr;hr;mk;pl;sk;sl;sr,,
ISV-systeme_ssys_nrho_ssys_rhorho--sistemy_ssys_nrho_ss,sistemy \Ssys_{n\rho} / \Ssys^*_{\rho\rho},F10-1,2,0,0,0,0,review,backfill witness vector from 20-source shelf or mark explicit gap,A_probe_covered_concept,field,True,ar;be;bg;bs;cs;es;fa;fr;hr;mk;pl;sk;sl;sr,,
ISV-systemmatrix_gruppenmatrix--sistemna_matrica_gru,sistemna matrica / grupova matrica,F10-0,2,0,0,0,1,yes,add W/S witness forms or explicit gap note from the 20-source shelf,,,,,,
ISV-syzygien--syzygije,syzygije,F10-1,2,0,0,0,0,review,backfill witness vector from 20-source shelf or mark explicit gap,D_no_route_true_gap,,False,,,
ISV-tabellarisch_durchgeführt--provodimo_tabelarno,provodimo tabelarno,F10-1,2,0,0,0,0,review,backfill witness vector from 20-source shelf or mark explicit gap,D_no_route_true_gap,,False,,,
ISV-tabelle--tabela,tabela,F10-1,2,0,0,0,0,review,backfill witness vector from 20-source shelf or mark explicit gap,D_no_route_true_gap,,False,,,
ISV-teil_i_teil_ii--čest_i_čest_ii,čest I / čest II,F10-1,2,0,0,0,0,review,backfill witness vector from 20-source shelf or mark explicit gap,D_no_route_true_gap,,False,,,
ISV-teilbar_durch_eine_irreduzible_gleichung--dělimy_nerazložimym_,dělimy nerazložimym uravnenjem,F10-1,2,0,0,0,0,review,backfill witness vector from 20-source shelf or mark explicit gap,A_probe_covered_concept,determinant,True,ar;bg;cs;es;fa;fr;hr;mk;pl;sk;sl;sr,,
ISV-teilbarkeit_durch_einen_modul_teilbar--dělimost_dělimy_čere,dělimost / dělimy čerez modul,F10-1,2,1,1,0,0,review,backfill witness vector from 20-source shelf or mark explicit gap,A_probe_covered_concept,module,True,ar;be;bg;bs;cs;es;fa;fr;mk;pl;sk;sl;sr,concept_shelf,module
ISV-teiler-_oder_vielfachenkette--cěp_děliteljev_ili_k,cěp děliteljev ili kratnikov,F10-1,2,0,0,0,0,review,backfill witness vector from 20-source shelf or mark explicit gap,C_concept_linked_shelf_plausible,least common multiple,False,,,
ISV-teiler_des_körpers--podpolje,podpolje,F10-0,2,1,1,0,0,yes,record witness forms in the term row (currently prose/shelf only),,,,,,
ISV-teiler_gleichen_ranges--dělitelj_jednakogo_r,dělitelj jednakogo ranga,F10-1,2,0,0,0,0,review,backfill witness vector from 20-source shelf or mark explicit gap,A_probe_covered_concept,field,True,ar;be;bg;bs;cs;es;fa;fr;hr;mk;pl;sk;sl;sr,,
ISV-teiler_im_idealsinn--dělitelj_v_idealnom_,dělitelj v idealnom smyslu,F10-1,2,0,0,0,0,review,backfill witness vector from 20-source shelf or mark explicit gap,A_probe_covered_concept,ideal,True,be;bg;bs;cs;es;fa;fr;hr;mk;pl;sk;sl;sr,,
ISV-teilerfremd--vzaimno_prosty,vzaimno prosty,F10-1,2,0,0,0,0,review,backfill witness vector from 20-source shelf or mark explicit gap,C_concept_linked_shelf_plausible,irreducible,False,,,
ISV-teilerfremd-irreduzibel--vzaimno-prosto-neraz,vzaimno-prosto-nerazlozimy,F10-1,2,0,0,0,0,review,backfill witness vector from 20-source shelf or mark explicit gap,C_concept_linked_shelf_plausible,irreducible,False,,,
ISV-teilerfremd-irreduzibel--vzaimno-prosto-neraz,vzaimno-prosto-nerazložimy,F10-1,2,0,0,0,0,review,backfill witness vector from 20-source shelf or mark explicit gap,C_concept_linked_shelf_plausible,irreducible,False,,,
ISV-teilerfremd-irreduzibel_relativprim-irre--vzaimno-prosto_neraz,vzaimno-prosto nerazložimy / relativno-prosto nerazložimy,F10-1,2,0,0,0,0,review,backfill witness vector from 20-source shelf or mark explicit gap,C_concept_linked_shelf_plausible,irreducible,False,,,
ISV-teilerfremd-irreduzible_ideale_in_einem_--vzaimno-prosto-neraz,vzaimno-prosto-nerazlozime idealy v nekomutativnom kolcu s jedinicoju,F10-1,2,0,0,0,0,review,backfill witness vector from 20-source shelf or mark explicit gap,A_probe_covered_concept,ideal,True,be;bg;bs;cs;es;fa;fr;hr;mk;pl;sk;sl;sr,,
ISV-teilerfremd_echte_teiler--vzaimno_prosty_pravi,vzaimno prosty / pravi dělitelji,F10-1,2,0,0,0,0,review,backfill witness vector from 20-source shelf or mark explicit gap,C_concept_linked_shelf_plausible,irreducible,False,,,
ISV-teilerfremd_mit_einem_modul--vzaimno_prosty_s_mod,vzaimno prosty s modulom,F10-1,2,1,1,0,0,review,backfill witness vector from 20-source shelf or mark explicit gap,B_intl_stem_probeable,modul,False,all_shelves,concept_shelf,module
ISV-teilerfremde_polynome--vzaimno_proste_polin,vzaimno proste polinomy,F10-1,2,1,1,0,0,review,backfill witness vector from 20-source shelf or mark explicit gap,A_probe_covered_concept,polynomial,True,be;bg;bs;cs;es;fa;fr;hr;mk;pl;sk;sl;sr,concept_shelf,polynomial
ISV-teilerfremde_und_teilerfremd-irreduzible--vzaimno_proste_i_vza,vzaimno proste i vzaimno-prosto-nerazložime klasy,F10-1,2,0,0,0,0,review,backfill witness vector from 20-source shelf or mark explicit gap,A_probe_covered_concept,polynomial,True,be;bg;bs;cs;es;fa;fr;hr;mk;pl;sk;sl;sr,,
ISV-teilerfremdheit--vzaimna_prostota,vzaimna prostota,F10-1,2,0,0,0,0,review,backfill witness vector from 20-source shelf or mark explicit gap,C_concept_linked_shelf_plausible,irreducible,False,,,
ISV-teilerkette--cěp_děliteljev,cěp děliteljev,F10-1,2,0,0,0,0,review,backfill witness vector from 20-source shelf or mark explicit gap,C_concept_linked_shelf_plausible,least common multiple,False,,,
ISV-teilerkettensatz_feste_wohlordnung_endli--uslovje_cěpov_dělite,uslovje cěpov děliteljev / fiksovany dobry porjadok / konečna baza ideala,F10-1,2,0,0,0,0,review,backfill witness vector from 20-source shelf or mark explicit gap,A_probe_covered_concept,basis,True,ar;be;bg;cs;fa;hr;mk;pl;sl;sr,,
ISV-teilerkettensatz_wohlordnung_auswahlpost--uslovje_cěpov_dělite,uslovje cěpov děliteljev / dobry porjadok / postulat izbora,F10-1,2,0,0,0,0,review,backfill witness vector from 20-source shelf or mark explicit gap,C_concept_linked_shelf_plausible,chain condition,False,,,
ISV-teilsysteme--podsistemy,podsistemy,F10-1,2,0,0,0,0,review,backfill witness vector from 20-source shelf or mark explicit gap,A_probe_covered_concept,field,True,ar;be;bg;bs;cs;es;fa;fr;hr;mk;pl;sk;sl;sr,,
ISV-theorie_der_ganzen_größen--teorija_cělyh_elemen,teorija cělyh elementov,F10-1,2,0,0,0,0,review,backfill witness vector from 20-source shelf or mark explicit gap,B_intl_stem_probeable,element,True,all_shelves,,
ISV-total_teilerfremdes_system--totalno_vzaimno_pros,totalno vzaimno prosta sistema,F10-1,2,0,0,0,0,review,backfill witness vector from 20-source shelf or mark explicit gap,A_probe_covered_concept,polynomial,True,be;bg;bs;cs;es;fa;fr;hr;mk;pl;sk;sl;sr,,
ISV-transformationsgruppe--grupa_transformacij,grupa transformacij,F10-0,3,0,0,0,1,yes,add W/S witness forms or explicit gap note from the 20-source shelf,,,,,,
ISV-transformationsgrößen--transformacijne_veli,transformacijne veličiny,F10-1,2,0,0,0,0,review,backfill witness vector from 20-source shelf or mark explicit gap,B_intl_stem_probeable,transform,False,all_shelves,,
ISV-transformationsgrößen--unnamed,,F10-1,0,0,0,0,0,review,backfill witness vector from 20-source shelf or mark explicit gap,C_concept_linked_shelf_plausible,transformation quantities,False,,,
ISV-transformed_ideal--transformovany_ideal,transformovany ideal,F10-0,3,1,1,0,1,yes,add W/S witness forms or explicit gap note from the 20-source shelf,,,,,concept_shelf,ideal
ISV-transformiertes_ideal--transformovany_ideal,transformovany ideal,F10-0,3,1,1,0,1,yes,add W/S witness forms or explicit gap note from the 20-source shelf,,,,,concept_shelf,ideal
ISV-transzendenzgrad--stepenj_transcendenc,stepenj transcendencije,F10-0,3,0,0,0,1,yes,add W/S witness forms or explicit gap note from the 20-source shelf,,,,,,
ISV-transzendenzgrad--transcendencijny_ste,transcendencijny stepen,F10-0,3,0,0,0,1,yes,add W/S witness forms or explicit gap note from the 20-source shelf,,,,,,
ISV-tritt_nicht_in_faltung_ein--ne_vhodi_v_svijanje,ne vhodi v svijanje,F10-1,2,0,0,0,0,review,backfill witness vector from 20-source shelf or mark explicit gap,C_concept_linked_shelf_plausible,folding,False,,,
ISV-triviale_darstellung--trivialno_predstavje,trivialno predstavjenje,F10-0,3,1,1,0,1,yes,add W/S witness forms or explicit gap note from the 20-source shelf,,,,,concept_shelf,representation
ISV-tschirnhaussche_transformation--čirnhausova_transfor,Čirnhausova transformacija,F10-1,2,0,0,0,0,review,backfill witness vector from 20-source shelf or mark explicit gap,B_intl_stem_probeable,transform,False,all_shelves,,
ISV-umkehrung--obrat,obrat,F10-1,3,0,0,0,0,review,backfill witness vector from 20-source shelf or mark explicit gap,A_probe_covered_concept,lemma,True,es;fr,,
ISV-umkehrung_von_1_nach_1--obrat_1_po_1,obrat (1) po (1'),F10-1,2,0,0,0,0,review,backfill witness vector from 20-source shelf or mark explicit gap,A_probe_covered_concept,lemma,True,es;fr,,
ISV-umkehrung_von_hilfssatz_i--obrat_lemy_i,obrat lemy I,F10-1,2,1,1,0,0,review,backfill witness vector from 20-source shelf or mark explicit gap,A_probe_covered_concept,lemma,True,es;fr,concept_shelf,lemma
ISV-unbestimmte--neopreděljena,neopreděljena,F10-1,2,0,0,0,0,review,backfill witness vector from 20-source shelf or mark explicit gap,D_no_route_true_gap,,False,,,
ISV-unbestimmte--neopreděljene,neopreděljene,F10-1,2,0,0,0,0,review,backfill witness vector from 20-source shelf or mark explicit gap,D_no_route_true_gap,,False,,,
ISV-unendlich_viele_zerlegungen--beskonečno_mnogo_raz,beskonečno mnogo razkladov,F10-1,2,0,0,0,0,review,backfill witness vector from 20-source shelf or mark explicit gap,C_concept_linked_shelf_plausible,decomposition,True,,,
ISV-ungerade_primzahl--neparno_prosto_čislo,neparno prosto čislo,F10-1,2,0,0,0,0,review,backfill witness vector from 20-source shelf or mark explicit gap,C_concept_linked_shelf_plausible,associated prime ideal,False,,,
ISV-unimodular--unimodularny,unimodularny,F10-0,2,0,0,0,1,yes,add W/S witness forms or explicit gap note from the 20-source shelf,,,,,,
ISV-unimodulare_matrix--unimodularna_matrica,unimodularna matrica,F10-0,2,0,0,0,1,yes,add W/S witness forms or explicit gap note from the 20-source shelf,,,,,,
ISV-unimodulare_transformation--unimodularna_transfo,unimodularna transformacija,F10-0,2,0,0,0,1,yes,add W/S witness forms or explicit gap note from the 20-source shelf,,,,,,
ISV-unter_mitwirkung--s_učestjem,s učestjem,F10-1,2,0,0,0,0,review,backfill witness vector from 20-source shelf or mark explicit gap,D_no_route_true_gap,,False,,,
ISV-untergruppe_der_restgruppe--podgrupa_grupy_ostat,podgrupa grupy ostatkov,F10-1,2,0,0,0,0,review,backfill witness vector from 20-source shelf or mark explicit gap,A_probe_covered_concept,group,True,ar;be;bg;bs;cs;es;fa;fr;hr;mk;pl;sk;sl;sr,,
ISV-untergruppen--podgrupy,podgrupy,F10-1,2,0,0,0,0,review,backfill witness vector from 20-source shelf or mark explicit gap,B_intl_stem_probeable,grup,False,all_shelves,,
ISV-untergruppen_der_projektiven_gruppe--podgrupy_projektivno,podgrupy projektivnoj grupy,F10-1,2,1,1,0,0,review,backfill witness vector from 20-source shelf or mark explicit gap,A_probe_covered_concept,group,True,ar;be;bg;bs;cs;es;fa;fr;hr;mk;pl;sk;sl;sr,concept_shelf,group
ISV-unterkörper--podpolje,podpolje,F10-0,2,1,1,0,0,yes,record witness forms in the term row (currently prose/shelf only),,,,,,
ISV-unterkörper_p_isomorph_zu_oop--podpolje_p_izomorfno,"podpolje P, izomorfno k polju o/op",F10-0,3,1,1,0,0,yes,record witness forms in the term row (currently prose/shelf only),,,,,,
ISV-unterring_oberring_oberkörper--podkolco_nadkolco_na,podkolco / nadkolco / nadpolje,F10-3,2,1,1,0,0,no_fix_first,resolve vs okruh/prsten/kolobar with access-gain ledger + Interslavic authority input before external showing,,,,,,
ISV-unterschied_zwischen_ganz_und_gebrochen_--razlika_med_cělym_i_,razlika med cělym i drobnym razmyvaje se,F10-1,2,0,0,0,0,review,backfill witness vector from 20-source shelf or mark explicit gap,A_probe_covered_concept,module,True,ar;be;bg;bs;cs;es;fa;fr;mk;pl;sk;sl;sr,,
ISV-unterspaltung--podrazděljenje,podrazděljenje,F10-1,2,0,0,0,0,review,backfill witness vector from 20-source shelf or mark explicit gap,D_no_route_true_gap,,False,,,
ISV-unzerlegbare_komponenten--nerazložime_komponen,nerazložime komponenty,F10-1,2,0,0,0,0,review,backfill witness vector from 20-source shelf or mark explicit gap,A_probe_covered_concept,field,True,ar;be;bg;bs;cs;es;fa;fr;hr;mk;pl;sk;sl;sr,,
ISV-unzerlegbare_komponenten_zu_overline_p_i--nerazložime_komponen,nerazložime komponenty / polja izomorfne s \overline P,F10-0,2,1,1,0,1,yes,add W/S witness forms or explicit gap note from the 20-source shelf,,,,,concept_shelf,field
ISV-usw--i_podobne,i podobne,F10-1,3,0,0,0,0,review,backfill witness vector from 20-source shelf or mark explicit gap,D_no_route_true_gap,,False,,,
ISV-verdanke_ich_hentzelt_bemerkungen--zahvaljujem_hentzelt,zahvaljujem Hentzeltu za ... zaměčenja,F10-1,3,0,0,0,0,review,backfill witness vector from 20-source shelf or mark explicit gap,A_probe_covered_concept,lemma,True,es;fr,,
ISV-vereinigungskörper--kompozitum_polj,kompozitum polj,F10-1,2,0,0,0,0,review,backfill witness vector from 20-source shelf or mark explicit gap,A_probe_covered_concept,field,True,ar;be;bg;bs;cs;es;fa;fr;hr;mk;pl;sk;sl;sr,,
ISV-verengungsideal--ideal_suženja,ideal suženja,F10-1,2,0,0,0,0,review,backfill witness vector from 20-source shelf or mark explicit gap,A_probe_covered_concept,ideal,True,be;bg;bs;cs;es;fa;fr;hr;mk;pl;sk;sl;sr,,
ISV-verhalten_von_spur_und_diskriminante_bei--ponašanje_slěda_i_di,ponašanje slěda i diskriminanta pri direktnoj sumě klasov,F10-1,2,0,0,0,0,review,backfill witness vector from 20-source shelf or mark explicit gap,B_intl_stem_probeable,diskriminant,False,all_shelves,,
ISV-verknüpfungsarten_addition_und_multiplik--operacije_vrsty_spoj,operacije / vrsty spojivanja: složenje i množenje,F10-1,2,0,0,0,0,review,backfill witness vector from 20-source shelf or mark explicit gap,C_concept_linked_shelf_plausible,one-to-one,False,,,
ISV-vermöge_des_isomorphismus_zugeordnete_ba--baza_prirěđena_posrě,baza ... prirěđena posrědstvom izomorfizma,F10-1,2,1,1,0,0,review,backfill witness vector from 20-source shelf or mark explicit gap,A_probe_covered_concept,basis,True,ar;be;bg;cs;fa;hr;mk;pl;sl;sr,concept_shelf,isomorphism
ISV-versagen_eigentlicher_energiesätze_allge--odpovědanje_vlastnyh,odpovědanje vlastnyh energijskih zakonov / obča relativnost,F10-1,2,0,0,0,0,review,backfill witness vector from 20-source shelf or mark explicit gap,C_concept_linked_shelf_plausible,prime ideal,True,,,
ISV-verschiebungsgruppe--grupa_posunov,grupa posunov,F10-1,3,0,0,0,0,review,backfill witness vector from 20-source shelf or mark explicit gap,A_probe_covered_concept,group,True,ar;be;bg;bs;cs;es;fa;fr;hr;mk;pl;sk;sl;sr,,
ISV-verschrenkte_produkte--skrežene_produkty,skrežene produkty,F10-1,2,0,0,0,0,review,backfill witness vector from 20-source shelf or mark explicit gap,C_concept_linked_shelf_plausible,form,False,,,
ISV-verschränkte_darstellung--skrěženo_predstavjen,skrěženo predstavjenje,F10-1,2,0,0,0,0,review,backfill witness vector from 20-source shelf or mark explicit gap,C_concept_linked_shelf_plausible,crossed representation,False,,,
ISV-verschränkte_darstellung--unnamed,,F10-1,0,0,0,0,0,review,backfill witness vector from 20-source shelf or mark explicit gap,C_concept_linked_shelf_plausible,crossed representation,False,,,
ISV-verschränktes_produkt--skrěženy_produkt,skrěženy produkt,F10-1,2,0,0,0,0,review,backfill witness vector from 20-source shelf or mark explicit gap,C_concept_linked_shelf_plausible,crossed product,False,,,
ISV-verschränktes_produkt--unnamed,,F10-1,0,0,0,0,0,review,backfill witness vector from 20-source shelf or mark explicit gap,C_concept_linked_shelf_plausible,crossed product,False,,,
ISV-verzweigungsideale--idealy_razvětvenja,idealy razvětvenja,F10-1,2,0,0,0,0,review,backfill witness vector from 20-source shelf or mark explicit gap,A_probe_covered_concept,ideal,True,be;bg;bs;cs;es;fa;fr;hr;mk;pl;sk;sl;sr,,
ISV-verzweigungstheorie_verzweigungsideal--teorija_razvětvenja_,teorija razvětvenja / ideal razvětvenja,F10-1,2,0,0,0,0,review,backfill witness vector from 20-source shelf or mark explicit gap,A_probe_covered_concept,ideal,True,be;bg;bs;cs;es;fa;fr;hr;mk;pl;sk;sl;sr,,
ISV-vhodetvhodi_agreement_in_interslavic_pro--vhodet_retained_besi,vhodet retained beside vhodi,F10-1,2,0,0,0,0,review,backfill witness vector from 20-source shelf or mark explicit gap,A_probe_covered_concept,proof,True,ar;be;bg;bs;cs;es;fa;fr;hr;mk;pl;sk;sl;sr,,
ISV-vielfachenkette--cěp_kratnyh,cěp kratnyh,F10-1,2,0,0,0,0,review,backfill witness vector from 20-source shelf or mark explicit gap,D_no_route_true_gap,,False,,,
ISV-vierergruppe_achtergruppe--četverna_grupa_grupa,četverna grupa / grupa osmogo reda,F10-1,2,0,0,0,0,review,backfill witness vector from 20-source shelf or mark explicit gap,A_probe_covered_concept,group,True,ar;be;bg;bs;cs;es;fa;fr;hr;mk;pl;sk;sl;sr,,
ISV-volle_überschiebungen_über_kovarianten_v--polne_transvekcije_n,polne transvekcije nad kovariantami sistema III,F10-1,2,0,0,0,0,review,backfill witness vector from 20-source shelf or mark explicit gap,A_probe_covered_concept,covariant,True,es;fr,,
ISV-volles_invariantensystem--polny_sistem_invaria,polny sistem invariantov,F10-1,2,0,0,0,0,review,backfill witness vector from 20-source shelf or mark explicit gap,B_intl_stem_probeable,sistem,False,all_shelves,,
ISV-vollkommener_unvollkommener_körper--sovršeno_nesovršeno_,sovršeno / nesovršeno polje,F10-0,2,1,1,0,0,yes,record witness forms in the term row (currently prose/shelf only),,,,,,
ISV-vollkommenerunvollkommener_körper--sovršenonesovršeno_p,sovršeno/nesovršeno polje,F10-0,2,1,1,0,0,yes,record witness forms in the term row (currently prose/shelf only),,,,,,
ISV-vollkommenes_unvollkommenes_koeffiziente--sovršeno_nesovršeno_,sovršeno / nesovršeno polje koeficientov,F10-0,2,1,1,0,1,yes,record witness forms in the term row (currently prose/shelf only),,,,,,
ISV-vollstaendig_reduzibel--popolno_reducibilny,popolno reducibilny,F10-0,2,0,0,0,1,yes,add W/S witness forms or explicit gap note from the 20-source shelf,,,,,,
ISV-vollstaendig_reduzible_gruppe--popolno_reducibilna_,popolno reducibilna grupa,F10-1,2,1,1,0,0,review,backfill witness vector from 20-source shelf or mark explicit gap,A_probe_covered_concept,group,True,ar;be;bg;bs;cs;es;fa;fr;hr;mk;pl;sk;sl;sr,concept_shelf,group
ISV-vollständig-reduzible_ideale--polno_redukovane_ide,polno redukovane idealy,F10-1,2,1,1,0,0,review,backfill witness vector from 20-source shelf or mark explicit gap,A_probe_covered_concept,ideal,True,be;bg;bs;cs;es;fa;fr;hr;mk;pl;sk;sl;sr,concept_shelf,ideal
ISV-vollständig_reduzibel--popolno_reducibilny,popolno reducibilny,F10-0,3,0,0,0,1,yes,add W/S witness forms or explicit gap note from the 20-source shelf,,,,,,
ISV-vollständig_reduzibel--popolno_reducibilny_,popolno reducibilny / popolna reducibilnost,F10-0,3,0,0,0,1,yes,add W/S witness forms or explicit gap note from the 20-source shelf,,,,,,
ISV-vollständig_reduzibel_zweiter_art--polno_razložimy_drug,polno razložimy drugogo roda,F10-1,2,0,0,0,0,review,backfill witness vector from 20-source shelf or mark explicit gap,C_concept_linked_shelf_plausible,completely reducible,False,,,
ISV-vollständig_reduzible_ideale--polno_redukovane_ide,polno redukovane idealy,F10-1,2,1,1,0,0,review,backfill witness vector from 20-source shelf or mark explicit gap,A_probe_covered_concept,ideal,True,be;bg;bs;cs;es;fa;fr;hr;mk;pl;sk;sl;sr,concept_shelf,ideal
ISV-vollständige_matrixalgebra--polna_matrična_algeb,polna matrična algebra,F10-1,2,0,0,0,0,review,backfill witness vector from 20-source shelf or mark explicit gap,B_intl_stem_probeable,algebr,False,all_shelves,,
ISV-vollständige_reduzibilität_erster_art--polna_razložimost_pr,polna razložimost prvogo roda,F10-1,3,0,0,0,0,review,backfill witness vector from 20-source shelf or mark explicit gap,A_probe_covered_concept,definition,True,ar;es;fa;fr,,
ISV-vom_nullideal_verschieden--različny_od_nulovogo,različny od nulovogo ideala,F10-1,2,0,0,0,0,review,backfill witness vector from 20-source shelf or mark explicit gap,A_probe_covered_concept,ideal,True,be;bg;bs;cs;es;fa;fr;hr;mk;pl;sk;sl;sr,,
ISV-vom_nullideal_verschiedenes_ideal--ideal_razny_od_nulov,ideal razny od nulovogo ideala,F10-1,2,0,0,0,0,review,backfill witness vector from 20-source shelf or mark explicit gap,A_probe_covered_concept,ideal,True,be;bg;bs;cs;es;fa;fr;hr;mk;pl;sk;sl;sr,,
ISV-vom_range_eins--imaje_rang_jedan,imaje rang jedan,F10-1,2,0,0,0,0,review,backfill witness vector from 20-source shelf or mark explicit gap,D_no_route_true_gap,,False,,,
ISV-von_gleichem_typ_von_gleicher_art_in_sec--jednakogo_vida,jednakogo vida,F10-1,2,0,0,0,0,review,backfill witness vector from 20-source shelf or mark explicit gap,C_concept_linked_shelf_plausible,least common multiple,False,,,
ISV-von_gleicher_art--jednakogo_vida,jednakogo vida,F10-1,2,0,0,0,0,review,backfill witness vector from 20-source shelf or mark explicit gap,C_concept_linked_shelf_plausible,least common multiple,False,,,
ISV-von_null_verschieden_sobald_die_tau_line--nenulovy_skoro_tau_s,"nenulovy, skoro tau sut linearno nezavisne",F10-1,2,0,0,0,0,review,backfill witness vector from 20-source shelf or mark explicit gap,B_intl_stem_probeable,linear,False,all_shelves,,
ISV-von_null_verschiedenes_element_eine_pote--nenulovy_element_něk,nenulovy element / někoja stepenj izčezaje,F10-1,2,0,0,0,0,review,backfill witness vector from 20-source shelf or mark explicit gap,A_probe_covered_concept,element,True,es;fr,,
ISV-was_immer_möglich--što_jest_vsegda_možn,što jest vsegda možno,F10-1,2,0,0,0,0,review,backfill witness vector from 20-source shelf or mark explicit gap,D_no_route_true_gap,,False,,,
ISV-weber_e_steinitz_name_normalization--veber_e_štejnic,Veber / E. Štejnic,F10-0,2,0,0,0,1,yes,add W/S witness forms or explicit gap note from the 20-source shelf,,,,,,
ISV-wegen_des_isomorphismus_der_restklassenr--zaradi_izomorfizma_k,zaradi izomorfizma kolc klasov ostatkov,F10-1,2,1,1,0,0,review,backfill witness vector from 20-source shelf or mark explicit gap,B_intl_stem_probeable,izomorf,False,all_shelves,concept_shelf,isomorphism
ISV-werden_reduzibel--stavajut_reducibilne,stavajut reducibilne,F10-1,3,0,0,0,0,review,backfill witness vector from 20-source shelf or mark explicit gap,A_probe_covered_concept,ring,True,be;bg;bs;cs;es;fa;fr;hr;mk;pl;sk;sl;sr,,
ISV-wertsysteme--sistemy_vrědnostij,sistemy vrědnostij,F10-1,2,0,0,0,0,review,backfill witness vector from 20-source shelf or mark explicit gap,A_probe_covered_concept,field,True,ar;be;bg;bs;cs;es;fa;fr;hr;mk;pl;sk;sl;sr,,
ISV-wesentlich_verschieden--suštno_različne,suštno različne,F10-1,2,0,0,0,0,review,backfill witness vector from 20-source shelf or mark explicit gap,C_concept_linked_shelf_plausible,isomorphism,True,,,
ISV-wesentliche_parameter_willkürliche_funkt--suštstvene_parametry,suštstvene parametry / libovoljne funkcije,F10-1,2,0,0,0,0,review,backfill witness vector from 20-source shelf or mark explicit gap,A_probe_covered_concept,coefficient,True,ar;es;fa;fr,,
ISV-wie_in_1_2_als_ring_gleichen_ranges_defi--definirano_kako_v_1_,"definirano, kako v §1, 2, kako kolco togo samogo ranga",F10-3,2,0,0,0,0,no_fix_first,resolve vs okruh/prsten/kolobar with access-gain ledger + Interslavic authority input before external showing,,,,,,
ISV-windschiefe_gerade--mimobežna_prjama,mimobežna prjama,F10-2,3,0,0,0,0,no_fix_first,"back the claim with W/S witness forms from the shelf, or weaken the claim",,,,,,
ISV-wohlordnung--dobro_uporjadkovanje,dobro uporjadkovanje,F10-1,3,0,0,0,0,review,backfill witness vector from 20-source shelf or mark explicit gap,C_concept_linked_shelf_plausible,chain condition,False,,,
ISV-wohlordnung_omega_prime--dobro_uporjadkovanje,dobro uporjadkovanje Omega prime,F10-1,2,0,0,0,0,review,backfill witness vector from 20-source shelf or mark explicit gap,C_concept_linked_shelf_plausible,chain condition,False,,,
ISV-wohlordnung_wohlordnungssatz--dobro_uporjadkovanje,dobro uporjadkovanje / teorema o dobrom uporjadkovanju,F10-1,2,0,0,0,0,review,backfill witness vector from 20-source shelf or mark explicit gap,B_intl_stem_probeable,teorem,False,all_shelves,,
ISV-wohlordnungssatz--teorema_o_dobrom_upo,teorema o dobrom uporjadkovanju,F10-2,3,0,0,0,0,no_fix_first,"back the claim with W/S witness forms from the shelf, or weaken the claim",,,,,,
ISV-y_verliert_eigenschaft_1--y_gubi_svojstvo_1,Y gubi svojstvo 1,F10-1,2,0,0,0,0,review,backfill witness vector from 20-source shelf or mark explicit gap,D_no_route_true_gap,,False,,,
ISV-zahl-_und_funktionenkörper--čislove_polja_i_polj,čislove polja i polja funkcij,F10-1,2,0,0,0,0,review,backfill witness vector from 20-source shelf or mark explicit gap,A_probe_covered_concept,field,True,ar;be;bg;bs;cs;es;fa;fr;hr;mk;pl;sk;sl;sr,,
ISV-zahlenmäßig_festlegen--čislovo_fiksovati,čislovo fiksovati,F10-1,2,0,0,0,0,review,backfill witness vector from 20-source shelf or mark explicit gap,A_probe_covered_concept,basis,True,ar;be;bg;cs;fa;hr;mk;pl;sl;sr,,
ISV-zahlkörper--čislovo_polje,čislovo polje,F10-0,2,1,1,0,0,yes,record witness forms in the term row (currently prose/shelf only),,,,,,
ISV-zentrum--centar,centar,F10-1,2,0,0,0,0,review,backfill witness vector from 20-source shelf or mark explicit gap,C_concept_linked_shelf_plausible,representation,True,,,
ISV-zentrum_darstellungen_des_zentrums--centar_predstavjenja,centar / predstavjenja centra,F10-1,2,1,1,0,0,review,backfill witness vector from 20-source shelf or mark explicit gap,C_concept_linked_shelf_plausible,representation,True,,concept_shelf,representation
ISV-zentrumselement--centralny_element,centralny element,F10-1,2,0,0,0,0,review,backfill witness vector from 20-source shelf or mark explicit gap,A_probe_covered_concept,element,True,es;fr,,
ISV-zentrumselement_zentrum--centralny_element_ce,centralny element / centr,F10-1,2,0,0,0,0,review,backfill witness vector from 20-source shelf or mark explicit gap,A_probe_covered_concept,element,True,es;fr,,
ISV-zerfallen_zerfallende_form--razkladati_se_razkla,razkladati se / razkladna forma,F10-2,2,0,0,0,0,no_fix_first,"back the claim with W/S witness forms from the shelf, or weaken the claim",,,,,,
ISV-zerfallen_zerfallende_formen--razkladajut_se_razkl,razkladajut se / razkladne formy,F10-1,2,0,0,0,0,review,backfill witness vector from 20-source shelf or mark explicit gap,A_probe_covered_concept,coefficient,True,ar;es;fa;fr,,
ISV-zerfallende_algebra_überall_zerfallend--razložena_algebra_po,razložena algebra; povsudu razložena,F10-1,2,0,0,0,0,review,backfill witness vector from 20-source shelf or mark explicit gap,B_intl_stem_probeable,algebr,False,all_shelves,,
ISV-zerfallende_algebren--unnamed,,F10-1,0,0,0,0,0,review,backfill witness vector from 20-source shelf or mark explicit gap,A_probe_covered_concept,group,True,ar;be;bg;bs;cs;es;fa;fr;hr;mk;pl;sk;sl;sr,,
ISV-zerfallende_formen--razložime_formy,razložime formy,F10-2,3,0,0,0,0,no_fix_first,"back the claim with W/S witness forms from the shelf, or weaken the claim",,,,,,
ISV-zerfallende_formenreihe--razkladny_ręd_form,razkladny ręd form,F10-1,2,0,0,0,0,review,backfill witness vector from 20-source shelf or mark explicit gap,B_intl_stem_probeable,form,False,all_shelves,,
ISV-zerfallende_formenreihen_oder_formen--razložime_rědy_form_,razložime rědy form ili formy,F10-1,2,0,0,0,0,review,backfill witness vector from 20-source shelf or mark explicit gap,A_probe_covered_concept,coefficient,True,ar;es;fa;fr,,
ISV-zerfällende_körper_zerfällungskörper--razpadne_polja,razpadne polja,F10-0,2,1,1,0,0,yes,record witness forms in the term row (currently prose/shelf only),,,,,,
ISV-zerfällt_zerfallen--razkladaje_se_razkla,razkladaje se / razkladanje,F10-1,2,0,0,0,0,review,backfill witness vector from 20-source shelf or mark explicit gap,C_concept_linked_shelf_plausible,splitting form,False,,,
ISV-zerfällt_zerfallende_form--razklada_se_razkladn,razklada se / razkladna forma,F10-0,3,1,0,0,0,yes,record witness forms in the term row (currently prose/shelf only),,,,,,
ISV-zerfällungskörper--polje_razloženja,polje razloženja,F10-0,3,1,1,0,0,yes,record witness forms in the term row (currently prose/shelf only),,,,,,
ISV-zerfällungskörper_separationskörper--razpadno_polje_odcěp,razpadno polje; odcěpno polje,F10-0,2,1,1,0,0,yes,record witness forms in the term row (currently prose/shelf only),,,,,,
ISV-zerlegung_in_k_bestandteile_k_untergrupp--razklad_v_k_sostavny,razklad v k sostavnyh česti / k podgrup,F10-1,2,0,0,0,0,review,backfill witness vector from 20-source shelf or mark explicit gap,B_intl_stem_probeable,grup,False,all_shelves,,
ISV-zerlegungsgruppe_verzweigungsstellen_unv--grupa_razloženja_raz,grupa razloženja; razvětvjene města; nerazvětvjeny,F10-1,2,0,0,0,0,review,backfill witness vector from 20-source shelf or mark explicit gap,B_intl_stem_probeable,grup,False,all_shelves,,
ISV-zerlegungssatz--teorema_razloženja,teorema razloženja,F10-1,2,0,0,0,0,review,backfill witness vector from 20-source shelf or mark explicit gap,B_intl_stem_probeable,teorem,False,all_shelves,,
ISV-zerlegungssätze--razložne_teoremy,razložne teoremy,F10-1,2,0,0,0,0,review,backfill witness vector from 20-source shelf or mark explicit gap,A_probe_covered_concept,module,True,ar;be;bg;bs;cs;es;fa;fr;mk;pl;sk;sl;sr,,
ISV-zerlegungssätze_für_normen_und_moduln--teoremy_o_razloženju,teoremy o razloženju norm i modulov,F10-1,2,1,1,0,0,review,backfill witness vector from 20-source shelf or mark explicit gap,A_probe_covered_concept,module,True,ar;be;bg;bs;cs;es;fa;fr;mk;pl;sk;sl;sr,concept_shelf,module
ISV-zu_p_gehörige_primärkomponente--primarna_komponenta_,primarna komponenta prinadležeča k p,F10-1,2,0,0,0,0,review,backfill witness vector from 20-source shelf or mark explicit gap,A_probe_covered_concept,group,True,ar;be;bg;bs;cs;es;fa;fr;hr;mk;pl;sk;sl;sr,,
ISV-zu_q_isomorphe_körper--polja_izomorfne_k_q,polja izomorfne k Q,F10-1,2,1,1,0,0,review,backfill witness vector from 20-source shelf or mark explicit gap,A_probe_covered_concept,field,True,ar;be;bg;bs;cs;es;fa;fr;hr;mk;pl;sk;sl;sr,concept_shelf,field
ISV-zugehörige_primideale--sootvětni_prosti_ide,sootvětni prosti idealy,F10-4,2,1,1,0,0,yes_with_definition,keep explicit definition at first use; mark authority-needed in review packet,,,,,concept_shelf,prime ideal
ISV-zugehöriges_primideal--asociovany_prost_ide,asociovany prost ideal,F10-1,3,0,0,0,0,review,backfill witness vector from 20-source shelf or mark explicit gap,A_probe_covered_concept,ideal,True,be;bg;bs;cs;es;fa;fr;hr;mk;pl;sk;sl;sr,,
ISV-zugehöriges_primideal--pridruženy_prosty_id,pridruženy prosty ideal,F10-1,3,0,0,0,0,review,backfill witness vector from 20-source shelf or mark explicit gap,A_probe_covered_concept,ideal,True,be;bg;bs;cs;es;fa;fr;hr;mk;pl;sk;sl;sr,,
ISV-zugehöriges_primideal_im_nicht-kommutati--pridruženy_prosty_id,pridruženy prosty ideal v nekomutativnom slučaju,F10-1,3,0,0,0,0,review,backfill witness vector from 20-source shelf or mark explicit gap,A_probe_covered_concept,ideal,True,be;bg;bs;cs;es;fa;fr;hr;mk;pl;sk;sl;sr,,
ISV-zugehöriges_primideal_section07_uniquene--pridruženy_prosty_id,pridruženy prosty ideal,F10-1,3,0,0,0,0,review,backfill witness vector from 20-source shelf or mark explicit gap,A_probe_covered_concept,ideal,True,be;bg;bs;cs;es;fa;fr;hr;mk;pl;sk;sl;sr,,
ISV-zugehöriges_primideal_zu_p_gehören--asociovany_prosty_id,asociovany prosty ideal / naležati k p,F10-1,2,0,0,0,0,review,backfill witness vector from 20-source shelf or mark explicit gap,A_probe_covered_concept,ideal,True,be;bg;bs;cs;es;fa;fr;hr;mk;pl;sk;sl;sr,,
ISV-zugehöriges_primideal_zugehörige_primzah--pridruženy_prosty_id,pridruženy prosty ideal / pridruženo prosto čislo,F10-1,3,0,0,0,0,review,backfill witness vector from 20-source shelf or mark explicit gap,A_probe_covered_concept,ideal,True,be;bg;bs;cs;es;fa;fr;hr;mk;pl;sk;sl;sr,,
ISV-zulässiges_ideal--dopustimy_ideal,dopustimy ideal,F10-1,2,1,1,0,0,review,backfill witness vector from 20-source shelf or mark explicit gap,A_probe_covered_concept,ideal,True,be;bg;bs;cs;es;fa;fr;hr;mk;pl;sk;sl;sr,concept_shelf,ideal
ISV-zuordnung--prirędženje,prirędženje,F10-1,2,0,0,0,0,review,backfill witness vector from 20-source shelf or mark explicit gap,C_concept_linked_shelf_plausible,isomorphism,True,,,
ISV-zur_axiomatik_idealtheorie--k_aksiomatice_idealt,K aksiomatice ... Idealtheorie,F10-1,2,0,0,0,0,review,backfill witness vector from 20-source shelf or mark explicit gap,A_probe_covered_concept,ideal,True,be;bg;bs;cs;es;fa;fr;hr;mk;pl;sk;sl;sr,,
ISV-zur_kontrolle_der_rechnung--za_kontrolu_računa,za kontrolu računa,F10-1,2,0,0,0,0,review,backfill witness vector from 20-source shelf or mark explicit gap,D_no_route_true_gap,,False,,,
ISV-zurückführung_des_moduls_aν_auf_den_modu--svedenje_modula_aν_k,"svedenje modula (A,ν) k modulu (ν)",F10-1,2,1,1,0,0,review,backfill witness vector from 20-source shelf or mark explicit gap,A_probe_covered_concept,module,True,ar;be;bg;bs;cs;es;fa;fr;mk;pl;sk;sl;sr,concept_shelf,module
ISV-zusammengehörige_wertsysteme_nullstellen--prinaležne_sistemi_v,prinaležne sistemi veličin / sistem nul,F10-1,2,0,0,0,0,review,backfill witness vector from 20-source shelf or mark explicit gap,A_probe_covered_concept,group,True,ar;be;bg;bs;cs;es;fa;fr;hr;mk;pl;sk;sl;sr,,
ISV-zusammenhang_zwischen_idealen_aus_polyno--vez_medžu_idealami_i,vez medžu idealami iz polinomov i modulami iz linearnyh form,F10-1,2,1,1,0,0,review,backfill witness vector from 20-source shelf or mark explicit gap,A_probe_covered_concept,ideal,True,be;bg;bs;cs;es;fa;fr;hr;mk;pl;sk;sl;sr,concept_shelf,module
ISV-zusammensetzung--skladanje,skladanje,F10-0,3,0,0,0,1,yes,add W/S witness forms or explicit gap note from the 20-source shelf,,,,,,
ISV-zusatz--dodatok,dodatok,F10-1,2,0,1,0,0,review,backfill witness vector from 20-source shelf or mark explicit gap,A_probe_covered_concept,corollary,True,es;fr,concept_shelf,corollary
ISV-zweiseitig_einfach--dvustranno_prosty,dvustranno prosty,F10-1,2,0,0,0,0,review,backfill witness vector from 20-source shelf or mark explicit gap,A_probe_covered_concept,ring,True,be;bg;bs;cs;es;fa;fr;hr;mk;pl;sk;sl;sr,,
ISV-zweiseitig_unzerlegbare_ringe--dvustranno_nerazloži,dvustranno nerazložime kolca,F10-1,3,0,0,0,0,review,backfill witness vector from 20-source shelf or mark explicit gap,A_probe_covered_concept,ring,True,be;bg;bs;cs;es;fa;fr;hr;mk;pl;sk;sl;sr,,
ISV-zweiseitige_ideale--dvustranne_idealy,dvustranne idealy,F10-1,3,1,1,0,0,review,backfill witness vector from 20-source shelf or mark explicit gap,A_probe_covered_concept,ideal,True,be;bg;bs;cs;es;fa;fr;hr;mk;pl;sk;sl;sr,concept_shelf,ideal
ISV-zweiseitige_klassen--dvustranne_klasy,dvustranne klasy,F10-1,2,0,0,0,0,review,backfill witness vector from 20-source shelf or mark explicit gap,A_probe_covered_concept,ideal,True,be;bg;bs;cs;es;fa;fr;hr;mk;pl;sk;sl;sr,,
ISV-zweiter_isomorphiesatz--drugi_teorem_o_izomo,drugi teorem o izomorfizmu,F10-0,3,0,0,0,1,yes,add W/S witness forms or explicit gap note from the 20-source shelf,,,,,,
ISV-zweiter_isomorphiesatz--drugy_teorem_izomorf,drugy teorem izomorfizma,F10-1,2,0,0,0,0,review,backfill witness vector from 20-source shelf or mark explicit gap,B_intl_stem_probeable,teorem,False,all_shelves,,
ISV-zweiter_isomorphiesatz--drugy_teorem_o_izomo,drugy teorem o izomorfizmu,F10-1,2,0,0,0,0,review,backfill witness vector from 20-source shelf or mark explicit gap,B_intl_stem_probeable,teorem,False,all_shelves,,
ISV-zwischendarstellungen--medžupredstavjenja,medžupredstavjenja,F10-1,2,0,0,0,0,review,backfill witness vector from 20-source shelf or mark explicit gap,C_concept_linked_shelf_plausible,representation,True,,,
ISV-zwischenkörper--medžupolja_medžupolj,medžupolja / medžupolj,F10-1,3,0,0,0,0,review,backfill witness vector from 20-source shelf or mark explicit gap,A_probe_covered_concept,field,True,ar;be;bg;bs;cs;es;fa;fr;hr;mk;pl;sk;sl;sr,,
ISV-zwischenkörper--medžupolje,medžupolje,F10-0,2,1,1,0,0,yes,record witness forms in the term row (currently prose/shelf only),,,,,,
ISV-zwischenkörper_durchschnittskörper--medžupolje_polje_prě,medžupolje / polje prěsěka,F10-0,2,1,1,0,0,yes,record witness forms in the term row (currently prose/shelf only),,,,,,
ISV-zwischenring--medžukolco,medžukolco,F10-3,2,0,0,0,0,no_fix_first,resolve vs okruh/prsten/kolobar with access-gain ledger + Interslavic authority input before external showing,,,,,,
ISV-zyklisch_dicksonscher_typus--ciklična_dicksonov_t,ciklična / Dicksonov tip,F10-0,2,0,0,0,1,yes,add W/S witness forms or explicit gap note from the 20-source shelf,,,,,,
ISV-zyklische_gruppen--ciklične_grupy,ciklične grupy,F10-1,2,1,1,0,0,review,backfill witness vector from 20-source shelf or mark explicit gap,A_probe_covered_concept,group,True,ar;be;bg;bs;cs;es;fa;fr;hr;mk;pl;sk;sl;sr,concept_shelf,group
ISV-äquivalenter_erweiterungskörper_erweiter--ekvivalentno_razširj,ekvivalentno razširjeno polje / razširjeno kolco,F10-3,2,1,1,0,0,no_fix_first,resolve vs okruh/prsten/kolobar with access-gain ledger + Interslavic authority input before external showing,,,,,,
ISV-überall_zerfallende_algebra--povsudu_razložena_al,povsudu razložena algebra,F10-2,2,0,0,0,0,no_fix_first,"back the claim with W/S witness forms from the shelf, or weaken the claim",,,,,,
ISV-überblick_über_die_bildung_des_systems--obzor_tvorjenja_sist,Obzor tvorjenja sistema,F10-1,2,0,0,0,0,review,backfill witness vector from 20-source shelf or mark explicit gap,A_probe_covered_concept,determinant,True,ar;bg;cs;es;fa;fr;hr;mk;pl;sk;sl;sr,,
ISV-übergang_von_der_ordnung_zu_den_ringen_e--prěhod_od_porjadka_k,prěhod od porjadka k kolcam konečnogo ranga vzhodno k polju,F10-1,2,0,0,0,0,review,backfill witness vector from 20-source shelf or mark explicit gap,A_probe_covered_concept,ring,True,be;bg;bs;cs;es;fa;fr;hr;mk;pl;sk;sl;sr,,
ISV-übergang_zu_endlichen_erweiterungskörper--prěhod_k_konečnym_ra,prěhod k konečnym razširjenjam polj,F10-1,3,0,0,0,0,review,backfill witness vector from 20-source shelf or mark explicit gap,A_probe_covered_concept,field,True,ar;be;bg;bs;cs;es;fa;fr;hr;mk;pl;sk;sl;sr,,
ISV-übergang_zu_erweiterungsringen--prěhod_k_razširjenym,prěhod k razširjenym kolcam,F10-1,2,0,0,0,0,review,backfill witness vector from 20-source shelf or mark explicit gap,A_probe_covered_concept,ring,True,be;bg;bs;cs;es;fa;fr;hr;mk;pl;sk;sl;sr,,
ISV-übergangssubstitution--prěhodno_prěobraženj,prěhodno prěobraženje,F10-1,2,0,0,0,0,review,backfill witness vector from 20-source shelf or mark explicit gap,C_concept_linked_shelf_plausible,substitution,False,,,
ISV-übernommene_formen--vzete_formy,vzete formy,F10-1,2,0,0,0,0,review,backfill witness vector from 20-source shelf or mark explicit gap,A_probe_covered_concept,coefficient,True,ar;es;fa;fr,,
ISV-überschiebung_über_eine_funktionaldeterm--transvekcija_črez_fu,transvekcija črez funkcionalny determinant,F10-1,2,0,0,0,0,review,backfill witness vector from 20-source shelf or mark explicit gap,A_probe_covered_concept,determinant,True,ar;bg;cs;es;fa;fr;hr;mk;pl;sk;sl;sr,,
ISV-überschiebungen--prěkrivanja,prěkrivanja,F10-1,2,0,0,0,0,review,backfill witness vector from 20-source shelf or mark explicit gap,A_probe_covered_concept,covariant,True,es;fr,,
ISV-übertragung_aus_dem_binären_gebiet--prěnos_iz_binarnoj_o,prěnos iz binarnoj oblasti,F10-1,2,0,0,0,0,review,backfill witness vector from 20-source shelf or mark explicit gap,D_no_route_true_gap,,False,,,
ISV-übertragungsprinzip--načelo_prěnosa,načelo prěnosa,F10-1,2,0,0,0,0,review,backfill witness vector from 20-source shelf or mark explicit gap,D_no_route_true_gap,,False,,,
ISV-übertragungsprinzip--princip_prěnosa,princip prěnosa,F10-1,2,0,0,0,0,review,backfill witness vector from 20-source shelf or mark explicit gap,B_intl_stem_probeable,princip,False,all_shelves,,
ISV-übertragungsprinzip_für_die_rationalbasi--princip_prěnosa_za_r,princip prěnosa za racionalnu bazu,F10-1,2,0,0,0,0,review,backfill witness vector from 20-source shelf or mark explicit gap,A_probe_covered_concept,basis,True,ar;be;bg;cs;fa;hr;mk;pl;sl;sr,,
ISV-LB-formensystem,sistem form,F10-4,0,0,0,0,0,review,merge into glossary schema during backfill,B_intl_stem_probeable,sistem,False,all_shelves,,
ISV-LB-ternäre_biquadratische_form,ternarna bikvadratična forma,F10-1,0,0,0,0,0,review,merge into glossary schema during backfill,B_intl_stem_probeable,kvadrat,False,all_shelves,,
ISV-LB-relativ_vollständiges_system,odnosno polny sistem,F10-1,0,0,0,0,0,review,merge into glossary schema during backfill,A_probe_covered_concept,covariant,True,es;fr,,
ISV-LB-überschiebung,transvekcija,F10-1,0,0,0,0,1,review,merge into glossary schema during backfill,C_concept_linked_shelf_plausible,functional determinant,False,,,
ISV-LB-mod,modulo,F10-1,0,0,0,0,1,review,merge into glossary schema during backfill,B_intl_stem_probeable,modul,False,all_shelves,,
ISV-LB-adjungieren,pridavati,F10-1,0,0,0,0,0,review,merge into glossary schema during backfill,C_concept_linked_shelf_plausible,adjunction,False,,,
ISV-LB-simultanes_system,simultanny sistem,F10-4,0,0,0,0,1,review,merge into glossary schema during backfill,,,,,,
ISV-LB-rechnerisches_mittel,računno sredstvo,F10-1,0,0,0,0,0,review,merge into glossary schema during backfill,D_no_route_true_gap,,False,,,
ISV-LB-faltungsprozeßfaltung,proces svijanja/svijanje,F10-1,0,0,0,0,0,review,merge into glossary schema during backfill,C_concept_linked_shelf_plausible,folding,False,,,
ISV-LB-reihenentwicklungen_nach_polaren,razvitja v ręd po polarah,F10-1,0,0,0,0,0,review,merge into glossary schema during backfill,D_no_route_true_gap,,False,,,
ISV-LB-zusammengesetzte_polaren,složene polary,F10-1,0,0,0,0,1,review,merge into glossary schema during backfill,A_probe_covered_concept,set,True,es;fa;fr,,
ISV-LB-rekurrierendes_gleichungssystem,rekursivny sistem ravnanj,F10-1,0,0,0,0,0,review,merge into glossary schema during backfill,A_probe_covered_concept,equation,True,ar;bg;cs;es;fa;fr;hr;pl;sk;sl,,
ISV-LB-numerische_koeffizienten,čislove koeficienty,F10-1,0,0,0,0,1,review,merge into glossary schema during backfill,A_probe_covered_concept,coefficient,True,ar;es;fa;fr,,
ISV-LB-zurückführung_des_moduls,svedenje modula,F10-1,0,0,0,0,0,review,merge into glossary schema during backfill,A_probe_covered_concept,module,True,ar;be;bg;bs;cs;es;fa;fr;mk;pl;sk;sl;sr,,
ISV-LB-klammerfaktor,skobkovy faktor,F10-1,0,0,0,0,0,review,merge into glossary schema during backfill,C_concept_linked_shelf_plausible,direct factor,False,,,
ISV-LB-höherer_modul,vyšši modul,F10-1,0,1,1,0,0,review,merge into glossary schema during backfill,A_probe_covered_concept,module,True,ar;be;bg;bs;cs;es;fa;fr;mk;pl;sk;sl;sr,concept_shelf,module
ISV-LB-umkehrung_des_gleichungssystems,obrat sistema ravnanj,F10-1,0,0,0,0,0,review,merge into glossary schema during backfill,A_probe_covered_concept,lemma,True,es;fr,,
ISV-LB-reduktionsformeln,redukcijne formuly,F10-1,0,0,0,0,0,review,merge into glossary schema during backfill,B_intl_stem_probeable,reduk,False,all_shelves,,
ISV-LB-relationen_für_die_zerfallenden_formen,relacije za razložime formy,F10-4,0,0,0,0,0,review,merge into glossary schema during backfill,,,,,,
ISV-LB-relativ_vollständiges_system_mod_svarrho,"relativno polny sistem mod $(s,\varrho,t)$",F10-1,0,0,0,0,0,review,merge into glossary schema during backfill,A_probe_covered_concept,covariant,True,es;fr,,
ISV-LB-formen_dritter_ordnung,Formy tretjego poręda,F10-1,0,0,0,0,0,review,merge into glossary schema during backfill,A_probe_covered_concept,coefficient,True,ar;es;fa;fr,,
ISV-LB-faltung_von_f_mit_nu,Svijanje $f$ s $\nu$,F10-1,0,0,0,0,0,review,merge into glossary schema during backfill,C_concept_linked_shelf_plausible,folding,False,,,
ISV-LB-formen_vierter_ordnung,Formy četvrtogo poręda,F10-1,0,0,0,0,0,review,merge into glossary schema during backfill,A_probe_covered_concept,coefficient,True,ar;es;fa;fr,,
ISV-LB-faltung_von_theta_mit_nu,Svijanje $\theta$ s $\nu$,F10-1,0,0,0,0,0,review,merge into glossary schema during backfill,C_concept_linked_shelf_plausible,folding,False,,,
ISV-LB-durch_doppelte_reduktion,črez dvojnu redukciju,F10-1,0,0,0,0,0,review,merge into glossary schema during backfill,B_intl_stem_probeable,reduk,False,all_shelves,,
ISV-LB-nach_dem_ansatz,po slědujućej začetnoj shemě,F10-1,0,0,0,0,0,review,merge into glossary schema during backfill,C_concept_linked_shelf_plausible,ansatz / setup,False,,,
ISV-LB-adj_modul,adjungovany modul,F10-1,0,1,1,0,0,review,merge into glossary schema during backfill,B_intl_stem_probeable,modul,False,all_shelves,concept_shelf,module
ISV-LB-formen_fünfter_ordnung,Formy petogo poręda,F10-1,0,0,0,0,0,review,merge into glossary schema during backfill,A_probe_covered_concept,coefficient,True,ar;es;fa;fr,,
ISV-LB-faltung_von_kja_mit_nu_f_mit_h,"Svijanje K,j,\A s \nu; f s H",F10-1,0,0,0,0,0,review,merge into glossary schema during backfill,C_concept_linked_shelf_plausible,folding,False,,,
ISV-LB-die_doppelte_berechnung_gibt_anlaß_zur_r,Dvojno izračunanje ... daje povod k redukciji,F10-1,0,0,0,0,0,review,merge into glossary schema during backfill,B_intl_stem_probeable,reduk,False,all_shelves,,
ISV-LB-ableitung_der_formeln,Izvodženje formul,F10-1,0,0,0,0,0,review,merge into glossary schema during backfill,B_intl_stem_probeable,form,False,all_shelves,,
ISV-LB-dualistisch_entgegengesetzt,dualistično protivopoložny,F10-1,0,0,0,0,0,review,merge into glossary schema during backfill,A_probe_covered_concept,set,True,es;fa;fr,,
ISV-LB-als_modul_adjungiert,adjungovano kako modul,F10-1,0,1,1,0,0,review,merge into glossary schema during backfill,B_intl_stem_probeable,modul,False,all_shelves,concept_shelf,module
ISV-LB-formen_sechster_ordnung,Formy šestogo poręda,F10-1,0,0,0,0,0,review,merge into glossary schema during backfill,A_probe_covered_concept,coefficient,True,ar;es;fa;fr,,
ISV-LB-übersicht_über_die_reduktionen,Obzor redukcij,F10-1,0,0,0,0,0,review,merge into glossary schema during backfill,B_intl_stem_probeable,reduk,False,all_shelves,,
ISV-LB-ausführung_der_reduktionen,Izpolnjenje redukcij,F10-1,0,0,0,0,0,review,merge into glossary schema during backfill,B_intl_stem_probeable,reduk,False,all_shelves,,
ISV-LB-gesamtformenreihe,obći ręd form,F10-1,0,0,0,0,0,review,merge into glossary schema during backfill,B_intl_stem_probeable,form,False,all_shelves,,
ISV-LB-identitäten_entstehen_nicht,identičnosti ne nastavajut,F10-1,0,0,0,0,0,review,merge into glossary schema during backfill,C_concept_linked_shelf_plausible,identity (relation),False,,,
ISV-LB-formen_siebenter_ordnung,Formy sedmogo poręda,F10-1,0,0,0,0,0,review,merge into glossary schema during backfill,A_probe_covered_concept,coefficient,True,ar;es;fa;fr,,
ISV-LB-einmalige_überschiebung,jednorazovy prěnos,F10-1,0,0,0,0,0,review,merge into glossary schema during backfill,C_concept_linked_shelf_plausible,folding,False,,,
ISV-LB-zweimalige_polarisation,dvojnorazova polarizacija,F10-1,0,0,0,0,1,review,merge into glossary schema during backfill,C_concept_linked_shelf_plausible,folding,False,,,
ISV-LB-nach_dem_ansatz,po začętnoj shemě,F10-1,0,0,0,0,0,review,merge into glossary schema during backfill,C_concept_linked_shelf_plausible,ansatz / setup,False,,,
ISV-LB-formen_achter_ordnung,Formy osmogo poręda,F10-1,0,0,0,0,0,review,merge into glossary schema during backfill,A_probe_covered_concept,coefficient,True,ar;es;fa;fr,,
ISV-LB-sukzessive_einmalige_faltung,poslědovateljno jednorazovo svijanje,F10-1,0,0,0,0,0,review,merge into glossary schema during backfill,C_concept_linked_shelf_plausible,decomposition,True,,,
ISV-LB-spezielle_zweimalige_faltung,specialno dvojnorazovo svijanje,F10-1,0,0,0,0,0,review,merge into glossary schema during backfill,B_intl_stem_probeable,special,False,all_shelves,,
ISV-LB-formen_neunter_ordnung,Formy devętogo poręda,F10-1,0,0,0,0,0,review,merge into glossary schema during backfill,A_probe_covered_concept,coefficient,True,ar;es;fa;fr,,
ISV-LB-überschiebungen_über_funktionaldetermina,transvekcije nad funkcionalnymi determinantami,F10-1,0,0,0,0,1,review,merge into glossary schema during backfill,A_probe_covered_concept,determinant,True,ar;bg;cs;es;fa;fr;hr;mk;pl;sk;sl;sr,,
ISV-LB-dualistisch_entgegengesetzte_betrachtung,dualistično protivopoložno razmatrjenje,F10-1,0,0,0,0,0,review,merge into glossary schema during backfill,A_probe_covered_concept,set,True,es;fa;fr,,
ISV-LB-formen_11_12_13_15_ordnung,"Formy 11., 12., 13. i 15. poręda",F10-1,0,0,0,0,0,review,merge into glossary schema during backfill,A_probe_covered_concept,coefficient,True,ar;es;fa;fr,,
ISV-LB-zerfallen_oder_reduzibilität_der_übrigen,Razkladanje ili reducibilnost ostalyh form,F10-1,0,0,0,0,0,review,merge into glossary schema during backfill,A_probe_covered_concept,definition,True,ar;es;fa;fr,,
ISV-LB-erschöpft,izčrpane,F10-1,0,0,0,0,0,review,merge into glossary schema during backfill,C_concept_linked_shelf_plausible,identity (relation),False,,,
ISV-LB-relativ_vollständiges_system_mod_varrhot,"relativno polny sistem mod $(\varrho,t)$",F10-1,0,0,0,0,0,review,merge into glossary schema during backfill,A_probe_covered_concept,covariant,True,es;fr,,
ISV-LB-reduktion_des_moduls_und_des_systems_von,redukcija modula ... i sistema od s,F10-1,0,0,0,0,0,review,merge into glossary schema during backfill,A_probe_covered_concept,module,True,ar;be;bg;bs;cs;es;fa;fr;mk;pl;sk;sl;sr,,
ISV-LB-höhere_formen,vyše formy,F10-1,0,0,0,0,0,review,merge into glossary schema during backfill,A_probe_covered_concept,coefficient,True,ar;es;fa;fr,,
ISV-LB-moduvarrhot,"\pmod{(\varrho,t)}",F10-1,0,0,0,0,0,review,merge into glossary schema during backfill,D_no_route_true_gap,,False,,,
ISV-LB-system_s_i,Sistem $s_I$,F10-1,0,0,0,0,0,review,merge into glossary schema during backfill,A_probe_covered_concept,covariant,True,es;fr,,
ISV-LB-formenreiheformenreihen,ręd form/rędy form,F10-1,0,0,0,0,0,review,merge into glossary schema during backfill,B_intl_stem_probeable,form,False,all_shelves,,
ISV-LB-durch_zurückgehen,črez vraćanje ...,F10-1,0,0,0,0,0,review,merge into glossary schema during backfill,C_concept_linked_shelf_plausible,form,False,,,
ISV-LB-beliebige_formen,proizvoljne formy,F10-1,0,0,0,0,0,review,merge into glossary schema during backfill,A_probe_covered_concept,coefficient,True,ar;es;fa;fr,,
ISV-LB-zerfallende_formen,razkladne formy,F10-1,0,0,0,0,0,review,merge into glossary schema during backfill,A_probe_covered_concept,coefficient,True,ar;es;fa;fr,,
ISV-LB-formenreiheformenreihen,ręd form/rędy form,F10-1,0,0,0,0,0,review,merge into glossary schema during backfill,B_intl_stem_probeable,form,False,all_shelves,,
ISV-LB-zerfälltzerfallen,razkladaje se/razkladanje,F10-1,0,0,0,0,0,review,merge into glossary schema during backfill,C_concept_linked_shelf_plausible,splitting form,False,,,
ISV-LB-formen_7_ordnung,Formy 7. poręda,F10-1,0,0,0,0,0,review,merge into glossary schema during backfill,A_probe_covered_concept,coefficient,True,ar;es;fa;fr,,
ISV-LB-direkte_faltung_mit_den_reduzenten,neposrědno svijanje s reducentami,F10-1,0,0,0,0,0,review,merge into glossary schema during backfill,A_probe_covered_concept,direct sum,True,es;fr,,
ISV-LB-zerfallen_von_überschiebungen_mit_funkti,razkladanje transvekcij s funkcionalnymi determinantami,F10-1,0,0,0,0,0,review,merge into glossary schema during backfill,A_probe_covered_concept,determinant,True,ar;bg;cs;es;fa;fr;hr;mk;pl;sk;sl;sr,,
ISV-LB-durch_zurückgehen_auf_niedrigere_formen,črez vraćanje ... k nižšim formam,F10-1,0,0,0,0,0,review,merge into glossary schema during backfill,A_probe_covered_concept,coefficient,True,ar;es;fa;fr,,
ISV-LB-nach_dem_ansatz,po slědujućej shemě,F10-1,0,0,0,0,0,review,merge into glossary schema during backfill,C_concept_linked_shelf_plausible,ansatz / setup,False,,,
ISV-LB-formen_8_ordnung,Formy 8. poręda,F10-1,0,0,0,0,0,review,merge into glossary schema during backfill,A_probe_covered_concept,coefficient,True,ar;es;fa;fr,,
ISV-LB-überschiebung_über_funktionaldeterminant,transvekcija črez funkcionalne determinanty,F10-1,0,0,0,0,0,review,merge into glossary schema during backfill,A_probe_covered_concept,determinant,True,ar;bg;cs;es;fa;fr;hr;mk;pl;sk;sl;sr,,
ISV-LB-einmalige_überschiebung,jednokratna transvekcija,F10-1,0,0,0,0,0,review,merge into glossary schema during backfill,C_concept_linked_shelf_plausible,folding,False,,,
ISV-LB-produkt,produkt,F10-1,0,0,0,0,1,review,merge into glossary schema during backfill,C_concept_linked_shelf_plausible,crossed product,False,,,
ISV-LB-zerfallende_form,razkladna forma,F10-1,0,0,0,0,0,review,merge into glossary schema during backfill,B_intl_stem_probeable,form,False,all_shelves,,
ISV-LB-zerfallende_form,razkladna forma,F10-1,0,0,0,0,0,review,merge into glossary schema during backfill,B_intl_stem_probeable,form,False,all_shelves,,
ISV-LB-produkte_von_formen_niedrigeren_grades_a,produkty form nižšego stepena sut izpušćene,F10-1,0,0,0,0,0,review,merge into glossary schema during backfill,A_probe_covered_concept,coefficient,True,ar;es;fa;fr,,
ISV-LB-formen_12_13_14_15_ordnung,"Formy 12., 13., 14., 15. poręda",F10-1,0,0,0,0,0,review,merge into glossary schema during backfill,A_probe_covered_concept,coefficient,True,ar;es;fa;fr,,
ISV-LB-direkte_faltung,neposrědnje svijanje,F10-1,0,0,0,0,0,review,merge into glossary schema during backfill,A_probe_covered_concept,direct sum,True,es;fr,,
ISV-LB-reduzenten_oder_zerfallenden_formen,reducentami abo razkladnymi formami,F10-1,0,0,0,0,0,review,merge into glossary schema during backfill,A_probe_covered_concept,coefficient,True,ar;es;fa;fr,,
ISV-LB-sollen_nicht_mehr_erwähnt_werden,dalej ne budut spominjane,F10-1,0,0,0,0,0,review,merge into glossary schema during backfill,A_probe_covered_concept,ring,True,be;bg;bs;cs;es;fa;fr;hr;mk;pl;sk;sl;sr,,
ISV-LB-überschiebung_über_funktionaldeterminant,transvekcija črez funkcionalne determinanty,F10-1,0,0,0,0,0,review,merge into glossary schema during backfill,A_probe_covered_concept,determinant,True,ar;bg;cs;es;fa;fr;hr;mk;pl;sk;sl;sr,,
ISV-LB-unter_gleichzeitiger_betrachtung,pri jednovrěmennom razsmotrenju,F10-1,0,0,0,0,0,review,merge into glossary schema during backfill,C_concept_linked_shelf_plausible,least common multiple,False,,,
ISV-LB-einzelne_formen,oddělne formy,F10-1,0,0,0,0,0,review,merge into glossary schema during backfill,A_probe_covered_concept,coefficient,True,ar;es;fa;fr,,
ISV-LB-formen_von_n_variabeln,form v $n$ prěměnnyh,F10-1,0,0,0,0,0,review,merge into glossary schema during backfill,A_probe_covered_concept,coefficient,True,ar;es;fa;fr,,
ISV-LB-formensystem,sistem form,F10-1,0,0,0,0,0,review,merge into glossary schema during backfill,B_intl_stem_probeable,sistem,False,all_shelves,,
ISV-LB-invariante_bildungen,invariantne tvorjenja,F10-1,0,1,1,0,0,review,merge into glossary schema during backfill,B_intl_stem_probeable,invariant,True,all_shelves,concept_shelf,invariant
ISV-LB-faltungsprozeßfaltungen,proces svijanja/svijanja,F10-1,0,0,0,0,0,review,merge into glossary schema during backfill,C_concept_linked_shelf_plausible,folding,False,,,
ISV-LB-kogredientkontragredient,kogredientny/kontragredientny,F10-1,0,0,0,0,0,review,merge into glossary schema during backfill,D_no_route_true_gap,,False,,,
ISV-LB-unterdeterminanten,minory,F10-1,0,0,0,0,0,review,merge into glossary schema during backfill,A_probe_covered_concept,determinant,True,ar;bg;cs;es;fa;fr;hr;mk;pl;sk;sl;sr,,
ISV-LB-variablenreihensymbolreihen,rędy prěměnnyh/rędy simbolov,F10-1,0,0,0,0,0,review,merge into glossary schema during backfill,D_no_route_true_gap,,False,,,
ISV-LB-zerlegungsidentität,razkladna identičnost,F10-1,0,0,0,0,0,review,merge into glossary schema during backfill,C_concept_linked_shelf_plausible,decomposition identity,False,,,
ISV-LB-formen_von_n_variabeln,form v $n$ prěměnnyh,F10-1,0,0,0,0,0,review,merge into glossary schema during backfill,A_probe_covered_concept,coefficient,True,ar;es;fa;fr,,
ISV-LB-formenzusammenhang,svęz medžu formami,F10-1,0,0,0,0,0,review,merge into glossary schema during backfill,A_probe_covered_concept,module,True,ar;be;bg;bs;cs;es;fa;fr;mk;pl;sk;sl;sr,,
ISV-LB-beherrschung,ovladanje,F10-1,0,0,0,0,0,review,merge into glossary schema during backfill,D_no_route_true_gap,,False,,,
ISV-LB-symbolische_darstellbarkeit,simbolična predstavimost,F10-1,0,0,0,0,0,review,merge into glossary schema during backfill,A_probe_covered_concept,coefficient,True,ar;es;fa;fr,,
ISV-LB-variabelnreihensymbolreihen,rędy prěměnnyh/rędy simbolov,F10-1,0,0,0,0,0,review,merge into glossary schema during backfill,C_concept_linked_shelf_plausible,form,False,,,
ISV-LB-matrizenprodukte,matrične produkty,F10-1,0,0,0,0,0,review,merge into glossary schema during backfill,C_concept_linked_shelf_plausible,matrix product,False,,,
ISV-LB-zerlegungsidentität,razkladna identičnost,F10-1,0,0,0,0,0,review,merge into glossary schema during backfill,C_concept_linked_shelf_plausible,decomposition identity,False,,,
ISV-LB-faltungsprozeßgrundfaltungen,proces svijanja/osnovne svijanja,F10-1,0,0,0,0,0,review,merge into glossary schema during backfill,C_concept_linked_shelf_plausible,folding,False,,,
ISV-LB-ausdehnungslehre,nauka o razširjenju,F10-1,0,0,0,0,0,review,merge into glossary schema during backfill,D_no_route_true_gap,,False,,,
ISV-LB-nachbemerkung,Dodatna zamětka,F10-1,0,0,0,0,0,review,merge into glossary schema during backfill,C_concept_linked_shelf_plausible,remark,False,,,
ISV-LB-variabelnreihe,ręd prěměnnyh,F10-1,0,0,0,0,0,review,merge into glossary schema during backfill,C_concept_linked_shelf_plausible,form,False,,,
ISV-LB-ein-eindeutig_zugeordnet,vzaimno jednoznačno prirędženy,F10-1,0,0,0,0,0,review,merge into glossary schema during backfill,D_no_route_true_gap,,False,,,
ISV-LB-bedingungsgleichungen,uslovne uravnenja,F10-1,0,0,0,0,0,review,merge into glossary schema during backfill,A_probe_covered_concept,equation,True,ar;bg;cs;es;fa;fr;hr;pl;sk;sl,,
ISV-LB-kogredient_kontragredient,kogredientny / kontragredientny,F10-1,0,0,0,0,0,review,merge into glossary schema during backfill,D_no_route_true_gap,,False,,,
ISV-LB-matrizenprodukt,matričny produkt,F10-1,0,0,0,0,1,review,merge into glossary schema during backfill,C_concept_linked_shelf_plausible,matrix product,False,,,
ISV-LB-gewicht_der_reihe,vaga rěda,F10-1,0,0,0,0,0,review,merge into glossary schema during backfill,D_no_route_true_gap,,False,,,
ISV-LB-matrizenprodukt,matričny produkt,F10-1,0,0,0,0,0,review,merge into glossary schema during backfill,C_concept_linked_shelf_plausible,matrix product,False,,,
ISV-LB-explizite_darstellung,eksplicitno predstavjenje,F10-1,0,1,1,0,0,review,merge into glossary schema during backfill,C_concept_linked_shelf_plausible,decomposition,True,,concept_shelf,representation
ISV-LB-faltungsprozeßfaltung,proces svijanja/svijanje,F10-1,0,0,0,0,0,review,merge into glossary schema during backfill,C_concept_linked_shelf_plausible,folding,False,,,
ISV-LB-defekt_der_faltung,defekt svijanja,F10-1,0,0,0,0,0,review,merge into glossary schema during backfill,C_concept_linked_shelf_plausible,folding,False,,,
ISV-LB-zugeordnete_reihen,prirędžene rędy,F10-1,0,0,0,0,0,review,merge into glossary schema during backfill,C_concept_linked_shelf_plausible,division algebra,False,,,
ISV-LB-quadratische_relationen,kvadratične relacije,F10-1,0,0,0,0,0,review,merge into glossary schema during backfill,A_probe_covered_concept,relation,True,es;fr,,
ISV-LB-produktsatz,teorema produkta,F10-1,0,0,0,0,0,review,merge into glossary schema during backfill,B_intl_stem_probeable,teorem,False,all_shelves,,
ISV-LB-symbolische_identitäten,simbolične identičnosti,F10-1,0,0,0,0,0,review,merge into glossary schema during backfill,C_concept_linked_shelf_plausible,identity (relation),False,,,
ISV-LB-irreduzible_unzerlegbare_identitäten,nereduktibilne nerazložime identičnosti,F10-1,0,0,0,0,0,review,merge into glossary schema during backfill,A_probe_covered_concept,equation,True,ar;bg;cs;es;fa;fr;hr;pl;sk;sl,,
ISV-LB-zusammengesetzte_identitäten,sostavne identičnosti,F10-1,0,0,0,0,0,review,merge into glossary schema during backfill,A_probe_covered_concept,set,True,es;fa;fr,,
ISV-LB-symbolreihenvariabelnreihen,rędy simbolov/rędy prěměnnyh,F10-1,0,0,0,0,0,review,merge into glossary schema during backfill,C_concept_linked_shelf_plausible,form,False,,,
ISV-LB-notwendige_und_hinreichende_bedingungen,potrěbne i dostatočne uslovja,F10-1,0,0,0,0,0,review,merge into glossary schema during backfill,A_probe_covered_concept,field,True,ar;be;bg;bs;cs;es;fa;fr;hr;mk;pl;sk;sl;sr,,
ISV-LB-poissonscher_klammerprozeß,proces Poissonovyh skobok,F10-1,0,0,0,0,0,review,merge into glossary schema during backfill,D_no_route_true_gap,,False,,,
ISV-LB-gewichtsindizes,indeksy vagy,F10-1,0,0,0,0,0,review,merge into glossary schema during backfill,D_no_route_true_gap,,False,,,
ISV-LB-nichtexistenz_der_expliziten_darstellung,neobstajanje eksplicitnogo predstavjenja,F10-1,0,1,1,0,0,review,merge into glossary schema during backfill,C_concept_linked_shelf_plausible,representation,True,,concept_shelf,representation
ISV-LB-zerlegungsidentitäten,razkladne identičnosti,F10-1,0,0,0,0,0,review,merge into glossary schema during backfill,C_concept_linked_shelf_plausible,form,False,,,
ISV-LB-schlussausdruck,zaključny izraz,F10-1,0,0,0,0,0,review,merge into glossary schema during backfill,D_no_route_true_gap,,False,,,
ISV-LB-eine_reihe_zerlegt,ręd jest razložen,F10-1,0,0,0,0,0,review,merge into glossary schema during backfill,D_no_route_true_gap,,False,,,
ISV-LB-operation_bricht_ab,operacija prěryvaje se,F10-1,0,0,0,0,0,review,merge into glossary schema during backfill,D_no_route_true_gap,,False,,,
ISV-LB-dualististische_zerlegungsidentität,dualistična razkladna identičnost,F10-1,0,0,0,0,0,review,merge into glossary schema during backfill,C_concept_linked_shelf_plausible,decomposition identity,False,,,
ISV-LB-zerlegungsidentitäten_in_expliziter_form,razkladne identičnosti v eksplicitnoj formě,F10-1,0,0,0,0,0,review,merge into glossary schema during backfill,B_intl_stem_probeable,form,False,all_shelves,,
ISV-LB-zerlegbare_identität,razložima identičnost,F10-1,0,0,0,0,0,review,merge into glossary schema during backfill,A_probe_covered_concept,field,True,ar;be;bg;bs;cs;es;fa;fr;hr;mk;pl;sk;sl;sr,,
ISV-LB-produktsatz_in_allgemeinster_form,teorema produkta v najobćejšej formě,F10-1,0,0,0,0,0,review,merge into glossary schema during backfill,B_intl_stem_probeable,teorem,False,all_shelves,,
ISV-LB-einzelsumme,pojedina suma,F10-1,0,0,0,0,0,review,merge into glossary schema during backfill,D_no_route_true_gap,,False,,,
ISV-LB-gesamtheit_der_unzerlegbaren_identitäten,vyčerpana jest cělost nerazložimyh identičnostij,F10-1,0,0,0,0,0,review,merge into glossary schema during backfill,C_concept_linked_shelf_plausible,identity (relation),False,,,
ISV-LB-elementarkovarianten,elementarne kovarianty,F10-1,0,0,0,0,1,review,merge into glossary schema during backfill,A_probe_covered_concept,element,True,es;fr,,
ISV-LB-kogrediente_faltung_vom_defekt_rho,kogredientno svijanje s defektom \rho,F10-1,0,0,0,0,0,review,merge into glossary schema during backfill,C_concept_linked_shelf_plausible,folding,False,,,
