path,git_status,category,bytes_at_frontier,sha256_text,csv_rows,source_hint_decision,frontier,source_use_label,non_claim_boundary
transfer-audits/session12-20260705/B3_WHOLE_CORPUS_33B23_PACKAGE_QUEUE_20260706/B3_POST_94419346_9737_SAME_FRONTIER_LOCAL_RETURNS_BATCH_20260707/B3_ACTION_SUMMARY.csv,A,b3-transfer-audit-context,291,0D69683C80AFE7746E7EE1DF92DC870BA8678451DF3C6DC0202F4A1918FAE01C,1,source-like/evidence-like packet artifact only; exact source-body rows still require manual source review before reviewer packet use,28019a34851454d37431f2c900c80b45ea90f23e,generated-draft/non-canonical/source-use/gap-support,generated-draft/non-canonical/source-use/gap support only; not native review/not accepted terminology/not approval/not community consent/not license clearance/not gate promotion/not source certification/not final status/not bridge-pilot/not CJK interlanguage bridge/not pan-CJK authority/not Korean-school authority/not visual inventory/not term spine/not sign rendering/not translation completion
transfer-audits/session12-20260705/B3_WHOLE_CORPUS_33B23_PACKAGE_QUEUE_20260706/B3_POST_94419346_9737_SAME_FRONTIER_LOCAL_RETURNS_BATCH_20260707/BRANCH_PR_STATE.csv,A,b3-transfer-audit-context,429,80997C8D852B155B3F408EA3418115922C99D9882CB558D9E18025A89B14DC35,9,source-like/evidence-like packet artifact only; exact source-body rows still require manual source review before reviewer packet use,28019a34851454d37431f2c900c80b45ea90f23e,generated-draft/non-canonical/source-use/gap-support,generated-draft/non-canonical/source-use/gap support only; not native review/not accepted terminology/not approval/not community consent/not license clearance/not gate promotion/not source certification/not final status/not bridge-pilot/not CJK interlanguage bridge/not pan-CJK authority/not Korean-school authority/not visual inventory/not term spine/not sign rendering/not translation completion
transfer-audits/session12-20260705/B3_WHOLE_CORPUS_33B23_PACKAGE_QUEUE_20260706/B3_POST_94419346_9737_SAME_FRONTIER_LOCAL_RETURNS_BATCH_20260707/MANIFEST.csv,A,b3-transfer-audit-context,1550,393F2C5885A92FFC9640D0EA902D602AF773CD689FFC9D3F04BE231FDD57BB56,8,source-like/evidence-like packet artifact only; exact source-body rows still require manual source review before reviewer packet use,28019a34851454d37431f2c900c80b45ea90f23e,generated-draft/non-canonical/source-use/gap-support,generated-draft/non-canonical/source-use/gap support only; not native review/not accepted terminology/not approval/not community consent/not license clearance/not gate promotion/not source certification/not final status/not bridge-pilot/not CJK interlanguage bridge/not pan-CJK authority/not Korean-school authority/not visual inventory/not term spine/not sign rendering/not translation completion
transfer-audits/session12-20260705/B3_WHOLE_CORPUS_33B23_PACKAGE_QUEUE_20260706/B3_POST_94419346_9737_SAME_FRONTIER_LOCAL_RETURNS_BATCH_20260707/MANIFEST_REPLAY.csv,A,b3-transfer-audit-context,10830,FCE4C362CAC7BBC9DBC3495AC38794E9D1FF679AE846428059C85775618778B5,44,source-like/evidence-like packet artifact only; exact source-body rows still require manual source review before reviewer packet use,28019a34851454d37431f2c900c80b45ea90f23e,generated-draft/non-canonical/source-use/gap-support,generated-draft/non-canonical/source-use/gap support only; not native review/not accepted terminology/not approval/not community consent/not license clearance/not gate promotion/not source certification/not final status/not bridge-pilot/not CJK interlanguage bridge/not pan-CJK authority/not Korean-school authority/not visual inventory/not term spine/not sign rendering/not translation completion
transfer-audits/session12-20260705/B3_WHOLE_CORPUS_33B23_PACKAGE_QUEUE_20260706/B3_POST_94419346_9737_SAME_FRONTIER_LOCAL_RETURNS_BATCH_20260707/PACKAGE_FILE_LEDGER.csv,A,b3-transfer-audit-context,27138,86EC74802284B091F38BC496FCEF20009FCA1479100AAB899A0297CDA809236E,53,source-like/evidence-like packet artifact only; exact source-body rows still require manual source review before reviewer packet use,28019a34851454d37431f2c900c80b45ea90f23e,generated-draft/non-canonical/source-use/gap-support,generated-draft/non-canonical/source-use/gap support only; not native review/not accepted terminology/not approval/not community consent/not license clearance/not gate promotion/not source certification/not final status/not bridge-pilot/not CJK interlanguage bridge/not pan-CJK authority/not Korean-school authority/not visual inventory/not term spine/not sign rendering/not translation completion
transfer-audits/session12-20260705/B3_WHOLE_CORPUS_33B23_PACKAGE_QUEUE_20260706/B3_POST_94419346_9737_SAME_FRONTIER_LOCAL_RETURNS_BATCH_20260707/PACKAGE_ROOT_SUMMARY.csv,A,b3-transfer-audit-context,1838,D0D3BF41560028880C2154AA8525AD8C2075F4068C6BA51E7B895AEFB461DBCD,4,source-like/evidence-like packet artifact only; exact source-body rows still require manual source review before reviewer packet use,28019a34851454d37431f2c900c80b45ea90f23e,generated-draft/non-canonical/source-use/gap-support,generated-draft/non-canonical/source-use/gap support only; not native review/not accepted terminology/not approval/not community consent/not license clearance/not gate promotion/not source certification/not final status/not bridge-pilot/not CJK interlanguage bridge/not pan-CJK authority/not Korean-school authority/not visual inventory/not term spine/not sign rendering/not translation completion
transfer-audits/session12-20260705/B3_WHOLE_CORPUS_33B23_PACKAGE_QUEUE_20260706/B3_POST_94419346_9737_SAME_FRONTIER_LOCAL_RETURNS_BATCH_20260707/README.md,A,b3-transfer-audit-context,704,7927E47ECED93AAD646E6044B93F68E24834A1E45C4F42EC1125F026A68E68E9,,source-like/evidence-like packet artifact only; exact source-body rows still require manual source review before reviewer packet use,28019a34851454d37431f2c900c80b45ea90f23e,generated-draft/non-canonical/source-use/gap-support,generated-draft/non-canonical/source-use/gap support only; not native review/not accepted terminology/not approval/not community consent/not license clearance/not gate promotion/not source certification/not final status/not bridge-pilot/not CJK interlanguage bridge/not pan-CJK authority/not Korean-school authority/not visual inventory/not term spine/not sign rendering/not translation completion
transfer-audits/session12-20260705/B3_WHOLE_CORPUS_33B23_PACKAGE_QUEUE_20260706/B3_POST_94419346_9737_SAME_FRONTIER_LOCAL_RETURNS_BATCH_20260707/SAFETY_SCAN_HITS.csv,A,b3-transfer-audit-context,0,,0,source-like/evidence-like packet artifact only; exact source-body rows still require manual source review before reviewer packet use,28019a34851454d37431f2c900c80b45ea90f23e,generated-draft/non-canonical/source-use/gap-support,generated-draft/non-canonical/source-use/gap support only; not native review/not accepted terminology/not approval/not community consent/not license clearance/not gate promotion/not source certification/not final status/not bridge-pilot/not CJK interlanguage bridge/not pan-CJK authority/not Korean-school authority/not visual inventory/not term spine/not sign rendering/not translation completion
transfer-audits/session12-20260705/B3_WHOLE_CORPUS_33B23_PACKAGE_QUEUE_20260706/B3_POST_94419346_9737_SAME_FRONTIER_LOCAL_RETURNS_BATCH_20260707/SHA256SUMS.txt,A,b3-transfer-audit-context,692,A9BE0287865D4060FD48667DBDD79CE190094734BB9347C2CE97E5AEC8EBF093,,source-like/evidence-like packet artifact only; exact source-body rows still require manual source review before reviewer packet use,28019a34851454d37431f2c900c80b45ea90f23e,generated-draft/non-canonical/source-use/gap-support,generated-draft/non-canonical/source-use/gap support only; not native review/not accepted terminology/not approval/not community consent/not license clearance/not gate promotion/not source certification/not final status/not bridge-pilot/not CJK interlanguage bridge/not pan-CJK authority/not Korean-school authority/not visual inventory/not term spine/not sign rendering/not translation completion
transfer-audits/session12-20260705/B3_WHOLE_CORPUS_33B23_PACKAGE_QUEUE_20260706/B3_POST_94419346_9737_SAME_FRONTIER_LOCAL_RETURNS_BATCH_20260707/SHA256SUMS_REPLAY.csv,A,b3-transfer-audit-context,10623,6F98976620815C145AE4645BBD418A2165DFCC3AF84DFDCBFD5A0A89249F5DCF,46,source-like/evidence-like packet artifact only; exact source-body rows still require manual source review before reviewer packet use,28019a34851454d37431f2c900c80b45ea90f23e,generated-draft/non-canonical/source-use/gap-support,generated-draft/non-canonical/source-use/gap support only; not native review/not accepted terminology/not approval/not community consent/not license clearance/not gate promotion/not source certification/not final status/not bridge-pilot/not CJK interlanguage bridge/not pan-CJK authority/not Korean-school authority/not visual inventory/not term spine/not sign rendering/not translation completion
transfer-audits/session12-20260705/B3_WHOLE_CORPUS_33B23_PACKAGE_QUEUE_20260706/B3_POST_9737E10C_CJK_NATIVE_INTERLANGUAGE_R2_R9_FRONTIER_RECOVERY_BATCH_20260707/B3_ACTION_SUMMARY.csv,A,cjk-interlanguage-route-context-only,349,0A882A3E07FF53529122548CA317FA5C1143E7CBED91E599366FE98B5AC8882B,1,source-like/evidence-like packet artifact only; exact source-body rows still require manual source review before reviewer packet use,28019a34851454d37431f2c900c80b45ea90f23e,generated-draft/non-canonical/source-use/gap-support,generated-draft/non-canonical/source-use/gap support only; not native review/not accepted terminology/not approval/not community consent/not license clearance/not gate promotion/not source certification/not final status/not bridge-pilot/not CJK interlanguage bridge/not pan-CJK authority/not Korean-school authority/not visual inventory/not term spine/not sign rendering/not translation completion
transfer-audits/session12-20260705/B3_WHOLE_CORPUS_33B23_PACKAGE_QUEUE_20260706/B3_POST_9737E10C_CJK_NATIVE_INTERLANGUAGE_R2_R9_FRONTIER_RECOVERY_BATCH_20260707/BRANCH_PR_STATE.csv,A,cjk-interlanguage-route-context-only,472,1FC55DFD32E76B2B5F83E02D0C6EDBCE38C2805EA7DB139D5E9495CA8C95E762,10,source-like/evidence-like packet artifact only; exact source-body rows still require manual source review before reviewer packet use,28019a34851454d37431f2c900c80b45ea90f23e,generated-draft/non-canonical/source-use/gap-support,generated-draft/non-canonical/source-use/gap support only; not native review/not accepted terminology/not approval/not community consent/not license clearance/not gate promotion/not source certification/not final status/not bridge-pilot/not CJK interlanguage bridge/not pan-CJK authority/not Korean-school authority/not visual inventory/not term spine/not sign rendering/not translation completion
transfer-audits/session12-20260705/B3_WHOLE_CORPUS_33B23_PACKAGE_QUEUE_20260706/B3_POST_9737E10C_CJK_NATIVE_INTERLANGUAGE_R2_R9_FRONTIER_RECOVERY_BATCH_20260707/HELD_ROOTS_AND_BLOCKERS.csv,A,cjk-interlanguage-route-context-only,1169,C8F4BD0D1E5F581CC79045E571F93514F7EB4EF25DB3A8B41EA8C0B2B1C355D5,3,source-like/evidence-like packet artifact only; exact source-body rows still require manual source review before reviewer packet use,28019a34851454d37431f2c900c80b45ea90f23e,generated-draft/non-canonical/source-use/gap-support,generated-draft/non-canonical/source-use/gap support only; not native review/not accepted terminology/not approval/not community consent/not license clearance/not gate promotion/not source certification/not final status/not bridge-pilot/not CJK interlanguage bridge/not pan-CJK authority/not Korean-school authority/not visual inventory/not term spine/not sign rendering/not translation completion
transfer-audits/session12-20260705/B3_WHOLE_CORPUS_33B23_PACKAGE_QUEUE_20260706/B3_POST_9737E10C_CJK_NATIVE_INTERLANGUAGE_R2_R9_FRONTIER_RECOVERY_BATCH_20260707/MANIFEST.csv,A,cjk-interlanguage-route-context-only,1751,AD14E20DA87E01C44B214B08F339DB1C420E1B700D928E50AB4D5FB44AA35CFC,9,source-like/evidence-like packet artifact only; exact source-body rows still require manual source review before reviewer packet use,28019a34851454d37431f2c900c80b45ea90f23e,generated-draft/non-canonical/source-use/gap-support,generated-draft/non-canonical/source-use/gap support only; not native review/not accepted terminology/not approval/not community consent/not license clearance/not gate promotion/not source certification/not final status/not bridge-pilot/not CJK interlanguage bridge/not pan-CJK authority/not Korean-school authority/not visual inventory/not term spine/not sign rendering/not translation completion
transfer-audits/session12-20260705/B3_WHOLE_CORPUS_33B23_PACKAGE_QUEUE_20260706/B3_POST_9737E10C_CJK_NATIVE_INTERLANGUAGE_R2_R9_FRONTIER_RECOVERY_BATCH_20260707/MANIFEST_REPLAY.csv,A,cjk-interlanguage-route-context-only,267070,A71D97432A708D4B97265489D49C18A14E4774E739663EC0F669782FF26801C3,881,source-like/evidence-like packet artifact only; exact source-body rows still require manual source review before reviewer packet use,28019a34851454d37431f2c900c80b45ea90f23e,generated-draft/non-canonical/source-use/gap-support,generated-draft/non-canonical/source-use/gap support only; not native review/not accepted terminology/not approval/not community consent/not license clearance/not gate promotion/not source certification/not final status/not bridge-pilot/not CJK interlanguage bridge/not pan-CJK authority/not Korean-school authority/not visual inventory/not term spine/not sign rendering/not translation completion
transfer-audits/session12-20260705/B3_WHOLE_CORPUS_33B23_PACKAGE_QUEUE_20260706/B3_POST_9737E10C_CJK_NATIVE_INTERLANGUAGE_R2_R9_FRONTIER_RECOVERY_BATCH_20260707/PACKAGE_FILE_LEDGER.csv,A,cjk-interlanguage-route-context-only,615836,CCEB6FB9A107F19D34634934BC32D184E4E5FBCF9639B9C8FD6DC2DF6A860B5A,897,source-like/evidence-like packet artifact only; exact source-body rows still require manual source review before reviewer packet use,28019a34851454d37431f2c900c80b45ea90f23e,generated-draft/non-canonical/source-use/gap-support,generated-draft/non-canonical/source-use/gap support only; not native review/not accepted terminology/not approval/not community consent/not license clearance/not gate promotion/not source certification/not final status/not bridge-pilot/not CJK interlanguage bridge/not pan-CJK authority/not Korean-school authority/not visual inventory/not term spine/not sign rendering/not translation completion
transfer-audits/session12-20260705/B3_WHOLE_CORPUS_33B23_PACKAGE_QUEUE_20260706/B3_POST_9737E10C_CJK_NATIVE_INTERLANGUAGE_R2_R9_FRONTIER_RECOVERY_BATCH_20260707/PACKAGE_ROOT_SUMMARY.csv,A,cjk-interlanguage-route-context-only,2866,172858EA69EC2914324CDEF9D5430AD1C17B6DFE6F482B43FD1867C59B610A0C,6,source-like/evidence-like packet artifact only; exact source-body rows still require manual source review before reviewer packet use,28019a34851454d37431f2c900c80b45ea90f23e,generated-draft/non-canonical/source-use/gap-support,generated-draft/non-canonical/source-use/gap support only; not native review/not accepted terminology/not approval/not community consent/not license clearance/not gate promotion/not source certification/not final status/not bridge-pilot/not CJK interlanguage bridge/not pan-CJK authority/not Korean-school authority/not visual inventory/not term spine/not sign rendering/not translation completion
transfer-audits/session12-20260705/B3_WHOLE_CORPUS_33B23_PACKAGE_QUEUE_20260706/B3_POST_9737E10C_CJK_NATIVE_INTERLANGUAGE_R2_R9_FRONTIER_RECOVERY_BATCH_20260707/README.md,A,cjk-interlanguage-route-context-only,941,30895D361FCA8D645CE4083894EC10850C0DF85B59F11DE52A06DA956BFDE553,,source-like/evidence-like packet artifact only; exact source-body rows still require manual source review before reviewer packet use,28019a34851454d37431f2c900c80b45ea90f23e,generated-draft/non-canonical/source-use/gap-support,generated-draft/non-canonical/source-use/gap support only; not native review/not accepted terminology/not approval/not community consent/not license clearance/not gate promotion/not source certification/not final status/not bridge-pilot/not CJK interlanguage bridge/not pan-CJK authority/not Korean-school authority/not visual inventory/not term spine/not sign rendering/not translation completion
transfer-audits/session12-20260705/B3_WHOLE_CORPUS_33B23_PACKAGE_QUEUE_20260706/B3_POST_9737E10C_CJK_NATIVE_INTERLANGUAGE_R2_R9_FRONTIER_RECOVERY_BATCH_20260707/SAFETY_SCAN_HITS.csv,A,cjk-interlanguage-route-context-only,7871,A244966872C0883740C45FDDB4D7C81A2F992545584C2E536034A058DD3AD87F,13,source-like/evidence-like packet artifact only; exact source-body rows still require manual source review before reviewer packet use,28019a34851454d37431f2c900c80b45ea90f23e,generated-draft/non-canonical/source-use/gap-support,generated-draft/non-canonical/source-use/gap support only; not native review/not accepted terminology/not approval/not community consent/not license clearance/not gate promotion/not source certification/not final status/not bridge-pilot/not CJK interlanguage bridge/not pan-CJK authority/not Korean-school authority/not visual inventory/not term spine/not sign rendering/not translation completion
transfer-audits/session12-20260705/B3_WHOLE_CORPUS_33B23_PACKAGE_QUEUE_20260706/B3_POST_9737E10C_CJK_NATIVE_INTERLANGUAGE_R2_R9_FRONTIER_RECOVERY_BATCH_20260707/SHA256SUMS.txt,A,cjk-interlanguage-route-context-only,786,C223CCA0DC59E47A37D079F47A7F7973A0A121F3E324098F104A7717081C296F,,source-like/evidence-like packet artifact only; exact source-body rows still require manual source review before reviewer packet use,28019a34851454d37431f2c900c80b45ea90f23e,generated-draft/non-canonical/source-use/gap-support,generated-draft/non-canonical/source-use/gap support only; not native review/not accepted terminology/not approval/not community consent/not license clearance/not gate promotion/not source certification/not final status/not bridge-pilot/not CJK interlanguage bridge/not pan-CJK authority/not Korean-school authority/not visual inventory/not term spine/not sign rendering/not translation completion
transfer-audits/session12-20260705/B3_WHOLE_CORPUS_33B23_PACKAGE_QUEUE_20260706/B3_POST_9737E10C_CJK_NATIVE_INTERLANGUAGE_R2_R9_FRONTIER_RECOVERY_BATCH_20260707/SHA256SUMS_REPLAY.csv,A,cjk-interlanguage-route-context-only,254365,651CF595495FF38B3E0E1A010E02F4FBE8AD3868797659C127C4C99C1DA11911,884,source-like/evidence-like packet artifact only; exact source-body rows still require manual source review before reviewer packet use,28019a34851454d37431f2c900c80b45ea90f23e,generated-draft/non-canonical/source-use/gap-support,generated-draft/non-canonical/source-use/gap support only; not native review/not accepted terminology/not approval/not community consent/not license clearance/not gate promotion/not source certification/not final status/not bridge-pilot/not CJK interlanguage bridge/not pan-CJK authority/not Korean-school authority/not visual inventory/not term spine/not sign rendering/not translation completion
uploader-transfer/cjk-native-source-evidence-9737e10c-frontier-advance-source-use-codepoint-fable-20260707/CJK_NATIVE_9737E10C_FRONTIER_ADVANCE_SOURCE_USE_CODEPOINT_FABLE_20260707/ACTIVE_SESSION_STATE.md,A,cjk-native-codepoint-context-only,2412,A934F938E190729B6856FC5BAB99B13DAAD28B82A4D93F68FE84D8F82CEF6BE8,,source-like/evidence-like packet artifact only; exact source-body rows still require manual source review before reviewer packet use,28019a34851454d37431f2c900c80b45ea90f23e,generated-draft/non-canonical/source-use/gap-support,generated-draft/non-canonical/source-use/gap support only; not native review/not accepted terminology/not approval/not community consent/not license clearance/not gate promotion/not source certification/not final status/not bridge-pilot/not CJK interlanguage bridge/not pan-CJK authority/not Korean-school authority/not visual inventory/not term spine/not sign rendering/not translation completion
uploader-transfer/cjk-native-source-evidence-9737e10c-frontier-advance-source-use-codepoint-fable-20260707/CJK_NATIVE_9737E10C_FRONTIER_ADVANCE_SOURCE_USE_CODEPOINT_FABLE_20260707/CJK_NATIVE_9737E10C_FRONTIER_ADVANCE_SOURCE_USE_CODEPOINT_FABLE_20260707_B3_UPLOADER_READY_SUMMARY.csv,A,cjk-native-codepoint-context-only,1372,629F6E740E1E0C148EB4C473DEA4D4641F8B76EEB86F87D925D1D5E7EE04F07F,1,source-like/evidence-like packet artifact only; exact source-body rows still require manual source review before reviewer packet use,28019a34851454d37431f2c900c80b45ea90f23e,generated-draft/non-canonical/source-use/gap-support,generated-draft/non-canonical/source-use/gap support only; not native review/not accepted terminology/not approval/not community consent/not license clearance/not gate promotion/not source certification/not final status/not bridge-pilot/not CJK interlanguage bridge/not pan-CJK authority/not Korean-school authority/not visual inventory/not term spine/not sign rendering/not translation completion
uploader-transfer/cjk-native-source-evidence-9737e10c-frontier-advance-source-use-codepoint-fable-20260707/CJK_NATIVE_9737E10C_FRONTIER_ADVANCE_SOURCE_USE_CODEPOINT_FABLE_20260707/CJK_NATIVE_9737E10C_FRONTIER_ADVANCE_SOURCE_USE_CODEPOINT_FABLE_20260707_BRANCH_DELTA_6034C6B4_TO_9737E10C_ALL_PATHS.csv,A,cjk-native-codepoint-context-only,106901,16D0A60A887ABABF2D3B161C1F0020D10DC0B5D0B53A1BD129A25B1D95BCDB59,142,source-like/evidence-like packet artifact only; exact source-body rows still require manual source review before reviewer packet use,28019a34851454d37431f2c900c80b45ea90f23e,generated-draft/non-canonical/source-use/gap-support,generated-draft/non-canonical/source-use/gap support only; not native review/not accepted terminology/not approval/not community consent/not license clearance/not gate promotion/not source certification/not final status/not bridge-pilot/not CJK interlanguage bridge/not pan-CJK authority/not Korean-school authority/not visual inventory/not term spine/not sign rendering/not translation completion
uploader-transfer/cjk-native-source-evidence-9737e10c-frontier-advance-source-use-codepoint-fable-20260707/CJK_NATIVE_9737E10C_FRONTIER_ADVANCE_SOURCE_USE_CODEPOINT_FABLE_20260707/CJK_NATIVE_9737E10C_FRONTIER_ADVANCE_SOURCE_USE_CODEPOINT_FABLE_20260707_BRANCH_DELTA_6034C6B4_TO_9737E10C_CJK_SIGNAL_PATHS.csv,A,cjk-native-codepoint-context-only,29171,8EF98A12972F02DE01F74E695F95CDC36269ED2CEB3493723A9A9B6FE1397AB5,38,source-like/evidence-like packet artifact only; exact source-body rows still require manual source review before reviewer packet use,28019a34851454d37431f2c900c80b45ea90f23e,generated-draft/non-canonical/source-use/gap-support,generated-draft/non-canonical/source-use/gap support only; not native review/not accepted terminology/not approval/not community consent/not license clearance/not gate promotion/not source certification/not final status/not bridge-pilot/not CJK interlanguage bridge/not pan-CJK authority/not Korean-school authority/not visual inventory/not term spine/not sign rendering/not translation completion
uploader-transfer/cjk-native-source-evidence-9737e10c-frontier-advance-source-use-codepoint-fable-20260707/CJK_NATIVE_9737E10C_FRONTIER_ADVANCE_SOURCE_USE_CODEPOINT_FABLE_20260707/CJK_NATIVE_9737E10C_FRONTIER_ADVANCE_SOURCE_USE_CODEPOINT_FABLE_20260707_BRANCH_FRONTIER_RECONCILIATION.csv,A,cjk-native-codepoint-context-only,885,11CA895BB84B6A0D2E5E98D8784EA89B4A2BFEDE47D398ED81166E03FB2969C9,8,source-like/evidence-like packet artifact only; exact source-body rows still require manual source review before reviewer packet use,28019a34851454d37431f2c900c80b45ea90f23e,generated-draft/non-canonical/source-use/gap-support,generated-draft/non-canonical/source-use/gap support only; not native review/not accepted terminology/not approval/not community consent/not license clearance/not gate promotion/not source certification/not final status/not bridge-pilot/not CJK interlanguage bridge/not pan-CJK authority/not Korean-school authority/not visual inventory/not term spine/not sign rendering/not translation completion
uploader-transfer/cjk-native-source-evidence-9737e10c-frontier-advance-source-use-codepoint-fable-20260707/CJK_NATIVE_9737E10C_FRONTIER_ADVANCE_SOURCE_USE_CODEPOINT_FABLE_20260707/CJK_NATIVE_9737E10C_FRONTIER_ADVANCE_SOURCE_USE_CODEPOINT_FABLE_20260707_CJK_ROUTE_PACKET_CLASSIFICATION.csv,A,cjk-native-codepoint-context-only,44208,4DD01C076BDD13F51FA3210BAAAE67858C46A9C8B7F3EA99ABEE375650EFEFF8,38,source-like/evidence-like packet artifact only; exact source-body rows still require manual source review before reviewer packet use,28019a34851454d37431f2c900c80b45ea90f23e,generated-draft/non-canonical/source-use/gap-support,generated-draft/non-canonical/source-use/gap support only; not native review/not accepted terminology/not approval/not community consent/not license clearance/not gate promotion/not source certification/not final status/not bridge-pilot/not CJK interlanguage bridge/not pan-CJK authority/not Korean-school authority/not visual inventory/not term spine/not sign rendering/not translation completion
uploader-transfer/cjk-native-source-evidence-9737e10c-frontier-advance-source-use-codepoint-fable-20260707/CJK_NATIVE_9737E10C_FRONTIER_ADVANCE_SOURCE_USE_CODEPOINT_FABLE_20260707/CJK_NATIVE_9737E10C_FRONTIER_ADVANCE_SOURCE_USE_CODEPOINT_FABLE_20260707_CURRENT_BRANCH_LOG_TOP.csv,A,cjk-native-codepoint-context-only,4705,7218434331E708B4034073D144830444ED197A472BF123781380D4375468CAAD,10,source-like/evidence-like packet artifact only; exact source-body rows still require manual source review before reviewer packet use,28019a34851454d37431f2c900c80b45ea90f23e,generated-draft/non-canonical/source-use/gap-support,generated-draft/non-canonical/source-use/gap support only; not native review/not accepted terminology/not approval/not community consent/not license clearance/not gate promotion/not source certification/not final status/not bridge-pilot/not CJK interlanguage bridge/not pan-CJK authority/not Korean-school authority/not visual inventory/not term spine/not sign rendering/not translation completion
uploader-transfer/cjk-native-source-evidence-9737e10c-frontier-advance-source-use-codepoint-fable-20260707/CJK_NATIVE_9737E10C_FRONTIER_ADVANCE_SOURCE_USE_CODEPOINT_FABLE_20260707/CJK_NATIVE_9737E10C_FRONTIER_ADVANCE_SOURCE_USE_CODEPOINT_FABLE_20260707_DELTA_COMMITS_6034C6B4_TO_9737E10C.csv,A,cjk-native-codepoint-context-only,567,DC7D16701723D6B3C9E3CA36718E18CF252B3E887D286065B3E4D5497AFCE865,1,source-like/evidence-like packet artifact only; exact source-body rows still require manual source review before reviewer packet use,28019a34851454d37431f2c900c80b45ea90f23e,generated-draft/non-canonical/source-use/gap-support,generated-draft/non-canonical/source-use/gap support only; not native review/not accepted terminology/not approval/not community consent/not license clearance/not gate promotion/not source certification/not final status/not bridge-pilot/not CJK interlanguage bridge/not pan-CJK authority/not Korean-school authority/not visual inventory/not term spine/not sign rendering/not translation completion
uploader-transfer/cjk-native-source-evidence-9737e10c-frontier-advance-source-use-codepoint-fable-20260707/CJK_NATIVE_9737E10C_FRONTIER_ADVANCE_SOURCE_USE_CODEPOINT_FABLE_20260707/CJK_NATIVE_9737E10C_FRONTIER_ADVANCE_SOURCE_USE_CODEPOINT_FABLE_20260707_EXACT_BLOCKERS_AND_RECOVERY_ROWS.csv,A,cjk-native-codepoint-context-only,6233,DB894ECB2489A1427E42F049C0A5A16B7DB8A6636093C7FEF671A7973A78B7A9,8,source-like/evidence-like packet artifact only; exact source-body rows still require manual source review before reviewer packet use,28019a34851454d37431f2c900c80b45ea90f23e,generated-draft/non-canonical/source-use/gap-support,generated-draft/non-canonical/source-use/gap support only; not native review/not accepted terminology/not approval/not community consent/not license clearance/not gate promotion/not source certification/not final status/not bridge-pilot/not CJK interlanguage bridge/not pan-CJK authority/not Korean-school authority/not visual inventory/not term spine/not sign rendering/not translation completion
uploader-transfer/cjk-native-source-evidence-9737e10c-frontier-advance-source-use-codepoint-fable-20260707/CJK_NATIVE_9737E10C_FRONTIER_ADVANCE_SOURCE_USE_CODEPOINT_FABLE_20260707/CJK_NATIVE_9737E10C_FRONTIER_ADVANCE_SOURCE_USE_CODEPOINT_FABLE_20260707_HARDENED_HEARTBEAT_MUTUAL_WAKE_RULES.csv,A,cjk-native-codepoint-context-only,2113,E85632433523F27FF9AE2938CEA5BDD24C3718ED9DBF11E0ECC2B72ABFD580F1,3,source-like/evidence-like packet artifact only; exact source-body rows still require manual source review before reviewer packet use,28019a34851454d37431f2c900c80b45ea90f23e,generated-draft/non-canonical/source-use/gap-support,generated-draft/non-canonical/source-use/gap support only; not native review/not accepted terminology/not approval/not community consent/not license clearance/not gate promotion/not source certification/not final status/not bridge-pilot/not CJK interlanguage bridge/not pan-CJK authority/not Korean-school authority/not visual inventory/not term spine/not sign rendering/not translation completion
uploader-transfer/cjk-native-source-evidence-9737e10c-frontier-advance-source-use-codepoint-fable-20260707/CJK_NATIVE_9737E10C_FRONTIER_ADVANCE_SOURCE_USE_CODEPOINT_FABLE_20260707/CJK_NATIVE_9737E10C_FRONTIER_ADVANCE_SOURCE_USE_CODEPOINT_FABLE_20260707_JA_ZH_SOURCE_BASELINE_CARRYFORWARD.csv,A,cjk-native-codepoint-context-only,2,7EB70257593DA06F682A3DDDA54A9D260D4FC514F645237F5CA74B08F8DA61A6,0,source-like/evidence-like packet artifact only; exact source-body rows still require manual source review before reviewer packet use,28019a34851454d37431f2c900c80b45ea90f23e,generated-draft/non-canonical/source-use/gap-support,generated-draft/non-canonical/source-use/gap support only; not native review/not accepted terminology/not approval/not community consent/not license clearance/not gate promotion/not source certification/not final status/not bridge-pilot/not CJK interlanguage bridge/not pan-CJK authority/not Korean-school authority/not visual inventory/not term spine/not sign rendering/not translation completion
uploader-transfer/cjk-native-source-evidence-9737e10c-frontier-advance-source-use-codepoint-fable-20260707/CJK_NATIVE_9737E10C_FRONTIER_ADVANCE_SOURCE_USE_CODEPOINT_FABLE_20260707/CJK_NATIVE_9737E10C_FRONTIER_ADVANCE_SOURCE_USE_CODEPOINT_FABLE_20260707_SAME_FRONTIER_ARTIFACT_ACCOUNTING_20260707.csv,A,cjk-native-codepoint-context-only,3609,356769E7973735AD9288908DD46C5311E476E9B6D535AC7851DACA99007C6F7C,4,source-like/evidence-like packet artifact only; exact source-body rows still require manual source review before reviewer packet use,28019a34851454d37431f2c900c80b45ea90f23e,generated-draft/non-canonical/source-use/gap-support,generated-draft/non-canonical/source-use/gap support only; not native review/not accepted terminology/not approval/not community consent/not license clearance/not gate promotion/not source certification/not final status/not bridge-pilot/not CJK interlanguage bridge/not pan-CJK authority/not Korean-school authority/not visual inventory/not term spine/not sign rendering/not translation completion
uploader-transfer/cjk-native-source-evidence-9737e10c-frontier-advance-source-use-codepoint-fable-20260707/CJK_NATIVE_9737E10C_FRONTIER_ADVANCE_SOURCE_USE_CODEPOINT_FABLE_20260707/CJK_NATIVE_9737E10C_FRONTIER_ADVANCE_SOURCE_USE_CODEPOINT_FABLE_20260707_SOURCE_USE_FABLE_ADVERSE_POINTERS.csv,A,cjk-native-codepoint-context-only,8537,A19F25E351EE38CF780AF38DAC78899C5C846BE5C3C10F4D5177D5491E61F5C0,9,source-like/evidence-like packet artifact only; exact source-body rows still require manual source review before reviewer packet use,28019a34851454d37431f2c900c80b45ea90f23e,generated-draft/non-canonical/source-use/gap-support,generated-draft/non-canonical/source-use/gap support only; not native review/not accepted terminology/not approval/not community consent/not license clearance/not gate promotion/not source certification/not final status/not bridge-pilot/not CJK interlanguage bridge/not pan-CJK authority/not Korean-school authority/not visual inventory/not term spine/not sign rendering/not translation completion
uploader-transfer/cjk-native-source-evidence-9737e10c-frontier-advance-source-use-codepoint-fable-20260707/CJK_NATIVE_9737E10C_FRONTIER_ADVANCE_SOURCE_USE_CODEPOINT_FABLE_20260707/CJK_NATIVE_9737E10C_FRONTIER_ADVANCE_SOURCE_USE_CODEPOINT_FABLE_20260707_SUMMARY.json,A,cjk-native-codepoint-context-only,3269,BC48F649A8373128193FC6CDF7DCB6A557F7B68CD57E67F431B86CB3F4B5533C,,source-like/evidence-like packet artifact only; exact source-body rows still require manual source review before reviewer packet use,28019a34851454d37431f2c900c80b45ea90f23e,generated-draft/non-canonical/source-use/gap-support,generated-draft/non-canonical/source-use/gap support only; not native review/not accepted terminology/not approval/not community consent/not license clearance/not gate promotion/not source certification/not final status/not bridge-pilot/not CJK interlanguage bridge/not pan-CJK authority/not Korean-school authority/not visual inventory/not term spine/not sign rendering/not translation completion
uploader-transfer/cjk-native-source-evidence-9737e10c-frontier-advance-source-use-codepoint-fable-20260707/CJK_NATIVE_9737E10C_FRONTIER_ADVANCE_SOURCE_USE_CODEPOINT_FABLE_20260707/CJK_NATIVE_9737E10C_FRONTIER_ADVANCE_SOURCE_USE_CODEPOINT_FABLE_20260707_VERIFICATION.csv,A,cjk-native-codepoint-context-only,63,62D09B764D5E6638523666ACB99D124043613376DA77B0B1E8C7B124FCF2D677,1,source-like/evidence-like packet artifact only; exact source-body rows still require manual source review before reviewer packet use,28019a34851454d37431f2c900c80b45ea90f23e,generated-draft/non-canonical/source-use/gap-support,generated-draft/non-canonical/source-use/gap support only; not native review/not accepted terminology/not approval/not community consent/not license clearance/not gate promotion/not source certification/not final status/not bridge-pilot/not CJK interlanguage bridge/not pan-CJK authority/not Korean-school authority/not visual inventory/not term spine/not sign rendering/not translation completion
uploader-transfer/cjk-native-source-evidence-9737e10c-frontier-advance-source-use-codepoint-fable-20260707/CJK_NATIVE_9737E10C_FRONTIER_ADVANCE_SOURCE_USE_CODEPOINT_FABLE_20260707/CJK_NATIVE_9737E10C_FRONTIER_ADVANCE_SOURCE_USE_CODEPOINT_FABLE_20260707_VISIBLE_SIBLING_WAKE_LEDGER.csv,A,cjk-native-codepoint-context-only,9333,0653772C8B49AAE3A58EFAC8575EB3B71B22FB93503484B5013A65FE7EDDC43B,15,source-like/evidence-like packet artifact only; exact source-body rows still require manual source review before reviewer packet use,28019a34851454d37431f2c900c80b45ea90f23e,generated-draft/non-canonical/source-use/gap-support,generated-draft/non-canonical/source-use/gap support only; not native review/not accepted terminology/not approval/not community consent/not license clearance/not gate promotion/not source certification/not final status/not bridge-pilot/not CJK interlanguage bridge/not pan-CJK authority/not Korean-school authority/not visual inventory/not term spine/not sign rendering/not translation completion
uploader-transfer/cjk-native-source-evidence-9737e10c-frontier-advance-source-use-codepoint-fable-20260707/CJK_NATIVE_9737E10C_FRONTIER_ADVANCE_SOURCE_USE_CODEPOINT_FABLE_20260707/HEARTBEAT_20260706.md,A,cjk-native-codepoint-context-only,1689,0516E7DC176A62126B9B838831D17EED5E49F874AA559295D4666040F8B8F459,,source-like/evidence-like packet artifact only; exact source-body rows still require manual source review before reviewer packet use,28019a34851454d37431f2c900c80b45ea90f23e,generated-draft/non-canonical/source-use/gap-support,generated-draft/non-canonical/source-use/gap support only; not native review/not accepted terminology/not approval/not community consent/not license clearance/not gate promotion/not source certification/not final status/not bridge-pilot/not CJK interlanguage bridge/not pan-CJK authority/not Korean-school authority/not visual inventory/not term spine/not sign rendering/not translation completion
uploader-transfer/cjk-native-source-evidence-9737e10c-frontier-advance-source-use-codepoint-fable-20260707/CJK_NATIVE_9737E10C_FRONTIER_ADVANCE_SOURCE_USE_CODEPOINT_FABLE_20260707/MANIFEST.csv,A,cjk-native-codepoint-context-only,20353,2598E27C24C060F2AD5E1F98A45AF186D1B61FF1C69DF752744925F9A02D1064,19,source-like/evidence-like packet artifact only; exact source-body rows still require manual source review before reviewer packet use,28019a34851454d37431f2c900c80b45ea90f23e,generated-draft/non-canonical/source-use/gap-support,generated-draft/non-canonical/source-use/gap support only; not native review/not accepted terminology/not approval/not community consent/not license clearance/not gate promotion/not source certification/not final status/not bridge-pilot/not CJK interlanguage bridge/not pan-CJK authority/not Korean-school authority/not visual inventory/not term spine/not sign rendering/not translation completion
uploader-transfer/cjk-native-source-evidence-9737e10c-frontier-advance-source-use-codepoint-fable-20260707/CJK_NATIVE_9737E10C_FRONTIER_ADVANCE_SOURCE_USE_CODEPOINT_FABLE_20260707/MANIFEST.json,A,cjk-native-codepoint-context-only,23951,4217E63FE72E3F6E49FCE98F7EEB1BEE93F731E21308D3CA98BE7431CF78B44A,,source-like/evidence-like packet artifact only; exact source-body rows still require manual source review before reviewer packet use,28019a34851454d37431f2c900c80b45ea90f23e,generated-draft/non-canonical/source-use/gap-support,generated-draft/non-canonical/source-use/gap support only; not native review/not accepted terminology/not approval/not community consent/not license clearance/not gate promotion/not source certification/not final status/not bridge-pilot/not CJK interlanguage bridge/not pan-CJK authority/not Korean-school authority/not visual inventory/not term spine/not sign rendering/not translation completion
uploader-transfer/cjk-native-source-evidence-9737e10c-frontier-advance-source-use-codepoint-fable-20260707/CJK_NATIVE_9737E10C_FRONTIER_ADVANCE_SOURCE_USE_CODEPOINT_FABLE_20260707/README.md,A,cjk-native-codepoint-context-only,2076,276763879299BACC29B0B133FD8ABA1ED46B695F2C2D4A91656EEA7B332C79CB,,source-like/evidence-like packet artifact only; exact source-body rows still require manual source review before reviewer packet use,28019a34851454d37431f2c900c80b45ea90f23e,generated-draft/non-canonical/source-use/gap-support,generated-draft/non-canonical/source-use/gap support only; not native review/not accepted terminology/not approval/not community consent/not license clearance/not gate promotion/not source certification/not final status/not bridge-pilot/not CJK interlanguage bridge/not pan-CJK authority/not Korean-school authority/not visual inventory/not term spine/not sign rendering/not translation completion
uploader-transfer/cjk-native-source-evidence-9737e10c-frontier-advance-source-use-codepoint-fable-20260707/CJK_NATIVE_9737E10C_FRONTIER_ADVANCE_SOURCE_USE_CODEPOINT_FABLE_20260707/SESSION_LOGBOOK_20260706.md,A,cjk-native-codepoint-context-only,1837,551363BD73B4DFBF1F893EDF49418D873B8F60F7FFF8ED63B3C305AE7204DA52,,source-like/evidence-like packet artifact only; exact source-body rows still require manual source review before reviewer packet use,28019a34851454d37431f2c900c80b45ea90f23e,generated-draft/non-canonical/source-use/gap-support,generated-draft/non-canonical/source-use/gap support only; not native review/not accepted terminology/not approval/not community consent/not license clearance/not gate promotion/not source certification/not final status/not bridge-pilot/not CJK interlanguage bridge/not pan-CJK authority/not Korean-school authority/not visual inventory/not term spine/not sign rendering/not translation completion
uploader-transfer/cjk-native-source-evidence-9737e10c-frontier-advance-source-use-codepoint-fable-20260707/CJK_NATIVE_9737E10C_FRONTIER_ADVANCE_SOURCE_USE_CODEPOINT_FABLE_20260707/SHA256SUMS.txt,A,cjk-native-codepoint-context-only,4848,FC92D063F6291FB6F89D416DCF32C325485CDA8650CDC00160D3DAA9FCE7F1FD,,source-like/evidence-like packet artifact only; exact source-body rows still require manual source review before reviewer packet use,28019a34851454d37431f2c900c80b45ea90f23e,generated-draft/non-canonical/source-use/gap-support,generated-draft/non-canonical/source-use/gap support only; not native review/not accepted terminology/not approval/not community consent/not license clearance/not gate promotion/not source certification/not final status/not bridge-pilot/not CJK interlanguage bridge/not pan-CJK authority/not Korean-school authority/not visual inventory/not term spine/not sign rendering/not translation completion
uploader-transfer/interlanguage-fable-6034c6b4-current-frontier-authority-routing-20260707/INTERLANGUAGE_FABLE_6034C6B4_CURRENT_FRONTIER_AUTHORITY_ROUTING_20260707/ACTIVE_SESSION_STATE.md,A,uploader-transfer-package-context,904,2913D95A783B6B1038243B0C5F93D51DA087CF7249F84E6743ED51AAA3E20718,,source-like/evidence-like packet artifact only; exact source-body rows still require manual source review before reviewer packet use,28019a34851454d37431f2c900c80b45ea90f23e,generated-draft/non-canonical/source-use/gap-support,generated-draft/non-canonical/source-use/gap support only; not native review/not accepted terminology/not approval/not community consent/not license clearance/not gate promotion/not source certification/not final status/not bridge-pilot/not CJK interlanguage bridge/not pan-CJK authority/not Korean-school authority/not visual inventory/not term spine/not sign rendering/not translation completion
uploader-transfer/interlanguage-fable-6034c6b4-current-frontier-authority-routing-20260707/INTERLANGUAGE_FABLE_6034C6B4_CURRENT_FRONTIER_AUTHORITY_ROUTING_20260707/AUTHORITY_ETHICS_BOUNDARY_LEDGER_6034C6B4.csv,A,uploader-transfer-package-context,567,E519DA88A7A3E3C3928EB9E2F699FF780B54121ED4329952448DB3884E6EDC58,2,source-like/evidence-like packet artifact only; exact source-body rows still require manual source review before reviewer packet use,28019a34851454d37431f2c900c80b45ea90f23e,generated-draft/non-canonical/source-use/gap-support,generated-draft/non-canonical/source-use/gap support only; not native review/not accepted terminology/not approval/not community consent/not license clearance/not gate promotion/not source certification/not final status/not bridge-pilot/not CJK interlanguage bridge/not pan-CJK authority/not Korean-school authority/not visual inventory/not term spine/not sign rendering/not translation completion
uploader-transfer/interlanguage-fable-6034c6b4-current-frontier-authority-routing-20260707/INTERLANGUAGE_FABLE_6034C6B4_CURRENT_FRONTIER_AUTHORITY_ROUTING_20260707/AUTHORITY_ETHICS_BOUNDARY_LEDGER_6034C6B4.json,A,uploader-transfer-package-context,781,0BABF2350D22FEDB7FB231A15B3B86FFEB901DD3FBCF24C73EABBCA2CEA47126,,source-like/evidence-like packet artifact only; exact source-body rows still require manual source review before reviewer packet use,28019a34851454d37431f2c900c80b45ea90f23e,generated-draft/non-canonical/source-use/gap-support,generated-draft/non-canonical/source-use/gap support only; not native review/not accepted terminology/not approval/not community consent/not license clearance/not gate promotion/not source certification/not final status/not bridge-pilot/not CJK interlanguage bridge/not pan-CJK authority/not Korean-school authority/not visual inventory/not term spine/not sign rendering/not translation completion
uploader-transfer/interlanguage-fable-6034c6b4-current-frontier-authority-routing-20260707/INTERLANGUAGE_FABLE_6034C6B4_CURRENT_FRONTIER_AUTHORITY_ROUTING_20260707/B3_HANDOFF_INDEX_6034C6B4.csv,A,uploader-transfer-package-context,401180,4B40242F9C80472BFEA7DA478F747410C0B45B74323A904A6E385E8BDE84AD17,749,source-like/evidence-like packet artifact only; exact source-body rows still require manual source review before reviewer packet use,28019a34851454d37431f2c900c80b45ea90f23e,generated-draft/non-canonical/source-use/gap-support,generated-draft/non-canonical/source-use/gap support only; not native review/not accepted terminology/not approval/not community consent/not license clearance/not gate promotion/not source certification/not final status/not bridge-pilot/not CJK interlanguage bridge/not pan-CJK authority/not Korean-school authority/not visual inventory/not term spine/not sign rendering/not translation completion
uploader-transfer/interlanguage-fable-6034c6b4-current-frontier-authority-routing-20260707/INTERLANGUAGE_FABLE_6034C6B4_CURRENT_FRONTIER_AUTHORITY_ROUTING_20260707/B3_HANDOFF_INDEX_6034C6B4.json,A,uploader-transfer-package-context,514169,4C335CB223493F1D472805C693E8792BCED91F2CF5329EDCAFC5D802B6AE1944,,source-like/evidence-like packet artifact only; exact source-body rows still require manual source review before reviewer packet use,28019a34851454d37431f2c900c80b45ea90f23e,generated-draft/non-canonical/source-use/gap-support,generated-draft/non-canonical/source-use/gap support only; not native review/not accepted terminology/not approval/not community consent/not license clearance/not gate promotion/not source certification/not final status/not bridge-pilot/not CJK interlanguage bridge/not pan-CJK authority/not Korean-school authority/not visual inventory/not term spine/not sign rendering/not translation completion
uploader-transfer/interlanguage-fable-6034c6b4-current-frontier-authority-routing-20260707/INTERLANGUAGE_FABLE_6034C6B4_CURRENT_FRONTIER_AUTHORITY_ROUTING_20260707/B3_VISIBLE_PRIOR_AUTHORITY_ROOTS_6034C6B4.csv,A,uploader-transfer-package-context,15439,D6B83B7D76619D63A80CB23579A2D30A554E89F6A68073299F095876D4FA2E3D,31,source-like/evidence-like packet artifact only; exact source-body rows still require manual source review before reviewer packet use,28019a34851454d37431f2c900c80b45ea90f23e,generated-draft/non-canonical/source-use/gap-support,generated-draft/non-canonical/source-use/gap support only; not native review/not accepted terminology/not approval/not community consent/not license clearance/not gate promotion/not source certification/not final status/not bridge-pilot/not CJK interlanguage bridge/not pan-CJK authority/not Korean-school authority/not visual inventory/not term spine/not sign rendering/not translation completion
uploader-transfer/interlanguage-fable-6034c6b4-current-frontier-authority-routing-20260707/INTERLANGUAGE_FABLE_6034C6B4_CURRENT_FRONTIER_AUTHORITY_ROUTING_20260707/B3_VISIBLE_PRIOR_AUTHORITY_ROOTS_6034C6B4.json,A,uploader-transfer-package-context,22234,DBFAB1E6D8975FD298BC71A75292C194897B2FEF04062EFF1245E7EEE9BF4AA8,,source-like/evidence-like packet artifact only; exact source-body rows still require manual source review before reviewer packet use,28019a34851454d37431f2c900c80b45ea90f23e,generated-draft/non-canonical/source-use/gap-support,generated-draft/non-canonical/source-use/gap support only; not native review/not accepted terminology/not approval/not community consent/not license clearance/not gate promotion/not source certification/not final status/not bridge-pilot/not CJK interlanguage bridge/not pan-CJK authority/not Korean-school authority/not visual inventory/not term spine/not sign rendering/not translation completion
uploader-transfer/interlanguage-fable-6034c6b4-current-frontier-authority-routing-20260707/INTERLANGUAGE_FABLE_6034C6B4_CURRENT_FRONTIER_AUTHORITY_ROUTING_20260707/BLOCKER_RECOVERY_SURFACE_LEDGER_6034C6B4.csv,A,uploader-transfer-package-context,2549,5FF96BABCC8FCCD92BCFFE1F044017DBFCC2244C07E2A126649376F99699BEC7,6,source-like/evidence-like packet artifact only; exact source-body rows still require manual source review before reviewer packet use,28019a34851454d37431f2c900c80b45ea90f23e,generated-draft/non-canonical/source-use/gap-support,generated-draft/non-canonical/source-use/gap support only; not native review/not accepted terminology/not approval/not community consent/not license clearance/not gate promotion/not source certification/not final status/not bridge-pilot/not CJK interlanguage bridge/not pan-CJK authority/not Korean-school authority/not visual inventory/not term spine/not sign rendering/not translation completion
uploader-transfer/interlanguage-fable-6034c6b4-current-frontier-authority-routing-20260707/INTERLANGUAGE_FABLE_6034C6B4_CURRENT_FRONTIER_AUTHORITY_ROUTING_20260707/BLOCKER_RECOVERY_SURFACE_LEDGER_6034C6B4.json,A,uploader-transfer-package-context,3366,DDF0632BE65924CEB5BE46421C097A8C5613EA201BCC54442A9D149561F068C0,,source-like/evidence-like packet artifact only; exact source-body rows still require manual source review before reviewer packet use,28019a34851454d37431f2c900c80b45ea90f23e,generated-draft/non-canonical/source-use/gap-support,generated-draft/non-canonical/source-use/gap support only; not native review/not accepted terminology/not approval/not community consent/not license clearance/not gate promotion/not source certification/not final status/not bridge-pilot/not CJK interlanguage bridge/not pan-CJK authority/not Korean-school authority/not visual inventory/not term spine/not sign rendering/not translation completion
uploader-transfer/interlanguage-fable-6034c6b4-current-frontier-authority-routing-20260707/INTERLANGUAGE_FABLE_6034C6B4_CURRENT_FRONTIER_AUTHORITY_ROUTING_20260707/BRANCH_CHANGED_PATHS_761BEC88_TO_6034C6B4.csv,A,uploader-transfer-package-context,276391,C4D4A311216F2C1B91CE3D62C7775005D31739AF92C17D340D857257DDC926CD,733,source-like/evidence-like packet artifact only; exact source-body rows still require manual source review before reviewer packet use,28019a34851454d37431f2c900c80b45ea90f23e,generated-draft/non-canonical/source-use/gap-support,generated-draft/non-canonical/source-use/gap support only; not native review/not accepted terminology/not approval/not community consent/not license clearance/not gate promotion/not source certification/not final status/not bridge-pilot/not CJK interlanguage bridge/not pan-CJK authority/not Korean-school authority/not visual inventory/not term spine/not sign rendering/not translation completion
uploader-transfer/interlanguage-fable-6034c6b4-current-frontier-authority-routing-20260707/INTERLANGUAGE_FABLE_6034C6B4_CURRENT_FRONTIER_AUTHORITY_ROUTING_20260707/BRANCH_CHANGED_PATHS_761BEC88_TO_6034C6B4.json,A,uploader-transfer-package-context,438284,16085A84BDF3EF21942B2AB64DC6660A3FDD6FF380DB72D109D7E6E5606035A2,,source-like/evidence-like packet artifact only; exact source-body rows still require manual source review before reviewer packet use,28019a34851454d37431f2c900c80b45ea90f23e,generated-draft/non-canonical/source-use/gap-support,generated-draft/non-canonical/source-use/gap support only; not native review/not accepted terminology/not approval/not community consent/not license clearance/not gate promotion/not source certification/not final status/not bridge-pilot/not CJK interlanguage bridge/not pan-CJK authority/not Korean-school authority/not visual inventory/not term spine/not sign rendering/not translation completion
uploader-transfer/interlanguage-fable-6034c6b4-current-frontier-authority-routing-20260707/INTERLANGUAGE_FABLE_6034C6B4_CURRENT_FRONTIER_AUTHORITY_ROUTING_20260707/BRANCH_COMMITS_761BEC88_TO_6034C6B4.csv,A,uploader-transfer-package-context,578,7824F5669400DC005A5208EFE6850777D36BFB697AE849EEC340BFAEF602BD25,1,source-like/evidence-like packet artifact only; exact source-body rows still require manual source review before reviewer packet use,28019a34851454d37431f2c900c80b45ea90f23e,generated-draft/non-canonical/source-use/gap-support,generated-draft/non-canonical/source-use/gap support only; not native review/not accepted terminology/not approval/not community consent/not license clearance/not gate promotion/not source certification/not final status/not bridge-pilot/not CJK interlanguage bridge/not pan-CJK authority/not Korean-school authority/not visual inventory/not term spine/not sign rendering/not translation completion
uploader-transfer/interlanguage-fable-6034c6b4-current-frontier-authority-routing-20260707/INTERLANGUAGE_FABLE_6034C6B4_CURRENT_FRONTIER_AUTHORITY_ROUTING_20260707/BRANCH_COMMITS_761BEC88_TO_6034C6B4.json,A,uploader-transfer-package-context,701,21BB59C5CFFC58F167491FA30B49D08C38666EF3DB795592B56576661C417639,,source-like/evidence-like packet artifact only; exact source-body rows still require manual source review before reviewer packet use,28019a34851454d37431f2c900c80b45ea90f23e,generated-draft/non-canonical/source-use/gap-support,generated-draft/non-canonical/source-use/gap support only; not native review/not accepted terminology/not approval/not community consent/not license clearance/not gate promotion/not source certification/not final status/not bridge-pilot/not CJK interlanguage bridge/not pan-CJK authority/not Korean-school authority/not visual inventory/not term spine/not sign rendering/not translation completion
uploader-transfer/interlanguage-fable-6034c6b4-current-frontier-authority-routing-20260707/INTERLANGUAGE_FABLE_6034C6B4_CURRENT_FRONTIER_AUTHORITY_ROUTING_20260707/BRANCH_WEIGHTING_LEDGER_6034C6B4.csv,A,uploader-transfer-package-context,9693,D27948F38117090CDB1C073200A6142EC521E586FEF82677A9B248030252C222,23,source-like/evidence-like packet artifact only; exact source-body rows still require manual source review before reviewer packet use,28019a34851454d37431f2c900c80b45ea90f23e,generated-draft/non-canonical/source-use/gap-support,generated-draft/non-canonical/source-use/gap support only; not native review/not accepted terminology/not approval/not community consent/not license clearance/not gate promotion/not source certification/not final status/not bridge-pilot/not CJK interlanguage bridge/not pan-CJK authority/not Korean-school authority/not visual inventory/not term spine/not sign rendering/not translation completion
uploader-transfer/interlanguage-fable-6034c6b4-current-frontier-authority-routing-20260707/INTERLANGUAGE_FABLE_6034C6B4_CURRENT_FRONTIER_AUTHORITY_ROUTING_20260707/BRANCH_WEIGHTING_LEDGER_6034C6B4.json,A,uploader-transfer-package-context,14005,A81A5E887919C21CEFBBAF8DDEEF25FA165CD6A5199B1DAAFC1D66ACD63F3534,,source-like/evidence-like packet artifact only; exact source-body rows still require manual source review before reviewer packet use,28019a34851454d37431f2c900c80b45ea90f23e,generated-draft/non-canonical/source-use/gap-support,generated-draft/non-canonical/source-use/gap support only; not native review/not accepted terminology/not approval/not community consent/not license clearance/not gate promotion/not source certification/not final status/not bridge-pilot/not CJK interlanguage bridge/not pan-CJK authority/not Korean-school authority/not visual inventory/not term spine/not sign rendering/not translation completion
uploader-transfer/interlanguage-fable-6034c6b4-current-frontier-authority-routing-20260707/INTERLANGUAGE_FABLE_6034C6B4_CURRENT_FRONTIER_AUTHORITY_ROUTING_20260707/CURRENT_FRONTIER_VERIFICATION_6034C6B4.csv,A,uploader-transfer-package-context,609,BA371A89B08A7985E19CFF27436081072A1D2F7941BD96A287172EA22CEADA2A,1,source-like/evidence-like packet artifact only; exact source-body rows still require manual source review before reviewer packet use,28019a34851454d37431f2c900c80b45ea90f23e,generated-draft/non-canonical/source-use/gap-support,generated-draft/non-canonical/source-use/gap support only; not native review/not accepted terminology/not approval/not community consent/not license clearance/not gate promotion/not source certification/not final status/not bridge-pilot/not CJK interlanguage bridge/not pan-CJK authority/not Korean-school authority/not visual inventory/not term spine/not sign rendering/not translation completion
uploader-transfer/interlanguage-fable-6034c6b4-current-frontier-authority-routing-20260707/INTERLANGUAGE_FABLE_6034C6B4_CURRENT_FRONTIER_AUTHORITY_ROUTING_20260707/CURRENT_FRONTIER_VERIFICATION_6034C6B4.json,A,uploader-transfer-package-context,710,1C988BAD86D6B2CA1A82A6ECB8542145136A5B56552A937C7C24BFEA3BD87491,,source-like/evidence-like packet artifact only; exact source-body rows still require manual source review before reviewer packet use,28019a34851454d37431f2c900c80b45ea90f23e,generated-draft/non-canonical/source-use/gap-support,generated-draft/non-canonical/source-use/gap support only; not native review/not accepted terminology/not approval/not community consent/not license clearance/not gate promotion/not source certification/not final status/not bridge-pilot/not CJK interlanguage bridge/not pan-CJK authority/not Korean-school authority/not visual inventory/not term spine/not sign rendering/not translation completion
uploader-transfer/interlanguage-fable-6034c6b4-current-frontier-authority-routing-20260707/INTERLANGUAGE_FABLE_6034C6B4_CURRENT_FRONTIER_AUTHORITY_ROUTING_20260707/DO_NOT_USE_LEDGER_6034C6B4.csv,A,uploader-transfer-package-context,8910,FF31ADEDB99C5C00B23FE7A31B3F7DA5112B3DC46EE0D99BFFAD3CA3597EC122,23,source-like/evidence-like packet artifact only; exact source-body rows still require manual source review before reviewer packet use,28019a34851454d37431f2c900c80b45ea90f23e,generated-draft/non-canonical/source-use/gap-support,generated-draft/non-canonical/source-use/gap support only; not native review/not accepted terminology/not approval/not community consent/not license clearance/not gate promotion/not source certification/not final status/not bridge-pilot/not CJK interlanguage bridge/not pan-CJK authority/not Korean-school authority/not visual inventory/not term spine/not sign rendering/not translation completion
uploader-transfer/interlanguage-fable-6034c6b4-current-frontier-authority-routing-20260707/INTERLANGUAGE_FABLE_6034C6B4_CURRENT_FRONTIER_AUTHORITY_ROUTING_20260707/DO_NOT_USE_LEDGER_6034C6B4.json,A,uploader-transfer-package-context,13200,59E31943C12B97C85E48E9E659F3E520ABADCF0AB634D7009148206CE578C0AF,,source-like/evidence-like packet artifact only; exact source-body rows still require manual source review before reviewer packet use,28019a34851454d37431f2c900c80b45ea90f23e,generated-draft/non-canonical/source-use/gap-support,generated-draft/non-canonical/source-use/gap support only; not native review/not accepted terminology/not approval/not community consent/not license clearance/not gate promotion/not source certification/not final status/not bridge-pilot/not CJK interlanguage bridge/not pan-CJK authority/not Korean-school authority/not visual inventory/not term spine/not sign rendering/not translation completion
uploader-transfer/interlanguage-fable-6034c6b4-current-frontier-authority-routing-20260707/INTERLANGUAGE_FABLE_6034C6B4_CURRENT_FRONTIER_AUTHORITY_ROUTING_20260707/FINAL_VALIDATION.json,A,uploader-transfer-package-context,1603,5A679B627D4A0E1DC05744EA6C94777546A837993365B409386D93FF5A799021,,source-like/evidence-like packet artifact only; exact source-body rows still require manual source review before reviewer packet use,28019a34851454d37431f2c900c80b45ea90f23e,generated-draft/non-canonical/source-use/gap-support,generated-draft/non-canonical/source-use/gap support only; not native review/not accepted terminology/not approval/not community consent/not license clearance/not gate promotion/not source certification/not final status/not bridge-pilot/not CJK interlanguage bridge/not pan-CJK authority/not Korean-school authority/not visual inventory/not term spine/not sign rendering/not translation completion
uploader-transfer/interlanguage-fable-6034c6b4-current-frontier-authority-routing-20260707/INTERLANGUAGE_FABLE_6034C6B4_CURRENT_FRONTIER_AUTHORITY_ROUTING_20260707/GIT_OBJECT_EXTRACTED_BRANCH_ARTIFACTS_6034C6B4.csv,A,uploader-transfer-package-context,802391,E9553C77FB31C78C325E1C280A5E54CC7C849185478FE00327D1898A97155A20,733,source-like/evidence-like packet artifact only; exact source-body rows still require manual source review before reviewer packet use,28019a34851454d37431f2c900c80b45ea90f23e,generated-draft/non-canonical/source-use/gap-support,generated-draft/non-canonical/source-use/gap support only; not native review/not accepted terminology/not approval/not community consent/not license clearance/not gate promotion/not source certification/not final status/not bridge-pilot/not CJK interlanguage bridge/not pan-CJK authority/not Korean-school authority/not visual inventory/not term spine/not sign rendering/not translation completion
uploader-transfer/interlanguage-fable-6034c6b4-current-frontier-authority-routing-20260707/INTERLANGUAGE_FABLE_6034C6B4_CURRENT_FRONTIER_AUTHORITY_ROUTING_20260707/GIT_OBJECT_EXTRACTED_BRANCH_ARTIFACTS_6034C6B4.json,A,uploader-transfer-package-context,1125420,723DE5FA68DA6EE972D54BB2A3A53CFB145C7C6BAA6134A92D64D93FC2D9B824,,source-like/evidence-like packet artifact only; exact source-body rows still require manual source review before reviewer packet use,28019a34851454d37431f2c900c80b45ea90f23e,generated-draft/non-canonical/source-use/gap-support,generated-draft/non-canonical/source-use/gap support only; not native review/not accepted terminology/not approval/not community consent/not license clearance/not gate promotion/not source certification/not final status/not bridge-pilot/not CJK interlanguage bridge/not pan-CJK authority/not Korean-school authority/not visual inventory/not term spine/not sign rendering/not translation completion
uploader-transfer/interlanguage-fable-6034c6b4-current-frontier-authority-routing-20260707/INTERLANGUAGE_FABLE_6034C6B4_CURRENT_FRONTIER_AUTHORITY_ROUTING_20260707/GIT_OBJECT_EXTRACTION_FAILURES_6034C6B4.csv,A,uploader-transfer-package-context,80,EDF0F7089026A2F355F4CB4248F0F38003D322311C2BBB82E627E73E9123290D,1,source-like/evidence-like packet artifact only; exact source-body rows still require manual source review before reviewer packet use,28019a34851454d37431f2c900c80b45ea90f23e,generated-draft/non-canonical/source-use/gap-support,generated-draft/non-canonical/source-use/gap support only; not native review/not accepted terminology/not approval/not community consent/not license clearance/not gate promotion/not source certification/not final status/not bridge-pilot/not CJK interlanguage bridge/not pan-CJK authority/not Korean-school authority/not visual inventory/not term spine/not sign rendering/not translation completion
uploader-transfer/interlanguage-fable-6034c6b4-current-frontier-authority-routing-20260707/INTERLANGUAGE_FABLE_6034C6B4_CURRENT_FRONTIER_AUTHORITY_ROUTING_20260707/GIT_OBJECT_EXTRACTION_FAILURES_6034C6B4.json,A,uploader-transfer-package-context,4,A5338D955B09046EC0B16F3A9625B7955C763AAE07DC722E474E6078745F932F,,source-like/evidence-like packet artifact only; exact source-body rows still require manual source review before reviewer packet use,28019a34851454d37431f2c900c80b45ea90f23e,generated-draft/non-canonical/source-use/gap-support,generated-draft/non-canonical/source-use/gap support only; not native review/not accepted terminology/not approval/not community consent/not license clearance/not gate promotion/not source certification/not final status/not bridge-pilot/not CJK interlanguage bridge/not pan-CJK authority/not Korean-school authority/not visual inventory/not term spine/not sign rendering/not translation completion
uploader-transfer/interlanguage-fable-6034c6b4-current-frontier-authority-routing-20260707/INTERLANGUAGE_FABLE_6034C6B4_CURRENT_FRONTIER_AUTHORITY_ROUTING_20260707/HEARTBEAT_20260707.md,A,uploader-transfer-package-context,805,02A665C68242AA5D47F262FE385D596285D6E0252C2EECE13714BF925F868E43,,source-like/evidence-like packet artifact only; exact source-body rows still require manual source review before reviewer packet use,28019a34851454d37431f2c900c80b45ea90f23e,generated-draft/non-canonical/source-use/gap-support,generated-draft/non-canonical/source-use/gap support only; not native review/not accepted terminology/not approval/not community consent/not license clearance/not gate promotion/not source certification/not final status/not bridge-pilot/not CJK interlanguage bridge/not pan-CJK authority/not Korean-school authority/not visual inventory/not term spine/not sign rendering/not translation completion
uploader-transfer/interlanguage-fable-6034c6b4-current-frontier-authority-routing-20260707/INTERLANGUAGE_FABLE_6034C6B4_CURRENT_FRONTIER_AUTHORITY_ROUTING_20260707/INTERSLAVIC_CORRECTION_LEDGER_6034C6B4.csv,A,uploader-transfer-package-context,588,A9756BB5DDEDF35C7DF0517FE24BA34DA061D038A442EA17406AEB3CCD9C81E8,1,source-like/evidence-like packet artifact only; exact source-body rows still require manual source review before reviewer packet use,28019a34851454d37431f2c900c80b45ea90f23e,generated-draft/non-canonical/source-use/gap-support,generated-draft/non-canonical/source-use/gap support only; not native review/not accepted terminology/not approval/not community consent/not license clearance/not gate promotion/not source certification/not final status/not bridge-pilot/not CJK interlanguage bridge/not pan-CJK authority/not Korean-school authority/not visual inventory/not term spine/not sign rendering/not translation completion
uploader-transfer/interlanguage-fable-6034c6b4-current-frontier-authority-routing-20260707/INTERLANGUAGE_FABLE_6034C6B4_CURRENT_FRONTIER_AUTHORITY_ROUTING_20260707/INTERSLAVIC_CORRECTION_LEDGER_6034C6B4.json,A,uploader-transfer-package-context,652,007C5C934547E675FC3994955B49101F2197E310ED31E3E1FF46888DAE935A9B,,source-like/evidence-like packet artifact only; exact source-body rows still require manual source review before reviewer packet use,28019a34851454d37431f2c900c80b45ea90f23e,generated-draft/non-canonical/source-use/gap-support,generated-draft/non-canonical/source-use/gap support only; not native review/not accepted terminology/not approval/not community consent/not license clearance/not gate promotion/not source certification/not final status/not bridge-pilot/not CJK interlanguage bridge/not pan-CJK authority/not Korean-school authority/not visual inventory/not term spine/not sign rendering/not translation completion
uploader-transfer/interlanguage-fable-6034c6b4-current-frontier-authority-routing-20260707/INTERLANGUAGE_FABLE_6034C6B4_CURRENT_FRONTIER_AUTHORITY_ROUTING_20260707/MANIFEST.csv,A,uploader-transfer-package-context,111979,7AE250EDBEDBADF0129E7932F03E1D35FC5963610BCF6BC07099AB9086587B71,773,source-like/evidence-like packet artifact only; exact source-body rows still require manual source review before reviewer packet use,28019a34851454d37431f2c900c80b45ea90f23e,generated-draft/non-canonical/source-use/gap-support,generated-draft/non-canonical/source-use/gap support only; not native review/not accepted terminology/not approval/not community consent/not license clearance/not gate promotion/not source certification/not final status/not bridge-pilot/not CJK interlanguage bridge/not pan-CJK authority/not Korean-school authority/not visual inventory/not term spine/not sign rendering/not translation completion
uploader-transfer/interlanguage-fable-6034c6b4-current-frontier-authority-routing-20260707/INTERLANGUAGE_FABLE_6034C6B4_CURRENT_FRONTIER_AUTHORITY_ROUTING_20260707/MARGINAL_INTELLIGIBILITY_LEDGER_6034C6B4.csv,A,uploader-transfer-package-context,8979,FFAC7B3B76301E87A23C85DA0AA112465AE0E9C9BCA275EF5A92296E219673C3,23,source-like/evidence-like packet artifact only; exact source-body rows still require manual source review before reviewer packet use,28019a34851454d37431f2c900c80b45ea90f23e,generated-draft/non-canonical/source-use/gap-support,generated-draft/non-canonical/source-use/gap support only; not native review/not accepted terminology/not approval/not community consent/not license clearance/not gate promotion/not source certification/not final status/not bridge-pilot/not CJK interlanguage bridge/not pan-CJK authority/not Korean-school authority/not visual inventory/not term spine/not sign rendering/not translation completion
uploader-transfer/interlanguage-fable-6034c6b4-current-frontier-authority-routing-20260707/INTERLANGUAGE_FABLE_6034C6B4_CURRENT_FRONTIER_AUTHORITY_ROUTING_20260707/MARGINAL_INTELLIGIBILITY_LEDGER_6034C6B4.json,A,uploader-transfer-package-context,13775,5D183A426B0B71478CDC258F4B9364022C7B3036280D79C12C044D10C6920486,,source-like/evidence-like packet artifact only; exact source-body rows still require manual source review before reviewer packet use,28019a34851454d37431f2c900c80b45ea90f23e,generated-draft/non-canonical/source-use/gap-support,generated-draft/non-canonical/source-use/gap support only; not native review/not accepted terminology/not approval/not community consent/not license clearance/not gate promotion/not source certification/not final status/not bridge-pilot/not CJK interlanguage bridge/not pan-CJK authority/not Korean-school authority/not visual inventory/not term spine/not sign rendering/not translation completion
uploader-transfer/interlanguage-fable-6034c6b4-current-frontier-authority-routing-20260707/INTERLANGUAGE_FABLE_6034C6B4_CURRENT_FRONTIER_AUTHORITY_ROUTING_20260707/NORMALIZATION_MARKER_TABLE_LEDGER_6034C6B4.csv,A,uploader-transfer-package-context,7667,EAC50E567F3C6B6A042C8DCFCE32805790FC281615DDB58872091238E861DFAB,23,source-like/evidence-like packet artifact only; exact source-body rows still require manual source review before reviewer packet use,28019a34851454d37431f2c900c80b45ea90f23e,generated-draft/non-canonical/source-use/gap-support,generated-draft/non-canonical/source-use/gap support only; not native review/not accepted terminology/not approval/not community consent/not license clearance/not gate promotion/not source certification/not final status/not bridge-pilot/not CJK interlanguage bridge/not pan-CJK authority/not Korean-school authority/not visual inventory/not term spine/not sign rendering/not translation completion
uploader-transfer/interlanguage-fable-6034c6b4-current-frontier-authority-routing-20260707/INTERLANGUAGE_FABLE_6034C6B4_CURRENT_FRONTIER_AUTHORITY_ROUTING_20260707/NORMALIZATION_MARKER_TABLE_LEDGER_6034C6B4.json,A,uploader-transfer-package-context,11682,E4E39F3F9B33207BB9EA9174420F88A699894044A89A195616EC9FDCA7742E1E,,source-like/evidence-like packet artifact only; exact source-body rows still require manual source review before reviewer packet use,28019a34851454d37431f2c900c80b45ea90f23e,generated-draft/non-canonical/source-use/gap-support,generated-draft/non-canonical/source-use/gap support only; not native review/not accepted terminology/not approval/not community consent/not license clearance/not gate promotion/not source certification/not final status/not bridge-pilot/not CJK interlanguage bridge/not pan-CJK authority/not Korean-school authority/not visual inventory/not term spine/not sign rendering/not translation completion
uploader-transfer/interlanguage-fable-6034c6b4-current-frontier-authority-routing-20260707/INTERLANGUAGE_FABLE_6034C6B4_CURRENT_FRONTIER_AUTHORITY_ROUTING_20260707/PACKAGE_SUMMARY_6034C6B4.csv,A,uploader-transfer-package-context,787,C4453A81A3756EF525851EBC3F8B572A57F61AF2E607C93BCB222F2FFE6F7EDF,1,source-like/evidence-like packet artifact only; exact source-body rows still require manual source review before reviewer packet use,28019a34851454d37431f2c900c80b45ea90f23e,generated-draft/non-canonical/source-use/gap-support,generated-draft/non-canonical/source-use/gap support only; not native review/not accepted terminology/not approval/not community consent/not license clearance/not gate promotion/not source certification/not final status/not bridge-pilot/not CJK interlanguage bridge/not pan-CJK authority/not Korean-school authority/not visual inventory/not term spine/not sign rendering/not translation completion
uploader-transfer/interlanguage-fable-6034c6b4-current-frontier-authority-routing-20260707/INTERLANGUAGE_FABLE_6034C6B4_CURRENT_FRONTIER_AUTHORITY_ROUTING_20260707/PACKAGE_SUMMARY_6034C6B4.json,A,uploader-transfer-package-context,1003,D46B1EEE81680D4AB9ED71C3DE1FAE78672F7A940F00FEBAF895FA58A41E5614,,source-like/evidence-like packet artifact only; exact source-body rows still require manual source review before reviewer packet use,28019a34851454d37431f2c900c80b45ea90f23e,generated-draft/non-canonical/source-use/gap-support,generated-draft/non-canonical/source-use/gap support only; not native review/not accepted terminology/not approval/not community consent/not license clearance/not gate promotion/not source certification/not final status/not bridge-pilot/not CJK interlanguage bridge/not pan-CJK authority/not Korean-school authority/not visual inventory/not term spine/not sign rendering/not translation completion
uploader-transfer/interlanguage-fable-6034c6b4-current-frontier-authority-routing-20260707/INTERLANGUAGE_FABLE_6034C6B4_CURRENT_FRONTIER_AUTHORITY_ROUTING_20260707/PAYLOAD_GROUP_COUNTS_6034C6B4.csv,A,uploader-transfer-package-context,28801,17025DE1B48BBDA1393DDD26AE048AF4B7D18EBAA6353483631F2C54C899055F,23,source-like/evidence-like packet artifact only; exact source-body rows still require manual source review before reviewer packet use,28019a34851454d37431f2c900c80b45ea90f23e,generated-draft/non-canonical/source-use/gap-support,generated-draft/non-canonical/source-use/gap support only; not native review/not accepted terminology/not approval/not community consent/not license clearance/not gate promotion/not source certification/not final status/not bridge-pilot/not CJK interlanguage bridge/not pan-CJK authority/not Korean-school authority/not visual inventory/not term spine/not sign rendering/not translation completion
uploader-transfer/interlanguage-fable-6034c6b4-current-frontier-authority-routing-20260707/INTERLANGUAGE_FABLE_6034C6B4_CURRENT_FRONTIER_AUTHORITY_ROUTING_20260707/PAYLOAD_GROUP_COUNTS_6034C6B4.json,A,uploader-transfer-package-context,33025,1BBED0595787F65925382CE673FC66BE35ADD2C81BDBBB63F348F25D8FB3AB93,,source-like/evidence-like packet artifact only; exact source-body rows still require manual source review before reviewer packet use,28019a34851454d37431f2c900c80b45ea90f23e,generated-draft/non-canonical/source-use/gap-support,generated-draft/non-canonical/source-use/gap support only; not native review/not accepted terminology/not approval/not community consent/not license clearance/not gate promotion/not source certification/not final status/not bridge-pilot/not CJK interlanguage bridge/not pan-CJK authority/not Korean-school authority/not visual inventory/not term spine/not sign rendering/not translation completion
uploader-transfer/interlanguage-fable-6034c6b4-current-frontier-authority-routing-20260707/INTERLANGUAGE_FABLE_6034C6B4_CURRENT_FRONTIER_AUTHORITY_ROUTING_20260707/README.md,A,uploader-transfer-package-context,1157,0A2A0A613CD6040571274EB0E6C2D0A7EB6D6BDB4E8ACBB9217C8D83B541BF48,,source-like/evidence-like packet artifact only; exact source-body rows still require manual source review before reviewer packet use,28019a34851454d37431f2c900c80b45ea90f23e,generated-draft/non-canonical/source-use/gap-support,generated-draft/non-canonical/source-use/gap support only; not native review/not accepted terminology/not approval/not community consent/not license clearance/not gate promotion/not source certification/not final status/not bridge-pilot/not CJK interlanguage bridge/not pan-CJK authority/not Korean-school authority/not visual inventory/not term spine/not sign rendering/not translation completion
uploader-transfer/interlanguage-fable-6034c6b4-current-frontier-authority-routing-20260707/INTERLANGUAGE_FABLE_6034C6B4_CURRENT_FRONTIER_AUTHORITY_ROUTING_20260707/SESSION_LOGBOOK_20260707.md,A,uploader-transfer-package-context,916,BE17F68D0A92CD71FED6579815F0245710F46EFF590EDDD36F633184D7902040,,source-like/evidence-like packet artifact only; exact source-body rows still require manual source review before reviewer packet use,28019a34851454d37431f2c900c80b45ea90f23e,generated-draft/non-canonical/source-use/gap-support,generated-draft/non-canonical/source-use/gap support only; not native review/not accepted terminology/not approval/not community consent/not license clearance/not gate promotion/not source certification/not final status/not bridge-pilot/not CJK interlanguage bridge/not pan-CJK authority/not Korean-school authority/not visual inventory/not term spine/not sign rendering/not translation completion
uploader-transfer/interlanguage-fable-6034c6b4-current-frontier-authority-routing-20260707/INTERLANGUAGE_FABLE_6034C6B4_CURRENT_FRONTIER_AUTHORITY_ROUTING_20260707/SHA256SUMS.txt,A,uploader-transfer-package-context,109006,9C9DF1C96ED778E13BBF412742E03D7DE751085488E37B8517D24262A43EFFC5,,source-like/evidence-like packet artifact only; exact source-body rows still require manual source review before reviewer packet use,28019a34851454d37431f2c900c80b45ea90f23e,generated-draft/non-canonical/source-use/gap-support,generated-draft/non-canonical/source-use/gap support only; not native review/not accepted terminology/not approval/not community consent/not license clearance/not gate promotion/not source certification/not final status/not bridge-pilot/not CJK interlanguage bridge/not pan-CJK authority/not Korean-school authority/not visual inventory/not term spine/not sign rendering/not translation completion
uploader-transfer/interlanguage-fable-6034c6b4-current-frontier-authority-routing-20260707/INTERLANGUAGE_FABLE_6034C6B4_CURRENT_FRONTIER_AUTHORITY_ROUTING_20260707/SIBLING_WAKE_LEDGER_6034C6B4.csv,A,uploader-transfer-package-context,9966,DE90F4049494322EFE3990198DF4159669C6014C719FC9783D50C248D7584817,15,source-like/evidence-like packet artifact only; exact source-body rows still require manual source review before reviewer packet use,28019a34851454d37431f2c900c80b45ea90f23e,generated-draft/non-canonical/source-use/gap-support,generated-draft/non-canonical/source-use/gap support only; not native review/not accepted terminology/not approval/not community consent/not license clearance/not gate promotion/not source certification/not final status/not bridge-pilot/not CJK interlanguage bridge/not pan-CJK authority/not Korean-school authority/not visual inventory/not term spine/not sign rendering/not translation completion
uploader-transfer/interlanguage-fable-6034c6b4-current-frontier-authority-routing-20260707/INTERLANGUAGE_FABLE_6034C6B4_CURRENT_FRONTIER_AUTHORITY_ROUTING_20260707/SIBLING_WAKE_LEDGER_6034C6B4.json,A,uploader-transfer-package-context,13264,31F5E7C2F3D44730B960531F1D4425005B98B0C9446DAFA2216F78A8D088D0EE,,source-like/evidence-like packet artifact only; exact source-body rows still require manual source review before reviewer packet use,28019a34851454d37431f2c900c80b45ea90f23e,generated-draft/non-canonical/source-use/gap-support,generated-draft/non-canonical/source-use/gap support only; not native review/not accepted terminology/not approval/not community consent/not license clearance/not gate promotion/not source certification/not final status/not bridge-pilot/not CJK interlanguage bridge/not pan-CJK authority/not Korean-school authority/not visual inventory/not term spine/not sign rendering/not translation completion
uploader-transfer/interlanguage-fable-6034c6b4-current-frontier-authority-routing-20260707/INTERLANGUAGE_FABLE_6034C6B4_CURRENT_FRONTIER_AUTHORITY_ROUTING_20260707/SOURCE_USE_ADVERSE_COVERAGE_LEDGER_6034C6B4.csv,A,uploader-transfer-package-context,895724,F3A8525B8A045640C6D9A94FD82A6A5EB0ED6B84FE80E04B6C66039CFB4500D8,733,source-like/evidence-like packet artifact only; exact source-body rows still require manual source review before reviewer packet use,28019a34851454d37431f2c900c80b45ea90f23e,generated-draft/non-canonical/source-use/gap-support,generated-draft/non-canonical/source-use/gap support only; not native review/not accepted terminology/not approval/not community consent/not license clearance/not gate promotion/not source certification/not final status/not bridge-pilot/not CJK interlanguage bridge/not pan-CJK authority/not Korean-school authority/not visual inventory/not term spine/not sign rendering/not translation completion
uploader-transfer/interlanguage-fable-6034c6b4-current-frontier-authority-routing-20260707/INTERLANGUAGE_FABLE_6034C6B4_CURRENT_FRONTIER_AUTHORITY_ROUTING_20260707/SOURCE_USE_ADVERSE_COVERAGE_LEDGER_6034C6B4.json,A,uploader-transfer-package-context,1168937,011E4A108295E5392B68879C43417084F840C7E341287B4A1C3EEF0ABEDCA929,,source-like/evidence-like packet artifact only; exact source-body rows still require manual source review before reviewer packet use,28019a34851454d37431f2c900c80b45ea90f23e,generated-draft/non-canonical/source-use/gap-support,generated-draft/non-canonical/source-use/gap support only; not native review/not accepted terminology/not approval/not community consent/not license clearance/not gate promotion/not source certification/not final status/not bridge-pilot/not CJK interlanguage bridge/not pan-CJK authority/not Korean-school authority/not visual inventory/not term spine/not sign rendering/not translation completion
uploader-transfer/interlanguage-fable-6034c6b4-current-frontier-authority-routing-20260707/INTERLANGUAGE_FABLE_6034C6B4_CURRENT_FRONTIER_AUTHORITY_ROUTING_20260707/source_artifacts/0001_9038d68f2d_B3_HANDOFF_SENT_19B2AB4B.md,A,uploader-transfer-package-context,1517,6A2B479331294B4CB01CA0FD70351F02F006374ABE75C8D0B542D94E11A9B832,,source-like/evidence-like packet artifact only; exact source-body rows still require manual source review before reviewer packet use,28019a34851454d37431f2c900c80b45ea90f23e,generated-draft/non-canonical/source-use/gap-support,generated-draft/non-canonical/source-use/gap support only; not native review/not accepted terminology/not approval/not community consent/not license clearance/not gate promotion/not source certification/not final status/not bridge-pilot/not CJK interlanguage bridge/not pan-CJK authority/not Korean-school authority/not visual inventory/not term spine/not sign rendering/not translation completion
uploader-transfer/interlanguage-fable-6034c6b4-current-frontier-authority-routing-20260707/INTERLANGUAGE_FABLE_6034C6B4_CURRENT_FRONTIER_AUTHORITY_ROUTING_20260707/source_artifacts/0002_3f785d396c_B3_PACKAGE_CSV_ROW_COUNTS_19B2AB4B.csv,A,uploader-transfer-package-context,6210,CC532264091342D6664B187D9FB40750C5E9FE2F6C42A42FE9339D64759D43E6,25,source-like/evidence-like packet artifact only; exact source-body rows still require manual source review before reviewer packet use,28019a34851454d37431f2c900c80b45ea90f23e,generated-draft/non-canonical/source-use/gap-support,generated-draft/non-canonical/source-use/gap support only; not native review/not accepted terminology/not approval/not community consent/not license clearance/not gate promotion/not source certification/not final status/not bridge-pilot/not CJK interlanguage bridge/not pan-CJK authority/not Korean-school authority/not visual inventory/not term spine/not sign rendering/not translation completion
uploader-transfer/interlanguage-fable-6034c6b4-current-frontier-authority-routing-20260707/INTERLANGUAGE_FABLE_6034C6B4_CURRENT_FRONTIER_AUTHORITY_ROUTING_20260707/source_artifacts/0003_92fcd2b612_B3_PACKAGE_VISIBILITY_ROWS_19B2AB4B.csv,A,uploader-transfer-package-context,710,2BD513F11898225B7EA984198F7AFC4E4F664FEB2D25D9FAA98CB8A1E0100E98,2,source-like/evidence-like packet artifact only; exact source-body rows still require manual source review before reviewer packet use,28019a34851454d37431f2c900c80b45ea90f23e,generated-draft/non-canonical/source-use/gap-support,generated-draft/non-canonical/source-use/gap support only; not native review/not accepted terminology/not approval/not community consent/not license clearance/not gate promotion/not source certification/not final status/not bridge-pilot/not CJK interlanguage bridge/not pan-CJK authority/not Korean-school authority/not visual inventory/not term spine/not sign rendering/not translation completion
uploader-transfer/interlanguage-fable-6034c6b4-current-frontier-authority-routing-20260707/INTERLANGUAGE_FABLE_6034C6B4_CURRENT_FRONTIER_AUTHORITY_ROUTING_20260707/source_artifacts/0004_aef406e52f_BRANCH_COMPARE_COMMITS_761BEC88_TO_19B2AB4B.csv,A,uploader-transfer-package-context,520,2E515F3CFC0B44EEBCE3469C5F6F72A0CCDC7B5DC3DCF91E95EA304903ACF2DB,2,source-like/evidence-like packet artifact only; exact source-body rows still require manual source review before reviewer packet use,28019a34851454d37431f2c900c80b45ea90f23e,generated-draft/non-canonical/source-use/gap-support,generated-draft/non-canonical/source-use/gap support only; not native review/not accepted terminology/not approval/not community consent/not license clearance/not gate promotion/not source certification/not final status/not bridge-pilot/not CJK interlanguage bridge/not pan-CJK authority/not Korean-school authority/not visual inventory/not term spine/not sign rendering/not translation completion
uploader-transfer/interlanguage-fable-6034c6b4-current-frontier-authority-routing-20260707/INTERLANGUAGE_FABLE_6034C6B4_CURRENT_FRONTIER_AUTHORITY_ROUTING_20260707/source_artifacts/0005_0f209be9a3_BRANCH_COMPARE_FILES_761BEC88_TO_19B2AB4B.csv,A,uploader-transfer-package-context,210734,BAAEA923E306BDF1D1E92D3A1F9DB2FB721DEA799700D718B0DA789E4B0F4509,266,source-like/evidence-like packet artifact only; exact source-body rows still require manual source review before reviewer packet use,28019a34851454d37431f2c900c80b45ea90f23e,generated-draft/non-canonical/source-use/gap-support,generated-draft/non-canonical/source-use/gap support only; not native review/not accepted terminology/not approval/not community consent/not license clearance/not gate promotion/not source certification/not final status/not bridge-pilot/not CJK interlanguage bridge/not pan-CJK authority/not Korean-school authority/not visual inventory/not term spine/not sign rendering/not translation completion
uploader-transfer/interlanguage-fable-6034c6b4-current-frontier-authority-routing-20260707/INTERLANGUAGE_FABLE_6034C6B4_CURRENT_FRONTIER_AUTHORITY_ROUTING_20260707/source_artifacts/0006_ad11fe0be7_BRANCH_COMPARE_SUMMARY_19B2AB4B.csv,A,uploader-transfer-package-context,1166,488DB3A84092299F3EF94429B6D56AD872CAEABA4278802EB70A8CF26583BB8C,5,source-like/evidence-like packet artifact only; exact source-body rows still require manual source review before reviewer packet use,28019a34851454d37431f2c900c80b45ea90f23e,generated-draft/non-canonical/source-use/gap-support,generated-draft/non-canonical/source-use/gap support only; not native review/not accepted terminology/not approval/not community consent/not license clearance/not gate promotion/not source certification/not final status/not bridge-pilot/not CJK interlanguage bridge/not pan-CJK authority/not Korean-school authority/not visual inventory/not term spine/not sign rendering/not translation completion
uploader-transfer/interlanguage-fable-6034c6b4-current-frontier-authority-routing-20260707/INTERLANGUAGE_FABLE_6034C6B4_CURRENT_FRONTIER_AUTHORITY_ROUTING_20260707/source_artifacts/0007_a75644ecb0_EXACT_BLOCKER_RECOVERY_ROWS_19B2AB4B.csv,A,uploader-transfer-package-context,833,89C6DCEB86DB2C854997449C2E5B1A098EE95CBDEC1C5387D3CBE19951992E5E,4,source-like/evidence-like packet artifact only; exact source-body rows still require manual source review before reviewer packet use,28019a34851454d37431f2c900c80b45ea90f23e,generated-draft/non-canonical/source-use/gap-support,generated-draft/non-canonical/source-use/gap support only; not native review/not accepted terminology/not approval/not community consent/not license clearance/not gate promotion/not source certification/not final status/not bridge-pilot/not CJK interlanguage bridge/not pan-CJK authority/not Korean-school authority/not visual inventory/not term spine/not sign rendering/not translation completion
uploader-transfer/interlanguage-fable-6034c6b4-current-frontier-authority-routing-20260707/INTERLANGUAGE_FABLE_6034C6B4_CURRENT_FRONTIER_AUTHORITY_ROUTING_20260707/source_artifacts/0008_7b5934e20e_MANIFEST.csv,A,uploader-transfer-package-context,2111,68C1EF3FF935C369BAA4A38B3D4528521702A85292C96D67F2ED4CDD61D92BB7,12,source-like/evidence-like packet artifact only; exact source-body rows still require manual source review before reviewer packet use,28019a34851454d37431f2c900c80b45ea90f23e,generated-draft/non-canonical/source-use/gap-support,generated-draft/non-canonical/source-use/gap support only; not native review/not accepted terminology/not approval/not community consent/not license clearance/not gate promotion/not source certification/not final status/not bridge-pilot/not CJK interlanguage bridge/not pan-CJK authority/not Korean-school authority/not visual inventory/not term spine/not sign rendering/not translation completion
uploader-transfer/interlanguage-fable-6034c6b4-current-frontier-authority-routing-20260707/INTERLANGUAGE_FABLE_6034C6B4_CURRENT_FRONTIER_AUTHORITY_ROUTING_20260707/source_artifacts/0009_7cfbeae294_PACKET_MANIFEST_REPLAY_19B2AB4B.csv,A,uploader-transfer-package-context,3021,502AAABB516463DBDF770724CC078178BE3FD5A256BE31473BC72939252AEED7,12,source-like/evidence-like packet artifact only; exact source-body rows still require manual source review before reviewer packet use,28019a34851454d37431f2c900c80b45ea90f23e,generated-draft/non-canonical/source-use/gap-support,generated-draft/non-canonical/source-use/gap support only; not native review/not accepted terminology/not approval/not community consent/not license clearance/not gate promotion/not source certification/not final status/not bridge-pilot/not CJK interlanguage bridge/not pan-CJK authority/not Korean-school authority/not visual inventory/not term spine/not sign rendering/not translation completion
uploader-transfer/interlanguage-fable-6034c6b4-current-frontier-authority-routing-20260707/INTERLANGUAGE_FABLE_6034C6B4_CURRENT_FRONTIER_AUTHORITY_ROUTING_20260707/source_artifacts/0010_c720a22bee_README.md,A,uploader-transfer-package-context,799,D7A26730F874F5CBAF98D999B0C3B9819CE2412E50029317762BCAC40979283F,,source-like/evidence-like packet artifact only; exact source-body rows still require manual source review before reviewer packet use,28019a34851454d37431f2c900c80b45ea90f23e,generated-draft/non-canonical/source-use/gap-support,generated-draft/non-canonical/source-use/gap support only; not native review/not accepted terminology/not approval/not community consent/not license clearance/not gate promotion/not source certification/not final status/not bridge-pilot/not CJK interlanguage bridge/not pan-CJK authority/not Korean-school authority/not visual inventory/not term spine/not sign rendering/not translation completion
uploader-transfer/interlanguage-fable-6034c6b4-current-frontier-authority-routing-20260707/INTERLANGUAGE_FABLE_6034C6B4_CURRENT_FRONTIER_AUTHORITY_ROUTING_20260707/source_artifacts/0011_bf95959561_SHA256SUMS.txt,A,uploader-transfer-package-context,1971,1473B453E8D37DBADF7F4217B3010EC25B2EB2F54C41AD917036813F1CC70270,,source-like/evidence-like packet artifact only; exact source-body rows still require manual source review before reviewer packet use,28019a34851454d37431f2c900c80b45ea90f23e,generated-draft/non-canonical/source-use/gap-support,generated-draft/non-canonical/source-use/gap support only; not native review/not accepted terminology/not approval/not community consent/not license clearance/not gate promotion/not source certification/not final status/not bridge-pilot/not CJK interlanguage bridge/not pan-CJK authority/not Korean-school authority/not visual inventory/not term spine/not sign rendering/not translation completion
uploader-transfer/interlanguage-fable-6034c6b4-current-frontier-authority-routing-20260707/INTERLANGUAGE_FABLE_6034C6B4_CURRENT_FRONTIER_AUTHORITY_ROUTING_20260707/source_artifacts/0012_b685b4b48e_SIBLING_WAKE_LEDGER_19B2AB4B.csv,A,uploader-transfer-package-context,379,32190404BF817A18A04027EB65FF1BB4A5B5F39CD4CA5A872FF8AEDF8778BE6C,2,source-like/evidence-like packet artifact only; exact source-body rows still require manual source review before reviewer packet use,28019a34851454d37431f2c900c80b45ea90f23e,generated-draft/non-canonical/source-use/gap-support,generated-draft/non-canonical/source-use/gap support only; not native review/not accepted terminology/not approval/not community consent/not license clearance/not gate promotion/not source certification/not final status/not bridge-pilot/not CJK interlanguage bridge/not pan-CJK authority/not Korean-school authority/not visual inventory/not term spine/not sign rendering/not translation completion
uploader-transfer/interlanguage-fable-6034c6b4-current-frontier-authority-routing-20260707/INTERLANGUAGE_FABLE_6034C6B4_CURRENT_FRONTIER_AUTHORITY_ROUTING_20260707/source_artifacts/0013_4a035769d6_SOURCE_USE_GAP_FABLE_ADVERSE_ROUTE_ROWS_19B2AB4B.csv,A,uploader-transfer-package-context,840,05A465A6C8561C75977699607BE13D665B110EA3555E59DE9EBF3A27FB5A36FF,4,source-like/evidence-like packet artifact only; exact source-body rows still require manual source review before reviewer packet use,28019a34851454d37431f2c900c80b45ea90f23e,generated-draft/non-canonical/source-use/gap-support,generated-draft/non-canonical/source-use/gap support only; not native review/not accepted terminology/not approval/not community consent/not license clearance/not gate promotion/not source certification/not final status/not bridge-pilot/not CJK interlanguage bridge/not pan-CJK authority/not Korean-school authority/not visual inventory/not term spine/not sign rendering/not translation completion
uploader-transfer/interlanguage-fable-6034c6b4-current-frontier-authority-routing-20260707/INTERLANGUAGE_FABLE_6034C6B4_CURRENT_FRONTIER_AUTHORITY_ROUTING_20260707/source_artifacts/0014_e53f9dcb42_SUMMARY.json,A,uploader-transfer-package-context,731,53DD52195BBE9E4A75C29033A0A7B244918F4EB12EAC12ADDECDB93C068AA36D,,source-like/evidence-like packet artifact only; exact source-body rows still require manual source review before reviewer packet use,28019a34851454d37431f2c900c80b45ea90f23e,generated-draft/non-canonical/source-use/gap-support,generated-draft/non-canonical/source-use/gap support only; not native review/not accepted terminology/not approval/not community consent/not license clearance/not gate promotion/not source certification/not final status/not bridge-pilot/not CJK interlanguage bridge/not pan-CJK authority/not Korean-school authority/not visual inventory/not term spine/not sign rendering/not translation completion
uploader-transfer/interlanguage-fable-6034c6b4-current-frontier-authority-routing-20260707/INTERLANGUAGE_FABLE_6034C6B4_CURRENT_FRONTIER_AUTHORITY_ROUTING_20260707/source_artifacts/0015_43e9ed3e38_B3_HANDOFF_SENT_761BEC88.md,A,uploader-transfer-package-context,1535,D4BAB95009AD60554146E39C9FD22066B04156490DE07E972E1C5D9B5BD19AC7,,source-like/evidence-like packet artifact only; exact source-body rows still require manual source review before reviewer packet use,28019a34851454d37431f2c900c80b45ea90f23e,generated-draft/non-canonical/source-use/gap-support,generated-draft/non-canonical/source-use/gap support only; not native review/not accepted terminology/not approval/not community consent/not license clearance/not gate promotion/not source certification/not final status/not bridge-pilot/not CJK interlanguage bridge/not pan-CJK authority/not Korean-school authority/not visual inventory/not term spine/not sign rendering/not translation completion
uploader-transfer/interlanguage-fable-6034c6b4-current-frontier-authority-routing-20260707/INTERLANGUAGE_FABLE_6034C6B4_CURRENT_FRONTIER_AUTHORITY_ROUTING_20260707/source_artifacts/0016_b0f99e24aa_BRANCH_COMPARE_COMMITS_4065F6A4_TO_761BEC88.csv,A,uploader-transfer-package-context,596,E618D149530CDBD9E1CA705BDB0B1456673D956D7AE6A10D444820C46AABA7A7,2,source-like/evidence-like packet artifact only; exact source-body rows still require manual source review before reviewer packet use,28019a34851454d37431f2c900c80b45ea90f23e,generated-draft/non-canonical/source-use/gap-support,generated-draft/non-canonical/source-use/gap support only; not native review/not accepted terminology/not approval/not community consent/not license clearance/not gate promotion/not source certification/not final status/not bridge-pilot/not CJK interlanguage bridge/not pan-CJK authority/not Korean-school authority/not visual inventory/not term spine/not sign rendering/not translation completion
uploader-transfer/interlanguage-fable-6034c6b4-current-frontier-authority-routing-20260707/INTERLANGUAGE_FABLE_6034C6B4_CURRENT_FRONTIER_AUTHORITY_ROUTING_20260707/source_artifacts/0017_500fcc9a74_BRANCH_COMPARE_FILES_4065F6A4_TO_761BEC88.csv,A,uploader-transfer-package-context,269913,5CAC6DEA676A37BE5E1DA0924C24404A874F0A4AEA0B93C86E225F164ED66185,300,source-like/evidence-like packet artifact only; exact source-body rows still require manual source review before reviewer packet use,28019a34851454d37431f2c900c80b45ea90f23e,generated-draft/non-canonical/source-use/gap-support,generated-draft/non-canonical/source-use/gap support only; not native review/not accepted terminology/not approval/not community consent/not license clearance/not gate promotion/not source certification/not final status/not bridge-pilot/not CJK interlanguage bridge/not pan-CJK authority/not Korean-school authority/not visual inventory/not term spine/not sign rendering/not translation completion
uploader-transfer/interlanguage-fable-6034c6b4-current-frontier-authority-routing-20260707/INTERLANGUAGE_FABLE_6034C6B4_CURRENT_FRONTIER_AUTHORITY_ROUTING_20260707/source_artifacts/0018_3714353384_BRANCH_COMPARE_SUMMARY_761BEC88.csv,A,uploader-transfer-package-context,1002,67A1BD7A6041E7E9502B79164900003C861B9979CAF62390B3ACC4E91899B9B1,4,source-like/evidence-like packet artifact only; exact source-body rows still require manual source review before reviewer packet use,28019a34851454d37431f2c900c80b45ea90f23e,generated-draft/non-canonical/source-use/gap-support,generated-draft/non-canonical/source-use/gap support only; not native review/not accepted terminology/not approval/not community consent/not license clearance/not gate promotion/not source certification/not final status/not bridge-pilot/not CJK interlanguage bridge/not pan-CJK authority/not Korean-school authority/not visual inventory/not term spine/not sign rendering/not translation completion
uploader-transfer/interlanguage-fable-6034c6b4-current-frontier-authority-routing-20260707/INTERLANGUAGE_FABLE_6034C6B4_CURRENT_FRONTIER_AUTHORITY_ROUTING_20260707/source_artifacts/0019_cfc1fdfa25_CHILD_LANE_PACKET_INVENTORY_761BEC88.csv,A,uploader-transfer-package-context,3907,35CEF3D6236C2EDDBB6F8E71C6B6201117D99A3956D10A2FBCA73ED158C39864,9,source-like/evidence-like packet artifact only; exact source-body rows still require manual source review before reviewer packet use,28019a34851454d37431f2c900c80b45ea90f23e,generated-draft/non-canonical/source-use/gap-support,generated-draft/non-canonical/source-use/gap support only; not native review/not accepted terminology/not approval/not community consent/not license clearance/not gate promotion/not source certification/not final status/not bridge-pilot/not CJK interlanguage bridge/not pan-CJK authority/not Korean-school authority/not visual inventory/not term spine/not sign rendering/not translation completion
uploader-transfer/interlanguage-fable-6034c6b4-current-frontier-authority-routing-20260707/INTERLANGUAGE_FABLE_6034C6B4_CURRENT_FRONTIER_AUTHORITY_ROUTING_20260707/source_artifacts/0020_2baf3a19e6_CHILD_PACKET_CSV_ROW_COUNTS_761BEC88.csv,A,uploader-transfer-package-context,38096,AFFA12BA0FBDD31DCB53A17FF291E009DB3C61B1028D516822AAB02E1F6E926A,122,source-like/evidence-like packet artifact only; exact source-body rows still require manual source review before reviewer packet use,28019a34851454d37431f2c900c80b45ea90f23e,generated-draft/non-canonical/source-use/gap-support,generated-draft/non-canonical/source-use/gap support only; not native review/not accepted terminology/not approval/not community consent/not license clearance/not gate promotion/not source certification/not final status/not bridge-pilot/not CJK interlanguage bridge/not pan-CJK authority/not Korean-school authority/not visual inventory/not term spine/not sign rendering/not translation completion
uploader-transfer/interlanguage-fable-6034c6b4-current-frontier-authority-routing-20260707/INTERLANGUAGE_FABLE_6034C6B4_CURRENT_FRONTIER_AUTHORITY_ROUTING_20260707/source_artifacts/0021_0d2d0b5d7c_EIGHT_LANE_ROUTING_STATUS_761BEC88.csv,A,uploader-transfer-package-context,3926,511FBB8FB44967BB513E7742667D9EDA110895F3E29FC37E5FF99DAB9F1C60DB,8,source-like/evidence-like packet artifact only; exact source-body rows still require manual source review before reviewer packet use,28019a34851454d37431f2c900c80b45ea90f23e,generated-draft/non-canonical/source-use/gap-support,generated-draft/non-canonical/source-use/gap support only; not native review/not accepted terminology/not approval/not community consent/not license clearance/not gate promotion/not source certification/not final status/not bridge-pilot/not CJK interlanguage bridge/not pan-CJK authority/not Korean-school authority/not visual inventory/not term spine/not sign rendering/not translation completion
uploader-transfer/interlanguage-fable-6034c6b4-current-frontier-authority-routing-20260707/INTERLANGUAGE_FABLE_6034C6B4_CURRENT_FRONTIER_AUTHORITY_ROUTING_20260707/source_artifacts/0022_a252b4cd7a_EXACT_BLOCKER_RECOVERY_ROWS_761BEC88.csv,A,uploader-transfer-package-context,2927,3B4D194B7B7E40AB412515E416A281EA7BF3134389213EB5884E7A2EE92E2718,11,source-like/evidence-like packet artifact only; exact source-body rows still require manual source review before reviewer packet use,28019a34851454d37431f2c900c80b45ea90f23e,generated-draft/non-canonical/source-use/gap-support,generated-draft/non-canonical/source-use/gap support only; not native review/not accepted terminology/not approval/not community consent/not license clearance/not gate promotion/not source certification/not final status/not bridge-pilot/not CJK interlanguage bridge/not pan-CJK authority/not Korean-school authority/not visual inventory/not term spine/not sign rendering/not translation completion
uploader-transfer/interlanguage-fable-6034c6b4-current-frontier-authority-routing-20260707/INTERLANGUAGE_FABLE_6034C6B4_CURRENT_FRONTIER_AUTHORITY_ROUTING_20260707/source_artifacts/0023_d04e5376cb_MANIFEST.csv,A,uploader-transfer-package-context,2463,A2766D0C90D9AF510CC8FA2CC38C02F19E391ED0C408F0FC102D37CF8B69DBEF,13,source-like/evidence-like packet artifact only; exact source-body rows still require manual source review before reviewer packet use,28019a34851454d37431f2c900c80b45ea90f23e,generated-draft/non-canonical/source-use/gap-support,generated-draft/non-canonical/source-use/gap support only; not native review/not accepted terminology/not approval/not community consent/not license clearance/not gate promotion/not source certification/not final status/not bridge-pilot/not CJK interlanguage bridge/not pan-CJK authority/not Korean-school authority/not visual inventory/not term spine/not sign rendering/not translation completion
uploader-transfer/interlanguage-fable-6034c6b4-current-frontier-authority-routing-20260707/INTERLANGUAGE_FABLE_6034C6B4_CURRENT_FRONTIER_AUTHORITY_ROUTING_20260707/source_artifacts/0024_4749d106bf_PACKET_MANIFEST_REPLAY_761BEC88.csv,A,uploader-transfer-package-context,3441,6149FD0AABB82A105C81878673E5C2099B99E5C0842F3FADF199AD9EE6E6E126,13,source-like/evidence-like packet artifact only; exact source-body rows still require manual source review before reviewer packet use,28019a34851454d37431f2c900c80b45ea90f23e,generated-draft/non-canonical/source-use/gap-support,generated-draft/non-canonical/source-use/gap support only; not native review/not accepted terminology/not approval/not community consent/not license clearance/not gate promotion/not source certification/not final status/not bridge-pilot/not CJK interlanguage bridge/not pan-CJK authority/not Korean-school authority/not visual inventory/not term spine/not sign rendering/not translation completion
uploader-transfer/interlanguage-fable-6034c6b4-current-frontier-authority-routing-20260707/INTERLANGUAGE_FABLE_6034C6B4_CURRENT_FRONTIER_AUTHORITY_ROUTING_20260707/source_artifacts/0025_468000ff0c_README.md,A,uploader-transfer-package-context,1629,9FC50D5FBE6E9C042EF2698A84E2B698765D1432FF141C223265A752DE0F0711,,source-like/evidence-like packet artifact only; exact source-body rows still require manual source review before reviewer packet use,28019a34851454d37431f2c900c80b45ea90f23e,generated-draft/non-canonical/source-use/gap-support,generated-draft/non-canonical/source-use/gap support only; not native review/not accepted terminology/not approval/not community consent/not license clearance/not gate promotion/not source certification/not final status/not bridge-pilot/not CJK interlanguage bridge/not pan-CJK authority/not Korean-school authority/not visual inventory/not term spine/not sign rendering/not translation completion
uploader-transfer/interlanguage-fable-6034c6b4-current-frontier-authority-routing-20260707/INTERLANGUAGE_FABLE_6034C6B4_CURRENT_FRONTIER_AUTHORITY_ROUTING_20260707/source_artifacts/0026_72c2cb21fd_SHA256SUMS.txt,A,uploader-transfer-package-context,2307,4DAE8002BB251D5893BF67DB3E77083CA97CB17E20EFC7A6CCAF463D8CAE5268,,source-like/evidence-like packet artifact only; exact source-body rows still require manual source review before reviewer packet use,28019a34851454d37431f2c900c80b45ea90f23e,generated-draft/non-canonical/source-use/gap-support,generated-draft/non-canonical/source-use/gap support only; not native review/not accepted terminology/not approval/not community consent/not license clearance/not gate promotion/not source certification/not final status/not bridge-pilot/not CJK interlanguage bridge/not pan-CJK authority/not Korean-school authority/not visual inventory/not term spine/not sign rendering/not translation completion
uploader-transfer/interlanguage-fable-6034c6b4-current-frontier-authority-routing-20260707/INTERLANGUAGE_FABLE_6034C6B4_CURRENT_FRONTIER_AUTHORITY_ROUTING_20260707/source_artifacts/0027_86a47bd8d0_SIBLING_WAKE_LEDGER_761BEC88.csv,A,uploader-transfer-package-context,638,165D7AEF531D00337CC1FDA5D1C4C346C8CC8CE11997C0E03E1CD176CE9EF9B5,2,source-like/evidence-like packet artifact only; exact source-body rows still require manual source review before reviewer packet use,28019a34851454d37431f2c900c80b45ea90f23e,generated-draft/non-canonical/source-use/gap-support,generated-draft/non-canonical/source-use/gap support only; not native review/not accepted terminology/not approval/not community consent/not license clearance/not gate promotion/not source certification/not final status/not bridge-pilot/not CJK interlanguage bridge/not pan-CJK authority/not Korean-school authority/not visual inventory/not term spine/not sign rendering/not translation completion
uploader-transfer/interlanguage-fable-6034c6b4-current-frontier-authority-routing-20260707/INTERLANGUAGE_FABLE_6034C6B4_CURRENT_FRONTIER_AUTHORITY_ROUTING_20260707/source_artifacts/0028_e7296e7d0f_SOURCE_USE_GAP_FABLE_ADVERSE_LEDGER_761BEC88.csv,A,uploader-transfer-package-context,2656,48D331280A92B9161B9B15FEDBB71472B932DCC5A1BBB1BE7100CAF04B06CAF6,9,source-like/evidence-like packet artifact only; exact source-body rows still require manual source review before reviewer packet use,28019a34851454d37431f2c900c80b45ea90f23e,generated-draft/non-canonical/source-use/gap-support,generated-draft/non-canonical/source-use/gap support only; not native review/not accepted terminology/not approval/not community consent/not license clearance/not gate promotion/not source certification/not final status/not bridge-pilot/not CJK interlanguage bridge/not pan-CJK authority/not Korean-school authority/not visual inventory/not term spine/not sign rendering/not translation completion
uploader-transfer/interlanguage-fable-6034c6b4-current-frontier-authority-routing-20260707/INTERLANGUAGE_FABLE_6034C6B4_CURRENT_FRONTIER_AUTHORITY_ROUTING_20260707/source_artifacts/0029_1cda20ab30_SUMMARY.json,A,uploader-transfer-package-context,1811,BE4424518017BBE3991712F0C154E52EA96B597FB20D982BFCF5C26957C7BD5D,,source-like/evidence-like packet artifact only; exact source-body rows still require manual source review before reviewer packet use,28019a34851454d37431f2c900c80b45ea90f23e,generated-draft/non-canonical/source-use/gap-support,generated-draft/non-canonical/source-use/gap support only; not native review/not accepted terminology/not approval/not community consent/not license clearance/not gate promotion/not source certification/not final status/not bridge-pilot/not CJK interlanguage bridge/not pan-CJK authority/not Korean-school authority/not visual inventory/not term spine/not sign rendering/not translation completion
uploader-transfer/interlanguage-fable-6034c6b4-current-frontier-authority-routing-20260707/INTERLANGUAGE_FABLE_6034C6B4_CURRENT_FRONTIER_AUTHORITY_ROUTING_20260707/source_artifacts/0030_423a2667ed_B3_ACTION_SUMMARY.csv,A,uploader-transfer-package-context,365,A09EAFDB9F7DA9EDEB3E2E3EFE5E8CBC251452F673A443872DFC71D68622A9DC,7,source-like/evidence-like packet artifact only; exact source-body rows still require manual source review before reviewer packet use,28019a34851454d37431f2c900c80b45ea90f23e,generated-draft/non-canonical/source-use/gap-support,generated-draft/non-canonical/source-use/gap support only; not native review/not accepted terminology/not approval/not community consent/not license clearance/not gate promotion/not source certification/not final status/not bridge-pilot/not CJK interlanguage bridge/not pan-CJK authority/not Korean-school authority/not visual inventory/not term spine/not sign rendering/not translation completion
uploader-transfer/interlanguage-fable-6034c6b4-current-frontier-authority-routing-20260707/INTERLANGUAGE_FABLE_6034C6B4_CURRENT_FRONTIER_AUTHORITY_ROUTING_20260707/source_artifacts/0031_f46cfee407_BRANCH_PR_STATE.csv,A,uploader-transfer-package-context,230,6ADB5EFAF868E2055A24D81A86793336A6B41BA92EEBD4D14B42836884958E38,4,source-like/evidence-like packet artifact only; exact source-body rows still require manual source review before reviewer packet use,28019a34851454d37431f2c900c80b45ea90f23e,generated-draft/non-canonical/source-use/gap-support,generated-draft/non-canonical/source-use/gap support only; not native review/not accepted terminology/not approval/not community consent/not license clearance/not gate promotion/not source certification/not final status/not bridge-pilot/not CJK interlanguage bridge/not pan-CJK authority/not Korean-school authority/not visual inventory/not term spine/not sign rendering/not translation completion
uploader-transfer/interlanguage-fable-6034c6b4-current-frontier-authority-routing-20260707/INTERLANGUAGE_FABLE_6034C6B4_CURRENT_FRONTIER_AUTHORITY_ROUTING_20260707/source_artifacts/0032_c0909f372f_HELD_ROOTS.csv,A,uploader-transfer-package-context,1832,00377A80DE55FE0E3EB67F723F47038A6CAB5EBACFEF54C0E2FF1AD22989E7B2,6,source-like/evidence-like packet artifact only; exact source-body rows still require manual source review before reviewer packet use,28019a34851454d37431f2c900c80b45ea90f23e,generated-draft/non-canonical/source-use/gap-support,generated-draft/non-canonical/source-use/gap support only; not native review/not accepted terminology/not approval/not community consent/not license clearance/not gate promotion/not source certification/not final status/not bridge-pilot/not CJK interlanguage bridge/not pan-CJK authority/not Korean-school authority/not visual inventory/not term spine/not sign rendering/not translation completion
uploader-transfer/interlanguage-fable-6034c6b4-current-frontier-authority-routing-20260707/INTERLANGUAGE_FABLE_6034C6B4_CURRENT_FRONTIER_AUTHORITY_ROUTING_20260707/source_artifacts/0033_8eac31f565_MANIFEST.csv,A,uploader-transfer-package-context,1673,CCD82CCE8337CC558FE3B2349B2E8C281DC49D767343D65E8294A087E48F65D6,9,source-like/evidence-like packet artifact only; exact source-body rows still require manual source review before reviewer packet use,28019a34851454d37431f2c900c80b45ea90f23e,generated-draft/non-canonical/source-use/gap-support,generated-draft/non-canonical/source-use/gap support only; not native review/not accepted terminology/not approval/not community consent/not license clearance/not gate promotion/not source certification/not final status/not bridge-pilot/not CJK interlanguage bridge/not pan-CJK authority/not Korean-school authority/not visual inventory/not term spine/not sign rendering/not translation completion
uploader-transfer/interlanguage-fable-6034c6b4-current-frontier-authority-routing-20260707/INTERLANGUAGE_FABLE_6034C6B4_CURRENT_FRONTIER_AUTHORITY_ROUTING_20260707/source_artifacts/0034_59b63f9e2e_MANIFEST_REPLAY.csv,A,uploader-transfer-package-context,70672,7C1C6423CE7F34620D225952CE5020D760C721E147013CBE79F5A4201BA58F5B,494,source-like/evidence-like packet artifact only; exact source-body rows still require manual source review before reviewer packet use,28019a34851454d37431f2c900c80b45ea90f23e,generated-draft/non-canonical/source-use/gap-support,generated-draft/non-canonical/source-use/gap support only; not native review/not accepted terminology/not approval/not community consent/not license clearance/not gate promotion/not source certification/not final status/not bridge-pilot/not CJK interlanguage bridge/not pan-CJK authority/not Korean-school authority/not visual inventory/not term spine/not sign rendering/not translation completion
uploader-transfer/interlanguage-fable-6034c6b4-current-frontier-authority-routing-20260707/INTERLANGUAGE_FABLE_6034C6B4_CURRENT_FRONTIER_AUTHORITY_ROUTING_20260707/source_artifacts/0035_407d5cab00_PACKAGE_FILE_LEDGER.csv,A,uploader-transfer-package-context,331544,0AB942F880B9078573D823D4BB09431113AB1E4E13DD3796F77F5C3EC597D819,516,source-like/evidence-like packet artifact only; exact source-body rows still require manual source review before reviewer packet use,28019a34851454d37431f2c900c80b45ea90f23e,generated-draft/non-canonical/source-use/gap-support,generated-draft/non-canonical/source-use/gap support only; not native review/not accepted terminology/not approval/not community consent/not license clearance/not gate promotion/not source certification/not final status/not bridge-pilot/not CJK interlanguage bridge/not pan-CJK authority/not Korean-school authority/not visual inventory/not term spine/not sign rendering/not translation completion
uploader-transfer/interlanguage-fable-6034c6b4-current-frontier-authority-routing-20260707/INTERLANGUAGE_FABLE_6034C6B4_CURRENT_FRONTIER_AUTHORITY_ROUTING_20260707/source_artifacts/0036_afa7853544_PACKAGE_ROOT_SUMMARY.csv,A,uploader-transfer-package-context,3146,616FA1C2F427ACFFF3FC886601BB31A82AA9CED0B8979132F1F119001A29B0CD,9,source-like/evidence-like packet artifact only; exact source-body rows still require manual source review before reviewer packet use,28019a34851454d37431f2c900c80b45ea90f23e,generated-draft/non-canonical/source-use/gap-support,generated-draft/non-canonical/source-use/gap support only; not native review/not accepted terminology/not approval/not community consent/not license clearance/not gate promotion/not source certification/not final status/not bridge-pilot/not CJK interlanguage bridge/not pan-CJK authority/not Korean-school authority/not visual inventory/not term spine/not sign rendering/not translation completion
uploader-transfer/interlanguage-fable-6034c6b4-current-frontier-authority-routing-20260707/INTERLANGUAGE_FABLE_6034C6B4_CURRENT_FRONTIER_AUTHORITY_ROUTING_20260707/source_artifacts/0037_a4482d6e27_README.md,A,uploader-transfer-package-context,932,521A8DD9B6FD7782E0EA56137C64BB2F93028BB50FF1A0D415761587A1969FA5,,source-like/evidence-like packet artifact only; exact source-body rows still require manual source review before reviewer packet use,28019a34851454d37431f2c900c80b45ea90f23e,generated-draft/non-canonical/source-use/gap-support,generated-draft/non-canonical/source-use/gap support only; not native review/not accepted terminology/not approval/not community consent/not license clearance/not gate promotion/not source certification/not final status/not bridge-pilot/not CJK interlanguage bridge/not pan-CJK authority/not Korean-school authority/not visual inventory/not term spine/not sign rendering/not translation completion
uploader-transfer/interlanguage-fable-6034c6b4-current-frontier-authority-routing-20260707/INTERLANGUAGE_FABLE_6034C6B4_CURRENT_FRONTIER_AUTHORITY_ROUTING_20260707/source_artifacts/0038_1ee8beee00_SAFETY_SCAN_HITS.csv,A,uploader-transfer-package-context,404,AA5B79CA8CDF39A855A88CFC8A6834CDEB1B97A01C1E95F870D131A36EB8F2F2,1,source-like/evidence-like packet artifact only; exact source-body rows still require manual source review before reviewer packet use,28019a34851454d37431f2c900c80b45ea90f23e,generated-draft/non-canonical/source-use/gap-support,generated-draft/non-canonical/source-use/gap support only; not native review/not accepted terminology/not approval/not community consent/not license clearance/not gate promotion/not source certification/not final status/not bridge-pilot/not CJK interlanguage bridge/not pan-CJK authority/not Korean-school authority/not visual inventory/not term spine/not sign rendering/not translation completion
uploader-transfer/interlanguage-fable-6034c6b4-current-frontier-authority-routing-20260707/INTERLANGUAGE_FABLE_6034C6B4_CURRENT_FRONTIER_AUTHORITY_ROUTING_20260707/source_artifacts/0039_ffddbe4c90_SHA256SUMS.txt,A,uploader-transfer-package-context,862,97E2180A817F6284B4A58A17750D39723500A722056B6FE1D1DD871CD6B0DDF0,,source-like/evidence-like packet artifact only; exact source-body rows still require manual source review before reviewer packet use,28019a34851454d37431f2c900c80b45ea90f23e,generated-draft/non-canonical/source-use/gap-support,generated-draft/non-canonical/source-use/gap support only; not native review/not accepted terminology/not approval/not community consent/not license clearance/not gate promotion/not source certification/not final status/not bridge-pilot/not CJK interlanguage bridge/not pan-CJK authority/not Korean-school authority/not visual inventory/not term spine/not sign rendering/not translation completion
uploader-transfer/interlanguage-fable-6034c6b4-current-frontier-authority-routing-20260707/INTERLANGUAGE_FABLE_6034C6B4_CURRENT_FRONTIER_AUTHORITY_ROUTING_20260707/source_artifacts/0040_47371f76d1_SHA256SUMS_REPLAY.csv,A,uploader-transfer-package-context,70593,F8E4F517DAB5A83307B13B1E4F00B91C25C4F372F9B1867A1C8B6D17A0DE1917,497,source-like/evidence-like packet artifact only; exact source-body rows still require manual source review before reviewer packet use,28019a34851454d37431f2c900c80b45ea90f23e,generated-draft/non-canonical/source-use/gap-support,generated-draft/non-canonical/source-use/gap support only; not native review/not accepted terminology/not approval/not community consent/not license clearance/not gate promotion/not source certification/not final status/not bridge-pilot/not CJK interlanguage bridge/not pan-CJK authority/not Korean-school authority/not visual inventory/not term spine/not sign rendering/not translation completion
uploader-transfer/interlanguage-fable-6034c6b4-current-frontier-authority-routing-20260707/INTERLANGUAGE_FABLE_6034C6B4_CURRENT_FRONTIER_AUTHORITY_ROUTING_20260707/source_artifacts/0041_425beace53_B3_ACTION_SUMMARY.csv,A,uploader-transfer-package-context,431,8D7DB40F0834B950BB8C6EA399ADD44CA0ED221A6BE49D6C6990D9D709911CC4,6,source-like/evidence-like packet artifact only; exact source-body rows still require manual source review before reviewer packet use,28019a34851454d37431f2c900c80b45ea90f23e,generated-draft/non-canonical/source-use/gap-support,generated-draft/non-canonical/source-use/gap support only; not native review/not accepted terminology/not approval/not community consent/not license clearance/not gate promotion/not source certification/not final status/not bridge-pilot/not CJK interlanguage bridge/not pan-CJK authority/not Korean-school authority/not visual inventory/not term spine/not sign rendering/not translation completion
uploader-transfer/interlanguage-fable-6034c6b4-current-frontier-authority-routing-20260707/INTERLANGUAGE_FABLE_6034C6B4_CURRENT_FRONTIER_AUTHORITY_ROUTING_20260707/source_artifacts/0042_55898f7fd2_BRANCH_PR_STATE.csv,A,uploader-transfer-package-context,259,E1860AE800526EF2AF6489448D8833CA0EAF92E7CD2D80BA8C622F1092AFE3C0,4,source-like/evidence-like packet artifact only; exact source-body rows still require manual source review before reviewer packet use,28019a34851454d37431f2c900c80b45ea90f23e,generated-draft/non-canonical/source-use/gap-support,generated-draft/non-canonical/source-use/gap support only; not native review/not accepted terminology/not approval/not community consent/not license clearance/not gate promotion/not source certification/not final status/not bridge-pilot/not CJK interlanguage bridge/not pan-CJK authority/not Korean-school authority/not visual inventory/not term spine/not sign rendering/not translation completion
uploader-transfer/interlanguage-fable-6034c6b4-current-frontier-authority-routing-20260707/INTERLANGUAGE_FABLE_6034C6B4_CURRENT_FRONTIER_AUTHORITY_ROUTING_20260707/source_artifacts/0043_da103a415c_HELD_ROOTS.csv,A,uploader-transfer-package-context,1563,98BA849FB8C29E6311B29E0FEC7389AFFFE47F38088B306B3E1E51AD5FED52E4,4,source-like/evidence-like packet artifact only; exact source-body rows still require manual source review before reviewer packet use,28019a34851454d37431f2c900c80b45ea90f23e,generated-draft/non-canonical/source-use/gap-support,generated-draft/non-canonical/source-use/gap support only; not native review/not accepted terminology/not approval/not community consent/not license clearance/not gate promotion/not source certification/not final status/not bridge-pilot/not CJK interlanguage bridge/not pan-CJK authority/not Korean-school authority/not visual inventory/not term spine/not sign rendering/not translation completion
uploader-transfer/interlanguage-fable-6034c6b4-current-frontier-authority-routing-20260707/INTERLANGUAGE_FABLE_6034C6B4_CURRENT_FRONTIER_AUTHORITY_ROUTING_20260707/source_artifacts/0044_943c6c42c1_MANIFEST.csv,A,uploader-transfer-package-context,1674,886DD9D1C63778F79DA0DC3E6749DDCBEB37F0EDED34D352917906532DF9B0AA,9,source-like/evidence-like packet artifact only; exact source-body rows still require manual source review before reviewer packet use,28019a34851454d37431f2c900c80b45ea90f23e,generated-draft/non-canonical/source-use/gap-support,generated-draft/non-canonical/source-use/gap support only; not native review/not accepted terminology/not approval/not community consent/not license clearance/not gate promotion/not source certification/not final status/not bridge-pilot/not CJK interlanguage bridge/not pan-CJK authority/not Korean-school authority/not visual inventory/not term spine/not sign rendering/not translation completion
uploader-transfer/interlanguage-fable-6034c6b4-current-frontier-authority-routing-20260707/INTERLANGUAGE_FABLE_6034C6B4_CURRENT_FRONTIER_AUTHORITY_ROUTING_20260707/source_artifacts/0045_4f94c2a306_MANIFEST_REPLAY.csv,A,uploader-transfer-package-context,33880,A393643EFFB042A6297F37FD346B6682BCDDB4BEBB056E35F6CD90D9163E8520,274,source-like/evidence-like packet artifact only; exact source-body rows still require manual source review before reviewer packet use,28019a34851454d37431f2c900c80b45ea90f23e,generated-draft/non-canonical/source-use/gap-support,generated-draft/non-canonical/source-use/gap support only; not native review/not accepted terminology/not approval/not community consent/not license clearance/not gate promotion/not source certification/not final status/not bridge-pilot/not CJK interlanguage bridge/not pan-CJK authority/not Korean-school authority/not visual inventory/not term spine/not sign rendering/not translation completion
uploader-transfer/interlanguage-fable-6034c6b4-current-frontier-authority-routing-20260707/INTERLANGUAGE_FABLE_6034C6B4_CURRENT_FRONTIER_AUTHORITY_ROUTING_20260707/source_artifacts/0046_ce8a486583_PACKAGE_FILE_LEDGER.csv,A,uploader-transfer-package-context,117432,F9D4C6EC2CEA832DB34054C20D7963565937A332DBFE9E6E497D74287CFC2AEF,230,source-like/evidence-like packet artifact only; exact source-body rows still require manual source review before reviewer packet use,28019a34851454d37431f2c900c80b45ea90f23e,generated-draft/non-canonical/source-use/gap-support,generated-draft/non-canonical/source-use/gap support only; not native review/not accepted terminology/not approval/not community consent/not license clearance/not gate promotion/not source certification/not final status/not bridge-pilot/not CJK interlanguage bridge/not pan-CJK authority/not Korean-school authority/not visual inventory/not term spine/not sign rendering/not translation completion
uploader-transfer/interlanguage-fable-6034c6b4-current-frontier-authority-routing-20260707/INTERLANGUAGE_FABLE_6034C6B4_CURRENT_FRONTIER_AUTHORITY_ROUTING_20260707/source_artifacts/0047_2cb2596898_PACKAGE_ROOT_SUMMARY.csv,A,uploader-transfer-package-context,5415,996160604B3EF996CEAA420260479089A317CAA46E31D70B43C1A63CB46BC242,16,source-like/evidence-like packet artifact only; exact source-body rows still require manual source review before reviewer packet use,28019a34851454d37431f2c900c80b45ea90f23e,generated-draft/non-canonical/source-use/gap-support,generated-draft/non-canonical/source-use/gap support only; not native review/not accepted terminology/not approval/not community consent/not license clearance/not gate promotion/not source certification/not final status/not bridge-pilot/not CJK interlanguage bridge/not pan-CJK authority/not Korean-school authority/not visual inventory/not term spine/not sign rendering/not translation completion
uploader-transfer/interlanguage-fable-6034c6b4-current-frontier-authority-routing-20260707/INTERLANGUAGE_FABLE_6034C6B4_CURRENT_FRONTIER_AUTHORITY_ROUTING_20260707/source_artifacts/0048_46d8c95f47_README.md,A,uploader-transfer-package-context,899,CFB35C594686AC8982C7244F69CE282B56AA5F545BC6C03111DCF46C86892239,,source-like/evidence-like packet artifact only; exact source-body rows still require manual source review before reviewer packet use,28019a34851454d37431f2c900c80b45ea90f23e,generated-draft/non-canonical/source-use/gap-support,generated-draft/non-canonical/source-use/gap support only; not native review/not accepted terminology/not approval/not community consent/not license clearance/not gate promotion/not source certification/not final status/not bridge-pilot/not CJK interlanguage bridge/not pan-CJK authority/not Korean-school authority/not visual inventory/not term spine/not sign rendering/not translation completion
uploader-transfer/interlanguage-fable-6034c6b4-current-frontier-authority-routing-20260707/INTERLANGUAGE_FABLE_6034C6B4_CURRENT_FRONTIER_AUTHORITY_ROUTING_20260707/source_artifacts/0049_16036fc0f5_SAFETY_SCAN_HITS.csv,A,uploader-transfer-package-context,1377,9DDAFB625355CC1371F8136D0B5EECC21C2F2DBEE0A2377BEBA6D675F0EB8067,6,source-like/evidence-like packet artifact only; exact source-body rows still require manual source review before reviewer packet use,28019a34851454d37431f2c900c80b45ea90f23e,generated-draft/non-canonical/source-use/gap-support,generated-draft/non-canonical/source-use/gap support only; not native review/not accepted terminology/not approval/not community consent/not license clearance/not gate promotion/not source certification/not final status/not bridge-pilot/not CJK interlanguage bridge/not pan-CJK authority/not Korean-school authority/not visual inventory/not term spine/not sign rendering/not translation completion
uploader-transfer/interlanguage-fable-6034c6b4-current-frontier-authority-routing-20260707/INTERLANGUAGE_FABLE_6034C6B4_CURRENT_FRONTIER_AUTHORITY_ROUTING_20260707/source_artifacts/0050_545dfaf6b3_SHA256SUMS.txt,A,uploader-transfer-package-context,862,4BC7BD8FF5D66EA93891BADA926C468962BDCB66AD7109F3B892D949CAB65D70,,source-like/evidence-like packet artifact only; exact source-body rows still require manual source review before reviewer packet use,28019a34851454d37431f2c900c80b45ea90f23e,generated-draft/non-canonical/source-use/gap-support,generated-draft/non-canonical/source-use/gap support only; not native review/not accepted terminology/not approval/not community consent/not license clearance/not gate promotion/not source certification/not final status/not bridge-pilot/not CJK interlanguage bridge/not pan-CJK authority/not Korean-school authority/not visual inventory/not term spine/not sign rendering/not translation completion
uploader-transfer/interlanguage-fable-6034c6b4-current-frontier-authority-routing-20260707/INTERLANGUAGE_FABLE_6034C6B4_CURRENT_FRONTIER_AUTHORITY_ROUTING_20260707/source_artifacts/0051_ed259c97bb_SHA256SUMS_REPLAY.csv,A,uploader-transfer-package-context,31608,5DFAF455A51F70C77B3EDA2491F48BD8AB942F440792A7D3924F96DDE9C183E0,279,source-like/evidence-like packet artifact only; exact source-body rows still require manual source review before reviewer packet use,28019a34851454d37431f2c900c80b45ea90f23e,generated-draft/non-canonical/source-use/gap-support,generated-draft/non-canonical/source-use/gap support only; not native review/not accepted terminology/not approval/not community consent/not license clearance/not gate promotion/not source certification/not final status/not bridge-pilot/not CJK interlanguage bridge/not pan-CJK authority/not Korean-school authority/not visual inventory/not term spine/not sign rendering/not translation completion
uploader-transfer/interlanguage-fable-6034c6b4-current-frontier-authority-routing-20260707/INTERLANGUAGE_FABLE_6034C6B4_CURRENT_FRONTIER_AUTHORITY_ROUTING_20260707/source_artifacts/0052_04ea86ae5d_B3_ACTION_SUMMARY.csv,A,uploader-transfer-package-context,457,A6B8D8D39E382C28361ABC57D5F18D9B50ADDAA49AD6B7C78DCCE4E15B79069C,7,source-like/evidence-like packet artifact only; exact source-body rows still require manual source review before reviewer packet use,28019a34851454d37431f2c900c80b45ea90f23e,generated-draft/non-canonical/source-use/gap-support,generated-draft/non-canonical/source-use/gap support only; not native review/not accepted terminology/not approval/not community consent/not license clearance/not gate promotion/not source certification/not final status/not bridge-pilot/not CJK interlanguage bridge/not pan-CJK authority/not Korean-school authority/not visual inventory/not term spine/not sign rendering/not translation completion
uploader-transfer/interlanguage-fable-6034c6b4-current-frontier-authority-routing-20260707/INTERLANGUAGE_FABLE_6034C6B4_CURRENT_FRONTIER_AUTHORITY_ROUTING_20260707/source_artifacts/0053_48aa4df840_BRANCH_PR_STATE.csv,A,uploader-transfer-package-context,290,30CD69E536BCFD34F35944A795226390016205F3314B6D7EAF7514D634A66EAB,5,source-like/evidence-like packet artifact only; exact source-body rows still require manual source review before reviewer packet use,28019a34851454d37431f2c900c80b45ea90f23e,generated-draft/non-canonical/source-use/gap-support,generated-draft/non-canonical/source-use/gap support only; not native review/not accepted terminology/not approval/not community consent/not license clearance/not gate promotion/not source certification/not final status/not bridge-pilot/not CJK interlanguage bridge/not pan-CJK authority/not Korean-school authority/not visual inventory/not term spine/not sign rendering/not translation completion
uploader-transfer/interlanguage-fable-6034c6b4-current-frontier-authority-routing-20260707/INTERLANGUAGE_FABLE_6034C6B4_CURRENT_FRONTIER_AUTHORITY_ROUTING_20260707/source_artifacts/0054_760702c730_MANIFEST.csv,A,uploader-transfer-package-context,1492,7C66785D1400E97631B2278FA45D510853925FC6C36E46525E8B2173D043D1DC,8,source-like/evidence-like packet artifact only; exact source-body rows still require manual source review before reviewer packet use,28019a34851454d37431f2c900c80b45ea90f23e,generated-draft/non-canonical/source-use/gap-support,generated-draft/non-canonical/source-use/gap support only; not native review/not accepted terminology/not approval/not community consent/not license clearance/not gate promotion/not source certification/not final status/not bridge-pilot/not CJK interlanguage bridge/not pan-CJK authority/not Korean-school authority/not visual inventory/not term spine/not sign rendering/not translation completion
uploader-transfer/interlanguage-fable-6034c6b4-current-frontier-authority-routing-20260707/INTERLANGUAGE_FABLE_6034C6B4_CURRENT_FRONTIER_AUTHORITY_ROUTING_20260707/source_artifacts/0055_67687a6de1_MANIFEST_REPLAY.csv,A,uploader-transfer-package-context,2501,50292EDE1743CCAEA113F3552A6447FC70CDAF1BA6535C1C17C4781A1188F5F1,13,source-like/evidence-like packet artifact only; exact source-body rows still require manual source review before reviewer packet use,28019a34851454d37431f2c900c80b45ea90f23e,generated-draft/non-canonical/source-use/gap-support,generated-draft/non-canonical/source-use/gap support only; not native review/not accepted terminology/not approval/not community consent/not license clearance/not gate promotion/not source certification/not final status/not bridge-pilot/not CJK interlanguage bridge/not pan-CJK authority/not Korean-school authority/not visual inventory/not term spine/not sign rendering/not translation completion
uploader-transfer/interlanguage-fable-6034c6b4-current-frontier-authority-routing-20260707/INTERLANGUAGE_FABLE_6034C6B4_CURRENT_FRONTIER_AUTHORITY_ROUTING_20260707/source_artifacts/0056_ce5dc8c82a_PACKAGE_FILE_LEDGER.csv,A,uploader-transfer-package-context,8472,DA5F78692A52D5FC33CD52F5329A92A0EEC7E6E0A6F5DEBE99FFF52B3B46DE25,15,source-like/evidence-like packet artifact only; exact source-body rows still require manual source review before reviewer packet use,28019a34851454d37431f2c900c80b45ea90f23e,generated-draft/non-canonical/source-use/gap-support,generated-draft/non-canonical/source-use/gap support only; not native review/not accepted terminology/not approval/not community consent/not license clearance/not gate promotion/not source certification/not final status/not bridge-pilot/not CJK interlanguage bridge/not pan-CJK authority/not Korean-school authority/not visual inventory/not term spine/not sign rendering/not translation completion
uploader-transfer/interlanguage-fable-6034c6b4-current-frontier-authority-routing-20260707/INTERLANGUAGE_FABLE_6034C6B4_CURRENT_FRONTIER_AUTHORITY_ROUTING_20260707/source_artifacts/0057_13dfd7748f_PACKAGE_ROOT_SUMMARY.csv,A,uploader-transfer-package-context,437,538407F15A50EC049D59071CC5E9AE8D724DE0BC62E7CAD9539DF80BAE586BE0,1,source-like/evidence-like packet artifact only; exact source-body rows still require manual source review before reviewer packet use,28019a34851454d37431f2c900c80b45ea90f23e,generated-draft/non-canonical/source-use/gap-support,generated-draft/non-canonical/source-use/gap support only; not native review/not accepted terminology/not approval/not community consent/not license clearance/not gate promotion/not source certification/not final status/not bridge-pilot/not CJK interlanguage bridge/not pan-CJK authority/not Korean-school authority/not visual inventory/not term spine/not sign rendering/not translation completion
uploader-transfer/interlanguage-fable-6034c6b4-current-frontier-authority-routing-20260707/INTERLANGUAGE_FABLE_6034C6B4_CURRENT_FRONTIER_AUTHORITY_ROUTING_20260707/source_artifacts/0058_7099f90751_README.md,A,uploader-transfer-package-context,757,4EF6A3F479302A0A446BE31AA49F08AF992547FAC62AF252146D9EE2514CF3CA,,source-like/evidence-like packet artifact only; exact source-body rows still require manual source review before reviewer packet use,28019a34851454d37431f2c900c80b45ea90f23e,generated-draft/non-canonical/source-use/gap-support,generated-draft/non-canonical/source-use/gap support only; not native review/not accepted terminology/not approval/not community consent/not license clearance/not gate promotion/not source certification/not final status/not bridge-pilot/not CJK interlanguage bridge/not pan-CJK authority/not Korean-school authority/not visual inventory/not term spine/not sign rendering/not translation completion
uploader-transfer/interlanguage-fable-6034c6b4-current-frontier-authority-routing-20260707/INTERLANGUAGE_FABLE_6034C6B4_CURRENT_FRONTIER_AUTHORITY_ROUTING_20260707/source_artifacts/0059_288c511b47_SAFETY_SCAN_HITS.csv,A,uploader-transfer-package-context,28,CB3EDC05DBDEFA91DDBF31993DCE284297330246EFCE3447E24D71275A350728,0,source-like/evidence-like packet artifact only; exact source-body rows still require manual source review before reviewer packet use,28019a34851454d37431f2c900c80b45ea90f23e,generated-draft/non-canonical/source-use/gap-support,generated-draft/non-canonical/source-use/gap support only; not native review/not accepted terminology/not approval/not community consent/not license clearance/not gate promotion/not source certification/not final status/not bridge-pilot/not CJK interlanguage bridge/not pan-CJK authority/not Korean-school authority/not visual inventory/not term spine/not sign rendering/not translation completion
uploader-transfer/interlanguage-fable-6034c6b4-current-frontier-authority-routing-20260707/INTERLANGUAGE_FABLE_6034C6B4_CURRENT_FRONTIER_AUTHORITY_ROUTING_20260707/source_artifacts/0060_fe40cbbbc6_SHA256SUMS.txt,A,uploader-transfer-package-context,780,1137850077F8EEF99961DE209C313CA0D0AD2BA6B7F581745A3B3AB7DACDEFAA,,source-like/evidence-like packet artifact only; exact source-body rows still require manual source review before reviewer packet use,28019a34851454d37431f2c900c80b45ea90f23e,generated-draft/non-canonical/source-use/gap-support,generated-draft/non-canonical/source-use/gap support only; not native review/not accepted terminology/not approval/not community consent/not license clearance/not gate promotion/not source certification/not final status/not bridge-pilot/not CJK interlanguage bridge/not pan-CJK authority/not Korean-school authority/not visual inventory/not term spine/not sign rendering/not translation completion
uploader-transfer/interlanguage-fable-6034c6b4-current-frontier-authority-routing-20260707/INTERLANGUAGE_FABLE_6034C6B4_CURRENT_FRONTIER_AUTHORITY_ROUTING_20260707/source_artifacts/0061_6bfc15e987_SHA256SUMS_REPLAY.csv,A,uploader-transfer-package-context,2536,4FF8CACD10891F4C8809A906F4843949B5BF7F3A6CE8386D9175FA7B712ADB0E,13,source-like/evidence-like packet artifact only; exact source-body rows still require manual source review before reviewer packet use,28019a34851454d37431f2c900c80b45ea90f23e,generated-draft/non-canonical/source-use/gap-support,generated-draft/non-canonical/source-use/gap support only; not native review/not accepted terminology/not approval/not community consent/not license clearance/not gate promotion/not source certification/not final status/not bridge-pilot/not CJK interlanguage bridge/not pan-CJK authority/not Korean-school authority/not visual inventory/not term spine/not sign rendering/not translation completion
uploader-transfer/interlanguage-fable-6034c6b4-current-frontier-authority-routing-20260707/INTERLANGUAGE_FABLE_6034C6B4_CURRENT_FRONTIER_AUTHORITY_ROUTING_20260707/source_artifacts/0062_96775d8370_B3_UPLOADER_READY_SUMMARY.csv,A,uploader-transfer-package-context,2026,20DA55A5E9A1925A871EF91475DCDF783C0D3D87DC7EF691F71D187B67C93F76,3,source-like/evidence-like packet artifact only; exact source-body rows still require manual source review before reviewer packet use,28019a34851454d37431f2c900c80b45ea90f23e,generated-draft/non-canonical/source-use/gap-support,generated-draft/non-canonical/source-use/gap support only; not native review/not accepted terminology/not approval/not community consent/not license clearance/not gate promotion/not source certification/not final status/not bridge-pilot/not CJK interlanguage bridge/not pan-CJK authority/not Korean-school authority/not visual inventory/not term spine/not sign rendering/not translation completion
uploader-transfer/interlanguage-fable-6034c6b4-current-frontier-authority-routing-20260707/INTERLANGUAGE_FABLE_6034C6B4_CURRENT_FRONTIER_AUTHORITY_ROUTING_20260707/source_artifacts/0063_0e71930156_DEDUP_FRONTIER_VERIFICATION_761BEC88.csv,A,uploader-transfer-package-context,1890,035C12EFDCE4FE25368B7540ACD512614601FC6C193C4279338FB88C2BD937E8,2,source-like/evidence-like packet artifact only; exact source-body rows still require manual source review before reviewer packet use,28019a34851454d37431f2c900c80b45ea90f23e,generated-draft/non-canonical/source-use/gap-support,generated-draft/non-canonical/source-use/gap support only; not native review/not accepted terminology/not approval/not community consent/not license clearance/not gate promotion/not source certification/not final status/not bridge-pilot/not CJK interlanguage bridge/not pan-CJK authority/not Korean-school authority/not visual inventory/not term spine/not sign rendering/not translation completion
uploader-transfer/interlanguage-fable-6034c6b4-current-frontier-authority-routing-20260707/INTERLANGUAGE_FABLE_6034C6B4_CURRENT_FRONTIER_AUTHORITY_ROUTING_20260707/source_artifacts/0064_8ae0ba9b81_DEDUP_SOURCE_USE_GAP_FABLE_ADVERSE_ROLLUP_761BEC88.csv,A,uploader-transfer-package-context,6386,63850A0DB27773BB205B1C517E58BD5016AFD86C73FA4BDB6C3CB0A5595A6DB9,7,source-like/evidence-like packet artifact only; exact source-body rows still require manual source review before reviewer packet use,28019a34851454d37431f2c900c80b45ea90f23e,generated-draft/non-canonical/source-use/gap-support,generated-draft/non-canonical/source-use/gap support only; not native review/not accepted terminology/not approval/not community consent/not license clearance/not gate promotion/not source certification/not final status/not bridge-pilot/not CJK interlanguage bridge/not pan-CJK authority/not Korean-school authority/not visual inventory/not term spine/not sign rendering/not translation completion
uploader-transfer/interlanguage-fable-6034c6b4-current-frontier-authority-routing-20260707/INTERLANGUAGE_FABLE_6034C6B4_CURRENT_FRONTIER_AUTHORITY_ROUTING_20260707/source_artifacts/0065_41d2793b4d_EXACT_BLOCKER_RECOVERY_ROWS_761BEC88_DEDUP.csv,A,uploader-transfer-package-context,3172,29D88036338BE16CA056C09F97234D8BEA3A2CAA64F9AA3C4016608C92293F07,4,source-like/evidence-like packet artifact only; exact source-body rows still require manual source review before reviewer packet use,28019a34851454d37431f2c900c80b45ea90f23e,generated-draft/non-canonical/source-use/gap-support,generated-draft/non-canonical/source-use/gap support only; not native review/not accepted terminology/not approval/not community consent/not license clearance/not gate promotion/not source certification/not final status/not bridge-pilot/not CJK interlanguage bridge/not pan-CJK authority/not Korean-school authority/not visual inventory/not term spine/not sign rendering/not translation completion
uploader-transfer/interlanguage-fable-6034c6b4-current-frontier-authority-routing-20260707/INTERLANGUAGE_FABLE_6034C6B4_CURRENT_FRONTIER_AUTHORITY_ROUTING_20260707/source_artifacts/0066_f8d7f8b0e4_MANIFEST.csv,A,uploader-transfer-package-context,3979,8D77ADA755489C0A3EB78EFE0C3CD4E012E01FE8FBAD1ABEC20C2003360E9F72,6,source-like/evidence-like packet artifact only; exact source-body rows still require manual source review before reviewer packet use,28019a34851454d37431f2c900c80b45ea90f23e,generated-draft/non-canonical/source-use/gap-support,generated-draft/non-canonical/source-use/gap support only; not native review/not accepted terminology/not approval/not community consent/not license clearance/not gate promotion/not source certification/not final status/not bridge-pilot/not CJK interlanguage bridge/not pan-CJK authority/not Korean-school authority/not visual inventory/not term spine/not sign rendering/not translation completion
uploader-transfer/interlanguage-fable-6034c6b4-current-frontier-authority-routing-20260707/INTERLANGUAGE_FABLE_6034C6B4_CURRENT_FRONTIER_AUTHORITY_ROUTING_20260707/source_artifacts/0067_dfced590c3_README.md,A,uploader-transfer-package-context,1447,F943AE0D8DFDDA923CEF84AB066DEA4CE468DC943599C47089CC7BC80EF1331F,,source-like/evidence-like packet artifact only; exact source-body rows still require manual source review before reviewer packet use,28019a34851454d37431f2c900c80b45ea90f23e,generated-draft/non-canonical/source-use/gap-support,generated-draft/non-canonical/source-use/gap support only; not native review/not accepted terminology/not approval/not community consent/not license clearance/not gate promotion/not source certification/not final status/not bridge-pilot/not CJK interlanguage bridge/not pan-CJK authority/not Korean-school authority/not visual inventory/not term spine/not sign rendering/not translation completion
uploader-transfer/interlanguage-fable-6034c6b4-current-frontier-authority-routing-20260707/INTERLANGUAGE_FABLE_6034C6B4_CURRENT_FRONTIER_AUTHORITY_ROUTING_20260707/source_artifacts/0068_103f8d994c_SHA256SUMS.txt,A,uploader-transfer-package-context,598,77D506146EB9B65EA29451D4CC5B9F2AE7730AB6A6DD3B7C3DA50EF0C3B5A535,,source-like/evidence-like packet artifact only; exact source-body rows still require manual source review before reviewer packet use,28019a34851454d37431f2c900c80b45ea90f23e,generated-draft/non-canonical/source-use/gap-support,generated-draft/non-canonical/source-use/gap support only; not native review/not accepted terminology/not approval/not community consent/not license clearance/not gate promotion/not source certification/not final status/not bridge-pilot/not CJK interlanguage bridge/not pan-CJK authority/not Korean-school authority/not visual inventory/not term spine/not sign rendering/not translation completion
uploader-transfer/interlanguage-fable-6034c6b4-current-frontier-authority-routing-20260707/INTERLANGUAGE_FABLE_6034C6B4_CURRENT_FRONTIER_AUTHORITY_ROUTING_20260707/source_artifacts/0069_7e9a844965_SUMMARY.json,A,uploader-transfer-package-context,3629,A5224742770300CA7564FBDA42C48DE5CC6C4928C0DCBD6C60A9C25F5791B287,,source-like/evidence-like packet artifact only; exact source-body rows still require manual source review before reviewer packet use,28019a34851454d37431f2c900c80b45ea90f23e,generated-draft/non-canonical/source-use/gap-support,generated-draft/non-canonical/source-use/gap support only; not native review/not accepted terminology/not approval/not community consent/not license clearance/not gate promotion/not source certification/not final status/not bridge-pilot/not CJK interlanguage bridge/not pan-CJK authority/not Korean-school authority/not visual inventory/not term spine/not sign rendering/not translation completion
uploader-transfer/interlanguage-fable-6034c6b4-current-frontier-authority-routing-20260707/INTERLANGUAGE_FABLE_6034C6B4_CURRENT_FRONTIER_AUTHORITY_ROUTING_20260707/source_artifacts/0070_9e30216149_ACTIVE_SESSION_STATE.md,A,uploader-transfer-package-context,904,C85883EB3BE8A61C5CDFA67805B4872F5C567EF856063C025A54D3905FB4C2BC,,source-like/evidence-like packet artifact only; exact source-body rows still require manual source review before reviewer packet use,28019a34851454d37431f2c900c80b45ea90f23e,generated-draft/non-canonical/source-use/gap-support,generated-draft/non-canonical/source-use/gap support only; not native review/not accepted terminology/not approval/not community consent/not license clearance/not gate promotion/not source certification/not final status/not bridge-pilot/not CJK interlanguage bridge/not pan-CJK authority/not Korean-school authority/not visual inventory/not term spine/not sign rendering/not translation completion
uploader-transfer/interlanguage-fable-6034c6b4-current-frontier-authority-routing-20260707/INTERLANGUAGE_FABLE_6034C6B4_CURRENT_FRONTIER_AUTHORITY_ROUTING_20260707/source_artifacts/0071_f43d80aaa4_AUTHORITY_ETHICS_BOUNDARY_LEDGER_761BEC88.csv,A,uploader-transfer-package-context,567,50642EE811A08FD4C48C1140C9FC503B905E6E251041291B75688D50BA00694B,2,source-like/evidence-like packet artifact only; exact source-body rows still require manual source review before reviewer packet use,28019a34851454d37431f2c900c80b45ea90f23e,generated-draft/non-canonical/source-use/gap-support,generated-draft/non-canonical/source-use/gap support only; not native review/not accepted terminology/not approval/not community consent/not license clearance/not gate promotion/not source certification/not final status/not bridge-pilot/not CJK interlanguage bridge/not pan-CJK authority/not Korean-school authority/not visual inventory/not term spine/not sign rendering/not translation completion
uploader-transfer/interlanguage-fable-6034c6b4-current-frontier-authority-routing-20260707/INTERLANGUAGE_FABLE_6034C6B4_CURRENT_FRONTIER_AUTHORITY_ROUTING_20260707/source_artifacts/0072_0a4d182ec9_AUTHORITY_ETHICS_BOUNDARY_LEDGER_761BEC88.json,A,uploader-transfer-package-context,781,D9FFEABBC3000D308876DAE5188CAE96866B8456E1C3708CCB56E53C3C0F3FF4,,source-like/evidence-like packet artifact only; exact source-body rows still require manual source review before reviewer packet use,28019a34851454d37431f2c900c80b45ea90f23e,generated-draft/non-canonical/source-use/gap-support,generated-draft/non-canonical/source-use/gap support only; not native review/not accepted terminology/not approval/not community consent/not license clearance/not gate promotion/not source certification/not final status/not bridge-pilot/not CJK interlanguage bridge/not pan-CJK authority/not Korean-school authority/not visual inventory/not term spine/not sign rendering/not translation completion
uploader-transfer/interlanguage-fable-6034c6b4-current-frontier-authority-routing-20260707/INTERLANGUAGE_FABLE_6034C6B4_CURRENT_FRONTIER_AUTHORITY_ROUTING_20260707/source_artifacts/0073_58e2a73507_B3_HANDOFF_INDEX_761BEC88.csv,A,uploader-transfer-package-context,182851,1C51B39540D7CDC4FE1D4DCA00DD40F3A8D059A7FA433ED12FD5E6D0CD1F1BA8,343,source-like/evidence-like packet artifact only; exact source-body rows still require manual source review before reviewer packet use,28019a34851454d37431f2c900c80b45ea90f23e,generated-draft/non-canonical/source-use/gap-support,generated-draft/non-canonical/source-use/gap support only; not native review/not accepted terminology/not approval/not community consent/not license clearance/not gate promotion/not source certification/not final status/not bridge-pilot/not CJK interlanguage bridge/not pan-CJK authority/not Korean-school authority/not visual inventory/not term spine/not sign rendering/not translation completion
uploader-transfer/interlanguage-fable-6034c6b4-current-frontier-authority-routing-20260707/INTERLANGUAGE_FABLE_6034C6B4_CURRENT_FRONTIER_AUTHORITY_ROUTING_20260707/source_artifacts/0074_c12619bd9f_B3_HANDOFF_INDEX_761BEC88.json,A,uploader-transfer-package-context,234534,C4BF68262234B61203455B0C4CE66D825CA9B5E70D4701128019505D07E47B3C,,source-like/evidence-like packet artifact only; exact source-body rows still require manual source review before reviewer packet use,28019a34851454d37431f2c900c80b45ea90f23e,generated-draft/non-canonical/source-use/gap-support,generated-draft/non-canonical/source-use/gap support only; not native review/not accepted terminology/not approval/not community consent/not license clearance/not gate promotion/not source certification/not final status/not bridge-pilot/not CJK interlanguage bridge/not pan-CJK authority/not Korean-school authority/not visual inventory/not term spine/not sign rendering/not translation completion
uploader-transfer/interlanguage-fable-6034c6b4-current-frontier-authority-routing-20260707/INTERLANGUAGE_FABLE_6034C6B4_CURRENT_FRONTIER_AUTHORITY_ROUTING_20260707/source_artifacts/0075_991b3f6e4f_B3_VISIBLE_PRIOR_AUTHORITY_ROOTS_761BEC88.csv,A,uploader-transfer-package-context,12079,567FCE54FA539A95C42DD17CE5CBAEB747D3184AFBC557BF9D6183621B7FCC27,24,source-like/evidence-like packet artifact only; exact source-body rows still require manual source review before reviewer packet use,28019a34851454d37431f2c900c80b45ea90f23e,generated-draft/non-canonical/source-use/gap-support,generated-draft/non-canonical/source-use/gap support only; not native review/not accepted terminology/not approval/not community consent/not license clearance/not gate promotion/not source certification/not final status/not bridge-pilot/not CJK interlanguage bridge/not pan-CJK authority/not Korean-school authority/not visual inventory/not term spine/not sign rendering/not translation completion
uploader-transfer/interlanguage-fable-6034c6b4-current-frontier-authority-routing-20260707/INTERLANGUAGE_FABLE_6034C6B4_CURRENT_FRONTIER_AUTHORITY_ROUTING_20260707/source_artifacts/0076_3f6a93711d_B3_VISIBLE_PRIOR_AUTHORITY_ROOTS_761BEC88.json,A,uploader-transfer-package-context,17313,1AD6D261FC14B4248A5456B32FF079D4E8A0D2511600981BD1B144A17B822E17,,source-like/evidence-like packet artifact only; exact source-body rows still require manual source review before reviewer packet use,28019a34851454d37431f2c900c80b45ea90f23e,generated-draft/non-canonical/source-use/gap-support,generated-draft/non-canonical/source-use/gap support only; not native review/not accepted terminology/not approval/not community consent/not license clearance/not gate promotion/not source certification/not final status/not bridge-pilot/not CJK interlanguage bridge/not pan-CJK authority/not Korean-school authority/not visual inventory/not term spine/not sign rendering/not translation completion
uploader-transfer/interlanguage-fable-6034c6b4-current-frontier-authority-routing-20260707/INTERLANGUAGE_FABLE_6034C6B4_CURRENT_FRONTIER_AUTHORITY_ROUTING_20260707/source_artifacts/0077_35a1d992a6_BLOCKER_RECOVERY_SURFACE_LEDGER_761BEC88.csv,A,uploader-transfer-package-context,2529,D42764B74866A4E29A9789E35DCE807D3121F957B5FD39E298B31D1B6E04FBFB,6,source-like/evidence-like packet artifact only; exact source-body rows still require manual source review before reviewer packet use,28019a34851454d37431f2c900c80b45ea90f23e,generated-draft/non-canonical/source-use/gap-support,generated-draft/non-canonical/source-use/gap support only; not native review/not accepted terminology/not approval/not community consent/not license clearance/not gate promotion/not source certification/not final status/not bridge-pilot/not CJK interlanguage bridge/not pan-CJK authority/not Korean-school authority/not visual inventory/not term spine/not sign rendering/not translation completion
uploader-transfer/interlanguage-fable-6034c6b4-current-frontier-authority-routing-20260707/INTERLANGUAGE_FABLE_6034C6B4_CURRENT_FRONTIER_AUTHORITY_ROUTING_20260707/source_artifacts/0078_ae50605422_BLOCKER_RECOVERY_SURFACE_LEDGER_761BEC88.json,A,uploader-transfer-package-context,3346,F4EBB4DB5FEDD86B5CA3AE494A6431F099F930BAA11F5CB73DE6FBD068296731,,source-like/evidence-like packet artifact only; exact source-body rows still require manual source review before reviewer packet use,28019a34851454d37431f2c900c80b45ea90f23e,generated-draft/non-canonical/source-use/gap-support,generated-draft/non-canonical/source-use/gap support only; not native review/not accepted terminology/not approval/not community consent/not license clearance/not gate promotion/not source certification/not final status/not bridge-pilot/not CJK interlanguage bridge/not pan-CJK authority/not Korean-school authority/not visual inventory/not term spine/not sign rendering/not translation completion
uploader-transfer/interlanguage-fable-6034c6b4-current-frontier-authority-routing-20260707/INTERLANGUAGE_FABLE_6034C6B4_CURRENT_FRONTIER_AUTHORITY_ROUTING_20260707/source_artifacts/0079_15a66ba03b_BRANCH_CHANGED_PATHS_4065F6A4_TO_761BEC88.csv,A,uploader-transfer-package-context,120876,D07D7E0CA750B34E21DA2E000DD82DB7E5ED9610EAE615BEADBE79291724F32D,327,source-like/evidence-like packet artifact only; exact source-body rows still require manual source review before reviewer packet use,28019a34851454d37431f2c900c80b45ea90f23e,generated-draft/non-canonical/source-use/gap-support,generated-draft/non-canonical/source-use/gap support only; not native review/not accepted terminology/not approval/not community consent/not license clearance/not gate promotion/not source certification/not final status/not bridge-pilot/not CJK interlanguage bridge/not pan-CJK authority/not Korean-school authority/not visual inventory/not term spine/not sign rendering/not translation completion
uploader-transfer/interlanguage-fable-6034c6b4-current-frontier-authority-routing-20260707/INTERLANGUAGE_FABLE_6034C6B4_CURRENT_FRONTIER_AUTHORITY_ROUTING_20260707/source_artifacts/0080_7f555fe120_BRANCH_CHANGED_PATHS_4065F6A4_TO_761BEC88.json,A,uploader-transfer-package-context,193043,BD3BF51A7553D46C2708D65A6B8F5316591AA8C891DB9901268553C938BA3663,,source-like/evidence-like packet artifact only; exact source-body rows still require manual source review before reviewer packet use,28019a34851454d37431f2c900c80b45ea90f23e,generated-draft/non-canonical/source-use/gap-support,generated-draft/non-canonical/source-use/gap support only; not native review/not accepted terminology/not approval/not community consent/not license clearance/not gate promotion/not source certification/not final status/not bridge-pilot/not CJK interlanguage bridge/not pan-CJK authority/not Korean-school authority/not visual inventory/not term spine/not sign rendering/not translation completion
uploader-transfer/interlanguage-fable-6034c6b4-current-frontier-authority-routing-20260707/INTERLANGUAGE_FABLE_6034C6B4_CURRENT_FRONTIER_AUTHORITY_ROUTING_20260707/source_artifacts/0081_92d210b0cf_BRANCH_COMMITS_4065F6A4_TO_761BEC88.csv,A,uploader-transfer-package-context,519,D0D3A97E04500E390D68C2CCC45B486D43938EC69E30B5A4A580F924732ABCEE,1,source-like/evidence-like packet artifact only; exact source-body rows still require manual source review before reviewer packet use,28019a34851454d37431f2c900c80b45ea90f23e,generated-draft/non-canonical/source-use/gap-support,generated-draft/non-canonical/source-use/gap support only; not native review/not accepted terminology/not approval/not community consent/not license clearance/not gate promotion/not source certification/not final status/not bridge-pilot/not CJK interlanguage bridge/not pan-CJK authority/not Korean-school authority/not visual inventory/not term spine/not sign rendering/not translation completion
uploader-transfer/interlanguage-fable-6034c6b4-current-frontier-authority-routing-20260707/INTERLANGUAGE_FABLE_6034C6B4_CURRENT_FRONTIER_AUTHORITY_ROUTING_20260707/source_artifacts/0082_1481dc4f1e_BRANCH_COMMITS_4065F6A4_TO_761BEC88.json,A,uploader-transfer-package-context,642,FCA34581E68F22A3839D7E86B9550E425A52CF4F3AA3BAA4390F08E4949E332F,,source-like/evidence-like packet artifact only; exact source-body rows still require manual source review before reviewer packet use,28019a34851454d37431f2c900c80b45ea90f23e,generated-draft/non-canonical/source-use/gap-support,generated-draft/non-canonical/source-use/gap support only; not native review/not accepted terminology/not approval/not community consent/not license clearance/not gate promotion/not source certification/not final status/not bridge-pilot/not CJK interlanguage bridge/not pan-CJK authority/not Korean-school authority/not visual inventory/not term spine/not sign rendering/not translation completion
uploader-transfer/interlanguage-fable-6034c6b4-current-frontier-authority-routing-20260707/INTERLANGUAGE_FABLE_6034C6B4_CURRENT_FRONTIER_AUTHORITY_ROUTING_20260707/source_artifacts/0083_0281fec5a8_BRANCH_WEIGHTING_LEDGER_761BEC88.csv,A,uploader-transfer-package-context,5051,F63F846F2B85DEF9A94E06F037D0B356B3E4EEC76B8BB06217A6A59B98EDEF92,12,source-like/evidence-like packet artifact only; exact source-body rows still require manual source review before reviewer packet use,28019a34851454d37431f2c900c80b45ea90f23e,generated-draft/non-canonical/source-use/gap-support,generated-draft/non-canonical/source-use/gap support only; not native review/not accepted terminology/not approval/not community consent/not license clearance/not gate promotion/not source certification/not final status/not bridge-pilot/not CJK interlanguage bridge/not pan-CJK authority/not Korean-school authority/not visual inventory/not term spine/not sign rendering/not translation completion
uploader-transfer/interlanguage-fable-6034c6b4-current-frontier-authority-routing-20260707/INTERLANGUAGE_FABLE_6034C6B4_CURRENT_FRONTIER_AUTHORITY_ROUTING_20260707/source_artifacts/0084_0fefc6caca_BRANCH_WEIGHTING_LEDGER_761BEC88.json,A,uploader-transfer-package-context,7251,E4BCEE8F80358913AA9B9DF6BB07431CD425D486A3F8A2D58E297D3BCA582114,,source-like/evidence-like packet artifact only; exact source-body rows still require manual source review before reviewer packet use,28019a34851454d37431f2c900c80b45ea90f23e,generated-draft/non-canonical/source-use/gap-support,generated-draft/non-canonical/source-use/gap support only; not native review/not accepted terminology/not approval/not community consent/not license clearance/not gate promotion/not source certification/not final status/not bridge-pilot/not CJK interlanguage bridge/not pan-CJK authority/not Korean-school authority/not visual inventory/not term spine/not sign rendering/not translation completion
uploader-transfer/interlanguage-fable-6034c6b4-current-frontier-authority-routing-20260707/INTERLANGUAGE_FABLE_6034C6B4_CURRENT_FRONTIER_AUTHORITY_ROUTING_20260707/source_artifacts/0085_44c693c321_CURRENT_FRONTIER_VERIFICATION_761BEC88.csv,A,uploader-transfer-package-context,583,1AACE73D90392584ACB1EBEB1D50C83ADD04BD4E743C7F8899B6945E90F8CF5D,1,source-like/evidence-like packet artifact only; exact source-body rows still require manual source review before reviewer packet use,28019a34851454d37431f2c900c80b45ea90f23e,generated-draft/non-canonical/source-use/gap-support,generated-draft/non-canonical/source-use/gap support only; not native review/not accepted terminology/not approval/not community consent/not license clearance/not gate promotion/not source certification/not final status/not bridge-pilot/not CJK interlanguage bridge/not pan-CJK authority/not Korean-school authority/not visual inventory/not term spine/not sign rendering/not translation completion
uploader-transfer/interlanguage-fable-6034c6b4-current-frontier-authority-routing-20260707/INTERLANGUAGE_FABLE_6034C6B4_CURRENT_FRONTIER_AUTHORITY_ROUTING_20260707/source_artifacts/0086_9412279b9d_CURRENT_FRONTIER_VERIFICATION_761BEC88.json,A,uploader-transfer-package-context,684,7A69637C7BF86C1218AB805864AF59A89B78709DC62A2421E9E4272DDF29EC4A,,source-like/evidence-like packet artifact only; exact source-body rows still require manual source review before reviewer packet use,28019a34851454d37431f2c900c80b45ea90f23e,generated-draft/non-canonical/source-use/gap-support,generated-draft/non-canonical/source-use/gap support only; not native review/not accepted terminology/not approval/not community consent/not license clearance/not gate promotion/not source certification/not final status/not bridge-pilot/not CJK interlanguage bridge/not pan-CJK authority/not Korean-school authority/not visual inventory/not term spine/not sign rendering/not translation completion
uploader-transfer/interlanguage-fable-6034c6b4-current-frontier-authority-routing-20260707/INTERLANGUAGE_FABLE_6034C6B4_CURRENT_FRONTIER_AUTHORITY_ROUTING_20260707/source_artifacts/0087_987a1297ce_DO_NOT_USE_LEDGER_761BEC88.csv,A,uploader-transfer-package-context,4699,6BD42D0358681C9A34F8D9F522D27A21FFE9D553D772F33B74E72ADC552D8927,12,source-like/evidence-like packet artifact only; exact source-body rows still require manual source review before reviewer packet use,28019a34851454d37431f2c900c80b45ea90f23e,generated-draft/non-canonical/source-use/gap-support,generated-draft/non-canonical/source-use/gap support only; not native review/not accepted terminology/not approval/not community consent/not license clearance/not gate promotion/not source certification/not final status/not bridge-pilot/not CJK interlanguage bridge/not pan-CJK authority/not Korean-school authority/not visual inventory/not term spine/not sign rendering/not translation completion
uploader-transfer/interlanguage-fable-6034c6b4-current-frontier-authority-routing-20260707/INTERLANGUAGE_FABLE_6034C6B4_CURRENT_FRONTIER_AUTHORITY_ROUTING_20260707/source_artifacts/0088_30580037fd_DO_NOT_USE_LEDGER_761BEC88.json,A,uploader-transfer-package-context,6888,B53EE5894472BFD11134E58E818E1DCD2488A71057FD7D4581FDE86BB54E1ACE,,source-like/evidence-like packet artifact only; exact source-body rows still require manual source review before reviewer packet use,28019a34851454d37431f2c900c80b45ea90f23e,generated-draft/non-canonical/source-use/gap-support,generated-draft/non-canonical/source-use/gap support only; not native review/not accepted terminology/not approval/not community consent/not license clearance/not gate promotion/not source certification/not final status/not bridge-pilot/not CJK interlanguage bridge/not pan-CJK authority/not Korean-school authority/not visual inventory/not term spine/not sign rendering/not translation completion
uploader-transfer/interlanguage-fable-6034c6b4-current-frontier-authority-routing-20260707/INTERLANGUAGE_FABLE_6034C6B4_CURRENT_FRONTIER_AUTHORITY_ROUTING_20260707/source_artifacts/0089_3a0c9a7080_FINAL_VALIDATION.json,A,uploader-transfer-package-context,1595,89A8A477081B66DF658F560FC1B188856EC03405FCFE352244231E6C9A7F73D6,,source-like/evidence-like packet artifact only; exact source-body rows still require manual source review before reviewer packet use,28019a34851454d37431f2c900c80b45ea90f23e,generated-draft/non-canonical/source-use/gap-support,generated-draft/non-canonical/source-use/gap support only; not native review/not accepted terminology/not approval/not community consent/not license clearance/not gate promotion/not source certification/not final status/not bridge-pilot/not CJK interlanguage bridge/not pan-CJK authority/not Korean-school authority/not visual inventory/not term spine/not sign rendering/not translation completion
uploader-transfer/interlanguage-fable-6034c6b4-current-frontier-authority-routing-20260707/INTERLANGUAGE_FABLE_6034C6B4_CURRENT_FRONTIER_AUTHORITY_ROUTING_20260707/source_artifacts/0090_ddae2ff3e1_GIT_OBJECT_EXTRACTED_BRANCH_ARTIFACTS_761BEC88.csv,A,uploader-transfer-package-context,355547,217F417267E1A21E54A4C6C96BD662A7287EDE8EB9EB340C7D56F967AF914BAF,327,source-like/evidence-like packet artifact only; exact source-body rows still require manual source review before reviewer packet use,28019a34851454d37431f2c900c80b45ea90f23e,generated-draft/non-canonical/source-use/gap-support,generated-draft/non-canonical/source-use/gap support only; not native review/not accepted terminology/not approval/not community consent/not license clearance/not gate promotion/not source certification/not final status/not bridge-pilot/not CJK interlanguage bridge/not pan-CJK authority/not Korean-school authority/not visual inventory/not term spine/not sign rendering/not translation completion
uploader-transfer/interlanguage-fable-6034c6b4-current-frontier-authority-routing-20260707/INTERLANGUAGE_FABLE_6034C6B4_CURRENT_FRONTIER_AUTHORITY_ROUTING_20260707/source_artifacts/0091_b972bfea83_GIT_OBJECT_EXTRACTED_BRANCH_ARTIFACTS_761BEC88.json,A,uploader-transfer-package-context,499530,707E10CF328EE5B410DE18162D14B29A8CED5FE28334641F0FC5D377FB3EEEB9,,source-like/evidence-like packet artifact only; exact source-body rows still require manual source review before reviewer packet use,28019a34851454d37431f2c900c80b45ea90f23e,generated-draft/non-canonical/source-use/gap-support,generated-draft/non-canonical/source-use/gap support only; not native review/not accepted terminology/not approval/not community consent/not license clearance/not gate promotion/not source certification/not final status/not bridge-pilot/not CJK interlanguage bridge/not pan-CJK authority/not Korean-school authority/not visual inventory/not term spine/not sign rendering/not translation completion
uploader-transfer/interlanguage-fable-6034c6b4-current-frontier-authority-routing-20260707/INTERLANGUAGE_FABLE_6034C6B4_CURRENT_FRONTIER_AUTHORITY_ROUTING_20260707/source_artifacts/0092_b98d4e3fc0_GIT_OBJECT_EXTRACTION_FAILURES_761BEC88.csv,A,uploader-transfer-package-context,80,FC25FAB9A5A165D30930B8080EA1A41A93735064D62B99A41EB496001B70D644,1,source-like/evidence-like packet artifact only; exact source-body rows still require manual source review before reviewer packet use,28019a34851454d37431f2c900c80b45ea90f23e,generated-draft/non-canonical/source-use/gap-support,generated-draft/non-canonical/source-use/gap support only; not native review/not accepted terminology/not approval/not community consent/not license clearance/not gate promotion/not source certification/not final status/not bridge-pilot/not CJK interlanguage bridge/not pan-CJK authority/not Korean-school authority/not visual inventory/not term spine/not sign rendering/not translation completion
uploader-transfer/interlanguage-fable-6034c6b4-current-frontier-authority-routing-20260707/INTERLANGUAGE_FABLE_6034C6B4_CURRENT_FRONTIER_AUTHORITY_ROUTING_20260707/source_artifacts/0093_60b0742537_GIT_OBJECT_EXTRACTION_FAILURES_761BEC88.json,A,uploader-transfer-package-context,4,A5338D955B09046EC0B16F3A9625B7955C763AAE07DC722E474E6078745F932F,,source-like/evidence-like packet artifact only; exact source-body rows still require manual source review before reviewer packet use,28019a34851454d37431f2c900c80b45ea90f23e,generated-draft/non-canonical/source-use/gap-support,generated-draft/non-canonical/source-use/gap support only; not native review/not accepted terminology/not approval/not community consent/not license clearance/not gate promotion/not source certification/not final status/not bridge-pilot/not CJK interlanguage bridge/not pan-CJK authority/not Korean-school authority/not visual inventory/not term spine/not sign rendering/not translation completion
uploader-transfer/interlanguage-fable-6034c6b4-current-frontier-authority-routing-20260707/INTERLANGUAGE_FABLE_6034C6B4_CURRENT_FRONTIER_AUTHORITY_ROUTING_20260707/source_artifacts/0094_3227014134_HEARTBEAT_20260707.md,A,uploader-transfer-package-context,805,EE66FEEAA280E9A6EFD10278853C770AA81AA4692D5B374F19FEB233128B9CA9,,source-like/evidence-like packet artifact only; exact source-body rows still require manual source review before reviewer packet use,28019a34851454d37431f2c900c80b45ea90f23e,generated-draft/non-canonical/source-use/gap-support,generated-draft/non-canonical/source-use/gap support only; not native review/not accepted terminology/not approval/not community consent/not license clearance/not gate promotion/not source certification/not final status/not bridge-pilot/not CJK interlanguage bridge/not pan-CJK authority/not Korean-school authority/not visual inventory/not term spine/not sign rendering/not translation completion
uploader-transfer/interlanguage-fable-6034c6b4-current-frontier-authority-routing-20260707/INTERLANGUAGE_FABLE_6034C6B4_CURRENT_FRONTIER_AUTHORITY_ROUTING_20260707/source_artifacts/0095_70a0db7290_INTERSLAVIC_CORRECTION_LEDGER_761BEC88.csv,A,uploader-transfer-package-context,580,464244C3997A06939C0AC457A558EBC4572EAB3D5584DECCF32499A97B69CB75,1,source-like/evidence-like packet artifact only; exact source-body rows still require manual source review before reviewer packet use,28019a34851454d37431f2c900c80b45ea90f23e,generated-draft/non-canonical/source-use/gap-support,generated-draft/non-canonical/source-use/gap support only; not native review/not accepted terminology/not approval/not community consent/not license clearance/not gate promotion/not source certification/not final status/not bridge-pilot/not CJK interlanguage bridge/not pan-CJK authority/not Korean-school authority/not visual inventory/not term spine/not sign rendering/not translation completion
uploader-transfer/interlanguage-fable-6034c6b4-current-frontier-authority-routing-20260707/INTERLANGUAGE_FABLE_6034C6B4_CURRENT_FRONTIER_AUTHORITY_ROUTING_20260707/source_artifacts/0096_fb803f7199_INTERSLAVIC_CORRECTION_LEDGER_761BEC88.json,A,uploader-transfer-package-context,644,9BDEDC083AFDE57B7C8863F6C66D3FA4CA8B2440A60E3DD216CCBC3C98BFA1EE,,source-like/evidence-like packet artifact only; exact source-body rows still require manual source review before reviewer packet use,28019a34851454d37431f2c900c80b45ea90f23e,generated-draft/non-canonical/source-use/gap-support,generated-draft/non-canonical/source-use/gap support only; not native review/not accepted terminology/not approval/not community consent/not license clearance/not gate promotion/not source certification/not final status/not bridge-pilot/not CJK interlanguage bridge/not pan-CJK authority/not Korean-school authority/not visual inventory/not term spine/not sign rendering/not translation completion
uploader-transfer/interlanguage-fable-6034c6b4-current-frontier-authority-routing-20260707/INTERLANGUAGE_FABLE_6034C6B4_CURRENT_FRONTIER_AUTHORITY_ROUTING_20260707/source_artifacts/0097_3984a22cda_MANIFEST.csv,A,uploader-transfer-package-context,51660,9745F30960DEB7455D784B87DA966F367066A8F2BD4B295C8FE039903C9E906F,367,source-like/evidence-like packet artifact only; exact source-body rows still require manual source review before reviewer packet use,28019a34851454d37431f2c900c80b45ea90f23e,generated-draft/non-canonical/source-use/gap-support,generated-draft/non-canonical/source-use/gap support only; not native review/not accepted terminology/not approval/not community consent/not license clearance/not gate promotion/not source certification/not final status/not bridge-pilot/not CJK interlanguage bridge/not pan-CJK authority/not Korean-school authority/not visual inventory/not term spine/not sign rendering/not translation completion
uploader-transfer/interlanguage-fable-6034c6b4-current-frontier-authority-routing-20260707/INTERLANGUAGE_FABLE_6034C6B4_CURRENT_FRONTIER_AUTHORITY_ROUTING_20260707/source_artifacts/0098_68e7f54de5_MARGINAL_INTELLIGIBILITY_LEDGER_761BEC88.csv,A,uploader-transfer-package-context,4689,4169C4C4D62252CCF8CB6081A2C2C549606AB79AC8858B1D6A84D256E303FDED,12,source-like/evidence-like packet artifact only; exact source-body rows still require manual source review before reviewer packet use,28019a34851454d37431f2c900c80b45ea90f23e,generated-draft/non-canonical/source-use/gap-support,generated-draft/non-canonical/source-use/gap support only; not native review/not accepted terminology/not approval/not community consent/not license clearance/not gate promotion/not source certification/not final status/not bridge-pilot/not CJK interlanguage bridge/not pan-CJK authority/not Korean-school authority/not visual inventory/not term spine/not sign rendering/not translation completion
uploader-transfer/interlanguage-fable-6034c6b4-current-frontier-authority-routing-20260707/INTERLANGUAGE_FABLE_6034C6B4_CURRENT_FRONTIER_AUTHORITY_ROUTING_20260707/source_artifacts/0099_29377631a3_MARGINAL_INTELLIGIBILITY_LEDGER_761BEC88.json,A,uploader-transfer-package-context,7131,68917D04B4A968A3B646C3566641A828787F980297CAB3B806A48D37BEAD4E93,,source-like/evidence-like packet artifact only; exact source-body rows still require manual source review before reviewer packet use,28019a34851454d37431f2c900c80b45ea90f23e,generated-draft/non-canonical/source-use/gap-support,generated-draft/non-canonical/source-use/gap support only; not native review/not accepted terminology/not approval/not community consent/not license clearance/not gate promotion/not source certification/not final status/not bridge-pilot/not CJK interlanguage bridge/not pan-CJK authority/not Korean-school authority/not visual inventory/not term spine/not sign rendering/not translation completion
uploader-transfer/interlanguage-fable-6034c6b4-current-frontier-authority-routing-20260707/INTERLANGUAGE_FABLE_6034C6B4_CURRENT_FRONTIER_AUTHORITY_ROUTING_20260707/source_artifacts/0100_eec905fe44_NORMALIZATION_MARKER_TABLE_LEDGER_761BEC88.csv,A,uploader-transfer-package-context,3993,8362DFB9FD652D8FA3379C10F393A0E947222CC85F9C0D124C5CC14C39D38D98,12,source-like/evidence-like packet artifact only; exact source-body rows still require manual source review before reviewer packet use,28019a34851454d37431f2c900c80b45ea90f23e,generated-draft/non-canonical/source-use/gap-support,generated-draft/non-canonical/source-use/gap support only; not native review/not accepted terminology/not approval/not community consent/not license clearance/not gate promotion/not source certification/not final status/not bridge-pilot/not CJK interlanguage bridge/not pan-CJK authority/not Korean-school authority/not visual inventory/not term spine/not sign rendering/not translation completion
uploader-transfer/interlanguage-fable-6034c6b4-current-frontier-authority-routing-20260707/INTERLANGUAGE_FABLE_6034C6B4_CURRENT_FRONTIER_AUTHORITY_ROUTING_20260707/source_artifacts/0101_83fe7d5a84_NORMALIZATION_MARKER_TABLE_LEDGER_761BEC88.json,A,uploader-transfer-package-context,6039,6A760B408F7CB128269993457B4C57A42DFCA580627F93F252AA5A454D3BEC8D,,source-like/evidence-like packet artifact only; exact source-body rows still require manual source review before reviewer packet use,28019a34851454d37431f2c900c80b45ea90f23e,generated-draft/non-canonical/source-use/gap-support,generated-draft/non-canonical/source-use/gap support only; not native review/not accepted terminology/not approval/not community consent/not license clearance/not gate promotion/not source certification/not final status/not bridge-pilot/not CJK interlanguage bridge/not pan-CJK authority/not Korean-school authority/not visual inventory/not term spine/not sign rendering/not translation completion
uploader-transfer/interlanguage-fable-6034c6b4-current-frontier-authority-routing-20260707/INTERLANGUAGE_FABLE_6034C6B4_CURRENT_FRONTIER_AUTHORITY_ROUTING_20260707/source_artifacts/0102_5424feefc4_PACKAGE_SUMMARY_761BEC88.csv,A,uploader-transfer-package-context,779,A6AF4CA2701CA260BD02EE4BABA2A8BA1796F668A88AD85F1C881982540148EE,1,source-like/evidence-like packet artifact only; exact source-body rows still require manual source review before reviewer packet use,28019a34851454d37431f2c900c80b45ea90f23e,generated-draft/non-canonical/source-use/gap-support,generated-draft/non-canonical/source-use/gap support only; not native review/not accepted terminology/not approval/not community consent/not license clearance/not gate promotion/not source certification/not final status/not bridge-pilot/not CJK interlanguage bridge/not pan-CJK authority/not Korean-school authority/not visual inventory/not term spine/not sign rendering/not translation completion
uploader-transfer/interlanguage-fable-6034c6b4-current-frontier-authority-routing-20260707/INTERLANGUAGE_FABLE_6034C6B4_CURRENT_FRONTIER_AUTHORITY_ROUTING_20260707/source_artifacts/0103_ed55600215_PACKAGE_SUMMARY_761BEC88.json,A,uploader-transfer-package-context,995,B1DD33FC6B9ACB5D38EC55A45209A891640C286AEC3C1261F840EAB51CCE2DEC,,source-like/evidence-like packet artifact only; exact source-body rows still require manual source review before reviewer packet use,28019a34851454d37431f2c900c80b45ea90f23e,generated-draft/non-canonical/source-use/gap-support,generated-draft/non-canonical/source-use/gap support only; not native review/not accepted terminology/not approval/not community consent/not license clearance/not gate promotion/not source certification/not final status/not bridge-pilot/not CJK interlanguage bridge/not pan-CJK authority/not Korean-school authority/not visual inventory/not term spine/not sign rendering/not translation completion
uploader-transfer/interlanguage-fable-6034c6b4-current-frontier-authority-routing-20260707/INTERLANGUAGE_FABLE_6034C6B4_CURRENT_FRONTIER_AUTHORITY_ROUTING_20260707/source_artifacts/0104_47337015e6_PAYLOAD_GROUP_COUNTS_761BEC88.csv,A,uploader-transfer-package-context,10950,48138027B586E954F5DCBB5102FBC48A49A29C57455CAF2FECBE6EBE87C6F18A,12,source-like/evidence-like packet artifact only; exact source-body rows still require manual source review before reviewer packet use,28019a34851454d37431f2c900c80b45ea90f23e,generated-draft/non-canonical/source-use/gap-support,generated-draft/non-canonical/source-use/gap support only; not native review/not accepted terminology/not approval/not community consent/not license clearance/not gate promotion/not source certification/not final status/not bridge-pilot/not CJK interlanguage bridge/not pan-CJK authority/not Korean-school authority/not visual inventory/not term spine/not sign rendering/not translation completion
uploader-transfer/interlanguage-fable-6034c6b4-current-frontier-authority-routing-20260707/INTERLANGUAGE_FABLE_6034C6B4_CURRENT_FRONTIER_AUTHORITY_ROUTING_20260707/source_artifacts/0105_3e612ee0c8_PAYLOAD_GROUP_COUNTS_761BEC88.json,A,uploader-transfer-package-context,13106,F2A5E395013A666308043AF18976128E791A2664DF65901C1F333D49D4985815,,source-like/evidence-like packet artifact only; exact source-body rows still require manual source review before reviewer packet use,28019a34851454d37431f2c900c80b45ea90f23e,generated-draft/non-canonical/source-use/gap-support,generated-draft/non-canonical/source-use/gap support only; not native review/not accepted terminology/not approval/not community consent/not license clearance/not gate promotion/not source certification/not final status/not bridge-pilot/not CJK interlanguage bridge/not pan-CJK authority/not Korean-school authority/not visual inventory/not term spine/not sign rendering/not translation completion
uploader-transfer/interlanguage-fable-6034c6b4-current-frontier-authority-routing-20260707/INTERLANGUAGE_FABLE_6034C6B4_CURRENT_FRONTIER_AUTHORITY_ROUTING_20260707/source_artifacts/0106_ddf13a8e9a_README.md,A,uploader-transfer-package-context,1058,3DF9021B6F804AA9CD4E2FBAD2DBDB80B047298A47BBB69B44C27DFEDE567983,,source-like/evidence-like packet artifact only; exact source-body rows still require manual source review before reviewer packet use,28019a34851454d37431f2c900c80b45ea90f23e,generated-draft/non-canonical/source-use/gap-support,generated-draft/non-canonical/source-use/gap support only; not native review/not accepted terminology/not approval/not community consent/not license clearance/not gate promotion/not source certification/not final status/not bridge-pilot/not CJK interlanguage bridge/not pan-CJK authority/not Korean-school authority/not visual inventory/not term spine/not sign rendering/not translation completion
uploader-transfer/interlanguage-fable-6034c6b4-current-frontier-authority-routing-20260707/INTERLANGUAGE_FABLE_6034C6B4_CURRENT_FRONTIER_AUTHORITY_ROUTING_20260707/source_artifacts/0107_d1a0b105c9_SESSION_LOGBOOK_20260707.md,A,uploader-transfer-package-context,919,A7BA055C8BABAC8C9B9FB7B81CC0DA24F2955961E5220B1740FE04D0D34512C9,,source-like/evidence-like packet artifact only; exact source-body rows still require manual source review before reviewer packet use,28019a34851454d37431f2c900c80b45ea90f23e,generated-draft/non-canonical/source-use/gap-support,generated-draft/non-canonical/source-use/gap support only; not native review/not accepted terminology/not approval/not community consent/not license clearance/not gate promotion/not source certification/not final status/not bridge-pilot/not CJK interlanguage bridge/not pan-CJK authority/not Korean-school authority/not visual inventory/not term spine/not sign rendering/not translation completion
uploader-transfer/interlanguage-fable-6034c6b4-current-frontier-authority-routing-20260707/INTERLANGUAGE_FABLE_6034C6B4_CURRENT_FRONTIER_AUTHORITY_ROUTING_20260707/source_artifacts/0108_606aa79750_SHA256SUMS.txt,A,uploader-transfer-package-context,50236,15D1435991DD7D7B1963301A312DD5FB164AABD50964519249DE2EE275A53A5C,,source-like/evidence-like packet artifact only; exact source-body rows still require manual source review before reviewer packet use,28019a34851454d37431f2c900c80b45ea90f23e,generated-draft/non-canonical/source-use/gap-support,generated-draft/non-canonical/source-use/gap support only; not native review/not accepted terminology/not approval/not community consent/not license clearance/not gate promotion/not source certification/not final status/not bridge-pilot/not CJK interlanguage bridge/not pan-CJK authority/not Korean-school authority/not visual inventory/not term spine/not sign rendering/not translation completion
uploader-transfer/interlanguage-fable-6034c6b4-current-frontier-authority-routing-20260707/INTERLANGUAGE_FABLE_6034C6B4_CURRENT_FRONTIER_AUTHORITY_ROUTING_20260707/source_artifacts/0109_9f67b2d286_SIBLING_WAKE_LEDGER_761BEC88.csv,A,uploader-transfer-package-context,8694,8A9738F5A59E1F05DE3E7E0501BB1E7F9418DF0DFD5E0E4AACCE75702A0DEA7B,13,source-like/evidence-like packet artifact only; exact source-body rows still require manual source review before reviewer packet use,28019a34851454d37431f2c900c80b45ea90f23e,generated-draft/non-canonical/source-use/gap-support,generated-draft/non-canonical/source-use/gap support only; not native review/not accepted terminology/not approval/not community consent/not license clearance/not gate promotion/not source certification/not final status/not bridge-pilot/not CJK interlanguage bridge/not pan-CJK authority/not Korean-school authority/not visual inventory/not term spine/not sign rendering/not translation completion
uploader-transfer/interlanguage-fable-6034c6b4-current-frontier-authority-routing-20260707/INTERLANGUAGE_FABLE_6034C6B4_CURRENT_FRONTIER_AUTHORITY_ROUTING_20260707/source_artifacts/0110_359ae031de_SIBLING_WAKE_LEDGER_761BEC88.json,A,uploader-transfer-package-context,11536,72082A3057B85977CAB6C908406285AF139526CE9CB05D759E56CC3649E301A9,,source-like/evidence-like packet artifact only; exact source-body rows still require manual source review before reviewer packet use,28019a34851454d37431f2c900c80b45ea90f23e,generated-draft/non-canonical/source-use/gap-support,generated-draft/non-canonical/source-use/gap support only; not native review/not accepted terminology/not approval/not community consent/not license clearance/not gate promotion/not source certification/not final status/not bridge-pilot/not CJK interlanguage bridge/not pan-CJK authority/not Korean-school authority/not visual inventory/not term spine/not sign rendering/not translation completion
uploader-transfer/interlanguage-fable-6034c6b4-current-frontier-authority-routing-20260707/INTERLANGUAGE_FABLE_6034C6B4_CURRENT_FRONTIER_AUTHORITY_ROUTING_20260707/source_artifacts/0111_b3d4df73e9_SOURCE_USE_ADVERSE_COVERAGE_LEDGER_761BEC88.csv,A,uploader-transfer-package-context,397236,846AF69F2FD7D57EB86829557BDA3F83C1124F9852B5C30DF6576F4141E05867,327,source-like/evidence-like packet artifact only; exact source-body rows still require manual source review before reviewer packet use,28019a34851454d37431f2c900c80b45ea90f23e,generated-draft/non-canonical/source-use/gap-support,generated-draft/non-canonical/source-use/gap support only; not native review/not accepted terminology/not approval/not community consent/not license clearance/not gate promotion/not source certification/not final status/not bridge-pilot/not CJK interlanguage bridge/not pan-CJK authority/not Korean-school authority/not visual inventory/not term spine/not sign rendering/not translation completion
uploader-transfer/interlanguage-fable-6034c6b4-current-frontier-authority-routing-20260707/INTERLANGUAGE_FABLE_6034C6B4_CURRENT_FRONTIER_AUTHORITY_ROUTING_20260707/source_artifacts/0112_7067b61f0b_SOURCE_USE_ADVERSE_COVERAGE_LEDGER_761BEC88.json,A,uploader-transfer-package-context,519011,372F9EA1637ADF4A99D28B200156F9702A59B8CB7C2C0FE9A6794C7155E1391B,,source-like/evidence-like packet artifact only; exact source-body rows still require manual source review before reviewer packet use,28019a34851454d37431f2c900c80b45ea90f23e,generated-draft/non-canonical/source-use/gap-support,generated-draft/non-canonical/source-use/gap support only; not native review/not accepted terminology/not approval/not community consent/not license clearance/not gate promotion/not source certification/not final status/not bridge-pilot/not CJK interlanguage bridge/not pan-CJK authority/not Korean-school authority/not visual inventory/not term spine/not sign rendering/not translation completion
uploader-transfer/interlanguage-fable-6034c6b4-current-frontier-authority-routing-20260707/INTERLANGUAGE_FABLE_6034C6B4_CURRENT_FRONTIER_AUTHORITY_ROUTING_20260707/source_artifacts/0113_aa6d5e00fe_0001_aa6d5e00fe_B3_HANDOFF_SENT_4065F6A4.md,A,uploader-transfer-package-context,954,9FBE0311E5012D068205A13239393D95D83B2B4EF424B2C7E1DF673066E1EE80,,source-like/evidence-like packet artifact only; exact source-body rows still require manual source review before reviewer packet use,28019a34851454d37431f2c900c80b45ea90f23e,generated-draft/non-canonical/source-use/gap-support,generated-draft/non-canonical/source-use/gap support only; not native review/not accepted terminology/not approval/not community consent/not license clearance/not gate promotion/not source certification/not final status/not bridge-pilot/not CJK interlanguage bridge/not pan-CJK authority/not Korean-school authority/not visual inventory/not term spine/not sign rendering/not translation completion
uploader-transfer/interlanguage-fable-6034c6b4-current-frontier-authority-routing-20260707/INTERLANGUAGE_FABLE_6034C6B4_CURRENT_FRONTIER_AUTHORITY_ROUTING_20260707/source_artifacts/0114_c83385c6b2_0002_c83385c6b2_BRANCH_COMPARE_COMMITS_C033F393_TO_4065F6A4.csv,A,uploader-transfer-package-context,166,8DD1FCE38536CC718BCBD189D05880DCF2D121251AF392B8E187355EE055E892,1,source-like/evidence-like packet artifact only; exact source-body rows still require manual source review before reviewer packet use,28019a34851454d37431f2c900c80b45ea90f23e,generated-draft/non-canonical/source-use/gap-support,generated-draft/non-canonical/source-use/gap support only; not native review/not accepted terminology/not approval/not community consent/not license clearance/not gate promotion/not source certification/not final status/not bridge-pilot/not CJK interlanguage bridge/not pan-CJK authority/not Korean-school authority/not visual inventory/not term spine/not sign rendering/not translation completion
uploader-transfer/interlanguage-fable-6034c6b4-current-frontier-authority-routing-20260707/INTERLANGUAGE_FABLE_6034C6B4_CURRENT_FRONTIER_AUTHORITY_ROUTING_20260707/source_artifacts/0115_507492593d_0003_507492593d_BRANCH_COMPARE_FILES_C033F393_TO_4065F6A4.csv,A,uploader-transfer-package-context,4725,0411C8FE5B98E19AD40A7905BAC47DCFF84ED892BFA7C678166E345DEBBE3022,21,source-like/evidence-like packet artifact only; exact source-body rows still require manual source review before reviewer packet use,28019a34851454d37431f2c900c80b45ea90f23e,generated-draft/non-canonical/source-use/gap-support,generated-draft/non-canonical/source-use/gap support only; not native review/not accepted terminology/not approval/not community consent/not license clearance/not gate promotion/not source certification/not final status/not bridge-pilot/not CJK interlanguage bridge/not pan-CJK authority/not Korean-school authority/not visual inventory/not term spine/not sign rendering/not translation completion
uploader-transfer/interlanguage-fable-6034c6b4-current-frontier-authority-routing-20260707/INTERLANGUAGE_FABLE_6034C6B4_CURRENT_FRONTIER_AUTHORITY_ROUTING_20260707/source_artifacts/0116_f4bc195049_0004_f4bc195049_BRANCH_COMPARE_SUMMARY_4065F6A4.csv,A,uploader-transfer-package-context,383,789A14415BAE951718D2A57F0D798E1E79B00B29F166724629FE004B6E2888D5,1,source-like/evidence-like packet artifact only; exact source-body rows still require manual source review before reviewer packet use,28019a34851454d37431f2c900c80b45ea90f23e,generated-draft/non-canonical/source-use/gap-support,generated-draft/non-canonical/source-use/gap support only; not native review/not accepted terminology/not approval/not community consent/not license clearance/not gate promotion/not source certification/not final status/not bridge-pilot/not CJK interlanguage bridge/not pan-CJK authority/not Korean-school authority/not visual inventory/not term spine/not sign rendering/not translation completion
uploader-transfer/interlanguage-fable-6034c6b4-current-frontier-authority-routing-20260707/INTERLANGUAGE_FABLE_6034C6B4_CURRENT_FRONTIER_AUTHORITY_ROUTING_20260707/source_artifacts/0117_2707ea3d0b_0005_2707ea3d0b_EXACT_BLOCKER_RECOVERY_ROWS_4065F6A4.csv,A,uploader-transfer-package-context,701,0BAF791F730CE738D489F150740D328F59A066C066B7F975D2CBAE7BA797F214,3,source-like/evidence-like packet artifact only; exact source-body rows still require manual source review before reviewer packet use,28019a34851454d37431f2c900c80b45ea90f23e,generated-draft/non-canonical/source-use/gap-support,generated-draft/non-canonical/source-use/gap support only; not native review/not accepted terminology/not approval/not community consent/not license clearance/not gate promotion/not source certification/not final status/not bridge-pilot/not CJK interlanguage bridge/not pan-CJK authority/not Korean-school authority/not visual inventory/not term spine/not sign rendering/not translation completion
uploader-transfer/interlanguage-fable-6034c6b4-current-frontier-authority-routing-20260707/INTERLANGUAGE_FABLE_6034C6B4_CURRENT_FRONTIER_AUTHORITY_ROUTING_20260707/source_artifacts/0118_305bd732e3_0006_305bd732e3_MANIFEST.csv,A,uploader-transfer-package-context,995,1266A9ED81BF5EBD3C177E6841FB82840A055FB75F3D984EB416D7415FD626B4,9,source-like/evidence-like packet artifact only; exact source-body rows still require manual source review before reviewer packet use,28019a34851454d37431f2c900c80b45ea90f23e,generated-draft/non-canonical/source-use/gap-support,generated-draft/non-canonical/source-use/gap support only; not native review/not accepted terminology/not approval/not community consent/not license clearance/not gate promotion/not source certification/not final status/not bridge-pilot/not CJK interlanguage bridge/not pan-CJK authority/not Korean-school authority/not visual inventory/not term spine/not sign rendering/not translation completion
uploader-transfer/interlanguage-fable-6034c6b4-current-frontier-authority-routing-20260707/INTERLANGUAGE_FABLE_6034C6B4_CURRENT_FRONTIER_AUTHORITY_ROUTING_20260707/source_artifacts/0119_fde072cb4f_0007_fde072cb4f_PARENT_PACKET_VISIBILITY_INVENTORY_4065F6A4.csv,A,uploader-transfer-package-context,479,FB3E04887B439376AD7C9665ADC75626A155986DA7F106D5B9D97F64C8EAFA2A,1,source-like/evidence-like packet artifact only; exact source-body rows still require manual source review before reviewer packet use,28019a34851454d37431f2c900c80b45ea90f23e,generated-draft/non-canonical/source-use/gap-support,generated-draft/non-canonical/source-use/gap support only; not native review/not accepted terminology/not approval/not community consent/not license clearance/not gate promotion/not source certification/not final status/not bridge-pilot/not CJK interlanguage bridge/not pan-CJK authority/not Korean-school authority/not visual inventory/not term spine/not sign rendering/not translation completion
uploader-transfer/interlanguage-fable-6034c6b4-current-frontier-authority-routing-20260707/INTERLANGUAGE_FABLE_6034C6B4_CURRENT_FRONTIER_AUTHORITY_ROUTING_20260707/source_artifacts/0120_6be4778e05_0008_6be4778e05_README.md,A,uploader-transfer-package-context,1493,87012F3D667A86AB406A1D81FCD5F502A40149BA99FF07B33DC9ABDDBFF5308D,,source-like/evidence-like packet artifact only; exact source-body rows still require manual source review before reviewer packet use,28019a34851454d37431f2c900c80b45ea90f23e,generated-draft/non-canonical/source-use/gap-support,generated-draft/non-canonical/source-use/gap support only; not native review/not accepted terminology/not approval/not community consent/not license clearance/not gate promotion/not source certification/not final status/not bridge-pilot/not CJK interlanguage bridge/not pan-CJK authority/not Korean-school authority/not visual inventory/not term spine/not sign rendering/not translation completion
uploader-transfer/interlanguage-fable-6034c6b4-current-frontier-authority-routing-20260707/INTERLANGUAGE_FABLE_6034C6B4_CURRENT_FRONTIER_AUTHORITY_ROUTING_20260707/source_artifacts/0121_3166ea1509_0009_3166ea1509_SHA256SUMS.txt,A,uploader-transfer-package-context,928,14CAE7C9EE4356487EA7769E160DE62AC7B91F6BA9F85B300F78AC3193BF2B14,,source-like/evidence-like packet artifact only; exact source-body rows still require manual source review before reviewer packet use,28019a34851454d37431f2c900c80b45ea90f23e,generated-draft/non-canonical/source-use/gap-support,generated-draft/non-canonical/source-use/gap support only; not native review/not accepted terminology/not approval/not community consent/not license clearance/not gate promotion/not source certification/not final status/not bridge-pilot/not CJK interlanguage bridge/not pan-CJK authority/not Korean-school authority/not visual inventory/not term spine/not sign rendering/not translation completion
uploader-transfer/interlanguage-fable-6034c6b4-current-frontier-authority-routing-20260707/INTERLANGUAGE_FABLE_6034C6B4_CURRENT_FRONTIER_AUTHORITY_ROUTING_20260707/source_artifacts/0122_fc026aca9c_0010_fc026aca9c_SOURCE_USE_GAP_FABLE_ADVERSE_CARRYFORWARD_4065F6A4.csv,A,uploader-transfer-package-context,781,5AF30D3BFAA97A632DECA7D6EA8D181841C6A7C03547B03A845B7020DA07B83B,3,source-like/evidence-like packet artifact only; exact source-body rows still require manual source review before reviewer packet use,28019a34851454d37431f2c900c80b45ea90f23e,generated-draft/non-canonical/source-use/gap-support,generated-draft/non-canonical/source-use/gap support only; not native review/not accepted terminology/not approval/not community consent/not license clearance/not gate promotion/not source certification/not final status/not bridge-pilot/not CJK interlanguage bridge/not pan-CJK authority/not Korean-school authority/not visual inventory/not term spine/not sign rendering/not translation completion
uploader-transfer/interlanguage-fable-6034c6b4-current-frontier-authority-routing-20260707/INTERLANGUAGE_FABLE_6034C6B4_CURRENT_FRONTIER_AUTHORITY_ROUTING_20260707/source_artifacts/0123_9bdf61e746_0011_9bdf61e746_SUMMARY.json,A,uploader-transfer-package-context,1288,872128E7643AACA634E4D6ED0C8A08F83257303F765DB69432EAC1270DEB64B2,,source-like/evidence-like packet artifact only; exact source-body rows still require manual source review before reviewer packet use,28019a34851454d37431f2c900c80b45ea90f23e,generated-draft/non-canonical/source-use/gap-support,generated-draft/non-canonical/source-use/gap support only; not native review/not accepted terminology/not approval/not community consent/not license clearance/not gate promotion/not source certification/not final status/not bridge-pilot/not CJK interlanguage bridge/not pan-CJK authority/not Korean-school authority/not visual inventory/not term spine/not sign rendering/not translation completion
uploader-transfer/interlanguage-fable-6034c6b4-current-frontier-authority-routing-20260707/INTERLANGUAGE_FABLE_6034C6B4_CURRENT_FRONTIER_AUTHORITY_ROUTING_20260707/source_artifacts/0124_e4187b84e3_0012_e4187b84e3_B3_HANDOFF_SENT_4065F6A4_R9_SYSTEMERROR_DEDUP.md,A,uploader-transfer-package-context,1135,0D4B2F7923A565A828AE814E9880E5C8F7E39E4F6B9F07BC537CE04677BA5AEF,,source-like/evidence-like packet artifact only; exact source-body rows still require manual source review before reviewer packet use,28019a34851454d37431f2c900c80b45ea90f23e,generated-draft/non-canonical/source-use/gap-support,generated-draft/non-canonical/source-use/gap support only; not native review/not accepted terminology/not approval/not community consent/not license clearance/not gate promotion/not source certification/not final status/not bridge-pilot/not CJK interlanguage bridge/not pan-CJK authority/not Korean-school authority/not visual inventory/not term spine/not sign rendering/not translation completion
uploader-transfer/interlanguage-fable-6034c6b4-current-frontier-authority-routing-20260707/INTERLANGUAGE_FABLE_6034C6B4_CURRENT_FRONTIER_AUTHORITY_ROUTING_20260707/source_artifacts/0125_fac5e14d92_0013_fac5e14d92_BRANCH_REVERIFY_4065F6A4.csv,A,uploader-transfer-package-context,401,E89FA2AA7226B7359077A70DBE9F13E44B65D4C9849463946E956E301E858711,1,source-like/evidence-like packet artifact only; exact source-body rows still require manual source review before reviewer packet use,28019a34851454d37431f2c900c80b45ea90f23e,generated-draft/non-canonical/source-use/gap-support,generated-draft/non-canonical/source-use/gap support only; not native review/not accepted terminology/not approval/not community consent/not license clearance/not gate promotion/not source certification/not final status/not bridge-pilot/not CJK interlanguage bridge/not pan-CJK authority/not Korean-school authority/not visual inventory/not term spine/not sign rendering/not translation completion
uploader-transfer/interlanguage-fable-6034c6b4-current-frontier-authority-routing-20260707/INTERLANGUAGE_FABLE_6034C6B4_CURRENT_FRONTIER_AUTHORITY_ROUTING_20260707/source_artifacts/0126_46dee9072a_0014_46dee9072a_EXACT_BLOCKER_RECOVERY_ROWS_4065F6A4_R9.csv,A,uploader-transfer-package-context,1162,AA162D8CD9E486E0133717E745DA42FB64697C068ACB182EE20A5F6CA28DE61E,5,source-like/evidence-like packet artifact only; exact source-body rows still require manual source review before reviewer packet use,28019a34851454d37431f2c900c80b45ea90f23e,generated-draft/non-canonical/source-use/gap-support,generated-draft/non-canonical/source-use/gap support only; not native review/not accepted terminology/not approval/not community consent/not license clearance/not gate promotion/not source certification/not final status/not bridge-pilot/not CJK interlanguage bridge/not pan-CJK authority/not Korean-school authority/not visual inventory/not term spine/not sign rendering/not translation completion
uploader-transfer/interlanguage-fable-6034c6b4-current-frontier-authority-routing-20260707/INTERLANGUAGE_FABLE_6034C6B4_CURRENT_FRONTIER_AUTHORITY_ROUTING_20260707/source_artifacts/0127_9795fdfe05_0015_9795fdfe05_MANIFEST.csv,A,uploader-transfer-package-context,864,388EE8F9710F23AFADB311F6B19455A5E7A25BF967469CA20D8849C7F8268285,8,source-like/evidence-like packet artifact only; exact source-body rows still require manual source review before reviewer packet use,28019a34851454d37431f2c900c80b45ea90f23e,generated-draft/non-canonical/source-use/gap-support,generated-draft/non-canonical/source-use/gap support only; not native review/not accepted terminology/not approval/not community consent/not license clearance/not gate promotion/not source certification/not final status/not bridge-pilot/not CJK interlanguage bridge/not pan-CJK authority/not Korean-school authority/not visual inventory/not term spine/not sign rendering/not translation completion
uploader-transfer/interlanguage-fable-6034c6b4-current-frontier-authority-routing-20260707/INTERLANGUAGE_FABLE_6034C6B4_CURRENT_FRONTIER_AUTHORITY_ROUTING_20260707/source_artifacts/0128_f07c797bc8_0016_f07c797bc8_R9_PACKET_INVENTORY_4065F6A4.csv,A,uploader-transfer-package-context,739,429197F2FE0799BB70B067F1329CE323842AE64903D0B844D1648C0C2EFE9DB3,1,source-like/evidence-like packet artifact only; exact source-body rows still require manual source review before reviewer packet use,28019a34851454d37431f2c900c80b45ea90f23e,generated-draft/non-canonical/source-use/gap-support,generated-draft/non-canonical/source-use/gap support only; not native review/not accepted terminology/not approval/not community consent/not license clearance/not gate promotion/not source certification/not final status/not bridge-pilot/not CJK interlanguage bridge/not pan-CJK authority/not Korean-school authority/not visual inventory/not term spine/not sign rendering/not translation completion
uploader-transfer/interlanguage-fable-6034c6b4-current-frontier-authority-routing-20260707/INTERLANGUAGE_FABLE_6034C6B4_CURRENT_FRONTIER_AUTHORITY_ROUTING_20260707/source_artifacts/0129_bafce51897_0017_bafce51897_R9_SOURCE_USE_GAP_FABLE_ADVERSE_ROUTE_4065F6A4.csv,A,uploader-transfer-package-context,980,ED76D12CA457329EF2706A7A66102891E06A2DDBFE42168484F3E4C47A719AA0,4,source-like/evidence-like packet artifact only; exact source-body rows still require manual source review before reviewer packet use,28019a34851454d37431f2c900c80b45ea90f23e,generated-draft/non-canonical/source-use/gap-support,generated-draft/non-canonical/source-use/gap support only; not native review/not accepted terminology/not approval/not community consent/not license clearance/not gate promotion/not source certification/not final status/not bridge-pilot/not CJK interlanguage bridge/not pan-CJK authority/not Korean-school authority/not visual inventory/not term spine/not sign rendering/not translation completion
uploader-transfer/interlanguage-fable-6034c6b4-current-frontier-authority-routing-20260707/INTERLANGUAGE_FABLE_6034C6B4_CURRENT_FRONTIER_AUTHORITY_ROUTING_20260707/source_artifacts/0130_da6c1898bf_0018_da6c1898bf_README.md,A,uploader-transfer-package-context,1080,ECB4C37E5ABFB37777D3FC9D6287419E6F0BED775A9745B238CCDAB4D47697BB,,source-like/evidence-like packet artifact only; exact source-body rows still require manual source review before reviewer packet use,28019a34851454d37431f2c900c80b45ea90f23e,generated-draft/non-canonical/source-use/gap-support,generated-draft/non-canonical/source-use/gap support only; not native review/not accepted terminology/not approval/not community consent/not license clearance/not gate promotion/not source certification/not final status/not bridge-pilot/not CJK interlanguage bridge/not pan-CJK authority/not Korean-school authority/not visual inventory/not term spine/not sign rendering/not translation completion
uploader-transfer/interlanguage-fable-6034c6b4-current-frontier-authority-routing-20260707/INTERLANGUAGE_FABLE_6034C6B4_CURRENT_FRONTIER_AUTHORITY_ROUTING_20260707/source_artifacts/0131_c264a62dab_0019_c264a62dab_SHA256SUMS.txt,A,uploader-transfer-package-context,801,91790CFF5C457F94A2AB100B000B8D21B879A9E3AFBF9B7ABC3A10D8423D35A2,,source-like/evidence-like packet artifact only; exact source-body rows still require manual source review before reviewer packet use,28019a34851454d37431f2c900c80b45ea90f23e,generated-draft/non-canonical/source-use/gap-support,generated-draft/non-canonical/source-use/gap support only; not native review/not accepted terminology/not approval/not community consent/not license clearance/not gate promotion/not source certification/not final status/not bridge-pilot/not CJK interlanguage bridge/not pan-CJK authority/not Korean-school authority/not visual inventory/not term spine/not sign rendering/not translation completion
uploader-transfer/interlanguage-fable-6034c6b4-current-frontier-authority-routing-20260707/INTERLANGUAGE_FABLE_6034C6B4_CURRENT_FRONTIER_AUTHORITY_ROUTING_20260707/source_artifacts/0132_ee1f773f1c_0020_ee1f773f1c_SIBLING_WAKE_LEDGER_4065F6A4_R9.csv,A,uploader-transfer-package-context,335,18C0DFEB6C61A5510DDC159BAA2030BADECCA52F79D8A79114B913FC062E04D0,1,source-like/evidence-like packet artifact only; exact source-body rows still require manual source review before reviewer packet use,28019a34851454d37431f2c900c80b45ea90f23e,generated-draft/non-canonical/source-use/gap-support,generated-draft/non-canonical/source-use/gap support only; not native review/not accepted terminology/not approval/not community consent/not license clearance/not gate promotion/not source certification/not final status/not bridge-pilot/not CJK interlanguage bridge/not pan-CJK authority/not Korean-school authority/not visual inventory/not term spine/not sign rendering/not translation completion
uploader-transfer/interlanguage-fable-6034c6b4-current-frontier-authority-routing-20260707/INTERLANGUAGE_FABLE_6034C6B4_CURRENT_FRONTIER_AUTHORITY_ROUTING_20260707/source_artifacts/0133_289675ef83_0021_289675ef83_SUMMARY.json,A,uploader-transfer-package-context,1249,CA37C301AC2BC1B1FB6F714C251B8B85320746B37327803172F4F42D18739AE0,,source-like/evidence-like packet artifact only; exact source-body rows still require manual source review before reviewer packet use,28019a34851454d37431f2c900c80b45ea90f23e,generated-draft/non-canonical/source-use/gap-support,generated-draft/non-canonical/source-use/gap support only; not native review/not accepted terminology/not approval/not community consent/not license clearance/not gate promotion/not source certification/not final status/not bridge-pilot/not CJK interlanguage bridge/not pan-CJK authority/not Korean-school authority/not visual inventory/not term spine/not sign rendering/not translation completion
uploader-transfer/interlanguage-fable-6034c6b4-current-frontier-authority-routing-20260707/INTERLANGUAGE_FABLE_6034C6B4_CURRENT_FRONTIER_AUTHORITY_ROUTING_20260707/source_artifacts/0134_2227553539_0022_2227553539_ACTIVE_SESSION_STATE.md,A,uploader-transfer-package-context,904,57B54E4B9E2E9616A48CC9460DFE6151D37D5870C268F75A0CF3ED855DC5257B,,source-like/evidence-like packet artifact only; exact source-body rows still require manual source review before reviewer packet use,28019a34851454d37431f2c900c80b45ea90f23e,generated-draft/non-canonical/source-use/gap-support,generated-draft/non-canonical/source-use/gap support only; not native review/not accepted terminology/not approval/not community consent/not license clearance/not gate promotion/not source certification/not final status/not bridge-pilot/not CJK interlanguage bridge/not pan-CJK authority/not Korean-school authority/not visual inventory/not term spine/not sign rendering/not translation completion
uploader-transfer/interlanguage-fable-6034c6b4-current-frontier-authority-routing-20260707/INTERLANGUAGE_FABLE_6034C6B4_CURRENT_FRONTIER_AUTHORITY_ROUTING_20260707/source_artifacts/0135_7bfedffebd_0023_7bfedffebd_AUTHORITY_ETHICS_BOUNDARY_LEDGER_4065F6A4.csv,A,uploader-transfer-package-context,567,8AF03A59D7E198FEBF0357F28A10CF4A3D4A0C0129E1DE9C2DFE99FDC4C0D157,2,source-like/evidence-like packet artifact only; exact source-body rows still require manual source review before reviewer packet use,28019a34851454d37431f2c900c80b45ea90f23e,generated-draft/non-canonical/source-use/gap-support,generated-draft/non-canonical/source-use/gap support only; not native review/not accepted terminology/not approval/not community consent/not license clearance/not gate promotion/not source certification/not final status/not bridge-pilot/not CJK interlanguage bridge/not pan-CJK authority/not Korean-school authority/not visual inventory/not term spine/not sign rendering/not translation completion
uploader-transfer/interlanguage-fable-6034c6b4-current-frontier-authority-routing-20260707/INTERLANGUAGE_FABLE_6034C6B4_CURRENT_FRONTIER_AUTHORITY_ROUTING_20260707/source_artifacts/0136_3bae88d587_0024_3bae88d587_AUTHORITY_ETHICS_BOUNDARY_LEDGER_4065F6A4.json,A,uploader-transfer-package-context,781,5499CE5A25FC892E954DBB042D122E239425F974A6B64B6986FD0DFC87D91364,,source-like/evidence-like packet artifact only; exact source-body rows still require manual source review before reviewer packet use,28019a34851454d37431f2c900c80b45ea90f23e,generated-draft/non-canonical/source-use/gap-support,generated-draft/non-canonical/source-use/gap support only; not native review/not accepted terminology/not approval/not community consent/not license clearance/not gate promotion/not source certification/not final status/not bridge-pilot/not CJK interlanguage bridge/not pan-CJK authority/not Korean-school authority/not visual inventory/not term spine/not sign rendering/not translation completion
uploader-transfer/interlanguage-fable-6034c6b4-current-frontier-authority-routing-20260707/INTERLANGUAGE_FABLE_6034C6B4_CURRENT_FRONTIER_AUTHORITY_ROUTING_20260707/source_artifacts/0137_fe943a48ae_0025_fe943a48ae_B3_HANDOFF_INDEX_4065F6A4.csv,A,uploader-transfer-package-context,94085,1CD43F9907928D3A18B3A6C4EADBEA3560BB8B9EFD5BB71A548EA1E12F0B2E2F,179,source-like/evidence-like packet artifact only; exact source-body rows still require manual source review before reviewer packet use,28019a34851454d37431f2c900c80b45ea90f23e,generated-draft/non-canonical/source-use/gap-support,generated-draft/non-canonical/source-use/gap support only; not native review/not accepted terminology/not approval/not community consent/not license clearance/not gate promotion/not source certification/not final status/not bridge-pilot/not CJK interlanguage bridge/not pan-CJK authority/not Korean-school authority/not visual inventory/not term spine/not sign rendering/not translation completion
uploader-transfer/interlanguage-fable-6034c6b4-current-frontier-authority-routing-20260707/INTERLANGUAGE_FABLE_6034C6B4_CURRENT_FRONTIER_AUTHORITY_ROUTING_20260707/source_artifacts/0138_7613500a08_0026_7613500a08_B3_HANDOFF_INDEX_4065F6A4.json,A,uploader-transfer-package-context,121004,65F96DA71372CB9606DDD5E05A9A85D4FF90BD05A338078806590BBE3BCC5A1A,,source-like/evidence-like packet artifact only; exact source-body rows still require manual source review before reviewer packet use,28019a34851454d37431f2c900c80b45ea90f23e,generated-draft/non-canonical/source-use/gap-support,generated-draft/non-canonical/source-use/gap support only; not native review/not accepted terminology/not approval/not community consent/not license clearance/not gate promotion/not source certification/not final status/not bridge-pilot/not CJK interlanguage bridge/not pan-CJK authority/not Korean-school authority/not visual inventory/not term spine/not sign rendering/not translation completion
uploader-transfer/interlanguage-fable-6034c6b4-current-frontier-authority-routing-20260707/INTERLANGUAGE_FABLE_6034C6B4_CURRENT_FRONTIER_AUTHORITY_ROUTING_20260707/source_artifacts/0139_3b7fb5a418_0027_3b7fb5a418_B3_VISIBLE_PRIOR_AUTHORITY_ROOTS_4065F6A4.csv,A,uploader-transfer-package-context,9664,9E1F842D54EF0E03DFE46BB4A7F62E8647040A1E3CF913792C7F5DD48D814141,19,source-like/evidence-like packet artifact only; exact source-body rows still require manual source review before reviewer packet use,28019a34851454d37431f2c900c80b45ea90f23e,generated-draft/non-canonical/source-use/gap-support,generated-draft/non-canonical/source-use/gap support only; not native review/not accepted terminology/not approval/not community consent/not license clearance/not gate promotion/not source certification/not final status/not bridge-pilot/not CJK interlanguage bridge/not pan-CJK authority/not Korean-school authority/not visual inventory/not term spine/not sign rendering/not translation completion
uploader-transfer/interlanguage-fable-6034c6b4-current-frontier-authority-routing-20260707/INTERLANGUAGE_FABLE_6034C6B4_CURRENT_FRONTIER_AUTHORITY_ROUTING_20260707/source_artifacts/0140_9f03d36185_0028_9f03d36185_B3_VISIBLE_PRIOR_AUTHORITY_ROOTS_4065F6A4.json,A,uploader-transfer-package-context,13783,574CB2516693AB7C48BCB163BC9A0AEB53B16981102B5A6FF7E839BF4C3C584F,,source-like/evidence-like packet artifact only; exact source-body rows still require manual source review before reviewer packet use,28019a34851454d37431f2c900c80b45ea90f23e,generated-draft/non-canonical/source-use/gap-support,generated-draft/non-canonical/source-use/gap support only; not native review/not accepted terminology/not approval/not community consent/not license clearance/not gate promotion/not source certification/not final status/not bridge-pilot/not CJK interlanguage bridge/not pan-CJK authority/not Korean-school authority/not visual inventory/not term spine/not sign rendering/not translation completion
uploader-transfer/interlanguage-fable-6034c6b4-current-frontier-authority-routing-20260707/INTERLANGUAGE_FABLE_6034C6B4_CURRENT_FRONTIER_AUTHORITY_ROUTING_20260707/source_artifacts/0141_ce14438529_0029_ce14438529_BLOCKER_RECOVERY_SURFACE_LEDGER_4065F6A4.csv,A,uploader-transfer-package-context,2480,2A292ED5F2F26E7A93C17F49A4AE847A9A2A1D8224D69643C3AFB9937E7C551D,6,source-like/evidence-like packet artifact only; exact source-body rows still require manual source review before reviewer packet use,28019a34851454d37431f2c900c80b45ea90f23e,generated-draft/non-canonical/source-use/gap-support,generated-draft/non-canonical/source-use/gap support only; not native review/not accepted terminology/not approval/not community consent/not license clearance/not gate promotion/not source certification/not final status/not bridge-pilot/not CJK interlanguage bridge/not pan-CJK authority/not Korean-school authority/not visual inventory/not term spine/not sign rendering/not translation completion
uploader-transfer/interlanguage-fable-6034c6b4-current-frontier-authority-routing-20260707/INTERLANGUAGE_FABLE_6034C6B4_CURRENT_FRONTIER_AUTHORITY_ROUTING_20260707/source_artifacts/0142_4de86d4b19_0030_4de86d4b19_BLOCKER_RECOVERY_SURFACE_LEDGER_4065F6A4.json,A,uploader-transfer-package-context,3297,4369222BE22FD632781372BCCFD8FDBB8433B5AFAC8B6FD8840BCE03F34FD12C,,source-like/evidence-like packet artifact only; exact source-body rows still require manual source review before reviewer packet use,28019a34851454d37431f2c900c80b45ea90f23e,generated-draft/non-canonical/source-use/gap-support,generated-draft/non-canonical/source-use/gap support only; not native review/not accepted terminology/not approval/not community consent/not license clearance/not gate promotion/not source certification/not final status/not bridge-pilot/not CJK interlanguage bridge/not pan-CJK authority/not Korean-school authority/not visual inventory/not term spine/not sign rendering/not translation completion
uploader-transfer/interlanguage-fable-6034c6b4-current-frontier-authority-routing-20260707/INTERLANGUAGE_FABLE_6034C6B4_CURRENT_FRONTIER_AUTHORITY_ROUTING_20260707/source_artifacts/0143_8adc184e32_0031_8adc184e32_BRANCH_CHANGED_PATHS_18BBB185_TO_4065F6A4.csv,A,uploader-transfer-package-context,56352,F33633D109A8BB8C1C7027D5006B55722BC20BAB578B969C19D79D2D154545DF,163,source-like/evidence-like packet artifact only; exact source-body rows still require manual source review before reviewer packet use,28019a34851454d37431f2c900c80b45ea90f23e,generated-draft/non-canonical/source-use/gap-support,generated-draft/non-canonical/source-use/gap support only; not native review/not accepted terminology/not approval/not community consent/not license clearance/not gate promotion/not source certification/not final status/not bridge-pilot/not CJK interlanguage bridge/not pan-CJK authority/not Korean-school authority/not visual inventory/not term spine/not sign rendering/not translation completion
uploader-transfer/interlanguage-fable-6034c6b4-current-frontier-authority-routing-20260707/INTERLANGUAGE_FABLE_6034C6B4_CURRENT_FRONTIER_AUTHORITY_ROUTING_20260707/source_artifacts/0144_9cc0201a2f_0032_9cc0201a2f_BRANCH_CHANGED_PATHS_18BBB185_TO_4065F6A4.json,A,uploader-transfer-package-context,92275,63818D0500AF224E76CCC2163806AA469BC35A808FB35C0C6B8E3CB298B197E5,,source-like/evidence-like packet artifact only; exact source-body rows still require manual source review before reviewer packet use,28019a34851454d37431f2c900c80b45ea90f23e,generated-draft/non-canonical/source-use/gap-support,generated-draft/non-canonical/source-use/gap support only; not native review/not accepted terminology/not approval/not community consent/not license clearance/not gate promotion/not source certification/not final status/not bridge-pilot/not CJK interlanguage bridge/not pan-CJK authority/not Korean-school authority/not visual inventory/not term spine/not sign rendering/not translation completion
uploader-transfer/interlanguage-fable-6034c6b4-current-frontier-authority-routing-20260707/INTERLANGUAGE_FABLE_6034C6B4_CURRENT_FRONTIER_AUTHORITY_ROUTING_20260707/source_artifacts/0145_3a78c49f6a_0033_3a78c49f6a_BRANCH_COMMITS_18BBB185_TO_4065F6A4.csv,A,uploader-transfer-package-context,681,2F619AEDBD72475F540E1557269217CB81EA888AE049F06FE7DB881337BB5BF1,1,source-like/evidence-like packet artifact only; exact source-body rows still require manual source review before reviewer packet use,28019a34851454d37431f2c900c80b45ea90f23e,generated-draft/non-canonical/source-use/gap-support,generated-draft/non-canonical/source-use/gap support only; not native review/not accepted terminology/not approval/not community consent/not license clearance/not gate promotion/not source certification/not final status/not bridge-pilot/not CJK interlanguage bridge/not pan-CJK authority/not Korean-school authority/not visual inventory/not term spine/not sign rendering/not translation completion
uploader-transfer/interlanguage-fable-6034c6b4-current-frontier-authority-routing-20260707/INTERLANGUAGE_FABLE_6034C6B4_CURRENT_FRONTIER_AUTHORITY_ROUTING_20260707/source_artifacts/0146_806b61e8ca_0034_806b61e8ca_BRANCH_COMMITS_18BBB185_TO_4065F6A4.json,A,uploader-transfer-package-context,804,7471C9B12EA9E8BF531B140B7B6F62C32BD6CA3461524218C11F3C74D2E2689D,,source-like/evidence-like packet artifact only; exact source-body rows still require manual source review before reviewer packet use,28019a34851454d37431f2c900c80b45ea90f23e,generated-draft/non-canonical/source-use/gap-support,generated-draft/non-canonical/source-use/gap support only; not native review/not accepted terminology/not approval/not community consent/not license clearance/not gate promotion/not source certification/not final status/not bridge-pilot/not CJK interlanguage bridge/not pan-CJK authority/not Korean-school authority/not visual inventory/not term spine/not sign rendering/not translation completion
uploader-transfer/interlanguage-fable-6034c6b4-current-frontier-authority-routing-20260707/INTERLANGUAGE_FABLE_6034C6B4_CURRENT_FRONTIER_AUTHORITY_ROUTING_20260707/source_artifacts/0147_22dbd2949c_0035_22dbd2949c_BRANCH_WEIGHTING_LEDGER_4065F6A4.csv,A,uploader-transfer-package-context,4716,03ACD849E7FAE770F6DE0600F5E8D1803866E8FDCB6E7D14049F005847BC3677,11,source-like/evidence-like packet artifact only; exact source-body rows still require manual source review before reviewer packet use,28019a34851454d37431f2c900c80b45ea90f23e,generated-draft/non-canonical/source-use/gap-support,generated-draft/non-canonical/source-use/gap support only; not native review/not accepted terminology/not approval/not community consent/not license clearance/not gate promotion/not source certification/not final status/not bridge-pilot/not CJK interlanguage bridge/not pan-CJK authority/not Korean-school authority/not visual inventory/not term spine/not sign rendering/not translation completion
uploader-transfer/interlanguage-fable-6034c6b4-current-frontier-authority-routing-20260707/INTERLANGUAGE_FABLE_6034C6B4_CURRENT_FRONTIER_AUTHORITY_ROUTING_20260707/source_artifacts/0148_fa96cba97f_0036_fa96cba97f_BRANCH_WEIGHTING_LEDGER_4065F6A4.json,A,uploader-transfer-package-context,6724,C7C23425E2017A36C78B3249ACF6ED4BF97119ABA0C0987BFB6715A20087C72C,,source-like/evidence-like packet artifact only; exact source-body rows still require manual source review before reviewer packet use,28019a34851454d37431f2c900c80b45ea90f23e,generated-draft/non-canonical/source-use/gap-support,generated-draft/non-canonical/source-use/gap support only; not native review/not accepted terminology/not approval/not community consent/not license clearance/not gate promotion/not source certification/not final status/not bridge-pilot/not CJK interlanguage bridge/not pan-CJK authority/not Korean-school authority/not visual inventory/not term spine/not sign rendering/not translation completion
uploader-transfer/interlanguage-fable-6034c6b4-current-frontier-authority-routing-20260707/INTERLANGUAGE_FABLE_6034C6B4_CURRENT_FRONTIER_AUTHORITY_ROUTING_20260707/source_artifacts/0149_58e8178b41_0037_58e8178b41_CURRENT_FRONTIER_VERIFICATION_4065F6A4.csv,A,uploader-transfer-package-context,584,5119339652AEAF800DFF3DBAC6F36073047509B925F22017C8AF8DA92C1B356A,1,source-like/evidence-like packet artifact only; exact source-body rows still require manual source review before reviewer packet use,28019a34851454d37431f2c900c80b45ea90f23e,generated-draft/non-canonical/source-use/gap-support,generated-draft/non-canonical/source-use/gap support only; not native review/not accepted terminology/not approval/not community consent/not license clearance/not gate promotion/not source certification/not final status/not bridge-pilot/not CJK interlanguage bridge/not pan-CJK authority/not Korean-school authority/not visual inventory/not term spine/not sign rendering/not translation completion
uploader-transfer/interlanguage-fable-6034c6b4-current-frontier-authority-routing-20260707/INTERLANGUAGE_FABLE_6034C6B4_CURRENT_FRONTIER_AUTHORITY_ROUTING_20260707/source_artifacts/0150_0b7368a9a6_0038_0b7368a9a6_CURRENT_FRONTIER_VERIFICATION_4065F6A4.json,A,uploader-transfer-package-context,685,09FBC7FBC63E9D9E63A84D286AD97729E1064A2FD86AAC1B6D94D6F103D0BD61,,source-like/evidence-like packet artifact only; exact source-body rows still require manual source review before reviewer packet use,28019a34851454d37431f2c900c80b45ea90f23e,generated-draft/non-canonical/source-use/gap-support,generated-draft/non-canonical/source-use/gap support only; not native review/not accepted terminology/not approval/not community consent/not license clearance/not gate promotion/not source certification/not final status/not bridge-pilot/not CJK interlanguage bridge/not pan-CJK authority/not Korean-school authority/not visual inventory/not term spine/not sign rendering/not translation completion
uploader-transfer/interlanguage-fable-6034c6b4-current-frontier-authority-routing-20260707/INTERLANGUAGE_FABLE_6034C6B4_CURRENT_FRONTIER_AUTHORITY_ROUTING_20260707/source_artifacts/0151_db13ff2785_0039_db13ff2785_DO_NOT_USE_LEDGER_4065F6A4.csv,A,uploader-transfer-package-context,4341,617924985F1A105DADA6F617B64FAFEE767A39C3949D3A1409B7D8C586FFDDC3,11,source-like/evidence-like packet artifact only; exact source-body rows still require manual source review before reviewer packet use,28019a34851454d37431f2c900c80b45ea90f23e,generated-draft/non-canonical/source-use/gap-support,generated-draft/non-canonical/source-use/gap support only; not native review/not accepted terminology/not approval/not community consent/not license clearance/not gate promotion/not source certification/not final status/not bridge-pilot/not CJK interlanguage bridge/not pan-CJK authority/not Korean-school authority/not visual inventory/not term spine/not sign rendering/not translation completion
uploader-transfer/interlanguage-fable-6034c6b4-current-frontier-authority-routing-20260707/INTERLANGUAGE_FABLE_6034C6B4_CURRENT_FRONTIER_AUTHORITY_ROUTING_20260707/source_artifacts/0152_0c5af89cff_0040_0c5af89cff_DO_NOT_USE_LEDGER_4065F6A4.json,A,uploader-transfer-package-context,6339,6C085A7279D72BFB3949313179A03274B18183727EB3742FC3A022FE981D8C99,,source-like/evidence-like packet artifact only; exact source-body rows still require manual source review before reviewer packet use,28019a34851454d37431f2c900c80b45ea90f23e,generated-draft/non-canonical/source-use/gap-support,generated-draft/non-canonical/source-use/gap support only; not native review/not accepted terminology/not approval/not community consent/not license clearance/not gate promotion/not source certification/not final status/not bridge-pilot/not CJK interlanguage bridge/not pan-CJK authority/not Korean-school authority/not visual inventory/not term spine/not sign rendering/not translation completion
uploader-transfer/interlanguage-fable-6034c6b4-current-frontier-authority-routing-20260707/INTERLANGUAGE_FABLE_6034C6B4_CURRENT_FRONTIER_AUTHORITY_ROUTING_20260707/source_artifacts/0153_34788e02bf_0041_34788e02bf_FINAL_VALIDATION.json,A,uploader-transfer-package-context,1600,AE58938D1AC365B2990B831440EBFD0BE58DFBF8B8B90579F476F5E652CC9BF3,,source-like/evidence-like packet artifact only; exact source-body rows still require manual source review before reviewer packet use,28019a34851454d37431f2c900c80b45ea90f23e,generated-draft/non-canonical/source-use/gap-support,generated-draft/non-canonical/source-use/gap support only; not native review/not accepted terminology/not approval/not community consent/not license clearance/not gate promotion/not source certification/not final status/not bridge-pilot/not CJK interlanguage bridge/not pan-CJK authority/not Korean-school authority/not visual inventory/not term spine/not sign rendering/not translation completion
uploader-transfer/interlanguage-fable-6034c6b4-current-frontier-authority-routing-20260707/INTERLANGUAGE_FABLE_6034C6B4_CURRENT_FRONTIER_AUTHORITY_ROUTING_20260707/source_artifacts/0154_09578ac06d_0042_09578ac06d_GIT_OBJECT_EXTRACTED_BRANCH_ARTIFACTS_4065F6A4.csv,A,uploader-transfer-package-context,171772,34269AE9B61F5FA66F66937F87BAFDD4D7580CA6769319D395B105AE67206D92,163,source-like/evidence-like packet artifact only; exact source-body rows still require manual source review before reviewer packet use,28019a34851454d37431f2c900c80b45ea90f23e,generated-draft/non-canonical/source-use/gap-support,generated-draft/non-canonical/source-use/gap support only; not native review/not accepted terminology/not approval/not community consent/not license clearance/not gate promotion/not source certification/not final status/not bridge-pilot/not CJK interlanguage bridge/not pan-CJK authority/not Korean-school authority/not visual inventory/not term spine/not sign rendering/not translation completion
uploader-transfer/interlanguage-fable-6034c6b4-current-frontier-authority-routing-20260707/INTERLANGUAGE_FABLE_6034C6B4_CURRENT_FRONTIER_AUTHORITY_ROUTING_20260707/source_artifacts/0155_2fd1c1b174_0043_2fd1c1b174_GIT_OBJECT_EXTRACTED_BRANCH_ARTIFACTS_4065F6A4.json,A,uploader-transfer-package-context,243431,6359A6A094EE8F22AD30DDC0F5DD062A6214057B58A804A16512A7F362EB24D0,,source-like/evidence-like packet artifact only; exact source-body rows still require manual source review before reviewer packet use,28019a34851454d37431f2c900c80b45ea90f23e,generated-draft/non-canonical/source-use/gap-support,generated-draft/non-canonical/source-use/gap support only; not native review/not accepted terminology/not approval/not community consent/not license clearance/not gate promotion/not source certification/not final status/not bridge-pilot/not CJK interlanguage bridge/not pan-CJK authority/not Korean-school authority/not visual inventory/not term spine/not sign rendering/not translation completion
uploader-transfer/interlanguage-fable-6034c6b4-current-frontier-authority-routing-20260707/INTERLANGUAGE_FABLE_6034C6B4_CURRENT_FRONTIER_AUTHORITY_ROUTING_20260707/source_artifacts/0156_d00a99d182_0044_d00a99d182_GIT_OBJECT_EXTRACTION_FAILURES_4065F6A4.csv,A,uploader-transfer-package-context,80,718179A60EFAC8ACD662213CD985C8CE3749CE86C954C782BFBBE7732C125102,1,source-like/evidence-like packet artifact only; exact source-body rows still require manual source review before reviewer packet use,28019a34851454d37431f2c900c80b45ea90f23e,generated-draft/non-canonical/source-use/gap-support,generated-draft/non-canonical/source-use/gap support only; not native review/not accepted terminology/not approval/not community consent/not license clearance/not gate promotion/not source certification/not final status/not bridge-pilot/not CJK interlanguage bridge/not pan-CJK authority/not Korean-school authority/not visual inventory/not term spine/not sign rendering/not translation completion
uploader-transfer/interlanguage-fable-6034c6b4-current-frontier-authority-routing-20260707/INTERLANGUAGE_FABLE_6034C6B4_CURRENT_FRONTIER_AUTHORITY_ROUTING_20260707/source_artifacts/0157_60b0742537_0045_60b0742537_GIT_OBJECT_EXTRACTION_FAILURES_4065F6A4.json,A,uploader-transfer-package-context,4,A5338D955B09046EC0B16F3A9625B7955C763AAE07DC722E474E6078745F932F,,source-like/evidence-like packet artifact only; exact source-body rows still require manual source review before reviewer packet use,28019a34851454d37431f2c900c80b45ea90f23e,generated-draft/non-canonical/source-use/gap-support,generated-draft/non-canonical/source-use/gap support only; not native review/not accepted terminology/not approval/not community consent/not license clearance/not gate promotion/not source certification/not final status/not bridge-pilot/not CJK interlanguage bridge/not pan-CJK authority/not Korean-school authority/not visual inventory/not term spine/not sign rendering/not translation completion
uploader-transfer/interlanguage-fable-6034c6b4-current-frontier-authority-routing-20260707/INTERLANGUAGE_FABLE_6034C6B4_CURRENT_FRONTIER_AUTHORITY_ROUTING_20260707/source_artifacts/0158_19c302101f_0046_19c302101f_HEARTBEAT_20260707.md,A,uploader-transfer-package-context,805,470CCB549802F95AB79C013F605ED86C4A7A334D8DAF4DCEA4C2A9932E2FC00F,,source-like/evidence-like packet artifact only; exact source-body rows still require manual source review before reviewer packet use,28019a34851454d37431f2c900c80b45ea90f23e,generated-draft/non-canonical/source-use/gap-support,generated-draft/non-canonical/source-use/gap support only; not native review/not accepted terminology/not approval/not community consent/not license clearance/not gate promotion/not source certification/not final status/not bridge-pilot/not CJK interlanguage bridge/not pan-CJK authority/not Korean-school authority/not visual inventory/not term spine/not sign rendering/not translation completion
uploader-transfer/interlanguage-fable-6034c6b4-current-frontier-authority-routing-20260707/INTERLANGUAGE_FABLE_6034C6B4_CURRENT_FRONTIER_AUTHORITY_ROUTING_20260707/source_artifacts/0159_1a96e9040e_0047_1a96e9040e_INTERSLAVIC_CORRECTION_LEDGER_4065F6A4.csv,A,uploader-transfer-package-context,523,ED03DB265FB22AADC564B1A8911D21A50CFE9DFE88C9CBEF1A4F4AEFEE56888C,1,source-like/evidence-like packet artifact only; exact source-body rows still require manual source review before reviewer packet use,28019a34851454d37431f2c900c80b45ea90f23e,generated-draft/non-canonical/source-use/gap-support,generated-draft/non-canonical/source-use/gap support only; not native review/not accepted terminology/not approval/not community consent/not license clearance/not gate promotion/not source certification/not final status/not bridge-pilot/not CJK interlanguage bridge/not pan-CJK authority/not Korean-school authority/not visual inventory/not term spine/not sign rendering/not translation completion
uploader-transfer/interlanguage-fable-6034c6b4-current-frontier-authority-routing-20260707/INTERLANGUAGE_FABLE_6034C6B4_CURRENT_FRONTIER_AUTHORITY_ROUTING_20260707/source_artifacts/0160_f785a0d434_0048_f785a0d434_INTERSLAVIC_CORRECTION_LEDGER_4065F6A4.json,A,uploader-transfer-package-context,587,0247850F356C45301BD9239E32F6BABA0C0FBA41634675EDE0DC84F1C960AAFE,,source-like/evidence-like packet artifact only; exact source-body rows still require manual source review before reviewer packet use,28019a34851454d37431f2c900c80b45ea90f23e,generated-draft/non-canonical/source-use/gap-support,generated-draft/non-canonical/source-use/gap support only; not native review/not accepted terminology/not approval/not community consent/not license clearance/not gate promotion/not source certification/not final status/not bridge-pilot/not CJK interlanguage bridge/not pan-CJK authority/not Korean-school authority/not visual inventory/not term spine/not sign rendering/not translation completion
uploader-transfer/interlanguage-fable-6034c6b4-current-frontier-authority-routing-20260707/INTERLANGUAGE_FABLE_6034C6B4_CURRENT_FRONTIER_AUTHORITY_ROUTING_20260707/source_artifacts/0161_bd48548ce8_0049_bd48548ce8_MANIFEST.csv,A,uploader-transfer-package-context,26707,9B5EFE52EEF2EB817C9C5EDD00B070282C2237F3A71960AB6D07CB132E911908,203,source-like/evidence-like packet artifact only; exact source-body rows still require manual source review before reviewer packet use,28019a34851454d37431f2c900c80b45ea90f23e,generated-draft/non-canonical/source-use/gap-support,generated-draft/non-canonical/source-use/gap support only; not native review/not accepted terminology/not approval/not community consent/not license clearance/not gate promotion/not source certification/not final status/not bridge-pilot/not CJK interlanguage bridge/not pan-CJK authority/not Korean-school authority/not visual inventory/not term spine/not sign rendering/not translation completion
uploader-transfer/interlanguage-fable-6034c6b4-current-frontier-authority-routing-20260707/INTERLANGUAGE_FABLE_6034C6B4_CURRENT_FRONTIER_AUTHORITY_ROUTING_20260707/source_artifacts/0162_9c34752812_0050_9c34752812_MARGINAL_INTELLIGIBILITY_LEDGER_4065F6A4.csv,A,uploader-transfer-package-context,4386,C3B53714373232560497532AE7618D0EDEE96CB6539A9CD4A651A857A424048B,11,source-like/evidence-like packet artifact only; exact source-body rows still require manual source review before reviewer packet use,28019a34851454d37431f2c900c80b45ea90f23e,generated-draft/non-canonical/source-use/gap-support,generated-draft/non-canonical/source-use/gap support only; not native review/not accepted terminology/not approval/not community consent/not license clearance/not gate promotion/not source certification/not final status/not bridge-pilot/not CJK interlanguage bridge/not pan-CJK authority/not Korean-school authority/not visual inventory/not term spine/not sign rendering/not translation completion
uploader-transfer/interlanguage-fable-6034c6b4-current-frontier-authority-routing-20260707/INTERLANGUAGE_FABLE_6034C6B4_CURRENT_FRONTIER_AUTHORITY_ROUTING_20260707/source_artifacts/0163_4c270cfb33_0051_4c270cfb33_MARGINAL_INTELLIGIBILITY_LEDGER_4065F6A4.json,A,uploader-transfer-package-context,6614,8F44D6E8F6D8EF4B32EDAFDB3EF8D9F631D53060D3E89DAAC029E4BE1E7FE38B,,source-like/evidence-like packet artifact only; exact source-body rows still require manual source review before reviewer packet use,28019a34851454d37431f2c900c80b45ea90f23e,generated-draft/non-canonical/source-use/gap-support,generated-draft/non-canonical/source-use/gap support only; not native review/not accepted terminology/not approval/not community consent/not license clearance/not gate promotion/not source certification/not final status/not bridge-pilot/not CJK interlanguage bridge/not pan-CJK authority/not Korean-school authority/not visual inventory/not term spine/not sign rendering/not translation completion
uploader-transfer/interlanguage-fable-6034c6b4-current-frontier-authority-routing-20260707/INTERLANGUAGE_FABLE_6034C6B4_CURRENT_FRONTIER_AUTHORITY_ROUTING_20260707/source_artifacts/0164_7ea05b5a34_0052_7ea05b5a34_NORMALIZATION_MARKER_TABLE_LEDGER_4065F6A4.csv,A,uploader-transfer-package-context,3746,0EB292FF6238368BA5CD0AF959F4906DBDC0216181F83F7963E79F25F0B97497,11,source-like/evidence-like packet artifact only; exact source-body rows still require manual source review before reviewer packet use,28019a34851454d37431f2c900c80b45ea90f23e,generated-draft/non-canonical/source-use/gap-support,generated-draft/non-canonical/source-use/gap support only; not native review/not accepted terminology/not approval/not community consent/not license clearance/not gate promotion/not source certification/not final status/not bridge-pilot/not CJK interlanguage bridge/not pan-CJK authority/not Korean-school authority/not visual inventory/not term spine/not sign rendering/not translation completion
uploader-transfer/interlanguage-fable-6034c6b4-current-frontier-authority-routing-20260707/INTERLANGUAGE_FABLE_6034C6B4_CURRENT_FRONTIER_AUTHORITY_ROUTING_20260707/source_artifacts/0165_2a933e782e_0053_2a933e782e_NORMALIZATION_MARKER_TABLE_LEDGER_4065F6A4.json,A,uploader-transfer-package-context,5613,28257D1F04EE511D63113AFA7DE4C38BED1C18596B5D7891CC23A30897321B25,,source-like/evidence-like packet artifact only; exact source-body rows still require manual source review before reviewer packet use,28019a34851454d37431f2c900c80b45ea90f23e,generated-draft/non-canonical/source-use/gap-support,generated-draft/non-canonical/source-use/gap support only; not native review/not accepted terminology/not approval/not community consent/not license clearance/not gate promotion/not source certification/not final status/not bridge-pilot/not CJK interlanguage bridge/not pan-CJK authority/not Korean-school authority/not visual inventory/not term spine/not sign rendering/not translation completion
uploader-transfer/interlanguage-fable-6034c6b4-current-frontier-authority-routing-20260707/INTERLANGUAGE_FABLE_6034C6B4_CURRENT_FRONTIER_AUTHORITY_ROUTING_20260707/source_artifacts/0166_87790aa8ca_0054_87790aa8ca_PACKAGE_SUMMARY_4065F6A4.csv,A,uploader-transfer-package-context,784,F84670641D2814DAEC9A0DC1871902FB1FE5508D516CCA6BC1E46B1412D23BEC,1,source-like/evidence-like packet artifact only; exact source-body rows still require manual source review before reviewer packet use,28019a34851454d37431f2c900c80b45ea90f23e,generated-draft/non-canonical/source-use/gap-support,generated-draft/non-canonical/source-use/gap support only; not native review/not accepted terminology/not approval/not community consent/not license clearance/not gate promotion/not source certification/not final status/not bridge-pilot/not CJK interlanguage bridge/not pan-CJK authority/not Korean-school authority/not visual inventory/not term spine/not sign rendering/not translation completion
uploader-transfer/interlanguage-fable-6034c6b4-current-frontier-authority-routing-20260707/INTERLANGUAGE_FABLE_6034C6B4_CURRENT_FRONTIER_AUTHORITY_ROUTING_20260707/source_artifacts/0167_14b7185727_0055_14b7185727_PACKAGE_SUMMARY_4065F6A4.json,A,uploader-transfer-package-context,1000,2E3E8147B9E525B6EFF03080B3BF18F281F4163FF1C5134AF83186FFD77322A9,,source-like/evidence-like packet artifact only; exact source-body rows still require manual source review before reviewer packet use,28019a34851454d37431f2c900c80b45ea90f23e,generated-draft/non-canonical/source-use/gap-support,generated-draft/non-canonical/source-use/gap support only; not native review/not accepted terminology/not approval/not community consent/not license clearance/not gate promotion/not source certification/not final status/not bridge-pilot/not CJK interlanguage bridge/not pan-CJK authority/not Korean-school authority/not visual inventory/not term spine/not sign rendering/not translation completion
uploader-transfer/interlanguage-fable-6034c6b4-current-frontier-authority-routing-20260707/INTERLANGUAGE_FABLE_6034C6B4_CURRENT_FRONTIER_AUTHORITY_ROUTING_20260707/source_artifacts/0168_fba1f7ff23_0056_fba1f7ff23_PAYLOAD_GROUP_COUNTS_4065F6A4.csv,A,uploader-transfer-package-context,11651,009588BDF00182DE72AD8400813DB0EB290E1B0CF51DD5D86FF11B498B93E0C2,11,source-like/evidence-like packet artifact only; exact source-body rows still require manual source review before reviewer packet use,28019a34851454d37431f2c900c80b45ea90f23e,generated-draft/non-canonical/source-use/gap-support,generated-draft/non-canonical/source-use/gap support only; not native review/not accepted terminology/not approval/not community consent/not license clearance/not gate promotion/not source certification/not final status/not bridge-pilot/not CJK interlanguage bridge/not pan-CJK authority/not Korean-school authority/not visual inventory/not term spine/not sign rendering/not translation completion
uploader-transfer/interlanguage-fable-6034c6b4-current-frontier-authority-routing-20260707/INTERLANGUAGE_FABLE_6034C6B4_CURRENT_FRONTIER_AUTHORITY_ROUTING_20260707/source_artifacts/0169_2afe6eded5_0057_2afe6eded5_PAYLOAD_GROUP_COUNTS_4065F6A4.json,A,uploader-transfer-package-context,13619,0A518C879FFDA278A5A76D0893D59FCE0064E13087D5C74D576E5443895461E5,,source-like/evidence-like packet artifact only; exact source-body rows still require manual source review before reviewer packet use,28019a34851454d37431f2c900c80b45ea90f23e,generated-draft/non-canonical/source-use/gap-support,generated-draft/non-canonical/source-use/gap support only; not native review/not accepted terminology/not approval/not community consent/not license clearance/not gate promotion/not source certification/not final status/not bridge-pilot/not CJK interlanguage bridge/not pan-CJK authority/not Korean-school authority/not visual inventory/not term spine/not sign rendering/not translation completion
uploader-transfer/interlanguage-fable-6034c6b4-current-frontier-authority-routing-20260707/INTERLANGUAGE_FABLE_6034C6B4_CURRENT_FRONTIER_AUTHORITY_ROUTING_20260707/source_artifacts/0170_cfd297b38e_0058_cfd297b38e_README.md,A,uploader-transfer-package-context,978,0BC6B50CC7EBE21F8B152D385C7CD00E50F105D878AA2873E4BCEBE8B27BBB73,,source-like/evidence-like packet artifact only; exact source-body rows still require manual source review before reviewer packet use,28019a34851454d37431f2c900c80b45ea90f23e,generated-draft/non-canonical/source-use/gap-support,generated-draft/non-canonical/source-use/gap support only; not native review/not accepted terminology/not approval/not community consent/not license clearance/not gate promotion/not source certification/not final status/not bridge-pilot/not CJK interlanguage bridge/not pan-CJK authority/not Korean-school authority/not visual inventory/not term spine/not sign rendering/not translation completion
uploader-transfer/interlanguage-fable-6034c6b4-current-frontier-authority-routing-20260707/INTERLANGUAGE_FABLE_6034C6B4_CURRENT_FRONTIER_AUTHORITY_ROUTING_20260707/source_artifacts/0171_bafd736ce2_0059_bafd736ce2_SESSION_LOGBOOK_20260707.md,A,uploader-transfer-package-context,921,D702EFA6FC6EC3D54A6D4FBA63821B50000A306443B7AFE68C4E58A2DD556A09,,source-like/evidence-like packet artifact only; exact source-body rows still require manual source review before reviewer packet use,28019a34851454d37431f2c900c80b45ea90f23e,generated-draft/non-canonical/source-use/gap-support,generated-draft/non-canonical/source-use/gap support only; not native review/not accepted terminology/not approval/not community consent/not license clearance/not gate promotion/not source certification/not final status/not bridge-pilot/not CJK interlanguage bridge/not pan-CJK authority/not Korean-school authority/not visual inventory/not term spine/not sign rendering/not translation completion
uploader-transfer/interlanguage-fable-6034c6b4-current-frontier-authority-routing-20260707/INTERLANGUAGE_FABLE_6034C6B4_CURRENT_FRONTIER_AUTHORITY_ROUTING_20260707/source_artifacts/0172_c94fb44536_0060_c94fb44536_SHA256SUMS.txt,A,uploader-transfer-package-context,25922,DA2000D8F19C38BB249902146DC069DB00E9F58EF455D221DE08151B230ABD5E,,source-like/evidence-like packet artifact only; exact source-body rows still require manual source review before reviewer packet use,28019a34851454d37431f2c900c80b45ea90f23e,generated-draft/non-canonical/source-use/gap-support,generated-draft/non-canonical/source-use/gap support only; not native review/not accepted terminology/not approval/not community consent/not license clearance/not gate promotion/not source certification/not final status/not bridge-pilot/not CJK interlanguage bridge/not pan-CJK authority/not Korean-school authority/not visual inventory/not term spine/not sign rendering/not translation completion
uploader-transfer/interlanguage-fable-6034c6b4-current-frontier-authority-routing-20260707/INTERLANGUAGE_FABLE_6034C6B4_CURRENT_FRONTIER_AUTHORITY_ROUTING_20260707/source_artifacts/0173_721a2faf2e_0061_721a2faf2e_SIBLING_WAKE_LEDGER_4065F6A4.csv,A,uploader-transfer-package-context,7371,2B8FB8EAFBFACE13824C092F3751E16A8175190E74A8B1BE9C8D119E21174AF9,11,source-like/evidence-like packet artifact only; exact source-body rows still require manual source review before reviewer packet use,28019a34851454d37431f2c900c80b45ea90f23e,generated-draft/non-canonical/source-use/gap-support,generated-draft/non-canonical/source-use/gap support only; not native review/not accepted terminology/not approval/not community consent/not license clearance/not gate promotion/not source certification/not final status/not bridge-pilot/not CJK interlanguage bridge/not pan-CJK authority/not Korean-school authority/not visual inventory/not term spine/not sign rendering/not translation completion
uploader-transfer/interlanguage-fable-6034c6b4-current-frontier-authority-routing-20260707/INTERLANGUAGE_FABLE_6034C6B4_CURRENT_FRONTIER_AUTHORITY_ROUTING_20260707/source_artifacts/0174_5de8d1de65_0062_5de8d1de65_SIBLING_WAKE_LEDGER_4065F6A4.json,A,uploader-transfer-package-context,9759,9A27238CFF4012EF6CD8CC0182EEBE4990022DA5B38698D4E33C22312B2C8667,,source-like/evidence-like packet artifact only; exact source-body rows still require manual source review before reviewer packet use,28019a34851454d37431f2c900c80b45ea90f23e,generated-draft/non-canonical/source-use/gap-support,generated-draft/non-canonical/source-use/gap support only; not native review/not accepted terminology/not approval/not community consent/not license clearance/not gate promotion/not source certification/not final status/not bridge-pilot/not CJK interlanguage bridge/not pan-CJK authority/not Korean-school authority/not visual inventory/not term spine/not sign rendering/not translation completion
uploader-transfer/interlanguage-fable-6034c6b4-current-frontier-authority-routing-20260707/INTERLANGUAGE_FABLE_6034C6B4_CURRENT_FRONTIER_AUTHORITY_ROUTING_20260707/source_artifacts/0175_61cf762076_0063_61cf762076_SOURCE_USE_ADVERSE_COVERAGE_LEDGER_4065F6A4.csv,A,uploader-transfer-package-context,192611,38A38857070379646B507D2612B8D8D5FEB1BF089507174162A439F319FB6933,163,source-like/evidence-like packet artifact only; exact source-body rows still require manual source review before reviewer packet use,28019a34851454d37431f2c900c80b45ea90f23e,generated-draft/non-canonical/source-use/gap-support,generated-draft/non-canonical/source-use/gap support only; not native review/not accepted terminology/not approval/not community consent/not license clearance/not gate promotion/not source certification/not final status/not bridge-pilot/not CJK interlanguage bridge/not pan-CJK authority/not Korean-school authority/not visual inventory/not term spine/not sign rendering/not translation completion
uploader-transfer/interlanguage-fable-6034c6b4-current-frontier-authority-routing-20260707/INTERLANGUAGE_FABLE_6034C6B4_CURRENT_FRONTIER_AUTHORITY_ROUTING_20260707/source_artifacts/0176_dc852f68cf_0064_dc852f68cf_SOURCE_USE_ADVERSE_COVERAGE_LEDGER_4065F6A4.json,A,uploader-transfer-package-context,253214,EFE7501E67BA4656AC2A211E2CA3E7E65CAAFC1A0FDEE942E1F27A0ECC87323E,,source-like/evidence-like packet artifact only; exact source-body rows still require manual source review before reviewer packet use,28019a34851454d37431f2c900c80b45ea90f23e,generated-draft/non-canonical/source-use/gap-support,generated-draft/non-canonical/source-use/gap support only; not native review/not accepted terminology/not approval/not community consent/not license clearance/not gate promotion/not source certification/not final status/not bridge-pilot/not CJK interlanguage bridge/not pan-CJK authority/not Korean-school authority/not visual inventory/not term spine/not sign rendering/not translation completion
uploader-transfer/interlanguage-fable-6034c6b4-current-frontier-authority-routing-20260707/INTERLANGUAGE_FABLE_6034C6B4_CURRENT_FRONTIER_AUTHORITY_ROUTING_20260707/source_artifacts/0177_4877e29118_0065_4877e29118_0001_4877e29118_B3_AND_INTERLANGUAGE_HANDOFF_SENT_18BBB185.md,A,uploader-transfer-package-context,1481,9F94CAD40A5E272DFB24167E72AAED279B03E27BE684FB71F01BDB03D5F5E957,,source-like/evidence-like packet artifact only; exact source-body rows still require manual source review before reviewer packet use,28019a34851454d37431f2c900c80b45ea90f23e,generated-draft/non-canonical/source-use/gap-support,generated-draft/non-canonical/source-use/gap support only; not native review/not accepted terminology/not approval/not community consent/not license clearance/not gate promotion/not source certification/not final status/not bridge-pilot/not CJK interlanguage bridge/not pan-CJK authority/not Korean-school authority/not visual inventory/not term spine/not sign rendering/not translation completion
uploader-transfer/interlanguage-fable-6034c6b4-current-frontier-authority-routing-20260707/INTERLANGUAGE_FABLE_6034C6B4_CURRENT_FRONTIER_AUTHORITY_ROUTING_20260707/source_artifacts/0178_776acc8215_0066_776acc8215_0002_776acc8215_BRANCH_COMPARE_COMMITS_A55A9D0F_TO_18BBB185.csv,A,uploader-transfer-package-context,170,428E15ACD7093AD4B73810A2154E8251158964B3628DC95B5F23703B01289A92,1,source-like/evidence-like packet artifact only; exact source-body rows still require manual source review before reviewer packet use,28019a34851454d37431f2c900c80b45ea90f23e,generated-draft/non-canonical/source-use/gap-support,generated-draft/non-canonical/source-use/gap support only; not native review/not accepted terminology/not approval/not community consent/not license clearance/not gate promotion/not source certification/not final status/not bridge-pilot/not CJK interlanguage bridge/not pan-CJK authority/not Korean-school authority/not visual inventory/not term spine/not sign rendering/not translation completion
uploader-transfer/interlanguage-fable-6034c6b4-current-frontier-authority-routing-20260707/INTERLANGUAGE_FABLE_6034C6B4_CURRENT_FRONTIER_AUTHORITY_ROUTING_20260707/source_artifacts/0179_e3437ba712_0067_e3437ba712_0003_e3437ba712_BRANCH_COMPARE_FILES_A55A9D0F_TO_18BBB185.csv,A,uploader-transfer-package-context,22147,3CEE2F153AB1815DA26FB9F5D25A1B627E6B83A05E66A2E565CB5BFEB5FBC0C5,85,source-like/evidence-like packet artifact only; exact source-body rows still require manual source review before reviewer packet use,28019a34851454d37431f2c900c80b45ea90f23e,generated-draft/non-canonical/source-use/gap-support,generated-draft/non-canonical/source-use/gap support only; not native review/not accepted terminology/not approval/not community consent/not license clearance/not gate promotion/not source certification/not final status/not bridge-pilot/not CJK interlanguage bridge/not pan-CJK authority/not Korean-school authority/not visual inventory/not term spine/not sign rendering/not translation completion
uploader-transfer/interlanguage-fable-6034c6b4-current-frontier-authority-routing-20260707/INTERLANGUAGE_FABLE_6034C6B4_CURRENT_FRONTIER_AUTHORITY_ROUTING_20260707/source_artifacts/0180_e196016867_0068_e196016867_0004_e196016867_BRANCH_COMPARE_SUMMARY_18BBB185.csv,A,uploader-transfer-package-context,379,E7FA00C0023F67E23C0246A0479329A7E82E0BC85A8F679BD7F478996E3FCF22,1,source-like/evidence-like packet artifact only; exact source-body rows still require manual source review before reviewer packet use,28019a34851454d37431f2c900c80b45ea90f23e,generated-draft/non-canonical/source-use/gap-support,generated-draft/non-canonical/source-use/gap support only; not native review/not accepted terminology/not approval/not community consent/not license clearance/not gate promotion/not source certification/not final status/not bridge-pilot/not CJK interlanguage bridge/not pan-CJK authority/not Korean-school authority/not visual inventory/not term spine/not sign rendering/not translation completion
uploader-transfer/interlanguage-fable-6034c6b4-current-frontier-authority-routing-20260707/INTERLANGUAGE_FABLE_6034C6B4_CURRENT_FRONTIER_AUTHORITY_ROUTING_20260707/source_artifacts/0181_70bd8bb8fa_0069_70bd8bb8fa_0005_70bd8bb8fa_CHILD_PACKET_INVENTORY_18BBB185.csv,A,uploader-transfer-package-context,3662,E96B4BFE8904736012A80FE818A46C157AE929D3C9CC32E0307D63FE433BA238,15,source-like/evidence-like packet artifact only; exact source-body rows still require manual source review before reviewer packet use,28019a34851454d37431f2c900c80b45ea90f23e,generated-draft/non-canonical/source-use/gap-support,generated-draft/non-canonical/source-use/gap support only; not native review/not accepted terminology/not approval/not community consent/not license clearance/not gate promotion/not source certification/not final status/not bridge-pilot/not CJK interlanguage bridge/not pan-CJK authority/not Korean-school authority/not visual inventory/not term spine/not sign rendering/not translation completion
uploader-transfer/interlanguage-fable-6034c6b4-current-frontier-authority-routing-20260707/INTERLANGUAGE_FABLE_6034C6B4_CURRENT_FRONTIER_AUTHORITY_ROUTING_20260707/source_artifacts/0182_e4c63c7133_0070_e4c63c7133_0006_e4c63c7133_EIGHT_LANE_ROUTE_STATUS_ROWS_18BBB185.csv,A,uploader-transfer-package-context,4796,4960B2667EAC9A3FB28DA706D9A9D824ABC329DC530A2AEFA0109B913A8A2870,8,source-like/evidence-like packet artifact only; exact source-body rows still require manual source review before reviewer packet use,28019a34851454d37431f2c900c80b45ea90f23e,generated-draft/non-canonical/source-use/gap-support,generated-draft/non-canonical/source-use/gap support only; not native review/not accepted terminology/not approval/not community consent/not license clearance/not gate promotion/not source certification/not final status/not bridge-pilot/not CJK interlanguage bridge/not pan-CJK authority/not Korean-school authority/not visual inventory/not term spine/not sign rendering/not translation completion
uploader-transfer/interlanguage-fable-6034c6b4-current-frontier-authority-routing-20260707/INTERLANGUAGE_FABLE_6034C6B4_CURRENT_FRONTIER_AUTHORITY_ROUTING_20260707/source_artifacts/0183_9d65b8bf8f_0071_9d65b8bf8f_0007_9d65b8bf8f_EXACT_BLOCKER_RECOVERY_ROWS_18BBB185.csv,A,uploader-transfer-package-context,2330,A0AB09D09DD562DF6E7D28C8B98BBDABD26380E2AFDC1C487A1ED1E21897903C,8,source-like/evidence-like packet artifact only; exact source-body rows still require manual source review before reviewer packet use,28019a34851454d37431f2c900c80b45ea90f23e,generated-draft/non-canonical/source-use/gap-support,generated-draft/non-canonical/source-use/gap support only; not native review/not accepted terminology/not approval/not community consent/not license clearance/not gate promotion/not source certification/not final status/not bridge-pilot/not CJK interlanguage bridge/not pan-CJK authority/not Korean-school authority/not visual inventory/not term spine/not sign rendering/not translation completion
uploader-transfer/interlanguage-fable-6034c6b4-current-frontier-authority-routing-20260707/INTERLANGUAGE_FABLE_6034C6B4_CURRENT_FRONTIER_AUTHORITY_ROUTING_20260707/source_artifacts/0184_28bb2ff57b_0072_28bb2ff57b_0008_28bb2ff57b_MANIFEST.csv,A,uploader-transfer-package-context,1206,417CCEBA481AA742DF14A1B2E8F9F14E53861873D3E836348BDB3A2E1B0D1E14,11,source-like/evidence-like packet artifact only; exact source-body rows still require manual source review before reviewer packet use,28019a34851454d37431f2c900c80b45ea90f23e,generated-draft/non-canonical/source-use/gap-support,generated-draft/non-canonical/source-use/gap support only; not native review/not accepted terminology/not approval/not community consent/not license clearance/not gate promotion/not source certification/not final status/not bridge-pilot/not CJK interlanguage bridge/not pan-CJK authority/not Korean-school authority/not visual inventory/not term spine/not sign rendering/not translation completion
uploader-transfer/interlanguage-fable-6034c6b4-current-frontier-authority-routing-20260707/INTERLANGUAGE_FABLE_6034C6B4_CURRENT_FRONTIER_AUTHORITY_ROUTING_20260707/source_artifacts/0185_47a218e59b_0073_47a218e59b_0009_47a218e59b_README.md,A,uploader-transfer-package-context,4071,5E32F6E10B15B57B15D4105257BA21D9FDD60E7CA70D9C7954A06223F921FD2C,,source-like/evidence-like packet artifact only; exact source-body rows still require manual source review before reviewer packet use,28019a34851454d37431f2c900c80b45ea90f23e,generated-draft/non-canonical/source-use/gap-support,generated-draft/non-canonical/source-use/gap support only; not native review/not accepted terminology/not approval/not community consent/not license clearance/not gate promotion/not source certification/not final status/not bridge-pilot/not CJK interlanguage bridge/not pan-CJK authority/not Korean-school authority/not visual inventory/not term spine/not sign rendering/not translation completion
uploader-transfer/interlanguage-fable-6034c6b4-current-frontier-authority-routing-20260707/INTERLANGUAGE_FABLE_6034C6B4_CURRENT_FRONTIER_AUTHORITY_ROUTING_20260707/source_artifacts/0186_83d1d7c120_0074_83d1d7c120_0010_83d1d7c120_SHA256SUMS.txt,A,uploader-transfer-package-context,1144,3E2A1CF8F925433B4DB2920FF65D407AC8BAAB61CDF67A1E593C33F0604E05BC,,source-like/evidence-like packet artifact only; exact source-body rows still require manual source review before reviewer packet use,28019a34851454d37431f2c900c80b45ea90f23e,generated-draft/non-canonical/source-use/gap-support,generated-draft/non-canonical/source-use/gap support only; not native review/not accepted terminology/not approval/not community consent/not license clearance/not gate promotion/not source certification/not final status/not bridge-pilot/not CJK interlanguage bridge/not pan-CJK authority/not Korean-school authority/not visual inventory/not term spine/not sign rendering/not translation completion
uploader-transfer/interlanguage-fable-6034c6b4-current-frontier-authority-routing-20260707/INTERLANGUAGE_FABLE_6034C6B4_CURRENT_FRONTIER_AUTHORITY_ROUTING_20260707/source_artifacts/0187_5d8ebe7448_0075_5d8ebe7448_0011_5d8ebe7448_SOURCE_USE_GAP_FABLE_ADVERSE_ROLLUP_18BBB185.csv,A,uploader-transfer-package-context,3122,306868664495CB4FA7409804741B2CEFB7F9D06D60D60A1F2ED739BD976CCB90,10,source-like/evidence-like packet artifact only; exact source-body rows still require manual source review before reviewer packet use,28019a34851454d37431f2c900c80b45ea90f23e,generated-draft/non-canonical/source-use/gap-support,generated-draft/non-canonical/source-use/gap support only; not native review/not accepted terminology/not approval/not community consent/not license clearance/not gate promotion/not source certification/not final status/not bridge-pilot/not CJK interlanguage bridge/not pan-CJK authority/not Korean-school authority/not visual inventory/not term spine/not sign rendering/not translation completion
uploader-transfer/interlanguage-fable-6034c6b4-current-frontier-authority-routing-20260707/INTERLANGUAGE_FABLE_6034C6B4_CURRENT_FRONTIER_AUTHORITY_ROUTING_20260707/source_artifacts/0188_7aa7deb2e0_0076_7aa7deb2e0_0012_7aa7deb2e0_SUMMARY.json,A,uploader-transfer-package-context,1785,2F0AB4AB7365E485FF1629034028015676AF62B767315ACF66BF4F730B005FB8,,source-like/evidence-like packet artifact only; exact source-body rows still require manual source review before reviewer packet use,28019a34851454d37431f2c900c80b45ea90f23e,generated-draft/non-canonical/source-use/gap-support,generated-draft/non-canonical/source-use/gap support only; not native review/not accepted terminology/not approval/not community consent/not license clearance/not gate promotion/not source certification/not final status/not bridge-pilot/not CJK interlanguage bridge/not pan-CJK authority/not Korean-school authority/not visual inventory/not term spine/not sign rendering/not translation completion
uploader-transfer/interlanguage-fable-6034c6b4-current-frontier-authority-routing-20260707/INTERLANGUAGE_FABLE_6034C6B4_CURRENT_FRONTIER_AUTHORITY_ROUTING_20260707/source_artifacts/0189_121e2e3660_0077_121e2e3660_0013_121e2e3660_VISIBLE_THREAD_WAKE_STATUS_18BBB185.csv,A,uploader-transfer-package-context,1263,3834464BDF7C925E585ADEC9ED56C482F24680B484A03BC61AD7C7D50B19C73E,6,source-like/evidence-like packet artifact only; exact source-body rows still require manual source review before reviewer packet use,28019a34851454d37431f2c900c80b45ea90f23e,generated-draft/non-canonical/source-use/gap-support,generated-draft/non-canonical/source-use/gap support only; not native review/not accepted terminology/not approval/not community consent/not license clearance/not gate promotion/not source certification/not final status/not bridge-pilot/not CJK interlanguage bridge/not pan-CJK authority/not Korean-school authority/not visual inventory/not term spine/not sign rendering/not translation completion
uploader-transfer/interlanguage-fable-6034c6b4-current-frontier-authority-routing-20260707/INTERLANGUAGE_FABLE_6034C6B4_CURRENT_FRONTIER_AUTHORITY_ROUTING_20260707/source_artifacts/0190_5488cbbac4_0078_5488cbbac4_0014_5488cbbac4_B3_HANDOFF_SENT_1FA37D6D.md,A,uploader-transfer-package-context,1310,3280B48DA94E729467AF759C07F1471449A3030EB36015E846E3D5294AA1270F,,source-like/evidence-like packet artifact only; exact source-body rows still require manual source review before reviewer packet use,28019a34851454d37431f2c900c80b45ea90f23e,generated-draft/non-canonical/source-use/gap-support,generated-draft/non-canonical/source-use/gap support only; not native review/not accepted terminology/not approval/not community consent/not license clearance/not gate promotion/not source certification/not final status/not bridge-pilot/not CJK interlanguage bridge/not pan-CJK authority/not Korean-school authority/not visual inventory/not term spine/not sign rendering/not translation completion
uploader-transfer/interlanguage-fable-6034c6b4-current-frontier-authority-routing-20260707/INTERLANGUAGE_FABLE_6034C6B4_CURRENT_FRONTIER_AUTHORITY_ROUTING_20260707/source_artifacts/0191_0c6a9bf3a1_0079_0c6a9bf3a1_0015_0c6a9bf3a1_BRANCH_COMPARE_COMMITS_18BBB185_TO_1FA37D6D.csv,A,uploader-transfer-package-context,287,C51C7525F84CBB6859CB02212EA90A880D465B251DAFB989237CB49DCA802AA0,2,source-like/evidence-like packet artifact only; exact source-body rows still require manual source review before reviewer packet use,28019a34851454d37431f2c900c80b45ea90f23e,generated-draft/non-canonical/source-use/gap-support,generated-draft/non-canonical/source-use/gap support only; not native review/not accepted terminology/not approval/not community consent/not license clearance/not gate promotion/not source certification/not final status/not bridge-pilot/not CJK interlanguage bridge/not pan-CJK authority/not Korean-school authority/not visual inventory/not term spine/not sign rendering/not translation completion
uploader-transfer/interlanguage-fable-6034c6b4-current-frontier-authority-routing-20260707/INTERLANGUAGE_FABLE_6034C6B4_CURRENT_FRONTIER_AUTHORITY_ROUTING_20260707/source_artifacts/0192_2d3e550a40_0080_2d3e550a40_0016_2d3e550a40_BRANCH_COMPARE_FILES_18BBB185_TO_1FA37D6D.csv,A,uploader-transfer-package-context,25237,DDD7EED2A8048D73EE9AE57DDF5BCFF67B2EFDC481B701AC7C06E07248DF4A1B,97,source-like/evidence-like packet artifact only; exact source-body rows still require manual source review before reviewer packet use,28019a34851454d37431f2c900c80b45ea90f23e,generated-draft/non-canonical/source-use/gap-support,generated-draft/non-canonical/source-use/gap support only; not native review/not accepted terminology/not approval/not community consent/not license clearance/not gate promotion/not source certification/not final status/not bridge-pilot/not CJK interlanguage bridge/not pan-CJK authority/not Korean-school authority/not visual inventory/not term spine/not sign rendering/not translation completion
uploader-transfer/interlanguage-fable-6034c6b4-current-frontier-authority-routing-20260707/INTERLANGUAGE_FABLE_6034C6B4_CURRENT_FRONTIER_AUTHORITY_ROUTING_20260707/source_artifacts/0193_565a199b12_0081_565a199b12_0017_565a199b12_BRANCH_COMPARE_SUMMARY_1FA37D6D.csv,A,uploader-transfer-package-context,431,C018D4AD10C1BB790533180DBC9D6E1B64C2A69970F0217F2C466182C44D8411,1,source-like/evidence-like packet artifact only; exact source-body rows still require manual source review before reviewer packet use,28019a34851454d37431f2c900c80b45ea90f23e,generated-draft/non-canonical/source-use/gap-support,generated-draft/non-canonical/source-use/gap support only; not native review/not accepted terminology/not approval/not community consent/not license clearance/not gate promotion/not source certification/not final status/not bridge-pilot/not CJK interlanguage bridge/not pan-CJK authority/not Korean-school authority/not visual inventory/not term spine/not sign rendering/not translation completion
uploader-transfer/interlanguage-fable-6034c6b4-current-frontier-authority-routing-20260707/INTERLANGUAGE_FABLE_6034C6B4_CURRENT_FRONTIER_AUTHORITY_ROUTING_20260707/source_artifacts/0194_a4c97d6533_0082_a4c97d6533_0018_a4c97d6533_CHILD_PACKET_INVENTORY_1FA37D6D.csv,A,uploader-transfer-package-context,1736,C64ECCD53885705199D0DBCAF2F92E30828C4E297B501E146C949FC9353B8F90,7,source-like/evidence-like packet artifact only; exact source-body rows still require manual source review before reviewer packet use,28019a34851454d37431f2c900c80b45ea90f23e,generated-draft/non-canonical/source-use/gap-support,generated-draft/non-canonical/source-use/gap support only; not native review/not accepted terminology/not approval/not community consent/not license clearance/not gate promotion/not source certification/not final status/not bridge-pilot/not CJK interlanguage bridge/not pan-CJK authority/not Korean-school authority/not visual inventory/not term spine/not sign rendering/not translation completion
uploader-transfer/interlanguage-fable-6034c6b4-current-frontier-authority-routing-20260707/INTERLANGUAGE_FABLE_6034C6B4_CURRENT_FRONTIER_AUTHORITY_ROUTING_20260707/source_artifacts/0195_12f8ddb048_0083_12f8ddb048_0019_12f8ddb048_EIGHT_LANE_ROUTE_STATUS_ROWS_1FA37D6D.csv,A,uploader-transfer-package-context,1842,7E4030586B37CDDB27ACFE103F1C79BC777F9B27CE6F1FECE5A2396AA3ACC3FE,8,source-like/evidence-like packet artifact only; exact source-body rows still require manual source review before reviewer packet use,28019a34851454d37431f2c900c80b45ea90f23e,generated-draft/non-canonical/source-use/gap-support,generated-draft/non-canonical/source-use/gap support only; not native review/not accepted terminology/not approval/not community consent/not license clearance/not gate promotion/not source certification/not final status/not bridge-pilot/not CJK interlanguage bridge/not pan-CJK authority/not Korean-school authority/not visual inventory/not term spine/not sign rendering/not translation completion
uploader-transfer/interlanguage-fable-6034c6b4-current-frontier-authority-routing-20260707/INTERLANGUAGE_FABLE_6034C6B4_CURRENT_FRONTIER_AUTHORITY_ROUTING_20260707/source_artifacts/0196_f40fb5030a_0084_f40fb5030a_0020_f40fb5030a_EXACT_BLOCKER_RECOVERY_ROWS_1FA37D6D.csv,A,uploader-transfer-package-context,1740,83978A0E88B2827F5C7E0803C349C4DD0E7F51792E9E046B4C8A295AECDB78ED,6,source-like/evidence-like packet artifact only; exact source-body rows still require manual source review before reviewer packet use,28019a34851454d37431f2c900c80b45ea90f23e,generated-draft/non-canonical/source-use/gap-support,generated-draft/non-canonical/source-use/gap support only; not native review/not accepted terminology/not approval/not community consent/not license clearance/not gate promotion/not source certification/not final status/not bridge-pilot/not CJK interlanguage bridge/not pan-CJK authority/not Korean-school authority/not visual inventory/not term spine/not sign rendering/not translation completion
uploader-transfer/interlanguage-fable-6034c6b4-current-frontier-authority-routing-20260707/INTERLANGUAGE_FABLE_6034C6B4_CURRENT_FRONTIER_AUTHORITY_ROUTING_20260707/source_artifacts/0197_0b29954ab9_0085_0b29954ab9_0021_0b29954ab9_MANIFEST.csv,A,uploader-transfer-package-context,1077,D9EEC407ECC16A444DC3D998024B79BE81F1B2F1C6989438BB40514EF9DC347A,10,source-like/evidence-like packet artifact only; exact source-body rows still require manual source review before reviewer packet use,28019a34851454d37431f2c900c80b45ea90f23e,generated-draft/non-canonical/source-use/gap-support,generated-draft/non-canonical/source-use/gap support only; not native review/not accepted terminology/not approval/not community consent/not license clearance/not gate promotion/not source certification/not final status/not bridge-pilot/not CJK interlanguage bridge/not pan-CJK authority/not Korean-school authority/not visual inventory/not term spine/not sign rendering/not translation completion
uploader-transfer/interlanguage-fable-6034c6b4-current-frontier-authority-routing-20260707/INTERLANGUAGE_FABLE_6034C6B4_CURRENT_FRONTIER_AUTHORITY_ROUTING_20260707/source_artifacts/0198_88a6bd3dfe_0086_88a6bd3dfe_0022_88a6bd3dfe_README.md,A,uploader-transfer-package-context,4132,C918B7F7BF202F116B1AA02D8D712895B2E1B8F5ED4CCBB11BCD449754A98BAF,,source-like/evidence-like packet artifact only; exact source-body rows still require manual source review before reviewer packet use,28019a34851454d37431f2c900c80b45ea90f23e,generated-draft/non-canonical/source-use/gap-support,generated-draft/non-canonical/source-use/gap support only; not native review/not accepted terminology/not approval/not community consent/not license clearance/not gate promotion/not source certification/not final status/not bridge-pilot/not CJK interlanguage bridge/not pan-CJK authority/not Korean-school authority/not visual inventory/not term spine/not sign rendering/not translation completion
uploader-transfer/interlanguage-fable-6034c6b4-current-frontier-authority-routing-20260707/INTERLANGUAGE_FABLE_6034C6B4_CURRENT_FRONTIER_AUTHORITY_ROUTING_20260707/source_artifacts/0199_3c3e8cfa84_0087_3c3e8cfa84_0023_3c3e8cfa84_SHA256SUMS.txt,A,uploader-transfer-package-context,1019,1FB86C574D86B0202EE853FECC58236355AA94013A8AB148E0D04D79FA25401C,,source-like/evidence-like packet artifact only; exact source-body rows still require manual source review before reviewer packet use,28019a34851454d37431f2c900c80b45ea90f23e,generated-draft/non-canonical/source-use/gap-support,generated-draft/non-canonical/source-use/gap support only; not native review/not accepted terminology/not approval/not community consent/not license clearance/not gate promotion/not source certification/not final status/not bridge-pilot/not CJK interlanguage bridge/not pan-CJK authority/not Korean-school authority/not visual inventory/not term spine/not sign rendering/not translation completion
uploader-transfer/interlanguage-fable-6034c6b4-current-frontier-authority-routing-20260707/INTERLANGUAGE_FABLE_6034C6B4_CURRENT_FRONTIER_AUTHORITY_ROUTING_20260707/source_artifacts/0200_a40bfdd3fd_0088_a40bfdd3fd_0024_a40bfdd3fd_SOURCE_USE_GAP_FABLE_ADVERSE_ROLLUP_1FA37D6D.csv,A,uploader-transfer-package-context,1941,CC1EA30DA01DF3ADD45252A43278BFE791BA4AD2B094184564F3E5DC7F0C8F05,6,source-like/evidence-like packet artifact only; exact source-body rows still require manual source review before reviewer packet use,28019a34851454d37431f2c900c80b45ea90f23e,generated-draft/non-canonical/source-use/gap-support,generated-draft/non-canonical/source-use/gap support only; not native review/not accepted terminology/not approval/not community consent/not license clearance/not gate promotion/not source certification/not final status/not bridge-pilot/not CJK interlanguage bridge/not pan-CJK authority/not Korean-school authority/not visual inventory/not term spine/not sign rendering/not translation completion
uploader-transfer/interlanguage-fable-6034c6b4-current-frontier-authority-routing-20260707/INTERLANGUAGE_FABLE_6034C6B4_CURRENT_FRONTIER_AUTHORITY_ROUTING_20260707/source_artifacts/0201_3199c2670f_0089_3199c2670f_0025_3199c2670f_SUMMARY.json,A,uploader-transfer-package-context,1268,4180B83C5B60B5BF17C9D3364AE9384AE2D44FC5B64319AF74442FC96EF702A9,,source-like/evidence-like packet artifact only; exact source-body rows still require manual source review before reviewer packet use,28019a34851454d37431f2c900c80b45ea90f23e,generated-draft/non-canonical/source-use/gap-support,generated-draft/non-canonical/source-use/gap support only; not native review/not accepted terminology/not approval/not community consent/not license clearance/not gate promotion/not source certification/not final status/not bridge-pilot/not CJK interlanguage bridge/not pan-CJK authority/not Korean-school authority/not visual inventory/not term spine/not sign rendering/not translation completion
uploader-transfer/interlanguage-fable-6034c6b4-current-frontier-authority-routing-20260707/INTERLANGUAGE_FABLE_6034C6B4_CURRENT_FRONTIER_AUTHORITY_ROUTING_20260707/source_artifacts/0202_86793d16c0_0090_86793d16c0_0026_86793d16c0_B3_AND_SIBLING_HANDOFF_SENT_A55A9D0F.md,A,uploader-transfer-package-context,1791,D23DD14A4EB989317F41A8DAD4790615CA3752C3088BCF99AAA5DE152E0B8B24,,source-like/evidence-like packet artifact only; exact source-body rows still require manual source review before reviewer packet use,28019a34851454d37431f2c900c80b45ea90f23e,generated-draft/non-canonical/source-use/gap-support,generated-draft/non-canonical/source-use/gap support only; not native review/not accepted terminology/not approval/not community consent/not license clearance/not gate promotion/not source certification/not final status/not bridge-pilot/not CJK interlanguage bridge/not pan-CJK authority/not Korean-school authority/not visual inventory/not term spine/not sign rendering/not translation completion
uploader-transfer/interlanguage-fable-6034c6b4-current-frontier-authority-routing-20260707/INTERLANGUAGE_FABLE_6034C6B4_CURRENT_FRONTIER_AUTHORITY_ROUTING_20260707/source_artifacts/0203_3f777e8b2a_0091_3f777e8b2a_0027_3f777e8b2a_CHILD_PACKAGE_INVENTORY_A55A9D0F.csv,A,uploader-transfer-package-context,2222,395FAB9E496D83B25B1C690C304B2BC013FFA0B288BC8F1E6E4FD1180977AE13,5,source-like/evidence-like packet artifact only; exact source-body rows still require manual source review before reviewer packet use,28019a34851454d37431f2c900c80b45ea90f23e,generated-draft/non-canonical/source-use/gap-support,generated-draft/non-canonical/source-use/gap support only; not native review/not accepted terminology/not approval/not community consent/not license clearance/not gate promotion/not source certification/not final status/not bridge-pilot/not CJK interlanguage bridge/not pan-CJK authority/not Korean-school authority/not visual inventory/not term spine/not sign rendering/not translation completion
uploader-transfer/interlanguage-fable-6034c6b4-current-frontier-authority-routing-20260707/INTERLANGUAGE_FABLE_6034C6B4_CURRENT_FRONTIER_AUTHORITY_ROUTING_20260707/source_artifacts/0204_243e794685_0092_243e794685_0028_243e794685_EXACT_BLOCKER_RECOVERY_ROWS_A55A9D0F.csv,A,uploader-transfer-package-context,2449,FB631B9FDD8BB7B56D46F9D0ED1CB57BD725616E2165359C74DCCF4A04EA2747,8,source-like/evidence-like packet artifact only; exact source-body rows still require manual source review before reviewer packet use,28019a34851454d37431f2c900c80b45ea90f23e,generated-draft/non-canonical/source-use/gap-support,generated-draft/non-canonical/source-use/gap support only; not native review/not accepted terminology/not approval/not community consent/not license clearance/not gate promotion/not source certification/not final status/not bridge-pilot/not CJK interlanguage bridge/not pan-CJK authority/not Korean-school authority/not visual inventory/not term spine/not sign rendering/not translation completion
uploader-transfer/interlanguage-fable-6034c6b4-current-frontier-authority-routing-20260707/INTERLANGUAGE_FABLE_6034C6B4_CURRENT_FRONTIER_AUTHORITY_ROUTING_20260707/source_artifacts/0205_53a94975ff_0093_53a94975ff_0029_53a94975ff_MANIFEST.csv,A,uploader-transfer-package-context,1200,DC71969649C51BDEBCB278C2CFB60C56E9A4A139069AEBCEAE74EB7F5F3966B0,11,source-like/evidence-like packet artifact only; exact source-body rows still require manual source review before reviewer packet use,28019a34851454d37431f2c900c80b45ea90f23e,generated-draft/non-canonical/source-use/gap-support,generated-draft/non-canonical/source-use/gap support only; not native review/not accepted terminology/not approval/not community consent/not license clearance/not gate promotion/not source certification/not final status/not bridge-pilot/not CJK interlanguage bridge/not pan-CJK authority/not Korean-school authority/not visual inventory/not term spine/not sign rendering/not translation completion
uploader-transfer/interlanguage-fable-6034c6b4-current-frontier-authority-routing-20260707/INTERLANGUAGE_FABLE_6034C6B4_CURRENT_FRONTIER_AUTHORITY_ROUTING_20260707/source_artifacts/0206_44aa18e5fe_0094_44aa18e5fe_0030_44aa18e5fe_README.md,A,uploader-transfer-package-context,1940,20934DBA09005318B87719176F65216DBEADFE704C2C2131BFA0122BC2DF9809,,source-like/evidence-like packet artifact only; exact source-body rows still require manual source review before reviewer packet use,28019a34851454d37431f2c900c80b45ea90f23e,generated-draft/non-canonical/source-use/gap-support,generated-draft/non-canonical/source-use/gap support only; not native review/not accepted terminology/not approval/not community consent/not license clearance/not gate promotion/not source certification/not final status/not bridge-pilot/not CJK interlanguage bridge/not pan-CJK authority/not Korean-school authority/not visual inventory/not term spine/not sign rendering/not translation completion
uploader-transfer/interlanguage-fable-6034c6b4-current-frontier-authority-routing-20260707/INTERLANGUAGE_FABLE_6034C6B4_CURRENT_FRONTIER_AUTHORITY_ROUTING_20260707/source_artifacts/0207_b39a15c644_0095_b39a15c644_0031_b39a15c644_SHA256SUMS.txt,A,uploader-transfer-package-context,1139,F0FC2C6E80C69583D047A2C6EF2DEC3BE7218609383518164114B080E16124E2,,source-like/evidence-like packet artifact only; exact source-body rows still require manual source review before reviewer packet use,28019a34851454d37431f2c900c80b45ea90f23e,generated-draft/non-canonical/source-use/gap-support,generated-draft/non-canonical/source-use/gap support only; not native review/not accepted terminology/not approval/not community consent/not license clearance/not gate promotion/not source certification/not final status/not bridge-pilot/not CJK interlanguage bridge/not pan-CJK authority/not Korean-school authority/not visual inventory/not term spine/not sign rendering/not translation completion
uploader-transfer/interlanguage-fable-6034c6b4-current-frontier-authority-routing-20260707/INTERLANGUAGE_FABLE_6034C6B4_CURRENT_FRONTIER_AUTHORITY_ROUTING_20260707/source_artifacts/0208_1de0953374_0096_1de0953374_0032_1de0953374_SOURCE_USE_GAP_FABLE_ADVERSE_ROLLUP_A55A9D0F.csv,A,uploader-transfer-package-context,2028,12041EBD2B519162DFD0520ED8382C1D9FE5C62E71EF18805FAF036BCF48180B,5,source-like/evidence-like packet artifact only; exact source-body rows still require manual source review before reviewer packet use,28019a34851454d37431f2c900c80b45ea90f23e,generated-draft/non-canonical/source-use/gap-support,generated-draft/non-canonical/source-use/gap support only; not native review/not accepted terminology/not approval/not community consent/not license clearance/not gate promotion/not source certification/not final status/not bridge-pilot/not CJK interlanguage bridge/not pan-CJK authority/not Korean-school authority/not visual inventory/not term spine/not sign rendering/not translation completion
uploader-transfer/interlanguage-fable-6034c6b4-current-frontier-authority-routing-20260707/INTERLANGUAGE_FABLE_6034C6B4_CURRENT_FRONTIER_AUTHORITY_ROUTING_20260707/source_artifacts/0209_603e962ffa_0097_603e962ffa_0033_603e962ffa_SUMMARY.json,A,uploader-transfer-package-context,1932,96DC97221281E6CE0DCF3E479BDCBE9B7101063B1434CC84B07762EF0113393E,,source-like/evidence-like packet artifact only; exact source-body rows still require manual source review before reviewer packet use,28019a34851454d37431f2c900c80b45ea90f23e,generated-draft/non-canonical/source-use/gap-support,generated-draft/non-canonical/source-use/gap support only; not native review/not accepted terminology/not approval/not community consent/not license clearance/not gate promotion/not source certification/not final status/not bridge-pilot/not CJK interlanguage bridge/not pan-CJK authority/not Korean-school authority/not visual inventory/not term spine/not sign rendering/not translation completion
uploader-transfer/interlanguage-fable-6034c6b4-current-frontier-authority-routing-20260707/INTERLANGUAGE_FABLE_6034C6B4_CURRENT_FRONTIER_AUTHORITY_ROUTING_20260707/source_artifacts/0210_8b0cfbd62e_0098_8b0cfbd62e_0034_8b0cfbd62e_VISIBLE_THREAD_WAKE_STATUS_A55A9D0F.csv,A,uploader-transfer-package-context,1234,415AA5A26C4B50BE65A7ADCEF924AD06C01CC0CC8EBCD81F8B290887C89CA10C,6,source-like/evidence-like packet artifact only; exact source-body rows still require manual source review before reviewer packet use,28019a34851454d37431f2c900c80b45ea90f23e,generated-draft/non-canonical/source-use/gap-support,generated-draft/non-canonical/source-use/gap support only; not native review/not accepted terminology/not approval/not community consent/not license clearance/not gate promotion/not source certification/not final status/not bridge-pilot/not CJK interlanguage bridge/not pan-CJK authority/not Korean-school authority/not visual inventory/not term spine/not sign rendering/not translation completion
uploader-transfer/interlanguage-fable-6034c6b4-current-frontier-authority-routing-20260707/INTERLANGUAGE_FABLE_6034C6B4_CURRENT_FRONTIER_AUTHORITY_ROUTING_20260707/source_artifacts/0211_e09fd0e931_0099_e09fd0e931_0035_e09fd0e931_B3_HANDOFF_SENT_C033F393.md,A,uploader-transfer-package-context,955,A191EC177F3B101487A2E398D9A835BDD8867DB317ABA693000C4D38B3E1F1A4,,source-like/evidence-like packet artifact only; exact source-body rows still require manual source review before reviewer packet use,28019a34851454d37431f2c900c80b45ea90f23e,generated-draft/non-canonical/source-use/gap-support,generated-draft/non-canonical/source-use/gap support only; not native review/not accepted terminology/not approval/not community consent/not license clearance/not gate promotion/not source certification/not final status/not bridge-pilot/not CJK interlanguage bridge/not pan-CJK authority/not Korean-school authority/not visual inventory/not term spine/not sign rendering/not translation completion
uploader-transfer/interlanguage-fable-6034c6b4-current-frontier-authority-routing-20260707/INTERLANGUAGE_FABLE_6034C6B4_CURRENT_FRONTIER_AUTHORITY_ROUTING_20260707/source_artifacts/0212_54b876028c_0100_54b876028c_0036_54b876028c_BRANCH_COMPARE_COMMITS_1FA37D6D_TO_C033F393.csv,A,uploader-transfer-package-context,286,BB7C38284918FD66A6D6E39F106B11C49CEF184B32122636F5361ED9E60FBDEC,2,source-like/evidence-like packet artifact only; exact source-body rows still require manual source review before reviewer packet use,28019a34851454d37431f2c900c80b45ea90f23e,generated-draft/non-canonical/source-use/gap-support,generated-draft/non-canonical/source-use/gap support only; not native review/not accepted terminology/not approval/not community consent/not license clearance/not gate promotion/not source certification/not final status/not bridge-pilot/not CJK interlanguage bridge/not pan-CJK authority/not Korean-school authority/not visual inventory/not term spine/not sign rendering/not translation completion
uploader-transfer/interlanguage-fable-6034c6b4-current-frontier-authority-routing-20260707/INTERLANGUAGE_FABLE_6034C6B4_CURRENT_FRONTIER_AUTHORITY_ROUTING_20260707/source_artifacts/0213_85334ef3e4_0101_85334ef3e4_0037_85334ef3e4_BRANCH_COMPARE_FILES_1FA37D6D_TO_C033F393.csv,A,uploader-transfer-package-context,9729,75E5D817D8037D9493A5B0F0BE8EBDF95781799CC56484658694BB913D14D809,45,source-like/evidence-like packet artifact only; exact source-body rows still require manual source review before reviewer packet use,28019a34851454d37431f2c900c80b45ea90f23e,generated-draft/non-canonical/source-use/gap-support,generated-draft/non-canonical/source-use/gap support only; not native review/not accepted terminology/not approval/not community consent/not license clearance/not gate promotion/not source certification/not final status/not bridge-pilot/not CJK interlanguage bridge/not pan-CJK authority/not Korean-school authority/not visual inventory/not term spine/not sign rendering/not translation completion
uploader-transfer/interlanguage-fable-6034c6b4-current-frontier-authority-routing-20260707/INTERLANGUAGE_FABLE_6034C6B4_CURRENT_FRONTIER_AUTHORITY_ROUTING_20260707/source_artifacts/0214_d46cbed881_0102_d46cbed881_0038_d46cbed881_BRANCH_COMPARE_SUMMARY_C033F393.csv,A,uploader-transfer-package-context,370,CAEDE26EE63DA0CB4A7F5D6BAF1CBC6372F5284C59227795D181A037FB862B94,1,source-like/evidence-like packet artifact only; exact source-body rows still require manual source review before reviewer packet use,28019a34851454d37431f2c900c80b45ea90f23e,generated-draft/non-canonical/source-use/gap-support,generated-draft/non-canonical/source-use/gap support only; not native review/not accepted terminology/not approval/not community consent/not license clearance/not gate promotion/not source certification/not final status/not bridge-pilot/not CJK interlanguage bridge/not pan-CJK authority/not Korean-school authority/not visual inventory/not term spine/not sign rendering/not translation completion
uploader-transfer/interlanguage-fable-6034c6b4-current-frontier-authority-routing-20260707/INTERLANGUAGE_FABLE_6034C6B4_CURRENT_FRONTIER_AUTHORITY_ROUTING_20260707/source_artifacts/0215_75b5de9caf_0103_75b5de9caf_0039_75b5de9caf_EXACT_BLOCKER_RECOVERY_ROWS_C033F393.csv,A,uploader-transfer-package-context,858,55AE6677A49A58551B724AE909B893B886860A26A682E624C1A285366829B141,3,source-like/evidence-like packet artifact only; exact source-body rows still require manual source review before reviewer packet use,28019a34851454d37431f2c900c80b45ea90f23e,generated-draft/non-canonical/source-use/gap-support,generated-draft/non-canonical/source-use/gap support only; not native review/not accepted terminology/not approval/not community consent/not license clearance/not gate promotion/not source certification/not final status/not bridge-pilot/not CJK interlanguage bridge/not pan-CJK authority/not Korean-school authority/not visual inventory/not term spine/not sign rendering/not translation completion
uploader-transfer/interlanguage-fable-6034c6b4-current-frontier-authority-routing-20260707/INTERLANGUAGE_FABLE_6034C6B4_CURRENT_FRONTIER_AUTHORITY_ROUTING_20260707/source_artifacts/0216_6185d70e49_0104_6185d70e49_0040_6185d70e49_MANIFEST.csv,A,uploader-transfer-package-context,995,3B6216A49A2D6560BA53CD7D9E8F912429D06A6D0A58EA1AFE0D0FAD21BDAEEB,9,source-like/evidence-like packet artifact only; exact source-body rows still require manual source review before reviewer packet use,28019a34851454d37431f2c900c80b45ea90f23e,generated-draft/non-canonical/source-use/gap-support,generated-draft/non-canonical/source-use/gap support only; not native review/not accepted terminology/not approval/not community consent/not license clearance/not gate promotion/not source certification/not final status/not bridge-pilot/not CJK interlanguage bridge/not pan-CJK authority/not Korean-school authority/not visual inventory/not term spine/not sign rendering/not translation completion
uploader-transfer/interlanguage-fable-6034c6b4-current-frontier-authority-routing-20260707/INTERLANGUAGE_FABLE_6034C6B4_CURRENT_FRONTIER_AUTHORITY_ROUTING_20260707/source_artifacts/0217_43c5cdbf58_0105_43c5cdbf58_0041_43c5cdbf58_PARENT_PACKET_VISIBILITY_INVENTORY_C033F393.csv,A,uploader-transfer-package-context,465,B2A027AEBFD93F12934483AD17B8410B2C07D3387BD96ADB6DE812914D3A57B6,2,source-like/evidence-like packet artifact only; exact source-body rows still require manual source review before reviewer packet use,28019a34851454d37431f2c900c80b45ea90f23e,generated-draft/non-canonical/source-use/gap-support,generated-draft/non-canonical/source-use/gap support only; not native review/not accepted terminology/not approval/not community consent/not license clearance/not gate promotion/not source certification/not final status/not bridge-pilot/not CJK interlanguage bridge/not pan-CJK authority/not Korean-school authority/not visual inventory/not term spine/not sign rendering/not translation completion
uploader-transfer/interlanguage-fable-6034c6b4-current-frontier-authority-routing-20260707/INTERLANGUAGE_FABLE_6034C6B4_CURRENT_FRONTIER_AUTHORITY_ROUTING_20260707/source_artifacts/0218_41c18acfc6_0106_41c18acfc6_0042_41c18acfc6_README.md,A,uploader-transfer-package-context,3805,C5C1C9C6B14014DAAF70BD392D7CAB26B9FE4FDA2CB3B24D5EF63840D6CBA918,,source-like/evidence-like packet artifact only; exact source-body rows still require manual source review before reviewer packet use,28019a34851454d37431f2c900c80b45ea90f23e,generated-draft/non-canonical/source-use/gap-support,generated-draft/non-canonical/source-use/gap support only; not native review/not accepted terminology/not approval/not community consent/not license clearance/not gate promotion/not source certification/not final status/not bridge-pilot/not CJK interlanguage bridge/not pan-CJK authority/not Korean-school authority/not visual inventory/not term spine/not sign rendering/not translation completion
uploader-transfer/interlanguage-fable-6034c6b4-current-frontier-authority-routing-20260707/INTERLANGUAGE_FABLE_6034C6B4_CURRENT_FRONTIER_AUTHORITY_ROUTING_20260707/source_artifacts/0219_48b5c54c48_0107_48b5c54c48_0043_48b5c54c48_SHA256SUMS.txt,A,uploader-transfer-package-context,928,AC654E6E7FDF1BCB83A762699ADE73A60F7D622D25ACDBE2A7483ECAD3CB5EBE,,source-like/evidence-like packet artifact only; exact source-body rows still require manual source review before reviewer packet use,28019a34851454d37431f2c900c80b45ea90f23e,generated-draft/non-canonical/source-use/gap-support,generated-draft/non-canonical/source-use/gap support only; not native review/not accepted terminology/not approval/not community consent/not license clearance/not gate promotion/not source certification/not final status/not bridge-pilot/not CJK interlanguage bridge/not pan-CJK authority/not Korean-school authority/not visual inventory/not term spine/not sign rendering/not translation completion
uploader-transfer/interlanguage-fable-6034c6b4-current-frontier-authority-routing-20260707/INTERLANGUAGE_FABLE_6034C6B4_CURRENT_FRONTIER_AUTHORITY_ROUTING_20260707/source_artifacts/0220_c93daab564_0108_c93daab564_0044_c93daab564_SOURCE_USE_GAP_FABLE_ADVERSE_CARRYFORWARD_C033F393.csv,A,uploader-transfer-package-context,887,C3C1F798049F646E731AD40E303A87C620A01B362980CD52A2CF3BCD6B87C4A9,3,source-like/evidence-like packet artifact only; exact source-body rows still require manual source review before reviewer packet use,28019a34851454d37431f2c900c80b45ea90f23e,generated-draft/non-canonical/source-use/gap-support,generated-draft/non-canonical/source-use/gap support only; not native review/not accepted terminology/not approval/not community consent/not license clearance/not gate promotion/not source certification/not final status/not bridge-pilot/not CJK interlanguage bridge/not pan-CJK authority/not Korean-school authority/not visual inventory/not term spine/not sign rendering/not translation completion
uploader-transfer/interlanguage-fable-6034c6b4-current-frontier-authority-routing-20260707/INTERLANGUAGE_FABLE_6034C6B4_CURRENT_FRONTIER_AUTHORITY_ROUTING_20260707/source_artifacts/0221_0a94e9cfac_0109_0a94e9cfac_0045_0a94e9cfac_SUMMARY.json,A,uploader-transfer-package-context,1051,41B06AEAA15D647BC4537494C8BD7A89EA45B007F51CB2EDCE340437DC238CB3,,source-like/evidence-like packet artifact only; exact source-body rows still require manual source review before reviewer packet use,28019a34851454d37431f2c900c80b45ea90f23e,generated-draft/non-canonical/source-use/gap-support,generated-draft/non-canonical/source-use/gap support only; not native review/not accepted terminology/not approval/not community consent/not license clearance/not gate promotion/not source certification/not final status/not bridge-pilot/not CJK interlanguage bridge/not pan-CJK authority/not Korean-school authority/not visual inventory/not term spine/not sign rendering/not translation completion
uploader-transfer/interlanguage-fable-6034c6b4-current-frontier-authority-routing-20260707/INTERLANGUAGE_FABLE_6034C6B4_CURRENT_FRONTIER_AUTHORITY_ROUTING_20260707/source_artifacts/0222_d09b5c0812_0110_d09b5c0812_0046_d09b5c0812_A55A9D0F_B3_HANDOFF_BOUNDARIES_20260707.csv,A,uploader-transfer-package-context,1762,39BF8F5D35F0C9472E4E576356857B53F2FB75D93348E5F378745B051F316A78,3,source-like/evidence-like packet artifact only; exact source-body rows still require manual source review before reviewer packet use,28019a34851454d37431f2c900c80b45ea90f23e,generated-draft/non-canonical/source-use/gap-support,generated-draft/non-canonical/source-use/gap support only; not native review/not accepted terminology/not approval/not community consent/not license clearance/not gate promotion/not source certification/not final status/not bridge-pilot/not CJK interlanguage bridge/not pan-CJK authority/not Korean-school authority/not visual inventory/not term spine/not sign rendering/not translation completion
uploader-transfer/interlanguage-fable-6034c6b4-current-frontier-authority-routing-20260707/INTERLANGUAGE_FABLE_6034C6B4_CURRENT_FRONTIER_AUTHORITY_ROUTING_20260707/source_artifacts/0223_a7fdd4f1bc_0111_a7fdd4f1bc_0047_a7fdd4f1bc_A55A9D0F_EXACT_BLOCKER_RECOVERY_ROWS_20260707.csv,A,uploader-transfer-package-context,4674,4F711D28E98E56D0A0136B11C49F35402D31FAC4DF17F92F85684586723EC427,6,source-like/evidence-like packet artifact only; exact source-body rows still require manual source review before reviewer packet use,28019a34851454d37431f2c900c80b45ea90f23e,generated-draft/non-canonical/source-use/gap-support,generated-draft/non-canonical/source-use/gap support only; not native review/not accepted terminology/not approval/not community consent/not license clearance/not gate promotion/not source certification/not final status/not bridge-pilot/not CJK interlanguage bridge/not pan-CJK authority/not Korean-school authority/not visual inventory/not term spine/not sign rendering/not translation completion
uploader-transfer/interlanguage-fable-6034c6b4-current-frontier-authority-routing-20260707/INTERLANGUAGE_FABLE_6034C6B4_CURRENT_FRONTIER_AUTHORITY_ROUTING_20260707/source_artifacts/0224_e601f05fd7_0112_e601f05fd7_0048_e601f05fd7_A55A9D0F_ROUTE_PACKET_APPLICATION_ROWS_20260707.csv,A,uploader-transfer-package-context,3681,2595FBD9F72605547879560A168D5ECBC876E41D8ECDCA05659D42D7D33DDA1F,4,source-like/evidence-like packet artifact only; exact source-body rows still require manual source review before reviewer packet use,28019a34851454d37431f2c900c80b45ea90f23e,generated-draft/non-canonical/source-use/gap-support,generated-draft/non-canonical/source-use/gap support only; not native review/not accepted terminology/not approval/not community consent/not license clearance/not gate promotion/not source certification/not final status/not bridge-pilot/not CJK interlanguage bridge/not pan-CJK authority/not Korean-school authority/not visual inventory/not term spine/not sign rendering/not translation completion
uploader-transfer/interlanguage-fable-6034c6b4-current-frontier-authority-routing-20260707/INTERLANGUAGE_FABLE_6034C6B4_CURRENT_FRONTIER_AUTHORITY_ROUTING_20260707/source_artifacts/0225_f7fffd496f_0113_f7fffd496f_0049_f7fffd496f_A55A9D0F_SAME_FRONTIER_DEDUP_ROWS_20260707.csv,A,uploader-transfer-package-context,1203,39CE02D8EE339B6034341126265E95546D7E820F3D74DFA20EC4C6FCBDF238A9,1,source-like/evidence-like packet artifact only; exact source-body rows still require manual source review before reviewer packet use,28019a34851454d37431f2c900c80b45ea90f23e,generated-draft/non-canonical/source-use/gap-support,generated-draft/non-canonical/source-use/gap support only; not native review/not accepted terminology/not approval/not community consent/not license clearance/not gate promotion/not source certification/not final status/not bridge-pilot/not CJK interlanguage bridge/not pan-CJK authority/not Korean-school authority/not visual inventory/not term spine/not sign rendering/not translation completion
uploader-transfer/interlanguage-fable-6034c6b4-current-frontier-authority-routing-20260707/INTERLANGUAGE_FABLE_6034C6B4_CURRENT_FRONTIER_AUTHORITY_ROUTING_20260707/source_artifacts/0226_f6d0d20cee_0114_f6d0d20cee_0050_f6d0d20cee_A55A9D0F_SOURCE_USE_GAP_FABLE_ADVERSE_ROWS_20260707.csv,A,uploader-transfer-package-context,4566,2A1FB54D2F629A40069CBAEEABA780E44E69659C71E29ADCD112C75F55529CD6,5,source-like/evidence-like packet artifact only; exact source-body rows still require manual source review before reviewer packet use,28019a34851454d37431f2c900c80b45ea90f23e,generated-draft/non-canonical/source-use/gap-support,generated-draft/non-canonical/source-use/gap support only; not native review/not accepted terminology/not approval/not community consent/not license clearance/not gate promotion/not source certification/not final status/not bridge-pilot/not CJK interlanguage bridge/not pan-CJK authority/not Korean-school authority/not visual inventory/not term spine/not sign rendering/not translation completion
uploader-transfer/interlanguage-fable-6034c6b4-current-frontier-authority-routing-20260707/INTERLANGUAGE_FABLE_6034C6B4_CURRENT_FRONTIER_AUTHORITY_ROUTING_20260707/source_artifacts/0227_fbcb225c41_0115_fbcb225c41_0051_fbcb225c41_ACTIVE_SESSION_STATE.md,A,uploader-transfer-package-context,1191,3DD8907B428F5DF70992052EF957E6E2B58199EF1CDBE9B99E1DB3F8432F82C4,,source-like/evidence-like packet artifact only; exact source-body rows still require manual source review before reviewer packet use,28019a34851454d37431f2c900c80b45ea90f23e,generated-draft/non-canonical/source-use/gap-support,generated-draft/non-canonical/source-use/gap support only; not native review/not accepted terminology/not approval/not community consent/not license clearance/not gate promotion/not source certification/not final status/not bridge-pilot/not CJK interlanguage bridge/not pan-CJK authority/not Korean-school authority/not visual inventory/not term spine/not sign rendering/not translation completion
uploader-transfer/interlanguage-fable-6034c6b4-current-frontier-authority-routing-20260707/INTERLANGUAGE_FABLE_6034C6B4_CURRENT_FRONTIER_AUTHORITY_ROUTING_20260707/source_artifacts/0228_0f568aa6ef_0116_0f568aa6ef_0052_0f568aa6ef_B3_UPLOADER_READY_SUMMARY_A55A9D0F.csv,A,uploader-transfer-package-context,667,AB8485E5BC9FA0A979491D95D9DCB765B56160B59CB7F5FDFEAEB0D2C0DABE22,1,source-like/evidence-like packet artifact only; exact source-body rows still require manual source review before reviewer packet use,28019a34851454d37431f2c900c80b45ea90f23e,generated-draft/non-canonical/source-use/gap-support,generated-draft/non-canonical/source-use/gap support only; not native review/not accepted terminology/not approval/not community consent/not license clearance/not gate promotion/not source certification/not final status/not bridge-pilot/not CJK interlanguage bridge/not pan-CJK authority/not Korean-school authority/not visual inventory/not term spine/not sign rendering/not translation completion
uploader-transfer/interlanguage-fable-6034c6b4-current-frontier-authority-routing-20260707/INTERLANGUAGE_FABLE_6034C6B4_CURRENT_FRONTIER_AUTHORITY_ROUTING_20260707/source_artifacts/0229_2383b186ef_0117_2383b186ef_0053_2383b186ef_DRAFT_NONCANONICAL_PRETRANSLATION_INTERLINEAR_ROWS_A55A9D0,A,uploader-transfer-package-context,8505,3AB91FDFFD0F995FE5647AF5E6715326C6FF5976038C77B1721BFF63E6951D79,,source-like/evidence-like packet artifact only; exact source-body rows still require manual source review before reviewer packet use,28019a34851454d37431f2c900c80b45ea90f23e,generated-draft/non-canonical/source-use/gap-support,generated-draft/non-canonical/source-use/gap support only; not native review/not accepted terminology/not approval/not community consent/not license clearance/not gate promotion/not source certification/not final status/not bridge-pilot/not CJK interlanguage bridge/not pan-CJK authority/not Korean-school authority/not visual inventory/not term spine/not sign rendering/not translation completion
uploader-transfer/interlanguage-fable-6034c6b4-current-frontier-authority-routing-20260707/INTERLANGUAGE_FABLE_6034C6B4_CURRENT_FRONTIER_AUTHORITY_ROUTING_20260707/source_artifacts/0230_cebc1cf06b_0118_cebc1cf06b_0054_cebc1cf06b_EXACT_BLOCKERS_AND_RECOVERY_ROWS_A55A9D0F.csv,A,uploader-transfer-package-context,9333,71EDEBAC58968E4E9A73B9AD24415926473E0318A09E3C8E52B08F6CA984D865,10,source-like/evidence-like packet artifact only; exact source-body rows still require manual source review before reviewer packet use,28019a34851454d37431f2c900c80b45ea90f23e,generated-draft/non-canonical/source-use/gap-support,generated-draft/non-canonical/source-use/gap support only; not native review/not accepted terminology/not approval/not community consent/not license clearance/not gate promotion/not source certification/not final status/not bridge-pilot/not CJK interlanguage bridge/not pan-CJK authority/not Korean-school authority/not visual inventory/not term spine/not sign rendering/not translation completion
uploader-transfer/interlanguage-fable-6034c6b4-current-frontier-authority-routing-20260707/INTERLANGUAGE_FABLE_6034C6B4_CURRENT_FRONTIER_AUTHORITY_ROUTING_20260707/source_artifacts/0231_9bd77cf621_0119_9bd77cf621_0055_9bd77cf621_FABLE_FORMAL_OBJECT_CARRYFORWARD_A55A9D0F.csv,A,uploader-transfer-package-context,5921,302DAFA2D6D12644496B22248014D432510CF76F1BED773CD0AC437A5F79D100,11,source-like/evidence-like packet artifact only; exact source-body rows still require manual source review before reviewer packet use,28019a34851454d37431f2c900c80b45ea90f23e,generated-draft/non-canonical/source-use/gap-support,generated-draft/non-canonical/source-use/gap support only; not native review/not accepted terminology/not approval/not community consent/not license clearance/not gate promotion/not source certification/not final status/not bridge-pilot/not CJK interlanguage bridge/not pan-CJK authority/not Korean-school authority/not visual inventory/not term spine/not sign rendering/not translation completion
uploader-transfer/interlanguage-fable-6034c6b4-current-frontier-authority-routing-20260707/INTERLANGUAGE_FABLE_6034C6B4_CURRENT_FRONTIER_AUTHORITY_ROUTING_20260707/source_artifacts/0232_e9d8ddc174_0120_e9d8ddc174_0056_e9d8ddc174_FABLE_REQUIREMENTS_ACKNOWLEDGED_20260707.md,A,uploader-transfer-package-context,1121,39626FB1B28359709B1FBE2ECFB115D2B8C59CE1EF1AE78C8F75A14782C667A1,,source-like/evidence-like packet artifact only; exact source-body rows still require manual source review before reviewer packet use,28019a34851454d37431f2c900c80b45ea90f23e,generated-draft/non-canonical/source-use/gap-support,generated-draft/non-canonical/source-use/gap support only; not native review/not accepted terminology/not approval/not community consent/not license clearance/not gate promotion/not source certification/not final status/not bridge-pilot/not CJK interlanguage bridge/not pan-CJK authority/not Korean-school authority/not visual inventory/not term spine/not sign rendering/not translation completion
uploader-transfer/interlanguage-fable-6034c6b4-current-frontier-authority-routing-20260707/INTERLANGUAGE_FABLE_6034C6B4_CURRENT_FRONTIER_AUTHORITY_ROUTING_20260707/source_artifacts/0233_054756a1b7_0121_054756a1b7_0057_054756a1b7_FRONTIER_DELTA_A55A9D0F.csv,A,uploader-transfer-package-context,1554,3CCE9A0F92206E1CD2917F3DFF41A71A1B8E11491EFC30D1C37AFBBB4C9541EF,2,source-like/evidence-like packet artifact only; exact source-body rows still require manual source review before reviewer packet use,28019a34851454d37431f2c900c80b45ea90f23e,generated-draft/non-canonical/source-use/gap-support,generated-draft/non-canonical/source-use/gap support only; not native review/not accepted terminology/not approval/not community consent/not license clearance/not gate promotion/not source certification/not final status/not bridge-pilot/not CJK interlanguage bridge/not pan-CJK authority/not Korean-school authority/not visual inventory/not term spine/not sign rendering/not translation completion
uploader-transfer/interlanguage-fable-6034c6b4-current-frontier-authority-routing-20260707/INTERLANGUAGE_FABLE_6034C6B4_CURRENT_FRONTIER_AUTHORITY_ROUTING_20260707/source_artifacts/0234_9d31fd242c_0122_9d31fd242c_0058_9d31fd242c_HEARTBEAT_20260707.md,A,uploader-transfer-package-context,1447,CC317D32A9BEBA96D72CA281A9D10B438FA4FB95C435CF762730F11337EFF4C0,,source-like/evidence-like packet artifact only; exact source-body rows still require manual source review before reviewer packet use,28019a34851454d37431f2c900c80b45ea90f23e,generated-draft/non-canonical/source-use/gap-support,generated-draft/non-canonical/source-use/gap support only; not native review/not accepted terminology/not approval/not community consent/not license clearance/not gate promotion/not source certification/not final status/not bridge-pilot/not CJK interlanguage bridge/not pan-CJK authority/not Korean-school authority/not visual inventory/not term spine/not sign rendering/not translation completion
uploader-transfer/interlanguage-fable-6034c6b4-current-frontier-authority-routing-20260707/INTERLANGUAGE_FABLE_6034C6B4_CURRENT_FRONTIER_AUTHORITY_ROUTING_20260707/source_artifacts/0235_b9fee695a5_0123_b9fee695a5_0059_b9fee695a5_MANIFEST.csv,A,uploader-transfer-package-context,5522,84D331F18F10471775228AE344F8550CE8559C2A2070277AEFE139D1C3BD9B0C,31,source-like/evidence-like packet artifact only; exact source-body rows still require manual source review before reviewer packet use,28019a34851454d37431f2c900c80b45ea90f23e,generated-draft/non-canonical/source-use/gap-support,generated-draft/non-canonical/source-use/gap support only; not native review/not accepted terminology/not approval/not community consent/not license clearance/not gate promotion/not source certification/not final status/not bridge-pilot/not CJK interlanguage bridge/not pan-CJK authority/not Korean-school authority/not visual inventory/not term spine/not sign rendering/not translation completion
uploader-transfer/interlanguage-fable-6034c6b4-current-frontier-authority-routing-20260707/INTERLANGUAGE_FABLE_6034C6B4_CURRENT_FRONTIER_AUTHORITY_ROUTING_20260707/source_artifacts/0236_eba28c6360_0124_eba28c6360_0060_eba28c6360_README.md,A,uploader-transfer-package-context,2271,5C72B7AB212E0F3318649DBD1456AC6CBD0B705407F311283802E08F6C184758,,source-like/evidence-like packet artifact only; exact source-body rows still require manual source review before reviewer packet use,28019a34851454d37431f2c900c80b45ea90f23e,generated-draft/non-canonical/source-use/gap-support,generated-draft/non-canonical/source-use/gap support only; not native review/not accepted terminology/not approval/not community consent/not license clearance/not gate promotion/not source certification/not final status/not bridge-pilot/not CJK interlanguage bridge/not pan-CJK authority/not Korean-school authority/not visual inventory/not term spine/not sign rendering/not translation completion
uploader-transfer/interlanguage-fable-6034c6b4-current-frontier-authority-routing-20260707/INTERLANGUAGE_FABLE_6034C6B4_CURRENT_FRONTIER_AUTHORITY_ROUTING_20260707/source_artifacts/0237_e46b3ec135_0125_e46b3ec135_0061_e46b3ec135_SESSION_LOGBOOK_20260707.md,A,uploader-transfer-package-context,1449,434C331A890F81102386A1C09F82FCBB8F2F5B6A840FD6FDC2A3F4EE62D37CCB,,source-like/evidence-like packet artifact only; exact source-body rows still require manual source review before reviewer packet use,28019a34851454d37431f2c900c80b45ea90f23e,generated-draft/non-canonical/source-use/gap-support,generated-draft/non-canonical/source-use/gap support only; not native review/not accepted terminology/not approval/not community consent/not license clearance/not gate promotion/not source certification/not final status/not bridge-pilot/not CJK interlanguage bridge/not pan-CJK authority/not Korean-school authority/not visual inventory/not term spine/not sign rendering/not translation completion
uploader-transfer/interlanguage-fable-6034c6b4-current-frontier-authority-routing-20260707/INTERLANGUAGE_FABLE_6034C6B4_CURRENT_FRONTIER_AUTHORITY_ROUTING_20260707/source_artifacts/0238_d683b2f7f1_0126_d683b2f7f1_0062_d683b2f7f1_SHA256SUMS.txt,A,uploader-transfer-package-context,3120,0F581ECEF8287F15926E9F42A201C9148E7B1102D0F9264F2D0E24BBF2E1E0E2,,source-like/evidence-like packet artifact only; exact source-body rows still require manual source review before reviewer packet use,28019a34851454d37431f2c900c80b45ea90f23e,generated-draft/non-canonical/source-use/gap-support,generated-draft/non-canonical/source-use/gap support only; not native review/not accepted terminology/not approval/not community consent/not license clearance/not gate promotion/not source certification/not final status/not bridge-pilot/not CJK interlanguage bridge/not pan-CJK authority/not Korean-school authority/not visual inventory/not term spine/not sign rendering/not translation completion
uploader-transfer/interlanguage-fable-6034c6b4-current-frontier-authority-routing-20260707/INTERLANGUAGE_FABLE_6034C6B4_CURRENT_FRONTIER_AUTHORITY_ROUTING_20260707/source_artifacts/0239_df192d730d_0127_df192d730d_0063_df192d730d_SHA256_VERIFICATION_20260707.csv,A,uploader-transfer-package-context,5496,F7D0EDE3DCB53CEE90E5DDCBB620EFD08745D26919EEBDEFCBA3405796B4958A,31,source-like/evidence-like packet artifact only; exact source-body rows still require manual source review before reviewer packet use,28019a34851454d37431f2c900c80b45ea90f23e,generated-draft/non-canonical/source-use/gap-support,generated-draft/non-canonical/source-use/gap support only; not native review/not accepted terminology/not approval/not community consent/not license clearance/not gate promotion/not source certification/not final status/not bridge-pilot/not CJK interlanguage bridge/not pan-CJK authority/not Korean-school authority/not visual inventory/not term spine/not sign rendering/not translation completion
uploader-transfer/interlanguage-fable-6034c6b4-current-frontier-authority-routing-20260707/INTERLANGUAGE_FABLE_6034C6B4_CURRENT_FRONTIER_AUTHORITY_ROUTING_20260707/source_artifacts/0240_fdeca157c0_0128_fdeca157c0_0064_fdeca157c0_SOURCE_USE_GAP_ADVERSE_FABLE_LEDGER_A55A9D0F.csv,A,uploader-transfer-package-context,4640,05B95C69FEB54B694A6EA75D17300CB66DF1596CA711A0E045B89EE01C0BE4E1,5,source-like/evidence-like packet artifact only; exact source-body rows still require manual source review before reviewer packet use,28019a34851454d37431f2c900c80b45ea90f23e,generated-draft/non-canonical/source-use/gap-support,generated-draft/non-canonical/source-use/gap support only; not native review/not accepted terminology/not approval/not community consent/not license clearance/not gate promotion/not source certification/not final status/not bridge-pilot/not CJK interlanguage bridge/not pan-CJK authority/not Korean-school authority/not visual inventory/not term spine/not sign rendering/not translation completion
uploader-transfer/interlanguage-fable-6034c6b4-current-frontier-authority-routing-20260707/INTERLANGUAGE_FABLE_6034C6B4_CURRENT_FRONTIER_AUTHORITY_ROUTING_20260707/source_artifacts/0241_7437f6d7ef_0129_7437f6d7ef_0065_7437f6d7ef_SOURCE_WITNESS_SUBSET_BY_SUBLANE_A55A9D0F.csv,A,uploader-transfer-package-context,15458,1E873F43A20800E3E7E792EA152FEAAC5AA0E1FB8FE328FC26DB02EAE6C9EF95,20,source-like/evidence-like packet artifact only; exact source-body rows still require manual source review before reviewer packet use,28019a34851454d37431f2c900c80b45ea90f23e,generated-draft/non-canonical/source-use/gap-support,generated-draft/non-canonical/source-use/gap support only; not native review/not accepted terminology/not approval/not community consent/not license clearance/not gate promotion/not source certification/not final status/not bridge-pilot/not CJK interlanguage bridge/not pan-CJK authority/not Korean-school authority/not visual inventory/not term spine/not sign rendering/not translation completion
uploader-transfer/interlanguage-fable-6034c6b4-current-frontier-authority-routing-20260707/INTERLANGUAGE_FABLE_6034C6B4_CURRENT_FRONTIER_AUTHORITY_ROUTING_20260707/source_artifacts/0242_af5e50ee05_0130_af5e50ee05_0066_af5e50ee05_SUBLANE_SOURCE_CONTEXT_MANUAL_REVIEW_NOTES_A55A9D0F.csv,A,uploader-transfer-package-context,16662,3DC3E2D00BDC71D86BF3A4B9602C67F913E0FD9B698C1AE1DD4934F10F8D6D40,14,source-like/evidence-like packet artifact only; exact source-body rows still require manual source review before reviewer packet use,28019a34851454d37431f2c900c80b45ea90f23e,generated-draft/non-canonical/source-use/gap-support,generated-draft/non-canonical/source-use/gap support only; not native review/not accepted terminology/not approval/not community consent/not license clearance/not gate promotion/not source certification/not final status/not bridge-pilot/not CJK interlanguage bridge/not pan-CJK authority/not Korean-school authority/not visual inventory/not term spine/not sign rendering/not translation completion
uploader-transfer/interlanguage-fable-6034c6b4-current-frontier-authority-routing-20260707/INTERLANGUAGE_FABLE_6034C6B4_CURRENT_FRONTIER_AUTHORITY_ROUTING_20260707/source_artifacts/0243_cefcff9d51_0131_cefcff9d51_0067_cefcff9d51_SUMMARY_COUNTS_A55A9D0F.csv,A,uploader-transfer-package-context,827,C32645324FBAA9985F66056A642D8C4F951CC4E0D464696E7EE4BFB2F154A8A2,15,source-like/evidence-like packet artifact only; exact source-body rows still require manual source review before reviewer packet use,28019a34851454d37431f2c900c80b45ea90f23e,generated-draft/non-canonical/source-use/gap-support,generated-draft/non-canonical/source-use/gap support only; not native review/not accepted terminology/not approval/not community consent/not license clearance/not gate promotion/not source certification/not final status/not bridge-pilot/not CJK interlanguage bridge/not pan-CJK authority/not Korean-school authority/not visual inventory/not term spine/not sign rendering/not translation completion
uploader-transfer/interlanguage-fable-6034c6b4-current-frontier-authority-routing-20260707/INTERLANGUAGE_FABLE_6034C6B4_CURRENT_FRONTIER_AUTHORITY_ROUTING_20260707/source_artifacts/0244_f2727a43a4_0132_f2727a43a4_0068_f2727a43a4_TG_CYRL_TJ_SOURCE_DISCOVERY_ONLY_ROWS_A55A9D0F.csv,A,uploader-transfer-package-context,13009,F76FE7D0B875B7B18652317A2FF7142982F1770EE9497FC1F1438264AF8B3E6D,12,source-like/evidence-like packet artifact only; exact source-body rows still require manual source review before reviewer packet use,28019a34851454d37431f2c900c80b45ea90f23e,generated-draft/non-canonical/source-use/gap-support,generated-draft/non-canonical/source-use/gap support only; not native review/not accepted terminology/not approval/not community consent/not license clearance/not gate promotion/not source certification/not final status/not bridge-pilot/not CJK interlanguage bridge/not pan-CJK authority/not Korean-school authority/not visual inventory/not term spine/not sign rendering/not translation completion
uploader-transfer/interlanguage-fable-6034c6b4-current-frontier-authority-routing-20260707/INTERLANGUAGE_FABLE_6034C6B4_CURRENT_FRONTIER_AUTHORITY_ROUTING_20260707/source_artifacts/0245_64680b5495_0133_64680b5495_0069_64680b5495_adverse_evidence.csv,A,uploader-transfer-package-context,1604,5A9EFBC1E398077B8C4D409B7206847EF4EA1BD0B824110D89899E60BFB145B0,7,source-like/evidence-like packet artifact only; exact source-body rows still require manual source review before reviewer packet use,28019a34851454d37431f2c900c80b45ea90f23e,generated-draft/non-canonical/source-use/gap-support,generated-draft/non-canonical/source-use/gap support only; not native review/not accepted terminology/not approval/not community consent/not license clearance/not gate promotion/not source certification/not final status/not bridge-pilot/not CJK interlanguage bridge/not pan-CJK authority/not Korean-school authority/not visual inventory/not term spine/not sign rendering/not translation completion
uploader-transfer/interlanguage-fable-6034c6b4-current-frontier-authority-routing-20260707/INTERLANGUAGE_FABLE_6034C6B4_CURRENT_FRONTIER_AUTHORITY_ROUTING_20260707/source_artifacts/0246_c491c02b74_0134_c491c02b74_0070_c491c02b74_branch_weight_ledger.csv,A,uploader-transfer-package-context,5502,C42D2DE54ACFCD4886043F4BD13B0084B449F0C223F65F285DA6A8DB2500524A,10,source-like/evidence-like packet artifact only; exact source-body rows still require manual source review before reviewer packet use,28019a34851454d37431f2c900c80b45ea90f23e,generated-draft/non-canonical/source-use/gap-support,generated-draft/non-canonical/source-use/gap support only; not native review/not accepted terminology/not approval/not community consent/not license clearance/not gate promotion/not source certification/not final status/not bridge-pilot/not CJK interlanguage bridge/not pan-CJK authority/not Korean-school authority/not visual inventory/not term spine/not sign rendering/not translation completion
uploader-transfer/interlanguage-fable-6034c6b4-current-frontier-authority-routing-20260707/INTERLANGUAGE_FABLE_6034C6B4_CURRENT_FRONTIER_AUTHORITY_ROUTING_20260707/source_artifacts/0247_3a66927376_0135_3a66927376_0071_3a66927376_do_not_use.csv,A,uploader-transfer-package-context,1913,43C2EF5560AF679008BD3F0523980607F263EF827B3572ACB8A20B73BE297675,8,source-like/evidence-like packet artifact only; exact source-body rows still require manual source review before reviewer packet use,28019a34851454d37431f2c900c80b45ea90f23e,generated-draft/non-canonical/source-use/gap-support,generated-draft/non-canonical/source-use/gap support only; not native review/not accepted terminology/not approval/not community consent/not license clearance/not gate promotion/not source certification/not final status/not bridge-pilot/not CJK interlanguage bridge/not pan-CJK authority/not Korean-school authority/not visual inventory/not term spine/not sign rendering/not translation completion
uploader-transfer/interlanguage-fable-6034c6b4-current-frontier-authority-routing-20260707/INTERLANGUAGE_FABLE_6034C6B4_CURRENT_FRONTIER_AUTHORITY_ROUTING_20260707/source_artifacts/0248_31140c01d4_0136_31140c01d4_0072_31140c01d4_forms.csv,A,uploader-transfer-package-context,10505,26022528EDA2D81EC547B04F34E3B68CDB30A746401BE44DC713A093F8D8A104,40,source-like/evidence-like packet artifact only; exact source-body rows still require manual source review before reviewer packet use,28019a34851454d37431f2c900c80b45ea90f23e,generated-draft/non-canonical/source-use/gap-support,generated-draft/non-canonical/source-use/gap support only; not native review/not accepted terminology/not approval/not community consent/not license clearance/not gate promotion/not source certification/not final status/not bridge-pilot/not CJK interlanguage bridge/not pan-CJK authority/not Korean-school authority/not visual inventory/not term spine/not sign rendering/not translation completion
uploader-transfer/interlanguage-fable-6034c6b4-current-frontier-authority-routing-20260707/INTERLANGUAGE_FABLE_6034C6B4_CURRENT_FRONTIER_AUTHORITY_ROUTING_20260707/source_artifacts/0249_44e9a9a767_0137_44e9a9a767_0073_44e9a9a767_languages.csv,A,uploader-transfer-package-context,1507,4DF41260B0318483B6960924F7F2A5356A2EA356C734C90FE51530039A18B57C,5,source-like/evidence-like packet artifact only; exact source-body rows still require manual source review before reviewer packet use,28019a34851454d37431f2c900c80b45ea90f23e,generated-draft/non-canonical/source-use/gap-support,generated-draft/non-canonical/source-use/gap support only; not native review/not accepted terminology/not approval/not community consent/not license clearance/not gate promotion/not source certification/not final status/not bridge-pilot/not CJK interlanguage bridge/not pan-CJK authority/not Korean-school authority/not visual inventory/not term spine/not sign rendering/not translation completion
uploader-transfer/interlanguage-fable-6034c6b4-current-frontier-authority-routing-20260707/INTERLANGUAGE_FABLE_6034C6B4_CURRENT_FRONTIER_AUTHORITY_ROUTING_20260707/source_artifacts/0250_12ce3bff50_0138_12ce3bff50_0074_12ce3bff50_lexemes.jsonl,A,uploader-transfer-package-context,2437,009670AE69EE28C5005C6C534869C55F6F327F0E8ADBA6F275648089661DA0B2,,source-like/evidence-like packet artifact only; exact source-body rows still require manual source review before reviewer packet use,28019a34851454d37431f2c900c80b45ea90f23e,generated-draft/non-canonical/source-use/gap-support,generated-draft/non-canonical/source-use/gap support only; not native review/not accepted terminology/not approval/not community consent/not license clearance/not gate promotion/not source certification/not final status/not bridge-pilot/not CJK interlanguage bridge/not pan-CJK authority/not Korean-school authority/not visual inventory/not term spine/not sign rendering/not translation completion
uploader-transfer/interlanguage-fable-6034c6b4-current-frontier-authority-routing-20260707/INTERLANGUAGE_FABLE_6034C6B4_CURRENT_FRONTIER_AUTHORITY_ROUTING_20260707/source_artifacts/0251_124b9085a0_0139_124b9085a0_0075_124b9085a0_marginal_intelligibility.csv,A,uploader-transfer-package-context,4167,1B32510E55639EBD172C6ECF935F867A2B1EE29E0A79C94802B4A45898907C4B,10,source-like/evidence-like packet artifact only; exact source-body rows still require manual source review before reviewer packet use,28019a34851454d37431f2c900c80b45ea90f23e,generated-draft/non-canonical/source-use/gap-support,generated-draft/non-canonical/source-use/gap support only; not native review/not accepted terminology/not approval/not community consent/not license clearance/not gate promotion/not source certification/not final status/not bridge-pilot/not CJK interlanguage bridge/not pan-CJK authority/not Korean-school authority/not visual inventory/not term spine/not sign rendering/not translation completion
uploader-transfer/interlanguage-fable-6034c6b4-current-frontier-authority-routing-20260707/INTERLANGUAGE_FABLE_6034C6B4_CURRENT_FRONTIER_AUTHORITY_ROUTING_20260707/source_artifacts/0252_36cdbda24b_0140_36cdbda24b_0076_36cdbda24b_rules_acknowledgement.md,A,uploader-transfer-package-context,4655,B5EDED5064EC24B97118B227A4CAA39E5B2C6D7542B0573B02E43EAE3C3C2D20,,source-like/evidence-like packet artifact only; exact source-body rows still require manual source review before reviewer packet use,28019a34851454d37431f2c900c80b45ea90f23e,generated-draft/non-canonical/source-use/gap-support,generated-draft/non-canonical/source-use/gap support only; not native review/not accepted terminology/not approval/not community consent/not license clearance/not gate promotion/not source certification/not final status/not bridge-pilot/not CJK interlanguage bridge/not pan-CJK authority/not Korean-school authority/not visual inventory/not term spine/not sign rendering/not translation completion
uploader-transfer/interlanguage-fable-6034c6b4-current-frontier-authority-routing-20260707/INTERLANGUAGE_FABLE_6034C6B4_CURRENT_FRONTIER_AUTHORITY_ROUTING_20260707/source_artifacts/0253_14980b4aac_0141_14980b4aac_0077_14980b4aac_source_documents.csv,A,uploader-transfer-package-context,63239,479336F2D88A42D261972068E75A2BA388293F370CF6CE7D0ED5DFA7968B4A13,73,source-like/evidence-like packet artifact only; exact source-body rows still require manual source review before reviewer packet use,28019a34851454d37431f2c900c80b45ea90f23e,generated-draft/non-canonical/source-use/gap-support,generated-draft/non-canonical/source-use/gap support only; not native review/not accepted terminology/not approval/not community consent/not license clearance/not gate promotion/not source certification/not final status/not bridge-pilot/not CJK interlanguage bridge/not pan-CJK authority/not Korean-school authority/not visual inventory/not term spine/not sign rendering/not translation completion
uploader-transfer/interlanguage-fable-6034c6b4-current-frontier-authority-routing-20260707/INTERLANGUAGE_FABLE_6034C6B4_CURRENT_FRONTIER_AUTHORITY_ROUTING_20260707/source_artifacts/0254_796bf43d26_0142_796bf43d26_0078_796bf43d26_source_use_ledger.csv,A,uploader-transfer-package-context,3981,2E3A5E84E666F24B435C03153A5ED72BE55C4CA5F774998FD6460AE3F68DCFAB,20,source-like/evidence-like packet artifact only; exact source-body rows still require manual source review before reviewer packet use,28019a34851454d37431f2c900c80b45ea90f23e,generated-draft/non-canonical/source-use/gap-support,generated-draft/non-canonical/source-use/gap support only; not native review/not accepted terminology/not approval/not community consent/not license clearance/not gate promotion/not source certification/not final status/not bridge-pilot/not CJK interlanguage bridge/not pan-CJK authority/not Korean-school authority/not visual inventory/not term spine/not sign rendering/not translation completion
uploader-transfer/interlanguage-fable-6034c6b4-current-frontier-authority-routing-20260707/INTERLANGUAGE_FABLE_6034C6B4_CURRENT_FRONTIER_AUTHORITY_ROUTING_20260707/source_artifacts/0255_06fd2ec888_0143_06fd2ec888_0079_06fd2ec888_word_weights.csv,A,uploader-transfer-package-context,4098,C79A02E76F4ADB30EFDB628E101EE17841E88CB51E79694256A64A872C65F757,10,source-like/evidence-like packet artifact only; exact source-body rows still require manual source review before reviewer packet use,28019a34851454d37431f2c900c80b45ea90f23e,generated-draft/non-canonical/source-use/gap-support,generated-draft/non-canonical/source-use/gap support only; not native review/not accepted terminology/not approval/not community consent/not license clearance/not gate promotion/not source certification/not final status/not bridge-pilot/not CJK interlanguage bridge/not pan-CJK authority/not Korean-school authority/not visual inventory/not term spine/not sign rendering/not translation completion
uploader-transfer/interlanguage-fable-6034c6b4-current-frontier-authority-routing-20260707/INTERLANGUAGE_FABLE_6034C6B4_CURRENT_FRONTIER_AUTHORITY_ROUTING_20260707/source_artifacts/0256_2fe02cd919_0144_2fe02cd919_0080_2fe02cd919_B3_UPLOADER_READY_SUMMARY.csv,A,uploader-transfer-package-context,716,D56949FB1D90D24FBCD2330C1F3ED9777B79EC98217BE1212180A472AEB2B940,1,source-like/evidence-like packet artifact only; exact source-body rows still require manual source review before reviewer packet use,28019a34851454d37431f2c900c80b45ea90f23e,generated-draft/non-canonical/source-use/gap-support,generated-draft/non-canonical/source-use/gap support only; not native review/not accepted terminology/not approval/not community consent/not license clearance/not gate promotion/not source certification/not final status/not bridge-pilot/not CJK interlanguage bridge/not pan-CJK authority/not Korean-school authority/not visual inventory/not term spine/not sign rendering/not translation completion
uploader-transfer/interlanguage-fable-6034c6b4-current-frontier-authority-routing-20260707/INTERLANGUAGE_FABLE_6034C6B4_CURRENT_FRONTIER_AUTHORITY_ROUTING_20260707/source_artifacts/0257_a5def825cb_0145_a5def825cb_0081_a5def825cb_MANIFEST.csv,A,uploader-transfer-package-context,4738,6970DAF4CA6E6D8A3E1BEB13F62C8D648E3B0455D70BE0FB01010A9533175372,32,source-like/evidence-like packet artifact only; exact source-body rows still require manual source review before reviewer packet use,28019a34851454d37431f2c900c80b45ea90f23e,generated-draft/non-canonical/source-use/gap-support,generated-draft/non-canonical/source-use/gap support only; not native review/not accepted terminology/not approval/not community consent/not license clearance/not gate promotion/not source certification/not final status/not bridge-pilot/not CJK interlanguage bridge/not pan-CJK authority/not Korean-school authority/not visual inventory/not term spine/not sign rendering/not translation completion
uploader-transfer/interlanguage-fable-6034c6b4-current-frontier-authority-routing-20260707/INTERLANGUAGE_FABLE_6034C6B4_CURRENT_FRONTIER_AUTHORITY_ROUTING_20260707/source_artifacts/0258_c022572906_0146_c022572906_0082_c022572906_PACKAGE_VALIDATION.json,A,uploader-transfer-package-context,1564,FF4D2CC499013CF4647B59FA9479F4F7791933DEDED90FA8CB46A20BC55A319E,,source-like/evidence-like packet artifact only; exact source-body rows still require manual source review before reviewer packet use,28019a34851454d37431f2c900c80b45ea90f23e,generated-draft/non-canonical/source-use/gap-support,generated-draft/non-canonical/source-use/gap support only; not native review/not accepted terminology/not approval/not community consent/not license clearance/not gate promotion/not source certification/not final status/not bridge-pilot/not CJK interlanguage bridge/not pan-CJK authority/not Korean-school authority/not visual inventory/not term spine/not sign rendering/not translation completion
uploader-transfer/interlanguage-fable-6034c6b4-current-frontier-authority-routing-20260707/INTERLANGUAGE_FABLE_6034C6B4_CURRENT_FRONTIER_AUTHORITY_ROUTING_20260707/source_artifacts/0259_f417b79a69_0147_f417b79a69_0083_f417b79a69_R3_18BBB185_BRANCH_COMMITS_FROM_7B34EC91.csv,A,uploader-transfer-package-context,134,2A0D0DF4FC0A235778EFBDB6C99D3AB4A83C944014810C896B867A40E8585EB6,2,source-like/evidence-like packet artifact only; exact source-body rows still require manual source review before reviewer packet use,28019a34851454d37431f2c900c80b45ea90f23e,generated-draft/non-canonical/source-use/gap-support,generated-draft/non-canonical/source-use/gap support only; not native review/not accepted terminology/not approval/not community consent/not license clearance/not gate promotion/not source certification/not final status/not bridge-pilot/not CJK interlanguage bridge/not pan-CJK authority/not Korean-school authority/not visual inventory/not term spine/not sign rendering/not translation completion
uploader-transfer/interlanguage-fable-6034c6b4-current-frontier-authority-routing-20260707/INTERLANGUAGE_FABLE_6034C6B4_CURRENT_FRONTIER_AUTHORITY_ROUTING_20260707/source_artifacts/0260_8b5414c63a_0148_8b5414c63a_0084_8b5414c63a_R3_18BBB185_BRANCH_DELTA_FROM_7B34EC91.csv,A,uploader-transfer-package-context,27267,09DE2C809DE8D49E52EAC475C68E976F758FB2228C9595756AD15C3BEAC213DF,119,source-like/evidence-like packet artifact only; exact source-body rows still require manual source review before reviewer packet use,28019a34851454d37431f2c900c80b45ea90f23e,generated-draft/non-canonical/source-use/gap-support,generated-draft/non-canonical/source-use/gap support only; not native review/not accepted terminology/not approval/not community consent/not license clearance/not gate promotion/not source certification/not final status/not bridge-pilot/not CJK interlanguage bridge/not pan-CJK authority/not Korean-school authority/not visual inventory/not term spine/not sign rendering/not translation completion
uploader-transfer/interlanguage-fable-6034c6b4-current-frontier-authority-routing-20260707/INTERLANGUAGE_FABLE_6034C6B4_CURRENT_FRONTIER_AUTHORITY_ROUTING_20260707/source_artifacts/0261_57c4beded1_0149_57c4beded1_0085_57c4beded1_R3_18BBB185_BRANCH_FRONTIER_VERIFICATION.csv,A,uploader-transfer-package-context,645,E8CCD9533B3C8946AEFA17D0DFA2707320EB79262A542A15C4A618E66BAC7A99,1,source-like/evidence-like packet artifact only; exact source-body rows still require manual source review before reviewer packet use,28019a34851454d37431f2c900c80b45ea90f23e,generated-draft/non-canonical/source-use/gap-support,generated-draft/non-canonical/source-use/gap support only; not native review/not accepted terminology/not approval/not community consent/not license clearance/not gate promotion/not source certification/not final status/not bridge-pilot/not CJK interlanguage bridge/not pan-CJK authority/not Korean-school authority/not visual inventory/not term spine/not sign rendering/not translation completion
uploader-transfer/interlanguage-fable-6034c6b4-current-frontier-authority-routing-20260707/INTERLANGUAGE_FABLE_6034C6B4_CURRENT_FRONTIER_AUTHORITY_ROUTING_20260707/source_artifacts/0262_610fc78562_0150_610fc78562_0086_610fc78562_R3_18BBB185_BRANCH_VISIBLE_INPUT_COPY_LEDGER.csv,A,uploader-transfer-package-context,8737,C3AF7C333CE382C1826ACC58BB5BA84F482C9DCB5FBE61C33EE9DC0A3803CBE8,20,source-like/evidence-like packet artifact only; exact source-body rows still require manual source review before reviewer packet use,28019a34851454d37431f2c900c80b45ea90f23e,generated-draft/non-canonical/source-use/gap-support,generated-draft/non-canonical/source-use/gap support only; not native review/not accepted terminology/not approval/not community consent/not license clearance/not gate promotion/not source certification/not final status/not bridge-pilot/not CJK interlanguage bridge/not pan-CJK authority/not Korean-school authority/not visual inventory/not term spine/not sign rendering/not translation completion
uploader-transfer/interlanguage-fable-6034c6b4-current-frontier-authority-routing-20260707/INTERLANGUAGE_FABLE_6034C6B4_CURRENT_FRONTIER_AUTHORITY_ROUTING_20260707/source_artifacts/0263_bb47ea4e02_0151_bb47ea4e02_0087_bb47ea4e02_R3_18BBB185_EXACT_BLOCKERS_AND_RECOVERY_ROWS.csv,A,uploader-transfer-package-context,1066,7D75B1A6D316EC9EFC1377237046B5AFB88694CC44029C1E9B72DA78CD6DB025,4,source-like/evidence-like packet artifact only; exact source-body rows still require manual source review before reviewer packet use,28019a34851454d37431f2c900c80b45ea90f23e,generated-draft/non-canonical/source-use/gap-support,generated-draft/non-canonical/source-use/gap support only; not native review/not accepted terminology/not approval/not community consent/not license clearance/not gate promotion/not source certification/not final status/not bridge-pilot/not CJK interlanguage bridge/not pan-CJK authority/not Korean-school authority/not visual inventory/not term spine/not sign rendering/not translation completion
uploader-transfer/interlanguage-fable-6034c6b4-current-frontier-authority-routing-20260707/INTERLANGUAGE_FABLE_6034C6B4_CURRENT_FRONTIER_AUTHORITY_ROUTING_20260707/source_artifacts/0264_c044521e29_0152_c044521e29_0088_c044521e29_R3_18BBB185_FABLE_ADVERSE_BOUNDARY_LEDGER.csv,A,uploader-transfer-package-context,939,C42B97F0A9572C5FAE7E154C99A497BB45B6ACBEF6A5086AB0A3396E8D14C0DA,4,source-like/evidence-like packet artifact only; exact source-body rows still require manual source review before reviewer packet use,28019a34851454d37431f2c900c80b45ea90f23e,generated-draft/non-canonical/source-use/gap-support,generated-draft/non-canonical/source-use/gap support only; not native review/not accepted terminology/not approval/not community consent/not license clearance/not gate promotion/not source certification/not final status/not bridge-pilot/not CJK interlanguage bridge/not pan-CJK authority/not Korean-school authority/not visual inventory/not term spine/not sign rendering/not translation completion
uploader-transfer/interlanguage-fable-6034c6b4-current-frontier-authority-routing-20260707/INTERLANGUAGE_FABLE_6034C6B4_CURRENT_FRONTIER_AUTHORITY_ROUTING_20260707/source_artifacts/0265_d4fd86645d_0153_d4fd86645d_0089_d4fd86645d_R3_18BBB185_LANGUAGE_BOUNDARY_ROWS.csv,A,uploader-transfer-package-context,800,D6A8B0EF2319714A4D0526853F25507622A1D67C1A885B2B6E39243BC3706AA7,6,source-like/evidence-like packet artifact only; exact source-body rows still require manual source review before reviewer packet use,28019a34851454d37431f2c900c80b45ea90f23e,generated-draft/non-canonical/source-use/gap-support,generated-draft/non-canonical/source-use/gap support only; not native review/not accepted terminology/not approval/not community consent/not license clearance/not gate promotion/not source certification/not final status/not bridge-pilot/not CJK interlanguage bridge/not pan-CJK authority/not Korean-school authority/not visual inventory/not term spine/not sign rendering/not translation completion
uploader-transfer/interlanguage-fable-6034c6b4-current-frontier-authority-routing-20260707/INTERLANGUAGE_FABLE_6034C6B4_CURRENT_FRONTIER_AUTHORITY_ROUTING_20260707/source_artifacts/0266_75ccd890ca_0154_75ccd890ca_0090_75ccd890ca_R3_18BBB185_SOURCE_USE_GAP_RECOVERY_ROWS.csv,A,uploader-transfer-package-context,1563,FDAC743ECB9AF5F5888471E128AC9BD30E538D1B244B95A6AB75EE30EFCD3451,5,source-like/evidence-like packet artifact only; exact source-body rows still require manual source review before reviewer packet use,28019a34851454d37431f2c900c80b45ea90f23e,generated-draft/non-canonical/source-use/gap-support,generated-draft/non-canonical/source-use/gap support only; not native review/not accepted terminology/not approval/not community consent/not license clearance/not gate promotion/not source certification/not final status/not bridge-pilot/not CJK interlanguage bridge/not pan-CJK authority/not Korean-school authority/not visual inventory/not term spine/not sign rendering/not translation completion
uploader-transfer/interlanguage-fable-6034c6b4-current-frontier-authority-routing-20260707/INTERLANGUAGE_FABLE_6034C6B4_CURRENT_FRONTIER_AUTHORITY_ROUTING_20260707/source_artifacts/0267_c425791437_0155_c425791437_0091_c425791437_R3_18BBB185_TOKEN_RESET_AND_MUTUAL_WAKE_RULES.csv,A,uploader-transfer-package-context,568,328E49526BE29BEE89208371BB4A596B8B24BEED1F4113BB34ED3B05FB888A60,3,source-like/evidence-like packet artifact only; exact source-body rows still require manual source review before reviewer packet use,28019a34851454d37431f2c900c80b45ea90f23e,generated-draft/non-canonical/source-use/gap-support,generated-draft/non-canonical/source-use/gap support only; not native review/not accepted terminology/not approval/not community consent/not license clearance/not gate promotion/not source certification/not final status/not bridge-pilot/not CJK interlanguage bridge/not pan-CJK authority/not Korean-school authority/not visual inventory/not term spine/not sign rendering/not translation completion
uploader-transfer/interlanguage-fable-6034c6b4-current-frontier-authority-routing-20260707/INTERLANGUAGE_FABLE_6034C6B4_CURRENT_FRONTIER_AUTHORITY_ROUTING_20260707/source_artifacts/0268_77e8344280_0156_77e8344280_0092_77e8344280_README.md,A,uploader-transfer-package-context,1135,5EDA4569E6C479628D93B1ADF166CBA487C09D48A9194B5D9DA834D75E8CD6EB,,source-like/evidence-like packet artifact only; exact source-body rows still require manual source review before reviewer packet use,28019a34851454d37431f2c900c80b45ea90f23e,generated-draft/non-canonical/source-use/gap-support,generated-draft/non-canonical/source-use/gap support only; not native review/not accepted terminology/not approval/not community consent/not license clearance/not gate promotion/not source certification/not final status/not bridge-pilot/not CJK interlanguage bridge/not pan-CJK authority/not Korean-school authority/not visual inventory/not term spine/not sign rendering/not translation completion
uploader-transfer/interlanguage-fable-6034c6b4-current-frontier-authority-routing-20260707/INTERLANGUAGE_FABLE_6034C6B4_CURRENT_FRONTIER_AUTHORITY_ROUTING_20260707/source_artifacts/0269_91b016678b_0157_91b016678b_0093_91b016678b_SHA256SUMS.txt,A,uploader-transfer-package-context,4473,63D46A613AA7BC87CEA8AA3B5471C561EB21701265ED5694FD0B6C10FB985876,,source-like/evidence-like packet artifact only; exact source-body rows still require manual source review before reviewer packet use,28019a34851454d37431f2c900c80b45ea90f23e,generated-draft/non-canonical/source-use/gap-support,generated-draft/non-canonical/source-use/gap support only; not native review/not accepted terminology/not approval/not community consent/not license clearance/not gate promotion/not source certification/not final status/not bridge-pilot/not CJK interlanguage bridge/not pan-CJK authority/not Korean-school authority/not visual inventory/not term spine/not sign rendering/not translation completion
uploader-transfer/interlanguage-fable-6034c6b4-current-frontier-authority-routing-20260707/INTERLANGUAGE_FABLE_6034C6B4_CURRENT_FRONTIER_AUTHORITY_ROUTING_20260707/source_artifacts/0270_9905adee3e_0158_9905adee3e_0094_9905adee3e_b3_18bbb_action_summary__B3_ACTION_SUMMARY.csv,A,uploader-transfer-package-context,223,FC5C057B00C77B90A4A0A85D48683188F75ED49D0AFDACEA8B66E35B595F4785,2,source-like/evidence-like packet artifact only; exact source-body rows still require manual source review before reviewer packet use,28019a34851454d37431f2c900c80b45ea90f23e,generated-draft/non-canonical/source-use/gap-support,generated-draft/non-canonical/source-use/gap support only; not native review/not accepted terminology/not approval/not community consent/not license clearance/not gate promotion/not source certification/not final status/not bridge-pilot/not CJK interlanguage bridge/not pan-CJK authority/not Korean-school authority/not visual inventory/not term spine/not sign rendering/not translation completion
uploader-transfer/interlanguage-fable-6034c6b4-current-frontier-authority-routing-20260707/INTERLANGUAGE_FABLE_6034C6B4_CURRENT_FRONTIER_AUTHORITY_ROUTING_20260707/source_artifacts/0271_30cf2e667e_0159_30cf2e667e_0095_30cf2e667e_b3_a55_action_summary__B3_ACTION_SUMMARY.csv,A,uploader-transfer-package-context,265,7A0443B35EB62194C18E5705738D53019CED624461A9FA50B059558549A6EC5D,2,source-like/evidence-like packet artifact only; exact source-body rows still require manual source review before reviewer packet use,28019a34851454d37431f2c900c80b45ea90f23e,generated-draft/non-canonical/source-use/gap-support,generated-draft/non-canonical/source-use/gap support only; not native review/not accepted terminology/not approval/not community consent/not license clearance/not gate promotion/not source certification/not final status/not bridge-pilot/not CJK interlanguage bridge/not pan-CJK authority/not Korean-school authority/not visual inventory/not term spine/not sign rendering/not translation completion
uploader-transfer/interlanguage-fable-6034c6b4-current-frontier-authority-routing-20260707/INTERLANGUAGE_FABLE_6034C6B4_CURRENT_FRONTIER_AUTHORITY_ROUTING_20260707/source_artifacts/0272_7f420c0bf8_0160_7f420c0bf8_0096_7f420c0bf8_branch_visible_r3_1a_same_frontier_validation__PACKAGE_VAL,A,uploader-transfer-package-context,1336,21829DB111F8A037AC587E7446C953AC1EBA1DC1F86F02DEDE5118CFFA84AA9C,,source-like/evidence-like packet artifact only; exact source-body rows still require manual source review before reviewer packet use,28019a34851454d37431f2c900c80b45ea90f23e,generated-draft/non-canonical/source-use/gap-support,generated-draft/non-canonical/source-use/gap support only; not native review/not accepted terminology/not approval/not community consent/not license clearance/not gate promotion/not source certification/not final status/not bridge-pilot/not CJK interlanguage bridge/not pan-CJK authority/not Korean-school authority/not visual inventory/not term spine/not sign rendering/not translation completion
uploader-transfer/interlanguage-fable-6034c6b4-current-frontier-authority-routing-20260707/INTERLANGUAGE_FABLE_6034C6B4_CURRENT_FRONTIER_AUTHORITY_ROUTING_20260707/source_artifacts/0273_6f10277448_0161_6f10277448_0097_6f10277448_branch_visible_r3_1a_source_use_gap__R3_1A823D4A_SOURCE_US,A,uploader-transfer-package-context,2098,0254E4DC79E4EFB45103EB17EA02F2B6CD316003BD5A19BD69384032D3182194,,source-like/evidence-like packet artifact only; exact source-body rows still require manual source review before reviewer packet use,28019a34851454d37431f2c900c80b45ea90f23e,generated-draft/non-canonical/source-use/gap-support,generated-draft/non-canonical/source-use/gap support only; not native review/not accepted terminology/not approval/not community consent/not license clearance/not gate promotion/not source certification/not final status/not bridge-pilot/not CJK interlanguage bridge/not pan-CJK authority/not Korean-school authority/not visual inventory/not term spine/not sign rendering/not translation completion
uploader-transfer/interlanguage-fable-6034c6b4-current-frontier-authority-routing-20260707/INTERLANGUAGE_FABLE_6034C6B4_CURRENT_FRONTIER_AUTHORITY_ROUTING_20260707/source_artifacts/0274_e094535d14_0162_e094535d14_0098_e094535d14_branch_visible_r3_7b_fable_adverse__R3_7B34EC91_FABLE_ADVE,A,uploader-transfer-package-context,1041,88869EF0A54432738807EE89FEC31DCE065F70723344B9B5FDC4F6AE85E2C699,,source-like/evidence-like packet artifact only; exact source-body rows still require manual source review before reviewer packet use,28019a34851454d37431f2c900c80b45ea90f23e,generated-draft/non-canonical/source-use/gap-support,generated-draft/non-canonical/source-use/gap support only; not native review/not accepted terminology/not approval/not community consent/not license clearance/not gate promotion/not source certification/not final status/not bridge-pilot/not CJK interlanguage bridge/not pan-CJK authority/not Korean-school authority/not visual inventory/not term spine/not sign rendering/not translation completion
uploader-transfer/interlanguage-fable-6034c6b4-current-frontier-authority-routing-20260707/INTERLANGUAGE_FABLE_6034C6B4_CURRENT_FRONTIER_AUTHORITY_ROUTING_20260707/source_artifacts/0275_bde6d669e6_0163_bde6d669e6_0099_bde6d669e6_branch_visible_r3_7b_language_boundary__R3_7B34EC91_LANGUA,A,uploader-transfer-package-context,884,D9CB4BD4D4A2D61C21F6CE7FE2B762BEA7EA201436D3C41B9A48C33D789061BF,,source-like/evidence-like packet artifact only; exact source-body rows still require manual source review before reviewer packet use,28019a34851454d37431f2c900c80b45ea90f23e,generated-draft/non-canonical/source-use/gap-support,generated-draft/non-canonical/source-use/gap support only; not native review/not accepted terminology/not approval/not community consent/not license clearance/not gate promotion/not source certification/not final status/not bridge-pilot/not CJK interlanguage bridge/not pan-CJK authority/not Korean-school authority/not visual inventory/not term spine/not sign rendering/not translation completion
uploader-transfer/interlanguage-fable-6034c6b4-current-frontier-authority-routing-20260707/INTERLANGUAGE_FABLE_6034C6B4_CURRENT_FRONTIER_AUTHORITY_ROUTING_20260707/source_artifacts/0276_5ef461cc74_0164_5ef461cc74_0100_5ef461cc74_branch_visible_r3_7b_package_validation__PACKAGE_VALIDATIO,A,uploader-transfer-package-context,1357,431B7670176C6DA42EBEA5DF0F42FE7F1B2AC192F6925318C07E8B53207EA012,,source-like/evidence-like packet artifact only; exact source-body rows still require manual source review before reviewer packet use,28019a34851454d37431f2c900c80b45ea90f23e,generated-draft/non-canonical/source-use/gap-support,generated-draft/non-canonical/source-use/gap support only; not native review/not accepted terminology/not approval/not community consent/not license clearance/not gate promotion/not source certification/not final status/not bridge-pilot/not CJK interlanguage bridge/not pan-CJK authority/not Korean-school authority/not visual inventory/not term spine/not sign rendering/not translation completion
uploader-transfer/interlanguage-fable-6034c6b4-current-frontier-authority-routing-20260707/INTERLANGUAGE_FABLE_6034C6B4_CURRENT_FRONTIER_AUTHORITY_ROUTING_20260707/source_artifacts/0277_5accad0449_0165_5accad0449_0101_5accad0449_branch_visible_r3_7b_source_use_gap__R3_7B34EC91_SOURCE_US,A,uploader-transfer-package-context,1656,212041331A7F95DE07ED10F8FB5C045BCA938BFEF0B2057262D34E1CD0536DE3,,source-like/evidence-like packet artifact only; exact source-body rows still require manual source review before reviewer packet use,28019a34851454d37431f2c900c80b45ea90f23e,generated-draft/non-canonical/source-use/gap-support,generated-draft/non-canonical/source-use/gap support only; not native review/not accepted terminology/not approval/not community consent/not license clearance/not gate promotion/not source certification/not final status/not bridge-pilot/not CJK interlanguage bridge/not pan-CJK authority/not Korean-school authority/not visual inventory/not term spine/not sign rendering/not translation completion
uploader-transfer/interlanguage-fable-6034c6b4-current-frontier-authority-routing-20260707/INTERLANGUAGE_FABLE_6034C6B4_CURRENT_FRONTIER_AUTHORITY_ROUTING_20260707/source_artifacts/0278_c6cf00f9ff_0166_c6cf00f9ff_0102_c6cf00f9ff_non_slavic_7b_blockers__EXACT_BLOCKER_RECOVERY_ROWS_7B34EC,A,uploader-transfer-package-context,7829,BAE55FD7CE25ACD80D8020793556DB209F35E26F03F9C774D408F8CC8FA50111,,source-like/evidence-like packet artifact only; exact source-body rows still require manual source review before reviewer packet use,28019a34851454d37431f2c900c80b45ea90f23e,generated-draft/non-canonical/source-use/gap-support,generated-draft/non-canonical/source-use/gap support only; not native review/not accepted terminology/not approval/not community consent/not license clearance/not gate promotion/not source certification/not final status/not bridge-pilot/not CJK interlanguage bridge/not pan-CJK authority/not Korean-school authority/not visual inventory/not term spine/not sign rendering/not translation completion
uploader-transfer/interlanguage-fable-6034c6b4-current-frontier-authority-routing-20260707/INTERLANGUAGE_FABLE_6034C6B4_CURRENT_FRONTIER_AUTHORITY_ROUTING_20260707/source_artifacts/0279_e1531b70fb_0167_e1531b70fb_0103_e1531b70fb_non_slavic_7b_route_status__EIGHT_LANE_ROUTE_STATUS_ROWS_7,A,uploader-transfer-package-context,7425,21D0BD57044E59E9F5075AA66B4E8E38F8228F38CF604DDE31139E357801D35B,,source-like/evidence-like packet artifact only; exact source-body rows still require manual source review before reviewer packet use,28019a34851454d37431f2c900c80b45ea90f23e,generated-draft/non-canonical/source-use/gap-support,generated-draft/non-canonical/source-use/gap support only; not native review/not accepted terminology/not approval/not community consent/not license clearance/not gate promotion/not source certification/not final status/not bridge-pilot/not CJK interlanguage bridge/not pan-CJK authority/not Korean-school authority/not visual inventory/not term spine/not sign rendering/not translation completion
uploader-transfer/interlanguage-fable-6034c6b4-current-frontier-authority-routing-20260707/INTERLANGUAGE_FABLE_6034C6B4_CURRENT_FRONTIER_AUTHORITY_ROUTING_20260707/source_artifacts/0280_5263b1422c_0168_5263b1422c_0104_5263b1422c_non_slavic_7b_source_use_gap_rollup__SOURCE_USE_GAP_FABLE_,A,uploader-transfer-package-context,6312,8B06DACF8E4064F9D340A0DAE2C61878458C5189A1CC06B392AD09412E85816E,,source-like/evidence-like packet artifact only; exact source-body rows still require manual source review before reviewer packet use,28019a34851454d37431f2c900c80b45ea90f23e,generated-draft/non-canonical/source-use/gap-support,generated-draft/non-canonical/source-use/gap support only; not native review/not accepted terminology/not approval/not community consent/not license clearance/not gate promotion/not source certification/not final status/not bridge-pilot/not CJK interlanguage bridge/not pan-CJK authority/not Korean-school authority/not visual inventory/not term spine/not sign rendering/not translation completion
uploader-transfer/interlanguage-fable-6034c6b4-current-frontier-authority-routing-20260707/INTERLANGUAGE_FABLE_6034C6B4_CURRENT_FRONTIER_AUTHORITY_ROUTING_20260707/source_artifacts/0281_fd039359e7_0169_fd039359e7_0105_fd039359e7_non_slavic_7b_summary__SUMMARY.json,A,uploader-transfer-package-context,1569,DB877D43167400BBB8281B1FB2F9B67D96869C7737FA5C4CE39CB4706C9B474D,,source-like/evidence-like packet artifact only; exact source-body rows still require manual source review before reviewer packet use,28019a34851454d37431f2c900c80b45ea90f23e,generated-draft/non-canonical/source-use/gap-support,generated-draft/non-canonical/source-use/gap support only; not native review/not accepted terminology/not approval/not community consent/not license clearance/not gate promotion/not source certification/not final status/not bridge-pilot/not CJK interlanguage bridge/not pan-CJK authority/not Korean-school authority/not visual inventory/not term spine/not sign rendering/not translation completion
uploader-transfer/interlanguage-fable-6034c6b4-current-frontier-authority-routing-20260707/INTERLANGUAGE_FABLE_6034C6B4_CURRENT_FRONTIER_AUTHORITY_ROUTING_20260707/source_artifacts/0282_22c4fd1fc2_0170_22c4fd1fc2_0106_22c4fd1fc2_non_slavic_a55_blockers__EXACT_BLOCKER_RECOVERY_ROWS_A55A9,A,uploader-transfer-package-context,1653,C1C19787F8F855419B21C187FBED4BE8C4931402395237DEE32A536D1724A8E9,,source-like/evidence-like packet artifact only; exact source-body rows still require manual source review before reviewer packet use,28019a34851454d37431f2c900c80b45ea90f23e,generated-draft/non-canonical/source-use/gap-support,generated-draft/non-canonical/source-use/gap support only; not native review/not accepted terminology/not approval/not community consent/not license clearance/not gate promotion/not source certification/not final status/not bridge-pilot/not CJK interlanguage bridge/not pan-CJK authority/not Korean-school authority/not visual inventory/not term spine/not sign rendering/not translation completion
uploader-transfer/interlanguage-fable-6034c6b4-current-frontier-authority-routing-20260707/INTERLANGUAGE_FABLE_6034C6B4_CURRENT_FRONTIER_AUTHORITY_ROUTING_20260707/source_artifacts/0283_0aae2847f8_0171_0aae2847f8_0107_0aae2847f8_non_slavic_a55_child_inventory__CHILD_PACKAGE_INVENTORY_A5,A,uploader-transfer-package-context,1575,DACAA6D8F8542E939179F1F57A17E6BDCC1B33DD3361AEE3104A189B4B89E0F0,,source-like/evidence-like packet artifact only; exact source-body rows still require manual source review before reviewer packet use,28019a34851454d37431f2c900c80b45ea90f23e,generated-draft/non-canonical/source-use/gap-support,generated-draft/non-canonical/source-use/gap support only; not native review/not accepted terminology/not approval/not community consent/not license clearance/not gate promotion/not source certification/not final status/not bridge-pilot/not CJK interlanguage bridge/not pan-CJK authority/not Korean-school authority/not visual inventory/not term spine/not sign rendering/not translation completion
uploader-transfer/interlanguage-fable-6034c6b4-current-frontier-authority-routing-20260707/INTERLANGUAGE_FABLE_6034C6B4_CURRENT_FRONTIER_AUTHORITY_ROUTING_20260707/source_artifacts/0284_c972195cc8_0172_c972195cc8_0108_c972195cc8_non_slavic_a55_source_use_gap_rollup__SOURCE_USE_GAP_FABLE,A,uploader-transfer-package-context,1375,F38AECBE21BFD1B897F69EED1648DE08B2C01684C998265761B182693FA7087C,,source-like/evidence-like packet artifact only; exact source-body rows still require manual source review before reviewer packet use,28019a34851454d37431f2c900c80b45ea90f23e,generated-draft/non-canonical/source-use/gap-support,generated-draft/non-canonical/source-use/gap support only; not native review/not accepted terminology/not approval/not community consent/not license clearance/not gate promotion/not source certification/not final status/not bridge-pilot/not CJK interlanguage bridge/not pan-CJK authority/not Korean-school authority/not visual inventory/not term spine/not sign rendering/not translation completion
uploader-transfer/interlanguage-fable-6034c6b4-current-frontier-authority-routing-20260707/INTERLANGUAGE_FABLE_6034C6B4_CURRENT_FRONTIER_AUTHORITY_ROUTING_20260707/source_artifacts/0285_920d97606a_0173_920d97606a_0109_920d97606a_non_slavic_a55_summary__SUMMARY.json,A,uploader-transfer-package-context,1253,245C923CE1E2CF9A29566A065AAB0DC59579E28F717BC4C74ABB0E0BEA265ADD,,source-like/evidence-like packet artifact only; exact source-body rows still require manual source review before reviewer packet use,28019a34851454d37431f2c900c80b45ea90f23e,generated-draft/non-canonical/source-use/gap-support,generated-draft/non-canonical/source-use/gap support only; not native review/not accepted terminology/not approval/not community consent/not license clearance/not gate promotion/not source certification/not final status/not bridge-pilot/not CJK interlanguage bridge/not pan-CJK authority/not Korean-school authority/not visual inventory/not term spine/not sign rendering/not translation completion
uploader-transfer/interlanguage-fable-6034c6b4-current-frontier-authority-routing-20260707/INTERLANGUAGE_FABLE_6034C6B4_CURRENT_FRONTIER_AUTHORITY_ROUTING_20260707/source_artifacts/0286_12a4311324_0174_12a4311324_0110_12a4311324_r6_1a_accounting_fable__FABLE_ADVERSE_EVIDENCE_LEDGER_2026,A,uploader-transfer-package-context,619,D0B3FF6E01D72FC8BCD5AE48BE589C7C4AFA6A5D00ACD98668D9A61CD7B64A3C,,source-like/evidence-like packet artifact only; exact source-body rows still require manual source review before reviewer packet use,28019a34851454d37431f2c900c80b45ea90f23e,generated-draft/non-canonical/source-use/gap-support,generated-draft/non-canonical/source-use/gap support only; not native review/not accepted terminology/not approval/not community consent/not license clearance/not gate promotion/not source certification/not final status/not bridge-pilot/not CJK interlanguage bridge/not pan-CJK authority/not Korean-school authority/not visual inventory/not term spine/not sign rendering/not translation completion
uploader-transfer/interlanguage-fable-6034c6b4-current-frontier-authority-routing-20260707/INTERLANGUAGE_FABLE_6034C6B4_CURRENT_FRONTIER_AUTHORITY_ROUTING_20260707/source_artifacts/0287_4d126326dc_0175_4d126326dc_0111_4d126326dc_r6_1a_accounting_source_use__SOURCE_USE_GAP_ROWS_20260707,A,uploader-transfer-package-context,1293,3CA7E9B3B13A48AE73D6AF06EBD3818681965DF87670945D484866C8A1376C0E,,source-like/evidence-like packet artifact only; exact source-body rows still require manual source review before reviewer packet use,28019a34851454d37431f2c900c80b45ea90f23e,generated-draft/non-canonical/source-use/gap-support,generated-draft/non-canonical/source-use/gap support only; not native review/not accepted terminology/not approval/not community consent/not license clearance/not gate promotion/not source certification/not final status/not bridge-pilot/not CJK interlanguage bridge/not pan-CJK authority/not Korean-school authority/not visual inventory/not term spine/not sign rendering/not translation completion
uploader-transfer/interlanguage-fable-6034c6b4-current-frontier-authority-routing-20260707/INTERLANGUAGE_FABLE_6034C6B4_CURRENT_FRONTIER_AUTHORITY_ROUTING_20260707/source_artifacts/0288_db5fd518ac_0176_db5fd518ac_0112_db5fd518ac_r6_7b_cross_lane_boundary__R6_7B34EC91_CROSS_LANE_CONTEXT_,A,uploader-transfer-package-context,1381,0AEEA549FC34A2548C39F6DA1775AACFCC4279AC0367B76FC54B67DCFF15AB75,,source-like/evidence-like packet artifact only; exact source-body rows still require manual source review before reviewer packet use,28019a34851454d37431f2c900c80b45ea90f23e,generated-draft/non-canonical/source-use/gap-support,generated-draft/non-canonical/source-use/gap support only; not native review/not accepted terminology/not approval/not community consent/not license clearance/not gate promotion/not source certification/not final status/not bridge-pilot/not CJK interlanguage bridge/not pan-CJK authority/not Korean-school authority/not visual inventory/not term spine/not sign rendering/not translation completion
uploader-transfer/interlanguage-fable-6034c6b4-current-frontier-authority-routing-20260707/INTERLANGUAGE_FABLE_6034C6B4_CURRENT_FRONTIER_AUTHORITY_ROUTING_20260707/source_artifacts/0289_be79ee3ae9_0177_be79ee3ae9_0113_be79ee3ae9_r6_7b_fable_adverse__R6_7B34EC91_SOURCE_USE_ADVERSE_EVIDEN,A,uploader-transfer-package-context,2232,EA9F506019DD36F18B5FF56FCCD7EC8155D08801F985E35418318CFE02FF32CF,,source-like/evidence-like packet artifact only; exact source-body rows still require manual source review before reviewer packet use,28019a34851454d37431f2c900c80b45ea90f23e,generated-draft/non-canonical/source-use/gap-support,generated-draft/non-canonical/source-use/gap support only; not native review/not accepted terminology/not approval/not community consent/not license clearance/not gate promotion/not source certification/not final status/not bridge-pilot/not CJK interlanguage bridge/not pan-CJK authority/not Korean-school authority/not visual inventory/not term spine/not sign rendering/not translation completion
uploader-transfer/interlanguage-fable-6034c6b4-current-frontier-authority-routing-20260707/INTERLANGUAGE_FABLE_6034C6B4_CURRENT_FRONTIER_AUTHORITY_ROUTING_20260707/source_artifacts/0290_c7c1d82921_0178_c7c1d82921_0114_c7c1d82921_B3_ACTION_SUMMARY.csv,A,uploader-transfer-package-context,164,1FF282E889A9C3F459BF59454232A20233AD5A6B7B4DD1997800C7CBACB810A9,1,source-like/evidence-like packet artifact only; exact source-body rows still require manual source review before reviewer packet use,28019a34851454d37431f2c900c80b45ea90f23e,generated-draft/non-canonical/source-use/gap-support,generated-draft/non-canonical/source-use/gap support only; not native review/not accepted terminology/not approval/not community consent/not license clearance/not gate promotion/not source certification/not final status/not bridge-pilot/not CJK interlanguage bridge/not pan-CJK authority/not Korean-school authority/not visual inventory/not term spine/not sign rendering/not translation completion
uploader-transfer/interlanguage-fable-6034c6b4-current-frontier-authority-routing-20260707/INTERLANGUAGE_FABLE_6034C6B4_CURRENT_FRONTIER_AUTHORITY_ROUTING_20260707/source_artifacts/0291_12ea32931f_0179_12ea32931f_0115_12ea32931f_BRANCH_PR_STATE.csv,A,uploader-transfer-package-context,399,8C5898305DDD86B653CAD51C2902AAA8FF72C698904AED68DE89F0C153C05F5A,1,source-like/evidence-like packet artifact only; exact source-body rows still require manual source review before reviewer packet use,28019a34851454d37431f2c900c80b45ea90f23e,generated-draft/non-canonical/source-use/gap-support,generated-draft/non-canonical/source-use/gap support only; not native review/not accepted terminology/not approval/not community consent/not license clearance/not gate promotion/not source certification/not final status/not bridge-pilot/not CJK interlanguage bridge/not pan-CJK authority/not Korean-school authority/not visual inventory/not term spine/not sign rendering/not translation completion
uploader-transfer/interlanguage-fable-6034c6b4-current-frontier-authority-routing-20260707/INTERLANGUAGE_FABLE_6034C6B4_CURRENT_FRONTIER_AUTHORITY_ROUTING_20260707/source_artifacts/0292_e6e997eede_0180_e6e997eede_0116_e6e997eede_FAST_IMPORT_BLOB_LEDGER.csv,A,uploader-transfer-package-context,26115,A28504BEF287B09709FA6237066379A0E4A9704D3A43E8EC3C6A1D08D609568C,47,source-like/evidence-like packet artifact only; exact source-body rows still require manual source review before reviewer packet use,28019a34851454d37431f2c900c80b45ea90f23e,generated-draft/non-canonical/source-use/gap-support,generated-draft/non-canonical/source-use/gap support only; not native review/not accepted terminology/not approval/not community consent/not license clearance/not gate promotion/not source certification/not final status/not bridge-pilot/not CJK interlanguage bridge/not pan-CJK authority/not Korean-school authority/not visual inventory/not term spine/not sign rendering/not translation completion
uploader-transfer/interlanguage-fable-6034c6b4-current-frontier-authority-routing-20260707/INTERLANGUAGE_FABLE_6034C6B4_CURRENT_FRONTIER_AUTHORITY_ROUTING_20260707/source_artifacts/0293_52833843ea_0181_52833843ea_0117_52833843ea_MANIFEST.csv,A,uploader-transfer-package-context,817,A556F8BBA0FB166AA6C462124EC302FD774046B905AD24C4913417F0C6607644,8,source-like/evidence-like packet artifact only; exact source-body rows still require manual source review before reviewer packet use,28019a34851454d37431f2c900c80b45ea90f23e,generated-draft/non-canonical/source-use/gap-support,generated-draft/non-canonical/source-use/gap support only; not native review/not accepted terminology/not approval/not community consent/not license clearance/not gate promotion/not source certification/not final status/not bridge-pilot/not CJK interlanguage bridge/not pan-CJK authority/not Korean-school authority/not visual inventory/not term spine/not sign rendering/not translation completion
uploader-transfer/interlanguage-fable-6034c6b4-current-frontier-authority-routing-20260707/INTERLANGUAGE_FABLE_6034C6B4_CURRENT_FRONTIER_AUTHORITY_ROUTING_20260707/source_artifacts/0294_97ae9290b0_0182_97ae9290b0_0118_97ae9290b0_PACKAGE_FILE_LEDGER.csv,A,uploader-transfer-package-context,27693,091694011D125429909B253E56A0D9ADC30C960B209EDD667556949D828B255F,47,source-like/evidence-like packet artifact only; exact source-body rows still require manual source review before reviewer packet use,28019a34851454d37431f2c900c80b45ea90f23e,generated-draft/non-canonical/source-use/gap-support,generated-draft/non-canonical/source-use/gap support only; not native review/not accepted terminology/not approval/not community consent/not license clearance/not gate promotion/not source certification/not final status/not bridge-pilot/not CJK interlanguage bridge/not pan-CJK authority/not Korean-school authority/not visual inventory/not term spine/not sign rendering/not translation completion
uploader-transfer/interlanguage-fable-6034c6b4-current-frontier-authority-routing-20260707/INTERLANGUAGE_FABLE_6034C6B4_CURRENT_FRONTIER_AUTHORITY_ROUTING_20260707/source_artifacts/0295_b2ea1d9d22_0183_b2ea1d9d22_0119_b2ea1d9d22_PACKAGE_ROOT_SUMMARY.csv,A,uploader-transfer-package-context,1365,6D3472A246D6B780D2D207482F14486F3952B487C41D750AEB1E20E00B2FEB0B,2,source-like/evidence-like packet artifact only; exact source-body rows still require manual source review before reviewer packet use,28019a34851454d37431f2c900c80b45ea90f23e,generated-draft/non-canonical/source-use/gap-support,generated-draft/non-canonical/source-use/gap support only; not native review/not accepted terminology/not approval/not community consent/not license clearance/not gate promotion/not source certification/not final status/not bridge-pilot/not CJK interlanguage bridge/not pan-CJK authority/not Korean-school authority/not visual inventory/not term spine/not sign rendering/not translation completion
uploader-transfer/interlanguage-fable-6034c6b4-current-frontier-authority-routing-20260707/INTERLANGUAGE_FABLE_6034C6B4_CURRENT_FRONTIER_AUTHORITY_ROUTING_20260707/source_artifacts/0296_e2a7a6019a_0184_e2a7a6019a_0120_e2a7a6019a_README.md,A,uploader-transfer-package-context,845,699A6F89BEB7FA28BA639DAF451C13807A3859672910EF3D697686D29C00034C,,source-like/evidence-like packet artifact only; exact source-body rows still require manual source review before reviewer packet use,28019a34851454d37431f2c900c80b45ea90f23e,generated-draft/non-canonical/source-use/gap-support,generated-draft/non-canonical/source-use/gap support only; not native review/not accepted terminology/not approval/not community consent/not license clearance/not gate promotion/not source certification/not final status/not bridge-pilot/not CJK interlanguage bridge/not pan-CJK authority/not Korean-school authority/not visual inventory/not term spine/not sign rendering/not translation completion
uploader-transfer/interlanguage-fable-6034c6b4-current-frontier-authority-routing-20260707/INTERLANGUAGE_FABLE_6034C6B4_CURRENT_FRONTIER_AUTHORITY_ROUTING_20260707/source_artifacts/0297_d95f16e68d_0185_d95f16e68d_0121_d95f16e68d_SAFETY_SCAN_HITS.csv,A,uploader-transfer-package-context,72,8E3885FBB86F858F1B2A2CF2ADE71DE14BFE933176A6B307CD0BCDCCB095346F,1,source-like/evidence-like packet artifact only; exact source-body rows still require manual source review before reviewer packet use,28019a34851454d37431f2c900c80b45ea90f23e,generated-draft/non-canonical/source-use/gap-support,generated-draft/non-canonical/source-use/gap support only; not native review/not accepted terminology/not approval/not community consent/not license clearance/not gate promotion/not source certification/not final status/not bridge-pilot/not CJK interlanguage bridge/not pan-CJK authority/not Korean-school authority/not visual inventory/not term spine/not sign rendering/not translation completion
uploader-transfer/interlanguage-fable-6034c6b4-current-frontier-authority-routing-20260707/INTERLANGUAGE_FABLE_6034C6B4_CURRENT_FRONTIER_AUTHORITY_ROUTING_20260707/source_artifacts/0298_7b755ff0a5_0186_7b755ff0a5_0122_7b755ff0a5_SHA256SUMS.txt,A,uploader-transfer-package-context,788,9AA960216A4F9A82C7B7AD183E8F19710BFBDFA075763EE6683D58B88CC6D45E,,source-like/evidence-like packet artifact only; exact source-body rows still require manual source review before reviewer packet use,28019a34851454d37431f2c900c80b45ea90f23e,generated-draft/non-canonical/source-use/gap-support,generated-draft/non-canonical/source-use/gap support only; not native review/not accepted terminology/not approval/not community consent/not license clearance/not gate promotion/not source certification/not final status/not bridge-pilot/not CJK interlanguage bridge/not pan-CJK authority/not Korean-school authority/not visual inventory/not term spine/not sign rendering/not translation completion
uploader-transfer/interlanguage-fable-6034c6b4-current-frontier-authority-routing-20260707/INTERLANGUAGE_FABLE_6034C6B4_CURRENT_FRONTIER_AUTHORITY_ROUTING_20260707/source_artifacts/0299_09b7f7e1fe_0187_09b7f7e1fe_0123_09b7f7e1fe_VALIDATION_ISSUES.csv,A,uploader-transfer-package-context,73,0EE6FEC31B52E20B4FE15BD694ECE5A623189D6DFB59F8ABD1FD3895F45D79CA,1,source-like/evidence-like packet artifact only; exact source-body rows still require manual source review before reviewer packet use,28019a34851454d37431f2c900c80b45ea90f23e,generated-draft/non-canonical/source-use/gap-support,generated-draft/non-canonical/source-use/gap support only; not native review/not accepted terminology/not approval/not community consent/not license clearance/not gate promotion/not source certification/not final status/not bridge-pilot/not CJK interlanguage bridge/not pan-CJK authority/not Korean-school authority/not visual inventory/not term spine/not sign rendering/not translation completion
uploader-transfer/interlanguage-fable-6034c6b4-current-frontier-authority-routing-20260707/INTERLANGUAGE_FABLE_6034C6B4_CURRENT_FRONTIER_AUTHORITY_ROUTING_20260707/source_artifacts/0300_55515c473b_0188_55515c473b_0124_55515c473b_B3_ACTION_SUMMARY.csv,A,uploader-transfer-package-context,141,84860E57B962188091816B4798C9AAB46D8E117915D833FE2163E31ACBB854C5,1,source-like/evidence-like packet artifact only; exact source-body rows still require manual source review before reviewer packet use,28019a34851454d37431f2c900c80b45ea90f23e,generated-draft/non-canonical/source-use/gap-support,generated-draft/non-canonical/source-use/gap support only; not native review/not accepted terminology/not approval/not community consent/not license clearance/not gate promotion/not source certification/not final status/not bridge-pilot/not CJK interlanguage bridge/not pan-CJK authority/not Korean-school authority/not visual inventory/not term spine/not sign rendering/not translation completion
uploader-transfer/interlanguage-fable-6034c6b4-current-frontier-authority-routing-20260707/INTERLANGUAGE_FABLE_6034C6B4_CURRENT_FRONTIER_AUTHORITY_ROUTING_20260707/source_artifacts/0301_86669b2f1c_0189_86669b2f1c_0125_86669b2f1c_BRANCH_PR_STATE.csv,A,uploader-transfer-package-context,410,39469421F56A83E01ADBD3DDA5BC73AE1A1C13E7DAAD1BCFE6AB39419C522EDD,1,source-like/evidence-like packet artifact only; exact source-body rows still require manual source review before reviewer packet use,28019a34851454d37431f2c900c80b45ea90f23e,generated-draft/non-canonical/source-use/gap-support,generated-draft/non-canonical/source-use/gap support only; not native review/not accepted terminology/not approval/not community consent/not license clearance/not gate promotion/not source certification/not final status/not bridge-pilot/not CJK interlanguage bridge/not pan-CJK authority/not Korean-school authority/not visual inventory/not term spine/not sign rendering/not translation completion
uploader-transfer/interlanguage-fable-6034c6b4-current-frontier-authority-routing-20260707/INTERLANGUAGE_FABLE_6034C6B4_CURRENT_FRONTIER_AUTHORITY_ROUTING_20260707/source_artifacts/0302_be52791a90_0190_be52791a90_0126_be52791a90_FAST_IMPORT_BLOB_LEDGER.csv,A,uploader-transfer-package-context,6697,5D052CE2C0414F38F7223A65C16F30F9BBDE5D2E059C27B4642C868FF5117FAD,13,source-like/evidence-like packet artifact only; exact source-body rows still require manual source review before reviewer packet use,28019a34851454d37431f2c900c80b45ea90f23e,generated-draft/non-canonical/source-use/gap-support,generated-draft/non-canonical/source-use/gap support only; not native review/not accepted terminology/not approval/not community consent/not license clearance/not gate promotion/not source certification/not final status/not bridge-pilot/not CJK interlanguage bridge/not pan-CJK authority/not Korean-school authority/not visual inventory/not term spine/not sign rendering/not translation completion
uploader-transfer/interlanguage-fable-6034c6b4-current-frontier-authority-routing-20260707/INTERLANGUAGE_FABLE_6034C6B4_CURRENT_FRONTIER_AUTHORITY_ROUTING_20260707/source_artifacts/0303_5d2783efe9_0191_5d2783efe9_0127_5d2783efe9_MANIFEST.csv,A,uploader-transfer-package-context,815,A50015936CA83A6389A0DC57233CBDC2BA3130EF1647A4EE5061904ACD9E816D,8,source-like/evidence-like packet artifact only; exact source-body rows still require manual source review before reviewer packet use,28019a34851454d37431f2c900c80b45ea90f23e,generated-draft/non-canonical/source-use/gap-support,generated-draft/non-canonical/source-use/gap support only; not native review/not accepted terminology/not approval/not community consent/not license clearance/not gate promotion/not source certification/not final status/not bridge-pilot/not CJK interlanguage bridge/not pan-CJK authority/not Korean-school authority/not visual inventory/not term spine/not sign rendering/not translation completion
uploader-transfer/interlanguage-fable-6034c6b4-current-frontier-authority-routing-20260707/INTERLANGUAGE_FABLE_6034C6B4_CURRENT_FRONTIER_AUTHORITY_ROUTING_20260707/source_artifacts/0304_6b566b17fe_0192_6b566b17fe_0128_6b566b17fe_PACKAGE_FILE_LEDGER.csv,A,uploader-transfer-package-context,6942,B406D6271E3E088C83F47C08E0E272FD88ACCA48E42850B00DDA0FA5E58412C9,13,source-like/evidence-like packet artifact only; exact source-body rows still require manual source review before reviewer packet use,28019a34851454d37431f2c900c80b45ea90f23e,generated-draft/non-canonical/source-use/gap-support,generated-draft/non-canonical/source-use/gap support only; not native review/not accepted terminology/not approval/not community consent/not license clearance/not gate promotion/not source certification/not final status/not bridge-pilot/not CJK interlanguage bridge/not pan-CJK authority/not Korean-school authority/not visual inventory/not term spine/not sign rendering/not translation completion
uploader-transfer/interlanguage-fable-6034c6b4-current-frontier-authority-routing-20260707/INTERLANGUAGE_FABLE_6034C6B4_CURRENT_FRONTIER_AUTHORITY_ROUTING_20260707/source_artifacts/0305_4edbdb9683_0193_4edbdb9683_0129_4edbdb9683_PACKAGE_ROOT_SUMMARY.csv,A,uploader-transfer-package-context,747,5B2CF3F56381EDEBFABBFF00F17AFF182A0E7EDC17A288801A0F940BF3CB7B8A,1,source-like/evidence-like packet artifact only; exact source-body rows still require manual source review before reviewer packet use,28019a34851454d37431f2c900c80b45ea90f23e,generated-draft/non-canonical/source-use/gap-support,generated-draft/non-canonical/source-use/gap support only; not native review/not accepted terminology/not approval/not community consent/not license clearance/not gate promotion/not source certification/not final status/not bridge-pilot/not CJK interlanguage bridge/not pan-CJK authority/not Korean-school authority/not visual inventory/not term spine/not sign rendering/not translation completion
uploader-transfer/interlanguage-fable-6034c6b4-current-frontier-authority-routing-20260707/INTERLANGUAGE_FABLE_6034C6B4_CURRENT_FRONTIER_AUTHORITY_ROUTING_20260707/source_artifacts/0306_d0e573cfc6_0194_d0e573cfc6_0130_d0e573cfc6_README.md,A,uploader-transfer-package-context,766,E570EDCA4DFAF3C4C36C745B768EF5D47305E75F596522E7403D05763713C09B,,source-like/evidence-like packet artifact only; exact source-body rows still require manual source review before reviewer packet use,28019a34851454d37431f2c900c80b45ea90f23e,generated-draft/non-canonical/source-use/gap-support,generated-draft/non-canonical/source-use/gap support only; not native review/not accepted terminology/not approval/not community consent/not license clearance/not gate promotion/not source certification/not final status/not bridge-pilot/not CJK interlanguage bridge/not pan-CJK authority/not Korean-school authority/not visual inventory/not term spine/not sign rendering/not translation completion
uploader-transfer/interlanguage-fable-6034c6b4-current-frontier-authority-routing-20260707/INTERLANGUAGE_FABLE_6034C6B4_CURRENT_FRONTIER_AUTHORITY_ROUTING_20260707/source_artifacts/0307_05c64b0384_0195_05c64b0384_0131_05c64b0384_SAFETY_SCAN_HITS.csv,A,uploader-transfer-package-context,238,D5CBAFFBE47C8A1B19956AB2241853310A3E59623CC108CA845A5A2C57711ABD,1,source-like/evidence-like packet artifact only; exact source-body rows still require manual source review before reviewer packet use,28019a34851454d37431f2c900c80b45ea90f23e,generated-draft/non-canonical/source-use/gap-support,generated-draft/non-canonical/source-use/gap support only; not native review/not accepted terminology/not approval/not community consent/not license clearance/not gate promotion/not source certification/not final status/not bridge-pilot/not CJK interlanguage bridge/not pan-CJK authority/not Korean-school authority/not visual inventory/not term spine/not sign rendering/not translation completion
uploader-transfer/interlanguage-fable-6034c6b4-current-frontier-authority-routing-20260707/INTERLANGUAGE_FABLE_6034C6B4_CURRENT_FRONTIER_AUTHORITY_ROUTING_20260707/source_artifacts/0308_2e331d8a98_0196_2e331d8a98_0132_2e331d8a98_SHA256SUMS.txt,A,uploader-transfer-package-context,788,9DB311671651E68F9948A8B7E02F742FAAF9AAC426138C5359FC4E1EA5DCBB66,,source-like/evidence-like packet artifact only; exact source-body rows still require manual source review before reviewer packet use,28019a34851454d37431f2c900c80b45ea90f23e,generated-draft/non-canonical/source-use/gap-support,generated-draft/non-canonical/source-use/gap support only; not native review/not accepted terminology/not approval/not community consent/not license clearance/not gate promotion/not source certification/not final status/not bridge-pilot/not CJK interlanguage bridge/not pan-CJK authority/not Korean-school authority/not visual inventory/not term spine/not sign rendering/not translation completion
uploader-transfer/interlanguage-fable-6034c6b4-current-frontier-authority-routing-20260707/INTERLANGUAGE_FABLE_6034C6B4_CURRENT_FRONTIER_AUTHORITY_ROUTING_20260707/source_artifacts/0309_09b7f7e1fe_0197_09b7f7e1fe_0133_09b7f7e1fe_VALIDATION_ISSUES.csv,A,uploader-transfer-package-context,73,0EE6FEC31B52E20B4FE15BD694ECE5A623189D6DFB59F8ABD1FD3895F45D79CA,1,source-like/evidence-like packet artifact only; exact source-body rows still require manual source review before reviewer packet use,28019a34851454d37431f2c900c80b45ea90f23e,generated-draft/non-canonical/source-use/gap-support,generated-draft/non-canonical/source-use/gap support only; not native review/not accepted terminology/not approval/not community consent/not license clearance/not gate promotion/not source certification/not final status/not bridge-pilot/not CJK interlanguage bridge/not pan-CJK authority/not Korean-school authority/not visual inventory/not term spine/not sign rendering/not translation completion
uploader-transfer/interlanguage-fable-6034c6b4-current-frontier-authority-routing-20260707/INTERLANGUAGE_FABLE_6034C6B4_CURRENT_FRONTIER_AUTHORITY_ROUTING_20260707/source_artifacts/0310_fe37624ba5_0198_fe37624ba5_0134_fe37624ba5_B3_ACTION_SUMMARY.csv,A,uploader-transfer-package-context,149,B8198748FE6EE19434E7768F597E6209E1D614EAE5BEA08DEE7637D6609B656E,1,source-like/evidence-like packet artifact only; exact source-body rows still require manual source review before reviewer packet use,28019a34851454d37431f2c900c80b45ea90f23e,generated-draft/non-canonical/source-use/gap-support,generated-draft/non-canonical/source-use/gap support only; not native review/not accepted terminology/not approval/not community consent/not license clearance/not gate promotion/not source certification/not final status/not bridge-pilot/not CJK interlanguage bridge/not pan-CJK authority/not Korean-school authority/not visual inventory/not term spine/not sign rendering/not translation completion
uploader-transfer/interlanguage-fable-6034c6b4-current-frontier-authority-routing-20260707/INTERLANGUAGE_FABLE_6034C6B4_CURRENT_FRONTIER_AUTHORITY_ROUTING_20260707/source_artifacts/0311_4483fadd8c_0199_4483fadd8c_0135_4483fadd8c_BRANCH_PR_STATE.csv,A,uploader-transfer-package-context,413,246DB7CE9F6F0C9BBF711139541EF25FDA05373D336A91B9DDCFA3884FFA9234,1,source-like/evidence-like packet artifact only; exact source-body rows still require manual source review before reviewer packet use,28019a34851454d37431f2c900c80b45ea90f23e,generated-draft/non-canonical/source-use/gap-support,generated-draft/non-canonical/source-use/gap support only; not native review/not accepted terminology/not approval/not community consent/not license clearance/not gate promotion/not source certification/not final status/not bridge-pilot/not CJK interlanguage bridge/not pan-CJK authority/not Korean-school authority/not visual inventory/not term spine/not sign rendering/not translation completion
uploader-transfer/interlanguage-fable-6034c6b4-current-frontier-authority-routing-20260707/INTERLANGUAGE_FABLE_6034C6B4_CURRENT_FRONTIER_AUTHORITY_ROUTING_20260707/source_artifacts/0312_f348d9aa8f_0200_f348d9aa8f_0136_f348d9aa8f_FAST_IMPORT_BLOB_LEDGER.csv,A,uploader-transfer-package-context,23212,540B995805B7080F20469DF11E1C2A1AF4E32B9847DE278094AAC8BC0E4B5ECD,34,source-like/evidence-like packet artifact only; exact source-body rows still require manual source review before reviewer packet use,28019a34851454d37431f2c900c80b45ea90f23e,generated-draft/non-canonical/source-use/gap-support,generated-draft/non-canonical/source-use/gap support only; not native review/not accepted terminology/not approval/not community consent/not license clearance/not gate promotion/not source certification/not final status/not bridge-pilot/not CJK interlanguage bridge/not pan-CJK authority/not Korean-school authority/not visual inventory/not term spine/not sign rendering/not translation completion
uploader-transfer/interlanguage-fable-6034c6b4-current-frontier-authority-routing-20260707/INTERLANGUAGE_FABLE_6034C6B4_CURRENT_FRONTIER_AUTHORITY_ROUTING_20260707/source_artifacts/0313_33880a40fe_0201_33880a40fe_0137_33880a40fe_MANIFEST.csv,A,uploader-transfer-package-context,816,BC49AE1E9DA9C1C1FE8E3054D57672F7EBFFE7E64C3254CCC16EAE4087D88F8C,8,source-like/evidence-like packet artifact only; exact source-body rows still require manual source review before reviewer packet use,28019a34851454d37431f2c900c80b45ea90f23e,generated-draft/non-canonical/source-use/gap-support,generated-draft/non-canonical/source-use/gap support only; not native review/not accepted terminology/not approval/not community consent/not license clearance/not gate promotion/not source certification/not final status/not bridge-pilot/not CJK interlanguage bridge/not pan-CJK authority/not Korean-school authority/not visual inventory/not term spine/not sign rendering/not translation completion
uploader-transfer/interlanguage-fable-6034c6b4-current-frontier-authority-routing-20260707/INTERLANGUAGE_FABLE_6034C6B4_CURRENT_FRONTIER_AUTHORITY_ROUTING_20260707/source_artifacts/0314_102cb9aace_0202_102cb9aace_0138_102cb9aace_PACKAGE_FILE_LEDGER.csv,A,uploader-transfer-package-context,25954,79C0AE757EFAE10AD62343300D9AEC5C394C4F26B676780DCE96F2CFABE3E40F,34,source-like/evidence-like packet artifact only; exact source-body rows still require manual source review before reviewer packet use,28019a34851454d37431f2c900c80b45ea90f23e,generated-draft/non-canonical/source-use/gap-support,generated-draft/non-canonical/source-use/gap support only; not native review/not accepted terminology/not approval/not community consent/not license clearance/not gate promotion/not source certification/not final status/not bridge-pilot/not CJK interlanguage bridge/not pan-CJK authority/not Korean-school authority/not visual inventory/not term spine/not sign rendering/not translation completion
uploader-transfer/interlanguage-fable-6034c6b4-current-frontier-authority-routing-20260707/INTERLANGUAGE_FABLE_6034C6B4_CURRENT_FRONTIER_AUTHORITY_ROUTING_20260707/source_artifacts/0315_8e6bf286f1_0203_8e6bf286f1_0139_8e6bf286f1_PACKAGE_ROOT_SUMMARY.csv,A,uploader-transfer-package-context,879,42449C23B93BA0DACC64CEC323093287D9AB27526A9F8F2AE1B221FBE3FC40D6,1,source-like/evidence-like packet artifact only; exact source-body rows still require manual source review before reviewer packet use,28019a34851454d37431f2c900c80b45ea90f23e,generated-draft/non-canonical/source-use/gap-support,generated-draft/non-canonical/source-use/gap support only; not native review/not accepted terminology/not approval/not community consent/not license clearance/not gate promotion/not source certification/not final status/not bridge-pilot/not CJK interlanguage bridge/not pan-CJK authority/not Korean-school authority/not visual inventory/not term spine/not sign rendering/not translation completion
uploader-transfer/interlanguage-fable-6034c6b4-current-frontier-authority-routing-20260707/INTERLANGUAGE_FABLE_6034C6B4_CURRENT_FRONTIER_AUTHORITY_ROUTING_20260707/source_artifacts/0316_b8795a9414_0204_b8795a9414_0140_b8795a9414_README.md,A,uploader-transfer-package-context,795,2DFC6807EA4AD12D8A7E61E88EA90C9FD109142B0852C525BE359461ADE9E648,,source-like/evidence-like packet artifact only; exact source-body rows still require manual source review before reviewer packet use,28019a34851454d37431f2c900c80b45ea90f23e,generated-draft/non-canonical/source-use/gap-support,generated-draft/non-canonical/source-use/gap support only; not native review/not accepted terminology/not approval/not community consent/not license clearance/not gate promotion/not source certification/not final status/not bridge-pilot/not CJK interlanguage bridge/not pan-CJK authority/not Korean-school authority/not visual inventory/not term spine/not sign rendering/not translation completion
uploader-transfer/interlanguage-fable-6034c6b4-current-frontier-authority-routing-20260707/INTERLANGUAGE_FABLE_6034C6B4_CURRENT_FRONTIER_AUTHORITY_ROUTING_20260707/source_artifacts/0317_d95f16e68d_0205_d95f16e68d_0141_d95f16e68d_SAFETY_SCAN_HITS.csv,A,uploader-transfer-package-context,72,8E3885FBB86F858F1B2A2CF2ADE71DE14BFE933176A6B307CD0BCDCCB095346F,1,source-like/evidence-like packet artifact only; exact source-body rows still require manual source review before reviewer packet use,28019a34851454d37431f2c900c80b45ea90f23e,generated-draft/non-canonical/source-use/gap-support,generated-draft/non-canonical/source-use/gap support only; not native review/not accepted terminology/not approval/not community consent/not license clearance/not gate promotion/not source certification/not final status/not bridge-pilot/not CJK interlanguage bridge/not pan-CJK authority/not Korean-school authority/not visual inventory/not term spine/not sign rendering/not translation completion
uploader-transfer/interlanguage-fable-6034c6b4-current-frontier-authority-routing-20260707/INTERLANGUAGE_FABLE_6034C6B4_CURRENT_FRONTIER_AUTHORITY_ROUTING_20260707/source_artifacts/0318_d2cd3e5442_0206_d2cd3e5442_0142_d2cd3e5442_SHA256SUMS.txt,A,uploader-transfer-package-context,788,4779895BD9788832C0141D78A140F57BB464F324155A7A1A9FF0EADFD4FFB3CA,,source-like/evidence-like packet artifact only; exact source-body rows still require manual source review before reviewer packet use,28019a34851454d37431f2c900c80b45ea90f23e,generated-draft/non-canonical/source-use/gap-support,generated-draft/non-canonical/source-use/gap support only; not native review/not accepted terminology/not approval/not community consent/not license clearance/not gate promotion/not source certification/not final status/not bridge-pilot/not CJK interlanguage bridge/not pan-CJK authority/not Korean-school authority/not visual inventory/not term spine/not sign rendering/not translation completion
uploader-transfer/interlanguage-fable-6034c6b4-current-frontier-authority-routing-20260707/INTERLANGUAGE_FABLE_6034C6B4_CURRENT_FRONTIER_AUTHORITY_ROUTING_20260707/source_artifacts/0319_09b7f7e1fe_0207_09b7f7e1fe_0143_09b7f7e1fe_VALIDATION_ISSUES.csv,A,uploader-transfer-package-context,73,0EE6FEC31B52E20B4FE15BD694ECE5A623189D6DFB59F8ABD1FD3895F45D79CA,1,source-like/evidence-like packet artifact only; exact source-body rows still require manual source review before reviewer packet use,28019a34851454d37431f2c900c80b45ea90f23e,generated-draft/non-canonical/source-use/gap-support,generated-draft/non-canonical/source-use/gap support only; not native review/not accepted terminology/not approval/not community consent/not license clearance/not gate promotion/not source certification/not final status/not bridge-pilot/not CJK interlanguage bridge/not pan-CJK authority/not Korean-school authority/not visual inventory/not term spine/not sign rendering/not translation completion
uploader-transfer/interlanguage-fable-6034c6b4-current-frontier-authority-routing-20260707/INTERLANGUAGE_FABLE_6034C6B4_CURRENT_FRONTIER_AUTHORITY_ROUTING_20260707/source_artifacts/0320_8a107a9844_0208_8a107a9844_0144_8a107a9844_B3_ACTION_SUMMARY.csv,A,uploader-transfer-package-context,146,839AECD961699D0869B9A0F8EFB9F90503A67C772F8A92EB34CB79141D77F26C,1,source-like/evidence-like packet artifact only; exact source-body rows still require manual source review before reviewer packet use,28019a34851454d37431f2c900c80b45ea90f23e,generated-draft/non-canonical/source-use/gap-support,generated-draft/non-canonical/source-use/gap support only; not native review/not accepted terminology/not approval/not community consent/not license clearance/not gate promotion/not source certification/not final status/not bridge-pilot/not CJK interlanguage bridge/not pan-CJK authority/not Korean-school authority/not visual inventory/not term spine/not sign rendering/not translation completion
uploader-transfer/interlanguage-fable-6034c6b4-current-frontier-authority-routing-20260707/INTERLANGUAGE_FABLE_6034C6B4_CURRENT_FRONTIER_AUTHORITY_ROUTING_20260707/source_artifacts/0321_caed455870_0209_caed455870_0145_caed455870_BRANCH_PR_STATE.csv,A,uploader-transfer-package-context,390,C1CBFB35C8AB9E6260B4BBB7BB0686E6629987C398FC91386F9B3CC573CC3586,1,source-like/evidence-like packet artifact only; exact source-body rows still require manual source review before reviewer packet use,28019a34851454d37431f2c900c80b45ea90f23e,generated-draft/non-canonical/source-use/gap-support,generated-draft/non-canonical/source-use/gap support only; not native review/not accepted terminology/not approval/not community consent/not license clearance/not gate promotion/not source certification/not final status/not bridge-pilot/not CJK interlanguage bridge/not pan-CJK authority/not Korean-school authority/not visual inventory/not term spine/not sign rendering/not translation completion
uploader-transfer/interlanguage-fable-6034c6b4-current-frontier-authority-routing-20260707/INTERLANGUAGE_FABLE_6034C6B4_CURRENT_FRONTIER_AUTHORITY_ROUTING_20260707/source_artifacts/0322_9681fe49c3_0210_9681fe49c3_0146_9681fe49c3_FAST_IMPORT_BLOB_LEDGER.csv,A,uploader-transfer-package-context,5585,DC318BD21391B4791ED3F1844BAB7592074559DF1FA2CF9E5E847A2CB2FF8356,11,source-like/evidence-like packet artifact only; exact source-body rows still require manual source review before reviewer packet use,28019a34851454d37431f2c900c80b45ea90f23e,generated-draft/non-canonical/source-use/gap-support,generated-draft/non-canonical/source-use/gap support only; not native review/not accepted terminology/not approval/not community consent/not license clearance/not gate promotion/not source certification/not final status/not bridge-pilot/not CJK interlanguage bridge/not pan-CJK authority/not Korean-school authority/not visual inventory/not term spine/not sign rendering/not translation completion
uploader-transfer/interlanguage-fable-6034c6b4-current-frontier-authority-routing-20260707/INTERLANGUAGE_FABLE_6034C6B4_CURRENT_FRONTIER_AUTHORITY_ROUTING_20260707/source_artifacts/0323_b6b0fd987d_0211_b6b0fd987d_0147_b6b0fd987d_MANIFEST.csv,A,uploader-transfer-package-context,815,FB5E422979A2A566394EE3CD4A439E38BA8E9455DC262430C611D7AF0B66BFEE,8,source-like/evidence-like packet artifact only; exact source-body rows still require manual source review before reviewer packet use,28019a34851454d37431f2c900c80b45ea90f23e,generated-draft/non-canonical/source-use/gap-support,generated-draft/non-canonical/source-use/gap support only; not native review/not accepted terminology/not approval/not community consent/not license clearance/not gate promotion/not source certification/not final status/not bridge-pilot/not CJK interlanguage bridge/not pan-CJK authority/not Korean-school authority/not visual inventory/not term spine/not sign rendering/not translation completion
uploader-transfer/interlanguage-fable-6034c6b4-current-frontier-authority-routing-20260707/INTERLANGUAGE_FABLE_6034C6B4_CURRENT_FRONTIER_AUTHORITY_ROUTING_20260707/source_artifacts/0324_fdc409d13b_0212_fdc409d13b_0148_fdc409d13b_PACKAGE_FILE_LEDGER.csv,A,uploader-transfer-package-context,5780,F2B8DD5A52D61058039FC5FF7CEAC51FA1563C7E88ACF73B201CA4E3BE80E6F7,11,source-like/evidence-like packet artifact only; exact source-body rows still require manual source review before reviewer packet use,28019a34851454d37431f2c900c80b45ea90f23e,generated-draft/non-canonical/source-use/gap-support,generated-draft/non-canonical/source-use/gap support only; not native review/not accepted terminology/not approval/not community consent/not license clearance/not gate promotion/not source certification/not final status/not bridge-pilot/not CJK interlanguage bridge/not pan-CJK authority/not Korean-school authority/not visual inventory/not term spine/not sign rendering/not translation completion
uploader-transfer/interlanguage-fable-6034c6b4-current-frontier-authority-routing-20260707/INTERLANGUAGE_FABLE_6034C6B4_CURRENT_FRONTIER_AUTHORITY_ROUTING_20260707/source_artifacts/0325_38b7f6ff0b_0213_38b7f6ff0b_0149_38b7f6ff0b_PACKAGE_ROOT_SUMMARY.csv,A,uploader-transfer-package-context,756,E2D3284B07013E4EDD7D8E5C6A23431A483009B71E4195A265D0A7440672198D,1,source-like/evidence-like packet artifact only; exact source-body rows still require manual source review before reviewer packet use,28019a34851454d37431f2c900c80b45ea90f23e,generated-draft/non-canonical/source-use/gap-support,generated-draft/non-canonical/source-use/gap support only; not native review/not accepted terminology/not approval/not community consent/not license clearance/not gate promotion/not source certification/not final status/not bridge-pilot/not CJK interlanguage bridge/not pan-CJK authority/not Korean-school authority/not visual inventory/not term spine/not sign rendering/not translation completion
uploader-transfer/interlanguage-fable-6034c6b4-current-frontier-authority-routing-20260707/INTERLANGUAGE_FABLE_6034C6B4_CURRENT_FRONTIER_AUTHORITY_ROUTING_20260707/source_artifacts/0326_6a7f1fb1f1_0214_6a7f1fb1f1_0150_6a7f1fb1f1_README.md,A,uploader-transfer-package-context,799,6381A4FA5253A9F0129D693169E8AF5E94C9B10736B028B6279AC7891010C0F3,,source-like/evidence-like packet artifact only; exact source-body rows still require manual source review before reviewer packet use,28019a34851454d37431f2c900c80b45ea90f23e,generated-draft/non-canonical/source-use/gap-support,generated-draft/non-canonical/source-use/gap support only; not native review/not accepted terminology/not approval/not community consent/not license clearance/not gate promotion/not source certification/not final status/not bridge-pilot/not CJK interlanguage bridge/not pan-CJK authority/not Korean-school authority/not visual inventory/not term spine/not sign rendering/not translation completion
uploader-transfer/interlanguage-fable-6034c6b4-current-frontier-authority-routing-20260707/INTERLANGUAGE_FABLE_6034C6B4_CURRENT_FRONTIER_AUTHORITY_ROUTING_20260707/source_artifacts/0327_98035f9058_0215_98035f9058_0151_98035f9058_SAFETY_SCAN_HITS.csv,A,uploader-transfer-package-context,236,5D51812C4607548CAF0D37BBA44839D0A0A7AEB70B41009946343906E51CC650,1,source-like/evidence-like packet artifact only; exact source-body rows still require manual source review before reviewer packet use,28019a34851454d37431f2c900c80b45ea90f23e,generated-draft/non-canonical/source-use/gap-support,generated-draft/non-canonical/source-use/gap support only; not native review/not accepted terminology/not approval/not community consent/not license clearance/not gate promotion/not source certification/not final status/not bridge-pilot/not CJK interlanguage bridge/not pan-CJK authority/not Korean-school authority/not visual inventory/not term spine/not sign rendering/not translation completion
uploader-transfer/interlanguage-fable-6034c6b4-current-frontier-authority-routing-20260707/INTERLANGUAGE_FABLE_6034C6B4_CURRENT_FRONTIER_AUTHORITY_ROUTING_20260707/source_artifacts/0328_896156c914_0216_896156c914_0152_896156c914_SHA256SUMS.txt,A,uploader-transfer-package-context,788,EB6C4B72C70973846CB110C745B7B7F8BD87C249434B2F79B3CF9F1DBE509197,,source-like/evidence-like packet artifact only; exact source-body rows still require manual source review before reviewer packet use,28019a34851454d37431f2c900c80b45ea90f23e,generated-draft/non-canonical/source-use/gap-support,generated-draft/non-canonical/source-use/gap support only; not native review/not accepted terminology/not approval/not community consent/not license clearance/not gate promotion/not source certification/not final status/not bridge-pilot/not CJK interlanguage bridge/not pan-CJK authority/not Korean-school authority/not visual inventory/not term spine/not sign rendering/not translation completion
uploader-transfer/interlanguage-fable-6034c6b4-current-frontier-authority-routing-20260707/INTERLANGUAGE_FABLE_6034C6B4_CURRENT_FRONTIER_AUTHORITY_ROUTING_20260707/source_artifacts/0329_09b7f7e1fe_0217_09b7f7e1fe_0153_09b7f7e1fe_VALIDATION_ISSUES.csv,A,uploader-transfer-package-context,73,0EE6FEC31B52E20B4FE15BD694ECE5A623189D6DFB59F8ABD1FD3895F45D79CA,1,source-like/evidence-like packet artifact only; exact source-body rows still require manual source review before reviewer packet use,28019a34851454d37431f2c900c80b45ea90f23e,generated-draft/non-canonical/source-use/gap-support,generated-draft/non-canonical/source-use/gap support only; not native review/not accepted terminology/not approval/not community consent/not license clearance/not gate promotion/not source certification/not final status/not bridge-pilot/not CJK interlanguage bridge/not pan-CJK authority/not Korean-school authority/not visual inventory/not term spine/not sign rendering/not translation completion
uploader-transfer/interlanguage-fable-6034c6b4-current-frontier-authority-routing-20260707/INTERLANGUAGE_FABLE_6034C6B4_CURRENT_FRONTIER_AUTHORITY_ROUTING_20260707/source_artifacts/0330_8ff2451001_0218_8ff2451001_0154_8ff2451001_B3_ACTION_SUMMARY.csv,A,uploader-transfer-package-context,150,9BB8EB3FF67893434FAEE24A8EBA25B7F7391F3A6F2DCB7B975EF2B864E84A2C,1,source-like/evidence-like packet artifact only; exact source-body rows still require manual source review before reviewer packet use,28019a34851454d37431f2c900c80b45ea90f23e,generated-draft/non-canonical/source-use/gap-support,generated-draft/non-canonical/source-use/gap support only; not native review/not accepted terminology/not approval/not community consent/not license clearance/not gate promotion/not source certification/not final status/not bridge-pilot/not CJK interlanguage bridge/not pan-CJK authority/not Korean-school authority/not visual inventory/not term spine/not sign rendering/not translation completion
uploader-transfer/interlanguage-fable-6034c6b4-current-frontier-authority-routing-20260707/INTERLANGUAGE_FABLE_6034C6B4_CURRENT_FRONTIER_AUTHORITY_ROUTING_20260707/source_artifacts/0331_909b0e517d_0219_909b0e517d_0155_909b0e517d_BRANCH_PR_STATE.csv,A,uploader-transfer-package-context,420,6051CCD5A7B4D3C38029231F8A0B3DE8395C911B744D9A2D5D28A6B6B9D92869,1,source-like/evidence-like packet artifact only; exact source-body rows still require manual source review before reviewer packet use,28019a34851454d37431f2c900c80b45ea90f23e,generated-draft/non-canonical/source-use/gap-support,generated-draft/non-canonical/source-use/gap support only; not native review/not accepted terminology/not approval/not community consent/not license clearance/not gate promotion/not source certification/not final status/not bridge-pilot/not CJK interlanguage bridge/not pan-CJK authority/not Korean-school authority/not visual inventory/not term spine/not sign rendering/not translation completion
uploader-transfer/interlanguage-fable-6034c6b4-current-frontier-authority-routing-20260707/INTERLANGUAGE_FABLE_6034C6B4_CURRENT_FRONTIER_AUTHORITY_ROUTING_20260707/source_artifacts/0332_155f6a780f_0220_155f6a780f_0156_155f6a780f_FAST_IMPORT_BLOB_LEDGER.csv,A,uploader-transfer-package-context,6306,5832E58DE9AC71376BC2AFA376FB973935204565C1D11D9912DB608296C11B1D,12,source-like/evidence-like packet artifact only; exact source-body rows still require manual source review before reviewer packet use,28019a34851454d37431f2c900c80b45ea90f23e,generated-draft/non-canonical/source-use/gap-support,generated-draft/non-canonical/source-use/gap support only; not native review/not accepted terminology/not approval/not community consent/not license clearance/not gate promotion/not source certification/not final status/not bridge-pilot/not CJK interlanguage bridge/not pan-CJK authority/not Korean-school authority/not visual inventory/not term spine/not sign rendering/not translation completion
uploader-transfer/interlanguage-fable-6034c6b4-current-frontier-authority-routing-20260707/INTERLANGUAGE_FABLE_6034C6B4_CURRENT_FRONTIER_AUTHORITY_ROUTING_20260707/source_artifacts/0333_6f024ea70b_0221_6f024ea70b_0157_6f024ea70b_MANIFEST.csv,A,uploader-transfer-package-context,815,AAE81C27ECE2C26A54F4E6EDAA979FF2A3B31D32F067F1E1A0BD4D664DF24BA4,8,source-like/evidence-like packet artifact only; exact source-body rows still require manual source review before reviewer packet use,28019a34851454d37431f2c900c80b45ea90f23e,generated-draft/non-canonical/source-use/gap-support,generated-draft/non-canonical/source-use/gap support only; not native review/not accepted terminology/not approval/not community consent/not license clearance/not gate promotion/not source certification/not final status/not bridge-pilot/not CJK interlanguage bridge/not pan-CJK authority/not Korean-school authority/not visual inventory/not term spine/not sign rendering/not translation completion
uploader-transfer/interlanguage-fable-6034c6b4-current-frontier-authority-routing-20260707/INTERLANGUAGE_FABLE_6034C6B4_CURRENT_FRONTIER_AUTHORITY_ROUTING_20260707/source_artifacts/0334_57ea9795c9_0222_57ea9795c9_0158_57ea9795c9_PACKAGE_FILE_LEDGER.csv,A,uploader-transfer-package-context,6509,0B23DC1A4927870110B15F73D266DD1B5371160267C2ECE5232F819C7110EAD0,12,source-like/evidence-like packet artifact only; exact source-body rows still require manual source review before reviewer packet use,28019a34851454d37431f2c900c80b45ea90f23e,generated-draft/non-canonical/source-use/gap-support,generated-draft/non-canonical/source-use/gap support only; not native review/not accepted terminology/not approval/not community consent/not license clearance/not gate promotion/not source certification/not final status/not bridge-pilot/not CJK interlanguage bridge/not pan-CJK authority/not Korean-school authority/not visual inventory/not term spine/not sign rendering/not translation completion
uploader-transfer/interlanguage-fable-6034c6b4-current-frontier-authority-routing-20260707/INTERLANGUAGE_FABLE_6034C6B4_CURRENT_FRONTIER_AUTHORITY_ROUTING_20260707/source_artifacts/0335_f6f99e69c2_0223_f6f99e69c2_0159_f6f99e69c2_PACKAGE_ROOT_SUMMARY.csv,A,uploader-transfer-package-context,764,9F3E234F837E46A035E49EC2E5F350200D22D8B2805CC06FF51DA09179E09174,1,source-like/evidence-like packet artifact only; exact source-body rows still require manual source review before reviewer packet use,28019a34851454d37431f2c900c80b45ea90f23e,generated-draft/non-canonical/source-use/gap-support,generated-draft/non-canonical/source-use/gap support only; not native review/not accepted terminology/not approval/not community consent/not license clearance/not gate promotion/not source certification/not final status/not bridge-pilot/not CJK interlanguage bridge/not pan-CJK authority/not Korean-school authority/not visual inventory/not term spine/not sign rendering/not translation completion
uploader-transfer/interlanguage-fable-6034c6b4-current-frontier-authority-routing-20260707/INTERLANGUAGE_FABLE_6034C6B4_CURRENT_FRONTIER_AUTHORITY_ROUTING_20260707/source_artifacts/0336_e4cff47608_0224_e4cff47608_0160_e4cff47608_README.md,A,uploader-transfer-package-context,854,17CA479B7981C92CCA05239233C2FA44350CC90906D803E2218F2DC820BD6A64,,source-like/evidence-like packet artifact only; exact source-body rows still require manual source review before reviewer packet use,28019a34851454d37431f2c900c80b45ea90f23e,generated-draft/non-canonical/source-use/gap-support,generated-draft/non-canonical/source-use/gap support only; not native review/not accepted terminology/not approval/not community consent/not license clearance/not gate promotion/not source certification/not final status/not bridge-pilot/not CJK interlanguage bridge/not pan-CJK authority/not Korean-school authority/not visual inventory/not term spine/not sign rendering/not translation completion
uploader-transfer/interlanguage-fable-6034c6b4-current-frontier-authority-routing-20260707/INTERLANGUAGE_FABLE_6034C6B4_CURRENT_FRONTIER_AUTHORITY_ROUTING_20260707/source_artifacts/0337_2000ca3181_0225_2000ca3181_0161_2000ca3181_SAFETY_SCAN_HITS.csv,A,uploader-transfer-package-context,240,057DA9E395717D2C176362EB5DABB6F0AAC1E637B21F2F248E0D1A251B7AEABA,1,source-like/evidence-like packet artifact only; exact source-body rows still require manual source review before reviewer packet use,28019a34851454d37431f2c900c80b45ea90f23e,generated-draft/non-canonical/source-use/gap-support,generated-draft/non-canonical/source-use/gap support only; not native review/not accepted terminology/not approval/not community consent/not license clearance/not gate promotion/not source certification/not final status/not bridge-pilot/not CJK interlanguage bridge/not pan-CJK authority/not Korean-school authority/not visual inventory/not term spine/not sign rendering/not translation completion
uploader-transfer/interlanguage-fable-6034c6b4-current-frontier-authority-routing-20260707/INTERLANGUAGE_FABLE_6034C6B4_CURRENT_FRONTIER_AUTHORITY_ROUTING_20260707/source_artifacts/0338_a8bef0d798_0226_a8bef0d798_0162_a8bef0d798_SHA256SUMS.txt,A,uploader-transfer-package-context,788,555EA06A64108C9BE682F076BD3ADBD161798C706512F52E90EBB12407DB2DD5,,source-like/evidence-like packet artifact only; exact source-body rows still require manual source review before reviewer packet use,28019a34851454d37431f2c900c80b45ea90f23e,generated-draft/non-canonical/source-use/gap-support,generated-draft/non-canonical/source-use/gap support only; not native review/not accepted terminology/not approval/not community consent/not license clearance/not gate promotion/not source certification/not final status/not bridge-pilot/not CJK interlanguage bridge/not pan-CJK authority/not Korean-school authority/not visual inventory/not term spine/not sign rendering/not translation completion
uploader-transfer/interlanguage-fable-6034c6b4-current-frontier-authority-routing-20260707/INTERLANGUAGE_FABLE_6034C6B4_CURRENT_FRONTIER_AUTHORITY_ROUTING_20260707/source_artifacts/0339_09b7f7e1fe_0227_09b7f7e1fe_0163_09b7f7e1fe_VALIDATION_ISSUES.csv,A,uploader-transfer-package-context,73,0EE6FEC31B52E20B4FE15BD694ECE5A623189D6DFB59F8ABD1FD3895F45D79CA,1,source-like/evidence-like packet artifact only; exact source-body rows still require manual source review before reviewer packet use,28019a34851454d37431f2c900c80b45ea90f23e,generated-draft/non-canonical/source-use/gap-support,generated-draft/non-canonical/source-use/gap support only; not native review/not accepted terminology/not approval/not community consent/not license clearance/not gate promotion/not source certification/not final status/not bridge-pilot/not CJK interlanguage bridge/not pan-CJK authority/not Korean-school authority/not visual inventory/not term spine/not sign rendering/not translation completion
uploader-transfer/interlanguage-fable-6034c6b4-current-frontier-authority-routing-20260707/INTERLANGUAGE_FABLE_6034C6B4_CURRENT_FRONTIER_AUTHORITY_ROUTING_20260707/source_artifacts/0340_a0210d831a_0228_a0210d831a_B3_ACTION_SUMMARY.csv,A,uploader-transfer-package-context,492,1971613484841CEE76BC7E3EC6E58D918499EE2FC744BD8784FFE734802674EE,1,source-like/evidence-like packet artifact only; exact source-body rows still require manual source review before reviewer packet use,28019a34851454d37431f2c900c80b45ea90f23e,generated-draft/non-canonical/source-use/gap-support,generated-draft/non-canonical/source-use/gap support only; not native review/not accepted terminology/not approval/not community consent/not license clearance/not gate promotion/not source certification/not final status/not bridge-pilot/not CJK interlanguage bridge/not pan-CJK authority/not Korean-school authority/not visual inventory/not term spine/not sign rendering/not translation completion
uploader-transfer/interlanguage-fable-6034c6b4-current-frontier-authority-routing-20260707/INTERLANGUAGE_FABLE_6034C6B4_CURRENT_FRONTIER_AUTHORITY_ROUTING_20260707/source_artifacts/0341_1125c67197_0229_1125c67197_BRANCH_PR_STATE.csv,A,uploader-transfer-package-context,508,F6792495B47E971F7B3653041C88DCF3BC26DF545C88C9E0638B30B769731826,1,source-like/evidence-like packet artifact only; exact source-body rows still require manual source review before reviewer packet use,28019a34851454d37431f2c900c80b45ea90f23e,generated-draft/non-canonical/source-use/gap-support,generated-draft/non-canonical/source-use/gap support only; not native review/not accepted terminology/not approval/not community consent/not license clearance/not gate promotion/not source certification/not final status/not bridge-pilot/not CJK interlanguage bridge/not pan-CJK authority/not Korean-school authority/not visual inventory/not term spine/not sign rendering/not translation completion
uploader-transfer/interlanguage-fable-6034c6b4-current-frontier-authority-routing-20260707/INTERLANGUAGE_FABLE_6034C6B4_CURRENT_FRONTIER_AUTHORITY_ROUTING_20260707/source_artifacts/0342_129bd0aa9d_0230_129bd0aa9d_FAST_IMPORT_BLOB_LEDGER_LOCAL_ONLY.csv,A,uploader-transfer-package-context,173844,F667EBF1F89AE19290731B94E279D859E0157CFC1F11A7994BAEE0399C35B31B,286,source-like/evidence-like packet artifact only; exact source-body rows still require manual source review before reviewer packet use,28019a34851454d37431f2c900c80b45ea90f23e,generated-draft/non-canonical/source-use/gap-support,generated-draft/non-canonical/source-use/gap support only; not native review/not accepted terminology/not approval/not community consent/not license clearance/not gate promotion/not source certification/not final status/not bridge-pilot/not CJK interlanguage bridge/not pan-CJK authority/not Korean-school authority/not visual inventory/not term spine/not sign rendering/not translation completion
uploader-transfer/interlanguage-fable-6034c6b4-current-frontier-authority-routing-20260707/INTERLANGUAGE_FABLE_6034C6B4_CURRENT_FRONTIER_AUTHORITY_ROUTING_20260707/source_artifacts/0343_a1a4b8099e_0231_a1a4b8099e_HELD_ROOTS_AND_BLOCKERS.csv,A,uploader-transfer-package-context,630,E526ED6C1CE27F96E2C11308BD6C06795624217B551B8370771E564A397A39ED,2,source-like/evidence-like packet artifact only; exact source-body rows still require manual source review before reviewer packet use,28019a34851454d37431f2c900c80b45ea90f23e,generated-draft/non-canonical/source-use/gap-support,generated-draft/non-canonical/source-use/gap support only; not native review/not accepted terminology/not approval/not community consent/not license clearance/not gate promotion/not source certification/not final status/not bridge-pilot/not CJK interlanguage bridge/not pan-CJK authority/not Korean-school authority/not visual inventory/not term spine/not sign rendering/not translation completion
uploader-transfer/interlanguage-fable-6034c6b4-current-frontier-authority-routing-20260707/INTERLANGUAGE_FABLE_6034C6B4_CURRENT_FRONTIER_AUTHORITY_ROUTING_20260707/source_artifacts/0344_d2495db0c2_0232_d2495db0c2_MANIFEST.csv,A,uploader-transfer-package-context,913,8C9C36883B36DBF105A8F44868661576BBD0A1DD7648D92A226A8215C808C4A3,9,source-like/evidence-like packet artifact only; exact source-body rows still require manual source review before reviewer packet use,28019a34851454d37431f2c900c80b45ea90f23e,generated-draft/non-canonical/source-use/gap-support,generated-draft/non-canonical/source-use/gap support only; not native review/not accepted terminology/not approval/not community consent/not license clearance/not gate promotion/not source certification/not final status/not bridge-pilot/not CJK interlanguage bridge/not pan-CJK authority/not Korean-school authority/not visual inventory/not term spine/not sign rendering/not translation completion
uploader-transfer/interlanguage-fable-6034c6b4-current-frontier-authority-routing-20260707/INTERLANGUAGE_FABLE_6034C6B4_CURRENT_FRONTIER_AUTHORITY_ROUTING_20260707/source_artifacts/0345_31b995481d_0233_31b995481d_MANIFEST_REPLAY.csv,A,uploader-transfer-package-context,133121,7339F9E7B18486F86B8D6364F286792C74F283890CD37CCA5510741C16B2D69E,261,source-like/evidence-like packet artifact only; exact source-body rows still require manual source review before reviewer packet use,28019a34851454d37431f2c900c80b45ea90f23e,generated-draft/non-canonical/source-use/gap-support,generated-draft/non-canonical/source-use/gap support only; not native review/not accepted terminology/not approval/not community consent/not license clearance/not gate promotion/not source certification/not final status/not bridge-pilot/not CJK interlanguage bridge/not pan-CJK authority/not Korean-school authority/not visual inventory/not term spine/not sign rendering/not translation completion
uploader-transfer/interlanguage-fable-6034c6b4-current-frontier-authority-routing-20260707/INTERLANGUAGE_FABLE_6034C6B4_CURRENT_FRONTIER_AUTHORITY_ROUTING_20260707/source_artifacts/0346_958b636d2a_0234_958b636d2a_PACKAGE_FILE_LEDGER.csv,A,uploader-transfer-package-context,156616,4376D7F6246491233706B3CC50563D9468843CFD4219ABE3065CEB8502E2528A,275,source-like/evidence-like packet artifact only; exact source-body rows still require manual source review before reviewer packet use,28019a34851454d37431f2c900c80b45ea90f23e,generated-draft/non-canonical/source-use/gap-support,generated-draft/non-canonical/source-use/gap support only; not native review/not accepted terminology/not approval/not community consent/not license clearance/not gate promotion/not source certification/not final status/not bridge-pilot/not CJK interlanguage bridge/not pan-CJK authority/not Korean-school authority/not visual inventory/not term spine/not sign rendering/not translation completion
uploader-transfer/interlanguage-fable-6034c6b4-current-frontier-authority-routing-20260707/INTERLANGUAGE_FABLE_6034C6B4_CURRENT_FRONTIER_AUTHORITY_ROUTING_20260707/source_artifacts/0347_83dd116147_0235_83dd116147_PACKAGE_ROOT_SUMMARY.csv,A,uploader-transfer-package-context,3084,624237286F9C1CF243741917EF2A2558A52EEF4DFF62926FAC4DDA3C08E0E7E0,6,source-like/evidence-like packet artifact only; exact source-body rows still require manual source review before reviewer packet use,28019a34851454d37431f2c900c80b45ea90f23e,generated-draft/non-canonical/source-use/gap-support,generated-draft/non-canonical/source-use/gap support only; not native review/not accepted terminology/not approval/not community consent/not license clearance/not gate promotion/not source certification/not final status/not bridge-pilot/not CJK interlanguage bridge/not pan-CJK authority/not Korean-school authority/not visual inventory/not term spine/not sign rendering/not translation completion
uploader-transfer/interlanguage-fable-6034c6b4-current-frontier-authority-routing-20260707/INTERLANGUAGE_FABLE_6034C6B4_CURRENT_FRONTIER_AUTHORITY_ROUTING_20260707/source_artifacts/0348_4d3ff4d8db_0236_4d3ff4d8db_README.md,A,uploader-transfer-package-context,1137,1F66FA8FDE527A93DCF32286531F5E525CEC41FE87B34801C51327BB39096096,,source-like/evidence-like packet artifact only; exact source-body rows still require manual source review before reviewer packet use,28019a34851454d37431f2c900c80b45ea90f23e,generated-draft/non-canonical/source-use/gap-support,generated-draft/non-canonical/source-use/gap support only; not native review/not accepted terminology/not approval/not community consent/not license clearance/not gate promotion/not source certification/not final status/not bridge-pilot/not CJK interlanguage bridge/not pan-CJK authority/not Korean-school authority/not visual inventory/not term spine/not sign rendering/not translation completion
uploader-transfer/interlanguage-fable-6034c6b4-current-frontier-authority-routing-20260707/INTERLANGUAGE_FABLE_6034C6B4_CURRENT_FRONTIER_AUTHORITY_ROUTING_20260707/source_artifacts/0349_4675370a69_0237_4675370a69_SAFETY_SCAN_HITS.csv,A,uploader-transfer-package-context,3642,07F04D2C2CCA005E7C346118C2C901CBA8DA46AF86080A3E28AE514C57ECFF09,3,source-like/evidence-like packet artifact only; exact source-body rows still require manual source review before reviewer packet use,28019a34851454d37431f2c900c80b45ea90f23e,generated-draft/non-canonical/source-use/gap-support,generated-draft/non-canonical/source-use/gap support only; not native review/not accepted terminology/not approval/not community consent/not license clearance/not gate promotion/not source certification/not final status/not bridge-pilot/not CJK interlanguage bridge/not pan-CJK authority/not Korean-school authority/not visual inventory/not term spine/not sign rendering/not translation completion
uploader-transfer/interlanguage-fable-6034c6b4-current-frontier-authority-routing-20260707/INTERLANGUAGE_FABLE_6034C6B4_CURRENT_FRONTIER_AUTHORITY_ROUTING_20260707/source_artifacts/0350_daa0d80c0f_0238_daa0d80c0f_SHA256SUMS.txt,A,uploader-transfer-package-context,865,7024E0CB7E93139A623FF35590D3ABB0E0ECFE92134679117F2DD6719676CDA9,,source-like/evidence-like packet artifact only; exact source-body rows still require manual source review before reviewer packet use,28019a34851454d37431f2c900c80b45ea90f23e,generated-draft/non-canonical/source-use/gap-support,generated-draft/non-canonical/source-use/gap support only; not native review/not accepted terminology/not approval/not community consent/not license clearance/not gate promotion/not source certification/not final status/not bridge-pilot/not CJK interlanguage bridge/not pan-CJK authority/not Korean-school authority/not visual inventory/not term spine/not sign rendering/not translation completion
uploader-transfer/interlanguage-fable-6034c6b4-current-frontier-authority-routing-20260707/INTERLANGUAGE_FABLE_6034C6B4_CURRENT_FRONTIER_AUTHORITY_ROUTING_20260707/source_artifacts/0351_6a354daafd_0239_6a354daafd_SHA256SUMS_REPLAY.csv,A,uploader-transfer-package-context,150147,FE9843F7093C1A87EE5882DAE1301088948C763F21361BA7C771F9E28052765D,264,source-like/evidence-like packet artifact only; exact source-body rows still require manual source review before reviewer packet use,28019a34851454d37431f2c900c80b45ea90f23e,generated-draft/non-canonical/source-use/gap-support,generated-draft/non-canonical/source-use/gap support only; not native review/not accepted terminology/not approval/not community consent/not license clearance/not gate promotion/not source certification/not final status/not bridge-pilot/not CJK interlanguage bridge/not pan-CJK authority/not Korean-school authority/not visual inventory/not term spine/not sign rendering/not translation completion
uploader-transfer/interlanguage-fable-6034c6b4-current-frontier-authority-routing-20260707/INTERLANGUAGE_FABLE_6034C6B4_CURRENT_FRONTIER_AUTHORITY_ROUTING_20260707/source_artifacts/0352_2cc98a8e9b_0240_2cc98a8e9b_B3_ACTION_SUMMARY.csv,A,uploader-transfer-package-context,482,697AD8566F7EF0A3369A286C8A491B97356480F3B89244F2E43F37587DC012C0,1,source-like/evidence-like packet artifact only; exact source-body rows still require manual source review before reviewer packet use,28019a34851454d37431f2c900c80b45ea90f23e,generated-draft/non-canonical/source-use/gap-support,generated-draft/non-canonical/source-use/gap support only; not native review/not accepted terminology/not approval/not community consent/not license clearance/not gate promotion/not source certification/not final status/not bridge-pilot/not CJK interlanguage bridge/not pan-CJK authority/not Korean-school authority/not visual inventory/not term spine/not sign rendering/not translation completion
uploader-transfer/interlanguage-fable-6034c6b4-current-frontier-authority-routing-20260707/INTERLANGUAGE_FABLE_6034C6B4_CURRENT_FRONTIER_AUTHORITY_ROUTING_20260707/source_artifacts/0353_76f6e454c5_0241_76f6e454c5_BRANCH_PR_STATE.csv,A,uploader-transfer-package-context,666,DDA32E2CF5850FD4D54B49384CA9C333D3A7F3284C19405AF09F0AFE204C6426,1,source-like/evidence-like packet artifact only; exact source-body rows still require manual source review before reviewer packet use,28019a34851454d37431f2c900c80b45ea90f23e,generated-draft/non-canonical/source-use/gap-support,generated-draft/non-canonical/source-use/gap support only; not native review/not accepted terminology/not approval/not community consent/not license clearance/not gate promotion/not source certification/not final status/not bridge-pilot/not CJK interlanguage bridge/not pan-CJK authority/not Korean-school authority/not visual inventory/not term spine/not sign rendering/not translation completion
uploader-transfer/interlanguage-fable-6034c6b4-current-frontier-authority-routing-20260707/INTERLANGUAGE_FABLE_6034C6B4_CURRENT_FRONTIER_AUTHORITY_ROUTING_20260707/source_artifacts/0354_13a092ec57_0242_13a092ec57_MANIFEST.csv,A,uploader-transfer-package-context,803,E24904A298E7F2FE5295BF7CEEB551DD2F8DEE31FD8A5458DA060CF6D84C8910,8,source-like/evidence-like packet artifact only; exact source-body rows still require manual source review before reviewer packet use,28019a34851454d37431f2c900c80b45ea90f23e,generated-draft/non-canonical/source-use/gap-support,generated-draft/non-canonical/source-use/gap support only; not native review/not accepted terminology/not approval/not community consent/not license clearance/not gate promotion/not source certification/not final status/not bridge-pilot/not CJK interlanguage bridge/not pan-CJK authority/not Korean-school authority/not visual inventory/not term spine/not sign rendering/not translation completion
uploader-transfer/interlanguage-fable-6034c6b4-current-frontier-authority-routing-20260707/INTERLANGUAGE_FABLE_6034C6B4_CURRENT_FRONTIER_AUTHORITY_ROUTING_20260707/source_artifacts/0355_8e32fea270_0243_8e32fea270_MANIFEST_REPLAY.csv,A,uploader-transfer-package-context,11180,945642CB5B670475BCD991CCD21D400AF431F83368E83F12D982F3E75A98D860,26,source-like/evidence-like packet artifact only; exact source-body rows still require manual source review before reviewer packet use,28019a34851454d37431f2c900c80b45ea90f23e,generated-draft/non-canonical/source-use/gap-support,generated-draft/non-canonical/source-use/gap support only; not native review/not accepted terminology/not approval/not community consent/not license clearance/not gate promotion/not source certification/not final status/not bridge-pilot/not CJK interlanguage bridge/not pan-CJK authority/not Korean-school authority/not visual inventory/not term spine/not sign rendering/not translation completion
uploader-transfer/interlanguage-fable-6034c6b4-current-frontier-authority-routing-20260707/INTERLANGUAGE_FABLE_6034C6B4_CURRENT_FRONTIER_AUTHORITY_ROUTING_20260707/source_artifacts/0356_895105d023_0244_895105d023_PACKAGE_FILE_LEDGER.csv,A,uploader-transfer-package-context,14408,ADBF4040AC21170B10702AC082D1254C485474B08FDEAAA9F846A8330C310DA7,30,source-like/evidence-like packet artifact only; exact source-body rows still require manual source review before reviewer packet use,28019a34851454d37431f2c900c80b45ea90f23e,generated-draft/non-canonical/source-use/gap-support,generated-draft/non-canonical/source-use/gap support only; not native review/not accepted terminology/not approval/not community consent/not license clearance/not gate promotion/not source certification/not final status/not bridge-pilot/not CJK interlanguage bridge/not pan-CJK authority/not Korean-school authority/not visual inventory/not term spine/not sign rendering/not translation completion
uploader-transfer/interlanguage-fable-6034c6b4-current-frontier-authority-routing-20260707/INTERLANGUAGE_FABLE_6034C6B4_CURRENT_FRONTIER_AUTHORITY_ROUTING_20260707/source_artifacts/0357_856586a258_0245_856586a258_PACKAGE_ROOT_SUMMARY.csv,A,uploader-transfer-package-context,1132,9809CCAB465433F11C7A2EB1F20949D53A3FBC0045E59E8E9B88581FAD191903,2,source-like/evidence-like packet artifact only; exact source-body rows still require manual source review before reviewer packet use,28019a34851454d37431f2c900c80b45ea90f23e,generated-draft/non-canonical/source-use/gap-support,generated-draft/non-canonical/source-use/gap support only; not native review/not accepted terminology/not approval/not community consent/not license clearance/not gate promotion/not source certification/not final status/not bridge-pilot/not CJK interlanguage bridge/not pan-CJK authority/not Korean-school authority/not visual inventory/not term spine/not sign rendering/not translation completion
uploader-transfer/interlanguage-fable-6034c6b4-current-frontier-authority-routing-20260707/INTERLANGUAGE_FABLE_6034C6B4_CURRENT_FRONTIER_AUTHORITY_ROUTING_20260707/source_artifacts/0358_544d59fc30_0246_544d59fc30_README.md,A,uploader-transfer-package-context,1015,5D6F43E8B97BE94F2A4EF4E8AF6C7CA20180A3543568C79C17D2F98B8325CC4C,,source-like/evidence-like packet artifact only; exact source-body rows still require manual source review before reviewer packet use,28019a34851454d37431f2c900c80b45ea90f23e,generated-draft/non-canonical/source-use/gap-support,generated-draft/non-canonical/source-use/gap support only; not native review/not accepted terminology/not approval/not community consent/not license clearance/not gate promotion/not source certification/not final status/not bridge-pilot/not CJK interlanguage bridge/not pan-CJK authority/not Korean-school authority/not visual inventory/not term spine/not sign rendering/not translation completion
uploader-transfer/interlanguage-fable-6034c6b4-current-frontier-authority-routing-20260707/INTERLANGUAGE_FABLE_6034C6B4_CURRENT_FRONTIER_AUTHORITY_ROUTING_20260707/source_artifacts/0359_e69de29bb2_0247_e69de29bb2_SAFETY_SCAN_HITS.csv,A,uploader-transfer-package-context,0,,0,source-like/evidence-like packet artifact only; exact source-body rows still require manual source review before reviewer packet use,28019a34851454d37431f2c900c80b45ea90f23e,generated-draft/non-canonical/source-use/gap-support,generated-draft/non-canonical/source-use/gap support only; not native review/not accepted terminology/not approval/not community consent/not license clearance/not gate promotion/not source certification/not final status/not bridge-pilot/not CJK interlanguage bridge/not pan-CJK authority/not Korean-school authority/not visual inventory/not term spine/not sign rendering/not translation completion
uploader-transfer/interlanguage-fable-6034c6b4-current-frontier-authority-routing-20260707/INTERLANGUAGE_FABLE_6034C6B4_CURRENT_FRONTIER_AUTHORITY_ROUTING_20260707/source_artifacts/0360_05bec316a7_0248_05bec316a7_SHA256SUMS.txt,A,uploader-transfer-package-context,771,A1CEF608716B8E36F8316792CA7D0A76A82E971497326FDA42232B41140A1C7F,,source-like/evidence-like packet artifact only; exact source-body rows still require manual source review before reviewer packet use,28019a34851454d37431f2c900c80b45ea90f23e,generated-draft/non-canonical/source-use/gap-support,generated-draft/non-canonical/source-use/gap support only; not native review/not accepted terminology/not approval/not community consent/not license clearance/not gate promotion/not source certification/not final status/not bridge-pilot/not CJK interlanguage bridge/not pan-CJK authority/not Korean-school authority/not visual inventory/not term spine/not sign rendering/not translation completion
uploader-transfer/interlanguage-fable-6034c6b4-current-frontier-authority-routing-20260707/INTERLANGUAGE_FABLE_6034C6B4_CURRENT_FRONTIER_AUTHORITY_ROUTING_20260707/source_artifacts/0361_0b021630ca_0249_0b021630ca_SHA256SUMS_REPLAY.csv,A,uploader-transfer-package-context,13178,25506FC8C3AEE3F24068816C8C5A947D679EF430F493AA0F45B779FE282B9118,27,source-like/evidence-like packet artifact only; exact source-body rows still require manual source review before reviewer packet use,28019a34851454d37431f2c900c80b45ea90f23e,generated-draft/non-canonical/source-use/gap-support,generated-draft/non-canonical/source-use/gap support only; not native review/not accepted terminology/not approval/not community consent/not license clearance/not gate promotion/not source certification/not final status/not bridge-pilot/not CJK interlanguage bridge/not pan-CJK authority/not Korean-school authority/not visual inventory/not term spine/not sign rendering/not translation completion
uploader-transfer/interlanguage-fable-6034c6b4-current-frontier-authority-routing-20260707/INTERLANGUAGE_FABLE_6034C6B4_CURRENT_FRONTIER_AUTHORITY_ROUTING_20260707/source_artifacts/0362_2f2e8c3fdc_0250_2f2e8c3fdc_BLOCKER_RECOVERY_ROWS_1FA37D6D.csv,A,uploader-transfer-package-context,1103,66749E9FE02624B9967D606536366A92DD648EF4D506521F6B790A60B823FA7C,4,source-like/evidence-like packet artifact only; exact source-body rows still require manual source review before reviewer packet use,28019a34851454d37431f2c900c80b45ea90f23e,generated-draft/non-canonical/source-use/gap-support,generated-draft/non-canonical/source-use/gap support only; not native review/not accepted terminology/not approval/not community consent/not license clearance/not gate promotion/not source certification/not final status/not bridge-pilot/not CJK interlanguage bridge/not pan-CJK authority/not Korean-school authority/not visual inventory/not term spine/not sign rendering/not translation completion
uploader-transfer/interlanguage-fable-6034c6b4-current-frontier-authority-routing-20260707/INTERLANGUAGE_FABLE_6034C6B4_CURRENT_FRONTIER_AUTHORITY_ROUTING_20260707/source_artifacts/0363_291a32ffbb_0251_291a32ffbb_BRANCH_WEIGHT_MARGINAL_WITNESS_ROWS_1FA37D6D.csv,A,uploader-transfer-package-context,11887,562F91F7ED29971154B5CABEB0B7E3B0B4D624A90DB79BBFD839700A13DFE879,14,source-like/evidence-like packet artifact only; exact source-body rows still require manual source review before reviewer packet use,28019a34851454d37431f2c900c80b45ea90f23e,generated-draft/non-canonical/source-use/gap-support,generated-draft/non-canonical/source-use/gap support only; not native review/not accepted terminology/not approval/not community consent/not license clearance/not gate promotion/not source certification/not final status/not bridge-pilot/not CJK interlanguage bridge/not pan-CJK authority/not Korean-school authority/not visual inventory/not term spine/not sign rendering/not translation completion
uploader-transfer/interlanguage-fable-6034c6b4-current-frontier-authority-routing-20260707/INTERLANGUAGE_FABLE_6034C6B4_CURRENT_FRONTIER_AUTHORITY_ROUTING_20260707/source_artifacts/0364_293f31c20e_0252_293f31c20e_DO_NOT_USE_ADVERSE_GUARD_ROWS_1FA37D6D.csv,A,uploader-transfer-package-context,3061,AFE1434E8F06D1511C2D1F0CEB03AAF802914923A328FAC9A742F5F762BF1E04,11,source-like/evidence-like packet artifact only; exact source-body rows still require manual source review before reviewer packet use,28019a34851454d37431f2c900c80b45ea90f23e,generated-draft/non-canonical/source-use/gap-support,generated-draft/non-canonical/source-use/gap support only; not native review/not accepted terminology/not approval/not community consent/not license clearance/not gate promotion/not source certification/not final status/not bridge-pilot/not CJK interlanguage bridge/not pan-CJK authority/not Korean-school authority/not visual inventory/not term spine/not sign rendering/not translation completion
uploader-transfer/interlanguage-fable-6034c6b4-current-frontier-authority-routing-20260707/INTERLANGUAGE_FABLE_6034C6B4_CURRENT_FRONTIER_AUTHORITY_ROUTING_20260707/source_artifacts/0365_3bb462cecd_0253_3bb462cecd_FORMULA_CONTEXT_SUMMARY_SOURCE_1FA37D6D.csv,A,uploader-transfer-package-context,482,865DE8B4C922CE7A67C17392CC77560104297CE9527672195464FCFAB0BF39CA,5,source-like/evidence-like packet artifact only; exact source-body rows still require manual source review before reviewer packet use,28019a34851454d37431f2c900c80b45ea90f23e,generated-draft/non-canonical/source-use/gap-support,generated-draft/non-canonical/source-use/gap support only; not native review/not accepted terminology/not approval/not community consent/not license clearance/not gate promotion/not source certification/not final status/not bridge-pilot/not CJK interlanguage bridge/not pan-CJK authority/not Korean-school authority/not visual inventory/not term spine/not sign rendering/not translation completion
uploader-transfer/interlanguage-fable-6034c6b4-current-frontier-authority-routing-20260707/INTERLANGUAGE_FABLE_6034C6B4_CURRENT_FRONTIER_AUTHORITY_ROUTING_20260707/source_artifacts/0366_ccdcd275ee_0254_ccdcd275ee_FORMULA_NEIGHBORING_USAGE_NOTES_1FA37D6D.csv,A,uploader-transfer-package-context,3229,ACA1027BDBA324083921FE19A43285E5E13D709BBEDA1AD2EAD5178C5AEA4286,10,source-like/evidence-like packet artifact only; exact source-body rows still require manual source review before reviewer packet use,28019a34851454d37431f2c900c80b45ea90f23e,generated-draft/non-canonical/source-use/gap-support,generated-draft/non-canonical/source-use/gap support only; not native review/not accepted terminology/not approval/not community consent/not license clearance/not gate promotion/not source certification/not final status/not bridge-pilot/not CJK interlanguage bridge/not pan-CJK authority/not Korean-school authority/not visual inventory/not term spine/not sign rendering/not translation completion
uploader-transfer/interlanguage-fable-6034c6b4-current-frontier-authority-routing-20260707/INTERLANGUAGE_FABLE_6034C6B4_CURRENT_FRONTIER_AUTHORITY_ROUTING_20260707/source_artifacts/0367_3ed1ec149b_0255_3ed1ec149b_INTERLINEAR_SCAFFOLD_ROWS_1FA37D6D.csv,A,uploader-transfer-package-context,10476,16DA6BFA2B58D5B7DC43DE523102BA63CDEDF42A8769E012717A3408D386757B,10,source-like/evidence-like packet artifact only; exact source-body rows still require manual source review before reviewer packet use,28019a34851454d37431f2c900c80b45ea90f23e,generated-draft/non-canonical/source-use/gap-support,generated-draft/non-canonical/source-use/gap support only; not native review/not accepted terminology/not approval/not community consent/not license clearance/not gate promotion/not source certification/not final status/not bridge-pilot/not CJK interlanguage bridge/not pan-CJK authority/not Korean-school authority/not visual inventory/not term spine/not sign rendering/not translation completion
uploader-transfer/interlanguage-fable-6034c6b4-current-frontier-authority-routing-20260707/INTERLANGUAGE_FABLE_6034C6B4_CURRENT_FRONTIER_AUTHORITY_ROUTING_20260707/source_artifacts/0368_52215d60d5_0256_52215d60d5_LOGBOOK_EXCERPT.md,A,uploader-transfer-package-context,627,1AFE000315A31A6DFDDCFF22408A7616E0823242B6AF4A01BCAE4596FBBBB0BA,,source-like/evidence-like packet artifact only; exact source-body rows still require manual source review before reviewer packet use,28019a34851454d37431f2c900c80b45ea90f23e,generated-draft/non-canonical/source-use/gap-support,generated-draft/non-canonical/source-use/gap support only; not native review/not accepted terminology/not approval/not community consent/not license clearance/not gate promotion/not source certification/not final status/not bridge-pilot/not CJK interlanguage bridge/not pan-CJK authority/not Korean-school authority/not visual inventory/not term spine/not sign rendering/not translation completion
uploader-transfer/interlanguage-fable-6034c6b4-current-frontier-authority-routing-20260707/INTERLANGUAGE_FABLE_6034C6B4_CURRENT_FRONTIER_AUTHORITY_ROUTING_20260707/source_artifacts/0369_b321fc8238_0257_b321fc8238_MANIFEST.csv,A,uploader-transfer-package-context,2193,A1FCB8F2A6A443E5DFDB9EB5DEF2174A8DA4BDCDF6D3FD6E79F35856C2E2138F,11,source-like/evidence-like packet artifact only; exact source-body rows still require manual source review before reviewer packet use,28019a34851454d37431f2c900c80b45ea90f23e,generated-draft/non-canonical/source-use/gap-support,generated-draft/non-canonical/source-use/gap support only; not native review/not accepted terminology/not approval/not community consent/not license clearance/not gate promotion/not source certification/not final status/not bridge-pilot/not CJK interlanguage bridge/not pan-CJK authority/not Korean-school authority/not visual inventory/not term spine/not sign rendering/not translation completion
uploader-transfer/interlanguage-fable-6034c6b4-current-frontier-authority-routing-20260707/INTERLANGUAGE_FABLE_6034C6B4_CURRENT_FRONTIER_AUTHORITY_ROUTING_20260707/source_artifacts/0370_e4708e44b6_0258_e4708e44b6_PACKAGE_VALIDATION.json,A,uploader-transfer-package-context,869,9940FA3EB5E1A9FAC9BF2AAE0C7C440B5F8C0E7A8378B6750A50BF9F1DD9BCD3,,source-like/evidence-like packet artifact only; exact source-body rows still require manual source review before reviewer packet use,28019a34851454d37431f2c900c80b45ea90f23e,generated-draft/non-canonical/source-use/gap-support,generated-draft/non-canonical/source-use/gap support only; not native review/not accepted terminology/not approval/not community consent/not license clearance/not gate promotion/not source certification/not final status/not bridge-pilot/not CJK interlanguage bridge/not pan-CJK authority/not Korean-school authority/not visual inventory/not term spine/not sign rendering/not translation completion
uploader-transfer/interlanguage-fable-6034c6b4-current-frontier-authority-routing-20260707/INTERLANGUAGE_FABLE_6034C6B4_CURRENT_FRONTIER_AUTHORITY_ROUTING_20260707/source_artifacts/0371_fd6b2feb3a_0259_fd6b2feb3a_README.md,A,uploader-transfer-package-context,812,4B8753F370D7553DD0C93297266C0C87E96839E2DD88D720BC42507DB915BFF8,,source-like/evidence-like packet artifact only; exact source-body rows still require manual source review before reviewer packet use,28019a34851454d37431f2c900c80b45ea90f23e,generated-draft/non-canonical/source-use/gap-support,generated-draft/non-canonical/source-use/gap support only; not native review/not accepted terminology/not approval/not community consent/not license clearance/not gate promotion/not source certification/not final status/not bridge-pilot/not CJK interlanguage bridge/not pan-CJK authority/not Korean-school authority/not visual inventory/not term spine/not sign rendering/not translation completion
uploader-transfer/interlanguage-fable-6034c6b4-current-frontier-authority-routing-20260707/INTERLANGUAGE_FABLE_6034C6B4_CURRENT_FRONTIER_AUTHORITY_ROUTING_20260707/source_artifacts/0372_f554d43dbb_0260_f554d43dbb_SHA256SUMS.txt,A,uploader-transfer-package-context,1220,DBC8AEF0C178AA14BDA5B72B4FC51E66E48DF84FE749AA351BF6142D8E71207F,,source-like/evidence-like packet artifact only; exact source-body rows still require manual source review before reviewer packet use,28019a34851454d37431f2c900c80b45ea90f23e,generated-draft/non-canonical/source-use/gap-support,generated-draft/non-canonical/source-use/gap support only; not native review/not accepted terminology/not approval/not community consent/not license clearance/not gate promotion/not source certification/not final status/not bridge-pilot/not CJK interlanguage bridge/not pan-CJK authority/not Korean-school authority/not visual inventory/not term spine/not sign rendering/not translation completion
uploader-transfer/interlanguage-fable-6034c6b4-current-frontier-authority-routing-20260707/INTERLANGUAGE_FABLE_6034C6B4_CURRENT_FRONTIER_AUTHORITY_ROUTING_20260707/source_artifacts/0373_ada8297ba0_0261_ada8297ba0_SOURCE_USE_BOUNDARY_ROWS_1FA37D6D.csv,A,uploader-transfer-package-context,1496,8C886B1C23D1E6B88D5FAD4C24BEA4B69444C8386BA0788CA8A94B4DF32A3B87,5,source-like/evidence-like packet artifact only; exact source-body rows still require manual source review before reviewer packet use,28019a34851454d37431f2c900c80b45ea90f23e,generated-draft/non-canonical/source-use/gap-support,generated-draft/non-canonical/source-use/gap support only; not native review/not accepted terminology/not approval/not community consent/not license clearance/not gate promotion/not source certification/not final status/not bridge-pilot/not CJK interlanguage bridge/not pan-CJK authority/not Korean-school authority/not visual inventory/not term spine/not sign rendering/not translation completion
uploader-transfer/interlanguage-fable-6034c6b4-current-frontier-authority-routing-20260707/INTERLANGUAGE_FABLE_6034C6B4_CURRENT_FRONTIER_AUTHORITY_ROUTING_20260707/source_artifacts/0374_630d9bfcad_0262_630d9bfcad_TERMINOLOGY_ALTERNATIVES_1FA37D6D.csv,A,uploader-transfer-package-context,11429,88CB7675465E07DBF42701C2F220872C6F0CC68005822E139A00E5C29DD1FC4A,14,source-like/evidence-like packet artifact only; exact source-body rows still require manual source review before reviewer packet use,28019a34851454d37431f2c900c80b45ea90f23e,generated-draft/non-canonical/source-use/gap-support,generated-draft/non-canonical/source-use/gap support only; not native review/not accepted terminology/not approval/not community consent/not license clearance/not gate promotion/not source certification/not final status/not bridge-pilot/not CJK interlanguage bridge/not pan-CJK authority/not Korean-school authority/not visual inventory/not term spine/not sign rendering/not translation completion
uploader-transfer/interlanguage-fable-6034c6b4-current-frontier-authority-routing-20260707/INTERLANGUAGE_FABLE_6034C6B4_CURRENT_FRONTIER_AUTHORITY_ROUTING_20260707/source_artifacts/0375_3d1ca2c47a_0263_3d1ca2c47a_ZERO_CLAIM_INTERLINEAR_LEDGER_1FA37D6D.csv,A,uploader-transfer-package-context,770,2E123DAFC65409F29888C6047C84C70AF8261A5CDDDCD95DBDBCF30FB432F0F9,6,source-like/evidence-like packet artifact only; exact source-body rows still require manual source review before reviewer packet use,28019a34851454d37431f2c900c80b45ea90f23e,generated-draft/non-canonical/source-use/gap-support,generated-draft/non-canonical/source-use/gap support only; not native review/not accepted terminology/not approval/not community consent/not license clearance/not gate promotion/not source certification/not final status/not bridge-pilot/not CJK interlanguage bridge/not pan-CJK authority/not Korean-school authority/not visual inventory/not term spine/not sign rendering/not translation completion
uploader-transfer/interlanguage-fable-6034c6b4-current-frontier-authority-routing-20260707/INTERLANGUAGE_FABLE_6034C6B4_CURRENT_FRONTIER_AUTHORITY_ROUTING_20260707/source_artifacts/0376_aad2e07e95_0264_aad2e07e95_4065F6A4_B3_HANDOFF_BOUNDARIES_20260707.csv,A,uploader-transfer-package-context,1020,629D4B67D788C51E968E06F43D2B9EF0E7FE5B61D3ECED9E0F7805DCD1501FC0,2,source-like/evidence-like packet artifact only; exact source-body rows still require manual source review before reviewer packet use,28019a34851454d37431f2c900c80b45ea90f23e,generated-draft/non-canonical/source-use/gap-support,generated-draft/non-canonical/source-use/gap support only; not native review/not accepted terminology/not approval/not community consent/not license clearance/not gate promotion/not source certification/not final status/not bridge-pilot/not CJK interlanguage bridge/not pan-CJK authority/not Korean-school authority/not visual inventory/not term spine/not sign rendering/not translation completion
uploader-transfer/interlanguage-fable-6034c6b4-current-frontier-authority-routing-20260707/INTERLANGUAGE_FABLE_6034C6B4_CURRENT_FRONTIER_AUTHORITY_ROUTING_20260707/source_artifacts/0377_627fd5b889_0265_627fd5b889_4065F6A4_EXACT_BLOCKER_RECOVERY_ROWS_20260707.csv,A,uploader-transfer-package-context,1982,ADD72F5A69039707572D75221D993B4549DE4511B6FF8E72B5825FC635111E6F,4,source-like/evidence-like packet artifact only; exact source-body rows still require manual source review before reviewer packet use,28019a34851454d37431f2c900c80b45ea90f23e,generated-draft/non-canonical/source-use/gap-support,generated-draft/non-canonical/source-use/gap support only; not native review/not accepted terminology/not approval/not community consent/not license clearance/not gate promotion/not source certification/not final status/not bridge-pilot/not CJK interlanguage bridge/not pan-CJK authority/not Korean-school authority/not visual inventory/not term spine/not sign rendering/not translation completion
uploader-transfer/interlanguage-fable-6034c6b4-current-frontier-authority-routing-20260707/INTERLANGUAGE_FABLE_6034C6B4_CURRENT_FRONTIER_AUTHORITY_ROUTING_20260707/source_artifacts/0378_a4da706cd4_0266_a4da706cd4_4065F6A4_SOURCE_USE_GAP_FABLE_ADVERSE_ROWS_20260707.csv,A,uploader-transfer-package-context,2382,47CE6E77520481956E3A866A29F48CBB8D8B76FF95916FEDA655A84CA5852620,3,source-like/evidence-like packet artifact only; exact source-body rows still require manual source review before reviewer packet use,28019a34851454d37431f2c900c80b45ea90f23e,generated-draft/non-canonical/source-use/gap-support,generated-draft/non-canonical/source-use/gap support only; not native review/not accepted terminology/not approval/not community consent/not license clearance/not gate promotion/not source certification/not final status/not bridge-pilot/not CJK interlanguage bridge/not pan-CJK authority/not Korean-school authority/not visual inventory/not term spine/not sign rendering/not translation completion
uploader-transfer/interlanguage-fable-6034c6b4-current-frontier-authority-routing-20260707/INTERLANGUAGE_FABLE_6034C6B4_CURRENT_FRONTIER_AUTHORITY_ROUTING_20260707/source_artifacts/0379_69bf9b263d_0267_69bf9b263d_4065F6A4_VISIBLE_SIBLING_WAKE_FOLLOWUP_20260707.csv,A,uploader-transfer-package-context,639,3B64ABD39FC53377803FBBA4D4BE593DFD17D4AA3E50604E6BAC5BE32EFD321A,2,source-like/evidence-like packet artifact only; exact source-body rows still require manual source review before reviewer packet use,28019a34851454d37431f2c900c80b45ea90f23e,generated-draft/non-canonical/source-use/gap-support,generated-draft/non-canonical/source-use/gap support only; not native review/not accepted terminology/not approval/not community consent/not license clearance/not gate promotion/not source certification/not final status/not bridge-pilot/not CJK interlanguage bridge/not pan-CJK authority/not Korean-school authority/not visual inventory/not term spine/not sign rendering/not translation completion
uploader-transfer/interlanguage-fable-6034c6b4-current-frontier-authority-routing-20260707/INTERLANGUAGE_FABLE_6034C6B4_CURRENT_FRONTIER_AUTHORITY_ROUTING_20260707/source_artifacts/0380_79b548df62_0268_79b548df62_ACTIVE_SESSION_STATE.md,A,uploader-transfer-package-context,1275,7B3D8706CB8DC34526DD18705A55CB17517E5E91F4E1F809CADC564E5CEBF7D2,,source-like/evidence-like packet artifact only; exact source-body rows still require manual source review before reviewer packet use,28019a34851454d37431f2c900c80b45ea90f23e,generated-draft/non-canonical/source-use/gap-support,generated-draft/non-canonical/source-use/gap support only; not native review/not accepted terminology/not approval/not community consent/not license clearance/not gate promotion/not source certification/not final status/not bridge-pilot/not CJK interlanguage bridge/not pan-CJK authority/not Korean-school authority/not visual inventory/not term spine/not sign rendering/not translation completion
uploader-transfer/interlanguage-fable-6034c6b4-current-frontier-authority-routing-20260707/INTERLANGUAGE_FABLE_6034C6B4_CURRENT_FRONTIER_AUTHORITY_ROUTING_20260707/source_artifacts/0381_16101c6f72_0269_16101c6f72_B3_UPLOADER_READY_SUMMARY.csv,A,uploader-transfer-package-context,1394,778B79DA8B21EA97BF14DB31E131EE13FC69441BC39CC7072A620B1A9BBB4067,1,source-like/evidence-like packet artifact only; exact source-body rows still require manual source review before reviewer packet use,28019a34851454d37431f2c900c80b45ea90f23e,generated-draft/non-canonical/source-use/gap-support,generated-draft/non-canonical/source-use/gap support only; not native review/not accepted terminology/not approval/not community consent/not license clearance/not gate promotion/not source certification/not final status/not bridge-pilot/not CJK interlanguage bridge/not pan-CJK authority/not Korean-school authority/not visual inventory/not term spine/not sign rendering/not translation completion
uploader-transfer/interlanguage-fable-6034c6b4-current-frontier-authority-routing-20260707/INTERLANGUAGE_FABLE_6034C6B4_CURRENT_FRONTIER_AUTHORITY_ROUTING_20260707/source_artifacts/0382_4ae7d4634b_0270_4ae7d4634b_HEARTBEAT_20260705.md,A,uploader-transfer-package-context,1497,C0DE064623F349700648914F7D46702ABF3808DBC2D214FA61E8E41A916D3D45,,source-like/evidence-like packet artifact only; exact source-body rows still require manual source review before reviewer packet use,28019a34851454d37431f2c900c80b45ea90f23e,generated-draft/non-canonical/source-use/gap-support,generated-draft/non-canonical/source-use/gap support only; not native review/not accepted terminology/not approval/not community consent/not license clearance/not gate promotion/not source certification/not final status/not bridge-pilot/not CJK interlanguage bridge/not pan-CJK authority/not Korean-school authority/not visual inventory/not term spine/not sign rendering/not translation completion
uploader-transfer/interlanguage-fable-6034c6b4-current-frontier-authority-routing-20260707/INTERLANGUAGE_FABLE_6034C6B4_CURRENT_FRONTIER_AUTHORITY_ROUTING_20260707/source_artifacts/0383_a1670a685b_0271_a1670a685b_MANIFEST.csv,A,uploader-transfer-package-context,3395,5A7A42F37BACA6F32132BA855661218A291E7F87EA4349307196BEA1B21B4054,21,source-like/evidence-like packet artifact only; exact source-body rows still require manual source review before reviewer packet use,28019a34851454d37431f2c900c80b45ea90f23e,generated-draft/non-canonical/source-use/gap-support,generated-draft/non-canonical/source-use/gap support only; not native review/not accepted terminology/not approval/not community consent/not license clearance/not gate promotion/not source certification/not final status/not bridge-pilot/not CJK interlanguage bridge/not pan-CJK authority/not Korean-school authority/not visual inventory/not term spine/not sign rendering/not translation completion
uploader-transfer/interlanguage-fable-6034c6b4-current-frontier-authority-routing-20260707/INTERLANGUAGE_FABLE_6034C6B4_CURRENT_FRONTIER_AUTHORITY_ROUTING_20260707/source_artifacts/0384_b44c20c8b3_0272_b44c20c8b3_README.md,A,uploader-transfer-package-context,1492,BD6DCA800E120B5D123C05D36F55CB509368C135BCF753701B738B977687C54E,,source-like/evidence-like packet artifact only; exact source-body rows still require manual source review before reviewer packet use,28019a34851454d37431f2c900c80b45ea90f23e,generated-draft/non-canonical/source-use/gap-support,generated-draft/non-canonical/source-use/gap support only; not native review/not accepted terminology/not approval/not community consent/not license clearance/not gate promotion/not source certification/not final status/not bridge-pilot/not CJK interlanguage bridge/not pan-CJK authority/not Korean-school authority/not visual inventory/not term spine/not sign rendering/not translation completion
uploader-transfer/interlanguage-fable-6034c6b4-current-frontier-authority-routing-20260707/INTERLANGUAGE_FABLE_6034C6B4_CURRENT_FRONTIER_AUTHORITY_ROUTING_20260707/source_artifacts/0385_35b6f7ea0c_0273_35b6f7ea0c_SESSION_LOGBOOK_20260705.md,A,uploader-transfer-package-context,781,4A071B2361517459EDE4CEF7C566F9200B0BDFFD2DD1F8E54D9F267CE81B0ACC,,source-like/evidence-like packet artifact only; exact source-body rows still require manual source review before reviewer packet use,28019a34851454d37431f2c900c80b45ea90f23e,generated-draft/non-canonical/source-use/gap-support,generated-draft/non-canonical/source-use/gap support only; not native review/not accepted terminology/not approval/not community consent/not license clearance/not gate promotion/not source certification/not final status/not bridge-pilot/not CJK interlanguage bridge/not pan-CJK authority/not Korean-school authority/not visual inventory/not term spine/not sign rendering/not translation completion
uploader-transfer/interlanguage-fable-6034c6b4-current-frontier-authority-routing-20260707/INTERLANGUAGE_FABLE_6034C6B4_CURRENT_FRONTIER_AUTHORITY_ROUTING_20260707/source_artifacts/0386_7c41b093ca_0274_7c41b093ca_SHA256SUMS.txt,A,uploader-transfer-package-context,3156,2B503F50AF503903CF8BB4830CE95B9110504E88EE5F2D0F006290B6FF145DD3,,source-like/evidence-like packet artifact only; exact source-body rows still require manual source review before reviewer packet use,28019a34851454d37431f2c900c80b45ea90f23e,generated-draft/non-canonical/source-use/gap-support,generated-draft/non-canonical/source-use/gap support only; not native review/not accepted terminology/not approval/not community consent/not license clearance/not gate promotion/not source certification/not final status/not bridge-pilot/not CJK interlanguage bridge/not pan-CJK authority/not Korean-school authority/not visual inventory/not term spine/not sign rendering/not translation completion
uploader-transfer/interlanguage-fable-6034c6b4-current-frontier-authority-routing-20260707/INTERLANGUAGE_FABLE_6034C6B4_CURRENT_FRONTIER_AUTHORITY_ROUTING_20260707/source_artifacts/0387_4da471a900_0275_4da471a900_VALIDATION.csv,A,uploader-transfer-package-context,1520,7D46F6E9D79E3B2117E5E9A5E30C525F2F53F3FCB517F43C16D5189C1ED4C7B0,11,source-like/evidence-like packet artifact only; exact source-body rows still require manual source review before reviewer packet use,28019a34851454d37431f2c900c80b45ea90f23e,generated-draft/non-canonical/source-use/gap-support,generated-draft/non-canonical/source-use/gap support only; not native review/not accepted terminology/not approval/not community consent/not license clearance/not gate promotion/not source certification/not final status/not bridge-pilot/not CJK interlanguage bridge/not pan-CJK authority/not Korean-school authority/not visual inventory/not term spine/not sign rendering/not translation completion
uploader-transfer/interlanguage-fable-6034c6b4-current-frontier-authority-routing-20260707/INTERLANGUAGE_FABLE_6034C6B4_CURRENT_FRONTIER_AUTHORITY_ROUTING_20260707/source_artifacts/0388_1ac9ac204a_0276_1ac9ac204a_active_recovery_searches_4065f6a4.csv,A,uploader-transfer-package-context,26618,F6E83206F84981DFD66AF3E013AA133D3450DEFC797DB95ED86498624457D032,23,source-like/evidence-like packet artifact only; exact source-body rows still require manual source review before reviewer packet use,28019a34851454d37431f2c900c80b45ea90f23e,generated-draft/non-canonical/source-use/gap-support,generated-draft/non-canonical/source-use/gap support only; not native review/not accepted terminology/not approval/not community consent/not license clearance/not gate promotion/not source certification/not final status/not bridge-pilot/not CJK interlanguage bridge/not pan-CJK authority/not Korean-school authority/not visual inventory/not term spine/not sign rendering/not translation completion
uploader-transfer/interlanguage-fable-6034c6b4-current-frontier-authority-routing-20260707/INTERLANGUAGE_FABLE_6034C6B4_CURRENT_FRONTIER_AUTHORITY_ROUTING_20260707/source_artifacts/0389_764c69026f_0277_764c69026f_adverse_evidence_ledger_4065f6a4.csv,A,uploader-transfer-package-context,25572,948564F8B658D50D38CE113CDCC65FD6F9B0A6FCE383D7504420E9F6137EB044,30,source-like/evidence-like packet artifact only; exact source-body rows still require manual source review before reviewer packet use,28019a34851454d37431f2c900c80b45ea90f23e,generated-draft/non-canonical/source-use/gap-support,generated-draft/non-canonical/source-use/gap support only; not native review/not accepted terminology/not approval/not community consent/not license clearance/not gate promotion/not source certification/not final status/not bridge-pilot/not CJK interlanguage bridge/not pan-CJK authority/not Korean-school authority/not visual inventory/not term spine/not sign rendering/not translation completion
uploader-transfer/interlanguage-fable-6034c6b4-current-frontier-authority-routing-20260707/INTERLANGUAGE_FABLE_6034C6B4_CURRENT_FRONTIER_AUTHORITY_ROUTING_20260707/source_artifacts/0390_5fed561e37_0278_5fed561e37_do_not_use_ledger_4065f6a4.csv,A,uploader-transfer-package-context,3538,1E8D67F2255E315A5F24F2B8C3987AB7C1EBE2A0C100975AE5859525ECA44867,4,source-like/evidence-like packet artifact only; exact source-body rows still require manual source review before reviewer packet use,28019a34851454d37431f2c900c80b45ea90f23e,generated-draft/non-canonical/source-use/gap-support,generated-draft/non-canonical/source-use/gap support only; not native review/not accepted terminology/not approval/not community consent/not license clearance/not gate promotion/not source certification/not final status/not bridge-pilot/not CJK interlanguage bridge/not pan-CJK authority/not Korean-school authority/not visual inventory/not term spine/not sign rendering/not translation completion
uploader-transfer/interlanguage-fable-6034c6b4-current-frontier-authority-routing-20260707/INTERLANGUAGE_FABLE_6034C6B4_CURRENT_FRONTIER_AUTHORITY_ROUTING_20260707/source_artifacts/0391_e58f0f034e_0279_e58f0f034e_exact_source_row_blocker_table_4065f6a4.csv,A,uploader-transfer-package-context,19508,0392F8B6CB8412F02814D0C7E8580D375D81CC05A2158CCED739395F12C1E278,15,source-like/evidence-like packet artifact only; exact source-body rows still require manual source review before reviewer packet use,28019a34851454d37431f2c900c80b45ea90f23e,generated-draft/non-canonical/source-use/gap-support,generated-draft/non-canonical/source-use/gap support only; not native review/not accepted terminology/not approval/not community consent/not license clearance/not gate promotion/not source certification/not final status/not bridge-pilot/not CJK interlanguage bridge/not pan-CJK authority/not Korean-school authority/not visual inventory/not term spine/not sign rendering/not translation completion
uploader-transfer/interlanguage-fable-6034c6b4-current-frontier-authority-routing-20260707/INTERLANGUAGE_FABLE_6034C6B4_CURRENT_FRONTIER_AUTHORITY_ROUTING_20260707/source_artifacts/0392_58935a9134_0280_58935a9134_fable_branch_weight_boundary_ledger_4065f6a4.csv,A,uploader-transfer-package-context,7786,A5442885AA1D501DBC72CC54F535C21A4B69CEF4831BD7ECCDD417932FB68CBD,7,source-like/evidence-like packet artifact only; exact source-body rows still require manual source review before reviewer packet use,28019a34851454d37431f2c900c80b45ea90f23e,generated-draft/non-canonical/source-use/gap-support,generated-draft/non-canonical/source-use/gap support only; not native review/not accepted terminology/not approval/not community consent/not license clearance/not gate promotion/not source certification/not final status/not bridge-pilot/not CJK interlanguage bridge/not pan-CJK authority/not Korean-school authority/not visual inventory/not term spine/not sign rendering/not translation completion
uploader-transfer/interlanguage-fable-6034c6b4-current-frontier-authority-routing-20260707/INTERLANGUAGE_FABLE_6034C6B4_CURRENT_FRONTIER_AUTHORITY_ROUTING_20260707/source_artifacts/0393_d967e849e7_0281_d967e849e7_five_hour_reset_and_mutual_wake_rule_4065f6a4.csv,A,uploader-transfer-package-context,1255,A512F24A7D49D79795B1560F6CAEBB0B819651CE06BB7B1AEF32B64F2E03998F,2,source-like/evidence-like packet artifact only; exact source-body rows still require manual source review before reviewer packet use,28019a34851454d37431f2c900c80b45ea90f23e,generated-draft/non-canonical/source-use/gap-support,generated-draft/non-canonical/source-use/gap support only; not native review/not accepted terminology/not approval/not community consent/not license clearance/not gate promotion/not source certification/not final status/not bridge-pilot/not CJK interlanguage bridge/not pan-CJK authority/not Korean-school authority/not visual inventory/not term spine/not sign rendering/not translation completion
uploader-transfer/interlanguage-fable-6034c6b4-current-frontier-authority-routing-20260707/INTERLANGUAGE_FABLE_6034C6B4_CURRENT_FRONTIER_AUTHORITY_ROUTING_20260707/source_artifacts/0394_0dcbf5b67c_0282_0dcbf5b67c_frontier_readback_4065f6a4.csv,A,uploader-transfer-package-context,1134,6D037DDE26596DBDC5C7529109584298D1CFB65D660F42AB1B807D2968C13A97,1,source-like/evidence-like packet artifact only; exact source-body rows still require manual source review before reviewer packet use,28019a34851454d37431f2c900c80b45ea90f23e,generated-draft/non-canonical/source-use/gap-support,generated-draft/non-canonical/source-use/gap support only; not native review/not accepted terminology/not approval/not community consent/not license clearance/not gate promotion/not source certification/not final status/not bridge-pilot/not CJK interlanguage bridge/not pan-CJK authority/not Korean-school authority/not visual inventory/not term spine/not sign rendering/not translation completion
uploader-transfer/interlanguage-fable-6034c6b4-current-frontier-authority-routing-20260707/INTERLANGUAGE_FABLE_6034C6B4_CURRENT_FRONTIER_AUTHORITY_ROUTING_20260707/source_artifacts/0395_c1d5fd28f0_0283_c1d5fd28f0_source_return_recovery_crosswalk_4065f6a4.csv,A,uploader-transfer-package-context,32128,85F436DFC39B09610E2F82BA4A1D4847B483C0276E721E81DCEAA853D15D6DE2,23,source-like/evidence-like packet artifact only; exact source-body rows still require manual source review before reviewer packet use,28019a34851454d37431f2c900c80b45ea90f23e,generated-draft/non-canonical/source-use/gap-support,generated-draft/non-canonical/source-use/gap support only; not native review/not accepted terminology/not approval/not community consent/not license clearance/not gate promotion/not source certification/not final status/not bridge-pilot/not CJK interlanguage bridge/not pan-CJK authority/not Korean-school authority/not visual inventory/not term spine/not sign rendering/not translation completion
uploader-transfer/interlanguage-fable-6034c6b4-current-frontier-authority-routing-20260707/INTERLANGUAGE_FABLE_6034C6B4_CURRENT_FRONTIER_AUTHORITY_ROUTING_20260707/source_artifacts/0396_e9700e6d8e_0284_e9700e6d8e_source_use_ledger_4065f6a4.csv,A,uploader-transfer-package-context,14567,74EAA61809F4C3AE47E7E8CA9C3A7AE20702B9AA23FFFEBFF85432FA131045B3,15,source-like/evidence-like packet artifact only; exact source-body rows still require manual source review before reviewer packet use,28019a34851454d37431f2c900c80b45ea90f23e,generated-draft/non-canonical/source-use/gap-support,generated-draft/non-canonical/source-use/gap support only; not native review/not accepted terminology/not approval/not community consent/not license clearance/not gate promotion/not source certification/not final status/not bridge-pilot/not CJK interlanguage bridge/not pan-CJK authority/not Korean-school authority/not visual inventory/not term spine/not sign rendering/not translation completion
uploader-transfer/interlanguage-fable-6034c6b4-current-frontier-authority-routing-20260707/INTERLANGUAGE_FABLE_6034C6B4_CURRENT_FRONTIER_AUTHORITY_ROUTING_20260707/source_artifacts/0397_644fba9521_0285_644fba9521_visible_sibling_wake_scan_4065f6a4.csv,A,uploader-transfer-package-context,25906,10DF765797AB7A64D56826B100664BA9771FA9730350B59939FF8771681759CE,50,source-like/evidence-like packet artifact only; exact source-body rows still require manual source review before reviewer packet use,28019a34851454d37431f2c900c80b45ea90f23e,generated-draft/non-canonical/source-use/gap-support,generated-draft/non-canonical/source-use/gap support only; not native review/not accepted terminology/not approval/not community consent/not license clearance/not gate promotion/not source certification/not final status/not bridge-pilot/not CJK interlanguage bridge/not pan-CJK authority/not Korean-school authority/not visual inventory/not term spine/not sign rendering/not translation completion
uploader-transfer/interlanguage-fable-6034c6b4-current-frontier-authority-routing-20260707/INTERLANGUAGE_FABLE_6034C6B4_CURRENT_FRONTIER_AUTHORITY_ROUTING_20260707/source_artifacts/0398_4ba7a85bd4_0286_4ba7a85bd4_zero_row_preservation_4065f6a4.csv,A,uploader-transfer-package-context,9828,CBE032D4736EDA8CBE2726EE154E5209741983449B02F260D61BAA8EFE7C6B77,11,source-like/evidence-like packet artifact only; exact source-body rows still require manual source review before reviewer packet use,28019a34851454d37431f2c900c80b45ea90f23e,generated-draft/non-canonical/source-use/gap-support,generated-draft/non-canonical/source-use/gap support only; not native review/not accepted terminology/not approval/not community consent/not license clearance/not gate promotion/not source certification/not final status/not bridge-pilot/not CJK interlanguage bridge/not pan-CJK authority/not Korean-school authority/not visual inventory/not term spine/not sign rendering/not translation completion
uploader-transfer/interlanguage-fable-6034c6b4-current-frontier-authority-routing-20260707/INTERLANGUAGE_FABLE_6034C6B4_CURRENT_FRONTIER_AUTHORITY_ROUTING_20260707/source_artifacts/0399_a93e3cacec_0287_a93e3cacec_ACTIVE_SESSION_STATE.json,A,uploader-transfer-package-context,1483,24F0BCFBEE570687911197C9BEDA853CF2E063CC0D0D1BA14CB66354C0048363,,source-like/evidence-like packet artifact only; exact source-body rows still require manual source review before reviewer packet use,28019a34851454d37431f2c900c80b45ea90f23e,generated-draft/non-canonical/source-use/gap-support,generated-draft/non-canonical/source-use/gap support only; not native review/not accepted terminology/not approval/not community consent/not license clearance/not gate promotion/not source certification/not final status/not bridge-pilot/not CJK interlanguage bridge/not pan-CJK authority/not Korean-school authority/not visual inventory/not term spine/not sign rendering/not translation completion
uploader-transfer/interlanguage-fable-6034c6b4-current-frontier-authority-routing-20260707/INTERLANGUAGE_FABLE_6034C6B4_CURRENT_FRONTIER_AUTHORITY_ROUTING_20260707/source_artifacts/0400_e04b192d4b_0288_e04b192d4b_B3_UPLOADER_READY_SUMMARY_20260707.csv,A,uploader-transfer-package-context,921,B2C224CAF0B914B9DEC5094E63E3167339D472406BB28FA59F2735376D104B30,1,source-like/evidence-like packet artifact only; exact source-body rows still require manual source review before reviewer packet use,28019a34851454d37431f2c900c80b45ea90f23e,generated-draft/non-canonical/source-use/gap-support,generated-draft/non-canonical/source-use/gap support only; not native review/not accepted terminology/not approval/not community consent/not license clearance/not gate promotion/not source certification/not final status/not bridge-pilot/not CJK interlanguage bridge/not pan-CJK authority/not Korean-school authority/not visual inventory/not term spine/not sign rendering/not translation completion
uploader-transfer/interlanguage-fable-6034c6b4-current-frontier-authority-routing-20260707/INTERLANGUAGE_FABLE_6034C6B4_CURRENT_FRONTIER_AUTHORITY_ROUTING_20260707/source_artifacts/0401_9ff601b334_0289_9ff601b334_HEARTBEAT_EXCERPT.md,A,uploader-transfer-package-context,1329,3D228F026C5E305B6E5C28A0D5DF1D5F2395C1EC3A84F3285DE77DF7D3103577,,source-like/evidence-like packet artifact only; exact source-body rows still require manual source review before reviewer packet use,28019a34851454d37431f2c900c80b45ea90f23e,generated-draft/non-canonical/source-use/gap-support,generated-draft/non-canonical/source-use/gap support only; not native review/not accepted terminology/not approval/not community consent/not license clearance/not gate promotion/not source certification/not final status/not bridge-pilot/not CJK interlanguage bridge/not pan-CJK authority/not Korean-school authority/not visual inventory/not term spine/not sign rendering/not translation completion
uploader-transfer/interlanguage-fable-6034c6b4-current-frontier-authority-routing-20260707/INTERLANGUAGE_FABLE_6034C6B4_CURRENT_FRONTIER_AUTHORITY_ROUTING_20260707/source_artifacts/0402_9ff601b334_0290_9ff601b334_LOGBOOK_EXCERPT.md,A,uploader-transfer-package-context,1329,3D228F026C5E305B6E5C28A0D5DF1D5F2395C1EC3A84F3285DE77DF7D3103577,,source-like/evidence-like packet artifact only; exact source-body rows still require manual source review before reviewer packet use,28019a34851454d37431f2c900c80b45ea90f23e,generated-draft/non-canonical/source-use/gap-support,generated-draft/non-canonical/source-use/gap support only; not native review/not accepted terminology/not approval/not community consent/not license clearance/not gate promotion/not source certification/not final status/not bridge-pilot/not CJK interlanguage bridge/not pan-CJK authority/not Korean-school authority/not visual inventory/not term spine/not sign rendering/not translation completion
uploader-transfer/interlanguage-fable-6034c6b4-current-frontier-authority-routing-20260707/INTERLANGUAGE_FABLE_6034C6B4_CURRENT_FRONTIER_AUTHORITY_ROUTING_20260707/source_artifacts/0403_7adce04ecc_0291_7adce04ecc_MANIFEST.csv,A,uploader-transfer-package-context,1354,56E42BAAD1A9CB64E254F475F064E02CFF4CF40BC7FFBB58692C09159F85B514,8,source-like/evidence-like packet artifact only; exact source-body rows still require manual source review before reviewer packet use,28019a34851454d37431f2c900c80b45ea90f23e,generated-draft/non-canonical/source-use/gap-support,generated-draft/non-canonical/source-use/gap support only; not native review/not accepted terminology/not approval/not community consent/not license clearance/not gate promotion/not source certification/not final status/not bridge-pilot/not CJK interlanguage bridge/not pan-CJK authority/not Korean-school authority/not visual inventory/not term spine/not sign rendering/not translation completion
uploader-transfer/interlanguage-fable-6034c6b4-current-frontier-authority-routing-20260707/INTERLANGUAGE_FABLE_6034C6B4_CURRENT_FRONTIER_AUTHORITY_ROUTING_20260707/source_artifacts/0404_456e38ed65_0292_456e38ed65_PACKAGE_VALIDATION_20260707.csv,A,uploader-transfer-package-context,983,497CC518EDB3BF8691E9A744BD336C0501B268C667CE781003AF45F442D00F17,4,source-like/evidence-like packet artifact only; exact source-body rows still require manual source review before reviewer packet use,28019a34851454d37431f2c900c80b45ea90f23e,generated-draft/non-canonical/source-use/gap-support,generated-draft/non-canonical/source-use/gap support only; not native review/not accepted terminology/not approval/not community consent/not license clearance/not gate promotion/not source certification/not final status/not bridge-pilot/not CJK interlanguage bridge/not pan-CJK authority/not Korean-school authority/not visual inventory/not term spine/not sign rendering/not translation completion
uploader-transfer/interlanguage-fable-6034c6b4-current-frontier-authority-routing-20260707/INTERLANGUAGE_FABLE_6034C6B4_CURRENT_FRONTIER_AUTHORITY_ROUTING_20260707/source_artifacts/0405_04004da7f4_0293_04004da7f4_R9_1FA37D6D_EXACT_BLOCKER_RECOVERY_ROWS_20260707.csv,A,uploader-transfer-package-context,997,9E91B6A3351CEEBCA24C0391D0C649AB4B97E363848D637E28C80801BA876775,1,source-like/evidence-like packet artifact only; exact source-body rows still require manual source review before reviewer packet use,28019a34851454d37431f2c900c80b45ea90f23e,generated-draft/non-canonical/source-use/gap-support,generated-draft/non-canonical/source-use/gap support only; not native review/not accepted terminology/not approval/not community consent/not license clearance/not gate promotion/not source certification/not final status/not bridge-pilot/not CJK interlanguage bridge/not pan-CJK authority/not Korean-school authority/not visual inventory/not term spine/not sign rendering/not translation completion
uploader-transfer/interlanguage-fable-6034c6b4-current-frontier-authority-routing-20260707/INTERLANGUAGE_FABLE_6034C6B4_CURRENT_FRONTIER_AUTHORITY_ROUTING_20260707/source_artifacts/0406_6fa914aa12_0294_6fa914aa12_R9_1FA37D6D_FRONTIER_DRIFT_OBSERVATION_ROWS_20260707.csv,A,uploader-transfer-package-context,1183,5570F120AA69A29C3CD90CF311A0F6D229CEF9825FE7C5B4CAC50962D761FF8F,1,source-like/evidence-like packet artifact only; exact source-body rows still require manual source review before reviewer packet use,28019a34851454d37431f2c900c80b45ea90f23e,generated-draft/non-canonical/source-use/gap-support,generated-draft/non-canonical/source-use/gap support only; not native review/not accepted terminology/not approval/not community consent/not license clearance/not gate promotion/not source certification/not final status/not bridge-pilot/not CJK interlanguage bridge/not pan-CJK authority/not Korean-school authority/not visual inventory/not term spine/not sign rendering/not translation completion
uploader-transfer/interlanguage-fable-6034c6b4-current-frontier-authority-routing-20260707/INTERLANGUAGE_FABLE_6034C6B4_CURRENT_FRONTIER_AUTHORITY_ROUTING_20260707/source_artifacts/0407_3482c6acad_0295_3482c6acad_README.md,A,uploader-transfer-package-context,920,758856B51E80D9F5B0838586D8B52254257CD65C9ABF0F44A63CA37474F845CB,,source-like/evidence-like packet artifact only; exact source-body rows still require manual source review before reviewer packet use,28019a34851454d37431f2c900c80b45ea90f23e,generated-draft/non-canonical/source-use/gap-support,generated-draft/non-canonical/source-use/gap support only; not native review/not accepted terminology/not approval/not community consent/not license clearance/not gate promotion/not source certification/not final status/not bridge-pilot/not CJK interlanguage bridge/not pan-CJK authority/not Korean-school authority/not visual inventory/not term spine/not sign rendering/not translation completion
uploader-transfer/interlanguage-fable-6034c6b4-current-frontier-authority-routing-20260707/INTERLANGUAGE_FABLE_6034C6B4_CURRENT_FRONTIER_AUTHORITY_ROUTING_20260707/source_artifacts/0408_baa7b8b70c_0296_baa7b8b70c_SHA256SUMS.txt,A,uploader-transfer-package-context,873,165A3FC00415C958A93C16900BA1F596A76805D1B74EDD00EB58FC584114C90E,,source-like/evidence-like packet artifact only; exact source-body rows still require manual source review before reviewer packet use,28019a34851454d37431f2c900c80b45ea90f23e,generated-draft/non-canonical/source-use/gap-support,generated-draft/non-canonical/source-use/gap support only; not native review/not accepted terminology/not approval/not community consent/not license clearance/not gate promotion/not source certification/not final status/not bridge-pilot/not CJK interlanguage bridge/not pan-CJK authority/not Korean-school authority/not visual inventory/not term spine/not sign rendering/not translation completion
uploader-transfer/interlanguage-fable-6034c6b4-current-frontier-authority-routing-20260707/INTERLANGUAGE_FABLE_6034C6B4_CURRENT_FRONTIER_AUTHORITY_ROUTING_20260707/source_artifacts/0409_75bd740b36_0297_75bd740b36_ACTIVE_SESSION_STATE.json,A,uploader-transfer-package-context,1864,1B7CCD5A1019B3E48D5FAFBA31BABD86F45751FDAFB70BE8843687783F89A7FE,,source-like/evidence-like packet artifact only; exact source-body rows still require manual source review before reviewer packet use,28019a34851454d37431f2c900c80b45ea90f23e,generated-draft/non-canonical/source-use/gap-support,generated-draft/non-canonical/source-use/gap support only; not native review/not accepted terminology/not approval/not community consent/not license clearance/not gate promotion/not source certification/not final status/not bridge-pilot/not CJK interlanguage bridge/not pan-CJK authority/not Korean-school authority/not visual inventory/not term spine/not sign rendering/not translation completion
uploader-transfer/interlanguage-fable-6034c6b4-current-frontier-authority-routing-20260707/INTERLANGUAGE_FABLE_6034C6B4_CURRENT_FRONTIER_AUTHORITY_ROUTING_20260707/source_artifacts/0410_cc7495d940_0298_cc7495d940_B3_UPLOADER_READY_SUMMARY_20260707.csv,A,uploader-transfer-package-context,932,A402E2F54A9EFB17AA4B5015C9961E54CE38D6D4AF1F7C00298C699DA0494821,1,source-like/evidence-like packet artifact only; exact source-body rows still require manual source review before reviewer packet use,28019a34851454d37431f2c900c80b45ea90f23e,generated-draft/non-canonical/source-use/gap-support,generated-draft/non-canonical/source-use/gap support only; not native review/not accepted terminology/not approval/not community consent/not license clearance/not gate promotion/not source certification/not final status/not bridge-pilot/not CJK interlanguage bridge/not pan-CJK authority/not Korean-school authority/not visual inventory/not term spine/not sign rendering/not translation completion
uploader-transfer/interlanguage-fable-6034c6b4-current-frontier-authority-routing-20260707/INTERLANGUAGE_FABLE_6034C6B4_CURRENT_FRONTIER_AUTHORITY_ROUTING_20260707/source_artifacts/0411_0da2055c29_0299_0da2055c29_HEARTBEAT_EXCERPT.md,A,uploader-transfer-package-context,1689,856C178332F4DC57DC983A5E0EDBEF8D6E06C758DBA92350C17729A085074CC1,,source-like/evidence-like packet artifact only; exact source-body rows still require manual source review before reviewer packet use,28019a34851454d37431f2c900c80b45ea90f23e,generated-draft/non-canonical/source-use/gap-support,generated-draft/non-canonical/source-use/gap support only; not native review/not accepted terminology/not approval/not community consent/not license clearance/not gate promotion/not source certification/not final status/not bridge-pilot/not CJK interlanguage bridge/not pan-CJK authority/not Korean-school authority/not visual inventory/not term spine/not sign rendering/not translation completion
uploader-transfer/interlanguage-fable-6034c6b4-current-frontier-authority-routing-20260707/INTERLANGUAGE_FABLE_6034C6B4_CURRENT_FRONTIER_AUTHORITY_ROUTING_20260707/source_artifacts/0412_0da2055c29_0300_0da2055c29_LOGBOOK_EXCERPT.md,A,uploader-transfer-package-context,1689,856C178332F4DC57DC983A5E0EDBEF8D6E06C758DBA92350C17729A085074CC1,,source-like/evidence-like packet artifact only; exact source-body rows still require manual source review before reviewer packet use,28019a34851454d37431f2c900c80b45ea90f23e,generated-draft/non-canonical/source-use/gap-support,generated-draft/non-canonical/source-use/gap support only; not native review/not accepted terminology/not approval/not community consent/not license clearance/not gate promotion/not source certification/not final status/not bridge-pilot/not CJK interlanguage bridge/not pan-CJK authority/not Korean-school authority/not visual inventory/not term spine/not sign rendering/not translation completion
uploader-transfer/interlanguage-fable-6034c6b4-current-frontier-authority-routing-20260707/INTERLANGUAGE_FABLE_6034C6B4_CURRENT_FRONTIER_AUTHORITY_ROUTING_20260707/source_artifacts/0413_1c5601f90b_0301_1c5601f90b_MANIFEST.csv,A,uploader-transfer-package-context,3245,93C29CB7690C0B4AD15941CD789051F898DD535F9366EAE7F033C5351DD3E1BC,18,source-like/evidence-like packet artifact only; exact source-body rows still require manual source review before reviewer packet use,28019a34851454d37431f2c900c80b45ea90f23e,generated-draft/non-canonical/source-use/gap-support,generated-draft/non-canonical/source-use/gap support only; not native review/not accepted terminology/not approval/not community consent/not license clearance/not gate promotion/not source certification/not final status/not bridge-pilot/not CJK interlanguage bridge/not pan-CJK authority/not Korean-school authority/not visual inventory/not term spine/not sign rendering/not translation completion
uploader-transfer/interlanguage-fable-6034c6b4-current-frontier-authority-routing-20260707/INTERLANGUAGE_FABLE_6034C6B4_CURRENT_FRONTIER_AUTHORITY_ROUTING_20260707/source_artifacts/0414_b3d421bc9b_0302_b3d421bc9b_PACKAGE_VALIDATION_20260707.csv,A,uploader-transfer-package-context,1175,B19A3D9FFEA9B6F6B44806A406D52A3F6C8F901ED38CCD3CC6FEC0E84BAE2B6C,7,source-like/evidence-like packet artifact only; exact source-body rows still require manual source review before reviewer packet use,28019a34851454d37431f2c900c80b45ea90f23e,generated-draft/non-canonical/source-use/gap-support,generated-draft/non-canonical/source-use/gap support only; not native review/not accepted terminology/not approval/not community consent/not license clearance/not gate promotion/not source certification/not final status/not bridge-pilot/not CJK interlanguage bridge/not pan-CJK authority/not Korean-school authority/not visual inventory/not term spine/not sign rendering/not translation completion
uploader-transfer/interlanguage-fable-6034c6b4-current-frontier-authority-routing-20260707/INTERLANGUAGE_FABLE_6034C6B4_CURRENT_FRONTIER_AUTHORITY_ROUTING_20260707/source_artifacts/0415_fa0b217df5_0303_fa0b217df5_R9_4065F6A4_ACTIVE_RECOVERY_ROWS_20260707.csv,A,uploader-transfer-package-context,197854,1E2FD08A31246D52CE74D5011BB4F48A2E5046A67B9DDF0AEEE79B7E979FC1A8,61,source-like/evidence-like packet artifact only; exact source-body rows still require manual source review before reviewer packet use,28019a34851454d37431f2c900c80b45ea90f23e,generated-draft/non-canonical/source-use/gap-support,generated-draft/non-canonical/source-use/gap support only; not native review/not accepted terminology/not approval/not community consent/not license clearance/not gate promotion/not source certification/not final status/not bridge-pilot/not CJK interlanguage bridge/not pan-CJK authority/not Korean-school authority/not visual inventory/not term spine/not sign rendering/not translation completion
uploader-transfer/interlanguage-fable-6034c6b4-current-frontier-authority-routing-20260707/INTERLANGUAGE_FABLE_6034C6B4_CURRENT_FRONTIER_AUTHORITY_ROUTING_20260707/source_artifacts/0416_275bd8f1a9_0304_275bd8f1a9_R9_4065F6A4_BLOCKER_RECOVERY_ROWS_20260707.csv,A,uploader-transfer-package-context,4380,E7112FBAC7770A3D1D7FD254CEB21D67618155087828BBFAE96D94D5305F6FC9,2,source-like/evidence-like packet artifact only; exact source-body rows still require manual source review before reviewer packet use,28019a34851454d37431f2c900c80b45ea90f23e,generated-draft/non-canonical/source-use/gap-support,generated-draft/non-canonical/source-use/gap support only; not native review/not accepted terminology/not approval/not community consent/not license clearance/not gate promotion/not source certification/not final status/not bridge-pilot/not CJK interlanguage bridge/not pan-CJK authority/not Korean-school authority/not visual inventory/not term spine/not sign rendering/not translation completion
uploader-transfer/interlanguage-fable-6034c6b4-current-frontier-authority-routing-20260707/INTERLANGUAGE_FABLE_6034C6B4_CURRENT_FRONTIER_AUTHORITY_ROUTING_20260707/source_artifacts/0417_2d940d5b26_0305_2d940d5b26_R9_4065F6A4_BRANCH_CONTEXT_ROWS_20260707.csv,A,uploader-transfer-package-context,1301,0BFBAD8013CEF81A398E3CAC348DEE330E657E1B9002CD0B5F0D46C8EE4B3CE6,2,source-like/evidence-like packet artifact only; exact source-body rows still require manual source review before reviewer packet use,28019a34851454d37431f2c900c80b45ea90f23e,generated-draft/non-canonical/source-use/gap-support,generated-draft/non-canonical/source-use/gap support only; not native review/not accepted terminology/not approval/not community consent/not license clearance/not gate promotion/not source certification/not final status/not bridge-pilot/not CJK interlanguage bridge/not pan-CJK authority/not Korean-school authority/not visual inventory/not term spine/not sign rendering/not translation completion
uploader-transfer/interlanguage-fable-6034c6b4-current-frontier-authority-routing-20260707/INTERLANGUAGE_FABLE_6034C6B4_CURRENT_FRONTIER_AUTHORITY_ROUTING_20260707/source_artifacts/0418_9bbef883fa_0306_9bbef883fa_R9_4065F6A4_DELEGATION_ROWS_20260707.csv,A,uploader-transfer-package-context,739,F27FB7F69BB81008719DBC9A1215359D416881FA2485CB659DCAF32711DB225D,1,source-like/evidence-like packet artifact only; exact source-body rows still require manual source review before reviewer packet use,28019a34851454d37431f2c900c80b45ea90f23e,generated-draft/non-canonical/source-use/gap-support,generated-draft/non-canonical/source-use/gap support only; not native review/not accepted terminology/not approval/not community consent/not license clearance/not gate promotion/not source certification/not final status/not bridge-pilot/not CJK interlanguage bridge/not pan-CJK authority/not Korean-school authority/not visual inventory/not term spine/not sign rendering/not translation completion
uploader-transfer/interlanguage-fable-6034c6b4-current-frontier-authority-routing-20260707/INTERLANGUAGE_FABLE_6034C6B4_CURRENT_FRONTIER_AUTHORITY_ROUTING_20260707/source_artifacts/0419_9509daa2ea_0307_9509daa2ea_R9_4065F6A4_DIFF_AUDIT_ROWS_20260707.csv,A,uploader-transfer-package-context,794,197D9059198E16692617E993A17662476F3F56D0C79E93C29181040F23045BEB,1,source-like/evidence-like packet artifact only; exact source-body rows still require manual source review before reviewer packet use,28019a34851454d37431f2c900c80b45ea90f23e,generated-draft/non-canonical/source-use/gap-support,generated-draft/non-canonical/source-use/gap support only; not native review/not accepted terminology/not approval/not community consent/not license clearance/not gate promotion/not source certification/not final status/not bridge-pilot/not CJK interlanguage bridge/not pan-CJK authority/not Korean-school authority/not visual inventory/not term spine/not sign rendering/not translation completion
uploader-transfer/interlanguage-fable-6034c6b4-current-frontier-authority-routing-20260707/INTERLANGUAGE_FABLE_6034C6B4_CURRENT_FRONTIER_AUTHORITY_ROUTING_20260707/source_artifacts/0420_4b1f48fdea_0308_4b1f48fdea_R9_4065F6A4_DO_NOT_USE_ADVERSE_ROWS_20260707.csv,A,uploader-transfer-package-context,59425,FA316E0A8F0F669A5B988A3F045B8FFD60AEB9FC93AB0D9F858545C230FCFD5F,20,source-like/evidence-like packet artifact only; exact source-body rows still require manual source review before reviewer packet use,28019a34851454d37431f2c900c80b45ea90f23e,generated-draft/non-canonical/source-use/gap-support,generated-draft/non-canonical/source-use/gap support only; not native review/not accepted terminology/not approval/not community consent/not license clearance/not gate promotion/not source certification/not final status/not bridge-pilot/not CJK interlanguage bridge/not pan-CJK authority/not Korean-school authority/not visual inventory/not term spine/not sign rendering/not translation completion
uploader-transfer/interlanguage-fable-6034c6b4-current-frontier-authority-routing-20260707/INTERLANGUAGE_FABLE_6034C6B4_CURRENT_FRONTIER_AUTHORITY_ROUTING_20260707/source_artifacts/0421_a24e5d792a_0309_a24e5d792a_R9_4065F6A4_EXACT_BLOCKER_RECOVERY_ROWS_20260707.csv,A,uploader-transfer-package-context,810,E49B483C67CB21A50236EAFD0F34CA92A2A870C391971C0731A564F313E16769,1,source-like/evidence-like packet artifact only; exact source-body rows still require manual source review before reviewer packet use,28019a34851454d37431f2c900c80b45ea90f23e,generated-draft/non-canonical/source-use/gap-support,generated-draft/non-canonical/source-use/gap support only; not native review/not accepted terminology/not approval/not community consent/not license clearance/not gate promotion/not source certification/not final status/not bridge-pilot/not CJK interlanguage bridge/not pan-CJK authority/not Korean-school authority/not visual inventory/not term spine/not sign rendering/not translation completion
uploader-transfer/interlanguage-fable-6034c6b4-current-frontier-authority-routing-20260707/INTERLANGUAGE_FABLE_6034C6B4_CURRENT_FRONTIER_AUTHORITY_ROUTING_20260707/source_artifacts/0422_ae2d8b6eec_0310_ae2d8b6eec_R9_4065F6A4_LANGUAGE_BOUNDARY_SOURCE_RETURN_STATUS_ROWS_20260707.csv,A,uploader-transfer-package-context,11956,42B0F2D1C34F2A08811183987BC705C1D1B1DFF1AEF5D95FD4E369C21B90769C,7,source-like/evidence-like packet artifact only; exact source-body rows still require manual source review before reviewer packet use,28019a34851454d37431f2c900c80b45ea90f23e,generated-draft/non-canonical/source-use/gap-support,generated-draft/non-canonical/source-use/gap support only; not native review/not accepted terminology/not approval/not community consent/not license clearance/not gate promotion/not source certification/not final status/not bridge-pilot/not CJK interlanguage bridge/not pan-CJK authority/not Korean-school authority/not visual inventory/not term spine/not sign rendering/not translation completion
uploader-transfer/interlanguage-fable-6034c6b4-current-frontier-authority-routing-20260707/INTERLANGUAGE_FABLE_6034C6B4_CURRENT_FRONTIER_AUTHORITY_ROUTING_20260707/source_artifacts/0423_5a0f1c2fa2_0311_5a0f1c2fa2_R9_4065F6A4_OCR_UNICODE_RECOVERY_ROLLUP_20260707.csv,A,uploader-transfer-package-context,29241,A81F0EC9AFBD81E92B711370AF57BFB3798986DA2AE5DECBA92359970410EB5C,10,source-like/evidence-like packet artifact only; exact source-body rows still require manual source review before reviewer packet use,28019a34851454d37431f2c900c80b45ea90f23e,generated-draft/non-canonical/source-use/gap-support,generated-draft/non-canonical/source-use/gap support only; not native review/not accepted terminology/not approval/not community consent/not license clearance/not gate promotion/not source certification/not final status/not bridge-pilot/not CJK interlanguage bridge/not pan-CJK authority/not Korean-school authority/not visual inventory/not term spine/not sign rendering/not translation completion
uploader-transfer/interlanguage-fable-6034c6b4-current-frontier-authority-routing-20260707/INTERLANGUAGE_FABLE_6034C6B4_CURRENT_FRONTIER_AUTHORITY_ROUTING_20260707/source_artifacts/0424_f62a400251_0312_f62a400251_R9_4065F6A4_RESET_RULES_20260707.csv,A,uploader-transfer-package-context,644,F5B8CA353F544FEE19D0567E10E7F6D7EAFF4810F84830CA268AFA13F5D0CBF4,1,source-like/evidence-like packet artifact only; exact source-body rows still require manual source review before reviewer packet use,28019a34851454d37431f2c900c80b45ea90f23e,generated-draft/non-canonical/source-use/gap-support,generated-draft/non-canonical/source-use/gap support only; not native review/not accepted terminology/not approval/not community consent/not license clearance/not gate promotion/not source certification/not final status/not bridge-pilot/not CJK interlanguage bridge/not pan-CJK authority/not Korean-school authority/not visual inventory/not term spine/not sign rendering/not translation completion
uploader-transfer/interlanguage-fable-6034c6b4-current-frontier-authority-routing-20260707/INTERLANGUAGE_FABLE_6034C6B4_CURRENT_FRONTIER_AUTHORITY_ROUTING_20260707/source_artifacts/0425_62503bba98_0313_62503bba98_R9_4065F6A4_SAFE_CHECKOUT_VERIFICATION_ROWS_20260707.csv,A,uploader-transfer-package-context,981,EAC96AE9096E0F0F5AF7D7BE4B44BA4DE16D7B4AAC745D2B64E01672BA74854C,1,source-like/evidence-like packet artifact only; exact source-body rows still require manual source review before reviewer packet use,28019a34851454d37431f2c900c80b45ea90f23e,generated-draft/non-canonical/source-use/gap-support,generated-draft/non-canonical/source-use/gap support only; not native review/not accepted terminology/not approval/not community consent/not license clearance/not gate promotion/not source certification/not final status/not bridge-pilot/not CJK interlanguage bridge/not pan-CJK authority/not Korean-school authority/not visual inventory/not term spine/not sign rendering/not translation completion
uploader-transfer/interlanguage-fable-6034c6b4-current-frontier-authority-routing-20260707/INTERLANGUAGE_FABLE_6034C6B4_CURRENT_FRONTIER_AUTHORITY_ROUTING_20260707/source_artifacts/0426_885f1c4b89_0314_885f1c4b89_R9_4065F6A4_SOURCE_USE_ADVERSE_ROWS_20260707.csv,A,uploader-transfer-package-context,25458,F3E7FAA7D2D1DF40AF2D1F1466FF02CE17A1B7493B3ACFDA13A2CAC66C661B96,7,source-like/evidence-like packet artifact only; exact source-body rows still require manual source review before reviewer packet use,28019a34851454d37431f2c900c80b45ea90f23e,generated-draft/non-canonical/source-use/gap-support,generated-draft/non-canonical/source-use/gap support only; not native review/not accepted terminology/not approval/not community consent/not license clearance/not gate promotion/not source certification/not final status/not bridge-pilot/not CJK interlanguage bridge/not pan-CJK authority/not Korean-school authority/not visual inventory/not term spine/not sign rendering/not translation completion
uploader-transfer/interlanguage-fable-6034c6b4-current-frontier-authority-routing-20260707/INTERLANGUAGE_FABLE_6034C6B4_CURRENT_FRONTIER_AUTHORITY_ROUTING_20260707/source_artifacts/0427_b54a0786fa_0315_b54a0786fa_README.md,A,uploader-transfer-package-context,1117,8571AC80DF50F51B9ED282C04D3B80B0B8E0BE1ED4372D67EBF4425C02D0D22A,,source-like/evidence-like packet artifact only; exact source-body rows still require manual source review before reviewer packet use,28019a34851454d37431f2c900c80b45ea90f23e,generated-draft/non-canonical/source-use/gap-support,generated-draft/non-canonical/source-use/gap support only; not native review/not accepted terminology/not approval/not community consent/not license clearance/not gate promotion/not source certification/not final status/not bridge-pilot/not CJK interlanguage bridge/not pan-CJK authority/not Korean-school authority/not visual inventory/not term spine/not sign rendering/not translation completion
uploader-transfer/interlanguage-fable-6034c6b4-current-frontier-authority-routing-20260707/INTERLANGUAGE_FABLE_6034C6B4_CURRENT_FRONTIER_AUTHORITY_ROUTING_20260707/source_artifacts/0428_25a2e9f617_0316_25a2e9f617_SHA256SUMS.txt,A,uploader-transfer-package-context,2020,469137FC8427FECAC044C818E1D90D67287025589D3065D5CF35EC059F198053,,source-like/evidence-like packet artifact only; exact source-body rows still require manual source review before reviewer packet use,28019a34851454d37431f2c900c80b45ea90f23e,generated-draft/non-canonical/source-use/gap-support,generated-draft/non-canonical/source-use/gap support only; not native review/not accepted terminology/not approval/not community consent/not license clearance/not gate promotion/not source certification/not final status/not bridge-pilot/not CJK interlanguage bridge/not pan-CJK authority/not Korean-school authority/not visual inventory/not term spine/not sign rendering/not translation completion
uploader-transfer/interlanguage-fable-6034c6b4-current-frontier-authority-routing-20260707/INTERLANGUAGE_FABLE_6034C6B4_CURRENT_FRONTIER_AUTHORITY_ROUTING_20260707/source_artifacts/0429_89ca96fe89_0317_89ca96fe89_ACTIVE_SESSION_STATE.json,A,uploader-transfer-package-context,1609,17DA4B63BCB0928D7DC6ED7862AA169E938940DC76456FB44E82E376B5E33CCB,,source-like/evidence-like packet artifact only; exact source-body rows still require manual source review before reviewer packet use,28019a34851454d37431f2c900c80b45ea90f23e,generated-draft/non-canonical/source-use/gap-support,generated-draft/non-canonical/source-use/gap support only; not native review/not accepted terminology/not approval/not community consent/not license clearance/not gate promotion/not source certification/not final status/not bridge-pilot/not CJK interlanguage bridge/not pan-CJK authority/not Korean-school authority/not visual inventory/not term spine/not sign rendering/not translation completion
uploader-transfer/interlanguage-fable-6034c6b4-current-frontier-authority-routing-20260707/INTERLANGUAGE_FABLE_6034C6B4_CURRENT_FRONTIER_AUTHORITY_ROUTING_20260707/source_artifacts/0430_822ce42de8_0318_822ce42de8_B3_UPLOADER_READY_SUMMARY_20260707.csv,A,uploader-transfer-package-context,926,6736C6AD47FE20D6DDFF9152E1AE76A1D60CA1204FE4FD52A8D137D3E7DF7F5A,1,source-like/evidence-like packet artifact only; exact source-body rows still require manual source review before reviewer packet use,28019a34851454d37431f2c900c80b45ea90f23e,generated-draft/non-canonical/source-use/gap-support,generated-draft/non-canonical/source-use/gap support only; not native review/not accepted terminology/not approval/not community consent/not license clearance/not gate promotion/not source certification/not final status/not bridge-pilot/not CJK interlanguage bridge/not pan-CJK authority/not Korean-school authority/not visual inventory/not term spine/not sign rendering/not translation completion
uploader-transfer/interlanguage-fable-6034c6b4-current-frontier-authority-routing-20260707/INTERLANGUAGE_FABLE_6034C6B4_CURRENT_FRONTIER_AUTHORITY_ROUTING_20260707/source_artifacts/0431_0c6b5a63ac_0319_0c6b5a63ac_HEARTBEAT_EXCERPT.md,A,uploader-transfer-package-context,1535,8D260477FC18B96ADA4EA8F92A7153CEBD92A882345A57B0105CBD3305F3FD9B,,source-like/evidence-like packet artifact only; exact source-body rows still require manual source review before reviewer packet use,28019a34851454d37431f2c900c80b45ea90f23e,generated-draft/non-canonical/source-use/gap-support,generated-draft/non-canonical/source-use/gap support only; not native review/not accepted terminology/not approval/not community consent/not license clearance/not gate promotion/not source certification/not final status/not bridge-pilot/not CJK interlanguage bridge/not pan-CJK authority/not Korean-school authority/not visual inventory/not term spine/not sign rendering/not translation completion
uploader-transfer/interlanguage-fable-6034c6b4-current-frontier-authority-routing-20260707/INTERLANGUAGE_FABLE_6034C6B4_CURRENT_FRONTIER_AUTHORITY_ROUTING_20260707/source_artifacts/0432_0c6b5a63ac_0320_0c6b5a63ac_LOGBOOK_EXCERPT.md,A,uploader-transfer-package-context,1535,8D260477FC18B96ADA4EA8F92A7153CEBD92A882345A57B0105CBD3305F3FD9B,,source-like/evidence-like packet artifact only; exact source-body rows still require manual source review before reviewer packet use,28019a34851454d37431f2c900c80b45ea90f23e,generated-draft/non-canonical/source-use/gap-support,generated-draft/non-canonical/source-use/gap support only; not native review/not accepted terminology/not approval/not community consent/not license clearance/not gate promotion/not source certification/not final status/not bridge-pilot/not CJK interlanguage bridge/not pan-CJK authority/not Korean-school authority/not visual inventory/not term spine/not sign rendering/not translation completion
uploader-transfer/interlanguage-fable-6034c6b4-current-frontier-authority-routing-20260707/INTERLANGUAGE_FABLE_6034C6B4_CURRENT_FRONTIER_AUTHORITY_ROUTING_20260707/source_artifacts/0433_3953ff1293_0321_3953ff1293_MANIFEST.csv,A,uploader-transfer-package-context,1532,AA7F65E3453569CBEFCAA5BF57A194D8CDF7FD26E9CB5E5145D1A50D532AA87D,9,source-like/evidence-like packet artifact only; exact source-body rows still require manual source review before reviewer packet use,28019a34851454d37431f2c900c80b45ea90f23e,generated-draft/non-canonical/source-use/gap-support,generated-draft/non-canonical/source-use/gap support only; not native review/not accepted terminology/not approval/not community consent/not license clearance/not gate promotion/not source certification/not final status/not bridge-pilot/not CJK interlanguage bridge/not pan-CJK authority/not Korean-school authority/not visual inventory/not term spine/not sign rendering/not translation completion
uploader-transfer/interlanguage-fable-6034c6b4-current-frontier-authority-routing-20260707/INTERLANGUAGE_FABLE_6034C6B4_CURRENT_FRONTIER_AUTHORITY_ROUTING_20260707/source_artifacts/0434_c8b10fe126_0322_c8b10fe126_PACKAGE_VALIDATION_20260707.csv,A,uploader-transfer-package-context,1032,A5141BDA839DC16050F8619C2DBD3540DB37D767ACCD2B4022246EA2A87581AF,4,source-like/evidence-like packet artifact only; exact source-body rows still require manual source review before reviewer packet use,28019a34851454d37431f2c900c80b45ea90f23e,generated-draft/non-canonical/source-use/gap-support,generated-draft/non-canonical/source-use/gap support only; not native review/not accepted terminology/not approval/not community consent/not license clearance/not gate promotion/not source certification/not final status/not bridge-pilot/not CJK interlanguage bridge/not pan-CJK authority/not Korean-school authority/not visual inventory/not term spine/not sign rendering/not translation completion
uploader-transfer/interlanguage-fable-6034c6b4-current-frontier-authority-routing-20260707/INTERLANGUAGE_FABLE_6034C6B4_CURRENT_FRONTIER_AUTHORITY_ROUTING_20260707/source_artifacts/0435_f63e219012_0323_f63e219012_R9_C033F393_BRANCH_CONTEXT_ROWS_20260707.csv,A,uploader-transfer-package-context,1918,40CB642E8C56B7F55788B1B93F2E33E2D852EC0F36C261F90A32372530F94CB2,3,source-like/evidence-like packet artifact only; exact source-body rows still require manual source review before reviewer packet use,28019a34851454d37431f2c900c80b45ea90f23e,generated-draft/non-canonical/source-use/gap-support,generated-draft/non-canonical/source-use/gap support only; not native review/not accepted terminology/not approval/not community consent/not license clearance/not gate promotion/not source certification/not final status/not bridge-pilot/not CJK interlanguage bridge/not pan-CJK authority/not Korean-school authority/not visual inventory/not term spine/not sign rendering/not translation completion
uploader-transfer/interlanguage-fable-6034c6b4-current-frontier-authority-routing-20260707/INTERLANGUAGE_FABLE_6034C6B4_CURRENT_FRONTIER_AUTHORITY_ROUTING_20260707/source_artifacts/0436_ae9332aed3_0324_ae9332aed3_R9_C033F393_EXACT_BLOCKER_RECOVERY_ROWS_20260707.csv,A,uploader-transfer-package-context,931,4151020B28F1CF505E4C9314956075CD21DE010B6E4C4D42FA636D4DFFA55F67,1,source-like/evidence-like packet artifact only; exact source-body rows still require manual source review before reviewer packet use,28019a34851454d37431f2c900c80b45ea90f23e,generated-draft/non-canonical/source-use/gap-support,generated-draft/non-canonical/source-use/gap support only; not native review/not accepted terminology/not approval/not community consent/not license clearance/not gate promotion/not source certification/not final status/not bridge-pilot/not CJK interlanguage bridge/not pan-CJK authority/not Korean-school authority/not visual inventory/not term spine/not sign rendering/not translation completion
uploader-transfer/interlanguage-fable-6034c6b4-current-frontier-authority-routing-20260707/INTERLANGUAGE_FABLE_6034C6B4_CURRENT_FRONTIER_AUTHORITY_ROUTING_20260707/source_artifacts/0437_e3430e3d15_0325_e3430e3d15_R9_C033F393_FRONTIER_DRIFT_OBSERVATION_ROWS_20260707.csv,A,uploader-transfer-package-context,1383,2F3E61E3356AB4CAB4EBAB1F2E39BB5E7B4C570167C8DAE6AB853D37663A5050,1,source-like/evidence-like packet artifact only; exact source-body rows still require manual source review before reviewer packet use,28019a34851454d37431f2c900c80b45ea90f23e,generated-draft/non-canonical/source-use/gap-support,generated-draft/non-canonical/source-use/gap support only; not native review/not accepted terminology/not approval/not community consent/not license clearance/not gate promotion/not source certification/not final status/not bridge-pilot/not CJK interlanguage bridge/not pan-CJK authority/not Korean-school authority/not visual inventory/not term spine/not sign rendering/not translation completion
uploader-transfer/interlanguage-fable-6034c6b4-current-frontier-authority-routing-20260707/INTERLANGUAGE_FABLE_6034C6B4_CURRENT_FRONTIER_AUTHORITY_ROUTING_20260707/source_artifacts/0438_7c3fdb4f02_0326_7c3fdb4f02_README.md,A,uploader-transfer-package-context,965,ADCD682118EC89FF258534D436ECA9AA26C58F19F1B7EAAB2727BD73488382F0,,source-like/evidence-like packet artifact only; exact source-body rows still require manual source review before reviewer packet use,28019a34851454d37431f2c900c80b45ea90f23e,generated-draft/non-canonical/source-use/gap-support,generated-draft/non-canonical/source-use/gap support only; not native review/not accepted terminology/not approval/not community consent/not license clearance/not gate promotion/not source certification/not final status/not bridge-pilot/not CJK interlanguage bridge/not pan-CJK authority/not Korean-school authority/not visual inventory/not term spine/not sign rendering/not translation completion
uploader-transfer/interlanguage-fable-6034c6b4-current-frontier-authority-routing-20260707/INTERLANGUAGE_FABLE_6034C6B4_CURRENT_FRONTIER_AUTHORITY_ROUTING_20260707/source_artifacts/0439_499a1baff9_0327_499a1baff9_SHA256SUMS.txt,A,uploader-transfer-package-context,985,29427A83D9E837402B66DF256C7F9B3F2D4F7A63A3F99AF40E30C74D49863B9D,,source-like/evidence-like packet artifact only; exact source-body rows still require manual source review before reviewer packet use,28019a34851454d37431f2c900c80b45ea90f23e,generated-draft/non-canonical/source-use/gap-support,generated-draft/non-canonical/source-use/gap support only; not native review/not accepted terminology/not approval/not community consent/not license clearance/not gate promotion/not source certification/not final status/not bridge-pilot/not CJK interlanguage bridge/not pan-CJK authority/not Korean-school authority/not visual inventory/not term spine/not sign rendering/not translation completion
uploader-transfer/interlanguage-fable-6034c6b4-current-frontier-authority-routing-20260707/INTERLANGUAGE_FABLE_6034C6B4_CURRENT_FRONTIER_AUTHORITY_ROUTING_20260707/source_artifacts/0440_c2a3532ab4_ACTIVE_SESSION_STATE.md,A,uploader-transfer-package-context,901,B81C571CA19145698F5E8F34C4F026DA20E9A431FA76ED3FE5517ABB9BE4A3AD,,source-like/evidence-like packet artifact only; exact source-body rows still require manual source review before reviewer packet use,28019a34851454d37431f2c900c80b45ea90f23e,generated-draft/non-canonical/source-use/gap-support,generated-draft/non-canonical/source-use/gap support only; not native review/not accepted terminology/not approval/not community consent/not license clearance/not gate promotion/not source certification/not final status/not bridge-pilot/not CJK interlanguage bridge/not pan-CJK authority/not Korean-school authority/not visual inventory/not term spine/not sign rendering/not translation completion
uploader-transfer/interlanguage-fable-6034c6b4-current-frontier-authority-routing-20260707/INTERLANGUAGE_FABLE_6034C6B4_CURRENT_FRONTIER_AUTHORITY_ROUTING_20260707/source_artifacts/0441_abd9217a8a_B3_HANDOFF_LOCAL_SIBLING_ADDENDUM_761BEC88.csv,A,uploader-transfer-package-context,18527,8CCE14B0FF24FD7BC83D0D333C535AE3DC64060DB625B2F3118E7CDD64186FBE,37,source-like/evidence-like packet artifact only; exact source-body rows still require manual source review before reviewer packet use,28019a34851454d37431f2c900c80b45ea90f23e,generated-draft/non-canonical/source-use/gap-support,generated-draft/non-canonical/source-use/gap support only; not native review/not accepted terminology/not approval/not community consent/not license clearance/not gate promotion/not source certification/not final status/not bridge-pilot/not CJK interlanguage bridge/not pan-CJK authority/not Korean-school authority/not visual inventory/not term spine/not sign rendering/not translation completion
uploader-transfer/interlanguage-fable-6034c6b4-current-frontier-authority-routing-20260707/INTERLANGUAGE_FABLE_6034C6B4_CURRENT_FRONTIER_AUTHORITY_ROUTING_20260707/source_artifacts/0442_eae8790958_B3_HANDOFF_LOCAL_SIBLING_ADDENDUM_761BEC88.json,A,uploader-transfer-package-context,23998,86A3CD5371D56602919281532E6B1D5455A142495A4A5B88589C978F9B70B981,,source-like/evidence-like packet artifact only; exact source-body rows still require manual source review before reviewer packet use,28019a34851454d37431f2c900c80b45ea90f23e,generated-draft/non-canonical/source-use/gap-support,generated-draft/non-canonical/source-use/gap support only; not native review/not accepted terminology/not approval/not community consent/not license clearance/not gate promotion/not source certification/not final status/not bridge-pilot/not CJK interlanguage bridge/not pan-CJK authority/not Korean-school authority/not visual inventory/not term spine/not sign rendering/not translation completion
uploader-transfer/interlanguage-fable-6034c6b4-current-frontier-authority-routing-20260707/INTERLANGUAGE_FABLE_6034C6B4_CURRENT_FRONTIER_AUTHORITY_ROUTING_20260707/source_artifacts/0443_8d9f3f1791_BLOCKER_RECOVERY_LOCAL_SIBLING_LEDGER_761BEC88.csv,A,uploader-transfer-package-context,5251,A3C8F10E541C3140AEA600E94FCC02A59F4DAE5873250BD3C533DC6840BCCCB8,8,source-like/evidence-like packet artifact only; exact source-body rows still require manual source review before reviewer packet use,28019a34851454d37431f2c900c80b45ea90f23e,generated-draft/non-canonical/source-use/gap-support,generated-draft/non-canonical/source-use/gap support only; not native review/not accepted terminology/not approval/not community consent/not license clearance/not gate promotion/not source certification/not final status/not bridge-pilot/not CJK interlanguage bridge/not pan-CJK authority/not Korean-school authority/not visual inventory/not term spine/not sign rendering/not translation completion
uploader-transfer/interlanguage-fable-6034c6b4-current-frontier-authority-routing-20260707/INTERLANGUAGE_FABLE_6034C6B4_CURRENT_FRONTIER_AUTHORITY_ROUTING_20260707/source_artifacts/0444_b34912c54e_BLOCKER_RECOVERY_LOCAL_SIBLING_LEDGER_761BEC88.json,A,uploader-transfer-package-context,6986,8796DFCA55B2E5A94EB9723D7A36B488ECBC3996E4742D9ECEF10AC50A148BF0,,source-like/evidence-like packet artifact only; exact source-body rows still require manual source review before reviewer packet use,28019a34851454d37431f2c900c80b45ea90f23e,generated-draft/non-canonical/source-use/gap-support,generated-draft/non-canonical/source-use/gap support only; not native review/not accepted terminology/not approval/not community consent/not license clearance/not gate promotion/not source certification/not final status/not bridge-pilot/not CJK interlanguage bridge/not pan-CJK authority/not Korean-school authority/not visual inventory/not term spine/not sign rendering/not translation completion
uploader-transfer/interlanguage-fable-6034c6b4-current-frontier-authority-routing-20260707/INTERLANGUAGE_FABLE_6034C6B4_CURRENT_FRONTIER_AUTHORITY_ROUTING_20260707/source_artifacts/0445_4d700b0700_BRANCH_WEIGHT_LOCAL_SIBLING_LEDGER_761BEC88.csv,A,uploader-transfer-package-context,7491,DE2FD52DD8588ACF269F7D069451D293C4F849EC4278E162437FD976A9627CC0,17,source-like/evidence-like packet artifact only; exact source-body rows still require manual source review before reviewer packet use,28019a34851454d37431f2c900c80b45ea90f23e,generated-draft/non-canonical/source-use/gap-support,generated-draft/non-canonical/source-use/gap support only; not native review/not accepted terminology/not approval/not community consent/not license clearance/not gate promotion/not source certification/not final status/not bridge-pilot/not CJK interlanguage bridge/not pan-CJK authority/not Korean-school authority/not visual inventory/not term spine/not sign rendering/not translation completion
uploader-transfer/interlanguage-fable-6034c6b4-current-frontier-authority-routing-20260707/INTERLANGUAGE_FABLE_6034C6B4_CURRENT_FRONTIER_AUTHORITY_ROUTING_20260707/source_artifacts/0446_13ed810e7a_BRANCH_WEIGHT_LOCAL_SIBLING_LEDGER_761BEC88.json,A,uploader-transfer-package-context,10804,AA600E85DA54A6107AC515C21DEE55CBFFC0578F6D2CD727321021759D733F4F,,source-like/evidence-like packet artifact only; exact source-body rows still require manual source review before reviewer packet use,28019a34851454d37431f2c900c80b45ea90f23e,generated-draft/non-canonical/source-use/gap-support,generated-draft/non-canonical/source-use/gap support only; not native review/not accepted terminology/not approval/not community consent/not license clearance/not gate promotion/not source certification/not final status/not bridge-pilot/not CJK interlanguage bridge/not pan-CJK authority/not Korean-school authority/not visual inventory/not term spine/not sign rendering/not translation completion
uploader-transfer/interlanguage-fable-6034c6b4-current-frontier-authority-routing-20260707/INTERLANGUAGE_FABLE_6034C6B4_CURRENT_FRONTIER_AUTHORITY_ROUTING_20260707/source_artifacts/0447_ec7dbbf1c5_DO_NOT_USE_LOCAL_SIBLING_LEDGER_761BEC88.csv,A,uploader-transfer-package-context,7849,BFD2F5500F07361A8F728934951CE636C7CA47FC48575271A127BCC5574C92CC,17,source-like/evidence-like packet artifact only; exact source-body rows still require manual source review before reviewer packet use,28019a34851454d37431f2c900c80b45ea90f23e,generated-draft/non-canonical/source-use/gap-support,generated-draft/non-canonical/source-use/gap support only; not native review/not accepted terminology/not approval/not community consent/not license clearance/not gate promotion/not source certification/not final status/not bridge-pilot/not CJK interlanguage bridge/not pan-CJK authority/not Korean-school authority/not visual inventory/not term spine/not sign rendering/not translation completion
uploader-transfer/interlanguage-fable-6034c6b4-current-frontier-authority-routing-20260707/INTERLANGUAGE_FABLE_6034C6B4_CURRENT_FRONTIER_AUTHORITY_ROUTING_20260707/source_artifacts/0448_c8d422f698_DO_NOT_USE_LOCAL_SIBLING_LEDGER_761BEC88.json,A,uploader-transfer-package-context,10358,A7E4729466BBB80D1CCD01F94D44793DB1848C9FE1F1DF0F3FB5217C240ED08F,,source-like/evidence-like packet artifact only; exact source-body rows still require manual source review before reviewer packet use,28019a34851454d37431f2c900c80b45ea90f23e,generated-draft/non-canonical/source-use/gap-support,generated-draft/non-canonical/source-use/gap support only; not native review/not accepted terminology/not approval/not community consent/not license clearance/not gate promotion/not source certification/not final status/not bridge-pilot/not CJK interlanguage bridge/not pan-CJK authority/not Korean-school authority/not visual inventory/not term spine/not sign rendering/not translation completion
uploader-transfer/interlanguage-fable-6034c6b4-current-frontier-authority-routing-20260707/INTERLANGUAGE_FABLE_6034C6B4_CURRENT_FRONTIER_AUTHORITY_ROUTING_20260707/source_artifacts/0449_500bb7a735_FINAL_VALIDATION.json,A,uploader-transfer-package-context,1124,1B7CEB235BFCEA72ADDF4205CFCD2E9B14F7949E85966986F6694B6507F5B2C6,,source-like/evidence-like packet artifact only; exact source-body rows still require manual source review before reviewer packet use,28019a34851454d37431f2c900c80b45ea90f23e,generated-draft/non-canonical/source-use/gap-support,generated-draft/non-canonical/source-use/gap support only; not native review/not accepted terminology/not approval/not community consent/not license clearance/not gate promotion/not source certification/not final status/not bridge-pilot/not CJK interlanguage bridge/not pan-CJK authority/not Korean-school authority/not visual inventory/not term spine/not sign rendering/not translation completion
uploader-transfer/interlanguage-fable-6034c6b4-current-frontier-authority-routing-20260707/INTERLANGUAGE_FABLE_6034C6B4_CURRENT_FRONTIER_AUTHORITY_ROUTING_20260707/source_artifacts/0450_d1463a08c0_HEARTBEAT_20260707.md,A,uploader-transfer-package-context,818,48895A452E570860237C6A40C34E0F280E27CACBCED6CEA2D1D3E3DBF2C4F7D4,,source-like/evidence-like packet artifact only; exact source-body rows still require manual source review before reviewer packet use,28019a34851454d37431f2c900c80b45ea90f23e,generated-draft/non-canonical/source-use/gap-support,generated-draft/non-canonical/source-use/gap support only; not native review/not accepted terminology/not approval/not community consent/not license clearance/not gate promotion/not source certification/not final status/not bridge-pilot/not CJK interlanguage bridge/not pan-CJK authority/not Korean-school authority/not visual inventory/not term spine/not sign rendering/not translation completion
uploader-transfer/interlanguage-fable-6034c6b4-current-frontier-authority-routing-20260707/INTERLANGUAGE_FABLE_6034C6B4_CURRENT_FRONTIER_AUTHORITY_ROUTING_20260707/source_artifacts/0451_fa110d6dfc_LOCAL_761_SIBLING_ROOT_INDEX_761BEC88.csv,A,uploader-transfer-package-context,13801,BE59EA1AEC7961A0560FA4B59717CC5A9A92A596752E47678839B5223BB7DB65,17,source-like/evidence-like packet artifact only; exact source-body rows still require manual source review before reviewer packet use,28019a34851454d37431f2c900c80b45ea90f23e,generated-draft/non-canonical/source-use/gap-support,generated-draft/non-canonical/source-use/gap support only; not native review/not accepted terminology/not approval/not community consent/not license clearance/not gate promotion/not source certification/not final status/not bridge-pilot/not CJK interlanguage bridge/not pan-CJK authority/not Korean-school authority/not visual inventory/not term spine/not sign rendering/not translation completion
uploader-transfer/interlanguage-fable-6034c6b4-current-frontier-authority-routing-20260707/INTERLANGUAGE_FABLE_6034C6B4_CURRENT_FRONTIER_AUTHORITY_ROUTING_20260707/source_artifacts/0452_ac3a323dba_LOCAL_761_SIBLING_ROOT_INDEX_761BEC88.json,A,uploader-transfer-package-context,20550,BA8413D4060602E5540BD6FAD7F4CB3F84BED19AB508FB6C014FBCAC68E55680,,source-like/evidence-like packet artifact only; exact source-body rows still require manual source review before reviewer packet use,28019a34851454d37431f2c900c80b45ea90f23e,generated-draft/non-canonical/source-use/gap-support,generated-draft/non-canonical/source-use/gap support only; not native review/not accepted terminology/not approval/not community consent/not license clearance/not gate promotion/not source certification/not final status/not bridge-pilot/not CJK interlanguage bridge/not pan-CJK authority/not Korean-school authority/not visual inventory/not term spine/not sign rendering/not translation completion
uploader-transfer/interlanguage-fable-6034c6b4-current-frontier-authority-routing-20260707/INTERLANGUAGE_FABLE_6034C6B4_CURRENT_FRONTIER_AUTHORITY_ROUTING_20260707/source_artifacts/0453_0bc83a86c6_MANIFEST.csv,A,uploader-transfer-package-context,2609,099C9107C773EB1B7090AAEC4F06EC676C98FECB32A24135F8C7447B5AB5CEE6,22,source-like/evidence-like packet artifact only; exact source-body rows still require manual source review before reviewer packet use,28019a34851454d37431f2c900c80b45ea90f23e,generated-draft/non-canonical/source-use/gap-support,generated-draft/non-canonical/source-use/gap support only; not native review/not accepted terminology/not approval/not community consent/not license clearance/not gate promotion/not source certification/not final status/not bridge-pilot/not CJK interlanguage bridge/not pan-CJK authority/not Korean-school authority/not visual inventory/not term spine/not sign rendering/not translation completion
uploader-transfer/interlanguage-fable-6034c6b4-current-frontier-authority-routing-20260707/INTERLANGUAGE_FABLE_6034C6B4_CURRENT_FRONTIER_AUTHORITY_ROUTING_20260707/source_artifacts/0454_36a86a95bf_MARGINAL_INTELLIGIBILITY_LOCAL_SIBLING_LEDGER_761BEC88.csv,A,uploader-transfer-package-context,6451,A31395D055EBC1AA436BB25BEF13C813538125403EB8FCFEFB09ADCFCD777761,17,source-like/evidence-like packet artifact only; exact source-body rows still require manual source review before reviewer packet use,28019a34851454d37431f2c900c80b45ea90f23e,generated-draft/non-canonical/source-use/gap-support,generated-draft/non-canonical/source-use/gap support only; not native review/not accepted terminology/not approval/not community consent/not license clearance/not gate promotion/not source certification/not final status/not bridge-pilot/not CJK interlanguage bridge/not pan-CJK authority/not Korean-school authority/not visual inventory/not term spine/not sign rendering/not translation completion
uploader-transfer/interlanguage-fable-6034c6b4-current-frontier-authority-routing-20260707/INTERLANGUAGE_FABLE_6034C6B4_CURRENT_FRONTIER_AUTHORITY_ROUTING_20260707/source_artifacts/0455_dba6c72883_MARGINAL_INTELLIGIBILITY_LOCAL_SIBLING_LEDGER_761BEC88.json,A,uploader-transfer-package-context,9579,190D60AF272B16112B04F060F75352CB542FAD502B59FF8BE8FC1D041FF86876,,source-like/evidence-like packet artifact only; exact source-body rows still require manual source review before reviewer packet use,28019a34851454d37431f2c900c80b45ea90f23e,generated-draft/non-canonical/source-use/gap-support,generated-draft/non-canonical/source-use/gap support only; not native review/not accepted terminology/not approval/not community consent/not license clearance/not gate promotion/not source certification/not final status/not bridge-pilot/not CJK interlanguage bridge/not pan-CJK authority/not Korean-school authority/not visual inventory/not term spine/not sign rendering/not translation completion
uploader-transfer/interlanguage-fable-6034c6b4-current-frontier-authority-routing-20260707/INTERLANGUAGE_FABLE_6034C6B4_CURRENT_FRONTIER_AUTHORITY_ROUTING_20260707/source_artifacts/0456_3131f72698_NORMALIZATION_MARKER_LOCAL_SIBLING_LEDGER_761BEC88.csv,A,uploader-transfer-package-context,6955,BD02950E51E45E79AC6CEE78D0D91B83B95F071FD65AD5E68C13553DA3E4B3F5,17,source-like/evidence-like packet artifact only; exact source-body rows still require manual source review before reviewer packet use,28019a34851454d37431f2c900c80b45ea90f23e,generated-draft/non-canonical/source-use/gap-support,generated-draft/non-canonical/source-use/gap support only; not native review/not accepted terminology/not approval/not community consent/not license clearance/not gate promotion/not source certification/not final status/not bridge-pilot/not CJK interlanguage bridge/not pan-CJK authority/not Korean-school authority/not visual inventory/not term spine/not sign rendering/not translation completion
uploader-transfer/interlanguage-fable-6034c6b4-current-frontier-authority-routing-20260707/INTERLANGUAGE_FABLE_6034C6B4_CURRENT_FRONTIER_AUTHORITY_ROUTING_20260707/source_artifacts/0457_e63ca9aea4_NORMALIZATION_MARKER_LOCAL_SIBLING_LEDGER_761BEC88.json,A,uploader-transfer-package-context,9610,9CCC762C60BED608676C0EB22EB1B85C49C42AB9B03020361079D33E49FD8C3E,,source-like/evidence-like packet artifact only; exact source-body rows still require manual source review before reviewer packet use,28019a34851454d37431f2c900c80b45ea90f23e,generated-draft/non-canonical/source-use/gap-support,generated-draft/non-canonical/source-use/gap support only; not native review/not accepted terminology/not approval/not community consent/not license clearance/not gate promotion/not source certification/not final status/not bridge-pilot/not CJK interlanguage bridge/not pan-CJK authority/not Korean-school authority/not visual inventory/not term spine/not sign rendering/not translation completion
uploader-transfer/interlanguage-fable-6034c6b4-current-frontier-authority-routing-20260707/INTERLANGUAGE_FABLE_6034C6B4_CURRENT_FRONTIER_AUTHORITY_ROUTING_20260707/source_artifacts/0458_05b796fe3e_PERSIANATE_TAJIK_761_SUBLANE_BOUNDARY_LEDGER_761BEC88.csv,A,uploader-transfer-package-context,4793,428C1BA4E9EF184376AE6E1C52574090271D0E8AD4355EF0387B5039FC6842EF,5,source-like/evidence-like packet artifact only; exact source-body rows still require manual source review before reviewer packet use,28019a34851454d37431f2c900c80b45ea90f23e,generated-draft/non-canonical/source-use/gap-support,generated-draft/non-canonical/source-use/gap support only; not native review/not accepted terminology/not approval/not community consent/not license clearance/not gate promotion/not source certification/not final status/not bridge-pilot/not CJK interlanguage bridge/not pan-CJK authority/not Korean-school authority/not visual inventory/not term spine/not sign rendering/not translation completion
uploader-transfer/interlanguage-fable-6034c6b4-current-frontier-authority-routing-20260707/INTERLANGUAGE_FABLE_6034C6B4_CURRENT_FRONTIER_AUTHORITY_ROUTING_20260707/source_artifacts/0459_f354333ced_PERSIANATE_TAJIK_761_SUBLANE_BOUNDARY_LEDGER_761BEC88.json,A,uploader-transfer-package-context,6192,EABA202592FD0D15D411A47DE72687C419732D4C662E45399383E08E3A3CA7EB,,source-like/evidence-like packet artifact only; exact source-body rows still require manual source review before reviewer packet use,28019a34851454d37431f2c900c80b45ea90f23e,generated-draft/non-canonical/source-use/gap-support,generated-draft/non-canonical/source-use/gap support only; not native review/not accepted terminology/not approval/not community consent/not license clearance/not gate promotion/not source certification/not final status/not bridge-pilot/not CJK interlanguage bridge/not pan-CJK authority/not Korean-school authority/not visual inventory/not term spine/not sign rendering/not translation completion
uploader-transfer/interlanguage-fable-6034c6b4-current-frontier-authority-routing-20260707/INTERLANGUAGE_FABLE_6034C6B4_CURRENT_FRONTIER_AUTHORITY_ROUTING_20260707/source_artifacts/0460_8f789120b5_README.md,A,uploader-transfer-package-context,1016,F6EB19A24D1FA61B805B06164AD45F8E8AB1FA1DB51E33AB242E79DA7673AEFC,,source-like/evidence-like packet artifact only; exact source-body rows still require manual source review before reviewer packet use,28019a34851454d37431f2c900c80b45ea90f23e,generated-draft/non-canonical/source-use/gap-support,generated-draft/non-canonical/source-use/gap support only; not native review/not accepted terminology/not approval/not community consent/not license clearance/not gate promotion/not source certification/not final status/not bridge-pilot/not CJK interlanguage bridge/not pan-CJK authority/not Korean-school authority/not visual inventory/not term spine/not sign rendering/not translation completion
uploader-transfer/interlanguage-fable-6034c6b4-current-frontier-authority-routing-20260707/INTERLANGUAGE_FABLE_6034C6B4_CURRENT_FRONTIER_AUTHORITY_ROUTING_20260707/source_artifacts/0461_7d94d9f7f9_SESSION_LOGBOOK_20260707.md,A,uploader-transfer-package-context,641,04A2C815BE406F162F543D23B333B963439CE4E0745A85387C6F123E0FF9F4B3,,source-like/evidence-like packet artifact only; exact source-body rows still require manual source review before reviewer packet use,28019a34851454d37431f2c900c80b45ea90f23e,generated-draft/non-canonical/source-use/gap-support,generated-draft/non-canonical/source-use/gap support only; not native review/not accepted terminology/not approval/not community consent/not license clearance/not gate promotion/not source certification/not final status/not bridge-pilot/not CJK interlanguage bridge/not pan-CJK authority/not Korean-school authority/not visual inventory/not term spine/not sign rendering/not translation completion
uploader-transfer/interlanguage-fable-6034c6b4-current-frontier-authority-routing-20260707/INTERLANGUAGE_FABLE_6034C6B4_CURRENT_FRONTIER_AUTHORITY_ROUTING_20260707/source_artifacts/0462_5897138315_SHA256SUMS.txt,A,uploader-transfer-package-context,2483,8B64D1D5222DBE48B8D858A5D674987EE86C3646FEEF8915F7BB13C303B72EEA,,source-like/evidence-like packet artifact only; exact source-body rows still require manual source review before reviewer packet use,28019a34851454d37431f2c900c80b45ea90f23e,generated-draft/non-canonical/source-use/gap-support,generated-draft/non-canonical/source-use/gap support only; not native review/not accepted terminology/not approval/not community consent/not license clearance/not gate promotion/not source certification/not final status/not bridge-pilot/not CJK interlanguage bridge/not pan-CJK authority/not Korean-school authority/not visual inventory/not term spine/not sign rendering/not translation completion
uploader-transfer/interlanguage-fable-6034c6b4-current-frontier-authority-routing-20260707/INTERLANGUAGE_FABLE_6034C6B4_CURRENT_FRONTIER_AUTHORITY_ROUTING_20260707/source_artifacts/0463_64c83be7a9_SOURCE_USE_ADVERSE_LOCAL_SIBLING_LEDGER_761BEC88.csv,A,uploader-transfer-package-context,12792,09D37B840BE49F6F00B3984EED993947127F21DC2F23319EC20082F4B89AEDE3,17,source-like/evidence-like packet artifact only; exact source-body rows still require manual source review before reviewer packet use,28019a34851454d37431f2c900c80b45ea90f23e,generated-draft/non-canonical/source-use/gap-support,generated-draft/non-canonical/source-use/gap support only; not native review/not accepted terminology/not approval/not community consent/not license clearance/not gate promotion/not source certification/not final status/not bridge-pilot/not CJK interlanguage bridge/not pan-CJK authority/not Korean-school authority/not visual inventory/not term spine/not sign rendering/not translation completion
uploader-transfer/interlanguage-fable-6034c6b4-current-frontier-authority-routing-20260707/INTERLANGUAGE_FABLE_6034C6B4_CURRENT_FRONTIER_AUTHORITY_ROUTING_20260707/source_artifacts/0464_71dc9b25dd_SOURCE_USE_ADVERSE_LOCAL_SIBLING_LEDGER_761BEC88.json,A,uploader-transfer-package-context,17015,7228051783A1A45613B0B663ACEC7818B637EF2B2BB35FF3F1D3773BEC188595,,source-like/evidence-like packet artifact only; exact source-body rows still require manual source review before reviewer packet use,28019a34851454d37431f2c900c80b45ea90f23e,generated-draft/non-canonical/source-use/gap-support,generated-draft/non-canonical/source-use/gap support only; not native review/not accepted terminology/not approval/not community consent/not license clearance/not gate promotion/not source certification/not final status/not bridge-pilot/not CJK interlanguage bridge/not pan-CJK authority/not Korean-school authority/not visual inventory/not term spine/not sign rendering/not translation completion
uploader-transfer/interlanguage-fable-6034c6b4-current-frontier-authority-routing-20260707/INTERLANGUAGE_FABLE_6034C6B4_CURRENT_FRONTIER_AUTHORITY_ROUTING_20260707/source_artifacts/0465_d53d309999_ADVERSE_EVIDENCE_STATUS_761BEC88.csv,A,uploader-transfer-package-context,1849,09BA6BCC50088C628FDD94306293C4A81D8627F3537C7700654CAB8417DB228F,5,source-like/evidence-like packet artifact only; exact source-body rows still require manual source review before reviewer packet use,28019a34851454d37431f2c900c80b45ea90f23e,generated-draft/non-canonical/source-use/gap-support,generated-draft/non-canonical/source-use/gap support only; not native review/not accepted terminology/not approval/not community consent/not license clearance/not gate promotion/not source certification/not final status/not bridge-pilot/not CJK interlanguage bridge/not pan-CJK authority/not Korean-school authority/not visual inventory/not term spine/not sign rendering/not translation completion
uploader-transfer/interlanguage-fable-6034c6b4-current-frontier-authority-routing-20260707/INTERLANGUAGE_FABLE_6034C6B4_CURRENT_FRONTIER_AUTHORITY_ROUTING_20260707/source_artifacts/0466_98edc72c37_AUTHORITY_BOUNDARY_STATUS_761BEC88.csv,A,uploader-transfer-package-context,1752,A6DDA1718299942DEFFAABD4B0966F58D855AFD768E73AF88BB123DE6D83EBBA,4,source-like/evidence-like packet artifact only; exact source-body rows still require manual source review before reviewer packet use,28019a34851454d37431f2c900c80b45ea90f23e,generated-draft/non-canonical/source-use/gap-support,generated-draft/non-canonical/source-use/gap support only; not native review/not accepted terminology/not approval/not community consent/not license clearance/not gate promotion/not source certification/not final status/not bridge-pilot/not CJK interlanguage bridge/not pan-CJK authority/not Korean-school authority/not visual inventory/not term spine/not sign rendering/not translation completion
uploader-transfer/interlanguage-fable-6034c6b4-current-frontier-authority-routing-20260707/INTERLANGUAGE_FABLE_6034C6B4_CURRENT_FRONTIER_AUTHORITY_ROUTING_20260707/source_artifacts/0467_5c1e070df5_B3_HANDOFF_PACKAGE_REFERENCES_761BEC88.csv,A,uploader-transfer-package-context,1472,4AFAF8A7FAD2ED47F17A3BE6D069CD35C2B582E48EB0DE8A09A23BB7AC72DBB4,4,source-like/evidence-like packet artifact only; exact source-body rows still require manual source review before reviewer packet use,28019a34851454d37431f2c900c80b45ea90f23e,generated-draft/non-canonical/source-use/gap-support,generated-draft/non-canonical/source-use/gap support only; not native review/not accepted terminology/not approval/not community consent/not license clearance/not gate promotion/not source certification/not final status/not bridge-pilot/not CJK interlanguage bridge/not pan-CJK authority/not Korean-school authority/not visual inventory/not term spine/not sign rendering/not translation completion
uploader-transfer/interlanguage-fable-6034c6b4-current-frontier-authority-routing-20260707/INTERLANGUAGE_FABLE_6034C6B4_CURRENT_FRONTIER_AUTHORITY_ROUTING_20260707/source_artifacts/0468_00324d5b54_FABLE_FORMAL_OBJECT_STATUS_761BEC88.csv,A,uploader-transfer-package-context,6273,2F8114627ECEA2A90544FE680499A103557A8685786B322BDF3458E2E46DEC9F,14,source-like/evidence-like packet artifact only; exact source-body rows still require manual source review before reviewer packet use,28019a34851454d37431f2c900c80b45ea90f23e,generated-draft/non-canonical/source-use/gap-support,generated-draft/non-canonical/source-use/gap support only; not native review/not accepted terminology/not approval/not community consent/not license clearance/not gate promotion/not source certification/not final status/not bridge-pilot/not CJK interlanguage bridge/not pan-CJK authority/not Korean-school authority/not visual inventory/not term spine/not sign rendering/not translation completion
uploader-transfer/interlanguage-fable-6034c6b4-current-frontier-authority-routing-20260707/INTERLANGUAGE_FABLE_6034C6B4_CURRENT_FRONTIER_AUTHORITY_ROUTING_20260707/source_artifacts/0469_8707a79f1d_HEARTBEAT_BLOCKER_RECOVERY_ROWS_761BEC88.csv,A,uploader-transfer-package-context,1433,C2F44B4F69B90DCC14DA027DCE7C2EF9A05C97794C6446BE6CD6FA19CCC13526,5,source-like/evidence-like packet artifact only; exact source-body rows still require manual source review before reviewer packet use,28019a34851454d37431f2c900c80b45ea90f23e,generated-draft/non-canonical/source-use/gap-support,generated-draft/non-canonical/source-use/gap support only; not native review/not accepted terminology/not approval/not community consent/not license clearance/not gate promotion/not source certification/not final status/not bridge-pilot/not CJK interlanguage bridge/not pan-CJK authority/not Korean-school authority/not visual inventory/not term spine/not sign rendering/not translation completion
uploader-transfer/interlanguage-fable-6034c6b4-current-frontier-authority-routing-20260707/INTERLANGUAGE_FABLE_6034C6B4_CURRENT_FRONTIER_AUTHORITY_ROUTING_20260707/source_artifacts/0470_bababe9027_LOGBOOK_EXCERPT.md,A,uploader-transfer-package-context,810,8BF202641DE6FBB35F4CA24710056336200594BCBF354A7605ABB879F568ABDB,,source-like/evidence-like packet artifact only; exact source-body rows still require manual source review before reviewer packet use,28019a34851454d37431f2c900c80b45ea90f23e,generated-draft/non-canonical/source-use/gap-support,generated-draft/non-canonical/source-use/gap support only; not native review/not accepted terminology/not approval/not community consent/not license clearance/not gate promotion/not source certification/not final status/not bridge-pilot/not CJK interlanguage bridge/not pan-CJK authority/not Korean-school authority/not visual inventory/not term spine/not sign rendering/not translation completion
uploader-transfer/interlanguage-fable-6034c6b4-current-frontier-authority-routing-20260707/INTERLANGUAGE_FABLE_6034C6B4_CURRENT_FRONTIER_AUTHORITY_ROUTING_20260707/source_artifacts/0471_6010c07503_MANIFEST.csv,A,uploader-transfer-package-context,2259,3466595A3494A311C22EB84A97B14AE26D6BA2C8C8664D87FD1496124A922879,12,source-like/evidence-like packet artifact only; exact source-body rows still require manual source review before reviewer packet use,28019a34851454d37431f2c900c80b45ea90f23e,generated-draft/non-canonical/source-use/gap-support,generated-draft/non-canonical/source-use/gap support only; not native review/not accepted terminology/not approval/not community consent/not license clearance/not gate promotion/not source certification/not final status/not bridge-pilot/not CJK interlanguage bridge/not pan-CJK authority/not Korean-school authority/not visual inventory/not term spine/not sign rendering/not translation completion
uploader-transfer/interlanguage-fable-6034c6b4-current-frontier-authority-routing-20260707/INTERLANGUAGE_FABLE_6034C6B4_CURRENT_FRONTIER_AUTHORITY_ROUTING_20260707/source_artifacts/0472_35b0c0e324_MUTUAL_WAKE_ACCOUNTING_761BEC88.csv,A,uploader-transfer-package-context,270,F2A5C379D5CC1BD12FE6C47B48D1420C23B363924920C0952D329C45C94465E0,1,source-like/evidence-like packet artifact only; exact source-body rows still require manual source review before reviewer packet use,28019a34851454d37431f2c900c80b45ea90f23e,generated-draft/non-canonical/source-use/gap-support,generated-draft/non-canonical/source-use/gap support only; not native review/not accepted terminology/not approval/not community consent/not license clearance/not gate promotion/not source certification/not final status/not bridge-pilot/not CJK interlanguage bridge/not pan-CJK authority/not Korean-school authority/not visual inventory/not term spine/not sign rendering/not translation completion
uploader-transfer/interlanguage-fable-6034c6b4-current-frontier-authority-routing-20260707/INTERLANGUAGE_FABLE_6034C6B4_CURRENT_FRONTIER_AUTHORITY_ROUTING_20260707/source_artifacts/0473_539ec96a63_PACKAGE_VALIDATION.json,A,uploader-transfer-package-context,869,EE242AF14AC0EB4B40B964C3FC8E65787157B0534DA6B38174384F73DB7E0D1E,,source-like/evidence-like packet artifact only; exact source-body rows still require manual source review before reviewer packet use,28019a34851454d37431f2c900c80b45ea90f23e,generated-draft/non-canonical/source-use/gap-support,generated-draft/non-canonical/source-use/gap support only; not native review/not accepted terminology/not approval/not community consent/not license clearance/not gate promotion/not source certification/not final status/not bridge-pilot/not CJK interlanguage bridge/not pan-CJK authority/not Korean-school authority/not visual inventory/not term spine/not sign rendering/not translation completion
uploader-transfer/interlanguage-fable-6034c6b4-current-frontier-authority-routing-20260707/INTERLANGUAGE_FABLE_6034C6B4_CURRENT_FRONTIER_AUTHORITY_ROUTING_20260707/source_artifacts/0474_cd9bc6d332_README.md,A,uploader-transfer-package-context,723,8949C883765E193FE197673C5A185CA9D8A864D8C089AE042CAF5ECAE31BDA55,,source-like/evidence-like packet artifact only; exact source-body rows still require manual source review before reviewer packet use,28019a34851454d37431f2c900c80b45ea90f23e,generated-draft/non-canonical/source-use/gap-support,generated-draft/non-canonical/source-use/gap support only; not native review/not accepted terminology/not approval/not community consent/not license clearance/not gate promotion/not source certification/not final status/not bridge-pilot/not CJK interlanguage bridge/not pan-CJK authority/not Korean-school authority/not visual inventory/not term spine/not sign rendering/not translation completion
uploader-transfer/interlanguage-fable-6034c6b4-current-frontier-authority-routing-20260707/INTERLANGUAGE_FABLE_6034C6B4_CURRENT_FRONTIER_AUTHORITY_ROUTING_20260707/source_artifacts/0475_4fbb4ddfe3_SHA256SUMS.txt,A,uploader-transfer-package-context,1320,6313C3B97BD53CDA14F660A9E0477B94646E21C29933B5B7CEFDCB5D44D36496,,source-like/evidence-like packet artifact only; exact source-body rows still require manual source review before reviewer packet use,28019a34851454d37431f2c900c80b45ea90f23e,generated-draft/non-canonical/source-use/gap-support,generated-draft/non-canonical/source-use/gap support only; not native review/not accepted terminology/not approval/not community consent/not license clearance/not gate promotion/not source certification/not final status/not bridge-pilot/not CJK interlanguage bridge/not pan-CJK authority/not Korean-school authority/not visual inventory/not term spine/not sign rendering/not translation completion
uploader-transfer/interlanguage-fable-6034c6b4-current-frontier-authority-routing-20260707/INTERLANGUAGE_FABLE_6034C6B4_CURRENT_FRONTIER_AUTHORITY_ROUTING_20260707/source_artifacts/0476_afa8b8afa8_SOURCE_GATED_RELATION_FUNCTION_ACTIONS_761BEC88.csv,A,uploader-transfer-package-context,6448,A842529D2F91A0A0D07AE3CC376BBC8034B1423E30AF6261B8AB010D82515CD3,16,source-like/evidence-like packet artifact only; exact source-body rows still require manual source review before reviewer packet use,28019a34851454d37431f2c900c80b45ea90f23e,generated-draft/non-canonical/source-use/gap-support,generated-draft/non-canonical/source-use/gap support only; not native review/not accepted terminology/not approval/not community consent/not license clearance/not gate promotion/not source certification/not final status/not bridge-pilot/not CJK interlanguage bridge/not pan-CJK authority/not Korean-school authority/not visual inventory/not term spine/not sign rendering/not translation completion
uploader-transfer/interlanguage-fable-6034c6b4-current-frontier-authority-routing-20260707/INTERLANGUAGE_FABLE_6034C6B4_CURRENT_FRONTIER_AUTHORITY_ROUTING_20260707/source_artifacts/0477_5e7f158b40_SOURCE_USE_CATEGORY_STATUS_761BEC88.csv,A,uploader-transfer-package-context,1502,CB734556746E394F6248FF8B2637875999CC997E2A6B608D80B1383627817CEE,5,source-like/evidence-like packet artifact only; exact source-body rows still require manual source review before reviewer packet use,28019a34851454d37431f2c900c80b45ea90f23e,generated-draft/non-canonical/source-use/gap-support,generated-draft/non-canonical/source-use/gap support only; not native review/not accepted terminology/not approval/not community consent/not license clearance/not gate promotion/not source certification/not final status/not bridge-pilot/not CJK interlanguage bridge/not pan-CJK authority/not Korean-school authority/not visual inventory/not term spine/not sign rendering/not translation completion
uploader-transfer/interlanguage-fable-6034c6b4-current-frontier-authority-routing-20260707/INTERLANGUAGE_FABLE_6034C6B4_CURRENT_FRONTIER_AUTHORITY_ROUTING_20260707/source_artifacts/0478_8be630d561_TOKEN_RESET_AND_BOUNDARY_RULES_761BEC88.csv,A,uploader-transfer-package-context,731,AD84A99A7ECEB549F33D49F270DB4F6F2AC7CB6089C78E5394123F227EF1CD80,4,source-like/evidence-like packet artifact only; exact source-body rows still require manual source review before reviewer packet use,28019a34851454d37431f2c900c80b45ea90f23e,generated-draft/non-canonical/source-use/gap-support,generated-draft/non-canonical/source-use/gap support only; not native review/not accepted terminology/not approval/not community consent/not license clearance/not gate promotion/not source certification/not final status/not bridge-pilot/not CJK interlanguage bridge/not pan-CJK authority/not Korean-school authority/not visual inventory/not term spine/not sign rendering/not translation completion
uploader-transfer/interlanguage-fable-6034c6b4-current-frontier-authority-routing-20260707/INTERLANGUAGE_FABLE_6034C6B4_CURRENT_FRONTIER_AUTHORITY_ROUTING_20260707/source_artifacts/0479_0656dd55f2_ZERO_CLAIM_LEDGER_761BEC88.csv,A,uploader-transfer-package-context,750,95AC0AC14A3245268FF419555E466C8EB0D94910785A5ABFA9B8791C0121450C,6,source-like/evidence-like packet artifact only; exact source-body rows still require manual source review before reviewer packet use,28019a34851454d37431f2c900c80b45ea90f23e,generated-draft/non-canonical/source-use/gap-support,generated-draft/non-canonical/source-use/gap support only; not native review/not accepted terminology/not approval/not community consent/not license clearance/not gate promotion/not source certification/not final status/not bridge-pilot/not CJK interlanguage bridge/not pan-CJK authority/not Korean-school authority/not visual inventory/not term spine/not sign rendering/not translation completion
uploader-transfer/interlanguage-fable-6034c6b4-current-frontier-authority-routing-20260707/INTERLANGUAGE_FABLE_6034C6B4_CURRENT_FRONTIER_AUTHORITY_ROUTING_20260707/source_artifacts/0480_d53d309999_ADVERSE_EVIDENCE_STATUS_761BEC88.csv,A,uploader-transfer-package-context,1849,09BA6BCC50088C628FDD94306293C4A81D8627F3537C7700654CAB8417DB228F,5,source-like/evidence-like packet artifact only; exact source-body rows still require manual source review before reviewer packet use,28019a34851454d37431f2c900c80b45ea90f23e,generated-draft/non-canonical/source-use/gap-support,generated-draft/non-canonical/source-use/gap support only; not native review/not accepted terminology/not approval/not community consent/not license clearance/not gate promotion/not source certification/not final status/not bridge-pilot/not CJK interlanguage bridge/not pan-CJK authority/not Korean-school authority/not visual inventory/not term spine/not sign rendering/not translation completion
uploader-transfer/interlanguage-fable-6034c6b4-current-frontier-authority-routing-20260707/INTERLANGUAGE_FABLE_6034C6B4_CURRENT_FRONTIER_AUTHORITY_ROUTING_20260707/source_artifacts/0481_98edc72c37_AUTHORITY_BOUNDARY_STATUS_761BEC88.csv,A,uploader-transfer-package-context,1752,A6DDA1718299942DEFFAABD4B0966F58D855AFD768E73AF88BB123DE6D83EBBA,4,source-like/evidence-like packet artifact only; exact source-body rows still require manual source review before reviewer packet use,28019a34851454d37431f2c900c80b45ea90f23e,generated-draft/non-canonical/source-use/gap-support,generated-draft/non-canonical/source-use/gap support only; not native review/not accepted terminology/not approval/not community consent/not license clearance/not gate promotion/not source certification/not final status/not bridge-pilot/not CJK interlanguage bridge/not pan-CJK authority/not Korean-school authority/not visual inventory/not term spine/not sign rendering/not translation completion
uploader-transfer/interlanguage-fable-6034c6b4-current-frontier-authority-routing-20260707/INTERLANGUAGE_FABLE_6034C6B4_CURRENT_FRONTIER_AUTHORITY_ROUTING_20260707/source_artifacts/0482_a783da60c5_B3_HANDOFF_PACKAGE_REFERENCES_761BEC88.csv,A,uploader-transfer-package-context,1483,A9F56F5BF9B6CDCDC90B35C2EFD27FA5A8B56CFCE66D1E4F984BCC11601451DC,4,source-like/evidence-like packet artifact only; exact source-body rows still require manual source review before reviewer packet use,28019a34851454d37431f2c900c80b45ea90f23e,generated-draft/non-canonical/source-use/gap-support,generated-draft/non-canonical/source-use/gap support only; not native review/not accepted terminology/not approval/not community consent/not license clearance/not gate promotion/not source certification/not final status/not bridge-pilot/not CJK interlanguage bridge/not pan-CJK authority/not Korean-school authority/not visual inventory/not term spine/not sign rendering/not translation completion
uploader-transfer/interlanguage-fable-6034c6b4-current-frontier-authority-routing-20260707/INTERLANGUAGE_FABLE_6034C6B4_CURRENT_FRONTIER_AUTHORITY_ROUTING_20260707/source_artifacts/0483_00324d5b54_FABLE_FORMAL_OBJECT_STATUS_761BEC88.csv,A,uploader-transfer-package-context,6273,2F8114627ECEA2A90544FE680499A103557A8685786B322BDF3458E2E46DEC9F,14,source-like/evidence-like packet artifact only; exact source-body rows still require manual source review before reviewer packet use,28019a34851454d37431f2c900c80b45ea90f23e,generated-draft/non-canonical/source-use/gap-support,generated-draft/non-canonical/source-use/gap support only; not native review/not accepted terminology/not approval/not community consent/not license clearance/not gate promotion/not source certification/not final status/not bridge-pilot/not CJK interlanguage bridge/not pan-CJK authority/not Korean-school authority/not visual inventory/not term spine/not sign rendering/not translation completion
uploader-transfer/interlanguage-fable-6034c6b4-current-frontier-authority-routing-20260707/INTERLANGUAGE_FABLE_6034C6B4_CURRENT_FRONTIER_AUTHORITY_ROUTING_20260707/source_artifacts/0484_8707a79f1d_HEARTBEAT_BLOCKER_RECOVERY_ROWS_761BEC88.csv,A,uploader-transfer-package-context,1433,C2F44B4F69B90DCC14DA027DCE7C2EF9A05C97794C6446BE6CD6FA19CCC13526,5,source-like/evidence-like packet artifact only; exact source-body rows still require manual source review before reviewer packet use,28019a34851454d37431f2c900c80b45ea90f23e,generated-draft/non-canonical/source-use/gap-support,generated-draft/non-canonical/source-use/gap support only; not native review/not accepted terminology/not approval/not community consent/not license clearance/not gate promotion/not source certification/not final status/not bridge-pilot/not CJK interlanguage bridge/not pan-CJK authority/not Korean-school authority/not visual inventory/not term spine/not sign rendering/not translation completion
uploader-transfer/interlanguage-fable-6034c6b4-current-frontier-authority-routing-20260707/INTERLANGUAGE_FABLE_6034C6B4_CURRENT_FRONTIER_AUTHORITY_ROUTING_20260707/source_artifacts/0485_279d1327c7_LOGBOOK_EXCERPT.md,A,uploader-transfer-package-context,814,EE87F7E7528F2EBBF859B22A0F645A0A20C6E372F6B519870ADBCE2FD4190F57,,source-like/evidence-like packet artifact only; exact source-body rows still require manual source review before reviewer packet use,28019a34851454d37431f2c900c80b45ea90f23e,generated-draft/non-canonical/source-use/gap-support,generated-draft/non-canonical/source-use/gap support only; not native review/not accepted terminology/not approval/not community consent/not license clearance/not gate promotion/not source certification/not final status/not bridge-pilot/not CJK interlanguage bridge/not pan-CJK authority/not Korean-school authority/not visual inventory/not term spine/not sign rendering/not translation completion
uploader-transfer/interlanguage-fable-6034c6b4-current-frontier-authority-routing-20260707/INTERLANGUAGE_FABLE_6034C6B4_CURRENT_FRONTIER_AUTHORITY_ROUTING_20260707/source_artifacts/0486_aab9ce9ea2_MANIFEST.csv,A,uploader-transfer-package-context,2259,A82461425B995CFC24247E9076AF6363A31D6814D6C7FFBFD937C5600F35DBC7,12,source-like/evidence-like packet artifact only; exact source-body rows still require manual source review before reviewer packet use,28019a34851454d37431f2c900c80b45ea90f23e,generated-draft/non-canonical/source-use/gap-support,generated-draft/non-canonical/source-use/gap support only; not native review/not accepted terminology/not approval/not community consent/not license clearance/not gate promotion/not source certification/not final status/not bridge-pilot/not CJK interlanguage bridge/not pan-CJK authority/not Korean-school authority/not visual inventory/not term spine/not sign rendering/not translation completion
uploader-transfer/interlanguage-fable-6034c6b4-current-frontier-authority-routing-20260707/INTERLANGUAGE_FABLE_6034C6B4_CURRENT_FRONTIER_AUTHORITY_ROUTING_20260707/source_artifacts/0487_35b0c0e324_MUTUAL_WAKE_ACCOUNTING_761BEC88.csv,A,uploader-transfer-package-context,270,F2A5C379D5CC1BD12FE6C47B48D1420C23B363924920C0952D329C45C94465E0,1,source-like/evidence-like packet artifact only; exact source-body rows still require manual source review before reviewer packet use,28019a34851454d37431f2c900c80b45ea90f23e,generated-draft/non-canonical/source-use/gap-support,generated-draft/non-canonical/source-use/gap support only; not native review/not accepted terminology/not approval/not community consent/not license clearance/not gate promotion/not source certification/not final status/not bridge-pilot/not CJK interlanguage bridge/not pan-CJK authority/not Korean-school authority/not visual inventory/not term spine/not sign rendering/not translation completion
uploader-transfer/interlanguage-fable-6034c6b4-current-frontier-authority-routing-20260707/INTERLANGUAGE_FABLE_6034C6B4_CURRENT_FRONTIER_AUTHORITY_ROUTING_20260707/source_artifacts/0488_d90d48c85e_PACKAGE_VALIDATION.json,A,uploader-transfer-package-context,867,E3FABEB8FC8955C90DC3B5E00A59F834C4E74541EC8174602AA867D5DBC37611,,source-like/evidence-like packet artifact only; exact source-body rows still require manual source review before reviewer packet use,28019a34851454d37431f2c900c80b45ea90f23e,generated-draft/non-canonical/source-use/gap-support,generated-draft/non-canonical/source-use/gap support only; not native review/not accepted terminology/not approval/not community consent/not license clearance/not gate promotion/not source certification/not final status/not bridge-pilot/not CJK interlanguage bridge/not pan-CJK authority/not Korean-school authority/not visual inventory/not term spine/not sign rendering/not translation completion
uploader-transfer/interlanguage-fable-6034c6b4-current-frontier-authority-routing-20260707/INTERLANGUAGE_FABLE_6034C6B4_CURRENT_FRONTIER_AUTHORITY_ROUTING_20260707/source_artifacts/0489_103f9e4ad1_README.md,A,uploader-transfer-package-context,723,B8D38DB5C230267766039B95B6E115AF8BA7F8D92FCF33D23B3F388555856D78,,source-like/evidence-like packet artifact only; exact source-body rows still require manual source review before reviewer packet use,28019a34851454d37431f2c900c80b45ea90f23e,generated-draft/non-canonical/source-use/gap-support,generated-draft/non-canonical/source-use/gap support only; not native review/not accepted terminology/not approval/not community consent/not license clearance/not gate promotion/not source certification/not final status/not bridge-pilot/not CJK interlanguage bridge/not pan-CJK authority/not Korean-school authority/not visual inventory/not term spine/not sign rendering/not translation completion
uploader-transfer/interlanguage-fable-6034c6b4-current-frontier-authority-routing-20260707/INTERLANGUAGE_FABLE_6034C6B4_CURRENT_FRONTIER_AUTHORITY_ROUTING_20260707/source_artifacts/0490_abdf204efa_SHA256SUMS.txt,A,uploader-transfer-package-context,1320,6B861B0587738B3C3C447A8922FB0643B4A6C28487ED0C8297AA2DBF1AF700C1,,source-like/evidence-like packet artifact only; exact source-body rows still require manual source review before reviewer packet use,28019a34851454d37431f2c900c80b45ea90f23e,generated-draft/non-canonical/source-use/gap-support,generated-draft/non-canonical/source-use/gap support only; not native review/not accepted terminology/not approval/not community consent/not license clearance/not gate promotion/not source certification/not final status/not bridge-pilot/not CJK interlanguage bridge/not pan-CJK authority/not Korean-school authority/not visual inventory/not term spine/not sign rendering/not translation completion
uploader-transfer/interlanguage-fable-6034c6b4-current-frontier-authority-routing-20260707/INTERLANGUAGE_FABLE_6034C6B4_CURRENT_FRONTIER_AUTHORITY_ROUTING_20260707/source_artifacts/0491_afa8b8afa8_SOURCE_GATED_RELATION_FUNCTION_ACTIONS_761BEC88.csv,A,uploader-transfer-package-context,6448,A842529D2F91A0A0D07AE3CC376BBC8034B1423E30AF6261B8AB010D82515CD3,16,source-like/evidence-like packet artifact only; exact source-body rows still require manual source review before reviewer packet use,28019a34851454d37431f2c900c80b45ea90f23e,generated-draft/non-canonical/source-use/gap-support,generated-draft/non-canonical/source-use/gap support only; not native review/not accepted terminology/not approval/not community consent/not license clearance/not gate promotion/not source certification/not final status/not bridge-pilot/not CJK interlanguage bridge/not pan-CJK authority/not Korean-school authority/not visual inventory/not term spine/not sign rendering/not translation completion
uploader-transfer/interlanguage-fable-6034c6b4-current-frontier-authority-routing-20260707/INTERLANGUAGE_FABLE_6034C6B4_CURRENT_FRONTIER_AUTHORITY_ROUTING_20260707/source_artifacts/0492_5e7f158b40_SOURCE_USE_CATEGORY_STATUS_761BEC88.csv,A,uploader-transfer-package-context,1502,CB734556746E394F6248FF8B2637875999CC997E2A6B608D80B1383627817CEE,5,source-like/evidence-like packet artifact only; exact source-body rows still require manual source review before reviewer packet use,28019a34851454d37431f2c900c80b45ea90f23e,generated-draft/non-canonical/source-use/gap-support,generated-draft/non-canonical/source-use/gap support only; not native review/not accepted terminology/not approval/not community consent/not license clearance/not gate promotion/not source certification/not final status/not bridge-pilot/not CJK interlanguage bridge/not pan-CJK authority/not Korean-school authority/not visual inventory/not term spine/not sign rendering/not translation completion
uploader-transfer/interlanguage-fable-6034c6b4-current-frontier-authority-routing-20260707/INTERLANGUAGE_FABLE_6034C6B4_CURRENT_FRONTIER_AUTHORITY_ROUTING_20260707/source_artifacts/0493_8be630d561_TOKEN_RESET_AND_BOUNDARY_RULES_761BEC88.csv,A,uploader-transfer-package-context,731,AD84A99A7ECEB549F33D49F270DB4F6F2AC7CB6089C78E5394123F227EF1CD80,4,source-like/evidence-like packet artifact only; exact source-body rows still require manual source review before reviewer packet use,28019a34851454d37431f2c900c80b45ea90f23e,generated-draft/non-canonical/source-use/gap-support,generated-draft/non-canonical/source-use/gap support only; not native review/not accepted terminology/not approval/not community consent/not license clearance/not gate promotion/not source certification/not final status/not bridge-pilot/not CJK interlanguage bridge/not pan-CJK authority/not Korean-school authority/not visual inventory/not term spine/not sign rendering/not translation completion
uploader-transfer/interlanguage-fable-6034c6b4-current-frontier-authority-routing-20260707/INTERLANGUAGE_FABLE_6034C6B4_CURRENT_FRONTIER_AUTHORITY_ROUTING_20260707/source_artifacts/0494_0656dd55f2_ZERO_CLAIM_LEDGER_761BEC88.csv,A,uploader-transfer-package-context,750,95AC0AC14A3245268FF419555E466C8EB0D94910785A5ABFA9B8791C0121450C,6,source-like/evidence-like packet artifact only; exact source-body rows still require manual source review before reviewer packet use,28019a34851454d37431f2c900c80b45ea90f23e,generated-draft/non-canonical/source-use/gap-support,generated-draft/non-canonical/source-use/gap support only; not native review/not accepted terminology/not approval/not community consent/not license clearance/not gate promotion/not source certification/not final status/not bridge-pilot/not CJK interlanguage bridge/not pan-CJK authority/not Korean-school authority/not visual inventory/not term spine/not sign rendering/not translation completion
uploader-transfer/interlanguage-fable-6034c6b4-current-frontier-authority-routing-20260707/INTERLANGUAGE_FABLE_6034C6B4_CURRENT_FRONTIER_AUTHORITY_ROUTING_20260707/source_artifacts/0495_d53d309999_ADVERSE_EVIDENCE_STATUS_761BEC88.csv,A,uploader-transfer-package-context,1849,09BA6BCC50088C628FDD94306293C4A81D8627F3537C7700654CAB8417DB228F,5,source-like/evidence-like packet artifact only; exact source-body rows still require manual source review before reviewer packet use,28019a34851454d37431f2c900c80b45ea90f23e,generated-draft/non-canonical/source-use/gap-support,generated-draft/non-canonical/source-use/gap support only; not native review/not accepted terminology/not approval/not community consent/not license clearance/not gate promotion/not source certification/not final status/not bridge-pilot/not CJK interlanguage bridge/not pan-CJK authority/not Korean-school authority/not visual inventory/not term spine/not sign rendering/not translation completion
uploader-transfer/interlanguage-fable-6034c6b4-current-frontier-authority-routing-20260707/INTERLANGUAGE_FABLE_6034C6B4_CURRENT_FRONTIER_AUTHORITY_ROUTING_20260707/source_artifacts/0496_98edc72c37_AUTHORITY_BOUNDARY_STATUS_761BEC88.csv,A,uploader-transfer-package-context,1752,A6DDA1718299942DEFFAABD4B0966F58D855AFD768E73AF88BB123DE6D83EBBA,4,source-like/evidence-like packet artifact only; exact source-body rows still require manual source review before reviewer packet use,28019a34851454d37431f2c900c80b45ea90f23e,generated-draft/non-canonical/source-use/gap-support,generated-draft/non-canonical/source-use/gap support only; not native review/not accepted terminology/not approval/not community consent/not license clearance/not gate promotion/not source certification/not final status/not bridge-pilot/not CJK interlanguage bridge/not pan-CJK authority/not Korean-school authority/not visual inventory/not term spine/not sign rendering/not translation completion
uploader-transfer/interlanguage-fable-6034c6b4-current-frontier-authority-routing-20260707/INTERLANGUAGE_FABLE_6034C6B4_CURRENT_FRONTIER_AUTHORITY_ROUTING_20260707/source_artifacts/0497_e775fc93e9_B3_HANDOFF_PACKAGE_REFERENCES_761BEC88.csv,A,uploader-transfer-package-context,1474,00726605E4088A98BB8C197C9C73EDD835CBAD4879E7D9944D92AAECE7C3E53E,4,source-like/evidence-like packet artifact only; exact source-body rows still require manual source review before reviewer packet use,28019a34851454d37431f2c900c80b45ea90f23e,generated-draft/non-canonical/source-use/gap-support,generated-draft/non-canonical/source-use/gap support only; not native review/not accepted terminology/not approval/not community consent/not license clearance/not gate promotion/not source certification/not final status/not bridge-pilot/not CJK interlanguage bridge/not pan-CJK authority/not Korean-school authority/not visual inventory/not term spine/not sign rendering/not translation completion
uploader-transfer/interlanguage-fable-6034c6b4-current-frontier-authority-routing-20260707/INTERLANGUAGE_FABLE_6034C6B4_CURRENT_FRONTIER_AUTHORITY_ROUTING_20260707/source_artifacts/0498_00324d5b54_FABLE_FORMAL_OBJECT_STATUS_761BEC88.csv,A,uploader-transfer-package-context,6273,2F8114627ECEA2A90544FE680499A103557A8685786B322BDF3458E2E46DEC9F,14,source-like/evidence-like packet artifact only; exact source-body rows still require manual source review before reviewer packet use,28019a34851454d37431f2c900c80b45ea90f23e,generated-draft/non-canonical/source-use/gap-support,generated-draft/non-canonical/source-use/gap support only; not native review/not accepted terminology/not approval/not community consent/not license clearance/not gate promotion/not source certification/not final status/not bridge-pilot/not CJK interlanguage bridge/not pan-CJK authority/not Korean-school authority/not visual inventory/not term spine/not sign rendering/not translation completion
uploader-transfer/interlanguage-fable-6034c6b4-current-frontier-authority-routing-20260707/INTERLANGUAGE_FABLE_6034C6B4_CURRENT_FRONTIER_AUTHORITY_ROUTING_20260707/source_artifacts/0499_8707a79f1d_HEARTBEAT_BLOCKER_RECOVERY_ROWS_761BEC88.csv,A,uploader-transfer-package-context,1433,C2F44B4F69B90DCC14DA027DCE7C2EF9A05C97794C6446BE6CD6FA19CCC13526,5,source-like/evidence-like packet artifact only; exact source-body rows still require manual source review before reviewer packet use,28019a34851454d37431f2c900c80b45ea90f23e,generated-draft/non-canonical/source-use/gap-support,generated-draft/non-canonical/source-use/gap support only; not native review/not accepted terminology/not approval/not community consent/not license clearance/not gate promotion/not source certification/not final status/not bridge-pilot/not CJK interlanguage bridge/not pan-CJK authority/not Korean-school authority/not visual inventory/not term spine/not sign rendering/not translation completion
uploader-transfer/interlanguage-fable-6034c6b4-current-frontier-authority-routing-20260707/INTERLANGUAGE_FABLE_6034C6B4_CURRENT_FRONTIER_AUTHORITY_ROUTING_20260707/source_artifacts/0500_be95ce95af_LOGBOOK_EXCERPT.md,A,uploader-transfer-package-context,837,5F7746293D66379F73982A0B6137C84B68356E0EC29F22311A4275229C858C6A,,source-like/evidence-like packet artifact only; exact source-body rows still require manual source review before reviewer packet use,28019a34851454d37431f2c900c80b45ea90f23e,generated-draft/non-canonical/source-use/gap-support,generated-draft/non-canonical/source-use/gap support only; not native review/not accepted terminology/not approval/not community consent/not license clearance/not gate promotion/not source certification/not final status/not bridge-pilot/not CJK interlanguage bridge/not pan-CJK authority/not Korean-school authority/not visual inventory/not term spine/not sign rendering/not translation completion
uploader-transfer/interlanguage-fable-6034c6b4-current-frontier-authority-routing-20260707/INTERLANGUAGE_FABLE_6034C6B4_CURRENT_FRONTIER_AUTHORITY_ROUTING_20260707/source_artifacts/0501_81ab5b6702_MANIFEST.csv,A,uploader-transfer-package-context,2259,882AFBCCB26FC66881506AC8DB73F4BF409F0A6ECED044259E3690942A615E30,12,source-like/evidence-like packet artifact only; exact source-body rows still require manual source review before reviewer packet use,28019a34851454d37431f2c900c80b45ea90f23e,generated-draft/non-canonical/source-use/gap-support,generated-draft/non-canonical/source-use/gap support only; not native review/not accepted terminology/not approval/not community consent/not license clearance/not gate promotion/not source certification/not final status/not bridge-pilot/not CJK interlanguage bridge/not pan-CJK authority/not Korean-school authority/not visual inventory/not term spine/not sign rendering/not translation completion
uploader-transfer/interlanguage-fable-6034c6b4-current-frontier-authority-routing-20260707/INTERLANGUAGE_FABLE_6034C6B4_CURRENT_FRONTIER_AUTHORITY_ROUTING_20260707/source_artifacts/0502_e158f3f705_MUTUAL_WAKE_ACCOUNTING_761BEC88.csv,A,uploader-transfer-package-context,270,0D76A18B2AF74C142439A51F1C8A1BFD217E342D5C5FBD6C1DDD9B1B5E26275F,1,source-like/evidence-like packet artifact only; exact source-body rows still require manual source review before reviewer packet use,28019a34851454d37431f2c900c80b45ea90f23e,generated-draft/non-canonical/source-use/gap-support,generated-draft/non-canonical/source-use/gap support only; not native review/not accepted terminology/not approval/not community consent/not license clearance/not gate promotion/not source certification/not final status/not bridge-pilot/not CJK interlanguage bridge/not pan-CJK authority/not Korean-school authority/not visual inventory/not term spine/not sign rendering/not translation completion
uploader-transfer/interlanguage-fable-6034c6b4-current-frontier-authority-routing-20260707/INTERLANGUAGE_FABLE_6034C6B4_CURRENT_FRONTIER_AUTHORITY_ROUTING_20260707/source_artifacts/0503_cbd71e83ad_PACKAGE_VALIDATION.json,A,uploader-transfer-package-context,877,EBEB722CCE1592FABB56EEE142CCB6DCBE9A96C9A19CA6360B103245F85F6B78,,source-like/evidence-like packet artifact only; exact source-body rows still require manual source review before reviewer packet use,28019a34851454d37431f2c900c80b45ea90f23e,generated-draft/non-canonical/source-use/gap-support,generated-draft/non-canonical/source-use/gap support only; not native review/not accepted terminology/not approval/not community consent/not license clearance/not gate promotion/not source certification/not final status/not bridge-pilot/not CJK interlanguage bridge/not pan-CJK authority/not Korean-school authority/not visual inventory/not term spine/not sign rendering/not translation completion
uploader-transfer/interlanguage-fable-6034c6b4-current-frontier-authority-routing-20260707/INTERLANGUAGE_FABLE_6034C6B4_CURRENT_FRONTIER_AUTHORITY_ROUTING_20260707/source_artifacts/0504_7dead79a94_README.md,A,uploader-transfer-package-context,723,023C1C460DBE2C2FB8C7638CB2898F961E5FFBE8CA7CA4515C687A41E10F4556,,source-like/evidence-like packet artifact only; exact source-body rows still require manual source review before reviewer packet use,28019a34851454d37431f2c900c80b45ea90f23e,generated-draft/non-canonical/source-use/gap-support,generated-draft/non-canonical/source-use/gap support only; not native review/not accepted terminology/not approval/not community consent/not license clearance/not gate promotion/not source certification/not final status/not bridge-pilot/not CJK interlanguage bridge/not pan-CJK authority/not Korean-school authority/not visual inventory/not term spine/not sign rendering/not translation completion
uploader-transfer/interlanguage-fable-6034c6b4-current-frontier-authority-routing-20260707/INTERLANGUAGE_FABLE_6034C6B4_CURRENT_FRONTIER_AUTHORITY_ROUTING_20260707/source_artifacts/0505_cd3e62dd97_SHA256SUMS.txt,A,uploader-transfer-package-context,1320,61F92A3872464E91615DA97D71E2B18603D2B249B4B4B15432B858EC81CF9E4A,,source-like/evidence-like packet artifact only; exact source-body rows still require manual source review before reviewer packet use,28019a34851454d37431f2c900c80b45ea90f23e,generated-draft/non-canonical/source-use/gap-support,generated-draft/non-canonical/source-use/gap support only; not native review/not accepted terminology/not approval/not community consent/not license clearance/not gate promotion/not source certification/not final status/not bridge-pilot/not CJK interlanguage bridge/not pan-CJK authority/not Korean-school authority/not visual inventory/not term spine/not sign rendering/not translation completion
uploader-transfer/interlanguage-fable-6034c6b4-current-frontier-authority-routing-20260707/INTERLANGUAGE_FABLE_6034C6B4_CURRENT_FRONTIER_AUTHORITY_ROUTING_20260707/source_artifacts/0506_afa8b8afa8_SOURCE_GATED_RELATION_FUNCTION_ACTIONS_761BEC88.csv,A,uploader-transfer-package-context,6448,A842529D2F91A0A0D07AE3CC376BBC8034B1423E30AF6261B8AB010D82515CD3,16,source-like/evidence-like packet artifact only; exact source-body rows still require manual source review before reviewer packet use,28019a34851454d37431f2c900c80b45ea90f23e,generated-draft/non-canonical/source-use/gap-support,generated-draft/non-canonical/source-use/gap support only; not native review/not accepted terminology/not approval/not community consent/not license clearance/not gate promotion/not source certification/not final status/not bridge-pilot/not CJK interlanguage bridge/not pan-CJK authority/not Korean-school authority/not visual inventory/not term spine/not sign rendering/not translation completion
uploader-transfer/interlanguage-fable-6034c6b4-current-frontier-authority-routing-20260707/INTERLANGUAGE_FABLE_6034C6B4_CURRENT_FRONTIER_AUTHORITY_ROUTING_20260707/source_artifacts/0507_5e7f158b40_SOURCE_USE_CATEGORY_STATUS_761BEC88.csv,A,uploader-transfer-package-context,1502,CB734556746E394F6248FF8B2637875999CC997E2A6B608D80B1383627817CEE,5,source-like/evidence-like packet artifact only; exact source-body rows still require manual source review before reviewer packet use,28019a34851454d37431f2c900c80b45ea90f23e,generated-draft/non-canonical/source-use/gap-support,generated-draft/non-canonical/source-use/gap support only; not native review/not accepted terminology/not approval/not community consent/not license clearance/not gate promotion/not source certification/not final status/not bridge-pilot/not CJK interlanguage bridge/not pan-CJK authority/not Korean-school authority/not visual inventory/not term spine/not sign rendering/not translation completion
uploader-transfer/interlanguage-fable-6034c6b4-current-frontier-authority-routing-20260707/INTERLANGUAGE_FABLE_6034C6B4_CURRENT_FRONTIER_AUTHORITY_ROUTING_20260707/source_artifacts/0508_8be630d561_TOKEN_RESET_AND_BOUNDARY_RULES_761BEC88.csv,A,uploader-transfer-package-context,731,AD84A99A7ECEB549F33D49F270DB4F6F2AC7CB6089C78E5394123F227EF1CD80,4,source-like/evidence-like packet artifact only; exact source-body rows still require manual source review before reviewer packet use,28019a34851454d37431f2c900c80b45ea90f23e,generated-draft/non-canonical/source-use/gap-support,generated-draft/non-canonical/source-use/gap support only; not native review/not accepted terminology/not approval/not community consent/not license clearance/not gate promotion/not source certification/not final status/not bridge-pilot/not CJK interlanguage bridge/not pan-CJK authority/not Korean-school authority/not visual inventory/not term spine/not sign rendering/not translation completion
uploader-transfer/interlanguage-fable-6034c6b4-current-frontier-authority-routing-20260707/INTERLANGUAGE_FABLE_6034C6B4_CURRENT_FRONTIER_AUTHORITY_ROUTING_20260707/source_artifacts/0509_0656dd55f2_ZERO_CLAIM_LEDGER_761BEC88.csv,A,uploader-transfer-package-context,750,95AC0AC14A3245268FF419555E466C8EB0D94910785A5ABFA9B8791C0121450C,6,source-like/evidence-like packet artifact only; exact source-body rows still require manual source review before reviewer packet use,28019a34851454d37431f2c900c80b45ea90f23e,generated-draft/non-canonical/source-use/gap-support,generated-draft/non-canonical/source-use/gap support only; not native review/not accepted terminology/not approval/not community consent/not license clearance/not gate promotion/not source certification/not final status/not bridge-pilot/not CJK interlanguage bridge/not pan-CJK authority/not Korean-school authority/not visual inventory/not term spine/not sign rendering/not translation completion
uploader-transfer/interlanguage-fable-6034c6b4-current-frontier-authority-routing-20260707/INTERLANGUAGE_FABLE_6034C6B4_CURRENT_FRONTIER_AUTHORITY_ROUTING_20260707/source_artifacts/0510_6ddbcb5cc9_BLOCKER_RECOVERY_ROWS_761BEC88.csv,A,uploader-transfer-package-context,1103,754E7D7860F5D060D429136AA58D1636859C85B57B9E88E2E680FB08D38E1FE7,4,source-like/evidence-like packet artifact only; exact source-body rows still require manual source review before reviewer packet use,28019a34851454d37431f2c900c80b45ea90f23e,generated-draft/non-canonical/source-use/gap-support,generated-draft/non-canonical/source-use/gap support only; not native review/not accepted terminology/not approval/not community consent/not license clearance/not gate promotion/not source certification/not final status/not bridge-pilot/not CJK interlanguage bridge/not pan-CJK authority/not Korean-school authority/not visual inventory/not term spine/not sign rendering/not translation completion
uploader-transfer/interlanguage-fable-6034c6b4-current-frontier-authority-routing-20260707/INTERLANGUAGE_FABLE_6034C6B4_CURRENT_FRONTIER_AUTHORITY_ROUTING_20260707/source_artifacts/0511_8a4277a66c_BRANCH_WEIGHT_MARGINAL_WITNESS_ROWS_761BEC88.csv,A,uploader-transfer-package-context,11887,45E9C77FA9ED250538C061561D09C4D9763B867CEA258AA9A77BF2100A7494BC,14,source-like/evidence-like packet artifact only; exact source-body rows still require manual source review before reviewer packet use,28019a34851454d37431f2c900c80b45ea90f23e,generated-draft/non-canonical/source-use/gap-support,generated-draft/non-canonical/source-use/gap support only; not native review/not accepted terminology/not approval/not community consent/not license clearance/not gate promotion/not source certification/not final status/not bridge-pilot/not CJK interlanguage bridge/not pan-CJK authority/not Korean-school authority/not visual inventory/not term spine/not sign rendering/not translation completion
uploader-transfer/interlanguage-fable-6034c6b4-current-frontier-authority-routing-20260707/INTERLANGUAGE_FABLE_6034C6B4_CURRENT_FRONTIER_AUTHORITY_ROUTING_20260707/source_artifacts/0512_47a84d4df8_DO_NOT_USE_ADVERSE_GUARD_ROWS_761BEC88.csv,A,uploader-transfer-package-context,3061,A444D463DAE0251029AFA9C2EBBED5D9125BA28374E5B140359F7FE79528E114,11,source-like/evidence-like packet artifact only; exact source-body rows still require manual source review before reviewer packet use,28019a34851454d37431f2c900c80b45ea90f23e,generated-draft/non-canonical/source-use/gap-support,generated-draft/non-canonical/source-use/gap support only; not native review/not accepted terminology/not approval/not community consent/not license clearance/not gate promotion/not source certification/not final status/not bridge-pilot/not CJK interlanguage bridge/not pan-CJK authority/not Korean-school authority/not visual inventory/not term spine/not sign rendering/not translation completion
uploader-transfer/interlanguage-fable-6034c6b4-current-frontier-authority-routing-20260707/INTERLANGUAGE_FABLE_6034C6B4_CURRENT_FRONTIER_AUTHORITY_ROUTING_20260707/source_artifacts/0513_3bb462cecd_FORMULA_CONTEXT_SUMMARY_SOURCE_761BEC88.csv,A,uploader-transfer-package-context,482,865DE8B4C922CE7A67C17392CC77560104297CE9527672195464FCFAB0BF39CA,5,source-like/evidence-like packet artifact only; exact source-body rows still require manual source review before reviewer packet use,28019a34851454d37431f2c900c80b45ea90f23e,generated-draft/non-canonical/source-use/gap-support,generated-draft/non-canonical/source-use/gap support only; not native review/not accepted terminology/not approval/not community consent/not license clearance/not gate promotion/not source certification/not final status/not bridge-pilot/not CJK interlanguage bridge/not pan-CJK authority/not Korean-school authority/not visual inventory/not term spine/not sign rendering/not translation completion
uploader-transfer/interlanguage-fable-6034c6b4-current-frontier-authority-routing-20260707/INTERLANGUAGE_FABLE_6034C6B4_CURRENT_FRONTIER_AUTHORITY_ROUTING_20260707/source_artifacts/0514_6446b96f42_FORMULA_NEIGHBORING_USAGE_NOTES_761BEC88.csv,A,uploader-transfer-package-context,3229,8060C29B44651137463EB4C06F974C295A7AFDBE752D7C0F5C663715E2FFBAC3,10,source-like/evidence-like packet artifact only; exact source-body rows still require manual source review before reviewer packet use,28019a34851454d37431f2c900c80b45ea90f23e,generated-draft/non-canonical/source-use/gap-support,generated-draft/non-canonical/source-use/gap support only; not native review/not accepted terminology/not approval/not community consent/not license clearance/not gate promotion/not source certification/not final status/not bridge-pilot/not CJK interlanguage bridge/not pan-CJK authority/not Korean-school authority/not visual inventory/not term spine/not sign rendering/not translation completion
uploader-transfer/interlanguage-fable-6034c6b4-current-frontier-authority-routing-20260707/INTERLANGUAGE_FABLE_6034C6B4_CURRENT_FRONTIER_AUTHORITY_ROUTING_20260707/source_artifacts/0515_59ed00d662_INTERLINEAR_SCAFFOLD_ROWS_761BEC88.csv,A,uploader-transfer-package-context,10476,933E50E7C36B1EB0596FE47A2F9A3FB6EF01166278737275FA6BD2361A226FCE,10,source-like/evidence-like packet artifact only; exact source-body rows still require manual source review before reviewer packet use,28019a34851454d37431f2c900c80b45ea90f23e,generated-draft/non-canonical/source-use/gap-support,generated-draft/non-canonical/source-use/gap support only; not native review/not accepted terminology/not approval/not community consent/not license clearance/not gate promotion/not source certification/not final status/not bridge-pilot/not CJK interlanguage bridge/not pan-CJK authority/not Korean-school authority/not visual inventory/not term spine/not sign rendering/not translation completion
uploader-transfer/interlanguage-fable-6034c6b4-current-frontier-authority-routing-20260707/INTERLANGUAGE_FABLE_6034C6B4_CURRENT_FRONTIER_AUTHORITY_ROUTING_20260707/source_artifacts/0516_23b920de82_LOGBOOK_EXCERPT.md,A,uploader-transfer-package-context,620,12DD35B9C703A3072E5B022C25ADE32A82155989639886244CC038F0E8D53A2A,,source-like/evidence-like packet artifact only; exact source-body rows still require manual source review before reviewer packet use,28019a34851454d37431f2c900c80b45ea90f23e,generated-draft/non-canonical/source-use/gap-support,generated-draft/non-canonical/source-use/gap support only; not native review/not accepted terminology/not approval/not community consent/not license clearance/not gate promotion/not source certification/not final status/not bridge-pilot/not CJK interlanguage bridge/not pan-CJK authority/not Korean-school authority/not visual inventory/not term spine/not sign rendering/not translation completion
uploader-transfer/interlanguage-fable-6034c6b4-current-frontier-authority-routing-20260707/INTERLANGUAGE_FABLE_6034C6B4_CURRENT_FRONTIER_AUTHORITY_ROUTING_20260707/source_artifacts/0517_c1db89d259_MANIFEST.csv,A,uploader-transfer-package-context,2193,03D9B89CB7D6DECC1F780ECB1B703EE5AACAA95DACBC394912B020C0D5AEB666,11,source-like/evidence-like packet artifact only; exact source-body rows still require manual source review before reviewer packet use,28019a34851454d37431f2c900c80b45ea90f23e,generated-draft/non-canonical/source-use/gap-support,generated-draft/non-canonical/source-use/gap support only; not native review/not accepted terminology/not approval/not community consent/not license clearance/not gate promotion/not source certification/not final status/not bridge-pilot/not CJK interlanguage bridge/not pan-CJK authority/not Korean-school authority/not visual inventory/not term spine/not sign rendering/not translation completion
uploader-transfer/interlanguage-fable-6034c6b4-current-frontier-authority-routing-20260707/INTERLANGUAGE_FABLE_6034C6B4_CURRENT_FRONTIER_AUTHORITY_ROUTING_20260707/source_artifacts/0518_f514be444d_PACKAGE_VALIDATION.json,A,uploader-transfer-package-context,876,46BDB07D4FD01B8FB8EB42129E086704606FA6750265018E619BEFA0AECD3FB5,,source-like/evidence-like packet artifact only; exact source-body rows still require manual source review before reviewer packet use,28019a34851454d37431f2c900c80b45ea90f23e,generated-draft/non-canonical/source-use/gap-support,generated-draft/non-canonical/source-use/gap support only; not native review/not accepted terminology/not approval/not community consent/not license clearance/not gate promotion/not source certification/not final status/not bridge-pilot/not CJK interlanguage bridge/not pan-CJK authority/not Korean-school authority/not visual inventory/not term spine/not sign rendering/not translation completion
uploader-transfer/interlanguage-fable-6034c6b4-current-frontier-authority-routing-20260707/INTERLANGUAGE_FABLE_6034C6B4_CURRENT_FRONTIER_AUTHORITY_ROUTING_20260707/source_artifacts/0519_a1ea1fe64a_README.md,A,uploader-transfer-package-context,809,33F287A14CF153CF0EAE9438AA175A7C0F1C0C46016AA1264294C6E40318C691,,source-like/evidence-like packet artifact only; exact source-body rows still require manual source review before reviewer packet use,28019a34851454d37431f2c900c80b45ea90f23e,generated-draft/non-canonical/source-use/gap-support,generated-draft/non-canonical/source-use/gap support only; not native review/not accepted terminology/not approval/not community consent/not license clearance/not gate promotion/not source certification/not final status/not bridge-pilot/not CJK interlanguage bridge/not pan-CJK authority/not Korean-school authority/not visual inventory/not term spine/not sign rendering/not translation completion
uploader-transfer/interlanguage-fable-6034c6b4-current-frontier-authority-routing-20260707/INTERLANGUAGE_FABLE_6034C6B4_CURRENT_FRONTIER_AUTHORITY_ROUTING_20260707/source_artifacts/0520_791c64b240_SHA256SUMS.txt,A,uploader-transfer-package-context,1220,09BB7698E2CFF1E386ED33A670EF870C6616B5910732C3A7E9D1A2D00477B84C,,source-like/evidence-like packet artifact only; exact source-body rows still require manual source review before reviewer packet use,28019a34851454d37431f2c900c80b45ea90f23e,generated-draft/non-canonical/source-use/gap-support,generated-draft/non-canonical/source-use/gap support only; not native review/not accepted terminology/not approval/not community consent/not license clearance/not gate promotion/not source certification/not final status/not bridge-pilot/not CJK interlanguage bridge/not pan-CJK authority/not Korean-school authority/not visual inventory/not term spine/not sign rendering/not translation completion
uploader-transfer/interlanguage-fable-6034c6b4-current-frontier-authority-routing-20260707/INTERLANGUAGE_FABLE_6034C6B4_CURRENT_FRONTIER_AUTHORITY_ROUTING_20260707/source_artifacts/0521_1ca795fbad_SOURCE_USE_BOUNDARY_ROWS_761BEC88.csv,A,uploader-transfer-package-context,1496,307D5A10F3343913308A0A06B2BBB9643F71A93B89FFC9DB48FAC9237271F542,5,source-like/evidence-like packet artifact only; exact source-body rows still require manual source review before reviewer packet use,28019a34851454d37431f2c900c80b45ea90f23e,generated-draft/non-canonical/source-use/gap-support,generated-draft/non-canonical/source-use/gap support only; not native review/not accepted terminology/not approval/not community consent/not license clearance/not gate promotion/not source certification/not final status/not bridge-pilot/not CJK interlanguage bridge/not pan-CJK authority/not Korean-school authority/not visual inventory/not term spine/not sign rendering/not translation completion
uploader-transfer/interlanguage-fable-6034c6b4-current-frontier-authority-routing-20260707/INTERLANGUAGE_FABLE_6034C6B4_CURRENT_FRONTIER_AUTHORITY_ROUTING_20260707/source_artifacts/0522_6d75a094c2_TERMINOLOGY_ALTERNATIVES_761BEC88.csv,A,uploader-transfer-package-context,11429,475F2CE1DF4670B9BC3F11BF79A5797EF103741DA5543504DA47062741D30C44,14,source-like/evidence-like packet artifact only; exact source-body rows still require manual source review before reviewer packet use,28019a34851454d37431f2c900c80b45ea90f23e,generated-draft/non-canonical/source-use/gap-support,generated-draft/non-canonical/source-use/gap support only; not native review/not accepted terminology/not approval/not community consent/not license clearance/not gate promotion/not source certification/not final status/not bridge-pilot/not CJK interlanguage bridge/not pan-CJK authority/not Korean-school authority/not visual inventory/not term spine/not sign rendering/not translation completion
uploader-transfer/interlanguage-fable-6034c6b4-current-frontier-authority-routing-20260707/INTERLANGUAGE_FABLE_6034C6B4_CURRENT_FRONTIER_AUTHORITY_ROUTING_20260707/source_artifacts/0523_94ccce6a09_ZERO_CLAIM_INTERLINEAR_LEDGER_761BEC88.csv,A,uploader-transfer-package-context,770,0123DE4D61C9A885F6F13DD4F089F4EFB0EC9D6916AE24E64879F1ACFBCE92B7,6,source-like/evidence-like packet artifact only; exact source-body rows still require manual source review before reviewer packet use,28019a34851454d37431f2c900c80b45ea90f23e,generated-draft/non-canonical/source-use/gap-support,generated-draft/non-canonical/source-use/gap support only; not native review/not accepted terminology/not approval/not community consent/not license clearance/not gate promotion/not source certification/not final status/not bridge-pilot/not CJK interlanguage bridge/not pan-CJK authority/not Korean-school authority/not visual inventory/not term spine/not sign rendering/not translation completion
uploader-transfer/interlanguage-fable-6034c6b4-current-frontier-authority-routing-20260707/INTERLANGUAGE_FABLE_6034C6B4_CURRENT_FRONTIER_AUTHORITY_ROUTING_20260707/source_artifacts/0524_6cce3e4fda_761BEC88_ADJACENT_ROUTE_CONTEXT_ROWS_20260707.csv,A,uploader-transfer-package-context,2697,2272D34EA79F100A61D8073A1ECF1125900AFF35B197855CC8720C4577D4D5A1,4,source-like/evidence-like packet artifact only; exact source-body rows still require manual source review before reviewer packet use,28019a34851454d37431f2c900c80b45ea90f23e,generated-draft/non-canonical/source-use/gap-support,generated-draft/non-canonical/source-use/gap support only; not native review/not accepted terminology/not approval/not community consent/not license clearance/not gate promotion/not source certification/not final status/not bridge-pilot/not CJK interlanguage bridge/not pan-CJK authority/not Korean-school authority/not visual inventory/not term spine/not sign rendering/not translation completion
uploader-transfer/interlanguage-fable-6034c6b4-current-frontier-authority-routing-20260707/INTERLANGUAGE_FABLE_6034C6B4_CURRENT_FRONTIER_AUTHORITY_ROUTING_20260707/source_artifacts/0525_5dfa7ce4d8_761BEC88_B3_HANDOFF_BOUNDARIES_20260707.csv,A,uploader-transfer-package-context,1830,59663E04D29F28B635B766F0D6375C2957D3B264BDB944FCDD93E089405A1D1A,4,source-like/evidence-like packet artifact only; exact source-body rows still require manual source review before reviewer packet use,28019a34851454d37431f2c900c80b45ea90f23e,generated-draft/non-canonical/source-use/gap-support,generated-draft/non-canonical/source-use/gap support only; not native review/not accepted terminology/not approval/not community consent/not license clearance/not gate promotion/not source certification/not final status/not bridge-pilot/not CJK interlanguage bridge/not pan-CJK authority/not Korean-school authority/not visual inventory/not term spine/not sign rendering/not translation completion
uploader-transfer/interlanguage-fable-6034c6b4-current-frontier-authority-routing-20260707/INTERLANGUAGE_FABLE_6034C6B4_CURRENT_FRONTIER_AUTHORITY_ROUTING_20260707/source_artifacts/0526_55b403d7c5_761BEC88_EXACT_BLOCKER_RECOVERY_ROWS_20260707.csv,A,uploader-transfer-package-context,3455,14ABBA56E65FD38E14F970DB5C83A7DD711519B8B8648F147FD03DFC033AD27F,8,source-like/evidence-like packet artifact only; exact source-body rows still require manual source review before reviewer packet use,28019a34851454d37431f2c900c80b45ea90f23e,generated-draft/non-canonical/source-use/gap-support,generated-draft/non-canonical/source-use/gap support only; not native review/not accepted terminology/not approval/not community consent/not license clearance/not gate promotion/not source certification/not final status/not bridge-pilot/not CJK interlanguage bridge/not pan-CJK authority/not Korean-school authority/not visual inventory/not term spine/not sign rendering/not translation completion
uploader-transfer/interlanguage-fable-6034c6b4-current-frontier-authority-routing-20260707/INTERLANGUAGE_FABLE_6034C6B4_CURRENT_FRONTIER_AUTHORITY_ROUTING_20260707/source_artifacts/0527_af0b40e51c_761BEC88_SAME_FRONTIER_DEDUP_RECOVERY_ROWS_20260707.csv,A,uploader-transfer-package-context,2520,48C8FC735C1FD8731E6A1E9AA9A69003207E538DBC8EC7A17340143CE66D6808,2,source-like/evidence-like packet artifact only; exact source-body rows still require manual source review before reviewer packet use,28019a34851454d37431f2c900c80b45ea90f23e,generated-draft/non-canonical/source-use/gap-support,generated-draft/non-canonical/source-use/gap support only; not native review/not accepted terminology/not approval/not community consent/not license clearance/not gate promotion/not source certification/not final status/not bridge-pilot/not CJK interlanguage bridge/not pan-CJK authority/not Korean-school authority/not visual inventory/not term spine/not sign rendering/not translation completion
uploader-transfer/interlanguage-fable-6034c6b4-current-frontier-authority-routing-20260707/INTERLANGUAGE_FABLE_6034C6B4_CURRENT_FRONTIER_AUTHORITY_ROUTING_20260707/source_artifacts/0528_66c29f79c7_761BEC88_SOURCE_USE_GAP_FABLE_ADVERSE_ROWS_20260707.csv,A,uploader-transfer-package-context,4040,3E8312EB8D64E013C63FE4F2D90B8321A9EBEBC91C36B7BD83225C13B32AD007,5,source-like/evidence-like packet artifact only; exact source-body rows still require manual source review before reviewer packet use,28019a34851454d37431f2c900c80b45ea90f23e,generated-draft/non-canonical/source-use/gap-support,generated-draft/non-canonical/source-use/gap support only; not native review/not accepted terminology/not approval/not community consent/not license clearance/not gate promotion/not source certification/not final status/not bridge-pilot/not CJK interlanguage bridge/not pan-CJK authority/not Korean-school authority/not visual inventory/not term spine/not sign rendering/not translation completion
uploader-transfer/interlanguage-fable-6034c6b4-current-frontier-authority-routing-20260707/INTERLANGUAGE_FABLE_6034C6B4_CURRENT_FRONTIER_AUTHORITY_ROUTING_20260707/source_artifacts/0529_8b664a223e_ACTIVE_SESSION_STATE.md,A,uploader-transfer-package-context,1333,A3617E729C77F915167F7D747A186E818E9DC741194C903D66AE3A137465578C,,source-like/evidence-like packet artifact only; exact source-body rows still require manual source review before reviewer packet use,28019a34851454d37431f2c900c80b45ea90f23e,generated-draft/non-canonical/source-use/gap-support,generated-draft/non-canonical/source-use/gap support only; not native review/not accepted terminology/not approval/not community consent/not license clearance/not gate promotion/not source certification/not final status/not bridge-pilot/not CJK interlanguage bridge/not pan-CJK authority/not Korean-school authority/not visual inventory/not term spine/not sign rendering/not translation completion
uploader-transfer/interlanguage-fable-6034c6b4-current-frontier-authority-routing-20260707/INTERLANGUAGE_FABLE_6034C6B4_CURRENT_FRONTIER_AUTHORITY_ROUTING_20260707/source_artifacts/0530_43942db6e7_B3_UPLOADER_READY_SUMMARY_761BEC88.csv,A,uploader-transfer-package-context,678,92FD5E4E1144F12BD9F21BA77953A704248BD779273222B980988D0AAC0E650F,1,source-like/evidence-like packet artifact only; exact source-body rows still require manual source review before reviewer packet use,28019a34851454d37431f2c900c80b45ea90f23e,generated-draft/non-canonical/source-use/gap-support,generated-draft/non-canonical/source-use/gap support only; not native review/not accepted terminology/not approval/not community consent/not license clearance/not gate promotion/not source certification/not final status/not bridge-pilot/not CJK interlanguage bridge/not pan-CJK authority/not Korean-school authority/not visual inventory/not term spine/not sign rendering/not translation completion
uploader-transfer/interlanguage-fable-6034c6b4-current-frontier-authority-routing-20260707/INTERLANGUAGE_FABLE_6034C6B4_CURRENT_FRONTIER_AUTHORITY_ROUTING_20260707/source_artifacts/0531_7272496c77_DRAFT_NONCANONICAL_PRETRANSLATION_INTERLINEAR_ROWS_761BEC88.csv,A,uploader-transfer-package-context,8694,241B2AC3F83FE3115B9BA96427C8BB773901331A90B14ED60F1895E6F9BFEBB9,9,source-like/evidence-like packet artifact only; exact source-body rows still require manual source review before reviewer packet use,28019a34851454d37431f2c900c80b45ea90f23e,generated-draft/non-canonical/source-use/gap-support,generated-draft/non-canonical/source-use/gap support only; not native review/not accepted terminology/not approval/not community consent/not license clearance/not gate promotion/not source certification/not final status/not bridge-pilot/not CJK interlanguage bridge/not pan-CJK authority/not Korean-school authority/not visual inventory/not term spine/not sign rendering/not translation completion
uploader-transfer/interlanguage-fable-6034c6b4-current-frontier-authority-routing-20260707/INTERLANGUAGE_FABLE_6034C6B4_CURRENT_FRONTIER_AUTHORITY_ROUTING_20260707/source_artifacts/0532_388300188b_EXACT_BLOCKERS_AND_RECOVERY_ROWS_761BEC88.csv,A,uploader-transfer-package-context,9543,2A0343B8F0356A2ED0131D32E81ADA2BFBC92DF26C10E169BA96922E2E539339,10,source-like/evidence-like packet artifact only; exact source-body rows still require manual source review before reviewer packet use,28019a34851454d37431f2c900c80b45ea90f23e,generated-draft/non-canonical/source-use/gap-support,generated-draft/non-canonical/source-use/gap support only; not native review/not accepted terminology/not approval/not community consent/not license clearance/not gate promotion/not source certification/not final status/not bridge-pilot/not CJK interlanguage bridge/not pan-CJK authority/not Korean-school authority/not visual inventory/not term spine/not sign rendering/not translation completion
uploader-transfer/interlanguage-fable-6034c6b4-current-frontier-authority-routing-20260707/INTERLANGUAGE_FABLE_6034C6B4_CURRENT_FRONTIER_AUTHORITY_ROUTING_20260707/source_artifacts/0533_318b3298e7_FABLE_FORMAL_OBJECT_CARRYFORWARD_761BEC88.csv,A,uploader-transfer-package-context,5921,0338ABAFA89F17354819781FAD56549BDFB6B0C8DCA10FFDA806696C92A393B0,11,source-like/evidence-like packet artifact only; exact source-body rows still require manual source review before reviewer packet use,28019a34851454d37431f2c900c80b45ea90f23e,generated-draft/non-canonical/source-use/gap-support,generated-draft/non-canonical/source-use/gap support only; not native review/not accepted terminology/not approval/not community consent/not license clearance/not gate promotion/not source certification/not final status/not bridge-pilot/not CJK interlanguage bridge/not pan-CJK authority/not Korean-school authority/not visual inventory/not term spine/not sign rendering/not translation completion
uploader-transfer/interlanguage-fable-6034c6b4-current-frontier-authority-routing-20260707/INTERLANGUAGE_FABLE_6034C6B4_CURRENT_FRONTIER_AUTHORITY_ROUTING_20260707/source_artifacts/0534_6c9ec3ef21_FABLE_REQUIREMENTS_ACKNOWLEDGED_20260707.md,A,uploader-transfer-package-context,1142,0BB088B2B5A7D5ED86B38FCC6D9B52392C54DBE920796FA2A14A34FBB9036228,,source-like/evidence-like packet artifact only; exact source-body rows still require manual source review before reviewer packet use,28019a34851454d37431f2c900c80b45ea90f23e,generated-draft/non-canonical/source-use/gap-support,generated-draft/non-canonical/source-use/gap support only; not native review/not accepted terminology/not approval/not community consent/not license clearance/not gate promotion/not source certification/not final status/not bridge-pilot/not CJK interlanguage bridge/not pan-CJK authority/not Korean-school authority/not visual inventory/not term spine/not sign rendering/not translation completion
uploader-transfer/interlanguage-fable-6034c6b4-current-frontier-authority-routing-20260707/INTERLANGUAGE_FABLE_6034C6B4_CURRENT_FRONTIER_AUTHORITY_ROUTING_20260707/source_artifacts/0535_32d1f3b9ba_FRONTIER_DELTA_761BEC88.csv,A,uploader-transfer-package-context,1575,BA13044084163C5875AF1A49827EFD44D5F9286D81B204FA2B84029EBD63B7EF,2,source-like/evidence-like packet artifact only; exact source-body rows still require manual source review before reviewer packet use,28019a34851454d37431f2c900c80b45ea90f23e,generated-draft/non-canonical/source-use/gap-support,generated-draft/non-canonical/source-use/gap support only; not native review/not accepted terminology/not approval/not community consent/not license clearance/not gate promotion/not source certification/not final status/not bridge-pilot/not CJK interlanguage bridge/not pan-CJK authority/not Korean-school authority/not visual inventory/not term spine/not sign rendering/not translation completion
uploader-transfer/interlanguage-fable-6034c6b4-current-frontier-authority-routing-20260707/INTERLANGUAGE_FABLE_6034C6B4_CURRENT_FRONTIER_AUTHORITY_ROUTING_20260707/source_artifacts/0536_5c506c5bd8_HEARTBEAT_20260707.md,A,uploader-transfer-package-context,1798,DD7332827ABAE3FF1B7A01D1D9B70702AC97DD8E541D896812DD136A678CB7E7,,source-like/evidence-like packet artifact only; exact source-body rows still require manual source review before reviewer packet use,28019a34851454d37431f2c900c80b45ea90f23e,generated-draft/non-canonical/source-use/gap-support,generated-draft/non-canonical/source-use/gap support only; not native review/not accepted terminology/not approval/not community consent/not license clearance/not gate promotion/not source certification/not final status/not bridge-pilot/not CJK interlanguage bridge/not pan-CJK authority/not Korean-school authority/not visual inventory/not term spine/not sign rendering/not translation completion
uploader-transfer/interlanguage-fable-6034c6b4-current-frontier-authority-routing-20260707/INTERLANGUAGE_FABLE_6034C6B4_CURRENT_FRONTIER_AUTHORITY_ROUTING_20260707/source_artifacts/0537_f3867f949b_MANIFEST.csv,A,uploader-transfer-package-context,5226,DD5ABABC3A6D95AE1773A8F1D8F278FFF9E66D657C9C60D2FE901F80FF389DFD,31,source-like/evidence-like packet artifact only; exact source-body rows still require manual source review before reviewer packet use,28019a34851454d37431f2c900c80b45ea90f23e,generated-draft/non-canonical/source-use/gap-support,generated-draft/non-canonical/source-use/gap support only; not native review/not accepted terminology/not approval/not community consent/not license clearance/not gate promotion/not source certification/not final status/not bridge-pilot/not CJK interlanguage bridge/not pan-CJK authority/not Korean-school authority/not visual inventory/not term spine/not sign rendering/not translation completion
uploader-transfer/interlanguage-fable-6034c6b4-current-frontier-authority-routing-20260707/INTERLANGUAGE_FABLE_6034C6B4_CURRENT_FRONTIER_AUTHORITY_ROUTING_20260707/source_artifacts/0538_748923eab0_README.md,A,uploader-transfer-package-context,2356,2DAFDF3F5851AD884768643BAFC2BA125D780872A82FC9C182462B48E8F76FF1,,source-like/evidence-like packet artifact only; exact source-body rows still require manual source review before reviewer packet use,28019a34851454d37431f2c900c80b45ea90f23e,generated-draft/non-canonical/source-use/gap-support,generated-draft/non-canonical/source-use/gap support only; not native review/not accepted terminology/not approval/not community consent/not license clearance/not gate promotion/not source certification/not final status/not bridge-pilot/not CJK interlanguage bridge/not pan-CJK authority/not Korean-school authority/not visual inventory/not term spine/not sign rendering/not translation completion
uploader-transfer/interlanguage-fable-6034c6b4-current-frontier-authority-routing-20260707/INTERLANGUAGE_FABLE_6034C6B4_CURRENT_FRONTIER_AUTHORITY_ROUTING_20260707/source_artifacts/0539_9e55a1aa2d_SESSION_LOGBOOK_20260707.md,A,uploader-transfer-package-context,1390,E2665CEFA7462ED2F9D5FE42AFB051A4F66610F888F1EBE8680BD07437600BC5,,source-like/evidence-like packet artifact only; exact source-body rows still require manual source review before reviewer packet use,28019a34851454d37431f2c900c80b45ea90f23e,generated-draft/non-canonical/source-use/gap-support,generated-draft/non-canonical/source-use/gap support only; not native review/not accepted terminology/not approval/not community consent/not license clearance/not gate promotion/not source certification/not final status/not bridge-pilot/not CJK interlanguage bridge/not pan-CJK authority/not Korean-school authority/not visual inventory/not term spine/not sign rendering/not translation completion
uploader-transfer/interlanguage-fable-6034c6b4-current-frontier-authority-routing-20260707/INTERLANGUAGE_FABLE_6034C6B4_CURRENT_FRONTIER_AUTHORITY_ROUTING_20260707/source_artifacts/0540_5dfa4ec2ea_SHA256SUMS.txt,A,uploader-transfer-package-context,3127,80B82FD4EBA23354D2720EA89658217769D9749504AD7B541BF703B52784E9CA,,source-like/evidence-like packet artifact only; exact source-body rows still require manual source review before reviewer packet use,28019a34851454d37431f2c900c80b45ea90f23e,generated-draft/non-canonical/source-use/gap-support,generated-draft/non-canonical/source-use/gap support only; not native review/not accepted terminology/not approval/not community consent/not license clearance/not gate promotion/not source certification/not final status/not bridge-pilot/not CJK interlanguage bridge/not pan-CJK authority/not Korean-school authority/not visual inventory/not term spine/not sign rendering/not translation completion
uploader-transfer/interlanguage-fable-6034c6b4-current-frontier-authority-routing-20260707/INTERLANGUAGE_FABLE_6034C6B4_CURRENT_FRONTIER_AUTHORITY_ROUTING_20260707/source_artifacts/0541_7eb09e32c1_SHA256_VERIFICATION_20260707.csv,A,uploader-transfer-package-context,5503,DAAFAFA031CBDBC31E1575EF45E6FAC5B07C2FFBE0ADC655439A49BC642C459F,31,source-like/evidence-like packet artifact only; exact source-body rows still require manual source review before reviewer packet use,28019a34851454d37431f2c900c80b45ea90f23e,generated-draft/non-canonical/source-use/gap-support,generated-draft/non-canonical/source-use/gap support only; not native review/not accepted terminology/not approval/not community consent/not license clearance/not gate promotion/not source certification/not final status/not bridge-pilot/not CJK interlanguage bridge/not pan-CJK authority/not Korean-school authority/not visual inventory/not term spine/not sign rendering/not translation completion
uploader-transfer/interlanguage-fable-6034c6b4-current-frontier-authority-routing-20260707/INTERLANGUAGE_FABLE_6034C6B4_CURRENT_FRONTIER_AUTHORITY_ROUTING_20260707/source_artifacts/0542_09fed0b7ac_SOURCE_USE_GAP_ADVERSE_FABLE_LEDGER_761BEC88.csv,A,uploader-transfer-package-context,4745,AF07934B00B0CA820FE1DCA61C15FAABE08517814BC687964A8C1E2C3DB5420F,5,source-like/evidence-like packet artifact only; exact source-body rows still require manual source review before reviewer packet use,28019a34851454d37431f2c900c80b45ea90f23e,generated-draft/non-canonical/source-use/gap-support,generated-draft/non-canonical/source-use/gap support only; not native review/not accepted terminology/not approval/not community consent/not license clearance/not gate promotion/not source certification/not final status/not bridge-pilot/not CJK interlanguage bridge/not pan-CJK authority/not Korean-school authority/not visual inventory/not term spine/not sign rendering/not translation completion
uploader-transfer/interlanguage-fable-6034c6b4-current-frontier-authority-routing-20260707/INTERLANGUAGE_FABLE_6034C6B4_CURRENT_FRONTIER_AUTHORITY_ROUTING_20260707/source_artifacts/0543_36e726d50e_SOURCE_WITNESS_SUBSET_BY_SUBLANE_761BEC88.csv,A,uploader-transfer-package-context,15878,B48D7B4333B83434FC385D1BFED9B0880DB5E7CE3ADEED1A349F8EB65B591F56,20,source-like/evidence-like packet artifact only; exact source-body rows still require manual source review before reviewer packet use,28019a34851454d37431f2c900c80b45ea90f23e,generated-draft/non-canonical/source-use/gap-support,generated-draft/non-canonical/source-use/gap support only; not native review/not accepted terminology/not approval/not community consent/not license clearance/not gate promotion/not source certification/not final status/not bridge-pilot/not CJK interlanguage bridge/not pan-CJK authority/not Korean-school authority/not visual inventory/not term spine/not sign rendering/not translation completion
uploader-transfer/interlanguage-fable-6034c6b4-current-frontier-authority-routing-20260707/INTERLANGUAGE_FABLE_6034C6B4_CURRENT_FRONTIER_AUTHORITY_ROUTING_20260707/source_artifacts/0544_b4fa6731d7_SUBLANE_SOURCE_CONTEXT_MANUAL_REVIEW_NOTES_761BEC88.csv,A,uploader-transfer-package-context,16956,946BB63C57CEA70DBA8B68FD0E9099BAB4CE77A6188F3243A1E67AF6EE9FC01A,14,source-like/evidence-like packet artifact only; exact source-body rows still require manual source review before reviewer packet use,28019a34851454d37431f2c900c80b45ea90f23e,generated-draft/non-canonical/source-use/gap-support,generated-draft/non-canonical/source-use/gap support only; not native review/not accepted terminology/not approval/not community consent/not license clearance/not gate promotion/not source certification/not final status/not bridge-pilot/not CJK interlanguage bridge/not pan-CJK authority/not Korean-school authority/not visual inventory/not term spine/not sign rendering/not translation completion
uploader-transfer/interlanguage-fable-6034c6b4-current-frontier-authority-routing-20260707/INTERLANGUAGE_FABLE_6034C6B4_CURRENT_FRONTIER_AUTHORITY_ROUTING_20260707/source_artifacts/0545_ff0adafc0a_SUMMARY_COUNTS_761BEC88.csv,A,uploader-transfer-package-context,827,413C08E8B52404B25A83139F4BF3BA56E08E6F380B54E68EF3B79E8BD409DD72,15,source-like/evidence-like packet artifact only; exact source-body rows still require manual source review before reviewer packet use,28019a34851454d37431f2c900c80b45ea90f23e,generated-draft/non-canonical/source-use/gap-support,generated-draft/non-canonical/source-use/gap support only; not native review/not accepted terminology/not approval/not community consent/not license clearance/not gate promotion/not source certification/not final status/not bridge-pilot/not CJK interlanguage bridge/not pan-CJK authority/not Korean-school authority/not visual inventory/not term spine/not sign rendering/not translation completion
uploader-transfer/interlanguage-fable-6034c6b4-current-frontier-authority-routing-20260707/INTERLANGUAGE_FABLE_6034C6B4_CURRENT_FRONTIER_AUTHORITY_ROUTING_20260707/source_artifacts/0546_6288a60e5b_TG_CYRL_TJ_SOURCE_DISCOVERY_ONLY_ROWS_761BEC88.csv,A,uploader-transfer-package-context,13261,6CCD081677382FE0D02A1A6BB1D480043ED87E8065279EC2FAF3631E08F0F5FD,12,source-like/evidence-like packet artifact only; exact source-body rows still require manual source review before reviewer packet use,28019a34851454d37431f2c900c80b45ea90f23e,generated-draft/non-canonical/source-use/gap-support,generated-draft/non-canonical/source-use/gap support only; not native review/not accepted terminology/not approval/not community consent/not license clearance/not gate promotion/not source certification/not final status/not bridge-pilot/not CJK interlanguage bridge/not pan-CJK authority/not Korean-school authority/not visual inventory/not term spine/not sign rendering/not translation completion
uploader-transfer/interlanguage-fable-6034c6b4-current-frontier-authority-routing-20260707/INTERLANGUAGE_FABLE_6034C6B4_CURRENT_FRONTIER_AUTHORITY_ROUTING_20260707/source_artifacts/0547_64680b5495_adverse_evidence.csv,A,uploader-transfer-package-context,1604,5A9EFBC1E398077B8C4D409B7206847EF4EA1BD0B824110D89899E60BFB145B0,7,source-like/evidence-like packet artifact only; exact source-body rows still require manual source review before reviewer packet use,28019a34851454d37431f2c900c80b45ea90f23e,generated-draft/non-canonical/source-use/gap-support,generated-draft/non-canonical/source-use/gap support only; not native review/not accepted terminology/not approval/not community consent/not license clearance/not gate promotion/not source certification/not final status/not bridge-pilot/not CJK interlanguage bridge/not pan-CJK authority/not Korean-school authority/not visual inventory/not term spine/not sign rendering/not translation completion
uploader-transfer/interlanguage-fable-6034c6b4-current-frontier-authority-routing-20260707/INTERLANGUAGE_FABLE_6034C6B4_CURRENT_FRONTIER_AUTHORITY_ROUTING_20260707/source_artifacts/0548_c491c02b74_branch_weight_ledger.csv,A,uploader-transfer-package-context,5502,C42D2DE54ACFCD4886043F4BD13B0084B449F0C223F65F285DA6A8DB2500524A,10,source-like/evidence-like packet artifact only; exact source-body rows still require manual source review before reviewer packet use,28019a34851454d37431f2c900c80b45ea90f23e,generated-draft/non-canonical/source-use/gap-support,generated-draft/non-canonical/source-use/gap support only; not native review/not accepted terminology/not approval/not community consent/not license clearance/not gate promotion/not source certification/not final status/not bridge-pilot/not CJK interlanguage bridge/not pan-CJK authority/not Korean-school authority/not visual inventory/not term spine/not sign rendering/not translation completion
uploader-transfer/interlanguage-fable-6034c6b4-current-frontier-authority-routing-20260707/INTERLANGUAGE_FABLE_6034C6B4_CURRENT_FRONTIER_AUTHORITY_ROUTING_20260707/source_artifacts/0549_3a66927376_do_not_use.csv,A,uploader-transfer-package-context,1913,43C2EF5560AF679008BD3F0523980607F263EF827B3572ACB8A20B73BE297675,8,source-like/evidence-like packet artifact only; exact source-body rows still require manual source review before reviewer packet use,28019a34851454d37431f2c900c80b45ea90f23e,generated-draft/non-canonical/source-use/gap-support,generated-draft/non-canonical/source-use/gap support only; not native review/not accepted terminology/not approval/not community consent/not license clearance/not gate promotion/not source certification/not final status/not bridge-pilot/not CJK interlanguage bridge/not pan-CJK authority/not Korean-school authority/not visual inventory/not term spine/not sign rendering/not translation completion
uploader-transfer/interlanguage-fable-6034c6b4-current-frontier-authority-routing-20260707/INTERLANGUAGE_FABLE_6034C6B4_CURRENT_FRONTIER_AUTHORITY_ROUTING_20260707/source_artifacts/0550_31140c01d4_forms.csv,A,uploader-transfer-package-context,10505,26022528EDA2D81EC547B04F34E3B68CDB30A746401BE44DC713A093F8D8A104,40,source-like/evidence-like packet artifact only; exact source-body rows still require manual source review before reviewer packet use,28019a34851454d37431f2c900c80b45ea90f23e,generated-draft/non-canonical/source-use/gap-support,generated-draft/non-canonical/source-use/gap support only; not native review/not accepted terminology/not approval/not community consent/not license clearance/not gate promotion/not source certification/not final status/not bridge-pilot/not CJK interlanguage bridge/not pan-CJK authority/not Korean-school authority/not visual inventory/not term spine/not sign rendering/not translation completion
uploader-transfer/interlanguage-fable-6034c6b4-current-frontier-authority-routing-20260707/INTERLANGUAGE_FABLE_6034C6B4_CURRENT_FRONTIER_AUTHORITY_ROUTING_20260707/source_artifacts/0551_44e9a9a767_languages.csv,A,uploader-transfer-package-context,1507,4DF41260B0318483B6960924F7F2A5356A2EA356C734C90FE51530039A18B57C,5,source-like/evidence-like packet artifact only; exact source-body rows still require manual source review before reviewer packet use,28019a34851454d37431f2c900c80b45ea90f23e,generated-draft/non-canonical/source-use/gap-support,generated-draft/non-canonical/source-use/gap support only; not native review/not accepted terminology/not approval/not community consent/not license clearance/not gate promotion/not source certification/not final status/not bridge-pilot/not CJK interlanguage bridge/not pan-CJK authority/not Korean-school authority/not visual inventory/not term spine/not sign rendering/not translation completion
uploader-transfer/interlanguage-fable-6034c6b4-current-frontier-authority-routing-20260707/INTERLANGUAGE_FABLE_6034C6B4_CURRENT_FRONTIER_AUTHORITY_ROUTING_20260707/source_artifacts/0552_12ce3bff50_lexemes.jsonl,A,uploader-transfer-package-context,2437,009670AE69EE28C5005C6C534869C55F6F327F0E8ADBA6F275648089661DA0B2,,source-like/evidence-like packet artifact only; exact source-body rows still require manual source review before reviewer packet use,28019a34851454d37431f2c900c80b45ea90f23e,generated-draft/non-canonical/source-use/gap-support,generated-draft/non-canonical/source-use/gap support only; not native review/not accepted terminology/not approval/not community consent/not license clearance/not gate promotion/not source certification/not final status/not bridge-pilot/not CJK interlanguage bridge/not pan-CJK authority/not Korean-school authority/not visual inventory/not term spine/not sign rendering/not translation completion
uploader-transfer/interlanguage-fable-6034c6b4-current-frontier-authority-routing-20260707/INTERLANGUAGE_FABLE_6034C6B4_CURRENT_FRONTIER_AUTHORITY_ROUTING_20260707/source_artifacts/0553_124b9085a0_marginal_intelligibility.csv,A,uploader-transfer-package-context,4167,1B32510E55639EBD172C6ECF935F867A2B1EE29E0A79C94802B4A45898907C4B,10,source-like/evidence-like packet artifact only; exact source-body rows still require manual source review before reviewer packet use,28019a34851454d37431f2c900c80b45ea90f23e,generated-draft/non-canonical/source-use/gap-support,generated-draft/non-canonical/source-use/gap support only; not native review/not accepted terminology/not approval/not community consent/not license clearance/not gate promotion/not source certification/not final status/not bridge-pilot/not CJK interlanguage bridge/not pan-CJK authority/not Korean-school authority/not visual inventory/not term spine/not sign rendering/not translation completion
uploader-transfer/interlanguage-fable-6034c6b4-current-frontier-authority-routing-20260707/INTERLANGUAGE_FABLE_6034C6B4_CURRENT_FRONTIER_AUTHORITY_ROUTING_20260707/source_artifacts/0554_36cdbda24b_rules_acknowledgement.md,A,uploader-transfer-package-context,4655,B5EDED5064EC24B97118B227A4CAA39E5B2C6D7542B0573B02E43EAE3C3C2D20,,source-like/evidence-like packet artifact only; exact source-body rows still require manual source review before reviewer packet use,28019a34851454d37431f2c900c80b45ea90f23e,generated-draft/non-canonical/source-use/gap-support,generated-draft/non-canonical/source-use/gap support only; not native review/not accepted terminology/not approval/not community consent/not license clearance/not gate promotion/not source certification/not final status/not bridge-pilot/not CJK interlanguage bridge/not pan-CJK authority/not Korean-school authority/not visual inventory/not term spine/not sign rendering/not translation completion
uploader-transfer/interlanguage-fable-6034c6b4-current-frontier-authority-routing-20260707/INTERLANGUAGE_FABLE_6034C6B4_CURRENT_FRONTIER_AUTHORITY_ROUTING_20260707/source_artifacts/0555_14980b4aac_source_documents.csv,A,uploader-transfer-package-context,63239,479336F2D88A42D261972068E75A2BA388293F370CF6CE7D0ED5DFA7968B4A13,73,source-like/evidence-like packet artifact only; exact source-body rows still require manual source review before reviewer packet use,28019a34851454d37431f2c900c80b45ea90f23e,generated-draft/non-canonical/source-use/gap-support,generated-draft/non-canonical/source-use/gap support only; not native review/not accepted terminology/not approval/not community consent/not license clearance/not gate promotion/not source certification/not final status/not bridge-pilot/not CJK interlanguage bridge/not pan-CJK authority/not Korean-school authority/not visual inventory/not term spine/not sign rendering/not translation completion
uploader-transfer/interlanguage-fable-6034c6b4-current-frontier-authority-routing-20260707/INTERLANGUAGE_FABLE_6034C6B4_CURRENT_FRONTIER_AUTHORITY_ROUTING_20260707/source_artifacts/0556_796bf43d26_source_use_ledger.csv,A,uploader-transfer-package-context,3981,2E3A5E84E666F24B435C03153A5ED72BE55C4CA5F774998FD6460AE3F68DCFAB,20,source-like/evidence-like packet artifact only; exact source-body rows still require manual source review before reviewer packet use,28019a34851454d37431f2c900c80b45ea90f23e,generated-draft/non-canonical/source-use/gap-support,generated-draft/non-canonical/source-use/gap support only; not native review/not accepted terminology/not approval/not community consent/not license clearance/not gate promotion/not source certification/not final status/not bridge-pilot/not CJK interlanguage bridge/not pan-CJK authority/not Korean-school authority/not visual inventory/not term spine/not sign rendering/not translation completion
uploader-transfer/interlanguage-fable-6034c6b4-current-frontier-authority-routing-20260707/INTERLANGUAGE_FABLE_6034C6B4_CURRENT_FRONTIER_AUTHORITY_ROUTING_20260707/source_artifacts/0557_06fd2ec888_word_weights.csv,A,uploader-transfer-package-context,4098,C79A02E76F4ADB30EFDB628E101EE17841E88CB51E79694256A64A872C65F757,10,source-like/evidence-like packet artifact only; exact source-body rows still require manual source review before reviewer packet use,28019a34851454d37431f2c900c80b45ea90f23e,generated-draft/non-canonical/source-use/gap-support,generated-draft/non-canonical/source-use/gap support only; not native review/not accepted terminology/not approval/not community consent/not license clearance/not gate promotion/not source certification/not final status/not bridge-pilot/not CJK interlanguage bridge/not pan-CJK authority/not Korean-school authority/not visual inventory/not term spine/not sign rendering/not translation completion
uploader-transfer/interlanguage-fable-6034c6b4-current-frontier-authority-routing-20260707/INTERLANGUAGE_FABLE_6034C6B4_CURRENT_FRONTIER_AUTHORITY_ROUTING_20260707/source_artifacts/0558_84adea00e3_761BEC88_B3_HANDOFF_BOUNDARIES_20260707.csv,A,uploader-transfer-package-context,948,7A6A759D924A422550B7249DE328540A22D70A2B3ED1BCF5FD990287E48C7A3E,2,source-like/evidence-like packet artifact only; exact source-body rows still require manual source review before reviewer packet use,28019a34851454d37431f2c900c80b45ea90f23e,generated-draft/non-canonical/source-use/gap-support,generated-draft/non-canonical/source-use/gap support only; not native review/not accepted terminology/not approval/not community consent/not license clearance/not gate promotion/not source certification/not final status/not bridge-pilot/not CJK interlanguage bridge/not pan-CJK authority/not Korean-school authority/not visual inventory/not term spine/not sign rendering/not translation completion
uploader-transfer/interlanguage-fable-6034c6b4-current-frontier-authority-routing-20260707/INTERLANGUAGE_FABLE_6034C6B4_CURRENT_FRONTIER_AUTHORITY_ROUTING_20260707/source_artifacts/0559_376c21f28a_761BEC88_EXACT_BLOCKER_RECOVERY_ROWS_20260707.csv,A,uploader-transfer-package-context,2762,6CEBAA3BC30D5E06296FE339A71AB744B2511B501DD00E9ADFADD84C5C69964B,5,source-like/evidence-like packet artifact only; exact source-body rows still require manual source review before reviewer packet use,28019a34851454d37431f2c900c80b45ea90f23e,generated-draft/non-canonical/source-use/gap-support,generated-draft/non-canonical/source-use/gap support only; not native review/not accepted terminology/not approval/not community consent/not license clearance/not gate promotion/not source certification/not final status/not bridge-pilot/not CJK interlanguage bridge/not pan-CJK authority/not Korean-school authority/not visual inventory/not term spine/not sign rendering/not translation completion
uploader-transfer/interlanguage-fable-6034c6b4-current-frontier-authority-routing-20260707/INTERLANGUAGE_FABLE_6034C6B4_CURRENT_FRONTIER_AUTHORITY_ROUTING_20260707/source_artifacts/0560_5a32ad1644_761BEC88_README_LOGBOOK_STATE_ADDENDUM_20260707.md,A,uploader-transfer-package-context,1638,ACF09CE769FDC42A45376E5B9D85A570EEB3B61E64C2A36F764F44818740CFDA,,source-like/evidence-like packet artifact only; exact source-body rows still require manual source review before reviewer packet use,28019a34851454d37431f2c900c80b45ea90f23e,generated-draft/non-canonical/source-use/gap-support,generated-draft/non-canonical/source-use/gap support only; not native review/not accepted terminology/not approval/not community consent/not license clearance/not gate promotion/not source certification/not final status/not bridge-pilot/not CJK interlanguage bridge/not pan-CJK authority/not Korean-school authority/not visual inventory/not term spine/not sign rendering/not translation completion
uploader-transfer/interlanguage-fable-6034c6b4-current-frontier-authority-routing-20260707/INTERLANGUAGE_FABLE_6034C6B4_CURRENT_FRONTIER_AUTHORITY_ROUTING_20260707/source_artifacts/0561_dbbc5daf25_761BEC88_SAME_FRONTIER_B3_DEDUP_RECOVERY_20260707.csv,A,uploader-transfer-package-context,4694,91B8751F3F83FB5E4A94071B61314DDE16E11E3C2568C18915DDBB6E818FFECD,4,source-like/evidence-like packet artifact only; exact source-body rows still require manual source review before reviewer packet use,28019a34851454d37431f2c900c80b45ea90f23e,generated-draft/non-canonical/source-use/gap-support,generated-draft/non-canonical/source-use/gap support only; not native review/not accepted terminology/not approval/not community consent/not license clearance/not gate promotion/not source certification/not final status/not bridge-pilot/not CJK interlanguage bridge/not pan-CJK authority/not Korean-school authority/not visual inventory/not term spine/not sign rendering/not translation completion
uploader-transfer/interlanguage-fable-6034c6b4-current-frontier-authority-routing-20260707/INTERLANGUAGE_FABLE_6034C6B4_CURRENT_FRONTIER_AUTHORITY_ROUTING_20260707/source_artifacts/0562_daf23edcf4_761BEC88_SAME_FRONTIER_B3_DEDUP_STATE_20260707.md,A,uploader-transfer-package-context,1788,5710A2D0D1070F447CA0181E1E625B3EB6E3FD93BEF4EECD5DB2FA78140EEFD7,,source-like/evidence-like packet artifact only; exact source-body rows still require manual source review before reviewer packet use,28019a34851454d37431f2c900c80b45ea90f23e,generated-draft/non-canonical/source-use/gap-support,generated-draft/non-canonical/source-use/gap support only; not native review/not accepted terminology/not approval/not community consent/not license clearance/not gate promotion/not source certification/not final status/not bridge-pilot/not CJK interlanguage bridge/not pan-CJK authority/not Korean-school authority/not visual inventory/not term spine/not sign rendering/not translation completion
uploader-transfer/interlanguage-fable-6034c6b4-current-frontier-authority-routing-20260707/INTERLANGUAGE_FABLE_6034C6B4_CURRENT_FRONTIER_AUTHORITY_ROUTING_20260707/source_artifacts/0563_9a51006c85_761BEC88_SOURCE_USE_GAP_FABLE_ADVERSE_ROWS_20260707.csv,A,uploader-transfer-package-context,2985,D91BB5E1422F60DB82B30AD34B7F3247926175DFBDC66034699184C387A233CB,3,source-like/evidence-like packet artifact only; exact source-body rows still require manual source review before reviewer packet use,28019a34851454d37431f2c900c80b45ea90f23e,generated-draft/non-canonical/source-use/gap-support,generated-draft/non-canonical/source-use/gap support only; not native review/not accepted terminology/not approval/not community consent/not license clearance/not gate promotion/not source certification/not final status/not bridge-pilot/not CJK interlanguage bridge/not pan-CJK authority/not Korean-school authority/not visual inventory/not term spine/not sign rendering/not translation completion
uploader-transfer/interlanguage-fable-6034c6b4-current-frontier-authority-routing-20260707/INTERLANGUAGE_FABLE_6034C6B4_CURRENT_FRONTIER_AUTHORITY_ROUTING_20260707/source_artifacts/0564_018af22dee_761BEC88_STALE_4065_WAKE_AND_BRANCH_DELTA_ROWS_20260707.csv,A,uploader-transfer-package-context,1091,1B2443713404214052ECDF41E3429358FC30F8542151C12010372221D3BCD772,2,source-like/evidence-like packet artifact only; exact source-body rows still require manual source review before reviewer packet use,28019a34851454d37431f2c900c80b45ea90f23e,generated-draft/non-canonical/source-use/gap-support,generated-draft/non-canonical/source-use/gap support only; not native review/not accepted terminology/not approval/not community consent/not license clearance/not gate promotion/not source certification/not final status/not bridge-pilot/not CJK interlanguage bridge/not pan-CJK authority/not Korean-school authority/not visual inventory/not term spine/not sign rendering/not translation completion
uploader-transfer/interlanguage-fable-6034c6b4-current-frontier-authority-routing-20260707/INTERLANGUAGE_FABLE_6034C6B4_CURRENT_FRONTIER_AUTHORITY_ROUTING_20260707/source_artifacts/0565_a44492a17a_761BEC88_VISIBLE_SIBLING_WAKE_FOLLOWUP_20260707.csv,A,uploader-transfer-package-context,1265,505532AC9BFF3426C65D1C2D19EC30E8AAD4E13C2BFFCB6F27139CDBE2C4C9DF,3,source-like/evidence-like packet artifact only; exact source-body rows still require manual source review before reviewer packet use,28019a34851454d37431f2c900c80b45ea90f23e,generated-draft/non-canonical/source-use/gap-support,generated-draft/non-canonical/source-use/gap support only; not native review/not accepted terminology/not approval/not community consent/not license clearance/not gate promotion/not source certification/not final status/not bridge-pilot/not CJK interlanguage bridge/not pan-CJK authority/not Korean-school authority/not visual inventory/not term spine/not sign rendering/not translation completion
uploader-transfer/interlanguage-fable-6034c6b4-current-frontier-authority-routing-20260707/INTERLANGUAGE_FABLE_6034C6B4_CURRENT_FRONTIER_AUTHORITY_ROUTING_20260707/source_artifacts/0566_ab1e67de7b_ACTIVE_SESSION_STATE.md,A,uploader-transfer-package-context,1275,A4E3D4B280E99681A0441BEC642FEB0BB3FB83C2349908DF35ABBCBD101C36C4,,source-like/evidence-like packet artifact only; exact source-body rows still require manual source review before reviewer packet use,28019a34851454d37431f2c900c80b45ea90f23e,generated-draft/non-canonical/source-use/gap-support,generated-draft/non-canonical/source-use/gap support only; not native review/not accepted terminology/not approval/not community consent/not license clearance/not gate promotion/not source certification/not final status/not bridge-pilot/not CJK interlanguage bridge/not pan-CJK authority/not Korean-school authority/not visual inventory/not term spine/not sign rendering/not translation completion
uploader-transfer/interlanguage-fable-6034c6b4-current-frontier-authority-routing-20260707/INTERLANGUAGE_FABLE_6034C6B4_CURRENT_FRONTIER_AUTHORITY_ROUTING_20260707/source_artifacts/0567_0b86595381_B3_UPLOADER_READY_SUMMARY.csv,A,uploader-transfer-package-context,1394,7F9C0D021C3523DAA09F0265642D8358FDF0023ED18E7CB940C199F444605F82,1,source-like/evidence-like packet artifact only; exact source-body rows still require manual source review before reviewer packet use,28019a34851454d37431f2c900c80b45ea90f23e,generated-draft/non-canonical/source-use/gap-support,generated-draft/non-canonical/source-use/gap support only; not native review/not accepted terminology/not approval/not community consent/not license clearance/not gate promotion/not source certification/not final status/not bridge-pilot/not CJK interlanguage bridge/not pan-CJK authority/not Korean-school authority/not visual inventory/not term spine/not sign rendering/not translation completion
uploader-transfer/interlanguage-fable-6034c6b4-current-frontier-authority-routing-20260707/INTERLANGUAGE_FABLE_6034C6B4_CURRENT_FRONTIER_AUTHORITY_ROUTING_20260707/source_artifacts/0568_5db96bdc3a_HEARTBEAT_20260705.md,A,uploader-transfer-package-context,1497,4E7B1A9E66DCBFB23F492210D9A49004E6374B371C9A696A61B225540A21E802,,source-like/evidence-like packet artifact only; exact source-body rows still require manual source review before reviewer packet use,28019a34851454d37431f2c900c80b45ea90f23e,generated-draft/non-canonical/source-use/gap-support,generated-draft/non-canonical/source-use/gap support only; not native review/not accepted terminology/not approval/not community consent/not license clearance/not gate promotion/not source certification/not final status/not bridge-pilot/not CJK interlanguage bridge/not pan-CJK authority/not Korean-school authority/not visual inventory/not term spine/not sign rendering/not translation completion
uploader-transfer/interlanguage-fable-6034c6b4-current-frontier-authority-routing-20260707/INTERLANGUAGE_FABLE_6034C6B4_CURRENT_FRONTIER_AUTHORITY_ROUTING_20260707/source_artifacts/0569_f67afd23b3_MANIFEST.csv,A,uploader-transfer-package-context,4106,DA52BBBE6D22C223ECA008E43D93D83EACC7445058121408145DB218EF5973A0,25,source-like/evidence-like packet artifact only; exact source-body rows still require manual source review before reviewer packet use,28019a34851454d37431f2c900c80b45ea90f23e,generated-draft/non-canonical/source-use/gap-support,generated-draft/non-canonical/source-use/gap support only; not native review/not accepted terminology/not approval/not community consent/not license clearance/not gate promotion/not source certification/not final status/not bridge-pilot/not CJK interlanguage bridge/not pan-CJK authority/not Korean-school authority/not visual inventory/not term spine/not sign rendering/not translation completion
uploader-transfer/interlanguage-fable-6034c6b4-current-frontier-authority-routing-20260707/INTERLANGUAGE_FABLE_6034C6B4_CURRENT_FRONTIER_AUTHORITY_ROUTING_20260707/source_artifacts/0570_d13d312f76_README.md,A,uploader-transfer-package-context,1482,2562AA4F56E95D83EED407496712EBD3EFEAB0738EFC307B2FAE4C39E5A4E959,,source-like/evidence-like packet artifact only; exact source-body rows still require manual source review before reviewer packet use,28019a34851454d37431f2c900c80b45ea90f23e,generated-draft/non-canonical/source-use/gap-support,generated-draft/non-canonical/source-use/gap support only; not native review/not accepted terminology/not approval/not community consent/not license clearance/not gate promotion/not source certification/not final status/not bridge-pilot/not CJK interlanguage bridge/not pan-CJK authority/not Korean-school authority/not visual inventory/not term spine/not sign rendering/not translation completion
uploader-transfer/interlanguage-fable-6034c6b4-current-frontier-authority-routing-20260707/INTERLANGUAGE_FABLE_6034C6B4_CURRENT_FRONTIER_AUTHORITY_ROUTING_20260707/source_artifacts/0571_e9bb460c4f_SESSION_LOGBOOK_20260705.md,A,uploader-transfer-package-context,781,738022041F698195B4E479DD910F3BA18A2B38222A5DAC82B24C82A1CFA066E2,,source-like/evidence-like packet artifact only; exact source-body rows still require manual source review before reviewer packet use,28019a34851454d37431f2c900c80b45ea90f23e,generated-draft/non-canonical/source-use/gap-support,generated-draft/non-canonical/source-use/gap support only; not native review/not accepted terminology/not approval/not community consent/not license clearance/not gate promotion/not source certification/not final status/not bridge-pilot/not CJK interlanguage bridge/not pan-CJK authority/not Korean-school authority/not visual inventory/not term spine/not sign rendering/not translation completion
uploader-transfer/interlanguage-fable-6034c6b4-current-frontier-authority-routing-20260707/INTERLANGUAGE_FABLE_6034C6B4_CURRENT_FRONTIER_AUTHORITY_ROUTING_20260707/source_artifacts/0572_f7bdaa1b99_SHA256SUMS.txt,A,uploader-transfer-package-context,3827,A69DF52F4175E5D915F3C25A209705C1FF565FE6F6A5FB52802252D4F3236AC4,,source-like/evidence-like packet artifact only; exact source-body rows still require manual source review before reviewer packet use,28019a34851454d37431f2c900c80b45ea90f23e,generated-draft/non-canonical/source-use/gap-support,generated-draft/non-canonical/source-use/gap support only; not native review/not accepted terminology/not approval/not community consent/not license clearance/not gate promotion/not source certification/not final status/not bridge-pilot/not CJK interlanguage bridge/not pan-CJK authority/not Korean-school authority/not visual inventory/not term spine/not sign rendering/not translation completion
uploader-transfer/interlanguage-fable-6034c6b4-current-frontier-authority-routing-20260707/INTERLANGUAGE_FABLE_6034C6B4_CURRENT_FRONTIER_AUTHORITY_ROUTING_20260707/source_artifacts/0573_cf8484c85f_VALIDATION.csv,A,uploader-transfer-package-context,1584,A13113AE175024E13299F0E87C0A7A18B53593D23F6648E7F51B931F12071B0B,11,source-like/evidence-like packet artifact only; exact source-body rows still require manual source review before reviewer packet use,28019a34851454d37431f2c900c80b45ea90f23e,generated-draft/non-canonical/source-use/gap-support,generated-draft/non-canonical/source-use/gap support only; not native review/not accepted terminology/not approval/not community consent/not license clearance/not gate promotion/not source certification/not final status/not bridge-pilot/not CJK interlanguage bridge/not pan-CJK authority/not Korean-school authority/not visual inventory/not term spine/not sign rendering/not translation completion
uploader-transfer/interlanguage-fable-6034c6b4-current-frontier-authority-routing-20260707/INTERLANGUAGE_FABLE_6034C6B4_CURRENT_FRONTIER_AUTHORITY_ROUTING_20260707/source_artifacts/0574_1ac9ac204a_active_recovery_searches_761bec88.csv,A,uploader-transfer-package-context,26618,F6E83206F84981DFD66AF3E013AA133D3450DEFC797DB95ED86498624457D032,23,source-like/evidence-like packet artifact only; exact source-body rows still require manual source review before reviewer packet use,28019a34851454d37431f2c900c80b45ea90f23e,generated-draft/non-canonical/source-use/gap-support,generated-draft/non-canonical/source-use/gap support only; not native review/not accepted terminology/not approval/not community consent/not license clearance/not gate promotion/not source certification/not final status/not bridge-pilot/not CJK interlanguage bridge/not pan-CJK authority/not Korean-school authority/not visual inventory/not term spine/not sign rendering/not translation completion
uploader-transfer/interlanguage-fable-6034c6b4-current-frontier-authority-routing-20260707/INTERLANGUAGE_FABLE_6034C6B4_CURRENT_FRONTIER_AUTHORITY_ROUTING_20260707/source_artifacts/0575_764c69026f_adverse_evidence_ledger_761bec88.csv,A,uploader-transfer-package-context,25572,948564F8B658D50D38CE113CDCC65FD6F9B0A6FCE383D7504420E9F6137EB044,30,source-like/evidence-like packet artifact only; exact source-body rows still require manual source review before reviewer packet use,28019a34851454d37431f2c900c80b45ea90f23e,generated-draft/non-canonical/source-use/gap-support,generated-draft/non-canonical/source-use/gap support only; not native review/not accepted terminology/not approval/not community consent/not license clearance/not gate promotion/not source certification/not final status/not bridge-pilot/not CJK interlanguage bridge/not pan-CJK authority/not Korean-school authority/not visual inventory/not term spine/not sign rendering/not translation completion
uploader-transfer/interlanguage-fable-6034c6b4-current-frontier-authority-routing-20260707/INTERLANGUAGE_FABLE_6034C6B4_CURRENT_FRONTIER_AUTHORITY_ROUTING_20260707/source_artifacts/0576_5fed561e37_do_not_use_ledger_761bec88.csv,A,uploader-transfer-package-context,3538,1E8D67F2255E315A5F24F2B8C3987AB7C1EBE2A0C100975AE5859525ECA44867,4,source-like/evidence-like packet artifact only; exact source-body rows still require manual source review before reviewer packet use,28019a34851454d37431f2c900c80b45ea90f23e,generated-draft/non-canonical/source-use/gap-support,generated-draft/non-canonical/source-use/gap support only; not native review/not accepted terminology/not approval/not community consent/not license clearance/not gate promotion/not source certification/not final status/not bridge-pilot/not CJK interlanguage bridge/not pan-CJK authority/not Korean-school authority/not visual inventory/not term spine/not sign rendering/not translation completion
uploader-transfer/interlanguage-fable-6034c6b4-current-frontier-authority-routing-20260707/INTERLANGUAGE_FABLE_6034C6B4_CURRENT_FRONTIER_AUTHORITY_ROUTING_20260707/source_artifacts/0577_e58f0f034e_exact_source_row_blocker_table_761bec88.csv,A,uploader-transfer-package-context,19508,0392F8B6CB8412F02814D0C7E8580D375D81CC05A2158CCED739395F12C1E278,15,source-like/evidence-like packet artifact only; exact source-body rows still require manual source review before reviewer packet use,28019a34851454d37431f2c900c80b45ea90f23e,generated-draft/non-canonical/source-use/gap-support,generated-draft/non-canonical/source-use/gap support only; not native review/not accepted terminology/not approval/not community consent/not license clearance/not gate promotion/not source certification/not final status/not bridge-pilot/not CJK interlanguage bridge/not pan-CJK authority/not Korean-school authority/not visual inventory/not term spine/not sign rendering/not translation completion
uploader-transfer/interlanguage-fable-6034c6b4-current-frontier-authority-routing-20260707/INTERLANGUAGE_FABLE_6034C6B4_CURRENT_FRONTIER_AUTHORITY_ROUTING_20260707/source_artifacts/0578_58935a9134_fable_branch_weight_boundary_ledger_761bec88.csv,A,uploader-transfer-package-context,7786,A5442885AA1D501DBC72CC54F535C21A4B69CEF4831BD7ECCDD417932FB68CBD,7,source-like/evidence-like packet artifact only; exact source-body rows still require manual source review before reviewer packet use,28019a34851454d37431f2c900c80b45ea90f23e,generated-draft/non-canonical/source-use/gap-support,generated-draft/non-canonical/source-use/gap support only; not native review/not accepted terminology/not approval/not community consent/not license clearance/not gate promotion/not source certification/not final status/not bridge-pilot/not CJK interlanguage bridge/not pan-CJK authority/not Korean-school authority/not visual inventory/not term spine/not sign rendering/not translation completion
uploader-transfer/interlanguage-fable-6034c6b4-current-frontier-authority-routing-20260707/INTERLANGUAGE_FABLE_6034C6B4_CURRENT_FRONTIER_AUTHORITY_ROUTING_20260707/source_artifacts/0579_357f9d43b2_five_hour_reset_and_mutual_wake_rule_761bec88.csv,A,uploader-transfer-package-context,1255,2D40DCE32272BAED6224E2781CD39ECB3605E1D3F5CB9D124A4FEE65754F373E,2,source-like/evidence-like packet artifact only; exact source-body rows still require manual source review before reviewer packet use,28019a34851454d37431f2c900c80b45ea90f23e,generated-draft/non-canonical/source-use/gap-support,generated-draft/non-canonical/source-use/gap support only; not native review/not accepted terminology/not approval/not community consent/not license clearance/not gate promotion/not source certification/not final status/not bridge-pilot/not CJK interlanguage bridge/not pan-CJK authority/not Korean-school authority/not visual inventory/not term spine/not sign rendering/not translation completion
uploader-transfer/interlanguage-fable-6034c6b4-current-frontier-authority-routing-20260707/INTERLANGUAGE_FABLE_6034C6B4_CURRENT_FRONTIER_AUTHORITY_ROUTING_20260707/source_artifacts/0580_3c3e01176d_frontier_readback_761bec88.csv,A,uploader-transfer-package-context,1188,CD611ED313F90701BAE39E629F03BB097C41895CD6C84C08A39360591CF828E9,1,source-like/evidence-like packet artifact only; exact source-body rows still require manual source review before reviewer packet use,28019a34851454d37431f2c900c80b45ea90f23e,generated-draft/non-canonical/source-use/gap-support,generated-draft/non-canonical/source-use/gap support only; not native review/not accepted terminology/not approval/not community consent/not license clearance/not gate promotion/not source certification/not final status/not bridge-pilot/not CJK interlanguage bridge/not pan-CJK authority/not Korean-school authority/not visual inventory/not term spine/not sign rendering/not translation completion
uploader-transfer/interlanguage-fable-6034c6b4-current-frontier-authority-routing-20260707/INTERLANGUAGE_FABLE_6034C6B4_CURRENT_FRONTIER_AUTHORITY_ROUTING_20260707/source_artifacts/0581_c1d5fd28f0_source_return_recovery_crosswalk_761bec88.csv,A,uploader-transfer-package-context,32128,85F436DFC39B09610E2F82BA4A1D4847B483C0276E721E81DCEAA853D15D6DE2,23,source-like/evidence-like packet artifact only; exact source-body rows still require manual source review before reviewer packet use,28019a34851454d37431f2c900c80b45ea90f23e,generated-draft/non-canonical/source-use/gap-support,generated-draft/non-canonical/source-use/gap support only; not native review/not accepted terminology/not approval/not community consent/not license clearance/not gate promotion/not source certification/not final status/not bridge-pilot/not CJK interlanguage bridge/not pan-CJK authority/not Korean-school authority/not visual inventory/not term spine/not sign rendering/not translation completion
uploader-transfer/interlanguage-fable-6034c6b4-current-frontier-authority-routing-20260707/INTERLANGUAGE_FABLE_6034C6B4_CURRENT_FRONTIER_AUTHORITY_ROUTING_20260707/source_artifacts/0582_e9700e6d8e_source_use_ledger_761bec88.csv,A,uploader-transfer-package-context,14567,74EAA61809F4C3AE47E7E8CA9C3A7AE20702B9AA23FFFEBFF85432FA131045B3,15,source-like/evidence-like packet artifact only; exact source-body rows still require manual source review before reviewer packet use,28019a34851454d37431f2c900c80b45ea90f23e,generated-draft/non-canonical/source-use/gap-support,generated-draft/non-canonical/source-use/gap support only; not native review/not accepted terminology/not approval/not community consent/not license clearance/not gate promotion/not source certification/not final status/not bridge-pilot/not CJK interlanguage bridge/not pan-CJK authority/not Korean-school authority/not visual inventory/not term spine/not sign rendering/not translation completion
uploader-transfer/interlanguage-fable-6034c6b4-current-frontier-authority-routing-20260707/INTERLANGUAGE_FABLE_6034C6B4_CURRENT_FRONTIER_AUTHORITY_ROUTING_20260707/source_artifacts/0583_9e8cbbb124_visible_sibling_wake_scan_761bec88.csv,A,uploader-transfer-package-context,26934,58F11563A1524459B86D545C7502D70168CAF328023B90F6E5289EE7B6C6E469,52,source-like/evidence-like packet artifact only; exact source-body rows still require manual source review before reviewer packet use,28019a34851454d37431f2c900c80b45ea90f23e,generated-draft/non-canonical/source-use/gap-support,generated-draft/non-canonical/source-use/gap support only; not native review/not accepted terminology/not approval/not community consent/not license clearance/not gate promotion/not source certification/not final status/not bridge-pilot/not CJK interlanguage bridge/not pan-CJK authority/not Korean-school authority/not visual inventory/not term spine/not sign rendering/not translation completion
uploader-transfer/interlanguage-fable-6034c6b4-current-frontier-authority-routing-20260707/INTERLANGUAGE_FABLE_6034C6B4_CURRENT_FRONTIER_AUTHORITY_ROUTING_20260707/source_artifacts/0584_4ba7a85bd4_zero_row_preservation_761bec88.csv,A,uploader-transfer-package-context,9828,CBE032D4736EDA8CBE2726EE154E5209741983449B02F260D61BAA8EFE7C6B77,11,source-like/evidence-like packet artifact only; exact source-body rows still require manual source review before reviewer packet use,28019a34851454d37431f2c900c80b45ea90f23e,generated-draft/non-canonical/source-use/gap-support,generated-draft/non-canonical/source-use/gap support only; not native review/not accepted terminology/not approval/not community consent/not license clearance/not gate promotion/not source certification/not final status/not bridge-pilot/not CJK interlanguage bridge/not pan-CJK authority/not Korean-school authority/not visual inventory/not term spine/not sign rendering/not translation completion
uploader-transfer/interlanguage-fable-6034c6b4-current-frontier-authority-routing-20260707/INTERLANGUAGE_FABLE_6034C6B4_CURRENT_FRONTIER_AUTHORITY_ROUTING_20260707/source_artifacts/0585_36b7f6ec5c_B3_UPLOADER_READY_SUMMARY.csv,A,uploader-transfer-package-context,865,B2DEDA46216AFD4655B2FA01BD4AE7E0C7BBA39BDF9E8509B57D1465E411227F,6,source-like/evidence-like packet artifact only; exact source-body rows still require manual source review before reviewer packet use,28019a34851454d37431f2c900c80b45ea90f23e,generated-draft/non-canonical/source-use/gap-support,generated-draft/non-canonical/source-use/gap support only; not native review/not accepted terminology/not approval/not community consent/not license clearance/not gate promotion/not source certification/not final status/not bridge-pilot/not CJK interlanguage bridge/not pan-CJK authority/not Korean-school authority/not visual inventory/not term spine/not sign rendering/not translation completion
uploader-transfer/interlanguage-fable-6034c6b4-current-frontier-authority-routing-20260707/INTERLANGUAGE_FABLE_6034C6B4_CURRENT_FRONTIER_AUTHORITY_ROUTING_20260707/source_artifacts/0586_2ab29b5f4f_LOGBOOK_EXCERPT.md,A,uploader-transfer-package-context,968,5805486AEAFFD715AD3438523E570CD6A7AE3587AE57AE9B1922CA3F03051498,,source-like/evidence-like packet artifact only; exact source-body rows still require manual source review before reviewer packet use,28019a34851454d37431f2c900c80b45ea90f23e,generated-draft/non-canonical/source-use/gap-support,generated-draft/non-canonical/source-use/gap support only; not native review/not accepted terminology/not approval/not community consent/not license clearance/not gate promotion/not source certification/not final status/not bridge-pilot/not CJK interlanguage bridge/not pan-CJK authority/not Korean-school authority/not visual inventory/not term spine/not sign rendering/not translation completion
uploader-transfer/interlanguage-fable-6034c6b4-current-frontier-authority-routing-20260707/INTERLANGUAGE_FABLE_6034C6B4_CURRENT_FRONTIER_AUTHORITY_ROUTING_20260707/source_artifacts/0587_4452d9d2b5_MANIFEST.csv,A,uploader-transfer-package-context,1232,00810643C77FB1DCC80D9A2D477F72FE93D71306B04E520019DFDBE2EBED2385,11,source-like/evidence-like packet artifact only; exact source-body rows still require manual source review before reviewer packet use,28019a34851454d37431f2c900c80b45ea90f23e,generated-draft/non-canonical/source-use/gap-support,generated-draft/non-canonical/source-use/gap support only; not native review/not accepted terminology/not approval/not community consent/not license clearance/not gate promotion/not source certification/not final status/not bridge-pilot/not CJK interlanguage bridge/not pan-CJK authority/not Korean-school authority/not visual inventory/not term spine/not sign rendering/not translation completion
uploader-transfer/interlanguage-fable-6034c6b4-current-frontier-authority-routing-20260707/INTERLANGUAGE_FABLE_6034C6B4_CURRENT_FRONTIER_AUTHORITY_ROUTING_20260707/source_artifacts/0588_6d6bf2b4b0_R7_761BEC88_DELTA_SUMMARY_BY_CLASS.csv,A,uploader-transfer-package-context,230,0C330C70898EC380E75104E0F884B999649FA0BA49FFA44BF920FCCA94C71E6C,7,source-like/evidence-like packet artifact only; exact source-body rows still require manual source review before reviewer packet use,28019a34851454d37431f2c900c80b45ea90f23e,generated-draft/non-canonical/source-use/gap-support,generated-draft/non-canonical/source-use/gap support only; not native review/not accepted terminology/not approval/not community consent/not license clearance/not gate promotion/not source certification/not final status/not bridge-pilot/not CJK interlanguage bridge/not pan-CJK authority/not Korean-school authority/not visual inventory/not term spine/not sign rendering/not translation completion
uploader-transfer/interlanguage-fable-6034c6b4-current-frontier-authority-routing-20260707/INTERLANGUAGE_FABLE_6034C6B4_CURRENT_FRONTIER_AUTHORITY_ROUTING_20260707/source_artifacts/0589_acdcc07526_R7_761BEC88_EXACT_CONTENT_GAP_ROWS.csv,A,uploader-transfer-package-context,1349,8314382376AFE713BE3F7D5E0B1899548C3A4FCD9CDDCF509BA43CA95CB0E292,6,source-like/evidence-like packet artifact only; exact source-body rows still require manual source review before reviewer packet use,28019a34851454d37431f2c900c80b45ea90f23e,generated-draft/non-canonical/source-use/gap-support,generated-draft/non-canonical/source-use/gap support only; not native review/not accepted terminology/not approval/not community consent/not license clearance/not gate promotion/not source certification/not final status/not bridge-pilot/not CJK interlanguage bridge/not pan-CJK authority/not Korean-school authority/not visual inventory/not term spine/not sign rendering/not translation completion
uploader-transfer/interlanguage-fable-6034c6b4-current-frontier-authority-routing-20260707/INTERLANGUAGE_FABLE_6034C6B4_CURRENT_FRONTIER_AUTHORITY_ROUTING_20260707/source_artifacts/0590_f66a518913_R7_761BEC88_FABLE_SOURCE_USE_ADVERSE_ROWS.csv,A,uploader-transfer-package-context,1051,0ED556C39E44BC7C109A75C1AF1A7FF7471B2E48C2AD4D6F97FF4956F4A12AEF,5,source-like/evidence-like packet artifact only; exact source-body rows still require manual source review before reviewer packet use,28019a34851454d37431f2c900c80b45ea90f23e,generated-draft/non-canonical/source-use/gap-support,generated-draft/non-canonical/source-use/gap support only; not native review/not accepted terminology/not approval/not community consent/not license clearance/not gate promotion/not source certification/not final status/not bridge-pilot/not CJK interlanguage bridge/not pan-CJK authority/not Korean-school authority/not visual inventory/not term spine/not sign rendering/not translation completion
uploader-transfer/interlanguage-fable-6034c6b4-current-frontier-authority-routing-20260707/INTERLANGUAGE_FABLE_6034C6B4_CURRENT_FRONTIER_AUTHORITY_ROUTING_20260707/source_artifacts/0591_a58a1040cf_R7_761BEC88_FRONTIER_CORRECTION_ROWS.csv,A,uploader-transfer-package-context,603,65EEC95F427623BF2860B9BAF15EF80A0860CE715B1E7FC58EBDB8070989C081,2,source-like/evidence-like packet artifact only; exact source-body rows still require manual source review before reviewer packet use,28019a34851454d37431f2c900c80b45ea90f23e,generated-draft/non-canonical/source-use/gap-support,generated-draft/non-canonical/source-use/gap support only; not native review/not accepted terminology/not approval/not community consent/not license clearance/not gate promotion/not source certification/not final status/not bridge-pilot/not CJK interlanguage bridge/not pan-CJK authority/not Korean-school authority/not visual inventory/not term spine/not sign rendering/not translation completion
uploader-transfer/interlanguage-fable-6034c6b4-current-frontier-authority-routing-20260707/INTERLANGUAGE_FABLE_6034C6B4_CURRENT_FRONTIER_AUTHORITY_ROUTING_20260707/source_artifacts/0592_32d887ff87_R7_761BEC88_FRONTIER_DIFF_PATH_LEDGER.csv,A,uploader-transfer-package-context,95350,9637F896BD88FEB8070A7759D12B5A84AA282C09103F2B9AA989276F0B05609B,327,source-like/evidence-like packet artifact only; exact source-body rows still require manual source review before reviewer packet use,28019a34851454d37431f2c900c80b45ea90f23e,generated-draft/non-canonical/source-use/gap-support,generated-draft/non-canonical/source-use/gap support only; not native review/not accepted terminology/not approval/not community consent/not license clearance/not gate promotion/not source certification/not final status/not bridge-pilot/not CJK interlanguage bridge/not pan-CJK authority/not Korean-school authority/not visual inventory/not term spine/not sign rendering/not translation completion
uploader-transfer/interlanguage-fable-6034c6b4-current-frontier-authority-routing-20260707/INTERLANGUAGE_FABLE_6034C6B4_CURRENT_FRONTIER_AUTHORITY_ROUTING_20260707/source_artifacts/0593_3277ca7e91_R7_761BEC88_PRIOR_PACKET_SHA_REVERIFY.csv,A,uploader-transfer-package-context,2302,E1C3CF51532A3F20B507765A3F723DB8DF968AB85FF7569FEA9C3F9DA6424DD3,10,source-like/evidence-like packet artifact only; exact source-body rows still require manual source review before reviewer packet use,28019a34851454d37431f2c900c80b45ea90f23e,generated-draft/non-canonical/source-use/gap-support,generated-draft/non-canonical/source-use/gap support only; not native review/not accepted terminology/not approval/not community consent/not license clearance/not gate promotion/not source certification/not final status/not bridge-pilot/not CJK interlanguage bridge/not pan-CJK authority/not Korean-school authority/not visual inventory/not term spine/not sign rendering/not translation completion
uploader-transfer/interlanguage-fable-6034c6b4-current-frontier-authority-routing-20260707/INTERLANGUAGE_FABLE_6034C6B4_CURRENT_FRONTIER_AUTHORITY_ROUTING_20260707/source_artifacts/0594_ec7ac6688b_R7_761BEC88_SOURCE_USE_BOUNDARY_LEDGER.csv,A,uploader-transfer-package-context,958,980F78A5AB3825AB25693560362E7CEB0538C7F9504507B737D48FCCFD29B1E0,5,source-like/evidence-like packet artifact only; exact source-body rows still require manual source review before reviewer packet use,28019a34851454d37431f2c900c80b45ea90f23e,generated-draft/non-canonical/source-use/gap-support,generated-draft/non-canonical/source-use/gap support only; not native review/not accepted terminology/not approval/not community consent/not license clearance/not gate promotion/not source certification/not final status/not bridge-pilot/not CJK interlanguage bridge/not pan-CJK authority/not Korean-school authority/not visual inventory/not term spine/not sign rendering/not translation completion
uploader-transfer/interlanguage-fable-6034c6b4-current-frontier-authority-routing-20260707/INTERLANGUAGE_FABLE_6034C6B4_CURRENT_FRONTIER_AUTHORITY_ROUTING_20260707/source_artifacts/0595_ab01305be3_README.md,A,uploader-transfer-package-context,1412,7F57D4DFB8D6F8EFA04D5FA7D847AEE41C62D5B456A412BA6E8EEE0D94745F1B,,source-like/evidence-like packet artifact only; exact source-body rows still require manual source review before reviewer packet use,28019a34851454d37431f2c900c80b45ea90f23e,generated-draft/non-canonical/source-use/gap-support,generated-draft/non-canonical/source-use/gap support only; not native review/not accepted terminology/not approval/not community consent/not license clearance/not gate promotion/not source certification/not final status/not bridge-pilot/not CJK interlanguage bridge/not pan-CJK authority/not Korean-school authority/not visual inventory/not term spine/not sign rendering/not translation completion
uploader-transfer/interlanguage-fable-6034c6b4-current-frontier-authority-routing-20260707/INTERLANGUAGE_FABLE_6034C6B4_CURRENT_FRONTIER_AUTHORITY_ROUTING_20260707/source_artifacts/0596_797375e0f4_SHA256SUMS.txt,A,uploader-transfer-package-context,1181,4E87BB3CFEE255D490D747EBC617CE7ABEEFC58FD9439B3D2B1DB49F2881198C,,source-like/evidence-like packet artifact only; exact source-body rows still require manual source review before reviewer packet use,28019a34851454d37431f2c900c80b45ea90f23e,generated-draft/non-canonical/source-use/gap-support,generated-draft/non-canonical/source-use/gap support only; not native review/not accepted terminology/not approval/not community consent/not license clearance/not gate promotion/not source certification/not final status/not bridge-pilot/not CJK interlanguage bridge/not pan-CJK authority/not Korean-school authority/not visual inventory/not term spine/not sign rendering/not translation completion
uploader-transfer/interlanguage-fable-6034c6b4-current-frontier-authority-routing-20260707/INTERLANGUAGE_FABLE_6034C6B4_CURRENT_FRONTIER_AUTHORITY_ROUTING_20260707/source_artifacts/0597_f1f42af158_SUMMARY.json,A,uploader-transfer-package-context,1028,82685CAE9ECF3F3B0F13D5E0A80117A6290A541397F290E5F4AB9EA496B0D2E8,,source-like/evidence-like packet artifact only; exact source-body rows still require manual source review before reviewer packet use,28019a34851454d37431f2c900c80b45ea90f23e,generated-draft/non-canonical/source-use/gap-support,generated-draft/non-canonical/source-use/gap support only; not native review/not accepted terminology/not approval/not community consent/not license clearance/not gate promotion/not source certification/not final status/not bridge-pilot/not CJK interlanguage bridge/not pan-CJK authority/not Korean-school authority/not visual inventory/not term spine/not sign rendering/not translation completion
uploader-transfer/interlanguage-fable-6034c6b4-current-frontier-authority-routing-20260707/INTERLANGUAGE_FABLE_6034C6B4_CURRENT_FRONTIER_AUTHORITY_ROUTING_20260707/source_artifacts/0598_b29f5f1412_B3_HANDOFF_BOUNDARIES.csv,A,uploader-transfer-package-context,899,578198D6D45B6FC0D15D37F77C44D9683813560ACE548A6D17B6CE7E76150BC8,7,source-like/evidence-like packet artifact only; exact source-body rows still require manual source review before reviewer packet use,28019a34851454d37431f2c900c80b45ea90f23e,generated-draft/non-canonical/source-use/gap-support,generated-draft/non-canonical/source-use/gap support only; not native review/not accepted terminology/not approval/not community consent/not license clearance/not gate promotion/not source certification/not final status/not bridge-pilot/not CJK interlanguage bridge/not pan-CJK authority/not Korean-school authority/not visual inventory/not term spine/not sign rendering/not translation completion
uploader-transfer/interlanguage-fable-6034c6b4-current-frontier-authority-routing-20260707/INTERLANGUAGE_FABLE_6034C6B4_CURRENT_FRONTIER_AUTHORITY_ROUTING_20260707/source_artifacts/0599_07ea82b403_LOGBOOK_EXCERPT.md,A,uploader-transfer-package-context,997,BB03E014E2E3D2430B3C05917B07536BC17B52F7F5410F3437B380BE82E83DB7,,source-like/evidence-like packet artifact only; exact source-body rows still require manual source review before reviewer packet use,28019a34851454d37431f2c900c80b45ea90f23e,generated-draft/non-canonical/source-use/gap-support,generated-draft/non-canonical/source-use/gap support only; not native review/not accepted terminology/not approval/not community consent/not license clearance/not gate promotion/not source certification/not final status/not bridge-pilot/not CJK interlanguage bridge/not pan-CJK authority/not Korean-school authority/not visual inventory/not term spine/not sign rendering/not translation completion
uploader-transfer/interlanguage-fable-6034c6b4-current-frontier-authority-routing-20260707/INTERLANGUAGE_FABLE_6034C6B4_CURRENT_FRONTIER_AUTHORITY_ROUTING_20260707/source_artifacts/0600_82a3fdb29e_MANIFEST.csv,A,uploader-transfer-package-context,1003,EEFF906FE6C51D1994FFD858B90916E213B6DB4A0B503DB24B950E410ABFF4F6,9,source-like/evidence-like packet artifact only; exact source-body rows still require manual source review before reviewer packet use,28019a34851454d37431f2c900c80b45ea90f23e,generated-draft/non-canonical/source-use/gap-support,generated-draft/non-canonical/source-use/gap support only; not native review/not accepted terminology/not approval/not community consent/not license clearance/not gate promotion/not source certification/not final status/not bridge-pilot/not CJK interlanguage bridge/not pan-CJK authority/not Korean-school authority/not visual inventory/not term spine/not sign rendering/not translation completion
uploader-transfer/interlanguage-fable-6034c6b4-current-frontier-authority-routing-20260707/INTERLANGUAGE_FABLE_6034C6B4_CURRENT_FRONTIER_AUTHORITY_ROUTING_20260707/source_artifacts/0601_b50abe61d6_R7_761BEC88_EXACT_BLOCKER_RECOVERY_ROWS.csv,A,uploader-transfer-package-context,1563,353330F7A30E335F0E0BA0E274679F24C6D96A71F11478CAE5F5CCA323DF01A8,6,source-like/evidence-like packet artifact only; exact source-body rows still require manual source review before reviewer packet use,28019a34851454d37431f2c900c80b45ea90f23e,generated-draft/non-canonical/source-use/gap-support,generated-draft/non-canonical/source-use/gap support only; not native review/not accepted terminology/not approval/not community consent/not license clearance/not gate promotion/not source certification/not final status/not bridge-pilot/not CJK interlanguage bridge/not pan-CJK authority/not Korean-school authority/not visual inventory/not term spine/not sign rendering/not translation completion
uploader-transfer/interlanguage-fable-6034c6b4-current-frontier-authority-routing-20260707/INTERLANGUAGE_FABLE_6034C6B4_CURRENT_FRONTIER_AUTHORITY_ROUTING_20260707/source_artifacts/0602_b3534408f6_R7_761BEC88_FABLE_ADVERSE_DEDUP_ROWS.csv,A,uploader-transfer-package-context,1077,A3F7A614644F08A95C8AEBED48E481D9B94FA70ED2C965B21397D52122919146,5,source-like/evidence-like packet artifact only; exact source-body rows still require manual source review before reviewer packet use,28019a34851454d37431f2c900c80b45ea90f23e,generated-draft/non-canonical/source-use/gap-support,generated-draft/non-canonical/source-use/gap support only; not native review/not accepted terminology/not approval/not community consent/not license clearance/not gate promotion/not source certification/not final status/not bridge-pilot/not CJK interlanguage bridge/not pan-CJK authority/not Korean-school authority/not visual inventory/not term spine/not sign rendering/not translation completion
uploader-transfer/interlanguage-fable-6034c6b4-current-frontier-authority-routing-20260707/INTERLANGUAGE_FABLE_6034C6B4_CURRENT_FRONTIER_AUTHORITY_ROUTING_20260707/source_artifacts/0603_7b8d4ae3fa_R7_761BEC88_PRIOR_PACKET_SHA_REVERIFY.csv,A,uploader-transfer-package-context,2885,A2365AD0D2ADB59FAC9E7DE5BDEEDDC34A299FC02F374A13A422D33B4C083A86,12,source-like/evidence-like packet artifact only; exact source-body rows still require manual source review before reviewer packet use,28019a34851454d37431f2c900c80b45ea90f23e,generated-draft/non-canonical/source-use/gap-support,generated-draft/non-canonical/source-use/gap support only; not native review/not accepted terminology/not approval/not community consent/not license clearance/not gate promotion/not source certification/not final status/not bridge-pilot/not CJK interlanguage bridge/not pan-CJK authority/not Korean-school authority/not visual inventory/not term spine/not sign rendering/not translation completion
uploader-transfer/interlanguage-fable-6034c6b4-current-frontier-authority-routing-20260707/INTERLANGUAGE_FABLE_6034C6B4_CURRENT_FRONTIER_AUTHORITY_ROUTING_20260707/source_artifacts/0604_155ba2d27c_R7_761BEC88_SAME_FRONTIER_REVERIFY_ROWS.csv,A,uploader-transfer-package-context,829,452CE40700AC1ACEA07EE2DCA880486A4B8F349C434DE8E0C260355AAC5CB4DD,4,source-like/evidence-like packet artifact only; exact source-body rows still require manual source review before reviewer packet use,28019a34851454d37431f2c900c80b45ea90f23e,generated-draft/non-canonical/source-use/gap-support,generated-draft/non-canonical/source-use/gap support only; not native review/not accepted terminology/not approval/not community consent/not license clearance/not gate promotion/not source certification/not final status/not bridge-pilot/not CJK interlanguage bridge/not pan-CJK authority/not Korean-school authority/not visual inventory/not term spine/not sign rendering/not translation completion
uploader-transfer/interlanguage-fable-6034c6b4-current-frontier-authority-routing-20260707/INTERLANGUAGE_FABLE_6034C6B4_CURRENT_FRONTIER_AUTHORITY_ROUTING_20260707/source_artifacts/0605_77113ec3be_R7_761BEC88_SOURCE_USE_GAP_CARRYFORWARD_ROWS.csv,A,uploader-transfer-package-context,1498,29BCA4F9007CE13C3319FB8EB43645B2668A0C82843C038FF86554D9E54DE725,6,source-like/evidence-like packet artifact only; exact source-body rows still require manual source review before reviewer packet use,28019a34851454d37431f2c900c80b45ea90f23e,generated-draft/non-canonical/source-use/gap-support,generated-draft/non-canonical/source-use/gap support only; not native review/not accepted terminology/not approval/not community consent/not license clearance/not gate promotion/not source certification/not final status/not bridge-pilot/not CJK interlanguage bridge/not pan-CJK authority/not Korean-school authority/not visual inventory/not term spine/not sign rendering/not translation completion
uploader-transfer/interlanguage-fable-6034c6b4-current-frontier-authority-routing-20260707/INTERLANGUAGE_FABLE_6034C6B4_CURRENT_FRONTIER_AUTHORITY_ROUTING_20260707/source_artifacts/0606_ce77511096_README.md,A,uploader-transfer-package-context,1261,6DF25517814443B4C4E9808248364A6D0FD0D77F0334DDA89E0233F99A7AABEA,,source-like/evidence-like packet artifact only; exact source-body rows still require manual source review before reviewer packet use,28019a34851454d37431f2c900c80b45ea90f23e,generated-draft/non-canonical/source-use/gap-support,generated-draft/non-canonical/source-use/gap support only; not native review/not accepted terminology/not approval/not community consent/not license clearance/not gate promotion/not source certification/not final status/not bridge-pilot/not CJK interlanguage bridge/not pan-CJK authority/not Korean-school authority/not visual inventory/not term spine/not sign rendering/not translation completion
uploader-transfer/interlanguage-fable-6034c6b4-current-frontier-authority-routing-20260707/INTERLANGUAGE_FABLE_6034C6B4_CURRENT_FRONTIER_AUTHORITY_ROUTING_20260707/source_artifacts/0607_7e851449f1_SHA256SUMS.txt,A,uploader-transfer-package-context,971,AE354D809D4631C00E34910A53C8BD063E005FF37DBB3E79F00155B0D75BBF45,,source-like/evidence-like packet artifact only; exact source-body rows still require manual source review before reviewer packet use,28019a34851454d37431f2c900c80b45ea90f23e,generated-draft/non-canonical/source-use/gap-support,generated-draft/non-canonical/source-use/gap support only; not native review/not accepted terminology/not approval/not community consent/not license clearance/not gate promotion/not source certification/not final status/not bridge-pilot/not CJK interlanguage bridge/not pan-CJK authority/not Korean-school authority/not visual inventory/not term spine/not sign rendering/not translation completion
uploader-transfer/interlanguage-fable-6034c6b4-current-frontier-authority-routing-20260707/INTERLANGUAGE_FABLE_6034C6B4_CURRENT_FRONTIER_AUTHORITY_ROUTING_20260707/source_artifacts/0608_46f9b201a4_SUMMARY.json,A,uploader-transfer-package-context,1223,98A3C95E65AE5820A4DCBCBAC337CF77A300A33F665D78E4E65CF63E51B91927,,source-like/evidence-like packet artifact only; exact source-body rows still require manual source review before reviewer packet use,28019a34851454d37431f2c900c80b45ea90f23e,generated-draft/non-canonical/source-use/gap-support,generated-draft/non-canonical/source-use/gap support only; not native review/not accepted terminology/not approval/not community consent/not license clearance/not gate promotion/not source certification/not final status/not bridge-pilot/not CJK interlanguage bridge/not pan-CJK authority/not Korean-school authority/not visual inventory/not term spine/not sign rendering/not translation completion
uploader-transfer/interlanguage-fable-6034c6b4-current-frontier-authority-routing-20260707/INTERLANGUAGE_FABLE_6034C6B4_CURRENT_FRONTIER_AUTHORITY_ROUTING_20260707/source_artifacts/0609_b605074eaa_ACTIVE_SESSION_STATE.json,A,uploader-transfer-package-context,1304,81182FA9A53AF45D5A60B8F901FB4C6E16C1694C0FF85C74B0861448E3238A4D,,source-like/evidence-like packet artifact only; exact source-body rows still require manual source review before reviewer packet use,28019a34851454d37431f2c900c80b45ea90f23e,generated-draft/non-canonical/source-use/gap-support,generated-draft/non-canonical/source-use/gap support only; not native review/not accepted terminology/not approval/not community consent/not license clearance/not gate promotion/not source certification/not final status/not bridge-pilot/not CJK interlanguage bridge/not pan-CJK authority/not Korean-school authority/not visual inventory/not term spine/not sign rendering/not translation completion
uploader-transfer/interlanguage-fable-6034c6b4-current-frontier-authority-routing-20260707/INTERLANGUAGE_FABLE_6034C6B4_CURRENT_FRONTIER_AUTHORITY_ROUTING_20260707/source_artifacts/0610_ca975d58cc_B3_UPLOADER_READY_SUMMARY_20260707.csv,A,uploader-transfer-package-context,903,6C56785F86E472067AAD8F7D05DCF16CAD0D759F8141F92F27F44FB10F8970B1,1,source-like/evidence-like packet artifact only; exact source-body rows still require manual source review before reviewer packet use,28019a34851454d37431f2c900c80b45ea90f23e,generated-draft/non-canonical/source-use/gap-support,generated-draft/non-canonical/source-use/gap support only; not native review/not accepted terminology/not approval/not community consent/not license clearance/not gate promotion/not source certification/not final status/not bridge-pilot/not CJK interlanguage bridge/not pan-CJK authority/not Korean-school authority/not visual inventory/not term spine/not sign rendering/not translation completion
uploader-transfer/interlanguage-fable-6034c6b4-current-frontier-authority-routing-20260707/INTERLANGUAGE_FABLE_6034C6B4_CURRENT_FRONTIER_AUTHORITY_ROUTING_20260707/source_artifacts/0611_661fadcc68_HEARTBEAT_EXCERPT.md,A,uploader-transfer-package-context,1198,4E85290D07D4CCFDE1588F91963009777E832725CB45B6AA94DC4D0106957474,,source-like/evidence-like packet artifact only; exact source-body rows still require manual source review before reviewer packet use,28019a34851454d37431f2c900c80b45ea90f23e,generated-draft/non-canonical/source-use/gap-support,generated-draft/non-canonical/source-use/gap support only; not native review/not accepted terminology/not approval/not community consent/not license clearance/not gate promotion/not source certification/not final status/not bridge-pilot/not CJK interlanguage bridge/not pan-CJK authority/not Korean-school authority/not visual inventory/not term spine/not sign rendering/not translation completion
uploader-transfer/interlanguage-fable-6034c6b4-current-frontier-authority-routing-20260707/INTERLANGUAGE_FABLE_6034C6B4_CURRENT_FRONTIER_AUTHORITY_ROUTING_20260707/source_artifacts/0612_661fadcc68_LOGBOOK_EXCERPT.md,A,uploader-transfer-package-context,1198,4E85290D07D4CCFDE1588F91963009777E832725CB45B6AA94DC4D0106957474,,source-like/evidence-like packet artifact only; exact source-body rows still require manual source review before reviewer packet use,28019a34851454d37431f2c900c80b45ea90f23e,generated-draft/non-canonical/source-use/gap-support,generated-draft/non-canonical/source-use/gap support only; not native review/not accepted terminology/not approval/not community consent/not license clearance/not gate promotion/not source certification/not final status/not bridge-pilot/not CJK interlanguage bridge/not pan-CJK authority/not Korean-school authority/not visual inventory/not term spine/not sign rendering/not translation completion
uploader-transfer/interlanguage-fable-6034c6b4-current-frontier-authority-routing-20260707/INTERLANGUAGE_FABLE_6034C6B4_CURRENT_FRONTIER_AUTHORITY_ROUTING_20260707/source_artifacts/0613_936bc7c9e4_MANIFEST.csv,A,uploader-transfer-package-context,1848,57D0B27D202AEC861F48931AB08EF015CFD6DC439CB5F02AA8C8DE69392E07C3,10,source-like/evidence-like packet artifact only; exact source-body rows still require manual source review before reviewer packet use,28019a34851454d37431f2c900c80b45ea90f23e,generated-draft/non-canonical/source-use/gap-support,generated-draft/non-canonical/source-use/gap support only; not native review/not accepted terminology/not approval/not community consent/not license clearance/not gate promotion/not source certification/not final status/not bridge-pilot/not CJK interlanguage bridge/not pan-CJK authority/not Korean-school authority/not visual inventory/not term spine/not sign rendering/not translation completion
uploader-transfer/interlanguage-fable-6034c6b4-current-frontier-authority-routing-20260707/INTERLANGUAGE_FABLE_6034C6B4_CURRENT_FRONTIER_AUTHORITY_ROUTING_20260707/source_artifacts/0614_1e843f9e83_PACKAGE_VALIDATION_20260707.csv,A,uploader-transfer-package-context,973,72739B50528768E3C657F89A8E5AB5E0D4129020E087906B901A087BB8B55CC9,6,source-like/evidence-like packet artifact only; exact source-body rows still require manual source review before reviewer packet use,28019a34851454d37431f2c900c80b45ea90f23e,generated-draft/non-canonical/source-use/gap-support,generated-draft/non-canonical/source-use/gap support only; not native review/not accepted terminology/not approval/not community consent/not license clearance/not gate promotion/not source certification/not final status/not bridge-pilot/not CJK interlanguage bridge/not pan-CJK authority/not Korean-school authority/not visual inventory/not term spine/not sign rendering/not translation completion
uploader-transfer/interlanguage-fable-6034c6b4-current-frontier-authority-routing-20260707/INTERLANGUAGE_FABLE_6034C6B4_CURRENT_FRONTIER_AUTHORITY_ROUTING_20260707/source_artifacts/0615_687615e097_R9_761BEC88_ARABIC_INBOUND_BRANCH_VERIFICATION_ROWS_20260707.csv,A,uploader-transfer-package-context,973,1E8FDE0B4AC0A0C8E835F78F22FA0ECCDEBAA95315018BC749A6482C95E9E635,1,source-like/evidence-like packet artifact only; exact source-body rows still require manual source review before reviewer packet use,28019a34851454d37431f2c900c80b45ea90f23e,generated-draft/non-canonical/source-use/gap-support,generated-draft/non-canonical/source-use/gap support only; not native review/not accepted terminology/not approval/not community consent/not license clearance/not gate promotion/not source certification/not final status/not bridge-pilot/not CJK interlanguage bridge/not pan-CJK authority/not Korean-school authority/not visual inventory/not term spine/not sign rendering/not translation completion
uploader-transfer/interlanguage-fable-6034c6b4-current-frontier-authority-routing-20260707/INTERLANGUAGE_FABLE_6034C6B4_CURRENT_FRONTIER_AUTHORITY_ROUTING_20260707/source_artifacts/0616_8d31b7df9a_R9_761BEC88_ARABIC_INBOUND_EXACT_BLOCKER_RECOVERY_ROWS_20260707.csv,A,uploader-transfer-package-context,1599,832D2972ECF1745B9E454763A3A50AD3562265455ED3E7DDA394597E9877C51E,2,source-like/evidence-like packet artifact only; exact source-body rows still require manual source review before reviewer packet use,28019a34851454d37431f2c900c80b45ea90f23e,generated-draft/non-canonical/source-use/gap-support,generated-draft/non-canonical/source-use/gap support only; not native review/not accepted terminology/not approval/not community consent/not license clearance/not gate promotion/not source certification/not final status/not bridge-pilot/not CJK interlanguage bridge/not pan-CJK authority/not Korean-school authority/not visual inventory/not term spine/not sign rendering/not translation completion
uploader-transfer/interlanguage-fable-6034c6b4-current-frontier-authority-routing-20260707/INTERLANGUAGE_FABLE_6034C6B4_CURRENT_FRONTIER_AUTHORITY_ROUTING_20260707/source_artifacts/0617_b9c151dc51_R9_761BEC88_ARABIC_INBOUND_FABLE_SOURCE_USE_ADVERSE_REFRESH_ROWS_20260707.csv,A,uploader-transfer-package-context,2083,8DE3DA7E925BD3A7C712CF2E4BB13E5EB43A6C4B3483D57C3AA0403FBDEF781F,2,source-like/evidence-like packet artifact only; exact source-body rows still require manual source review before reviewer packet use,28019a34851454d37431f2c900c80b45ea90f23e,generated-draft/non-canonical/source-use/gap-support,generated-draft/non-canonical/source-use/gap support only; not native review/not accepted terminology/not approval/not community consent/not license clearance/not gate promotion/not source certification/not final status/not bridge-pilot/not CJK interlanguage bridge/not pan-CJK authority/not Korean-school authority/not visual inventory/not term spine/not sign rendering/not translation completion
uploader-transfer/interlanguage-fable-6034c6b4-current-frontier-authority-routing-20260707/INTERLANGUAGE_FABLE_6034C6B4_CURRENT_FRONTIER_AUTHORITY_ROUTING_20260707/source_artifacts/0618_4e708adba9_R9_761BEC88_ARABIC_INBOUND_WAKE_ROWS_20260707.csv,A,uploader-transfer-package-context,845,46F83FE181182D1ED5D04E460350211B85C3B1656D790730205D6730A663C497,1,source-like/evidence-like packet artifact only; exact source-body rows still require manual source review before reviewer packet use,28019a34851454d37431f2c900c80b45ea90f23e,generated-draft/non-canonical/source-use/gap-support,generated-draft/non-canonical/source-use/gap support only; not native review/not accepted terminology/not approval/not community consent/not license clearance/not gate promotion/not source certification/not final status/not bridge-pilot/not CJK interlanguage bridge/not pan-CJK authority/not Korean-school authority/not visual inventory/not term spine/not sign rendering/not translation completion
uploader-transfer/interlanguage-fable-6034c6b4-current-frontier-authority-routing-20260707/INTERLANGUAGE_FABLE_6034C6B4_CURRENT_FRONTIER_AUTHORITY_ROUTING_20260707/source_artifacts/0619_a60649ff5f_README.md,A,uploader-transfer-package-context,867,128AD84FC3123B318F038872336F39D4E00314AABD9D35953B99CA66393E2A16,,source-like/evidence-like packet artifact only; exact source-body rows still require manual source review before reviewer packet use,28019a34851454d37431f2c900c80b45ea90f23e,generated-draft/non-canonical/source-use/gap-support,generated-draft/non-canonical/source-use/gap support only; not native review/not accepted terminology/not approval/not community consent/not license clearance/not gate promotion/not source certification/not final status/not bridge-pilot/not CJK interlanguage bridge/not pan-CJK authority/not Korean-school authority/not visual inventory/not term spine/not sign rendering/not translation completion
uploader-transfer/interlanguage-fable-6034c6b4-current-frontier-authority-routing-20260707/INTERLANGUAGE_FABLE_6034C6B4_CURRENT_FRONTIER_AUTHORITY_ROUTING_20260707/source_artifacts/0620_1bf2001044_SHA256SUMS.txt,A,uploader-transfer-package-context,1158,BC2F3445D250D286913E2938994D3D685AF7D4954D667976345B548617F4CBF2,,source-like/evidence-like packet artifact only; exact source-body rows still require manual source review before reviewer packet use,28019a34851454d37431f2c900c80b45ea90f23e,generated-draft/non-canonical/source-use/gap-support,generated-draft/non-canonical/source-use/gap support only; not native review/not accepted terminology/not approval/not community consent/not license clearance/not gate promotion/not source certification/not final status/not bridge-pilot/not CJK interlanguage bridge/not pan-CJK authority/not Korean-school authority/not visual inventory/not term spine/not sign rendering/not translation completion
uploader-transfer/interlanguage-fable-6034c6b4-current-frontier-authority-routing-20260707/INTERLANGUAGE_FABLE_6034C6B4_CURRENT_FRONTIER_AUTHORITY_ROUTING_20260707/source_artifacts/0621_179a6b88fd_ACTIVE_SESSION_STATE.json,A,uploader-transfer-package-context,1861,A2D4826116CE961EDB3811F6C15F5B4FC054C788D7C51609F6775B17DCE62819,,source-like/evidence-like packet artifact only; exact source-body rows still require manual source review before reviewer packet use,28019a34851454d37431f2c900c80b45ea90f23e,generated-draft/non-canonical/source-use/gap-support,generated-draft/non-canonical/source-use/gap support only; not native review/not accepted terminology/not approval/not community consent/not license clearance/not gate promotion/not source certification/not final status/not bridge-pilot/not CJK interlanguage bridge/not pan-CJK authority/not Korean-school authority/not visual inventory/not term spine/not sign rendering/not translation completion
uploader-transfer/interlanguage-fable-6034c6b4-current-frontier-authority-routing-20260707/INTERLANGUAGE_FABLE_6034C6B4_CURRENT_FRONTIER_AUTHORITY_ROUTING_20260707/source_artifacts/0622_9018af95ed_B3_UPLOADER_READY_SUMMARY_20260707.csv,A,uploader-transfer-package-context,1041,539707014EB8F7A727E963452C0B3D229B965D9C89DCEAFC26A69F8F5380DF59,1,source-like/evidence-like packet artifact only; exact source-body rows still require manual source review before reviewer packet use,28019a34851454d37431f2c900c80b45ea90f23e,generated-draft/non-canonical/source-use/gap-support,generated-draft/non-canonical/source-use/gap support only; not native review/not accepted terminology/not approval/not community consent/not license clearance/not gate promotion/not source certification/not final status/not bridge-pilot/not CJK interlanguage bridge/not pan-CJK authority/not Korean-school authority/not visual inventory/not term spine/not sign rendering/not translation completion
uploader-transfer/interlanguage-fable-6034c6b4-current-frontier-authority-routing-20260707/INTERLANGUAGE_FABLE_6034C6B4_CURRENT_FRONTIER_AUTHORITY_ROUTING_20260707/source_artifacts/0623_4305f99474_HEARTBEAT_EXCERPT.md,A,uploader-transfer-package-context,1817,B62F135BEE10D531B262DA0AA9E1CD25E49A9C7C21A82044C818837B4DA38269,,source-like/evidence-like packet artifact only; exact source-body rows still require manual source review before reviewer packet use,28019a34851454d37431f2c900c80b45ea90f23e,generated-draft/non-canonical/source-use/gap-support,generated-draft/non-canonical/source-use/gap support only; not native review/not accepted terminology/not approval/not community consent/not license clearance/not gate promotion/not source certification/not final status/not bridge-pilot/not CJK interlanguage bridge/not pan-CJK authority/not Korean-school authority/not visual inventory/not term spine/not sign rendering/not translation completion
uploader-transfer/interlanguage-fable-6034c6b4-current-frontier-authority-routing-20260707/INTERLANGUAGE_FABLE_6034C6B4_CURRENT_FRONTIER_AUTHORITY_ROUTING_20260707/source_artifacts/0624_4305f99474_LOGBOOK_EXCERPT.md,A,uploader-transfer-package-context,1817,B62F135BEE10D531B262DA0AA9E1CD25E49A9C7C21A82044C818837B4DA38269,,source-like/evidence-like packet artifact only; exact source-body rows still require manual source review before reviewer packet use,28019a34851454d37431f2c900c80b45ea90f23e,generated-draft/non-canonical/source-use/gap-support,generated-draft/non-canonical/source-use/gap support only; not native review/not accepted terminology/not approval/not community consent/not license clearance/not gate promotion/not source certification/not final status/not bridge-pilot/not CJK interlanguage bridge/not pan-CJK authority/not Korean-school authority/not visual inventory/not term spine/not sign rendering/not translation completion
uploader-transfer/interlanguage-fable-6034c6b4-current-frontier-authority-routing-20260707/INTERLANGUAGE_FABLE_6034C6B4_CURRENT_FRONTIER_AUTHORITY_ROUTING_20260707/source_artifacts/0625_a7b88d6c9c_MANIFEST.csv,A,uploader-transfer-package-context,2706,625D5C6C8CE60E37FFD661A125186D8461A7566C881519B937301BA8159D715C,16,source-like/evidence-like packet artifact only; exact source-body rows still require manual source review before reviewer packet use,28019a34851454d37431f2c900c80b45ea90f23e,generated-draft/non-canonical/source-use/gap-support,generated-draft/non-canonical/source-use/gap support only; not native review/not accepted terminology/not approval/not community consent/not license clearance/not gate promotion/not source certification/not final status/not bridge-pilot/not CJK interlanguage bridge/not pan-CJK authority/not Korean-school authority/not visual inventory/not term spine/not sign rendering/not translation completion
uploader-transfer/interlanguage-fable-6034c6b4-current-frontier-authority-routing-20260707/INTERLANGUAGE_FABLE_6034C6B4_CURRENT_FRONTIER_AUTHORITY_ROUTING_20260707/source_artifacts/0626_eec68e994a_PACKAGE_VALIDATION_20260707.csv,A,uploader-transfer-package-context,1407,4415C52C23AAA8CC3BCE0201A4A121785C963CA43A785BF90E2311059270C47A,8,source-like/evidence-like packet artifact only; exact source-body rows still require manual source review before reviewer packet use,28019a34851454d37431f2c900c80b45ea90f23e,generated-draft/non-canonical/source-use/gap-support,generated-draft/non-canonical/source-use/gap support only; not native review/not accepted terminology/not approval/not community consent/not license clearance/not gate promotion/not source certification/not final status/not bridge-pilot/not CJK interlanguage bridge/not pan-CJK authority/not Korean-school authority/not visual inventory/not term spine/not sign rendering/not translation completion
uploader-transfer/interlanguage-fable-6034c6b4-current-frontier-authority-routing-20260707/INTERLANGUAGE_FABLE_6034C6B4_CURRENT_FRONTIER_AUTHORITY_ROUTING_20260707/source_artifacts/0627_adba794eae_R9_761BEC88_BRANCH_COMPARE_ROWS_20260707.csv,A,uploader-transfer-package-context,1133,C6799DE2FB6ED2F007EE8C99D7CF149A8E47F37A179019C13B5AF59FB79BF1FD,1,source-like/evidence-like packet artifact only; exact source-body rows still require manual source review before reviewer packet use,28019a34851454d37431f2c900c80b45ea90f23e,generated-draft/non-canonical/source-use/gap-support,generated-draft/non-canonical/source-use/gap support only; not native review/not accepted terminology/not approval/not community consent/not license clearance/not gate promotion/not source certification/not final status/not bridge-pilot/not CJK interlanguage bridge/not pan-CJK authority/not Korean-school authority/not visual inventory/not term spine/not sign rendering/not translation completion
uploader-transfer/interlanguage-fable-6034c6b4-current-frontier-authority-routing-20260707/INTERLANGUAGE_FABLE_6034C6B4_CURRENT_FRONTIER_AUTHORITY_ROUTING_20260707/source_artifacts/0628_8f18f38097_R9_761BEC88_COMMIT_SUBJECT_ROWS_20260707.csv,A,uploader-transfer-package-context,1119,8C59EA8E86F3C661A276A315FE2C23C74D9CD414236F2EF7D817E50A5FCC8F5B,2,source-like/evidence-like packet artifact only; exact source-body rows still require manual source review before reviewer packet use,28019a34851454d37431f2c900c80b45ea90f23e,generated-draft/non-canonical/source-use/gap-support,generated-draft/non-canonical/source-use/gap support only; not native review/not accepted terminology/not approval/not community consent/not license clearance/not gate promotion/not source certification/not final status/not bridge-pilot/not CJK interlanguage bridge/not pan-CJK authority/not Korean-school authority/not visual inventory/not term spine/not sign rendering/not translation completion
uploader-transfer/interlanguage-fable-6034c6b4-current-frontier-authority-routing-20260707/INTERLANGUAGE_FABLE_6034C6B4_CURRENT_FRONTIER_AUTHORITY_ROUTING_20260707/source_artifacts/0629_0ac28bc54f_R9_761BEC88_EXACT_BLOCKER_RECOVERY_ROWS_20260707.csv,A,uploader-transfer-package-context,2659,28EAFCF37465AE4642187E839440251F7CFC4AC9C708341C6354A3C36C9043AA,3,source-like/evidence-like packet artifact only; exact source-body rows still require manual source review before reviewer packet use,28019a34851454d37431f2c900c80b45ea90f23e,generated-draft/non-canonical/source-use/gap-support,generated-draft/non-canonical/source-use/gap support only; not native review/not accepted terminology/not approval/not community consent/not license clearance/not gate promotion/not source certification/not final status/not bridge-pilot/not CJK interlanguage bridge/not pan-CJK authority/not Korean-school authority/not visual inventory/not term spine/not sign rendering/not translation completion
uploader-transfer/interlanguage-fable-6034c6b4-current-frontier-authority-routing-20260707/INTERLANGUAGE_FABLE_6034C6B4_CURRENT_FRONTIER_AUTHORITY_ROUTING_20260707/source_artifacts/0630_c3ef924f46_R9_761BEC88_FABLE_SOURCE_USE_ADVERSE_ROWS_20260707.csv,A,uploader-transfer-package-context,1932,9DD160C89D80ACE1AF376D6372520517A85CA33E78FF271A73000C59558D4A3C,2,source-like/evidence-like packet artifact only; exact source-body rows still require manual source review before reviewer packet use,28019a34851454d37431f2c900c80b45ea90f23e,generated-draft/non-canonical/source-use/gap-support,generated-draft/non-canonical/source-use/gap support only; not native review/not accepted terminology/not approval/not community consent/not license clearance/not gate promotion/not source certification/not final status/not bridge-pilot/not CJK interlanguage bridge/not pan-CJK authority/not Korean-school authority/not visual inventory/not term spine/not sign rendering/not translation completion
uploader-transfer/interlanguage-fable-6034c6b4-current-frontier-authority-routing-20260707/INTERLANGUAGE_FABLE_6034C6B4_CURRENT_FRONTIER_AUTHORITY_ROUTING_20260707/source_artifacts/0631_fca22a8a38_R9_761BEC88_R9_SOURCE_RETURN_CARRYFORWARD_ROWS_20260707.csv,A,uploader-transfer-package-context,5853,98BF58C5BB41C7F67C0B8247003516A64B9C0E26789363A8ED37889F7F50C09E,7,source-like/evidence-like packet artifact only; exact source-body rows still require manual source review before reviewer packet use,28019a34851454d37431f2c900c80b45ea90f23e,generated-draft/non-canonical/source-use/gap-support,generated-draft/non-canonical/source-use/gap support only; not native review/not accepted terminology/not approval/not community consent/not license clearance/not gate promotion/not source certification/not final status/not bridge-pilot/not CJK interlanguage bridge/not pan-CJK authority/not Korean-school authority/not visual inventory/not term spine/not sign rendering/not translation completion
uploader-transfer/interlanguage-fable-6034c6b4-current-frontier-authority-routing-20260707/INTERLANGUAGE_FABLE_6034C6B4_CURRENT_FRONTIER_AUTHORITY_ROUTING_20260707/source_artifacts/0632_0e50f77e33_R9_761BEC88_ROUTE_ARTIFACT_INDEX_ROWS_20260707.csv,A,uploader-transfer-package-context,179527,9AB421E853D551D4259E81B965C39A675EB683670347A707507A692A0DE097EF,274,source-like/evidence-like packet artifact only; exact source-body rows still require manual source review before reviewer packet use,28019a34851454d37431f2c900c80b45ea90f23e,generated-draft/non-canonical/source-use/gap-support,generated-draft/non-canonical/source-use/gap support only; not native review/not accepted terminology/not approval/not community consent/not license clearance/not gate promotion/not source certification/not final status/not bridge-pilot/not CJK interlanguage bridge/not pan-CJK authority/not Korean-school authority/not visual inventory/not term spine/not sign rendering/not translation completion
uploader-transfer/interlanguage-fable-6034c6b4-current-frontier-authority-routing-20260707/INTERLANGUAGE_FABLE_6034C6B4_CURRENT_FRONTIER_AUTHORITY_ROUTING_20260707/source_artifacts/0633_64bbdf5973_R9_761BEC88_SOURCE_BODY_LIKE_PATH_ROWS_20260707.csv,A,uploader-transfer-package-context,924,0F45BD7D7A3CA1C40866D5693A3CD2572109580120ABB63F014FDABA304B2813,1,source-like/evidence-like packet artifact only; exact source-body rows still require manual source review before reviewer packet use,28019a34851454d37431f2c900c80b45ea90f23e,generated-draft/non-canonical/source-use/gap-support,generated-draft/non-canonical/source-use/gap support only; not native review/not accepted terminology/not approval/not community consent/not license clearance/not gate promotion/not source certification/not final status/not bridge-pilot/not CJK interlanguage bridge/not pan-CJK authority/not Korean-school authority/not visual inventory/not term spine/not sign rendering/not translation completion
uploader-transfer/interlanguage-fable-6034c6b4-current-frontier-authority-routing-20260707/INTERLANGUAGE_FABLE_6034C6B4_CURRENT_FRONTIER_AUTHORITY_ROUTING_20260707/source_artifacts/0634_b145eb66d3_R9_761BEC88_VISIBLE_INBOUND_RECOVERY_ROWS_20260707.csv,A,uploader-transfer-package-context,1689,6443A7DE83B0953A34B61417CEAA7D430B04634F5D8F03647FFC3030FD0104BD,2,source-like/evidence-like packet artifact only; exact source-body rows still require manual source review before reviewer packet use,28019a34851454d37431f2c900c80b45ea90f23e,generated-draft/non-canonical/source-use/gap-support,generated-draft/non-canonical/source-use/gap support only; not native review/not accepted terminology/not approval/not community consent/not license clearance/not gate promotion/not source certification/not final status/not bridge-pilot/not CJK interlanguage bridge/not pan-CJK authority/not Korean-school authority/not visual inventory/not term spine/not sign rendering/not translation completion
uploader-transfer/interlanguage-fable-6034c6b4-current-frontier-authority-routing-20260707/INTERLANGUAGE_FABLE_6034C6B4_CURRENT_FRONTIER_AUTHORITY_ROUTING_20260707/source_artifacts/0635_cdfde7a227_R9_761BEC88_VISIBLE_SIBLING_WAKE_ROWS_20260707.csv,A,uploader-transfer-package-context,727,5226B1D9D20AB5EA782D35AC7358BF452F95F3EDA8495D85429A3EA57CD43C05,1,source-like/evidence-like packet artifact only; exact source-body rows still require manual source review before reviewer packet use,28019a34851454d37431f2c900c80b45ea90f23e,generated-draft/non-canonical/source-use/gap-support,generated-draft/non-canonical/source-use/gap support only; not native review/not accepted terminology/not approval/not community consent/not license clearance/not gate promotion/not source certification/not final status/not bridge-pilot/not CJK interlanguage bridge/not pan-CJK authority/not Korean-school authority/not visual inventory/not term spine/not sign rendering/not translation completion
uploader-transfer/interlanguage-fable-6034c6b4-current-frontier-authority-routing-20260707/INTERLANGUAGE_FABLE_6034C6B4_CURRENT_FRONTIER_AUTHORITY_ROUTING_20260707/source_artifacts/0636_af27201452_README.md,A,uploader-transfer-package-context,974,8F9E6405E89C631ED6F1A46ABFF9DC87EB8A357D68B57C94CFDDC431C171ABB6,,source-like/evidence-like packet artifact only; exact source-body rows still require manual source review before reviewer packet use,28019a34851454d37431f2c900c80b45ea90f23e,generated-draft/non-canonical/source-use/gap-support,generated-draft/non-canonical/source-use/gap support only; not native review/not accepted terminology/not approval/not community consent/not license clearance/not gate promotion/not source certification/not final status/not bridge-pilot/not CJK interlanguage bridge/not pan-CJK authority/not Korean-school authority/not visual inventory/not term spine/not sign rendering/not translation completion
uploader-transfer/interlanguage-fable-6034c6b4-current-frontier-authority-routing-20260707/INTERLANGUAGE_FABLE_6034C6B4_CURRENT_FRONTIER_AUTHORITY_ROUTING_20260707/source_artifacts/0637_f9f3e50f59_SHA256SUMS.txt,A,uploader-transfer-package-context,1799,82842ADF37A65F6EC5D1B1D353E85CB6706390AF7CE7587BD5B8A101D21AFD0A,,source-like/evidence-like packet artifact only; exact source-body rows still require manual source review before reviewer packet use,28019a34851454d37431f2c900c80b45ea90f23e,generated-draft/non-canonical/source-use/gap-support,generated-draft/non-canonical/source-use/gap support only; not native review/not accepted terminology/not approval/not community consent/not license clearance/not gate promotion/not source certification/not final status/not bridge-pilot/not CJK interlanguage bridge/not pan-CJK authority/not Korean-school authority/not visual inventory/not term spine/not sign rendering/not translation completion
uploader-transfer/interlanguage-fable-6034c6b4-current-frontier-authority-routing-20260707/INTERLANGUAGE_FABLE_6034C6B4_CURRENT_FRONTIER_AUTHORITY_ROUTING_20260707/source_artifacts/0638_fcf8764864_SHA256_VERIFICATION_20260707.csv,A,uploader-transfer-package-context,676,AA15B26668AFF21B2D097962B9012F1C3A4E39BEA532371033B41A094A8F2F22,1,source-like/evidence-like packet artifact only; exact source-body rows still require manual source review before reviewer packet use,28019a34851454d37431f2c900c80b45ea90f23e,generated-draft/non-canonical/source-use/gap-support,generated-draft/non-canonical/source-use/gap support only; not native review/not accepted terminology/not approval/not community consent/not license clearance/not gate promotion/not source certification/not final status/not bridge-pilot/not CJK interlanguage bridge/not pan-CJK authority/not Korean-school authority/not visual inventory/not term spine/not sign rendering/not translation completion
uploader-transfer/interlanguage-fable-6034c6b4-current-frontier-authority-routing-20260707/INTERLANGUAGE_FABLE_6034C6B4_CURRENT_FRONTIER_AUTHORITY_ROUTING_20260707/source_artifacts/0639_aa57b2abbc_ACTIVE_SESSION_STATE.csv,A,uploader-transfer-package-context,571,256D98620DEC1D1A4769B1355D6A241FFDF8523953A7E9AAF4CA7711EAE59F13,7,source-like/evidence-like packet artifact only; exact source-body rows still require manual source review before reviewer packet use,28019a34851454d37431f2c900c80b45ea90f23e,generated-draft/non-canonical/source-use/gap-support,generated-draft/non-canonical/source-use/gap support only; not native review/not accepted terminology/not approval/not community consent/not license clearance/not gate promotion/not source certification/not final status/not bridge-pilot/not CJK interlanguage bridge/not pan-CJK authority/not Korean-school authority/not visual inventory/not term spine/not sign rendering/not translation completion
uploader-transfer/interlanguage-fable-6034c6b4-current-frontier-authority-routing-20260707/INTERLANGUAGE_FABLE_6034C6B4_CURRENT_FRONTIER_AUTHORITY_ROUTING_20260707/source_artifacts/0640_0bbd6b0064_B3_UPLOADER_READY_SUMMARY.md,A,uploader-transfer-package-context,498,677A89C9E50B6EB18A431C432D6A15BF9B6BC145B429B0EFD4AB6C9BA09C7F80,,source-like/evidence-like packet artifact only; exact source-body rows still require manual source review before reviewer packet use,28019a34851454d37431f2c900c80b45ea90f23e,generated-draft/non-canonical/source-use/gap-support,generated-draft/non-canonical/source-use/gap support only; not native review/not accepted terminology/not approval/not community consent/not license clearance/not gate promotion/not source certification/not final status/not bridge-pilot/not CJK interlanguage bridge/not pan-CJK authority/not Korean-school authority/not visual inventory/not term spine/not sign rendering/not translation completion
uploader-transfer/interlanguage-fable-6034c6b4-current-frontier-authority-routing-20260707/INTERLANGUAGE_FABLE_6034C6B4_CURRENT_FRONTIER_AUTHORITY_ROUTING_20260707/source_artifacts/0641_02736ef292_BLOCKER_RECOVERY_ROWS_18BBB185.csv,A,uploader-transfer-package-context,1042,C2A17DE34A2E419EA96D7374BD190EB0814B805586C175D6B0299D1E1C4267BA,4,source-like/evidence-like packet artifact only; exact source-body rows still require manual source review before reviewer packet use,28019a34851454d37431f2c900c80b45ea90f23e,generated-draft/non-canonical/source-use/gap-support,generated-draft/non-canonical/source-use/gap support only; not native review/not accepted terminology/not approval/not community consent/not license clearance/not gate promotion/not source certification/not final status/not bridge-pilot/not CJK interlanguage bridge/not pan-CJK authority/not Korean-school authority/not visual inventory/not term spine/not sign rendering/not translation completion
uploader-transfer/interlanguage-fable-6034c6b4-current-frontier-authority-routing-20260707/INTERLANGUAGE_FABLE_6034C6B4_CURRENT_FRONTIER_AUTHORITY_ROUTING_20260707/source_artifacts/0642_ac9875e09f_BRANCH_COMMITS_A55A9D0F_TO_18BBB185.csv,A,uploader-transfer-package-context,133,4A274FCF87B8E285E8CCC375A4476CC5414CF8D32969EA572BBB23CA5988FA34,1,source-like/evidence-like packet artifact only; exact source-body rows still require manual source review before reviewer packet use,28019a34851454d37431f2c900c80b45ea90f23e,generated-draft/non-canonical/source-use/gap-support,generated-draft/non-canonical/source-use/gap support only; not native review/not accepted terminology/not approval/not community consent/not license clearance/not gate promotion/not source certification/not final status/not bridge-pilot/not CJK interlanguage bridge/not pan-CJK authority/not Korean-school authority/not visual inventory/not term spine/not sign rendering/not translation completion
uploader-transfer/interlanguage-fable-6034c6b4-current-frontier-authority-routing-20260707/INTERLANGUAGE_FABLE_6034C6B4_CURRENT_FRONTIER_AUTHORITY_ROUTING_20260707/source_artifacts/0643_f1198bc053_BRANCH_DELTA_A55A9D0F_TO_18BBB185.csv,A,uploader-transfer-package-context,20882,23883F9EA567B09AF0CBD8F944A84076313A00316EB7C82D8202A1F0DD1BED90,85,source-like/evidence-like packet artifact only; exact source-body rows still require manual source review before reviewer packet use,28019a34851454d37431f2c900c80b45ea90f23e,generated-draft/non-canonical/source-use/gap-support,generated-draft/non-canonical/source-use/gap support only; not native review/not accepted terminology/not approval/not community consent/not license clearance/not gate promotion/not source certification/not final status/not bridge-pilot/not CJK interlanguage bridge/not pan-CJK authority/not Korean-school authority/not visual inventory/not term spine/not sign rendering/not translation completion
uploader-transfer/interlanguage-fable-6034c6b4-current-frontier-authority-routing-20260707/INTERLANGUAGE_FABLE_6034C6B4_CURRENT_FRONTIER_AUTHORITY_ROUTING_20260707/source_artifacts/0644_486df7fd00_BRANCH_DELTA_CATEGORY_COUNTS_18BBB185.csv,A,uploader-transfer-package-context,156,AD22606BC6E0288928277DD741B8674554CEE6C879EA41DDA06017E99DFEDC6F,4,source-like/evidence-like packet artifact only; exact source-body rows still require manual source review before reviewer packet use,28019a34851454d37431f2c900c80b45ea90f23e,generated-draft/non-canonical/source-use/gap-support,generated-draft/non-canonical/source-use/gap support only; not native review/not accepted terminology/not approval/not community consent/not license clearance/not gate promotion/not source certification/not final status/not bridge-pilot/not CJK interlanguage bridge/not pan-CJK authority/not Korean-school authority/not visual inventory/not term spine/not sign rendering/not translation completion
uploader-transfer/interlanguage-fable-6034c6b4-current-frontier-authority-routing-20260707/INTERLANGUAGE_FABLE_6034C6B4_CURRENT_FRONTIER_AUTHORITY_ROUTING_20260707/source_artifacts/0645_d9fe61c581_FINAL_READ_ONLY_VERIFICATION_18BBB185.csv,A,uploader-transfer-package-context,633,2CA4311C4B991D6652B10502AC8ED10D9E1444332FD79DC6785DE3A7183DA0C0,4,source-like/evidence-like packet artifact only; exact source-body rows still require manual source review before reviewer packet use,28019a34851454d37431f2c900c80b45ea90f23e,generated-draft/non-canonical/source-use/gap-support,generated-draft/non-canonical/source-use/gap support only; not native review/not accepted terminology/not approval/not community consent/not license clearance/not gate promotion/not source certification/not final status/not bridge-pilot/not CJK interlanguage bridge/not pan-CJK authority/not Korean-school authority/not visual inventory/not term spine/not sign rendering/not translation completion
uploader-transfer/interlanguage-fable-6034c6b4-current-frontier-authority-routing-20260707/INTERLANGUAGE_FABLE_6034C6B4_CURRENT_FRONTIER_AUTHORITY_ROUTING_20260707/source_artifacts/0646_1cb3c0125e_HEARTBEAT_20260707.md,A,uploader-transfer-package-context,601,5D08CF48371EB4C26FE7292E4391E4AB64B14A20C9752027EC738DC5D4EC675D,,source-like/evidence-like packet artifact only; exact source-body rows still require manual source review before reviewer packet use,28019a34851454d37431f2c900c80b45ea90f23e,generated-draft/non-canonical/source-use/gap-support,generated-draft/non-canonical/source-use/gap support only; not native review/not accepted terminology/not approval/not community consent/not license clearance/not gate promotion/not source certification/not final status/not bridge-pilot/not CJK interlanguage bridge/not pan-CJK authority/not Korean-school authority/not visual inventory/not term spine/not sign rendering/not translation completion
uploader-transfer/interlanguage-fable-6034c6b4-current-frontier-authority-routing-20260707/INTERLANGUAGE_FABLE_6034C6B4_CURRENT_FRONTIER_AUTHORITY_ROUTING_20260707/source_artifacts/0647_59c949be33_MANIFEST.csv,A,uploader-transfer-package-context,1955,C388A3D040354D6B906D6F659C9E4CA4EDD0031F638554285EA477299D60C11A,18,source-like/evidence-like packet artifact only; exact source-body rows still require manual source review before reviewer packet use,28019a34851454d37431f2c900c80b45ea90f23e,generated-draft/non-canonical/source-use/gap-support,generated-draft/non-canonical/source-use/gap support only; not native review/not accepted terminology/not approval/not community consent/not license clearance/not gate promotion/not source certification/not final status/not bridge-pilot/not CJK interlanguage bridge/not pan-CJK authority/not Korean-school authority/not visual inventory/not term spine/not sign rendering/not translation completion
uploader-transfer/interlanguage-fable-6034c6b4-current-frontier-authority-routing-20260707/INTERLANGUAGE_FABLE_6034C6B4_CURRENT_FRONTIER_AUTHORITY_ROUTING_20260707/source_artifacts/0648_0fd7a83777_PLACEHOLDER_REPAIR_NOTE_20260707.csv,A,uploader-transfer-package-context,439,92832BB4F9724946FA88C93DC61ABC755457BD8DD679AD883ABC6121B07D2162,2,source-like/evidence-like packet artifact only; exact source-body rows still require manual source review before reviewer packet use,28019a34851454d37431f2c900c80b45ea90f23e,generated-draft/non-canonical/source-use/gap-support,generated-draft/non-canonical/source-use/gap support only; not native review/not accepted terminology/not approval/not community consent/not license clearance/not gate promotion/not source certification/not final status/not bridge-pilot/not CJK interlanguage bridge/not pan-CJK authority/not Korean-school authority/not visual inventory/not term spine/not sign rendering/not translation completion
uploader-transfer/interlanguage-fable-6034c6b4-current-frontier-authority-routing-20260707/INTERLANGUAGE_FABLE_6034C6B4_CURRENT_FRONTIER_AUTHORITY_ROUTING_20260707/source_artifacts/0649_91f15dd01d_README.md,A,uploader-transfer-package-context,1292,3A3B58F6541C3CE4D4D07E2D85524B4A498B1BE5421B692FE3ABA3E078B618EE,,source-like/evidence-like packet artifact only; exact source-body rows still require manual source review before reviewer packet use,28019a34851454d37431f2c900c80b45ea90f23e,generated-draft/non-canonical/source-use/gap-support,generated-draft/non-canonical/source-use/gap support only; not native review/not accepted terminology/not approval/not community consent/not license clearance/not gate promotion/not source certification/not final status/not bridge-pilot/not CJK interlanguage bridge/not pan-CJK authority/not Korean-school authority/not visual inventory/not term spine/not sign rendering/not translation completion
uploader-transfer/interlanguage-fable-6034c6b4-current-frontier-authority-routing-20260707/INTERLANGUAGE_FABLE_6034C6B4_CURRENT_FRONTIER_AUTHORITY_ROUTING_20260707/source_artifacts/0650_24775f8f3d_REBUILD_TRIGGER_ACCOUNTING_18BBB185.csv,A,uploader-transfer-package-context,1206,522D27B5AD0AC109D4B5FB9B4F9252811CE6A8B62D260357381BEA19CE71B74C,5,source-like/evidence-like packet artifact only; exact source-body rows still require manual source review before reviewer packet use,28019a34851454d37431f2c900c80b45ea90f23e,generated-draft/non-canonical/source-use/gap-support,generated-draft/non-canonical/source-use/gap support only; not native review/not accepted terminology/not approval/not community consent/not license clearance/not gate promotion/not source certification/not final status/not bridge-pilot/not CJK interlanguage bridge/not pan-CJK authority/not Korean-school authority/not visual inventory/not term spine/not sign rendering/not translation completion
uploader-transfer/interlanguage-fable-6034c6b4-current-frontier-authority-routing-20260707/INTERLANGUAGE_FABLE_6034C6B4_CURRENT_FRONTIER_AUTHORITY_ROUTING_20260707/source_artifacts/0651_8e08e21778_SESSION_LOGBOOK_20260707.md,A,uploader-transfer-package-context,489,2242B0B5D9B11ABE0196B0E5432101141EAA8140131A8BEC7DFD3FEF111A920A,,source-like/evidence-like packet artifact only; exact source-body rows still require manual source review before reviewer packet use,28019a34851454d37431f2c900c80b45ea90f23e,generated-draft/non-canonical/source-use/gap-support,generated-draft/non-canonical/source-use/gap support only; not native review/not accepted terminology/not approval/not community consent/not license clearance/not gate promotion/not source certification/not final status/not bridge-pilot/not CJK interlanguage bridge/not pan-CJK authority/not Korean-school authority/not visual inventory/not term spine/not sign rendering/not translation completion
uploader-transfer/interlanguage-fable-6034c6b4-current-frontier-authority-routing-20260707/INTERLANGUAGE_FABLE_6034C6B4_CURRENT_FRONTIER_AUTHORITY_ROUTING_20260707/source_artifacts/0652_692f429a5c_SHA256SUMS.txt,A,uploader-transfer-package-context,1760,FA4256F2C98E8E23CBB8577FDFC6431DE345A3DA03B15D3F768F243D9362C44D,,source-like/evidence-like packet artifact only; exact source-body rows still require manual source review before reviewer packet use,28019a34851454d37431f2c900c80b45ea90f23e,generated-draft/non-canonical/source-use/gap-support,generated-draft/non-canonical/source-use/gap support only; not native review/not accepted terminology/not approval/not community consent/not license clearance/not gate promotion/not source certification/not final status/not bridge-pilot/not CJK interlanguage bridge/not pan-CJK authority/not Korean-school authority/not visual inventory/not term spine/not sign rendering/not translation completion
uploader-transfer/interlanguage-fable-6034c6b4-current-frontier-authority-routing-20260707/INTERLANGUAGE_FABLE_6034C6B4_CURRENT_FRONTIER_AUTHORITY_ROUTING_20260707/source_artifacts/0653_674bc89125_SIBLING_WAKE_LEDGER_18BBB185.csv,A,uploader-transfer-package-context,978,E05F749274522FFE1EA99783794557A354B40333350957CB64D7AB8C945E5564,5,source-like/evidence-like packet artifact only; exact source-body rows still require manual source review before reviewer packet use,28019a34851454d37431f2c900c80b45ea90f23e,generated-draft/non-canonical/source-use/gap-support,generated-draft/non-canonical/source-use/gap support only; not native review/not accepted terminology/not approval/not community consent/not license clearance/not gate promotion/not source certification/not final status/not bridge-pilot/not CJK interlanguage bridge/not pan-CJK authority/not Korean-school authority/not visual inventory/not term spine/not sign rendering/not translation completion
uploader-transfer/interlanguage-fable-6034c6b4-current-frontier-authority-routing-20260707/INTERLANGUAGE_FABLE_6034C6B4_CURRENT_FRONTIER_AUTHORITY_ROUTING_20260707/source_artifacts/0654_a0bade5107_SOURCE_USE_GAP_FABLE_ADVERSE_18BBB185.csv,A,uploader-transfer-package-context,1574,016F219D9A6C9671F4D334F8FCCC57E87CBED896F6FFAFB978FCE472B94072A1,7,source-like/evidence-like packet artifact only; exact source-body rows still require manual source review before reviewer packet use,28019a34851454d37431f2c900c80b45ea90f23e,generated-draft/non-canonical/source-use/gap-support,generated-draft/non-canonical/source-use/gap support only; not native review/not accepted terminology/not approval/not community consent/not license clearance/not gate promotion/not source certification/not final status/not bridge-pilot/not CJK interlanguage bridge/not pan-CJK authority/not Korean-school authority/not visual inventory/not term spine/not sign rendering/not translation completion
uploader-transfer/interlanguage-fable-6034c6b4-current-frontier-authority-routing-20260707/INTERLANGUAGE_FABLE_6034C6B4_CURRENT_FRONTIER_AUTHORITY_ROUTING_20260707/source_artifacts/0655_2867932232_SUMMARY.csv,A,uploader-transfer-package-context,518,D9FAC1508CBB4643934B552ACF59A9D3AAEE916E3AE0491CCC07904310807009,7,source-like/evidence-like packet artifact only; exact source-body rows still require manual source review before reviewer packet use,28019a34851454d37431f2c900c80b45ea90f23e,generated-draft/non-canonical/source-use/gap-support,generated-draft/non-canonical/source-use/gap support only; not native review/not accepted terminology/not approval/not community consent/not license clearance/not gate promotion/not source certification/not final status/not bridge-pilot/not CJK interlanguage bridge/not pan-CJK authority/not Korean-school authority/not visual inventory/not term spine/not sign rendering/not translation completion
uploader-transfer/interlanguage-fable-6034c6b4-current-frontier-authority-routing-20260707/INTERLANGUAGE_FABLE_6034C6B4_CURRENT_FRONTIER_AUTHORITY_ROUTING_20260707/source_artifacts/0656_82ff66fd62_SUMMARY.json,A,uploader-transfer-package-context,1077,F91EC8DD9530CE3997D309CFFB19315219CA11AB8C17B2AB063FE55F535C1EE7,,source-like/evidence-like packet artifact only; exact source-body rows still require manual source review before reviewer packet use,28019a34851454d37431f2c900c80b45ea90f23e,generated-draft/non-canonical/source-use/gap-support,generated-draft/non-canonical/source-use/gap support only; not native review/not accepted terminology/not approval/not community consent/not license clearance/not gate promotion/not source certification/not final status/not bridge-pilot/not CJK interlanguage bridge/not pan-CJK authority/not Korean-school authority/not visual inventory/not term spine/not sign rendering/not translation completion
uploader-transfer/interlanguage-fable-6034c6b4-current-frontier-authority-routing-20260707/INTERLANGUAGE_FABLE_6034C6B4_CURRENT_FRONTIER_AUTHORITY_ROUTING_20260707/source_artifacts/0657_328a47b9f1_SUMMARY_METRICS_18BBB185.csv,A,uploader-transfer-package-context,461,FFF356952822255E9FFB45B84A87A5A28E50C98BF4223491FCE8AFEA86C0034D,11,source-like/evidence-like packet artifact only; exact source-body rows still require manual source review before reviewer packet use,28019a34851454d37431f2c900c80b45ea90f23e,generated-draft/non-canonical/source-use/gap-support,generated-draft/non-canonical/source-use/gap support only; not native review/not accepted terminology/not approval/not community consent/not license clearance/not gate promotion/not source certification/not final status/not bridge-pilot/not CJK interlanguage bridge/not pan-CJK authority/not Korean-school authority/not visual inventory/not term spine/not sign rendering/not translation completion
uploader-transfer/interlanguage-fable-6034c6b4-current-frontier-authority-routing-20260707/INTERLANGUAGE_FABLE_6034C6B4_CURRENT_FRONTIER_AUTHORITY_ROUTING_20260707/source_artifacts/0658_84fd9a720d_UPSTREAM_LEDGER_EXCERPT_18BBB185.csv,A,uploader-transfer-package-context,1506,DE502C0411D626AC7121ADBCBDF0B152EFF8121FF6E8D8A25090AE7999C76169,10,source-like/evidence-like packet artifact only; exact source-body rows still require manual source review before reviewer packet use,28019a34851454d37431f2c900c80b45ea90f23e,generated-draft/non-canonical/source-use/gap-support,generated-draft/non-canonical/source-use/gap support only; not native review/not accepted terminology/not approval/not community consent/not license clearance/not gate promotion/not source certification/not final status/not bridge-pilot/not CJK interlanguage bridge/not pan-CJK authority/not Korean-school authority/not visual inventory/not term spine/not sign rendering/not translation completion
uploader-transfer/interlanguage-fable-6034c6b4-current-frontier-authority-routing-20260707/INTERLANGUAGE_FABLE_6034C6B4_CURRENT_FRONTIER_AUTHORITY_ROUTING_20260707/source_artifacts/0659_b05651e3e3_ACTIVE_SESSION_STATE.csv,A,uploader-transfer-package-context,571,061E0C09046E4F865D1F92F1D80CD06F087F6E12655EC499E7F3591FAA0D3ACA,7,source-like/evidence-like packet artifact only; exact source-body rows still require manual source review before reviewer packet use,28019a34851454d37431f2c900c80b45ea90f23e,generated-draft/non-canonical/source-use/gap-support,generated-draft/non-canonical/source-use/gap support only; not native review/not accepted terminology/not approval/not community consent/not license clearance/not gate promotion/not source certification/not final status/not bridge-pilot/not CJK interlanguage bridge/not pan-CJK authority/not Korean-school authority/not visual inventory/not term spine/not sign rendering/not translation completion
uploader-transfer/interlanguage-fable-6034c6b4-current-frontier-authority-routing-20260707/INTERLANGUAGE_FABLE_6034C6B4_CURRENT_FRONTIER_AUTHORITY_ROUTING_20260707/source_artifacts/0660_18adc5263e_B3_UPLOADER_READY_SUMMARY.md,A,uploader-transfer-package-context,498,4D2D086C27E188CCA540BBE0E362BBC24713B20B91150573B4595BD92A0B5490,,source-like/evidence-like packet artifact only; exact source-body rows still require manual source review before reviewer packet use,28019a34851454d37431f2c900c80b45ea90f23e,generated-draft/non-canonical/source-use/gap-support,generated-draft/non-canonical/source-use/gap support only; not native review/not accepted terminology/not approval/not community consent/not license clearance/not gate promotion/not source certification/not final status/not bridge-pilot/not CJK interlanguage bridge/not pan-CJK authority/not Korean-school authority/not visual inventory/not term spine/not sign rendering/not translation completion
uploader-transfer/interlanguage-fable-6034c6b4-current-frontier-authority-routing-20260707/INTERLANGUAGE_FABLE_6034C6B4_CURRENT_FRONTIER_AUTHORITY_ROUTING_20260707/source_artifacts/0661_7e97dd7976_BLOCKER_RECOVERY_ROWS_1FA37D6D.csv,A,uploader-transfer-package-context,986,A25A231B1D7050DB7AAC3B74652FC2332214C9959A33421DCBC78388A764BE1C,4,source-like/evidence-like packet artifact only; exact source-body rows still require manual source review before reviewer packet use,28019a34851454d37431f2c900c80b45ea90f23e,generated-draft/non-canonical/source-use/gap-support,generated-draft/non-canonical/source-use/gap support only; not native review/not accepted terminology/not approval/not community consent/not license clearance/not gate promotion/not source certification/not final status/not bridge-pilot/not CJK interlanguage bridge/not pan-CJK authority/not Korean-school authority/not visual inventory/not term spine/not sign rendering/not translation completion
uploader-transfer/interlanguage-fable-6034c6b4-current-frontier-authority-routing-20260707/INTERLANGUAGE_FABLE_6034C6B4_CURRENT_FRONTIER_AUTHORITY_ROUTING_20260707/source_artifacts/0662_6c06aab1fe_BRANCH_COMMITS_AC6B40F4_TO_1FA37D6D.csv,A,uploader-transfer-package-context,127,990CC846B1FA0B7F18A1DDE21C082985FFE64BC1C6632A8B059FA7B2E6031D00,1,source-like/evidence-like packet artifact only; exact source-body rows still require manual source review before reviewer packet use,28019a34851454d37431f2c900c80b45ea90f23e,generated-draft/non-canonical/source-use/gap-support,generated-draft/non-canonical/source-use/gap support only; not native review/not accepted terminology/not approval/not community consent/not license clearance/not gate promotion/not source certification/not final status/not bridge-pilot/not CJK interlanguage bridge/not pan-CJK authority/not Korean-school authority/not visual inventory/not term spine/not sign rendering/not translation completion
uploader-transfer/interlanguage-fable-6034c6b4-current-frontier-authority-routing-20260707/INTERLANGUAGE_FABLE_6034C6B4_CURRENT_FRONTIER_AUTHORITY_ROUTING_20260707/source_artifacts/0663_5b58dc3b05_BRANCH_DELTA_AC6B40F4_TO_1FA37D6D.csv,A,uploader-transfer-package-context,11073,6EEAC8D70F8230D7D99E5B5910AD6805B62E81C73942FCCFC58BC6E7202481FD,44,source-like/evidence-like packet artifact only; exact source-body rows still require manual source review before reviewer packet use,28019a34851454d37431f2c900c80b45ea90f23e,generated-draft/non-canonical/source-use/gap-support,generated-draft/non-canonical/source-use/gap support only; not native review/not accepted terminology/not approval/not community consent/not license clearance/not gate promotion/not source certification/not final status/not bridge-pilot/not CJK interlanguage bridge/not pan-CJK authority/not Korean-school authority/not visual inventory/not term spine/not sign rendering/not translation completion
uploader-transfer/interlanguage-fable-6034c6b4-current-frontier-authority-routing-20260707/INTERLANGUAGE_FABLE_6034C6B4_CURRENT_FRONTIER_AUTHORITY_ROUTING_20260707/source_artifacts/0664_794d329deb_BRANCH_DELTA_CATEGORY_COUNTS_1FA37D6D.csv,A,uploader-transfer-package-context,83,57AB498C55B1ACEDE9AA0DDD36A80EEA16DC22A30B6BA4DE39F4AE246829EF9C,2,source-like/evidence-like packet artifact only; exact source-body rows still require manual source review before reviewer packet use,28019a34851454d37431f2c900c80b45ea90f23e,generated-draft/non-canonical/source-use/gap-support,generated-draft/non-canonical/source-use/gap support only; not native review/not accepted terminology/not approval/not community consent/not license clearance/not gate promotion/not source certification/not final status/not bridge-pilot/not CJK interlanguage bridge/not pan-CJK authority/not Korean-school authority/not visual inventory/not term spine/not sign rendering/not translation completion
uploader-transfer/interlanguage-fable-6034c6b4-current-frontier-authority-routing-20260707/INTERLANGUAGE_FABLE_6034C6B4_CURRENT_FRONTIER_AUTHORITY_ROUTING_20260707/source_artifacts/0665_2b8480773d_FINAL_READ_ONLY_VERIFICATION_1FA37D6D.csv,A,uploader-transfer-package-context,474,306B15B7C884B17DF85789313CFED1244A22BD1800787F62959855E44D68757B,3,source-like/evidence-like packet artifact only; exact source-body rows still require manual source review before reviewer packet use,28019a34851454d37431f2c900c80b45ea90f23e,generated-draft/non-canonical/source-use/gap-support,generated-draft/non-canonical/source-use/gap support only; not native review/not accepted terminology/not approval/not community consent/not license clearance/not gate promotion/not source certification/not final status/not bridge-pilot/not CJK interlanguage bridge/not pan-CJK authority/not Korean-school authority/not visual inventory/not term spine/not sign rendering/not translation completion
uploader-transfer/interlanguage-fable-6034c6b4-current-frontier-authority-routing-20260707/INTERLANGUAGE_FABLE_6034C6B4_CURRENT_FRONTIER_AUTHORITY_ROUTING_20260707/source_artifacts/0666_4866560a21_HEARTBEAT_20260707.md,A,uploader-transfer-package-context,601,CDEB5AD786ED9DC4224C15EC0961255BB79AA2756AD9BA360DBBF1BB6A621C9D,,source-like/evidence-like packet artifact only; exact source-body rows still require manual source review before reviewer packet use,28019a34851454d37431f2c900c80b45ea90f23e,generated-draft/non-canonical/source-use/gap-support,generated-draft/non-canonical/source-use/gap support only; not native review/not accepted terminology/not approval/not community consent/not license clearance/not gate promotion/not source certification/not final status/not bridge-pilot/not CJK interlanguage bridge/not pan-CJK authority/not Korean-school authority/not visual inventory/not term spine/not sign rendering/not translation completion
uploader-transfer/interlanguage-fable-6034c6b4-current-frontier-authority-routing-20260707/INTERLANGUAGE_FABLE_6034C6B4_CURRENT_FRONTIER_AUTHORITY_ROUTING_20260707/source_artifacts/0667_d4ffb815c2_MANIFEST.csv,A,uploader-transfer-package-context,1842,91851017EB804AB2271B0866F46D6EA8F5AA0250CDC6EFB12D555550E50D917A,17,source-like/evidence-like packet artifact only; exact source-body rows still require manual source review before reviewer packet use,28019a34851454d37431f2c900c80b45ea90f23e,generated-draft/non-canonical/source-use/gap-support,generated-draft/non-canonical/source-use/gap support only; not native review/not accepted terminology/not approval/not community consent/not license clearance/not gate promotion/not source certification/not final status/not bridge-pilot/not CJK interlanguage bridge/not pan-CJK authority/not Korean-school authority/not visual inventory/not term spine/not sign rendering/not translation completion
uploader-transfer/interlanguage-fable-6034c6b4-current-frontier-authority-routing-20260707/INTERLANGUAGE_FABLE_6034C6B4_CURRENT_FRONTIER_AUTHORITY_ROUTING_20260707/source_artifacts/0668_f939092942_PLACEHOLDER_REPAIR_NOTE_20260707.csv,A,uploader-transfer-package-context,439,14BEBE95C765AB9D9CDEBD72F34F210C224AF7C85BEF6587316DFEA728829498,2,source-like/evidence-like packet artifact only; exact source-body rows still require manual source review before reviewer packet use,28019a34851454d37431f2c900c80b45ea90f23e,generated-draft/non-canonical/source-use/gap-support,generated-draft/non-canonical/source-use/gap support only; not native review/not accepted terminology/not approval/not community consent/not license clearance/not gate promotion/not source certification/not final status/not bridge-pilot/not CJK interlanguage bridge/not pan-CJK authority/not Korean-school authority/not visual inventory/not term spine/not sign rendering/not translation completion
uploader-transfer/interlanguage-fable-6034c6b4-current-frontier-authority-routing-20260707/INTERLANGUAGE_FABLE_6034C6B4_CURRENT_FRONTIER_AUTHORITY_ROUTING_20260707/source_artifacts/0669_238ba5fe96_README.md,A,uploader-transfer-package-context,1286,9934CFEC848CF3A050F510B13046790D2D443BBD14D5D628B0141546048877D1,,source-like/evidence-like packet artifact only; exact source-body rows still require manual source review before reviewer packet use,28019a34851454d37431f2c900c80b45ea90f23e,generated-draft/non-canonical/source-use/gap-support,generated-draft/non-canonical/source-use/gap support only; not native review/not accepted terminology/not approval/not community consent/not license clearance/not gate promotion/not source certification/not final status/not bridge-pilot/not CJK interlanguage bridge/not pan-CJK authority/not Korean-school authority/not visual inventory/not term spine/not sign rendering/not translation completion
uploader-transfer/interlanguage-fable-6034c6b4-current-frontier-authority-routing-20260707/INTERLANGUAGE_FABLE_6034C6B4_CURRENT_FRONTIER_AUTHORITY_ROUTING_20260707/source_artifacts/0670_2bf4bdfe18_REBUILD_TRIGGER_ACCOUNTING_1FA37D6D.csv,A,uploader-transfer-package-context,1169,4D6E1997695784910FD56E13B1BE561950247DB40B7F06FE03B22241CF9852D5,5,source-like/evidence-like packet artifact only; exact source-body rows still require manual source review before reviewer packet use,28019a34851454d37431f2c900c80b45ea90f23e,generated-draft/non-canonical/source-use/gap-support,generated-draft/non-canonical/source-use/gap support only; not native review/not accepted terminology/not approval/not community consent/not license clearance/not gate promotion/not source certification/not final status/not bridge-pilot/not CJK interlanguage bridge/not pan-CJK authority/not Korean-school authority/not visual inventory/not term spine/not sign rendering/not translation completion
uploader-transfer/interlanguage-fable-6034c6b4-current-frontier-authority-routing-20260707/INTERLANGUAGE_FABLE_6034C6B4_CURRENT_FRONTIER_AUTHORITY_ROUTING_20260707/source_artifacts/0671_6b46a850e1_SESSION_LOGBOOK_20260707.md,A,uploader-transfer-package-context,522,864867585787BE5D68613CDF6B791A654645DF7133ED52FC16F3E48308E09CA4,,source-like/evidence-like packet artifact only; exact source-body rows still require manual source review before reviewer packet use,28019a34851454d37431f2c900c80b45ea90f23e,generated-draft/non-canonical/source-use/gap-support,generated-draft/non-canonical/source-use/gap support only; not native review/not accepted terminology/not approval/not community consent/not license clearance/not gate promotion/not source certification/not final status/not bridge-pilot/not CJK interlanguage bridge/not pan-CJK authority/not Korean-school authority/not visual inventory/not term spine/not sign rendering/not translation completion
uploader-transfer/interlanguage-fable-6034c6b4-current-frontier-authority-routing-20260707/INTERLANGUAGE_FABLE_6034C6B4_CURRENT_FRONTIER_AUTHORITY_ROUTING_20260707/source_artifacts/0672_4890797231_SHA256SUMS.txt,A,uploader-transfer-package-context,1660,3075D09627B724A3C7B50AA7D073EF79A644810DBEA27504AD9EDD0B0AF6A9BF,,source-like/evidence-like packet artifact only; exact source-body rows still require manual source review before reviewer packet use,28019a34851454d37431f2c900c80b45ea90f23e,generated-draft/non-canonical/source-use/gap-support,generated-draft/non-canonical/source-use/gap support only; not native review/not accepted terminology/not approval/not community consent/not license clearance/not gate promotion/not source certification/not final status/not bridge-pilot/not CJK interlanguage bridge/not pan-CJK authority/not Korean-school authority/not visual inventory/not term spine/not sign rendering/not translation completion
uploader-transfer/interlanguage-fable-6034c6b4-current-frontier-authority-routing-20260707/INTERLANGUAGE_FABLE_6034C6B4_CURRENT_FRONTIER_AUTHORITY_ROUTING_20260707/source_artifacts/0673_ee4875004b_SOURCE_USE_GAP_FABLE_ADVERSE_1FA37D6D.csv,A,uploader-transfer-package-context,1318,80EB5FC864B215AB6F49D07320B10760670DE8829D54D67F623A46FF6DBF4FA6,6,source-like/evidence-like packet artifact only; exact source-body rows still require manual source review before reviewer packet use,28019a34851454d37431f2c900c80b45ea90f23e,generated-draft/non-canonical/source-use/gap-support,generated-draft/non-canonical/source-use/gap support only; not native review/not accepted terminology/not approval/not community consent/not license clearance/not gate promotion/not source certification/not final status/not bridge-pilot/not CJK interlanguage bridge/not pan-CJK authority/not Korean-school authority/not visual inventory/not term spine/not sign rendering/not translation completion
uploader-transfer/interlanguage-fable-6034c6b4-current-frontier-authority-routing-20260707/INTERLANGUAGE_FABLE_6034C6B4_CURRENT_FRONTIER_AUTHORITY_ROUTING_20260707/source_artifacts/0674_9e2bf14c14_SUMMARY.csv,A,uploader-transfer-package-context,512,9B6EFF94323906E140F3B7971A1515643902515A7666DC09D148CA27C46EEB15,7,source-like/evidence-like packet artifact only; exact source-body rows still require manual source review before reviewer packet use,28019a34851454d37431f2c900c80b45ea90f23e,generated-draft/non-canonical/source-use/gap-support,generated-draft/non-canonical/source-use/gap support only; not native review/not accepted terminology/not approval/not community consent/not license clearance/not gate promotion/not source certification/not final status/not bridge-pilot/not CJK interlanguage bridge/not pan-CJK authority/not Korean-school authority/not visual inventory/not term spine/not sign rendering/not translation completion
uploader-transfer/interlanguage-fable-6034c6b4-current-frontier-authority-routing-20260707/INTERLANGUAGE_FABLE_6034C6B4_CURRENT_FRONTIER_AUTHORITY_ROUTING_20260707/source_artifacts/0675_cac9249e7c_SUMMARY.json,A,uploader-transfer-package-context,964,E91304EB35914131CF70F722445BF059D767D9A68AD7D5C1D31282B68AE9A34F,,source-like/evidence-like packet artifact only; exact source-body rows still require manual source review before reviewer packet use,28019a34851454d37431f2c900c80b45ea90f23e,generated-draft/non-canonical/source-use/gap-support,generated-draft/non-canonical/source-use/gap support only; not native review/not accepted terminology/not approval/not community consent/not license clearance/not gate promotion/not source certification/not final status/not bridge-pilot/not CJK interlanguage bridge/not pan-CJK authority/not Korean-school authority/not visual inventory/not term spine/not sign rendering/not translation completion
uploader-transfer/interlanguage-fable-6034c6b4-current-frontier-authority-routing-20260707/INTERLANGUAGE_FABLE_6034C6B4_CURRENT_FRONTIER_AUTHORITY_ROUTING_20260707/source_artifacts/0676_b0cd52efb9_SUMMARY_METRICS_1FA37D6D.csv,A,uploader-transfer-package-context,376,69B042793EAA50968862F0FBA3FB139986AED1361086562AACFE55EFC5E048AE,9,source-like/evidence-like packet artifact only; exact source-body rows still require manual source review before reviewer packet use,28019a34851454d37431f2c900c80b45ea90f23e,generated-draft/non-canonical/source-use/gap-support,generated-draft/non-canonical/source-use/gap support only; not native review/not accepted terminology/not approval/not community consent/not license clearance/not gate promotion/not source certification/not final status/not bridge-pilot/not CJK interlanguage bridge/not pan-CJK authority/not Korean-school authority/not visual inventory/not term spine/not sign rendering/not translation completion
uploader-transfer/interlanguage-fable-6034c6b4-current-frontier-authority-routing-20260707/INTERLANGUAGE_FABLE_6034C6B4_CURRENT_FRONTIER_AUTHORITY_ROUTING_20260707/source_artifacts/0677_31b1cf148a_UPSTREAM_LEDGER_EXCERPT_1FA37D6D.csv,A,uploader-transfer-package-context,822,8A88A93F6627B4B39FC18499965EE131943EBD99E17F46FCD64C75E2AB55B014,5,source-like/evidence-like packet artifact only; exact source-body rows still require manual source review before reviewer packet use,28019a34851454d37431f2c900c80b45ea90f23e,generated-draft/non-canonical/source-use/gap-support,generated-draft/non-canonical/source-use/gap support only; not native review/not accepted terminology/not approval/not community consent/not license clearance/not gate promotion/not source certification/not final status/not bridge-pilot/not CJK interlanguage bridge/not pan-CJK authority/not Korean-school authority/not visual inventory/not term spine/not sign rendering/not translation completion
uploader-transfer/interlanguage-fable-6034c6b4-current-frontier-authority-routing-20260707/INTERLANGUAGE_FABLE_6034C6B4_CURRENT_FRONTIER_AUTHORITY_ROUTING_20260707/source_artifacts/0678_67869c0556_ACTIVE_SESSION_STATE.csv,A,uploader-transfer-package-context,288,4416D84EE6552596458A400F9C1BC1AF9BD336830C16FA1B98FF37EED58A36C1,5,source-like/evidence-like packet artifact only; exact source-body rows still require manual source review before reviewer packet use,28019a34851454d37431f2c900c80b45ea90f23e,generated-draft/non-canonical/source-use/gap-support,generated-draft/non-canonical/source-use/gap support only; not native review/not accepted terminology/not approval/not community consent/not license clearance/not gate promotion/not source certification/not final status/not bridge-pilot/not CJK interlanguage bridge/not pan-CJK authority/not Korean-school authority/not visual inventory/not term spine/not sign rendering/not translation completion
uploader-transfer/interlanguage-fable-6034c6b4-current-frontier-authority-routing-20260707/INTERLANGUAGE_FABLE_6034C6B4_CURRENT_FRONTIER_AUTHORITY_ROUTING_20260707/source_artifacts/0679_10a3488fd0_B3_HANDOFF_BOUNDARY_ROWS_20260707.csv,A,uploader-transfer-package-context,328,9BD136FDE0BE3B882026C5C44C2B50B0A41EBCF4C2B27F42DDF5BA9F61754505,1,source-like/evidence-like packet artifact only; exact source-body rows still require manual source review before reviewer packet use,28019a34851454d37431f2c900c80b45ea90f23e,generated-draft/non-canonical/source-use/gap-support,generated-draft/non-canonical/source-use/gap support only; not native review/not accepted terminology/not approval/not community consent/not license clearance/not gate promotion/not source certification/not final status/not bridge-pilot/not CJK interlanguage bridge/not pan-CJK authority/not Korean-school authority/not visual inventory/not term spine/not sign rendering/not translation completion
uploader-transfer/interlanguage-fable-6034c6b4-current-frontier-authority-routing-20260707/INTERLANGUAGE_FABLE_6034C6B4_CURRENT_FRONTIER_AUTHORITY_ROUTING_20260707/source_artifacts/0680_84e1db18e4_BRANCH_COMMITS_4065F6A4_TO_761BEC88.csv,A,uploader-transfer-package-context,236,82CD2098AA3CD63237296AA1C5B5BF555F2C7B00F4426CF36AA4B4C055AE9CBA,2,source-like/evidence-like packet artifact only; exact source-body rows still require manual source review before reviewer packet use,28019a34851454d37431f2c900c80b45ea90f23e,generated-draft/non-canonical/source-use/gap-support,generated-draft/non-canonical/source-use/gap support only; not native review/not accepted terminology/not approval/not community consent/not license clearance/not gate promotion/not source certification/not final status/not bridge-pilot/not CJK interlanguage bridge/not pan-CJK authority/not Korean-school authority/not visual inventory/not term spine/not sign rendering/not translation completion
uploader-transfer/interlanguage-fable-6034c6b4-current-frontier-authority-routing-20260707/INTERLANGUAGE_FABLE_6034C6B4_CURRENT_FRONTIER_AUTHORITY_ROUTING_20260707/source_artifacts/0681_7a063c7694_BRANCH_DELTA_CATEGORY_COUNTS_761BEC88.csv,A,uploader-transfer-package-context,236,3641BD18D9557C08EDD0F1E32F8BFD78A9F209B7BBF5C1E2BE72E7F12E73F3D6,8,source-like/evidence-like packet artifact only; exact source-body rows still require manual source review before reviewer packet use,28019a34851454d37431f2c900c80b45ea90f23e,generated-draft/non-canonical/source-use/gap-support,generated-draft/non-canonical/source-use/gap support only; not native review/not accepted terminology/not approval/not community consent/not license clearance/not gate promotion/not source certification/not final status/not bridge-pilot/not CJK interlanguage bridge/not pan-CJK authority/not Korean-school authority/not visual inventory/not term spine/not sign rendering/not translation completion
uploader-transfer/interlanguage-fable-6034c6b4-current-frontier-authority-routing-20260707/INTERLANGUAGE_FABLE_6034C6B4_CURRENT_FRONTIER_AUTHORITY_ROUTING_20260707/source_artifacts/0682_5b28e145a6_BRANCH_DELTA_PATH_CLASSIFICATION_4065F6A4_TO_761BEC88.csv,A,uploader-transfer-package-context,77821,9A81D98CBB3C084DF656B3178A459DF463C1FEEC545C77BC22A2E6387CC25DA2,327,source-like/evidence-like packet artifact only; exact source-body rows still require manual source review before reviewer packet use,28019a34851454d37431f2c900c80b45ea90f23e,generated-draft/non-canonical/source-use/gap-support,generated-draft/non-canonical/source-use/gap support only; not native review/not accepted terminology/not approval/not community consent/not license clearance/not gate promotion/not source certification/not final status/not bridge-pilot/not CJK interlanguage bridge/not pan-CJK authority/not Korean-school authority/not visual inventory/not term spine/not sign rendering/not translation completion
uploader-transfer/interlanguage-fable-6034c6b4-current-frontier-authority-routing-20260707/INTERLANGUAGE_FABLE_6034C6B4_CURRENT_FRONTIER_AUTHORITY_ROUTING_20260707/source_artifacts/0683_eed2df113a_EXACT_BLOCKER_RECOVERY_ROWS_761BEC88.csv,A,uploader-transfer-package-context,1256,76CA96DCA90C9712C54C6F9F70E9FD9C3EFEFF065AE3CD1892BC91154D03FF1D,4,source-like/evidence-like packet artifact only; exact source-body rows still require manual source review before reviewer packet use,28019a34851454d37431f2c900c80b45ea90f23e,generated-draft/non-canonical/source-use/gap-support,generated-draft/non-canonical/source-use/gap support only; not native review/not accepted terminology/not approval/not community consent/not license clearance/not gate promotion/not source certification/not final status/not bridge-pilot/not CJK interlanguage bridge/not pan-CJK authority/not Korean-school authority/not visual inventory/not term spine/not sign rendering/not translation completion
uploader-transfer/interlanguage-fable-6034c6b4-current-frontier-authority-routing-20260707/INTERLANGUAGE_FABLE_6034C6B4_CURRENT_FRONTIER_AUTHORITY_ROUTING_20260707/source_artifacts/0684_203e7e37c0_HEARTBEAT_20260707.md,A,uploader-transfer-package-context,376,52A52ED18BBBDE098013BC4A6D396D78D87D55D5D4DDECBA44A5646FFDE989BF,,source-like/evidence-like packet artifact only; exact source-body rows still require manual source review before reviewer packet use,28019a34851454d37431f2c900c80b45ea90f23e,generated-draft/non-canonical/source-use/gap-support,generated-draft/non-canonical/source-use/gap support only; not native review/not accepted terminology/not approval/not community consent/not license clearance/not gate promotion/not source certification/not final status/not bridge-pilot/not CJK interlanguage bridge/not pan-CJK authority/not Korean-school authority/not visual inventory/not term spine/not sign rendering/not translation completion
uploader-transfer/interlanguage-fable-6034c6b4-current-frontier-authority-routing-20260707/INTERLANGUAGE_FABLE_6034C6B4_CURRENT_FRONTIER_AUTHORITY_ROUTING_20260707/source_artifacts/0685_5ef4c0e23e_MANIFEST.csv,A,uploader-transfer-package-context,1792,1B896A3A8AE47EC6C430FE3BF4A307B2B0C884CD473D7EF641DA983FF816B4F7,16,source-like/evidence-like packet artifact only; exact source-body rows still require manual source review before reviewer packet use,28019a34851454d37431f2c900c80b45ea90f23e,generated-draft/non-canonical/source-use/gap-support,generated-draft/non-canonical/source-use/gap support only; not native review/not accepted terminology/not approval/not community consent/not license clearance/not gate promotion/not source certification/not final status/not bridge-pilot/not CJK interlanguage bridge/not pan-CJK authority/not Korean-school authority/not visual inventory/not term spine/not sign rendering/not translation completion
uploader-transfer/interlanguage-fable-6034c6b4-current-frontier-authority-routing-20260707/INTERLANGUAGE_FABLE_6034C6B4_CURRENT_FRONTIER_AUTHORITY_ROUTING_20260707/source_artifacts/0686_ef6390a660_PLACEHOLDER_REPAIR_ROWS_20260707.csv,A,uploader-transfer-package-context,1468,CD72D1E8A59429B04F60ECDF6CE34937677A0BE97210BCBB518EAC9A5C0897D6,5,source-like/evidence-like packet artifact only; exact source-body rows still require manual source review before reviewer packet use,28019a34851454d37431f2c900c80b45ea90f23e,generated-draft/non-canonical/source-use/gap-support,generated-draft/non-canonical/source-use/gap support only; not native review/not accepted terminology/not approval/not community consent/not license clearance/not gate promotion/not source certification/not final status/not bridge-pilot/not CJK interlanguage bridge/not pan-CJK authority/not Korean-school authority/not visual inventory/not term spine/not sign rendering/not translation completion
uploader-transfer/interlanguage-fable-6034c6b4-current-frontier-authority-routing-20260707/INTERLANGUAGE_FABLE_6034C6B4_CURRENT_FRONTIER_AUTHORITY_ROUTING_20260707/source_artifacts/0687_438a416c2d_README.md,A,uploader-transfer-package-context,925,0FD4C386CDAA9844F92D376A11A0EC66403C787DF7EEB2A7623A1E8329F58BD3,,source-like/evidence-like packet artifact only; exact source-body rows still require manual source review before reviewer packet use,28019a34851454d37431f2c900c80b45ea90f23e,generated-draft/non-canonical/source-use/gap-support,generated-draft/non-canonical/source-use/gap support only; not native review/not accepted terminology/not approval/not community consent/not license clearance/not gate promotion/not source certification/not final status/not bridge-pilot/not CJK interlanguage bridge/not pan-CJK authority/not Korean-school authority/not visual inventory/not term spine/not sign rendering/not translation completion
uploader-transfer/interlanguage-fable-6034c6b4-current-frontier-authority-routing-20260707/INTERLANGUAGE_FABLE_6034C6B4_CURRENT_FRONTIER_AUTHORITY_ROUTING_20260707/source_artifacts/0688_62c6bc70dd_REPAIRED_PACKET_VERIFICATION_ROWS_20260707.csv,A,uploader-transfer-package-context,477,DA197EC7B856D973D2123A8D295861C49CBCBCE8E2813DB6F26512D85BC764FC,5,source-like/evidence-like packet artifact only; exact source-body rows still require manual source review before reviewer packet use,28019a34851454d37431f2c900c80b45ea90f23e,generated-draft/non-canonical/source-use/gap-support,generated-draft/non-canonical/source-use/gap support only; not native review/not accepted terminology/not approval/not community consent/not license clearance/not gate promotion/not source certification/not final status/not bridge-pilot/not CJK interlanguage bridge/not pan-CJK authority/not Korean-school authority/not visual inventory/not term spine/not sign rendering/not translation completion
uploader-transfer/interlanguage-fable-6034c6b4-current-frontier-authority-routing-20260707/INTERLANGUAGE_FABLE_6034C6B4_CURRENT_FRONTIER_AUTHORITY_ROUTING_20260707/source_artifacts/0689_c3949e1c54_RESIDUAL_PLACEHOLDER_SCAN_CLASSIFICATION_20260707.csv,A,uploader-transfer-package-context,1129,E14DC31944ADD9584E31D9124A4CD8FC8533738BA73BDE2C5CCC60FCB823E689,1,source-like/evidence-like packet artifact only; exact source-body rows still require manual source review before reviewer packet use,28019a34851454d37431f2c900c80b45ea90f23e,generated-draft/non-canonical/source-use/gap-support,generated-draft/non-canonical/source-use/gap support only; not native review/not accepted terminology/not approval/not community consent/not license clearance/not gate promotion/not source certification/not final status/not bridge-pilot/not CJK interlanguage bridge/not pan-CJK authority/not Korean-school authority/not visual inventory/not term spine/not sign rendering/not translation completion
uploader-transfer/interlanguage-fable-6034c6b4-current-frontier-authority-routing-20260707/INTERLANGUAGE_FABLE_6034C6B4_CURRENT_FRONTIER_AUTHORITY_ROUTING_20260707/source_artifacts/0690_5c984dd2a9_SESSION_LOGBOOK_20260707.md,A,uploader-transfer-package-context,488,56DA1124BE599802A3A28121B538289AEED68F8169D4B71E6C20EF31247D21BD,,source-like/evidence-like packet artifact only; exact source-body rows still require manual source review before reviewer packet use,28019a34851454d37431f2c900c80b45ea90f23e,generated-draft/non-canonical/source-use/gap-support,generated-draft/non-canonical/source-use/gap support only; not native review/not accepted terminology/not approval/not community consent/not license clearance/not gate promotion/not source certification/not final status/not bridge-pilot/not CJK interlanguage bridge/not pan-CJK authority/not Korean-school authority/not visual inventory/not term spine/not sign rendering/not translation completion
uploader-transfer/interlanguage-fable-6034c6b4-current-frontier-authority-routing-20260707/INTERLANGUAGE_FABLE_6034C6B4_CURRENT_FRONTIER_AUTHORITY_ROUTING_20260707/source_artifacts/0691_272a589418_SHA256SUMS.txt,A,uploader-transfer-package-context,1615,4292512312A77E485C16272365FDBCAD546967F43C72693FDE7C749FB3C8ACB0,,source-like/evidence-like packet artifact only; exact source-body rows still require manual source review before reviewer packet use,28019a34851454d37431f2c900c80b45ea90f23e,generated-draft/non-canonical/source-use/gap-support,generated-draft/non-canonical/source-use/gap support only; not native review/not accepted terminology/not approval/not community consent/not license clearance/not gate promotion/not source certification/not final status/not bridge-pilot/not CJK interlanguage bridge/not pan-CJK authority/not Korean-school authority/not visual inventory/not term spine/not sign rendering/not translation completion
uploader-transfer/interlanguage-fable-6034c6b4-current-frontier-authority-routing-20260707/INTERLANGUAGE_FABLE_6034C6B4_CURRENT_FRONTIER_AUTHORITY_ROUTING_20260707/source_artifacts/0692_76bc4a2fa1_SOURCE_USE_GAP_FABLE_ADVERSE_ROWS_761BEC88.csv,A,uploader-transfer-package-context,1315,67C152B26B619E6157EB5B544AC8B7BD3B367FDF4AB74361F85FBCD5A5B50ED5,4,source-like/evidence-like packet artifact only; exact source-body rows still require manual source review before reviewer packet use,28019a34851454d37431f2c900c80b45ea90f23e,generated-draft/non-canonical/source-use/gap-support,generated-draft/non-canonical/source-use/gap support only; not native review/not accepted terminology/not approval/not community consent/not license clearance/not gate promotion/not source certification/not final status/not bridge-pilot/not CJK interlanguage bridge/not pan-CJK authority/not Korean-school authority/not visual inventory/not term spine/not sign rendering/not translation completion
uploader-transfer/interlanguage-fable-6034c6b4-current-frontier-authority-routing-20260707/INTERLANGUAGE_FABLE_6034C6B4_CURRENT_FRONTIER_AUTHORITY_ROUTING_20260707/source_artifacts/0693_c16185472d_SUMMARY.csv,A,uploader-transfer-package-context,992,AF5C2E6B7C5E2E45E94603AF348DD29F9B90BC1B78A23FD2B994ACA2A45A4CF4,1,source-like/evidence-like packet artifact only; exact source-body rows still require manual source review before reviewer packet use,28019a34851454d37431f2c900c80b45ea90f23e,generated-draft/non-canonical/source-use/gap-support,generated-draft/non-canonical/source-use/gap support only; not native review/not accepted terminology/not approval/not community consent/not license clearance/not gate promotion/not source certification/not final status/not bridge-pilot/not CJK interlanguage bridge/not pan-CJK authority/not Korean-school authority/not visual inventory/not term spine/not sign rendering/not translation completion
uploader-transfer/interlanguage-fable-6034c6b4-current-frontier-authority-routing-20260707/INTERLANGUAGE_FABLE_6034C6B4_CURRENT_FRONTIER_AUTHORITY_ROUTING_20260707/source_artifacts/0694_0093cb555f_SUMMARY.json,A,uploader-transfer-package-context,1060,FF451D07EF01062DFBED56C06678B9AB394B5B715033F9ABD50163D8E93E14F2,,source-like/evidence-like packet artifact only; exact source-body rows still require manual source review before reviewer packet use,28019a34851454d37431f2c900c80b45ea90f23e,generated-draft/non-canonical/source-use/gap-support,generated-draft/non-canonical/source-use/gap support only; not native review/not accepted terminology/not approval/not community consent/not license clearance/not gate promotion/not source certification/not final status/not bridge-pilot/not CJK interlanguage bridge/not pan-CJK authority/not Korean-school authority/not visual inventory/not term spine/not sign rendering/not translation completion
uploader-transfer/interlanguage-fable-6034c6b4-current-frontier-authority-routing-20260707/INTERLANGUAGE_FABLE_6034C6B4_CURRENT_FRONTIER_AUTHORITY_ROUTING_20260707/source_artifacts/0695_61c852a7c4_SUMMARY_METRICS_761BEC88.csv,A,uploader-transfer-package-context,1023,C843592B617633F49142ACBD64BE1CB707DBE91BE78257BEA1208968D9C80AEE,15,source-like/evidence-like packet artifact only; exact source-body rows still require manual source review before reviewer packet use,28019a34851454d37431f2c900c80b45ea90f23e,generated-draft/non-canonical/source-use/gap-support,generated-draft/non-canonical/source-use/gap support only; not native review/not accepted terminology/not approval/not community consent/not license clearance/not gate promotion/not source certification/not final status/not bridge-pilot/not CJK interlanguage bridge/not pan-CJK authority/not Korean-school authority/not visual inventory/not term spine/not sign rendering/not translation completion
uploader-transfer/interlanguage-fable-6034c6b4-current-frontier-authority-routing-20260707/INTERLANGUAGE_FABLE_6034C6B4_CURRENT_FRONTIER_AUTHORITY_ROUTING_20260707/source_artifacts/0696_560d1655e6_ACTIVE_SESSION_STATE.csv,A,uploader-transfer-package-context,571,44E5A6BE2C34E2E8A781AFB10237CC39EAC6ACB9E34E210ABD18B8128727099D,7,source-like/evidence-like packet artifact only; exact source-body rows still require manual source review before reviewer packet use,28019a34851454d37431f2c900c80b45ea90f23e,generated-draft/non-canonical/source-use/gap-support,generated-draft/non-canonical/source-use/gap support only; not native review/not accepted terminology/not approval/not community consent/not license clearance/not gate promotion/not source certification/not final status/not bridge-pilot/not CJK interlanguage bridge/not pan-CJK authority/not Korean-school authority/not visual inventory/not term spine/not sign rendering/not translation completion
uploader-transfer/interlanguage-fable-6034c6b4-current-frontier-authority-routing-20260707/INTERLANGUAGE_FABLE_6034C6B4_CURRENT_FRONTIER_AUTHORITY_ROUTING_20260707/source_artifacts/0697_0ce32a58ea_B3_UPLOADER_READY_SUMMARY.md,A,uploader-transfer-package-context,498,6E04B85D4FE04ED97FE6601EE27080133E168C562C2A2C7BFB709E36A860F7CB,,source-like/evidence-like packet artifact only; exact source-body rows still require manual source review before reviewer packet use,28019a34851454d37431f2c900c80b45ea90f23e,generated-draft/non-canonical/source-use/gap-support,generated-draft/non-canonical/source-use/gap support only; not native review/not accepted terminology/not approval/not community consent/not license clearance/not gate promotion/not source certification/not final status/not bridge-pilot/not CJK interlanguage bridge/not pan-CJK authority/not Korean-school authority/not visual inventory/not term spine/not sign rendering/not translation completion
uploader-transfer/interlanguage-fable-6034c6b4-current-frontier-authority-routing-20260707/INTERLANGUAGE_FABLE_6034C6B4_CURRENT_FRONTIER_AUTHORITY_ROUTING_20260707/source_artifacts/0698_ac9f2e73ac_BLOCKER_RECOVERY_ROWS_A55A9D0F.csv,A,uploader-transfer-package-context,1022,2FE1AD1EAA4F8F6AE52B87A98671FC62FE5A06706131E1BB46D134510725BCFD,4,source-like/evidence-like packet artifact only; exact source-body rows still require manual source review before reviewer packet use,28019a34851454d37431f2c900c80b45ea90f23e,generated-draft/non-canonical/source-use/gap-support,generated-draft/non-canonical/source-use/gap support only; not native review/not accepted terminology/not approval/not community consent/not license clearance/not gate promotion/not source certification/not final status/not bridge-pilot/not CJK interlanguage bridge/not pan-CJK authority/not Korean-school authority/not visual inventory/not term spine/not sign rendering/not translation completion
uploader-transfer/interlanguage-fable-6034c6b4-current-frontier-authority-routing-20260707/INTERLANGUAGE_FABLE_6034C6B4_CURRENT_FRONTIER_AUTHORITY_ROUTING_20260707/source_artifacts/0699_32b32c8842_BRANCH_COMMITS_7B34EC91_TO_A55A9D0F.csv,A,uploader-transfer-package-context,117,D84EBD34E3244D6945CAA2AC7A3539AF80C405175463101D21B027B63D8562B8,1,source-like/evidence-like packet artifact only; exact source-body rows still require manual source review before reviewer packet use,28019a34851454d37431f2c900c80b45ea90f23e,generated-draft/non-canonical/source-use/gap-support,generated-draft/non-canonical/source-use/gap support only; not native review/not accepted terminology/not approval/not community consent/not license clearance/not gate promotion/not source certification/not final status/not bridge-pilot/not CJK interlanguage bridge/not pan-CJK authority/not Korean-school authority/not visual inventory/not term spine/not sign rendering/not translation completion
uploader-transfer/interlanguage-fable-6034c6b4-current-frontier-authority-routing-20260707/INTERLANGUAGE_FABLE_6034C6B4_CURRENT_FRONTIER_AUTHORITY_ROUTING_20260707/source_artifacts/0700_f29aa74ff8_BRANCH_DELTA_7B34EC91_TO_A55A9D0F.csv,A,uploader-transfer-package-context,7623,C98782E199979AA2F9F294542E0F04F7DC30D1A58F0F2D8E024C6C8A6A0B120C,34,source-like/evidence-like packet artifact only; exact source-body rows still require manual source review before reviewer packet use,28019a34851454d37431f2c900c80b45ea90f23e,generated-draft/non-canonical/source-use/gap-support,generated-draft/non-canonical/source-use/gap support only; not native review/not accepted terminology/not approval/not community consent/not license clearance/not gate promotion/not source certification/not final status/not bridge-pilot/not CJK interlanguage bridge/not pan-CJK authority/not Korean-school authority/not visual inventory/not term spine/not sign rendering/not translation completion
uploader-transfer/interlanguage-fable-6034c6b4-current-frontier-authority-routing-20260707/INTERLANGUAGE_FABLE_6034C6B4_CURRENT_FRONTIER_AUTHORITY_ROUTING_20260707/source_artifacts/0701_469751281e_BRANCH_DELTA_CATEGORY_COUNTS_A55A9D0F.csv,A,uploader-transfer-package-context,118,211A25141DCE56830C74D831E6A41FB21013B34588DB89E303EFE5ED4BBF1419,3,source-like/evidence-like packet artifact only; exact source-body rows still require manual source review before reviewer packet use,28019a34851454d37431f2c900c80b45ea90f23e,generated-draft/non-canonical/source-use/gap-support,generated-draft/non-canonical/source-use/gap support only; not native review/not accepted terminology/not approval/not community consent/not license clearance/not gate promotion/not source certification/not final status/not bridge-pilot/not CJK interlanguage bridge/not pan-CJK authority/not Korean-school authority/not visual inventory/not term spine/not sign rendering/not translation completion
uploader-transfer/interlanguage-fable-6034c6b4-current-frontier-authority-routing-20260707/INTERLANGUAGE_FABLE_6034C6B4_CURRENT_FRONTIER_AUTHORITY_ROUTING_20260707/source_artifacts/0702_1d033a6c66_FINAL_READ_ONLY_VERIFICATION_A55A9D0F.csv,A,uploader-transfer-package-context,470,33DA740B1CCE632318119DF712D4BEEE53D9B4863F0E24CB78AC535BAA16CCE2,3,source-like/evidence-like packet artifact only; exact source-body rows still require manual source review before reviewer packet use,28019a34851454d37431f2c900c80b45ea90f23e,generated-draft/non-canonical/source-use/gap-support,generated-draft/non-canonical/source-use/gap support only; not native review/not accepted terminology/not approval/not community consent/not license clearance/not gate promotion/not source certification/not final status/not bridge-pilot/not CJK interlanguage bridge/not pan-CJK authority/not Korean-school authority/not visual inventory/not term spine/not sign rendering/not translation completion
uploader-transfer/interlanguage-fable-6034c6b4-current-frontier-authority-routing-20260707/INTERLANGUAGE_FABLE_6034C6B4_CURRENT_FRONTIER_AUTHORITY_ROUTING_20260707/source_artifacts/0703_c4e78785c0_HEARTBEAT_20260707.md,A,uploader-transfer-package-context,601,C7B71033C6646365DAD31F70C5262AFDFBCB864257432BFFACC7FC339A18D5D5,,source-like/evidence-like packet artifact only; exact source-body rows still require manual source review before reviewer packet use,28019a34851454d37431f2c900c80b45ea90f23e,generated-draft/non-canonical/source-use/gap-support,generated-draft/non-canonical/source-use/gap support only; not native review/not accepted terminology/not approval/not community consent/not license clearance/not gate promotion/not source certification/not final status/not bridge-pilot/not CJK interlanguage bridge/not pan-CJK authority/not Korean-school authority/not visual inventory/not term spine/not sign rendering/not translation completion
uploader-transfer/interlanguage-fable-6034c6b4-current-frontier-authority-routing-20260707/INTERLANGUAGE_FABLE_6034C6B4_CURRENT_FRONTIER_AUTHORITY_ROUTING_20260707/source_artifacts/0704_f58780b3dd_MANIFEST.csv,A,uploader-transfer-package-context,1845,ADE6D1F1A9BD404C3CC60C6BEB20AA03AE76DF6EC8AB8B32805DA968B7D9EFF2,17,source-like/evidence-like packet artifact only; exact source-body rows still require manual source review before reviewer packet use,28019a34851454d37431f2c900c80b45ea90f23e,generated-draft/non-canonical/source-use/gap-support,generated-draft/non-canonical/source-use/gap support only; not native review/not accepted terminology/not approval/not community consent/not license clearance/not gate promotion/not source certification/not final status/not bridge-pilot/not CJK interlanguage bridge/not pan-CJK authority/not Korean-school authority/not visual inventory/not term spine/not sign rendering/not translation completion
uploader-transfer/interlanguage-fable-6034c6b4-current-frontier-authority-routing-20260707/INTERLANGUAGE_FABLE_6034C6B4_CURRENT_FRONTIER_AUTHORITY_ROUTING_20260707/source_artifacts/0705_604501910a_PLACEHOLDER_REPAIR_NOTE_20260707.csv,A,uploader-transfer-package-context,439,A6A0F8431B0EA83532368C4498D95E1CC8C84879D9F39778A17EB9EF953F276D,2,source-like/evidence-like packet artifact only; exact source-body rows still require manual source review before reviewer packet use,28019a34851454d37431f2c900c80b45ea90f23e,generated-draft/non-canonical/source-use/gap-support,generated-draft/non-canonical/source-use/gap support only; not native review/not accepted terminology/not approval/not community consent/not license clearance/not gate promotion/not source certification/not final status/not bridge-pilot/not CJK interlanguage bridge/not pan-CJK authority/not Korean-school authority/not visual inventory/not term spine/not sign rendering/not translation completion
uploader-transfer/interlanguage-fable-6034c6b4-current-frontier-authority-routing-20260707/INTERLANGUAGE_FABLE_6034C6B4_CURRENT_FRONTIER_AUTHORITY_ROUTING_20260707/source_artifacts/0706_2ab1b0b893_README.md,A,uploader-transfer-package-context,1276,A936D4575FAB1FAF0F5D1B4D16F2CC45824C433AA66344B908F7A7EA4032011E,,source-like/evidence-like packet artifact only; exact source-body rows still require manual source review before reviewer packet use,28019a34851454d37431f2c900c80b45ea90f23e,generated-draft/non-canonical/source-use/gap-support,generated-draft/non-canonical/source-use/gap support only; not native review/not accepted terminology/not approval/not community consent/not license clearance/not gate promotion/not source certification/not final status/not bridge-pilot/not CJK interlanguage bridge/not pan-CJK authority/not Korean-school authority/not visual inventory/not term spine/not sign rendering/not translation completion
uploader-transfer/interlanguage-fable-6034c6b4-current-frontier-authority-routing-20260707/INTERLANGUAGE_FABLE_6034C6B4_CURRENT_FRONTIER_AUTHORITY_ROUTING_20260707/source_artifacts/0707_1f460b273d_REBUILD_TRIGGER_ACCOUNTING_A55A9D0F.csv,A,uploader-transfer-package-context,1220,C2C1D325D75AEF13CB9BA68CA9F2D5E03FE7A688B73E0C9D70A2D9073DD06A37,5,source-like/evidence-like packet artifact only; exact source-body rows still require manual source review before reviewer packet use,28019a34851454d37431f2c900c80b45ea90f23e,generated-draft/non-canonical/source-use/gap-support,generated-draft/non-canonical/source-use/gap support only; not native review/not accepted terminology/not approval/not community consent/not license clearance/not gate promotion/not source certification/not final status/not bridge-pilot/not CJK interlanguage bridge/not pan-CJK authority/not Korean-school authority/not visual inventory/not term spine/not sign rendering/not translation completion
uploader-transfer/interlanguage-fable-6034c6b4-current-frontier-authority-routing-20260707/INTERLANGUAGE_FABLE_6034C6B4_CURRENT_FRONTIER_AUTHORITY_ROUTING_20260707/source_artifacts/0708_849f99d09f_SESSION_LOGBOOK_20260707.md,A,uploader-transfer-package-context,500,655B5F13A571CA59DD106AA347043667F5933AA2D079F67F16D544F4BB5556D2,,source-like/evidence-like packet artifact only; exact source-body rows still require manual source review before reviewer packet use,28019a34851454d37431f2c900c80b45ea90f23e,generated-draft/non-canonical/source-use/gap-support,generated-draft/non-canonical/source-use/gap support only; not native review/not accepted terminology/not approval/not community consent/not license clearance/not gate promotion/not source certification/not final status/not bridge-pilot/not CJK interlanguage bridge/not pan-CJK authority/not Korean-school authority/not visual inventory/not term spine/not sign rendering/not translation completion
uploader-transfer/interlanguage-fable-6034c6b4-current-frontier-authority-routing-20260707/INTERLANGUAGE_FABLE_6034C6B4_CURRENT_FRONTIER_AUTHORITY_ROUTING_20260707/source_artifacts/0709_52737b1413_SHA256SUMS.txt,A,uploader-transfer-package-context,1660,62CB4A3773382DE5EAD7D54F642ABCB97D5E6369F61A077F5CCC2F4B2C808358,,source-like/evidence-like packet artifact only; exact source-body rows still require manual source review before reviewer packet use,28019a34851454d37431f2c900c80b45ea90f23e,generated-draft/non-canonical/source-use/gap-support,generated-draft/non-canonical/source-use/gap support only; not native review/not accepted terminology/not approval/not community consent/not license clearance/not gate promotion/not source certification/not final status/not bridge-pilot/not CJK interlanguage bridge/not pan-CJK authority/not Korean-school authority/not visual inventory/not term spine/not sign rendering/not translation completion
uploader-transfer/interlanguage-fable-6034c6b4-current-frontier-authority-routing-20260707/INTERLANGUAGE_FABLE_6034C6B4_CURRENT_FRONTIER_AUTHORITY_ROUTING_20260707/source_artifacts/0710_9cd5b76070_SOURCE_USE_GAP_FABLE_ADVERSE_A55A9D0F.csv,A,uploader-transfer-package-context,1320,96EC45DF41EA763F6908110A94B39B1DC07507BA5A627FCCA8C4D53D526EA128,6,source-like/evidence-like packet artifact only; exact source-body rows still require manual source review before reviewer packet use,28019a34851454d37431f2c900c80b45ea90f23e,generated-draft/non-canonical/source-use/gap-support,generated-draft/non-canonical/source-use/gap support only; not native review/not accepted terminology/not approval/not community consent/not license clearance/not gate promotion/not source certification/not final status/not bridge-pilot/not CJK interlanguage bridge/not pan-CJK authority/not Korean-school authority/not visual inventory/not term spine/not sign rendering/not translation completion
uploader-transfer/interlanguage-fable-6034c6b4-current-frontier-authority-routing-20260707/INTERLANGUAGE_FABLE_6034C6B4_CURRENT_FRONTIER_AUTHORITY_ROUTING_20260707/source_artifacts/0711_ed8943ba60_SUMMARY.csv,A,uploader-transfer-package-context,502,1BF73890BCF996BF24934D97CF6317D61F237BAC08C72343617C059564270056,7,source-like/evidence-like packet artifact only; exact source-body rows still require manual source review before reviewer packet use,28019a34851454d37431f2c900c80b45ea90f23e,generated-draft/non-canonical/source-use/gap-support,generated-draft/non-canonical/source-use/gap support only; not native review/not accepted terminology/not approval/not community consent/not license clearance/not gate promotion/not source certification/not final status/not bridge-pilot/not CJK interlanguage bridge/not pan-CJK authority/not Korean-school authority/not visual inventory/not term spine/not sign rendering/not translation completion
uploader-transfer/interlanguage-fable-6034c6b4-current-frontier-authority-routing-20260707/INTERLANGUAGE_FABLE_6034C6B4_CURRENT_FRONTIER_AUTHORITY_ROUTING_20260707/source_artifacts/0712_33d9005db9_SUMMARY.json,A,uploader-transfer-package-context,1003,FCC7CC34CFA264078581EEB25F9EA3806F707305548466C8C608727AAF2266B0,,source-like/evidence-like packet artifact only; exact source-body rows still require manual source review before reviewer packet use,28019a34851454d37431f2c900c80b45ea90f23e,generated-draft/non-canonical/source-use/gap-support,generated-draft/non-canonical/source-use/gap support only; not native review/not accepted terminology/not approval/not community consent/not license clearance/not gate promotion/not source certification/not final status/not bridge-pilot/not CJK interlanguage bridge/not pan-CJK authority/not Korean-school authority/not visual inventory/not term spine/not sign rendering/not translation completion
uploader-transfer/interlanguage-fable-6034c6b4-current-frontier-authority-routing-20260707/INTERLANGUAGE_FABLE_6034C6B4_CURRENT_FRONTIER_AUTHORITY_ROUTING_20260707/source_artifacts/0713_88ab35054f_SUMMARY_METRICS_A55A9D0F.csv,A,uploader-transfer-package-context,417,17CC15EF135C8ED29F462898F8EFE2D3A60AFAD32EA3E69AE11087BF67FA3E58,10,source-like/evidence-like packet artifact only; exact source-body rows still require manual source review before reviewer packet use,28019a34851454d37431f2c900c80b45ea90f23e,generated-draft/non-canonical/source-use/gap-support,generated-draft/non-canonical/source-use/gap support only; not native review/not accepted terminology/not approval/not community consent/not license clearance/not gate promotion/not source certification/not final status/not bridge-pilot/not CJK interlanguage bridge/not pan-CJK authority/not Korean-school authority/not visual inventory/not term spine/not sign rendering/not translation completion
uploader-transfer/interlanguage-fable-6034c6b4-current-frontier-authority-routing-20260707/INTERLANGUAGE_FABLE_6034C6B4_CURRENT_FRONTIER_AUTHORITY_ROUTING_20260707/source_artifacts/0714_73d521b1fa_UPSTREAM_LEDGER_EXCERPT_A55A9D0F.csv,A,uploader-transfer-package-context,1110,7EFE4A7E39E5010D26167074B8D04D79B297F3E4D0B20039898A40BAB8A6B914,7,source-like/evidence-like packet artifact only; exact source-body rows still require manual source review before reviewer packet use,28019a34851454d37431f2c900c80b45ea90f23e,generated-draft/non-canonical/source-use/gap-support,generated-draft/non-canonical/source-use/gap support only; not native review/not accepted terminology/not approval/not community consent/not license clearance/not gate promotion/not source certification/not final status/not bridge-pilot/not CJK interlanguage bridge/not pan-CJK authority/not Korean-school authority/not visual inventory/not term spine/not sign rendering/not translation completion
uploader-transfer/interlanguage-fable-6034c6b4-current-frontier-authority-routing-20260707/INTERLANGUAGE_FABLE_6034C6B4_CURRENT_FRONTIER_AUTHORITY_ROUTING_20260707/source_artifacts/0715_eeeeeb712e_ACTIVE_SESSION_STATE.csv,A,uploader-transfer-package-context,571,312DD6D8788202753683872A474C3C7A15BD1334906AA561736D82FE43647CCB,7,source-like/evidence-like packet artifact only; exact source-body rows still require manual source review before reviewer packet use,28019a34851454d37431f2c900c80b45ea90f23e,generated-draft/non-canonical/source-use/gap-support,generated-draft/non-canonical/source-use/gap support only; not native review/not accepted terminology/not approval/not community consent/not license clearance/not gate promotion/not source certification/not final status/not bridge-pilot/not CJK interlanguage bridge/not pan-CJK authority/not Korean-school authority/not visual inventory/not term spine/not sign rendering/not translation completion
uploader-transfer/interlanguage-fable-6034c6b4-current-frontier-authority-routing-20260707/INTERLANGUAGE_FABLE_6034C6B4_CURRENT_FRONTIER_AUTHORITY_ROUTING_20260707/source_artifacts/0716_7cea2a6dbe_B3_UPLOADER_READY_SUMMARY.md,A,uploader-transfer-package-context,498,D27FD1570DE0C5AF5D9F0E44991A84E9291845EAD6A88905ADB521985A09677B,,source-like/evidence-like packet artifact only; exact source-body rows still require manual source review before reviewer packet use,28019a34851454d37431f2c900c80b45ea90f23e,generated-draft/non-canonical/source-use/gap-support,generated-draft/non-canonical/source-use/gap support only; not native review/not accepted terminology/not approval/not community consent/not license clearance/not gate promotion/not source certification/not final status/not bridge-pilot/not CJK interlanguage bridge/not pan-CJK authority/not Korean-school authority/not visual inventory/not term spine/not sign rendering/not translation completion
uploader-transfer/interlanguage-fable-6034c6b4-current-frontier-authority-routing-20260707/INTERLANGUAGE_FABLE_6034C6B4_CURRENT_FRONTIER_AUTHORITY_ROUTING_20260707/source_artifacts/0717_caabe6fdfa_BLOCKER_RECOVERY_ROWS_AC6B40F4.csv,A,uploader-transfer-package-context,1231,ECE5A68BA215F8196019BB6DC9CFBF33686653C72CDF79B07ACF29B30806EFEE,5,source-like/evidence-like packet artifact only; exact source-body rows still require manual source review before reviewer packet use,28019a34851454d37431f2c900c80b45ea90f23e,generated-draft/non-canonical/source-use/gap-support,generated-draft/non-canonical/source-use/gap support only; not native review/not accepted terminology/not approval/not community consent/not license clearance/not gate promotion/not source certification/not final status/not bridge-pilot/not CJK interlanguage bridge/not pan-CJK authority/not Korean-school authority/not visual inventory/not term spine/not sign rendering/not translation completion
uploader-transfer/interlanguage-fable-6034c6b4-current-frontier-authority-routing-20260707/INTERLANGUAGE_FABLE_6034C6B4_CURRENT_FRONTIER_AUTHORITY_ROUTING_20260707/source_artifacts/0718_aac3cd9f32_BRANCH_COMMITS_18BBB185_TO_AC6B40F4.csv,A,uploader-transfer-package-context,129,BCCFDE57352F1C45740A9909518605F7949EF95C043386071AC845CC81385EEA,1,source-like/evidence-like packet artifact only; exact source-body rows still require manual source review before reviewer packet use,28019a34851454d37431f2c900c80b45ea90f23e,generated-draft/non-canonical/source-use/gap-support,generated-draft/non-canonical/source-use/gap support only; not native review/not accepted terminology/not approval/not community consent/not license clearance/not gate promotion/not source certification/not final status/not bridge-pilot/not CJK interlanguage bridge/not pan-CJK authority/not Korean-school authority/not visual inventory/not term spine/not sign rendering/not translation completion
uploader-transfer/interlanguage-fable-6034c6b4-current-frontier-authority-routing-20260707/INTERLANGUAGE_FABLE_6034C6B4_CURRENT_FRONTIER_AUTHORITY_ROUTING_20260707/source_artifacts/0719_feaf861f6a_BRANCH_DELTA_18BBB185_TO_AC6B40F4.csv,A,uploader-transfer-package-context,11947,ED17C712DCAE2C38F9E2508A2A9BFA0027B9054B34C1D0F267DB3E0E74C48AEA,53,source-like/evidence-like packet artifact only; exact source-body rows still require manual source review before reviewer packet use,28019a34851454d37431f2c900c80b45ea90f23e,generated-draft/non-canonical/source-use/gap-support,generated-draft/non-canonical/source-use/gap support only; not native review/not accepted terminology/not approval/not community consent/not license clearance/not gate promotion/not source certification/not final status/not bridge-pilot/not CJK interlanguage bridge/not pan-CJK authority/not Korean-school authority/not visual inventory/not term spine/not sign rendering/not translation completion
uploader-transfer/interlanguage-fable-6034c6b4-current-frontier-authority-routing-20260707/INTERLANGUAGE_FABLE_6034C6B4_CURRENT_FRONTIER_AUTHORITY_ROUTING_20260707/source_artifacts/0720_269c03c163_BRANCH_DELTA_CATEGORY_COUNTS_AC6B40F4.csv,A,uploader-transfer-package-context,120,65FF6D94DFC2C4AA83EB84F6E2959C1FCB4D2C2382E991293707C93EA2D6D0F5,3,source-like/evidence-like packet artifact only; exact source-body rows still require manual source review before reviewer packet use,28019a34851454d37431f2c900c80b45ea90f23e,generated-draft/non-canonical/source-use/gap-support,generated-draft/non-canonical/source-use/gap support only; not native review/not accepted terminology/not approval/not community consent/not license clearance/not gate promotion/not source certification/not final status/not bridge-pilot/not CJK interlanguage bridge/not pan-CJK authority/not Korean-school authority/not visual inventory/not term spine/not sign rendering/not translation completion
uploader-transfer/interlanguage-fable-6034c6b4-current-frontier-authority-routing-20260707/INTERLANGUAGE_FABLE_6034C6B4_CURRENT_FRONTIER_AUTHORITY_ROUTING_20260707/source_artifacts/0721_1b54b31591_FINAL_READ_ONLY_VERIFICATION_AC6B40F4.csv,A,uploader-transfer-package-context,481,A7D00961D3AE9BDE25EF849B1DCD407713CBBBCB8C4EB47A259AB4A3093E2F73,3,source-like/evidence-like packet artifact only; exact source-body rows still require manual source review before reviewer packet use,28019a34851454d37431f2c900c80b45ea90f23e,generated-draft/non-canonical/source-use/gap-support,generated-draft/non-canonical/source-use/gap support only; not native review/not accepted terminology/not approval/not community consent/not license clearance/not gate promotion/not source certification/not final status/not bridge-pilot/not CJK interlanguage bridge/not pan-CJK authority/not Korean-school authority/not visual inventory/not term spine/not sign rendering/not translation completion
uploader-transfer/interlanguage-fable-6034c6b4-current-frontier-authority-routing-20260707/INTERLANGUAGE_FABLE_6034C6B4_CURRENT_FRONTIER_AUTHORITY_ROUTING_20260707/source_artifacts/0722_4bd4baf14a_HEARTBEAT_20260707.md,A,uploader-transfer-package-context,601,F3F758CE04F2F63BC78E1359D620AF8F1BAA758E05C95E41EC475877045B6B7A,,source-like/evidence-like packet artifact only; exact source-body rows still require manual source review before reviewer packet use,28019a34851454d37431f2c900c80b45ea90f23e,generated-draft/non-canonical/source-use/gap-support,generated-draft/non-canonical/source-use/gap support only; not native review/not accepted terminology/not approval/not community consent/not license clearance/not gate promotion/not source certification/not final status/not bridge-pilot/not CJK interlanguage bridge/not pan-CJK authority/not Korean-school authority/not visual inventory/not term spine/not sign rendering/not translation completion
uploader-transfer/interlanguage-fable-6034c6b4-current-frontier-authority-routing-20260707/INTERLANGUAGE_FABLE_6034C6B4_CURRENT_FRONTIER_AUTHORITY_ROUTING_20260707/source_artifacts/0723_8f163c207b_LOCAL_PERSIANATE_18B_PACKET_VERIFICATION_AC6B40F4.csv,A,uploader-transfer-package-context,766,C2B87FA66F540085BC5E08D7F482442C8A94DB68E11DC29CD80762C94BC797A9,2,source-like/evidence-like packet artifact only; exact source-body rows still require manual source review before reviewer packet use,28019a34851454d37431f2c900c80b45ea90f23e,generated-draft/non-canonical/source-use/gap-support,generated-draft/non-canonical/source-use/gap support only; not native review/not accepted terminology/not approval/not community consent/not license clearance/not gate promotion/not source certification/not final status/not bridge-pilot/not CJK interlanguage bridge/not pan-CJK authority/not Korean-school authority/not visual inventory/not term spine/not sign rendering/not translation completion
uploader-transfer/interlanguage-fable-6034c6b4-current-frontier-authority-routing-20260707/INTERLANGUAGE_FABLE_6034C6B4_CURRENT_FRONTIER_AUTHORITY_ROUTING_20260707/source_artifacts/0724_3320f5b37b_MANIFEST.csv,A,uploader-transfer-package-context,1862,299D5318E5951DC39676A381EE1602D2F24D1F21E1173F8F4A7EDE7510DDBC23,17,source-like/evidence-like packet artifact only; exact source-body rows still require manual source review before reviewer packet use,28019a34851454d37431f2c900c80b45ea90f23e,generated-draft/non-canonical/source-use/gap-support,generated-draft/non-canonical/source-use/gap support only; not native review/not accepted terminology/not approval/not community consent/not license clearance/not gate promotion/not source certification/not final status/not bridge-pilot/not CJK interlanguage bridge/not pan-CJK authority/not Korean-school authority/not visual inventory/not term spine/not sign rendering/not translation completion
uploader-transfer/interlanguage-fable-6034c6b4-current-frontier-authority-routing-20260707/INTERLANGUAGE_FABLE_6034C6B4_CURRENT_FRONTIER_AUTHORITY_ROUTING_20260707/source_artifacts/0725_52ed85e402_PLACEHOLDER_REPAIR_NOTE_20260707.csv,A,uploader-transfer-package-context,439,061876EDA17D88410D4FB25DC70954A823A65DACAE1376620077C120C907745A,2,source-like/evidence-like packet artifact only; exact source-body rows still require manual source review before reviewer packet use,28019a34851454d37431f2c900c80b45ea90f23e,generated-draft/non-canonical/source-use/gap-support,generated-draft/non-canonical/source-use/gap support only; not native review/not accepted terminology/not approval/not community consent/not license clearance/not gate promotion/not source certification/not final status/not bridge-pilot/not CJK interlanguage bridge/not pan-CJK authority/not Korean-school authority/not visual inventory/not term spine/not sign rendering/not translation completion
uploader-transfer/interlanguage-fable-6034c6b4-current-frontier-authority-routing-20260707/INTERLANGUAGE_FABLE_6034C6B4_CURRENT_FRONTIER_AUTHORITY_ROUTING_20260707/source_artifacts/0726_ade498c877_README.md,A,uploader-transfer-package-context,1521,DE04E941727771DAA2E01F591FD24BC4FCC62AA030C593C5E690D7F39B7B6E63,,source-like/evidence-like packet artifact only; exact source-body rows still require manual source review before reviewer packet use,28019a34851454d37431f2c900c80b45ea90f23e,generated-draft/non-canonical/source-use/gap-support,generated-draft/non-canonical/source-use/gap support only; not native review/not accepted terminology/not approval/not community consent/not license clearance/not gate promotion/not source certification/not final status/not bridge-pilot/not CJK interlanguage bridge/not pan-CJK authority/not Korean-school authority/not visual inventory/not term spine/not sign rendering/not translation completion
uploader-transfer/interlanguage-fable-6034c6b4-current-frontier-authority-routing-20260707/INTERLANGUAGE_FABLE_6034C6B4_CURRENT_FRONTIER_AUTHORITY_ROUTING_20260707/source_artifacts/0727_b6833d307a_REBUILD_TRIGGER_ACCOUNTING_AC6B40F4.csv,A,uploader-transfer-package-context,1274,E4C29B1BEDEB7A22F767FDCF33F0C32C610F4099EBC4A5A4F4545A0313F2AFBB,5,source-like/evidence-like packet artifact only; exact source-body rows still require manual source review before reviewer packet use,28019a34851454d37431f2c900c80b45ea90f23e,generated-draft/non-canonical/source-use/gap-support,generated-draft/non-canonical/source-use/gap support only; not native review/not accepted terminology/not approval/not community consent/not license clearance/not gate promotion/not source certification/not final status/not bridge-pilot/not CJK interlanguage bridge/not pan-CJK authority/not Korean-school authority/not visual inventory/not term spine/not sign rendering/not translation completion
uploader-transfer/interlanguage-fable-6034c6b4-current-frontier-authority-routing-20260707/INTERLANGUAGE_FABLE_6034C6B4_CURRENT_FRONTIER_AUTHORITY_ROUTING_20260707/source_artifacts/0728_03c1ee313b_SESSION_LOGBOOK_20260707.md,A,uploader-transfer-package-context,527,1DC3A848D07256AF66331A8E90BF6A7546ED6A15AE34EAF4EC41FC957378AE40,,source-like/evidence-like packet artifact only; exact source-body rows still require manual source review before reviewer packet use,28019a34851454d37431f2c900c80b45ea90f23e,generated-draft/non-canonical/source-use/gap-support,generated-draft/non-canonical/source-use/gap support only; not native review/not accepted terminology/not approval/not community consent/not license clearance/not gate promotion/not source certification/not final status/not bridge-pilot/not CJK interlanguage bridge/not pan-CJK authority/not Korean-school authority/not visual inventory/not term spine/not sign rendering/not translation completion
uploader-transfer/interlanguage-fable-6034c6b4-current-frontier-authority-routing-20260707/INTERLANGUAGE_FABLE_6034C6B4_CURRENT_FRONTIER_AUTHORITY_ROUTING_20260707/source_artifacts/0729_2604e7d10f_SHA256SUMS.txt,A,uploader-transfer-package-context,1677,C97834D272B2F2B860B608D4ADA0BFBC841CB43FBDEF8C73B34E81ABDE1D0F1C,,source-like/evidence-like packet artifact only; exact source-body rows still require manual source review before reviewer packet use,28019a34851454d37431f2c900c80b45ea90f23e,generated-draft/non-canonical/source-use/gap-support,generated-draft/non-canonical/source-use/gap support only; not native review/not accepted terminology/not approval/not community consent/not license clearance/not gate promotion/not source certification/not final status/not bridge-pilot/not CJK interlanguage bridge/not pan-CJK authority/not Korean-school authority/not visual inventory/not term spine/not sign rendering/not translation completion
uploader-transfer/interlanguage-fable-6034c6b4-current-frontier-authority-routing-20260707/INTERLANGUAGE_FABLE_6034C6B4_CURRENT_FRONTIER_AUTHORITY_ROUTING_20260707/source_artifacts/0730_dfe2146c48_SOURCE_USE_GAP_FABLE_ADVERSE_AC6B40F4.csv,A,uploader-transfer-package-context,1564,1615C4A1F1A920B3D399FC7C9EDA0E51DEFC5375594CE2F14FF33B94289D5BA5,7,source-like/evidence-like packet artifact only; exact source-body rows still require manual source review before reviewer packet use,28019a34851454d37431f2c900c80b45ea90f23e,generated-draft/non-canonical/source-use/gap-support,generated-draft/non-canonical/source-use/gap support only; not native review/not accepted terminology/not approval/not community consent/not license clearance/not gate promotion/not source certification/not final status/not bridge-pilot/not CJK interlanguage bridge/not pan-CJK authority/not Korean-school authority/not visual inventory/not term spine/not sign rendering/not translation completion
uploader-transfer/interlanguage-fable-6034c6b4-current-frontier-authority-routing-20260707/INTERLANGUAGE_FABLE_6034C6B4_CURRENT_FRONTIER_AUTHORITY_ROUTING_20260707/source_artifacts/0731_70fe2afcb5_SUMMARY.csv,A,uploader-transfer-package-context,698,C183BEFA7849D9D4C04EB34B660056082603FD49A1E8CA9CEB75074644479CE6,8,source-like/evidence-like packet artifact only; exact source-body rows still require manual source review before reviewer packet use,28019a34851454d37431f2c900c80b45ea90f23e,generated-draft/non-canonical/source-use/gap-support,generated-draft/non-canonical/source-use/gap support only; not native review/not accepted terminology/not approval/not community consent/not license clearance/not gate promotion/not source certification/not final status/not bridge-pilot/not CJK interlanguage bridge/not pan-CJK authority/not Korean-school authority/not visual inventory/not term spine/not sign rendering/not translation completion
uploader-transfer/interlanguage-fable-6034c6b4-current-frontier-authority-routing-20260707/INTERLANGUAGE_FABLE_6034C6B4_CURRENT_FRONTIER_AUTHORITY_ROUTING_20260707/source_artifacts/0732_e8424b1806_SUMMARY.json,A,uploader-transfer-package-context,1428,1DA7D5AEDED060AB6C0C2BA4DEFBBC04EACD70993C95DA35D22FECF070CB2D1F,,source-like/evidence-like packet artifact only; exact source-body rows still require manual source review before reviewer packet use,28019a34851454d37431f2c900c80b45ea90f23e,generated-draft/non-canonical/source-use/gap-support,generated-draft/non-canonical/source-use/gap support only; not native review/not accepted terminology/not approval/not community consent/not license clearance/not gate promotion/not source certification/not final status/not bridge-pilot/not CJK interlanguage bridge/not pan-CJK authority/not Korean-school authority/not visual inventory/not term spine/not sign rendering/not translation completion
uploader-transfer/interlanguage-fable-6034c6b4-current-frontier-authority-routing-20260707/INTERLANGUAGE_FABLE_6034C6B4_CURRENT_FRONTIER_AUTHORITY_ROUTING_20260707/source_artifacts/0733_37f9de9022_SUMMARY_METRICS_AC6B40F4.csv,A,uploader-transfer-package-context,503,FD133985C716DF50D5FCF555CE464A549D06D8EF186417D09C3419CFA0064EB9,12,source-like/evidence-like packet artifact only; exact source-body rows still require manual source review before reviewer packet use,28019a34851454d37431f2c900c80b45ea90f23e,generated-draft/non-canonical/source-use/gap-support,generated-draft/non-canonical/source-use/gap support only; not native review/not accepted terminology/not approval/not community consent/not license clearance/not gate promotion/not source certification/not final status/not bridge-pilot/not CJK interlanguage bridge/not pan-CJK authority/not Korean-school authority/not visual inventory/not term spine/not sign rendering/not translation completion
uploader-transfer/interlanguage-fable-6034c6b4-fast-recovery-authority-routing-20260707/INTERLANGUAGE_FABLE_6034C6B4_FAST_RECOVERY_AUTHORITY_ROUTING_20260707/ACTIVE_SESSION_STATE.md,A,uploader-transfer-package-context,985,BC6750A20B907839C6386CA709D9613913B179A7300546AA721EAA415456126F,,source-like/evidence-like packet artifact only; exact source-body rows still require manual source review before reviewer packet use,28019a34851454d37431f2c900c80b45ea90f23e,generated-draft/non-canonical/source-use/gap-support,generated-draft/non-canonical/source-use/gap support only; not native review/not accepted terminology/not approval/not community consent/not license clearance/not gate promotion/not source certification/not final status/not bridge-pilot/not CJK interlanguage bridge/not pan-CJK authority/not Korean-school authority/not visual inventory/not term spine/not sign rendering/not translation completion
uploader-transfer/interlanguage-fable-6034c6b4-fast-recovery-authority-routing-20260707/INTERLANGUAGE_FABLE_6034C6B4_FAST_RECOVERY_AUTHORITY_ROUTING_20260707/AUTHORITY_ETHICS_BOUNDARY_LEDGER_6034C6B4.csv,A,uploader-transfer-package-context,668,542BC7C44925E1407830AD2C4942F3649AC50C769E0B1580208A3B84AFE85D59,2,source-like/evidence-like packet artifact only; exact source-body rows still require manual source review before reviewer packet use,28019a34851454d37431f2c900c80b45ea90f23e,generated-draft/non-canonical/source-use/gap-support,generated-draft/non-canonical/source-use/gap support only; not native review/not accepted terminology/not approval/not community consent/not license clearance/not gate promotion/not source certification/not final status/not bridge-pilot/not CJK interlanguage bridge/not pan-CJK authority/not Korean-school authority/not visual inventory/not term spine/not sign rendering/not translation completion
uploader-transfer/interlanguage-fable-6034c6b4-fast-recovery-authority-routing-20260707/INTERLANGUAGE_FABLE_6034C6B4_FAST_RECOVERY_AUTHORITY_ROUTING_20260707/AUTHORITY_ETHICS_BOUNDARY_LEDGER_6034C6B4.json,A,uploader-transfer-package-context,882,F950D5394B7E6D4FCABAF35853F4245505A2C50265DA236F97BA28E1DC125C3D,,source-like/evidence-like packet artifact only; exact source-body rows still require manual source review before reviewer packet use,28019a34851454d37431f2c900c80b45ea90f23e,generated-draft/non-canonical/source-use/gap-support,generated-draft/non-canonical/source-use/gap support only; not native review/not accepted terminology/not approval/not community consent/not license clearance/not gate promotion/not source certification/not final status/not bridge-pilot/not CJK interlanguage bridge/not pan-CJK authority/not Korean-school authority/not visual inventory/not term spine/not sign rendering/not translation completion
uploader-transfer/interlanguage-fable-6034c6b4-fast-recovery-authority-routing-20260707/INTERLANGUAGE_FABLE_6034C6B4_FAST_RECOVERY_AUTHORITY_ROUTING_20260707/B3_HANDOFF_INDEX_6034C6B4.csv,A,uploader-transfer-package-context,17636,8DEAD925FB3E23C563D10F570C0D1574D945A56034E9E1BFB584903AAC52CF64,36,source-like/evidence-like packet artifact only; exact source-body rows still require manual source review before reviewer packet use,28019a34851454d37431f2c900c80b45ea90f23e,generated-draft/non-canonical/source-use/gap-support,generated-draft/non-canonical/source-use/gap support only; not native review/not accepted terminology/not approval/not community consent/not license clearance/not gate promotion/not source certification/not final status/not bridge-pilot/not CJK interlanguage bridge/not pan-CJK authority/not Korean-school authority/not visual inventory/not term spine/not sign rendering/not translation completion
uploader-transfer/interlanguage-fable-6034c6b4-fast-recovery-authority-routing-20260707/INTERLANGUAGE_FABLE_6034C6B4_FAST_RECOVERY_AUTHORITY_ROUTING_20260707/B3_HANDOFF_INDEX_6034C6B4.json,A,uploader-transfer-package-context,22923,5633FF692799AFF838BECB1513ED49CE0C96D37C5DB2F7FE970463EC827E3725,,source-like/evidence-like packet artifact only; exact source-body rows still require manual source review before reviewer packet use,28019a34851454d37431f2c900c80b45ea90f23e,generated-draft/non-canonical/source-use/gap-support,generated-draft/non-canonical/source-use/gap support only; not native review/not accepted terminology/not approval/not community consent/not license clearance/not gate promotion/not source certification/not final status/not bridge-pilot/not CJK interlanguage bridge/not pan-CJK authority/not Korean-school authority/not visual inventory/not term spine/not sign rendering/not translation completion
uploader-transfer/interlanguage-fable-6034c6b4-fast-recovery-authority-routing-20260707/INTERLANGUAGE_FABLE_6034C6B4_FAST_RECOVERY_AUTHORITY_ROUTING_20260707/BLOCKER_RECOVERY_SURFACE_LEDGER_6034C6B4.csv,A,uploader-transfer-package-context,2027,2BC071F1771DF7C06CC20FBC2AD22C4BBF82CD5FBAB404C3F29531134E619EE1,4,source-like/evidence-like packet artifact only; exact source-body rows still require manual source review before reviewer packet use,28019a34851454d37431f2c900c80b45ea90f23e,generated-draft/non-canonical/source-use/gap-support,generated-draft/non-canonical/source-use/gap support only; not native review/not accepted terminology/not approval/not community consent/not license clearance/not gate promotion/not source certification/not final status/not bridge-pilot/not CJK interlanguage bridge/not pan-CJK authority/not Korean-school authority/not visual inventory/not term spine/not sign rendering/not translation completion
uploader-transfer/interlanguage-fable-6034c6b4-fast-recovery-authority-routing-20260707/INTERLANGUAGE_FABLE_6034C6B4_FAST_RECOVERY_AUTHORITY_ROUTING_20260707/BLOCKER_RECOVERY_SURFACE_LEDGER_6034C6B4.json,A,uploader-transfer-package-context,2546,1D8A7A8AD33DA2649060F581E6F3866D5112493ED46BDABD1E8E97DF8AD52F85,,source-like/evidence-like packet artifact only; exact source-body rows still require manual source review before reviewer packet use,28019a34851454d37431f2c900c80b45ea90f23e,generated-draft/non-canonical/source-use/gap-support,generated-draft/non-canonical/source-use/gap support only; not native review/not accepted terminology/not approval/not community consent/not license clearance/not gate promotion/not source certification/not final status/not bridge-pilot/not CJK interlanguage bridge/not pan-CJK authority/not Korean-school authority/not visual inventory/not term spine/not sign rendering/not translation completion
uploader-transfer/interlanguage-fable-6034c6b4-fast-recovery-authority-routing-20260707/INTERLANGUAGE_FABLE_6034C6B4_FAST_RECOVERY_AUTHORITY_ROUTING_20260707/BRANCH_CHANGED_PATH_OBJECT_INDEX_761BEC88_TO_6034C6B4.csv,A,uploader-transfer-package-context,456395,797C80803FD93A009EA574318AFC886AD44DE44D7D62094D418F0E29D3D082AD,733,source-like/evidence-like packet artifact only; exact source-body rows still require manual source review before reviewer packet use,28019a34851454d37431f2c900c80b45ea90f23e,generated-draft/non-canonical/source-use/gap-support,generated-draft/non-canonical/source-use/gap support only; not native review/not accepted terminology/not approval/not community consent/not license clearance/not gate promotion/not source certification/not final status/not bridge-pilot/not CJK interlanguage bridge/not pan-CJK authority/not Korean-school authority/not visual inventory/not term spine/not sign rendering/not translation completion
uploader-transfer/interlanguage-fable-6034c6b4-fast-recovery-authority-routing-20260707/INTERLANGUAGE_FABLE_6034C6B4_FAST_RECOVERY_AUTHORITY_ROUTING_20260707/BRANCH_CHANGED_PATH_OBJECT_INDEX_761BEC88_TO_6034C6B4.json,A,uploader-transfer-package-context,663685,39F5EFE1589C184B4075EB01AE2DBA477399DA7FCFD664818B2A71B3B3C9B1AD,,source-like/evidence-like packet artifact only; exact source-body rows still require manual source review before reviewer packet use,28019a34851454d37431f2c900c80b45ea90f23e,generated-draft/non-canonical/source-use/gap-support,generated-draft/non-canonical/source-use/gap support only; not native review/not accepted terminology/not approval/not community consent/not license clearance/not gate promotion/not source certification/not final status/not bridge-pilot/not CJK interlanguage bridge/not pan-CJK authority/not Korean-school authority/not visual inventory/not term spine/not sign rendering/not translation completion
uploader-transfer/interlanguage-fable-6034c6b4-fast-recovery-authority-routing-20260707/INTERLANGUAGE_FABLE_6034C6B4_FAST_RECOVERY_AUTHORITY_ROUTING_20260707/BRANCH_COMMITS_761BEC88_TO_6034C6B4.csv,A,uploader-transfer-package-context,660,ECD8A043B286E46AD2EBFCE80ADE04BD7D79317BA5817A58924C8C8BD6B034E0,1,source-like/evidence-like packet artifact only; exact source-body rows still require manual source review before reviewer packet use,28019a34851454d37431f2c900c80b45ea90f23e,generated-draft/non-canonical/source-use/gap-support,generated-draft/non-canonical/source-use/gap support only; not native review/not accepted terminology/not approval/not community consent/not license clearance/not gate promotion/not source certification/not final status/not bridge-pilot/not CJK interlanguage bridge/not pan-CJK authority/not Korean-school authority/not visual inventory/not term spine/not sign rendering/not translation completion
uploader-transfer/interlanguage-fable-6034c6b4-fast-recovery-authority-routing-20260707/INTERLANGUAGE_FABLE_6034C6B4_FAST_RECOVERY_AUTHORITY_ROUTING_20260707/BRANCH_COMMITS_761BEC88_TO_6034C6B4.json,A,uploader-transfer-package-context,781,045A7C33278654B433B374A64CF584A71DF617C6564894D09E9975139E4B36F1,,source-like/evidence-like packet artifact only; exact source-body rows still require manual source review before reviewer packet use,28019a34851454d37431f2c900c80b45ea90f23e,generated-draft/non-canonical/source-use/gap-support,generated-draft/non-canonical/source-use/gap support only; not native review/not accepted terminology/not approval/not community consent/not license clearance/not gate promotion/not source certification/not final status/not bridge-pilot/not CJK interlanguage bridge/not pan-CJK authority/not Korean-school authority/not visual inventory/not term spine/not sign rendering/not translation completion
uploader-transfer/interlanguage-fable-6034c6b4-fast-recovery-authority-routing-20260707/INTERLANGUAGE_FABLE_6034C6B4_FAST_RECOVERY_AUTHORITY_ROUTING_20260707/BRANCH_WEIGHTING_LEDGER_6034C6B4.csv,A,uploader-transfer-package-context,5336,B1FF7A8B22F2FB754822414CC16C458612CABDF5B7CEA180D9A501A1EB739C6E,17,source-like/evidence-like packet artifact only; exact source-body rows still require manual source review before reviewer packet use,28019a34851454d37431f2c900c80b45ea90f23e,generated-draft/non-canonical/source-use/gap-support,generated-draft/non-canonical/source-use/gap support only; not native review/not accepted terminology/not approval/not community consent/not license clearance/not gate promotion/not source certification/not final status/not bridge-pilot/not CJK interlanguage bridge/not pan-CJK authority/not Korean-school authority/not visual inventory/not term spine/not sign rendering/not translation completion
uploader-transfer/interlanguage-fable-6034c6b4-fast-recovery-authority-routing-20260707/INTERLANGUAGE_FABLE_6034C6B4_FAST_RECOVERY_AUTHORITY_ROUTING_20260707/BRANCH_WEIGHTING_LEDGER_6034C6B4.json,A,uploader-transfer-package-context,8053,35396F390E08C6FBE47D37BA15A6FB3703FC2C7F5E8428A1D684170D8D9E4D22,,source-like/evidence-like packet artifact only; exact source-body rows still require manual source review before reviewer packet use,28019a34851454d37431f2c900c80b45ea90f23e,generated-draft/non-canonical/source-use/gap-support,generated-draft/non-canonical/source-use/gap support only; not native review/not accepted terminology/not approval/not community consent/not license clearance/not gate promotion/not source certification/not final status/not bridge-pilot/not CJK interlanguage bridge/not pan-CJK authority/not Korean-school authority/not visual inventory/not term spine/not sign rendering/not translation completion
uploader-transfer/interlanguage-fable-6034c6b4-fast-recovery-authority-routing-20260707/INTERLANGUAGE_FABLE_6034C6B4_FAST_RECOVERY_AUTHORITY_ROUTING_20260707/CURRENT_FRONTIER_VERIFICATION_6034C6B4.csv,A,uploader-transfer-package-context,483,323334AFFFB0CE15A255D0753802901E866B677853F7A5551AB0C3F62808FFC9,1,source-like/evidence-like packet artifact only; exact source-body rows still require manual source review before reviewer packet use,28019a34851454d37431f2c900c80b45ea90f23e,generated-draft/non-canonical/source-use/gap-support,generated-draft/non-canonical/source-use/gap support only; not native review/not accepted terminology/not approval/not community consent/not license clearance/not gate promotion/not source certification/not final status/not bridge-pilot/not CJK interlanguage bridge/not pan-CJK authority/not Korean-school authority/not visual inventory/not term spine/not sign rendering/not translation completion
uploader-transfer/interlanguage-fable-6034c6b4-fast-recovery-authority-routing-20260707/INTERLANGUAGE_FABLE_6034C6B4_FAST_RECOVERY_AUTHORITY_ROUTING_20260707/CURRENT_FRONTIER_VERIFICATION_6034C6B4.json,A,uploader-transfer-package-context,562,328E16DBC15F79620347C7E1C240466B41EFE4DF6B6009B000062E2833E3A443,,source-like/evidence-like packet artifact only; exact source-body rows still require manual source review before reviewer packet use,28019a34851454d37431f2c900c80b45ea90f23e,generated-draft/non-canonical/source-use/gap-support,generated-draft/non-canonical/source-use/gap support only; not native review/not accepted terminology/not approval/not community consent/not license clearance/not gate promotion/not source certification/not final status/not bridge-pilot/not CJK interlanguage bridge/not pan-CJK authority/not Korean-school authority/not visual inventory/not term spine/not sign rendering/not translation completion
uploader-transfer/interlanguage-fable-6034c6b4-fast-recovery-authority-routing-20260707/INTERLANGUAGE_FABLE_6034C6B4_FAST_RECOVERY_AUTHORITY_ROUTING_20260707/DO_NOT_USE_LEDGER_6034C6B4.csv,A,uploader-transfer-package-context,7659,7EF5EBDEE7881D3848CFF84756216F351AA359231C957D9FA8C6408F09B1D12C,17,source-like/evidence-like packet artifact only; exact source-body rows still require manual source review before reviewer packet use,28019a34851454d37431f2c900c80b45ea90f23e,generated-draft/non-canonical/source-use/gap-support,generated-draft/non-canonical/source-use/gap support only; not native review/not accepted terminology/not approval/not community consent/not license clearance/not gate promotion/not source certification/not final status/not bridge-pilot/not CJK interlanguage bridge/not pan-CJK authority/not Korean-school authority/not visual inventory/not term spine/not sign rendering/not translation completion
uploader-transfer/interlanguage-fable-6034c6b4-fast-recovery-authority-routing-20260707/INTERLANGUAGE_FABLE_6034C6B4_FAST_RECOVERY_AUTHORITY_ROUTING_20260707/DO_NOT_USE_LEDGER_6034C6B4.json,A,uploader-transfer-package-context,9805,629CF1AE5A3729EBFC0D025F6AA7FB5BABE20B0ECFCB160E1F38ED552E94A179,,source-like/evidence-like packet artifact only; exact source-body rows still require manual source review before reviewer packet use,28019a34851454d37431f2c900c80b45ea90f23e,generated-draft/non-canonical/source-use/gap-support,generated-draft/non-canonical/source-use/gap support only; not native review/not accepted terminology/not approval/not community consent/not license clearance/not gate promotion/not source certification/not final status/not bridge-pilot/not CJK interlanguage bridge/not pan-CJK authority/not Korean-school authority/not visual inventory/not term spine/not sign rendering/not translation completion
uploader-transfer/interlanguage-fable-6034c6b4-fast-recovery-authority-routing-20260707/INTERLANGUAGE_FABLE_6034C6B4_FAST_RECOVERY_AUTHORITY_ROUTING_20260707/FINAL_VALIDATION.json,A,uploader-transfer-package-context,1508,986B941E8C5A03C14A22AFED8B499D93A2893286CC4BA280567019AA79E7109B,,source-like/evidence-like packet artifact only; exact source-body rows still require manual source review before reviewer packet use,28019a34851454d37431f2c900c80b45ea90f23e,generated-draft/non-canonical/source-use/gap-support,generated-draft/non-canonical/source-use/gap support only; not native review/not accepted terminology/not approval/not community consent/not license clearance/not gate promotion/not source certification/not final status/not bridge-pilot/not CJK interlanguage bridge/not pan-CJK authority/not Korean-school authority/not visual inventory/not term spine/not sign rendering/not translation completion
uploader-transfer/interlanguage-fable-6034c6b4-fast-recovery-authority-routing-20260707/INTERLANGUAGE_FABLE_6034C6B4_FAST_RECOVERY_AUTHORITY_ROUTING_20260707/HEARTBEAT_20260707.md,A,uploader-transfer-package-context,1014,106BCB8D2338499A43E814A0E2D00BD9F8B38C77A03E9F67FEB3650B711E10D9,,source-like/evidence-like packet artifact only; exact source-body rows still require manual source review before reviewer packet use,28019a34851454d37431f2c900c80b45ea90f23e,generated-draft/non-canonical/source-use/gap-support,generated-draft/non-canonical/source-use/gap support only; not native review/not accepted terminology/not approval/not community consent/not license clearance/not gate promotion/not source certification/not final status/not bridge-pilot/not CJK interlanguage bridge/not pan-CJK authority/not Korean-school authority/not visual inventory/not term spine/not sign rendering/not translation completion
uploader-transfer/interlanguage-fable-6034c6b4-fast-recovery-authority-routing-20260707/INTERLANGUAGE_FABLE_6034C6B4_FAST_RECOVERY_AUTHORITY_ROUTING_20260707/INTERSLAVIC_CORRECTION_LEDGER_6034C6B4.csv,A,uploader-transfer-package-context,531,E2D5A41310DE39826FB7952AF8ECEDF7BF48B1126D44F9F138F76F94C21B4C08,1,source-like/evidence-like packet artifact only; exact source-body rows still require manual source review before reviewer packet use,28019a34851454d37431f2c900c80b45ea90f23e,generated-draft/non-canonical/source-use/gap-support,generated-draft/non-canonical/source-use/gap support only; not native review/not accepted terminology/not approval/not community consent/not license clearance/not gate promotion/not source certification/not final status/not bridge-pilot/not CJK interlanguage bridge/not pan-CJK authority/not Korean-school authority/not visual inventory/not term spine/not sign rendering/not translation completion
uploader-transfer/interlanguage-fable-6034c6b4-fast-recovery-authority-routing-20260707/INTERLANGUAGE_FABLE_6034C6B4_FAST_RECOVERY_AUTHORITY_ROUTING_20260707/INTERSLAVIC_CORRECTION_LEDGER_6034C6B4.json,A,uploader-transfer-package-context,597,A32BC820CC3E7E583EEF5B91C7EBBC7D9C27D5AF11148419F30B7C26CD706B29,,source-like/evidence-like packet artifact only; exact source-body rows still require manual source review before reviewer packet use,28019a34851454d37431f2c900c80b45ea90f23e,generated-draft/non-canonical/source-use/gap-support,generated-draft/non-canonical/source-use/gap support only; not native review/not accepted terminology/not approval/not community consent/not license clearance/not gate promotion/not source certification/not final status/not bridge-pilot/not CJK interlanguage bridge/not pan-CJK authority/not Korean-school authority/not visual inventory/not term spine/not sign rendering/not translation completion
uploader-transfer/interlanguage-fable-6034c6b4-fast-recovery-authority-routing-20260707/INTERLANGUAGE_FABLE_6034C6B4_FAST_RECOVERY_AUTHORITY_ROUTING_20260707/LOCAL_SIBLING_ROOT_INDEX_6034C6B4.csv,A,uploader-transfer-package-context,16369,2E73E270856C53E689A90A6A71DEAD06BDD81795161FC368AC7AC0A51C2E7ABC,21,source-like/evidence-like packet artifact only; exact source-body rows still require manual source review before reviewer packet use,28019a34851454d37431f2c900c80b45ea90f23e,generated-draft/non-canonical/source-use/gap-support,generated-draft/non-canonical/source-use/gap support only; not native review/not accepted terminology/not approval/not community consent/not license clearance/not gate promotion/not source certification/not final status/not bridge-pilot/not CJK interlanguage bridge/not pan-CJK authority/not Korean-school authority/not visual inventory/not term spine/not sign rendering/not translation completion
uploader-transfer/interlanguage-fable-6034c6b4-fast-recovery-authority-routing-20260707/INTERLANGUAGE_FABLE_6034C6B4_FAST_RECOVERY_AUTHORITY_ROUTING_20260707/LOCAL_SIBLING_ROOT_INDEX_6034C6B4.json,A,uploader-transfer-package-context,23563,69C4B3C43B0B0DA8FD28AA720F462CC4A6FF9652890B18273B41407CE2559534,,source-like/evidence-like packet artifact only; exact source-body rows still require manual source review before reviewer packet use,28019a34851454d37431f2c900c80b45ea90f23e,generated-draft/non-canonical/source-use/gap-support,generated-draft/non-canonical/source-use/gap support only; not native review/not accepted terminology/not approval/not community consent/not license clearance/not gate promotion/not source certification/not final status/not bridge-pilot/not CJK interlanguage bridge/not pan-CJK authority/not Korean-school authority/not visual inventory/not term spine/not sign rendering/not translation completion
uploader-transfer/interlanguage-fable-6034c6b4-fast-recovery-authority-routing-20260707/INTERLANGUAGE_FABLE_6034C6B4_FAST_RECOVERY_AUTHORITY_ROUTING_20260707/MANIFEST.csv,A,uploader-transfer-package-context,4034,58CF0DC57F3FA3B593F008C81A53DC156BF41692EB80C66D478FAC42562C8848,36,source-like/evidence-like packet artifact only; exact source-body rows still require manual source review before reviewer packet use,28019a34851454d37431f2c900c80b45ea90f23e,generated-draft/non-canonical/source-use/gap-support,generated-draft/non-canonical/source-use/gap support only; not native review/not accepted terminology/not approval/not community consent/not license clearance/not gate promotion/not source certification/not final status/not bridge-pilot/not CJK interlanguage bridge/not pan-CJK authority/not Korean-school authority/not visual inventory/not term spine/not sign rendering/not translation completion
uploader-transfer/interlanguage-fable-6034c6b4-fast-recovery-authority-routing-20260707/INTERLANGUAGE_FABLE_6034C6B4_FAST_RECOVERY_AUTHORITY_ROUTING_20260707/MARGINAL_INTELLIGIBILITY_LEDGER_6034C6B4.csv,A,uploader-transfer-package-context,5939,7759A0B1FCE86867B35C9E41D731AB4463AC9D19AF39A665B599F4220E9C6C16,17,source-like/evidence-like packet artifact only; exact source-body rows still require manual source review before reviewer packet use,28019a34851454d37431f2c900c80b45ea90f23e,generated-draft/non-canonical/source-use/gap-support,generated-draft/non-canonical/source-use/gap support only; not native review/not accepted terminology/not approval/not community consent/not license clearance/not gate promotion/not source certification/not final status/not bridge-pilot/not CJK interlanguage bridge/not pan-CJK authority/not Korean-school authority/not visual inventory/not term spine/not sign rendering/not translation completion
uploader-transfer/interlanguage-fable-6034c6b4-fast-recovery-authority-routing-20260707/INTERLANGUAGE_FABLE_6034C6B4_FAST_RECOVERY_AUTHORITY_ROUTING_20260707/MARGINAL_INTELLIGIBILITY_LEDGER_6034C6B4.json,A,uploader-transfer-package-context,8802,9A78C0DAE8C2E6E2B2C4DA8FD617A646E34E7316FD3223E573B3C732E04240B4,,source-like/evidence-like packet artifact only; exact source-body rows still require manual source review before reviewer packet use,28019a34851454d37431f2c900c80b45ea90f23e,generated-draft/non-canonical/source-use/gap-support,generated-draft/non-canonical/source-use/gap support only; not native review/not accepted terminology/not approval/not community consent/not license clearance/not gate promotion/not source certification/not final status/not bridge-pilot/not CJK interlanguage bridge/not pan-CJK authority/not Korean-school authority/not visual inventory/not term spine/not sign rendering/not translation completion
uploader-transfer/interlanguage-fable-6034c6b4-fast-recovery-authority-routing-20260707/INTERLANGUAGE_FABLE_6034C6B4_FAST_RECOVERY_AUTHORITY_ROUTING_20260707/NORMALIZATION_MARKER_TABLE_LEDGER_6034C6B4.csv,A,uploader-transfer-package-context,6918,E6606DC10E800D2843EFDA388977DFD48835B1718F54E31CC16D4C56BF01A630,17,source-like/evidence-like packet artifact only; exact source-body rows still require manual source review before reviewer packet use,28019a34851454d37431f2c900c80b45ea90f23e,generated-draft/non-canonical/source-use/gap-support,generated-draft/non-canonical/source-use/gap support only; not native review/not accepted terminology/not approval/not community consent/not license clearance/not gate promotion/not source certification/not final status/not bridge-pilot/not CJK interlanguage bridge/not pan-CJK authority/not Korean-school authority/not visual inventory/not term spine/not sign rendering/not translation completion
uploader-transfer/interlanguage-fable-6034c6b4-fast-recovery-authority-routing-20260707/INTERLANGUAGE_FABLE_6034C6B4_FAST_RECOVERY_AUTHORITY_ROUTING_20260707/NORMALIZATION_MARKER_TABLE_LEDGER_6034C6B4.json,A,uploader-transfer-package-context,9669,D4F6039540E77E98E9F4710C4A9D2A54452C88EDE498985B247D123A8888FC78,,source-like/evidence-like packet artifact only; exact source-body rows still require manual source review before reviewer packet use,28019a34851454d37431f2c900c80b45ea90f23e,generated-draft/non-canonical/source-use/gap-support,generated-draft/non-canonical/source-use/gap support only; not native review/not accepted terminology/not approval/not community consent/not license clearance/not gate promotion/not source certification/not final status/not bridge-pilot/not CJK interlanguage bridge/not pan-CJK authority/not Korean-school authority/not visual inventory/not term spine/not sign rendering/not translation completion
uploader-transfer/interlanguage-fable-6034c6b4-fast-recovery-authority-routing-20260707/INTERLANGUAGE_FABLE_6034C6B4_FAST_RECOVERY_AUTHORITY_ROUTING_20260707/PAYLOAD_GROUP_COUNTS_6034C6B4.csv,A,uploader-transfer-package-context,5638,F656677CEA0AB1BC3ED0708921591A2AF814DB92FE9EFA4121A832963A92093B,17,source-like/evidence-like packet artifact only; exact source-body rows still require manual source review before reviewer packet use,28019a34851454d37431f2c900c80b45ea90f23e,generated-draft/non-canonical/source-use/gap-support,generated-draft/non-canonical/source-use/gap support only; not native review/not accepted terminology/not approval/not community consent/not license clearance/not gate promotion/not source certification/not final status/not bridge-pilot/not CJK interlanguage bridge/not pan-CJK authority/not Korean-school authority/not visual inventory/not term spine/not sign rendering/not translation completion
uploader-transfer/interlanguage-fable-6034c6b4-fast-recovery-authority-routing-20260707/INTERLANGUAGE_FABLE_6034C6B4_FAST_RECOVERY_AUTHORITY_ROUTING_20260707/PAYLOAD_GROUP_COUNTS_6034C6B4.json,A,uploader-transfer-package-context,8291,E35C95F887F7D55FD50A9C3041E2F9FD0F0DC2E4D7154FCC140EB3E8FCD236A4,,source-like/evidence-like packet artifact only; exact source-body rows still require manual source review before reviewer packet use,28019a34851454d37431f2c900c80b45ea90f23e,generated-draft/non-canonical/source-use/gap-support,generated-draft/non-canonical/source-use/gap support only; not native review/not accepted terminology/not approval/not community consent/not license clearance/not gate promotion/not source certification/not final status/not bridge-pilot/not CJK interlanguage bridge/not pan-CJK authority/not Korean-school authority/not visual inventory/not term spine/not sign rendering/not translation completion
uploader-transfer/interlanguage-fable-6034c6b4-fast-recovery-authority-routing-20260707/INTERLANGUAGE_FABLE_6034C6B4_FAST_RECOVERY_AUTHORITY_ROUTING_20260707/PERSIANATE_TAJIK_SUBLANE_BOUNDARY_LEDGER_6034C6B4.csv,A,uploader-transfer-package-context,3760,265BACA8C12BA589E6692EDA77F84BDFC4E20F9D63EF32D517D6D8628E9FECB6,5,source-like/evidence-like packet artifact only; exact source-body rows still require manual source review before reviewer packet use,28019a34851454d37431f2c900c80b45ea90f23e,generated-draft/non-canonical/source-use/gap-support,generated-draft/non-canonical/source-use/gap support only; not native review/not accepted terminology/not approval/not community consent/not license clearance/not gate promotion/not source certification/not final status/not bridge-pilot/not CJK interlanguage bridge/not pan-CJK authority/not Korean-school authority/not visual inventory/not term spine/not sign rendering/not translation completion
uploader-transfer/interlanguage-fable-6034c6b4-fast-recovery-authority-routing-20260707/INTERLANGUAGE_FABLE_6034C6B4_FAST_RECOVERY_AUTHORITY_ROUTING_20260707/PERSIANATE_TAJIK_SUBLANE_BOUNDARY_LEDGER_6034C6B4.json,A,uploader-transfer-package-context,4883,1AD58D5FA86E4E7B781956C18A06038C2F190B506144438A5C73494C22AA6318,,source-like/evidence-like packet artifact only; exact source-body rows still require manual source review before reviewer packet use,28019a34851454d37431f2c900c80b45ea90f23e,generated-draft/non-canonical/source-use/gap-support,generated-draft/non-canonical/source-use/gap support only; not native review/not accepted terminology/not approval/not community consent/not license clearance/not gate promotion/not source certification/not final status/not bridge-pilot/not CJK interlanguage bridge/not pan-CJK authority/not Korean-school authority/not visual inventory/not term spine/not sign rendering/not translation completion
uploader-transfer/interlanguage-fable-6034c6b4-fast-recovery-authority-routing-20260707/INTERLANGUAGE_FABLE_6034C6B4_FAST_RECOVERY_AUTHORITY_ROUTING_20260707/README.md,A,uploader-transfer-package-context,966,8D94152541B8511CF66461161419748E803B4BEE851B99DAB640D96DA8D4CA5E,,source-like/evidence-like packet artifact only; exact source-body rows still require manual source review before reviewer packet use,28019a34851454d37431f2c900c80b45ea90f23e,generated-draft/non-canonical/source-use/gap-support,generated-draft/non-canonical/source-use/gap support only; not native review/not accepted terminology/not approval/not community consent/not license clearance/not gate promotion/not source certification/not final status/not bridge-pilot/not CJK interlanguage bridge/not pan-CJK authority/not Korean-school authority/not visual inventory/not term spine/not sign rendering/not translation completion
uploader-transfer/interlanguage-fable-6034c6b4-fast-recovery-authority-routing-20260707/INTERLANGUAGE_FABLE_6034C6B4_FAST_RECOVERY_AUTHORITY_ROUTING_20260707/SESSION_LOGBOOK_20260707.md,A,uploader-transfer-package-context,715,86A00AA052AFE17DBEA0E69C38833F780D61AD77855903D7F359CE6611530B2F,,source-like/evidence-like packet artifact only; exact source-body rows still require manual source review before reviewer packet use,28019a34851454d37431f2c900c80b45ea90f23e,generated-draft/non-canonical/source-use/gap-support,generated-draft/non-canonical/source-use/gap support only; not native review/not accepted terminology/not approval/not community consent/not license clearance/not gate promotion/not source certification/not final status/not bridge-pilot/not CJK interlanguage bridge/not pan-CJK authority/not Korean-school authority/not visual inventory/not term spine/not sign rendering/not translation completion
uploader-transfer/interlanguage-fable-6034c6b4-fast-recovery-authority-routing-20260707/INTERLANGUAGE_FABLE_6034C6B4_FAST_RECOVERY_AUTHORITY_ROUTING_20260707/SHA256SUMS.txt,A,uploader-transfer-package-context,3856,F85BDC2901F7D5E0A8448CF0D7C632693DC1F51A15AAE763FBCD2BAB5D0ED0B0,,source-like/evidence-like packet artifact only; exact source-body rows still require manual source review before reviewer packet use,28019a34851454d37431f2c900c80b45ea90f23e,generated-draft/non-canonical/source-use/gap-support,generated-draft/non-canonical/source-use/gap support only; not native review/not accepted terminology/not approval/not community consent/not license clearance/not gate promotion/not source certification/not final status/not bridge-pilot/not CJK interlanguage bridge/not pan-CJK authority/not Korean-school authority/not visual inventory/not term spine/not sign rendering/not translation completion
uploader-transfer/interlanguage-fable-6034c6b4-fast-recovery-authority-routing-20260707/INTERLANGUAGE_FABLE_6034C6B4_FAST_RECOVERY_AUTHORITY_ROUTING_20260707/SIBLING_WAKE_LEDGER_6034C6B4.csv,A,uploader-transfer-package-context,5038,00BAC32D92F0B0E11490C9B614972C0867D4EC915799930F160402B551B8065A,13,source-like/evidence-like packet artifact only; exact source-body rows still require manual source review before reviewer packet use,28019a34851454d37431f2c900c80b45ea90f23e,generated-draft/non-canonical/source-use/gap-support,generated-draft/non-canonical/source-use/gap support only; not native review/not accepted terminology/not approval/not community consent/not license clearance/not gate promotion/not source certification/not final status/not bridge-pilot/not CJK interlanguage bridge/not pan-CJK authority/not Korean-school authority/not visual inventory/not term spine/not sign rendering/not translation completion
uploader-transfer/interlanguage-fable-6034c6b4-fast-recovery-authority-routing-20260707/INTERLANGUAGE_FABLE_6034C6B4_FAST_RECOVERY_AUTHORITY_ROUTING_20260707/SIBLING_WAKE_LEDGER_6034C6B4.json,A,uploader-transfer-package-context,7300,301DD04334900C30773AD8C4AA7A5F7F089E7FC9157FBF00A3E30E4688C63A99,,source-like/evidence-like packet artifact only; exact source-body rows still require manual source review before reviewer packet use,28019a34851454d37431f2c900c80b45ea90f23e,generated-draft/non-canonical/source-use/gap-support,generated-draft/non-canonical/source-use/gap support only; not native review/not accepted terminology/not approval/not community consent/not license clearance/not gate promotion/not source certification/not final status/not bridge-pilot/not CJK interlanguage bridge/not pan-CJK authority/not Korean-school authority/not visual inventory/not term spine/not sign rendering/not translation completion
uploader-transfer/interlanguage-fable-6034c6b4-fast-recovery-authority-routing-20260707/INTERLANGUAGE_FABLE_6034C6B4_FAST_RECOVERY_AUTHORITY_ROUTING_20260707/SOURCE_USE_ADVERSE_COVERAGE_LEDGER_6034C6B4.csv,A,uploader-transfer-package-context,539910,A4BBB39BBD8CE428B98B7A36FEF1B1E151A19F0A04DD7B553334CE6F921C6F75,733,source-like/evidence-like packet artifact only; exact source-body rows still require manual source review before reviewer packet use,28019a34851454d37431f2c900c80b45ea90f23e,generated-draft/non-canonical/source-use/gap-support,generated-draft/non-canonical/source-use/gap support only; not native review/not accepted terminology/not approval/not community consent/not license clearance/not gate promotion/not source certification/not final status/not bridge-pilot/not CJK interlanguage bridge/not pan-CJK authority/not Korean-school authority/not visual inventory/not term spine/not sign rendering/not translation completion
uploader-transfer/interlanguage-fable-6034c6b4-fast-recovery-authority-routing-20260707/INTERLANGUAGE_FABLE_6034C6B4_FAST_RECOVERY_AUTHORITY_ROUTING_20260707/SOURCE_USE_ADVERSE_COVERAGE_LEDGER_6034C6B4.json,A,uploader-transfer-package-context,687141,CD709B5D562C30AC7CAA5B52BF4CECBF17E7FEF404399A9C3457F7F07B45661E,,source-like/evidence-like packet artifact only; exact source-body rows still require manual source review before reviewer packet use,28019a34851454d37431f2c900c80b45ea90f23e,generated-draft/non-canonical/source-use/gap-support,generated-draft/non-canonical/source-use/gap support only; not native review/not accepted terminology/not approval/not community consent/not license clearance/not gate promotion/not source certification/not final status/not bridge-pilot/not CJK interlanguage bridge/not pan-CJK authority/not Korean-school authority/not visual inventory/not term spine/not sign rendering/not translation completion
uploader-transfer/interlanguage-fable-9737e10c-live-drift-after-6034c6b4-20260707/INTERLANGUAGE_FABLE_9737E10C_LIVE_DRIFT_AFTER_6034C6B4_20260707/ACTIVE_SESSION_STATE.md,A,uploader-transfer-package-context,798,ABBEF7941BB624AD81B762FFDDFE841F823C84167F5C75366BF4F356909B6A0D,,source-like/evidence-like packet artifact only; exact source-body rows still require manual source review before reviewer packet use,28019a34851454d37431f2c900c80b45ea90f23e,generated-draft/non-canonical/source-use/gap-support,generated-draft/non-canonical/source-use/gap support only; not native review/not accepted terminology/not approval/not community consent/not license clearance/not gate promotion/not source certification/not final status/not bridge-pilot/not CJK interlanguage bridge/not pan-CJK authority/not Korean-school authority/not visual inventory/not term spine/not sign rendering/not translation completion
uploader-transfer/interlanguage-fable-9737e10c-live-drift-after-6034c6b4-20260707/INTERLANGUAGE_FABLE_9737E10C_LIVE_DRIFT_AFTER_6034C6B4_20260707/B3_HANDOFF_DRIFT_INDEX_9737E10C.csv,A,uploader-transfer-package-context,2025,422BAB226C9510A2990D78750546A34AFBAFB9369779E58A37AD4D1982FC45B3,4,source-like/evidence-like packet artifact only; exact source-body rows still require manual source review before reviewer packet use,28019a34851454d37431f2c900c80b45ea90f23e,generated-draft/non-canonical/source-use/gap-support,generated-draft/non-canonical/source-use/gap support only; not native review/not accepted terminology/not approval/not community consent/not license clearance/not gate promotion/not source certification/not final status/not bridge-pilot/not CJK interlanguage bridge/not pan-CJK authority/not Korean-school authority/not visual inventory/not term spine/not sign rendering/not translation completion
uploader-transfer/interlanguage-fable-9737e10c-live-drift-after-6034c6b4-20260707/INTERLANGUAGE_FABLE_9737E10C_LIVE_DRIFT_AFTER_6034C6B4_20260707/B3_HANDOFF_DRIFT_INDEX_9737E10C.json,A,uploader-transfer-package-context,2563,63F0EA10D22C724813C1B9B6FF8C89A036E8171859119E4B8B903E2150E20F26,,source-like/evidence-like packet artifact only; exact source-body rows still require manual source review before reviewer packet use,28019a34851454d37431f2c900c80b45ea90f23e,generated-draft/non-canonical/source-use/gap-support,generated-draft/non-canonical/source-use/gap support only; not native review/not accepted terminology/not approval/not community consent/not license clearance/not gate promotion/not source certification/not final status/not bridge-pilot/not CJK interlanguage bridge/not pan-CJK authority/not Korean-school authority/not visual inventory/not term spine/not sign rendering/not translation completion
uploader-transfer/interlanguage-fable-9737e10c-live-drift-after-6034c6b4-20260707/INTERLANGUAGE_FABLE_9737E10C_LIVE_DRIFT_AFTER_6034C6B4_20260707/BLOCKER_RECOVERY_DRIFT_LEDGER_9737E10C.csv,A,uploader-transfer-package-context,1028,45F152ACB2637B5ADFBD64881F8216EA7EBD4AF1251AEC7FEE21D9B8FDC20EB9,2,source-like/evidence-like packet artifact only; exact source-body rows still require manual source review before reviewer packet use,28019a34851454d37431f2c900c80b45ea90f23e,generated-draft/non-canonical/source-use/gap-support,generated-draft/non-canonical/source-use/gap support only; not native review/not accepted terminology/not approval/not community consent/not license clearance/not gate promotion/not source certification/not final status/not bridge-pilot/not CJK interlanguage bridge/not pan-CJK authority/not Korean-school authority/not visual inventory/not term spine/not sign rendering/not translation completion
uploader-transfer/interlanguage-fable-9737e10c-live-drift-after-6034c6b4-20260707/INTERLANGUAGE_FABLE_9737E10C_LIVE_DRIFT_AFTER_6034C6B4_20260707/BLOCKER_RECOVERY_DRIFT_LEDGER_9737E10C.json,A,uploader-transfer-package-context,1251,F5EB07A1A44EB4FB2A67EC295335BE8F86E6F049F697C269959237220D36EF9E,,source-like/evidence-like packet artifact only; exact source-body rows still require manual source review before reviewer packet use,28019a34851454d37431f2c900c80b45ea90f23e,generated-draft/non-canonical/source-use/gap-support,generated-draft/non-canonical/source-use/gap support only; not native review/not accepted terminology/not approval/not community consent/not license clearance/not gate promotion/not source certification/not final status/not bridge-pilot/not CJK interlanguage bridge/not pan-CJK authority/not Korean-school authority/not visual inventory/not term spine/not sign rendering/not translation completion
uploader-transfer/interlanguage-fable-9737e10c-live-drift-after-6034c6b4-20260707/INTERLANGUAGE_FABLE_9737E10C_LIVE_DRIFT_AFTER_6034C6B4_20260707/BRANCH_CHANGED_PATH_OBJECT_INDEX_6034C6B4_TO_9737E10C.csv,A,uploader-transfer-package-context,81132,FEE759E30327AF462A7BC2B97E1AFC21E732C982E62085E2F9F76DDAA423A5B4,142,source-like/evidence-like packet artifact only; exact source-body rows still require manual source review before reviewer packet use,28019a34851454d37431f2c900c80b45ea90f23e,generated-draft/non-canonical/source-use/gap-support,generated-draft/non-canonical/source-use/gap support only; not native review/not accepted terminology/not approval/not community consent/not license clearance/not gate promotion/not source certification/not final status/not bridge-pilot/not CJK interlanguage bridge/not pan-CJK authority/not Korean-school authority/not visual inventory/not term spine/not sign rendering/not translation completion
uploader-transfer/interlanguage-fable-9737e10c-live-drift-after-6034c6b4-20260707/INTERLANGUAGE_FABLE_9737E10C_LIVE_DRIFT_AFTER_6034C6B4_20260707/BRANCH_CHANGED_PATH_OBJECT_INDEX_6034C6B4_TO_9737E10C.json,A,uploader-transfer-package-context,109574,5EDBD7C206BE322BA657269E9798DBCAA326FC4D5F13494C0505A406E3C611FB,,source-like/evidence-like packet artifact only; exact source-body rows still require manual source review before reviewer packet use,28019a34851454d37431f2c900c80b45ea90f23e,generated-draft/non-canonical/source-use/gap-support,generated-draft/non-canonical/source-use/gap support only; not native review/not accepted terminology/not approval/not community consent/not license clearance/not gate promotion/not source certification/not final status/not bridge-pilot/not CJK interlanguage bridge/not pan-CJK authority/not Korean-school authority/not visual inventory/not term spine/not sign rendering/not translation completion
uploader-transfer/interlanguage-fable-9737e10c-live-drift-after-6034c6b4-20260707/INTERLANGUAGE_FABLE_9737E10C_LIVE_DRIFT_AFTER_6034C6B4_20260707/CURRENT_FRONTIER_VERIFICATION_9737E10C.csv,A,uploader-transfer-package-context,411,36150F1D8A3642D86FB5FFC532D31A0EEFA43EDF26834570807E1841EE62EBC6,1,source-like/evidence-like packet artifact only; exact source-body rows still require manual source review before reviewer packet use,28019a34851454d37431f2c900c80b45ea90f23e,generated-draft/non-canonical/source-use/gap-support,generated-draft/non-canonical/source-use/gap support only; not native review/not accepted terminology/not approval/not community consent/not license clearance/not gate promotion/not source certification/not final status/not bridge-pilot/not CJK interlanguage bridge/not pan-CJK authority/not Korean-school authority/not visual inventory/not term spine/not sign rendering/not translation completion
uploader-transfer/interlanguage-fable-9737e10c-live-drift-after-6034c6b4-20260707/INTERLANGUAGE_FABLE_9737E10C_LIVE_DRIFT_AFTER_6034C6B4_20260707/CURRENT_FRONTIER_VERIFICATION_9737E10C.json,A,uploader-transfer-package-context,479,2294C419BA7AA91299F880006AB864A6B98926819550C8A8D9ED2C33923A0922,,source-like/evidence-like packet artifact only; exact source-body rows still require manual source review before reviewer packet use,28019a34851454d37431f2c900c80b45ea90f23e,generated-draft/non-canonical/source-use/gap-support,generated-draft/non-canonical/source-use/gap support only; not native review/not accepted terminology/not approval/not community consent/not license clearance/not gate promotion/not source certification/not final status/not bridge-pilot/not CJK interlanguage bridge/not pan-CJK authority/not Korean-school authority/not visual inventory/not term spine/not sign rendering/not translation completion
uploader-transfer/interlanguage-fable-9737e10c-live-drift-after-6034c6b4-20260707/INTERLANGUAGE_FABLE_9737E10C_LIVE_DRIFT_AFTER_6034C6B4_20260707/FINAL_VALIDATION.json,A,uploader-transfer-package-context,1062,ABEA1AF545AC9FD75830C2297146A961EF859AC1E7763B36CAA312879C8D6E5E,,source-like/evidence-like packet artifact only; exact source-body rows still require manual source review before reviewer packet use,28019a34851454d37431f2c900c80b45ea90f23e,generated-draft/non-canonical/source-use/gap-support,generated-draft/non-canonical/source-use/gap support only; not native review/not accepted terminology/not approval/not community consent/not license clearance/not gate promotion/not source certification/not final status/not bridge-pilot/not CJK interlanguage bridge/not pan-CJK authority/not Korean-school authority/not visual inventory/not term spine/not sign rendering/not translation completion
uploader-transfer/interlanguage-fable-9737e10c-live-drift-after-6034c6b4-20260707/INTERLANGUAGE_FABLE_9737E10C_LIVE_DRIFT_AFTER_6034C6B4_20260707/HEARTBEAT_20260707.md,A,uploader-transfer-package-context,632,60FAC8BD4F9953050F375436D9DABC49FFC5362A8716231ECA460EDE3ACE3370,,source-like/evidence-like packet artifact only; exact source-body rows still require manual source review before reviewer packet use,28019a34851454d37431f2c900c80b45ea90f23e,generated-draft/non-canonical/source-use/gap-support,generated-draft/non-canonical/source-use/gap support only; not native review/not accepted terminology/not approval/not community consent/not license clearance/not gate promotion/not source certification/not final status/not bridge-pilot/not CJK interlanguage bridge/not pan-CJK authority/not Korean-school authority/not visual inventory/not term spine/not sign rendering/not translation completion
uploader-transfer/interlanguage-fable-9737e10c-live-drift-after-6034c6b4-20260707/INTERLANGUAGE_FABLE_9737E10C_LIVE_DRIFT_AFTER_6034C6B4_20260707/MANIFEST.csv,A,uploader-transfer-package-context,1541,AB570A0142D7187D9A26CE3934303382D83EE81F0A6E465F463FF49BBEDDCC8C,14,source-like/evidence-like packet artifact only; exact source-body rows still require manual source review before reviewer packet use,28019a34851454d37431f2c900c80b45ea90f23e,generated-draft/non-canonical/source-use/gap-support,generated-draft/non-canonical/source-use/gap support only; not native review/not accepted terminology/not approval/not community consent/not license clearance/not gate promotion/not source certification/not final status/not bridge-pilot/not CJK interlanguage bridge/not pan-CJK authority/not Korean-school authority/not visual inventory/not term spine/not sign rendering/not translation completion
uploader-transfer/interlanguage-fable-9737e10c-live-drift-after-6034c6b4-20260707/INTERLANGUAGE_FABLE_9737E10C_LIVE_DRIFT_AFTER_6034C6B4_20260707/PAYLOAD_GROUP_COUNTS_9737E10C.csv,A,uploader-transfer-package-context,2200,0DC6B4296392A15A6E5FF138A622F22EF77C73F2121ABB4D512D89E6EDCB50F6,6,source-like/evidence-like packet artifact only; exact source-body rows still require manual source review before reviewer packet use,28019a34851454d37431f2c900c80b45ea90f23e,generated-draft/non-canonical/source-use/gap-support,generated-draft/non-canonical/source-use/gap support only; not native review/not accepted terminology/not approval/not community consent/not license clearance/not gate promotion/not source certification/not final status/not bridge-pilot/not CJK interlanguage bridge/not pan-CJK authority/not Korean-school authority/not visual inventory/not term spine/not sign rendering/not translation completion
uploader-transfer/interlanguage-fable-9737e10c-live-drift-after-6034c6b4-20260707/INTERLANGUAGE_FABLE_9737E10C_LIVE_DRIFT_AFTER_6034C6B4_20260707/PAYLOAD_GROUP_COUNTS_9737E10C.json,A,uploader-transfer-package-context,3082,629E71F8881A80AA43C9394119A6E2C4FE84895F33AEA43B2F6FF6C3E5FFE33D,,source-like/evidence-like packet artifact only; exact source-body rows still require manual source review before reviewer packet use,28019a34851454d37431f2c900c80b45ea90f23e,generated-draft/non-canonical/source-use/gap-support,generated-draft/non-canonical/source-use/gap support only; not native review/not accepted terminology/not approval/not community consent/not license clearance/not gate promotion/not source certification/not final status/not bridge-pilot/not CJK interlanguage bridge/not pan-CJK authority/not Korean-school authority/not visual inventory/not term spine/not sign rendering/not translation completion
uploader-transfer/interlanguage-fable-9737e10c-live-drift-after-6034c6b4-20260707/INTERLANGUAGE_FABLE_9737E10C_LIVE_DRIFT_AFTER_6034C6B4_20260707/README.md,A,uploader-transfer-package-context,859,FC894B29E34CBA41A2A4A203C85582783CD65A04E4BC60FF1E110B937D787685,,source-like/evidence-like packet artifact only; exact source-body rows still require manual source review before reviewer packet use,28019a34851454d37431f2c900c80b45ea90f23e,generated-draft/non-canonical/source-use/gap-support,generated-draft/non-canonical/source-use/gap support only; not native review/not accepted terminology/not approval/not community consent/not license clearance/not gate promotion/not source certification/not final status/not bridge-pilot/not CJK interlanguage bridge/not pan-CJK authority/not Korean-school authority/not visual inventory/not term spine/not sign rendering/not translation completion
uploader-transfer/interlanguage-fable-9737e10c-live-drift-after-6034c6b4-20260707/INTERLANGUAGE_FABLE_9737E10C_LIVE_DRIFT_AFTER_6034C6B4_20260707/SESSION_LOGBOOK_20260707.md,A,uploader-transfer-package-context,355,0932EF7533C66F4088E850BCC49C31A7EF2CDE6F231C6F274FDB8BEFACDDCE90,,source-like/evidence-like packet artifact only; exact source-body rows still require manual source review before reviewer packet use,28019a34851454d37431f2c900c80b45ea90f23e,generated-draft/non-canonical/source-use/gap-support,generated-draft/non-canonical/source-use/gap support only; not native review/not accepted terminology/not approval/not community consent/not license clearance/not gate promotion/not source certification/not final status/not bridge-pilot/not CJK interlanguage bridge/not pan-CJK authority/not Korean-school authority/not visual inventory/not term spine/not sign rendering/not translation completion
uploader-transfer/interlanguage-fable-9737e10c-live-drift-after-6034c6b4-20260707/INTERLANGUAGE_FABLE_9737E10C_LIVE_DRIFT_AFTER_6034C6B4_20260707/SHA256SUMS.txt,A,uploader-transfer-package-context,1455,512D81A1412ECA539FF63B47F422F05CC84F0F504D388D64EA11ADC2447CCA63,,source-like/evidence-like packet artifact only; exact source-body rows still require manual source review before reviewer packet use,28019a34851454d37431f2c900c80b45ea90f23e,generated-draft/non-canonical/source-use/gap-support,generated-draft/non-canonical/source-use/gap support only; not native review/not accepted terminology/not approval/not community consent/not license clearance/not gate promotion/not source certification/not final status/not bridge-pilot/not CJK interlanguage bridge/not pan-CJK authority/not Korean-school authority/not visual inventory/not term spine/not sign rendering/not translation completion
uploader-transfer/olp-relation-function-support-9737e10c-interlinear-terminology-heartbeat-20260707/OLP_9737E10C_INTERLINEAR_TERMINOLOGY_HEARTBEAT_20260707/BRANCH_WEIGHT_MARGINAL_WITNESS_ROWS_9737E10C.csv,A,uploader-transfer-package-context,11887,B8788EC1FB9E9A54B068476BE78D6206E70864C0FED8230C22B149FE45853227,14,source-like/evidence-like packet artifact only; exact source-body rows still require manual source review before reviewer packet use,28019a34851454d37431f2c900c80b45ea90f23e,generated-draft/non-canonical/source-use/gap-support,generated-draft/non-canonical/source-use/gap support only; not native review/not accepted terminology/not approval/not community consent/not license clearance/not gate promotion/not source certification/not final status/not bridge-pilot/not CJK interlanguage bridge/not pan-CJK authority/not Korean-school authority/not visual inventory/not term spine/not sign rendering/not translation completion
uploader-transfer/olp-relation-function-support-9737e10c-interlinear-terminology-heartbeat-20260707/OLP_9737E10C_INTERLINEAR_TERMINOLOGY_HEARTBEAT_20260707/FORMULA_CONTEXT_SUMMARY_SOURCE_9737E10C.csv,A,uploader-transfer-package-context,482,865DE8B4C922CE7A67C17392CC77560104297CE9527672195464FCFAB0BF39CA,5,source-like/evidence-like packet artifact only; exact source-body rows still require manual source review before reviewer packet use,28019a34851454d37431f2c900c80b45ea90f23e,generated-draft/non-canonical/source-use/gap-support,generated-draft/non-canonical/source-use/gap support only; not native review/not accepted terminology/not approval/not community consent/not license clearance/not gate promotion/not source certification/not final status/not bridge-pilot/not CJK interlanguage bridge/not pan-CJK authority/not Korean-school authority/not visual inventory/not term spine/not sign rendering/not translation completion
uploader-transfer/olp-relation-function-support-9737e10c-interlinear-terminology-heartbeat-20260707/OLP_9737E10C_INTERLINEAR_TERMINOLOGY_HEARTBEAT_20260707/SOURCE_USE_BOUNDARY_ROWS_9737E10C.csv,A,uploader-transfer-package-context,1496,0084610AF3B46318F00677F386AE07F9D2B696EAE1C6067AECE6A498A994C22C,5,source-like/evidence-like packet artifact only; exact source-body rows still require manual source review before reviewer packet use,28019a34851454d37431f2c900c80b45ea90f23e,generated-draft/non-canonical/source-use/gap-support,generated-draft/non-canonical/source-use/gap support only; not native review/not accepted terminology/not approval/not community consent/not license clearance/not gate promotion/not source certification/not final status/not bridge-pilot/not CJK interlanguage bridge/not pan-CJK authority/not Korean-school authority/not visual inventory/not term spine/not sign rendering/not translation completion
uploader-transfer/r2-pan-turkic-hard-blockers-9737e10c-heartbeat-frontier-recovery-20260707/R2_9737E10C_HEARTBEAT_FRONTIER_RECOVERY_20260707/9737E10C_SOURCE_USE_GAP_FABLE_ADVERSE_ROWS_20260707.csv,A,uploader-transfer-package-context,2987,891DC5C4D3744FA18FF72D829BE114405E82E3A2D19B67F9C9F6A05FC8DFDF45,3,source-like/evidence-like packet artifact only; exact source-body rows still require manual source review before reviewer packet use,28019a34851454d37431f2c900c80b45ea90f23e,generated-draft/non-canonical/source-use/gap-support,generated-draft/non-canonical/source-use/gap support only; not native review/not accepted terminology/not approval/not community consent/not license clearance/not gate promotion/not source certification/not final status/not bridge-pilot/not CJK interlanguage bridge/not pan-CJK authority/not Korean-school authority/not visual inventory/not term spine/not sign rendering/not translation completion
uploader-transfer/r2-pan-turkic-hard-blockers-9737e10c-heartbeat-frontier-recovery-20260707/R2_9737E10C_HEARTBEAT_FRONTIER_RECOVERY_20260707/adverse_evidence_ledger_9737e10c.csv,A,uploader-transfer-package-context,25572,948564F8B658D50D38CE113CDCC65FD6F9B0A6FCE383D7504420E9F6137EB044,30,source-like/evidence-like packet artifact only; exact source-body rows still require manual source review before reviewer packet use,28019a34851454d37431f2c900c80b45ea90f23e,generated-draft/non-canonical/source-use/gap-support,generated-draft/non-canonical/source-use/gap support only; not native review/not accepted terminology/not approval/not community consent/not license clearance/not gate promotion/not source certification/not final status/not bridge-pilot/not CJK interlanguage bridge/not pan-CJK authority/not Korean-school authority/not visual inventory/not term spine/not sign rendering/not translation completion
uploader-transfer/r2-pan-turkic-hard-blockers-9737e10c-heartbeat-frontier-recovery-20260707/R2_9737E10C_HEARTBEAT_FRONTIER_RECOVERY_20260707/exact_source_row_blocker_table_9737e10c.csv,A,uploader-transfer-package-context,19508,0392F8B6CB8412F02814D0C7E8580D375D81CC05A2158CCED739395F12C1E278,15,source-like/evidence-like packet artifact only; exact source-body rows still require manual source review before reviewer packet use,28019a34851454d37431f2c900c80b45ea90f23e,generated-draft/non-canonical/source-use/gap-support,generated-draft/non-canonical/source-use/gap support only; not native review/not accepted terminology/not approval/not community consent/not license clearance/not gate promotion/not source certification/not final status/not bridge-pilot/not CJK interlanguage bridge/not pan-CJK authority/not Korean-school authority/not visual inventory/not term spine/not sign rendering/not translation completion
uploader-transfer/r2-pan-turkic-hard-blockers-9737e10c-heartbeat-frontier-recovery-20260707/R2_9737E10C_HEARTBEAT_FRONTIER_RECOVERY_20260707/source_return_recovery_crosswalk_9737e10c.csv,A,uploader-transfer-package-context,32128,85F436DFC39B09610E2F82BA4A1D4847B483C0276E721E81DCEAA853D15D6DE2,23,source-like/evidence-like packet artifact only; exact source-body rows still require manual source review before reviewer packet use,28019a34851454d37431f2c900c80b45ea90f23e,generated-draft/non-canonical/source-use/gap-support,generated-draft/non-canonical/source-use/gap support only; not native review/not accepted terminology/not approval/not community consent/not license clearance/not gate promotion/not source certification/not final status/not bridge-pilot/not CJK interlanguage bridge/not pan-CJK authority/not Korean-school authority/not visual inventory/not term spine/not sign rendering/not translation completion
uploader-transfer/r2-pan-turkic-hard-blockers-9737e10c-heartbeat-frontier-recovery-20260707/R2_9737E10C_HEARTBEAT_FRONTIER_RECOVERY_20260707/source_use_ledger_9737e10c.csv,A,uploader-transfer-package-context,14567,74EAA61809F4C3AE47E7E8CA9C3A7AE20702B9AA23FFFEBFF85432FA131045B3,15,source-like/evidence-like packet artifact only; exact source-body rows still require manual source review before reviewer packet use,28019a34851454d37431f2c900c80b45ea90f23e,generated-draft/non-canonical/source-use/gap-support,generated-draft/non-canonical/source-use/gap support only; not native review/not accepted terminology/not approval/not community consent/not license clearance/not gate promotion/not source certification/not final status/not bridge-pilot/not CJK interlanguage bridge/not pan-CJK authority/not Korean-school authority/not visual inventory/not term spine/not sign rendering/not translation completion
uploader-transfer/r7-malay-sea-pacific-9737e10c-frontier-advance-recovery-boundary-20260707/R7_9737E10C_FRONTIER_ADVANCE_RECOVERY_BOUNDARY_20260707/R7_9737E10C_SOURCE_USE_GAP_FABLE_ADVERSE_ROWS.csv,A,uploader-transfer-package-context,1462,6AE4C89CB7E3CB3A934F9869AE31D9710182D31F28B64A07B8EC3EEFB3B3FE06,5,source-like/evidence-like packet artifact only; exact source-body rows still require manual source review before reviewer packet use,28019a34851454d37431f2c900c80b45ea90f23e,generated-draft/non-canonical/source-use/gap-support,generated-draft/non-canonical/source-use/gap support only; not native review/not accepted terminology/not approval/not community consent/not license clearance/not gate promotion/not source certification/not final status/not bridge-pilot/not CJK interlanguage bridge/not pan-CJK authority/not Korean-school authority/not visual inventory/not term spine/not sign rendering/not translation completion
uploader-transfer/r9-africa-horn-west-9737e10c-frontier-advance-recovery-20260707/R9_9737E10C_FRONTIER_ADVANCE_RECOVERY_20260707/R9_9737E10C_FABLE_SOURCE_USE_ADVERSE_ROWS_20260707.csv,A,uploader-transfer-package-context,4147,B12B43DBBB3C2E41E4561102E8E3DB03822AE000FADED31893FE9E517F8C56FC,7,source-like/evidence-like packet artifact only; exact source-body rows still require manual source review before reviewer packet use,28019a34851454d37431f2c900c80b45ea90f23e,generated-draft/non-canonical/source-use/gap-support,generated-draft/non-canonical/source-use/gap support only; not native review/not accepted terminology/not approval/not community consent/not license clearance/not gate promotion/not source certification/not final status/not bridge-pilot/not CJK interlanguage bridge/not pan-CJK authority/not Korean-school authority/not visual inventory/not term spine/not sign rendering/not translation completion
uploader-transfer/r9-africa-horn-west-9737e10c-frontier-advance-recovery-20260707/R9_9737E10C_FRONTIER_ADVANCE_RECOVERY_20260707/R9_9737E10C_R9_SOURCE_RETURN_CARRYFORWARD_ROWS_20260707.csv,A,uploader-transfer-package-context,4861,EA6C230E810268932EA8572888624FCAC80D0AF7FB17E3D14E22B99EF4C44EEE,7,source-like/evidence-like packet artifact only; exact source-body rows still require manual source review before reviewer packet use,28019a34851454d37431f2c900c80b45ea90f23e,generated-draft/non-canonical/source-use/gap-support,generated-draft/non-canonical/source-use/gap support only; not native review/not accepted terminology/not approval/not community consent/not license clearance/not gate promotion/not source certification/not final status/not bridge-pilot/not CJK interlanguage bridge/not pan-CJK authority/not Korean-school authority/not visual inventory/not term spine/not sign rendering/not translation completion
uploader-transfer/r9-africa-horn-west-9737e10c-frontier-advance-recovery-20260707/R9_9737E10C_FRONTIER_ADVANCE_RECOVERY_20260707/R9_9737E10C_SOURCE_SIGNAL_PATH_ROWS_20260707.csv,A,uploader-transfer-package-context,43021,9587F6C85A3A2EF71D42B5E90532BF7A2E1ACA35D3521B380BD042191711813B,60,source-like/evidence-like packet artifact only; exact source-body rows still require manual source review before reviewer packet use,28019a34851454d37431f2c900c80b45ea90f23e,generated-draft/non-canonical/source-use/gap-support,generated-draft/non-canonical/source-use/gap support only; not native review/not accepted terminology/not approval/not community consent/not license clearance/not gate promotion/not source certification/not final status/not bridge-pilot/not CJK interlanguage bridge/not pan-CJK authority/not Korean-school authority/not visual inventory/not term spine/not sign rendering/not translation completion
uploader-transfer/r9-africa-horn-west-9737e10c-r7-inbound-idle-recovery-20260707/R9_9737E10C_R7_INBOUND_IDLE_RECOVERY_20260707/R9_9737E10C_R7_SOURCE_USE_GAP_REFRESH_ROWS_20260707.csv,A,uploader-transfer-package-context,4757,02C4EF86365F17EB515DE7ED4E49D23CF2D32F8CFC305EDE2C520A82A4C9A797,7,source-like/evidence-like packet artifact only; exact source-body rows still require manual source review before reviewer packet use,28019a34851454d37431f2c900c80b45ea90f23e,generated-draft/non-canonical/source-use/gap-support,generated-draft/non-canonical/source-use/gap support only; not native review/not accepted terminology/not approval/not community consent/not license clearance/not gate promotion/not source certification/not final status/not bridge-pilot/not CJK interlanguage bridge/not pan-CJK authority/not Korean-school authority/not visual inventory/not term spine/not sign rendering/not translation completion
uploader-transfer/slavic-canonical-baseline-9737e10c-heartbeat-refresh-recovery-20260707/SLAVIC_9737E10C_HEARTBEAT_REFRESH_RECOVERY_20260707/ACTIVE_SESSION_STATE.csv,A,uploader-transfer-package-context,500,89B41359A5B841F461AF8036AFE8F412B54FEB51C63C421BF8D944C790346F70,1,source-like/evidence-like packet artifact only; exact source-body rows still require manual source review before reviewer packet use,28019a34851454d37431f2c900c80b45ea90f23e,generated-draft/non-canonical/source-use/gap-support,generated-draft/non-canonical/source-use/gap support only; not native review/not accepted terminology/not approval/not community consent/not license clearance/not gate promotion/not source certification/not final status/not bridge-pilot/not CJK interlanguage bridge/not pan-CJK authority/not Korean-school authority/not visual inventory/not term spine/not sign rendering/not translation completion
uploader-transfer/slavic-canonical-baseline-9737e10c-heartbeat-refresh-recovery-20260707/SLAVIC_9737E10C_HEARTBEAT_REFRESH_RECOVERY_20260707/B3_HANDOFF_BOUNDARY_ROWS_20260707.csv,A,uploader-transfer-package-context,724,05CFC47213F6044FBA58AA36B2A292B1DE243E365B98006A9CA7BEC74D1E132F,6,source-like/evidence-like packet artifact only; exact source-body rows still require manual source review before reviewer packet use,28019a34851454d37431f2c900c80b45ea90f23e,generated-draft/non-canonical/source-use/gap-support,generated-draft/non-canonical/source-use/gap support only; not native review/not accepted terminology/not approval/not community consent/not license clearance/not gate promotion/not source certification/not final status/not bridge-pilot/not CJK interlanguage bridge/not pan-CJK authority/not Korean-school authority/not visual inventory/not term spine/not sign rendering/not translation completion
uploader-transfer/slavic-canonical-baseline-9737e10c-heartbeat-refresh-recovery-20260707/SLAVIC_9737E10C_HEARTBEAT_REFRESH_RECOVERY_20260707/EXACT_BLOCKER_RECOVERY_ROWS_9737E10C_HEARTBEAT.csv,A,uploader-transfer-package-context,1187,CFF8B698581F97A53979FDFED553DC8F8550EF25AFAF6212040841EEB040EB61,4,source-like/evidence-like packet artifact only; exact source-body rows still require manual source review before reviewer packet use,28019a34851454d37431f2c900c80b45ea90f23e,generated-draft/non-canonical/source-use/gap-support,generated-draft/non-canonical/source-use/gap support only; not native review/not accepted terminology/not approval/not community consent/not license clearance/not gate promotion/not source certification/not final status/not bridge-pilot/not CJK interlanguage bridge/not pan-CJK authority/not Korean-school authority/not visual inventory/not term spine/not sign rendering/not translation completion
uploader-transfer/slavic-canonical-baseline-9737e10c-heartbeat-refresh-recovery-20260707/SLAVIC_9737E10C_HEARTBEAT_REFRESH_RECOVERY_20260707/HEARTBEAT_20260707.md,A,uploader-transfer-package-context,662,4BC9DB9C141A31629A2C29D9FA41A539282C6C3B3316B0DF12877A2DEDB9AC3A,,source-like/evidence-like packet artifact only; exact source-body rows still require manual source review before reviewer packet use,28019a34851454d37431f2c900c80b45ea90f23e,generated-draft/non-canonical/source-use/gap-support,generated-draft/non-canonical/source-use/gap support only; not native review/not accepted terminology/not approval/not community consent/not license clearance/not gate promotion/not source certification/not final status/not bridge-pilot/not CJK interlanguage bridge/not pan-CJK authority/not Korean-school authority/not visual inventory/not term spine/not sign rendering/not translation completion
uploader-transfer/slavic-canonical-baseline-9737e10c-heartbeat-refresh-recovery-20260707/SLAVIC_9737E10C_HEARTBEAT_REFRESH_RECOVERY_20260707/MANIFEST.csv,A,uploader-transfer-package-context,1548,59CF4E72D9145382B05708452110F84701F92DFC15FD09B9CDB1ABECCC5500E8,11,source-like/evidence-like packet artifact only; exact source-body rows still require manual source review before reviewer packet use,28019a34851454d37431f2c900c80b45ea90f23e,generated-draft/non-canonical/source-use/gap-support,generated-draft/non-canonical/source-use/gap support only; not native review/not accepted terminology/not approval/not community consent/not license clearance/not gate promotion/not source certification/not final status/not bridge-pilot/not CJK interlanguage bridge/not pan-CJK authority/not Korean-school authority/not visual inventory/not term spine/not sign rendering/not translation completion
uploader-transfer/slavic-canonical-baseline-9737e10c-heartbeat-refresh-recovery-20260707/SLAVIC_9737E10C_HEARTBEAT_REFRESH_RECOVERY_20260707/README.md,A,uploader-transfer-package-context,762,6B0BF6E432480A00BD5ACE3CF0D64B309AD11BB7568BB8759E0BAA1903F03C40,,source-like/evidence-like packet artifact only; exact source-body rows still require manual source review before reviewer packet use,28019a34851454d37431f2c900c80b45ea90f23e,generated-draft/non-canonical/source-use/gap-support,generated-draft/non-canonical/source-use/gap support only; not native review/not accepted terminology/not approval/not community consent/not license clearance/not gate promotion/not source certification/not final status/not bridge-pilot/not CJK interlanguage bridge/not pan-CJK authority/not Korean-school authority/not visual inventory/not term spine/not sign rendering/not translation completion
uploader-transfer/slavic-canonical-baseline-9737e10c-heartbeat-refresh-recovery-20260707/SLAVIC_9737E10C_HEARTBEAT_REFRESH_RECOVERY_20260707/REBUILD_TRIGGER_ACCOUNTING_9737E10C_HEARTBEAT.csv,A,uploader-transfer-package-context,468,9D4DCA61554B6CEA25F58698647553908DE6966874A4D7B3352D05068DEFCD65,3,source-like/evidence-like packet artifact only; exact source-body rows still require manual source review before reviewer packet use,28019a34851454d37431f2c900c80b45ea90f23e,generated-draft/non-canonical/source-use/gap-support,generated-draft/non-canonical/source-use/gap support only; not native review/not accepted terminology/not approval/not community consent/not license clearance/not gate promotion/not source certification/not final status/not bridge-pilot/not CJK interlanguage bridge/not pan-CJK authority/not Korean-school authority/not visual inventory/not term spine/not sign rendering/not translation completion
uploader-transfer/slavic-canonical-baseline-9737e10c-heartbeat-refresh-recovery-20260707/SLAVIC_9737E10C_HEARTBEAT_REFRESH_RECOVERY_20260707/REFERENCED_PACKET_VERIFICATION_9737E10C_HEARTBEAT.csv,A,uploader-transfer-package-context,410,E8B7DACE67BD77372B29B813FDC7E7E3732E515C090A3CD6A5FC54E9951098CA,2,source-like/evidence-like packet artifact only; exact source-body rows still require manual source review before reviewer packet use,28019a34851454d37431f2c900c80b45ea90f23e,generated-draft/non-canonical/source-use/gap-support,generated-draft/non-canonical/source-use/gap support only; not native review/not accepted terminology/not approval/not community consent/not license clearance/not gate promotion/not source certification/not final status/not bridge-pilot/not CJK interlanguage bridge/not pan-CJK authority/not Korean-school authority/not visual inventory/not term spine/not sign rendering/not translation completion
uploader-transfer/slavic-canonical-baseline-9737e10c-heartbeat-refresh-recovery-20260707/SLAVIC_9737E10C_HEARTBEAT_REFRESH_RECOVERY_20260707/SESSION_LOGBOOK_20260707.md,A,uploader-transfer-package-context,538,F1AC2CF6B4348C280E6820DEBE01EBA5097771BFA821BDEF53B9E3B56FDEC5C9,,source-like/evidence-like packet artifact only; exact source-body rows still require manual source review before reviewer packet use,28019a34851454d37431f2c900c80b45ea90f23e,generated-draft/non-canonical/source-use/gap-support,generated-draft/non-canonical/source-use/gap support only; not native review/not accepted terminology/not approval/not community consent/not license clearance/not gate promotion/not source certification/not final status/not bridge-pilot/not CJK interlanguage bridge/not pan-CJK authority/not Korean-school authority/not visual inventory/not term spine/not sign rendering/not translation completion
uploader-transfer/slavic-canonical-baseline-9737e10c-heartbeat-refresh-recovery-20260707/SLAVIC_9737E10C_HEARTBEAT_REFRESH_RECOVERY_20260707/SHA256SUMS.txt,A,uploader-transfer-package-context,1097,20A3ECD7404F97B8D2988CBC987A97E4167068B0EDDBE2F3EE476DEC0F83045F,,source-like/evidence-like packet artifact only; exact source-body rows still require manual source review before reviewer packet use,28019a34851454d37431f2c900c80b45ea90f23e,generated-draft/non-canonical/source-use/gap-support,generated-draft/non-canonical/source-use/gap support only; not native review/not accepted terminology/not approval/not community consent/not license clearance/not gate promotion/not source certification/not final status/not bridge-pilot/not CJK interlanguage bridge/not pan-CJK authority/not Korean-school authority/not visual inventory/not term spine/not sign rendering/not translation completion
uploader-transfer/slavic-canonical-baseline-9737e10c-heartbeat-refresh-recovery-20260707/SLAVIC_9737E10C_HEARTBEAT_REFRESH_RECOVERY_20260707/SOURCE_USE_GAP_FABLE_ADVERSE_ROWS_9737E10C_HEARTBEAT.csv,A,uploader-transfer-package-context,1322,9AF892F08C52A4E82B92DB47D88A3938F039406AE11D30A90DE8655D48DDAA73,5,source-like/evidence-like packet artifact only; exact source-body rows still require manual source review before reviewer packet use,28019a34851454d37431f2c900c80b45ea90f23e,generated-draft/non-canonical/source-use/gap-support,generated-draft/non-canonical/source-use/gap support only; not native review/not accepted terminology/not approval/not community consent/not license clearance/not gate promotion/not source certification/not final status/not bridge-pilot/not CJK interlanguage bridge/not pan-CJK authority/not Korean-school authority/not visual inventory/not term spine/not sign rendering/not translation completion
uploader-transfer/slavic-canonical-baseline-9737e10c-heartbeat-refresh-recovery-20260707/SLAVIC_9737E10C_HEARTBEAT_REFRESH_RECOVERY_20260707/SUMMARY.csv,A,uploader-transfer-package-context,1008,CE0E2EF8B645E9DBED81F35BECD4E97AF9A7E09E30F65ED245D741290E0C0E2F,14,source-like/evidence-like packet artifact only; exact source-body rows still require manual source review before reviewer packet use,28019a34851454d37431f2c900c80b45ea90f23e,generated-draft/non-canonical/source-use/gap-support,generated-draft/non-canonical/source-use/gap support only; not native review/not accepted terminology/not approval/not community consent/not license clearance/not gate promotion/not source certification/not final status/not bridge-pilot/not CJK interlanguage bridge/not pan-CJK authority/not Korean-school authority/not visual inventory/not term spine/not sign rendering/not translation completion
uploader-transfer/slavic-canonical-baseline-9737e10c-heartbeat-refresh-recovery-20260707/SLAVIC_9737E10C_HEARTBEAT_REFRESH_RECOVERY_20260707/SUMMARY.json,A,uploader-transfer-package-context,1610,0FE275334B3B3B94C15FA6DE9E992389D46C04B6C6382BB2A9A027FED6711B4E,,source-like/evidence-like packet artifact only; exact source-body rows still require manual source review before reviewer packet use,28019a34851454d37431f2c900c80b45ea90f23e,generated-draft/non-canonical/source-use/gap-support,generated-draft/non-canonical/source-use/gap support only; not native review/not accepted terminology/not approval/not community consent/not license clearance/not gate promotion/not source certification/not final status/not bridge-pilot/not CJK interlanguage bridge/not pan-CJK authority/not Korean-school authority/not visual inventory/not term spine/not sign rendering/not translation completion
