"row_id","path","class","r7_path_signal","r7_source_evidence","source_use_decision"
"6034-PATH-0001","coordination/non-slavic-core-19b2ab4b-761-branch-visibility-route-20260707/NON_SLAVIC_CORE_19B2AB4B_761_BRANCH_VISIBILITY_ROUTE_20260707/B3_HANDOFF_SENT_19B2AB4B.md","coordination_route_context","false","false","route/context only for R7"
"6034-PATH-0002","coordination/non-slavic-core-19b2ab4b-761-branch-visibility-route-20260707/NON_SLAVIC_CORE_19B2AB4B_761_BRANCH_VISIBILITY_ROUTE_20260707/B3_PACKAGE_CSV_ROW_COUNTS_19B2AB4B.csv","coordination_route_context","false","false","route/context only for R7"
"6034-PATH-0003","coordination/non-slavic-core-19b2ab4b-761-branch-visibility-route-20260707/NON_SLAVIC_CORE_19B2AB4B_761_BRANCH_VISIBILITY_ROUTE_20260707/B3_PACKAGE_VISIBILITY_ROWS_19B2AB4B.csv","coordination_route_context","false","false","route/context only for R7"
"6034-PATH-0004","coordination/non-slavic-core-19b2ab4b-761-branch-visibility-route-20260707/NON_SLAVIC_CORE_19B2AB4B_761_BRANCH_VISIBILITY_ROUTE_20260707/BRANCH_COMPARE_COMMITS_761BEC88_TO_19B2AB4B.csv","coordination_route_context","false","false","route/context only for R7"
"6034-PATH-0005","coordination/non-slavic-core-19b2ab4b-761-branch-visibility-route-20260707/NON_SLAVIC_CORE_19B2AB4B_761_BRANCH_VISIBILITY_ROUTE_20260707/BRANCH_COMPARE_FILES_761BEC88_TO_19B2AB4B.csv","coordination_route_context","false","false","route/context only for R7"
"6034-PATH-0006","coordination/non-slavic-core-19b2ab4b-761-branch-visibility-route-20260707/NON_SLAVIC_CORE_19B2AB4B_761_BRANCH_VISIBILITY_ROUTE_20260707/BRANCH_COMPARE_SUMMARY_19B2AB4B.csv","coordination_route_context","false","false","route/context only for R7"
"6034-PATH-0007","coordination/non-slavic-core-19b2ab4b-761-branch-visibility-route-20260707/NON_SLAVIC_CORE_19B2AB4B_761_BRANCH_VISIBILITY_ROUTE_20260707/EXACT_BLOCKER_RECOVERY_ROWS_19B2AB4B.csv","coordination_route_context","false","false","route/context only for R7"
"6034-PATH-0008","coordination/non-slavic-core-19b2ab4b-761-branch-visibility-route-20260707/NON_SLAVIC_CORE_19B2AB4B_761_BRANCH_VISIBILITY_ROUTE_20260707/MANIFEST.csv","coordination_route_context","false","false","route/context only for R7"
"6034-PATH-0009","coordination/non-slavic-core-19b2ab4b-761-branch-visibility-route-20260707/NON_SLAVIC_CORE_19B2AB4B_761_BRANCH_VISIBILITY_ROUTE_20260707/PACKET_MANIFEST_REPLAY_19B2AB4B.csv","coordination_route_context","false","false","route/context only for R7"
"6034-PATH-0010","coordination/non-slavic-core-19b2ab4b-761-branch-visibility-route-20260707/NON_SLAVIC_CORE_19B2AB4B_761_BRANCH_VISIBILITY_ROUTE_20260707/README.md","coordination_route_context","false","false","route/context only for R7"
"6034-PATH-0011","coordination/non-slavic-core-19b2ab4b-761-branch-visibility-route-20260707/NON_SLAVIC_CORE_19B2AB4B_761_BRANCH_VISIBILITY_ROUTE_20260707/SHA256SUMS.txt","coordination_route_context","false","false","route/context only for R7"
"6034-PATH-0012","coordination/non-slavic-core-19b2ab4b-761-branch-visibility-route-20260707/NON_SLAVIC_CORE_19B2AB4B_761_BRANCH_VISIBILITY_ROUTE_20260707/SIBLING_WAKE_LEDGER_19B2AB4B.csv","coordination_route_context","false","false","route/context only for R7"
"6034-PATH-0013","coordination/non-slavic-core-19b2ab4b-761-branch-visibility-route-20260707/NON_SLAVIC_CORE_19B2AB4B_761_BRANCH_VISIBILITY_ROUTE_20260707/SOURCE_USE_GAP_FABLE_ADVERSE_ROUTE_ROWS_19B2AB4B.csv","interlanguage_authority_context","false","false","route/context only for R7"
"6034-PATH-0014","coordination/non-slavic-core-19b2ab4b-761-branch-visibility-route-20260707/NON_SLAVIC_CORE_19B2AB4B_761_BRANCH_VISIBILITY_ROUTE_20260707/SUMMARY.json","coordination_route_context","false","false","route/context only for R7"
"6034-PATH-0015","transfer-audits/session12-20260705/B3_WHOLE_CORPUS_33B23_PACKAGE_QUEUE_20260706/B3_POST_19B2AB4B_SECOND_WAVE_RECOVERY_VISIBILITY_BATCH_20260707/B3_ACTION_SUMMARY.csv","b3_uploader_transfer_context","false","false","route/context only for R7"
"6034-PATH-0016","transfer-audits/session12-20260705/B3_WHOLE_CORPUS_33B23_PACKAGE_QUEUE_20260706/B3_POST_19B2AB4B_SECOND_WAVE_RECOVERY_VISIBILITY_BATCH_20260707/BRANCH_PR_STATE.csv","b3_uploader_transfer_context","false","false","route/context only for R7"
"6034-PATH-0017","transfer-audits/session12-20260705/B3_WHOLE_CORPUS_33B23_PACKAGE_QUEUE_20260706/B3_POST_19B2AB4B_SECOND_WAVE_RECOVERY_VISIBILITY_BATCH_20260707/HELD_ROOTS.csv","b3_uploader_transfer_context","false","false","route/context only for R7"
"6034-PATH-0018","transfer-audits/session12-20260705/B3_WHOLE_CORPUS_33B23_PACKAGE_QUEUE_20260706/B3_POST_19B2AB4B_SECOND_WAVE_RECOVERY_VISIBILITY_BATCH_20260707/MANIFEST.csv","b3_uploader_transfer_context","false","false","route/context only for R7"
"6034-PATH-0019","transfer-audits/session12-20260705/B3_WHOLE_CORPUS_33B23_PACKAGE_QUEUE_20260706/B3_POST_19B2AB4B_SECOND_WAVE_RECOVERY_VISIBILITY_BATCH_20260707/MANIFEST_REPLAY.csv","b3_uploader_transfer_context","false","false","route/context only for R7"
"6034-PATH-0020","transfer-audits/session12-20260705/B3_WHOLE_CORPUS_33B23_PACKAGE_QUEUE_20260706/B3_POST_19B2AB4B_SECOND_WAVE_RECOVERY_VISIBILITY_BATCH_20260707/PACKAGE_FILE_LEDGER.csv","b3_uploader_transfer_context","false","false","route/context only for R7"
"6034-PATH-0021","transfer-audits/session12-20260705/B3_WHOLE_CORPUS_33B23_PACKAGE_QUEUE_20260706/B3_POST_19B2AB4B_SECOND_WAVE_RECOVERY_VISIBILITY_BATCH_20260707/PACKAGE_ROOT_SUMMARY.csv","b3_uploader_transfer_context","false","false","route/context only for R7"
"6034-PATH-0022","transfer-audits/session12-20260705/B3_WHOLE_CORPUS_33B23_PACKAGE_QUEUE_20260706/B3_POST_19B2AB4B_SECOND_WAVE_RECOVERY_VISIBILITY_BATCH_20260707/README.md","b3_uploader_transfer_context","false","false","route/context only for R7"
"6034-PATH-0023","transfer-audits/session12-20260705/B3_WHOLE_CORPUS_33B23_PACKAGE_QUEUE_20260706/B3_POST_19B2AB4B_SECOND_WAVE_RECOVERY_VISIBILITY_BATCH_20260707/SAFETY_SCAN_HITS.csv","b3_uploader_transfer_context","false","false","route/context only for R7"
"6034-PATH-0024","transfer-audits/session12-20260705/B3_WHOLE_CORPUS_33B23_PACKAGE_QUEUE_20260706/B3_POST_19B2AB4B_SECOND_WAVE_RECOVERY_VISIBILITY_BATCH_20260707/SHA256SUMS.txt","b3_uploader_transfer_context","false","false","route/context only for R7"
"6034-PATH-0025","transfer-audits/session12-20260705/B3_WHOLE_CORPUS_33B23_PACKAGE_QUEUE_20260706/B3_POST_19B2AB4B_SECOND_WAVE_RECOVERY_VISIBILITY_BATCH_20260707/SHA256SUMS_REPLAY.csv","b3_uploader_transfer_context","false","false","route/context only for R7"
"6034-PATH-0026","uploader-transfer/cjk-source-evidence-draft-lane-761bec88-dedup-idle-stale-recovery-20260707/CJK_DRAFT_761BEC88_DEDUP_IDLE_STALE_RECOVERY_20260707/B3_UPLOADER_READY_SUMMARY.csv","b3_uploader_transfer_context","false","false","route/context only for R7"
"6034-PATH-0027","uploader-transfer/cjk-source-evidence-draft-lane-761bec88-dedup-idle-stale-recovery-20260707/CJK_DRAFT_761BEC88_DEDUP_IDLE_STALE_RECOVERY_20260707/DEDUP_FRONTIER_VERIFICATION_761BEC88.csv","b3_uploader_transfer_context","false","false","route/context only for R7"
"6034-PATH-0028","uploader-transfer/cjk-source-evidence-draft-lane-761bec88-dedup-idle-stale-recovery-20260707/CJK_DRAFT_761BEC88_DEDUP_IDLE_STALE_RECOVERY_20260707/DEDUP_SOURCE_USE_GAP_FABLE_ADVERSE_ROLLUP_761BEC88.csv","interlanguage_authority_context","false","false","route/context only for R7"
"6034-PATH-0029","uploader-transfer/cjk-source-evidence-draft-lane-761bec88-dedup-idle-stale-recovery-20260707/CJK_DRAFT_761BEC88_DEDUP_IDLE_STALE_RECOVERY_20260707/EXACT_BLOCKER_RECOVERY_ROWS_761BEC88_DEDUP.csv","b3_uploader_transfer_context","false","false","route/context only for R7"
"6034-PATH-0030","uploader-transfer/cjk-source-evidence-draft-lane-761bec88-dedup-idle-stale-recovery-20260707/CJK_DRAFT_761BEC88_DEDUP_IDLE_STALE_RECOVERY_20260707/MANIFEST.csv","b3_uploader_transfer_context","false","false","route/context only for R7"
"6034-PATH-0031","uploader-transfer/cjk-source-evidence-draft-lane-761bec88-dedup-idle-stale-recovery-20260707/CJK_DRAFT_761BEC88_DEDUP_IDLE_STALE_RECOVERY_20260707/README.md","b3_uploader_transfer_context","false","false","route/context only for R7"
"6034-PATH-0032","uploader-transfer/cjk-source-evidence-draft-lane-761bec88-dedup-idle-stale-recovery-20260707/CJK_DRAFT_761BEC88_DEDUP_IDLE_STALE_RECOVERY_20260707/SHA256SUMS.txt","b3_uploader_transfer_context","false","false","route/context only for R7"
"6034-PATH-0033","uploader-transfer/cjk-source-evidence-draft-lane-761bec88-dedup-idle-stale-recovery-20260707/CJK_DRAFT_761BEC88_DEDUP_IDLE_STALE_RECOVERY_20260707/SUMMARY.json","b3_uploader_transfer_context","false","false","route/context only for R7"
"6034-PATH-0034","uploader-transfer/interlanguage-method-authority-761bec88-current-frontier-authority-routing-20260707/INTERLANGUAGE_FABLE_761BEC88_CURRENT_FRONTIER_AUTHORITY_ROUTING_20260707/ACTIVE_SESSION_STATE.md","interlanguage_authority_context","false","false","route/context only for R7"
"6034-PATH-0035","uploader-transfer/interlanguage-method-authority-761bec88-current-frontier-authority-routing-20260707/INTERLANGUAGE_FABLE_761BEC88_CURRENT_FRONTIER_AUTHORITY_ROUTING_20260707/AUTHORITY_ETHICS_BOUNDARY_LEDGER_761BEC88.csv","interlanguage_authority_context","false","false","route/context only for R7"
"6034-PATH-0036","uploader-transfer/interlanguage-method-authority-761bec88-current-frontier-authority-routing-20260707/INTERLANGUAGE_FABLE_761BEC88_CURRENT_FRONTIER_AUTHORITY_ROUTING_20260707/AUTHORITY_ETHICS_BOUNDARY_LEDGER_761BEC88.json","interlanguage_authority_context","false","false","route/context only for R7"
"6034-PATH-0037","uploader-transfer/interlanguage-method-authority-761bec88-current-frontier-authority-routing-20260707/INTERLANGUAGE_FABLE_761BEC88_CURRENT_FRONTIER_AUTHORITY_ROUTING_20260707/B3_HANDOFF_INDEX_761BEC88.csv","interlanguage_authority_context","false","false","route/context only for R7"
"6034-PATH-0038","uploader-transfer/interlanguage-method-authority-761bec88-current-frontier-authority-routing-20260707/INTERLANGUAGE_FABLE_761BEC88_CURRENT_FRONTIER_AUTHORITY_ROUTING_20260707/B3_HANDOFF_INDEX_761BEC88.json","interlanguage_authority_context","false","false","route/context only for R7"
"6034-PATH-0039","uploader-transfer/interlanguage-method-authority-761bec88-current-frontier-authority-routing-20260707/INTERLANGUAGE_FABLE_761BEC88_CURRENT_FRONTIER_AUTHORITY_ROUTING_20260707/B3_VISIBLE_PRIOR_AUTHORITY_ROOTS_761BEC88.csv","interlanguage_authority_context","false","false","route/context only for R7"
"6034-PATH-0040","uploader-transfer/interlanguage-method-authority-761bec88-current-frontier-authority-routing-20260707/INTERLANGUAGE_FABLE_761BEC88_CURRENT_FRONTIER_AUTHORITY_ROUTING_20260707/B3_VISIBLE_PRIOR_AUTHORITY_ROOTS_761BEC88.json","interlanguage_authority_context","false","false","route/context only for R7"
"6034-PATH-0041","uploader-transfer/interlanguage-method-authority-761bec88-current-frontier-authority-routing-20260707/INTERLANGUAGE_FABLE_761BEC88_CURRENT_FRONTIER_AUTHORITY_ROUTING_20260707/BLOCKER_RECOVERY_SURFACE_LEDGER_761BEC88.csv","interlanguage_authority_context","false","false","route/context only for R7"
"6034-PATH-0042","uploader-transfer/interlanguage-method-authority-761bec88-current-frontier-authority-routing-20260707/INTERLANGUAGE_FABLE_761BEC88_CURRENT_FRONTIER_AUTHORITY_ROUTING_20260707/BLOCKER_RECOVERY_SURFACE_LEDGER_761BEC88.json","interlanguage_authority_context","false","false","route/context only for R7"
"6034-PATH-0043","uploader-transfer/interlanguage-method-authority-761bec88-current-frontier-authority-routing-20260707/INTERLANGUAGE_FABLE_761BEC88_CURRENT_FRONTIER_AUTHORITY_ROUTING_20260707/BRANCH_CHANGED_PATHS_4065F6A4_TO_761BEC88.csv","interlanguage_authority_context","false","false","route/context only for R7"
"6034-PATH-0044","uploader-transfer/interlanguage-method-authority-761bec88-current-frontier-authority-routing-20260707/INTERLANGUAGE_FABLE_761BEC88_CURRENT_FRONTIER_AUTHORITY_ROUTING_20260707/BRANCH_CHANGED_PATHS_4065F6A4_TO_761BEC88.json","interlanguage_authority_context","false","false","route/context only for R7"
"6034-PATH-0045","uploader-transfer/interlanguage-method-authority-761bec88-current-frontier-authority-routing-20260707/INTERLANGUAGE_FABLE_761BEC88_CURRENT_FRONTIER_AUTHORITY_ROUTING_20260707/BRANCH_COMMITS_4065F6A4_TO_761BEC88.csv","interlanguage_authority_context","false","false","route/context only for R7"
"6034-PATH-0046","uploader-transfer/interlanguage-method-authority-761bec88-current-frontier-authority-routing-20260707/INTERLANGUAGE_FABLE_761BEC88_CURRENT_FRONTIER_AUTHORITY_ROUTING_20260707/BRANCH_COMMITS_4065F6A4_TO_761BEC88.json","interlanguage_authority_context","false","false","route/context only for R7"
"6034-PATH-0047","uploader-transfer/interlanguage-method-authority-761bec88-current-frontier-authority-routing-20260707/INTERLANGUAGE_FABLE_761BEC88_CURRENT_FRONTIER_AUTHORITY_ROUTING_20260707/BRANCH_WEIGHTING_LEDGER_761BEC88.csv","interlanguage_authority_context","false","false","route/context only for R7"
"6034-PATH-0048","uploader-transfer/interlanguage-method-authority-761bec88-current-frontier-authority-routing-20260707/INTERLANGUAGE_FABLE_761BEC88_CURRENT_FRONTIER_AUTHORITY_ROUTING_20260707/BRANCH_WEIGHTING_LEDGER_761BEC88.json","interlanguage_authority_context","false","false","route/context only for R7"
"6034-PATH-0049","uploader-transfer/interlanguage-method-authority-761bec88-current-frontier-authority-routing-20260707/INTERLANGUAGE_FABLE_761BEC88_CURRENT_FRONTIER_AUTHORITY_ROUTING_20260707/CURRENT_FRONTIER_VERIFICATION_761BEC88.csv","interlanguage_authority_context","false","false","route/context only for R7"
"6034-PATH-0050","uploader-transfer/interlanguage-method-authority-761bec88-current-frontier-authority-routing-20260707/INTERLANGUAGE_FABLE_761BEC88_CURRENT_FRONTIER_AUTHORITY_ROUTING_20260707/CURRENT_FRONTIER_VERIFICATION_761BEC88.json","interlanguage_authority_context","false","false","route/context only for R7"
"6034-PATH-0051","uploader-transfer/interlanguage-method-authority-761bec88-current-frontier-authority-routing-20260707/INTERLANGUAGE_FABLE_761BEC88_CURRENT_FRONTIER_AUTHORITY_ROUTING_20260707/DO_NOT_USE_LEDGER_761BEC88.csv","interlanguage_authority_context","false","false","route/context only for R7"
"6034-PATH-0052","uploader-transfer/interlanguage-method-authority-761bec88-current-frontier-authority-routing-20260707/INTERLANGUAGE_FABLE_761BEC88_CURRENT_FRONTIER_AUTHORITY_ROUTING_20260707/DO_NOT_USE_LEDGER_761BEC88.json","interlanguage_authority_context","false","false","route/context only for R7"
"6034-PATH-0053","uploader-transfer/interlanguage-method-authority-761bec88-current-frontier-authority-routing-20260707/INTERLANGUAGE_FABLE_761BEC88_CURRENT_FRONTIER_AUTHORITY_ROUTING_20260707/FINAL_VALIDATION.json","interlanguage_authority_context","false","false","route/context only for R7"
"6034-PATH-0054","uploader-transfer/interlanguage-method-authority-761bec88-current-frontier-authority-routing-20260707/INTERLANGUAGE_FABLE_761BEC88_CURRENT_FRONTIER_AUTHORITY_ROUTING_20260707/GIT_OBJECT_EXTRACTED_BRANCH_ARTIFACTS_761BEC88.csv","interlanguage_authority_context","false","false","route/context only for R7"
"6034-PATH-0055","uploader-transfer/interlanguage-method-authority-761bec88-current-frontier-authority-routing-20260707/INTERLANGUAGE_FABLE_761BEC88_CURRENT_FRONTIER_AUTHORITY_ROUTING_20260707/GIT_OBJECT_EXTRACTED_BRANCH_ARTIFACTS_761BEC88.json","interlanguage_authority_context","false","false","route/context only for R7"
"6034-PATH-0056","uploader-transfer/interlanguage-method-authority-761bec88-current-frontier-authority-routing-20260707/INTERLANGUAGE_FABLE_761BEC88_CURRENT_FRONTIER_AUTHORITY_ROUTING_20260707/GIT_OBJECT_EXTRACTION_FAILURES_761BEC88.csv","interlanguage_authority_context","false","false","route/context only for R7"
"6034-PATH-0057","uploader-transfer/interlanguage-method-authority-761bec88-current-frontier-authority-routing-20260707/INTERLANGUAGE_FABLE_761BEC88_CURRENT_FRONTIER_AUTHORITY_ROUTING_20260707/GIT_OBJECT_EXTRACTION_FAILURES_761BEC88.json","interlanguage_authority_context","false","false","route/context only for R7"
"6034-PATH-0058","uploader-transfer/interlanguage-method-authority-761bec88-current-frontier-authority-routing-20260707/INTERLANGUAGE_FABLE_761BEC88_CURRENT_FRONTIER_AUTHORITY_ROUTING_20260707/HEARTBEAT_20260707.md","interlanguage_authority_context","false","false","route/context only for R7"
"6034-PATH-0059","uploader-transfer/interlanguage-method-authority-761bec88-current-frontier-authority-routing-20260707/INTERLANGUAGE_FABLE_761BEC88_CURRENT_FRONTIER_AUTHORITY_ROUTING_20260707/INTERSLAVIC_CORRECTION_LEDGER_761BEC88.csv","interlanguage_authority_context","false","false","route/context only for R7"
"6034-PATH-0060","uploader-transfer/interlanguage-method-authority-761bec88-current-frontier-authority-routing-20260707/INTERLANGUAGE_FABLE_761BEC88_CURRENT_FRONTIER_AUTHORITY_ROUTING_20260707/INTERSLAVIC_CORRECTION_LEDGER_761BEC88.json","interlanguage_authority_context","false","false","route/context only for R7"
"6034-PATH-0061","uploader-transfer/interlanguage-method-authority-761bec88-current-frontier-authority-routing-20260707/INTERLANGUAGE_FABLE_761BEC88_CURRENT_FRONTIER_AUTHORITY_ROUTING_20260707/MANIFEST.csv","interlanguage_authority_context","false","false","route/context only for R7"
"6034-PATH-0062","uploader-transfer/interlanguage-method-authority-761bec88-current-frontier-authority-routing-20260707/INTERLANGUAGE_FABLE_761BEC88_CURRENT_FRONTIER_AUTHORITY_ROUTING_20260707/MARGINAL_INTELLIGIBILITY_LEDGER_761BEC88.csv","interlanguage_authority_context","false","false","route/context only for R7"
"6034-PATH-0063","uploader-transfer/interlanguage-method-authority-761bec88-current-frontier-authority-routing-20260707/INTERLANGUAGE_FABLE_761BEC88_CURRENT_FRONTIER_AUTHORITY_ROUTING_20260707/MARGINAL_INTELLIGIBILITY_LEDGER_761BEC88.json","interlanguage_authority_context","false","false","route/context only for R7"
"6034-PATH-0064","uploader-transfer/interlanguage-method-authority-761bec88-current-frontier-authority-routing-20260707/INTERLANGUAGE_FABLE_761BEC88_CURRENT_FRONTIER_AUTHORITY_ROUTING_20260707/NORMALIZATION_MARKER_TABLE_LEDGER_761BEC88.csv","interlanguage_authority_context","false","false","route/context only for R7"
"6034-PATH-0065","uploader-transfer/interlanguage-method-authority-761bec88-current-frontier-authority-routing-20260707/INTERLANGUAGE_FABLE_761BEC88_CURRENT_FRONTIER_AUTHORITY_ROUTING_20260707/NORMALIZATION_MARKER_TABLE_LEDGER_761BEC88.json","interlanguage_authority_context","false","false","route/context only for R7"
"6034-PATH-0066","uploader-transfer/interlanguage-method-authority-761bec88-current-frontier-authority-routing-20260707/INTERLANGUAGE_FABLE_761BEC88_CURRENT_FRONTIER_AUTHORITY_ROUTING_20260707/PACKAGE_SUMMARY_761BEC88.csv","interlanguage_authority_context","false","false","route/context only for R7"
"6034-PATH-0067","uploader-transfer/interlanguage-method-authority-761bec88-current-frontier-authority-routing-20260707/INTERLANGUAGE_FABLE_761BEC88_CURRENT_FRONTIER_AUTHORITY_ROUTING_20260707/PACKAGE_SUMMARY_761BEC88.json","interlanguage_authority_context","false","false","route/context only for R7"
"6034-PATH-0068","uploader-transfer/interlanguage-method-authority-761bec88-current-frontier-authority-routing-20260707/INTERLANGUAGE_FABLE_761BEC88_CURRENT_FRONTIER_AUTHORITY_ROUTING_20260707/PAYLOAD_GROUP_COUNTS_761BEC88.csv","interlanguage_authority_context","false","false","route/context only for R7"
"6034-PATH-0069","uploader-transfer/interlanguage-method-authority-761bec88-current-frontier-authority-routing-20260707/INTERLANGUAGE_FABLE_761BEC88_CURRENT_FRONTIER_AUTHORITY_ROUTING_20260707/PAYLOAD_GROUP_COUNTS_761BEC88.json","interlanguage_authority_context","false","false","route/context only for R7"
"6034-PATH-0070","uploader-transfer/interlanguage-method-authority-761bec88-current-frontier-authority-routing-20260707/INTERLANGUAGE_FABLE_761BEC88_CURRENT_FRONTIER_AUTHORITY_ROUTING_20260707/README.md","interlanguage_authority_context","false","false","route/context only for R7"
"6034-PATH-0071","uploader-transfer/interlanguage-method-authority-761bec88-current-frontier-authority-routing-20260707/INTERLANGUAGE_FABLE_761BEC88_CURRENT_FRONTIER_AUTHORITY_ROUTING_20260707/SESSION_LOGBOOK_20260707.md","interlanguage_authority_context","false","false","route/context only for R7"
"6034-PATH-0072","uploader-transfer/interlanguage-method-authority-761bec88-current-frontier-authority-routing-20260707/INTERLANGUAGE_FABLE_761BEC88_CURRENT_FRONTIER_AUTHORITY_ROUTING_20260707/SHA256SUMS.txt","interlanguage_authority_context","false","false","route/context only for R7"
"6034-PATH-0073","uploader-transfer/interlanguage-method-authority-761bec88-current-frontier-authority-routing-20260707/INTERLANGUAGE_FABLE_761BEC88_CURRENT_FRONTIER_AUTHORITY_ROUTING_20260707/SIBLING_WAKE_LEDGER_761BEC88.csv","interlanguage_authority_context","false","false","route/context only for R7"
"6034-PATH-0074","uploader-transfer/interlanguage-method-authority-761bec88-current-frontier-authority-routing-20260707/INTERLANGUAGE_FABLE_761BEC88_CURRENT_FRONTIER_AUTHORITY_ROUTING_20260707/SIBLING_WAKE_LEDGER_761BEC88.json","interlanguage_authority_context","false","false","route/context only for R7"
"6034-PATH-0075","uploader-transfer/interlanguage-method-authority-761bec88-current-frontier-authority-routing-20260707/INTERLANGUAGE_FABLE_761BEC88_CURRENT_FRONTIER_AUTHORITY_ROUTING_20260707/SOURCE_USE_ADVERSE_COVERAGE_LEDGER_761BEC88.csv","interlanguage_authority_context","false","false","route/context only for R7"
"6034-PATH-0076","uploader-transfer/interlanguage-method-authority-761bec88-current-frontier-authority-routing-20260707/INTERLANGUAGE_FABLE_761BEC88_CURRENT_FRONTIER_AUTHORITY_ROUTING_20260707/SOURCE_USE_ADVERSE_COVERAGE_LEDGER_761BEC88.json","interlanguage_authority_context","false","false","route/context only for R7"
"6034-PATH-0077","uploader-transfer/interlanguage-method-authority-761bec88-current-frontier-authority-routing-20260707/INTERLANGUAGE_FABLE_761BEC88_CURRENT_FRONTIER_AUTHORITY_ROUTING_20260707/source_artifacts/0001_aa6d5e00fe_B3_HANDOFF_SENT_4065F6A4.md","interlanguage_authority_context","false","false","route/context only for R7"
"6034-PATH-0078","uploader-transfer/interlanguage-method-authority-761bec88-current-frontier-authority-routing-20260707/INTERLANGUAGE_FABLE_761BEC88_CURRENT_FRONTIER_AUTHORITY_ROUTING_20260707/source_artifacts/0002_c83385c6b2_BRANCH_COMPARE_COMMITS_C033F393_TO_4065F6A4.csv","interlanguage_authority_context","false","false","route/context only for R7"
"6034-PATH-0079","uploader-transfer/interlanguage-method-authority-761bec88-current-frontier-authority-routing-20260707/INTERLANGUAGE_FABLE_761BEC88_CURRENT_FRONTIER_AUTHORITY_ROUTING_20260707/source_artifacts/0003_507492593d_BRANCH_COMPARE_FILES_C033F393_TO_4065F6A4.csv","interlanguage_authority_context","false","false","route/context only for R7"
"6034-PATH-0080","uploader-transfer/interlanguage-method-authority-761bec88-current-frontier-authority-routing-20260707/INTERLANGUAGE_FABLE_761BEC88_CURRENT_FRONTIER_AUTHORITY_ROUTING_20260707/source_artifacts/0004_f4bc195049_BRANCH_COMPARE_SUMMARY_4065F6A4.csv","interlanguage_authority_context","false","false","route/context only for R7"
"6034-PATH-0081","uploader-transfer/interlanguage-method-authority-761bec88-current-frontier-authority-routing-20260707/INTERLANGUAGE_FABLE_761BEC88_CURRENT_FRONTIER_AUTHORITY_ROUTING_20260707/source_artifacts/0005_2707ea3d0b_EXACT_BLOCKER_RECOVERY_ROWS_4065F6A4.csv","interlanguage_authority_context","false","false","route/context only for R7"
"6034-PATH-0082","uploader-transfer/interlanguage-method-authority-761bec88-current-frontier-authority-routing-20260707/INTERLANGUAGE_FABLE_761BEC88_CURRENT_FRONTIER_AUTHORITY_ROUTING_20260707/source_artifacts/0006_305bd732e3_MANIFEST.csv","interlanguage_authority_context","false","false","route/context only for R7"
"6034-PATH-0083","uploader-transfer/interlanguage-method-authority-761bec88-current-frontier-authority-routing-20260707/INTERLANGUAGE_FABLE_761BEC88_CURRENT_FRONTIER_AUTHORITY_ROUTING_20260707/source_artifacts/0007_fde072cb4f_PARENT_PACKET_VISIBILITY_INVENTORY_4065F6A4.csv","interlanguage_authority_context","false","false","route/context only for R7"
"6034-PATH-0084","uploader-transfer/interlanguage-method-authority-761bec88-current-frontier-authority-routing-20260707/INTERLANGUAGE_FABLE_761BEC88_CURRENT_FRONTIER_AUTHORITY_ROUTING_20260707/source_artifacts/0008_6be4778e05_README.md","interlanguage_authority_context","false","false","route/context only for R7"
"6034-PATH-0085","uploader-transfer/interlanguage-method-authority-761bec88-current-frontier-authority-routing-20260707/INTERLANGUAGE_FABLE_761BEC88_CURRENT_FRONTIER_AUTHORITY_ROUTING_20260707/source_artifacts/0009_3166ea1509_SHA256SUMS.txt","interlanguage_authority_context","false","false","route/context only for R7"
"6034-PATH-0086","uploader-transfer/interlanguage-method-authority-761bec88-current-frontier-authority-routing-20260707/INTERLANGUAGE_FABLE_761BEC88_CURRENT_FRONTIER_AUTHORITY_ROUTING_20260707/source_artifacts/0010_fc026aca9c_SOURCE_USE_GAP_FABLE_ADVERSE_CARRYFORWARD_4065F6A4.csv","interlanguage_authority_context","false","false","route/context only for R7"
"6034-PATH-0087","uploader-transfer/interlanguage-method-authority-761bec88-current-frontier-authority-routing-20260707/INTERLANGUAGE_FABLE_761BEC88_CURRENT_FRONTIER_AUTHORITY_ROUTING_20260707/source_artifacts/0011_9bdf61e746_SUMMARY.json","interlanguage_authority_context","false","false","route/context only for R7"
"6034-PATH-0088","uploader-transfer/interlanguage-method-authority-761bec88-current-frontier-authority-routing-20260707/INTERLANGUAGE_FABLE_761BEC88_CURRENT_FRONTIER_AUTHORITY_ROUTING_20260707/source_artifacts/0012_e4187b84e3_B3_HANDOFF_SENT_4065F6A4_R9_SYSTEMERROR_DEDUP.md","r9_route_context","false","false","route/context only for R7"
"6034-PATH-0089","uploader-transfer/interlanguage-method-authority-761bec88-current-frontier-authority-routing-20260707/INTERLANGUAGE_FABLE_761BEC88_CURRENT_FRONTIER_AUTHORITY_ROUTING_20260707/source_artifacts/0013_fac5e14d92_BRANCH_REVERIFY_4065F6A4.csv","interlanguage_authority_context","false","false","route/context only for R7"
"6034-PATH-0090","uploader-transfer/interlanguage-method-authority-761bec88-current-frontier-authority-routing-20260707/INTERLANGUAGE_FABLE_761BEC88_CURRENT_FRONTIER_AUTHORITY_ROUTING_20260707/source_artifacts/0014_46dee9072a_EXACT_BLOCKER_RECOVERY_ROWS_4065F6A4_R9.csv","r9_route_context","false","false","route/context only for R7"
"6034-PATH-0091","uploader-transfer/interlanguage-method-authority-761bec88-current-frontier-authority-routing-20260707/INTERLANGUAGE_FABLE_761BEC88_CURRENT_FRONTIER_AUTHORITY_ROUTING_20260707/source_artifacts/0015_9795fdfe05_MANIFEST.csv","interlanguage_authority_context","false","false","route/context only for R7"
"6034-PATH-0092","uploader-transfer/interlanguage-method-authority-761bec88-current-frontier-authority-routing-20260707/INTERLANGUAGE_FABLE_761BEC88_CURRENT_FRONTIER_AUTHORITY_ROUTING_20260707/source_artifacts/0016_f07c797bc8_R9_PACKET_INVENTORY_4065F6A4.csv","r9_route_context","false","false","route/context only for R7"
"6034-PATH-0093","uploader-transfer/interlanguage-method-authority-761bec88-current-frontier-authority-routing-20260707/INTERLANGUAGE_FABLE_761BEC88_CURRENT_FRONTIER_AUTHORITY_ROUTING_20260707/source_artifacts/0017_bafce51897_R9_SOURCE_USE_GAP_FABLE_ADVERSE_ROUTE_4065F6A4.csv","r9_route_context","false","false","route/context only for R7"
"6034-PATH-0094","uploader-transfer/interlanguage-method-authority-761bec88-current-frontier-authority-routing-20260707/INTERLANGUAGE_FABLE_761BEC88_CURRENT_FRONTIER_AUTHORITY_ROUTING_20260707/source_artifacts/0018_da6c1898bf_README.md","interlanguage_authority_context","false","false","route/context only for R7"
"6034-PATH-0095","uploader-transfer/interlanguage-method-authority-761bec88-current-frontier-authority-routing-20260707/INTERLANGUAGE_FABLE_761BEC88_CURRENT_FRONTIER_AUTHORITY_ROUTING_20260707/source_artifacts/0019_c264a62dab_SHA256SUMS.txt","interlanguage_authority_context","false","false","route/context only for R7"
"6034-PATH-0096","uploader-transfer/interlanguage-method-authority-761bec88-current-frontier-authority-routing-20260707/INTERLANGUAGE_FABLE_761BEC88_CURRENT_FRONTIER_AUTHORITY_ROUTING_20260707/source_artifacts/0020_ee1f773f1c_SIBLING_WAKE_LEDGER_4065F6A4_R9.csv","r9_route_context","false","false","route/context only for R7"
"6034-PATH-0097","uploader-transfer/interlanguage-method-authority-761bec88-current-frontier-authority-routing-20260707/INTERLANGUAGE_FABLE_761BEC88_CURRENT_FRONTIER_AUTHORITY_ROUTING_20260707/source_artifacts/0021_289675ef83_SUMMARY.json","interlanguage_authority_context","false","false","route/context only for R7"
"6034-PATH-0098","uploader-transfer/interlanguage-method-authority-761bec88-current-frontier-authority-routing-20260707/INTERLANGUAGE_FABLE_761BEC88_CURRENT_FRONTIER_AUTHORITY_ROUTING_20260707/source_artifacts/0022_2227553539_ACTIVE_SESSION_STATE.md","interlanguage_authority_context","false","false","route/context only for R7"
"6034-PATH-0099","uploader-transfer/interlanguage-method-authority-761bec88-current-frontier-authority-routing-20260707/INTERLANGUAGE_FABLE_761BEC88_CURRENT_FRONTIER_AUTHORITY_ROUTING_20260707/source_artifacts/0023_7bfedffebd_AUTHORITY_ETHICS_BOUNDARY_LEDGER_4065F6A4.csv","interlanguage_authority_context","false","false","route/context only for R7"
"6034-PATH-0100","uploader-transfer/interlanguage-method-authority-761bec88-current-frontier-authority-routing-20260707/INTERLANGUAGE_FABLE_761BEC88_CURRENT_FRONTIER_AUTHORITY_ROUTING_20260707/source_artifacts/0024_3bae88d587_AUTHORITY_ETHICS_BOUNDARY_LEDGER_4065F6A4.json","interlanguage_authority_context","false","false","route/context only for R7"
"6034-PATH-0101","uploader-transfer/interlanguage-method-authority-761bec88-current-frontier-authority-routing-20260707/INTERLANGUAGE_FABLE_761BEC88_CURRENT_FRONTIER_AUTHORITY_ROUTING_20260707/source_artifacts/0025_fe943a48ae_B3_HANDOFF_INDEX_4065F6A4.csv","interlanguage_authority_context","false","false","route/context only for R7"
"6034-PATH-0102","uploader-transfer/interlanguage-method-authority-761bec88-current-frontier-authority-routing-20260707/INTERLANGUAGE_FABLE_761BEC88_CURRENT_FRONTIER_AUTHORITY_ROUTING_20260707/source_artifacts/0026_7613500a08_B3_HANDOFF_INDEX_4065F6A4.json","interlanguage_authority_context","false","false","route/context only for R7"
"6034-PATH-0103","uploader-transfer/interlanguage-method-authority-761bec88-current-frontier-authority-routing-20260707/INTERLANGUAGE_FABLE_761BEC88_CURRENT_FRONTIER_AUTHORITY_ROUTING_20260707/source_artifacts/0027_3b7fb5a418_B3_VISIBLE_PRIOR_AUTHORITY_ROOTS_4065F6A4.csv","interlanguage_authority_context","false","false","route/context only for R7"
"6034-PATH-0104","uploader-transfer/interlanguage-method-authority-761bec88-current-frontier-authority-routing-20260707/INTERLANGUAGE_FABLE_761BEC88_CURRENT_FRONTIER_AUTHORITY_ROUTING_20260707/source_artifacts/0028_9f03d36185_B3_VISIBLE_PRIOR_AUTHORITY_ROOTS_4065F6A4.json","interlanguage_authority_context","false","false","route/context only for R7"
"6034-PATH-0105","uploader-transfer/interlanguage-method-authority-761bec88-current-frontier-authority-routing-20260707/INTERLANGUAGE_FABLE_761BEC88_CURRENT_FRONTIER_AUTHORITY_ROUTING_20260707/source_artifacts/0029_ce14438529_BLOCKER_RECOVERY_SURFACE_LEDGER_4065F6A4.csv","interlanguage_authority_context","false","false","route/context only for R7"
"6034-PATH-0106","uploader-transfer/interlanguage-method-authority-761bec88-current-frontier-authority-routing-20260707/INTERLANGUAGE_FABLE_761BEC88_CURRENT_FRONTIER_AUTHORITY_ROUTING_20260707/source_artifacts/0030_4de86d4b19_BLOCKER_RECOVERY_SURFACE_LEDGER_4065F6A4.json","interlanguage_authority_context","false","false","route/context only for R7"
"6034-PATH-0107","uploader-transfer/interlanguage-method-authority-761bec88-current-frontier-authority-routing-20260707/INTERLANGUAGE_FABLE_761BEC88_CURRENT_FRONTIER_AUTHORITY_ROUTING_20260707/source_artifacts/0031_8adc184e32_BRANCH_CHANGED_PATHS_18BBB185_TO_4065F6A4.csv","interlanguage_authority_context","false","false","route/context only for R7"
"6034-PATH-0108","uploader-transfer/interlanguage-method-authority-761bec88-current-frontier-authority-routing-20260707/INTERLANGUAGE_FABLE_761BEC88_CURRENT_FRONTIER_AUTHORITY_ROUTING_20260707/source_artifacts/0032_9cc0201a2f_BRANCH_CHANGED_PATHS_18BBB185_TO_4065F6A4.json","interlanguage_authority_context","false","false","route/context only for R7"
"6034-PATH-0109","uploader-transfer/interlanguage-method-authority-761bec88-current-frontier-authority-routing-20260707/INTERLANGUAGE_FABLE_761BEC88_CURRENT_FRONTIER_AUTHORITY_ROUTING_20260707/source_artifacts/0033_3a78c49f6a_BRANCH_COMMITS_18BBB185_TO_4065F6A4.csv","interlanguage_authority_context","false","false","route/context only for R7"
"6034-PATH-0110","uploader-transfer/interlanguage-method-authority-761bec88-current-frontier-authority-routing-20260707/INTERLANGUAGE_FABLE_761BEC88_CURRENT_FRONTIER_AUTHORITY_ROUTING_20260707/source_artifacts/0034_806b61e8ca_BRANCH_COMMITS_18BBB185_TO_4065F6A4.json","interlanguage_authority_context","false","false","route/context only for R7"
"6034-PATH-0111","uploader-transfer/interlanguage-method-authority-761bec88-current-frontier-authority-routing-20260707/INTERLANGUAGE_FABLE_761BEC88_CURRENT_FRONTIER_AUTHORITY_ROUTING_20260707/source_artifacts/0035_22dbd2949c_BRANCH_WEIGHTING_LEDGER_4065F6A4.csv","interlanguage_authority_context","false","false","route/context only for R7"
"6034-PATH-0112","uploader-transfer/interlanguage-method-authority-761bec88-current-frontier-authority-routing-20260707/INTERLANGUAGE_FABLE_761BEC88_CURRENT_FRONTIER_AUTHORITY_ROUTING_20260707/source_artifacts/0036_fa96cba97f_BRANCH_WEIGHTING_LEDGER_4065F6A4.json","interlanguage_authority_context","false","false","route/context only for R7"
"6034-PATH-0113","uploader-transfer/interlanguage-method-authority-761bec88-current-frontier-authority-routing-20260707/INTERLANGUAGE_FABLE_761BEC88_CURRENT_FRONTIER_AUTHORITY_ROUTING_20260707/source_artifacts/0037_58e8178b41_CURRENT_FRONTIER_VERIFICATION_4065F6A4.csv","interlanguage_authority_context","false","false","route/context only for R7"
"6034-PATH-0114","uploader-transfer/interlanguage-method-authority-761bec88-current-frontier-authority-routing-20260707/INTERLANGUAGE_FABLE_761BEC88_CURRENT_FRONTIER_AUTHORITY_ROUTING_20260707/source_artifacts/0038_0b7368a9a6_CURRENT_FRONTIER_VERIFICATION_4065F6A4.json","interlanguage_authority_context","false","false","route/context only for R7"
"6034-PATH-0115","uploader-transfer/interlanguage-method-authority-761bec88-current-frontier-authority-routing-20260707/INTERLANGUAGE_FABLE_761BEC88_CURRENT_FRONTIER_AUTHORITY_ROUTING_20260707/source_artifacts/0039_db13ff2785_DO_NOT_USE_LEDGER_4065F6A4.csv","interlanguage_authority_context","false","false","route/context only for R7"
"6034-PATH-0116","uploader-transfer/interlanguage-method-authority-761bec88-current-frontier-authority-routing-20260707/INTERLANGUAGE_FABLE_761BEC88_CURRENT_FRONTIER_AUTHORITY_ROUTING_20260707/source_artifacts/0040_0c5af89cff_DO_NOT_USE_LEDGER_4065F6A4.json","interlanguage_authority_context","false","false","route/context only for R7"
"6034-PATH-0117","uploader-transfer/interlanguage-method-authority-761bec88-current-frontier-authority-routing-20260707/INTERLANGUAGE_FABLE_761BEC88_CURRENT_FRONTIER_AUTHORITY_ROUTING_20260707/source_artifacts/0041_34788e02bf_FINAL_VALIDATION.json","interlanguage_authority_context","false","false","route/context only for R7"
"6034-PATH-0118","uploader-transfer/interlanguage-method-authority-761bec88-current-frontier-authority-routing-20260707/INTERLANGUAGE_FABLE_761BEC88_CURRENT_FRONTIER_AUTHORITY_ROUTING_20260707/source_artifacts/0042_09578ac06d_GIT_OBJECT_EXTRACTED_BRANCH_ARTIFACTS_4065F6A4.csv","interlanguage_authority_context","false","false","route/context only for R7"
"6034-PATH-0119","uploader-transfer/interlanguage-method-authority-761bec88-current-frontier-authority-routing-20260707/INTERLANGUAGE_FABLE_761BEC88_CURRENT_FRONTIER_AUTHORITY_ROUTING_20260707/source_artifacts/0043_2fd1c1b174_GIT_OBJECT_EXTRACTED_BRANCH_ARTIFACTS_4065F6A4.json","interlanguage_authority_context","false","false","route/context only for R7"
"6034-PATH-0120","uploader-transfer/interlanguage-method-authority-761bec88-current-frontier-authority-routing-20260707/INTERLANGUAGE_FABLE_761BEC88_CURRENT_FRONTIER_AUTHORITY_ROUTING_20260707/source_artifacts/0044_d00a99d182_GIT_OBJECT_EXTRACTION_FAILURES_4065F6A4.csv","interlanguage_authority_context","false","false","route/context only for R7"
"6034-PATH-0121","uploader-transfer/interlanguage-method-authority-761bec88-current-frontier-authority-routing-20260707/INTERLANGUAGE_FABLE_761BEC88_CURRENT_FRONTIER_AUTHORITY_ROUTING_20260707/source_artifacts/0045_60b0742537_GIT_OBJECT_EXTRACTION_FAILURES_4065F6A4.json","interlanguage_authority_context","false","false","route/context only for R7"
"6034-PATH-0122","uploader-transfer/interlanguage-method-authority-761bec88-current-frontier-authority-routing-20260707/INTERLANGUAGE_FABLE_761BEC88_CURRENT_FRONTIER_AUTHORITY_ROUTING_20260707/source_artifacts/0046_19c302101f_HEARTBEAT_20260707.md","interlanguage_authority_context","false","false","route/context only for R7"
"6034-PATH-0123","uploader-transfer/interlanguage-method-authority-761bec88-current-frontier-authority-routing-20260707/INTERLANGUAGE_FABLE_761BEC88_CURRENT_FRONTIER_AUTHORITY_ROUTING_20260707/source_artifacts/0047_1a96e9040e_INTERSLAVIC_CORRECTION_LEDGER_4065F6A4.csv","interlanguage_authority_context","false","false","route/context only for R7"
"6034-PATH-0124","uploader-transfer/interlanguage-method-authority-761bec88-current-frontier-authority-routing-20260707/INTERLANGUAGE_FABLE_761BEC88_CURRENT_FRONTIER_AUTHORITY_ROUTING_20260707/source_artifacts/0048_f785a0d434_INTERSLAVIC_CORRECTION_LEDGER_4065F6A4.json","interlanguage_authority_context","false","false","route/context only for R7"
"6034-PATH-0125","uploader-transfer/interlanguage-method-authority-761bec88-current-frontier-authority-routing-20260707/INTERLANGUAGE_FABLE_761BEC88_CURRENT_FRONTIER_AUTHORITY_ROUTING_20260707/source_artifacts/0049_bd48548ce8_MANIFEST.csv","interlanguage_authority_context","false","false","route/context only for R7"
"6034-PATH-0126","uploader-transfer/interlanguage-method-authority-761bec88-current-frontier-authority-routing-20260707/INTERLANGUAGE_FABLE_761BEC88_CURRENT_FRONTIER_AUTHORITY_ROUTING_20260707/source_artifacts/0050_9c34752812_MARGINAL_INTELLIGIBILITY_LEDGER_4065F6A4.csv","interlanguage_authority_context","false","false","route/context only for R7"
"6034-PATH-0127","uploader-transfer/interlanguage-method-authority-761bec88-current-frontier-authority-routing-20260707/INTERLANGUAGE_FABLE_761BEC88_CURRENT_FRONTIER_AUTHORITY_ROUTING_20260707/source_artifacts/0051_4c270cfb33_MARGINAL_INTELLIGIBILITY_LEDGER_4065F6A4.json","interlanguage_authority_context","false","false","route/context only for R7"
"6034-PATH-0128","uploader-transfer/interlanguage-method-authority-761bec88-current-frontier-authority-routing-20260707/INTERLANGUAGE_FABLE_761BEC88_CURRENT_FRONTIER_AUTHORITY_ROUTING_20260707/source_artifacts/0052_7ea05b5a34_NORMALIZATION_MARKER_TABLE_LEDGER_4065F6A4.csv","interlanguage_authority_context","false","false","route/context only for R7"
"6034-PATH-0129","uploader-transfer/interlanguage-method-authority-761bec88-current-frontier-authority-routing-20260707/INTERLANGUAGE_FABLE_761BEC88_CURRENT_FRONTIER_AUTHORITY_ROUTING_20260707/source_artifacts/0053_2a933e782e_NORMALIZATION_MARKER_TABLE_LEDGER_4065F6A4.json","interlanguage_authority_context","false","false","route/context only for R7"
"6034-PATH-0130","uploader-transfer/interlanguage-method-authority-761bec88-current-frontier-authority-routing-20260707/INTERLANGUAGE_FABLE_761BEC88_CURRENT_FRONTIER_AUTHORITY_ROUTING_20260707/source_artifacts/0054_87790aa8ca_PACKAGE_SUMMARY_4065F6A4.csv","interlanguage_authority_context","false","false","route/context only for R7"
"6034-PATH-0131","uploader-transfer/interlanguage-method-authority-761bec88-current-frontier-authority-routing-20260707/INTERLANGUAGE_FABLE_761BEC88_CURRENT_FRONTIER_AUTHORITY_ROUTING_20260707/source_artifacts/0055_14b7185727_PACKAGE_SUMMARY_4065F6A4.json","interlanguage_authority_context","false","false","route/context only for R7"
"6034-PATH-0132","uploader-transfer/interlanguage-method-authority-761bec88-current-frontier-authority-routing-20260707/INTERLANGUAGE_FABLE_761BEC88_CURRENT_FRONTIER_AUTHORITY_ROUTING_20260707/source_artifacts/0056_fba1f7ff23_PAYLOAD_GROUP_COUNTS_4065F6A4.csv","interlanguage_authority_context","false","false","route/context only for R7"
"6034-PATH-0133","uploader-transfer/interlanguage-method-authority-761bec88-current-frontier-authority-routing-20260707/INTERLANGUAGE_FABLE_761BEC88_CURRENT_FRONTIER_AUTHORITY_ROUTING_20260707/source_artifacts/0057_2afe6eded5_PAYLOAD_GROUP_COUNTS_4065F6A4.json","interlanguage_authority_context","false","false","route/context only for R7"
"6034-PATH-0134","uploader-transfer/interlanguage-method-authority-761bec88-current-frontier-authority-routing-20260707/INTERLANGUAGE_FABLE_761BEC88_CURRENT_FRONTIER_AUTHORITY_ROUTING_20260707/source_artifacts/0058_cfd297b38e_README.md","interlanguage_authority_context","false","false","route/context only for R7"
"6034-PATH-0135","uploader-transfer/interlanguage-method-authority-761bec88-current-frontier-authority-routing-20260707/INTERLANGUAGE_FABLE_761BEC88_CURRENT_FRONTIER_AUTHORITY_ROUTING_20260707/source_artifacts/0059_bafd736ce2_SESSION_LOGBOOK_20260707.md","interlanguage_authority_context","false","false","route/context only for R7"
"6034-PATH-0136","uploader-transfer/interlanguage-method-authority-761bec88-current-frontier-authority-routing-20260707/INTERLANGUAGE_FABLE_761BEC88_CURRENT_FRONTIER_AUTHORITY_ROUTING_20260707/source_artifacts/0060_c94fb44536_SHA256SUMS.txt","interlanguage_authority_context","false","false","route/context only for R7"
"6034-PATH-0137","uploader-transfer/interlanguage-method-authority-761bec88-current-frontier-authority-routing-20260707/INTERLANGUAGE_FABLE_761BEC88_CURRENT_FRONTIER_AUTHORITY_ROUTING_20260707/source_artifacts/0061_721a2faf2e_SIBLING_WAKE_LEDGER_4065F6A4.csv","interlanguage_authority_context","false","false","route/context only for R7"
"6034-PATH-0138","uploader-transfer/interlanguage-method-authority-761bec88-current-frontier-authority-routing-20260707/INTERLANGUAGE_FABLE_761BEC88_CURRENT_FRONTIER_AUTHORITY_ROUTING_20260707/source_artifacts/0062_5de8d1de65_SIBLING_WAKE_LEDGER_4065F6A4.json","interlanguage_authority_context","false","false","route/context only for R7"
"6034-PATH-0139","uploader-transfer/interlanguage-method-authority-761bec88-current-frontier-authority-routing-20260707/INTERLANGUAGE_FABLE_761BEC88_CURRENT_FRONTIER_AUTHORITY_ROUTING_20260707/source_artifacts/0063_61cf762076_SOURCE_USE_ADVERSE_COVERAGE_LEDGER_4065F6A4.csv","interlanguage_authority_context","false","false","route/context only for R7"
"6034-PATH-0140","uploader-transfer/interlanguage-method-authority-761bec88-current-frontier-authority-routing-20260707/INTERLANGUAGE_FABLE_761BEC88_CURRENT_FRONTIER_AUTHORITY_ROUTING_20260707/source_artifacts/0064_dc852f68cf_SOURCE_USE_ADVERSE_COVERAGE_LEDGER_4065F6A4.json","interlanguage_authority_context","false","false","route/context only for R7"
"6034-PATH-0141","uploader-transfer/interlanguage-method-authority-761bec88-current-frontier-authority-routing-20260707/INTERLANGUAGE_FABLE_761BEC88_CURRENT_FRONTIER_AUTHORITY_ROUTING_20260707/source_artifacts/0065_4877e29118_0001_4877e29118_B3_AND_INTERLANGUAGE_HANDOFF_SENT_18BBB185.md","interlanguage_authority_context","false","false","route/context only for R7"
"6034-PATH-0142","uploader-transfer/interlanguage-method-authority-761bec88-current-frontier-authority-routing-20260707/INTERLANGUAGE_FABLE_761BEC88_CURRENT_FRONTIER_AUTHORITY_ROUTING_20260707/source_artifacts/0066_776acc8215_0002_776acc8215_BRANCH_COMPARE_COMMITS_A55A9D0F_TO_18BBB185.csv","interlanguage_authority_context","false","false","route/context only for R7"
"6034-PATH-0143","uploader-transfer/interlanguage-method-authority-761bec88-current-frontier-authority-routing-20260707/INTERLANGUAGE_FABLE_761BEC88_CURRENT_FRONTIER_AUTHORITY_ROUTING_20260707/source_artifacts/0067_e3437ba712_0003_e3437ba712_BRANCH_COMPARE_FILES_A55A9D0F_TO_18BBB185.csv","interlanguage_authority_context","false","false","route/context only for R7"
"6034-PATH-0144","uploader-transfer/interlanguage-method-authority-761bec88-current-frontier-authority-routing-20260707/INTERLANGUAGE_FABLE_761BEC88_CURRENT_FRONTIER_AUTHORITY_ROUTING_20260707/source_artifacts/0068_e196016867_0004_e196016867_BRANCH_COMPARE_SUMMARY_18BBB185.csv","interlanguage_authority_context","false","false","route/context only for R7"
"6034-PATH-0145","uploader-transfer/interlanguage-method-authority-761bec88-current-frontier-authority-routing-20260707/INTERLANGUAGE_FABLE_761BEC88_CURRENT_FRONTIER_AUTHORITY_ROUTING_20260707/source_artifacts/0069_70bd8bb8fa_0005_70bd8bb8fa_CHILD_PACKET_INVENTORY_18BBB185.csv","interlanguage_authority_context","false","false","route/context only for R7"
"6034-PATH-0146","uploader-transfer/interlanguage-method-authority-761bec88-current-frontier-authority-routing-20260707/INTERLANGUAGE_FABLE_761BEC88_CURRENT_FRONTIER_AUTHORITY_ROUTING_20260707/source_artifacts/0070_e4c63c7133_0006_e4c63c7133_EIGHT_LANE_ROUTE_STATUS_ROWS_18BBB185.csv","interlanguage_authority_context","false","false","route/context only for R7"
"6034-PATH-0147","uploader-transfer/interlanguage-method-authority-761bec88-current-frontier-authority-routing-20260707/INTERLANGUAGE_FABLE_761BEC88_CURRENT_FRONTIER_AUTHORITY_ROUTING_20260707/source_artifacts/0071_9d65b8bf8f_0007_9d65b8bf8f_EXACT_BLOCKER_RECOVERY_ROWS_18BBB185.csv","interlanguage_authority_context","false","false","route/context only for R7"
"6034-PATH-0148","uploader-transfer/interlanguage-method-authority-761bec88-current-frontier-authority-routing-20260707/INTERLANGUAGE_FABLE_761BEC88_CURRENT_FRONTIER_AUTHORITY_ROUTING_20260707/source_artifacts/0072_28bb2ff57b_0008_28bb2ff57b_MANIFEST.csv","interlanguage_authority_context","false","false","route/context only for R7"
"6034-PATH-0149","uploader-transfer/interlanguage-method-authority-761bec88-current-frontier-authority-routing-20260707/INTERLANGUAGE_FABLE_761BEC88_CURRENT_FRONTIER_AUTHORITY_ROUTING_20260707/source_artifacts/0073_47a218e59b_0009_47a218e59b_README.md","interlanguage_authority_context","false","false","route/context only for R7"
"6034-PATH-0150","uploader-transfer/interlanguage-method-authority-761bec88-current-frontier-authority-routing-20260707/INTERLANGUAGE_FABLE_761BEC88_CURRENT_FRONTIER_AUTHORITY_ROUTING_20260707/source_artifacts/0074_83d1d7c120_0010_83d1d7c120_SHA256SUMS.txt","interlanguage_authority_context","false","false","route/context only for R7"
"6034-PATH-0151","uploader-transfer/interlanguage-method-authority-761bec88-current-frontier-authority-routing-20260707/INTERLANGUAGE_FABLE_761BEC88_CURRENT_FRONTIER_AUTHORITY_ROUTING_20260707/source_artifacts/0075_5d8ebe7448_0011_5d8ebe7448_SOURCE_USE_GAP_FABLE_ADVERSE_ROLLUP_18BBB185.csv","interlanguage_authority_context","false","false","route/context only for R7"
"6034-PATH-0152","uploader-transfer/interlanguage-method-authority-761bec88-current-frontier-authority-routing-20260707/INTERLANGUAGE_FABLE_761BEC88_CURRENT_FRONTIER_AUTHORITY_ROUTING_20260707/source_artifacts/0076_7aa7deb2e0_0012_7aa7deb2e0_SUMMARY.json","interlanguage_authority_context","false","false","route/context only for R7"
"6034-PATH-0153","uploader-transfer/interlanguage-method-authority-761bec88-current-frontier-authority-routing-20260707/INTERLANGUAGE_FABLE_761BEC88_CURRENT_FRONTIER_AUTHORITY_ROUTING_20260707/source_artifacts/0077_121e2e3660_0013_121e2e3660_VISIBLE_THREAD_WAKE_STATUS_18BBB185.csv","interlanguage_authority_context","false","false","route/context only for R7"
"6034-PATH-0154","uploader-transfer/interlanguage-method-authority-761bec88-current-frontier-authority-routing-20260707/INTERLANGUAGE_FABLE_761BEC88_CURRENT_FRONTIER_AUTHORITY_ROUTING_20260707/source_artifacts/0078_5488cbbac4_0014_5488cbbac4_B3_HANDOFF_SENT_1FA37D6D.md","interlanguage_authority_context","false","false","route/context only for R7"
"6034-PATH-0155","uploader-transfer/interlanguage-method-authority-761bec88-current-frontier-authority-routing-20260707/INTERLANGUAGE_FABLE_761BEC88_CURRENT_FRONTIER_AUTHORITY_ROUTING_20260707/source_artifacts/0079_0c6a9bf3a1_0015_0c6a9bf3a1_BRANCH_COMPARE_COMMITS_18BBB185_TO_1FA37D6D.csv","interlanguage_authority_context","false","false","route/context only for R7"
"6034-PATH-0156","uploader-transfer/interlanguage-method-authority-761bec88-current-frontier-authority-routing-20260707/INTERLANGUAGE_FABLE_761BEC88_CURRENT_FRONTIER_AUTHORITY_ROUTING_20260707/source_artifacts/0080_2d3e550a40_0016_2d3e550a40_BRANCH_COMPARE_FILES_18BBB185_TO_1FA37D6D.csv","interlanguage_authority_context","false","false","route/context only for R7"
"6034-PATH-0157","uploader-transfer/interlanguage-method-authority-761bec88-current-frontier-authority-routing-20260707/INTERLANGUAGE_FABLE_761BEC88_CURRENT_FRONTIER_AUTHORITY_ROUTING_20260707/source_artifacts/0081_565a199b12_0017_565a199b12_BRANCH_COMPARE_SUMMARY_1FA37D6D.csv","interlanguage_authority_context","false","false","route/context only for R7"
"6034-PATH-0158","uploader-transfer/interlanguage-method-authority-761bec88-current-frontier-authority-routing-20260707/INTERLANGUAGE_FABLE_761BEC88_CURRENT_FRONTIER_AUTHORITY_ROUTING_20260707/source_artifacts/0082_a4c97d6533_0018_a4c97d6533_CHILD_PACKET_INVENTORY_1FA37D6D.csv","interlanguage_authority_context","false","false","route/context only for R7"
"6034-PATH-0159","uploader-transfer/interlanguage-method-authority-761bec88-current-frontier-authority-routing-20260707/INTERLANGUAGE_FABLE_761BEC88_CURRENT_FRONTIER_AUTHORITY_ROUTING_20260707/source_artifacts/0083_12f8ddb048_0019_12f8ddb048_EIGHT_LANE_ROUTE_STATUS_ROWS_1FA37D6D.csv","interlanguage_authority_context","false","false","route/context only for R7"
"6034-PATH-0160","uploader-transfer/interlanguage-method-authority-761bec88-current-frontier-authority-routing-20260707/INTERLANGUAGE_FABLE_761BEC88_CURRENT_FRONTIER_AUTHORITY_ROUTING_20260707/source_artifacts/0084_f40fb5030a_0020_f40fb5030a_EXACT_BLOCKER_RECOVERY_ROWS_1FA37D6D.csv","interlanguage_authority_context","false","false","route/context only for R7"
"6034-PATH-0161","uploader-transfer/interlanguage-method-authority-761bec88-current-frontier-authority-routing-20260707/INTERLANGUAGE_FABLE_761BEC88_CURRENT_FRONTIER_AUTHORITY_ROUTING_20260707/source_artifacts/0085_0b29954ab9_0021_0b29954ab9_MANIFEST.csv","interlanguage_authority_context","false","false","route/context only for R7"
"6034-PATH-0162","uploader-transfer/interlanguage-method-authority-761bec88-current-frontier-authority-routing-20260707/INTERLANGUAGE_FABLE_761BEC88_CURRENT_FRONTIER_AUTHORITY_ROUTING_20260707/source_artifacts/0086_88a6bd3dfe_0022_88a6bd3dfe_README.md","interlanguage_authority_context","false","false","route/context only for R7"
"6034-PATH-0163","uploader-transfer/interlanguage-method-authority-761bec88-current-frontier-authority-routing-20260707/INTERLANGUAGE_FABLE_761BEC88_CURRENT_FRONTIER_AUTHORITY_ROUTING_20260707/source_artifacts/0087_3c3e8cfa84_0023_3c3e8cfa84_SHA256SUMS.txt","interlanguage_authority_context","false","false","route/context only for R7"
"6034-PATH-0164","uploader-transfer/interlanguage-method-authority-761bec88-current-frontier-authority-routing-20260707/INTERLANGUAGE_FABLE_761BEC88_CURRENT_FRONTIER_AUTHORITY_ROUTING_20260707/source_artifacts/0088_a40bfdd3fd_0024_a40bfdd3fd_SOURCE_USE_GAP_FABLE_ADVERSE_ROLLUP_1FA37D6D.csv","interlanguage_authority_context","false","false","route/context only for R7"
"6034-PATH-0165","uploader-transfer/interlanguage-method-authority-761bec88-current-frontier-authority-routing-20260707/INTERLANGUAGE_FABLE_761BEC88_CURRENT_FRONTIER_AUTHORITY_ROUTING_20260707/source_artifacts/0089_3199c2670f_0025_3199c2670f_SUMMARY.json","interlanguage_authority_context","false","false","route/context only for R7"
"6034-PATH-0166","uploader-transfer/interlanguage-method-authority-761bec88-current-frontier-authority-routing-20260707/INTERLANGUAGE_FABLE_761BEC88_CURRENT_FRONTIER_AUTHORITY_ROUTING_20260707/source_artifacts/0090_86793d16c0_0026_86793d16c0_B3_AND_SIBLING_HANDOFF_SENT_A55A9D0F.md","interlanguage_authority_context","false","false","route/context only for R7"
"6034-PATH-0167","uploader-transfer/interlanguage-method-authority-761bec88-current-frontier-authority-routing-20260707/INTERLANGUAGE_FABLE_761BEC88_CURRENT_FRONTIER_AUTHORITY_ROUTING_20260707/source_artifacts/0091_3f777e8b2a_0027_3f777e8b2a_CHILD_PACKAGE_INVENTORY_A55A9D0F.csv","interlanguage_authority_context","false","false","route/context only for R7"
"6034-PATH-0168","uploader-transfer/interlanguage-method-authority-761bec88-current-frontier-authority-routing-20260707/INTERLANGUAGE_FABLE_761BEC88_CURRENT_FRONTIER_AUTHORITY_ROUTING_20260707/source_artifacts/0092_243e794685_0028_243e794685_EXACT_BLOCKER_RECOVERY_ROWS_A55A9D0F.csv","interlanguage_authority_context","false","false","route/context only for R7"
"6034-PATH-0169","uploader-transfer/interlanguage-method-authority-761bec88-current-frontier-authority-routing-20260707/INTERLANGUAGE_FABLE_761BEC88_CURRENT_FRONTIER_AUTHORITY_ROUTING_20260707/source_artifacts/0093_53a94975ff_0029_53a94975ff_MANIFEST.csv","interlanguage_authority_context","false","false","route/context only for R7"
"6034-PATH-0170","uploader-transfer/interlanguage-method-authority-761bec88-current-frontier-authority-routing-20260707/INTERLANGUAGE_FABLE_761BEC88_CURRENT_FRONTIER_AUTHORITY_ROUTING_20260707/source_artifacts/0094_44aa18e5fe_0030_44aa18e5fe_README.md","interlanguage_authority_context","false","false","route/context only for R7"
"6034-PATH-0171","uploader-transfer/interlanguage-method-authority-761bec88-current-frontier-authority-routing-20260707/INTERLANGUAGE_FABLE_761BEC88_CURRENT_FRONTIER_AUTHORITY_ROUTING_20260707/source_artifacts/0095_b39a15c644_0031_b39a15c644_SHA256SUMS.txt","interlanguage_authority_context","false","false","route/context only for R7"
"6034-PATH-0172","uploader-transfer/interlanguage-method-authority-761bec88-current-frontier-authority-routing-20260707/INTERLANGUAGE_FABLE_761BEC88_CURRENT_FRONTIER_AUTHORITY_ROUTING_20260707/source_artifacts/0096_1de0953374_0032_1de0953374_SOURCE_USE_GAP_FABLE_ADVERSE_ROLLUP_A55A9D0F.csv","interlanguage_authority_context","false","false","route/context only for R7"
"6034-PATH-0173","uploader-transfer/interlanguage-method-authority-761bec88-current-frontier-authority-routing-20260707/INTERLANGUAGE_FABLE_761BEC88_CURRENT_FRONTIER_AUTHORITY_ROUTING_20260707/source_artifacts/0097_603e962ffa_0033_603e962ffa_SUMMARY.json","interlanguage_authority_context","false","false","route/context only for R7"
"6034-PATH-0174","uploader-transfer/interlanguage-method-authority-761bec88-current-frontier-authority-routing-20260707/INTERLANGUAGE_FABLE_761BEC88_CURRENT_FRONTIER_AUTHORITY_ROUTING_20260707/source_artifacts/0098_8b0cfbd62e_0034_8b0cfbd62e_VISIBLE_THREAD_WAKE_STATUS_A55A9D0F.csv","interlanguage_authority_context","false","false","route/context only for R7"
"6034-PATH-0175","uploader-transfer/interlanguage-method-authority-761bec88-current-frontier-authority-routing-20260707/INTERLANGUAGE_FABLE_761BEC88_CURRENT_FRONTIER_AUTHORITY_ROUTING_20260707/source_artifacts/0099_e09fd0e931_0035_e09fd0e931_B3_HANDOFF_SENT_C033F393.md","interlanguage_authority_context","false","false","route/context only for R7"
"6034-PATH-0176","uploader-transfer/interlanguage-method-authority-761bec88-current-frontier-authority-routing-20260707/INTERLANGUAGE_FABLE_761BEC88_CURRENT_FRONTIER_AUTHORITY_ROUTING_20260707/source_artifacts/0100_54b876028c_0036_54b876028c_BRANCH_COMPARE_COMMITS_1FA37D6D_TO_C033F393.csv","interlanguage_authority_context","false","false","route/context only for R7"
"6034-PATH-0177","uploader-transfer/interlanguage-method-authority-761bec88-current-frontier-authority-routing-20260707/INTERLANGUAGE_FABLE_761BEC88_CURRENT_FRONTIER_AUTHORITY_ROUTING_20260707/source_artifacts/0101_85334ef3e4_0037_85334ef3e4_BRANCH_COMPARE_FILES_1FA37D6D_TO_C033F393.csv","interlanguage_authority_context","false","false","route/context only for R7"
"6034-PATH-0178","uploader-transfer/interlanguage-method-authority-761bec88-current-frontier-authority-routing-20260707/INTERLANGUAGE_FABLE_761BEC88_CURRENT_FRONTIER_AUTHORITY_ROUTING_20260707/source_artifacts/0102_d46cbed881_0038_d46cbed881_BRANCH_COMPARE_SUMMARY_C033F393.csv","interlanguage_authority_context","false","false","route/context only for R7"
"6034-PATH-0179","uploader-transfer/interlanguage-method-authority-761bec88-current-frontier-authority-routing-20260707/INTERLANGUAGE_FABLE_761BEC88_CURRENT_FRONTIER_AUTHORITY_ROUTING_20260707/source_artifacts/0103_75b5de9caf_0039_75b5de9caf_EXACT_BLOCKER_RECOVERY_ROWS_C033F393.csv","interlanguage_authority_context","false","false","route/context only for R7"
"6034-PATH-0180","uploader-transfer/interlanguage-method-authority-761bec88-current-frontier-authority-routing-20260707/INTERLANGUAGE_FABLE_761BEC88_CURRENT_FRONTIER_AUTHORITY_ROUTING_20260707/source_artifacts/0104_6185d70e49_0040_6185d70e49_MANIFEST.csv","interlanguage_authority_context","false","false","route/context only for R7"
"6034-PATH-0181","uploader-transfer/interlanguage-method-authority-761bec88-current-frontier-authority-routing-20260707/INTERLANGUAGE_FABLE_761BEC88_CURRENT_FRONTIER_AUTHORITY_ROUTING_20260707/source_artifacts/0105_43c5cdbf58_0041_43c5cdbf58_PARENT_PACKET_VISIBILITY_INVENTORY_C033F393.csv","interlanguage_authority_context","false","false","route/context only for R7"
"6034-PATH-0182","uploader-transfer/interlanguage-method-authority-761bec88-current-frontier-authority-routing-20260707/INTERLANGUAGE_FABLE_761BEC88_CURRENT_FRONTIER_AUTHORITY_ROUTING_20260707/source_artifacts/0106_41c18acfc6_0042_41c18acfc6_README.md","interlanguage_authority_context","false","false","route/context only for R7"
"6034-PATH-0183","uploader-transfer/interlanguage-method-authority-761bec88-current-frontier-authority-routing-20260707/INTERLANGUAGE_FABLE_761BEC88_CURRENT_FRONTIER_AUTHORITY_ROUTING_20260707/source_artifacts/0107_48b5c54c48_0043_48b5c54c48_SHA256SUMS.txt","interlanguage_authority_context","false","false","route/context only for R7"
"6034-PATH-0184","uploader-transfer/interlanguage-method-authority-761bec88-current-frontier-authority-routing-20260707/INTERLANGUAGE_FABLE_761BEC88_CURRENT_FRONTIER_AUTHORITY_ROUTING_20260707/source_artifacts/0108_c93daab564_0044_c93daab564_SOURCE_USE_GAP_FABLE_ADVERSE_CARRYFORWARD_C033F393.csv","interlanguage_authority_context","false","false","route/context only for R7"
"6034-PATH-0185","uploader-transfer/interlanguage-method-authority-761bec88-current-frontier-authority-routing-20260707/INTERLANGUAGE_FABLE_761BEC88_CURRENT_FRONTIER_AUTHORITY_ROUTING_20260707/source_artifacts/0109_0a94e9cfac_0045_0a94e9cfac_SUMMARY.json","interlanguage_authority_context","false","false","route/context only for R7"
"6034-PATH-0186","uploader-transfer/interlanguage-method-authority-761bec88-current-frontier-authority-routing-20260707/INTERLANGUAGE_FABLE_761BEC88_CURRENT_FRONTIER_AUTHORITY_ROUTING_20260707/source_artifacts/0110_d09b5c0812_0046_d09b5c0812_A55A9D0F_B3_HANDOFF_BOUNDARIES_20260707.csv","interlanguage_authority_context","false","false","route/context only for R7"
"6034-PATH-0187","uploader-transfer/interlanguage-method-authority-761bec88-current-frontier-authority-routing-20260707/INTERLANGUAGE_FABLE_761BEC88_CURRENT_FRONTIER_AUTHORITY_ROUTING_20260707/source_artifacts/0111_a7fdd4f1bc_0047_a7fdd4f1bc_A55A9D0F_EXACT_BLOCKER_RECOVERY_ROWS_20260707.csv","interlanguage_authority_context","false","false","route/context only for R7"
"6034-PATH-0188","uploader-transfer/interlanguage-method-authority-761bec88-current-frontier-authority-routing-20260707/INTERLANGUAGE_FABLE_761BEC88_CURRENT_FRONTIER_AUTHORITY_ROUTING_20260707/source_artifacts/0112_e601f05fd7_0048_e601f05fd7_A55A9D0F_ROUTE_PACKET_APPLICATION_ROWS_20260707.csv","interlanguage_authority_context","false","false","route/context only for R7"
"6034-PATH-0189","uploader-transfer/interlanguage-method-authority-761bec88-current-frontier-authority-routing-20260707/INTERLANGUAGE_FABLE_761BEC88_CURRENT_FRONTIER_AUTHORITY_ROUTING_20260707/source_artifacts/0113_f7fffd496f_0049_f7fffd496f_A55A9D0F_SAME_FRONTIER_DEDUP_ROWS_20260707.csv","interlanguage_authority_context","false","false","route/context only for R7"
"6034-PATH-0190","uploader-transfer/interlanguage-method-authority-761bec88-current-frontier-authority-routing-20260707/INTERLANGUAGE_FABLE_761BEC88_CURRENT_FRONTIER_AUTHORITY_ROUTING_20260707/source_artifacts/0114_f6d0d20cee_0050_f6d0d20cee_A55A9D0F_SOURCE_USE_GAP_FABLE_ADVERSE_ROWS_20260707.csv","interlanguage_authority_context","false","false","route/context only for R7"
"6034-PATH-0191","uploader-transfer/interlanguage-method-authority-761bec88-current-frontier-authority-routing-20260707/INTERLANGUAGE_FABLE_761BEC88_CURRENT_FRONTIER_AUTHORITY_ROUTING_20260707/source_artifacts/0115_fbcb225c41_0051_fbcb225c41_ACTIVE_SESSION_STATE.md","interlanguage_authority_context","false","false","route/context only for R7"
"6034-PATH-0192","uploader-transfer/interlanguage-method-authority-761bec88-current-frontier-authority-routing-20260707/INTERLANGUAGE_FABLE_761BEC88_CURRENT_FRONTIER_AUTHORITY_ROUTING_20260707/source_artifacts/0116_0f568aa6ef_0052_0f568aa6ef_B3_UPLOADER_READY_SUMMARY_A55A9D0F.csv","interlanguage_authority_context","false","false","route/context only for R7"
"6034-PATH-0193","uploader-transfer/interlanguage-method-authority-761bec88-current-frontier-authority-routing-20260707/INTERLANGUAGE_FABLE_761BEC88_CURRENT_FRONTIER_AUTHORITY_ROUTING_20260707/source_artifacts/0117_2383b186ef_0053_2383b186ef_DRAFT_NONCANONICAL_PRETRANSLATION_INTERLINEAR_ROWS_A55A9D0F.csv","interlanguage_authority_context","false","false","route/context only for R7"
"6034-PATH-0194","uploader-transfer/interlanguage-method-authority-761bec88-current-frontier-authority-routing-20260707/INTERLANGUAGE_FABLE_761BEC88_CURRENT_FRONTIER_AUTHORITY_ROUTING_20260707/source_artifacts/0118_cebc1cf06b_0054_cebc1cf06b_EXACT_BLOCKERS_AND_RECOVERY_ROWS_A55A9D0F.csv","interlanguage_authority_context","false","false","route/context only for R7"
"6034-PATH-0195","uploader-transfer/interlanguage-method-authority-761bec88-current-frontier-authority-routing-20260707/INTERLANGUAGE_FABLE_761BEC88_CURRENT_FRONTIER_AUTHORITY_ROUTING_20260707/source_artifacts/0119_9bd77cf621_0055_9bd77cf621_FABLE_FORMAL_OBJECT_CARRYFORWARD_A55A9D0F.csv","interlanguage_authority_context","false","false","route/context only for R7"
"6034-PATH-0196","uploader-transfer/interlanguage-method-authority-761bec88-current-frontier-authority-routing-20260707/INTERLANGUAGE_FABLE_761BEC88_CURRENT_FRONTIER_AUTHORITY_ROUTING_20260707/source_artifacts/0120_e9d8ddc174_0056_e9d8ddc174_FABLE_REQUIREMENTS_ACKNOWLEDGED_20260707.md","interlanguage_authority_context","false","false","route/context only for R7"
"6034-PATH-0197","uploader-transfer/interlanguage-method-authority-761bec88-current-frontier-authority-routing-20260707/INTERLANGUAGE_FABLE_761BEC88_CURRENT_FRONTIER_AUTHORITY_ROUTING_20260707/source_artifacts/0121_054756a1b7_0057_054756a1b7_FRONTIER_DELTA_A55A9D0F.csv","interlanguage_authority_context","false","false","route/context only for R7"
"6034-PATH-0198","uploader-transfer/interlanguage-method-authority-761bec88-current-frontier-authority-routing-20260707/INTERLANGUAGE_FABLE_761BEC88_CURRENT_FRONTIER_AUTHORITY_ROUTING_20260707/source_artifacts/0122_9d31fd242c_0058_9d31fd242c_HEARTBEAT_20260707.md","interlanguage_authority_context","false","false","route/context only for R7"
"6034-PATH-0199","uploader-transfer/interlanguage-method-authority-761bec88-current-frontier-authority-routing-20260707/INTERLANGUAGE_FABLE_761BEC88_CURRENT_FRONTIER_AUTHORITY_ROUTING_20260707/source_artifacts/0123_b9fee695a5_0059_b9fee695a5_MANIFEST.csv","interlanguage_authority_context","false","false","route/context only for R7"
"6034-PATH-0200","uploader-transfer/interlanguage-method-authority-761bec88-current-frontier-authority-routing-20260707/INTERLANGUAGE_FABLE_761BEC88_CURRENT_FRONTIER_AUTHORITY_ROUTING_20260707/source_artifacts/0124_eba28c6360_0060_eba28c6360_README.md","interlanguage_authority_context","false","false","route/context only for R7"
"6034-PATH-0201","uploader-transfer/interlanguage-method-authority-761bec88-current-frontier-authority-routing-20260707/INTERLANGUAGE_FABLE_761BEC88_CURRENT_FRONTIER_AUTHORITY_ROUTING_20260707/source_artifacts/0125_e46b3ec135_0061_e46b3ec135_SESSION_LOGBOOK_20260707.md","interlanguage_authority_context","false","false","route/context only for R7"
"6034-PATH-0202","uploader-transfer/interlanguage-method-authority-761bec88-current-frontier-authority-routing-20260707/INTERLANGUAGE_FABLE_761BEC88_CURRENT_FRONTIER_AUTHORITY_ROUTING_20260707/source_artifacts/0126_d683b2f7f1_0062_d683b2f7f1_SHA256SUMS.txt","interlanguage_authority_context","false","false","route/context only for R7"
"6034-PATH-0203","uploader-transfer/interlanguage-method-authority-761bec88-current-frontier-authority-routing-20260707/INTERLANGUAGE_FABLE_761BEC88_CURRENT_FRONTIER_AUTHORITY_ROUTING_20260707/source_artifacts/0127_df192d730d_0063_df192d730d_SHA256_VERIFICATION_20260707.csv","interlanguage_authority_context","false","false","route/context only for R7"
"6034-PATH-0204","uploader-transfer/interlanguage-method-authority-761bec88-current-frontier-authority-routing-20260707/INTERLANGUAGE_FABLE_761BEC88_CURRENT_FRONTIER_AUTHORITY_ROUTING_20260707/source_artifacts/0128_fdeca157c0_0064_fdeca157c0_SOURCE_USE_GAP_ADVERSE_FABLE_LEDGER_A55A9D0F.csv","interlanguage_authority_context","false","false","route/context only for R7"
"6034-PATH-0205","uploader-transfer/interlanguage-method-authority-761bec88-current-frontier-authority-routing-20260707/INTERLANGUAGE_FABLE_761BEC88_CURRENT_FRONTIER_AUTHORITY_ROUTING_20260707/source_artifacts/0129_7437f6d7ef_0065_7437f6d7ef_SOURCE_WITNESS_SUBSET_BY_SUBLANE_A55A9D0F.csv","interlanguage_authority_context","false","false","route/context only for R7"
"6034-PATH-0206","uploader-transfer/interlanguage-method-authority-761bec88-current-frontier-authority-routing-20260707/INTERLANGUAGE_FABLE_761BEC88_CURRENT_FRONTIER_AUTHORITY_ROUTING_20260707/source_artifacts/0130_af5e50ee05_0066_af5e50ee05_SUBLANE_SOURCE_CONTEXT_MANUAL_REVIEW_NOTES_A55A9D0F.csv","interlanguage_authority_context","false","false","route/context only for R7"
"6034-PATH-0207","uploader-transfer/interlanguage-method-authority-761bec88-current-frontier-authority-routing-20260707/INTERLANGUAGE_FABLE_761BEC88_CURRENT_FRONTIER_AUTHORITY_ROUTING_20260707/source_artifacts/0131_cefcff9d51_0067_cefcff9d51_SUMMARY_COUNTS_A55A9D0F.csv","interlanguage_authority_context","false","false","route/context only for R7"
"6034-PATH-0208","uploader-transfer/interlanguage-method-authority-761bec88-current-frontier-authority-routing-20260707/INTERLANGUAGE_FABLE_761BEC88_CURRENT_FRONTIER_AUTHORITY_ROUTING_20260707/source_artifacts/0132_f2727a43a4_0068_f2727a43a4_TG_CYRL_TJ_SOURCE_DISCOVERY_ONLY_ROWS_A55A9D0F.csv","interlanguage_authority_context","false","false","route/context only for R7"
"6034-PATH-0209","uploader-transfer/interlanguage-method-authority-761bec88-current-frontier-authority-routing-20260707/INTERLANGUAGE_FABLE_761BEC88_CURRENT_FRONTIER_AUTHORITY_ROUTING_20260707/source_artifacts/0133_64680b5495_0069_64680b5495_adverse_evidence.csv","interlanguage_authority_context","false","false","route/context only for R7"
"6034-PATH-0210","uploader-transfer/interlanguage-method-authority-761bec88-current-frontier-authority-routing-20260707/INTERLANGUAGE_FABLE_761BEC88_CURRENT_FRONTIER_AUTHORITY_ROUTING_20260707/source_artifacts/0134_c491c02b74_0070_c491c02b74_branch_weight_ledger.csv","interlanguage_authority_context","false","false","route/context only for R7"
"6034-PATH-0211","uploader-transfer/interlanguage-method-authority-761bec88-current-frontier-authority-routing-20260707/INTERLANGUAGE_FABLE_761BEC88_CURRENT_FRONTIER_AUTHORITY_ROUTING_20260707/source_artifacts/0135_3a66927376_0071_3a66927376_do_not_use.csv","interlanguage_authority_context","false","false","route/context only for R7"
"6034-PATH-0212","uploader-transfer/interlanguage-method-authority-761bec88-current-frontier-authority-routing-20260707/INTERLANGUAGE_FABLE_761BEC88_CURRENT_FRONTIER_AUTHORITY_ROUTING_20260707/source_artifacts/0136_31140c01d4_0072_31140c01d4_forms.csv","interlanguage_authority_context","false","false","route/context only for R7"
"6034-PATH-0213","uploader-transfer/interlanguage-method-authority-761bec88-current-frontier-authority-routing-20260707/INTERLANGUAGE_FABLE_761BEC88_CURRENT_FRONTIER_AUTHORITY_ROUTING_20260707/source_artifacts/0137_44e9a9a767_0073_44e9a9a767_languages.csv","interlanguage_authority_context","false","false","route/context only for R7"
"6034-PATH-0214","uploader-transfer/interlanguage-method-authority-761bec88-current-frontier-authority-routing-20260707/INTERLANGUAGE_FABLE_761BEC88_CURRENT_FRONTIER_AUTHORITY_ROUTING_20260707/source_artifacts/0138_12ce3bff50_0074_12ce3bff50_lexemes.jsonl","interlanguage_authority_context","false","false","route/context only for R7"
"6034-PATH-0215","uploader-transfer/interlanguage-method-authority-761bec88-current-frontier-authority-routing-20260707/INTERLANGUAGE_FABLE_761BEC88_CURRENT_FRONTIER_AUTHORITY_ROUTING_20260707/source_artifacts/0139_124b9085a0_0075_124b9085a0_marginal_intelligibility.csv","interlanguage_authority_context","false","false","route/context only for R7"
"6034-PATH-0216","uploader-transfer/interlanguage-method-authority-761bec88-current-frontier-authority-routing-20260707/INTERLANGUAGE_FABLE_761BEC88_CURRENT_FRONTIER_AUTHORITY_ROUTING_20260707/source_artifacts/0140_36cdbda24b_0076_36cdbda24b_rules_acknowledgement.md","interlanguage_authority_context","false","false","route/context only for R7"
"6034-PATH-0217","uploader-transfer/interlanguage-method-authority-761bec88-current-frontier-authority-routing-20260707/INTERLANGUAGE_FABLE_761BEC88_CURRENT_FRONTIER_AUTHORITY_ROUTING_20260707/source_artifacts/0141_14980b4aac_0077_14980b4aac_source_documents.csv","interlanguage_authority_context","false","false","route/context only for R7"
"6034-PATH-0218","uploader-transfer/interlanguage-method-authority-761bec88-current-frontier-authority-routing-20260707/INTERLANGUAGE_FABLE_761BEC88_CURRENT_FRONTIER_AUTHORITY_ROUTING_20260707/source_artifacts/0142_796bf43d26_0078_796bf43d26_source_use_ledger.csv","interlanguage_authority_context","false","false","route/context only for R7"
"6034-PATH-0219","uploader-transfer/interlanguage-method-authority-761bec88-current-frontier-authority-routing-20260707/INTERLANGUAGE_FABLE_761BEC88_CURRENT_FRONTIER_AUTHORITY_ROUTING_20260707/source_artifacts/0143_06fd2ec888_0079_06fd2ec888_word_weights.csv","interlanguage_authority_context","false","false","route/context only for R7"
"6034-PATH-0220","uploader-transfer/interlanguage-method-authority-761bec88-current-frontier-authority-routing-20260707/INTERLANGUAGE_FABLE_761BEC88_CURRENT_FRONTIER_AUTHORITY_ROUTING_20260707/source_artifacts/0144_2fe02cd919_0080_2fe02cd919_B3_UPLOADER_READY_SUMMARY.csv","interlanguage_authority_context","false","false","route/context only for R7"
"6034-PATH-0221","uploader-transfer/interlanguage-method-authority-761bec88-current-frontier-authority-routing-20260707/INTERLANGUAGE_FABLE_761BEC88_CURRENT_FRONTIER_AUTHORITY_ROUTING_20260707/source_artifacts/0145_a5def825cb_0081_a5def825cb_MANIFEST.csv","interlanguage_authority_context","false","false","route/context only for R7"
"6034-PATH-0222","uploader-transfer/interlanguage-method-authority-761bec88-current-frontier-authority-routing-20260707/INTERLANGUAGE_FABLE_761BEC88_CURRENT_FRONTIER_AUTHORITY_ROUTING_20260707/source_artifacts/0146_c022572906_0082_c022572906_PACKAGE_VALIDATION.json","interlanguage_authority_context","false","false","route/context only for R7"
"6034-PATH-0223","uploader-transfer/interlanguage-method-authority-761bec88-current-frontier-authority-routing-20260707/INTERLANGUAGE_FABLE_761BEC88_CURRENT_FRONTIER_AUTHORITY_ROUTING_20260707/source_artifacts/0147_f417b79a69_0083_f417b79a69_R3_18BBB185_BRANCH_COMMITS_FROM_7B34EC91.csv","interlanguage_authority_context","false","false","route/context only for R7"
"6034-PATH-0224","uploader-transfer/interlanguage-method-authority-761bec88-current-frontier-authority-routing-20260707/INTERLANGUAGE_FABLE_761BEC88_CURRENT_FRONTIER_AUTHORITY_ROUTING_20260707/source_artifacts/0148_8b5414c63a_0084_8b5414c63a_R3_18BBB185_BRANCH_DELTA_FROM_7B34EC91.csv","interlanguage_authority_context","false","false","route/context only for R7"
"6034-PATH-0225","uploader-transfer/interlanguage-method-authority-761bec88-current-frontier-authority-routing-20260707/INTERLANGUAGE_FABLE_761BEC88_CURRENT_FRONTIER_AUTHORITY_ROUTING_20260707/source_artifacts/0149_57c4beded1_0085_57c4beded1_R3_18BBB185_BRANCH_FRONTIER_VERIFICATION.csv","interlanguage_authority_context","false","false","route/context only for R7"
"6034-PATH-0226","uploader-transfer/interlanguage-method-authority-761bec88-current-frontier-authority-routing-20260707/INTERLANGUAGE_FABLE_761BEC88_CURRENT_FRONTIER_AUTHORITY_ROUTING_20260707/source_artifacts/0150_610fc78562_0086_610fc78562_R3_18BBB185_BRANCH_VISIBLE_INPUT_COPY_LEDGER.csv","interlanguage_authority_context","false","false","route/context only for R7"
"6034-PATH-0227","uploader-transfer/interlanguage-method-authority-761bec88-current-frontier-authority-routing-20260707/INTERLANGUAGE_FABLE_761BEC88_CURRENT_FRONTIER_AUTHORITY_ROUTING_20260707/source_artifacts/0151_bb47ea4e02_0087_bb47ea4e02_R3_18BBB185_EXACT_BLOCKERS_AND_RECOVERY_ROWS.csv","interlanguage_authority_context","false","false","route/context only for R7"
"6034-PATH-0228","uploader-transfer/interlanguage-method-authority-761bec88-current-frontier-authority-routing-20260707/INTERLANGUAGE_FABLE_761BEC88_CURRENT_FRONTIER_AUTHORITY_ROUTING_20260707/source_artifacts/0152_c044521e29_0088_c044521e29_R3_18BBB185_FABLE_ADVERSE_BOUNDARY_LEDGER.csv","interlanguage_authority_context","false","false","route/context only for R7"
"6034-PATH-0229","uploader-transfer/interlanguage-method-authority-761bec88-current-frontier-authority-routing-20260707/INTERLANGUAGE_FABLE_761BEC88_CURRENT_FRONTIER_AUTHORITY_ROUTING_20260707/source_artifacts/0153_d4fd86645d_0089_d4fd86645d_R3_18BBB185_LANGUAGE_BOUNDARY_ROWS.csv","interlanguage_authority_context","false","false","route/context only for R7"
"6034-PATH-0230","uploader-transfer/interlanguage-method-authority-761bec88-current-frontier-authority-routing-20260707/INTERLANGUAGE_FABLE_761BEC88_CURRENT_FRONTIER_AUTHORITY_ROUTING_20260707/source_artifacts/0154_75ccd890ca_0090_75ccd890ca_R3_18BBB185_SOURCE_USE_GAP_RECOVERY_ROWS.csv","interlanguage_authority_context","false","false","route/context only for R7"
"6034-PATH-0231","uploader-transfer/interlanguage-method-authority-761bec88-current-frontier-authority-routing-20260707/INTERLANGUAGE_FABLE_761BEC88_CURRENT_FRONTIER_AUTHORITY_ROUTING_20260707/source_artifacts/0155_c425791437_0091_c425791437_R3_18BBB185_TOKEN_RESET_AND_MUTUAL_WAKE_RULES.csv","interlanguage_authority_context","false","false","route/context only for R7"
"6034-PATH-0232","uploader-transfer/interlanguage-method-authority-761bec88-current-frontier-authority-routing-20260707/INTERLANGUAGE_FABLE_761BEC88_CURRENT_FRONTIER_AUTHORITY_ROUTING_20260707/source_artifacts/0156_77e8344280_0092_77e8344280_README.md","interlanguage_authority_context","false","false","route/context only for R7"
"6034-PATH-0233","uploader-transfer/interlanguage-method-authority-761bec88-current-frontier-authority-routing-20260707/INTERLANGUAGE_FABLE_761BEC88_CURRENT_FRONTIER_AUTHORITY_ROUTING_20260707/source_artifacts/0157_91b016678b_0093_91b016678b_SHA256SUMS.txt","interlanguage_authority_context","false","false","route/context only for R7"
"6034-PATH-0234","uploader-transfer/interlanguage-method-authority-761bec88-current-frontier-authority-routing-20260707/INTERLANGUAGE_FABLE_761BEC88_CURRENT_FRONTIER_AUTHORITY_ROUTING_20260707/source_artifacts/0158_9905adee3e_0094_9905adee3e_b3_18bbb_action_summary__B3_ACTION_SUMMARY.csv","interlanguage_authority_context","false","false","route/context only for R7"
"6034-PATH-0235","uploader-transfer/interlanguage-method-authority-761bec88-current-frontier-authority-routing-20260707/INTERLANGUAGE_FABLE_761BEC88_CURRENT_FRONTIER_AUTHORITY_ROUTING_20260707/source_artifacts/0159_30cf2e667e_0095_30cf2e667e_b3_a55_action_summary__B3_ACTION_SUMMARY.csv","interlanguage_authority_context","false","false","route/context only for R7"
"6034-PATH-0236","uploader-transfer/interlanguage-method-authority-761bec88-current-frontier-authority-routing-20260707/INTERLANGUAGE_FABLE_761BEC88_CURRENT_FRONTIER_AUTHORITY_ROUTING_20260707/source_artifacts/0160_7f420c0bf8_0096_7f420c0bf8_branch_visible_r3_1a_same_frontier_validation__PACKAGE_VALIDATION.json","interlanguage_authority_context","false","false","route/context only for R7"
"6034-PATH-0237","uploader-transfer/interlanguage-method-authority-761bec88-current-frontier-authority-routing-20260707/INTERLANGUAGE_FABLE_761BEC88_CURRENT_FRONTIER_AUTHORITY_ROUTING_20260707/source_artifacts/0161_6f10277448_0097_6f10277448_branch_visible_r3_1a_source_use_gap__R3_1A823D4A_SOURCE_USE_GAP_LEDGER.csv","interlanguage_authority_context","false","false","route/context only for R7"
"6034-PATH-0238","uploader-transfer/interlanguage-method-authority-761bec88-current-frontier-authority-routing-20260707/INTERLANGUAGE_FABLE_761BEC88_CURRENT_FRONTIER_AUTHORITY_ROUTING_20260707/source_artifacts/0162_e094535d14_0098_e094535d14_branch_visible_r3_7b_fable_adverse__R3_7B34EC91_FABLE_ADVERSE_BOUNDARY_LED","interlanguage_authority_context","false","false","route/context only for R7"
"6034-PATH-0239","uploader-transfer/interlanguage-method-authority-761bec88-current-frontier-authority-routing-20260707/INTERLANGUAGE_FABLE_761BEC88_CURRENT_FRONTIER_AUTHORITY_ROUTING_20260707/source_artifacts/0163_bde6d669e6_0099_bde6d669e6_branch_visible_r3_7b_language_boundary__R3_7B34EC91_LANGUAGE_BOUNDARY_ROWS","interlanguage_authority_context","false","false","route/context only for R7"
"6034-PATH-0240","uploader-transfer/interlanguage-method-authority-761bec88-current-frontier-authority-routing-20260707/INTERLANGUAGE_FABLE_761BEC88_CURRENT_FRONTIER_AUTHORITY_ROUTING_20260707/source_artifacts/0164_5ef461cc74_0100_5ef461cc74_branch_visible_r3_7b_package_validation__PACKAGE_VALIDATION.json","interlanguage_authority_context","false","false","route/context only for R7"
"6034-PATH-0241","uploader-transfer/interlanguage-method-authority-761bec88-current-frontier-authority-routing-20260707/INTERLANGUAGE_FABLE_761BEC88_CURRENT_FRONTIER_AUTHORITY_ROUTING_20260707/source_artifacts/0165_5accad0449_0101_5accad0449_branch_visible_r3_7b_source_use_gap__R3_7B34EC91_SOURCE_USE_GAP_RECOVERY_R","interlanguage_authority_context","false","false","route/context only for R7"
"6034-PATH-0242","uploader-transfer/interlanguage-method-authority-761bec88-current-frontier-authority-routing-20260707/INTERLANGUAGE_FABLE_761BEC88_CURRENT_FRONTIER_AUTHORITY_ROUTING_20260707/source_artifacts/0166_c6cf00f9ff_0102_c6cf00f9ff_non_slavic_7b_blockers__EXACT_BLOCKER_RECOVERY_ROWS_7B34EC91.csv","interlanguage_authority_context","false","false","route/context only for R7"
"6034-PATH-0243","uploader-transfer/interlanguage-method-authority-761bec88-current-frontier-authority-routing-20260707/INTERLANGUAGE_FABLE_761BEC88_CURRENT_FRONTIER_AUTHORITY_ROUTING_20260707/source_artifacts/0167_e1531b70fb_0103_e1531b70fb_non_slavic_7b_route_status__EIGHT_LANE_ROUTE_STATUS_ROWS_7B34EC91.csv","interlanguage_authority_context","false","false","route/context only for R7"
"6034-PATH-0244","uploader-transfer/interlanguage-method-authority-761bec88-current-frontier-authority-routing-20260707/INTERLANGUAGE_FABLE_761BEC88_CURRENT_FRONTIER_AUTHORITY_ROUTING_20260707/source_artifacts/0168_5263b1422c_0104_5263b1422c_non_slavic_7b_source_use_gap_rollup__SOURCE_USE_GAP_FABLE_ADVERSE_ROLLUP_7","interlanguage_authority_context","false","false","route/context only for R7"
"6034-PATH-0245","uploader-transfer/interlanguage-method-authority-761bec88-current-frontier-authority-routing-20260707/INTERLANGUAGE_FABLE_761BEC88_CURRENT_FRONTIER_AUTHORITY_ROUTING_20260707/source_artifacts/0169_fd039359e7_0105_fd039359e7_non_slavic_7b_summary__SUMMARY.json","interlanguage_authority_context","false","false","route/context only for R7"
"6034-PATH-0246","uploader-transfer/interlanguage-method-authority-761bec88-current-frontier-authority-routing-20260707/INTERLANGUAGE_FABLE_761BEC88_CURRENT_FRONTIER_AUTHORITY_ROUTING_20260707/source_artifacts/0170_22c4fd1fc2_0106_22c4fd1fc2_non_slavic_a55_blockers__EXACT_BLOCKER_RECOVERY_ROWS_A55A9D0F.csv","interlanguage_authority_context","false","false","route/context only for R7"
"6034-PATH-0247","uploader-transfer/interlanguage-method-authority-761bec88-current-frontier-authority-routing-20260707/INTERLANGUAGE_FABLE_761BEC88_CURRENT_FRONTIER_AUTHORITY_ROUTING_20260707/source_artifacts/0171_0aae2847f8_0107_0aae2847f8_non_slavic_a55_child_inventory__CHILD_PACKAGE_INVENTORY_A55A9D0F.csv","interlanguage_authority_context","false","false","route/context only for R7"
"6034-PATH-0248","uploader-transfer/interlanguage-method-authority-761bec88-current-frontier-authority-routing-20260707/INTERLANGUAGE_FABLE_761BEC88_CURRENT_FRONTIER_AUTHORITY_ROUTING_20260707/source_artifacts/0172_c972195cc8_0108_c972195cc8_non_slavic_a55_source_use_gap_rollup__SOURCE_USE_GAP_FABLE_ADVERSE_ROLLUP_","interlanguage_authority_context","false","false","route/context only for R7"
"6034-PATH-0249","uploader-transfer/interlanguage-method-authority-761bec88-current-frontier-authority-routing-20260707/INTERLANGUAGE_FABLE_761BEC88_CURRENT_FRONTIER_AUTHORITY_ROUTING_20260707/source_artifacts/0173_920d97606a_0109_920d97606a_non_slavic_a55_summary__SUMMARY.json","interlanguage_authority_context","false","false","route/context only for R7"
"6034-PATH-0250","uploader-transfer/interlanguage-method-authority-761bec88-current-frontier-authority-routing-20260707/INTERLANGUAGE_FABLE_761BEC88_CURRENT_FRONTIER_AUTHORITY_ROUTING_20260707/source_artifacts/0174_12a4311324_0110_12a4311324_r6_1a_accounting_fable__FABLE_ADVERSE_EVIDENCE_LEDGER_20260707.csv","interlanguage_authority_context","false","false","route/context only for R7"
"6034-PATH-0251","uploader-transfer/interlanguage-method-authority-761bec88-current-frontier-authority-routing-20260707/INTERLANGUAGE_FABLE_761BEC88_CURRENT_FRONTIER_AUTHORITY_ROUTING_20260707/source_artifacts/0175_4d126326dc_0111_4d126326dc_r6_1a_accounting_source_use__SOURCE_USE_GAP_ROWS_20260707.csv","interlanguage_authority_context","false","false","route/context only for R7"
"6034-PATH-0252","uploader-transfer/interlanguage-method-authority-761bec88-current-frontier-authority-routing-20260707/INTERLANGUAGE_FABLE_761BEC88_CURRENT_FRONTIER_AUTHORITY_ROUTING_20260707/source_artifacts/0176_db5fd518ac_0112_db5fd518ac_r6_7b_cross_lane_boundary__R6_7B34EC91_CROSS_LANE_CONTEXT_BOUNDARY.csv","interlanguage_authority_context","false","false","route/context only for R7"
"6034-PATH-0253","uploader-transfer/interlanguage-method-authority-761bec88-current-frontier-authority-routing-20260707/INTERLANGUAGE_FABLE_761BEC88_CURRENT_FRONTIER_AUTHORITY_ROUTING_20260707/source_artifacts/0177_be79ee3ae9_0113_be79ee3ae9_r6_7b_fable_adverse__R6_7B34EC91_SOURCE_USE_ADVERSE_EVIDENCE_LEDGER.csv","interlanguage_authority_context","false","false","route/context only for R7"
"6034-PATH-0254","uploader-transfer/interlanguage-method-authority-761bec88-current-frontier-authority-routing-20260707/INTERLANGUAGE_FABLE_761BEC88_CURRENT_FRONTIER_AUTHORITY_ROUTING_20260707/source_artifacts/0178_c7c1d82921_0114_c7c1d82921_B3_ACTION_SUMMARY.csv","interlanguage_authority_context","false","false","route/context only for R7"
"6034-PATH-0255","uploader-transfer/interlanguage-method-authority-761bec88-current-frontier-authority-routing-20260707/INTERLANGUAGE_FABLE_761BEC88_CURRENT_FRONTIER_AUTHORITY_ROUTING_20260707/source_artifacts/0179_12ea32931f_0115_12ea32931f_BRANCH_PR_STATE.csv","interlanguage_authority_context","false","false","route/context only for R7"
"6034-PATH-0256","uploader-transfer/interlanguage-method-authority-761bec88-current-frontier-authority-routing-20260707/INTERLANGUAGE_FABLE_761BEC88_CURRENT_FRONTIER_AUTHORITY_ROUTING_20260707/source_artifacts/0180_e6e997eede_0116_e6e997eede_FAST_IMPORT_BLOB_LEDGER.csv","interlanguage_authority_context","false","false","route/context only for R7"
"6034-PATH-0257","uploader-transfer/interlanguage-method-authority-761bec88-current-frontier-authority-routing-20260707/INTERLANGUAGE_FABLE_761BEC88_CURRENT_FRONTIER_AUTHORITY_ROUTING_20260707/source_artifacts/0181_52833843ea_0117_52833843ea_MANIFEST.csv","interlanguage_authority_context","false","false","route/context only for R7"
"6034-PATH-0258","uploader-transfer/interlanguage-method-authority-761bec88-current-frontier-authority-routing-20260707/INTERLANGUAGE_FABLE_761BEC88_CURRENT_FRONTIER_AUTHORITY_ROUTING_20260707/source_artifacts/0182_97ae9290b0_0118_97ae9290b0_PACKAGE_FILE_LEDGER.csv","interlanguage_authority_context","false","false","route/context only for R7"
"6034-PATH-0259","uploader-transfer/interlanguage-method-authority-761bec88-current-frontier-authority-routing-20260707/INTERLANGUAGE_FABLE_761BEC88_CURRENT_FRONTIER_AUTHORITY_ROUTING_20260707/source_artifacts/0183_b2ea1d9d22_0119_b2ea1d9d22_PACKAGE_ROOT_SUMMARY.csv","interlanguage_authority_context","false","false","route/context only for R7"
"6034-PATH-0260","uploader-transfer/interlanguage-method-authority-761bec88-current-frontier-authority-routing-20260707/INTERLANGUAGE_FABLE_761BEC88_CURRENT_FRONTIER_AUTHORITY_ROUTING_20260707/source_artifacts/0184_e2a7a6019a_0120_e2a7a6019a_README.md","interlanguage_authority_context","false","false","route/context only for R7"
"6034-PATH-0261","uploader-transfer/interlanguage-method-authority-761bec88-current-frontier-authority-routing-20260707/INTERLANGUAGE_FABLE_761BEC88_CURRENT_FRONTIER_AUTHORITY_ROUTING_20260707/source_artifacts/0185_d95f16e68d_0121_d95f16e68d_SAFETY_SCAN_HITS.csv","interlanguage_authority_context","false","false","route/context only for R7"
"6034-PATH-0262","uploader-transfer/interlanguage-method-authority-761bec88-current-frontier-authority-routing-20260707/INTERLANGUAGE_FABLE_761BEC88_CURRENT_FRONTIER_AUTHORITY_ROUTING_20260707/source_artifacts/0186_7b755ff0a5_0122_7b755ff0a5_SHA256SUMS.txt","interlanguage_authority_context","false","false","route/context only for R7"
"6034-PATH-0263","uploader-transfer/interlanguage-method-authority-761bec88-current-frontier-authority-routing-20260707/INTERLANGUAGE_FABLE_761BEC88_CURRENT_FRONTIER_AUTHORITY_ROUTING_20260707/source_artifacts/0187_09b7f7e1fe_0123_09b7f7e1fe_VALIDATION_ISSUES.csv","interlanguage_authority_context","false","false","route/context only for R7"
"6034-PATH-0264","uploader-transfer/interlanguage-method-authority-761bec88-current-frontier-authority-routing-20260707/INTERLANGUAGE_FABLE_761BEC88_CURRENT_FRONTIER_AUTHORITY_ROUTING_20260707/source_artifacts/0188_55515c473b_0124_55515c473b_B3_ACTION_SUMMARY.csv","interlanguage_authority_context","false","false","route/context only for R7"
"6034-PATH-0265","uploader-transfer/interlanguage-method-authority-761bec88-current-frontier-authority-routing-20260707/INTERLANGUAGE_FABLE_761BEC88_CURRENT_FRONTIER_AUTHORITY_ROUTING_20260707/source_artifacts/0189_86669b2f1c_0125_86669b2f1c_BRANCH_PR_STATE.csv","interlanguage_authority_context","false","false","route/context only for R7"
"6034-PATH-0266","uploader-transfer/interlanguage-method-authority-761bec88-current-frontier-authority-routing-20260707/INTERLANGUAGE_FABLE_761BEC88_CURRENT_FRONTIER_AUTHORITY_ROUTING_20260707/source_artifacts/0190_be52791a90_0126_be52791a90_FAST_IMPORT_BLOB_LEDGER.csv","interlanguage_authority_context","false","false","route/context only for R7"
"6034-PATH-0267","uploader-transfer/interlanguage-method-authority-761bec88-current-frontier-authority-routing-20260707/INTERLANGUAGE_FABLE_761BEC88_CURRENT_FRONTIER_AUTHORITY_ROUTING_20260707/source_artifacts/0191_5d2783efe9_0127_5d2783efe9_MANIFEST.csv","interlanguage_authority_context","false","false","route/context only for R7"
"6034-PATH-0268","uploader-transfer/interlanguage-method-authority-761bec88-current-frontier-authority-routing-20260707/INTERLANGUAGE_FABLE_761BEC88_CURRENT_FRONTIER_AUTHORITY_ROUTING_20260707/source_artifacts/0192_6b566b17fe_0128_6b566b17fe_PACKAGE_FILE_LEDGER.csv","interlanguage_authority_context","false","false","route/context only for R7"
"6034-PATH-0269","uploader-transfer/interlanguage-method-authority-761bec88-current-frontier-authority-routing-20260707/INTERLANGUAGE_FABLE_761BEC88_CURRENT_FRONTIER_AUTHORITY_ROUTING_20260707/source_artifacts/0193_4edbdb9683_0129_4edbdb9683_PACKAGE_ROOT_SUMMARY.csv","interlanguage_authority_context","false","false","route/context only for R7"
"6034-PATH-0270","uploader-transfer/interlanguage-method-authority-761bec88-current-frontier-authority-routing-20260707/INTERLANGUAGE_FABLE_761BEC88_CURRENT_FRONTIER_AUTHORITY_ROUTING_20260707/source_artifacts/0194_d0e573cfc6_0130_d0e573cfc6_README.md","interlanguage_authority_context","false","false","route/context only for R7"
"6034-PATH-0271","uploader-transfer/interlanguage-method-authority-761bec88-current-frontier-authority-routing-20260707/INTERLANGUAGE_FABLE_761BEC88_CURRENT_FRONTIER_AUTHORITY_ROUTING_20260707/source_artifacts/0195_05c64b0384_0131_05c64b0384_SAFETY_SCAN_HITS.csv","interlanguage_authority_context","false","false","route/context only for R7"
"6034-PATH-0272","uploader-transfer/interlanguage-method-authority-761bec88-current-frontier-authority-routing-20260707/INTERLANGUAGE_FABLE_761BEC88_CURRENT_FRONTIER_AUTHORITY_ROUTING_20260707/source_artifacts/0196_2e331d8a98_0132_2e331d8a98_SHA256SUMS.txt","interlanguage_authority_context","false","false","route/context only for R7"
"6034-PATH-0273","uploader-transfer/interlanguage-method-authority-761bec88-current-frontier-authority-routing-20260707/INTERLANGUAGE_FABLE_761BEC88_CURRENT_FRONTIER_AUTHORITY_ROUTING_20260707/source_artifacts/0197_09b7f7e1fe_0133_09b7f7e1fe_VALIDATION_ISSUES.csv","interlanguage_authority_context","false","false","route/context only for R7"
"6034-PATH-0274","uploader-transfer/interlanguage-method-authority-761bec88-current-frontier-authority-routing-20260707/INTERLANGUAGE_FABLE_761BEC88_CURRENT_FRONTIER_AUTHORITY_ROUTING_20260707/source_artifacts/0198_fe37624ba5_0134_fe37624ba5_B3_ACTION_SUMMARY.csv","interlanguage_authority_context","false","false","route/context only for R7"
"6034-PATH-0275","uploader-transfer/interlanguage-method-authority-761bec88-current-frontier-authority-routing-20260707/INTERLANGUAGE_FABLE_761BEC88_CURRENT_FRONTIER_AUTHORITY_ROUTING_20260707/source_artifacts/0199_4483fadd8c_0135_4483fadd8c_BRANCH_PR_STATE.csv","interlanguage_authority_context","false","false","route/context only for R7"
"6034-PATH-0276","uploader-transfer/interlanguage-method-authority-761bec88-current-frontier-authority-routing-20260707/INTERLANGUAGE_FABLE_761BEC88_CURRENT_FRONTIER_AUTHORITY_ROUTING_20260707/source_artifacts/0200_f348d9aa8f_0136_f348d9aa8f_FAST_IMPORT_BLOB_LEDGER.csv","interlanguage_authority_context","false","false","route/context only for R7"
"6034-PATH-0277","uploader-transfer/interlanguage-method-authority-761bec88-current-frontier-authority-routing-20260707/INTERLANGUAGE_FABLE_761BEC88_CURRENT_FRONTIER_AUTHORITY_ROUTING_20260707/source_artifacts/0201_33880a40fe_0137_33880a40fe_MANIFEST.csv","interlanguage_authority_context","false","false","route/context only for R7"
"6034-PATH-0278","uploader-transfer/interlanguage-method-authority-761bec88-current-frontier-authority-routing-20260707/INTERLANGUAGE_FABLE_761BEC88_CURRENT_FRONTIER_AUTHORITY_ROUTING_20260707/source_artifacts/0202_102cb9aace_0138_102cb9aace_PACKAGE_FILE_LEDGER.csv","interlanguage_authority_context","false","false","route/context only for R7"
"6034-PATH-0279","uploader-transfer/interlanguage-method-authority-761bec88-current-frontier-authority-routing-20260707/INTERLANGUAGE_FABLE_761BEC88_CURRENT_FRONTIER_AUTHORITY_ROUTING_20260707/source_artifacts/0203_8e6bf286f1_0139_8e6bf286f1_PACKAGE_ROOT_SUMMARY.csv","interlanguage_authority_context","false","false","route/context only for R7"
"6034-PATH-0280","uploader-transfer/interlanguage-method-authority-761bec88-current-frontier-authority-routing-20260707/INTERLANGUAGE_FABLE_761BEC88_CURRENT_FRONTIER_AUTHORITY_ROUTING_20260707/source_artifacts/0204_b8795a9414_0140_b8795a9414_README.md","interlanguage_authority_context","false","false","route/context only for R7"
"6034-PATH-0281","uploader-transfer/interlanguage-method-authority-761bec88-current-frontier-authority-routing-20260707/INTERLANGUAGE_FABLE_761BEC88_CURRENT_FRONTIER_AUTHORITY_ROUTING_20260707/source_artifacts/0205_d95f16e68d_0141_d95f16e68d_SAFETY_SCAN_HITS.csv","interlanguage_authority_context","false","false","route/context only for R7"
"6034-PATH-0282","uploader-transfer/interlanguage-method-authority-761bec88-current-frontier-authority-routing-20260707/INTERLANGUAGE_FABLE_761BEC88_CURRENT_FRONTIER_AUTHORITY_ROUTING_20260707/source_artifacts/0206_d2cd3e5442_0142_d2cd3e5442_SHA256SUMS.txt","interlanguage_authority_context","false","false","route/context only for R7"
"6034-PATH-0283","uploader-transfer/interlanguage-method-authority-761bec88-current-frontier-authority-routing-20260707/INTERLANGUAGE_FABLE_761BEC88_CURRENT_FRONTIER_AUTHORITY_ROUTING_20260707/source_artifacts/0207_09b7f7e1fe_0143_09b7f7e1fe_VALIDATION_ISSUES.csv","interlanguage_authority_context","false","false","route/context only for R7"
"6034-PATH-0284","uploader-transfer/interlanguage-method-authority-761bec88-current-frontier-authority-routing-20260707/INTERLANGUAGE_FABLE_761BEC88_CURRENT_FRONTIER_AUTHORITY_ROUTING_20260707/source_artifacts/0208_8a107a9844_0144_8a107a9844_B3_ACTION_SUMMARY.csv","interlanguage_authority_context","false","false","route/context only for R7"
"6034-PATH-0285","uploader-transfer/interlanguage-method-authority-761bec88-current-frontier-authority-routing-20260707/INTERLANGUAGE_FABLE_761BEC88_CURRENT_FRONTIER_AUTHORITY_ROUTING_20260707/source_artifacts/0209_caed455870_0145_caed455870_BRANCH_PR_STATE.csv","interlanguage_authority_context","false","false","route/context only for R7"
"6034-PATH-0286","uploader-transfer/interlanguage-method-authority-761bec88-current-frontier-authority-routing-20260707/INTERLANGUAGE_FABLE_761BEC88_CURRENT_FRONTIER_AUTHORITY_ROUTING_20260707/source_artifacts/0210_9681fe49c3_0146_9681fe49c3_FAST_IMPORT_BLOB_LEDGER.csv","interlanguage_authority_context","false","false","route/context only for R7"
"6034-PATH-0287","uploader-transfer/interlanguage-method-authority-761bec88-current-frontier-authority-routing-20260707/INTERLANGUAGE_FABLE_761BEC88_CURRENT_FRONTIER_AUTHORITY_ROUTING_20260707/source_artifacts/0211_b6b0fd987d_0147_b6b0fd987d_MANIFEST.csv","interlanguage_authority_context","false","false","route/context only for R7"
"6034-PATH-0288","uploader-transfer/interlanguage-method-authority-761bec88-current-frontier-authority-routing-20260707/INTERLANGUAGE_FABLE_761BEC88_CURRENT_FRONTIER_AUTHORITY_ROUTING_20260707/source_artifacts/0212_fdc409d13b_0148_fdc409d13b_PACKAGE_FILE_LEDGER.csv","interlanguage_authority_context","false","false","route/context only for R7"
"6034-PATH-0289","uploader-transfer/interlanguage-method-authority-761bec88-current-frontier-authority-routing-20260707/INTERLANGUAGE_FABLE_761BEC88_CURRENT_FRONTIER_AUTHORITY_ROUTING_20260707/source_artifacts/0213_38b7f6ff0b_0149_38b7f6ff0b_PACKAGE_ROOT_SUMMARY.csv","interlanguage_authority_context","false","false","route/context only for R7"
"6034-PATH-0290","uploader-transfer/interlanguage-method-authority-761bec88-current-frontier-authority-routing-20260707/INTERLANGUAGE_FABLE_761BEC88_CURRENT_FRONTIER_AUTHORITY_ROUTING_20260707/source_artifacts/0214_6a7f1fb1f1_0150_6a7f1fb1f1_README.md","interlanguage_authority_context","false","false","route/context only for R7"
"6034-PATH-0291","uploader-transfer/interlanguage-method-authority-761bec88-current-frontier-authority-routing-20260707/INTERLANGUAGE_FABLE_761BEC88_CURRENT_FRONTIER_AUTHORITY_ROUTING_20260707/source_artifacts/0215_98035f9058_0151_98035f9058_SAFETY_SCAN_HITS.csv","interlanguage_authority_context","false","false","route/context only for R7"
"6034-PATH-0292","uploader-transfer/interlanguage-method-authority-761bec88-current-frontier-authority-routing-20260707/INTERLANGUAGE_FABLE_761BEC88_CURRENT_FRONTIER_AUTHORITY_ROUTING_20260707/source_artifacts/0216_896156c914_0152_896156c914_SHA256SUMS.txt","interlanguage_authority_context","false","false","route/context only for R7"
"6034-PATH-0293","uploader-transfer/interlanguage-method-authority-761bec88-current-frontier-authority-routing-20260707/INTERLANGUAGE_FABLE_761BEC88_CURRENT_FRONTIER_AUTHORITY_ROUTING_20260707/source_artifacts/0217_09b7f7e1fe_0153_09b7f7e1fe_VALIDATION_ISSUES.csv","interlanguage_authority_context","false","false","route/context only for R7"
"6034-PATH-0294","uploader-transfer/interlanguage-method-authority-761bec88-current-frontier-authority-routing-20260707/INTERLANGUAGE_FABLE_761BEC88_CURRENT_FRONTIER_AUTHORITY_ROUTING_20260707/source_artifacts/0218_8ff2451001_0154_8ff2451001_B3_ACTION_SUMMARY.csv","interlanguage_authority_context","false","false","route/context only for R7"
"6034-PATH-0295","uploader-transfer/interlanguage-method-authority-761bec88-current-frontier-authority-routing-20260707/INTERLANGUAGE_FABLE_761BEC88_CURRENT_FRONTIER_AUTHORITY_ROUTING_20260707/source_artifacts/0219_909b0e517d_0155_909b0e517d_BRANCH_PR_STATE.csv","interlanguage_authority_context","false","false","route/context only for R7"
"6034-PATH-0296","uploader-transfer/interlanguage-method-authority-761bec88-current-frontier-authority-routing-20260707/INTERLANGUAGE_FABLE_761BEC88_CURRENT_FRONTIER_AUTHORITY_ROUTING_20260707/source_artifacts/0220_155f6a780f_0156_155f6a780f_FAST_IMPORT_BLOB_LEDGER.csv","interlanguage_authority_context","false","false","route/context only for R7"
"6034-PATH-0297","uploader-transfer/interlanguage-method-authority-761bec88-current-frontier-authority-routing-20260707/INTERLANGUAGE_FABLE_761BEC88_CURRENT_FRONTIER_AUTHORITY_ROUTING_20260707/source_artifacts/0221_6f024ea70b_0157_6f024ea70b_MANIFEST.csv","interlanguage_authority_context","false","false","route/context only for R7"
"6034-PATH-0298","uploader-transfer/interlanguage-method-authority-761bec88-current-frontier-authority-routing-20260707/INTERLANGUAGE_FABLE_761BEC88_CURRENT_FRONTIER_AUTHORITY_ROUTING_20260707/source_artifacts/0222_57ea9795c9_0158_57ea9795c9_PACKAGE_FILE_LEDGER.csv","interlanguage_authority_context","false","false","route/context only for R7"
"6034-PATH-0299","uploader-transfer/interlanguage-method-authority-761bec88-current-frontier-authority-routing-20260707/INTERLANGUAGE_FABLE_761BEC88_CURRENT_FRONTIER_AUTHORITY_ROUTING_20260707/source_artifacts/0223_f6f99e69c2_0159_f6f99e69c2_PACKAGE_ROOT_SUMMARY.csv","interlanguage_authority_context","false","false","route/context only for R7"
"6034-PATH-0300","uploader-transfer/interlanguage-method-authority-761bec88-current-frontier-authority-routing-20260707/INTERLANGUAGE_FABLE_761BEC88_CURRENT_FRONTIER_AUTHORITY_ROUTING_20260707/source_artifacts/0224_e4cff47608_0160_e4cff47608_README.md","interlanguage_authority_context","false","false","route/context only for R7"
"6034-PATH-0301","uploader-transfer/interlanguage-method-authority-761bec88-current-frontier-authority-routing-20260707/INTERLANGUAGE_FABLE_761BEC88_CURRENT_FRONTIER_AUTHORITY_ROUTING_20260707/source_artifacts/0225_2000ca3181_0161_2000ca3181_SAFETY_SCAN_HITS.csv","interlanguage_authority_context","false","false","route/context only for R7"
"6034-PATH-0302","uploader-transfer/interlanguage-method-authority-761bec88-current-frontier-authority-routing-20260707/INTERLANGUAGE_FABLE_761BEC88_CURRENT_FRONTIER_AUTHORITY_ROUTING_20260707/source_artifacts/0226_a8bef0d798_0162_a8bef0d798_SHA256SUMS.txt","interlanguage_authority_context","false","false","route/context only for R7"
"6034-PATH-0303","uploader-transfer/interlanguage-method-authority-761bec88-current-frontier-authority-routing-20260707/INTERLANGUAGE_FABLE_761BEC88_CURRENT_FRONTIER_AUTHORITY_ROUTING_20260707/source_artifacts/0227_09b7f7e1fe_0163_09b7f7e1fe_VALIDATION_ISSUES.csv","interlanguage_authority_context","false","false","route/context only for R7"
"6034-PATH-0304","uploader-transfer/interlanguage-method-authority-761bec88-current-frontier-authority-routing-20260707/INTERLANGUAGE_FABLE_761BEC88_CURRENT_FRONTIER_AUTHORITY_ROUTING_20260707/source_artifacts/0228_a0210d831a_B3_ACTION_SUMMARY.csv","interlanguage_authority_context","false","false","route/context only for R7"
"6034-PATH-0305","uploader-transfer/interlanguage-method-authority-761bec88-current-frontier-authority-routing-20260707/INTERLANGUAGE_FABLE_761BEC88_CURRENT_FRONTIER_AUTHORITY_ROUTING_20260707/source_artifacts/0229_1125c67197_BRANCH_PR_STATE.csv","interlanguage_authority_context","false","false","route/context only for R7"
"6034-PATH-0306","uploader-transfer/interlanguage-method-authority-761bec88-current-frontier-authority-routing-20260707/INTERLANGUAGE_FABLE_761BEC88_CURRENT_FRONTIER_AUTHORITY_ROUTING_20260707/source_artifacts/0230_129bd0aa9d_FAST_IMPORT_BLOB_LEDGER_LOCAL_ONLY.csv","interlanguage_authority_context","false","false","route/context only for R7"
"6034-PATH-0307","uploader-transfer/interlanguage-method-authority-761bec88-current-frontier-authority-routing-20260707/INTERLANGUAGE_FABLE_761BEC88_CURRENT_FRONTIER_AUTHORITY_ROUTING_20260707/source_artifacts/0231_a1a4b8099e_HELD_ROOTS_AND_BLOCKERS.csv","interlanguage_authority_context","false","false","route/context only for R7"
"6034-PATH-0308","uploader-transfer/interlanguage-method-authority-761bec88-current-frontier-authority-routing-20260707/INTERLANGUAGE_FABLE_761BEC88_CURRENT_FRONTIER_AUTHORITY_ROUTING_20260707/source_artifacts/0232_d2495db0c2_MANIFEST.csv","interlanguage_authority_context","false","false","route/context only for R7"
"6034-PATH-0309","uploader-transfer/interlanguage-method-authority-761bec88-current-frontier-authority-routing-20260707/INTERLANGUAGE_FABLE_761BEC88_CURRENT_FRONTIER_AUTHORITY_ROUTING_20260707/source_artifacts/0233_31b995481d_MANIFEST_REPLAY.csv","interlanguage_authority_context","false","false","route/context only for R7"
"6034-PATH-0310","uploader-transfer/interlanguage-method-authority-761bec88-current-frontier-authority-routing-20260707/INTERLANGUAGE_FABLE_761BEC88_CURRENT_FRONTIER_AUTHORITY_ROUTING_20260707/source_artifacts/0234_958b636d2a_PACKAGE_FILE_LEDGER.csv","interlanguage_authority_context","false","false","route/context only for R7"
"6034-PATH-0311","uploader-transfer/interlanguage-method-authority-761bec88-current-frontier-authority-routing-20260707/INTERLANGUAGE_FABLE_761BEC88_CURRENT_FRONTIER_AUTHORITY_ROUTING_20260707/source_artifacts/0235_83dd116147_PACKAGE_ROOT_SUMMARY.csv","interlanguage_authority_context","false","false","route/context only for R7"
"6034-PATH-0312","uploader-transfer/interlanguage-method-authority-761bec88-current-frontier-authority-routing-20260707/INTERLANGUAGE_FABLE_761BEC88_CURRENT_FRONTIER_AUTHORITY_ROUTING_20260707/source_artifacts/0236_4d3ff4d8db_README.md","interlanguage_authority_context","false","false","route/context only for R7"
"6034-PATH-0313","uploader-transfer/interlanguage-method-authority-761bec88-current-frontier-authority-routing-20260707/INTERLANGUAGE_FABLE_761BEC88_CURRENT_FRONTIER_AUTHORITY_ROUTING_20260707/source_artifacts/0237_4675370a69_SAFETY_SCAN_HITS.csv","interlanguage_authority_context","false","false","route/context only for R7"
"6034-PATH-0314","uploader-transfer/interlanguage-method-authority-761bec88-current-frontier-authority-routing-20260707/INTERLANGUAGE_FABLE_761BEC88_CURRENT_FRONTIER_AUTHORITY_ROUTING_20260707/source_artifacts/0238_daa0d80c0f_SHA256SUMS.txt","interlanguage_authority_context","false","false","route/context only for R7"
"6034-PATH-0315","uploader-transfer/interlanguage-method-authority-761bec88-current-frontier-authority-routing-20260707/INTERLANGUAGE_FABLE_761BEC88_CURRENT_FRONTIER_AUTHORITY_ROUTING_20260707/source_artifacts/0239_6a354daafd_SHA256SUMS_REPLAY.csv","interlanguage_authority_context","false","false","route/context only for R7"
"6034-PATH-0316","uploader-transfer/interlanguage-method-authority-761bec88-current-frontier-authority-routing-20260707/INTERLANGUAGE_FABLE_761BEC88_CURRENT_FRONTIER_AUTHORITY_ROUTING_20260707/source_artifacts/0240_2cc98a8e9b_B3_ACTION_SUMMARY.csv","interlanguage_authority_context","false","false","route/context only for R7"
"6034-PATH-0317","uploader-transfer/interlanguage-method-authority-761bec88-current-frontier-authority-routing-20260707/INTERLANGUAGE_FABLE_761BEC88_CURRENT_FRONTIER_AUTHORITY_ROUTING_20260707/source_artifacts/0241_76f6e454c5_BRANCH_PR_STATE.csv","interlanguage_authority_context","false","false","route/context only for R7"
"6034-PATH-0318","uploader-transfer/interlanguage-method-authority-761bec88-current-frontier-authority-routing-20260707/INTERLANGUAGE_FABLE_761BEC88_CURRENT_FRONTIER_AUTHORITY_ROUTING_20260707/source_artifacts/0242_13a092ec57_MANIFEST.csv","interlanguage_authority_context","false","false","route/context only for R7"
"6034-PATH-0319","uploader-transfer/interlanguage-method-authority-761bec88-current-frontier-authority-routing-20260707/INTERLANGUAGE_FABLE_761BEC88_CURRENT_FRONTIER_AUTHORITY_ROUTING_20260707/source_artifacts/0243_8e32fea270_MANIFEST_REPLAY.csv","interlanguage_authority_context","false","false","route/context only for R7"
"6034-PATH-0320","uploader-transfer/interlanguage-method-authority-761bec88-current-frontier-authority-routing-20260707/INTERLANGUAGE_FABLE_761BEC88_CURRENT_FRONTIER_AUTHORITY_ROUTING_20260707/source_artifacts/0244_895105d023_PACKAGE_FILE_LEDGER.csv","interlanguage_authority_context","false","false","route/context only for R7"
"6034-PATH-0321","uploader-transfer/interlanguage-method-authority-761bec88-current-frontier-authority-routing-20260707/INTERLANGUAGE_FABLE_761BEC88_CURRENT_FRONTIER_AUTHORITY_ROUTING_20260707/source_artifacts/0245_856586a258_PACKAGE_ROOT_SUMMARY.csv","interlanguage_authority_context","false","false","route/context only for R7"
"6034-PATH-0322","uploader-transfer/interlanguage-method-authority-761bec88-current-frontier-authority-routing-20260707/INTERLANGUAGE_FABLE_761BEC88_CURRENT_FRONTIER_AUTHORITY_ROUTING_20260707/source_artifacts/0246_544d59fc30_README.md","interlanguage_authority_context","false","false","route/context only for R7"
"6034-PATH-0323","uploader-transfer/interlanguage-method-authority-761bec88-current-frontier-authority-routing-20260707/INTERLANGUAGE_FABLE_761BEC88_CURRENT_FRONTIER_AUTHORITY_ROUTING_20260707/source_artifacts/0247_e69de29bb2_SAFETY_SCAN_HITS.csv","interlanguage_authority_context","false","false","route/context only for R7"
"6034-PATH-0324","uploader-transfer/interlanguage-method-authority-761bec88-current-frontier-authority-routing-20260707/INTERLANGUAGE_FABLE_761BEC88_CURRENT_FRONTIER_AUTHORITY_ROUTING_20260707/source_artifacts/0248_05bec316a7_SHA256SUMS.txt","interlanguage_authority_context","false","false","route/context only for R7"
"6034-PATH-0325","uploader-transfer/interlanguage-method-authority-761bec88-current-frontier-authority-routing-20260707/INTERLANGUAGE_FABLE_761BEC88_CURRENT_FRONTIER_AUTHORITY_ROUTING_20260707/source_artifacts/0249_0b021630ca_SHA256SUMS_REPLAY.csv","interlanguage_authority_context","false","false","route/context only for R7"
"6034-PATH-0326","uploader-transfer/interlanguage-method-authority-761bec88-current-frontier-authority-routing-20260707/INTERLANGUAGE_FABLE_761BEC88_CURRENT_FRONTIER_AUTHORITY_ROUTING_20260707/source_artifacts/0250_2f2e8c3fdc_BLOCKER_RECOVERY_ROWS_1FA37D6D.csv","interlanguage_authority_context","false","false","route/context only for R7"
"6034-PATH-0327","uploader-transfer/interlanguage-method-authority-761bec88-current-frontier-authority-routing-20260707/INTERLANGUAGE_FABLE_761BEC88_CURRENT_FRONTIER_AUTHORITY_ROUTING_20260707/source_artifacts/0251_291a32ffbb_BRANCH_WEIGHT_MARGINAL_WITNESS_ROWS_1FA37D6D.csv","interlanguage_authority_context","false","false","route/context only for R7"
"6034-PATH-0328","uploader-transfer/interlanguage-method-authority-761bec88-current-frontier-authority-routing-20260707/INTERLANGUAGE_FABLE_761BEC88_CURRENT_FRONTIER_AUTHORITY_ROUTING_20260707/source_artifacts/0252_293f31c20e_DO_NOT_USE_ADVERSE_GUARD_ROWS_1FA37D6D.csv","interlanguage_authority_context","false","false","route/context only for R7"
"6034-PATH-0329","uploader-transfer/interlanguage-method-authority-761bec88-current-frontier-authority-routing-20260707/INTERLANGUAGE_FABLE_761BEC88_CURRENT_FRONTIER_AUTHORITY_ROUTING_20260707/source_artifacts/0253_3bb462cecd_FORMULA_CONTEXT_SUMMARY_SOURCE_1FA37D6D.csv","interlanguage_authority_context","false","false","route/context only for R7"
"6034-PATH-0330","uploader-transfer/interlanguage-method-authority-761bec88-current-frontier-authority-routing-20260707/INTERLANGUAGE_FABLE_761BEC88_CURRENT_FRONTIER_AUTHORITY_ROUTING_20260707/source_artifacts/0254_ccdcd275ee_FORMULA_NEIGHBORING_USAGE_NOTES_1FA37D6D.csv","interlanguage_authority_context","false","false","route/context only for R7"
"6034-PATH-0331","uploader-transfer/interlanguage-method-authority-761bec88-current-frontier-authority-routing-20260707/INTERLANGUAGE_FABLE_761BEC88_CURRENT_FRONTIER_AUTHORITY_ROUTING_20260707/source_artifacts/0255_3ed1ec149b_INTERLINEAR_SCAFFOLD_ROWS_1FA37D6D.csv","interlanguage_authority_context","false","false","route/context only for R7"
"6034-PATH-0332","uploader-transfer/interlanguage-method-authority-761bec88-current-frontier-authority-routing-20260707/INTERLANGUAGE_FABLE_761BEC88_CURRENT_FRONTIER_AUTHORITY_ROUTING_20260707/source_artifacts/0256_52215d60d5_LOGBOOK_EXCERPT.md","interlanguage_authority_context","false","false","route/context only for R7"
"6034-PATH-0333","uploader-transfer/interlanguage-method-authority-761bec88-current-frontier-authority-routing-20260707/INTERLANGUAGE_FABLE_761BEC88_CURRENT_FRONTIER_AUTHORITY_ROUTING_20260707/source_artifacts/0257_b321fc8238_MANIFEST.csv","interlanguage_authority_context","false","false","route/context only for R7"
"6034-PATH-0334","uploader-transfer/interlanguage-method-authority-761bec88-current-frontier-authority-routing-20260707/INTERLANGUAGE_FABLE_761BEC88_CURRENT_FRONTIER_AUTHORITY_ROUTING_20260707/source_artifacts/0258_e4708e44b6_PACKAGE_VALIDATION.json","interlanguage_authority_context","false","false","route/context only for R7"
"6034-PATH-0335","uploader-transfer/interlanguage-method-authority-761bec88-current-frontier-authority-routing-20260707/INTERLANGUAGE_FABLE_761BEC88_CURRENT_FRONTIER_AUTHORITY_ROUTING_20260707/source_artifacts/0259_fd6b2feb3a_README.md","interlanguage_authority_context","false","false","route/context only for R7"
"6034-PATH-0336","uploader-transfer/interlanguage-method-authority-761bec88-current-frontier-authority-routing-20260707/INTERLANGUAGE_FABLE_761BEC88_CURRENT_FRONTIER_AUTHORITY_ROUTING_20260707/source_artifacts/0260_f554d43dbb_SHA256SUMS.txt","interlanguage_authority_context","false","false","route/context only for R7"
"6034-PATH-0337","uploader-transfer/interlanguage-method-authority-761bec88-current-frontier-authority-routing-20260707/INTERLANGUAGE_FABLE_761BEC88_CURRENT_FRONTIER_AUTHORITY_ROUTING_20260707/source_artifacts/0261_ada8297ba0_SOURCE_USE_BOUNDARY_ROWS_1FA37D6D.csv","interlanguage_authority_context","false","false","route/context only for R7"
"6034-PATH-0338","uploader-transfer/interlanguage-method-authority-761bec88-current-frontier-authority-routing-20260707/INTERLANGUAGE_FABLE_761BEC88_CURRENT_FRONTIER_AUTHORITY_ROUTING_20260707/source_artifacts/0262_630d9bfcad_TERMINOLOGY_ALTERNATIVES_1FA37D6D.csv","interlanguage_authority_context","false","false","route/context only for R7"
"6034-PATH-0339","uploader-transfer/interlanguage-method-authority-761bec88-current-frontier-authority-routing-20260707/INTERLANGUAGE_FABLE_761BEC88_CURRENT_FRONTIER_AUTHORITY_ROUTING_20260707/source_artifacts/0263_3d1ca2c47a_ZERO_CLAIM_INTERLINEAR_LEDGER_1FA37D6D.csv","interlanguage_authority_context","false","false","route/context only for R7"
"6034-PATH-0340","uploader-transfer/interlanguage-method-authority-761bec88-current-frontier-authority-routing-20260707/INTERLANGUAGE_FABLE_761BEC88_CURRENT_FRONTIER_AUTHORITY_ROUTING_20260707/source_artifacts/0264_aad2e07e95_4065F6A4_B3_HANDOFF_BOUNDARIES_20260707.csv","interlanguage_authority_context","false","false","route/context only for R7"
"6034-PATH-0341","uploader-transfer/interlanguage-method-authority-761bec88-current-frontier-authority-routing-20260707/INTERLANGUAGE_FABLE_761BEC88_CURRENT_FRONTIER_AUTHORITY_ROUTING_20260707/source_artifacts/0265_627fd5b889_4065F6A4_EXACT_BLOCKER_RECOVERY_ROWS_20260707.csv","interlanguage_authority_context","false","false","route/context only for R7"
"6034-PATH-0342","uploader-transfer/interlanguage-method-authority-761bec88-current-frontier-authority-routing-20260707/INTERLANGUAGE_FABLE_761BEC88_CURRENT_FRONTIER_AUTHORITY_ROUTING_20260707/source_artifacts/0266_a4da706cd4_4065F6A4_SOURCE_USE_GAP_FABLE_ADVERSE_ROWS_20260707.csv","interlanguage_authority_context","false","false","route/context only for R7"
"6034-PATH-0343","uploader-transfer/interlanguage-method-authority-761bec88-current-frontier-authority-routing-20260707/INTERLANGUAGE_FABLE_761BEC88_CURRENT_FRONTIER_AUTHORITY_ROUTING_20260707/source_artifacts/0267_69bf9b263d_4065F6A4_VISIBLE_SIBLING_WAKE_FOLLOWUP_20260707.csv","interlanguage_authority_context","false","false","route/context only for R7"
"6034-PATH-0344","uploader-transfer/interlanguage-method-authority-761bec88-current-frontier-authority-routing-20260707/INTERLANGUAGE_FABLE_761BEC88_CURRENT_FRONTIER_AUTHORITY_ROUTING_20260707/source_artifacts/0268_79b548df62_ACTIVE_SESSION_STATE.md","interlanguage_authority_context","false","false","route/context only for R7"
"6034-PATH-0345","uploader-transfer/interlanguage-method-authority-761bec88-current-frontier-authority-routing-20260707/INTERLANGUAGE_FABLE_761BEC88_CURRENT_FRONTIER_AUTHORITY_ROUTING_20260707/source_artifacts/0269_16101c6f72_B3_UPLOADER_READY_SUMMARY.csv","interlanguage_authority_context","false","false","route/context only for R7"
"6034-PATH-0346","uploader-transfer/interlanguage-method-authority-761bec88-current-frontier-authority-routing-20260707/INTERLANGUAGE_FABLE_761BEC88_CURRENT_FRONTIER_AUTHORITY_ROUTING_20260707/source_artifacts/0270_4ae7d4634b_HEARTBEAT_20260705.md","interlanguage_authority_context","false","false","route/context only for R7"
"6034-PATH-0347","uploader-transfer/interlanguage-method-authority-761bec88-current-frontier-authority-routing-20260707/INTERLANGUAGE_FABLE_761BEC88_CURRENT_FRONTIER_AUTHORITY_ROUTING_20260707/source_artifacts/0271_a1670a685b_MANIFEST.csv","interlanguage_authority_context","false","false","route/context only for R7"
"6034-PATH-0348","uploader-transfer/interlanguage-method-authority-761bec88-current-frontier-authority-routing-20260707/INTERLANGUAGE_FABLE_761BEC88_CURRENT_FRONTIER_AUTHORITY_ROUTING_20260707/source_artifacts/0272_b44c20c8b3_README.md","interlanguage_authority_context","false","false","route/context only for R7"
"6034-PATH-0349","uploader-transfer/interlanguage-method-authority-761bec88-current-frontier-authority-routing-20260707/INTERLANGUAGE_FABLE_761BEC88_CURRENT_FRONTIER_AUTHORITY_ROUTING_20260707/source_artifacts/0273_35b6f7ea0c_SESSION_LOGBOOK_20260705.md","interlanguage_authority_context","false","false","route/context only for R7"
"6034-PATH-0350","uploader-transfer/interlanguage-method-authority-761bec88-current-frontier-authority-routing-20260707/INTERLANGUAGE_FABLE_761BEC88_CURRENT_FRONTIER_AUTHORITY_ROUTING_20260707/source_artifacts/0274_7c41b093ca_SHA256SUMS.txt","interlanguage_authority_context","false","false","route/context only for R7"
"6034-PATH-0351","uploader-transfer/interlanguage-method-authority-761bec88-current-frontier-authority-routing-20260707/INTERLANGUAGE_FABLE_761BEC88_CURRENT_FRONTIER_AUTHORITY_ROUTING_20260707/source_artifacts/0275_4da471a900_VALIDATION.csv","interlanguage_authority_context","false","false","route/context only for R7"
"6034-PATH-0352","uploader-transfer/interlanguage-method-authority-761bec88-current-frontier-authority-routing-20260707/INTERLANGUAGE_FABLE_761BEC88_CURRENT_FRONTIER_AUTHORITY_ROUTING_20260707/source_artifacts/0276_1ac9ac204a_active_recovery_searches_4065f6a4.csv","interlanguage_authority_context","false","false","route/context only for R7"
"6034-PATH-0353","uploader-transfer/interlanguage-method-authority-761bec88-current-frontier-authority-routing-20260707/INTERLANGUAGE_FABLE_761BEC88_CURRENT_FRONTIER_AUTHORITY_ROUTING_20260707/source_artifacts/0277_764c69026f_adverse_evidence_ledger_4065f6a4.csv","interlanguage_authority_context","false","false","route/context only for R7"
"6034-PATH-0354","uploader-transfer/interlanguage-method-authority-761bec88-current-frontier-authority-routing-20260707/INTERLANGUAGE_FABLE_761BEC88_CURRENT_FRONTIER_AUTHORITY_ROUTING_20260707/source_artifacts/0278_5fed561e37_do_not_use_ledger_4065f6a4.csv","interlanguage_authority_context","false","false","route/context only for R7"
"6034-PATH-0355","uploader-transfer/interlanguage-method-authority-761bec88-current-frontier-authority-routing-20260707/INTERLANGUAGE_FABLE_761BEC88_CURRENT_FRONTIER_AUTHORITY_ROUTING_20260707/source_artifacts/0279_e58f0f034e_exact_source_row_blocker_table_4065f6a4.csv","interlanguage_authority_context","false","false","route/context only for R7"
"6034-PATH-0356","uploader-transfer/interlanguage-method-authority-761bec88-current-frontier-authority-routing-20260707/INTERLANGUAGE_FABLE_761BEC88_CURRENT_FRONTIER_AUTHORITY_ROUTING_20260707/source_artifacts/0280_58935a9134_fable_branch_weight_boundary_ledger_4065f6a4.csv","interlanguage_authority_context","false","false","route/context only for R7"
"6034-PATH-0357","uploader-transfer/interlanguage-method-authority-761bec88-current-frontier-authority-routing-20260707/INTERLANGUAGE_FABLE_761BEC88_CURRENT_FRONTIER_AUTHORITY_ROUTING_20260707/source_artifacts/0281_d967e849e7_five_hour_reset_and_mutual_wake_rule_4065f6a4.csv","interlanguage_authority_context","false","false","route/context only for R7"
"6034-PATH-0358","uploader-transfer/interlanguage-method-authority-761bec88-current-frontier-authority-routing-20260707/INTERLANGUAGE_FABLE_761BEC88_CURRENT_FRONTIER_AUTHORITY_ROUTING_20260707/source_artifacts/0282_0dcbf5b67c_frontier_readback_4065f6a4.csv","interlanguage_authority_context","false","false","route/context only for R7"
"6034-PATH-0359","uploader-transfer/interlanguage-method-authority-761bec88-current-frontier-authority-routing-20260707/INTERLANGUAGE_FABLE_761BEC88_CURRENT_FRONTIER_AUTHORITY_ROUTING_20260707/source_artifacts/0283_c1d5fd28f0_source_return_recovery_crosswalk_4065f6a4.csv","interlanguage_authority_context","false","false","route/context only for R7"
"6034-PATH-0360","uploader-transfer/interlanguage-method-authority-761bec88-current-frontier-authority-routing-20260707/INTERLANGUAGE_FABLE_761BEC88_CURRENT_FRONTIER_AUTHORITY_ROUTING_20260707/source_artifacts/0284_e9700e6d8e_source_use_ledger_4065f6a4.csv","interlanguage_authority_context","false","false","route/context only for R7"
"6034-PATH-0361","uploader-transfer/interlanguage-method-authority-761bec88-current-frontier-authority-routing-20260707/INTERLANGUAGE_FABLE_761BEC88_CURRENT_FRONTIER_AUTHORITY_ROUTING_20260707/source_artifacts/0285_644fba9521_visible_sibling_wake_scan_4065f6a4.csv","interlanguage_authority_context","false","false","route/context only for R7"
"6034-PATH-0362","uploader-transfer/interlanguage-method-authority-761bec88-current-frontier-authority-routing-20260707/INTERLANGUAGE_FABLE_761BEC88_CURRENT_FRONTIER_AUTHORITY_ROUTING_20260707/source_artifacts/0286_4ba7a85bd4_zero_row_preservation_4065f6a4.csv","interlanguage_authority_context","false","false","route/context only for R7"
"6034-PATH-0363","uploader-transfer/interlanguage-method-authority-761bec88-current-frontier-authority-routing-20260707/INTERLANGUAGE_FABLE_761BEC88_CURRENT_FRONTIER_AUTHORITY_ROUTING_20260707/source_artifacts/0287_a93e3cacec_ACTIVE_SESSION_STATE.json","interlanguage_authority_context","false","false","route/context only for R7"
"6034-PATH-0364","uploader-transfer/interlanguage-method-authority-761bec88-current-frontier-authority-routing-20260707/INTERLANGUAGE_FABLE_761BEC88_CURRENT_FRONTIER_AUTHORITY_ROUTING_20260707/source_artifacts/0288_e04b192d4b_B3_UPLOADER_READY_SUMMARY_20260707.csv","interlanguage_authority_context","false","false","route/context only for R7"
"6034-PATH-0365","uploader-transfer/interlanguage-method-authority-761bec88-current-frontier-authority-routing-20260707/INTERLANGUAGE_FABLE_761BEC88_CURRENT_FRONTIER_AUTHORITY_ROUTING_20260707/source_artifacts/0289_9ff601b334_HEARTBEAT_EXCERPT.md","interlanguage_authority_context","false","false","route/context only for R7"
"6034-PATH-0366","uploader-transfer/interlanguage-method-authority-761bec88-current-frontier-authority-routing-20260707/INTERLANGUAGE_FABLE_761BEC88_CURRENT_FRONTIER_AUTHORITY_ROUTING_20260707/source_artifacts/0290_9ff601b334_LOGBOOK_EXCERPT.md","interlanguage_authority_context","false","false","route/context only for R7"
"6034-PATH-0367","uploader-transfer/interlanguage-method-authority-761bec88-current-frontier-authority-routing-20260707/INTERLANGUAGE_FABLE_761BEC88_CURRENT_FRONTIER_AUTHORITY_ROUTING_20260707/source_artifacts/0291_7adce04ecc_MANIFEST.csv","interlanguage_authority_context","false","false","route/context only for R7"
"6034-PATH-0368","uploader-transfer/interlanguage-method-authority-761bec88-current-frontier-authority-routing-20260707/INTERLANGUAGE_FABLE_761BEC88_CURRENT_FRONTIER_AUTHORITY_ROUTING_20260707/source_artifacts/0292_456e38ed65_PACKAGE_VALIDATION_20260707.csv","interlanguage_authority_context","false","false","route/context only for R7"
"6034-PATH-0369","uploader-transfer/interlanguage-method-authority-761bec88-current-frontier-authority-routing-20260707/INTERLANGUAGE_FABLE_761BEC88_CURRENT_FRONTIER_AUTHORITY_ROUTING_20260707/source_artifacts/0293_04004da7f4_R9_1FA37D6D_EXACT_BLOCKER_RECOVERY_ROWS_20260707.csv","r9_route_context","false","false","route/context only for R7"
"6034-PATH-0370","uploader-transfer/interlanguage-method-authority-761bec88-current-frontier-authority-routing-20260707/INTERLANGUAGE_FABLE_761BEC88_CURRENT_FRONTIER_AUTHORITY_ROUTING_20260707/source_artifacts/0294_6fa914aa12_R9_1FA37D6D_FRONTIER_DRIFT_OBSERVATION_ROWS_20260707.csv","r9_route_context","false","false","route/context only for R7"
"6034-PATH-0371","uploader-transfer/interlanguage-method-authority-761bec88-current-frontier-authority-routing-20260707/INTERLANGUAGE_FABLE_761BEC88_CURRENT_FRONTIER_AUTHORITY_ROUTING_20260707/source_artifacts/0295_3482c6acad_README.md","interlanguage_authority_context","false","false","route/context only for R7"
"6034-PATH-0372","uploader-transfer/interlanguage-method-authority-761bec88-current-frontier-authority-routing-20260707/INTERLANGUAGE_FABLE_761BEC88_CURRENT_FRONTIER_AUTHORITY_ROUTING_20260707/source_artifacts/0296_baa7b8b70c_SHA256SUMS.txt","interlanguage_authority_context","false","false","route/context only for R7"
"6034-PATH-0373","uploader-transfer/interlanguage-method-authority-761bec88-current-frontier-authority-routing-20260707/INTERLANGUAGE_FABLE_761BEC88_CURRENT_FRONTIER_AUTHORITY_ROUTING_20260707/source_artifacts/0297_75bd740b36_ACTIVE_SESSION_STATE.json","interlanguage_authority_context","false","false","route/context only for R7"
"6034-PATH-0374","uploader-transfer/interlanguage-method-authority-761bec88-current-frontier-authority-routing-20260707/INTERLANGUAGE_FABLE_761BEC88_CURRENT_FRONTIER_AUTHORITY_ROUTING_20260707/source_artifacts/0298_cc7495d940_B3_UPLOADER_READY_SUMMARY_20260707.csv","interlanguage_authority_context","false","false","route/context only for R7"
"6034-PATH-0375","uploader-transfer/interlanguage-method-authority-761bec88-current-frontier-authority-routing-20260707/INTERLANGUAGE_FABLE_761BEC88_CURRENT_FRONTIER_AUTHORITY_ROUTING_20260707/source_artifacts/0299_0da2055c29_HEARTBEAT_EXCERPT.md","interlanguage_authority_context","false","false","route/context only for R7"
"6034-PATH-0376","uploader-transfer/interlanguage-method-authority-761bec88-current-frontier-authority-routing-20260707/INTERLANGUAGE_FABLE_761BEC88_CURRENT_FRONTIER_AUTHORITY_ROUTING_20260707/source_artifacts/0300_0da2055c29_LOGBOOK_EXCERPT.md","interlanguage_authority_context","false","false","route/context only for R7"
"6034-PATH-0377","uploader-transfer/interlanguage-method-authority-761bec88-current-frontier-authority-routing-20260707/INTERLANGUAGE_FABLE_761BEC88_CURRENT_FRONTIER_AUTHORITY_ROUTING_20260707/source_artifacts/0301_1c5601f90b_MANIFEST.csv","interlanguage_authority_context","false","false","route/context only for R7"
"6034-PATH-0378","uploader-transfer/interlanguage-method-authority-761bec88-current-frontier-authority-routing-20260707/INTERLANGUAGE_FABLE_761BEC88_CURRENT_FRONTIER_AUTHORITY_ROUTING_20260707/source_artifacts/0302_b3d421bc9b_PACKAGE_VALIDATION_20260707.csv","interlanguage_authority_context","false","false","route/context only for R7"
"6034-PATH-0379","uploader-transfer/interlanguage-method-authority-761bec88-current-frontier-authority-routing-20260707/INTERLANGUAGE_FABLE_761BEC88_CURRENT_FRONTIER_AUTHORITY_ROUTING_20260707/source_artifacts/0303_fa0b217df5_R9_4065F6A4_ACTIVE_RECOVERY_ROWS_20260707.csv","r9_route_context","false","false","route/context only for R7"
"6034-PATH-0380","uploader-transfer/interlanguage-method-authority-761bec88-current-frontier-authority-routing-20260707/INTERLANGUAGE_FABLE_761BEC88_CURRENT_FRONTIER_AUTHORITY_ROUTING_20260707/source_artifacts/0304_275bd8f1a9_R9_4065F6A4_BLOCKER_RECOVERY_ROWS_20260707.csv","r9_route_context","false","false","route/context only for R7"
"6034-PATH-0381","uploader-transfer/interlanguage-method-authority-761bec88-current-frontier-authority-routing-20260707/INTERLANGUAGE_FABLE_761BEC88_CURRENT_FRONTIER_AUTHORITY_ROUTING_20260707/source_artifacts/0305_2d940d5b26_R9_4065F6A4_BRANCH_CONTEXT_ROWS_20260707.csv","r9_route_context","false","false","route/context only for R7"
"6034-PATH-0382","uploader-transfer/interlanguage-method-authority-761bec88-current-frontier-authority-routing-20260707/INTERLANGUAGE_FABLE_761BEC88_CURRENT_FRONTIER_AUTHORITY_ROUTING_20260707/source_artifacts/0306_9bbef883fa_R9_4065F6A4_DELEGATION_ROWS_20260707.csv","r9_route_context","false","false","route/context only for R7"
"6034-PATH-0383","uploader-transfer/interlanguage-method-authority-761bec88-current-frontier-authority-routing-20260707/INTERLANGUAGE_FABLE_761BEC88_CURRENT_FRONTIER_AUTHORITY_ROUTING_20260707/source_artifacts/0307_9509daa2ea_R9_4065F6A4_DIFF_AUDIT_ROWS_20260707.csv","r9_route_context","false","false","route/context only for R7"
"6034-PATH-0384","uploader-transfer/interlanguage-method-authority-761bec88-current-frontier-authority-routing-20260707/INTERLANGUAGE_FABLE_761BEC88_CURRENT_FRONTIER_AUTHORITY_ROUTING_20260707/source_artifacts/0308_4b1f48fdea_R9_4065F6A4_DO_NOT_USE_ADVERSE_ROWS_20260707.csv","r9_route_context","false","false","route/context only for R7"
"6034-PATH-0385","uploader-transfer/interlanguage-method-authority-761bec88-current-frontier-authority-routing-20260707/INTERLANGUAGE_FABLE_761BEC88_CURRENT_FRONTIER_AUTHORITY_ROUTING_20260707/source_artifacts/0309_a24e5d792a_R9_4065F6A4_EXACT_BLOCKER_RECOVERY_ROWS_20260707.csv","r9_route_context","false","false","route/context only for R7"
"6034-PATH-0386","uploader-transfer/interlanguage-method-authority-761bec88-current-frontier-authority-routing-20260707/INTERLANGUAGE_FABLE_761BEC88_CURRENT_FRONTIER_AUTHORITY_ROUTING_20260707/source_artifacts/0310_ae2d8b6eec_R9_4065F6A4_LANGUAGE_BOUNDARY_SOURCE_RETURN_STATUS_ROWS_20260707.csv","r9_route_context","false","false","route/context only for R7"
"6034-PATH-0387","uploader-transfer/interlanguage-method-authority-761bec88-current-frontier-authority-routing-20260707/INTERLANGUAGE_FABLE_761BEC88_CURRENT_FRONTIER_AUTHORITY_ROUTING_20260707/source_artifacts/0311_5a0f1c2fa2_R9_4065F6A4_OCR_UNICODE_RECOVERY_ROLLUP_20260707.csv","r9_route_context","false","false","route/context only for R7"
"6034-PATH-0388","uploader-transfer/interlanguage-method-authority-761bec88-current-frontier-authority-routing-20260707/INTERLANGUAGE_FABLE_761BEC88_CURRENT_FRONTIER_AUTHORITY_ROUTING_20260707/source_artifacts/0312_f62a400251_R9_4065F6A4_RESET_RULES_20260707.csv","r9_route_context","false","false","route/context only for R7"
"6034-PATH-0389","uploader-transfer/interlanguage-method-authority-761bec88-current-frontier-authority-routing-20260707/INTERLANGUAGE_FABLE_761BEC88_CURRENT_FRONTIER_AUTHORITY_ROUTING_20260707/source_artifacts/0313_62503bba98_R9_4065F6A4_SAFE_CHECKOUT_VERIFICATION_ROWS_20260707.csv","r9_route_context","false","false","route/context only for R7"
"6034-PATH-0390","uploader-transfer/interlanguage-method-authority-761bec88-current-frontier-authority-routing-20260707/INTERLANGUAGE_FABLE_761BEC88_CURRENT_FRONTIER_AUTHORITY_ROUTING_20260707/source_artifacts/0314_885f1c4b89_R9_4065F6A4_SOURCE_USE_ADVERSE_ROWS_20260707.csv","r9_route_context","false","false","route/context only for R7"
"6034-PATH-0391","uploader-transfer/interlanguage-method-authority-761bec88-current-frontier-authority-routing-20260707/INTERLANGUAGE_FABLE_761BEC88_CURRENT_FRONTIER_AUTHORITY_ROUTING_20260707/source_artifacts/0315_b54a0786fa_README.md","interlanguage_authority_context","false","false","route/context only for R7"
"6034-PATH-0392","uploader-transfer/interlanguage-method-authority-761bec88-current-frontier-authority-routing-20260707/INTERLANGUAGE_FABLE_761BEC88_CURRENT_FRONTIER_AUTHORITY_ROUTING_20260707/source_artifacts/0316_25a2e9f617_SHA256SUMS.txt","interlanguage_authority_context","false","false","route/context only for R7"
"6034-PATH-0393","uploader-transfer/interlanguage-method-authority-761bec88-current-frontier-authority-routing-20260707/INTERLANGUAGE_FABLE_761BEC88_CURRENT_FRONTIER_AUTHORITY_ROUTING_20260707/source_artifacts/0317_89ca96fe89_ACTIVE_SESSION_STATE.json","interlanguage_authority_context","false","false","route/context only for R7"
"6034-PATH-0394","uploader-transfer/interlanguage-method-authority-761bec88-current-frontier-authority-routing-20260707/INTERLANGUAGE_FABLE_761BEC88_CURRENT_FRONTIER_AUTHORITY_ROUTING_20260707/source_artifacts/0318_822ce42de8_B3_UPLOADER_READY_SUMMARY_20260707.csv","interlanguage_authority_context","false","false","route/context only for R7"
"6034-PATH-0395","uploader-transfer/interlanguage-method-authority-761bec88-current-frontier-authority-routing-20260707/INTERLANGUAGE_FABLE_761BEC88_CURRENT_FRONTIER_AUTHORITY_ROUTING_20260707/source_artifacts/0319_0c6b5a63ac_HEARTBEAT_EXCERPT.md","interlanguage_authority_context","false","false","route/context only for R7"
"6034-PATH-0396","uploader-transfer/interlanguage-method-authority-761bec88-current-frontier-authority-routing-20260707/INTERLANGUAGE_FABLE_761BEC88_CURRENT_FRONTIER_AUTHORITY_ROUTING_20260707/source_artifacts/0320_0c6b5a63ac_LOGBOOK_EXCERPT.md","interlanguage_authority_context","false","false","route/context only for R7"
"6034-PATH-0397","uploader-transfer/interlanguage-method-authority-761bec88-current-frontier-authority-routing-20260707/INTERLANGUAGE_FABLE_761BEC88_CURRENT_FRONTIER_AUTHORITY_ROUTING_20260707/source_artifacts/0321_3953ff1293_MANIFEST.csv","interlanguage_authority_context","false","false","route/context only for R7"
"6034-PATH-0398","uploader-transfer/interlanguage-method-authority-761bec88-current-frontier-authority-routing-20260707/INTERLANGUAGE_FABLE_761BEC88_CURRENT_FRONTIER_AUTHORITY_ROUTING_20260707/source_artifacts/0322_c8b10fe126_PACKAGE_VALIDATION_20260707.csv","interlanguage_authority_context","false","false","route/context only for R7"
"6034-PATH-0399","uploader-transfer/interlanguage-method-authority-761bec88-current-frontier-authority-routing-20260707/INTERLANGUAGE_FABLE_761BEC88_CURRENT_FRONTIER_AUTHORITY_ROUTING_20260707/source_artifacts/0323_f63e219012_R9_C033F393_BRANCH_CONTEXT_ROWS_20260707.csv","r9_route_context","false","false","route/context only for R7"
"6034-PATH-0400","uploader-transfer/interlanguage-method-authority-761bec88-current-frontier-authority-routing-20260707/INTERLANGUAGE_FABLE_761BEC88_CURRENT_FRONTIER_AUTHORITY_ROUTING_20260707/source_artifacts/0324_ae9332aed3_R9_C033F393_EXACT_BLOCKER_RECOVERY_ROWS_20260707.csv","r9_route_context","false","false","route/context only for R7"
"6034-PATH-0401","uploader-transfer/interlanguage-method-authority-761bec88-current-frontier-authority-routing-20260707/INTERLANGUAGE_FABLE_761BEC88_CURRENT_FRONTIER_AUTHORITY_ROUTING_20260707/source_artifacts/0325_e3430e3d15_R9_C033F393_FRONTIER_DRIFT_OBSERVATION_ROWS_20260707.csv","r9_route_context","false","false","route/context only for R7"
"6034-PATH-0402","uploader-transfer/interlanguage-method-authority-761bec88-current-frontier-authority-routing-20260707/INTERLANGUAGE_FABLE_761BEC88_CURRENT_FRONTIER_AUTHORITY_ROUTING_20260707/source_artifacts/0326_7c3fdb4f02_README.md","interlanguage_authority_context","false","false","route/context only for R7"
"6034-PATH-0403","uploader-transfer/interlanguage-method-authority-761bec88-current-frontier-authority-routing-20260707/INTERLANGUAGE_FABLE_761BEC88_CURRENT_FRONTIER_AUTHORITY_ROUTING_20260707/source_artifacts/0327_499a1baff9_SHA256SUMS.txt","interlanguage_authority_context","false","false","route/context only for R7"
"6034-PATH-0404","uploader-transfer/interlanguage-method-authority-761bec88-local-sibling-recovery-addendum-20260707/INTERLANGUAGE_FABLE_761BEC88_LOCAL_SIBLING_RECOVERY_ADDENDUM_20260707/ACTIVE_SESSION_STATE.md","interlanguage_authority_context","false","false","route/context only for R7"
"6034-PATH-0405","uploader-transfer/interlanguage-method-authority-761bec88-local-sibling-recovery-addendum-20260707/INTERLANGUAGE_FABLE_761BEC88_LOCAL_SIBLING_RECOVERY_ADDENDUM_20260707/B3_HANDOFF_LOCAL_SIBLING_ADDENDUM_761BEC88.csv","interlanguage_authority_context","false","false","route/context only for R7"
"6034-PATH-0406","uploader-transfer/interlanguage-method-authority-761bec88-local-sibling-recovery-addendum-20260707/INTERLANGUAGE_FABLE_761BEC88_LOCAL_SIBLING_RECOVERY_ADDENDUM_20260707/B3_HANDOFF_LOCAL_SIBLING_ADDENDUM_761BEC88.json","interlanguage_authority_context","false","false","route/context only for R7"
"6034-PATH-0407","uploader-transfer/interlanguage-method-authority-761bec88-local-sibling-recovery-addendum-20260707/INTERLANGUAGE_FABLE_761BEC88_LOCAL_SIBLING_RECOVERY_ADDENDUM_20260707/BLOCKER_RECOVERY_LOCAL_SIBLING_LEDGER_761BEC88.csv","interlanguage_authority_context","false","false","route/context only for R7"
"6034-PATH-0408","uploader-transfer/interlanguage-method-authority-761bec88-local-sibling-recovery-addendum-20260707/INTERLANGUAGE_FABLE_761BEC88_LOCAL_SIBLING_RECOVERY_ADDENDUM_20260707/BLOCKER_RECOVERY_LOCAL_SIBLING_LEDGER_761BEC88.json","interlanguage_authority_context","false","false","route/context only for R7"
"6034-PATH-0409","uploader-transfer/interlanguage-method-authority-761bec88-local-sibling-recovery-addendum-20260707/INTERLANGUAGE_FABLE_761BEC88_LOCAL_SIBLING_RECOVERY_ADDENDUM_20260707/BRANCH_WEIGHT_LOCAL_SIBLING_LEDGER_761BEC88.csv","interlanguage_authority_context","false","false","route/context only for R7"
"6034-PATH-0410","uploader-transfer/interlanguage-method-authority-761bec88-local-sibling-recovery-addendum-20260707/INTERLANGUAGE_FABLE_761BEC88_LOCAL_SIBLING_RECOVERY_ADDENDUM_20260707/BRANCH_WEIGHT_LOCAL_SIBLING_LEDGER_761BEC88.json","interlanguage_authority_context","false","false","route/context only for R7"
"6034-PATH-0411","uploader-transfer/interlanguage-method-authority-761bec88-local-sibling-recovery-addendum-20260707/INTERLANGUAGE_FABLE_761BEC88_LOCAL_SIBLING_RECOVERY_ADDENDUM_20260707/DO_NOT_USE_LOCAL_SIBLING_LEDGER_761BEC88.csv","interlanguage_authority_context","false","false","route/context only for R7"
"6034-PATH-0412","uploader-transfer/interlanguage-method-authority-761bec88-local-sibling-recovery-addendum-20260707/INTERLANGUAGE_FABLE_761BEC88_LOCAL_SIBLING_RECOVERY_ADDENDUM_20260707/DO_NOT_USE_LOCAL_SIBLING_LEDGER_761BEC88.json","interlanguage_authority_context","false","false","route/context only for R7"
"6034-PATH-0413","uploader-transfer/interlanguage-method-authority-761bec88-local-sibling-recovery-addendum-20260707/INTERLANGUAGE_FABLE_761BEC88_LOCAL_SIBLING_RECOVERY_ADDENDUM_20260707/FINAL_VALIDATION.json","interlanguage_authority_context","false","false","route/context only for R7"
"6034-PATH-0414","uploader-transfer/interlanguage-method-authority-761bec88-local-sibling-recovery-addendum-20260707/INTERLANGUAGE_FABLE_761BEC88_LOCAL_SIBLING_RECOVERY_ADDENDUM_20260707/HEARTBEAT_20260707.md","interlanguage_authority_context","false","false","route/context only for R7"
"6034-PATH-0415","uploader-transfer/interlanguage-method-authority-761bec88-local-sibling-recovery-addendum-20260707/INTERLANGUAGE_FABLE_761BEC88_LOCAL_SIBLING_RECOVERY_ADDENDUM_20260707/LOCAL_761_SIBLING_ROOT_INDEX_761BEC88.csv","interlanguage_authority_context","false","false","route/context only for R7"
"6034-PATH-0416","uploader-transfer/interlanguage-method-authority-761bec88-local-sibling-recovery-addendum-20260707/INTERLANGUAGE_FABLE_761BEC88_LOCAL_SIBLING_RECOVERY_ADDENDUM_20260707/LOCAL_761_SIBLING_ROOT_INDEX_761BEC88.json","interlanguage_authority_context","false","false","route/context only for R7"
"6034-PATH-0417","uploader-transfer/interlanguage-method-authority-761bec88-local-sibling-recovery-addendum-20260707/INTERLANGUAGE_FABLE_761BEC88_LOCAL_SIBLING_RECOVERY_ADDENDUM_20260707/MANIFEST.csv","interlanguage_authority_context","false","false","route/context only for R7"
"6034-PATH-0418","uploader-transfer/interlanguage-method-authority-761bec88-local-sibling-recovery-addendum-20260707/INTERLANGUAGE_FABLE_761BEC88_LOCAL_SIBLING_RECOVERY_ADDENDUM_20260707/MARGINAL_INTELLIGIBILITY_LOCAL_SIBLING_LEDGER_761BEC88.csv","interlanguage_authority_context","false","false","route/context only for R7"
"6034-PATH-0419","uploader-transfer/interlanguage-method-authority-761bec88-local-sibling-recovery-addendum-20260707/INTERLANGUAGE_FABLE_761BEC88_LOCAL_SIBLING_RECOVERY_ADDENDUM_20260707/MARGINAL_INTELLIGIBILITY_LOCAL_SIBLING_LEDGER_761BEC88.json","interlanguage_authority_context","false","false","route/context only for R7"
"6034-PATH-0420","uploader-transfer/interlanguage-method-authority-761bec88-local-sibling-recovery-addendum-20260707/INTERLANGUAGE_FABLE_761BEC88_LOCAL_SIBLING_RECOVERY_ADDENDUM_20260707/NORMALIZATION_MARKER_LOCAL_SIBLING_LEDGER_761BEC88.csv","interlanguage_authority_context","false","false","route/context only for R7"
"6034-PATH-0421","uploader-transfer/interlanguage-method-authority-761bec88-local-sibling-recovery-addendum-20260707/INTERLANGUAGE_FABLE_761BEC88_LOCAL_SIBLING_RECOVERY_ADDENDUM_20260707/NORMALIZATION_MARKER_LOCAL_SIBLING_LEDGER_761BEC88.json","interlanguage_authority_context","false","false","route/context only for R7"
"6034-PATH-0422","uploader-transfer/interlanguage-method-authority-761bec88-local-sibling-recovery-addendum-20260707/INTERLANGUAGE_FABLE_761BEC88_LOCAL_SIBLING_RECOVERY_ADDENDUM_20260707/PERSIANATE_TAJIK_761_SUBLANE_BOUNDARY_LEDGER_761BEC88.csv","interlanguage_authority_context","false","false","route/context only for R7"
"6034-PATH-0423","uploader-transfer/interlanguage-method-authority-761bec88-local-sibling-recovery-addendum-20260707/INTERLANGUAGE_FABLE_761BEC88_LOCAL_SIBLING_RECOVERY_ADDENDUM_20260707/PERSIANATE_TAJIK_761_SUBLANE_BOUNDARY_LEDGER_761BEC88.json","interlanguage_authority_context","false","false","route/context only for R7"
"6034-PATH-0424","uploader-transfer/interlanguage-method-authority-761bec88-local-sibling-recovery-addendum-20260707/INTERLANGUAGE_FABLE_761BEC88_LOCAL_SIBLING_RECOVERY_ADDENDUM_20260707/README.md","interlanguage_authority_context","false","false","route/context only for R7"
"6034-PATH-0425","uploader-transfer/interlanguage-method-authority-761bec88-local-sibling-recovery-addendum-20260707/INTERLANGUAGE_FABLE_761BEC88_LOCAL_SIBLING_RECOVERY_ADDENDUM_20260707/SESSION_LOGBOOK_20260707.md","interlanguage_authority_context","false","false","route/context only for R7"
"6034-PATH-0426","uploader-transfer/interlanguage-method-authority-761bec88-local-sibling-recovery-addendum-20260707/INTERLANGUAGE_FABLE_761BEC88_LOCAL_SIBLING_RECOVERY_ADDENDUM_20260707/SHA256SUMS.txt","interlanguage_authority_context","false","false","route/context only for R7"
"6034-PATH-0427","uploader-transfer/interlanguage-method-authority-761bec88-local-sibling-recovery-addendum-20260707/INTERLANGUAGE_FABLE_761BEC88_LOCAL_SIBLING_RECOVERY_ADDENDUM_20260707/SOURCE_USE_ADVERSE_LOCAL_SIBLING_LEDGER_761BEC88.csv","interlanguage_authority_context","false","false","route/context only for R7"
"6034-PATH-0428","uploader-transfer/interlanguage-method-authority-761bec88-local-sibling-recovery-addendum-20260707/INTERLANGUAGE_FABLE_761BEC88_LOCAL_SIBLING_RECOVERY_ADDENDUM_20260707/SOURCE_USE_ADVERSE_LOCAL_SIBLING_LEDGER_761BEC88.json","interlanguage_authority_context","false","false","route/context only for R7"
"6034-PATH-0429","uploader-transfer/olp-relation-function-support-761bec88-0b6a-heartbeat-source-use-adverse-recovery-20260707/OLP_761BEC88_0B6A_HEARTBEAT_SOURCE_USE_ADVERSE_RECOVERY_20260707/ADVERSE_EVIDENCE_STATUS_761BEC88.csv","b3_uploader_transfer_context","false","false","route/context only for R7"
"6034-PATH-0430","uploader-transfer/olp-relation-function-support-761bec88-0b6a-heartbeat-source-use-adverse-recovery-20260707/OLP_761BEC88_0B6A_HEARTBEAT_SOURCE_USE_ADVERSE_RECOVERY_20260707/AUTHORITY_BOUNDARY_STATUS_761BEC88.csv","interlanguage_authority_context","false","false","route/context only for R7"
"6034-PATH-0431","uploader-transfer/olp-relation-function-support-761bec88-0b6a-heartbeat-source-use-adverse-recovery-20260707/OLP_761BEC88_0B6A_HEARTBEAT_SOURCE_USE_ADVERSE_RECOVERY_20260707/B3_HANDOFF_PACKAGE_REFERENCES_761BEC88.csv","b3_uploader_transfer_context","false","false","route/context only for R7"
"6034-PATH-0432","uploader-transfer/olp-relation-function-support-761bec88-0b6a-heartbeat-source-use-adverse-recovery-20260707/OLP_761BEC88_0B6A_HEARTBEAT_SOURCE_USE_ADVERSE_RECOVERY_20260707/FABLE_FORMAL_OBJECT_STATUS_761BEC88.csv","interlanguage_authority_context","false","false","route/context only for R7"
"6034-PATH-0433","uploader-transfer/olp-relation-function-support-761bec88-0b6a-heartbeat-source-use-adverse-recovery-20260707/OLP_761BEC88_0B6A_HEARTBEAT_SOURCE_USE_ADVERSE_RECOVERY_20260707/HEARTBEAT_BLOCKER_RECOVERY_ROWS_761BEC88.csv","b3_uploader_transfer_context","false","false","route/context only for R7"
"6034-PATH-0434","uploader-transfer/olp-relation-function-support-761bec88-0b6a-heartbeat-source-use-adverse-recovery-20260707/OLP_761BEC88_0B6A_HEARTBEAT_SOURCE_USE_ADVERSE_RECOVERY_20260707/LOGBOOK_EXCERPT.md","b3_uploader_transfer_context","false","false","route/context only for R7"
"6034-PATH-0435","uploader-transfer/olp-relation-function-support-761bec88-0b6a-heartbeat-source-use-adverse-recovery-20260707/OLP_761BEC88_0B6A_HEARTBEAT_SOURCE_USE_ADVERSE_RECOVERY_20260707/MANIFEST.csv","b3_uploader_transfer_context","false","false","route/context only for R7"
"6034-PATH-0436","uploader-transfer/olp-relation-function-support-761bec88-0b6a-heartbeat-source-use-adverse-recovery-20260707/OLP_761BEC88_0B6A_HEARTBEAT_SOURCE_USE_ADVERSE_RECOVERY_20260707/MUTUAL_WAKE_ACCOUNTING_761BEC88.csv","b3_uploader_transfer_context","false","false","route/context only for R7"
"6034-PATH-0437","uploader-transfer/olp-relation-function-support-761bec88-0b6a-heartbeat-source-use-adverse-recovery-20260707/OLP_761BEC88_0B6A_HEARTBEAT_SOURCE_USE_ADVERSE_RECOVERY_20260707/PACKAGE_VALIDATION.json","b3_uploader_transfer_context","false","false","route/context only for R7"
"6034-PATH-0438","uploader-transfer/olp-relation-function-support-761bec88-0b6a-heartbeat-source-use-adverse-recovery-20260707/OLP_761BEC88_0B6A_HEARTBEAT_SOURCE_USE_ADVERSE_RECOVERY_20260707/README.md","b3_uploader_transfer_context","false","false","route/context only for R7"
"6034-PATH-0439","uploader-transfer/olp-relation-function-support-761bec88-0b6a-heartbeat-source-use-adverse-recovery-20260707/OLP_761BEC88_0B6A_HEARTBEAT_SOURCE_USE_ADVERSE_RECOVERY_20260707/SHA256SUMS.txt","b3_uploader_transfer_context","false","false","route/context only for R7"
"6034-PATH-0440","uploader-transfer/olp-relation-function-support-761bec88-0b6a-heartbeat-source-use-adverse-recovery-20260707/OLP_761BEC88_0B6A_HEARTBEAT_SOURCE_USE_ADVERSE_RECOVERY_20260707/SOURCE_GATED_RELATION_FUNCTION_ACTIONS_761BEC88.csv","b3_uploader_transfer_context","false","false","route/context only for R7"
"6034-PATH-0441","uploader-transfer/olp-relation-function-support-761bec88-0b6a-heartbeat-source-use-adverse-recovery-20260707/OLP_761BEC88_0B6A_HEARTBEAT_SOURCE_USE_ADVERSE_RECOVERY_20260707/SOURCE_USE_CATEGORY_STATUS_761BEC88.csv","b3_uploader_transfer_context","false","false","route/context only for R7"
"6034-PATH-0442","uploader-transfer/olp-relation-function-support-761bec88-0b6a-heartbeat-source-use-adverse-recovery-20260707/OLP_761BEC88_0B6A_HEARTBEAT_SOURCE_USE_ADVERSE_RECOVERY_20260707/TOKEN_RESET_AND_BOUNDARY_RULES_761BEC88.csv","b3_uploader_transfer_context","false","false","route/context only for R7"
"6034-PATH-0443","uploader-transfer/olp-relation-function-support-761bec88-0b6a-heartbeat-source-use-adverse-recovery-20260707/OLP_761BEC88_0B6A_HEARTBEAT_SOURCE_USE_ADVERSE_RECOVERY_20260707/ZERO_CLAIM_LEDGER_761BEC88.csv","b3_uploader_transfer_context","false","false","route/context only for R7"
"6034-PATH-0444","uploader-transfer/persianate-tajik-source-evidence-draft-lane-761bec88-b3-frontier-recovery-20260707/PERSIANATE_TAJIK_761BEC88_B3_FRONTIER_RECOVERY_20260707/761BEC88_EXACT_BLOCKER_RECOVERY_ROWS_20260707.csv","b3_uploader_transfer_context","false","false","route/context only for R7"
"6034-PATH-0445","uploader-transfer/persianate-tajik-source-evidence-draft-lane-761bec88-b3-frontier-recovery-20260707/PERSIANATE_TAJIK_761BEC88_B3_FRONTIER_RECOVERY_20260707/761BEC88_SAME_FRONTIER_DEDUP_RECOVERY_ROWS_20260707.csv","b3_uploader_transfer_context","false","false","route/context only for R7"
"6034-PATH-0446","uploader-transfer/persianate-tajik-source-evidence-draft-lane-761bec88-b3-frontier-recovery-20260707/PERSIANATE_TAJIK_761BEC88_B3_FRONTIER_RECOVERY_20260707/ACTIVE_SESSION_STATE.md","b3_uploader_transfer_context","false","false","route/context only for R7"
"6034-PATH-0447","uploader-transfer/persianate-tajik-source-evidence-draft-lane-761bec88-b3-frontier-recovery-20260707/PERSIANATE_TAJIK_761BEC88_B3_FRONTIER_RECOVERY_20260707/HEARTBEAT_20260707.md","b3_uploader_transfer_context","false","false","route/context only for R7"
"6034-PATH-0448","uploader-transfer/persianate-tajik-source-evidence-draft-lane-761bec88-b3-frontier-recovery-20260707/PERSIANATE_TAJIK_761BEC88_B3_FRONTIER_RECOVERY_20260707/MANIFEST.csv","b3_uploader_transfer_context","false","false","route/context only for R7"
"6034-PATH-0449","uploader-transfer/persianate-tajik-source-evidence-draft-lane-761bec88-b3-frontier-recovery-20260707/PERSIANATE_TAJIK_761BEC88_B3_FRONTIER_RECOVERY_20260707/README.md","b3_uploader_transfer_context","false","false","route/context only for R7"
"6034-PATH-0450","uploader-transfer/persianate-tajik-source-evidence-draft-lane-761bec88-b3-frontier-recovery-20260707/PERSIANATE_TAJIK_761BEC88_B3_FRONTIER_RECOVERY_20260707/SESSION_LOGBOOK_20260707.md","b3_uploader_transfer_context","false","false","route/context only for R7"
"6034-PATH-0451","uploader-transfer/persianate-tajik-source-evidence-draft-lane-761bec88-b3-frontier-recovery-20260707/PERSIANATE_TAJIK_761BEC88_B3_FRONTIER_RECOVERY_20260707/SHA256SUMS.txt","b3_uploader_transfer_context","false","false","route/context only for R7"
"6034-PATH-0452","uploader-transfer/persianate-tajik-source-evidence-draft-lane-761bec88-b3-frontier-recovery-20260707/PERSIANATE_TAJIK_761BEC88_B3_FRONTIER_RECOVERY_20260707/SHA256_VERIFICATION_20260707.csv","b3_uploader_transfer_context","false","false","route/context only for R7"
"6034-PATH-0453","uploader-transfer/r2-pan-turkic-hard-blockers-761bec88-frontier-recovery-20260707/R2_761BEC88_FRONTIER_RECOVERY_20260707/761BEC88_SAME_FRONTIER_B3_DEDUP_RECOVERY_20260707.csv","b3_uploader_transfer_context","false","false","route/context only for R7"
"6034-PATH-0454","uploader-transfer/r2-pan-turkic-hard-blockers-761bec88-frontier-recovery-20260707/R2_761BEC88_FRONTIER_RECOVERY_20260707/761BEC88_SAME_FRONTIER_B3_DEDUP_STATE_20260707.md","b3_uploader_transfer_context","false","false","route/context only for R7"
"6034-PATH-0455","uploader-transfer/r2-pan-turkic-hard-blockers-761bec88-frontier-recovery-20260707/R2_761BEC88_FRONTIER_RECOVERY_20260707/MANIFEST.csv","b3_uploader_transfer_context","false","false","route/context only for R7"
"6034-PATH-0456","uploader-transfer/r2-pan-turkic-hard-blockers-761bec88-frontier-recovery-20260707/R2_761BEC88_FRONTIER_RECOVERY_20260707/SHA256SUMS.txt","b3_uploader_transfer_context","false","false","route/context only for R7"
"6034-PATH-0457","uploader-transfer/r7-malay-sea-pacific-761bec88-same-frontier-dedup-reverify-20260707/R7_761BEC88_SAME_FRONTIER_DEDUP_REVERIFY_20260707/B3_HANDOFF_BOUNDARIES.csv","r7_uploader_transfer_context","true","false","B3 package visibility context only; not new source evidence"
"6034-PATH-0458","uploader-transfer/r7-malay-sea-pacific-761bec88-same-frontier-dedup-reverify-20260707/R7_761BEC88_SAME_FRONTIER_DEDUP_REVERIFY_20260707/LOGBOOK_EXCERPT.md","r7_uploader_transfer_context","true","false","B3 package visibility context only; not new source evidence"
"6034-PATH-0459","uploader-transfer/r7-malay-sea-pacific-761bec88-same-frontier-dedup-reverify-20260707/R7_761BEC88_SAME_FRONTIER_DEDUP_REVERIFY_20260707/MANIFEST.csv","r7_uploader_transfer_context","true","false","B3 package visibility context only; not new source evidence"
"6034-PATH-0460","uploader-transfer/r7-malay-sea-pacific-761bec88-same-frontier-dedup-reverify-20260707/R7_761BEC88_SAME_FRONTIER_DEDUP_REVERIFY_20260707/R7_761BEC88_EXACT_BLOCKER_RECOVERY_ROWS.csv","r7_uploader_transfer_context","true","false","B3 package visibility context only; not new source evidence"
"6034-PATH-0461","uploader-transfer/r7-malay-sea-pacific-761bec88-same-frontier-dedup-reverify-20260707/R7_761BEC88_SAME_FRONTIER_DEDUP_REVERIFY_20260707/R7_761BEC88_FABLE_ADVERSE_DEDUP_ROWS.csv","r7_uploader_transfer_context","true","false","B3 package visibility context only; not new source evidence"
"6034-PATH-0462","uploader-transfer/r7-malay-sea-pacific-761bec88-same-frontier-dedup-reverify-20260707/R7_761BEC88_SAME_FRONTIER_DEDUP_REVERIFY_20260707/R7_761BEC88_PRIOR_PACKET_SHA_REVERIFY.csv","r7_uploader_transfer_context","true","false","B3 package visibility context only; not new source evidence"
"6034-PATH-0463","uploader-transfer/r7-malay-sea-pacific-761bec88-same-frontier-dedup-reverify-20260707/R7_761BEC88_SAME_FRONTIER_DEDUP_REVERIFY_20260707/R7_761BEC88_SAME_FRONTIER_REVERIFY_ROWS.csv","r7_uploader_transfer_context","true","false","B3 package visibility context only; not new source evidence"
"6034-PATH-0464","uploader-transfer/r7-malay-sea-pacific-761bec88-same-frontier-dedup-reverify-20260707/R7_761BEC88_SAME_FRONTIER_DEDUP_REVERIFY_20260707/R7_761BEC88_SOURCE_USE_GAP_CARRYFORWARD_ROWS.csv","r7_uploader_transfer_context","true","false","B3 package visibility context only; not new source evidence"
"6034-PATH-0465","uploader-transfer/r7-malay-sea-pacific-761bec88-same-frontier-dedup-reverify-20260707/R7_761BEC88_SAME_FRONTIER_DEDUP_REVERIFY_20260707/README.md","r7_uploader_transfer_context","true","false","B3 package visibility context only; not new source evidence"
"6034-PATH-0466","uploader-transfer/r7-malay-sea-pacific-761bec88-same-frontier-dedup-reverify-20260707/R7_761BEC88_SAME_FRONTIER_DEDUP_REVERIFY_20260707/SHA256SUMS.txt","r7_uploader_transfer_context","true","false","B3 package visibility context only; not new source evidence"
"6034-PATH-0467","uploader-transfer/r7-malay-sea-pacific-761bec88-same-frontier-dedup-reverify-20260707/R7_761BEC88_SAME_FRONTIER_DEDUP_REVERIFY_20260707/SUMMARY.json","r7_uploader_transfer_context","true","false","B3 package visibility context only; not new source evidence"
"6034-PATH-0468","uploader-transfer/r9-africa-horn-west-761bec88-arabic-inbound-wake-recovery-20260707/R9_761BEC88_ARABIC_INBOUND_WAKE_RECOVERY_20260707/ACTIVE_SESSION_STATE.json","r9_route_context","false","false","route/context only for R7"
"6034-PATH-0469","uploader-transfer/r9-africa-horn-west-761bec88-arabic-inbound-wake-recovery-20260707/R9_761BEC88_ARABIC_INBOUND_WAKE_RECOVERY_20260707/B3_UPLOADER_READY_SUMMARY_20260707.csv","r9_route_context","false","false","route/context only for R7"
"6034-PATH-0470","uploader-transfer/r9-africa-horn-west-761bec88-arabic-inbound-wake-recovery-20260707/R9_761BEC88_ARABIC_INBOUND_WAKE_RECOVERY_20260707/HEARTBEAT_EXCERPT.md","r9_route_context","false","false","route/context only for R7"
"6034-PATH-0471","uploader-transfer/r9-africa-horn-west-761bec88-arabic-inbound-wake-recovery-20260707/R9_761BEC88_ARABIC_INBOUND_WAKE_RECOVERY_20260707/LOGBOOK_EXCERPT.md","r9_route_context","false","false","route/context only for R7"
"6034-PATH-0472","uploader-transfer/r9-africa-horn-west-761bec88-arabic-inbound-wake-recovery-20260707/R9_761BEC88_ARABIC_INBOUND_WAKE_RECOVERY_20260707/MANIFEST.csv","r9_route_context","false","false","route/context only for R7"
"6034-PATH-0473","uploader-transfer/r9-africa-horn-west-761bec88-arabic-inbound-wake-recovery-20260707/R9_761BEC88_ARABIC_INBOUND_WAKE_RECOVERY_20260707/PACKAGE_VALIDATION_20260707.csv","r9_route_context","false","false","route/context only for R7"
"6034-PATH-0474","uploader-transfer/r9-africa-horn-west-761bec88-arabic-inbound-wake-recovery-20260707/R9_761BEC88_ARABIC_INBOUND_WAKE_RECOVERY_20260707/R9_761BEC88_ARABIC_INBOUND_BRANCH_VERIFICATION_ROWS_20260707.csv","r9_route_context","false","false","route/context only for R7"
"6034-PATH-0475","uploader-transfer/r9-africa-horn-west-761bec88-arabic-inbound-wake-recovery-20260707/R9_761BEC88_ARABIC_INBOUND_WAKE_RECOVERY_20260707/R9_761BEC88_ARABIC_INBOUND_EXACT_BLOCKER_RECOVERY_ROWS_20260707.csv","r9_route_context","false","false","route/context only for R7"
"6034-PATH-0476","uploader-transfer/r9-africa-horn-west-761bec88-arabic-inbound-wake-recovery-20260707/R9_761BEC88_ARABIC_INBOUND_WAKE_RECOVERY_20260707/R9_761BEC88_ARABIC_INBOUND_FABLE_SOURCE_USE_ADVERSE_REFRESH_ROWS_20260707.csv","r9_route_context","false","false","route/context only for R7"
"6034-PATH-0477","uploader-transfer/r9-africa-horn-west-761bec88-arabic-inbound-wake-recovery-20260707/R9_761BEC88_ARABIC_INBOUND_WAKE_RECOVERY_20260707/R9_761BEC88_ARABIC_INBOUND_WAKE_ROWS_20260707.csv","r9_route_context","false","false","route/context only for R7"
"6034-PATH-0478","uploader-transfer/r9-africa-horn-west-761bec88-arabic-inbound-wake-recovery-20260707/R9_761BEC88_ARABIC_INBOUND_WAKE_RECOVERY_20260707/README.md","r9_route_context","false","false","route/context only for R7"
"6034-PATH-0479","uploader-transfer/r9-africa-horn-west-761bec88-arabic-inbound-wake-recovery-20260707/R9_761BEC88_ARABIC_INBOUND_WAKE_RECOVERY_20260707/SHA256SUMS.txt","r9_route_context","false","false","route/context only for R7"
