path,bytes,sha256
01_new_work_this_batch/volume_1_sections138_147/english/pdf/weber_vol1_sections138_147_english_translation.pdf,207698,c0a6917ff01585e8df54306e8c4d6e4d8d3ac8359eed48de37b6424fb6a67d0c
01_new_work_this_batch/volume_1_sections138_147/english/tex/weber_vol1_sections138_147_english_translation.tex,35073,ce8e1478b253d56dce6c5246d3d9fd9d3ee8a77d5589b627650a4cc330385b57
01_new_work_this_batch/volume_1_sections138_147/german/pdf/weber_vol1_sections138_147_german_source.pdf,224684,bd1b5989c4c688248bde1f5eb777451e45c244fafafac0e01e92f5ab88c77c3b
01_new_work_this_batch/volume_1_sections138_147/german/tex/weber_vol1_sections138_147_german_source.tex,49621,0282d3522daa245a1823741561acaf79af51c2872b6e50f6a35ab65badbae6fb
02_cumulative_work/volume_1_through_section147/english/pdf/weber_volume1_cumulative_through_section147_english_translation.pdf,1444205,a03e96aca5d1f578e6409402ff637398d837718415985b7c05e00217549e50ed
02_cumulative_work/volume_1_through_section147/english/tex/weber_volume1_cumulative_through_section147_english_translation.tex,767377,3d104ed5ce71bef87076f23cf9f55f4e193a80a9fecd05e5dc1f9e83939640c9
02_cumulative_work/volume_1_through_section147/german/pdf/weber_volume1_cumulative_through_section147_german_source.pdf,1543248,51745e6ee79868d8a2a95237e1df18543cdb413d1fb7e0781b4be6eb72046a77
02_cumulative_work/volume_1_through_section147/german/tex/weber_volume1_cumulative_through_section147_german_source.tex,850533,aed7a173697e690b17b38563ea04152620f4552bd6774347df2b37e3972a105f
02_cumulative_work/volume_2/english/pdf/weber_volume2_current_repaired_cumulative_english_translation.pdf,798585,d0334925457687ce0c59b359bf1d7af13000bb90daa54643cbc78690533f7b72
02_cumulative_work/volume_2/english/tex/weber_volume2_current_repaired_cumulative_english_translation.tex,300847,d7f900f3735476d1bb8551a114938bfa5e2cbbcd87b91686fbdc932ff3088573
02_cumulative_work/volume_2/german/pdf/weber_volume2_current_repaired_cumulative_german_source.pdf,814841,9a3475b69717c3594ac14ae77cd658e598c757042b2a9a5bbfa71ffab5e6dfa8
02_cumulative_work/volume_2/german/tex/weber_volume2_current_repaired_cumulative_german_source.tex,315174,bacb2d2b5dc838c9bcc2e910fd20229308256670de292ade658ac4fe432357bd
02_cumulative_work/volume_3/english/pdf/weber_volume3_current_repaired_cumulative_english_translation.pdf,1338963,a7beedaaca28b820dd7e885530f0c5ae4425f402f5e42372e7d0a72c8677b72d
02_cumulative_work/volume_3/english/tex/weber_volume3_current_repaired_cumulative_english_translation.tex,682302,e979be4dc09a9eda48b578ed65b0f0f577c90a63024f39072a12ae9072e58194
02_cumulative_work/volume_3/german/pdf/weber_volume3_current_repaired_cumulative_german_source.pdf,1369274,818233120895ac6261b250b3ef877c09296c8bd00f90269dfa6b73676f0db0e7
02_cumulative_work/volume_3/german/tex/weber_volume3_current_repaired_cumulative_german_source.tex,702729,4fb614b3332508ed4dee7279c1cb3d5544482ebb2bb188944d15cf809ff4d669
03_source_scans/current_batch_volume_1_sections138_147/png_page_renders/page-439_source_p439.png,822077,c221807433f70823a2a97a4077c958ec6bc87a3f08ae8987382d5c65e4ced963
03_source_scans/current_batch_volume_1_sections138_147/png_page_renders/page-440_source_p440.png,851908,ddc54dfcde28998f78d57f1c0ba25e2afe2970467833b39a39c07dadb982357c
03_source_scans/current_batch_volume_1_sections138_147/png_page_renders/page-441_source_p441.png,775034,5b628fccf80cb6d41aa4c879db230a6f3de47916acb48c7d460fd5f5289b21ee
03_source_scans/current_batch_volume_1_sections138_147/png_page_renders/page-442_source_p442.png,731732,09d2763caf9cb1135f6e8274cc53c37ac669ab6a40fc5c2caef5f81d0b815bf9
03_source_scans/current_batch_volume_1_sections138_147/png_page_renders/page-443_source_p443.png,806657,7ba873353df708f0d1ea84f445421a51b927349f2910f661494673ce495dda37
03_source_scans/current_batch_volume_1_sections138_147/png_page_renders/page-444_source_p444.png,833050,0e2414825903059de57a957259ccf6a1807e5eb27d6a3751ed45f41dda0be1be
03_source_scans/current_batch_volume_1_sections138_147/png_page_renders/page-445_source_p445.png,624301,2c88071ff8a5c2c9c7d4cb11fec489a3e94a8b20d83723e5ffadfdd9d1003408
03_source_scans/current_batch_volume_1_sections138_147/png_page_renders/page-446_source_p446.png,469426,ae62307545a9acb67d14f005fed2dc526eccebbb4e11d4a25edea83bf57abbca
03_source_scans/current_batch_volume_1_sections138_147/png_page_renders/page-447_source_p447.png,334131,08093b0580ce5ee7efdd72ddcc9ec323e59bef7b69383baaaf81b05fb574cc04
03_source_scans/current_batch_volume_1_sections138_147/png_page_renders/page-448_source_p448.png,251444,140e9473993de5e25b849ad6a55a05eabdf18010a7e73834f014036855112c99
03_source_scans/current_batch_volume_1_sections138_147/png_page_renders/page-449_source_p449.png,929752,860f13f92a23e0002949a2e86da0adf7366d35b882b08e7392f8ce74218d5514
03_source_scans/current_batch_volume_1_sections138_147/png_page_renders/page-450_source_p450.png,1047806,a6f62b22496d06daddba7503c1cfc59d5d323d777fbf3fdf0e0dff94d4dbd731
03_source_scans/current_batch_volume_1_sections138_147/png_page_renders/page-451_source_p451.png,987951,c6e2df3683ccf97b58386b22b8f74491a1e747f34812bbdc6605b88e48e8ad61
03_source_scans/current_batch_volume_1_sections138_147/png_page_renders/page-452_source_p452.png,1049867,35da491bacaa97cb6fcde5baa16af11c21b67c76f1b1da504595de79dd81336d
03_source_scans/current_batch_volume_1_sections138_147/png_page_renders/page-453_source_p453.png,1087815,a1fd7171fef18b333334ae74bbc856414b487a9ffe1636a33392715e1434aedc
03_source_scans/current_batch_volume_1_sections138_147/png_page_renders/page-454_source_p454.png,1060554,1baa2323299303868d908eb37a11fb09534b293a01c32897768207b613869efa
03_source_scans/current_batch_volume_1_sections138_147/png_page_renders/page-455_source_p455.png,1002198,d4a74cd49cc89f8a5017748975da2545f3d5e48bdedbfd9b6aa576c51f88529f
03_source_scans/current_batch_volume_1_sections138_147/png_page_renders/page-456_source_p456.png,956377,7f32649097f7563d9938644bc740fdd35ee4e6cbc55c61f79d049e4c7d038b6f
03_source_scans/current_batch_volume_1_sections138_147/png_page_renders/page-457_source_p457.png,905615,5f576c3b367f5a8d53e6e88d5ce8788563c24bde44fb0087d056faf38a6797f7
03_source_scans/current_batch_volume_1_sections138_147/png_page_renders/page-458_source_p458.png,1022317,7f9cacf6edfa1ce2ee1e50c50c055a56e7b9d71d2ad9cb5e5a07b681671dfb14
03_source_scans/current_batch_volume_1_sections138_147/png_page_renders/page-459_source_p459.png,980721,38593065f55e1393c6b765bd6ab7c610e38c47e45e5c59b8335d0cddf8b63521
03_source_scans/current_batch_volume_1_sections138_147/png_page_renders/page-460_source_p460.png,911438,11cde7b29d5d812afd898e56d7b252d42d2a83361a54be414564eb4b0d861dd7
03_source_scans/current_batch_volume_1_sections138_147/png_page_renders/page-461_source_p461.png,969238,f95859a4afd0b9c9a605beda14d70dfb4faa9ce670a7956bb0c9d26b136da308
03_source_scans/current_batch_volume_1_sections138_147/png_page_renders/page-462_source_p462.png,992483,972f8aa94529ac6d9314cbfa1769609984342bae4a1775707e607e8c000117c8
03_source_scans/current_batch_volume_1_sections138_147/png_page_renders/page-463_source_p463.png,987418,ba47e07cd6425207de0f886d4b15a48e85b9f5b42e8e2850dcff03093f599122
03_source_scans/current_batch_volume_1_sections138_147/png_page_renders/page-464_source_p464.png,984118,f03f35030e83f10fba262ca1ff865388fde0fbde2439b85604b94808293b63da
03_source_scans/current_batch_volume_1_sections138_147/png_page_renders/page-465_source_p465.png,982197,d7d02789929f3821d38f020856ed171e5a30a14f3f713d16889a2331308578f4
03_source_scans/current_batch_volume_1_sections138_147/png_page_renders/page-466_source_p466.png,1033035,a45e433de5188278f0d92bc1d60deb6b8457d3efaa4de2c2c0de5d304fa55c1b
03_source_scans/current_batch_volume_1_sections138_147/png_page_renders/page-467_source_p467.png,979834,773a43be2f381b61ae3c396b14240128392e15077be7a857480d812350368a64
03_source_scans/current_batch_volume_1_sections138_147/png_page_renders/page-468_source_p468.png,871525,6139bfa20d6315f800cb42e1c228b2e6d12947c5eb51fad4c46fe7b59fd34679
03_source_scans/current_batch_volume_1_sections138_147/png_page_renders/page-469_source_p469.png,960863,1e0aa46b0f129820c1e8f4ac26ea0cdc36dc3d64a4c5ac7ed8b5384c855857e6
03_source_scans/current_batch_volume_1_sections138_147/png_page_renders/page-470_source_p470.png,1032388,516a035fd9cb2b5d195e89d223d63958273c3ded353f6e2fd773d7832c5a9493
03_source_scans/current_batch_volume_1_sections138_147/png_page_renders/page-471_source_p471.png,975711,7352e1ec320535b0070a579109bb1e3f8bbbee43a0fdb9a5712bd4b5ea12f880
03_source_scans/current_batch_volume_1_sections138_147/source_contact_sheet_pp439_471.png,5739511,a9c644825f7493578e191cdfb21e5d879f4915184b88bea75c61e5171522b769
03_source_scans/current_batch_volume_1_sections138_147/source_scan_vol1_sections138_147_pp439_471.pdf,2458389,3d42003045174b6c2c8bf3220d8f796929a363ab918747fabf0298cb046f56ac
03_source_scans/current_batch_volume_1_sections138_147/source_text_ocr_pp439_471_raw_for_checking.txt,84491,dc7f7a89c3b62a8b3dda44722eb854288d9eda14f15d9c83a438adca3928f4d6
03_source_scans/reincluded_prior_release_scans_from_batch51/current_batch_volume_1_sections131_137/figure_and_table_detail_renders/source_p421_fig28_detail_crop.png,193320,d08d8af86fb5f6bb84fecb5b8fc75916dd0354b699da43c1155a9d592b3a7156
03_source_scans/reincluded_prior_release_scans_from_batch51/current_batch_volume_1_sections131_137/figure_and_table_detail_renders/source_p421_fig28_source_page.png,386469,4ddb383d1e8c24ac25c546a56d7e7c10aa11b9deb766a5bdaa70109bda9194fe
03_source_scans/reincluded_prior_release_scans_from_batch51/current_batch_volume_1_sections131_137/figure_and_table_detail_renders/source_p432_index_tables_detail_crop.png,235024,ad918191b28f615691cd5624ad80b4842c5846f083c6f8f33f1c343735574cdb
03_source_scans/reincluded_prior_release_scans_from_batch51/current_batch_volume_1_sections131_137/figure_and_table_detail_renders/source_p432_index_tables_source_page.png,295889,21e35239b7932994e75c113d15730a7506f45a099302f5d2d564d2bc89e51d70
03_source_scans/reincluded_prior_release_scans_from_batch51/current_batch_volume_1_sections131_137/png_page_renders/page-001_source_p408.png,321360,c4c028f70f9060bdeeec877f525dc1710e9cd730edc66a332af2f2fe614762a6
03_source_scans/reincluded_prior_release_scans_from_batch51/current_batch_volume_1_sections131_137/png_page_renders/page-002_source_p409.png,375367,ce78863742ddb4e3b1c702a4baea94829d105534ee4c9fc602c62e6afdfde05e
03_source_scans/reincluded_prior_release_scans_from_batch51/current_batch_volume_1_sections131_137/png_page_renders/page-003_source_p410.png,383939,1dce26cbb827a75bc384600a290cfae40891abfd0800dc787e96cf9ac74afa09
03_source_scans/reincluded_prior_release_scans_from_batch51/current_batch_volume_1_sections131_137/png_page_renders/page-004_source_p411.png,381545,93c08fb61f41a9ff59308d768abd4e218d2b58bb4f996fde3f11bbe79b8a89e6
03_source_scans/reincluded_prior_release_scans_from_batch51/current_batch_volume_1_sections131_137/png_page_renders/page-005_source_p412.png,415405,042a9c33cf4aabded74fa7b3c30928e6ccdf40d855902e453fd8def01098446c
03_source_scans/reincluded_prior_release_scans_from_batch51/current_batch_volume_1_sections131_137/png_page_renders/page-006_source_p413.png,409054,791bdf97d425d07ea94890cc734fc580e0cb7c91ca8aa19f1c7253e299797f44
03_source_scans/reincluded_prior_release_scans_from_batch51/current_batch_volume_1_sections131_137/png_page_renders/page-007_source_p414.png,388815,f8d95295af44d596a6d039ae9123d090f5fa46cd792cbafe89f0910bdffa5b74
03_source_scans/reincluded_prior_release_scans_from_batch51/current_batch_volume_1_sections131_137/png_page_renders/page-008_source_p415.png,371426,2fdf9b1a304ab6048703a2c66bfb595f6586bd579560c57545ad6da1a476f8c1
03_source_scans/reincluded_prior_release_scans_from_batch51/current_batch_volume_1_sections131_137/png_page_renders/page-009_source_p416.png,378116,cc1e9878f0503d09597f593b8e24034bbd49fdeafc65ffc7a800a5c5a804dc55
03_source_scans/reincluded_prior_release_scans_from_batch51/current_batch_volume_1_sections131_137/png_page_renders/page-010_source_p417.png,369425,e66f9c7125f8e5acb005696773e2ef871e1f172618b2084fc80e96f194e45e72
03_source_scans/reincluded_prior_release_scans_from_batch51/current_batch_volume_1_sections131_137/png_page_renders/page-011_source_p418.png,390070,74abdc7ca2371a0b9411b121beb62f41b9877be9bfb5051525de401deb66d82a
03_source_scans/reincluded_prior_release_scans_from_batch51/current_batch_volume_1_sections131_137/png_page_renders/page-012_source_p419.png,418481,8a500a0f956be8fb6b3c3bbad19a2b832409add3c46ba11bbcc99d0aadfb4828
03_source_scans/reincluded_prior_release_scans_from_batch51/current_batch_volume_1_sections131_137/png_page_renders/page-013_source_p420.png,415991,e20a641c15bad46468b3bf25aa29165d74f982be51c2faff6166adba1b69129d
03_source_scans/reincluded_prior_release_scans_from_batch51/current_batch_volume_1_sections131_137/png_page_renders/page-014_source_p421.png,386469,4ddb383d1e8c24ac25c546a56d7e7c10aa11b9deb766a5bdaa70109bda9194fe
03_source_scans/reincluded_prior_release_scans_from_batch51/current_batch_volume_1_sections131_137/png_page_renders/page-015_source_p422.png,337882,8a88ba46d88fbf459998cf6ca674b1f0e8ad4d5fa18ff0431d899fb996405bd0
03_source_scans/reincluded_prior_release_scans_from_batch51/current_batch_volume_1_sections131_137/png_page_renders/page-016_source_p423.png,346716,f691dfaeca687456467c9254764b528e0fb6ff0ba3d9e426cf18f8c728d0f5fc
03_source_scans/reincluded_prior_release_scans_from_batch51/current_batch_volume_1_sections131_137/png_page_renders/page-017_source_p424.png,347754,1e13788a9b4c486a99ea825c87300f0b113bdf1eebfed37d3aaed99c1fecc0b7
03_source_scans/reincluded_prior_release_scans_from_batch51/current_batch_volume_1_sections131_137/png_page_renders/page-018_source_p425.png,402441,01e78b823493be050e0601b8ba1c4af4246fe4d86663de9a6a6ff15899efa4ee
03_source_scans/reincluded_prior_release_scans_from_batch51/current_batch_volume_1_sections131_137/png_page_renders/page-019_source_p426.png,424489,6aa104882539b17a738492398c0a1f3038f4c7f3b0d749bd9778d493c07fb7ad
03_source_scans/reincluded_prior_release_scans_from_batch51/current_batch_volume_1_sections131_137/png_page_renders/page-020_source_p427.png,416887,83a63fb1f128e5ac7032993e63a6125947ee25a9da0766a2eff9ea2cae29f67f
03_source_scans/reincluded_prior_release_scans_from_batch51/current_batch_volume_1_sections131_137/png_page_renders/page-021_source_p428.png,336337,d0f144a4796245a3b423857d001c3531b4228aab442ab86739f0228bc628a0e6
03_source_scans/reincluded_prior_release_scans_from_batch51/current_batch_volume_1_sections131_137/png_page_renders/page-022_source_p429.png,322447,71e4bbc737b9b334e97c80dc7b5f7d2c5fc45fc87db2747c525d140d4064ab15
03_source_scans/reincluded_prior_release_scans_from_batch51/current_batch_volume_1_sections131_137/png_page_renders/page-023_source_p430.png,330294,13a81390a8523ba274a36627dd247e2d7263d6b6433013f9570ee6d4accd2aee
03_source_scans/reincluded_prior_release_scans_from_batch51/current_batch_volume_1_sections131_137/png_page_renders/page-024_source_p431.png,320244,1b0b4e3841ddf57e7ddbc86657ceb68e74d8c9968c2a92691e3129f271f3bb9a
03_source_scans/reincluded_prior_release_scans_from_batch51/current_batch_volume_1_sections131_137/png_page_renders/page-025_source_p432.png,295889,21e35239b7932994e75c113d15730a7506f45a099302f5d2d564d2bc89e51d70
03_source_scans/reincluded_prior_release_scans_from_batch51/current_batch_volume_1_sections131_137/png_page_renders/page-026_source_p433.png,296722,f492d4e2aaa5cd897360e9effca2f413c073a3df74085a29d56d369b06467693
03_source_scans/reincluded_prior_release_scans_from_batch51/current_batch_volume_1_sections131_137/png_page_renders/page-027_source_p434.png,285448,150b1b7fcbc12d77c76d683f1cfd985a2d2d83107312c4fe37a9fe06db567b3a
03_source_scans/reincluded_prior_release_scans_from_batch51/current_batch_volume_1_sections131_137/png_page_renders/page-028_source_p435.png,300628,41ec763efcf7ff6cca15c719d5685e25ca153ae6b8cb04d3452c8773b7dd1527
03_source_scans/reincluded_prior_release_scans_from_batch51/current_batch_volume_1_sections131_137/png_page_renders/page-029_source_p436.png,301670,91d74d969f2f83b6f1b405a9af2adfaaaa91f99ffbe790ef0e7661359d3c2e9d
03_source_scans/reincluded_prior_release_scans_from_batch51/current_batch_volume_1_sections131_137/png_page_renders/page-030_source_p437.png,292731,4e5d3037090a90bd8fb610379866dc1c34a76d40c6fda5ba91765bee03213952
03_source_scans/reincluded_prior_release_scans_from_batch51/current_batch_volume_1_sections131_137/png_page_renders/page-031_source_p438.png,279411,407dfbd1e574a65109ea3bc27428cc636ac433774313b3951db9b494024816f9
03_source_scans/reincluded_prior_release_scans_from_batch51/current_batch_volume_1_sections131_137/source_contact_sheet_pp408_438.png,3290771,0ae1a77d686c65d50f0854b8704e4045b1b2a5312493484aaaa79b6d9a857495
03_source_scans/reincluded_prior_release_scans_from_batch51/current_batch_volume_1_sections131_137/source_scan_vol1_sections131_137_pp408_438.pdf,2362324,0e8a71e1fa6ed9ab0317945d95a31ecdf9cce740ccae4a5eca87f1d558f552db
03_source_scans/reincluded_prior_release_scans_from_batch51/current_batch_volume_1_sections131_137/source_text_ocr_pp408_438_raw_for_checking.txt,85193,51d1a1a6f1414302dd141a503d4a15845f5055bd7018048ea0e06a9a2c60a11d
03_source_scans/reincluded_prior_release_scans_from_batch51/reincluded_prior_release_scans_from_batch50/current_batch_volume_1_sections124_130/figure_detail_renders/page-384_fig27_source.png,794767,2559986e942848bfe4e3c52f9c60896e19353760ebf5c1a79978d9417e30742f
03_source_scans/reincluded_prior_release_scans_from_batch51/reincluded_prior_release_scans_from_batch50/current_batch_volume_1_sections124_130/png_page_renders/page-383_source_p383.png,732694,8554e2898db80f5cbd71a1be0deb252424cfd0b647113585d8c76a8803dae904
03_source_scans/reincluded_prior_release_scans_from_batch51/reincluded_prior_release_scans_from_batch50/current_batch_volume_1_sections124_130/png_page_renders/page-384_source_p384.png,794767,2559986e942848bfe4e3c52f9c60896e19353760ebf5c1a79978d9417e30742f
03_source_scans/reincluded_prior_release_scans_from_batch51/reincluded_prior_release_scans_from_batch50/current_batch_volume_1_sections124_130/png_page_renders/page-385_source_p385.png,823020,ff1c7ed185b53f0fd860a23f029e34f46eae65a9937ba6769d656052823a00b8
03_source_scans/reincluded_prior_release_scans_from_batch51/reincluded_prior_release_scans_from_batch50/current_batch_volume_1_sections124_130/png_page_renders/page-386_source_p386.png,766042,41d0164b54ecbaaf9dcadce81e562f74001997368cf01f23bddccb85bc6918e9
03_source_scans/reincluded_prior_release_scans_from_batch51/reincluded_prior_release_scans_from_batch50/current_batch_volume_1_sections124_130/png_page_renders/page-387_source_p387.png,886576,42323349f57c2c20309bceed1b0124ded0f7ddc8780256ea11130bc03b11fc77
03_source_scans/reincluded_prior_release_scans_from_batch51/reincluded_prior_release_scans_from_batch50/current_batch_volume_1_sections124_130/png_page_renders/page-388_source_p388.png,927224,43bb164e9c9500da21ed7a6eea136e372090dc544560f622f28a20f12cde3ddc
03_source_scans/reincluded_prior_release_scans_from_batch51/reincluded_prior_release_scans_from_batch50/current_batch_volume_1_sections124_130/png_page_renders/page-389_source_p389.png,882773,c7ae29fee98aa2fbee9308fc9d2ded2fc19299fdc0e2d5bb2d37415fcf8159dd
03_source_scans/reincluded_prior_release_scans_from_batch51/reincluded_prior_release_scans_from_batch50/current_batch_volume_1_sections124_130/png_page_renders/page-390_source_p390.png,868772,4d4a4b171ee9dc3300da030f08dae8d0a8162071aad805ba94855f62934691ad
03_source_scans/reincluded_prior_release_scans_from_batch51/reincluded_prior_release_scans_from_batch50/current_batch_volume_1_sections124_130/png_page_renders/page-391_source_p391.png,878228,4a727797e4e6c89a3e6b66e14a11170453edc684c2e0d017dc60d25bf77b4fb8
03_source_scans/reincluded_prior_release_scans_from_batch51/reincluded_prior_release_scans_from_batch50/current_batch_volume_1_sections124_130/png_page_renders/page-392_source_p392.png,761817,c69e73d03ba6da15dd930d03963aafbdc0d0dab8aed530a5e9eef7d3674d9b72
03_source_scans/reincluded_prior_release_scans_from_batch51/reincluded_prior_release_scans_from_batch50/current_batch_volume_1_sections124_130/png_page_renders/page-393_source_p393.png,762582,87a63e11bd74dc622dccf67e3e831fa0e56d8284a81ced445f2cb320d51deb03
03_source_scans/reincluded_prior_release_scans_from_batch51/reincluded_prior_release_scans_from_batch50/current_batch_volume_1_sections124_130/png_page_renders/page-394_source_p394.png,690763,2a4c3585ed2e713352e6f3f69647862fc2de716d9d8faca4cc451e903c373dca
03_source_scans/reincluded_prior_release_scans_from_batch51/reincluded_prior_release_scans_from_batch50/current_batch_volume_1_sections124_130/png_page_renders/page-395_source_p395.png,827330,1d0ae1c2eb5e878a2533ef8c4f5fc38ac2d74ac57020d6e849a831dc70f92f67
03_source_scans/reincluded_prior_release_scans_from_batch51/reincluded_prior_release_scans_from_batch50/current_batch_volume_1_sections124_130/png_page_renders/page-396_source_p396.png,895199,494a02dd455a25428d3bd84580179fe0d6fbf218702f977271d6b3e799b01f7c
03_source_scans/reincluded_prior_release_scans_from_batch51/reincluded_prior_release_scans_from_batch50/current_batch_volume_1_sections124_130/png_page_renders/page-397_source_p397.png,911562,7614d893414f336196e86db90157ea2796f9772c969083a5a419e4170d3a71e5
03_source_scans/reincluded_prior_release_scans_from_batch51/reincluded_prior_release_scans_from_batch50/current_batch_volume_1_sections124_130/png_page_renders/page-398_source_p398.png,944514,d00a840bc53e03d3453f6d79cd3b6c01897593f4a74c304591d19e77035e1d21
03_source_scans/reincluded_prior_release_scans_from_batch51/reincluded_prior_release_scans_from_batch50/current_batch_volume_1_sections124_130/png_page_renders/page-399_source_p399.png,858473,bcd269aa73c28edbafb3e218b24de9e4c46335a32afbf45998e71f5b3e2f39a7
03_source_scans/reincluded_prior_release_scans_from_batch51/reincluded_prior_release_scans_from_batch50/current_batch_volume_1_sections124_130/png_page_renders/page-400_source_p400.png,932006,2ae0ef04dcfddd281a091bae3776061dba6d24db072855914147ac0c93583bba
03_source_scans/reincluded_prior_release_scans_from_batch51/reincluded_prior_release_scans_from_batch50/current_batch_volume_1_sections124_130/png_page_renders/page-401_source_p401.png,932002,c8db5c5f39631d8f5cc344a2dca8749d7e0186421aea4e68d0c53d1c345793b8
03_source_scans/reincluded_prior_release_scans_from_batch51/reincluded_prior_release_scans_from_batch50/current_batch_volume_1_sections124_130/png_page_renders/page-402_source_p402.png,846305,55db3d8ad3dddf6dba9cd09f23fec1b0eafd5ecb1113cf3f2a088f9b7cd2f516
03_source_scans/reincluded_prior_release_scans_from_batch51/reincluded_prior_release_scans_from_batch50/current_batch_volume_1_sections124_130/png_page_renders/page-403_source_p403.png,910629,bb7901fc02a999e210c37544eed0e2ac54d9e6bd56a11d5fe614d457db05455f
03_source_scans/reincluded_prior_release_scans_from_batch51/reincluded_prior_release_scans_from_batch50/current_batch_volume_1_sections124_130/png_page_renders/page-404_source_p404.png,888390,86f3d1ba9550f84a5ec2a5436eea6995275ac5d498905d466612025ff24e12c1
03_source_scans/reincluded_prior_release_scans_from_batch51/reincluded_prior_release_scans_from_batch50/current_batch_volume_1_sections124_130/png_page_renders/page-405_source_p405.png,971259,ce0b847904c32600428e6f870eb42840841c2725c09ec76bf6194ab4d25bcfa8
03_source_scans/reincluded_prior_release_scans_from_batch51/reincluded_prior_release_scans_from_batch50/current_batch_volume_1_sections124_130/png_page_renders/page-406_source_p406.png,854140,94a724cbe9d02cf7637a135e8b8df65590e093603dabf18b111caf1095353c0e
03_source_scans/reincluded_prior_release_scans_from_batch51/reincluded_prior_release_scans_from_batch50/current_batch_volume_1_sections124_130/png_page_renders/page-407_source_p407.png,637829,ab5c35cecacf1e66663802f0d95849753d9c032baaeecbf41fe5d41848816456
03_source_scans/reincluded_prior_release_scans_from_batch51/reincluded_prior_release_scans_from_batch50/current_batch_volume_1_sections124_130/source_contact_sheet_pp383_407.png,2405886,89038a6e4772f6005006d874aeb831a1ee23f4644800471aa9731e43cd3609fd
03_source_scans/reincluded_prior_release_scans_from_batch51/reincluded_prior_release_scans_from_batch50/current_batch_volume_1_sections124_130/source_scan_vol1_sections124_130_pp383_407.pdf,1844600,56299146d65770aec1b7ee09ce5157fb678734c6496382c2c9f7dd9b11746a01
03_source_scans/reincluded_prior_release_scans_from_batch51/reincluded_prior_release_scans_from_batch50/current_batch_volume_1_sections124_130/source_text_ocr_pp383_407_raw_for_checking.txt,70015,eceea39c36ef58a14ced3470f0efd51a7e3d732e36b5a58065b777ec011ba377
03_source_scans/reincluded_prior_release_scans_from_batch51/reincluded_prior_release_scans_from_batch50/reincluded_prior_release_scans_from_batch49/current_batch_volume_1_sections117_123/figure_and_table_detail_renders/page-19_source_p380_fig26_detail.png,84317,ba909254b5a4b7e70d25d689839803604f89cbb7d944323e6e98bbe1c0a47125
03_source_scans/reincluded_prior_release_scans_from_batch51/reincluded_prior_release_scans_from_batch50/reincluded_prior_release_scans_from_batch49/current_batch_volume_1_sections117_123/figure_and_table_detail_renders/page-19_source_p380_fig26_source_page.png,641148,a389e52605bfa16f2bc15370284c581ee8383e041cf1d6aa84f427288033f0dc
03_source_scans/reincluded_prior_release_scans_from_batch51/reincluded_prior_release_scans_from_batch50/reincluded_prior_release_scans_from_batch49/current_batch_volume_1_sections117_123/png_page_renders/page-01_source_p362.png,519860,94a77585d23ebcd5361c285d4801cd697f23cb672a5c7bc32175f838849ff825
03_source_scans/reincluded_prior_release_scans_from_batch51/reincluded_prior_release_scans_from_batch50/reincluded_prior_release_scans_from_batch49/current_batch_volume_1_sections117_123/png_page_renders/page-02_source_p363.png,597795,6a534e556df040553ec933c3cf8ee176dc8b6c34a42391f5317e6a7970d0b5ae
03_source_scans/reincluded_prior_release_scans_from_batch51/reincluded_prior_release_scans_from_batch50/reincluded_prior_release_scans_from_batch49/current_batch_volume_1_sections117_123/png_page_renders/page-03_source_p364.png,566606,8f13bebf1b12c828e84bf756cc751c953b2bf58964a0da7faaa900853eab8624
03_source_scans/reincluded_prior_release_scans_from_batch51/reincluded_prior_release_scans_from_batch50/reincluded_prior_release_scans_from_batch49/current_batch_volume_1_sections117_123/png_page_renders/page-04_source_p365.png,593213,02a16d927df8498f35c34446fa7ec2742f4ea50da136fd4f583d7b5bd2171ac6
03_source_scans/reincluded_prior_release_scans_from_batch51/reincluded_prior_release_scans_from_batch50/reincluded_prior_release_scans_from_batch49/current_batch_volume_1_sections117_123/png_page_renders/page-05_source_p366.png,596599,2581820cc625a6616ad5424364ecfb30e4edda53cd4febb6ccb5b8a8cd513d60
03_source_scans/reincluded_prior_release_scans_from_batch51/reincluded_prior_release_scans_from_batch50/reincluded_prior_release_scans_from_batch49/current_batch_volume_1_sections117_123/png_page_renders/page-06_source_p367.png,645418,9e45d99b6345da352f284fdc4f6dd4dc3e43b1f6588b30a2f2935e24119ad128
03_source_scans/reincluded_prior_release_scans_from_batch51/reincluded_prior_release_scans_from_batch50/reincluded_prior_release_scans_from_batch49/current_batch_volume_1_sections117_123/png_page_renders/page-07_source_p368.png,629208,3df9a3e62cc6e7e7b786d910d8e7664c2669df9654112630950aad3a1e2af110
03_source_scans/reincluded_prior_release_scans_from_batch51/reincluded_prior_release_scans_from_batch50/reincluded_prior_release_scans_from_batch49/current_batch_volume_1_sections117_123/png_page_renders/page-08_source_p369.png,552490,a6b2e270cfc076d72990fef704a0ea2289e53411e494182c1c4481a36652ee4a
03_source_scans/reincluded_prior_release_scans_from_batch51/reincluded_prior_release_scans_from_batch50/reincluded_prior_release_scans_from_batch49/current_batch_volume_1_sections117_123/png_page_renders/page-09_source_p370.png,582875,aa21dd1d5fef48ed3614b2b5bb29359f5073132f56e747aca70348b053884cce
03_source_scans/reincluded_prior_release_scans_from_batch51/reincluded_prior_release_scans_from_batch50/reincluded_prior_release_scans_from_batch49/current_batch_volume_1_sections117_123/png_page_renders/page-10_source_p371.png,580443,719947ce6b0810d7612a237d9a539f35b57618914364fb517d5e1db04e27895b
03_source_scans/reincluded_prior_release_scans_from_batch51/reincluded_prior_release_scans_from_batch50/reincluded_prior_release_scans_from_batch49/current_batch_volume_1_sections117_123/png_page_renders/page-11_source_p372.png,657134,7d5cda03175ac97753ab16387bd0894e58d948cb8a338098bf862cb062d45bac
03_source_scans/reincluded_prior_release_scans_from_batch51/reincluded_prior_release_scans_from_batch50/reincluded_prior_release_scans_from_batch49/current_batch_volume_1_sections117_123/png_page_renders/page-12_source_p373.png,599267,30e0074397f2df9726f7cc3d471c576fd9e32e514f699bfa24d61b485ccd17a0
03_source_scans/reincluded_prior_release_scans_from_batch51/reincluded_prior_release_scans_from_batch50/reincluded_prior_release_scans_from_batch49/current_batch_volume_1_sections117_123/png_page_renders/page-13_source_p374.png,536450,4e6497243af025b0b3793abf63849627874dc0d753b53a4afbad568be5fb16bc
03_source_scans/reincluded_prior_release_scans_from_batch51/reincluded_prior_release_scans_from_batch50/reincluded_prior_release_scans_from_batch49/current_batch_volume_1_sections117_123/png_page_renders/page-14_source_p375.png,619418,6a57aa6e741b1ce9cf854cec3c056caeb571a58d9245663abdb7cb50c72dc148
03_source_scans/reincluded_prior_release_scans_from_batch51/reincluded_prior_release_scans_from_batch50/reincluded_prior_release_scans_from_batch49/current_batch_volume_1_sections117_123/png_page_renders/page-15_source_p376.png,631569,a578c19dc5323ae26bb19dde462e0172d881cc8f7fe878dc6322d0efe4673106
03_source_scans/reincluded_prior_release_scans_from_batch51/reincluded_prior_release_scans_from_batch50/reincluded_prior_release_scans_from_batch49/current_batch_volume_1_sections117_123/png_page_renders/page-16_source_p377.png,617547,8f04fe643848aff52a12890fa911884724662f7fe84e36aba3d8aa2fa676fb87
03_source_scans/reincluded_prior_release_scans_from_batch51/reincluded_prior_release_scans_from_batch50/reincluded_prior_release_scans_from_batch49/current_batch_volume_1_sections117_123/png_page_renders/page-17_source_p378.png,575894,22f7df2c0c6ca2af263e807443b8e19915e45c6ec051b2e86537c273d0176891
03_source_scans/reincluded_prior_release_scans_from_batch51/reincluded_prior_release_scans_from_batch50/reincluded_prior_release_scans_from_batch49/current_batch_volume_1_sections117_123/png_page_renders/page-18_source_p379.png,593300,e72887db8a4b7099bb14e2fe28fbd7edaa95c19ef82f50aca8f171dc5969147d
03_source_scans/reincluded_prior_release_scans_from_batch51/reincluded_prior_release_scans_from_batch50/reincluded_prior_release_scans_from_batch49/current_batch_volume_1_sections117_123/png_page_renders/page-19_source_p380.png,641148,a389e52605bfa16f2bc15370284c581ee8383e041cf1d6aa84f427288033f0dc
03_source_scans/reincluded_prior_release_scans_from_batch51/reincluded_prior_release_scans_from_batch50/reincluded_prior_release_scans_from_batch49/current_batch_volume_1_sections117_123/png_page_renders/page-20_source_p381.png,584211,519267031b5372e935173cb0522993d04f94da75929443a599175e2c060c657b
03_source_scans/reincluded_prior_release_scans_from_batch51/reincluded_prior_release_scans_from_batch50/reincluded_prior_release_scans_from_batch49/current_batch_volume_1_sections117_123/png_page_renders/page-21_source_p382.png,596226,c21c63d792a280f8236f0eff70f82fb9081eb2140c12208aaa3fada7ec0ff148
03_source_scans/reincluded_prior_release_scans_from_batch51/reincluded_prior_release_scans_from_batch50/reincluded_prior_release_scans_from_batch49/current_batch_volume_1_sections117_123/png_page_renders/page-22_source_p383.png,552497,1c64d8b86ff0092929949591d5c4ff9c8b9e328a4b9615515987e16cd1be0a92
03_source_scans/reincluded_prior_release_scans_from_batch51/reincluded_prior_release_scans_from_batch50/reincluded_prior_release_scans_from_batch49/current_batch_volume_1_sections117_123/source_scan_vol1_sections117_123_pp362_383.pdf,1618894,59399b1b2fe605f9c1aa076799eff5eb79d55d81a761ec2b8ae634480df0bc42
03_source_scans/reincluded_prior_release_scans_from_batch51/reincluded_prior_release_scans_from_batch50/reincluded_prior_release_scans_from_batch49/current_batch_volume_1_sections117_123/source_text_ocr_pp362_383_raw_for_checking.txt,54072,ef4ff784d5762f4218aa48660a21aea4f10b9479b61680e0dd00d064b7a647db
03_source_scans/reincluded_prior_release_scans_from_batch51/reincluded_prior_release_scans_from_batch50/reincluded_prior_release_scans_from_batch49/reincluded_prior_release_scans_from_batch48/current_batch_volume_1_sections108_116/figure_and_table_detail_renders/page-07_source_p337_figs21_24.png,766583,b18e324abab21406d104e1047c9ed7d7c21027f48647dcb2de30d31c19b2ce82
03_source_scans/reincluded_prior_release_scans_from_batch51/reincluded_prior_release_scans_from_batch50/reincluded_prior_release_scans_from_batch49/reincluded_prior_release_scans_from_batch48/current_batch_volume_1_sections108_116/figure_and_table_detail_renders/page-08_source_p338_fig25.png,772549,039f94b69c8e4ea21bf76a317cfd087129f0980f571d5ca3ca81527b6e976548
03_source_scans/reincluded_prior_release_scans_from_batch51/reincluded_prior_release_scans_from_batch50/reincluded_prior_release_scans_from_batch49/reincluded_prior_release_scans_from_batch48/current_batch_volume_1_sections108_116/figure_and_table_detail_renders/page-13_source_p343_bernoulli_determinant.png,783751,db274adcb0958200ee132361aee7e28931a0ee6fd6b9c602b406a30d29a94d76
03_source_scans/reincluded_prior_release_scans_from_batch51/reincluded_prior_release_scans_from_batch50/reincluded_prior_release_scans_from_batch49/reincluded_prior_release_scans_from_batch48/current_batch_volume_1_sections108_116/figure_and_table_detail_renders/page-15_source_p345_graeffe_formulas.png,782256,a52a387dcca03582de3a0c6f7f3ed20fef47da17a97d60f2914a7f7e3065f573
03_source_scans/reincluded_prior_release_scans_from_batch51/reincluded_prior_release_scans_from_batch50/reincluded_prior_release_scans_from_batch49/reincluded_prior_release_scans_from_batch48/current_batch_volume_1_sections108_116/figure_and_table_detail_renders/page-24_source_p354_gauss_table.png,751384,7b4ed846150bfc22ae06bbafe9616d00cc31630baaff2364638bae60f7a02989
03_source_scans/reincluded_prior_release_scans_from_batch51/reincluded_prior_release_scans_from_batch50/reincluded_prior_release_scans_from_batch49/reincluded_prior_release_scans_from_batch48/current_batch_volume_1_sections108_116/figure_and_table_detail_renders/page-25_source_p355_gauss_refined_table.png,768398,352a664b455138f63f42c0de9fa7c3b83775c9e11c3b6be10ef98b7059d5417d
03_source_scans/reincluded_prior_release_scans_from_batch51/reincluded_prior_release_scans_from_batch50/reincluded_prior_release_scans_from_batch49/reincluded_prior_release_scans_from_batch48/current_batch_volume_1_sections108_116/png_page_renders/page-01_source_p331.png,707753,37eb026f35133cecfcc12d8cba5081166e6021f7844f2580607a12c0afbdd4dd
03_source_scans/reincluded_prior_release_scans_from_batch51/reincluded_prior_release_scans_from_batch50/reincluded_prior_release_scans_from_batch49/reincluded_prior_release_scans_from_batch48/current_batch_volume_1_sections108_116/png_page_renders/page-02_source_p332.png,705262,20b54cd04fa526a17772d72ab1876fd143b1cdfa24f321e5e925f398af7f8758
03_source_scans/reincluded_prior_release_scans_from_batch51/reincluded_prior_release_scans_from_batch50/reincluded_prior_release_scans_from_batch49/reincluded_prior_release_scans_from_batch48/current_batch_volume_1_sections108_116/png_page_renders/page-03_source_p333.png,985632,e47d2ae6e7c1a3adc7acc13c873ded4d42f1665551012442588b26f24b4325cb
03_source_scans/reincluded_prior_release_scans_from_batch51/reincluded_prior_release_scans_from_batch50/reincluded_prior_release_scans_from_batch49/reincluded_prior_release_scans_from_batch48/current_batch_volume_1_sections108_116/png_page_renders/page-04_source_p334.png,838899,fd7cb0272f2abb564e2e06ff2a2881e425615b1cf40c4a65b6b7fb96101832d7
03_source_scans/reincluded_prior_release_scans_from_batch51/reincluded_prior_release_scans_from_batch50/reincluded_prior_release_scans_from_batch49/reincluded_prior_release_scans_from_batch48/current_batch_volume_1_sections108_116/png_page_renders/page-05_source_p335.png,836501,8db43578f739d4071f40872a9aac8b7480be2c9bee3bc49a14e1ce8cb7ddfdd1
03_source_scans/reincluded_prior_release_scans_from_batch51/reincluded_prior_release_scans_from_batch50/reincluded_prior_release_scans_from_batch49/reincluded_prior_release_scans_from_batch48/current_batch_volume_1_sections108_116/png_page_renders/page-06_source_p336.png,898447,630e69cdefaa4c2f2e8cac05e31bea5ff88c98c1e282870e4e9462b47aed01ab
03_source_scans/reincluded_prior_release_scans_from_batch51/reincluded_prior_release_scans_from_batch50/reincluded_prior_release_scans_from_batch49/reincluded_prior_release_scans_from_batch48/current_batch_volume_1_sections108_116/png_page_renders/page-07_source_p337.png,766583,b18e324abab21406d104e1047c9ed7d7c21027f48647dcb2de30d31c19b2ce82
03_source_scans/reincluded_prior_release_scans_from_batch51/reincluded_prior_release_scans_from_batch50/reincluded_prior_release_scans_from_batch49/reincluded_prior_release_scans_from_batch48/current_batch_volume_1_sections108_116/png_page_renders/page-08_source_p338.png,772549,039f94b69c8e4ea21bf76a317cfd087129f0980f571d5ca3ca81527b6e976548
03_source_scans/reincluded_prior_release_scans_from_batch51/reincluded_prior_release_scans_from_batch50/reincluded_prior_release_scans_from_batch49/reincluded_prior_release_scans_from_batch48/current_batch_volume_1_sections108_116/png_page_renders/page-09_source_p339.png,763009,5bc92eeeaf8260cb6bc0ce90e86beabf3d122e19e1868d653b0d9c76f65fe87e
03_source_scans/reincluded_prior_release_scans_from_batch51/reincluded_prior_release_scans_from_batch50/reincluded_prior_release_scans_from_batch49/reincluded_prior_release_scans_from_batch48/current_batch_volume_1_sections108_116/png_page_renders/page-10_source_p340.png,829328,9067276bf091200351c4032220e07d72e0f015a3ca3e2ee4eb2b1233f28f6cdb
03_source_scans/reincluded_prior_release_scans_from_batch51/reincluded_prior_release_scans_from_batch50/reincluded_prior_release_scans_from_batch49/reincluded_prior_release_scans_from_batch48/current_batch_volume_1_sections108_116/png_page_renders/page-11_source_p341.png,832634,f7f01662f7b56adf8b8711dd25f06e1ef4587c41a6142c4cb9a45536bb1447ac
03_source_scans/reincluded_prior_release_scans_from_batch51/reincluded_prior_release_scans_from_batch50/reincluded_prior_release_scans_from_batch49/reincluded_prior_release_scans_from_batch48/current_batch_volume_1_sections108_116/png_page_renders/page-12_source_p342.png,889244,9886df0eadf6cfd91e527cc1928d1068844fd8114b95485035ace435e276588c
03_source_scans/reincluded_prior_release_scans_from_batch51/reincluded_prior_release_scans_from_batch50/reincluded_prior_release_scans_from_batch49/reincluded_prior_release_scans_from_batch48/current_batch_volume_1_sections108_116/png_page_renders/page-13_source_p343.png,783751,db274adcb0958200ee132361aee7e28931a0ee6fd6b9c602b406a30d29a94d76
03_source_scans/reincluded_prior_release_scans_from_batch51/reincluded_prior_release_scans_from_batch50/reincluded_prior_release_scans_from_batch49/reincluded_prior_release_scans_from_batch48/current_batch_volume_1_sections108_116/png_page_renders/page-14_source_p344.png,836499,7ec1dd5e10567d7f1aa2b098b67472e0bbfe282a7392364f8f6a63dc6b38aa58
03_source_scans/reincluded_prior_release_scans_from_batch51/reincluded_prior_release_scans_from_batch50/reincluded_prior_release_scans_from_batch49/reincluded_prior_release_scans_from_batch48/current_batch_volume_1_sections108_116/png_page_renders/page-15_source_p345.png,782256,a52a387dcca03582de3a0c6f7f3ed20fef47da17a97d60f2914a7f7e3065f573
03_source_scans/reincluded_prior_release_scans_from_batch51/reincluded_prior_release_scans_from_batch50/reincluded_prior_release_scans_from_batch49/reincluded_prior_release_scans_from_batch48/current_batch_volume_1_sections108_116/png_page_renders/page-16_source_p346.png,890753,06ef7872a7dc0b080e23ad7c0558f6d79120b0152b11a083f604e4beee30dec2
03_source_scans/reincluded_prior_release_scans_from_batch51/reincluded_prior_release_scans_from_batch50/reincluded_prior_release_scans_from_batch49/reincluded_prior_release_scans_from_batch48/current_batch_volume_1_sections108_116/png_page_renders/page-17_source_p347.png,824903,e8ba25e96c68a5d375b41d4ed090d677e87786fe2a2b6bf7da5a6d05e04d1be2
03_source_scans/reincluded_prior_release_scans_from_batch51/reincluded_prior_release_scans_from_batch50/reincluded_prior_release_scans_from_batch49/reincluded_prior_release_scans_from_batch48/current_batch_volume_1_sections108_116/png_page_renders/page-18_source_p348.png,830381,2843968afb44dd811566bc49bcec5aaad162e2229f02076d2da048cef66ca62f
03_source_scans/reincluded_prior_release_scans_from_batch51/reincluded_prior_release_scans_from_batch50/reincluded_prior_release_scans_from_batch49/reincluded_prior_release_scans_from_batch48/current_batch_volume_1_sections108_116/png_page_renders/page-19_source_p349.png,831194,09b3c944d6e8461e7fe67dac562e75537ef5d5dcf75bfe421fa101196f1aed33
03_source_scans/reincluded_prior_release_scans_from_batch51/reincluded_prior_release_scans_from_batch50/reincluded_prior_release_scans_from_batch49/reincluded_prior_release_scans_from_batch48/current_batch_volume_1_sections108_116/png_page_renders/page-20_source_p350.png,683796,57d2467c921ddbfee5a424523cf75f76ea76dfc908d41c1538ef5e198c73a51f
03_source_scans/reincluded_prior_release_scans_from_batch51/reincluded_prior_release_scans_from_batch50/reincluded_prior_release_scans_from_batch49/reincluded_prior_release_scans_from_batch48/current_batch_volume_1_sections108_116/png_page_renders/page-21_source_p351.png,617765,5a9eceadb9e50cdb5580df74eb71b339e6dee8e1284343392aee61b45c6883fe
03_source_scans/reincluded_prior_release_scans_from_batch51/reincluded_prior_release_scans_from_batch50/reincluded_prior_release_scans_from_batch49/reincluded_prior_release_scans_from_batch48/current_batch_volume_1_sections108_116/png_page_renders/page-22_source_p352.png,697907,ae1480af59bafa5f60eaf9436be22331d23cee108d381556756f33f0c70c1c7c
03_source_scans/reincluded_prior_release_scans_from_batch51/reincluded_prior_release_scans_from_batch50/reincluded_prior_release_scans_from_batch49/reincluded_prior_release_scans_from_batch48/current_batch_volume_1_sections108_116/png_page_renders/page-23_source_p353.png,863283,cb9a47d291a36bd8ca3e374b0dccc95ceff8c681356770a566ad1a08b60f0ce6
03_source_scans/reincluded_prior_release_scans_from_batch51/reincluded_prior_release_scans_from_batch50/reincluded_prior_release_scans_from_batch49/reincluded_prior_release_scans_from_batch48/current_batch_volume_1_sections108_116/png_page_renders/page-24_source_p354.png,751384,7b4ed846150bfc22ae06bbafe9616d00cc31630baaff2364638bae60f7a02989
03_source_scans/reincluded_prior_release_scans_from_batch51/reincluded_prior_release_scans_from_batch50/reincluded_prior_release_scans_from_batch49/reincluded_prior_release_scans_from_batch48/current_batch_volume_1_sections108_116/png_page_renders/page-25_source_p355.png,768398,352a664b455138f63f42c0de9fa7c3b83775c9e11c3b6be10ef98b7059d5417d
03_source_scans/reincluded_prior_release_scans_from_batch51/reincluded_prior_release_scans_from_batch50/reincluded_prior_release_scans_from_batch49/reincluded_prior_release_scans_from_batch48/current_batch_volume_1_sections108_116/png_page_renders/page-26_source_p356.png,781922,615fb7dc82688e17d3b183284fe2051cef2a1a86696b81c542235e64663f58b6
03_source_scans/reincluded_prior_release_scans_from_batch51/reincluded_prior_release_scans_from_batch50/reincluded_prior_release_scans_from_batch49/reincluded_prior_release_scans_from_batch48/current_batch_volume_1_sections108_116/png_page_renders/page-27_source_p357.png,574674,bd025ddb4c2eb68d866804d612798c0f0029a151487eaa95967de6aaf102bf98
03_source_scans/reincluded_prior_release_scans_from_batch51/reincluded_prior_release_scans_from_batch50/reincluded_prior_release_scans_from_batch49/reincluded_prior_release_scans_from_batch48/current_batch_volume_1_sections108_116/png_page_renders/page-28_source_p358.png,645366,f08ee74771fa5aa1473017e1bad2900186dfd5cc80a3629fd204d63d49d1c753
03_source_scans/reincluded_prior_release_scans_from_batch51/reincluded_prior_release_scans_from_batch50/reincluded_prior_release_scans_from_batch49/reincluded_prior_release_scans_from_batch48/current_batch_volume_1_sections108_116/png_page_renders/page-29_source_p359.png,791044,b1f88108031463a078936069acad57cb656af74d1653e24478117409a0faf32d
03_source_scans/reincluded_prior_release_scans_from_batch51/reincluded_prior_release_scans_from_batch50/reincluded_prior_release_scans_from_batch49/reincluded_prior_release_scans_from_batch48/current_batch_volume_1_sections108_116/png_page_renders/page-30_source_p360.png,706410,b158fc49c381b59a61f8bded26e0fadc6d961fdf8c0ec83c26d3aac4db0af2f6
03_source_scans/reincluded_prior_release_scans_from_batch51/reincluded_prior_release_scans_from_batch50/reincluded_prior_release_scans_from_batch49/reincluded_prior_release_scans_from_batch48/current_batch_volume_1_sections108_116/png_page_renders/page-31_source_p361.png,675962,81e8d9f6940570d531456e7f6a102e4e03faba95ba71242bedce4300694fd1b7
03_source_scans/reincluded_prior_release_scans_from_batch51/reincluded_prior_release_scans_from_batch50/reincluded_prior_release_scans_from_batch49/reincluded_prior_release_scans_from_batch48/current_batch_volume_1_sections108_116/png_page_renders/page-32_source_p362.png,689116,870a68de1e77b38a0f56fad58ea035df0b22d5fd3ac38e6debe9a76114532ee5
03_source_scans/reincluded_prior_release_scans_from_batch51/reincluded_prior_release_scans_from_batch50/reincluded_prior_release_scans_from_batch49/reincluded_prior_release_scans_from_batch48/current_batch_volume_1_sections108_116/source_contact_sheet_pp331_362.png,6309068,4d2ec02d4aafdbd4f60566af68734d4a51c3608167bd37b5573b392fe0a384d5
03_source_scans/reincluded_prior_release_scans_from_batch51/reincluded_prior_release_scans_from_batch50/reincluded_prior_release_scans_from_batch49/reincluded_prior_release_scans_from_batch48/current_batch_volume_1_sections108_116/source_scan_vol1_sections108_116_pp331_362.pdf,2358555,28571cf59368769a1ab218d6b9ca14c5c6fbf63c9c5bd69fd0bdca737bfb6678
03_source_scans/reincluded_prior_release_scans_from_batch51/reincluded_prior_release_scans_from_batch50/reincluded_prior_release_scans_from_batch49/reincluded_prior_release_scans_from_batch48/reincluded_prior_release_scans_from_batch47/current_batch_volume_1_sections99_107/figure_and_table_detail_renders/page-07_source_p305.png,494982,d20b7368269714dbd7496ffdc23cc3509e2b7026914b0bb8a21235dc84de9d07
03_source_scans/reincluded_prior_release_scans_from_batch51/reincluded_prior_release_scans_from_batch50/reincluded_prior_release_scans_from_batch49/reincluded_prior_release_scans_from_batch48/reincluded_prior_release_scans_from_batch47/current_batch_volume_1_sections99_107/figure_and_table_detail_renders/page-08_source_p306.png,523061,d75cb353dd5366e5df42c798b710cf0f7a976893048685ee899fbf2b4aad2bef
03_source_scans/reincluded_prior_release_scans_from_batch51/reincluded_prior_release_scans_from_batch50/reincluded_prior_release_scans_from_batch49/reincluded_prior_release_scans_from_batch48/reincluded_prior_release_scans_from_batch47/current_batch_volume_1_sections99_107/figure_and_table_detail_renders/page-09_source_p307.png,467480,ee2cb9c1c7953c430b105a0f3bcc3ab5327327871bc2c0bce68d756332cb362e
03_source_scans/reincluded_prior_release_scans_from_batch51/reincluded_prior_release_scans_from_batch50/reincluded_prior_release_scans_from_batch49/reincluded_prior_release_scans_from_batch48/reincluded_prior_release_scans_from_batch47/current_batch_volume_1_sections99_107/figure_and_table_detail_renders/page-10_source_p308.png,512269,c0de3ef9e7ff20cc219572634161a14115c3210f4354c3cddecf01b865d7eeef
03_source_scans/reincluded_prior_release_scans_from_batch51/reincluded_prior_release_scans_from_batch50/reincluded_prior_release_scans_from_batch49/reincluded_prior_release_scans_from_batch48/reincluded_prior_release_scans_from_batch47/current_batch_volume_1_sections99_107/figure_and_table_detail_renders/page-15_source_p313.png,492700,871d9894401664f255f9bbb548bd5776048e84929e8de53e064e0a214d149c79
03_source_scans/reincluded_prior_release_scans_from_batch51/reincluded_prior_release_scans_from_batch50/reincluded_prior_release_scans_from_batch49/reincluded_prior_release_scans_from_batch48/reincluded_prior_release_scans_from_batch47/current_batch_volume_1_sections99_107/figure_and_table_detail_renders/page-16_source_p314.png,375022,89b971d703bd84143cc0613ada399aace4a01660344147e8c9928124e4ab26e4
03_source_scans/reincluded_prior_release_scans_from_batch51/reincluded_prior_release_scans_from_batch50/reincluded_prior_release_scans_from_batch49/reincluded_prior_release_scans_from_batch48/reincluded_prior_release_scans_from_batch47/current_batch_volume_1_sections99_107/figure_and_table_detail_renders/page-17_source_p315.png,483628,ae81cf7281999d7f3cf55c6b6a5ab3b295cbb3f278237c8b9622fd742484ea0e
03_source_scans/reincluded_prior_release_scans_from_batch51/reincluded_prior_release_scans_from_batch50/reincluded_prior_release_scans_from_batch49/reincluded_prior_release_scans_from_batch48/reincluded_prior_release_scans_from_batch47/current_batch_volume_1_sections99_107/png_page_renders/page-01_source_p299.png,449815,90598f55ffa0979aa208014353bb7ce3538bdaba5606a867daa204fa5814c9f3
03_source_scans/reincluded_prior_release_scans_from_batch51/reincluded_prior_release_scans_from_batch50/reincluded_prior_release_scans_from_batch49/reincluded_prior_release_scans_from_batch48/reincluded_prior_release_scans_from_batch47/current_batch_volume_1_sections99_107/png_page_renders/page-02_source_p300.png,511531,96279bae7d5fb49141cbda3a636286b00e0ef2d0fbc2b7783886b231f2f74019
03_source_scans/reincluded_prior_release_scans_from_batch51/reincluded_prior_release_scans_from_batch50/reincluded_prior_release_scans_from_batch49/reincluded_prior_release_scans_from_batch48/reincluded_prior_release_scans_from_batch47/current_batch_volume_1_sections99_107/png_page_renders/page-03_source_p301.png,484705,7e202e529dd56cb7a1e337ff0dca252fc012f68ccb670dbc65f931164baf2c25
03_source_scans/reincluded_prior_release_scans_from_batch51/reincluded_prior_release_scans_from_batch50/reincluded_prior_release_scans_from_batch49/reincluded_prior_release_scans_from_batch48/reincluded_prior_release_scans_from_batch47/current_batch_volume_1_sections99_107/png_page_renders/page-04_source_p302.png,501241,29985652c9a73cced4df2ad8d9256395d7337e123b514aaa08a43f719c6cb98e
03_source_scans/reincluded_prior_release_scans_from_batch51/reincluded_prior_release_scans_from_batch50/reincluded_prior_release_scans_from_batch49/reincluded_prior_release_scans_from_batch48/reincluded_prior_release_scans_from_batch47/current_batch_volume_1_sections99_107/png_page_renders/page-05_source_p303.png,498504,fdc4acefed7ff4fd231d6c66325304070c1bdb1992f4c0d6b5236187c0c2fccf
03_source_scans/reincluded_prior_release_scans_from_batch51/reincluded_prior_release_scans_from_batch50/reincluded_prior_release_scans_from_batch49/reincluded_prior_release_scans_from_batch48/reincluded_prior_release_scans_from_batch47/current_batch_volume_1_sections99_107/png_page_renders/page-06_source_p304.png,438627,7f594419f09fba230d850d8bd5952c3f991c573cb5da3e4818aacf9fee3b22ae
03_source_scans/reincluded_prior_release_scans_from_batch51/reincluded_prior_release_scans_from_batch50/reincluded_prior_release_scans_from_batch49/reincluded_prior_release_scans_from_batch48/reincluded_prior_release_scans_from_batch47/current_batch_volume_1_sections99_107/png_page_renders/page-07_source_p305.png,494982,d20b7368269714dbd7496ffdc23cc3509e2b7026914b0bb8a21235dc84de9d07
03_source_scans/reincluded_prior_release_scans_from_batch51/reincluded_prior_release_scans_from_batch50/reincluded_prior_release_scans_from_batch49/reincluded_prior_release_scans_from_batch48/reincluded_prior_release_scans_from_batch47/current_batch_volume_1_sections99_107/png_page_renders/page-08_source_p306.png,523061,d75cb353dd5366e5df42c798b710cf0f7a976893048685ee899fbf2b4aad2bef
03_source_scans/reincluded_prior_release_scans_from_batch51/reincluded_prior_release_scans_from_batch50/reincluded_prior_release_scans_from_batch49/reincluded_prior_release_scans_from_batch48/reincluded_prior_release_scans_from_batch47/current_batch_volume_1_sections99_107/png_page_renders/page-09_source_p307.png,467480,ee2cb9c1c7953c430b105a0f3bcc3ab5327327871bc2c0bce68d756332cb362e
03_source_scans/reincluded_prior_release_scans_from_batch51/reincluded_prior_release_scans_from_batch50/reincluded_prior_release_scans_from_batch49/reincluded_prior_release_scans_from_batch48/reincluded_prior_release_scans_from_batch47/current_batch_volume_1_sections99_107/png_page_renders/page-10_source_p308.png,512269,c0de3ef9e7ff20cc219572634161a14115c3210f4354c3cddecf01b865d7eeef
03_source_scans/reincluded_prior_release_scans_from_batch51/reincluded_prior_release_scans_from_batch50/reincluded_prior_release_scans_from_batch49/reincluded_prior_release_scans_from_batch48/reincluded_prior_release_scans_from_batch47/current_batch_volume_1_sections99_107/png_page_renders/page-11_source_p309.png,494318,dc28012639045900672555b30134c406e5f48668df275c6666964442798bac70
03_source_scans/reincluded_prior_release_scans_from_batch51/reincluded_prior_release_scans_from_batch50/reincluded_prior_release_scans_from_batch49/reincluded_prior_release_scans_from_batch48/reincluded_prior_release_scans_from_batch47/current_batch_volume_1_sections99_107/png_page_renders/page-12_source_p310.png,496910,2bac76861d5456232dad90925c9fa4311ab9e966d22d2ffb186de1643ff67391
03_source_scans/reincluded_prior_release_scans_from_batch51/reincluded_prior_release_scans_from_batch50/reincluded_prior_release_scans_from_batch49/reincluded_prior_release_scans_from_batch48/reincluded_prior_release_scans_from_batch47/current_batch_volume_1_sections99_107/png_page_renders/page-13_source_p311.png,465065,06112499bf4063e73c62a5fe77e426e92643f477b4af6a53f416e5712eccd5c3
03_source_scans/reincluded_prior_release_scans_from_batch51/reincluded_prior_release_scans_from_batch50/reincluded_prior_release_scans_from_batch49/reincluded_prior_release_scans_from_batch48/reincluded_prior_release_scans_from_batch47/current_batch_volume_1_sections99_107/png_page_renders/page-14_source_p312.png,479485,593bd1e1f9901eddf3e28e09e60b150ef6423de53dd4a40407c7e543ab8a6abc
03_source_scans/reincluded_prior_release_scans_from_batch51/reincluded_prior_release_scans_from_batch50/reincluded_prior_release_scans_from_batch49/reincluded_prior_release_scans_from_batch48/reincluded_prior_release_scans_from_batch47/current_batch_volume_1_sections99_107/png_page_renders/page-15_source_p313.png,492700,871d9894401664f255f9bbb548bd5776048e84929e8de53e064e0a214d149c79
03_source_scans/reincluded_prior_release_scans_from_batch51/reincluded_prior_release_scans_from_batch50/reincluded_prior_release_scans_from_batch49/reincluded_prior_release_scans_from_batch48/reincluded_prior_release_scans_from_batch47/current_batch_volume_1_sections99_107/png_page_renders/page-16_source_p314.png,375022,89b971d703bd84143cc0613ada399aace4a01660344147e8c9928124e4ab26e4
03_source_scans/reincluded_prior_release_scans_from_batch51/reincluded_prior_release_scans_from_batch50/reincluded_prior_release_scans_from_batch49/reincluded_prior_release_scans_from_batch48/reincluded_prior_release_scans_from_batch47/current_batch_volume_1_sections99_107/png_page_renders/page-17_source_p315.png,483628,ae81cf7281999d7f3cf55c6b6a5ab3b295cbb3f278237c8b9622fd742484ea0e
03_source_scans/reincluded_prior_release_scans_from_batch51/reincluded_prior_release_scans_from_batch50/reincluded_prior_release_scans_from_batch49/reincluded_prior_release_scans_from_batch48/reincluded_prior_release_scans_from_batch47/current_batch_volume_1_sections99_107/png_page_renders/page-18_source_p316.png,504399,ef05a5ec458bf29884d734fd1216bbcdef5d1b7a724536fc509157bfcc8c2253
03_source_scans/reincluded_prior_release_scans_from_batch51/reincluded_prior_release_scans_from_batch50/reincluded_prior_release_scans_from_batch49/reincluded_prior_release_scans_from_batch48/reincluded_prior_release_scans_from_batch47/current_batch_volume_1_sections99_107/png_page_renders/page-19_source_p317.png,529898,a8104ddd6c7bffe4f378aed289a1912eaf39ff544823eb8d0c388b1a3927910b
03_source_scans/reincluded_prior_release_scans_from_batch51/reincluded_prior_release_scans_from_batch50/reincluded_prior_release_scans_from_batch49/reincluded_prior_release_scans_from_batch48/reincluded_prior_release_scans_from_batch47/current_batch_volume_1_sections99_107/png_page_renders/page-20_source_p318.png,494664,9e2ed2a7dbc73d7b854f51d511642252ce322b1385dcf2f32ac6ff7b36fd4caf
03_source_scans/reincluded_prior_release_scans_from_batch51/reincluded_prior_release_scans_from_batch50/reincluded_prior_release_scans_from_batch49/reincluded_prior_release_scans_from_batch48/reincluded_prior_release_scans_from_batch47/current_batch_volume_1_sections99_107/png_page_renders/page-21_source_p319.png,492293,3447b3164a47e478e9980d9c680434ef886726908ea5c490093b308a82e7ea9d
03_source_scans/reincluded_prior_release_scans_from_batch51/reincluded_prior_release_scans_from_batch50/reincluded_prior_release_scans_from_batch49/reincluded_prior_release_scans_from_batch48/reincluded_prior_release_scans_from_batch47/current_batch_volume_1_sections99_107/png_page_renders/page-22_source_p320.png,530453,d14c55337698acc015ba3039a058a8a67f09463fa8a83c7c85c925030ae33a9b
03_source_scans/reincluded_prior_release_scans_from_batch51/reincluded_prior_release_scans_from_batch50/reincluded_prior_release_scans_from_batch49/reincluded_prior_release_scans_from_batch48/reincluded_prior_release_scans_from_batch47/current_batch_volume_1_sections99_107/png_page_renders/page-23_source_p321.png,514682,2a7067a8fac3284721fa7e3afa41b87c3fea90284c1a565003278eb2e028cf54
03_source_scans/reincluded_prior_release_scans_from_batch51/reincluded_prior_release_scans_from_batch50/reincluded_prior_release_scans_from_batch49/reincluded_prior_release_scans_from_batch48/reincluded_prior_release_scans_from_batch47/current_batch_volume_1_sections99_107/png_page_renders/page-24_source_p322.png,480797,e1d54325e2ae552da1a7941a72d647df29c11411645795da101f9d400a910ed8
03_source_scans/reincluded_prior_release_scans_from_batch51/reincluded_prior_release_scans_from_batch50/reincluded_prior_release_scans_from_batch49/reincluded_prior_release_scans_from_batch48/reincluded_prior_release_scans_from_batch47/current_batch_volume_1_sections99_107/png_page_renders/page-25_source_p323.png,479950,2538f10aaf3b1b1ffb0135fd984a741ff4da03c76b871c265db36da1d323bbea
03_source_scans/reincluded_prior_release_scans_from_batch51/reincluded_prior_release_scans_from_batch50/reincluded_prior_release_scans_from_batch49/reincluded_prior_release_scans_from_batch48/reincluded_prior_release_scans_from_batch47/current_batch_volume_1_sections99_107/png_page_renders/page-26_source_p324.png,477036,29d5a4277aef0ad63b6eb5ffeac3ef3b8979f6e7e921f29b6c2fb8f2ffad0a14
03_source_scans/reincluded_prior_release_scans_from_batch51/reincluded_prior_release_scans_from_batch50/reincluded_prior_release_scans_from_batch49/reincluded_prior_release_scans_from_batch48/reincluded_prior_release_scans_from_batch47/current_batch_volume_1_sections99_107/png_page_renders/page-27_source_p325.png,504386,33765958bb5359be8c13a3ded0a90e9f08db86957fe46b705636baa54c1a11b9
03_source_scans/reincluded_prior_release_scans_from_batch51/reincluded_prior_release_scans_from_batch50/reincluded_prior_release_scans_from_batch49/reincluded_prior_release_scans_from_batch48/reincluded_prior_release_scans_from_batch47/current_batch_volume_1_sections99_107/png_page_renders/page-28_source_p326.png,475108,5bbfb12d85c045ae12c5ae01484646beeecfd1f3e019f8d899620c268b8be038
03_source_scans/reincluded_prior_release_scans_from_batch51/reincluded_prior_release_scans_from_batch50/reincluded_prior_release_scans_from_batch49/reincluded_prior_release_scans_from_batch48/reincluded_prior_release_scans_from_batch47/current_batch_volume_1_sections99_107/png_page_renders/page-29_source_p327.png,464489,608d59378ddf1847e16e85e0493e84e1fd1ecb160bef7999f8f3b629fdc9c7c7
03_source_scans/reincluded_prior_release_scans_from_batch51/reincluded_prior_release_scans_from_batch50/reincluded_prior_release_scans_from_batch49/reincluded_prior_release_scans_from_batch48/reincluded_prior_release_scans_from_batch47/current_batch_volume_1_sections99_107/png_page_renders/page-30_source_p328.png,452026,9ecfc70577333764991338e4f8900f6c51f29cc9330a7a8d37b851795af1a547
03_source_scans/reincluded_prior_release_scans_from_batch51/reincluded_prior_release_scans_from_batch50/reincluded_prior_release_scans_from_batch49/reincluded_prior_release_scans_from_batch48/reincluded_prior_release_scans_from_batch47/current_batch_volume_1_sections99_107/png_page_renders/page-31_source_p329.png,393524,b2a959058e66921538d059d9f0fe9e941c842699f612bbd8983be94d9b4cd56b
03_source_scans/reincluded_prior_release_scans_from_batch51/reincluded_prior_release_scans_from_batch50/reincluded_prior_release_scans_from_batch49/reincluded_prior_release_scans_from_batch48/reincluded_prior_release_scans_from_batch47/current_batch_volume_1_sections99_107/png_page_renders/page-32_source_p330.png,286574,b9862b0232cc461288f649c0739f3422b3440a5bb2482cbaf1bb8b0d4951edc8
03_source_scans/reincluded_prior_release_scans_from_batch51/reincluded_prior_release_scans_from_batch50/reincluded_prior_release_scans_from_batch49/reincluded_prior_release_scans_from_batch48/reincluded_prior_release_scans_from_batch47/current_batch_volume_1_sections99_107/source_contact_sheet_pp299_330.png,2577235,907a5d347b8e7ab465149cc9ec473ea70027d76cd859ec474d57adbfd4c536f7
03_source_scans/reincluded_prior_release_scans_from_batch51/reincluded_prior_release_scans_from_batch50/reincluded_prior_release_scans_from_batch49/reincluded_prior_release_scans_from_batch48/reincluded_prior_release_scans_from_batch47/current_batch_volume_1_sections99_107/source_scan_vol1_sections99_107_pp299_330.pdf,2437381,3c753b19b9c79952514c27a238bd0876ff235873cee5e9cb79df6d0a2c346767
03_source_scans/reincluded_prior_release_scans_from_batch51/reincluded_prior_release_scans_from_batch50/reincluded_prior_release_scans_from_batch49/reincluded_prior_release_scans_from_batch48/reincluded_prior_release_scans_from_batch47/reincluded_prior_release_scans_from_batch46/current_batch_volume_1_sections90_98/figure_page_detail_renders/page-08.png,937330,29a0ebd51c6ffe07bf6d6c1e5351392c1b78c700f76cc0d2338cfe921aafe1d6
03_source_scans/reincluded_prior_release_scans_from_batch51/reincluded_prior_release_scans_from_batch50/reincluded_prior_release_scans_from_batch49/reincluded_prior_release_scans_from_batch48/reincluded_prior_release_scans_from_batch47/reincluded_prior_release_scans_from_batch46/current_batch_volume_1_sections90_98/figure_page_detail_renders/page-09.png,1097610,e489f19529d7db9fe82c3c6c722276be9b91b9ff48adfbd26f555f704eea1a9c
03_source_scans/reincluded_prior_release_scans_from_batch51/reincluded_prior_release_scans_from_batch50/reincluded_prior_release_scans_from_batch49/reincluded_prior_release_scans_from_batch48/reincluded_prior_release_scans_from_batch47/reincluded_prior_release_scans_from_batch46/current_batch_volume_1_sections90_98/figure_page_detail_renders/page-10.png,1038762,599f4e8067ab0fce51fb704c14728f1f493174f8e258d8e4530ba770a0a57303
03_source_scans/reincluded_prior_release_scans_from_batch51/reincluded_prior_release_scans_from_batch50/reincluded_prior_release_scans_from_batch49/reincluded_prior_release_scans_from_batch48/reincluded_prior_release_scans_from_batch47/reincluded_prior_release_scans_from_batch46/current_batch_volume_1_sections90_98/figure_page_detail_renders/page-11.png,1034274,c4a1ce77a80e7d1e47b5a91dad98066ba72f97bad49f25028542f4a311cb8179
03_source_scans/reincluded_prior_release_scans_from_batch51/reincluded_prior_release_scans_from_batch50/reincluded_prior_release_scans_from_batch49/reincluded_prior_release_scans_from_batch48/reincluded_prior_release_scans_from_batch47/reincluded_prior_release_scans_from_batch46/current_batch_volume_1_sections90_98/figure_page_detail_renders/page-12.png,1061379,d7b03fe698f152bc06a55020e48dd6083044f0eef7c31d6f306754bad9a5672e
03_source_scans/reincluded_prior_release_scans_from_batch51/reincluded_prior_release_scans_from_batch50/reincluded_prior_release_scans_from_batch49/reincluded_prior_release_scans_from_batch48/reincluded_prior_release_scans_from_batch47/reincluded_prior_release_scans_from_batch46/current_batch_volume_1_sections90_98/figure_page_detail_renders/page-13.png,986080,633f5e37f43bdc20ef90e845627603de67247ecb21cca750406a5bc2745405fe
03_source_scans/reincluded_prior_release_scans_from_batch51/reincluded_prior_release_scans_from_batch50/reincluded_prior_release_scans_from_batch49/reincluded_prior_release_scans_from_batch48/reincluded_prior_release_scans_from_batch47/reincluded_prior_release_scans_from_batch46/current_batch_volume_1_sections90_98/figure_page_detail_renders/page-14.png,1069339,fc22aecba4e5c1254f6f0749bff62342974bbf33a27ec88768175bf3f21c3413
03_source_scans/reincluded_prior_release_scans_from_batch51/reincluded_prior_release_scans_from_batch50/reincluded_prior_release_scans_from_batch49/reincluded_prior_release_scans_from_batch48/reincluded_prior_release_scans_from_batch47/reincluded_prior_release_scans_from_batch46/current_batch_volume_1_sections90_98/figure_page_detail_renders/page-15.png,823377,de09b4dafd23df3f9dbb37be4369d4173f03b75d956c8447868e4f9963eb14e9
03_source_scans/reincluded_prior_release_scans_from_batch51/reincluded_prior_release_scans_from_batch50/reincluded_prior_release_scans_from_batch49/reincluded_prior_release_scans_from_batch48/reincluded_prior_release_scans_from_batch47/reincluded_prior_release_scans_from_batch46/current_batch_volume_1_sections90_98/figure_page_detail_renders/page-16.png,887219,21366630c9d940b9a22f07c0831959b27b4045d0467d4f34a34c44a416377307
03_source_scans/reincluded_prior_release_scans_from_batch51/reincluded_prior_release_scans_from_batch50/reincluded_prior_release_scans_from_batch49/reincluded_prior_release_scans_from_batch48/reincluded_prior_release_scans_from_batch47/reincluded_prior_release_scans_from_batch46/current_batch_volume_1_sections90_98/figure_page_detail_renders/page-17.png,899338,4ee9547d29b8c4ea0fb6ea5724c94d80180d8c011e19cd61faf4181b1ae53ec9
03_source_scans/reincluded_prior_release_scans_from_batch51/reincluded_prior_release_scans_from_batch50/reincluded_prior_release_scans_from_batch49/reincluded_prior_release_scans_from_batch48/reincluded_prior_release_scans_from_batch47/reincluded_prior_release_scans_from_batch46/current_batch_volume_1_sections90_98/figure_page_detail_renders/page-18.png,646468,210323b8ee52eb6939854892abeb44532bfdfa72ecfbc98ba6bac439621f7414
03_source_scans/reincluded_prior_release_scans_from_batch51/reincluded_prior_release_scans_from_batch50/reincluded_prior_release_scans_from_batch49/reincluded_prior_release_scans_from_batch48/reincluded_prior_release_scans_from_batch47/reincluded_prior_release_scans_from_batch46/current_batch_volume_1_sections90_98/png_page_renders/page-01.png,583133,69583bdf5986c5aaf3c742b62d8646b18d52ca2b58e64131e2544700767f788e
03_source_scans/reincluded_prior_release_scans_from_batch51/reincluded_prior_release_scans_from_batch50/reincluded_prior_release_scans_from_batch49/reincluded_prior_release_scans_from_batch48/reincluded_prior_release_scans_from_batch47/reincluded_prior_release_scans_from_batch46/current_batch_volume_1_sections90_98/png_page_renders/page-02.png,600781,7af843a10fdc6bc380e38a20ab3d1605f6e48cd677691045b7e41f8f109c821d
03_source_scans/reincluded_prior_release_scans_from_batch51/reincluded_prior_release_scans_from_batch50/reincluded_prior_release_scans_from_batch49/reincluded_prior_release_scans_from_batch48/reincluded_prior_release_scans_from_batch47/reincluded_prior_release_scans_from_batch46/current_batch_volume_1_sections90_98/png_page_renders/page-03.png,527016,31ed32dffa38b818e8ac31c7f5f62af1c507f09788f7027226171d42cc75f355
03_source_scans/reincluded_prior_release_scans_from_batch51/reincluded_prior_release_scans_from_batch50/reincluded_prior_release_scans_from_batch49/reincluded_prior_release_scans_from_batch48/reincluded_prior_release_scans_from_batch47/reincluded_prior_release_scans_from_batch46/current_batch_volume_1_sections90_98/png_page_renders/page-04.png,521882,657d453795700371a03e10b526ebec1c85c45f78fefad9aac4a4803a73aea4ab
03_source_scans/reincluded_prior_release_scans_from_batch51/reincluded_prior_release_scans_from_batch50/reincluded_prior_release_scans_from_batch49/reincluded_prior_release_scans_from_batch48/reincluded_prior_release_scans_from_batch47/reincluded_prior_release_scans_from_batch46/current_batch_volume_1_sections90_98/png_page_renders/page-05.png,510770,732a535da63c37961a693bd365a5a3008e220487db21e18a8da30012ecb2b947
03_source_scans/reincluded_prior_release_scans_from_batch51/reincluded_prior_release_scans_from_batch50/reincluded_prior_release_scans_from_batch49/reincluded_prior_release_scans_from_batch48/reincluded_prior_release_scans_from_batch47/reincluded_prior_release_scans_from_batch46/current_batch_volume_1_sections90_98/png_page_renders/page-06.png,603730,57bc496d60deb583c62a11234d08c214fb323a231f463d6ac936ce1cbfda2b28
03_source_scans/reincluded_prior_release_scans_from_batch51/reincluded_prior_release_scans_from_batch50/reincluded_prior_release_scans_from_batch49/reincluded_prior_release_scans_from_batch48/reincluded_prior_release_scans_from_batch47/reincluded_prior_release_scans_from_batch46/current_batch_volume_1_sections90_98/png_page_renders/page-07.png,636390,1ee73d9bb221c6ba2f830b5483dd09886655192eba98ed5f9351e5a3f6d24451
03_source_scans/reincluded_prior_release_scans_from_batch51/reincluded_prior_release_scans_from_batch50/reincluded_prior_release_scans_from_batch49/reincluded_prior_release_scans_from_batch48/reincluded_prior_release_scans_from_batch47/reincluded_prior_release_scans_from_batch46/current_batch_volume_1_sections90_98/png_page_renders/page-08.png,594927,e4da727a633257a9cf5745066130e008f3a05552d320a014470f84525dda9803
03_source_scans/reincluded_prior_release_scans_from_batch51/reincluded_prior_release_scans_from_batch50/reincluded_prior_release_scans_from_batch49/reincluded_prior_release_scans_from_batch48/reincluded_prior_release_scans_from_batch47/reincluded_prior_release_scans_from_batch46/current_batch_volume_1_sections90_98/png_page_renders/page-09.png,669328,17b945e3db09e55680b259bedf3917db830856bbe21e19671a8ee2961c990a08
03_source_scans/reincluded_prior_release_scans_from_batch51/reincluded_prior_release_scans_from_batch50/reincluded_prior_release_scans_from_batch49/reincluded_prior_release_scans_from_batch48/reincluded_prior_release_scans_from_batch47/reincluded_prior_release_scans_from_batch46/current_batch_volume_1_sections90_98/png_page_renders/page-10.png,654030,75d42e352f54f23df821b9c967f7f48f350128633ea1289b66a4d73da99add39
03_source_scans/reincluded_prior_release_scans_from_batch51/reincluded_prior_release_scans_from_batch50/reincluded_prior_release_scans_from_batch49/reincluded_prior_release_scans_from_batch48/reincluded_prior_release_scans_from_batch47/reincluded_prior_release_scans_from_batch46/current_batch_volume_1_sections90_98/png_page_renders/page-11.png,648202,ee6e97519c1e5903a344f5645c5c73b0280353df92d06cd01f7fac67cd60ed68
03_source_scans/reincluded_prior_release_scans_from_batch51/reincluded_prior_release_scans_from_batch50/reincluded_prior_release_scans_from_batch49/reincluded_prior_release_scans_from_batch48/reincluded_prior_release_scans_from_batch47/reincluded_prior_release_scans_from_batch46/current_batch_volume_1_sections90_98/png_page_renders/page-12.png,414411,0430306ce66726e90acac78a84e8b53fe757a1ce87823f42915c0b3ac45245d6
03_source_scans/reincluded_prior_release_scans_from_batch51/reincluded_prior_release_scans_from_batch50/reincluded_prior_release_scans_from_batch49/reincluded_prior_release_scans_from_batch48/reincluded_prior_release_scans_from_batch47/reincluded_prior_release_scans_from_batch46/current_batch_volume_1_sections90_98/png_page_renders/page-13.png,382487,56769f6122da498fdafc5ad722debffb10d2867cff64dbc7a9581c0a13ec285b
03_source_scans/reincluded_prior_release_scans_from_batch51/reincluded_prior_release_scans_from_batch50/reincluded_prior_release_scans_from_batch49/reincluded_prior_release_scans_from_batch48/reincluded_prior_release_scans_from_batch47/reincluded_prior_release_scans_from_batch46/current_batch_volume_1_sections90_98/png_page_renders/page-14.png,387849,dff1e8b64f66cae34a9f5f3ce48cca7c480258843ad1626c9590cbad69ebdd54
03_source_scans/reincluded_prior_release_scans_from_batch51/reincluded_prior_release_scans_from_batch50/reincluded_prior_release_scans_from_batch49/reincluded_prior_release_scans_from_batch48/reincluded_prior_release_scans_from_batch47/reincluded_prior_release_scans_from_batch46/current_batch_volume_1_sections90_98/png_page_renders/page-15.png,331184,ba0fc9d819db1eaff279e8a15855ab594d6a4922ffa63060a96dbe7d4dacc5fd
03_source_scans/reincluded_prior_release_scans_from_batch51/reincluded_prior_release_scans_from_batch50/reincluded_prior_release_scans_from_batch49/reincluded_prior_release_scans_from_batch48/reincluded_prior_release_scans_from_batch47/reincluded_prior_release_scans_from_batch46/current_batch_volume_1_sections90_98/png_page_renders/page-16.png,356498,603a0a1679ac39bda21b82669ea30cba2f8da760095b7f6582045772fe11eb99
03_source_scans/reincluded_prior_release_scans_from_batch51/reincluded_prior_release_scans_from_batch50/reincluded_prior_release_scans_from_batch49/reincluded_prior_release_scans_from_batch48/reincluded_prior_release_scans_from_batch47/reincluded_prior_release_scans_from_batch46/current_batch_volume_1_sections90_98/png_page_renders/page-17.png,357135,4ade41215aed90b2db60338b67563f819197f1298d2cb102ac4296185e432156
03_source_scans/reincluded_prior_release_scans_from_batch51/reincluded_prior_release_scans_from_batch50/reincluded_prior_release_scans_from_batch49/reincluded_prior_release_scans_from_batch48/reincluded_prior_release_scans_from_batch47/reincluded_prior_release_scans_from_batch46/current_batch_volume_1_sections90_98/png_page_renders/page-18.png,328154,0c69874e3fc58378459c6cdd61b23cbdac907030f4d9dd4accb9c0188ea7016c
03_source_scans/reincluded_prior_release_scans_from_batch51/reincluded_prior_release_scans_from_batch50/reincluded_prior_release_scans_from_batch49/reincluded_prior_release_scans_from_batch48/reincluded_prior_release_scans_from_batch47/reincluded_prior_release_scans_from_batch46/current_batch_volume_1_sections90_98/png_page_renders/page-19.png,253190,e9be1b322599900bc5762f6ce24a63287232e54dc1d01980732ff277d1fef5da
03_source_scans/reincluded_prior_release_scans_from_batch51/reincluded_prior_release_scans_from_batch50/reincluded_prior_release_scans_from_batch49/reincluded_prior_release_scans_from_batch48/reincluded_prior_release_scans_from_batch47/reincluded_prior_release_scans_from_batch46/current_batch_volume_1_sections90_98/source_contact_sheet_pp280_298.png,2456849,94d883146a1f8a5b2491469494a23dcbc5e3a4db7ebe417f445ef08784bff27e
03_source_scans/reincluded_prior_release_scans_from_batch51/reincluded_prior_release_scans_from_batch50/reincluded_prior_release_scans_from_batch49/reincluded_prior_release_scans_from_batch48/reincluded_prior_release_scans_from_batch47/reincluded_prior_release_scans_from_batch46/current_batch_volume_1_sections90_98/source_scan_vol1_sections90_98_pp280_298.pdf,1454623,b1f6f6c72a27307112d1f94729f74076b9aa7dd2432acf0dd50ffa76a7841301
03_source_scans/reincluded_prior_release_scans_from_batch51/reincluded_prior_release_scans_from_batch50/reincluded_prior_release_scans_from_batch49/reincluded_prior_release_scans_from_batch48/reincluded_prior_release_scans_from_batch47/reincluded_prior_release_scans_from_batch46/reincluded_prior_release_scans_from_batch45/current_batch_volume_1_sections82_89/png_page_renders/page-01.png,1083403,e27468bd3e974b1c4a3c58e8e4b674d80e2920cd71ea0d74b84b27bd924b0124
03_source_scans/reincluded_prior_release_scans_from_batch51/reincluded_prior_release_scans_from_batch50/reincluded_prior_release_scans_from_batch49/reincluded_prior_release_scans_from_batch48/reincluded_prior_release_scans_from_batch47/reincluded_prior_release_scans_from_batch46/reincluded_prior_release_scans_from_batch45/current_batch_volume_1_sections82_89/png_page_renders/page-02.png,993410,9dacc95fbdfe0390368d82ee272c1b0ac3626a0ef1045315bd967001378fa5ba
03_source_scans/reincluded_prior_release_scans_from_batch51/reincluded_prior_release_scans_from_batch50/reincluded_prior_release_scans_from_batch49/reincluded_prior_release_scans_from_batch48/reincluded_prior_release_scans_from_batch47/reincluded_prior_release_scans_from_batch46/reincluded_prior_release_scans_from_batch45/current_batch_volume_1_sections82_89/png_page_renders/page-03.png,962645,c83bceeead4520bb87ab8ae9d04a4fb613a0904a51f73d941ba3edf6cd564bc1
03_source_scans/reincluded_prior_release_scans_from_batch51/reincluded_prior_release_scans_from_batch50/reincluded_prior_release_scans_from_batch49/reincluded_prior_release_scans_from_batch48/reincluded_prior_release_scans_from_batch47/reincluded_prior_release_scans_from_batch46/reincluded_prior_release_scans_from_batch45/current_batch_volume_1_sections82_89/png_page_renders/page-04.png,1107312,7886d02beed444ce06d5b4a23c90fb49644eb35be1281e59b1c931c3929a992b
03_source_scans/reincluded_prior_release_scans_from_batch51/reincluded_prior_release_scans_from_batch50/reincluded_prior_release_scans_from_batch49/reincluded_prior_release_scans_from_batch48/reincluded_prior_release_scans_from_batch47/reincluded_prior_release_scans_from_batch46/reincluded_prior_release_scans_from_batch45/current_batch_volume_1_sections82_89/png_page_renders/page-05.png,1032777,1be4d5240ef9d8602a1c6c0a105f6e37ac889a4c89d4f617527fe7c31d79a787
03_source_scans/reincluded_prior_release_scans_from_batch51/reincluded_prior_release_scans_from_batch50/reincluded_prior_release_scans_from_batch49/reincluded_prior_release_scans_from_batch48/reincluded_prior_release_scans_from_batch47/reincluded_prior_release_scans_from_batch46/reincluded_prior_release_scans_from_batch45/current_batch_volume_1_sections82_89/png_page_renders/page-06.png,1056809,14d31ee635c1ac9e8f932c75d5a57af69de033cc4cd95e5bf987a71456669116
03_source_scans/reincluded_prior_release_scans_from_batch51/reincluded_prior_release_scans_from_batch50/reincluded_prior_release_scans_from_batch49/reincluded_prior_release_scans_from_batch48/reincluded_prior_release_scans_from_batch47/reincluded_prior_release_scans_from_batch46/reincluded_prior_release_scans_from_batch45/current_batch_volume_1_sections82_89/png_page_renders/page-07.png,1032361,432b705c454ece17913fc6f18655173aacc3fd521dd5b69e90f7f00d6a9a00af
03_source_scans/reincluded_prior_release_scans_from_batch51/reincluded_prior_release_scans_from_batch50/reincluded_prior_release_scans_from_batch49/reincluded_prior_release_scans_from_batch48/reincluded_prior_release_scans_from_batch47/reincluded_prior_release_scans_from_batch46/reincluded_prior_release_scans_from_batch45/current_batch_volume_1_sections82_89/png_page_renders/page-08.png,916813,970f9e94487c3a305bbd1ec7b6cb643ac436884cf429a747a2c30d2133b6ceb3
03_source_scans/reincluded_prior_release_scans_from_batch51/reincluded_prior_release_scans_from_batch50/reincluded_prior_release_scans_from_batch49/reincluded_prior_release_scans_from_batch48/reincluded_prior_release_scans_from_batch47/reincluded_prior_release_scans_from_batch46/reincluded_prior_release_scans_from_batch45/current_batch_volume_1_sections82_89/png_page_renders/page-09.png,912163,51f99082aea15e8271a114951d084abcbf153af310c718510f8f8e60ded0325b
03_source_scans/reincluded_prior_release_scans_from_batch51/reincluded_prior_release_scans_from_batch50/reincluded_prior_release_scans_from_batch49/reincluded_prior_release_scans_from_batch48/reincluded_prior_release_scans_from_batch47/reincluded_prior_release_scans_from_batch46/reincluded_prior_release_scans_from_batch45/current_batch_volume_1_sections82_89/png_page_renders/page-10.png,873032,581d79a5bc85c81a1347b92326d22584ac289d94c81e6a1b3ca8e18a217f8532
03_source_scans/reincluded_prior_release_scans_from_batch51/reincluded_prior_release_scans_from_batch50/reincluded_prior_release_scans_from_batch49/reincluded_prior_release_scans_from_batch48/reincluded_prior_release_scans_from_batch47/reincluded_prior_release_scans_from_batch46/reincluded_prior_release_scans_from_batch45/current_batch_volume_1_sections82_89/png_page_renders/page-11.png,875166,26c517b9ebec2dff46a5b991554971406eabad973e297f496a809ba1da077e1d
03_source_scans/reincluded_prior_release_scans_from_batch51/reincluded_prior_release_scans_from_batch50/reincluded_prior_release_scans_from_batch49/reincluded_prior_release_scans_from_batch48/reincluded_prior_release_scans_from_batch47/reincluded_prior_release_scans_from_batch46/reincluded_prior_release_scans_from_batch45/current_batch_volume_1_sections82_89/png_page_renders/page-12.png,1128091,d8d2360ddb08110030181a1f737ff67b1659f248dd300235f729a64201f08ffc
03_source_scans/reincluded_prior_release_scans_from_batch51/reincluded_prior_release_scans_from_batch50/reincluded_prior_release_scans_from_batch49/reincluded_prior_release_scans_from_batch48/reincluded_prior_release_scans_from_batch47/reincluded_prior_release_scans_from_batch46/reincluded_prior_release_scans_from_batch45/current_batch_volume_1_sections82_89/png_page_renders/page-13.png,1149097,6a9b654779d925cc71914b4bd774692ff4cb328bb91d34ea01ad2c3546d584b4
03_source_scans/reincluded_prior_release_scans_from_batch51/reincluded_prior_release_scans_from_batch50/reincluded_prior_release_scans_from_batch49/reincluded_prior_release_scans_from_batch48/reincluded_prior_release_scans_from_batch47/reincluded_prior_release_scans_from_batch46/reincluded_prior_release_scans_from_batch45/current_batch_volume_1_sections82_89/png_page_renders/page-14.png,866888,5a2a5cde5d67646db68e59f9d4e4306ea94145c0d59249bdfe95dd7842d6c2c8
03_source_scans/reincluded_prior_release_scans_from_batch51/reincluded_prior_release_scans_from_batch50/reincluded_prior_release_scans_from_batch49/reincluded_prior_release_scans_from_batch48/reincluded_prior_release_scans_from_batch47/reincluded_prior_release_scans_from_batch46/reincluded_prior_release_scans_from_batch45/current_batch_volume_1_sections82_89/png_page_renders/page-15.png,845326,69a36ea751896551ebc349131acd380f1da3bb66d938c70d2dfc12dba3da76a0
03_source_scans/reincluded_prior_release_scans_from_batch51/reincluded_prior_release_scans_from_batch50/reincluded_prior_release_scans_from_batch49/reincluded_prior_release_scans_from_batch48/reincluded_prior_release_scans_from_batch47/reincluded_prior_release_scans_from_batch46/reincluded_prior_release_scans_from_batch45/current_batch_volume_1_sections82_89/png_page_renders/page-16.png,695037,71d2df992f64114572c3ca9bd3cd9bdce604774b50851946a1e6bcbadf235e47
03_source_scans/reincluded_prior_release_scans_from_batch51/reincluded_prior_release_scans_from_batch50/reincluded_prior_release_scans_from_batch49/reincluded_prior_release_scans_from_batch48/reincluded_prior_release_scans_from_batch47/reincluded_prior_release_scans_from_batch46/reincluded_prior_release_scans_from_batch45/current_batch_volume_1_sections82_89/png_page_renders/page-17.png,659534,99e7484245608698a9f0b9597691eee66e5df8ec0e3005741a12616b4a0ae253
03_source_scans/reincluded_prior_release_scans_from_batch51/reincluded_prior_release_scans_from_batch50/reincluded_prior_release_scans_from_batch49/reincluded_prior_release_scans_from_batch48/reincluded_prior_release_scans_from_batch47/reincluded_prior_release_scans_from_batch46/reincluded_prior_release_scans_from_batch45/current_batch_volume_1_sections82_89/png_page_renders/page-18.png,646503,e87cea1d48fd2031c0130d945388c2dd9c6cc273d535f98abfe12772886dff0b
03_source_scans/reincluded_prior_release_scans_from_batch51/reincluded_prior_release_scans_from_batch50/reincluded_prior_release_scans_from_batch49/reincluded_prior_release_scans_from_batch48/reincluded_prior_release_scans_from_batch47/reincluded_prior_release_scans_from_batch46/reincluded_prior_release_scans_from_batch45/current_batch_volume_1_sections82_89/png_page_renders/page-19.png,667127,666f4cb9895677e06204024edda9ebf0d90159143099a98d20e0a7e809871953
03_source_scans/reincluded_prior_release_scans_from_batch51/reincluded_prior_release_scans_from_batch50/reincluded_prior_release_scans_from_batch49/reincluded_prior_release_scans_from_batch48/reincluded_prior_release_scans_from_batch47/reincluded_prior_release_scans_from_batch46/reincluded_prior_release_scans_from_batch45/current_batch_volume_1_sections82_89/png_page_renders/page-20.png,643463,b4c4d2a16d5a4c8bae05a370da376dc829e0e079aa605a94515995b05e40cb44
03_source_scans/reincluded_prior_release_scans_from_batch51/reincluded_prior_release_scans_from_batch50/reincluded_prior_release_scans_from_batch49/reincluded_prior_release_scans_from_batch48/reincluded_prior_release_scans_from_batch47/reincluded_prior_release_scans_from_batch46/reincluded_prior_release_scans_from_batch45/current_batch_volume_1_sections82_89/png_page_renders/page-21.png,619948,c385306615470b891cc3332d21d9938e73707af0510738d6c0b6d35360c6a029
03_source_scans/reincluded_prior_release_scans_from_batch51/reincluded_prior_release_scans_from_batch50/reincluded_prior_release_scans_from_batch49/reincluded_prior_release_scans_from_batch48/reincluded_prior_release_scans_from_batch47/reincluded_prior_release_scans_from_batch46/reincluded_prior_release_scans_from_batch45/current_batch_volume_1_sections82_89/source_contact_sheet.png,2535734,6df2d1b6de1be5d83311996cd5ed218f8e98e85f2b8525eafeb71566f6bd0c83
03_source_scans/reincluded_prior_release_scans_from_batch51/reincluded_prior_release_scans_from_batch50/reincluded_prior_release_scans_from_batch49/reincluded_prior_release_scans_from_batch48/reincluded_prior_release_scans_from_batch47/reincluded_prior_release_scans_from_batch46/reincluded_prior_release_scans_from_batch45/current_batch_volume_1_sections82_89/source_scan_vol1_sections82_89_pp260_280.pdf,1696461,4e0dce3ecf1d2a63e52110cd5524f027cdf1c63eb9a957dfc5d8ba8608670fa9
03_source_scans/reincluded_prior_release_scans_from_batch51/reincluded_prior_release_scans_from_batch50/reincluded_prior_release_scans_from_batch49/reincluded_prior_release_scans_from_batch48/reincluded_prior_release_scans_from_batch47/reincluded_prior_release_scans_from_batch46/reincluded_prior_release_scans_from_batch45/reincluded_previous_release_scans/from_batch44_release_03_source_scans/current_batch_volume_1_sections76_81/png_page_renders/page-01_source_pdf_page_14.png,170245,a1b5058ba894951eba510cba5f9aee7378be4c69726b5c42995cbd000c082dab
03_source_scans/reincluded_prior_release_scans_from_batch51/reincluded_prior_release_scans_from_batch50/reincluded_prior_release_scans_from_batch49/reincluded_prior_release_scans_from_batch48/reincluded_prior_release_scans_from_batch47/reincluded_prior_release_scans_from_batch46/reincluded_prior_release_scans_from_batch45/reincluded_previous_release_scans/from_batch44_release_03_source_scans/current_batch_volume_1_sections76_81/png_page_renders/page-02_source_pdf_page_15.png,135340,08c3f19ac076813e9b28300474e80318f8180d2130501d70046bb9b91b9c1fce
03_source_scans/reincluded_prior_release_scans_from_batch51/reincluded_prior_release_scans_from_batch50/reincluded_prior_release_scans_from_batch49/reincluded_prior_release_scans_from_batch48/reincluded_prior_release_scans_from_batch47/reincluded_prior_release_scans_from_batch46/reincluded_prior_release_scans_from_batch45/reincluded_previous_release_scans/from_batch44_release_03_source_scans/current_batch_volume_1_sections76_81/png_page_renders/page-03_source_pdf_page_16.png,116321,a2551bf57d0f337dd4170c6536aee2eb10f5e13772f2460ea4748ac171f96fa6
03_source_scans/reincluded_prior_release_scans_from_batch51/reincluded_prior_release_scans_from_batch50/reincluded_prior_release_scans_from_batch49/reincluded_prior_release_scans_from_batch48/reincluded_prior_release_scans_from_batch47/reincluded_prior_release_scans_from_batch46/reincluded_prior_release_scans_from_batch45/reincluded_previous_release_scans/from_batch44_release_03_source_scans/current_batch_volume_1_sections76_81/png_page_renders/page-04_source_pdf_page_17.png,355637,28a6ba0d89f1eb365e8f8abb74d287b221ac2eaa232d54e3f56c49d125f9e0f8
03_source_scans/reincluded_prior_release_scans_from_batch51/reincluded_prior_release_scans_from_batch50/reincluded_prior_release_scans_from_batch49/reincluded_prior_release_scans_from_batch48/reincluded_prior_release_scans_from_batch47/reincluded_prior_release_scans_from_batch46/reincluded_prior_release_scans_from_batch45/reincluded_previous_release_scans/from_batch44_release_03_source_scans/current_batch_volume_1_sections76_81/png_page_renders/page-05_source_pdf_page_18.png,401491,10a6e928a8ba10ba0f1f8ae2eaa0cc795c43746e859442d7c7a7bbe99af276e8
03_source_scans/reincluded_prior_release_scans_from_batch51/reincluded_prior_release_scans_from_batch50/reincluded_prior_release_scans_from_batch49/reincluded_prior_release_scans_from_batch48/reincluded_prior_release_scans_from_batch47/reincluded_prior_release_scans_from_batch46/reincluded_prior_release_scans_from_batch45/reincluded_previous_release_scans/from_batch44_release_03_source_scans/current_batch_volume_1_sections76_81/png_page_renders/page-06_source_pdf_page_19.png,364844,f0bfa7e924e5a9bae1b304fe313ebda3dacfb647d673b3b375bab626287eba4e
03_source_scans/reincluded_prior_release_scans_from_batch51/reincluded_prior_release_scans_from_batch50/reincluded_prior_release_scans_from_batch49/reincluded_prior_release_scans_from_batch48/reincluded_prior_release_scans_from_batch47/reincluded_prior_release_scans_from_batch46/reincluded_prior_release_scans_from_batch45/reincluded_previous_release_scans/from_batch44_release_03_source_scans/current_batch_volume_1_sections76_81/png_page_renders/page-07_source_pdf_page_20.png,385772,1d4a1c9f2a4d082f907f97df2acfcc5d8dcf9e021bc2be72fd2fe7db78a18d62
03_source_scans/reincluded_prior_release_scans_from_batch51/reincluded_prior_release_scans_from_batch50/reincluded_prior_release_scans_from_batch49/reincluded_prior_release_scans_from_batch48/reincluded_prior_release_scans_from_batch47/reincluded_prior_release_scans_from_batch46/reincluded_prior_release_scans_from_batch45/reincluded_previous_release_scans/from_batch44_release_03_source_scans/current_batch_volume_1_sections76_81/png_page_renders/page-08_source_pdf_page_21.png,334952,b2d70f20227c058271d0d065642c2cf65f13ebe6b3c451516653e6fcdec4bc4d
03_source_scans/reincluded_prior_release_scans_from_batch51/reincluded_prior_release_scans_from_batch50/reincluded_prior_release_scans_from_batch49/reincluded_prior_release_scans_from_batch48/reincluded_prior_release_scans_from_batch47/reincluded_prior_release_scans_from_batch46/reincluded_prior_release_scans_from_batch45/reincluded_previous_release_scans/from_batch44_release_03_source_scans/current_batch_volume_1_sections76_81/png_page_renders/page-09_source_pdf_page_22.png,353614,f30d590c193a0ab04f3b6c2cfff097d439661675ecf6057e34c4802b982bd517
03_source_scans/reincluded_prior_release_scans_from_batch51/reincluded_prior_release_scans_from_batch50/reincluded_prior_release_scans_from_batch49/reincluded_prior_release_scans_from_batch48/reincluded_prior_release_scans_from_batch47/reincluded_prior_release_scans_from_batch46/reincluded_prior_release_scans_from_batch45/reincluded_previous_release_scans/from_batch44_release_03_source_scans/current_batch_volume_1_sections76_81/png_page_renders/page-10_source_pdf_page_23.png,391106,44d95bc990f514393a3a7eacc118b62b875417c39f6d1aa9a1982e93271d12c5
03_source_scans/reincluded_prior_release_scans_from_batch51/reincluded_prior_release_scans_from_batch50/reincluded_prior_release_scans_from_batch49/reincluded_prior_release_scans_from_batch48/reincluded_prior_release_scans_from_batch47/reincluded_prior_release_scans_from_batch46/reincluded_prior_release_scans_from_batch45/reincluded_previous_release_scans/from_batch44_release_03_source_scans/current_batch_volume_1_sections76_81/png_page_renders/page-11_source_pdf_page_24.png,374069,c90a743d06228ae214dc482910e6c879d497f98124aafc8e77037b37e5369550
03_source_scans/reincluded_prior_release_scans_from_batch51/reincluded_prior_release_scans_from_batch50/reincluded_prior_release_scans_from_batch49/reincluded_prior_release_scans_from_batch48/reincluded_prior_release_scans_from_batch47/reincluded_prior_release_scans_from_batch46/reincluded_prior_release_scans_from_batch45/reincluded_previous_release_scans/from_batch44_release_03_source_scans/current_batch_volume_1_sections76_81/png_page_renders/page-12_source_pdf_page_25.png,445914,d836ac11f6f95ab329547ae88adeeddac046d42998e1c8698e845158416a214b
03_source_scans/reincluded_prior_release_scans_from_batch51/reincluded_prior_release_scans_from_batch50/reincluded_prior_release_scans_from_batch49/reincluded_prior_release_scans_from_batch48/reincluded_prior_release_scans_from_batch47/reincluded_prior_release_scans_from_batch46/reincluded_prior_release_scans_from_batch45/reincluded_previous_release_scans/from_batch44_release_03_source_scans/current_batch_volume_1_sections76_81/png_page_renders/page-13_source_pdf_page_26.png,385220,5fe4aa1b52fe8d3ef1f7e5179bfd7d7e005d6b0a79bafe55863fa88d6952ab02
03_source_scans/reincluded_prior_release_scans_from_batch51/reincluded_prior_release_scans_from_batch50/reincluded_prior_release_scans_from_batch49/reincluded_prior_release_scans_from_batch48/reincluded_prior_release_scans_from_batch47/reincluded_prior_release_scans_from_batch46/reincluded_prior_release_scans_from_batch45/reincluded_previous_release_scans/from_batch44_release_03_source_scans/current_batch_volume_1_sections76_81/png_page_renders/page-14_source_pdf_page_27.png,402002,cad37454e6428672062620ba9d0b224cd9a0782a72cd074166e9707bbef4c8d5
03_source_scans/reincluded_prior_release_scans_from_batch51/reincluded_prior_release_scans_from_batch50/reincluded_prior_release_scans_from_batch49/reincluded_prior_release_scans_from_batch48/reincluded_prior_release_scans_from_batch47/reincluded_prior_release_scans_from_batch46/reincluded_prior_release_scans_from_batch45/reincluded_previous_release_scans/from_batch44_release_03_source_scans/current_batch_volume_1_sections76_81/png_page_renders/page-15_source_pdf_page_28.png,361897,24ddf97ea7174c6a5daf53187dd4e0b47005b2d84b566ebc7c2f747c56a40351
03_source_scans/reincluded_prior_release_scans_from_batch51/reincluded_prior_release_scans_from_batch50/reincluded_prior_release_scans_from_batch49/reincluded_prior_release_scans_from_batch48/reincluded_prior_release_scans_from_batch47/reincluded_prior_release_scans_from_batch46/reincluded_prior_release_scans_from_batch45/reincluded_previous_release_scans/from_batch44_release_03_source_scans/current_batch_volume_1_sections76_81/png_page_renders/page-16_source_pdf_page_29.png,366491,57449f38a9f30e7fd4cb05fb38b0c2e398210893bbb504c2c7ddefc62aa768c8
03_source_scans/reincluded_prior_release_scans_from_batch51/reincluded_prior_release_scans_from_batch50/reincluded_prior_release_scans_from_batch49/reincluded_prior_release_scans_from_batch48/reincluded_prior_release_scans_from_batch47/reincluded_prior_release_scans_from_batch46/reincluded_prior_release_scans_from_batch45/reincluded_previous_release_scans/from_batch44_release_03_source_scans/current_batch_volume_1_sections76_81/png_page_renders/page-17_source_pdf_page_30.png,401129,20406c7613126fedbdbe4ce71245857cffeb0b649bf4cc01d31a51ca82075c16
03_source_scans/reincluded_prior_release_scans_from_batch51/reincluded_prior_release_scans_from_batch50/reincluded_prior_release_scans_from_batch49/reincluded_prior_release_scans_from_batch48/reincluded_prior_release_scans_from_batch47/reincluded_prior_release_scans_from_batch46/reincluded_prior_release_scans_from_batch45/reincluded_previous_release_scans/from_batch44_release_03_source_scans/current_batch_volume_1_sections76_81/png_page_renders/page-18_source_pdf_page_31.png,406584,590a10f9f402aff2b745cb6b11d47fe228ebc436741df56d60dfb7d240d654c5
03_source_scans/reincluded_prior_release_scans_from_batch51/reincluded_prior_release_scans_from_batch50/reincluded_prior_release_scans_from_batch49/reincluded_prior_release_scans_from_batch48/reincluded_prior_release_scans_from_batch47/reincluded_prior_release_scans_from_batch46/reincluded_prior_release_scans_from_batch45/reincluded_previous_release_scans/from_batch44_release_03_source_scans/current_batch_volume_1_sections76_81/png_page_renders/page-19_source_pdf_page_32.png,391069,58bd68e09d47d2e848b2df434f039fa0e48c2b1adab92771dcb0107981c6c501
03_source_scans/reincluded_prior_release_scans_from_batch51/reincluded_prior_release_scans_from_batch50/reincluded_prior_release_scans_from_batch49/reincluded_prior_release_scans_from_batch48/reincluded_prior_release_scans_from_batch47/reincluded_prior_release_scans_from_batch46/reincluded_prior_release_scans_from_batch45/reincluded_previous_release_scans/from_batch44_release_03_source_scans/current_batch_volume_1_sections76_81/png_page_renders/page-20_source_pdf_page_33.png,433565,de0435a5dad519723f6f2ea2dd4f08ac09de1571e3e05eb226c79f241f2f7b32
03_source_scans/reincluded_prior_release_scans_from_batch51/reincluded_prior_release_scans_from_batch50/reincluded_prior_release_scans_from_batch49/reincluded_prior_release_scans_from_batch48/reincluded_prior_release_scans_from_batch47/reincluded_prior_release_scans_from_batch46/reincluded_prior_release_scans_from_batch45/reincluded_previous_release_scans/from_batch44_release_03_source_scans/current_batch_volume_1_sections76_81/png_page_renders/page-21_source_pdf_page_34.png,412649,2c224fb3b2901464ec18bb86339326ee4de7c4c7a141f56664e32f00b6313e91
03_source_scans/reincluded_prior_release_scans_from_batch51/reincluded_prior_release_scans_from_batch50/reincluded_prior_release_scans_from_batch49/reincluded_prior_release_scans_from_batch48/reincluded_prior_release_scans_from_batch47/reincluded_prior_release_scans_from_batch46/reincluded_prior_release_scans_from_batch45/reincluded_previous_release_scans/from_batch44_release_03_source_scans/current_batch_volume_1_sections76_81/png_page_renders/page-22_source_pdf_page_35.png,447694,da1af0d05a51b625416d67fee16f187f0e17985ba37ccdee6934ec8bf2956746
03_source_scans/reincluded_prior_release_scans_from_batch51/reincluded_prior_release_scans_from_batch50/reincluded_prior_release_scans_from_batch49/reincluded_prior_release_scans_from_batch48/reincluded_prior_release_scans_from_batch47/reincluded_prior_release_scans_from_batch46/reincluded_prior_release_scans_from_batch45/reincluded_previous_release_scans/from_batch44_release_03_source_scans/current_batch_volume_1_sections76_81/png_page_renders/page-23_source_pdf_page_36.png,469805,973589c4c567c343e08bc0c8a0c68e0614c02964159e438a915e7c9c24e7ab5d
03_source_scans/reincluded_prior_release_scans_from_batch51/reincluded_prior_release_scans_from_batch50/reincluded_prior_release_scans_from_batch49/reincluded_prior_release_scans_from_batch48/reincluded_prior_release_scans_from_batch47/reincluded_prior_release_scans_from_batch46/reincluded_prior_release_scans_from_batch45/reincluded_previous_release_scans/from_batch44_release_03_source_scans/current_batch_volume_1_sections76_81/source_scan_vol1_sections76_81_pp238_260.pdf,1665657,775f1a3410e0f01348eb62f82653d90a4dac2a39acfee2bcab11e5bd52fba3da
03_source_scans/reincluded_prior_release_scans_from_batch51/reincluded_prior_release_scans_from_batch50/reincluded_prior_release_scans_from_batch49/reincluded_prior_release_scans_from_batch48/reincluded_prior_release_scans_from_batch47/reincluded_prior_release_scans_from_batch46/reincluded_prior_release_scans_from_batch45/reincluded_previous_release_scans/from_batch44_release_03_source_scans/reincluded_previous_release_scans/current_batch_volume_1_sections73_75/png_page_renders/page-1-01.png,608663,5954ab1fe4a8045032e08cba868edac2b30951cf8c696a0c4d97d8b8195604b5
03_source_scans/reincluded_prior_release_scans_from_batch51/reincluded_prior_release_scans_from_batch50/reincluded_prior_release_scans_from_batch49/reincluded_prior_release_scans_from_batch48/reincluded_prior_release_scans_from_batch47/reincluded_prior_release_scans_from_batch46/reincluded_prior_release_scans_from_batch45/reincluded_previous_release_scans/from_batch44_release_03_source_scans/reincluded_previous_release_scans/current_batch_volume_1_sections73_75/png_page_renders/page-10-10.png,600295,86d73f9d3b1ce729efe786a56e4931553c97d1eb1a9e591a543655c23ed56e9b
03_source_scans/reincluded_prior_release_scans_from_batch51/reincluded_prior_release_scans_from_batch50/reincluded_prior_release_scans_from_batch49/reincluded_prior_release_scans_from_batch48/reincluded_prior_release_scans_from_batch47/reincluded_prior_release_scans_from_batch46/reincluded_prior_release_scans_from_batch45/reincluded_previous_release_scans/from_batch44_release_03_source_scans/reincluded_previous_release_scans/current_batch_volume_1_sections73_75/png_page_renders/page-11-11.png,550709,935b0c476ad6b6a21c2ff9f0d1780559dd2165e1a5abc8af4fb06233f4a72838
03_source_scans/reincluded_prior_release_scans_from_batch51/reincluded_prior_release_scans_from_batch50/reincluded_prior_release_scans_from_batch49/reincluded_prior_release_scans_from_batch48/reincluded_prior_release_scans_from_batch47/reincluded_prior_release_scans_from_batch46/reincluded_prior_release_scans_from_batch45/reincluded_previous_release_scans/from_batch44_release_03_source_scans/reincluded_previous_release_scans/current_batch_volume_1_sections73_75/png_page_renders/page-12-12.png,544699,9ad255d5bfaa534e5fe120a59fe4401698f87a431e1b36b605ce28ddb1f70432
03_source_scans/reincluded_prior_release_scans_from_batch51/reincluded_prior_release_scans_from_batch50/reincluded_prior_release_scans_from_batch49/reincluded_prior_release_scans_from_batch48/reincluded_prior_release_scans_from_batch47/reincluded_prior_release_scans_from_batch46/reincluded_prior_release_scans_from_batch45/reincluded_previous_release_scans/from_batch44_release_03_source_scans/reincluded_previous_release_scans/current_batch_volume_1_sections73_75/png_page_renders/page-13-13.png,241773,cfb1ee404b32b4715c53b3612677cf3a58f2bf470e55223f1544ed207c82b32d
03_source_scans/reincluded_prior_release_scans_from_batch51/reincluded_prior_release_scans_from_batch50/reincluded_prior_release_scans_from_batch49/reincluded_prior_release_scans_from_batch48/reincluded_prior_release_scans_from_batch47/reincluded_prior_release_scans_from_batch46/reincluded_prior_release_scans_from_batch45/reincluded_previous_release_scans/from_batch44_release_03_source_scans/reincluded_previous_release_scans/current_batch_volume_1_sections73_75/png_page_renders/page-2-02.png,508521,edc327eade496971695e1b96f23116114ca7f801899fe17e304728f03b0b286c
03_source_scans/reincluded_prior_release_scans_from_batch51/reincluded_prior_release_scans_from_batch50/reincluded_prior_release_scans_from_batch49/reincluded_prior_release_scans_from_batch48/reincluded_prior_release_scans_from_batch47/reincluded_prior_release_scans_from_batch46/reincluded_prior_release_scans_from_batch45/reincluded_previous_release_scans/from_batch44_release_03_source_scans/reincluded_previous_release_scans/current_batch_volume_1_sections73_75/png_page_renders/page-3-03.png,535268,38898e4003a8e37a265ccc77a9cc56f223441f3336a9bf67f0aa78c96ce66c8e
03_source_scans/reincluded_prior_release_scans_from_batch51/reincluded_prior_release_scans_from_batch50/reincluded_prior_release_scans_from_batch49/reincluded_prior_release_scans_from_batch48/reincluded_prior_release_scans_from_batch47/reincluded_prior_release_scans_from_batch46/reincluded_prior_release_scans_from_batch45/reincluded_previous_release_scans/from_batch44_release_03_source_scans/reincluded_previous_release_scans/current_batch_volume_1_sections73_75/png_page_renders/page-4-04.png,571646,fbeefc951f7a34c16f5cc0e4c5d7ae06e08083304f16e8b26e3ece3524ba7866
03_source_scans/reincluded_prior_release_scans_from_batch51/reincluded_prior_release_scans_from_batch50/reincluded_prior_release_scans_from_batch49/reincluded_prior_release_scans_from_batch48/reincluded_prior_release_scans_from_batch47/reincluded_prior_release_scans_from_batch46/reincluded_prior_release_scans_from_batch45/reincluded_previous_release_scans/from_batch44_release_03_source_scans/reincluded_previous_release_scans/current_batch_volume_1_sections73_75/png_page_renders/page-5-05.png,510249,78469eb23d2873d172b622ba3105c3ebfc9fdc788cd4e75a1b302a9f1dd7f7ba
03_source_scans/reincluded_prior_release_scans_from_batch51/reincluded_prior_release_scans_from_batch50/reincluded_prior_release_scans_from_batch49/reincluded_prior_release_scans_from_batch48/reincluded_prior_release_scans_from_batch47/reincluded_prior_release_scans_from_batch46/reincluded_prior_release_scans_from_batch45/reincluded_previous_release_scans/from_batch44_release_03_source_scans/reincluded_previous_release_scans/current_batch_volume_1_sections73_75/png_page_renders/page-6-06.png,615960,3a82e469eae33e34c1390d10c7e27a0618e97a93188bf70536a254d8f75db49f
03_source_scans/reincluded_prior_release_scans_from_batch51/reincluded_prior_release_scans_from_batch50/reincluded_prior_release_scans_from_batch49/reincluded_prior_release_scans_from_batch48/reincluded_prior_release_scans_from_batch47/reincluded_prior_release_scans_from_batch46/reincluded_prior_release_scans_from_batch45/reincluded_previous_release_scans/from_batch44_release_03_source_scans/reincluded_previous_release_scans/current_batch_volume_1_sections73_75/png_page_renders/page-7-07.png,660906,53ee9881897238d4e1eeaf2e2fcb18e4964014d4fe58d9eef12a1ed634ebcfa5
03_source_scans/reincluded_prior_release_scans_from_batch51/reincluded_prior_release_scans_from_batch50/reincluded_prior_release_scans_from_batch49/reincluded_prior_release_scans_from_batch48/reincluded_prior_release_scans_from_batch47/reincluded_prior_release_scans_from_batch46/reincluded_prior_release_scans_from_batch45/reincluded_previous_release_scans/from_batch44_release_03_source_scans/reincluded_previous_release_scans/current_batch_volume_1_sections73_75/png_page_renders/page-8-08.png,598867,81e7ebc232bb0fab22fa90ed0e23550f4888fc85167e4404015279e7dc26005d
03_source_scans/reincluded_prior_release_scans_from_batch51/reincluded_prior_release_scans_from_batch50/reincluded_prior_release_scans_from_batch49/reincluded_prior_release_scans_from_batch48/reincluded_prior_release_scans_from_batch47/reincluded_prior_release_scans_from_batch46/reincluded_prior_release_scans_from_batch45/reincluded_previous_release_scans/from_batch44_release_03_source_scans/reincluded_previous_release_scans/current_batch_volume_1_sections73_75/png_page_renders/page-9-09.png,649053,5b514dc93c839c5169106ab06c0fd46981a6025e41cb9fe3748c709dffe99fbe
03_source_scans/reincluded_prior_release_scans_from_batch51/reincluded_prior_release_scans_from_batch50/reincluded_prior_release_scans_from_batch49/reincluded_prior_release_scans_from_batch48/reincluded_prior_release_scans_from_batch47/reincluded_prior_release_scans_from_batch46/reincluded_prior_release_scans_from_batch45/reincluded_previous_release_scans/from_batch44_release_03_source_scans/reincluded_previous_release_scans/current_batch_volume_1_sections73_75/source_scan_vol1_sections73_75_pp225_237.pdf,969121,875cf93fdf379479f5fbd9b77600906a38872567ad51c006fe11f05857dae49b
03_source_scans/reincluded_prior_release_scans_from_batch51/reincluded_prior_release_scans_from_batch50/reincluded_prior_release_scans_from_batch49/reincluded_prior_release_scans_from_batch48/reincluded_prior_release_scans_from_batch47/reincluded_prior_release_scans_from_batch46/reincluded_prior_release_scans_from_batch45/reincluded_previous_release_scans/from_batch44_release_03_source_scans/reincluded_previous_release_scans/reincluded_batch39_scan_slices/weber_vol1_source_scan_sections44_46.pdf,696821,6036d8cbf4894b82896867f01eb55a7ab3bdfe74b370e3de03941a899938b7c8
03_source_scans/reincluded_prior_release_scans_from_batch51/reincluded_prior_release_scans_from_batch50/reincluded_prior_release_scans_from_batch49/reincluded_prior_release_scans_from_batch48/reincluded_prior_release_scans_from_batch47/reincluded_prior_release_scans_from_batch46/reincluded_prior_release_scans_from_batch45/reincluded_previous_release_scans/from_batch44_release_03_source_scans/reincluded_previous_release_scans/reincluded_batch39_scan_slices/weber_vol3_source_scan_section100.pdf,326691,126c78b3385850181d0cc8e115ddd87a738e028536231f9ed54ac5ff6199caa0
03_source_scans/reincluded_prior_release_scans_from_batch51/reincluded_prior_release_scans_from_batch50/reincluded_prior_release_scans_from_batch49/reincluded_prior_release_scans_from_batch48/reincluded_prior_release_scans_from_batch47/reincluded_prior_release_scans_from_batch46/reincluded_prior_release_scans_from_batch45/reincluded_previous_release_scans/from_batch44_release_03_source_scans/reincluded_previous_release_scans/reincluded_previous_volume1_scans/current_batch_vol1_sections62_72/source_scan_vol1_sections62_72_pp192_225top.pdf,2689002,1a4c7f5496ff8d83bd9f74cd24e081669a0fa8ec7eeae8a14b55c19ecf8664e7
03_source_scans/reincluded_prior_release_scans_from_batch51/reincluded_prior_release_scans_from_batch50/reincluded_prior_release_scans_from_batch49/reincluded_prior_release_scans_from_batch48/reincluded_prior_release_scans_from_batch47/reincluded_prior_release_scans_from_batch46/reincluded_prior_release_scans_from_batch45/reincluded_previous_release_scans/from_batch44_release_03_source_scans/reincluded_previous_release_scans/reincluded_previous_volume1_scans/prior_cutouts_reincluded_from_previous_release/source_scan_vol1_sections46end_54_pp153_177.pdf,2060711,2a50864c7c53cf77b0bdab1ca4acc5eb87c79d38110d2acecc41c51c2e045cfb
03_source_scans/reincluded_prior_release_scans_from_batch51/reincluded_prior_release_scans_from_batch50/reincluded_prior_release_scans_from_batch49/reincluded_prior_release_scans_from_batch48/reincluded_prior_release_scans_from_batch47/reincluded_prior_release_scans_from_batch46/reincluded_prior_release_scans_from_batch45/reincluded_previous_release_scans/from_batch44_release_03_source_scans/reincluded_previous_release_scans/reincluded_previous_volume1_scans/prior_cutouts_reincluded_from_previous_release/source_scan_vol1_sections55_61_pp178_192.pdf,1177295,f7290f7140c0949c326dc3c18bfae778aa34d92b0841604c9683c040b28b1833
04_render_checks/cumulative_volume1_english_tail_selected/page-249.png,166789,c7f9fe774e9e83a41e17ed237a9ca81a967259458d9a13afcd3b0b2836efea93
04_render_checks/cumulative_volume1_english_tail_selected/page-250.png,224712,6cddebcdb15f7515301ba3d261327ab810d6e2e37d64948718c7cbc4fbe5c8fc
04_render_checks/cumulative_volume1_english_tail_selected/page-251.png,213839,bea8080e1f3c9dec468272b4dc1a96723ab451bdabb79ce1608e9a2e7f8cf89b
04_render_checks/cumulative_volume1_english_tail_selected/page-252.png,175304,40f4cbf73fdc45a79f617248379d1237a16cc1b7626bb80a0a5c48236cd80092
04_render_checks/cumulative_volume1_english_tail_selected/page-253.png,157392,39f52ba35973b07e238b6c67a51b0b8ed062e6e9086feefa236c4be507cea472
04_render_checks/cumulative_volume1_english_tail_selected/page-254.png,186198,59a363852f8caf63c7e5879f6fa615dc347fd5deca6f0dc8c1e6c0b74d032392
04_render_checks/cumulative_volume1_english_tail_selected/page-255.png,147577,fd87a94f2ee995a8e7adcb8f9ac503cba473f072c9deb47cf83ecefbd322a211
04_render_checks/cumulative_volume1_english_tail_selected/page-256.png,196548,37c5550717c7300383f3f5b9e4b3ba934bbe7d2747150b9b72177850d1da238e
04_render_checks/cumulative_volume1_english_tail_selected/page-257.png,137206,456668c99ce3ecc6c077106fe7aaaa0ae0703e4d9ff425e9256d39c7fd5f7bd6
04_render_checks/cumulative_volume1_english_tail_selected/page-258.png,157142,d0c077b655328af61ce74522bce7e1a963fc7efe27dc0d134ec536bc4dfae49d
04_render_checks/cumulative_volume1_english_tail_selected/page-259.png,156064,7a676d0b8fb64324a232246d168f49b3bc20cc6800fc7fac55d4f86e0974fe22
04_render_checks/cumulative_volume1_english_tail_selected/page-260.png,238110,07a18980d7d164199c7252881a5c002cba1c27e4748c9723106e71d35570f3fe
04_render_checks/cumulative_volume1_english_tail_selected/page-261.png,251012,e9624d2522dd77650dc5770ffa0c7b977fb24b8581adaac023e7eb16b3938353
04_render_checks/cumulative_volume1_english_tail_selected/page-262.png,170082,995194cf261babb0064da913c57fa3b025c7c2702d6aa2f617cf81c1579b50ea
04_render_checks/cumulative_volume1_english_tail_selected/page-263.png,177996,b0af630b248d021e5938e8a2bf2aa0c39f032147887dce8529582609b01fdcc7
04_render_checks/cumulative_volume1_english_tail_selected/page-264.png,169512,c98129bb6d06ded46cfe12069d79e4e5fce62eb18754c6000878bcf49cd69b73
04_render_checks/cumulative_volume1_english_tail_selected/page-265.png,214458,bab357bfd499db6b9da39ef08168492414eafb6325116f732ad5ae8031b2e4ee
04_render_checks/cumulative_volume1_english_tail_selected/page-266.png,185533,eb6f2d175bba0d0361aff78b82512a553c62535f4d8dbd89a6a479f7d98926d8
04_render_checks/cumulative_volume1_english_tail_selected/page-267.png,98704,f2b016742f8486eb3d6d97e38c237d54fc594b93e1ff27a4945cf99fac6de768
04_render_checks/cumulative_volume1_german_tail_selected/page-271.png,167571,0fb3e79da11fec987d0f13f5042631d741d511b5d26945dd786f432ad919bfd2
04_render_checks/cumulative_volume1_german_tail_selected/page-272.png,195945,2e62f648066a2c44c231abfe07a98cecb4655594fd2d3543a2b3a08135b03b13
04_render_checks/cumulative_volume1_german_tail_selected/page-273.png,175275,dc6687bad54ba2d18a96d1706557154fc3d15328decf5f880c1f9917eb05fa2c
04_render_checks/cumulative_volume1_german_tail_selected/page-274.png,152370,f86e2fa095d322212f6a5ab8c78638140c897ba387c96710b22b8c3f632dc423
04_render_checks/cumulative_volume1_german_tail_selected/page-275.png,196874,27601fd21eebd361821d922b1b9dd082955962b3e93f04301eead00b79ff0c22
04_render_checks/cumulative_volume1_german_tail_selected/page-276.png,145121,4e6e8dcce4108a6ff3eff02350f0356de0a2b0f4e1f6756113dc2d81bb368210
04_render_checks/cumulative_volume1_german_tail_selected/page-277.png,185829,6b97a5f9d9df0da295fd04b56535c123f93c1506872462de4b5ed637b6983550
04_render_checks/cumulative_volume1_german_tail_selected/page-278.png,188727,9cb791160c03e5d410d1d2a4b9525b343d5352936660caf7a952eec7b6d84a18
04_render_checks/cumulative_volume1_german_tail_selected/page-279.png,294373,451a57d8f1fa5788ef2e3a1a919f44553eea649083832115efce67893a4981b9
04_render_checks/cumulative_volume1_german_tail_selected/page-280.png,283528,25bf193434ccdd3d7275392f94784c1273e4c64c0ba52e655e4f5314e5d60621
04_render_checks/cumulative_volume1_german_tail_selected/page-281.png,237238,1bd86d51a6d6da61499aced1a5d5a33086047d0a46dcac65632bf31e0580abbf
04_render_checks/cumulative_volume1_german_tail_selected/page-282.png,209039,8aa170d93474176e6b35008130fed12c663add2618199eb45e96fb1c435cf08e
04_render_checks/cumulative_volume1_german_tail_selected/page-283.png,185210,98330d4162e1b98dd74d5d5aac1eae175827e0e6da7e3116dc7f60e5f83c768c
04_render_checks/cumulative_volume1_german_tail_selected/page-284.png,192582,61e2be3869604c5c5a3a5a11f6fbde782ef1efb6c1900a9085a790f2b6716a7f
04_render_checks/cumulative_volume1_german_tail_selected/page-285.png,215148,1b2fd6f35bc99f179a53bc14984f16e248887abe716ab3f7fe47e03b76e3059d
04_render_checks/cumulative_volume1_german_tail_selected/page-286.png,209935,6b95285c570087f596c8b74a46c2976cac30db62de6d2a6e94bfad8a7f31acb3
04_render_checks/cumulative_volume1_german_tail_selected/page-287.png,159859,c7bb6f44a0b876b996df81efff268135b5ddf7bf29dce2833907c8ed5060d03f
04_render_checks/cumulative_volume1_german_tail_selected/page-288.png,215749,ea1c5c4a2c7668bfc59f91870459c6bff5972cedad95361034c70b25f90b898e
04_render_checks/cumulative_volume1_german_tail_selected/page-289.png,112083,3cee60707907a852cbce128ce79b82a0fb96ef58d51f340e166b81523269b979
04_render_checks/new_batch_english_all_pages/page-01.png,233645,2f758c88c27307e0045ec36505ed0e25b9e15b450322bf16f260f94504eb9f1a
04_render_checks/new_batch_english_all_pages/page-02.png,167337,c4286bebcaf57c49cdb7469ffc226478cdf7358c93f795f4e988d5e9d763027c
04_render_checks/new_batch_english_all_pages/page-03.png,190808,f4e510c1f14b9a2d708c0329c515344e269a974d597287a014696127c384cb01
04_render_checks/new_batch_english_all_pages/page-04.png,192950,e1c02d6e30c75de5368cdfa5fb8b2f4c285c13a3ecda1a68812ad5f4df94806c
04_render_checks/new_batch_english_all_pages/page-05.png,290786,a5a1dda1a6087f2e798454ce652f12f0c0984c4120415241b02c9565c217ebdf
04_render_checks/new_batch_english_all_pages/page-06.png,309494,d451cd382757eb0c0c191fce62bd745fb81ff38600297843ce0ef4b5266e669a
04_render_checks/new_batch_english_all_pages/page-07.png,210225,22bcb1d1835307b09401fdf49392d0d0c6a309c504ab2ad0ff1ecb652ac9db21
04_render_checks/new_batch_english_all_pages/page-08.png,217480,08324f000285270b56c5aa64a2b40a469d79bba69d5609e23215e4f68ea356b2
04_render_checks/new_batch_english_all_pages/page-09.png,207578,350995a30da6ee0da2a251aba8b8c4dc0ea45bd353cd14635baab317a1ff1275
04_render_checks/new_batch_english_all_pages/page-10.png,265171,0e57ec1e244b15ec35c2bafeecbc40576fed853fc7585446ffd7f468fe3122a7
04_render_checks/new_batch_english_all_pages/page-11.png,225955,6677d73b22e8f2bb323e16bd9fdf8065be2a57370d2fc4a658492eeb95b7c45c
04_render_checks/new_batch_english_all_pages/page-12.png,121396,79872bd6200248ee3ea8c4c57024e3046740cf1f57da42007f5da9c1f21089d1
04_render_checks/new_batch_english_contact_sheet.png,672840,2cb92158a739a6a71be81fc8355e7e3a1d0732e649dd3b2bd90dc293a8ab3497
04_render_checks/new_batch_german_all_pages/page-01.png,245458,e3136bb67777efe180c6226aace307d125f0340bfc9c13a38ee543463239bcec
04_render_checks/new_batch_german_all_pages/page-02.png,201450,c8793dc5791dd4221315da5d7a1f42c70a9913f343737f9dc618a0edd460855e
04_render_checks/new_batch_german_all_pages/page-03.png,178917,08659b09d784251ebbda5ce4fb423cd9d43684cc13dcd87efda89bff60f7fc72
04_render_checks/new_batch_german_all_pages/page-04.png,268770,688d19661330dac8bfd1a6e022a86e6fcce05f3c759d8addbf80b39964864886
04_render_checks/new_batch_german_all_pages/page-05.png,312901,07036fb37469276765e68c8677e317ea6e9886485ec9e99df4e68d0876e18732
04_render_checks/new_batch_german_all_pages/page-06.png,328717,aafd1d5e126546b00c7bb8c5361c5b5cae6b2453146d68d3305afa495f8c0cf6
04_render_checks/new_batch_german_all_pages/page-07.png,300824,9670e3c02a9ca46d5d140c746edf3bc91ea84b73c957fad2a0ada9c03c9cff47
04_render_checks/new_batch_german_all_pages/page-08.png,254607,437f85fe7e8f5eda7460ab046987e4ebdf79dd7348fae4589fd685290421cea4
04_render_checks/new_batch_german_all_pages/page-09.png,271590,802a940aec6b871602159e25969b4efdc5747c95133b8e68b01687300965abcf
04_render_checks/new_batch_german_all_pages/page-10.png,222988,aa3edea8024709243cdd864fa426b2945a11144359e678a5248a56c2d082f7e4
04_render_checks/new_batch_german_all_pages/page-11.png,221887,4e4f0813e14138fbfe2678457b4c730e94147a81d3567c561614be5f23d8020b
04_render_checks/new_batch_german_all_pages/page-12.png,278651,a7c8775032527e4dbb962d0f2ceedf82697fd9b73935293b2d648e1e9a8b4462
04_render_checks/new_batch_german_all_pages/page-13.png,236518,745d14b3a1d6f1a2c91a553bb22f3e7d01f60704037259a97b54b545aedc42d6
04_render_checks/new_batch_german_all_pages/page-14.png,223420,df78132017f5e5dda4ad28d6a4d83466f37ad62e212fe13f105dd86c28a18ecb
04_render_checks/new_batch_german_all_pages/page-15.png,244491,31fe0ce1be418a5c259ea187bcb2ba2d651b329231798d6dc079368f2892e58e
04_render_checks/new_batch_german_contact_sheet.png,960833,a5f8f026f2a48b78e5e0fbf4ddb5c57b8ecb39de3ffc14525e7608e416ef0d54
05_audit_and_manifest/BUILD_SUMMARY.json,6457,5575e1ea8f9f929848f1780b856b1cb8dee5460ef3f81461f0ae66e6a54b07ca
05_audit_and_manifest/DIRECT_CUMULATIVE_AUDIT.json,935,d0065cfda0f38427b9bdf5bc4a18d6f0815b141108cb85e8150a51ca4ff4c90d
05_audit_and_manifest/FIGURE_TABLE_AUDIT.json,448,e7938b8e3eb4563bceaeb7029d292145153a9498fd10c5d0b59a7fbe59dee61a
05_audit_and_manifest/README_BATCH52.txt,897,34709f5dab8eb9f92ece3e5e63521c0a2e5eefeb2ac6912af9a460b981292e05
